timestamp,episode,time_step,current_ep_reward,rolling_avg_reward,episode_successes,rolling_success_ratio,avg_steps_recent,avg_deviation_recent,val_success,best_val_success,policy_loss,value_loss,entropy,approx_kl,clip_fraction,oracle_bc_loss,sil_loss,update_epochs_ran,actor_lr,critic_lr,reward_factor,reward_mode,progress_metric,elapsed_sec
2026-05-16T03:57:00.714947,0,1090,-376.20627052641913,-376.20627052641913,16,0.08695652173913043,2.625,1.125,1,1,-0.005377897864673242,1.020382359623909,1.1398320496082306,0.0011227526818402105,0.0,0.0,0.0,4,9.999000000000001e-05,9.999000000000001e-05,1.0,in,l2sq,29.96430516242981
2026-05-16T03:57:23.034315,1,2194,-406.6831807646727,-391.44472564554593,21,0.10054347826086957,2.675675675675676,1.027027027027027,1,1,-0.002526806322566716,0.9923077076673508,1.1553204357624054,4.2739133414226686e-05,0.0,0.0,0.0,4,9.997500199995001e-05,9.997500199995001e-05,1.0,in,l2sq,52.28364109992981
2026-05-16T03:57:56.366167,2,3355,-400.7838266123486,-400.7838266123486,19,0.10144927536231885,2.9642857142857144,1.1071428571428572,5,5,-0.0023913478798931465,0.9724016264081001,1.1371277421712875,-0.00017227120706592158,0.0,0.0,0.0,4,9.995500799930005e-05,9.995500799930005e-05,1.0,in,l2sq,85.61530208587646
2026-05-16T03:58:19.645100,3,4489,-377.903076748786,-389.34345168056734,19,0.10190217391304347,2.8933333333333335,1.0133333333333334,5,5,-0.001419510369851218,0.9975004643201828,1.1240891814231873,0.0006055948102584585,0.0,0.0,0.0,4,9.993501799725028e-05,9.993501799725028e-05,1.0,in,l2sq,108.8944718837738
2026-05-16T03:58:44.853573,4,5559,-354.5560114219017,-354.5560114219017,20,0.10326086956521739,2.957894736842105,1.0736842105263158,4,5,-0.0018278420146089491,1.0159672796726227,1.1128512620925903,-0.00039277669857257225,0.0,0.0,0.0,4,9.992002799440073e-05,9.992002799440073e-05,1.0,in,l2sq,134.10294556617737
2026-05-16T03:59:07.739716,5,6690,-424.4843921290268,-389.5202017754642,17,0.10144927536231885,3.2589285714285716,1.2857142857142858,5,5,-0.0013695806774194352,0.9816947057843208,1.1045113801956177,-0.0007015039308498616,0.0,0.0,0.0,4,9.990504048980171e-05,9.990504048980171e-05,1.0,in,l2sq,156.9891002178192
2026-05-16T03:59:34.655564,6,7841,-391.00795375464605,-391.00795375464605,18,0.10093167701863354,3.246153846153846,1.2923076923076924,4,5,-0.0018913066611275786,0.9651333913207054,1.0962672978639603,0.0007392979773612196,0.0,0.0,0.0,4,9.988506048075416e-05,9.988506048075416e-05,1.0,in,l2sq,183.90493059158325
2026-05-16T03:59:56.542171,7,8928,-356.2486317049396,-373.62829272979286,21,0.10258152173913043,3.2980132450331126,1.3112582781456954,5,5,-0.0019849911448545643,0.9820918887853622,1.088719666004181,-0.0005188743394683101,0.0,0.0,0.0,4,9.987007797140718e-05,9.987007797140718e-05,1.0,in,l2sq,205.79154348373413
2026-05-16T04:00:27.588030,8,10011,-331.2351260707752,-331.2351260707752,22,0.10446859903381643,3.3121387283236996,1.260115606936416,7,7,-0.0017190930055222542,0.995010994374752,1.0806636065244675,0.000438602930080384,0.0,0.0,0.0,4,9.985509795906185e-05,9.985509795906185e-05,1.0,in,l2sq,236.83715915679932
2026-05-16T04:00:48.588360,9,11051,-343.7901626368139,-337.51264435379454,22,0.10597826086956522,3.282051282051282,1.2615384615384615,7,7,-0.0015937582051264165,0.9291340559720993,1.077370822429657,0.0003043780925509089,0.0,0.0,0.0,4,9.983512793802104e-05,9.983512793802104e-05,1.0,in,l2sq,257.8376863002777
2026-05-16T04:01:13.624079,10,12118,-303.83209074674267,-303.83209074674267,22,0.10721343873517787,3.33,1.21,6,7,-0.0031033040140755475,0.9756967276334763,1.0983037054538727,-0.000627258315216761,0.0,0.0,0.0,4,9.982015291843063e-05,9.982015291843063e-05,1.0,in,l2sq,282.8734803199768
2026-05-16T04:01:36.092359,11,13229,-333.4836919159987,-318.6578913313707,21,0.10778985507246377,3.445,1.24,7,7,-0.0009478950978518974,0.9828938320279121,1.099199652671814,0.00045046782197457474,0.0,0.0,0.0,4,9.980518039459364e-05,9.980518039459364e-05,1.0,in,l2sq,305.34166955947876
2026-05-16T04:02:01.555520,12,14315,-264.44311640095475,-264.44311640095475,29,0.11162207357859531,3.585,1.3,4,7,-0.0017934710558620282,0.9823964834213257,1.1093931049108505,0.00017158769624073603,0.0,0.0,0.0,4,9.978522035656652e-05,9.978522035656652e-05,1.0,in,l2sq,330.8049054145813
2026-05-16T04:02:24.699416,13,15412,-298.2487766810732,-281.345946541014,29,0.11490683229813664,3.535,1.18,7,7,-0.001363109436533616,0.9445109143853188,1.0950710475444794,-6.694992298439395e-05,0.0,0.0,0.0,4,9.976526431034742e-05,9.976526431034742e-05,1.0,in,l2sq,353.9487202167511
2026-05-16T04:02:50.318273,14,16470,-274.7693562362219,-274.7693562362219,29,0.11775362318840579,3.425,1.04,3,7,-0.0018979803164258513,0.9891390353441238,1.107238084077835,-0.0006505693250801747,0.0,0.0,0.0,4,9.97502997701265e-05,9.97502997701265e-05,1.0,in,l2sq,379.5676279067993
2026-05-16T04:03:12.664783,15,17572,-346.4305889403547,-310.5999725882883,19,0.11684782608695653,3.45,1.06,7,7,-0.0017662067373748758,0.9464304745197296,1.094890221953392,7.320765116672345e-05,0.0,0.0,0.0,4,9.973533772391248e-05,9.973533772391248e-05,1.0,in,l2sq,401.91408038139343
2026-05-16T04:03:37.038240,16,18593,-225.18756848037478,-225.18756848037478,27,0.11860613810741688,3.385,0.95,2,7,-0.0014543956127454072,0.9493857622146606,1.105848714709282,-0.0009782790235476676,0.0,0.0,0.0,4,9.971539165372108e-05,9.971539165372108e-05,1.0,in,l2sq,426.2876057624817
2026-05-16T04:03:58.803303,17,19673,-299.62258984021844,-262.4050791602966,20,0.11805555555555555,3.355,0.94,7,7,-0.0015522673842496282,0.9917485117912292,1.0942333936691284,-0.0002491828825441078,0.0,0.0,0.0,4,9.970043459427396e-05,9.970043459427396e-05,1.0,in,l2sq,448.05261850357056
2026-05-16T04:04:24.666801,18,20761,-256.5563110816876,-256.5563110816876,33,0.12128146453089245,3.385,0.94,0,7,-0.0013406902799033282,0.9715954884886742,1.0760055184364319,6.25223921815743e-05,0.0,0.0,0.0,4,9.968548002758701e-05,9.968548002758701e-05,1.0,in,l2sq,473.91616559028625
2026-05-16T04:04:47.909077,19,21917,-350.13674936595277,-303.3465302238202,19,0.1203804347826087,3.345,0.99,7,7,-0.0012724794862151723,0.92093675583601,1.091567263007164,-0.00030428763311646234,0.0,0.0,0.0,4,9.966554392843628e-05,9.966554392843628e-05,1.0,in,l2sq,497.1584267616272
2026-05-16T04:05:13.920832,20,22982,-251.91148039604724,-251.91148039604724,27,0.1233695652173913,3.25,0.94,0,7,-0.0024218291917350587,0.9610242992639542,1.0547507405281067,0.001711477621574864,0.0,0.0,0.0,4,9.965059434602333e-05,9.965059434602333e-05,1.0,in,l2sq,523.1702001094818
2026-05-16T04:05:36.286702,21,24092,-333.25445568816616,-292.5829680421067,18,0.12255434782608696,3.22,0.99,7,7,-0.0007615216092744514,0.9530040398240089,1.0605569034814835,0.0005346881902369149,0.0,0.0,0.0,4,9.96356472551244e-05,9.96356472551244e-05,1.0,in,l2sq,545.536057472229
2026-05-16T04:06:02.099682,22,25184,-266.4075573073777,-266.4075573073777,29,0.1252717391304348,3.29,0.98,0,7,-0.002105371707875614,0.9903353974223137,1.0694717168807983,-8.827226047286585e-05,0.0,0.0,0.0,4,9.961572112202985e-05,9.961572112202985e-05,1.0,in,l2sq,571.3490517139435
2026-05-16T04:06:23.296536,23,26243,-254.0788743384431,-260.24321582291043,22,0.12608695652173912,3.385,1.01,7,7,-0.0015783328759425563,0.9058677777647972,1.0660206377506256,0.0005387478180182426,0.0,0.0,0.0,4,9.959579897396266e-05,9.959579897396266e-05,1.0,in,l2sq,592.5459213256836
2026-05-16T04:06:49.564414,24,27337,-240.68271642403334,-240.68271642403334,29,0.12853260869565217,3.435,1.05,0,7,-0.0015291720599635017,1.0485784411430359,1.0725370645523071,0.0005641347517666984,0.0,0.0,0.0,4,9.958085985311852e-05,9.958085985311852e-05,1.0,in,l2sq,618.8137364387512
2026-05-16T04:07:11.539509,25,28411,-233.30663774539545,-236.9946770847144,27,0.13125,3.59,1.08,7,7,-0.0024862346137524416,0.9796512797474861,1.0341310650110245,0.0004021688539069118,0.0,0.0,0.0,4,9.956592322204485e-05,9.956592322204485e-05,1.0,in,l2sq,640.7888586521149
2026-05-16T04:07:37.421724,26,29499,-263.34737603854427,-263.34737603854427,25,0.1331521739130435,3.695,1.11,1,7,-0.0029074520440189877,0.9162649139761925,1.0180796459317207,0.00045546891014965063,0.0,0.0,0.0,4,9.954601103305968e-05,9.954601103305968e-05,1.0,in,l2sq,666.6710619926453
2026-05-16T04:07:59.986992,27,30559,-264.76743453309933,-264.0574052858218,27,0.13478260869565217,3.635,1.0,7,7,-0.0027968972979579565,1.0469895601272583,0.9879855215549469,0.0021277946478221524,0.00390625,0.0,0.0,4,9.95310793802822e-05,9.95310793802822e-05,1.0,in,l2sq,689.236279964447
2026-05-16T04:08:25.216199,28,31607,-239.83201310192558,-239.83201310192558,30,0.13695652173913042,3.715,0.91,1,7,-0.0029917278268838388,0.9337154552340508,0.9864146411418915,-0.0004197462912998162,0.0011718750174622983,0.0,0.0,4,9.951615021603055e-05,9.951615021603055e-05,1.0,in,l2sq,714.4655637741089
2026-05-16T04:08:47.612167,29,32707,-276.7209577103505,-258.276485406138,22,0.13695652173913042,3.735,0.87,7,7,-0.0014922574089724638,0.9185064285993576,0.9891564846038818,0.0004638416477973917,0.0,0.0,0.0,4,9.949624798114885e-05,9.949624798114885e-05,1.0,in,l2sq,736.8614783287048
2026-05-16T04:09:13.278286,30,33752,-217.8432123501941,-217.8432123501941,33,0.13994565217391305,3.74,0.89,2,7,-0.0022448748321040046,0.9768116921186447,0.9688133299350739,0.0006230707869690488,0.0,0.0,0.0,4,9.948132379270474e-05,9.948132379270474e-05,1.0,in,l2sq,762.5276837348938
2026-05-16T04:09:35.065200,31,34830,-286.6681439680531,-252.2556781591236,21,0.13994565217391305,3.7,0.87,7,7,-0.0032247401948552468,0.9825319945812225,0.9895570948719978,0.0005462717644605097,0.0,0.0,0.0,4,9.946640209154246e-05,9.946640209154246e-05,1.0,in,l2sq,784.314487695694
2026-05-16T04:10:01.072049,32,35922,-256.28764568888147,-256.28764568888147,22,0.13804347826086957,3.75,0.85,0,7,-0.002707704937347455,0.9649607613682747,0.9841522723436356,0.0002367166393014708,0.0015625000232830644,0.0,0.0,4,9.944650980578818e-05,9.944650980578818e-05,1.0,in,l2sq,810.3213927745819
2026-05-16T04:10:24.215118,33,37027,-235.8077360507872,-246.04769086983435,25,0.13695652173913042,3.555,0.8,7,7,-0.0030287862871773985,1.0046819597482681,1.0015486776828766,-0.00014167997633196538,0.0,0.0,0.0,4,9.943159307794602e-05,9.943159307794602e-05,1.0,in,l2sq,833.464469909668
2026-05-16T04:10:51.210344,34,38127,-270.1622719229856,-270.1622719229856,25,0.1358695652173913,3.54,0.77,0,7,-0.002896893266006506,0.9881554469466209,0.982889786362648,0.0014287828027590892,0.0003906250058207661,0.0,0.0,4,9.94166788361423e-05,9.94166788361423e-05,1.0,in,l2sq,860.4597177505493
2026-05-16T04:11:12.071102,35,39157,-213.69941213013746,-241.93084202656155,28,0.13831521739130434,3.45,0.73,7,7,-0.0030743718962185085,0.9494027495384216,0.9654026851058006,0.0015161928955421886,0.001171875002910383,0.0,0.0,4,9.939679649454187e-05,9.939679649454187e-05,1.0,in,l2sq,881.3204271793365
2026-05-16T04:11:37.862713,36,40240,-237.88079268914197,-237.88079268914197,30,0.1391304347826087,3.59,0.79,0,7,-0.0022642672149233434,0.9843059480190277,0.9542022347450256,0.0005049165716627616,0.0,0.0,0.0,4,9.938188722357209e-05,9.938188722357209e-05,1.0,in,l2sq,907.1120896339417
2026-05-16T04:11:59.225823,37,41295,-187.6989422110496,-212.78986745009578,34,0.14293478260869566,3.615,0.78,7,7,-0.002476625598501425,0.9502814561128616,0.9510266035795212,-0.0005923684209847221,0.00019531250291038305,0.0,0.0,4,9.9366980437398e-05,9.9366980437398e-05,1.0,in,l2sq,928.4752039909363
2026-05-16T04:12:25.677257,38,42398,-245.29324997638426,-245.29324997638426,26,0.14103260869565218,3.59,0.83,0,7,-0.0025820486713201696,0.9943374320864677,0.9190434440970421,0.0016902377494261607,0.00019531250291038305,0.0,0.0,4,9.934710803498032e-05,9.934710803498032e-05,1.0,in,l2sq,954.9266550540924
2026-05-16T04:12:48.458302,39,43515,-261.44651544129835,-253.36988270884132,26,0.14293478260869566,3.67,0.84,7,7,-0.0013830877855069978,0.866973415017128,0.9339072853326797,0.0030003139865584783,0.0,0.0,0.0,4,9.933220621715527e-05,9.933220621715527e-05,1.0,in,l2sq,977.7076539993286
2026-05-16T04:13:13.449835,40,44552,-221.04331478166594,-221.04331478166594,29,0.14347826086956522,3.615,0.8,2,7,-0.0021167136874282733,0.9442296624183655,0.924830861389637,0.0009701873692392962,0.0,0.0,0.0,4,9.931730688288373e-05,9.931730688288373e-05,1.0,in,l2sq,1002.6992316246033
2026-05-16T04:13:35.377507,41,45627,-173.98820585162716,-197.51576031664655,35,0.1480978260869565,3.76,0.86,7,7,-0.0021051585674285445,0.9700411185622215,0.9178401231765747,0.0012918217476908488,0.0,0.0,0.0,4,9.929744441468022e-05,9.929744441468022e-05,1.0,in,l2sq,1024.6268103122711
2026-05-16T04:14:01.065846,42,46700,-221.87957124747587,-221.87957124747587,26,0.14728260869565218,3.795,0.89,1,7,-0.003173398942453609,0.9141121506690979,0.9342589378356934,0.00013397901138889612,0.0,0.0,0.0,4,9.928255004627405e-05,9.928255004627405e-05,1.0,in,l2sq,1050.315236568451
2026-05-16T04:14:23.024705,43,47774,-199.65182514073462,-210.76569819410525,31,0.14972826086956523,3.775,0.8,7,7,-0.0020006783714052734,0.9440353885293007,0.9320875033736229,0.0017668513624812462,0.0003906250058207661,0.0,0.0,4,9.926765816017986e-05,9.926765816017986e-05,1.0,in,l2sq,1072.2740745544434
2026-05-16T04:14:48.086375,44,48810,-197.6583255081723,-197.6583255081723,21,0.14755434782608695,3.775,0.84,2,7,-0.0028885647858259977,0.9777718186378479,0.94636370241642,0.00018069046714114245,0.0029296875,0.0,0.0,4,9.924780562122441e-05,9.924780562122441e-05,1.0,in,l2sq,1097.335727930069
2026-05-16T04:15:10.461284,45,49904,-198.4181164648412,-198.03822098650676,22,0.14619565217391303,3.775,0.73,7,7,-0.002677012974163784,1.0010942667722702,0.9406273365020752,0.0012732114322716315,0.0003906250058207661,0.0,0.0,4,9.923291869851315e-05,9.923291869851315e-05,1.0,in,l2sq,1119.7106583118439
2026-05-16T04:15:36.241423,46,50982,-224.3417400139272,-224.3417400139272,27,0.14673913043478262,3.895,0.86,1,7,-0.0032902868668316376,0.9800882190465927,0.9368733838200569,0.002933289519569393,0.0007812500116415322,0.0,0.0,4,9.921803425687298e-05,9.921803425687298e-05,1.0,in,l2sq,1145.4907751083374
2026-05-16T04:15:58.790595,47,52094,-257.90144060614944,-241.1215903100383,24,0.14592391304347826,3.885,0.87,7,7,-0.002605485203093838,1.0144859701395035,0.9407196566462517,0.0017875144108984442,0.002539062552386895,0.0,0.0,4,9.919819164220195e-05,9.919819164220195e-05,1.0,in,l2sq,1168.0399582386017
2026-05-16T04:16:24.436414,48,53137,-216.2288315297044,-216.2288315297044,24,0.14429347826086958,3.905,0.9,0,7,-0.0036185909644698144,0.9447387009859085,0.9204567894339561,-0.00024595957420386894,0.002734375069849193,0.0,0.0,4,9.917835299585544e-05,9.917835299585544e-05,1.0,in,l2sq,1193.6857843399048
2026-05-16T04:16:47.004782,49,54205,-190.37899500689667,-203.30391326830053,18,0.14320652173913043,3.955,0.88,7,7,-0.0024359687871765567,1.0102683901786804,0.9243171364068985,0.0009935130197846198,0.0007812500116415322,0.0,0.0,4,9.916347649086434e-05,9.916347649086434e-05,1.0,in,l2sq,1216.2540769577026
2026-05-16T04:17:15.419348,50,55315,-246.55302151343952,-246.55302151343952,20,0.13967391304347826,4.05,0.9,0,7,-0.001917384250191445,0.9607425257563591,0.9224275052547455,0.00046957492486399827,0.0,0.0,0.0,4,9.91486024652081e-05,9.91486024652081e-05,1.0,in,l2sq,1244.6686744689941
2026-05-16T04:17:37.612558,51,56415,-193.76965251478322,-220.16133701411138,27,0.14130434782608695,4.1,1.01,7,7,-0.0020602684759069567,0.9560631588101387,0.8959351480007172,0.0014510869574678505,0.0003906250058207661,0.0,0.0,4,9.912877373620108e-05,9.912877373620108e-05,1.0,in,l2sq,1266.8618640899658
2026-05-16T04:18:02.623205,52,57455,-229.74427496228859,-229.74427496228859,23,0.14157608695652174,4.17,1.06,0,7,-0.0021241486479993688,0.959704726934433,0.9032282680273056,0.0007393417174171302,0.0,0.0,0.0,4,9.911390466797497e-05,9.911390466797497e-05,1.0,in,l2sq,1291.8725764751434
2026-05-16T04:18:25.431158,53,58579,-186.97104597685728,-208.35766046957292,29,0.14266304347826086,4.165,1.07,7,7,-0.003109556446725059,0.980583094060421,0.912063792347908,-0.0002510287406039119,0.005859375189174898,0.0,0.0,4,9.90990380778443e-05,9.90990380778443e-05,1.0,in,l2sq,1314.6804728507996
2026-05-16T04:18:52.182118,54,59705,-206.11318540062248,-206.11318540062248,23,0.1421195652173913,4.18,1.03,1,7,-0.0022349529215716646,0.9481125250458717,0.8960934579372406,-0.0005208635400776908,0.0,0.0,0.0,4,9.907921926121912e-05,9.907921926121912e-05,1.0,in,l2sq,1341.431479215622
2026-05-16T04:19:13.691780,55,60769,-175.38420737795025,-190.74869638928635,32,0.14320652173913043,4.305,0.97,7,7,-0.0011028260050807148,0.9473449289798737,0.8972373157739639,-0.0007967310608364558,0.0,0.0,0.0,4,9.906435762604037e-05,9.906435762604037e-05,1.0,in,l2sq,1362.9411375522614
2026-05-16T04:19:38.263849,56,61793,-178.89703499687224,-178.89703499687224,31,0.14347826086956522,4.21,0.9,1,7,-0.0020722473214845882,0.9854803457856178,0.8828308284282684,0.0005702431216832449,0.0,0.0,0.0,4,9.904949846771825e-05,9.904949846771825e-05,1.0,in,l2sq,1387.5132188796997
2026-05-16T04:19:59.168199,57,62819,-171.78691219254316,-175.3419735947077,27,0.14157608695652174,4.11,0.84,7,7,-0.0032732548512285353,0.963336244225502,0.8911498636007309,-0.00018094394481521503,0.003710937569849193,0.0,0.0,4,9.902968955851969e-05,9.902968955851969e-05,1.0,in,l2sq,1408.4175679683685
2026-05-16T04:20:25.038522,58,63904,-199.24590073204294,-199.24590073204294,26,0.14157608695652174,3.945,0.71,0,7,-0.001041642232303186,0.9655114263296127,0.8594233095645905,-0.0011723579300451092,0.0,0.0,0.0,4,9.901483535267252e-05,9.901483535267252e-05,1.0,in,l2sq,1434.2878839969635
2026-05-16T04:20:45.858626,59,64923,-169.9754142114669,-184.6106574717549,32,0.14320652173913043,3.805,0.64,7,7,-0.002541380394541215,1.0281871557235718,0.858728364109993,0.0014954393955122283,0.0,0.0,0.0,4,9.899998362244381e-05,9.899998362244381e-05,1.0,in,l2sq,1455.107919216156
2026-05-16T04:21:11.761182,60,66022,-121.23809460880877,-121.23809460880877,38,0.14565217391304347,3.98,0.61,2,7,-0.0036603855900466664,0.919248603284359,0.8814472854137421,0.001047613333867048,0.004492187523283064,0.0,0.0,4,9.898018461571916e-05,9.898018461571916e-05,1.0,in,l2sq,1481.010540485382
2026-05-16T04:21:32.459667,61,67055,-126.70326178969944,-123.97067819925411,39,0.14673913043478262,3.855,0.62,7,7,-0.003976050869096026,0.992807999253273,0.8667297214269638,0.0013106499551213124,0.01132812537252903,0.0,0.0,4,9.896533783548964e-05,9.896533783548964e-05,1.0,in,l2sq,1501.7089459896088
2026-05-16T04:21:57.943709,62,68087,-151.45453242939956,-151.45453242939956,32,0.1483695652173913,3.84,0.63,2,7,-0.001579811477495252,0.966715395450592,0.8605995029211044,0.0005830902140587513,0.0,0.0,0.0,4,9.8950493529641e-05,9.8950493529641e-05,1.0,in,l2sq,1527.193032503128
2026-05-16T04:22:21.414765,63,69222,-196.06351271907013,-173.75902257423485,22,0.14592391304347826,3.98,0.66,7,7,-0.002208339112985458,0.9495066255331039,0.8418691232800484,-0.0001065327129253996,0.0,0.0,0.0,4,9.893070442044003e-05,9.893070442044003e-05,1.0,in,l2sq,1550.6640634536743
2026-05-16T04:22:48.365074,64,70324,-202.4090267432683,-202.4090267432683,26,0.14728260869565218,4.14,0.69,3,7,-0.0033183039573486672,0.9568439573049545,0.8223345279693604,0.001392563704575911,0.0,0.0,0.0,4,9.89158650621161e-05,9.89158650621161e-05,1.0,in,l2sq,1577.6144273281097
2026-05-16T04:23:11.415764,65,71425,-178.04906810598828,-190.22904742462828,28,0.14891304347826087,4.385,0.71,7,7,-0.003221824089996439,0.9871963188052177,0.8296210020780563,0.002532419426279381,0.001953125,0.0,0.0,4,9.89010281769361e-05,9.89010281769361e-05,1.0,in,l2sq,1600.6651287078857
2026-05-16T04:23:36.681129,66,72481,-185.85672981676723,-185.85672981676723,23,0.14782608695652175,4.46,0.78,1,7,-0.0020569428890667707,0.9855168983340263,0.832508035004139,0.0007396296845399997,0.0005859375087311491,0.0,0.0,4,9.8881248960311e-05,9.8881248960311e-05,1.0,in,l2sq,1625.9304947853088
2026-05-16T04:23:58.491454,67,73548,-146.6206352299729,-166.23868252337007,35,0.15081521739130435,4.29,0.76,7,7,-0.00230817496194502,1.025619626045227,0.8652324080467224,-0.0003884506470058155,0.0007812500116415322,0.0,0.0,4,9.886641702018244e-05,9.886641702018244e-05,1.0,in,l2sq,1647.740801334381
2026-05-16T04:24:25.261500,68,74617,-137.2834582863823,-137.2834582863823,30,0.15244565217391304,4.365,0.72,4,7,-0.002383062808075931,0.9343118667602539,0.8347963616251945,0.00035337872068340326,0.00019531250291038305,0.0,0.0,4,9.885158755196149e-05,9.885158755196149e-05,1.0,in,l2sq,1674.5108451843262
2026-05-16T04:24:47.305697,69,75645,-163.6999736008049,-150.4917159435936,29,0.15543478260869564,4.41,0.72,7,7,-0.002773671616159823,0.9897387400269508,0.8202153444290161,0.0007178162056334612,0.0007812500116415322,0.0,0.0,4,9.883181822296698e-05,9.883181822296698e-05,1.0,in,l2sq,1696.5550601482391
2026-05-16T04:25:11.499832,70,76656,-107.07909572362404,-107.07909572362404,37,0.16005434782608696,4.21,0.74,4,7,-0.0016413912817370147,0.9691602736711502,0.8082855492830276,-0.0015705286306910704,0.00390625,0.0,0.0,4,9.881699369732543e-05,9.881699369732543e-05,1.0,in,l2sq,1720.7491974830627
2026-05-16T04:25:33.221760,71,77728,-154.99881494335108,-131.03895533348756,33,0.16168478260869565,4.095,0.7,7,7,-0.0018650047757545751,0.9808624610304832,0.7883116453886032,3.1399967701864484e-05,0.0,0.0,0.0,4,9.880217164235581e-05,9.880217164235581e-05,1.0,in,l2sq,1742.4711520671844
2026-05-16T04:25:58.786536,72,78802,-139.68389718274037,-139.68389718274037,27,0.16277173913043477,4.015,0.59,1,7,-0.002761276665842166,0.943072959780693,0.8076113015413284,0.0016753502830397365,0.006054687779396772,0.0,0.0,4,9.878241219604905e-05,9.878241219604905e-05,1.0,in,l2sq,1768.0359268188477
2026-05-16T04:26:20.296260,73,79868,-133.17096218600136,-136.42742968437085,32,0.16358695652173913,4.095,0.56,7,7,-0.0020570956461597456,0.9607989192008972,0.7626302242279053,-0.00027785128404500536,0.0,0.0,0.0,4,9.876759508118803e-05,9.876759508118803e-05,1.0,in,l2sq,1789.5456008911133
2026-05-16T04:26:46.560343,74,80981,-136.89561149494114,-136.89561149494114,27,0.16467391304347825,4.16,0.54,3,7,-0.0033579100389034,0.959646075963974,0.7968809306621552,0.0009184331815959013,0.0,0.0,0.0,4,9.875278043576383e-05,9.875278043576383e-05,1.0,in,l2sq,1815.8097376823425
2026-05-16T04:27:07.905402,75,82040,-150.14807295593397,-143.52184222543755,34,0.16521739130434782,4.175,0.47,7,7,-0.0019147508661263024,0.9045347273349762,0.7908680140972137,0.0009120406586589393,0.0,0.0,0.0,4,9.87330308672045e-05,9.87330308672045e-05,1.0,in,l2sq,1837.1547257900238
2026-05-16T04:27:33.677759,76,83127,-136.380004629858,-136.380004629858,38,0.1671195652173913,4.295,0.47,3,7,-0.003043118125060529,0.9450354278087616,0.762921541929245,-0.00031799954595040925,0.0007812500116415322,0.0,0.0,4,9.871822115941934e-05,9.871822115941934e-05,1.0,in,l2sq,1862.9271490573883
2026-05-16T04:27:54.679070,77,84168,-111.92034194639588,-124.15017328812695,43,0.17146739130434782,4.405,0.39,7,7,-0.002418881306948617,0.9955745711922646,0.7706329375505447,0.0011698307127517293,0.001953125,0.0,0.0,4,9.870341391983654e-05,9.870341391983654e-05,1.0,in,l2sq,1883.92844247818
2026-05-16T04:28:25.350954,78,85229,-83.85545018268151,-83.85545018268151,46,0.17690217391304347,4.395,0.42,7,7,-0.0023912504948384594,0.9877339452505112,0.7801325991749763,0.0008227960793192463,0.00019531250291038305,0.0,0.0,4,9.868367422408671e-05,9.868367422408671e-05,1.0,in,l2sq,1914.6000998020172
2026-05-16T04:28:46.401615,79,86270,-83.6751225478452,-83.76528636526336,30,0.1763586956521739,4.44,0.38,7,7,-0.002942291280487286,0.9631757289171219,0.7540842145681381,0.0029912517289630847,0.0031250000465661287,0.0,0.0,4,9.866887191967462e-05,9.866887191967462e-05,1.0,in,l2sq,1935.6509988307953
2026-05-16T04:29:18.083811,80,87358,-84.38072377204908,-84.38072377204908,41,0.17717391304347826,4.695,0.42,8,8,-0.003754452608700276,0.9694760367274284,0.7573965042829514,0.0009453532249608099,0.0039062499563442543,0.0,0.0,4,9.865407208223103e-05,9.865407208223103e-05,1.0,in,l2sq,1967.332968711853
2026-05-16T04:29:40.474107,81,88467,-158.15162488158057,-121.26617432681482,28,0.17418478260869566,4.67,0.41,8,8,-0.001996153280197255,0.9619133695960045,0.7873978912830353,0.0013047749591351132,0.0007812500116415322,0.0,0.0,4,9.863434225435531e-05,9.863434225435531e-05,1.0,in,l2sq,1989.7234749794006
2026-05-16T04:30:11.611161,82,89548,-101.15928904856763,-101.15928904856763,38,0.17581521739130435,4.705,0.43,10,10,-0.003473013656912327,0.9438418298959732,0.7659611999988556,0.0009139134330325982,0.0,0.0,0.0,4,9.861954734961534e-05,9.861954734961534e-05,1.0,in,l2sq,2020.8603773117065
2026-05-16T04:30:31.977671,83,90556,-67.93542381992447,-84.54735643424604,41,0.18097826086956523,4.59,0.31,10,10,-0.0026305154417059634,0.9809205755591393,0.7399471402168274,-9.107470282290753e-05,0.0009765625145519152,0.0,0.0,4,9.860475491061063e-05,9.860475491061063e-05,1.0,in,l2sq,2041.2270112037659
2026-05-16T04:31:04.729202,84,91666,-59.166516852195166,-59.166516852195166,48,0.18695652173913044,4.62,0.34,12,12,-0.0017384257356752864,1.0182389318943024,0.76884326338768,0.00026261004750268574,0.0,0.0,0.0,4,9.858503494567607e-05,9.858503494567607e-05,1.0,in,l2sq,2073.978376150131
2026-05-16T04:31:28.120465,85,92754,-93.41116094450918,-76.28883889835217,41,0.1904891304347826,4.705,0.34,12,12,-0.0034467481949832235,0.9524200111627579,0.703898012638092,-8.390614602837854e-05,0.0003906250058207661,0.0,0.0,4,9.857024743690914e-05,9.857024743690914e-05,1.0,in,l2sq,2097.369832277298
2026-05-16T04:32:00.170146,86,93801,-88.14762450016045,-88.14762450016045,49,0.19755434782608697,4.705,0.35,13,13,-0.0022255480893363933,0.9797752648591995,0.7173740193247795,0.0009727983800985329,0.00019531250291038305,0.0,0.0,4,9.855546239264485e-05,9.855546239264485e-05,1.0,in,l2sq,2129.4192674160004
2026-05-16T04:32:23.264025,87,94886,-108.83810510029659,-98.49286480022852,39,0.1986413043478261,4.8,0.43,13,13,-0.0027941171385463814,0.9643642231822014,0.6939627081155777,0.0001666756132181202,0.0003906250058207661,0.0,0.0,4,9.853575228572095e-05,9.853575228572095e-05,1.0,in,l2sq,2152.5133984088898
2026-05-16T04:32:54.459653,88,95903,-95.77463348672046,-95.77463348672046,27,0.19782608695652174,4.78,0.47,13,13,-0.003468725160928443,0.9872556924819946,0.7032496482133865,-0.0005927838356001303,0.005859374912688509,0.0,0.0,4,9.852097216922979e-05,9.852097216922979e-05,1.0,in,l2sq,2183.7087666988373
2026-05-16T04:33:14.913503,89,96920,-79.81448595207438,-87.79455971939743,40,0.20081521739130434,4.65,0.42,13,13,-0.0023252964849236335,0.9722926542162895,0.6738075613975525,0.0007387430650851595,0.0005859375232830644,0.0,0.0,4,9.850619451600928e-05,9.850619451600928e-05,1.0,in,l2sq,2204.1628363132477
2026-05-16T04:33:40.084250,90,98002,-30.99154002081867,-30.99154002081867,50,0.20434782608695654,4.64,0.43,11,13,-0.004532599000958731,0.9599660336971283,0.6805388629436493,0.0007413247017211775,0.014257812639698386,0.0,0.0,4,9.848649426216802e-05,9.848649426216802e-05,1.0,in,l2sq,2229.333648443222
2026-05-16T04:34:01.107635,91,99048,-145.51406519933548,-88.25280261007707,31,0.20380434782608695,4.6,0.4,13,13,-0.002386704829405062,0.9397137314081192,0.6905410438776016,0.00012184637198520143,0.0054687499068677425,0.0,0.0,4,9.847172153425725e-05,9.847172153425725e-05,1.0,in,l2sq,2250.3569326400757
2026-05-16T04:34:27.247916,92,100174,-131.95307889352515,-131.95307889352515,39,0.20706521739130435,4.48,0.32,11,13,-0.0024727363866986485,0.9875448346138,0.6656482964754105,0.0003869233855766721,0.0015625000232830644,0.0,0.0,4,9.845695126838573e-05,9.845695126838573e-05,1.0,in,l2sq,2276.4973125457764
2026-05-16T04:34:49.117703,93,101260,-76.1125652511542,-104.03282207233967,45,0.2105978260869565,4.595,0.31,13,13,-0.00304041644267275,0.9722826704382896,0.6794768124818802,-0.00012385526206343256,0.0033203125494765118,0.0,0.0,4,9.843726086270156e-05,9.843726086270156e-05,1.0,in,l2sq,2298.3670814037323
2026-05-16T04:35:14.520101,94,102338,-140.09957902855442,-140.09957902855442,34,0.2125,4.675,0.33,8,13,-0.0015578046601149032,1.0256023705005646,0.6723888963460922,0.0017591474141227526,0.0011718750465661287,0.0,0.0,4,9.842249551967762e-05,9.842249551967762e-05,1.0,in,l2sq,2323.7695055007935
2026-05-16T04:35:37.872451,95,103482,-112.06867151031398,-126.0841252694342,39,0.2138586956521739,4.665,0.32,13,13,-0.0024267040833364784,0.9504693076014519,0.6539753302931786,0.0014322231119876933,0.00019531250291038305,0.0,0.0,4,9.840773263746215e-05,9.840773263746215e-05,1.0,in,l2sq,2347.121810913086
2026-05-16T04:36:03.787970,96,104593,-125.1994378735151,-125.1994378735151,36,0.21331521739130435,4.7,0.31,12,13,-0.0027463481157610214,0.9270546063780785,0.6664484813809395,0.0005127785840158827,0.004296875049476512,0.0,0.0,4,9.838805207501198e-05,9.838805207501198e-05,1.0,in,l2sq,2373.0373599529266
2026-05-16T04:36:25.156370,97,105648,-54.74310086468107,-89.97126936909808,45,0.2138586956521739,4.8,0.34,13,13,-0.0024399236412137038,0.9880946800112724,0.626976415514946,0.0008718023846085998,0.0,0.0,0.0,4,9.83683754484775e-05,9.83683754484775e-05,1.0,in,l2sq,2394.405739068985
2026-05-16T04:36:56.572931,98,106730,-43.36058384608987,-43.36058384608987,49,0.21467391304347827,4.82,0.34,13,13,-0.002241214396781266,0.9698066413402557,0.6001570075750351,0.0008647246711916412,0.0,0.0,0.0,4,9.835362043809348e-05,9.835362043809348e-05,1.0,in,l2sq,2425.8222172260284
2026-05-16T04:37:16.385262,99,107707,-88.679260657733,-66.01992225191142,42,0.21793478260869564,4.81,0.36,13,13,-0.004135621088789787,0.9985138326883316,0.6380099505186081,0.00024457552281091643,0.011523437759024091,0.0,0.0,4,9.833886788679586e-05,9.833886788679586e-05,1.0,in,l2sq,2445.6346061229706
2026-05-16T04:37:49.175611,100,108746,-127.57090646516046,-127.57090646516046,40,0.21766304347826088,4.78,0.37,13,13,-0.0035519347642547494,0.9820275008678436,0.6495465487241745,0.004822348594825599,0.023828126024454832,0.0,0.0,4,9.83241173024723e-05,9.83241173024723e-05,1.0,in,l2sq,2478.4249510765076
2026-05-16T04:38:10.881046,101,109815,-97.01575887109357,-112.29333266812702,52,0.22418478260869565,5.025,0.32,13,13,-0.002436026440045591,0.9879838675260544,0.5866197794675827,0.000738803569436175,0.0007812500116415322,0.0,0.0,4,9.830936917649752e-05,9.830936917649752e-05,1.0,in,l2sq,2500.1303782463074
2026-05-16T04:38:43.485006,102,110905,-92.24353548516592,-92.24353548516592,53,0.22826086956521738,5.0,0.28,13,13,-0.002548258386377761,0.9682244509458542,0.6100111082196236,-0.0009015816012833966,0.0,0.0,0.0,4,9.82897082857559e-05,9.82897082857559e-05,1.0,in,l2sq,2532.7342200279236
2026-05-16T04:39:04.442561,103,111946,-128.9510254386119,-110.59728046188891,38,0.22744565217391305,5.09,0.25,13,13,-0.002358306956011802,0.9307795017957687,0.6443093419075012,0.0008961395582446352,0.0,0.0,0.0,4,9.827496507524959e-05,9.827496507524959e-05,1.0,in,l2sq,2553.6919026374817
2026-05-16T04:39:36.802558,104,112996,-108.64120271559567,-108.64120271559567,49,0.22771739130434782,5.12,0.26,14,14,-0.0031411490082973725,0.9558972269296646,0.607578456401825,0.00013765410640189518,0.002148437502910383,0.0,0.0,4,9.826022432186314e-05,9.826022432186314e-05,1.0,in,l2sq,2586.051866054535
2026-05-16T04:39:59.004629,105,114038,-85.21075192604727,-96.92597732082146,46,0.22907608695652174,5.145,0.36,14,14,-0.0031184800289338344,0.9615901559591293,0.5915497466921806,0.0014499833360787362,0.0037109374679857865,0.0,0.0,4,9.824057325960101e-05,9.824057325960101e-05,1.0,in,l2sq,2608.2539114952087
2026-05-16T04:40:23.729338,106,115050,-43.791623854302,-43.791623854302,47,0.22853260869565217,4.91,0.38,12,14,-0.004230613278923545,0.9855040162801743,0.5669287294149399,-0.000415673393581506,0.001953125,0.0,0.0,4,9.822583741922579e-05,9.822583741922579e-05,1.0,in,l2sq,2632.9786825180054
2026-05-16T04:40:46.409647,107,116129,-129.23015893871099,-86.5108913965065,35,0.22744565217391305,4.985,0.4,14,14,-0.0024481991582432916,0.9692069292068481,0.587110199034214,0.0013463791182857787,0.005273437796859071,0.0,0.0,4,9.82111040347421e-05,9.82111040347421e-05,1.0,in,l2sq,2655.6589596271515
2026-05-16T04:41:18.862117,108,117197,-103.36076636832978,-103.36076636832978,43,0.23179347826086957,5.095,0.46,15,15,-0.003640323597937839,1.0246287137269974,0.5686637908220291,0.002749578797192953,0.008789062514551915,0.0,0.0,4,9.819146279604619e-05,9.819146279604619e-05,1.0,in,l2sq,2688.111128807068
2026-05-16T04:41:41.304115,109,118252,-79.50461785195284,-91.43269211014132,51,0.23478260869565218,5.14,0.45,15,15,-0.0007291853486094402,0.9897266179323196,0.5781479924917221,3.2434690737659366e-05,0.0,0.0,0.0,4,9.817673432211771e-05,9.817673432211771e-05,1.0,in,l2sq,2710.5534620285034
2026-05-16T04:42:07.409525,110,119315,-64.33111355122688,-64.33111355122688,45,0.23342391304347826,5.015,0.37,14,15,-0.002680888857867103,0.984351322054863,0.571892574429512,0.0005679439500455019,0.0007812500261934474,0.0,0.0,4,9.816200830285306e-05,9.816200830285306e-05,1.0,in,l2sq,2736.658875465393
2026-05-16T04:42:30.063190,111,120383,-42.75382830037181,-53.54247092579934,48,0.23804347826086958,5.27,0.44,15,15,-0.003208673029439557,0.9553649947047234,0.5868418887257576,0.0018808229435307994,0.0031249999592546374,0.0,0.0,4,9.814237688281258e-05,9.814237688281258e-05,1.0,in,l2sq,2759.312553882599
2026-05-16T04:43:01.731925,112,121441,-55.37717195312203,-55.37717195312203,49,0.2407608695652174,5.305,0.34,15,15,-0.001775181316776342,0.9826711267232895,0.5660649538040161,0.0004627302703738567,0.0,0.0,0.0,4,9.812765577164837e-05,9.812765577164837e-05,1.0,in,l2sq,2790.9812643527985
2026-05-16T04:43:23.290580,113,122485,-69.98653062498099,-62.68185128905151,42,0.23994565217391303,5.255,0.38,15,15,-0.002621282305335537,0.9767831712961197,0.5741920098662376,0.0008866009058692836,0.0,0.0,0.0,4,9.811293711392091e-05,9.811293711392091e-05,1.0,in,l2sq,2812.5398981571198
2026-05-16T04:43:48.033329,114,123552,-61.11219089417914,-61.11219089417914,46,0.24320652173913043,5.32,0.39,12,15,-0.002830803941469645,0.9592939168214798,0.6020042821764946,0.0008079322091361918,0.0005859375087311491,0.0,0.0,4,9.80933155076275e-05,9.80933155076275e-05,1.0,in,l2sq,2837.28270983696
2026-05-16T04:44:09.662766,115,124630,-88.9473504373258,-75.02977066575247,45,0.24483695652173912,5.185,0.39,15,15,-0.004713807208463372,0.9796766042709351,0.5625969767570496,-0.0005871310484508174,0.005078125279396772,0.0,0.0,4,9.80786017555469e-05,9.80786017555469e-05,1.0,in,l2sq,2858.9121487140656
2026-05-16T04:44:35.184215,116,125741,-98.86318086708104,-98.86318086708104,44,0.2470108695652174,5.035,0.38,13,15,-0.0021576546660070917,0.9976229146122932,0.5924259051680565,0.0019577261364247395,0.0015625000523868948,0.0,0.0,4,9.806389045567657e-05,9.806389045567657e-05,1.0,in,l2sq,2884.433585882187
2026-05-16T04:44:57.557873,117,126857,-45.1512653092867,-72.00722308818388,43,0.24646739130434783,5.16,0.37,15,15,-0.0023688335626502743,0.9410069659352303,0.5674557909369469,0.0012824157622162366,0.003710937569849193,0.0,0.0,4,9.804427865822436e-05,9.804427865822436e-05,1.0,in,l2sq,2906.807250738144
2026-05-16T04:45:21.437181,118,127880,-85.26033994500845,-85.26033994500845,37,0.24320652173913043,4.925,0.31,9,15,-0.002333206753246664,0.9470261484384537,0.5844817757606506,0.0006897545594256038,0.0003906250058207661,0.0,0.0,4,9.802957226154857e-05,9.802957226154857e-05,1.0,in,l2sq,2930.6865367889404
2026-05-16T04:45:43.035979,119,128961,-90.29903387339417,-87.7796869092013,40,0.24266304347826087,4.82,0.27,15,15,-0.003114773202105417,0.9586930125951767,0.592267207801342,2.9335000181159032e-05,0.0009765625,0.0,0.0,4,9.801486831585719e-05,9.801486831585719e-05,1.0,in,l2sq,2952.285336256027
2026-05-16T04:46:08.272969,120,130045,-64.0909291118186,-64.0909291118186,49,0.2451086956521739,4.87,0.3,7,15,-0.0031922112997562757,0.9852313175797462,0.572772204875946,0.0010782045769701515,0.009570312686264515,0.0,0.0,4,9.79952663223427e-05,9.79952663223427e-05,1.0,in,l2sq,2977.522365808487
2026-05-16T04:46:29.865149,121,131120,-11.522029371510087,-37.80647924166434,52,0.2451086956521739,5.05,0.31,15,15,-0.00376287626568228,0.9737979769706726,0.569023609161377,0.0032729494349041377,0.011328124819556251,0.0,0.0,4,9.798056727739478e-05,9.798056727739478e-05,1.0,in,l2sq,2999.1144695281982
2026-05-16T04:46:55.471054,122,132157,-45.14179757725477,-45.14179757725477,46,0.24320652173913043,4.995,0.32,9,15,-0.00324018138635436,0.9381456822156906,0.5941266268491745,0.0012982015472517427,0.0029296875145519152,0.0,0.0,4,9.796587068220601e-05,9.796587068220601e-05,1.0,in,l2sq,3024.7204349040985
2026-05-16T04:47:18.837654,123,133258,-102.7734742197719,-73.95763589851333,42,0.24429347826086956,5.155,0.39,15,15,-0.0027109564165583855,0.9685034677386284,0.5852000936865807,0.0002858300013940662,0.0005859375087311491,0.0,0.0,4,9.794627848772828e-05,9.794627848772828e-05,1.0,in,l2sq,3048.087023496628
2026-05-16T04:47:44.363326,124,134289,-45.03073851266268,-45.03073851266268,50,0.24456521739130435,5.03,0.34,9,15,-0.0016199842677906418,0.8673451542854309,0.5699602663516998,0.0015302322084607967,0.0,0.0,0.0,4,9.793158679083305e-05,9.793158679083305e-05,1.0,in,l2sq,3073.61265873909
2026-05-16T04:48:06.954740,125,135369,-87.48863243468111,-66.2596854736719,41,0.24320652173913043,4.84,0.26,15,15,-0.0029286891425727157,0.9356826096773148,0.5796305313706398,0.0002937415010819677,0.005468750023283064,0.0,0.0,4,9.791689754247237e-05,9.791689754247237e-05,1.0,in,l2sq,3096.2041244506836
2026-05-16T04:48:31.919189,126,136451,-45.3157244768268,-45.3157244768268,53,0.24483695652173912,5.135,0.3,10,15,-0.003101558661728676,0.9264061152935028,0.5578901842236519,0.0010928164627330011,0.0029296876018634066,0.0,0.0,4,9.789731514213285e-05,9.789731514213285e-05,1.0,in,l2sq,3121.16855096817
2026-05-16T04:48:53.286354,127,137523,-73.33623454549921,-59.325979511163005,46,0.24782608695652175,5.11,0.34,15,15,-0.004585114191286266,0.9793941676616669,0.5677708685398102,0.0024535409669624725,0.03359375149011612,0.0,0.0,4,9.788263078961706e-05,9.788263078961706e-05,1.0,in,l2sq,3142.535726070404
2026-05-16T04:49:17.550255,128,138531,-67.0962272874541,-67.0962272874541,40,0.2470108695652174,4.93,0.3,8,15,-0.0022881143406266458,0.9160413518548012,0.5457715019583702,0.0009903786042514164,0.0027343751426087692,0.0,0.0,4,9.786794888441176e-05,9.786794888441176e-05,1.0,in,l2sq,3166.7995731830597
2026-05-16T04:49:39.989238,129,139580,-14.16867941264575,-40.63245335004992,50,0.2467391304347826,5.225,0.36,15,15,-0.0032878124300622646,0.9682821109890938,0.5584298446774483,-0.0002702525734094019,0.006445312857977115,0.0,0.0,4,9.784837627331439e-05,9.784837627331439e-05,1.0,in,l2sq,3189.238541841507
2026-05-16T04:50:05.923271,130,140638,-30.315127576430733,-30.315127576430733,50,0.24809782608695652,5.09,0.3,10,15,-0.005826294596772641,0.9676802456378937,0.5405334532260895,0.004450723683476099,0.01914062607102096,0.0,0.0,4,9.783369926150656e-05,9.783369926150656e-05,1.0,in,l2sq,3215.1726200580597
2026-05-16T04:50:26.939009,131,141665,-23.417185124330434,-26.866156350380585,46,0.24755434782608696,5.05,0.27,15,15,-0.0013709023594855596,0.9854299053549767,0.5538238734006882,-0.00109014141371519,0.005859374883584678,0.0,0.0,4,9.781902469578584e-05,9.781902469578584e-05,1.0,in,l2sq,3236.188301563263
2026-05-16T04:50:52.150008,132,142736,-62.91091218653815,-62.91091218653815,41,0.2453804347826087,5.24,0.28,12,15,-0.003680993168381941,0.9301872104406357,0.5671980530023575,0.0035019642597035328,0.021289063268341124,0.0,0.0,4,9.779946186903694e-05,9.779946186903694e-05,1.0,in,l2sq,3261.399369239807
2026-05-16T04:51:13.550290,133,143787,-2.0638823796710746,-32.48739728310461,54,0.24864130434782608,5.02,0.23,15,15,-0.0019212573548430534,0.9261679202318192,0.5534793585538864,-0.00030243990668168963,0.0003906250058207661,0.0,0.0,4,9.778479219426746e-05,9.778479219426746e-05,1.0,in,l2sq,3282.7996215820312
2026-05-16T04:51:38.824098,134,144863,-3.637488573442039,-3.637488573442039,48,0.24918478260869564,5.03,0.23,12,15,-0.0025201343014487065,0.9188126996159554,0.5454390197992325,5.831134121763587e-05,0.0003906250058207661,0.0,0.0,4,9.777012496436228e-05,9.777012496436228e-05,1.0,in,l2sq,3308.0735034942627
2026-05-16T04:51:59.837170,135,145896,0.45975212704376833,-1.5888682231991353,46,0.24945652173913044,5.165,0.25,15,15,-0.0029915615799835926,0.9805067032575607,0.5221019089221954,0.002077560643010651,0.0,0.0,0.0,4,9.775545969005516e-05,9.775545969005516e-05,1.0,in,l2sq,3329.0865292549133
2026-05-16T04:52:26.098419,136,147015,-15.329535284809902,-15.329535284809902,52,0.2516304347826087,5.175,0.31,12,15,-0.0023597151732246413,0.917062908411026,0.5098202973604202,0.0010806056118554223,0.003320312505820766,0.0,0.0,4,9.774079685987895e-05,9.774079685987895e-05,1.0,in,l2sq,3355.347677230835
2026-05-16T04:52:47.967822,137,148072,-69.8293548887597,-42.5794450867848,43,0.2516304347826087,5.32,0.42,15,15,-0.0035359215020436263,0.8954465687274933,0.5267515480518341,-0.00038863591933022135,0.0007812500261934474,0.0,0.0,4,9.772124967791495e-05,9.772124967791495e-05,1.0,in,l2sq,3377.217188835144
2026-05-16T04:53:13.398399,138,149155,-2.8503771606859125,-2.8503771606859125,54,0.25625,5.325,0.4,11,15,-0.0015956983712385187,0.9281943887472153,0.5258401483297348,-0.0003091946109634591,0.00019531250291038305,0.0,0.0,4,9.770170640519187e-05,9.770170640519187e-05,1.0,in,l2sq,3402.6477551460266
2026-05-16T04:53:34.475927,139,150198,12.350945049643416,4.750283944478752,54,0.26005434782608694,5.33,0.35,15,15,-0.0032320567814168033,0.9993882477283478,0.5081457048654556,0.0013199606231865113,0.0027343749534338713,0.0,0.0,4,9.768705139349757e-05,9.768705139349757e-05,1.0,in,l2sq,3423.7253086566925
2026-05-16T04:53:59.031000,140,151230,-18.162868333779386,-18.162868333779386,60,0.26304347826086955,5.05,0.28,10,15,-0.0029867202552850414,1.0124776661396027,0.521148718893528,0.0019326008074131082,0.0037109374825377017,0.0,0.0,4,9.767239882422382e-05,9.767239882422382e-05,1.0,in,l2sq,3448.280354976654
2026-05-16T04:54:20.968566,141,152302,-3.1108788953797655,-10.636873614579576,52,0.26304347826086955,5.0,0.23,15,15,-0.004053952684625994,0.9611751735210419,0.5309502929449081,0.0007550437267127563,0.016015625093132257,0.0,0.0,4,9.765774820859338e-05,9.765774820859338e-05,1.0,in,l2sq,3470.217953443527
2026-05-16T04:54:47.672033,142,153414,-82.05331913754836,-82.05331913754836,37,0.26059782608695653,5.095,0.23,11,15,-0.00248792181228058,0.9659441560506821,0.5224122032523155,-0.00014143893522483575,0.001171875002910383,0.0,0.0,4,9.764310003465084e-05,9.764310003465084e-05,1.0,in,l2sq,3496.9213757514954
2026-05-16T04:55:10.578218,143,154493,-25.017473177835505,-53.535396157691935,44,0.26114130434782606,4.935,0.26,15,15,-0.0033202566031832748,0.9478146955370903,0.5263658761978149,0.0005015880684368784,0.018164062756113708,0.0,0.0,4,9.762357239107491e-05,9.762357239107491e-05,1.0,in,l2sq,3519.8275175094604
2026-05-16T04:55:35.760398,144,155534,-4.508179159956825,-4.508179159956825,53,0.2619565217391304,5.065,0.29,8,15,-0.002293568122695433,0.9732925593852997,0.5045862086117268,0.001192647447533085,0.0025390625814907253,0.0,0.0,4,9.760404865283241e-05,9.760404865283241e-05,1.0,in,l2sq,3545.009733438492
2026-05-16T04:55:57.312114,145,156583,-24.919325476018223,-14.713752317987524,48,0.2638586956521739,5.13,0.27,15,15,-0.0035254658141639084,0.9664716720581055,0.495976559817791,0.0006734643364325055,0.005859374912688509,0.0,0.0,4,9.758940828955682e-05,9.758940828955682e-05,1.0,in,l2sq,3566.561411380768
2026-05-16T04:56:23.124351,146,157638,0.8134807046029767,0.8134807046029767,51,0.26331521739130437,5.02,0.29,11,15,-0.005155037977965571,0.9687112495303154,0.5087702423334122,0.005787153185428884,0.028710937243886292,0.0,0.0,4,9.757477036626043e-05,9.757477036626043e-05,1.0,in,l2sq,3592.373738527298
2026-05-16T04:56:45.575491,147,158694,-11.078535277406527,-5.132527286401775,45,0.26304347826086955,5.135,0.3,15,15,-0.0015056908028782123,0.9576632976531982,0.5013071447610855,-0.0004398920214953306,0.0007812500116415322,0.0,0.0,4,9.75601343946546e-05,9.75601343946546e-05,1.0,in,l2sq,3614.824772834778
2026-05-16T04:57:18.765915,148,159757,13.14531019270154,13.14531019270154,48,0.26521739130434785,5.19,0.34,15,15,-0.002790693989663806,0.9866570308804512,0.5036475881934166,-0.0004325906941971703,0.00019531250291038305,0.0,0.0,4,9.754550086229607e-05,9.754550086229607e-05,1.0,in,l2sq,3648.0150275230408
2026-05-16T04:57:40.258582,149,160769,5.356812129743253,9.251061161222397,46,0.26413043478260867,5.29,0.38,15,15,-0.0033972896897468408,0.9045202508568764,0.5231060832738876,0.002901723136255918,0.013671875756699592,0.0,0.0,4,9.752599273757864e-05,9.752599273757864e-05,1.0,in,l2sq,3669.5078802108765
2026-05-16T04:58:08.328784,150,161854,-71.99860634881276,-71.99860634881276,44,0.2625,5.235,0.37,11,15,-0.0024127275595674513,1.0027760863304138,0.5565881282091141,0.0014338463719468786,0.007812500291038305,0.0,0.0,4,9.751136408249517e-05,9.751136408249517e-05,1.0,in,l2sq,3697.5781495571136
2026-05-16T04:58:31.549588,151,162947,-95.50591135792946,-83.7522588533711,41,0.26114130434782606,5.205,0.34,15,15,-0.0030808635550783614,0.9545692205429077,0.5058659054338932,-0.0001879341177300313,0.006445312552386895,0.0,0.0,4,9.749673786543962e-05,9.749673786543962e-05,1.0,in,l2sq,3720.7988953590393
2026-05-16T04:59:04.885657,152,164016,-27.8123446074229,-27.8123446074229,45,0.26222826086956524,5.12,0.34,15,15,-0.003005169366952054,0.9493491947650909,0.5100842006504536,0.0006619947484068772,0.012109375442378223,0.0,0.0,4,9.747723949283392e-05,9.747723949283392e-05,1.0,in,l2sq,3754.1347370147705
2026-05-16T04:59:28.007649,153,165090,-2.612623512057148,-15.212484059740024,54,0.26222826086956524,5.055,0.36,15,15,-0.003387528768507786,0.9176182746887207,0.5253404527902603,-0.00031907288612270657,0.001953125,0.0,0.0,4,9.746261815061529e-05,9.746261815061529e-05,1.0,in,l2sq,3777.257006406784
2026-05-16T04:59:53.395693,154,166127,-41.13544900253934,-41.13544900253934,44,0.26114130434782606,5.0,0.24,14,15,-0.002778119250433475,0.9110294803977013,0.4964095614850521,0.00047851901526882457,0.0019531250145519152,0.0,0.0,4,9.744799924520579e-05,9.744799924520579e-05,1.0,in,l2sq,3802.64502286911
2026-05-16T05:00:16.681863,155,167222,-2.7381800094819657,-21.936814506010652,52,0.2627717391304348,5.25,0.26,15,15,-0.0031289819984522127,0.950577512383461,0.5110776387155056,0.0009953982233128211,0.001953125072759576,0.0,0.0,4,9.742851061983674e-05,9.742851061983674e-05,1.0,in,l2sq,3825.9312064647675
2026-05-16T05:00:48.877494,156,168231,-15.10998763837431,-15.10998763837431,44,0.26059782608695653,5.33,0.29,15,15,-0.0024371431150939094,0.955580860376358,0.47961659729480743,0.0009171957368380723,0.0,0.0,0.0,4,9.741389658682723e-05,9.741389658682723e-05,1.0,in,l2sq,3858.1266536712646
2026-05-16T05:01:10.779886,157,169297,-82.49900876581171,-48.80449820209301,38,0.2592391304347826,5.305,0.21,15,15,-0.0025236114524886943,0.9042080789804459,0.5095296278595924,0.000988972729464882,0.004687500069849193,0.0,0.0,4,9.73992849894087e-05,9.73992849894087e-05,1.0,in,l2sq,3880.029224395752
2026-05-16T05:01:36.101654,158,170387,-56.07783460109704,-56.07783460109704,46,0.25706521739130433,5.38,0.19,13,15,-0.0033295892222670043,0.8911905586719513,0.4987765774130821,0.0009835123955781455,0.004101562619325705,0.0,0.0,4,9.737980610640366e-05,9.737980610640366e-05,1.0,in,l2sq,3905.3510570526123
2026-05-16T05:01:56.916048,159,171416,-28.06338520801821,-42.07060990455763,45,0.2546195652173913,5.295,0.21,15,15,-0.0028322086611296537,0.9142091125249863,0.5070444494485855,0.0033277039055974456,0.010156250093132257,0.0,0.0,4,9.73651993789494e-05,9.73651993789494e-05,1.0,in,l2sq,3926.1654267311096
2026-05-16T05:02:23.730729,160,172531,-85.18707195878032,-85.18707195878032,46,0.25081521739130436,5.315,0.25,13,15,-0.002884697233093869,0.9137203171849251,0.4866507016122341,0.0017856198981462401,0.004101562575669959,0.0,0.0,4,9.735059508586856e-05,9.735059508586856e-05,1.0,in,l2sq,3952.980126619339
2026-05-16T05:02:46.975006,161,173631,-35.13341170567786,-60.16024183222909,44,0.24864130434782608,5.41,0.27,15,15,-0.0020628128491809172,0.898806206882,0.4964444749057293,-6.267210460464412e-05,0.0003906250058207661,0.0,0.0,4,9.733112594035733e-05,9.733112594035733e-05,1.0,in,l2sq,3976.224364042282
2026-05-16T05:03:20.178181,162,174696,30.921491265460716,30.921491265460716,57,0.25407608695652173,5.44,0.27,15,15,-0.0037117452011443675,0.9465754628181458,0.5005947276949883,0.0016112839770358045,0.009765625,0.0,0.0,4,9.731652651480626e-05,9.731652651480626e-05,1.0,in,l2sq,4009.427348613739
2026-05-16T05:03:41.673659,163,175753,30.722355792179552,30.821923528820136,58,0.2578804347826087,5.505,0.28,15,15,-0.0029963922133902088,0.9175454750657082,0.4748970456421375,0.0026257082773497448,0.008007812735741027,0.0,0.0,4,9.730192952241167e-05,9.730192952241167e-05,1.0,in,l2sq,4030.9230391979218
2026-05-16T05:04:13.282512,164,176806,13.022498757277758,13.022498757277758,57,0.2589673913043478,5.26,0.25,15,15,-0.002441684167570235,0.9651836454868317,0.4748750776052475,0.0012324771594649092,0.003710937569849193,0.0,0.0,4,9.72824701095265e-05,9.72824701095265e-05,1.0,in,l2sq,4062.531640768051
2026-05-16T05:04:34.016288,165,177818,-51.8821780923184,-19.42983966752032,46,0.2584239130434783,5.005,0.24,15,15,-0.004222191212465809,0.9658196270465851,0.45264019072055817,0.0008322252151629073,0.010156250558793545,0.0,0.0,4,9.72678779822284e-05,9.72678779822284e-05,1.0,in,l2sq,4083.265670776367
2026-05-16T05:04:58.825501,166,178885,-28.173405334005892,-28.173405334005892,49,0.2578804347826087,5.085,0.25,10,15,-0.0025088470894844006,0.9742254614830017,0.4654761627316475,0.0007423492359522055,0.00937500009604264,0.0,0.0,4,9.725328828687046e-05,9.725328828687046e-05,1.0,in,l2sq,4108.0748546123505
2026-05-16T05:05:19.719018,167,179922,5.8954848752616265,-11.138960229372133,54,0.26032608695652176,5.075,0.22,15,15,-0.0027655989950290394,0.9094128608703613,0.4801701419055462,0.0005182604960282458,0.006835937601863407,0.0,0.0,4,9.723383860174597e-05,9.723383860174597e-05,1.0,in,l2sq,4128.968378067017
2026-05-16T05:05:43.530906,168,180948,1.6339249795698922,1.6339249795698922,49,0.26059782608695653,5.075,0.17,11,15,-0.004296660399995655,1.0379348695278168,0.5124535411596298,0.0009961681502317354,0.01210937520954758,0.0,0.0,4,9.721925376905246e-05,9.721925376905246e-05,1.0,in,l2sq,4152.780308961868
2026-05-16T05:06:05.178946,169,182024,-5.815019987891241,-2.0905475041606745,48,0.26114130434782606,5.28,0.17,15,15,-0.0018576615795610207,0.9273900762200356,0.48096978664398193,0.0005739257754157692,0.0013671875203726813,0.0,0.0,4,9.720467136708337e-05,9.720467136708337e-05,1.0,in,l2sq,4174.428296327591
2026-05-16T05:06:30.263216,170,183103,-59.8449106945223,-59.8449106945223,53,0.26358695652173914,5.125,0.21,10,15,-0.0024740972337895517,0.9212281331419945,0.47175564244389534,0.00045300165097614253,0.0009765625291038305,0.0,0.0,4,9.718523140485667e-05,9.718523140485667e-05,1.0,in,l2sq,4199.5126168727875
2026-05-16T05:06:52.422322,171,184208,-56.07470088573808,-57.95980579013019,44,0.2644021739130435,5.055,0.22,15,15,-0.0021201372233918825,0.9603668749332428,0.5129664838314056,0.0018067615752443006,0.0,0.0,0.0,4,9.717065386312118e-05,9.717065386312118e-05,1.0,in,l2sq,4221.671701192856
2026-05-16T05:07:18.796740,172,185303,-60.347738045923435,-60.347738045923435,52,0.266304347826087,5.145,0.33,12,15,-0.0035552841014578063,0.9482229724526405,0.49236995726823807,0.0016426008864983271,0.004492187668802217,0.0,0.0,4,9.715607875089498e-05,9.715607875089498e-05,1.0,in,l2sq,4248.046122550964
2026-05-16T05:07:40.304320,173,186316,6.439476684582615,-26.95413068067041,56,0.2668478260869565,4.895,0.34,15,15,-0.0018916052213172885,0.8822906464338303,0.4964178055524826,0.001514385077007352,0.005078125192085281,0.0,0.0,4,9.71366485067056e-05,9.71366485067056e-05,1.0,in,l2sq,4269.553678512573
2026-05-16T05:08:05.567429,174,187345,26.198753263085962,26.198753263085962,64,0.2722826086956522,4.935,0.39,11,15,-0.0015797480999024671,0.9847152084112167,0.4570363834500313,0.0013086503178783015,0.0027343750989530236,0.0,0.0,4,9.712207825228335e-05,9.712207825228335e-05,1.0,in,l2sq,4294.8167588710785
2026-05-16T05:08:26.675417,175,188345,-6.1175926926410025,10.040580285222479,53,0.27255434782608695,4.815,0.37,15,15,-0.0033133485063445295,0.9671612530946732,0.460116446018219,0.000831270501839787,0.006054687692085281,0.0,0.0,4,9.71075104261559e-05,9.71075104261559e-05,1.0,in,l2sq,4315.924779415131
2026-05-16T05:08:52.884944,176,189424,-6.874352062555743,-6.874352062555743,54,0.2752717391304348,4.935,0.36,14,15,-0.0035718202940189236,0.9165456593036652,0.48718202114105225,0.0003868014820909149,0.0066406250989530236,0.0,0.0,4,9.709294454237289e-05,9.709294454237289e-05,1.0,in,l2sq,4342.134342670441
2026-05-16T05:09:13.703542,177,190419,14.469363244257782,3.7975055908510194,55,0.2798913043478261,5.25,0.31,15,15,-0.0035577075817855575,0.9110046103596687,0.4711728133261204,0.0027891278072275025,0.012890625192085281,0.0,0.0,4,9.707838108615626e-05,9.707838108615626e-05,1.0,in,l2sq,4362.952840328217
2026-05-16T05:09:39.000926,178,191440,-26.69737093914314,-26.69737093914314,47,0.2801630434782609,5.225,0.28,10,15,-0.002558369992766707,0.9396486803889275,0.46644605323672295,0.0002330049015199457,0.006445312697906047,0.0,0.0,4,9.705896638072285e-05,9.705896638072285e-05,1.0,in,l2sq,4388.250249862671
2026-05-16T05:10:00.513578,179,192467,9.255739952718065,-8.720815493212537,49,0.28125,5.175,0.29,15,15,-0.0024047114886345256,0.9579550921916962,0.4809294417500496,0.001528713396510284,0.0003906250058207661,0.0,0.0,4,9.704440777842529e-05,9.704440777842529e-05,1.0,in,l2sq,4409.7628655433655
2026-05-16T05:10:25.431063,180,193516,-57.793175181431174,-57.793175181431174,47,0.28152173913043477,5.055,0.26,8,15,-0.002920797877595749,0.9922074899077415,0.46554818749427795,0.0007436161458826973,0.0029296875,0.0,0.0,4,9.702985160248056e-05,9.702985160248056e-05,1.0,in,l2sq,4434.680395126343
2026-05-16T05:10:47.619244,181,194597,-52.794015497252595,-55.293595339341884,50,0.2831521739130435,4.96,0.26,15,15,-0.0019957989708926926,0.9111642837524414,0.46933673322200775,0.0008043717383771076,0.0005859375087311491,0.0,0.0,4,9.701044660245858e-05,9.701044660245858e-05,1.0,in,l2sq,4456.868539571762
2026-05-16T05:11:13.217160,182,195641,21.521570915281636,21.521570915281636,51,0.28152173913043477,5.085,0.23,11,15,-0.0041060345422010425,0.9391903132200241,0.4405105262994766,0.0022981640355283495,0.008593750011641532,0.0,0.0,4,9.699589527800646e-05,9.699589527800646e-05,1.0,in,l2sq,4482.466526031494
2026-05-16T05:11:34.854454,183,196656,44.283644421418366,32.90260766835,58,0.28152173913043477,5.195,0.24,15,15,-0.002672373855602983,0.9146223291754723,0.4438629634678364,0.0016851551406034115,0.00800781266298145,0.0,0.0,4,9.698134637869425e-05,9.698134637869425e-05,1.0,in,l2sq,4504.103734493256
2026-05-16T05:11:59.711490,184,197725,-19.43154980479938,-19.43154980479938,51,0.2798913043478261,5.385,0.23,14,15,-0.0014360346074682173,0.9238701313734055,0.4519861340522766,0.0007070868567098376,0.0003906250058207661,0.0,0.0,4,9.696679941920293e-05,9.696679941920293e-05,1.0,in,l2sq,4528.960835456848
2026-05-16T05:12:22.157012,185,198830,-3.479347600360877,-11.45544870258013,54,0.28206521739130436,5.425,0.24,15,15,-0.0030490242454106475,0.9035703167319298,0.4443240240216255,0.0019383010011552182,0.0037109374679857865,0.0,0.0,4,9.695225488412405e-05,9.695225488412405e-05,1.0,in,l2sq,4551.406323194504
2026-05-16T05:12:48.130688,186,199952,-22.15022376921047,-22.15022376921047,44,0.2807065217391304,5.485,0.25,13,15,-0.0025213323860953096,0.9224070012569427,0.44863859191536903,0.00010874179442905973,0.001757812569849193,0.0,0.0,4,9.693286540266979e-05,9.693286540266979e-05,1.0,in,l2sq,4577.38002538681
2026-05-16T05:13:09.156878,187,200988,-11.31304277980097,-16.731633274505718,53,0.28043478260869564,5.365,0.26,15,15,-0.0024383004492847388,0.8751481771469116,0.45384927839040756,0.00015005358459349583,0.0003906250058207661,0.0,0.0,4,9.691347979891791e-05,9.691347979891791e-05,1.0,in,l2sq,4598.406208276749
2026-05-16T05:13:33.865403,188,202052,9.308991006096072,9.308991006096072,57,0.2826086956521739,5.145,0.32,14,15,-0.003726471686968602,0.9699621796607971,0.4421883523464203,6.17148198216455e-05,0.004687500186264515,0.0,0.0,4,9.689894301924389e-05,9.689894301924389e-05,1.0,in,l2sq,4623.11474609375
2026-05-16T05:13:56.031324,189,203143,-81.18185523445675,-35.936432114180334,33,0.27853260869565216,5.26,0.32,15,15,-0.0023254402127349527,0.9118381291627884,0.4709566496312618,0.00291172521465341,0.006445312523283064,0.0,0.0,4,9.688440866228572e-05,9.688440866228572e-05,1.0,in,l2sq,4645.280676364899
2026-05-16T05:14:21.059798,190,204183,8.993961622652744,8.993961622652744,44,0.27608695652173915,5.09,0.28,12,15,-0.0032490608165971907,1.0159146189689636,0.45767827332019806,0.0017470354660872323,0.01289062510477379,0.0,0.0,4,9.686503274939735e-05,9.686503274939735e-05,1.0,in,l2sq,4670.309122562408
2026-05-16T05:14:44.081396,191,205270,49.86286917184529,29.42841539724902,51,0.2779891304347826,5.125,0.29,15,15,-0.001689600938334479,0.9690482020378113,0.4787786826491356,0.0009324813981947955,0.0011718750465661287,0.0,0.0,4,9.685050323665964e-05,9.685050323665964e-05,1.0,in,l2sq,4693.3306748867035
2026-05-16T05:15:09.295650,192,206313,-8.510065433671224,-8.510065433671224,49,0.27717391304347827,4.995,0.28,14,15,-0.002751506920321889,0.9163200408220291,0.4706992357969284,0.0006697209022604733,0.0003906250058207661,0.0,0.0,4,9.683597614542665e-05,9.683597614542665e-05,1.0,in,l2sq,4718.544967651367
2026-05-16T05:15:30.109378,193,207343,-5.206895912227697,-6.858480672949461,57,0.27744565217391304,5.0,0.29,15,15,-0.003247662395005957,0.8832148313522339,0.4472288489341736,0.0007223391514344923,0.0003906250058207661,0.0,0.0,4,9.682145099110689e-05,9.682145099110689e-05,1.0,in,l2sq,4739.358674049377
2026-05-16T05:16:02.094842,194,208403,28.255717618368372,28.255717618368372,61,0.2766304347826087,5.105,0.29,15,15,-0.0029567376011983004,0.9187955856323242,0.4614412821829319,0.0024515032222552635,0.010156250325962901,0.0,0.0,4,9.680692825756548e-05,9.680692825756548e-05,1.0,in,l2sq,4771.343955755234
2026-05-16T05:16:23.290431,195,209450,26.773788428713722,27.514753023541047,55,0.27717391304347827,5.205,0.25,15,15,-0.002111012900422815,0.8909377232193947,0.4544151909649372,0.001054244810165944,0.003515625052386895,0.0,0.0,4,9.678756783998325e-05,9.678756783998325e-05,1.0,in,l2sq,4792.5397391319275
2026-05-16T05:16:56.213001,196,210555,-72.99282905346664,-72.99282905346664,50,0.27608695652173915,5.305,0.24,17,17,-0.0027851120627020443,0.9860065281391144,0.466700054705143,0.0011454103248979691,0.0,0.0,0.0,4,9.677304994678827e-05,9.677304994678827e-05,1.0,in,l2sq,4825.462137460709
2026-05-16T05:17:17.693164,197,211603,20.009012730305283,-26.491908161580675,57,0.2766304347826087,5.445,0.22,17,17,-0.002778292177026742,0.9612679407000542,0.4718546122312546,0.0002333654573704047,0.0011718750465661287,0.0,0.0,4,9.675853447316151e-05,9.675853447316151e-05,1.0,in,l2sq,4846.942480564117
2026-05-16T05:17:49.384381,198,212641,13.827850851282347,13.827850851282347,52,0.2779891304347826,5.325,0.25,18,18,-0.002933436959574487,0.9275836646556854,0.4798973985016346,0.0009166794738007409,0.0007812500261934474,0.0,0.0,4,9.673918373385223e-05,9.673918373385223e-05,1.0,in,l2sq,4878.633713960648
2026-05-16T05:18:11.819473,199,213737,-51.36390093190479,-18.76802504031122,45,0.2769021739130435,5.395,0.27,18,18,-0.002815652632852994,1.0355181694030762,0.4684300422668457,0.002213057667540874,0.0007812500116415322,0.0,0.0,4,9.67246730981522e-05,9.67246730981522e-05,1.0,in,l2sq,4901.068725824356
2026-05-16T05:18:37.658498,200,214787,34.76929154210273,34.76929154210273,62,0.28097826086956523,5.265,0.25,15,18,-0.0020975612984329706,0.9344428405165672,0.4555651359260082,0.0007229325093703609,0.0021484375320142135,0.0,0.0,4,9.671016488081084e-05,9.671016488081084e-05,1.0,in,l2sq,4926.9077796936035
2026-05-16T05:18:58.773944,201,215832,-20.485752588138137,7.1417694769822955,50,0.28097826086956523,5.145,0.23,18,18,-0.0033588056801817645,0.9134129211306572,0.48722977191209793,0.0007596405295317021,0.0003906250058207661,0.0,0.0,4,9.669082381493632e-05,9.669082381493632e-05,1.0,in,l2sq,4948.023242712021
2026-05-16T05:19:30.472750,202,216875,15.036139641448711,15.036139641448711,55,0.28206521739130436,5.305,0.28,18,18,-0.0031700268387794273,0.9109772145748138,0.4520377814769745,-0.00012609385707951226,0.0027343749534338713,0.0,0.0,4,9.667632043310324e-05,9.667632043310324e-05,1.0,in,l2sq,4979.7218589782715
2026-05-16T05:19:53.548826,203,217963,-47.30115775037075,-16.132509054461018,46,0.27880434782608693,5.25,0.27,18,18,-0.0036082990882277954,0.95926783233881,0.44394831359386444,0.0011111569685453918,0.011914062430150807,0.0,0.0,4,9.666181946841988e-05,9.666181946841988e-05,1.0,in,l2sq,5002.798099756241
2026-05-16T05:20:26.226704,204,218989,30.429116817340173,30.429116817340173,52,0.27907608695652175,5.31,0.28,18,18,-0.0018155858138925174,0.9819285199046135,0.4512247368693352,0.00022478053936082765,0.0,0.0,0.0,4,9.664248807114439e-05,9.664248807114439e-05,1.0,in,l2sq,5035.4758241176605
2026-05-16T05:20:47.323814,205,219985,78.4325690443937,54.43084293086694,61,0.28097826086956523,5.4,0.35,18,18,-0.0037684025010094047,0.9293968826532364,0.45041322708129883,-6.252344464874326e-05,0.01054687483701855,0.0,0.0,4,9.662799193955202e-05,9.662799193955202e-05,1.0,in,l2sq,5056.5731744766235
2026-05-16T05:21:19.498169,206,221022,34.474124123481346,34.474124123481346,55,0.28396739130434784,5.52,0.26,18,18,-0.0036245853843865916,0.9700726941227913,0.4512757621705532,0.00021206651254027098,0.007421875197906047,0.0,0.0,4,9.661349822390105e-05,9.661349822390105e-05,1.0,in,l2sq,5088.747321367264
2026-05-16T05:21:40.731875,207,222054,16.015351126164077,25.24473762482271,53,0.28396739130434784,5.475,0.25,18,18,-0.003297579311765775,0.975193202495575,0.45291896164417267,0.002143633801460987,0.026562501676380634,0.0,0.0,4,9.659900644071328e-05,9.659900644071328e-05,1.0,in,l2sq,5109.981250762939
2026-05-16T05:22:04.556185,208,223078,-19.729081121954003,-19.729081121954003,46,0.28097826086956523,5.54,0.24,17,18,-0.002570977693540033,0.9278424084186554,0.4309299550950527,-0.0011920332590761957,0.001953125072759576,0.0,0.0,4,9.658451707274219e-05,9.658451707274219e-05,1.0,in,l2sq,5133.80554485321
2026-05-16T05:22:26.765605,209,224154,26.241752536475502,3.2563357072607495,54,0.2866847826086957,5.56,0.2,18,18,-0.003464406474085968,0.901787281036377,0.45157504081726074,0.0017276084201057473,0.009570312802679837,0.0,0.0,4,9.656520113517282e-05,9.656520113517282e-05,1.0,in,l2sq,5156.01496887207
2026-05-16T05:22:51.999943,210,225184,35.07950575740373,35.07950575740373,56,0.28994565217391305,5.4,0.16,16,18,-0.0020928845508025873,0.8978348076343536,0.45685097575187683,0.0008459418930214513,0.009374999906867743,0.0,0.0,4,9.655071659642763e-05,9.655071659642763e-05,1.0,in,l2sq,5181.249291419983
2026-05-16T05:23:14.138459,211,226220,20.398984993109945,27.739245375256836,61,0.2926630434782609,5.305,0.2,18,18,-0.0027814843124360777,0.9042393490672112,0.43260325491428375,0.0012407372973484493,0.006054687546566129,0.0,0.0,4,9.653623447169175e-05,9.653623447169175e-05,1.0,in,l2sq,5203.387820243835
2026-05-16T05:23:39.597132,212,227258,41.19719722847627,41.19719722847627,57,0.29483695652173914,5.15,0.22,16,18,-0.002822240475507054,0.9560364484786987,0.47603775560855865,0.0009139816213973723,0.004492187479627319,0.0,0.0,4,9.651692819015975e-05,9.651692819015975e-05,1.0,in,l2sq,5228.846508979797
2026-05-16T05:23:59.810438,213,228267,32.910767976529726,37.053982602503,56,0.29456521739130437,4.975,0.26,18,18,-0.002906790364067824,0.8676977604627609,0.4601053446531296,0.001547286518507461,0.0007812500116415322,0.0,0.0,4,9.650245089223561e-05,9.650245089223561e-05,1.0,in,l2sq,5249.059742927551
2026-05-16T05:24:24.243020,214,229329,78.52808955022691,78.52808955022691,63,0.2951086956521739,5.025,0.27,15,18,-0.0031080436834599323,0.9714683368802071,0.4556473381817341,0.00289272497375348,0.008789062849245965,0.0,0.0,4,9.648797600711402e-05,9.648797600711402e-05,1.0,in,l2sq,5273.492422103882
2026-05-16T05:24:44.849727,215,230366,38.366118821399766,58.44710418581334,59,0.296195652173913,4.945,0.22,18,18,-0.0025925904628820717,0.8926369398832321,0.45303282886743546,0.0021855093182239216,0.0007812500116415322,0.0,0.0,4,9.647350305194497e-05,9.647350305194497e-05,1.0,in,l2sq,5294.0990488529205
2026-05-16T05:25:07.879010,216,231368,33.82779691369075,33.82779691369075,51,0.29646739130434785,5.045,0.27,15,18,-0.00259768598480159,0.8993776142597198,0.4524160176515579,0.0004938544983815185,0.0017578124825377017,0.0,0.0,4,9.64590325088547e-05,9.64590325088547e-05,1.0,in,l2sq,5317.128402233124
2026-05-16T05:25:28.573335,217,232405,-13.139298238679887,10.344249337505431,46,0.29347826086956524,5.015,0.25,18,18,-0.003439556335797622,0.9309102818369865,0.44869089871644974,7.648820883332519e-06,0.008789062689174898,0.0,0.0,4,9.643974166694326e-05,9.643974166694326e-05,1.0,in,l2sq,5337.822710514069
2026-05-16T05:25:53.387712,218,233480,71.67267609813553,71.67267609813553,59,0.29538043478260867,5.1,0.23,16,18,-0.0020848148240473208,0.9740421772003174,0.44492676854133606,0.0015038216275570226,0.003906250058207661,0.0,0.0,4,9.642527594680463e-05,9.642527594680463e-05,1.0,in,l2sq,5362.637079000473
2026-05-16T05:26:15.689979,219,234557,13.846798850404596,42.75973747427006,47,0.29592391304347826,5.305,0.26,18,18,-0.0022274683076830976,0.93177580088377,0.4569949321448803,0.0003955475146540238,0.0003906250058207661,0.0,0.0,4,9.6410812637539e-05,9.6410812637539e-05,1.0,in,l2sq,5384.9392347335815
2026-05-16T05:26:42.491832,220,235660,10.725724594811457,10.725724594811457,60,0.29538043478260867,5.5,0.21,15,18,-0.003747678219224282,0.91245486587286,0.44465336948633194,0.0016299155105343743,0.013867187459254637,0.0,0.0,4,9.639153143911962e-05,9.639153143911962e-05,1.0,in,l2sq,5411.7411942481995
2026-05-16T05:27:05.378765,221,236744,-44.43770394967507,-16.855989677431808,48,0.29483695652173914,5.55,0.23,18,18,-0.0024662352967425027,0.918892428278923,0.45772987604141235,-0.0004325748799601514,0.0,0.0,0.0,4,9.637707295039463e-05,9.637707295039463e-05,1.0,in,l2sq,5434.628087520599
2026-05-16T05:27:30.963957,222,237798,36.94355229582377,36.94355229582377,53,0.29429347826086955,5.405,0.25,14,18,-0.002745216361654479,0.9279519841074944,0.44269757717847824,0.0015210128591206795,0.005078124959254637,0.0,0.0,4,9.636261687133743e-05,9.636261687133743e-05,1.0,in,l2sq,5460.213299274445
2026-05-16T05:27:52.580611,223,238817,33.27427620985587,35.108914252839824,53,0.296195652173913,5.295,0.27,18,18,-0.0028019693680108038,0.8678269013762474,0.4512191452085972,0.001172368310926708,0.004492187639698386,0.0,0.0,4,9.634334531158934e-05,9.634334531158934e-05,1.0,in,l2sq,5481.8299078941345
2026-05-16T05:28:19.337109,224,239921,-27.8125346555885,-27.8125346555885,46,0.29456521739130437,5.19,0.24,16,18,-0.0036980808072257787,0.9625328481197357,0.4418373480439186,0.002520956966691301,0.007031250192085281,0.0,0.0,4,9.6328894050663e-05,9.6328894050663e-05,1.0,in,l2sq,5508.586443901062
2026-05-16T05:28:42.085291,225,240981,3.6975855833936393,-12.05747453609743,56,0.2932065217391304,5.225,0.21,18,18,-0.0030168850906192035,0.9141594991087914,0.45367857441306114,0.0010478461262664607,0.0033203125931322575,0.0,0.0,4,9.631444519819988e-05,9.631444519819988e-05,1.0,in,l2sq,5531.334590435028
2026-05-16T05:29:07.656012,226,242017,-0.1921075408882431,-0.1921075408882431,48,0.29130434782608694,5.22,0.21,13,18,-0.003143396941595711,0.9507365822792053,0.452093243598938,0.0024726045906163507,0.012500000186264515,0.0,0.0,4,9.62951832723047e-05,9.62951832723047e-05,1.0,in,l2sq,5556.905383348465
2026-05-16T05:29:29.806557,227,243056,69.86906724874417,34.838479853927964,55,0.29184782608695653,5.11,0.19,18,18,-0.002683001855621092,0.9707123935222626,0.4409928023815155,0.0010045933297079257,0.019140624906867743,0.0,0.0,4,9.628073923556384e-05,9.628073923556384e-05,1.0,in,l2sq,5579.0558540821075
2026-05-16T05:29:56.291277,228,244135,47.918652741139006,47.918652741139006,59,0.29538043478260867,5.245,0.2,16,18,-0.0028053787042153777,0.9706387221813202,0.438111986964941,0.0002945541286862863,0.006054687750292942,0.0,0.0,4,9.626629760608221e-05,9.626629760608221e-05,1.0,in,l2sq,5605.540637731552
2026-05-16T05:30:17.978591,229,245150,85.34130601620413,66.62997937867156,69,0.29945652173913045,5.1,0.21,18,18,-0.002212546087685119,0.8812308087944984,0.4357105605304241,0.000607614971704612,0.004882812616415322,0.0,0.0,4,9.624704530922397e-05,9.624704530922397e-05,1.0,in,l2sq,5627.227927207947
2026-05-16T05:30:43.049843,230,246215,83.78089047951245,83.78089047951245,65,0.30190217391304347,5.3,0.23,16,18,-0.0025073275523027627,0.9171344488859177,0.4283038154244423,0.00021000803808418622,0.0011718750465661287,0.0,0.0,4,9.623260849305723e-05,9.623260849305723e-05,1.0,in,l2sq,5652.2992470264435
2026-05-16T05:31:03.490131,231,247234,26.781770238714774,55.28133035911361,53,0.2997282608695652,5.235,0.25,18,18,-0.004330513403692754,0.9283941835165024,0.4400636702775955,0.002902982829073142,0.015429687991854735,0.0,0.0,4,9.621817408294632e-05,9.621817408294632e-05,1.0,in,l2sq,5672.739469051361
2026-05-16T05:31:34.602074,232,248262,29.748760079669324,29.748760079669324,60,0.3005434782608696,5.285,0.31,20,20,-0.0027186490886378922,0.9146931171417236,0.42769963294267654,0.00038061463037591947,0.0011718750465661287,0.0,0.0,4,9.620374159739134e-05,9.620374159739134e-05,1.0,in,l2sq,5703.851451873779
2026-05-16T05:31:54.863508,233,249270,24.08201128833978,26.91538568400455,59,0.30135869565217394,5.21,0.24,20,20,-0.002972554479492906,0.8881716057658195,0.43336258456110954,0.0014994772465797557,0.007031250061118044,0.0,0.0,4,9.618931151717044e-05,9.618931151717044e-05,1.0,in,l2sq,5724.112870454788
2026-05-16T05:32:20.454482,234,250327,46.270087489798485,46.270087489798485,61,0.30081521739130435,5.04,0.2,19,20,-0.002772649087273732,1.0021504387259483,0.4441215954720974,0.0015995382776054223,0.0023437500349245965,0.0,0.0,4,9.617007461676011e-05,9.617007461676011e-05,1.0,in,l2sq,5749.703828334808
2026-05-16T05:32:42.240675,235,251361,-38.17343552301338,4.048325983392552,46,0.29728260869565215,5.03,0.19,20,20,-0.0031009596772492154,0.9401824325323105,0.43746986240148544,0.0022801047914981637,0.017187500605359674,0.0,0.0,4,9.615564934600481e-05,9.615564934600481e-05,1.0,in,l2sq,5771.489960670471
2026-05-16T05:33:08.081540,236,252435,27.988446697356682,27.988446697356682,53,0.29782608695652174,4.895,0.19,18,20,-0.0028587244625667974,0.9318842738866806,0.42411552369594574,0.001393849483702074,0.004101562546566129,0.0,0.0,4,9.614122647938115e-05,9.614122647938115e-05,1.0,in,l2sq,5797.330877780914
2026-05-16T05:33:31.967688,237,253557,-22.599536920157718,2.6944548885994823,55,0.30027173913043476,5.08,0.26,20,20,-0.002344712162448581,0.931912437081337,0.4412095434963703,0.0016038175048379358,0.0027343750989530236,0.0,0.0,4,9.612199919549754e-05,9.612199919549754e-05,1.0,in,l2sq,5821.216981172562
2026-05-16T05:33:56.816645,238,254585,54.17888927635783,54.17888927635783,60,0.3005434782608696,5.185,0.26,18,20,-0.004047227604314696,0.9923313111066818,0.45550644397735596,0.002206902415673534,0.01406250020954758,0.0,0.0,4,9.610758113593524e-05,9.610758113593524e-05,1.0,in,l2sq,5846.066025257111
2026-05-16T05:34:18.749370,239,255620,45.75207270621246,49.96548099128515,55,0.3027173913043478,5.35,0.29,20,20,-0.003382964510819708,0.8927538096904755,0.4219716787338257,0.002709936680457759,0.009765624883584678,0.0,0.0,4,9.609316547930276e-05,9.609316547930276e-05,1.0,in,l2sq,5867.998670339584
2026-05-16T05:34:50.864834,240,256641,46.39102493161697,46.39102493161697,57,0.30190217391304347,5.335,0.23,20,20,-0.003569118732411891,0.8565951362252235,0.43693023175001144,0.001185890539454712,0.013867187459254637,0.0,0.0,4,9.607394780713856e-05,9.607394780713856e-05,1.0,in,l2sq,5900.1139895915985
2026-05-16T05:35:13.175223,241,257697,71.59054340773302,58.990784169674995,65,0.3065217391304348,5.63,0.24,20,20,-0.0016849921172252813,0.9085548967123032,0.42602722346782684,0.0007919319829852722,0.0007812500116415322,0.0,0.0,4,9.605953695516437e-05,9.605953695516437e-05,1.0,in,l2sq,5922.4245727062225
2026-05-16T05:35:38.361121,242,258737,32.68860768372555,32.68860768372555,57,0.3076086956521739,5.53,0.26,18,20,-0.003274314169539133,0.8821821287274361,0.4376894421875477,0.0012175478081644375,0.0015624999796273187,0.0,0.0,4,9.604512850491879e-05,9.604512850491879e-05,1.0,in,l2sq,5947.610483169556
2026-05-16T05:36:00.310489,243,259775,-32.85949268453586,-0.08544250040515422,43,0.3048913043478261,5.345,0.24,20,20,-0.0022080503142205554,0.9345382004976273,0.4682183861732483,0.001530558070408028,0.0003906250058207661,0.0,0.0,4,9.603072197576787e-05,9.603072197576787e-05,1.0,in,l2sq,5969.559818029404
2026-05-16T05:36:25.641966,244,260810,42.88302584094045,42.88302584094045,64,0.30978260869565216,5.195,0.29,14,20,-0.004123394159250893,0.9662877172231674,0.4429710730910301,0.0011476273385596647,0.011914062735741027,0.0,0.0,4,9.601631784762512e-05,9.601631784762512e-05,1.0,in,l2sq,5994.891326189041
2026-05-16T05:36:49.071102,245,261914,61.50255560006191,52.19279072050118,60,0.3108695652173913,5.23,0.29,20,20,-0.0031261531286871924,0.9539120495319366,0.4310544431209564,0.00011119195228276313,0.005859375189174898,0.0,0.0,4,9.599711554421876e-05,9.599711554421876e-05,1.0,in,l2sq,6018.320470094681
2026-05-16T05:37:14.805266,246,262966,30.44692202614981,30.44692202614981,53,0.31222826086956523,5.305,0.33,13,20,-0.004346618079580367,0.9194053709506989,0.4094795659184456,0.0039029664480040305,0.008593750011641532,0.0,0.0,4,9.598271621689192e-05,9.598271621689192e-05,1.0,in,l2sq,6044.054662704468
2026-05-16T05:37:37.341646,247,264064,91.11045617150515,60.77868909882748,72,0.3168478260869565,5.65,0.35,20,20,-0.004428960607037791,0.9345182403922081,0.44007929041981697,0.0024132231561679873,0.016796874697320163,0.0,0.0,4,9.596831928937298e-05,9.596831928937298e-05,1.0,in,l2sq,6066.590987443924
2026-05-16T05:38:02.855227,248,265157,101.47672012452014,101.47672012452014,65,0.3184782608695652,5.705,0.3,15,20,-0.0033263318997342473,0.8669136688113213,0.43221574649214745,9.690900262743218e-05,0.015234375750878826,0.0,0.0,4,9.594912658519828e-05,9.594912658519828e-05,1.0,in,l2sq,6092.104617118835
2026-05-16T05:38:23.734506,249,266182,18.012604294838884,59.74466220967951,52,0.3138586956521739,5.725,0.28,20,20,-0.0030001582519617598,0.9126332402229309,0.44519710540771484,0.001193370602777577,0.004687500186264515,0.0,0.0,4,9.593473445609533e-05,9.593473445609533e-05,1.0,in,l2sq,6112.983850240707
2026-05-16T05:38:50.230718,250,267264,57.343497734812274,57.343497734812274,53,0.3105978260869565,5.65,0.21,17,20,-0.0030443620402366145,0.9151818305253983,0.42604633420705795,0.0004316555204695871,0.005078125075669959,0.0,0.0,4,9.59203447256006e-05,9.59203447256006e-05,1.0,in,l2sq,6139.48005604744
2026-05-16T05:39:12.244311,251,268328,7.583946341375373,32.46372203809382,56,0.3114130434782609,5.62,0.16,20,20,-0.0022081770359363984,0.8802988305687904,0.41798652336001396,0.0001125193967709548,0.0015625000523868948,0.0,0.0,4,9.590116161585892e-05,9.590116161585892e-05,1.0,in,l2sq,6161.49368429184
2026-05-16T05:39:36.315274,252,269378,56.74752600825819,56.74752600825819,63,0.31222826086956523,5.295,0.2,16,20,-0.0021090179798193276,0.8987147808074951,0.4650636315345764,-0.00030363847072294517,0.002343750005820766,0.0,0.0,4,9.588677668138144e-05,9.588677668138144e-05,1.0,in,l2sq,6185.564663410187
2026-05-16T05:39:59.412514,253,270490,-5.549527599680098,25.598999204289047,51,0.31005434782608693,5.345,0.22,20,20,-0.001382644102704944,0.9130178540945053,0.427250474691391,-5.261491787700301e-06,0.00019531250291038305,0.0,0.0,4,9.587239414431311e-05,9.587239414431311e-05,1.0,in,l2sq,6208.661816120148
2026-05-16T05:40:23.980765,254,271492,15.210205620172012,15.210205620172012,50,0.3070652173913043,5.075,0.22,17,20,-0.0029516387614421657,0.9247948601841927,0.427121177315712,0.0004282814559246756,0.002539062508731149,0.0,0.0,4,9.585322062420818e-05,9.585322062420818e-05,1.0,in,l2sq,6233.23015165329
2026-05-16T05:40:46.080412,255,272567,13.963810193178404,14.587007906675208,51,0.30842391304347827,5.225,0.26,20,20,-0.003073591075371862,0.9728171229362488,0.41939930617809296,0.002135148292836675,0.0074218749068677425,0.0,0.0,4,9.58388428807596e-05,9.58388428807596e-05,1.0,in,l2sq,6255.329715967178
2026-05-16T05:41:11.873491,256,273686,34.31289473581304,34.31289473581304,67,0.31222826086956523,5.35,0.31,16,20,-0.001989655584839059,0.9438157305121422,0.43019892275333405,0.0012352193088190355,0.0003906250058207661,0.0,0.0,4,9.58244675335217e-05,9.58244675335217e-05,1.0,in,l2sq,6281.122869491577
2026-05-16T05:41:31.934465,257,274683,112.92973165494693,73.62131319537998,59,0.31331521739130436,5.4,0.26,20,20,-0.0027648292889351778,0.9158932566642761,0.42381084337830544,0.001569364205215612,0.001171875002910383,0.0,0.0,4,9.580530359825967e-05,9.580530359825967e-05,1.0,in,l2sq,6301.183833122253
2026-05-16T05:41:56.959193,258,275770,22.260373589523024,22.260373589523024,52,0.3111413043478261,5.365,0.27,16,20,-0.0029806018283125013,0.9371056109666824,0.4152144640684128,0.0015910425581751042,0.0023437500931322575,0.0,0.0,4,9.579093304224517e-05,9.579093304224517e-05,1.0,in,l2sq,6326.208562374115
2026-05-16T05:42:17.742694,259,276799,-6.982754832362272,7.638809378580376,50,0.30978260869565216,5.235,0.2,20,20,-0.0023698382254226935,0.9363151490688324,0.41950756311416626,0.0010925166722245278,0.0029296876455191523,0.0,0.0,4,9.577656488124349e-05,9.577656488124349e-05,1.0,in,l2sq,6346.992065906525
2026-05-16T05:42:41.182573,260,277804,-8.018773394435756,-8.018773394435756,46,0.30679347826086956,5.145,0.25,15,20,-0.0024042692486545836,0.8827966377139091,0.41075439006090164,0.000493186866242501,0.0019531249854480848,0.0,0.0,4,9.57574105260329e-05,9.57574105260329e-05,1.0,in,l2sq,6370.431956291199
2026-05-16T05:43:03.279545,261,278886,43.1084724583202,17.544849531942223,54,0.30380434782608695,5.305,0.26,20,20,-0.00330080395797272,0.9960838854312897,0.4314950034022331,0.00018478449037502565,0.004687500011641532,0.0,0.0,4,9.574304715385949e-05,9.574304715385949e-05,1.0,in,l2sq,6392.528844356537
2026-05-16T05:43:29.198049,262,279955,-70.74317225426945,-70.74317225426945,41,0.29945652173913045,5.24,0.25,15,20,-0.002038572051242249,0.8402089029550552,0.40912550687789917,0.000571083939803485,0.0003906250058207661,0.0,0.0,4,9.572868617550165e-05,9.572868617550165e-05,1.0,in,l2sq,6418.447365283966
2026-05-16T05:43:50.556362,263,280984,9.177758603381513,-30.78270682544397,57,0.3032608695652174,5.39,0.28,20,20,-0.0038872570759849734,0.9900151565670967,0.40272123366594315,0.0026255272368871166,0.011523437919095159,0.0,0.0,4,9.570954139555342e-05,9.570954139555342e-05,1.0,in,l2sq,6439.805663824081
2026-05-16T05:44:15.774814,264,282077,29.23321227893469,29.23321227893469,61,0.30244565217391306,5.695,0.32,16,20,-0.00352652230649253,0.9381421804428101,0.4084267094731331,0.003185037217826897,0.009765625232830644,0.0,0.0,4,9.569518520362991e-05,9.569518520362991e-05,1.0,in,l2sq,6465.024183034897
2026-05-16T05:44:37.903848,265,283141,44.609298315048115,36.921255296991404,59,0.30217391304347824,5.615,0.32,20,20,-0.0033227794483536854,0.9385222345590591,0.42336995527148247,0.0016174405669516778,0.006640625302679837,0.0,0.0,4,9.56808314043253e-05,9.56808314043253e-05,1.0,in,l2sq,6487.153144836426
2026-05-16T05:45:04.487801,266,284231,29.813577618621142,29.813577618621142,51,0.3016304347826087,5.61,0.27,17,20,-0.0026089564329596082,0.8992810547351837,0.4111199676990509,0.0014413804734886848,0.002734375069849193,0.0,0.0,4,9.566169619485275e-05,9.566169619485275e-05,1.0,in,l2sq,6513.737158536911
2026-05-16T05:45:26.353118,267,285256,87.23096660901844,58.52227211381979,65,0.2997282608695652,5.44,0.2,20,20,-0.0027058586187195255,0.9294386655092239,0.42121563851833344,0.0005129447896251582,0.006250000325962901,0.0,0.0,4,9.564734717958971e-05,9.564734717958971e-05,1.0,in,l2sq,6535.602432250977
2026-05-16T05:45:52.351552,268,286310,51.04997149480369,51.04997149480369,58,0.29782608695652174,5.265,0.21,16,20,-0.0034982048644451313,0.8932548090815544,0.4166432209312916,6.88412403633265e-05,0.0027343750989530236,0.0,0.0,4,9.563300055574951e-05,9.563300055574951e-05,1.0,in,l2sq,6561.600883245468
2026-05-16T05:46:13.858565,269,287319,66.40751163292913,58.72874156386641,57,0.29918478260869563,5.135,0.17,20,20,-0.00230679623491592,0.85078264772892,0.4190624803304672,0.0011404236673114854,0.004296875151339918,0.0,0.0,4,9.561865584476061e-05,9.561865584476061e-05,1.0,in,l2sq,6583.107926130295
2026-05-16T05:46:39.180762,270,288351,27.22009542476869,27.22009542476869,52,0.29891304347826086,5.035,0.17,15,20,-0.003048131335526727,0.9958225190639496,0.4218962490558624,0.0019095588938398689,0.012304688105359674,0.0,0.0,4,9.560431352447719e-05,9.560431352447719e-05,1.0,in,l2sq,6608.430118560791
2026-05-16T05:47:01.948319,271,289424,27.225966819092484,27.22303112193059,51,0.297554347826087,4.96,0.17,20,20,-0.0028690193139481457,0.8831303492188454,0.42236871272325516,0.0009359162985674624,0.004492187639698386,0.0,0.0,4,9.558519361781541e-05,9.558519361781541e-05,1.0,in,l2sq,6631.197627544403
2026-05-16T05:47:25.601198,272,290441,10.17689842767256,10.17689842767256,45,0.2926630434782609,4.88,0.19,18,20,-0.004399212077260017,0.9530993551015854,0.4112077131867409,0.0018655648145795567,0.027343749534338713,0.0,0.0,4,9.557085607774768e-05,9.557085607774768e-05,1.0,in,l2sq,6654.850558042526
2026-05-16T05:47:46.695081,273,291426,1.6646602628030924,5.920779345237826,50,0.29239130434782606,4.76,0.2,20,20,-0.0037067309895065237,0.8912947699427605,0.41754400357604027,0.0027597598711054105,0.015429687453433871,0.0,0.0,4,9.555652092719029e-05,9.555652092719029e-05,1.0,in,l2sq,6675.944372177124
2026-05-16T05:48:09.924399,274,292419,32.78214515703159,32.78214515703159,55,0.29375,4.825,0.25,18,20,-0.001473546087072286,0.8834940493106842,0.4258454442024231,-5.4127365456208e-05,0.0015625000232830644,0.0,0.0,4,9.554218768795445e-05,9.554218768795445e-05,1.0,in,l2sq,6699.173741817474
2026-05-16T05:48:31.407179,275,293474,55.315801931033384,44.04897354403249,66,0.29782608695652174,4.805,0.28,20,20,-0.0033545834186952117,0.927309662103653,0.4215983748435974,0.0004770965616898992,0.004492187668802217,0.0,0.0,4,9.552785683751219e-05,9.552785683751219e-05,1.0,in,l2sq,6720.6564927101135
2026-05-16T05:48:55.786584,276,294523,31.74023303772248,31.74023303772248,52,0.29375,5.095,0.26,18,20,-0.00271205684839515,0.9182605221867561,0.4126225523650646,0.0008496988823026227,0.0025390625378349796,0.0,0.0,4,9.550875222142326e-05,9.550875222142326e-05,1.0,in,l2sq,6745.035942077637
2026-05-16T05:49:16.810324,277,295559,56.447524514655136,44.09387877618881,57,0.2932065217391304,5.12,0.26,20,20,-0.0030740998743567505,0.878096416592598,0.41966181993484497,-0.0004850017965054576,0.010937500512227416,0.0,0.0,4,9.549442614737388e-05,9.549442614737388e-05,1.0,in,l2sq,6766.05961060524
2026-05-16T05:49:42.798651,278,296680,-4.776190424593926,-4.776190424593926,51,0.29293478260869565,5.35,0.26,16,20,-0.0035641231195766565,0.9630519077181816,0.42296770215034485,0.0025557288553045704,0.021289063297444955,0.0,0.0,4,9.548010246092391e-05,9.548010246092391e-05,1.0,in,l2sq,6792.048028230667
2026-05-16T05:50:04.192228,279,297707,0.5000345482626131,-2.1380779381656563,49,0.2926630434782609,5.425,0.24,20,20,-0.002354781370377146,0.9455414414405823,0.42017636075615883,0.0013689505277398005,0.0035156250960426405,0.0,0.0,4,9.546100739523274e-05,9.546100739523274e-05,1.0,in,l2sq,6813.4414846897125
2026-05-16T05:50:29.518979,280,298742,78.90045940415045,78.90045940415045,62,0.2970108695652174,5.495,0.27,17,20,-0.0024495006160577537,1.0562436282634735,0.4120738208293915,-8.650697618584058e-05,0.0031250000465661287,0.0,0.0,4,9.54466884827879e-05,9.54466884827879e-05,1.0,in,l2sq,6838.768325328827
2026-05-16T05:50:51.576995,281,299788,-8.384503971397985,35.25797771637623,48,0.29538043478260867,5.46,0.27,20,20,-0.00299103846482468,0.8759192079305649,0.422110952436924,0.0010398758914106979,0.004882812616415322,0.0,0.0,4,9.543237195674893e-05,9.543237195674893e-05,1.0,in,l2sq,6860.8263058662415
2026-05-16T05:51:17.416404,282,300877,31.982641161478895,31.982641161478895,51,0.2980978260869565,5.22,0.24,17,20,-0.003377907403046221,0.9138132184743881,0.41015688329935074,0.002202221955758449,0.004101562502910383,0.0,0.0,4,9.541328643668129e-05,9.541328643668129e-05,1.0,in,l2sq,6886.665758132935
2026-05-16T05:51:39.411245,283,301938,16.09912192279336,24.040881542136127,48,0.2956521739130435,5.325,0.23,20,20,-0.0006505638259113322,1.0077020227909088,0.41181250661611557,0.0004931784666950545,0.0023437500931322575,0.0,0.0,4,9.539897468226094e-05,9.539897468226094e-05,1.0,in,l2sq,6908.660551071167
2026-05-16T05:52:04.980449,284,303043,-15.954721516984346,-15.954721516984346,56,0.29429347826086955,5.535,0.25,17,20,-0.0023256451218913177,0.8762754574418068,0.39988910779356956,0.0012751937766097843,0.00390625,0.0,0.0,4,9.538466531305348e-05,9.538466531305348e-05,1.0,in,l2sq,6934.229790687561
2026-05-16T05:52:28.424519,285,304145,103.33643207873648,43.690855280876065,73,0.2980978260869565,5.7,0.28,20,20,-0.0033012767409673904,0.9332228004932404,0.39743921905755997,0.002080563684830866,0.0044921875960426405,0.0,0.0,4,9.536558933383751e-05,9.536558933383751e-05,1.0,in,l2sq,6957.673820734024
2026-05-16T05:52:53.030023,286,305198,45.31076957726959,45.31076957726959,60,0.3005434782608696,5.58,0.31,17,20,-0.0030619726807344927,0.9218901097774506,0.4059365764260292,0.0016419622126704779,0.01171875058207661,0.0,0.0,4,9.535128473386333e-05,9.535128473386333e-05,1.0,in,l2sq,6982.279386758804
2026-05-16T05:53:14.086290,287,306237,79.10711338622106,62.20894148174533,55,0.29782608695652174,5.395,0.29,20,20,-0.0035151265910825513,0.9130020812153816,0.39214494079351425,-0.00010274103833581016,0.011523437598953024,0.0,0.0,4,9.533698251790968e-05,9.533698251790968e-05,1.0,in,l2sq,7003.335612535477
2026-05-16T05:53:38.086511,288,307266,38.01966319823499,38.01966319823499,53,0.29646739130434785,5.23,0.28,16,20,-0.0022248233100981285,0.8593213111162186,0.4137325622141361,0.0009510992470040947,0.002148437575669959,0.0,0.0,4,9.531791607477591e-05,9.531791607477591e-05,1.0,in,l2sq,7027.33585524559
2026-05-16T05:54:01.083196,289,308397,13.756586197356233,25.88812469779561,54,0.2956521739130435,5.34,0.23,20,20,-0.0030565321620086294,0.9503945410251617,0.3882022872567177,0.00044663955122814514,0.008203124918509275,0.0,0.0,4,9.53036186256714e-05,9.53036186256714e-05,1.0,in,l2sq,7050.332543134689
2026-05-16T05:54:26.025615,290,309464,-33.06794276132949,-33.06794276132949,42,0.29293478260869565,5.225,0.2,13,20,-0.002786041828221675,0.9533239230513573,0.3897562548518181,-0.0002200932195136956,0.007812500058207661,0.0,0.0,4,9.528932355939565e-05,9.528932355939565e-05,1.0,in,l2sq,7075.27498626709
2026-05-16T05:54:46.250511,291,310457,-13.12421738257769,-23.09608007195359,47,0.29184782608695653,5.205,0.18,20,20,-0.0033314266329398656,0.8476560190320015,0.405373677611351,0.00044886062050863984,0.009375000052386895,0.0,0.0,4,9.527026664757701e-05,9.527026664757701e-05,1.0,in,l2sq,7095.499881029129
2026-05-16T05:55:09.857745,292,311481,-3.7821099160190825,-3.7821099160190825,47,0.29239130434782606,5.15,0.18,16,20,-0.0054775751545094176,0.9277761727571487,0.389143705368042,0.0021458186268318996,0.014843750046566129,0.0,0.0,4,9.525597634576744e-05,9.525597634576744e-05,1.0,in,l2sq,7119.107130050659
2026-05-16T05:55:32.571407,293,312616,-32.21417563728754,-17.99814277665331,48,0.29184782608695653,5.14,0.28,20,20,-0.003160173489595852,0.9322103559970856,0.42846861854195595,0.0025732670006164,0.015039062593132257,0.0,0.0,4,9.524168842559545e-05,9.524168842559545e-05,1.0,in,l2sq,7141.8207924366
2026-05-16T05:55:56.876188,294,313685,24.509879132831973,24.509879132831973,51,0.2907608695652174,5.04,0.28,17,20,-0.003961363087000902,0.9224400147795677,0.4290868379175663,0.0035780143450210716,0.017968750427826308,0.0,0.0,4,9.522264104032722e-05,9.522264104032722e-05,1.0,in,l2sq,7166.125553846359
2026-05-16T05:56:17.985679,295,314744,52.09500143592789,38.302440284379934,54,0.2875,5.205,0.29,20,20,-0.0028389215178321603,0.9643623381853104,0.43533769249916077,0.0021769225586467655,0.010937499813735485,0.0,0.0,4,9.520835788223967e-05,9.520835788223967e-05,1.0,in,l2sq,7187.235048532486
2026-05-16T05:56:41.175520,296,315756,121.83248862454292,121.83248862454292,65,0.2910326086956522,5.4,0.3,18,20,-0.00281280732742753,0.9593114629387856,0.39593707770109177,8.605400471423108e-05,0.009960938070435077,0.0,0.0,4,9.519407710459912e-05,9.519407710459912e-05,1.0,in,l2sq,7210.424916744232
2026-05-16T05:57:02.834687,297,316822,97.41826362832367,109.6253761264333,66,0.29347826086956524,5.72,0.27,20,20,-0.003567710550851255,0.8971172049641609,0.40482478588819504,0.0020607417643987297,0.01250000053551048,0.0,0.0,4,9.517503924111898e-05,9.517503924111898e-05,1.0,in,l2sq,7232.084025859833
2026-05-16T05:57:27.150636,298,317876,92.6038527311211,92.6038527311211,63,0.2967391304347826,5.705,0.24,17,20,-0.003076417720876634,0.9098674803972244,0.3795400559902191,0.001914281591416489,0.0031250000465661287,0.0,0.0,4,9.51607632231823e-05,9.51607632231823e-05,1.0,in,l2sq,7256.400037050247
2026-05-16T05:57:48.332292,299,318916,37.18501120352482,64.89443196732296,55,0.29836956521739133,5.635,0.25,20,20,-0.0036491848411969174,0.9225988686084747,0.37150390073657036,0.0022923019639165543,0.01914062548894435,0.0,0.0,4,9.514648958450263e-05,9.514648958450263e-05,1.0,in,l2sq,7277.581647872925
2026-05-16T05:58:12.905156,300,319918,34.689394210696136,34.689394210696136,61,0.2980978260869565,5.39,0.26,18,20,-0.0028025977953802794,0.9348739236593246,0.41608987003564835,0.0005478285826029661,0.007421875023283064,0.0,0.0,4,9.513221784894308e-05,9.513221784894308e-05,1.0,in,l2sq,7302.1545317173
2026-05-16T05:58:34.848529,301,320991,45.904594159439036,40.29699418506759,64,0.30244565217391306,5.395,0.32,20,20,-0.004284378295415114,0.9147796258330345,0.41775601357221603,-0.00010484722552064896,0.018554688154836185,0.0,0.0,4,9.511794849192684e-05,9.511794849192684e-05,1.0,in,l2sq,7324.097861528397
2026-05-16T05:58:59.503063,302,322027,21.3661975893774,21.3661975893774,61,0.30516304347826084,5.3,0.29,16,20,-0.0033398032333934458,0.9078519642353058,0.3675951808691025,0.002275346763440239,0.01835937483701855,0.0,0.0,4,9.509892585340794e-05,9.509892585340794e-05,1.0,in,l2sq,7348.752432107925
2026-05-16T05:59:20.599030,303,323070,18.80451089427607,20.085354241826735,53,0.3065217391304348,5.39,0.27,20,20,-0.002964172529755338,0.9158568978309631,0.38055380433797836,0.00041364546214039954,0.004687500186264515,0.0,0.0,4,9.508466125228913e-05,9.508466125228913e-05,1.0,in,l2sq,7369.848390340805
2026-05-16T05:59:43.974829,304,324076,19.470906925546473,19.470906925546473,52,0.30543478260869567,5.265,0.23,16,20,-0.003649600892094984,0.9227603152394295,0.38435307145118713,0.0012245130208611982,0.013671875145519152,0.0,0.0,4,9.50703990285246e-05,9.50703990285246e-05,1.0,in,l2sq,7393.224229812622
2026-05-16T06:00:04.493521,305,325093,37.87747460061547,28.674190763080972,53,0.3,5.215,0.23,20,20,-0.002879327593836911,1.0170575976371765,0.3942097797989845,0.001411350643320472,0.005078125279396772,0.0,0.0,4,9.50561387063582e-05,9.50561387063582e-05,1.0,in,l2sq,7413.742853403091
2026-05-16T06:00:35.868223,306,326132,83.65991996312118,83.65991996312118,69,0.30244565217391306,5.265,0.17,20,20,-0.003345811477629468,0.9107001945376396,0.3806663453578949,0.003292364135359077,0.011914062895812094,0.0,0.0,4,9.504188076083295e-05,9.504188076083295e-05,1.0,in,l2sq,7445.117431879044
2026-05-16T06:00:57.748722,307,327214,76.23257829309485,79.94624912810801,63,0.3046195652173913,5.405,0.19,20,20,-0.002788608203991294,0.95563705265522,0.3927416354417801,0.0016931569990674689,0.0031250000465661287,0.0,0.0,4,9.502287333509959e-05,9.502287333509959e-05,1.0,in,l2sq,7466.998106241226
2026-05-16T06:01:21.756795,308,328263,13.971561475612075,13.971561475612075,54,0.3048913043478261,5.53,0.19,18,20,-0.0024334111134521608,0.898107722401619,0.3728187009692192,0.0006139145180896755,0.001953125,0.0,0.0,4,9.500862014166839e-05,9.500862014166839e-05,1.0,in,l2sq,7491.006186723709
2026-05-16T06:01:42.653809,309,329307,-12.811664331267423,0.5799485721723263,49,0.3035326086956522,5.53,0.16,20,20,-0.0030708470061654447,0.8698874041438103,0.3755233734846115,0.0009319972340336158,0.008984375337604433,0.0,0.0,4,9.499436932369023e-05,9.499436932369023e-05,1.0,in,l2sq,7511.90319108963
2026-05-16T06:02:07.065349,310,330378,32.495709352681914,32.495709352681914,60,0.30842391304347827,5.58,0.2,18,20,-0.0035234467504778877,0.9195070415735245,0.37400710210204124,0.0022067675699190513,0.01484375074505806,0.0,0.0,4,9.497537139976919e-05,9.497537139976919e-05,1.0,in,l2sq,7536.314707994461
2026-05-16T06:02:28.848957,311,331469,-13.058413438111664,9.718647957285125,45,0.3078804347826087,5.54,0.15,20,20,-0.0027026713534723523,0.8938672691583633,0.36335597187280655,0.004941870141556115,0.015625,0.0,0.0,4,9.496112533150954e-05,9.496112533150954e-05,1.0,in,l2sq,7558.098345994949
2026-05-16T06:02:52.947530,312,332506,70.10729210172833,70.10729210172833,63,0.31222826086956523,5.54,0.16,17,20,-0.0032167330893572155,0.9491321370005608,0.36918317154049873,0.003164917401682038,0.009570312453433871,0.0,0.0,4,9.494688163751543e-05,9.494688163751543e-05,1.0,in,l2sq,7582.196884155273
2026-05-16T06:03:14.100100,313,333544,62.92417091609028,66.51573150890931,60,0.3154891304347826,5.58,0.23,20,20,-0.0031034264480694906,0.8996594920754433,0.3629114329814911,0.002174330333036781,0.014453125186264515,0.0,0.0,4,9.492789321065675e-05,9.492789321065675e-05,1.0,in,l2sq,7603.349451541901
2026-05-16T06:03:38.172633,314,334580,87.56836306602744,87.56836306602744,56,0.3168478260869565,5.58,0.24,18,20,-0.0036990770255216354,0.9271206855773926,0.3657917082309723,0.0030105844803983706,0.0074218752852175385,0.0,0.0,4,9.491365426400675e-05,9.491365426400675e-05,1.0,in,l2sq,7627.422033786774
2026-05-16T06:04:00.269651,315,335664,57.65805385296283,72.61320845949514,59,0.31820652173913044,5.7,0.24,20,20,-0.0025989733738243093,0.8804031014442444,0.3698333352804184,0.0013508951860785657,0.006054687430150807,0.0,0.0,4,9.489941769043542e-05,9.489941769043542e-05,1.0,in,l2sq,7649.518986463547
2026-05-16T06:04:24.386026,316,336709,91.0755324948403,91.0755324948403,63,0.31766304347826085,5.385,0.19,19,20,-0.0025826547745965434,0.9151373356580734,0.3782018758356571,0.00106825399416266,0.0048828125,0.0,0.0,4,9.488043875589151e-05,9.488043875589151e-05,1.0,in,l2sq,7673.635412454605
2026-05-16T06:04:46.097920,317,337781,-9.465485021285815,40.805023736777244,44,0.31168478260869564,5.265,0.16,20,20,-0.0010997258061249404,0.9559172838926315,0.35686834901571274,0.0008619625819846766,0.0011718750174622983,0.0,0.0,4,9.486620692729108e-05,9.486620692729108e-05,1.0,in,l2sq,7695.3473072052
2026-05-16T06:05:18.263476,318,338855,76.86433622007551,76.86433622007551,58,0.31032608695652175,5.335,0.15,20,20,-0.002621378077310499,0.8726354464888573,0.37883497029542923,0.0008896494513464803,0.0021484375320142135,0.0,0.0,4,9.485197747058303e-05,9.485197747058303e-05,1.0,in,l2sq,7727.512606859207
2026-05-16T06:05:39.582576,319,339907,100.37953749834246,88.62193685920899,60,0.31168478260869564,5.365,0.14,20,20,-0.0032004084961954893,0.849558100104332,0.35834239050745964,0.0007916546073488545,0.009570312526193447,0.0,0.0,4,9.483300802360869e-05,9.483300802360869e-05,1.0,in,l2sq,7748.8319590091705
2026-05-16T06:06:03.346624,320,340932,41.51415994257219,41.51415994257219,65,0.31277173913043477,5.525,0.19,18,20,-0.0026386648300104065,0.9118862301111221,0.3668247386813164,-0.0012910997317704398,0.011328125605359674,0.0,0.0,4,9.481878330949951e-05,9.481878330949951e-05,1.0,in,l2sq,7772.596024990082
2026-05-16T06:06:24.454936,321,341974,12.382810899202902,26.948485420887547,51,0.3092391304347826,5.44,0.22,20,20,-0.002908089806442138,0.9800386354327202,0.36358025297522545,0.0018625679823344385,0.011718750349245965,0.0,0.0,4,9.480456096609702e-05,9.480456096609702e-05,1.0,in,l2sq,7793.704264640808
2026-05-16T06:06:55.036926,322,342964,65.702696704169,65.702696704169,65,0.31032608695652175,5.245,0.2,20,20,-0.0029640406835824695,0.863207995891571,0.3774689510464668,0.001331873425078789,0.005859375291038305,0.0,0.0,4,9.479034051897535e-05,9.479034051897535e-05,1.0,in,l2sq,7824.28613781929
2026-05-16T06:07:16.880135,323,344033,5.72761094222701,35.71515382319801,55,0.3108695652173913,5.225,0.21,20,20,-0.002554003968543883,0.8656823933124542,0.3558403179049492,0.0012627781541140887,0.006054687575669959,0.0,0.0,4,9.477612244184922e-05,9.477612244184922e-05,1.0,in,l2sq,7846.129440069199
2026-05-16T06:07:40.385721,324,345042,70.12485411444543,70.12485411444543,61,0.31331521739130436,5.255,0.19,19,20,-0.0022680895533996326,0.9449720084667206,0.3583453893661499,0.0002175042966882923,0.0009765625291038305,0.0,0.0,4,9.475716816512207e-05,9.475716816512207e-05,1.0,in,l2sq,7869.635103464127
2026-05-16T06:08:01.473964,325,346083,78.5964269328365,74.36064052364097,63,0.3160326086956522,5.25,0.16,20,20,-0.001347214003908359,0.9035262912511826,0.3480735719203949,0.0003797643064899492,0.008203125093132257,0.0,0.0,4,9.474295482680208e-05,9.474295482680208e-05,1.0,in,l2sq,7890.723356723785
2026-05-16T06:08:26.215635,326,347154,14.075362309167666,14.075362309167666,47,0.31005434782608693,5.235,0.16,19,20,-0.0033093728648965204,0.9620045199990273,0.35144706070423126,0.0011634450235760568,0.0074218750960426405,0.0,0.0,4,9.472874385729282e-05,9.472874385729282e-05,1.0,in,l2sq,7915.465002775192
2026-05-16T06:08:47.852929,327,348192,85.41391953780993,49.7446409234888,61,0.3095108695652174,5.275,0.18,20,20,-0.0027036979954573603,0.8983228877186775,0.3678700439631939,0.0008494105003137853,0.0035156250960426405,0.0,0.0,4,9.470979905580882e-05,9.470979905580882e-05,1.0,in,l2sq,7937.10231924057
2026-05-16T06:09:12.495026,328,349261,44.88461481960357,44.88461481960357,59,0.3108695652173913,5.27,0.18,19,20,-0.001996064264676578,0.8572200536727905,0.35601280629634857,0.0002807120391480622,0.0031250001047737896,0.0,0.0,4,9.469559282273678e-05,9.469559282273678e-05,1.0,in,l2sq,7961.744396686554
2026-05-16T06:09:33.127861,329,350281,90.11714067081351,67.50087774520854,59,0.3135869565217391,5.455,0.19,20,20,-0.0036290245800047194,0.9674980640411377,0.36401721462607384,0.0015197135300695774,0.004882812645519152,0.0,0.0,4,9.468138895729134e-05,9.468138895729134e-05,1.0,in,l2sq,7982.377246379852
2026-05-16T06:09:57.084658,330,351317,114.21284892998631,114.21284892998631,74,0.3173913043478261,5.555,0.23,18,20,-0.0030230641947127657,0.8531406670808792,0.3601089343428612,0.0024674024612977297,0.019531250378349796,0.0,0.0,4,9.466718698566304e-05,9.466718698566304e-05,1.0,in,l2sq,8006.334009170532
2026-05-16T06:10:18.243584,331,352360,76.6286046541878,95.42072679208705,50,0.31875,5.45,0.3,20,20,-0.0022139746768516932,0.9489235207438469,0.3276253193616867,0.000688447830725622,0.0009765625291038305,0.0,0.0,4,9.465298738095113e-05,9.465298738095113e-05,1.0,in,l2sq,8027.492936372757
2026-05-16T06:10:42.231693,332,353394,75.946637394376,75.946637394376,62,0.3184782608695652,5.29,0.34,18,20,-0.0024053056164120568,0.9089984148740768,0.34245456755161285,0.0015184203091621329,0.0013671875494765118,0.0,0.0,4,9.463405773000482e-05,9.463405773000482e-05,1.0,in,l2sq,8051.48109459877
2026-05-16T06:11:03.838032,333,354448,45.672155213698595,60.80939630403729,55,0.3171195652173913,5.285,0.4,20,20,-0.0021974050177959725,0.8754589408636093,0.3288124352693558,0.0018781883114571407,0.0011718750465661287,0.0,0.0,4,9.461986285794229e-05,9.461986285794229e-05,1.0,in,l2sq,8073.087376832962
2026-05-16T06:11:35.203366,334,355481,106.24708278568825,106.24708278568825,66,0.31983695652173916,5.405,0.36,20,20,-0.003177120684995316,0.963600642979145,0.34339311346411705,-0.0010675622932012768,0.009179687593132257,0.0,0.0,4,9.460567035161292e-05,9.460567035161292e-05,1.0,in,l2sq,8104.452530622482
2026-05-16T06:11:54.724050,335,356441,67.8946940239791,87.07088840483368,57,0.31929347826086957,5.22,0.3,20,20,-0.0037169584538787603,0.9782595485448837,0.34856782853603363,0.0010519161851334502,0.006250000325962901,0.0,0.0,4,9.459147973758618e-05,9.459147973758618e-05,1.0,in,l2sq,8123.973433732986
2026-05-16T06:12:19.232565,336,357493,71.13749053738508,71.13749053738508,61,0.31875,5.45,0.31,19,20,-0.00394017936778257,0.9342823773622513,0.34342368319630623,0.0033078588247690277,0.015820312924915925,0.0,0.0,4,9.457729148858294e-05,9.457729148858294e-05,1.0,in,l2sq,8148.481955051422
2026-05-16T06:12:40.880890,337,358568,23.42936077133301,47.28342565435904,53,0.32119565217391305,5.4,0.31,20,20,-0.0018309574850718102,0.9256055876612663,0.35745906457304955,0.00024848959610604404,0.0035156249796273187,0.0,0.0,4,9.455837697605816e-05,9.455837697605816e-05,1.0,in,l2sq,8170.130276679993
2026-05-16T06:13:05.917581,338,359659,54.67906799046933,54.67906799046933,62,0.3222826086956522,5.54,0.31,18,20,-0.003417810954851941,0.9540435522794724,0.3630653843283653,1.877033696473518e-05,0.0007812500116415322,0.0,0.0,4,9.45441934559195e-05,9.45441934559195e-05,1.0,in,l2sq,8195.16697216034
2026-05-16T06:13:26.506859,339,360681,28.394281847953643,41.536674919211485,48,0.3190217391304348,5.395,0.33,20,20,-0.003698651160812083,0.9007092863321304,0.3524620532989502,-0.0004795962238404172,0.009179687389405444,0.0,0.0,4,9.453001229962207e-05,9.453001229962207e-05,1.0,in,l2sq,8215.75624203682
2026-05-16T06:13:51.434741,340,361767,2.3488114581504096,2.3488114581504096,52,0.3154891304347826,5.34,0.27,18,20,-0.0018364526415097226,0.902031809091568,0.34026990458369255,0.00016066328400940466,0.008789062572759576,0.0,0.0,4,9.451110724246228e-05,9.451110724246228e-05,1.0,in,l2sq,8240.684089660645
2026-05-16T06:14:13.863529,341,362833,72.02790362925313,37.18835754370177,68,0.3201086956521739,5.245,0.23,20,20,-0.0026667654514316297,0.9950935244560242,0.3512565344572067,-5.093631953062561e-05,0.0050781251629814506,0.0,0.0,4,9.449693081266551e-05,9.449693081266551e-05,1.0,in,l2sq,8263.112910985947
2026-05-16T06:14:39.177289,342,363883,65.37731040213488,65.37731040213488,50,0.3160326086956522,5.27,0.28,18,20,-0.0021100088801175865,1.003463789820671,0.34220877289772034,0.0006025551947232144,0.0023437499767169356,0.0,0.0,4,9.448275674552826e-05,9.448275674552826e-05,1.0,in,l2sq,8288.426644563675
2026-05-16T06:15:03.275425,343,365019,-8.989199052289345,28.19405567492277,56,0.31630434782608696,5.24,0.27,20,20,-0.0024285905899887883,0.9019224643707275,0.3464912995696068,0.0018677226373028932,0.0005859375087311491,0.0,0.0,4,9.446386113900672e-05,9.446386113900672e-05,1.0,in,l2sq,8312.524776935577
2026-05-16T06:15:29.249598,344,366097,46.072338096635946,46.072338096635946,53,0.3141304347826087,5.255,0.28,18,20,-0.002224106309586138,0.8455313071608543,0.34869468212127686,0.00010183676486115456,0.002734375069849193,0.0,0.0,4,9.444496931141754e-05,9.444496931141754e-05,1.0,in,l2sq,8338.49899315834
2026-05-16T06:15:51.816242,345,367165,112.79215251821755,79.43224530742674,69,0.3157608695652174,5.465,0.3,20,20,-0.003655679587973304,0.9571834951639175,0.3473607897758484,-0.00020260493474779512,0.007812499912688509,0.0,0.0,4,9.443080280214505e-05,9.443080280214505e-05,1.0,in,l2sq,8361.065577983856
2026-05-16T06:16:16.139844,346,368168,79.9912183110292,79.9912183110292,55,0.3179347826086957,5.415,0.26,18,20,-0.0018836256269424423,0.9631647393107414,0.34508152678608894,0.0021898989441467287,0.0037109375261934474,0.0,0.0,4,9.441663865387875e-05,9.441663865387875e-05,1.0,in,l2sq,8385.389229774475
2026-05-16T06:16:38.547056,347,369228,94.7180323743695,87.35462534269935,64,0.31875,5.38,0.2,20,20,-0.0036179602728225735,0.8900384157896042,0.3356741815805435,0.0016693992661203083,0.0031249999592546374,0.0,0.0,4,9.440247639413407e-05,9.440247639413407e-05,1.0,in,l2sq,8407.796434164047
2026-05-16T06:17:04.130384,348,370285,84.0427466153104,84.0427466153104,55,0.31766304347826085,5.715,0.19,16,20,-0.002753882863908097,0.9151329770684242,0.3360620141029358,0.001322259075504928,0.0048828125291038305,0.0,0.0,4,9.438831649468733e-05,9.438831649468733e-05,1.0,in,l2sq,8433.379738092422
2026-05-16T06:17:26.135008,349,371324,72.2146021155018,78.12867436540611,57,0.3171195652173913,5.69,0.12,20,20,-0.0029617265827255324,0.888197548687458,0.34022359177470207,0.0022611719826272636,0.005468750314321369,0.0,0.0,4,9.436943977527156e-05,9.436943977527156e-05,1.0,in,l2sq,8455.384372234344
2026-05-16T06:17:53.188379,350,372381,58.22296426538611,58.22296426538611,47,0.30978260869565216,5.83,0.12,16,20,-0.00237906062393467,0.8554374277591705,0.3424340710043907,-0.0007669900965993071,0.007812500116415322,0.0,0.0,4,9.435528459524067e-05,9.435528459524067e-05,1.0,in,l2sq,8482.437705039978
2026-05-16T06:18:15.750238,351,373438,8.06701581344245,33.14499003941428,51,0.31005434782608693,5.63,0.11,20,20,-0.002647748665185634,0.9237282872200012,0.3278278671205044,0.0014630456495297057,0.0042968750931322575,0.0,0.0,4,9.434113177432782e-05,9.434113177432782e-05,1.0,in,l2sq,8504.999615907669
2026-05-16T06:18:41.386667,352,374493,84.57250247665722,84.57250247665722,62,0.31005434782608693,5.45,0.14,15,20,-0.0034977328235982486,0.9738024845719337,0.33826008811593056,0.0002972805337321943,0.009570312569849193,0.0,0.0,4,9.432226449138426e-05,9.432226449138426e-05,1.0,in,l2sq,8530.636033535004
2026-05-16T06:19:04.482326,353,375578,66.35607097888477,75.464286727771,60,0.3114130434782609,5.41,0.12,20,20,-0.0027787894476205555,0.8450723141431808,0.3128930926322937,0.0012207854999360945,0.005859374912688509,0.0,0.0,4,9.4308116387528e-05,9.4308116387528e-05,1.0,in,l2sq,8553.731671094894
2026-05-16T06:19:30.421090,354,376640,48.82831168262894,48.82831168262894,56,0.30869565217391304,5.365,0.12,15,20,-0.00318438139220234,0.9630966559052467,0.33756598457694054,-0.0006657341627033242,0.013671875232830644,0.0,0.0,4,9.429397064161045e-05,9.429397064161045e-05,1.0,in,l2sq,8579.670481920242
2026-05-16T06:19:52.386056,355,377675,38.49723766971371,43.662774676171324,54,0.3078804347826087,5.485,0.11,20,20,-0.002318836027188631,0.9158071205019951,0.33087967336177826,0.0009541369990756499,0.001171875002910383,0.0,0.0,4,9.427511279042183e-05,9.427511279042183e-05,1.0,in,l2sq,8601.635390281677
2026-05-16T06:20:16.866810,356,378678,67.62879921273388,67.62879921273388,58,0.3070652173913043,5.4,0.16,16,20,-0.0018728971503154668,0.9008073210716248,0.3444067984819412,0.0007346803406108049,0.0011718750465661287,0.0,0.0,4,9.426097175920285e-05,9.426097175920285e-05,1.0,in,l2sq,8626.1161942482
2026-05-16T06:20:40.099128,357,379765,69.878368945668,68.75358407920095,53,0.3070652173913043,5.43,0.21,20,20,-0.0032753765728557593,0.924135223031044,0.31368424370884895,0.0009602259511211908,0.005468750256113708,0.0,0.0,4,9.424683308474383e-05,9.424683308474383e-05,1.0,in,l2sq,8649.3485019207
2026-05-16T06:21:04.675464,358,380768,105.31542624907681,105.31542624907681,61,0.30679347826086956,5.34,0.24,17,20,-0.0025254250242141563,0.8878952711820602,0.32360462099313736,-4.162320151407384e-05,0.001953125,0.0,0.0,4,9.423269629540998e-05,9.423269629540998e-05,1.0,in,l2sq,8673.92481470108
2026-05-16T06:21:28.311098,359,381875,45.51981520464258,75.4176207268597,56,0.3089673913043478,5.56,0.25,20,20,-0.0019479115173454131,0.906860925257206,0.330056369304657,0.0006898023010421528,0.00019531250291038305,0.0,0.0,4,9.421856186212914e-05,9.421856186212914e-05,1.0,in,l2sq,8697.560458898544
2026-05-16T06:21:53.162340,360,382890,115.00147259002415,115.00147259002415,65,0.3125,5.54,0.21,16,20,-0.004117568841320529,0.8991274982690811,0.35718800127506256,0.002148741198197964,0.009960938084986992,0.0,0.0,4,9.419971909194235e-05,9.419971909194235e-05,1.0,in,l2sq,8722.411715984344
2026-05-16T06:22:15.762244,361,383952,38.15624294051019,76.57885776526717,57,0.3095108695652174,5.59,0.18,20,20,-0.0014188170862325933,0.8887174129486084,0.321490116417408,-0.000619943301717274,0.0011718750174622983,0.0,0.0,4,9.418558936958962e-05,9.418558936958962e-05,1.0,in,l2sq,8745.011583566666
2026-05-16T06:22:41.191990,362,385013,104.31383066183577,104.31383066183577,59,0.3119565217391304,5.695,0.18,17,20,-0.0027663804823533367,0.9135380908846855,0.3222886063158512,0.0011766603156956879,0.003710937628056854,0.0,0.0,4,9.417146200211213e-05,9.417146200211213e-05,1.0,in,l2sq,8770.441379785538
2026-05-16T06:23:02.962122,363,386088,55.30619103569527,79.81001084876551,56,0.3119565217391304,5.635,0.24,20,20,-0.003094307010178432,0.8894771337509155,0.32981058210134506,0.0017415538603472447,0.009765625232830644,0.0,0.0,4,9.415262865142633e-05,9.415262865142633e-05,1.0,in,l2sq,8792.211470603943
2026-05-16T06:23:28.202689,364,387191,78.84570478024821,78.84570478024821,61,0.3141304347826087,5.635,0.29,16,20,-0.002786698966519896,0.9341634511947632,0.3437909111380577,5.609565696432228e-05,0.0003906250058207661,0.0,0.0,4,9.413850599252196e-05,9.413850599252196e-05,1.0,in,l2sq,8817.452054738998
2026-05-16T06:23:49.134205,365,388229,132.4882428354,105.6669738078241,64,0.31277173913043477,5.535,0.29,20,20,-0.003225597442360617,0.8613005578517914,0.33253250271081924,0.0007482373730454041,0.006250000165891834,0.0,0.0,4,9.412438568731562e-05,9.412438568731562e-05,1.0,in,l2sq,8838.383588075638
2026-05-16T06:24:14.502819,366,389329,98.47635557641819,98.47635557641819,58,0.3135869565217391,5.59,0.27,15,20,-0.0031541137199382896,0.9294024035334587,0.346667543053627,0.0009100433604998905,0.0068359378492459655,0.0,0.0,4,9.4105561751422e-05,9.4105561751422e-05,1.0,in,l2sq,8863.752200365067
2026-05-16T06:24:35.286006,367,390361,95.97600810083486,97.22618183862653,60,0.3125,5.385,0.22,20,20,-0.0034046770306304097,0.8945441395044327,0.32945040613412857,0.0007159694919209869,0.0023437500931322575,0.0,0.0,4,9.409144615243496e-05,9.409144615243496e-05,1.0,in,l2sq,8884.535331964493
2026-05-16T06:25:00.586526,368,391463,-3.8389296814676266,-3.8389296814676266,55,0.3125,5.385,0.2,18,20,-0.0023253223269419365,0.9029641821980476,0.33557576313614845,0.0006422961707585328,0.003710937628056854,0.0,0.0,4,9.407733290596931e-05,9.407733290596931e-05,1.0,in,l2sq,8909.835922002792
2026-05-16T06:25:21.697398,369,392512,101.34736151514193,48.75421591683715,64,0.3144021739130435,5.425,0.22,20,20,-0.002772722391819138,0.929490365087986,0.349642027169466,0.0001443951462534454,0.004101562502910383,0.0,0.0,4,9.405851838016145e-05,9.405851838016145e-05,1.0,in,l2sq,8930.946727991104
2026-05-16T06:25:46.288113,370,393586,7.075532262109149,7.075532262109149,52,0.3157608695652174,5.34,0.21,19,20,-0.004252350504975855,0.9374512583017349,0.3430028110742569,0.0065031908154878915,0.029296875931322575,0.0,0.0,4,9.404440983756248e-05,9.404440983756248e-05,1.0,in,l2sq,8955.53750038147
2026-05-16T06:26:07.012403,371,394614,74.41508242993788,40.745307346023516,59,0.3179347826086957,5.515,0.21,20,20,-0.0024474990263115837,0.9061468690633774,0.33603398501873016,0.0008085059531595072,0.0033203125494765118,0.0,0.0,4,9.40303036463089e-05,9.40303036463089e-05,1.0,in,l2sq,8976.26178097725
2026-05-16T06:26:30.974594,372,395653,34.904399884732925,34.904399884732925,50,0.31467391304347825,5.39,0.2,18,20,-0.0024095013794067643,0.9274243637919426,0.35604427754879,0.002550727680045342,0.005468749979627319,0.0,0.0,4,9.401149852588268e-05,9.401149852588268e-05,1.0,in,l2sq,9000.223957777023
2026-05-16T06:26:52.000140,373,396694,35.38554000785184,35.14496994629238,55,0.31331521739130436,5.395,0.22,20,20,-0.003019766579382077,1.002423420548439,0.35915208607912064,0.001794484105630545,0.004687500186264515,0.0,0.0,4,9.399739703614429e-05,9.399739703614429e-05,1.0,in,l2sq,9021.249531030655
2026-05-16T06:27:27.353553,374,397764,94.1413121895963,94.1413121895963,65,0.3157608695652174,5.355,0.24,20,20,-0.002201323256304011,0.8921611234545708,0.34843744337558746,0.0017461259519336858,0.0037109376426087692,0.0,0.0,4,9.398329789657585e-05,9.398329789657585e-05,1.0,in,l2sq,9056.602671146393
2026-05-16T06:27:49.171644,375,398808,6.931814260512458,50.53656322505438,55,0.3160326086956522,5.14,0.23,20,20,-0.0031986579910152635,0.9308249056339264,0.364453449845314,-4.3705662255838496e-05,0.0039062500291038305,0.0,0.0,4,9.396450217682952e-05,9.396450217682952e-05,1.0,in,l2sq,9078.420962810516
2026-05-16T06:28:14.827825,376,399887,84.3943512206622,84.3943512206622,51,0.3141304347826087,5.17,0.19,19,20,-0.0021582961286186197,0.8941592276096344,0.3359882980585098,0.0004107813982044961,0.0011718750465661287,0.0,0.0,4,9.3950407736426e-05,9.3950407736426e-05,1.0,in,l2sq,9104.077232122421
2026-05-16T06:28:36.314034,377,400943,76.78287383703633,80.58861252884927,60,0.3160326086956522,5.38,0.22,20,20,-0.003010560671100393,0.9394980892539024,0.35054243728518486,0.0009904687304697346,0.0025390625232830644,0.0,0.0,4,9.393631564501756e-05,9.393631564501756e-05,1.0,in,l2sq,9125.563368320465
2026-05-16T06:29:01.065729,378,402012,138.69540727866925,138.69540727866925,67,0.31766304347826085,5.53,0.23,19,20,-0.0028486650699051097,0.9043509066104889,0.33127182349562645,-0.00038992920118510743,0.008984375046566129,0.0,0.0,4,9.391752932125171e-05,9.391752932125171e-05,1.0,in,l2sq,9150.315117120743
2026-05-16T06:29:22.080855,379,403045,86.79642457848779,112.74591592857851,52,0.31657608695652173,5.42,0.2,20,20,-0.002706612736801617,0.9701530635356903,0.33075521886348724,0.00042838130648303885,0.0011718750465661287,0.0,0.0,4,9.390344192665908e-05,9.390344192665908e-05,1.0,in,l2sq,9171.330234766006
2026-05-16T06:29:45.766192,380,404061,61.70459327344825,61.70459327344825,58,0.31467391304347825,5.27,0.19,18,20,-0.0030264419081504623,0.9631896167993546,0.3456186354160309,0.0007208164106032103,0.00917968770954758,0.0,0.0,4,9.388935687988729e-05,9.388935687988729e-05,1.0,in,l2sq,9195.015559911728
2026-05-16T06:30:06.667432,381,405090,82.92942202317202,72.31700764831014,61,0.3157608695652174,5.16,0.19,20,20,-0.003424979781266213,0.8797513395547867,0.3260194957256317,0.0011354419889357814,0.009765625,0.0,0.0,4,9.387527371109043e-05,9.387527371109043e-05,1.0,in,l2sq,9215.916806221008
2026-05-16T06:30:31.180992,382,406146,97.55158935153716,97.55158935153716,61,0.31630434782608696,5.475,0.17,17,20,-0.003285671284538716,0.9183303043246269,0.333950724452734,0.0014694261009935428,0.009765624912688509,0.0,0.0,4,9.386119288941013e-05,9.386119288941013e-05,1.0,in,l2sq,9240.430368900299
2026-05-16T06:30:53.088260,383,407220,57.47747285734601,77.51453110444159,59,0.3171195652173913,5.53,0.16,20,20,-0.0021678425822756475,0.8991723954677582,0.3423273116350174,0.001276186853249317,0.0025390625960426405,0.0,0.0,4,9.38424215894442e-05,9.38424215894442e-05,1.0,in,l2sq,9262.337581396103
2026-05-16T06:31:16.652428,384,408232,81.6157688575734,81.6157688575734,57,0.3160326086956522,5.525,0.09,19,20,-0.002201832924038194,0.9159677475690842,0.32142673432826996,0.0006597803406748204,0.0023437500931322575,0.0,0.0,4,9.382834546082356e-05,9.382834546082356e-05,1.0,in,l2sq,9285.901815414429
2026-05-16T06:31:38.161290,385,409284,16.455478159442425,49.03562350850791,52,0.31277173913043477,5.52,0.06,20,20,-0.0029771522415102947,0.9332026019692421,0.3487376682460308,0.0008473128951209941,0.0005859375087311491,0.0,0.0,4,9.381427167814616e-05,9.381427167814616e-05,1.0,in,l2sq,9307.410628318787
2026-05-16T06:32:02.591980,386,410350,130.67885545892008,130.67885545892008,62,0.3138586956521739,5.495,0.13,19,20,-0.0030963548197177615,0.8841753304004669,0.3412833884358406,0.00034469387505849103,0.005468749979627319,0.0,0.0,4,9.379550976195326e-05,9.379550976195326e-05,1.0,in,l2sq,9331.841351032257
2026-05-16T06:32:23.432832,387,411383,76.53312227545928,103.60598886718968,60,0.3138586956521739,5.545,0.15,20,20,-0.0029875174630433765,0.9867036044597626,0.3296101465821266,0.001216740743620992,0.005468750197906047,0.0,0.0,4,9.378144066998947e-05,9.378144066998947e-05,1.0,in,l2sq,9352.68221282959
2026-05-16T06:32:47.751007,388,412441,63.37947577512256,63.37947577512256,57,0.3144021739130435,5.485,0.17,19,20,-0.0030085113045060785,0.9354091435670853,0.3362053595483303,0.000991165999130239,0.0015625000087311491,0.0,0.0,4,9.376737392279618e-05,9.376737392279618e-05,1.0,in,l2sq,9377.000374555588
2026-05-16T06:33:08.910625,389,413491,58.668621677189925,61.02404872615624,60,0.31331521739130436,5.24,0.15,20,20,-0.0028644078032812326,0.9194305688142776,0.34635598957538605,-0.000519046686167729,0.006054687546566129,0.0,0.0,4,9.374862138568536e-05,9.374862138568536e-05,1.0,in,l2sq,9398.160001277924
2026-05-16T06:33:33.453765,390,414560,30.41170704860229,30.41170704860229,50,0.31277173913043477,5.195,0.17,18,20,-0.0030787199502810836,0.9152407497167587,0.3667167127132416,0.0016125057967655843,0.009375000139698386,0.0,0.0,4,9.373455932686078e-05,9.373455932686078e-05,1.0,in,l2sq,9422.703169107437
2026-05-16T06:33:54.129408,391,415585,76.1240965465008,53.267901797551545,60,0.3130434782608696,5.13,0.14,20,20,-0.003336275408219125,0.8556525111198425,0.3405363894999027,0.0021844973862699055,0.005468750125146471,0.0,0.0,4,9.372049961163455e-05,9.372049961163455e-05,1.0,in,l2sq,9443.378721237183
2026-05-16T06:34:17.408319,392,416593,73.15396195600914,73.15396195600914,58,0.31521739130434784,5.15,0.13,18,20,-0.003392404463375076,0.8311410695314407,0.32586973160505295,0.0015543774457908999,0.004687500186264515,0.0,0.0,4,9.370644177100576e-05,9.370644177100576e-05,1.0,in,l2sq,9466.65770983696
2026-05-16T06:34:38.385591,393,417633,35.340068689244355,54.24701532262675,49,0.3135869565217391,5.2,0.16,20,20,-0.003390196754480712,0.8966043666005135,0.3032417595386505,0.002965760394499743,0.01679687504656613,0.0,0.0,4,9.369238627327233e-05,9.369238627327233e-05,1.0,in,l2sq,9487.634949445724
2026-05-16T06:35:01.778117,394,418646,127.24770368190849,127.24770368190849,68,0.3144021739130435,5.355,0.17,18,20,-0.0027455769610241765,0.946844294667244,0.3259242884814739,0.0010193410169450634,0.0009765625145519152,0.0,0.0,4,9.367364873294153e-05,9.367364873294153e-05,1.0,in,l2sq,9511.027490139008
2026-05-16T06:35:22.648098,395,419683,116.22230325974269,121.73500347082559,63,0.31657608695652173,5.305,0.21,20,20,-0.003290556417778312,0.8846030831336975,0.3335348814725876,-0.00012249924684511193,0.008593750186264515,0.0,0.0,4,9.365959791982744e-05,9.365959791982744e-05,1.0,in,l2sq,9531.89747953415
2026-05-16T06:35:46.949434,396,420738,156.33056058831522,156.33056058831522,63,0.31983695652173916,5.51,0.23,18,20,-0.003646061735344111,0.8865627646446228,0.3199753016233444,0.002504948670139062,0.0054687500960426405,0.0,0.0,4,9.364554944843746e-05,9.364554944843746e-05,1.0,in,l2sq,9556.198792219162
2026-05-16T06:36:08.577270,397,421808,93.91118826118583,125.12087442475053,64,0.3209239130434783,5.52,0.18,20,20,-0.0027027588941563874,0.8901353478431702,0.3115042522549629,0.0015217980688930766,0.008984375308500603,0.0,0.0,4,9.362682127500327e-05,9.362682127500327e-05,1.0,in,l2sq,9577.82662987709
2026-05-16T06:36:33.554787,398,422867,126.49600806629901,126.49600806629901,66,0.32065217391304346,5.47,0.18,16,20,-0.003736795566510409,0.9540085196495056,0.3076205253601074,0.0017219701215708816,0.028515624813735485,0.0,0.0,4,9.361277748589078e-05,9.361277748589078e-05,1.0,in,l2sq,9602.804187059402
2026-05-16T06:36:55.756227,399,423936,39.67545426387076,83.0857311650849,49,0.31983695652173916,5.46,0.12,20,20,-0.002599569044832606,0.9464320316910744,0.31544069945812225,0.0007895598387221738,0.004492187523283064,0.0,0.0,4,9.35987360373318e-05,9.35987360373318e-05,1.0,in,l2sq,9625.005537986755
2026-05-16T06:37:20.028749,400,424939,77.60388289110358,77.60388289110358,57,0.31956521739130433,5.305,0.08,17,20,-0.0016079462075140327,0.8750746995210648,0.29841647297143936,7.138069595385987e-05,0.0007812500116415322,0.0,0.0,4,9.358469646093473e-05,9.358469646093473e-05,1.0,in,l2sq,9649.278132677078
2026-05-16T06:37:40.881353,401,425983,53.91974280353123,65.7618128473174,56,0.31820652173913044,5.325,0.12,20,20,-0.0028891280846436995,0.9048300161957741,0.310082770884037,0.0015850620651690767,0.006054687430150807,0.0,0.0,4,9.357065922438908e-05,9.357065922438908e-05,1.0,in,l2sq,9670.130723714828
2026-05-16T06:38:06.136171,402,427081,103.25412417173129,103.25412417173129,63,0.31875,5.37,0.13,16,20,-0.0025420151869184338,0.9447898715734482,0.3112587332725525,-0.00039329697381162987,0.004882812572759576,0.0,0.0,4,9.35519460282508e-05,9.35519460282508e-05,1.0,in,l2sq,9695.385568857193
2026-05-16T06:38:27.294071,403,428132,65.7849788863881,84.5195515290597,57,0.31820652173913044,5.55,0.17,20,20,-0.003764678031438956,0.9001541286706924,0.3151225596666336,0.0007421870369853645,0.00937500037252903,0.0,0.0,4,9.353791347023813e-05,9.353791347023813e-05,1.0,in,l2sq,9716.543446302414
2026-05-16T06:38:52.272344,404,429221,76.07948534618798,76.07948534618798,57,0.31820652173913044,5.73,0.22,17,20,-0.0013648435451614205,0.90027816593647,0.32873954251408577,0.0017586010736522439,0.005468750139698386,0.0,0.0,4,9.352388325090715e-05,9.352388325090715e-05,1.0,in,l2sq,9741.52172780037
2026-05-16T06:39:13.441233,405,430267,30.83870332572596,53.45909433595697,49,0.3173913043478261,5.705,0.23,20,20,-0.0029434480748021796,0.8576805219054222,0.32301854714751244,0.0003200493858912523,0.002343750005820766,0.0,0.0,4,9.350517940949581e-05,9.350517940949581e-05,1.0,in,l2sq,9762.690610170364
2026-05-16T06:39:38.638219,406,431325,49.98359642679726,49.98359642679726,59,0.31657608695652173,5.59,0.26,18,20,-0.002993252227315668,0.9130135178565979,0.33091722428798676,0.0002764307764664409,0.003515625052386895,0.0,0.0,4,9.349115386635903e-05,9.349115386635903e-05,1.0,in,l2sq,9787.88758134842
2026-05-16T06:40:00.377744,407,432361,91.99584155395371,70.98971899037548,71,0.31956521739130433,5.255,0.27,20,20,-0.002606333442963793,0.8922104761004448,0.33095959946513176,0.0007899698541336819,0.003125000119325705,0.0,0.0,4,9.347713066073485e-05,9.347713066073485e-05,1.0,in,l2sq,9809.62711405754
2026-05-16T06:40:24.899593,408,433381,119.39820198029012,119.39820198029012,63,0.32119565217391305,5.23,0.3,17,20,-0.002792524624965209,0.855596236884594,0.3126341253519058,0.002713092885051102,0.008789062412688509,0.0,0.0,4,9.345843616937401e-05,9.345843616937401e-05,1.0,in,l2sq,9834.148941755295
2026-05-16T06:40:45.936782,409,434381,57.06590728434407,88.2320546323171,56,0.3201086956521739,5.355,0.29,20,20,-0.0018474884855095297,0.8903343975543976,0.3017145171761513,0.0007499838313378415,0.002343750005820766,0.0,0.0,4,9.344441763760638e-05,9.344441763760638e-05,1.0,in,l2sq,9855.186074495316
2026-05-16T06:41:10.162509,410,435403,81.43875474734848,81.43875474734848,57,0.3220108695652174,5.325,0.24,17,20,-0.003763369191437993,0.9150616601109505,0.3247207701206207,0.0001353063336636956,0.015820312735741027,0.0,0.0,4,9.343040144218283e-05,9.343040144218283e-05,1.0,in,l2sq,9879.411824703217
2026-05-16T06:41:30.602891,411,436414,139.60480043222748,110.52177758978797,69,0.3244565217391304,5.31,0.19,20,20,-0.00384822349296865,0.9026498198509216,0.28785399347543716,0.001638897864950195,0.008203125325962901,0.0,0.0,4,9.341638711555419e-05,9.341638711555419e-05,1.0,in,l2sq,9899.852186203003
2026-05-16T06:41:55.940079,412,437515,23.979938340172065,23.979938340172065,55,0.32364130434782606,5.275,0.12,17,20,-0.00371370362990997,0.9466728791594505,0.30288858711719513,0.001905134480830406,0.00722656246216502,0.0,0.0,4,9.34023751245688e-05,9.34023751245688e-05,1.0,in,l2sq,9925.189440011978
2026-05-16T06:42:16.743598,413,438543,88.85855344482249,56.41924589249728,63,0.327445652173913,5.15,0.13,20,20,-0.00261210918979482,0.8782948851585388,0.31336337327957153,0.00024666106324957443,0.0027343750261934474,0.0,0.0,4,9.338369558356764e-05,9.338369558356764e-05,1.0,in,l2sq,9945.992911338806
2026-05-16T06:42:40.609155,414,439577,119.06746221867931,119.06746221867931,67,0.32717391304347826,5.165,0.15,17,20,-0.0031603485986124724,0.9196715801954269,0.3122219815850258,0.002114214148468796,0.009374999906867743,0.0,0.0,4,9.336968826270103e-05,9.336968826270103e-05,1.0,in,l2sq,9969.858522415161
2026-05-16T06:43:02.043908,415,440638,90.69082573003813,104.87914397435873,67,0.3282608695652174,5.325,0.19,20,20,-0.003598181407141854,0.967975877225399,0.31270940229296684,0.0028009363539468132,0.02519531291909516,0.0,0.0,4,9.335568327631006e-05,9.335568327631006e-05,1.0,in,l2sq,9991.293230295181
2026-05-16T06:43:25.081808,416,441633,94.76146022628491,94.76146022628491,57,0.32663043478260867,5.3,0.2,19,20,-0.00271579701511665,0.9398961812257767,0.30915943533182144,-7.788230018376807e-05,0.0013671875349245965,0.0,0.0,4,9.333701307321163e-05,9.333701307321163e-05,1.0,in,l2sq,10014.331176519394
2026-05-16T06:43:46.253599,417,442684,141.4246815601736,118.09307089322925,63,0.3263586956521739,5.34,0.21,20,20,-0.0035684231901541574,0.9630739390850067,0.2991281971335411,0.0004727139059468727,0.003515625052386895,0.0,0.0,4,9.332301275460484e-05,9.332301275460484e-05,1.0,in,l2sq,10035.502893686295
2026-05-16T06:44:10.035924,418,443718,119.46514066489276,119.46514066489276,67,0.32663043478260867,5.21,0.15,19,20,-0.003825865365797654,0.8748766705393791,0.3012474402785301,0.002781744670346614,0.01464843808207661,0.0,0.0,4,9.33090147693067e-05,9.33090147693067e-05,1.0,in,l2sq,10059.285324573517
2026-05-16T06:44:31.859287,419,444800,150.0176543379723,134.74139750143252,70,0.3323369565217391,5.47,0.15,20,20,-0.0025178737909300197,0.9074350818991661,0.3020947612822056,0.0021891762430641254,0.006640625244472176,0.0,0.0,4,9.3290353899443e-05,9.3290353899443e-05,1.0,in,l2sq,10081.108600378036
2026-05-16T06:44:56.930504,420,445899,70.59647552136565,70.59647552136565,64,0.3342391304347826,5.595,0.12,19,20,-0.003919071092968629,0.8729715347290039,0.30840835720300674,0.0029783837680952274,0.007031250192085281,0.0,0.0,4,9.327636057959563e-05,9.327636057959563e-05,1.0,in,l2sq,10106.179838895798
2026-05-16T06:45:18.140798,421,446949,101.5226275894418,86.05955155540371,55,0.3339673913043478,5.66,0.18,20,20,-0.0026228540154988877,0.9127368852496147,0.32322483882308006,0.0019164878735637436,0.0039062501600710675,0.0,0.0,4,9.32623695918905e-05,9.32623695918905e-05,1.0,in,l2sq,10127.390149831772
2026-05-16T06:45:42.144767,422,447991,72.05745928450908,72.05745928450908,59,0.3328804347826087,5.515,0.21,18,20,-0.003845329041360035,0.9659209549427032,0.3644047975540161,-0.0011441272199590458,0.00703125010477379,0.0,0.0,4,9.324838046961931e-05,9.324838046961931e-05,1.0,in,l2sq,10151.394152641296
2026-05-16T06:46:03.119347,423,449030,90.5504999870384,81.30397963577374,60,0.33369565217391306,5.755,0.27,20,20,-0.004065321106463571,0.9278872609138489,0.32992159202694893,0.002128151865929323,0.013476562569849193,0.0,0.0,4,9.323439367879077e-05,9.323439367879077e-05,1.0,in,l2sq,10172.368685483932
2026-05-16T06:46:27.557232,424,450093,16.69439506987968,16.69439506987968,52,0.3323369565217391,5.74,0.27,18,20,-0.0035447963251499237,0.9291548728942871,0.316403791308403,-5.409966704522651e-05,0.009179687651339918,0.0,0.0,4,9.321574773239896e-05,9.321574773239896e-05,1.0,in,l2sq,10196.806601285934
2026-05-16T06:46:49.516976,425,451183,104.63628264300519,60.66533885644243,64,0.33641304347826084,5.78,0.23,20,20,-0.003810443030670463,0.9095229506492615,0.29509110003709793,0.004588048665209496,0.022265624720603228,0.0,0.0,4,9.320176560329012e-05,9.320176560329012e-05,1.0,in,l2sq,10218.766357898712
2026-05-16T06:47:13.774891,426,452242,74.13390673319984,74.13390673319984,54,0.33505434782608695,5.75,0.2,17,20,-0.003875558098661691,0.9494271650910378,0.312421802431345,0.0015582235806960235,0.008398437756113708,0.0,0.0,4,9.318778580445845e-05,9.318778580445845e-05,1.0,in,l2sq,10243.024258852005
2026-05-16T06:47:33.884371,427,453251,92.43953483348328,83.28672078334156,61,0.3323369565217391,5.74,0.22,20,20,-0.0026693091727793272,0.8796754777431488,0.32212427631020546,-3.4262936651208165e-06,0.012500000011641532,0.0,0.0,4,9.316914917917543e-05,9.316914917917543e-05,1.0,in,l2sq,10263.133743524551
2026-05-16T06:47:58.257701,428,454265,58.533638219651856,58.533638219651856,51,0.32907608695652174,5.62,0.22,17,20,-0.002620682120323181,0.9499849826097488,0.3355707749724388,0.001574190971132372,0.006249999918509275,0.0,0.0,4,9.315517403973306e-05,9.315517403973306e-05,1.0,in,l2sq,10287.507037878036
2026-05-16T06:48:19.179178,429,455248,-13.545382075575631,22.494128072038112,44,0.32581521739130437,5.25,0.22,20,20,-0.003340581097290851,0.9083595499396324,0.33796531334519386,0.0021758574154717436,0.008203125093132257,0.0,0.0,4,9.314120122940297e-05,9.314120122940297e-05,1.0,in,l2sq,10308.42851448059
2026-05-16T06:48:43.863566,430,456260,109.21633517858878,109.21633517858878,67,0.32853260869565215,5.09,0.18,17,20,-0.0022063986252760515,0.9058676362037659,0.31579113006591797,0.0007130320471333135,0.0042968750931322575,0.0,0.0,4,9.312723028208322e-05,9.312723028208322e-05,1.0,in,l2sq,10333.11296248436
2026-05-16T06:49:06.486216,431,457322,33.24997597787516,71.23315557823197,55,0.32472826086956524,5.205,0.22,20,20,-0.003783193649724098,0.8727806955575943,0.32083582505583763,0.00027062634601406066,0.010546875128056854,0.0,0.0,4,9.311326166317705e-05,9.311326166317705e-05,1.0,in,l2sq,10355.73554778099
2026-05-16T06:49:32.593630,432,458396,47.236745956418304,47.236745956418304,55,0.32472826086956524,5.33,0.22,19,20,-0.0035964274080469982,0.9182777926325798,0.32645178213715553,0.0037562993565188746,0.02656250046857167,0.0,0.0,4,9.309463994197704e-05,9.309463994197704e-05,1.0,in,l2sq,10381.843026161194
2026-05-16T06:49:55.052839,433,459456,37.86876946053146,42.552757708474886,53,0.3220108695652174,5.39,0.26,20,20,-0.004281760868616424,0.9113064855337143,0.34185339510440826,0.004028525609373904,0.01914062537252903,0.0,0.0,4,9.308067597873398e-05,9.308067597873398e-05,1.0,in,l2sq,10404.302215576172
2026-05-16T06:50:20.666554,434,460514,109.29380648696656,109.29380648696656,68,0.3222826086956522,5.475,0.26,18,20,-0.0031121585925574236,0.9235461056232452,0.314140260219574,0.0009321558429292304,0.009179687549476512,0.0,0.0,4,9.306671434274055e-05,9.306671434274055e-05,1.0,in,l2sq,10429.915946006775
2026-05-16T06:50:42.934013,435,461562,87.54300050814446,98.41840349755552,57,0.31956521739130433,5.505,0.22,20,20,-0.002143911478924454,0.9401322081685066,0.32425909116864204,0.0015631699228606522,0.004492187668802217,0.0,0.0,4,9.304810193053914e-05,9.304810193053914e-05,1.0,in,l2sq,10452.183383464813
2026-05-16T06:51:08.968152,436,462642,23.016654996303096,23.016654996303096,54,0.31875,5.57,0.32,19,20,-0.003411024878732849,0.9504861980676651,0.34044839441776276,0.0002715039303439193,0.017187500838190317,0.0,0.0,4,9.303414494788145e-05,9.303414494788145e-05,1.0,in,l2sq,10478.217515230179
2026-05-16T06:51:31.436981,437,463698,80.33723760778446,51.676946302043774,56,0.3168478260869565,5.755,0.29,20,20,-0.0023694079558482795,0.9053480550646782,0.3202645815908909,0.0004749190752590879,0.008007812517462298,0.0,0.0,4,9.302019029131e-05,9.302019029131e-05,1.0,in,l2sq,10500.686346530914
2026-05-16T06:51:57.707712,438,464786,45.86912299932774,45.86912299932774,59,0.31467391304347825,5.815,0.27,19,20,-0.003998908639186893,0.9081481322646141,0.3219001889228821,0.0020870558252681914,0.018945312593132257,0.0,0.0,4,9.300158718345363e-05,9.300158718345363e-05,1.0,in,l2sq,10526.957075119019
2026-05-16T06:52:20.319055,439,465852,-18.032766653269633,13.918178173029055,45,0.3078804347826087,5.755,0.24,20,20,-0.002769570105010555,0.9245394617319107,0.3168639838695526,0.00030868699291208834,0.018359375651925802,0.0,0.0,4,9.298763717789172e-05,9.298763717789172e-05,1.0,in,l2sq,10549.568422794342
2026-05-16T06:52:44.671156,440,466842,140.10339809167124,140.10339809167124,67,0.30869565217391304,5.51,0.24,18,20,-0.00312268372508695,0.9652594029903412,0.32447549700737,0.0007830710590496781,0.003125000119325705,0.0,0.0,4,9.297368949725322e-05,9.297368949725322e-05,1.0,in,l2sq,10573.920514822006
2026-05-16T06:53:06.462838,441,467867,101.44418902329339,120.77379355748232,66,0.31168478260869564,5.265,0.28,20,20,-0.002574201932293352,0.8615710213780403,0.315489087253809,0.0013639573009641137,0.0076171875989530236,0.0,0.0,4,9.295509568909066e-05,9.295509568909066e-05,1.0,in,l2sq,10595.712188959122
2026-05-16T06:53:32.167888,442,468932,82.53462240184588,82.53462240184588,54,0.31032608695652175,5.32,0.34,19,20,-0.003613233653595671,0.9605251550674438,0.3248111382126808,0.003239169153039234,0.0046875000989530236,0.0,0.0,4,9.294115265713668e-05,9.294115265713668e-05,1.0,in,l2sq,10621.417280435562
2026-05-16T06:53:53.975229,443,469977,72.92091013521197,77.72776626852892,53,0.30842391304347827,5.42,0.27,20,20,-0.00247992413205797,0.9153715744614601,0.31209978461265564,0.001152011757039842,0.008398437639698386,0.0,0.0,4,9.292721194894387e-05,9.292721194894387e-05,1.0,in,l2sq,10643.22457408905
2026-05-16T06:54:17.813139,444,471011,86.3406359715162,86.3406359715162,52,0.30842391304347827,5.74,0.21,18,20,-0.003302651038393556,0.9459625333547592,0.3117874637246132,0.000262307196271655,0.0054687499068677425,0.0,0.0,4,9.291327309948118e-05,9.291327309948118e-05,1.0,in,l2sq,10667.062526226044
2026-05-16T06:54:38.636143,445,472039,92.65051919239494,89.49557758195557,62,0.3078804347826087,5.63,0.19,20,20,-0.0030087303806793086,0.8551360294222832,0.29487308487296104,-1.8817327099879266e-05,0.01679687504656613,0.0,0.0,4,9.289933657308262e-05,9.289933657308262e-05,1.0,in,l2sq,10687.885520458221
2026-05-16T06:55:02.563589,446,473074,68.62091094448157,68.62091094448157,53,0.3076086956521739,5.735,0.17,19,20,-0.0033932843914954436,0.8798136338591576,0.3008755035698414,0.00026855447700885327,0.01347656264260877,0.0,0.0,4,9.288075763476137e-05,9.288075763476137e-05,1.0,in,l2sq,10711.812945842743
2026-05-16T06:55:23.997226,447,474136,43.47786645682643,56.049388700654,52,0.30516304347826084,5.6,0.19,20,20,-0.003136543900473132,0.9378967732191086,0.3148387223482132,0.0015659104854421901,0.003515625139698386,0.0,0.0,4,9.286682575332966e-05,9.286682575332966e-05,1.0,in,l2sq,10733.24658703804
2026-05-16T06:55:48.745722,448,475213,102.60284093113737,102.60284093113737,64,0.30869565217391304,5.555,0.24,19,20,-0.002512590281548932,0.9214095696806908,0.30942555516958237,-0.00047392005560596695,0.0039062500291038305,0.0,0.0,4,9.28528961938008e-05,9.28528961938008e-05,1.0,in,l2sq,10757.995124340057
2026-05-16T06:56:09.251091,449,476230,30.50555820748196,66.55419956930966,55,0.31168478260869564,5.425,0.26,20,20,-0.003621803094574716,0.9225285202264786,0.30267056077718735,0.0007336695495723522,0.01250000014260877,0.0,0.0,4,9.283432654309099e-05,9.283432654309099e-05,1.0,in,l2sq,10778.500412464142
2026-05-16T06:56:35.463012,450,477309,110.39725620850663,110.39725620850663,65,0.3111413043478261,5.405,0.29,17,20,-0.0016095743136248508,0.9128414392471313,0.2831445336341858,-0.0008496044245475676,0.005859375116415322,0.0,0.0,4,9.282040162620695e-05,9.282040162620695e-05,1.0,in,l2sq,10804.712379932404
2026-05-16T06:56:57.599332,451,478407,106.90982685181476,108.6535415301607,62,0.3130434782608696,5.505,0.24,20,20,-0.0028103216463932768,0.9148113429546356,0.297604214400053,0.0018292274922714347,0.006250000151339918,0.0,0.0,4,9.280647903006504e-05,9.280647903006504e-05,1.0,in,l2sq,10826.848700761795
2026-05-16T06:57:22.316756,452,479479,121.42570107220834,121.42570107220834,67,0.31630434782608696,5.52,0.27,17,20,-0.002849542829790108,0.8555140420794487,0.2938215918838978,-0.00014769542840438118,0.0039062500291038305,0.0,0.0,4,9.278791866232382e-05,9.278791866232382e-05,1.0,in,l2sq,10851.566129684448
2026-05-16T06:57:32.840549,453,480001,32.585324167105014,77.00551261965668,27,0.3092391304347826,5.485,0.25,20,20,-0.003254211001330942,0.8679418712854385,0.3225051909685135,-0.0008146382540871744,0.0031250001047737896,0.0,0.0,4,9.277400070650586e-05,9.277400070650586e-05,1.0,in,l2sq,10862.089905261993
