timestamp,episode,time_step,current_ep_reward,rolling_avg_reward,episode_successes,rolling_success_ratio,avg_steps_recent,avg_deviation_recent,val_success,best_val_success,policy_loss,value_loss,entropy,approx_kl,clip_fraction,oracle_bc_loss,sil_loss,update_epochs_ran,actor_lr,critic_lr,reward_factor,reward_mode,progress_metric,elapsed_sec
2026-05-19T11:30:49.633774,0,1090,-641.7918697103268,-641.7918697103268,16,0.08695652173913043,2.625,1.125,2,2,-0.005577510560397014,1.0165055096149445,1.13958540558815,0.0016744914290029549,0.0,0.0,0.0,4,9.999000000000001e-05,9.999000000000001e-05,1.0,in,l2sq,39.19127368927002
2026-05-19T11:31:11.926863,1,2196,-663.9542555179603,-652.8730626141435,21,0.10054347826086957,2.72972972972973,1.0810810810810811,2,2,-0.0025020789689733647,1.002948321402073,1.1524822413921356,0.0004024644671517391,0.0,0.0,0.0,4,9.997500199995001e-05,9.997500199995001e-05,1.0,in,l2sq,61.48460149765015
2026-05-19T11:31:47.414876,2,3360,-650.0839659543639,-650.0839659543639,20,0.10326086956521739,3.1052631578947367,1.1578947368421053,5,5,-0.0029642109380801918,1.0047103390097618,1.133591428399086,-0.00038550468743780986,0.0,0.0,0.0,4,9.995500799930005e-05,9.995500799930005e-05,1.0,in,l2sq,96.97244334220886
2026-05-19T11:32:10.066612,3,4489,-621.1512838400013,-635.6176248971826,22,0.10733695652173914,3.240506329113924,1.1898734177215189,5,5,-0.0011441603403909428,1.0186005532741547,1.1151336133480072,0.0003454766669165072,0.0,0.0,0.0,4,9.993501799725028e-05,9.993501799725028e-05,1.0,in,l2sq,119.62436151504517
2026-05-19T11:32:34.853785,4,5554,-585.3965398741371,-585.3965398741371,20,0.10760869565217392,3.1515151515151514,1.1717171717171717,4,5,-0.0011931121378438991,0.9940001517534256,1.1099845170974731,-0.00018011212669083454,0.0,0.0,0.0,4,9.992002799440073e-05,9.992002799440073e-05,1.0,in,l2sq,144.41160798072815
2026-05-19T11:32:56.765578,5,6649,-628.8766617969283,-607.1366008355327,23,0.1105072463768116,3.278688524590164,1.2622950819672132,5,5,-0.002047300753474701,1.004951074719429,1.1191501170396805,0.00010623789912643511,0.0,0.0,0.0,4,9.990504048980171e-05,9.990504048980171e-05,1.0,in,l2sq,166.32337284088135
2026-05-19T11:33:23.654071,6,7791,-634.0132342635396,-634.0132342635396,23,0.1125776397515528,3.2,1.186206896551724,4,5,-0.0016842141631059349,1.0136666744947433,1.1103224605321884,-2.0620749273767003e-05,0.0,0.0,0.0,4,9.988506048075416e-05,9.988506048075416e-05,1.0,in,l2sq,193.2118444442749
2026-05-19T11:33:45.840848,7,8870,-633.4061279128196,-633.7096810881797,21,0.11277173913043478,3.1325301204819276,1.0963855421686748,5,5,-0.002058001636760287,1.0242986679077148,1.09296315908432,0.0010179841512581306,0.0,0.0,0.0,4,9.987007797140718e-05,9.987007797140718e-05,1.0,in,l2sq,215.39857578277588
2026-05-19T11:34:18.803142,8,9940,-537.949216877044,-537.949216877044,28,0.11714975845410629,3.154639175257732,1.0206185567010309,5,5,-0.002313072280958256,1.0097244083881378,1.0895313620567322,0.00035118220348522716,0.0,0.0,0.0,4,9.985509795906185e-05,9.985509795906185e-05,1.0,in,l2sq,248.36068630218506
2026-05-19T11:34:41.042551,9,11017,-615.4759557672746,-576.7125863221593,19,0.11576086956521739,3.245,1.03,5,5,-0.0025421965430723614,0.980633333325386,1.053849771618843,0.001277746705454788,0.0,0.0,0.0,4,9.983512793802104e-05,9.983512793802104e-05,1.0,in,l2sq,270.60034680366516
2026-05-19T11:35:18.990334,10,12100,-615.844597794057,-615.844597794057,17,0.11363636363636363,3.34,1.03,6,6,-0.0020171172975096963,1.0020121484994888,1.0307088792324066,0.0006065146822948342,0.0,0.0,0.0,4,9.982015291843063e-05,9.982015291843063e-05,1.0,in,l2sq,308.5478935241699
2026-05-19T11:35:42.524886,11,13228,-604.9656592175371,-610.405128505797,19,0.11277173913043478,3.235,0.9,6,6,-0.00045372238837443346,0.9895422235131264,1.0118192434310913,0.0009916560167766986,0.0,0.0,0.0,4,9.980518039459364e-05,9.980518039459364e-05,1.0,in,l2sq,332.08266496658325
2026-05-19T11:36:18.233609,12,14322,-539.4879166255009,-539.4879166255009,27,0.11538461538461539,3.365,0.96,6,6,-0.0011555278753803688,0.9979938194155693,0.9975571483373642,-0.00017776150089049425,0.0,0.0,0.0,4,9.978522035656652e-05,9.978522035656652e-05,1.0,in,l2sq,367.79113936424255
2026-05-19T11:36:41.439200,13,15433,-581.0985919995903,-560.2932543125456,22,0.11568322981366459,3.445,0.97,6,6,-0.0017013345262967133,0.9694277495145798,1.0035473182797432,0.000642556091042884,0.0,0.0,0.0,4,9.976526431034742e-05,9.976526431034742e-05,1.0,in,l2sq,390.9969606399536
2026-05-19T11:37:07.468434,14,16519,-622.8577458813205,-622.8577458813205,18,0.1144927536231884,3.39,0.88,5,6,-0.0018474579323083384,0.9786864817142487,0.9801759719848633,0.0004565788942272886,0.0,0.0,0.0,4,9.97502997701265e-05,9.97502997701265e-05,1.0,in,l2sq,417.0262305736542
2026-05-19T11:37:30.032449,15,17616,-625.8442364072805,-624.3509911443005,22,0.11480978260869565,3.51,0.94,6,6,-0.001972288316755999,0.9912891909480095,0.9451583251357079,2.286052258572424e-05,0.0,0.0,0.0,4,9.973533772391248e-05,9.973533772391248e-05,1.0,in,l2sq,439.5901882648468
2026-05-19T11:38:02.548972,16,18667,-551.8927360879784,-551.8927360879784,22,0.11508951406649616,3.625,1.01,8,8,-0.0009616591181810796,1.0331614315509796,0.9350591599941254,0.0005719472832425021,0.0,0.0,0.0,4,9.971539165372108e-05,9.971539165372108e-05,1.0,in,l2sq,472.1065831184387
2026-05-19T11:38:24.593462,17,19742,-564.9811831843257,-558.4369596361521,21,0.11503623188405797,3.735,1.06,8,8,-0.001542028822586694,1.031106948852539,0.9299305826425552,0.0006633627330302483,0.0,0.0,0.0,4,9.970043459427396e-05,9.970043459427396e-05,1.0,in,l2sq,494.1512463092804
2026-05-19T11:38:50.752460,18,20841,-546.667907653214,-546.667907653214,28,0.1169908466819222,3.655,0.99,7,8,-0.000677167266530887,0.9544369280338287,0.9428106024861336,-0.0002902355370679177,0.0,0.0,0.0,4,9.968548002758701e-05,9.968548002758701e-05,1.0,in,l2sq,520.3102400302887
2026-05-19T11:39:14.057283,19,21973,-586.5690891869071,-566.6184984200606,27,0.11847826086956521,3.72,0.99,8,8,-0.001475486937124515,1.0015452951192856,0.9175849556922913,4.3208296654009826e-05,0.0,0.0,0.0,4,9.966554392843628e-05,9.966554392843628e-05,1.0,in,l2sq,543.615051984787
2026-05-19T11:39:50.267525,20,23027,-476.8584232774386,-476.8584232774386,36,0.12391304347826088,3.725,0.92,8,8,-0.002295187191339032,0.987237736582756,0.9025817662477493,0.0013489504344761372,0.0,0.0,0.0,4,9.965059434602333e-05,9.965059434602333e-05,1.0,in,l2sq,579.8251056671143
2026-05-19T11:40:12.842466,21,24125,-544.6982738430495,-510.778348560244,26,0.1252717391304348,3.775,0.87,8,8,-0.001585202328078572,0.993725523352623,0.9001286998391151,0.002013558994804038,0.0,0.0,0.0,4,9.96356472551244e-05,9.96356472551244e-05,1.0,in,l2sq,602.4001681804657
2026-05-19T11:40:38.476860,22,25196,-520.884188966394,-520.884188966394,31,0.1282608695652174,3.74,0.81,6,8,-0.0011762917252781113,1.0245448499917984,0.8504150956869125,-0.00016120169211716884,0.0,0.0,0.0,4,9.961572112202985e-05,9.961572112202985e-05,1.0,in,l2sq,628.0346803665161
2026-05-19T11:41:00.498849,23,26259,-525.9763279463052,-523.4302584563496,25,0.12907608695652173,3.815,0.82,8,8,-0.002113712049322203,0.9721786826848984,0.8566820323467255,0.0009234090148311225,0.0,0.0,0.0,4,9.959579897396266e-05,9.959579897396266e-05,1.0,in,l2sq,650.0565958023071
2026-05-19T11:41:34.294551,24,27344,-497.4328248211742,-497.4328248211742,37,0.13369565217391305,3.895,0.88,8,8,-0.0030191839381590313,0.9976826012134552,0.8697937726974487,-0.000252144339538074,0.0,0.0,0.0,4,9.958085985311852e-05,9.958085985311852e-05,1.0,in,l2sq,683.8523304462433
2026-05-19T11:41:57.035475,25,28434,-563.6408399230244,-530.5368323720993,28,0.13505434782608697,4.1,0.95,8,8,-0.0013808693962346352,0.9698226377367973,0.8696163520216942,0.0005770463903900271,0.0,0.0,0.0,4,9.956592322204485e-05,9.956592322204485e-05,1.0,in,l2sq,706.5932393074036
2026-05-19T11:42:23.514243,26,29540,-561.2381608622674,-561.2381608622674,25,0.13559782608695653,4.215,0.97,4,8,-0.001181224771426015,0.9493887349963188,0.8761414438486099,-0.0004960514896083686,0.0,0.0,0.0,4,9.954601103305968e-05,9.954601103305968e-05,1.0,in,l2sq,733.0720419883728
2026-05-19T11:42:45.081632,27,30589,-516.1176061251771,-538.6778834937222,29,0.13777173913043478,4.125,0.93,8,8,-0.0010515749992919265,0.9699645638465881,0.8682579398155212,-0.00029228605853859335,0.0,0.0,0.0,4,9.95310793802822e-05,9.95310793802822e-05,1.0,in,l2sq,754.639404296875
2026-05-19T11:43:10.448463,28,31638,-485.8470185227995,-485.8470185227995,29,0.13804347826086957,4.06,0.91,3,8,-0.0011309681613056455,0.9482038989663124,0.8743849545717239,-0.00015747247980472945,0.0,0.0,0.0,4,9.951615021603055e-05,9.951615021603055e-05,1.0,in,l2sq,780.0062642097473
2026-05-19T11:43:32.955253,29,32732,-559.2705868377691,-522.5588026802843,22,0.1388586956521739,4.045,0.87,8,8,-0.0022992756974416773,0.9391097500920296,0.8656634911894798,-0.00029903415795615174,0.0,0.0,0.0,4,9.949624798114885e-05,9.949624798114885e-05,1.0,in,l2sq,802.512983083725
2026-05-19T11:43:58.041515,30,33774,-484.41516607463325,-484.41516607463325,28,0.14184782608695654,3.915,0.79,4,8,-0.004307112307287753,0.9972057789564133,0.8641123920679092,0.0011632234396529717,0.0,0.0,0.0,4,9.948132379270474e-05,9.948132379270474e-05,1.0,in,l2sq,827.599330663681
2026-05-19T11:44:20.523022,31,34867,-538.1129664693476,-511.26406627199043,30,0.14483695652173914,4.005,0.73,8,8,-0.0033836291404441,0.9414559975266457,0.8516766875982285,0.0029319374996873704,0.014062500093132257,0.0,0.0,4,9.946640209154246e-05,9.946640209154246e-05,1.0,in,l2sq,850.0807931423187
2026-05-19T11:44:47.170590,32,35976,-542.9392047916652,-542.9392047916652,28,0.1451086956521739,3.885,0.62,6,8,-0.0015960306383930867,0.9553645700216293,0.8288740962743759,-0.0002040420400476195,0.0,0.0,0.0,4,9.944650980578818e-05,9.944650980578818e-05,1.0,in,l2sq,876.728378534317
2026-05-19T11:45:09.913457,33,37085,-551.0125037692786,-546.9758542804719,26,0.14619565217391303,3.875,0.67,8,8,-0.0013754740619333905,1.0622356832027435,0.8176454454660416,0.0005538822930248044,0.0,0.0,0.0,4,9.943159307794602e-05,9.943159307794602e-05,1.0,in,l2sq,899.4712324142456
2026-05-19T11:45:36.066341,34,38178,-558.8433578626507,-558.8433578626507,27,0.14864130434782608,3.815,0.64,6,8,-0.000984553255011622,0.9949773848056793,0.8311686217784882,0.00026856284021618826,0.0,0.0,0.0,4,9.94166788361423e-05,9.94166788361423e-05,1.0,in,l2sq,925.6241040229797
2026-05-19T11:45:57.281397,35,39212,-565.2878675505514,-562.0656127066011,26,0.14972826086956523,3.705,0.61,8,8,-0.0021457072623888296,0.9823942705988884,0.8245176300406456,0.00031506758605245183,0.0,0.0,0.0,4,9.939679649454187e-05,9.939679649454187e-05,1.0,in,l2sq,946.8391444683075
2026-05-19T11:46:22.872222,36,40283,-487.6712012466787,-487.6712012466787,32,0.15244565217391304,3.84,0.64,5,8,-0.00020680427151087422,1.0278196930885315,0.8124936372041702,0.0010552619933150709,0.0,0.0,0.0,4,9.938188722357209e-05,9.938188722357209e-05,1.0,in,l2sq,972.4300348758698
2026-05-19T11:46:44.786337,37,41350,-468.6577653539191,-478.1644833002989,33,0.15570652173913044,3.875,0.59,8,8,-0.0012485219514929424,0.9962282031774521,0.8245285302400589,-0.00031705572509964364,0.0,0.0,0.0,4,9.9366980437398e-05,9.9366980437398e-05,1.0,in,l2sq,994.344078540802
2026-05-19T11:47:10.889302,38,42444,-499.64870105272536,-499.64870105272536,29,0.1559782608695652,3.895,0.57,7,8,-0.00233107211097372,0.9614317566156387,0.80399539321661,0.0008453255497443066,0.0,0.0,0.0,4,9.934710803498032e-05,9.934710803498032e-05,1.0,in,l2sq,1020.4471249580383
2026-05-19T11:47:34.258163,39,43568,-574.2527847561234,-536.9507429044244,25,0.15543478260869564,3.88,0.55,8,8,-0.0004503667343669915,0.9571993947029114,0.8050216808915138,5.9939925358770685e-05,0.0,0.0,0.0,4,9.932723960684441e-05,9.932723960684441e-05,1.0,in,l2sq,1043.815958738327
2026-05-19T11:47:58.837261,40,44595,-542.6670191150904,-542.6670191150904,25,0.15244565217391304,3.77,0.51,7,8,-0.0015004352171672508,0.9797659665346146,0.7958663702011108,0.0010607241943944024,0.0,0.0,0.0,4,9.93123407692339e-05,9.93123407692339e-05,1.0,in,l2sq,1068.3950865268707
2026-05-19T11:48:20.485092,41,45649,-460.51801673156064,-501.59251792332554,35,0.15489130434782608,3.815,0.44,8,8,-0.0034703575161984523,0.952244870364666,0.8107431679964066,0.0010138036028365383,0.001757812569849193,0.0,0.0,4,9.929744441468022e-05,9.929744441468022e-05,1.0,in,l2sq,1090.0428545475006
2026-05-19T11:48:45.749249,42,46708,-492.86281165421076,-492.86281165421076,28,0.15407608695652175,3.82,0.46,7,8,-8.092373500401262e-05,1.0133666694164276,0.819954976439476,0.0003715529794135197,0.0,0.0,0.0,4,9.928255004627405e-05,9.928255004627405e-05,1.0,in,l2sq,1115.3070707321167
2026-05-19T11:49:07.820553,43,47781,-484.79542092901494,-488.8291162916129,27,0.1546195652173913,3.72,0.44,8,8,-0.0014940545159334295,0.9911486506462097,0.8144071325659752,0.00040571122847268826,0.0,0.0,0.0,4,9.926765816017986e-05,9.926765816017986e-05,1.0,in,l2sq,1137.3783009052277
2026-05-19T11:49:32.196635,44,48796,-465.23747207951624,-465.23747207951624,32,0.1532608695652174,3.665,0.46,6,8,-0.001920588356733699,0.9737616553902626,0.7869073301553726,4.642751082428731e-05,0.0,0.0,0.0,4,9.924780562122441e-05,9.924780562122441e-05,1.0,in,l2sq,1161.7544348239899
2026-05-19T11:49:54.417799,45,49880,-509.0329753578313,-487.1352237186737,25,0.15244565217391304,3.63,0.45,8,8,-0.003152908472111471,0.968344584107399,0.784029483795166,0.0012624057504581343,0.0,0.0,0.0,4,9.923291869851315e-05,9.923291869851315e-05,1.0,in,l2sq,1183.9755923748016
2026-05-19T11:50:20.656695,46,50977,-574.5071287133104,-574.5071287133104,23,0.15190217391304348,3.55,0.45,7,8,-0.0016917228989770106,0.9673451483249664,0.7510151192545891,0.001968053564633032,0.0003906250058207661,0.0,0.0,4,9.921803425687298e-05,9.921803425687298e-05,1.0,in,l2sq,1210.2144689559937
2026-05-19T11:50:43.686840,47,52097,-555.4312536279564,-564.9691911706334,27,0.1513586956521739,3.705,0.46,8,8,-0.0017544701935549023,1.0092253983020782,0.7179530262947083,0.000701669063164434,0.0,0.0,0.0,4,9.919819164220195e-05,9.919819164220195e-05,1.0,in,l2sq,1233.2446310520172
2026-05-19T11:51:17.679801,48,53161,-506.9597735813864,-506.9597735813864,24,0.15,3.81,0.48,8,8,-0.0012923345027957,0.9679873138666153,0.6934649273753166,0.00020464866502151527,0.0,0.0,0.0,4,9.917835299585544e-05,9.917835299585544e-05,1.0,in,l2sq,1267.237370967865
2026-05-19T11:51:39.055114,49,54202,-471.4143647420413,-489.18706916171385,25,0.15081521739130435,3.94,0.47,8,8,-0.0020597994734998792,0.98064324259758,0.6817004531621933,-0.0012933769670780693,0.0,0.0,0.0,4,9.916347649086434e-05,9.916347649086434e-05,1.0,in,l2sq,1288.6128883361816
2026-05-19T11:52:06.213327,50,55290,-530.4762290128479,-530.4762290128479,30,0.1513586956521739,4.02,0.49,7,8,-0.0008860159734468132,0.9545417502522469,0.6793342679738998,-0.00017179691294587351,0.0,0.0,0.0,4,9.91486024652081e-05,9.91486024652081e-05,1.0,in,l2sq,1315.7711136341095
2026-05-19T11:52:28.159970,51,56359,-473.2788306233295,-501.87752981808865,34,0.15244565217391304,4.045,0.5,8,8,-0.0013082676097837531,0.9761405512690544,0.684306226670742,-0.0002032479325862445,0.0,0.0,0.0,4,9.912877373620108e-05,9.912877373620108e-05,1.0,in,l2sq,1337.7177286148071
2026-05-19T11:52:52.548830,52,57377,-500.81040489256543,-500.81040489256543,28,0.15244565217391304,4.0,0.49,7,8,-0.0006707966575048019,1.0294772684574127,0.6618890762329102,-6.536894288728529e-05,0.0,0.0,0.0,4,9.911390466797497e-05,9.911390466797497e-05,1.0,in,l2sq,1362.1066584587097
2026-05-19T11:53:15.626086,53,58498,-550.2883234118834,-525.5493641522244,31,0.15380434782608696,3.985,0.41,8,8,-0.0009855903836068491,0.9553782045841217,0.66965052485466,0.0004616654425262934,0.0,0.0,0.0,4,9.90990380778443e-05,9.90990380778443e-05,1.0,in,l2sq,1385.1838886737823
2026-05-19T11:53:41.723083,54,59595,-478.667013821424,-478.667013821424,33,0.15543478260869564,4.035,0.42,7,8,-0.0019414268448599559,0.9596657007932663,0.6765147298574448,-0.0003188006050550002,0.0,0.0,0.0,4,9.907921926121912e-05,9.907921926121912e-05,1.0,in,l2sq,1411.2809057235718
2026-05-19T11:54:03.284060,55,60647,-502.3811684580445,-490.52409113973425,29,0.15625,3.975,0.44,8,8,-0.003863978537265389,0.9705737978219986,0.6884042471647263,0.0022519018632010113,0.0011718750465661287,0.0,0.0,4,9.906435762604037e-05,9.906435762604037e-05,1.0,in,l2sq,1432.8418254852295
2026-05-19T11:54:28.539870,56,61696,-524.2968752766261,-524.2968752766261,24,0.15407608695652175,3.89,0.45,6,8,-0.0008033935147977456,0.9884398579597473,0.6946557089686394,0.0002527624536241835,0.0013671874767169356,0.0,0.0,4,9.904949846771825e-05,9.904949846771825e-05,1.0,in,l2sq,1458.0976922512054
2026-05-19T11:54:49.740510,57,62729,-476.12191936475153,-500.2093973206888,23,0.1513586956521739,3.925,0.41,8,8,-0.0014365639675815167,1.0066662654280663,0.71772251278162,0.00033116485938080534,0.0,0.0,0.0,4,9.902968955851969e-05,9.902968955851969e-05,1.0,in,l2sq,1479.298293352127
2026-05-19T11:55:15.049895,58,63788,-437.8474717617637,-437.8474717617637,34,0.15271739130434783,4.05,0.42,6,8,-0.0010037835862020117,0.9684628546237946,0.6944532841444016,0.0004276103893062072,0.0,0.0,0.0,4,9.901483535267252e-05,9.901483535267252e-05,1.0,in,l2sq,1504.6076955795288
2026-05-19T11:55:36.971248,59,64841,-507.7404068616631,-472.7939393117134,30,0.15407608695652175,4.1,0.46,8,8,-0.002200939891918108,0.9578924551606178,0.6950133964419365,0.00033441671585023036,0.0,0.0,0.0,4,9.899998362244381e-05,9.899998362244381e-05,1.0,in,l2sq,1526.5290257930756
2026-05-19T11:56:03.420420,60,65951,-551.7515985818512,-551.7515985818512,23,0.15353260869565216,4.105,0.51,6,8,-0.0020805716965696663,0.9834521859884262,0.7013634964823723,0.0010260824110445987,0.0005859375232830644,0.0,0.0,4,9.898018461571916e-05,9.898018461571916e-05,1.0,in,l2sq,1552.9782104492188
2026-05-19T11:56:24.330669,61,66972,-438.9307180604941,-495.34115832117266,31,0.15244565217391304,3.985,0.5,8,8,-0.0018464684369974282,0.9564493745565414,0.6708767265081406,0.0003574815207684767,0.0,0.0,0.0,4,9.896533783548964e-05,9.896533783548964e-05,1.0,in,l2sq,1573.8884472846985
2026-05-19T11:56:56.410351,62,68020,-454.61852284836846,-454.61852284836846,34,0.15407608695652175,4.01,0.41,8,8,-0.0007221065456178843,0.96199119836092,0.6378787606954575,9.232674528905638e-05,0.0,0.0,0.0,4,9.8950493529641e-05,9.8950493529641e-05,1.0,in,l2sq,1605.9680998325348
2026-05-19T11:57:19.990703,63,69173,-577.9400465226179,-516.2792846854932,25,0.15353260869565216,4.115,0.41,8,8,-0.0016242731639067864,0.9150034040212631,0.6171279028058052,0.00020258946142345802,0.0,0.0,0.0,4,9.893070442044003e-05,9.893070442044003e-05,1.0,in,l2sq,1629.5484669208527
2026-05-19T11:57:45.846263,64,70242,-460.03072553205516,-460.03072553205516,32,0.15353260869565216,4.09,0.43,6,8,-0.001631213744985871,0.9501510709524155,0.6363454163074493,-0.0009917486851918483,0.0,0.0,0.0,4,9.89158650621161e-05,9.89158650621161e-05,1.0,in,l2sq,1655.4040863513947
2026-05-19T11:58:07.932194,65,71307,-439.5410196754936,-449.78587260377435,35,0.15625,4.025,0.41,8,8,-0.0018796757098243355,0.9691063240170479,0.6628793776035309,-5.2837385828757855e-05,0.0007812500116415322,0.0,0.0,4,9.89010281769361e-05,9.89010281769361e-05,1.0,in,l2sq,1677.4899690151215
2026-05-19T11:58:33.011136,66,72332,-421.037295965135,-421.037295965135,31,0.15842391304347825,3.95,0.4,4,8,-0.003687755120335978,0.9613778740167618,0.6536431387066841,0.0014251082269765847,0.014062500005820766,0.0,0.0,4,9.8881248960311e-05,9.8881248960311e-05,1.0,in,l2sq,1702.5689392089844
2026-05-19T11:58:54.885520,67,73388,-469.4886233883502,-445.26295967674264,37,0.1611413043478261,3.995,0.44,8,8,-0.0019640803395304385,0.9813282191753387,0.6531861871480942,-0.0004774505672685003,0.0,0.0,0.0,4,9.886641702018244e-05,9.886641702018244e-05,1.0,in,l2sq,1724.4432997703552
2026-05-19T11:59:21.377195,68,74472,-468.2589380458601,-468.2589380458601,29,0.1625,4.18,0.53,3,8,-0.00405081819626496,0.9725576043128967,0.6622390225529671,0.001613671691302443,0.010546875186264515,0.0,0.0,4,9.885158755196149e-05,9.885158755196149e-05,1.0,in,l2sq,1750.9349853992462
2026-05-19T11:59:43.283009,69,75521,-493.93629020136706,-481.09761412361354,24,0.1622282608695652,4.1,0.52,8,8,-0.0021419659693492354,0.9481614530086517,0.7009471729397774,0.0012138320464146063,0.0029296875,0.0,0.0,4,9.883181822296698e-05,9.883181822296698e-05,1.0,in,l2sq,1772.8408093452454
2026-05-19T12:00:09.049568,70,76568,-423.9018988564613,-423.9018988564613,33,0.16304347826086957,4.005,0.61,2,8,-0.0010213822250080273,0.9885082244873047,0.6972797363996506,-0.0009530626695777311,0.0,0.0,0.0,4,9.881699369732543e-05,9.881699369732543e-05,1.0,in,l2sq,1798.607340812683
2026-05-19T12:00:31.491110,71,77638,-440.121697612345,-432.01179823440316,34,0.16304347826086957,4.04,0.67,8,8,-0.003034765322809052,0.9587262645363808,0.6894765943288803,0.0007647708553122252,0.0007812500116415322,0.0,0.0,4,9.880217164235581e-05,9.880217164235581e-05,1.0,in,l2sq,1821.0488703250885
2026-05-19T12:00:57.719977,72,78714,-458.9541041647209,-458.9541041647209,32,0.1641304347826087,4.19,0.68,3,8,-0.000843399785662946,0.893326073884964,0.6886048167943954,0.001223018494056316,0.0,0.0,0.0,4,9.878735156362724e-05,9.878735156362724e-05,1.0,in,l2sq,1847.277774810791
2026-05-19T12:01:20.295749,73,79785,-407.3810527572644,-433.1675784609927,29,0.16358695652173913,4.235,0.73,8,8,-0.004807662867824594,0.9723062142729759,0.6739225015044212,0.0013375544785503846,0.011132813058793545,0.0,0.0,4,9.877253395482946e-05,9.877253395482946e-05,1.0,in,l2sq,1869.8535017967224
2026-05-19T12:01:47.211947,74,80902,-408.7637809903632,-408.7637809903632,32,0.16331521739130433,4.345,0.68,7,8,-0.003822554720682103,0.9435755610466003,0.6957711726427078,0.002327838645214804,0.02421875041909516,0.0,0.0,4,9.875278043576383e-05,9.875278043576383e-05,1.0,in,l2sq,1896.7697534561157
2026-05-19T12:02:09.381343,75,81965,-472.68139921510243,-440.72259010273285,27,0.16277173913043477,4.33,0.58,8,8,-0.001253737504157415,0.9099772050976753,0.6644957512617111,-0.00010429682839686871,0.0,0.0,0.0,4,9.87330308672045e-05,9.87330308672045e-05,1.0,in,l2sq,1918.939125776291
2026-05-19T12:02:35.319698,76,83037,-400.58953438615856,-400.58953438615856,43,0.16793478260869565,4.455,0.52,7,8,-0.0021285206254102462,0.9433287680149078,0.6422437876462936,0.0004966494729160276,0.0,0.0,0.0,4,9.871822115941934e-05,9.871822115941934e-05,1.0,in,l2sq,1944.8774757385254
2026-05-19T12:02:57.982661,77,84120,-555.973181950927,-478.2813581685428,24,0.16820652173913042,4.35,0.47,8,8,-0.001661043665080686,1.001348003745079,0.6580359041690826,0.000114734552153134,0.00019531250291038305,0.0,0.0,4,9.870341391983654e-05,9.870341391983654e-05,1.0,in,l2sq,1967.540399312973
2026-05-19T12:03:31.386673,78,85201,-424.1336638889913,-424.1336638889913,36,0.16875,4.345,0.44,8,8,-0.0018999174557393639,0.9632917866110802,0.6600636839866638,0.00041866869651131506,0.0,0.0,0.0,4,9.868367422408671e-05,9.868367422408671e-05,1.0,in,l2sq,2000.9444258213043
2026-05-19T12:03:53.079899,79,86233,-413.0710457604532,-418.6023548247223,34,0.16983695652173914,4.41,0.43,8,8,-0.002108049401431167,0.9761404246091843,0.651458278298378,0.00020213839743521422,0.0,0.0,0.0,4,9.866887191967462e-05,9.866887191967462e-05,1.0,in,l2sq,2022.6376583576202
2026-05-19T12:04:19.055962,80,87307,-491.1601211628319,-491.1601211628319,28,0.17119565217391305,4.24,0.39,6,8,-0.0015568057307973615,0.9655468016862869,0.6547302231192589,0.0008437326916468021,0.0,0.0,0.0,4,9.865407208223103e-05,9.865407208223103e-05,1.0,in,l2sq,2048.61376786232
2026-05-19T12:04:41.922514,81,88406,-355.0363480758076,-423.0982346193198,38,0.17309782608695654,4.345,0.42,8,8,-0.002358741714851842,0.9547184258699417,0.6543835625052452,-0.00018026228754020046,0.0,0.0,0.0,4,9.863434225435531e-05,9.863434225435531e-05,1.0,in,l2sq,2071.4802956581116
2026-05-19T12:05:07.590489,82,89466,-501.7829544699788,-501.7829544699788,31,0.17228260869565218,4.28,0.43,7,8,-0.0025645644171163884,0.9788571000099182,0.6812675148248672,0.0006583407157449983,0.0003906250058207661,0.0,0.0,4,9.861954734961534e-05,9.861954734961534e-05,1.0,in,l2sq,2097.1482667922974
2026-05-19T12:05:29.606614,83,90526,-476.48601080483274,-489.13448263740577,27,0.17282608695652174,4.28,0.34,8,8,-0.0020156063757894582,0.9701254442334175,0.6678666099905968,-0.0003499430727970376,0.0,0.0,0.0,4,9.860475491061063e-05,9.860475491061063e-05,1.0,in,l2sq,2119.164386510849
2026-05-19T12:06:04.826763,84,91682,-470.1711255033612,-470.1711255033612,34,0.1733695652173913,4.43,0.35,8,8,-0.0030702785123140064,0.9397374615073204,0.6997485682368279,0.0010594195999601708,0.0007812500261934474,0.0,0.0,4,9.858503494567607e-05,9.858503494567607e-05,1.0,in,l2sq,2154.384372472763
2026-05-19T12:06:27.679743,85,92783,-425.79889483785684,-447.98501017060903,27,0.17119565217391305,4.47,0.35,8,8,-0.0024572551657910946,0.9689458757638931,0.7104125320911407,0.0026749528173241055,0.00390625,0.0,0.0,4,9.857024743690914e-05,9.857024743690914e-05,1.0,in,l2sq,2177.237503051758
2026-05-19T12:06:52.952082,86,93822,-373.13212398749647,-373.13212398749647,45,0.175,4.38,0.37,6,8,-0.0023203704593470764,0.9439352676272392,0.7386900335550308,-0.0003805952014772629,0.001953125,0.0,0.0,4,9.855546239264485e-05,9.855546239264485e-05,1.0,in,l2sq,2202.5098865032196
2026-05-19T12:07:15.381109,87,94900,-433.5263469185233,-403.3292354530099,31,0.1733695652173913,4.23,0.4,8,8,-0.0018785915388435104,0.9578199163079262,0.7447812035679817,0.0008220855135732674,0.0,0.0,0.0,4,9.853575228572095e-05,9.853575228572095e-05,1.0,in,l2sq,2224.9389119148254
2026-05-19T12:07:39.357862,88,95882,-381.0172794709209,-381.0172794709209,34,0.17472826086956522,4.055,0.4,6,8,-0.0012092337245122042,0.9662698358297348,0.7396680116653442,-0.0001985276110644807,0.0,0.0,0.0,4,9.852097216922979e-05,9.852097216922979e-05,1.0,in,l2sq,2248.91565823555
2026-05-19T12:08:01.181124,89,96934,-411.8388803062444,-396.42807988858266,28,0.17581521739130435,4.03,0.39,8,8,-0.002846501886961117,0.9758734181523323,0.731547623872757,0.0017875663582799517,0.0037109376426087692,0.0,0.0,4,9.850619451600928e-05,9.850619451600928e-05,1.0,in,l2sq,2270.7388989925385
2026-05-19T12:08:26.723552,90,97985,-371.9659102312924,-371.9659102312924,42,0.1782608695652174,3.85,0.37,7,8,-0.004424276496865803,0.9841396659612656,0.7374164685606956,0.0021150192977074586,0.009765625422005542,0.0,0.0,4,9.848649426216802e-05,9.848649426216802e-05,1.0,in,l2sq,2296.2813725471497
2026-05-19T12:08:48.424060,91,99033,-392.52257273769357,-382.244241484493,34,0.1782608695652174,3.895,0.44,8,8,-0.0020998359133954647,0.9669182151556015,0.7037785798311234,0.0030527923183399364,0.01406250020954758,0.0,0.0,4,9.847172153425725e-05,9.847172153425725e-05,1.0,in,l2sq,2317.9818193912506
2026-05-19T12:09:15.786137,92,100166,-490.9067399328355,-490.9067399328355,30,0.17771739130434783,3.85,0.42,5,8,-0.001965609264152679,0.9796088337898254,0.7011026814579964,0.00022187052454681472,0.0,0.0,0.0,4,9.845695126838573e-05,9.845695126838573e-05,1.0,in,l2sq,2345.343956708908
2026-05-19T12:09:38.251326,93,101249,-427.490967795254,-459.19885386404474,34,0.17907608695652175,3.86,0.41,8,8,-0.003889795840950616,1.0109484866261482,0.6926805078983307,0.0028019254648824765,0.011132813117001206,0.0,0.0,4,9.843726086270156e-05,9.843726086270156e-05,1.0,in,l2sq,2367.8091089725494
2026-05-19T12:10:04.459501,94,102329,-406.6435121293667,-406.6435121293667,36,0.18016304347826087,4.11,0.41,5,8,-0.0023695617972407934,0.9490094929933548,0.6776905655860901,-0.0025158326432574984,0.013281250605359674,0.0,0.0,4,9.842249551967762e-05,9.842249551967762e-05,1.0,in,l2sq,2394.017322063446
2026-05-19T12:10:28.508681,95,103478,-461.5735989521742,-434.10855554077045,28,0.18043478260869567,4.23,0.42,8,8,-0.0024816819219266595,0.9590612947940826,0.727787472307682,0.0010466071888004082,0.004492187639698386,0.0,0.0,4,9.840773263746215e-05,9.840773263746215e-05,1.0,in,l2sq,2418.0664722919464
2026-05-19T12:10:55.617713,96,104599,-408.50685782826,-408.50685782826,43,0.18043478260869567,4.4,0.41,5,8,-0.0022309750547719887,0.9755217805504799,0.7272169888019562,0.0012259628485481178,0.002343750005820766,0.0,0.0,4,9.838805207501198e-05,9.838805207501198e-05,1.0,in,l2sq,2445.1755373477936
2026-05-19T12:11:17.876235,97,105670,-386.1434644992356,-397.3251611637478,32,0.1826086956521739,4.55,0.45,8,8,-0.0021763813038886415,0.9448342397809029,0.7609886527061462,-0.0004710517443527462,0.0,0.0,0.0,4,9.83683754484775e-05,9.83683754484775e-05,1.0,in,l2sq,2467.4339621067047
2026-05-19T12:11:52.153763,98,106760,-392.99243091940895,-392.99243091940895,39,0.18342391304347827,4.63,0.45,9,9,-0.0016547047489439137,0.9424991309642792,0.7359352558851242,0.0005446386574476381,0.0,0.0,0.0,4,9.835362043809348e-05,9.835362043809348e-05,1.0,in,l2sq,2501.711497783661
2026-05-19T12:12:13.014027,99,107764,-420.6749355064038,-406.8336832129064,28,0.18179347826086956,4.57,0.44,9,9,-0.0022189043593243696,0.9798446446657181,0.7391908094286919,0.00048212962337853497,0.0019531250291038305,0.0,0.0,4,9.833886788679586e-05,9.833886788679586e-05,1.0,in,l2sq,2522.571810245514
2026-05-19T12:12:39.996987,100,108821,-412.56692784547835,-412.56692784547835,35,0.18369565217391304,4.305,0.47,4,9,-0.00296800272481057,0.9456073120236397,0.7351453006267548,0.0015060651820022197,0.0027343751426087692,0.0,0.0,4,9.831920109660717e-05,9.831920109660717e-05,1.0,in,l2sq,2549.554762363434
2026-05-19T12:13:02.337483,101,109928,-417.9838161022069,-415.27537197384265,29,0.18125,4.385,0.52,9,9,-0.0002583607913038133,1.0359542071819305,0.7440118491649628,0.0002671150399692346,0.0,0.0,0.0,4,9.830445346225298e-05,9.830445346225298e-05,1.0,in,l2sq,2571.89519739151
2026-05-19T12:13:28.406208,102,111060,-465.3217492586379,-465.3217492586379,30,0.18097826086956523,4.44,0.54,3,9,-0.002749124180991297,0.9365227967500687,0.7376531586050987,0.0012801483895600319,0.0,0.0,0.0,4,9.82897082857559e-05,9.82897082857559e-05,1.0,in,l2sq,2597.9639999866486
2026-05-19T12:13:49.199706,103,112120,-457.20020604628394,-461.26097765246095,22,0.1796195652173913,4.35,0.52,9,9,-0.003935748356161617,0.9870284199714661,0.7437973022460938,0.000971349330211535,0.008593750157160684,0.0,0.0,4,9.827005132699583e-05,9.827005132699583e-05,1.0,in,l2sq,2618.7574388980865
2026-05-19T12:14:13.618886,104,113178,-406.49616007441307,-406.49616007441307,26,0.17744565217391303,4.21,0.5,2,9,-0.003813719819299899,0.9882196187973022,0.768798902630806,-0.0010151479051273837,0.01328125037252903,0.0,0.0,4,9.82553110649842e-05,9.82553110649842e-05,1.0,in,l2sq,2643.1767151355743
2026-05-19T12:14:34.241058,105,114229,-367.0234560235143,-386.7598080489637,34,0.1793478260869565,4.205,0.51,9,9,-0.0022117727294245215,0.9771750196814537,0.7292404398322105,0.0015139198187171243,0.0017578125261934474,0.0,0.0,4,9.824057325960101e-05,9.824057325960101e-05,1.0,in,l2sq,2663.7988040447235
2026-05-19T12:14:58.031501,106,115254,-302.2336003298167,-302.2336003298167,43,0.17880434782608695,4.23,0.43,1,9,-0.0045848318230127805,0.9776264205574989,0.7647076100111008,0.0018824917198799196,0.011132813058793545,0.0,0.0,4,9.822092612735484e-05,9.822092612735484e-05,1.0,in,l2sq,2687.5893042087555
2026-05-19T12:15:19.136519,107,116338,-386.14650502944045,-344.1900526796286,33,0.1793478260869565,4.36,0.42,9,9,-0.0011800527972809505,0.9892786890268326,0.7087599337100983,-3.7351343780800406e-05,0.0007812500116415322,0.0,0.0,4,9.820619323400032e-05,9.820619323400032e-05,1.0,in,l2sq,2708.6943094730377
2026-05-19T12:15:43.666433,108,117404,-367.1818155518182,-367.1818155518182,34,0.1793478260869565,4.205,0.32,1,9,-0.00364400454418512,0.9412934482097626,0.723502553999424,0.000726650538035778,0.0044921874068677425,0.0,0.0,4,9.819146279604619e-05,9.819146279604619e-05,1.0,in,l2sq,2733.224212169647
2026-05-19T12:16:04.817359,109,118488,-421.2232001968628,-394.20250787434054,32,0.18043478260869567,4.18,0.3,9,9,-0.0030097787705018197,0.9908657819032669,0.7446196302771568,0.000641895001899706,0.00019531250291038305,0.0,0.0,4,9.817182548540161e-05,9.817182548540161e-05,1.0,in,l2sq,2754.3751499652863
2026-05-19T12:16:29.197511,110,119547,-333.52330196154094,-333.52330196154094,42,0.18043478260869567,4.19,0.31,0,9,-0.001178471738239928,0.9397428631782532,0.742342934012413,0.00015521783534494515,0.0,0.0,0.0,4,9.815709995702064e-05,9.815709995702064e-05,1.0,in,l2sq,2778.7553131580353
2026-05-19T12:16:49.787101,111,120603,-333.5256351706385,-333.5244685660897,36,0.18097826086956523,4.255,0.35,9,9,-0.001883393235766584,0.9727263376116753,0.7205617353320122,-0.00023713842601864041,0.0,0.0,0.0,4,9.814237688281258e-05,9.814237688281258e-05,1.0,in,l2sq,2799.3448357582092
2026-05-19T12:17:14.811430,112,121694,-432.542450768472,-432.542450768472,24,0.1793478260869565,4.255,0.32,1,9,-0.0021471049723914004,0.9276391714811325,0.7292697131633759,0.0010096377756781405,0.0,0.0,0.0,4,9.81227493888598e-05,9.81227493888598e-05,1.0,in,l2sq,2824.369242668152
2026-05-19T12:17:35.521273,113,122758,-347.59973423874345,-390.0710925036077,30,0.1782608695652174,4.26,0.34,9,9,-0.0024982191331219816,1.0092476308345795,0.7203787863254547,0.0004732914123451448,0.004687500186264515,0.0,0.0,4,9.81080312217706e-05,9.81080312217706e-05,1.0,in,l2sq,2845.079055786133
2026-05-19T12:18:00.139971,114,123833,-349.2487704370027,-349.2487704370027,36,0.1782608695652174,4.365,0.41,3,9,-0.0036265492963138968,0.945047602057457,0.7071531116962433,0.001602988998092769,0.008789062878349796,0.0,0.0,4,9.80933155076275e-05,9.80933155076275e-05,1.0,in,l2sq,2869.6977665424347
2026-05-19T12:18:21.477018,115,124925,-409.4525571364176,-379.35066378671013,33,0.1796195652173913,4.395,0.34,9,9,-0.002240862355392892,0.9578517749905586,0.6757908537983894,0.0011242890985840807,0.0,0.0,0.0,4,9.807369782545913e-05,9.807369782545913e-05,1.0,in,l2sq,2891.0348131656647
2026-05-19T12:18:46.529974,116,126030,-327.02823976224676,-327.02823976224676,45,0.18016304347826087,4.47,0.31,5,9,-0.003975505637936028,0.9320644438266754,0.6651539951562881,0.002513425244978884,0.008593750186264515,0.0,0.0,4,9.80589870159818e-05,9.80589870159818e-05,1.0,in,l2sq,2916.0877528190613
2026-05-19T12:19:07.619017,117,127110,-331.6626709839703,-329.3454553731085,40,0.18233695652173912,4.5,0.33,9,9,-0.003241998450539546,0.9630436301231384,0.6502989307045937,0.0011462272226708588,0.006054687808500603,0.0,0.0,4,9.804427865822436e-05,9.804427865822436e-05,1.0,in,l2sq,2937.176792860031
2026-05-19T12:19:31.987551,118,128157,-386.6279274394514,-386.6279274394514,36,0.1815217391304348,4.555,0.4,4,9,-0.00447807659948013,0.9845417812466621,0.6369219049811363,0.0012259442459253422,0.012109374802093953,0.0,0.0,4,9.802467078293549e-05,9.802467078293549e-05,1.0,in,l2sq,2961.545384645462
2026-05-19T12:19:53.276746,119,129238,-380.97814381217995,-383.8030356258157,31,0.18233695652173912,4.41,0.36,9,9,-0.002620180789381088,0.9744056761264801,0.6387020200490952,0.002306745658279402,0.0003906250058207661,0.0,0.0,4,9.800996732739198e-05,9.800996732739198e-05,1.0,in,l2sq,2982.8345036506653
2026-05-19T12:20:17.972648,120,130315,-383.93103638762256,-383.93103638762256,36,0.1826086956521739,4.285,0.38,3,9,-0.0031474296265515678,0.9887737110257149,0.6122364327311516,0.0009849608401055199,0.0015625000232830644,0.0,0.0,4,9.79952663223427e-05,9.79952663223427e-05,1.0,in,l2sq,3007.5304729938507
2026-05-19T12:20:38.870739,121,131386,-334.72223665958666,-359.32663652360463,37,0.18478260869565216,4.45,0.42,9,9,-0.0036166980833512996,0.9889011010527611,0.6181369945406914,-0.0005532761540962411,0.018359375069849193,0.0,0.0,4,9.797566824903091e-05,9.797566824903091e-05,1.0,in,l2sq,3028.4285418987274
2026-05-19T12:21:03.102939,122,132450,-359.43677582758716,-359.43677582758716,32,0.18532608695652175,4.445,0.49,5,9,-0.004167054803110748,0.9596031904220581,0.6592544764280319,0.0027984866705083045,0.009375000605359674,0.0,0.0,4,9.796097214374498e-05,9.796097214374498e-05,1.0,in,l2sq,3052.660758495331
2026-05-19T12:21:24.718566,123,133558,-351.0249952844979,-355.2308855560425,39,0.18994565217391304,4.555,0.5,9,9,-0.004854543687542845,0.9806756973266602,0.6475420370697975,0.0017858735722256838,0.017578124883584678,0.0,0.0,4,9.794627848772828e-05,9.794627848772828e-05,1.0,in,l2sq,3074.27637052536
2026-05-19T12:21:48.491297,124,134585,-330.979355049431,-330.979355049431,41,0.19402173913043477,4.415,0.47,5,9,-0.0022687346121074703,0.9929178953170776,0.6141503527760506,-4.835406070918813e-05,0.0005859375087311491,0.0,0.0,4,9.79266902114935e-05,9.79266902114935e-05,1.0,in,l2sq,3098.0491106510162
2026-05-19T12:22:09.722249,125,135655,-332.6349332293267,-331.8071441393788,37,0.19483695652173913,4.57,0.51,9,9,-0.002570575859863311,0.9841343611478806,0.648539125919342,-0.0001907574824144831,0.0042968750931322575,0.0,0.0,4,9.791200145279076e-05,9.791200145279076e-05,1.0,in,l2sq,3119.280044078827
2026-05-19T12:22:35.144972,126,136746,-340.2421919700508,-340.2421919700508,41,0.19429347826086957,4.55,0.54,3,9,-0.003601302669267087,0.9832808449864388,0.6181221008300781,0.0026932027923975976,0.0023437500494765118,0.0,0.0,4,9.789731514213285e-05,9.789731514213285e-05,1.0,in,l2sq,3144.7027673721313
2026-05-19T12:22:56.633123,127,137824,-294.7549669046407,-317.4985794373457,41,0.19646739130434782,4.475,0.44,9,9,-0.00282859963335802,0.9956375434994698,0.6372507438063622,4.320101197663462e-05,0.0009765625,0.0,0.0,4,9.787773665807757e-05,9.787773665807757e-05,1.0,in,l2sq,3166.1909210681915
2026-05-19T12:23:20.824013,128,138860,-355.7942976757889,-355.7942976757889,34,0.19646739130434782,4.42,0.41,4,9,-0.0023153872200056824,0.9654359221458435,0.6561770141124725,0.00125818237211206,0.0007812500116415322,0.0,0.0,4,9.786305524228544e-05,9.786305524228544e-05,1.0,in,l2sq,3190.381798028946
2026-05-19T12:23:41.494870,129,139898,-244.79220653170324,-300.2932521037461,50,0.2013586956521739,4.64,0.42,9,9,-0.004313089206698373,0.9554622769355774,0.6339999064803123,0.002728312789622586,0.0021484375465661287,0.0,0.0,4,9.784837627331439e-05,9.784837627331439e-05,1.0,in,l2sq,3211.0526390075684
2026-05-19T12:24:06.536301,130,140969,-294.66770584416383,-294.66770584416383,41,0.20108695652173914,4.74,0.42,3,9,-0.0017299725041083763,1.022744745016098,0.6281618103384972,0.0003634960802628151,0.0011718750465661287,0.0,0.0,4,9.782880757654349e-05,9.782880757654349e-05,1.0,in,l2sq,3236.0941195487976
2026-05-19T12:24:27.524424,131,142026,-265.44083229976917,-280.0542690719665,42,0.20271739130434782,4.815,0.42,9,9,-0.0021941990067717576,0.9954225718975067,0.5832319259643555,0.002235223746538395,0.0,0.0,0.0,4,9.781413349999126e-05,9.781413349999126e-05,1.0,in,l2sq,3257.0821731090546
2026-05-19T12:24:51.788413,132,143065,-298.24324004983936,-298.24324004983936,43,0.2078804347826087,4.815,0.44,5,9,-0.0032971650682155906,0.9672712907195091,0.607988640666008,0.0008163065105236469,0.008398437639698386,0.0,0.0,4,9.779946186903694e-05,9.779946186903694e-05,1.0,in,l2sq,3281.3462331295013
2026-05-19T12:25:13.344024,133,144146,-348.70702227830884,-323.4751311640741,45,0.21195652173913043,4.845,0.49,9,9,-0.0036199026508256793,0.9705198258161545,0.6130769997835159,0.0010397288308013342,0.00839843787252903,0.0,0.0,4,9.777990295465775e-05,9.777990295465775e-05,1.0,in,l2sq,3302.901832342148
2026-05-19T12:25:38.301206,134,145220,-294.2142008129959,-294.2142008129959,40,0.21304347826086956,4.83,0.48,5,9,-0.004990643390920035,0.9907965660095215,0.6209538280963898,0.0018160496856580721,0.01718750037252903,0.0,0.0,4,9.776523621367653e-05,9.776523621367653e-05,1.0,in,l2sq,3327.859035730362
2026-05-19T12:25:59.401366,135,146277,-309.95842803871653,-302.08631442585624,36,0.2138586956521739,4.695,0.4,9,9,-0.0028430788210243585,0.9884373247623444,0.5944339483976364,0.0006900954029333828,0.0023437500931322575,0.0,0.0,4,9.775057191707066e-05,9.775057191707066e-05,1.0,in,l2sq,3348.959112882614
2026-05-19T12:26:25.226810,136,147397,-384.7952136076103,-384.7952136076103,35,0.21114130434782608,4.615,0.32,8,9,-0.00215082689683177,0.943791538476944,0.5983956009149551,0.0009974151403184528,0.0007812500116415322,0.0,0.0,4,9.773102278019298e-05,9.773102278019298e-05,1.0,in,l2sq,3374.784630537033
2026-05-19T12:26:45.964375,137,148440,-325.47971041631723,-355.13746201196375,37,0.21032608695652175,4.525,0.34,9,9,-0.0031575724598951194,0.9586349576711655,0.651968777179718,-0.000108020155312194,0.0,0.0,0.0,4,9.771636337111572e-05,9.771636337111572e-05,1.0,in,l2sq,3395.522171497345
2026-05-19T12:27:10.834159,138,149510,-286.419757296324,-286.419757296324,42,0.21195652173913043,4.6,0.26,6,9,-0.0029788156127323884,1.0184644758701324,0.56553515791893,0.00017284627383565287,0.001757812569849193,0.0,0.0,4,9.770170640519187e-05,9.770170640519187e-05,1.0,in,l2sq,3420.391952753067
2026-05-19T12:27:31.900048,139,150567,-259.94392696702454,-273.1818421316743,50,0.2171195652173913,4.675,0.36,9,9,-0.003051406248414379,1.005544200539589,0.5723075941205025,0.0031706403324278654,0.015039062971482053,0.0,0.0,4,9.76821670409279e-05,9.76821670409279e-05,1.0,in,l2sq,3441.4578399658203
2026-05-19T12:27:56.782818,140,151639,-318.573366980255,-318.573366980255,42,0.21875,4.77,0.38,6,9,-0.0038739623036234683,0.9864543974399567,0.5814190655946732,0.0017536559280415531,0.0011718750465661287,0.0,0.0,4,9.76675149600894e-05,9.76675149600894e-05,1.0,in,l2sq,3466.340603351593
2026-05-19T12:28:18.199073,141,152713,-299.66246876144385,-309.1179178708494,45,0.22092391304347825,4.83,0.39,9,9,-0.002059982779610503,0.9692408740520477,0.5529756024479866,0.0013539933702304552,0.003710937569849193,0.0,0.0,4,9.765286532118295e-05,9.765286532118295e-05,1.0,in,l2sq,3487.7568373680115
2026-05-19T12:28:43.467018,142,153805,-320.0946844438322,-320.0946844438322,38,0.22255434782608696,4.935,0.36,6,9,-0.0026458789041499675,0.9692729115486145,0.5637919753789902,0.0006612088684733244,0.00019531250291038305,0.0,0.0,4,9.763333572464737e-05,9.763333572464737e-05,1.0,in,l2sq,3513.024824857712
2026-05-19T12:29:05.359466,143,154904,-284.67179725706575,-302.38324085044894,40,0.22282608695652173,4.96,0.43,9,9,-0.0027182936755707487,0.9396238327026367,0.5653264001011848,-0.00014765388955311214,0.007617187686264515,0.0,0.0,4,9.76138100338358e-05,9.76138100338358e-05,1.0,in,l2sq,3534.9172258377075
2026-05-19T12:29:30.596135,144,155993,-299.44539902716883,-299.44539902716883,41,0.22282608695652173,4.82,0.33,4,9,-0.003145468997536205,0.9889761209487915,0.5539615154266357,0.001515090269640501,0.006250000005820766,0.0,0.0,4,9.759916820637745e-05,9.759916820637745e-05,1.0,in,l2sq,3560.1539673805237
2026-05-19T12:29:51.470147,145,157043,-340.42714085900826,-319.9362699430885,34,0.2220108695652174,4.745,0.32,9,9,-0.0020984673596103898,0.999213881790638,0.5614452436566353,0.00048570560320514156,0.001953125,0.0,0.0,4,9.758452881914234e-05,9.758452881914234e-05,1.0,in,l2sq,3581.0279548168182
2026-05-19T12:30:16.684542,146,158129,-306.4271735457777,-306.4271735457777,40,0.2217391304347826,4.775,0.31,5,9,-0.004686556896194849,0.9771309792995453,0.5481337681412697,0.0052066155931242974,0.021875000617001206,0.0,0.0,4,9.756501288922379e-05,9.756501288922379e-05,1.0,in,l2sq,3606.24236869812
2026-05-19T12:30:37.770935,147,159191,-297.4347752965096,-301.9309744211437,40,0.22146739130434784,4.78,0.39,9,9,-0.0034126431215554254,1.000688299536705,0.5082497000694275,0.0003533373706886833,0.005859374912688509,0.0,0.0,4,9.755037838121514e-05,9.755037838121514e-05,1.0,in,l2sq,3627.3287160396576
2026-05-19T12:31:02.989520,148,160282,-284.8283795855647,-284.8283795855647,37,0.22228260869565217,4.87,0.34,6,9,-0.0027236644513324304,0.9845443964004517,0.5072942636907101,0.00012982449152332265,0.005078125293948688,0.0,0.0,4,9.753574631220985e-05,9.753574631220985e-05,1.0,in,l2sq,3652.547340154648
2026-05-19T12:31:23.682994,149,161322,-293.3413420159219,-289.0848608007433,36,0.2184782608695652,4.96,0.35,9,9,-0.0018994141777511353,0.9796988666057587,0.5033319108188152,0.00041755982838370675,0.0007812500116415322,0.0,0.0,4,9.751624013830488e-05,9.751624013830488e-05,1.0,in,l2sq,3673.240788459778
2026-05-19T12:31:50.368771,150,162427,-355.73818375879625,-355.73818375879625,36,0.2171195652173913,4.985,0.33,6,9,-0.002969059394672513,0.9900034219026566,0.5290297418832779,0.0007831124906260145,0.0007812500116415322,0.0,0.0,4,9.750161294608693e-05,9.750161294608693e-05,1.0,in,l2sq,3699.9265592098236
2026-05-19T12:32:12.587513,151,163537,-362.46436803037,-359.1012758945831,38,0.21603260869565216,5.1,0.39,9,9,-0.0024281643713038314,0.9753978252410889,0.5133091285824776,0.0013698194503376504,0.004296874976716936,0.0,0.0,4,9.748698819165308e-05,9.748698819165308e-05,1.0,in,l2sq,3722.145288467407
2026-05-19T12:32:37.745907,152,164613,-280.6176355074046,-280.6176355074046,41,0.2154891304347826,5.145,0.4,8,9,-0.002632223808905154,0.9678684026002884,0.50428282096982,-0.0006577025429578692,0.0021484375174622983,0.0,0.0,4,9.746749176888464e-05,9.746749176888464e-05,1.0,in,l2sq,3747.30371260643
2026-05-19T12:32:59.027001,153,165675,-294.9691521242261,-287.79339381581536,44,0.21521739130434783,4.965,0.39,9,9,-0.004630616737995252,0.9830959886312485,0.5265210568904877,0.0026232525728119155,0.016796875279396772,0.0,0.0,4,9.745287188880023e-05,9.745287188880023e-05,1.0,in,l2sq,3768.584794521332
2026-05-19T12:33:23.234053,154,166722,-298.1228617947101,-298.1228617947101,39,0.21494565217391304,4.865,0.41,8,9,-0.003307951265014708,0.9945647269487381,0.5073792636394501,0.0011197081923455619,0.011523437686264515,0.0,0.0,4,9.743825444528126e-05,9.743825444528126e-05,1.0,in,l2sq,3792.7918734550476
2026-05-19T12:33:45.336366,155,167840,-323.1888729757667,-310.65586738523837,38,0.2154891304347826,4.845,0.39,9,9,-0.003313440878991991,1.0139349400997162,0.5272141955792904,0.0027549867380003007,0.013085937884170562,0.0,0.0,4,9.741876776877477e-05,9.741876776877477e-05,1.0,in,l2sq,3814.8941354751587
2026-05-19T12:34:08.631051,156,168845,-265.16113253247727,-265.16113253247727,40,0.21684782608695652,4.79,0.32,8,9,-0.003703023574780695,1.0227484107017517,0.506334125995636,0.0026658323859010125,0.0027343749534338713,0.0,0.0,4,9.740415519716854e-05,9.740415519716854e-05,1.0,in,l2sq,3838.188861131668
2026-05-19T12:34:29.156322,157,169887,-321.1055685617929,-293.1333505471351,40,0.21766304347826088,4.775,0.25,9,9,-0.002439655787020434,0.9775116443634033,0.5176526978611946,0.0008447220411653619,0.002148437502910383,0.0,0.0,4,9.738954506090975e-05,9.738954506090975e-05,1.0,in,l2sq,3858.714105129242
2026-05-19T12:34:54.623420,158,170994,-340.7194657057525,-340.7194657057525,33,0.21521739130434783,4.83,0.23,6,9,-0.0026954848552122324,0.9516174271702766,0.5096887946128845,3.089659403487932e-05,0.0025390625960426405,0.0,0.0,4,9.737006812579304e-05,9.737006812579304e-05,1.0,in,l2sq,3884.1812114715576
2026-05-19T12:35:15.629011,159,172043,-301.49446985751416,-321.10696778163333,41,0.2127717391304348,4.79,0.23,9,9,-0.0025050498254131637,0.9898857027292252,0.5215812772512436,0.0018998935294803343,0.0003906250058207661,0.0,0.0,4,9.73554628590115e-05,9.73554628590115e-05,1.0,in,l2sq,3905.1867480278015
2026-05-19T12:35:42.396778,160,173158,-327.1626367542744,-327.1626367542744,34,0.2105978260869565,4.865,0.19,7,9,-0.0029633552214364256,0.9580290094017982,0.4920709356665611,0.001979200752248292,0.006640625331783667,0.0,0.0,4,9.734086002635996e-05,9.734086002635996e-05,1.0,in,l2sq,3931.954571723938
2026-05-19T12:36:05.471137,161,174270,-373.7320158349875,-350.44732629463095,36,0.20815217391304347,5.04,0.22,9,9,-0.003053719137096844,0.9587361142039299,0.4818854220211506,0.0006476888653196289,0.0005859375232830644,0.0,0.0,4,9.732139282776329e-05,9.732139282776329e-05,1.0,in,l2sq,3955.0288968086243
2026-05-19T12:36:30.825690,162,175325,-211.66497177189592,-211.66497177189592,48,0.2108695652173913,5.105,0.26,8,9,-0.0027844482334331566,0.9948688000440598,0.47486530989408493,-0.0002542367971727355,0.0023437500931322575,0.0,0.0,4,9.730679486215478e-05,9.730679486215478e-05,1.0,in,l2sq,3980.3835010528564
2026-05-19T12:36:52.936453,163,176391,-252.19238805896055,-231.92867991542823,51,0.2138586956521739,5.135,0.27,9,9,-0.0022586684906855115,0.968441054224968,0.4715667814016342,0.0006245636898711375,0.0023437500494765118,0.0,0.0,4,9.729219932945944e-05,9.729219932945944e-05,1.0,in,l2sq,4002.4942247867584
2026-05-19T12:37:25.299288,164,177438,-245.8172982206343,-245.8172982206343,55,0.21766304347826088,5.305,0.27,12,12,-0.002603870262100849,0.9438384249806404,0.47151870280504227,0.0006029522890685091,0.0025390625232830644,0.0,0.0,4,9.727274186251554e-05,9.727274186251554e-05,1.0,in,l2sq,4034.8568897247314
2026-05-19T12:37:45.586117,165,178404,-139.37404283219598,-192.59567052641515,62,0.22527173913043477,5.035,0.26,12,12,-0.0023253955121617653,1.024484932422638,0.44182003289461136,0.0004678597864767875,0.0,0.0,0.0,4,9.725815119443018e-05,9.725815119443018e-05,1.0,in,l2sq,4055.1438806056976
2026-05-19T12:38:21.314697,166,179484,-305.3101507003902,-305.3101507003902,48,0.22744565217391305,5.115,0.29,12,12,-0.0026510458992562436,1.013160414993763,0.46916013956069946,-2.7784258054441846e-05,0.0007812500116415322,0.0,0.0,4,9.724356295804179e-05,9.724356295804179e-05,1.0,in,l2sq,4090.872459411621
2026-05-19T12:38:43.072357,167,180542,-305.0082546420694,-305.15920267122976,44,0.22853260869565217,5.195,0.29,12,12,-0.002048356871091478,0.9542964771389961,0.46698378771543503,0.0013114538412992288,0.002148437575669959,0.0,0.0,4,9.72241152178858e-05,9.72241152178858e-05,1.0,in,l2sq,4112.6300847530365
2026-05-19T12:39:14.773417,168,181561,-219.77699619066726,-219.77699619066726,58,0.23423913043478262,5.005,0.26,14,14,-0.0033944995957426727,1.0120128989219666,0.4674277678132057,0.005449207767560471,0.016796875279396772,0.0,0.0,4,9.720953184367556e-05,9.720953184367556e-05,1.0,in,l2sq,4144.330956935883
2026-05-19T12:39:36.531765,169,182617,-196.4041339724659,-208.09056508156658,58,0.24021739130434783,5.455,0.3,14,14,-0.0035735833691433183,0.9673301056027412,0.4508056677877903,0.0025800975759921324,0.009570312511641532,0.0,0.0,4,9.719495089994667e-05,9.719495089994667e-05,1.0,in,l2sq,4166.089555501938
2026-05-19T12:40:02.257038,170,183704,-276.8616848516464,-276.8616848516464,54,0.2451086956521739,5.25,0.33,13,14,-0.002931870910106271,0.9393682554364204,0.4613405577838421,0.0023412206804323266,0.010546875069849193,0.0,0.0,4,9.71755128817162e-05,9.71755128817162e-05,1.0,in,l2sq,4191.814830064774
2026-05-19T12:40:24.206354,171,184774,-264.55817856365474,-270.7099317076505,46,0.24728260869565216,5.175,0.32,14,14,-0.003920072445180223,0.9486283361911774,0.5025475323200226,0.00209475574738463,0.028515625279396772,0.0,0.0,4,9.716093679773487e-05,9.716093679773487e-05,1.0,in,l2sq,4213.764138698578
2026-05-19T12:40:49.787615,172,185855,-270.7256275368331,-270.7256275368331,56,0.2513586956521739,5.025,0.32,12,14,-0.001967670823796619,0.9796242639422417,0.47437842935323715,0.000605672698929971,0.0007812500116415322,0.0,0.0,4,9.71463631430199e-05,9.71463631430199e-05,1.0,in,l2sq,4239.345414161682
2026-05-19T12:41:10.616507,173,186870,-270.03778198987266,-270.3817047633529,53,0.25380434782608696,4.765,0.26,14,14,-0.002666768420021892,0.9617619514465332,0.49036119133234024,0.0004000291482952889,0.0003906250058207661,0.0,0.0,4,9.71317914314265e-05,9.71317914314265e-05,1.0,in,l2sq,4260.174253702164
2026-05-19T12:41:34.980143,174,187893,-265.617348969102,-265.617348969102,52,0.25733695652173916,4.615,0.26,13,14,-0.0023610554490005597,0.9966564774513245,0.4799959920346737,-0.0002499444176237292,0.0017578125116415322,0.0,0.0,4,9.711722214837074e-05,9.711722214837074e-05,1.0,in,l2sq,4284.537948608398
2026-05-19T12:41:55.902758,175,188911,-224.65102638399622,-245.13418767654912,50,0.26059782608695653,4.79,0.27,14,14,-0.004337005270645067,1.0072473958134651,0.45123813301324844,0.0015168828468631324,0.005664062569849193,0.0,0.0,4,9.709779967511327e-05,9.709779967511327e-05,1.0,in,l2sq,4305.4604868888855
2026-05-19T12:42:21.724484,176,189999,-273.47527988976236,-273.47527988976236,51,0.26358695652173914,4.925,0.32,10,14,-0.0015598617523209235,0.9385027289390564,0.47850725054740906,-0.0002688213848159593,0.0074218749068677425,0.0,0.0,4,9.708323524791866e-05,9.708323524791866e-05,1.0,in,l2sq,4331.282297372818
2026-05-19T12:42:42.432780,177,190994,-210.729510796845,-242.10239534330367,49,0.26603260869565215,4.99,0.28,14,14,-0.003058676523505721,0.9784590527415276,0.48731498047709465,5.131122488816198e-05,0.011914062546566129,0.0,0.0,4,9.706867324804766e-05,9.706867324804766e-05,1.0,in,l2sq,4351.990533590317
2026-05-19T12:43:06.452749,178,191994,-220.33430998599567,-220.33430998599567,50,0.27065217391304347,4.985,0.25,9,14,-0.004419184627476813,1.0284748077392578,0.49201106280088425,0.003318975782894973,0.017578125465661287,0.0,0.0,4,9.705411318974426e-05,9.705411318974426e-05,1.0,in,l2sq,4376.0105612277985
2026-05-19T12:43:27.753875,179,193030,-253.31057681667832,-236.822443401337,46,0.2720108695652174,4.95,0.24,14,14,-0.002540389828209255,0.9885994642972946,0.5092949494719505,0.001559550025558576,0.00429687493306119,0.0,0.0,4,9.703955555803636e-05,9.703955555803636e-05,1.0,in,l2sq,4397.311671733856
2026-05-19T12:43:51.759961,180,194030,-151.63807405436035,-151.63807405436035,54,0.27744565217391304,4.685,0.19,9,14,-0.0026171729608904792,0.9794814363121986,0.47951654344797134,0.0010905806818300341,0.003710937511641532,0.0,0.0,4,9.702014861732032e-05,9.702014861732032e-05,1.0,in,l2sq,4421.317744255066
2026-05-19T12:44:14.278277,181,195126,-246.0205373991732,-198.8293057267668,53,0.28206521739130436,4.785,0.21,14,14,-0.003890498762484651,0.960441842675209,0.5268637090921402,0.003211598436610008,0.015625000465661287,0.0,0.0,4,9.700559583759022e-05,9.700559583759022e-05,1.0,in,l2sq,4443.836040019989
2026-05-19T12:44:39.315366,182,196173,-194.62094993108528,-194.62094993108528,46,0.28152173913043477,4.94,0.24,9,14,-0.002439036274154205,0.9565214514732361,0.46914514899253845,0.0006710462726005071,0.005078125046566129,0.0,0.0,4,9.699104548324257e-05,9.699104548324257e-05,1.0,in,l2sq,4468.873127222061
2026-05-19T12:45:00.691813,183,197214,-248.55711036813244,-221.58903014960885,43,0.2793478260869565,4.97,0.2,14,14,-0.003450828118366167,0.9620753303170204,0.4819303788244724,0.0008010786727936647,0.001953125072759576,0.0,0.0,4,9.697164824405638e-05,9.697164824405638e-05,1.0,in,l2sq,4490.249578714371
2026-05-19T12:45:25.782987,184,198273,-228.74209099107992,-228.74209099107992,53,0.27880434782608693,5.13,0.18,12,14,-0.0029010728583669376,1.0023597031831741,0.4472179114818573,0.0008800749108559269,0.006250000005820766,0.0,0.0,4,9.695710273926101e-05,9.695710273926101e-05,1.0,in,l2sq,4515.340811014175
2026-05-19T12:45:48.007085,185,199353,-224.57917971205734,-226.66063535156863,56,0.27717391304347827,5.02,0.15,14,14,-0.0027660050356643207,0.9630549401044846,0.476739089936018,0.0008726646469085497,0.004882812456344254,0.0,0.0,4,9.694255965863563e-05,9.694255965863563e-05,1.0,in,l2sq,4537.5648329257965
2026-05-19T12:46:13.791908,186,200444,-209.6377470735314,-209.6377470735314,55,0.27907608695652175,5.11,0.18,13,14,-0.0027742391685023488,0.9376252442598343,0.4674631357192993,0.0014110536712905741,0.002734375011641532,0.0,0.0,4,9.692317211612952e-05,9.692317211612952e-05,1.0,in,l2sq,4563.349728107452
2026-05-19T12:46:35.658603,187,201509,-242.68679042804308,-226.16226875078723,47,0.2798913043478261,5.085,0.26,14,14,-0.002609132276848003,1.0130694806575775,0.45452790707349777,0.0035343606639798957,0.015624999767169356,0.0,0.0,4,9.690863388263215e-05,9.690863388263215e-05,1.0,in,l2sq,4585.216398239136
2026-05-19T12:47:08.961976,188,202603,-240.6488222967982,-240.6488222967982,47,0.2769021739130435,5.02,0.3,14,14,-0.002646520048438128,0.9311141520738602,0.4680713415145874,0.0005400126278971018,0.0003906250058207661,0.0,0.0,4,9.689409807209292e-05,9.689409807209292e-05,1.0,in,l2sq,4618.519775867462
2026-05-19T12:47:31.250085,189,203689,-315.07587369406247,-277.86234799543035,40,0.2720108695652174,5.325,0.35,14,14,-0.003086374201666242,1.004881426692009,0.4769781343638897,0.0005220262338752821,0.005078125192085281,0.0,0.0,4,9.68747202214195e-05,9.68747202214195e-05,1.0,in,l2sq,4640.807851552963
2026-05-19T12:47:55.771615,190,204717,-226.5780770943762,-226.5780770943762,48,0.2703804347826087,5.27,0.29,11,14,-0.0011380136114893524,1.0094600319862366,0.4231080338358879,0.0010604068815155132,0.005859375,0.0,0.0,4,9.68601892555852e-05,9.68601892555852e-05,1.0,in,l2sq,4665.329442739487
2026-05-19T12:48:17.891481,191,205792,-172.28603231424097,-199.4320547043086,58,0.2736413043478261,5.26,0.28,14,14,-0.002583176715415858,0.9545635506510735,0.4580615684390068,-0.00016059954373304208,0.001367187505820766,0.0,0.0,4,9.68456607114978e-05,9.68456607114978e-05,1.0,in,l2sq,4687.449201345444
2026-05-19T12:48:42.968448,192,206846,-237.141556969702,-237.141556969702,54,0.27309782608695654,5.26,0.21,10,14,-0.003346260279067814,0.9771334081888199,0.4559051841497421,0.0008945985247464684,0.009179687593132257,0.0,0.0,4,9.682629254781212e-05,9.682629254781212e-05,1.0,in,l2sq,4712.5262541770935
2026-05-19T12:49:04.688608,193,207905,-276.37975110018306,-256.76065403494255,47,0.2714673913043478,5.1,0.25,14,14,-0.0026479394146008417,1.01164311170578,0.41330475360155106,0.0014385832077095997,0.0011718750465661287,0.0,0.0,4,9.681176884600778e-05,9.681176884600778e-05,1.0,in,l2sq,4734.246337175369
2026-05-19T12:49:30.416400,194,208989,-290.16022775173195,-290.16022775173195,50,0.27092391304347824,5.21,0.27,11,14,-0.001505135360821419,0.9896185547113419,0.4211053103208542,0.0006484268886197408,0.0,0.0,0.0,4,9.679724756473973e-05,9.679724756473973e-05,1.0,in,l2sq,4759.974191188812
2026-05-19T12:49:52.353923,195,210054,-217.6754347377416,-253.91783124473676,51,0.27119565217391306,5.09,0.26,14,14,-0.0034704402612987795,0.9786915853619576,0.45565180480480194,0.0024485506042310756,0.013867187546566129,0.0,0.0,4,9.677788908319925e-05,9.677788908319925e-05,1.0,in,l2sq,4781.911717891693
2026-05-19T12:50:18.175797,196,211141,-279.169013763428,-279.169013763428,49,0.27065217391304347,5.21,0.32,12,14,-0.0025501004973194075,0.9481732696294785,0.46739254891872406,0.0009850783702859411,0.0,0.0,0.0,4,9.67633726417936e-05,9.67633726417936e-05,1.0,in,l2sq,4807.73361492157
2026-05-19T12:50:38.946858,197,212196,-238.43300003862365,-258.8010069010258,45,0.26956521739130435,5.345,0.24,14,14,-0.002938007604097903,0.9859936758875847,0.4516494609415531,0.00034485685378060627,0.010156250442378223,0.0,0.0,4,9.674885861971419e-05,9.674885861971419e-05,1.0,in,l2sq,4828.5046536922455
2026-05-19T12:51:03.008641,198,213250,-281.6641973577141,-281.6641973577141,47,0.26875,5.305,0.34,11,14,-0.0027569793659494857,0.9499452039599419,0.43486617133021355,0.0017859738974038836,0.004296875064028427,0.0,0.0,4,9.672950981547883e-05,9.672950981547883e-05,1.0,in,l2sq,4852.566459417343
2026-05-19T12:51:23.893983,199,214314,-241.69014599746484,-261.67717167758946,53,0.27065217391304347,5.37,0.31,14,14,-0.0025975040683987594,0.9887150526046753,0.43416929990053177,0.0013152685112799434,0.008593750186264515,0.0,0.0,4,9.671500063084238e-05,9.671500063084238e-05,1.0,in,l2sq,4873.451730251312
2026-05-19T12:51:49.918336,200,215400,-254.92722216320053,-254.92722216320053,50,0.26956521739130435,5.225,0.3,9,14,-0.003180108967353601,0.9926283955574036,0.4400692358613014,0.0027571051447922157,0.007031250119325705,0.0,0.0,4,9.670049386432276e-05,9.670049386432276e-05,1.0,in,l2sq,4899.476134300232
2026-05-19T12:52:10.804496,201,216461,-285.3870412825352,-270.15713172286786,39,0.2657608695652174,5.14,0.33,14,14,-0.003843437117757309,0.9836725816130638,0.4512011781334877,0.0017652776786292318,0.009179687825962901,0.0,0.0,4,9.668115473255483e-05,9.668115473255483e-05,1.0,in,l2sq,4920.3622460365295
2026-05-19T12:52:35.285486,202,217481,-170.7506728731395,-170.7506728731395,55,0.26820652173913045,5.045,0.24,8,14,-0.003045448794728234,0.9885055124759674,0.44693661481142044,0.0025866204789053993,0.008593750011641532,0.0,0.0,4,9.666665280105993e-05,9.666665280105993e-05,1.0,in,l2sq,4944.84325671196
2026-05-19T12:52:57.460857,203,218555,-239.8707514948251,-205.3107121839823,50,0.27010869565217394,5.065,0.22,14,14,-0.0016495816838869026,0.9898326247930527,0.4534836485981941,0.00046171432713890126,0.00019531250291038305,0.0,0.0,4,9.665215328647303e-05,9.665215328647303e-05,1.0,in,l2sq,4967.018578529358
2026-05-19T12:53:22.500140,204,219605,-212.25864894586806,-212.25864894586806,50,0.2692934782608696,5.055,0.23,12,14,-0.0031569981074426323,0.9554932042956352,0.4421866275370121,-3.3549428098939016e-05,0.003125000002910383,0.0,0.0,4,9.663282382233727e-05,9.663282382233727e-05,1.0,in,l2sq,4992.057931184769
2026-05-19T12:53:43.051608,205,220606,-201.02624088186025,-206.64244491386415,49,0.2673913043478261,5.09,0.24,14,14,-0.004060492152348161,0.9454521983861923,0.46880198270082474,0.0004975254168130272,0.008593750302679837,0.0,0.0,4,9.661832914035806e-05,9.661832914035806e-05,1.0,in,l2sq,5012.609405994415
2026-05-19T12:54:07.999152,206,221647,-167.0387058315279,-167.0387058315279,55,0.2673913043478261,5.135,0.28,9,14,-0.002594351629340963,0.9813209921121597,0.4518348053097725,0.001786074233041274,0.006835937732830644,0.0,0.0,4,9.660383687407864e-05,9.660383687407864e-05,1.0,in,l2sq,5037.556940793991
2026-05-19T12:54:29.290541,207,222685,-212.40221160626422,-189.72045871889605,52,0.26875,4.935,0.28,14,14,-0.0022049564693588652,0.9774712920188904,0.45970242470502853,0.0015552086453681224,0.0003906250058207661,0.0,0.0,4,9.65893465400692e-05,9.65893465400692e-05,1.0,in,l2sq,5058.848333358765
2026-05-19T12:54:53.182811,208,223685,-172.63598068898983,-172.63598068898983,54,0.27065217391304347,4.96,0.29,13,14,-0.0021372992996474827,0.9737207889556885,0.45190732181072235,0.0003119921653592429,0.0009765625,0.0,0.0,4,9.657485862103492e-05,9.657485862103492e-05,1.0,in,l2sq,5082.740634202957
2026-05-19T12:55:14.850518,209,224736,-116.26078302472817,-144.448381856859,58,0.27554347826086956,4.98,0.27,14,14,-0.0029313162696782413,0.9469871893525124,0.45674585551023483,0.0009678586864538541,0.0023437500931322575,0.0,0.0,4,9.655554461505931e-05,9.655554461505931e-05,1.0,in,l2sq,5104.408232688904
2026-05-19T12:55:47.422093,210,225781,-223.98273008459816,-223.98273008459816,52,0.2766304347826087,4.965,0.3,14,14,-0.0025628961448092014,0.9471751898527145,0.45652084052562714,0.0018832891048077838,0.005859375291038305,0.0,0.0,4,9.654106152476798e-05,9.654106152476798e-05,1.0,in,l2sq,5136.979705095291
2026-05-19T12:56:08.142549,211,226834,-246.86083692294355,-235.42178350377085,53,0.2752717391304348,5.015,0.26,14,14,-0.0024217654150562318,0.9773668423295021,0.44748104736208916,0.0009630865418330248,0.004492187581490725,0.0,0.0,4,9.652658084824457e-05,9.652658084824457e-05,1.0,in,l2sq,5157.700299739838
2026-05-19T12:56:38.532115,212,227855,-219.18504892253875,-219.18504892253875,54,0.2752717391304348,4.88,0.25,14,14,-0.0029356684972300373,0.9634582027792931,0.4590315595269203,0.0006006071853335154,0.0017578125552972779,0.0,0.0,4,9.650727649734073e-05,9.650727649734073e-05,1.0,in,l2sq,5188.089725017548
2026-05-19T12:56:59.406878,213,228920,-237.41099927163103,-228.2980240970849,43,0.27418478260869567,5.065,0.32,14,14,-0.0031958870764355884,0.9960838109254837,0.45589426904916763,0.000596087627491193,0.0015625000232830644,0.0,0.0,4,9.649280064714638e-05,9.649280064714638e-05,1.0,in,l2sq,5208.964678764343
2026-05-19T12:57:23.997108,214,230004,-195.2727049027087,-195.2727049027087,52,0.2747282608695652,5.16,0.32,13,14,-0.0018525749612308962,0.9777910709381104,0.424677949398756,0.0014019131524037193,0.004101562648429535,0.0,0.0,4,9.647832720951333e-05,9.647832720951333e-05,1.0,in,l2sq,5233.554906129837
2026-05-19T12:57:45.283150,215,231089,-258.46452441215524,-226.86861465743198,43,0.27255434782608695,5.04,0.35,14,14,-0.0035607077559689504,0.9477052465081215,0.43083490803837776,0.002515345412393788,0.007812500203726813,0.0,0.0,4,9.64590325088547e-05,9.64590325088547e-05,1.0,in,l2sq,5254.840951681137
2026-05-19T12:58:21.660467,216,232089,-168.28618210864067,-168.28618210864067,51,0.27309782608695654,5.08,0.34,15,15,-0.004001109383534651,1.0088211297988892,0.4428025186061859,-0.00013169387966627255,0.017187500139698386,0.0,0.0,4,9.644456389513802e-05,9.644456389513802e-05,1.0,in,l2sq,5291.218215942383
2026-05-19T12:58:43.145623,217,233116,-191.85556366336354,-180.07087288600212,44,0.2728260869565217,5.035,0.33,15,15,-0.002702801841951319,0.9523141980171204,0.46401408687233925,0.0009872445800738535,0.0064453124650754035,0.0,0.0,4,9.643009769277657e-05,9.643009769277657e-05,1.0,in,l2sq,5312.703347206116
2026-05-19T12:59:22.066088,218,234205,-210.87963298559214,-210.87963298559214,52,0.27418478260869567,5.055,0.37,17,17,-0.0036898688704241067,0.9772681146860123,0.46611201763153076,0.001279767248343,0.008984375279396772,0.0,0.0,4,9.641563341920995e-05,9.641563341920995e-05,1.0,in,l2sq,5351.623673200607
2026-05-19T12:59:44.336566,219,235270,-183.04863120627417,-196.96413209593317,52,0.27391304347826084,5.155,0.36,17,17,-0.0023179353680462533,0.9563650116324425,0.43720465898513794,-2.338392614548157e-05,0.005468750139698386,0.0,0.0,4,9.640117155627524e-05,9.640117155627524e-05,1.0,in,l2sq,5373.894355535507
2026-05-19T13:00:11.014345,220,236406,-314.7922110506299,-314.7922110506299,47,0.27309782608695654,5.315,0.31,16,17,-0.003519501574919537,0.9414370507001877,0.4738912247121334,0.002131703301893162,0.01093750016298145,0.0,0.0,4,9.638189228597571e-05,9.638189228597571e-05,1.0,in,l2sq,5400.572132825851
2026-05-19T13:00:32.482708,221,237450,-201.69760233098248,-258.24490669080615,63,0.2796195652173913,5.23,0.22,17,17,-0.003792287045507714,0.958453431725502,0.45378556475043297,0.0007794218323397203,0.009375000052386895,0.0,0.0,4,9.636261687133743e-05,9.636261687133743e-05,1.0,in,l2sq,5422.040509700775
2026-05-19T13:01:03.840409,222,238505,-166.21085383564227,-166.21085383564227,55,0.2796195652173913,5.24,0.19,18,18,-0.004733212327118985,0.9435771852731705,0.42142288386821747,0.0010064632064313572,0.018749999813735485,0.0,0.0,4,9.634816271972531e-05,9.634816271972531e-05,1.0,in,l2sq,5453.397978305817
2026-05-19T13:01:24.036629,223,239512,-198.37274364882708,-182.29179874223468,54,0.2807065217391304,5.07,0.2,18,18,-0.002950941864401063,0.948613204061985,0.45010270550847054,0.0032175582154195803,0.015429687802679837,0.0,0.0,4,9.633371097705817e-05,9.633371097705817e-05,1.0,in,l2sq,5473.594393014908
2026-05-19T13:01:56.261741,224,240620,-222.23544936645035,-222.23544936645035,50,0.2807065217391304,5.18,0.2,18,18,-0.003871934843482361,0.9922974407672882,0.44527337700128555,0.0013255028727144347,0.006250000005820766,0.0,0.0,4,9.631926116125794e-05,9.631926116125794e-05,1.0,in,l2sq,5505.81937623024
2026-05-19T13:02:16.953864,225,241666,-153.0351259688732,-187.63528766766177,62,0.2842391304347826,5.135,0.22,18,18,-0.002412955468753364,0.9490548074245453,0.4493991881608963,0.0018985375467309579,0.004101562459254637,0.0,0.0,4,9.630481375368006e-05,9.630481375368006e-05,1.0,in,l2sq,5526.511630296707
2026-05-19T13:02:40.939876,226,242726,-188.01639594036342,-188.01639594036342,53,0.28369565217391307,5.23,0.3,17,18,-0.002373206678021267,0.9512225538492203,0.4541892297565937,0.0011038295909656728,0.001171875002910383,0.0,0.0,4,9.628555375397746e-05,9.628555375397746e-05,1.0,in,l2sq,5550.497677564621
2026-05-19T13:03:02.301254,227,243809,-242.4498291223645,-215.23311253136396,44,0.28152173913043477,5.38,0.36,18,18,-0.0015330068883486203,0.9387346655130386,0.47267258912324905,0.000282530646381951,0.0015625000232830644,0.0,0.0,4,9.627111116164029e-05,9.627111116164029e-05,1.0,in,l2sq,5571.859055519104
2026-05-19T13:03:33.865583,228,244887,-208.8995553466078,-208.8995553466078,50,0.28043478260869564,5.33,0.38,19,19,-0.002724297359236516,0.9514597952365875,0.43921615183353424,0.0014948515306059812,0.0015625000087311491,0.0,0.0,4,9.62566709763216e-05,9.62566709763216e-05,1.0,in,l2sq,5603.423202514648
2026-05-19T13:03:55.204653,229,245948,-147.78819857811925,-178.34387696236354,61,0.28125,5.33,0.37,19,19,-0.002818419052346144,0.9704295173287392,0.44785723090171814,0.002309913465137481,0.0029296875,0.0,0.0,4,9.623742060469305e-05,9.623742060469305e-05,1.0,in,l2sq,5624.762410879135
2026-05-19T13:04:18.559036,230,246982,-145.07277036303296,-145.07277036303296,65,0.2847826086956522,5.225,0.25,17,19,-0.002558193411096088,0.9459439218044281,0.4118085354566574,0.0005420671639512764,0.0003906250058207661,0.0,0.0,4,9.622298523220793e-05,9.622298523220793e-05,1.0,in,l2sq,5648.116854667664
2026-05-19T13:04:38.759910,231,248005,-235.58520470082743,-190.32898753193018,47,0.2831521739130435,5.15,0.29,19,19,-0.0022400022149667853,0.9826977476477623,0.4253639280796051,-0.000284041814074959,0.0017578124825377017,0.0,0.0,4,9.620855226553801e-05,9.620855226553801e-05,1.0,in,l2sq,5668.317704677582
2026-05-19T13:05:02.459099,232,249053,-238.07398387920836,-238.07398387920836,55,0.28342391304347825,5.205,0.29,16,19,-0.003031623386777982,0.9787333980202675,0.41755129769444466,0.0013170832441573854,0.00996093760477379,0.0,0.0,4,9.618931151717044e-05,9.618931151717044e-05,1.0,in,l2sq,5692.016893148422
2026-05-19T13:05:22.198394,233,250058,-156.769557671964,-197.4217707755862,62,0.28858695652173916,5.18,0.34,19,19,-0.0018585249927127734,0.9547668397426605,0.4340374991297722,0.0002544887035127452,0.005859374912688509,0.0,0.0,4,9.617488336092817e-05,9.617488336092817e-05,1.0,in,l2sq,5711.756186246872
2026-05-19T13:05:46.535977,234,251137,-189.2295096081495,-189.2295096081495,54,0.2891304347826087,5.25,0.31,15,19,-0.004031849402235832,0.9708215370774269,0.4075428918004036,0.0014466840414569943,0.012890625046566129,0.0,0.0,4,9.616045760929844e-05,9.616045760929844e-05,1.0,in,l2sq,5736.09380531311
2026-05-19T13:06:06.988588,235,252174,-219.31543543535452,-204.272472521752,50,0.2910326086956522,5.215,0.33,19,19,-0.002021410143061078,0.9836614578962326,0.41870390996336937,0.0008799425511824832,0.003515625008731149,0.0,0.0,4,9.614122647938115e-05,9.614122647938115e-05,1.0,in,l2sq,5756.546295642853
2026-05-19T13:06:31.559615,236,253263,-234.1832816835641,-234.1832816835641,48,0.2902173913043478,5.06,0.29,14,19,-0.0014531068547512516,0.9701937437057495,0.4251289516687393,0.0006968931827941449,0.0,0.0,0.0,4,9.612680553577434e-05,9.612680553577434e-05,1.0,in,l2sq,5781.117447137833
2026-05-19T13:06:53.555136,237,254375,-215.45257383912798,-224.81792776134603,56,0.29347826086956524,5.225,0.28,19,19,-0.0025886868228552906,0.9529637694358826,0.4300951361656189,0.0005604227736057538,0.0003906250058207661,0.0,0.0,4,9.6112386995578e-05,9.6112386995578e-05,1.0,in,l2sq,5803.1129422187805
2026-05-19T13:07:17.655917,238,255436,-209.06636350828404,-209.06636350828404,51,0.2932065217391304,5.135,0.36,14,19,-0.002995503868442037,0.954890064895153,0.4193757548928261,0.0014185193415869463,0.001953125,0.0,0.0,4,9.609316547930276e-05,9.609316547930276e-05,1.0,in,l2sq,5827.213716983795
2026-05-19T13:07:38.197998,239,256476,-218.15289862269165,-213.60963106548786,42,0.2904891304347826,5.22,0.36,19,19,-0.001147843163198381,0.9650798141956329,0.4165821895003319,-4.244744632159181e-05,0.0042968750931322575,0.0,0.0,4,9.607875174472579e-05,9.607875174472579e-05,1.0,in,l2sq,5847.755797863007
2026-05-19T13:08:01.317151,240,257489,-116.69741351252816,-116.69741351252816,57,0.2932065217391304,5.07,0.3,15,19,-0.0032235183287411817,0.9249120578169823,0.4157640002667904,0.0006219605785645621,0.0070312501629814506,0.0,0.0,4,9.606434041235784e-05,9.606434041235784e-05,1.0,in,l2sq,5870.874963998795
2026-05-19T13:08:22.186105,241,258548,-149.57880972600003,-133.1381116192641,57,0.29157608695652176,5.125,0.25,19,19,-0.002820637868717335,0.9463040232658386,0.41080331057310104,0.0004517664638115093,0.005468750197906047,0.0,0.0,4,9.604993100146886e-05,9.604993100146886e-05,1.0,in,l2sq,5891.743853569031
2026-05-19T13:08:46.288105,242,259611,-191.42607839137332,-191.42607839137332,56,0.29184782608695653,5.21,0.25,15,19,-0.0025485188001764802,0.9240913391113281,0.4193473048508167,0.001259641172055112,0.005273437709547579,0.0,0.0,4,9.603552399206828e-05,9.603552399206828e-05,1.0,in,l2sq,5915.845926761627
2026-05-19T13:09:07.092556,243,260664,-227.65633061659366,-209.5412045039835,46,0.2896739130434783,5.185,0.26,19,19,-0.002138372587796755,0.9417770877480507,0.41921341791749,0.0005255170483906141,0.001757812569849193,0.0,0.0,4,9.601631784762512e-05,9.601631784762512e-05,1.0,in,l2sq,5936.650344610214
2026-05-19T13:09:30.714064,244,261709,-163.11628295844818,-163.11628295844818,61,0.2926630434782609,5.235,0.29,16,19,-0.002503086588694692,0.9405646324157715,0.44673094153404236,0.001104689397652736,0.001953125,0.0,0.0,4,9.600191564000077e-05,9.600191564000077e-05,1.0,in,l2sq,5960.271865844727
2026-05-19T13:09:52.288439,245,262801,-65.70409171754132,-114.41018733799476,67,0.2940217391304348,5.335,0.27,19,19,-0.0026108799171197794,0.9584298953413963,0.4121190160512924,-0.0006474347513176215,0.009179687505820766,0.0,0.0,4,9.598751583266434e-05,9.598751583266434e-05,1.0,in,l2sq,5981.846220254898
2026-05-19T13:10:15.935954,246,263843,-169.67058765274288,-169.67058765274288,54,0.29429347826086955,5.25,0.3,14,19,-0.003205745032755558,0.9572743624448776,0.41291042417287827,-0.0004177647445885585,0.0064453125960426405,0.0,0.0,4,9.596831928937298e-05,9.596831928937298e-05,1.0,in,l2sq,6005.493740320206
2026-05-19T13:10:37.493927,247,264937,-159.4349267327786,-164.55275719276074,59,0.29836956521739133,5.42,0.29,19,19,-0.002419084330904292,1.0369214713573456,0.4298888295888901,0.0007607626006574941,0.0011718750465661287,0.0,0.0,4,9.595392428141236e-05,9.595392428141236e-05,1.0,in,l2sq,6027.051699638367
2026-05-19T13:11:02.581779,248,266040,-136.30691726481908,-136.30691726481908,65,0.30244565217391306,5.355,0.31,12,19,-0.003073313907952957,0.9826261550188065,0.4299302436411381,0.0013483368652487393,0.0029296875,0.0,0.0,4,9.593953167253978e-05,9.593953167253978e-05,1.0,in,l2sq,6052.1395943164825
2026-05-19T13:11:23.763395,249,267070,-193.70479759931578,-165.00585743206744,50,0.29945652173913045,5.425,0.28,19,19,-0.0029931828787084225,0.9524369537830353,0.4162929803133011,0.0002329499006464529,0.004101562502910383,0.0,0.0,4,9.59203447256006e-05,9.59203447256006e-05,1.0,in,l2sq,6073.3211505413055
2026-05-19T13:11:50.351013,250,268140,-196.3401709899308,-196.3401709899308,46,0.29429347826086955,5.39,0.19,14,19,-0.002125310929841362,0.9717218279838562,0.42730530351400375,0.00024009978001231572,0.0011718750465661287,0.0,0.0,4,9.59059569137046e-05,9.59059569137046e-05,1.0,in,l2sq,6099.908823251724
2026-05-19T13:12:11.621956,251,269207,-241.60220098274968,-218.97118598634023,49,0.29483695652173914,5.295,0.17,19,19,-0.003911783269722954,0.9681858047842979,0.4181380495429039,0.003006076171277544,0.012304687363211997,0.0,0.0,4,9.589157149969733e-05,9.589157149969733e-05,1.0,in,l2sq,6121.179754495621
2026-05-19T13:12:35.249759,252,270259,-161.64772046726952,-161.64772046726952,58,0.2956521739130435,5.25,0.22,17,19,-0.0018048050509605895,0.9719145745038986,0.424017108976841,0.0007591051802592341,0.0015625000232830644,0.0,0.0,4,9.587239414431311e-05,9.587239414431311e-05,1.0,in,l2sq,6144.807568788528
2026-05-19T13:12:56.639509,253,271345,-204.85171293145387,-183.2497166993617,59,0.29483695652173914,5.325,0.28,19,19,-0.0015530288132139525,1.0203093588352203,0.4357157200574875,-0.0008420022808423022,0.0007812500116415322,0.0,0.0,4,9.585801352488444e-05,9.585801352488444e-05,1.0,in,l2sq,6166.197293043137
2026-05-19T13:13:19.742157,254,272357,-247.493325099945,-247.493325099945,49,0.29347826086956524,5.285,0.29,14,19,-0.003042403611471123,0.9551017135381699,0.42634866014122963,0.00038904938501212183,0.002539062508731149,0.0,0.0,4,9.584363530214577e-05,9.584363530214577e-05,1.0,in,l2sq,6189.299989700317
2026-05-19T13:13:40.441278,255,273409,-189.80898239338399,-218.65115374666448,53,0.29429347826086955,5.34,0.22,19,19,-0.003061365423491169,0.9635351598262787,0.4243718087673187,0.0009215966008923326,0.004882812558207661,0.0,0.0,4,9.58244675335217e-05,9.58244675335217e-05,1.0,in,l2sq,6209.999017238617
2026-05-19T13:14:05.567254,256,274531,-222.72757553243645,-222.72757553243645,57,0.2967391304347826,5.35,0.19,18,19,-0.0029380501422564542,0.9765630960464478,0.40435173362493515,0.0018635938047736889,0.008593749953433871,0.0,0.0,4,9.581009410296482e-05,9.581009410296482e-05,1.0,in,l2sq,6235.125083446503
2026-05-19T13:14:25.469401,257,275542,-106.37883937066809,-164.55320745155228,63,0.2986413043478261,5.365,0.17,19,19,-0.0023118749591957144,0.9775680899620056,0.38341522961854935,0.001338890545139304,0.003125000002910383,0.0,0.0,4,9.579572306789985e-05,9.579572306789985e-05,1.0,in,l2sq,6255.027194023132
2026-05-19T13:14:50.081192,258,276635,-229.02174033868295,-229.02174033868295,48,0.29782608695652174,5.24,0.22,17,19,-0.0022299353644938957,0.9656579121947289,0.399097204208374,0.001563714494682282,0.0003906250058207661,0.0,0.0,4,9.577656488124349e-05,9.577656488124349e-05,1.0,in,l2sq,6279.638989210129
2026-05-19T13:15:10.064598,259,277652,-215.09345997464658,-222.05760015666476,46,0.29891304347826086,5.145,0.24,19,19,-0.0024207919748733264,1.0340237319469452,0.41585300117731094,0.0003577402633254678,0.0011718750465661287,0.0,0.0,4,9.576219863596469e-05,9.576219863596469e-05,1.0,in,l2sq,6299.622396707535
2026-05-19T13:15:32.561238,260,278645,-228.96294831931587,-228.96294831931587,51,0.29728260869565215,5.045,0.26,18,19,-0.0023110282098059987,0.9373297840356827,0.4162423424422741,-0.00034103971797778965,0.001953125072759576,0.0,0.0,4,9.57478347849803e-05,9.57478347849803e-05,1.0,in,l2sq,6322.119034767151
2026-05-19T13:15:53.252510,261,279694,-107.20166715836521,-168.08230773884054,64,0.29918478260869563,5.105,0.23,19,19,-0.002932526179938555,0.9185711294412613,0.412205770611763,0.0016738410666221337,0.002539062552386895,0.0,0.0,4,9.572868617550165e-05,9.572868617550165e-05,1.0,in,l2sq,6342.8102469444275
2026-05-19T13:16:17.802749,262,280774,-248.48267072540492,-248.48267072540492,44,0.29592391304347826,5.375,0.2,17,19,-0.0014452636809441088,0.9713680744171143,0.402893491089344,0.0005048002620242215,0.0,0.0,0.0,4,9.571432711190901e-05,9.571432711190901e-05,1.0,in,l2sq,6367.3605790138245
2026-05-19T13:16:37.520639,263,281774,-161.63474156254534,-205.05870614397514,59,0.29945652173913045,5.425,0.19,19,19,-0.00243053964513823,0.9682676717638969,0.41151660308241844,0.001328758868407942,0.005859374941792339,0.0,0.0,4,9.569997044141387e-05,9.569997044141387e-05,1.0,in,l2sq,6387.078420877457
2026-05-19T13:17:02.414486,264,282884,-214.15861679881834,-214.15861679881834,58,0.2986413043478261,5.685,0.25,17,19,-0.0032813076893944415,0.9248254373669624,0.41149794682860374,0.001567826843847802,0.004492187639698386,0.0,0.0,4,9.56808314043253e-05,9.56808314043253e-05,1.0,in,l2sq,6411.9722735881805
2026-05-19T13:17:23.261937,265,283944,-134.30754880362736,-174.23308280122285,64,0.29782608695652174,5.685,0.27,19,19,-0.0015091106164618617,0.9159644842147827,0.3942029997706413,0.0009817886390010022,0.0031249999592546374,0.0,0.0,4,9.566647951882869e-05,9.566647951882869e-05,1.0,in,l2sq,6432.819735050201
2026-05-19T13:17:47.880886,266,285030,-204.61905136251426,-204.61905136251426,48,0.296195652173913,5.56,0.27,18,19,-0.0029075209342409036,0.9486379474401474,0.4220372140407562,0.0030871775838022582,0.007617187686264515,0.0,0.0,4,9.565213002523325e-05,9.565213002523325e-05,1.0,in,l2sq,6457.438672065735
2026-05-19T13:18:08.886326,267,286085,-151.2186602414249,-177.91885580196958,54,0.29483695652173914,5.605,0.25,19,19,-0.0024684394389623554,0.9578876718878746,0.413823451846838,0.0013246633517155632,0.003710937569849193,0.0,0.0,4,9.563300055574951e-05,9.563300055574951e-05,1.0,in,l2sq,6478.444090843201
2026-05-19T13:18:32.630469,268,287129,-192.891921536446,-192.891921536446,54,0.29184782608695653,5.25,0.2,18,19,-0.0032615840318612754,0.9585091471672058,0.4018905982375145,0.00033545920077809877,0.00859375056461431,0.0,0.0,4,9.561865584476061e-05,9.561865584476061e-05,1.0,in,l2sq,6502.188269853592
2026-05-19T13:18:52.792116,269,288144,-205.78006471246462,-199.3359931244553,47,0.2910326086956522,5.165,0.21,19,19,-0.002273167672683485,0.924559935927391,0.4058952070772648,0.0004316802929679453,0.0009765625,0.0,0.0,4,9.560431352447719e-05,9.560431352447719e-05,1.0,in,l2sq,6522.349879980087
2026-05-19T13:19:16.919121,270,289204,-230.61144167405357,-230.61144167405357,47,0.29130434782608694,5.175,0.19,16,19,-0.00252693441871088,0.9705207049846649,0.4049350172281265,-8.769281539569573e-05,0.0,0.0,0.0,4,9.558997311647124e-05,9.558997311647124e-05,1.0,in,l2sq,6546.47695183754
2026-05-19T13:19:37.778028,271,290253,-200.7338586859108,-215.67265017998218,54,0.2926630434782609,5.07,0.2,19,19,-0.0021932233154075553,0.997058592736721,0.40917783975601196,0.0005991596182866599,0.0003906250058207661,0.0,0.0,4,9.557563509845364e-05,9.557563509845364e-05,1.0,in,l2sq,6567.335827112198
2026-05-19T13:20:01.087423,272,291271,-174.90027949321288,-174.90027949321288,53,0.29130434782608694,5.055,0.19,16,19,-0.002977534854289976,0.9175532534718513,0.40394626930356026,0.0009886435258067705,0.00449218756693881,0.0,0.0,4,9.555652092719029e-05,9.555652092719029e-05,1.0,in,l2sq,6590.645223379135
2026-05-19T13:20:20.727582,273,292262,-186.04764370477196,-180.47396159899242,58,0.2910326086956522,5.07,0.28,19,19,-0.0021084427717141807,0.9129160493612289,0.39507585763931274,-0.0007438893258949753,0.0,0.0,0.0,4,9.554218768795445e-05,9.554218768795445e-05,1.0,in,l2sq,6610.285385847092
2026-05-19T13:20:44.492556,274,293292,-229.2886706056593,-229.2886706056593,48,0.2907608695652174,5.165,0.36,17,19,-0.0024473235418554506,0.9848012179136276,0.4246263988316059,0.0009897222165363984,0.002148437575669959,0.0,0.0,4,9.552785683751219e-05,9.552785683751219e-05,1.0,in,l2sq,6634.050366640091
2026-05-19T13:21:05.398283,275,294346,-136.062429077208,-182.67554984143365,62,0.2932065217391304,5.145,0.35,19,19,-0.003126978519139678,1.0283559262752533,0.38322626054286957,-0.0002850000062608188,0.0011718750465661287,0.0,0.0,4,9.551352789781816e-05,9.551352789781816e-05,1.0,in,l2sq,6654.956085443497
2026-05-19T13:21:29.810799,276,295414,-230.98129936188482,-230.98129936188482,50,0.29130434782608694,5.32,0.36,14,19,-0.0022180444517289066,1.007520578801632,0.3921186476945877,0.0018178029262343742,0.0029296876455191523,0.0,0.0,4,9.549920134620113e-05,9.549920134620113e-05,1.0,in,l2sq,6679.368611812592
2026-05-19T13:21:49.916706,277,296426,-117.42957390946161,-174.2054366356732,62,0.2910326086956522,5.125,0.3,19,19,-0.002361632886459075,0.9622978419065475,0.3954651243984699,0.00042780153721649894,0.002539062508731149,0.0,0.0,4,9.548010246092391e-05,9.548010246092391e-05,1.0,in,l2sq,6699.474480390549
2026-05-19T13:22:14.838505,278,297521,-185.67459966880088,-185.67459966880088,58,0.29375,5.28,0.26,16,19,-0.0021621146210235587,0.9350447356700897,0.38666103035211563,0.0018858510207792334,0.001953125,0.0,0.0,4,9.546578068426696e-05,9.546578068426696e-05,1.0,in,l2sq,6724.396330356598
2026-05-19T13:22:34.822090,279,298527,-166.49931409597394,-176.08695688238743,57,0.2967391304347826,5.255,0.22,19,19,-0.0028894379764095035,0.9794865399599075,0.4012569971382618,0.0018457635479080733,0.003125000002910383,0.0,0.0,4,9.545146129449322e-05,9.545146129449322e-05,1.0,in,l2sq,6744.379835605621
2026-05-19T13:22:58.354296,280,299552,-91.47896183317918,-91.47896183317918,66,0.30081521739130435,5.205,0.21,15,19,-0.0025674585624073654,0.9653211310505867,0.39242716133594513,0.001427951304549424,0.0046874999679857865,0.0,0.0,4,9.543237195674893e-05,9.543237195674893e-05,1.0,in,l2sq,6767.91210770607
2026-05-19T13:23:18.397188,281,300562,-168.12461605119685,-129.801788942188,48,0.29646739130434785,5.11,0.22,19,19,-0.002058953113737605,0.955760270357132,0.3957073539495468,0.0008114579950415646,0.00976562558207661,0.0,0.0,4,9.541805733954827e-05,9.541805733954827e-05,1.0,in,l2sq,6787.954997301102
2026-05-19T13:23:43.364534,282,301653,-247.27785736429703,-247.27785736429703,42,0.29592391304347826,4.96,0.21,17,19,-0.0022919567585632517,0.9935371726751328,0.3756326101720333,0.00017362270025386706,0.0005859375232830644,0.0,0.0,4,9.540374510803763e-05,9.540374510803763e-05,1.0,in,l2sq,6812.922328233719
2026-05-19T13:24:03.821300,283,302685,-196.51495647042975,-221.89640691736338,55,0.29483695652173914,4.91,0.23,19,19,-0.004186677129473404,0.9870048314332962,0.41337642818689346,0.003498190041500482,0.012500000186264515,0.0,0.0,4,9.538943478479271e-05,9.538943478479271e-05,1.0,in,l2sq,6833.379113435745
2026-05-19T13:24:28.675976,284,303772,-220.87045425707083,-220.87045425707083,52,0.2932065217391304,5.135,0.25,13,19,-0.002652800072246553,0.9653763547539711,0.3848909102380276,0.004137630012974115,0.01210937526775524,0.0,0.0,4,9.537512684652216e-05,9.537512684652216e-05,1.0,in,l2sq,6858.2338078022
2026-05-19T13:24:50.771372,285,304882,-169.43482333058122,-195.15263879382604,61,0.29239130434782606,5.32,0.31,19,19,-0.0036326267756521813,0.9510763064026833,0.4116300083696842,3.197304586137484e-05,0.002539062508731149,0.0,0.0,4,9.535605277490413e-05,9.535605277490413e-05,1.0,in,l2sq,6880.329077005386
2026-05-19T13:25:15.098790,286,305946,-200.72025065892922,-200.72025065892922,50,0.29293478260869565,5.24,0.28,15,19,-0.0026892355468590007,0.9498484134674072,0.4109622612595558,0.0018775904763060625,0.013671875,0.0,0.0,4,9.533698251790968e-05,9.533698251790968e-05,1.0,in,l2sq,6904.656618833542
2026-05-19T13:25:36.681387,287,307002,-172.70575520378387,-186.71300293135653,51,0.2921195652173913,5.27,0.27,19,19,-0.0018795997486449334,0.9179978221654892,0.3942229449748993,0.0002740436655130907,0.0,0.0,0.0,4,9.532268220888637e-05,9.532268220888637e-05,1.0,in,l2sq,6926.239147424698
2026-05-19T13:26:01.003452,288,308032,-113.43288898324992,-113.43288898324992,57,0.29293478260869565,5.18,0.23,15,19,-0.003621093052788571,0.9482958614826202,0.3979097455739975,0.0003024018420546837,0.0048828124708961695,0.0,0.0,4,9.530838428316844e-05,9.530838428316844e-05,1.0,in,l2sq,6950.561235904694
2026-05-19T13:26:23.558285,289,309129,-89.29922635036715,-101.36605766680853,64,0.297554347826087,5.26,0.16,19,19,-0.0015281677624443546,0.9699825569987297,0.39656342193484306,0.00028476369656119105,0.00351562506693881,0.0,0.0,4,9.528932355939565e-05,9.528932355939565e-05,1.0,in,l2sq,6973.116085529327
2026-05-19T13:26:48.348880,290,310184,-211.45121920806133,-211.45121920806133,46,0.29728260869565215,5.305,0.19,16,19,-0.0024822860868880525,0.9419966042041779,0.392629012465477,-0.00016645043142482496,0.0011718750465661287,0.0,0.0,4,9.527503039909696e-05,9.527503039909696e-05,1.0,in,l2sq,6997.906681537628
2026-05-19T13:27:08.871747,291,311185,-205.06717009228456,-208.25919465017296,47,0.29538043478260867,5.24,0.25,19,19,-0.003867027244996324,0.9680548459291458,0.4149746969342232,0.003569628639161236,0.016210937639698386,0.0,0.0,4,9.526073962091224e-05,9.526073962091224e-05,1.0,in,l2sq,7018.429522037506
2026-05-19T13:27:32.699766,292,312196,-150.9576598365904,-150.9576598365904,55,0.29592391304347826,5.18,0.29,17,19,-0.0019484415999613258,0.9548166245222092,0.41970252245664597,0.0020430610878976463,0.006640625186264515,0.0,0.0,4,9.524645074813286e-05,9.524645074813286e-05,1.0,in,l2sq,7042.257589101791
2026-05-19T13:27:55.971727,293,313328,-236.50776125979425,-193.73271054819233,50,0.29375,5.135,0.35,19,19,-0.002777563058771193,1.0148592293262482,0.419720396399498,0.0017431204622880628,0.00800781257566996,0.0,0.0,4,9.523216425675289e-05,9.523216425675289e-05,1.0,in,l2sq,7065.529487371445
2026-05-19T13:28:21.873979,294,314429,-197.55068081444514,-197.55068081444514,50,0.29429347826086955,5.2,0.37,15,19,-0.0024670560247614104,0.9756191372871399,0.41408538445830345,-0.0002621790631564813,0.007031250235741027,0.0,0.0,4,9.521311877622318e-05,9.521311877622318e-05,1.0,in,l2sq,7091.431807518005
2026-05-19T13:28:43.926551,295,315505,-224.69750659686295,-211.12409370565405,46,0.28994565217391305,5.3,0.38,19,19,-0.003449179290328175,0.9283537268638611,0.41146761924028397,0.002131147129830424,0.0027343749534338713,0.0,0.0,4,9.519883704645144e-05,9.519883704645144e-05,1.0,in,l2sq,7113.484313011169
2026-05-19T13:29:08.263536,296,316532,-83.33823846614374,-83.33823846614374,57,0.29184782608695653,5.47,0.36,15,19,-0.0023455217960872687,0.9661389589309692,0.4039785638451576,0.0006728581379775167,0.0017578125261934474,0.0,0.0,4,9.518455769688867e-05,9.518455769688867e-05,1.0,in,l2sq,7137.821345567703
2026-05-19T13:29:30.453115,297,317610,-202.93299283558116,-143.13561565086246,51,0.2888586956521739,5.465,0.35,19,19,-0.003277573239756748,0.9399762600660324,0.39296402409672737,0.002323640872350534,0.009179687942378223,0.0,0.0,4,9.516552173719487e-05,9.516552173719487e-05,1.0,in,l2sq,7160.010888338089
2026-05-19T13:29:55.382628,298,318666,-175.4753102037908,-175.4753102037908,55,0.28804347826086957,5.355,0.33,15,19,-0.0019607522321165582,0.9802043288946152,0.3763786554336548,-0.0007840162138563755,0.0015625000232830644,0.0,0.0,4,9.515124714685998e-05,9.515124714685998e-05,1.0,in,l2sq,7184.940435409546
2026-05-19T13:30:16.274390,299,319670,-128.428638291955,-151.9519742478729,61,0.2891304347826087,5.17,0.29,19,19,-0.0027751649424317404,0.9411067515611649,0.38777700811624527,0.0020319936732448585,0.00585937533469405,0.0,0.0,4,9.51369749355442e-05,9.51369749355442e-05,1.0,in,l2sq,7205.832162857056
2026-05-19T13:30:41.174683,300,320662,-143.83477672505376,-143.83477672505376,61,0.2877717391304348,4.965,0.27,14,19,-0.0023373048810754193,0.9593507871031761,0.3943077437579632,0.001927265405356597,0.006249999918509275,0.0,0.0,4,9.511794849192684e-05,9.511794849192684e-05,1.0,in,l2sq,7230.732485771179
2026-05-19T13:31:03.132047,301,321751,-191.8835920544266,-167.85918438974016,52,0.2888586956521739,4.985,0.27,19,19,-0.0029201857338199133,0.9700073599815369,0.40852265805006027,0.0012506207356864363,0.0011718750465661287,0.0,0.0,4,9.510368103745981e-05,9.510368103745981e-05,1.0,in,l2sq,7252.689767360687
2026-05-19T13:31:27.786680,302,322780,-201.32251053237906,-201.32251053237906,50,0.2910326086956522,4.895,0.31,12,19,-0.003831134681240661,0.9680326879024506,0.41095126047730446,0.00022348157071971908,0.006250000122236088,0.0,0.0,4,9.50894159608226e-05,9.50894159608226e-05,1.0,in,l2sq,7277.344494342804
2026-05-19T13:31:49.085317,303,323797,-178.58583020234093,-189.95417036736,54,0.2907608695652174,5.04,0.34,19,19,-0.0015642393758753537,0.9494868814945221,0.417678639292717,0.0010429012037093122,0.007031250192085281,0.0,0.0,4,9.507515278616391e-05,9.507515278616391e-05,1.0,in,l2sq,7298.6431016922
2026-05-19T13:32:11.997528,304,324782,-154.46338641351468,-154.46338641351468,53,0.2910326086956522,5.045,0.34,11,19,-0.0027227081765886507,0.9376475065946579,0.3990660011768341,0.0006010286641526426,0.0009765625145519152,0.0,0.0,4,9.506089198862175e-05,9.506089198862175e-05,1.0,in,l2sq,7321.555307626724
2026-05-19T13:32:32.108764,305,325803,-212.6740954273939,-183.56874092045427,48,0.2875,5.01,0.36,19,19,-0.0018688589465455374,0.9993922039866447,0.4097406938672066,0.001837699542738852,0.0027343751426087692,0.0,0.0,4,9.504188076083295e-05,9.504188076083295e-05,1.0,in,l2sq,7341.666570186615
2026-05-19T13:32:55.445007,306,326826,-69.16040062832843,-69.16040062832843,71,0.2932065217391304,5.065,0.25,14,19,-0.0030800075386654413,0.9081249088048935,0.4097714200615883,0.0005637326283249311,0.007421875197906047,0.0,0.0,4,9.502762471633541e-05,9.502762471633541e-05,1.0,in,l2sq,7365.002836227417
2026-05-19T13:33:16.956387,307,327921,-218.10746361398694,-143.63393212115767,46,0.29184782608695653,5.06,0.23,19,19,-0.002788355638040363,0.9547947943210602,0.4039413258433342,0.0015777963949403784,0.003710937628056854,0.0,0.0,4,9.501337104776607e-05,9.501337104776607e-05,1.0,in,l2sq,7386.514116048813
2026-05-19T13:33:40.910643,308,328980,-185.5971857987643,-185.5971857987643,45,0.28858695652173916,5.08,0.23,14,19,-0.0027632236975477786,0.9125908389687538,0.4062039628624916,0.0002000778725686561,0.002539062508731149,0.0,0.0,4,9.499436932369023e-05,9.499436932369023e-05,1.0,in,l2sq,7410.468475103378
2026-05-19T13:34:01.167609,309,330013,-144.40732829296604,-165.00225704586518,50,0.2847826086956522,5.04,0.21,19,19,-0.0014537535898853093,0.9334478676319122,0.41822604835033417,-0.0007213877819594594,0.0007812500116415322,0.0,0.0,4,9.498012040578948e-05,9.498012040578948e-05,1.0,in,l2sq,7430.72540640831
2026-05-19T13:34:25.561137,310,331093,-204.5962631368635,-204.5962631368635,53,0.2866847826086957,5.205,0.27,14,19,-0.00329325170314404,0.9283518493175507,0.40184416994452477,-0.00011403128200987434,0.0042968750931322575,0.0,0.0,4,9.496587386262923e-05,9.496587386262923e-05,1.0,in,l2sq,7455.118921041489
2026-05-19T13:34:48.571665,311,332180,-201.01935795074675,-202.80781054380515,53,0.28831521739130433,5.265,0.32,19,19,-0.0026255685734212914,0.9354848712682724,0.3984445594251156,0.00012659241247092723,0.0009765625291038305,0.0,0.0,4,9.494688163751543e-05,9.494688163751543e-05,1.0,in,l2sq,7478.129461526871
2026-05-19T13:35:13.674689,312,333227,-164.29760967147396,-164.29760967147396,59,0.28940217391304346,5.355,0.32,16,19,-0.001455054110556464,0.9647751152515411,0.39397771656513214,0.00027515680349093907,0.0,0.0,0.0,4,9.493263984264888e-05,9.493263984264888e-05,1.0,in,l2sq,7503.232486963272
2026-05-19T13:35:35.115875,313,334248,-157.03413403236829,-160.6658718519211,54,0.2904891304347826,5.28,0.23,19,19,-0.0023814373125787824,1.0127317383885384,0.3779687471687794,0.0009220670212016589,0.0007812500261934474,0.0,0.0,4,9.491840042133567e-05,9.491840042133567e-05,1.0,in,l2sq,7524.673524618149
2026-05-19T13:36:00.270320,314,335293,-196.52240220350004,-196.52240220350004,48,0.28994565217391305,5.27,0.23,16,19,-0.003460037423064888,0.9361262619495392,0.37539318203926086,-0.001029206415114392,0.007812499912688509,0.0,0.0,4,9.490416289858035e-05,9.490416289858035e-05,1.0,in,l2sq,7549.828131914139
2026-05-19T13:36:22.582889,315,336371,-131.24542327630525,-163.88391273990266,65,0.2951086956521739,5.2,0.16,19,19,-0.002655643626349069,0.9680634811520576,0.39037447422742844,0.0011346923634846465,0.009960937430150807,0.0,0.0,4,9.488992774866638e-05,9.488992774866638e-05,1.0,in,l2sq,7572.140646934509
2026-05-19T13:36:47.780476,316,337435,-144.2941278693674,-144.2941278693674,62,0.29646739130434785,5.25,0.12,16,19,-0.003252327282098122,0.9101236090064049,0.40556352585554123,0.003775113584606485,0.008398437654250301,0.0,0.0,4,9.487095071201591e-05,9.487095071201591e-05,1.0,in,l2sq,7597.338270664215
2026-05-19T13:37:10.074996,317,338500,-211.6823991734984,-177.98826352143288,48,0.2956521739130435,5.275,0.14,19,19,-0.0030965791200285864,0.9936670958995819,0.3626459613442421,0.0011657026407192461,0.0031249999592546374,0.0,0.0,4,9.485672030659836e-05,9.485672030659836e-05,1.0,in,l2sq,7619.6327838897705
2026-05-19T13:37:35.672938,318,339579,-148.01550734907357,-148.01550734907357,58,0.29646739130434785,5.395,0.14,16,19,-0.0022389516583641855,0.9394359290599823,0.39655783772468567,-4.404139269807705e-05,0.0013671875494765118,0.0,0.0,4,9.484249227283598e-05,9.484249227283598e-05,1.0,in,l2sq,7645.230736255646
2026-05-19T13:37:57.714885,319,340644,-150.06858054077634,-149.04204394492496,59,0.29592391304347826,5.38,0.15,19,19,-0.0021663513369276077,0.9282080084085464,0.3634899780154228,0.0014275421241563557,0.005664062686264515,0.0,0.0,4,9.482352472280631e-05,9.482352472280631e-05,1.0,in,l2sq,7667.272609710693
2026-05-19T13:38:22.393131,320,341686,-202.65555248349918,-202.65555248349918,50,0.29293478260869565,5.34,0.15,18,19,-0.0034121837466956073,0.9757478088140488,0.3916224166750908,0.003280026478387321,0.008984375279396772,0.0,0.0,4,9.480930143116857e-05,9.480930143116857e-05,1.0,in,l2sq,7691.950950860977
2026-05-19T13:38:43.600253,321,342705,-154.08606924051045,-178.37081086200482,54,0.29347826086956524,5.28,0.14,19,19,-0.0018690601864363998,1.011659488081932,0.3772329241037369,0.0013979192864780887,0.002734375055297278,0.0,0.0,4,9.47950805100004e-05,9.47950805100004e-05,1.0,in,l2sq,7713.158006906509
2026-05-19T13:39:08.145312,322,343717,-147.62805219167456,-147.62805219167456,61,0.29646739130434785,5.235,0.19,18,19,-0.003711715605459187,0.9540484175086021,0.38049985840916634,0.0020019569106125984,0.00898437507566996,0.0,0.0,4,9.477612244184922e-05,9.477612244184922e-05,1.0,in,l2sq,7737.703092575073
2026-05-19T13:39:29.785580,323,344764,-201.72325459760413,-174.67565339463934,54,0.29646739130434785,5.07,0.18,19,19,-0.0030053735768889034,0.9491427838802338,0.3714999482035637,0.003973595548802666,0.012499999953433871,0.0,0.0,4,9.47619062604351e-05,9.47619062604351e-05,1.0,in,l2sq,7759.343373298645
2026-05-19T13:40:01.153012,324,345767,-140.56094865202883,-140.56094865202883,63,0.29918478260869563,5.11,0.21,19,19,-0.0019710914421011694,0.9454549700021744,0.36333081498742104,0.0005959785318054786,0.0017578125116415322,0.0,0.0,4,9.474769244830557e-05,9.474769244830557e-05,1.0,in,l2sq,7790.7106029987335
2026-05-19T13:40:22.444313,325,346798,-195.8828179551364,-168.22188330358262,56,0.30135869565217394,5.05,0.2,19,19,-0.0032393127388785636,0.928141176700592,0.361555851995945,0.0003957076148253247,0.008593749953433871,0.0,0.0,4,9.47334805313194e-05,9.47334805313194e-05,1.0,in,l2sq,7812.002086639404
2026-05-19T13:41:00.408322,326,347851,-166.7618218622807,-166.7618218622807,58,0.29782608695652174,5.165,0.25,19,19,-0.0032484494964590827,1.012458860874176,0.3807537481188774,0.0017479760350170293,0.006640625360887498,0.0,0.0,4,9.47192709829071e-05,9.47192709829071e-05,1.0,in,l2sq,7849.965916633606
2026-05-19T13:41:22.538088,327,348904,-147.2958784738182,-157.02885016804944,61,0.30190217391304347,5.375,0.25,19,19,-0.0025943548200302313,0.9044792056083679,0.3717951737344265,0.0004114289225072079,0.0011718750174622983,0.0,0.0,4,9.470032807590323e-05,9.470032807590323e-05,1.0,in,l2sq,7872.095853328705
2026-05-19T13:41:47.076342,328,349941,-153.86125525021544,-153.86125525021544,58,0.30543478260869567,5.275,0.22,18,19,-0.00440931102493769,0.9482900351285934,0.39115502685308456,-0.0008144022935084871,0.011718749767169356,0.0,0.0,4,9.46861232634545e-05,9.46861232634545e-05,1.0,in,l2sq,7896.6341598033905
2026-05-19T13:42:09.027876,329,351000,-216.8243722819686,-185.34281376609204,46,0.30434782608695654,5.415,0.19,19,19,-0.003872853657230557,0.9974403828382492,0.39412741735577583,0.0031970694810752112,0.01289062516298145,0.0,0.0,4,9.46719208183956e-05,9.46719208183956e-05,1.0,in,l2sq,7918.585680007935
2026-05-19T13:42:32.883628,330,352025,-96.72924779319784,-96.72924779319784,66,0.3078804347826087,5.305,0.22,17,19,-0.0024402998729783354,0.947329968214035,0.38125357031822205,0.0019640256316392933,0.009765625349245965,0.0,0.0,4,9.465298738095113e-05,9.465298738095113e-05,1.0,in,l2sq,7942.441457271576
2026-05-19T13:42:53.259854,331,353066,-129.7735496342182,-113.25139871370803,50,0.3070652173913043,5.215,0.22,19,19,-0.0019412846275372875,1.014977216720581,0.36791471391916275,0.001449267044472402,0.003515625139698386,0.0,0.0,4,9.463878966948828e-05,9.463878966948828e-05,1.0,in,l2sq,7962.817629098892
2026-05-19T13:43:17.125500,332,354127,-155.65754242599036,-155.65754242599036,59,0.3070652173913043,5.35,0.28,17,19,-0.0021197822468822514,0.9672290235757828,0.35873518884181976,-4.138597473686556e-05,0.0003906250058207661,0.0,0.0,4,9.462459432423182e-05,9.462459432423182e-05,1.0,in,l2sq,7986.683311223984
2026-05-19T13:43:37.486491,333,355165,-173.16069176512963,-164.40911709556,52,0.3065217391304348,5.265,0.23,19,19,-0.0028564669599290826,0.9042839705944061,0.3681925758719444,8.397370279455973e-05,0.0,0.0,0.0,4,9.46104008716565e-05,9.46104008716565e-05,1.0,in,l2sq,8007.044225215912
2026-05-19T13:44:01.591685,334,356228,-211.9452000209094,-211.9452000209094,52,0.3076086956521739,5.425,0.23,17,19,-0.002261057514988396,0.9799060821533203,0.3668946623802185,0.00043319018432157186,0.003320312505820766,0.0,0.0,4,9.459620978457776e-05,9.459620978457776e-05,1.0,in,l2sq,8031.14949464798
2026-05-19T13:44:20.495272,335,357193,-157.11603060406446,-184.53061531248693,49,0.3032608695652174,5.245,0.21,19,19,-0.0018563948702648991,0.9593974277377129,0.3720410279929638,0.0003822992920049749,0.0,0.0,0.0,4,9.457729148858294e-05,9.457729148858294e-05,1.0,in,l2sq,8050.053064584732
2026-05-19T13:44:44.397601,336,358262,-180.36565994042138,-180.36565994042138,56,0.3016304347826087,5.275,0.21,17,19,-0.002344542765058577,0.9555826783180237,0.367462582886219,0.001308765811154411,0.0015625000523868948,0.0,0.0,4,9.456310513131471e-05,9.456310513131471e-05,1.0,in,l2sq,8073.95539689064
2026-05-19T13:45:06.422608,337,359338,-196.4279225991962,-188.39679126980877,48,0.3016304347826087,5.325,0.21,19,19,-0.0037047827761852725,0.9418972432613373,0.374409694224596,0.002372402644869001,0.008593750069849193,0.0,0.0,4,9.454892113836054e-05,9.454892113836054e-05,1.0,in,l2sq,8095.980373620987
2026-05-19T13:45:32.006285,338,360421,-196.75556038403525,-196.75556038403525,57,0.30135869565217394,5.225,0.18,17,19,-0.002128030383028112,0.9906398206949234,0.3860623762011528,0.001885444662366377,0.006445312668802217,0.0,0.0,4,9.453001229962207e-05,9.453001229962207e-05,1.0,in,l2sq,8121.564107656479
2026-05-19T13:45:52.874223,339,361441,-181.74900466555334,-189.25228252479428,51,0.29918478260869563,5.26,0.2,19,19,-0.0029618037049658485,0.9777438193559647,0.37247196584939957,-2.9782790807064696e-05,0.00390625,0.0,0.0,4,9.451583303411399e-05,9.451583303411399e-05,1.0,in,l2sq,8142.431982278824
2026-05-19T13:46:18.197192,340,362516,-190.9091884009241,-190.9091884009241,54,0.30027173913043476,5.285,0.16,16,19,-0.00259188861673465,0.9715799540281296,0.40686533972620964,0.0005804061111803205,0.009570312744472176,0.0,0.0,4,9.450165613173805e-05,9.450165613173805e-05,1.0,in,l2sq,8167.754997968674
2026-05-19T13:46:40.679039,341,363608,-242.8513949108716,-216.88029165589785,53,0.3,5.335,0.16,19,19,-0.0031007774843601066,0.954371452331543,0.3908488526940346,0.0021402197513566423,0.005859375261934474,0.0,0.0,4,9.448275674552826e-05,9.448275674552826e-05,1.0,in,l2sq,8190.236820220947
2026-05-19T13:47:05.454812,342,364661,-199.0815435495376,-199.0815435495376,54,0.2980978260869565,5.385,0.21,15,19,-0.002709749346831769,0.9728192090988159,0.358196422457695,-0.0007979008070834182,0.0019531250291038305,0.0,0.0,4,9.446858456823513e-05,9.446858456823513e-05,1.0,in,l2sq,8215.012611150742
2026-05-19T13:47:28.764755,343,365791,-206.460667549908,-202.7711055497228,59,0.29945652173913045,5.39,0.24,19,19,-0.0027766272454755603,0.9193029478192329,0.3639146015048027,0.0002525861869799306,0.0029296876018634066,0.0,0.0,4,9.445441475289282e-05,9.445441475289282e-05,1.0,in,l2sq,8238.322526931763
2026-05-19T13:47:53.976312,344,366865,-147.99458239460006,-147.99458239460006,57,0.29782608695652174,5.42,0.3,17,19,-0.0031639904336770996,0.9367978051304817,0.3899528905749321,-0.0008393944664931152,0.002929687572759576,0.0,0.0,4,9.443552481448638e-05,9.443552481448638e-05,1.0,in,l2sq,8263.53407049179
2026-05-19T13:48:15.802096,345,367926,-145.30431385153545,-146.64944812306777,64,0.3,5.385,0.32,19,19,-0.0031034530140459093,0.9459448903799057,0.3805427700281143,0.00045975050088598035,0.0007812500116415322,0.0,0.0,4,9.442135972186484e-05,9.442135972186484e-05,1.0,in,l2sq,8285.359827041626
2026-05-19T13:48:39.463586,346,368925,-154.5258001139759,-154.5258001139759,54,0.29891304347826086,5.24,0.27,16,19,-0.0035794259340037327,0.9776426702737808,0.36738258600234985,0.0013796464598726521,0.00742187537252903,0.0,0.0,4,9.440719699001336e-05,9.440719699001336e-05,1.0,in,l2sq,8309.021376132965
2026-05-19T13:49:01.714602,347,370005,-165.27359868168853,-159.8996993978322,61,0.29891304347826086,5.41,0.23,19,19,-0.0015886136010522245,0.9302349761128426,0.36651772260665894,0.0009474285606074495,0.004101562502910383,0.0,0.0,4,9.438831649468733e-05,9.438831649468733e-05,1.0,in,l2sq,8331.272309303284
2026-05-19T13:49:26.773152,348,371077,-152.99994854325055,-152.99994854325055,53,0.297554347826087,5.73,0.27,17,19,-0.002927780884783626,0.9126777797937393,0.35595186054706573,0.000503586191553107,0.003515625139698386,0.0,0.0,4,9.437415848319571e-05,9.437415848319571e-05,1.0,in,l2sq,8356.330978393555
2026-05-19T13:49:47.988132,349,372108,-129.8697541320326,-141.4348513376416,56,0.30027173913043476,5.815,0.26,19,19,-0.0024820108235871635,0.9027396067976952,0.37236274406313896,0.00045516099048655,0.005273437476716936,0.0,0.0,4,9.436000283129403e-05,9.436000283129403e-05,1.0,in,l2sq,8377.545874357224
2026-05-19T13:50:21.355058,350,373166,-128.74827589148273,-128.74827589148273,48,0.29538043478260867,6.0,0.26,19,19,-0.003669972813804656,0.9168634861707687,0.3478844128549099,0.0018537767516135784,0.0126953125,0.0,0.0,4,9.434113177432782e-05,9.434113177432782e-05,1.0,in,l2sq,8410.912857532501
2026-05-19T13:50:43.187299,351,374230,-183.59964883422856,-156.17396236285566,56,0.2970108695652174,5.745,0.25,19,19,-0.0041448578587732765,0.9779646396636963,0.3702979311347008,0.005456717622564611,0.013671874767169356,0.0,0.0,4,9.432698084042629e-05,9.432698084042629e-05,1.0,in,l2sq,8432.745035648346
2026-05-19T13:51:15.914551,352,375314,-202.46754777246707,-202.46754777246707,51,0.29483695652173914,5.505,0.23,19,19,-0.002069086217670768,0.9524428620934486,0.35253024101257324,0.0004935977585546203,0.0039062500291038305,0.0,0.0,4,9.431283226493512e-05,9.431283226493512e-05,1.0,in,l2sq,8465.472142219543
2026-05-19T13:51:38.153551,353,376392,-161.4679037330152,-181.96772575274113,62,0.297554347826087,5.5,0.19,19,19,-0.002470491130589017,0.9248796626925468,0.3708593212068081,0.0017216420451859615,0.004296874976716936,0.0,0.0,4,9.429397064161045e-05,9.429397064161045e-05,1.0,in,l2sq,8487.711323022842
2026-05-19T13:52:10.240505,354,377460,-260.03408510303484,-260.03408510303484,46,0.29592391304347826,5.31,0.19,19,19,-0.0019836805702653226,0.9720405042171478,0.3772024139761925,0.00046648922743769416,0.0,0.0,0.0,4,9.427982678176093e-05,9.427982678176093e-05,1.0,in,l2sq,8519.798274993896
2026-05-19T13:52:31.732687,355,378491,-135.29083198887108,-197.66245854595297,60,0.29891304347826086,5.495,0.23,19,19,-0.002294162281032297,0.9620004445314407,0.35776312276721,-1.3508461055300458e-07,0.0011718750465661287,0.0,0.0,4,9.426568527914279e-05,9.426568527914279e-05,1.0,in,l2sq,8541.290460824966
2026-05-19T13:53:02.621884,356,379493,-127.85513965409997,-127.85513965409997,58,0.29945652173913045,5.385,0.29,19,19,-0.004378995450679213,0.9563562572002411,0.3835851699113846,0.002062851821756334,0.01953125,0.0,0.0,4,9.425154566202693e-05,9.425154566202693e-05,1.0,in,l2sq,8572.17968583107
2026-05-19T13:53:24.904324,357,380577,-120.89196280497329,-124.37355122953663,52,0.3005434782608696,5.42,0.3,19,19,-0.0026438531320310543,0.9356067404150963,0.3646411970257759,0.0013712502133785276,0.002148437488358468,0.0,0.0,4,9.423740840143535e-05,9.423740840143535e-05,1.0,in,l2sq,8594.462054014206
2026-05-19T13:53:55.501405,358,381562,-106.12826465427857,-106.12826465427857,65,0.3027173913043478,5.205,0.22,19,19,-0.00278623334306749,0.9269121140241623,0.37188149616122246,0.0004366790279163868,0.006445312756113708,0.0,0.0,4,9.421856186212914e-05,9.421856186212914e-05,1.0,in,l2sq,8625.059034109116
2026-05-19T13:54:18.182232,359,382663,-134.47572694128752,-120.30199579778304,64,0.30625,5.415,0.2,19,19,-0.0031004899123217022,0.9625387489795685,0.3611937388777733,0.0020077269385637975,0.003906250145519152,0.0,0.0,4,9.420442931340802e-05,9.420442931340802e-05,1.0,in,l2sq,8647.740016460419
2026-05-19T13:54:41.971948,360,383664,-110.82580351310968,-110.82580351310968,63,0.30869565217391304,5.16,0.18,14,19,-0.002827643687487627,0.9544986188411713,0.3891790620982647,0.001367100057723291,0.0076171875989530236,0.0,0.0,4,9.419029912003315e-05,9.419029912003315e-05,1.0,in,l2sq,8671.529725074768
2026-05-19T13:55:03.019195,361,384690,-107.61403102678055,-109.21991726994511,64,0.31168478260869564,5.245,0.2,19,19,-0.0032782920083264666,0.9591416120529175,0.3832756280899048,0.0008147168219466011,0.007226562840514816,0.0,0.0,4,9.417146200211213e-05,9.417146200211213e-05,1.0,in,l2sq,8692.57699894905
2026-05-19T13:55:28.155284,362,385766,-119.31460927009601,-119.31460927009601,48,0.31005434782608693,5.335,0.21,17,19,-0.0019874618039468217,0.9655406028032303,0.36612265557050705,5.447887251647937e-05,0.0015625000523868948,0.0,0.0,4,9.415733651825224e-05,9.415733651825224e-05,1.0,in,l2sq,8717.713065385818
2026-05-19T13:55:50.053652,363,386833,-122.00242567783611,-120.65851747396607,62,0.3108695652173913,5.31,0.23,19,19,-0.002056880320014831,0.9263559505343437,0.37385402247309685,0.0007283028638539607,0.0007812500116415322,0.0,0.0,4,9.414321338856118e-05,9.414321338856118e-05,1.0,in,l2sq,8739.611416101456
2026-05-19T13:56:15.602737,364,387933,-116.17257411175981,-116.17257411175981,65,0.3130434782608696,5.635,0.3,18,19,-0.0027468968721223175,0.9553489238023758,0.37538575753569603,-0.0001879915576409874,0.0007812500261934474,0.0,0.0,4,9.412438568731562e-05,9.412438568731562e-05,1.0,in,l2sq,8765.16056227684
2026-05-19T13:56:35.744005,365,388952,-60.541194543719364,-88.35688432773959,65,0.31331521739130436,5.515,0.28,19,19,-0.002806087670614854,0.9191545397043228,0.36476317048072815,0.0011835323803097708,0.0066406250989530236,0.0,0.0,4,9.411026726478525e-05,9.411026726478525e-05,1.0,in,l2sq,8785.301775217056
2026-05-19T13:57:00.480075,366,390040,-113.78908172279593,-113.78908172279593,70,0.31766304347826085,5.61,0.28,15,19,-0.002571593208995193,0.9350284785032272,0.36867980659008026,0.0007760965994179966,0.003710937569849193,0.0,0.0,4,9.409615119524686e-05,9.409615119524686e-05,1.0,in,l2sq,8810.037902832031
2026-05-19T13:57:21.434444,367,391091,-198.5701043603422,-156.17959304156906,48,0.3141304347826087,5.35,0.21,19,19,-0.0026117995832465324,0.9219398945569992,0.3657216988503933,0.0009269568218769342,0.006640624982537702,0.0,0.0,4,9.407733290596931e-05,9.407733290596931e-05,1.0,in,l2sq,8830.9922311306
2026-05-19T13:57:46.247762,368,392185,-172.2270004504323,-172.2270004504323,60,0.3160326086956522,5.44,0.21,17,19,-0.004002477263566118,0.9250723868608475,0.36281296610832214,0.0012841445766753057,0.016406250651925802,0.0,0.0,4,9.406322154123852e-05,9.406322154123852e-05,1.0,in,l2sq,8855.80558180809
2026-05-19T13:58:07.384294,369,393247,-78.9575654727221,-125.59228296157721,59,0.3168478260869565,5.385,0.14,19,19,-0.0023190088832052425,0.9467034563422203,0.39002900198102,0.0003370142975654966,0.0054687500960426405,0.0,0.0,4,9.404911252832343e-05,9.404911252832343e-05,1.0,in,l2sq,8876.942081689835
2026-05-19T13:58:39.270234,370,394318,-210.02342185777414,-210.02342185777414,49,0.3171195652173913,5.29,0.13,20,20,-0.002228377822029892,0.9591609910130501,0.3857094496488571,0.000971840479633071,0.0023437500349245965,0.0,0.0,4,9.40303036463089e-05,9.40303036463089e-05,1.0,in,l2sq,8908.827815771103
2026-05-19T13:58:58.842378,371,395308,-146.815016870618,-178.41921936419607,58,0.31766304347826085,5.15,0.1,20,20,-0.0025654987257439643,1.0191478431224823,0.36074043065309525,0.0014717905603901515,0.005078125192085281,0.0,0.0,4,9.401619933584946e-05,9.401619933584946e-05,1.0,in,l2sq,8928.400176048279
2026-05-19T13:59:22.242173,372,396346,-183.4758361510636,-183.4758361510636,53,0.31820652173913044,5.085,0.1,18,20,-0.002920889608503785,0.9589143618941307,0.3794412352144718,0.0013988293226702697,0.004492187581490725,0.0,0.0,4,9.400209737603009e-05,9.400209737603009e-05,1.0,in,l2sq,8951.79998922348
2026-05-19T13:59:42.234913,373,397362,-117.33879640781896,-150.40731627944126,58,0.3171195652173913,5.015,0.15,20,20,-0.0030392636021132624,1.0044229924678802,0.3867769241333008,0.0003310674845124484,0.010546874953433871,0.0,0.0,4,9.398799729644068e-05,9.398799729644068e-05,1.0,in,l2sq,8971.792664766312
2026-05-19T14:00:14.325338,374,398454,-166.7447096025941,-166.7447096025941,56,0.31983695652173916,5.1,0.15,20,20,-0.002243077015737116,0.9583640098571777,0.3688454069197178,0.0003812149060649986,0.006054687502910383,0.0,0.0,4,9.39738995667862e-05,9.39738995667862e-05,1.0,in,l2sq,9003.8829433918
2026-05-19T14:00:35.647076,375,399525,-277.0828910674455,-221.9138003350198,41,0.31467391304347825,5.265,0.21,20,20,-0.003070420847507277,0.9677053987979889,0.3810662515461445,0.002962506010067048,0.007617187642608769,0.0,0.0,4,9.395510572661184e-05,9.395510572661184e-05,1.0,in,l2sq,9025.20485830307
2026-05-19T14:01:00.350241,376,400621,-134.68514817029236,-134.68514817029236,50,0.3125,5.4,0.23,19,20,-0.002109126819414109,0.9871791005134583,0.36169876903295517,-0.0004074530123034936,0.0003906250058207661,0.0,0.0,4,9.394101269565235e-05,9.394101269565235e-05,1.0,in,l2sq,9049.90804553032
2026-05-19T14:01:21.275223,377,401674,-112.38349228078145,-123.5343202255369,60,0.31467391304347825,5.66,0.26,20,20,-0.0024838105207891092,0.9319102317094803,0.3592553548514843,0.0008765782713453518,0.0003906250058207661,0.0,0.0,4,9.392692201345306e-05,9.392692201345306e-05,1.0,in,l2sq,9070.833019018173
2026-05-19T14:01:45.405229,378,402734,-75.38341198122501,-75.38341198122501,67,0.31521739130434784,5.62,0.24,17,20,-0.002726155193522539,0.9396808221936226,0.35330651327967644,0.0025392771515725665,0.003710937569849193,0.0,0.0,4,9.390813756831958e-05,9.390813756831958e-05,1.0,in,l2sq,9094.96302485466
2026-05-19T14:02:06.158723,379,403779,-111.33930478072166,-93.36135838097334,58,0.3135869565217391,5.65,0.18,20,20,-0.002695717738242731,0.8950290977954865,0.3412485420703888,0.0020235939006397544,0.0015625000523868948,0.0,0.0,4,9.389405158246641e-05,9.389405158246641e-05,1.0,in,l2sq,9115.716509580612
2026-05-19T14:02:29.615718,380,404803,-167.4136253383756,-167.4136253383756,52,0.3105978260869565,5.455,0.14,16,20,-0.00318018425023181,0.9726576581597328,0.3612522780895233,0.0005437021192392644,0.009375000110594556,0.0,0.0,4,9.38799679441993e-05,9.38799679441993e-05,1.0,in,l2sq,9139.173538684845
2026-05-19T14:02:50.612350,381,405857,-213.50533375579104,-190.45947954708333,43,0.3048913043478261,5.335,0.16,20,20,-0.003294238015951134,0.9159087985754013,0.3643863759934902,0.0006529017670345305,0.011328125285217538,0.0,0.0,4,9.386119288941013e-05,9.386119288941013e-05,1.0,in,l2sq,9160.170106649399
2026-05-19T14:03:14.676602,382,406922,-116.09003287279617,-116.09003287279617,59,0.3078804347826087,5.425,0.17,18,20,-0.0021986410196405126,0.9343319833278656,0.3785608559846878,0.0016751026553265547,0.0,0.0,0.0,4,9.384711394514145e-05,9.384711394514145e-05,1.0,in,l2sq,9184.23443555832
2026-05-19T14:03:36.048059,383,407994,-139.5618002764584,-127.82591657462729,65,0.30869565217391304,5.545,0.21,20,20,-0.0030944795376852685,0.8939544856548309,0.35885921865701675,0.00035911482391381977,0.007617187569849193,0.0,0.0,4,9.383303734728524e-05,9.383303734728524e-05,1.0,in,l2sq,9205.605862855911
2026-05-19T14:03:58.970575,384,408985,-98.33403198862095,-98.33403198862095,64,0.30842391304347827,5.53,0.17,16,20,-0.002350708174344629,0.9031465277075768,0.3547850102186203,0.0008564131232560827,0.0037109375989530236,0.0,0.0,4,9.381427167814616e-05,9.381427167814616e-05,1.0,in,l2sq,9228.528406143188
2026-05-19T14:04:19.855170,385,410040,-157.41530685663236,-127.87466942262665,48,0.30380434782608695,5.595,0.23,20,20,-0.002944338292582005,0.8808945715427399,0.37479695677757263,0.0009365061841890565,0.0027343749534338713,0.0,0.0,4,9.380019977194186e-05,9.380019977194186e-05,1.0,in,l2sq,9249.412947416306
2026-05-19T14:04:44.140327,386,411115,-100.08676522147685,-100.08676522147685,60,0.3010869565217391,5.63,0.24,18,20,-0.002486609659718031,0.9291007593274117,0.37028757855296135,0.0014920313344873593,0.0039062500291038305,0.0,0.0,4,9.378613021097706e-05,9.378613021097706e-05,1.0,in,l2sq,9273.698133945465
2026-05-19T14:05:04.644644,387,412148,-167.18131796610356,-133.63404159379022,52,0.30217391304347824,5.535,0.2,20,20,-0.0027705125859938118,0.9363151639699936,0.37474334985017776,0.0009519378669210488,0.0031250000465661287,0.0,0.0,4,9.377206252592248e-05,9.377206252592248e-05,1.0,in,l2sq,9294.202448606491
2026-05-19T14:05:29.017357,388,413212,-172.2142559627294,-172.2142559627294,55,0.30081521739130435,5.54,0.25,14,20,-0.0028035920549882576,1.0085760205984116,0.36212457343935966,0.0018269226920892834,0.0050781251629814506,0.0,0.0,4,9.37579971854039e-05,9.37579971854039e-05,1.0,in,l2sq,9318.575144290924
2026-05-19T14:05:49.760746,389,414253,-169.796431273341,-171.0053436180352,61,0.30135869565217394,5.33,0.25,20,20,-0.0026684314565500467,0.9658503010869026,0.37429794669151306,0.0003613972016410505,0.005078125046566129,0.0,0.0,4,9.37392465235468e-05,9.37392465235468e-05,1.0,in,l2sq,9339.318548679352
2026-05-19T14:06:14.321852,390,415335,-242.65250514012567,-242.65250514012567,48,0.3010869565217391,5.18,0.21,17,20,-0.0036743149335961567,0.9420979619026184,0.38381174951791763,0.0029377187484896927,0.007812500232830644,0.0,0.0,4,9.372518587092809e-05,9.372518587092809e-05,1.0,in,l2sq,9363.879670619965
2026-05-19T14:06:35.474504,391,416397,-192.44979511469586,-217.55115012741078,51,0.29918478260869563,5.25,0.18,20,20,-0.003597500958130828,0.9402534365653992,0.37171222642064095,0.002341072714375503,0.014257812639698386,0.0,0.0,4,9.371112756167338e-05,9.371112756167338e-05,1.0,in,l2sq,9385.03222990036
2026-05-19T14:06:58.719024,392,417413,-144.96617559808473,-144.96617559808473,57,0.30027173913043476,5.16,0.14,16,20,-0.002037132776422368,0.8685566335916519,0.3564928285777569,0.0018885142940689298,0.0021484375465661287,0.0,0.0,4,9.369238627327233e-05,9.369238627327233e-05,1.0,in,l2sq,9408.276848077774
2026-05-19T14:07:19.616595,393,418465,-152.60717841428544,-148.78667700618507,57,0.3,5.335,0.16,20,20,-0.0020717681298265678,0.9244064092636108,0.3521319255232811,0.0013623571179778304,0.0003906250058207661,0.0,0.0,4,9.367833264957402e-05,9.367833264957402e-05,1.0,in,l2sq,9429.174374341965
2026-05-19T14:07:43.023302,394,419491,-95.2575723943115,-95.2575723943115,65,0.30244565217391306,5.45,0.17,17,20,-0.0023178904986707605,0.9086471274495125,0.36368194222450256,0.00036522544037324856,0.0015624999796273187,0.0,0.0,4,9.366428136806825e-05,9.366428136806825e-05,1.0,in,l2sq,9452.581099033356
2026-05-19T14:08:03.735464,395,420532,-124.7503349330427,-110.0039536636771,63,0.30842391304347827,5.49,0.26,20,20,-0.003777178397285752,0.9451223537325859,0.36918406933546066,0.0015302224748211801,0.010937500395812094,0.0,0.0,4,9.364554944843746e-05,9.364554944843746e-05,1.0,in,l2sq,9473.293263196945
2026-05-19T14:08:28.084754,396,421606,-95.69075730520488,-95.69075730520488,59,0.3108695652173913,5.505,0.22,16,20,-0.0017827242481871508,0.9458944201469421,0.3626192957162857,0.0015103668294614153,0.0015625000232830644,0.0,0.0,4,9.363150285014577e-05,9.363150285014577e-05,1.0,in,l2sq,9497.642560005188
2026-05-19T14:08:50.164584,397,422681,-148.9603208119273,-122.32553905856608,60,0.3108695652173913,5.525,0.26,20,20,-0.002079186050104903,0.9652346149086952,0.35415780916810036,0.0007893343780096991,0.0005859375232830644,0.0,0.0,4,9.361745859287577e-05,9.361745859287577e-05,1.0,in,l2sq,9519.722324609756
2026-05-19T14:09:15.169771,398,423743,-85.09152510976807,-85.09152510976807,67,0.3108695652173913,5.5,0.28,18,20,-0.0025085316148761028,0.9258600026369095,0.36723141744732857,0.0007266055079526573,0.003906250072759576,0.0,0.0,4,9.35987360373318e-05,9.35987360373318e-05,1.0,in,l2sq,9544.727593421936
2026-05-19T14:09:37.550424,399,424827,-178.70780593431,-131.89966552203902,59,0.3111413043478261,5.8,0.22,20,20,-0.003294895600993164,0.9273937493562698,0.34429239481687546,-0.0019638410828520247,0.021093750838190317,0.0,0.0,4,9.358469646093473e-05,9.358469646093473e-05,1.0,in,l2sq,9567.108167648315
2026-05-19T14:10:02.671960,400,425832,-146.2035473168491,-146.2035473168491,56,0.31222826086956523,5.64,0.21,17,20,-0.003970138364820769,0.9339245930314064,0.368894100189209,0.003174828865553536,0.014453124953433871,0.0,0.0,4,9.357065922438908e-05,9.357065922438908e-05,1.0,in,l2sq,9592.229752540588
2026-05-19T14:10:24.137519,401,426872,-125.65452506053468,-135.9290361886919,67,0.31875,5.725,0.22,20,20,-0.0008381724539504032,0.9343599379062653,0.3513842448592186,-0.0009145351765709187,0.0,0.0,0.0,4,9.355662385944377e-05,9.355662385944377e-05,1.0,in,l2sq,9613.695299863815
2026-05-19T14:10:49.487573,402,427950,-129.02618931603422,-129.02618931603422,64,0.3201086956521739,5.61,0.27,18,20,-0.0018821440702594394,0.983494333922863,0.3532929755747318,0.0011399372096093374,0.0005859375232830644,0.0,0.0,4,9.354259083364798e-05,9.354259083364798e-05,1.0,in,l2sq,9639.045378684998
2026-05-19T14:11:11.227598,403,429001,-144.77922650545824,-136.90270791074624,62,0.31929347826086957,5.81,0.3,20,20,-0.0026745692492113893,0.9551398083567619,0.35883621498942375,0.00015281557200522763,0.0037109375261934474,0.0,0.0,4,9.352388325090715e-05,9.352388325090715e-05,1.0,in,l2sq,9660.785326719284
2026-05-19T14:11:36.668734,404,430082,-133.72430415713777,-133.72430415713777,58,0.31766304347826085,5.71,0.26,18,20,-0.003523354257049194,0.9181165918707848,0.36664069071412086,0.0018573802831724218,0.012890625221189111,0.0,0.0,4,9.350517940949581e-05,9.350517940949581e-05,1.0,in,l2sq,9686.226557016373
2026-05-19T14:11:57.793369,405,431107,-153.5078325861692,-143.61606837165348,52,0.31875,5.615,0.23,20,20,-0.004348131979350023,0.9273234605789185,0.35140323638916016,0.003206760947796275,0.017968750558793545,0.0,0.0,4,9.349115386635903e-05,9.349115386635903e-05,1.0,in,l2sq,9707.351089000702
2026-05-19T14:12:22.500315,406,432151,-132.81024589812776,-132.81024589812776,60,0.31875,5.48,0.28,18,20,-0.0017982449937335165,0.9096792116761208,0.3436315655708313,0.0001482822962998176,0.005859374985448085,0.0,0.0,4,9.347713066073485e-05,9.347713066073485e-05,1.0,in,l2sq,9732.05810880661
2026-05-19T14:12:44.166394,407,433199,-129.68865756297123,-131.24945173054948,60,0.3209239130434783,5.175,0.32,20,20,-0.0034522533416747603,0.9405640810728073,0.3619849681854248,0.0023936739962209796,0.007421875197906047,0.0,0.0,4,9.346310932484025e-05,9.346310932484025e-05,1.0,in,l2sq,9753.724171161652
2026-05-19T14:13:08.766923,408,434233,-123.1538796267511,-123.1538796267511,53,0.3203804347826087,5.33,0.26,16,20,-0.0030787777766818347,0.944544106721878,0.37707893922924995,0.0017271934200834838,0.011718750232830644,0.0,0.0,4,9.344909032575708e-05,9.344909032575708e-05,1.0,in,l2sq,9778.324717283249
2026-05-19T14:13:29.182374,409,435221,-120.59713610827947,-121.8755078675153,60,0.3201086956521739,5.48,0.25,20,20,-0.0027634099606075324,0.9671415388584137,0.3550681062042713,-0.0002545367736729448,0.008984374871943146,0.0,0.0,4,9.343040144218283e-05,9.343040144218283e-05,1.0,in,l2sq,9798.740135669708
2026-05-19T14:13:53.308661,410,436234,-100.50825388967996,-100.50825388967996,56,0.3222826086956522,5.475,0.22,15,20,-0.0026672164909542495,0.9119332134723663,0.36027126759290695,0.0033536447833285576,0.011718750232830644,0.0,0.0,4,9.341638711555419e-05,9.341638711555419e-05,1.0,in,l2sq,9822.866482973099
2026-05-19T14:14:14.108686,411,437240,-39.94514903044711,-70.22670146006354,71,0.32771739130434785,5.465,0.18,20,20,-0.0035799638077151363,0.9419136047363281,0.35087113827466965,0.0025663445253485354,0.00937500037252903,0.0,0.0,4,9.34023751245688e-05,9.34023751245688e-05,1.0,in,l2sq,9843.666437625885
2026-05-19T14:14:40.263928,412,438351,-243.9700843729973,-243.9700843729973,45,0.3244565217391304,5.435,0.12,15,20,-0.0020328762766439468,0.9167947918176651,0.3390248417854309,0.0012151705836913607,0.007421875023283064,0.0,0.0,4,9.338836500181773e-05,9.338836500181773e-05,1.0,in,l2sq,9869.8217523098
2026-05-19T14:15:01.870520,413,439396,-196.68161223685738,-220.32584830492732,56,0.32418478260869565,5.345,0.09,20,20,-0.003078613859543111,0.9073296636343002,0.35236654430627823,0.0009042352682626653,0.011523437569849193,0.0,0.0,4,9.337435721400929e-05,9.337435721400929e-05,1.0,in,l2sq,9891.428309440613
2026-05-19T14:15:26.169149,414,440417,-88.77084796142586,-88.77084796142586,66,0.3244565217391304,5.365,0.12,15,20,-0.0031763468112331328,0.9621268734335899,0.3513804115355015,0.0022742447116343226,0.007031249930150807,0.0,0.0,4,9.335568327631006e-05,9.335568327631006e-05,1.0,in,l2sq,9915.726968288422
2026-05-19T14:15:48.260880,415,441488,-182.4234688913229,-135.5971584263744,51,0.32119565217391305,5.405,0.18,20,20,-0.002796081517590032,0.9700128883123398,0.32597069442272186,0.0013604556197606144,0.004687500186264515,0.0,0.0,4,9.334168015721949e-05,9.334168015721949e-05,1.0,in,l2sq,9937.818642616272
2026-05-19T14:16:12.696647,416,442513,-205.59715133929248,-205.59715133929248,47,0.3179347826086957,5.37,0.18,15,20,-0.0029339388333028127,0.9524007588624954,0.3326452188193798,0.001803272826691682,0.004296875165891834,0.0,0.0,4,9.332767937190431e-05,9.332767937190431e-05,1.0,in,l2sq,9962.254461050034
2026-05-19T14:16:35.079474,417,443594,-155.02924885851172,-180.3132000989021,57,0.3171195652173913,5.425,0.2,20,20,-0.002637339006469036,0.9339991137385368,0.33559154719114304,0.0010278822795271592,0.007226562607684173,0.0,0.0,4,9.33090147693067e-05,9.33090147693067e-05,1.0,in,l2sq,9984.637214183807
2026-05-19T14:16:59.843209,418,444638,-146.8235291634799,-146.8235291634799,64,0.31630434782608696,5.405,0.19,15,20,-0.0014098607149208853,0.9373771101236343,0.3313876837491989,0.00029608224340338385,0.001953125,0.0,0.0,4,9.329501865037552e-05,9.329501865037552e-05,1.0,in,l2sq,10009.401024103165
2026-05-19T14:17:22.054955,419,445712,-11.136343162417484,-78.97993616294869,77,0.32119565217391305,5.57,0.21,20,20,-0.0044088960974477676,0.9053226187825203,0.3489503711462021,0.0001135667039989241,0.014843750279396772,0.0,0.0,4,9.328102486405305e-05,9.328102486405305e-05,1.0,in,l2sq,10031.61273765564
2026-05-19T14:17:48.305781,420,446819,-161.02170080012104,-161.02170080012104,57,0.3214673913043478,5.65,0.19,14,20,-0.0028859362471848615,0.9204089939594269,0.3451039530336857,0.0012874371502220872,0.015234375256113708,0.0,0.0,4,9.32623695918905e-05,9.32623695918905e-05,1.0,in,l2sq,10057.863578796387
2026-05-19T14:18:10.161876,421,447877,-109.99199353015432,-135.50684716513769,57,0.31875,5.865,0.25,20,20,-0.0024661518400534987,0.8914500176906586,0.35762448608875275,0.0007963625412230613,0.0011718750465661287,0.0,0.0,4,9.324838046961931e-05,9.324838046961931e-05,1.0,in,l2sq,10079.719655036926
2026-05-19T14:18:34.747810,422,448907,-95.39636745941648,-95.39636745941648,64,0.31875,5.685,0.2,15,20,-0.0024039026873652336,0.9502888545393944,0.3654650039970875,-0.00021466061454017415,0.001953125058207661,0.0,0.0,4,9.323439367879077e-05,9.323439367879077e-05,1.0,in,l2sq,10104.305606126785
2026-05-19T14:18:55.440043,423,449911,-83.2073788298965,-89.3018731446565,60,0.31820652173913044,5.56,0.21,20,20,-0.002179469159454994,0.9877015203237534,0.3480830639600754,0.0006678630985333944,0.001953125,0.0,0.0,4,9.32204087528366e-05,9.32204087528366e-05,1.0,in,l2sq,10124.997772932053
2026-05-19T14:19:20.767589,424,450976,-203.0598064805268,-203.0598064805268,50,0.3160326086956522,5.52,0.16,14,20,-0.002668661868665434,0.9250210002064705,0.3426128514111042,0.0013151959657761725,0.0025390625814907253,0.0,0.0,4,9.320642615762571e-05,9.320642615762571e-05,1.0,in,l2sq,10150.325404882431
2026-05-19T14:19:42.913246,425,452047,-79.1409830348491,-141.10039475768795,71,0.32119565217391305,5.59,0.12,20,20,-0.0032801823952468973,0.9434695690870285,0.33942438662052155,0.0015778781183598267,0.005859375101863407,0.0,0.0,4,9.318778580445845e-05,9.318778580445845e-05,1.0,in,l2sq,10172.470999002457
2026-05-19T14:20:08.094437,426,453107,-130.5588961122036,-130.5588961122036,62,0.3217391304347826,5.83,0.14,14,20,-0.002347840473521323,0.951097384095192,0.3125537559390068,0.00014805288442401587,0.002343750005820766,0.0,0.0,4,9.31738078695689e-05,9.31738078695689e-05,1.0,in,l2sq,10197.652238368988
2026-05-19T14:20:28.938525,427,454115,-109.44161244064581,-120.0002542764247,59,0.3214673913043478,5.85,0.14,20,20,-0.0027302967617287566,0.9449711889028549,0.325731061398983,0.002229743001043949,0.005468750052386895,0.0,0.0,4,9.31598322642575e-05,9.31598322642575e-05,1.0,in,l2sq,10218.49631023407
2026-05-19T14:20:53.018730,428,455121,-75.83553786098955,-75.83553786098955,62,0.3239130434782609,5.9,0.22,14,20,-0.0017663795690168738,0.9233736842870712,0.3356465548276901,0.00015683034362297052,0.0011718750174622983,0.0,0.0,4,9.314120122940297e-05,9.314120122940297e-05,1.0,in,l2sq,10242.576524734497
2026-05-19T14:21:12.099659,429,456088,-152.96127324390386,-114.3984055524467,50,0.32119565217391305,5.345,0.18,20,20,-0.003243154793744818,0.9797675758600235,0.35166753828525543,-0.00014852708536636922,0.005078125192085281,0.0,0.0,4,9.312723028208322e-05,9.312723028208322e-05,1.0,in,l2sq,10261.657440185547
2026-05-19T14:21:35.100036,430,457096,-81.72338059300196,-81.72338059300196,69,0.32472826086956524,5.165,0.16,15,20,-0.0027659822371787213,0.9472187086939812,0.34053483977913857,0.001545300127008889,0.004687500084401108,0.0,0.0,4,9.311326166317705e-05,9.311326166317705e-05,1.0,in,l2sq,10284.65785241127
2026-05-19T14:21:55.719436,431,458145,-193.35880839425343,-137.5410944936277,54,0.3201086956521739,5.07,0.15,20,20,-0.0025773122848478103,0.8321107923984528,0.3308844044804573,0.0018106506843651449,0.0015625000232830644,0.0,0.0,4,9.309929490672237e-05,9.309929490672237e-05,1.0,in,l2sq,10305.277174949646
2026-05-19T14:22:19.721568,432,459204,-129.58105859667072,-129.58105859667072,59,0.3239130434782609,5.165,0.13,15,20,-0.0020306341960349694,0.9278711825609207,0.330836933106184,0.0007116140101288914,0.003710937569849193,0.0,0.0,4,9.308533047798284e-05,9.308533047798284e-05,1.0,in,l2sq,10329.279397249222
2026-05-19T14:22:40.719225,433,460272,-166.60348748827005,-148.09227304247037,54,0.3233695652173913,5.285,0.16,20,20,-0.002336635655956376,0.8937629237771034,0.33845657482743263,0.0014772040147135734,0.0035156251542503014,0.0,0.0,4,9.306671434274055e-05,9.306671434274055e-05,1.0,in,l2sq,10350.277024745941
2026-05-19T14:23:04.847060,434,461340,-137.9273984473347,-137.9273984473347,67,0.32364130434782606,5.34,0.2,15,20,-0.0027973429008851802,0.9087634086608887,0.3262922465801239,0.00021505679508210251,0.008203125325962901,0.0,0.0,4,9.305275456826756e-05,9.305275456826756e-05,1.0,in,l2sq,10374.40487575531
2026-05-19T14:23:25.210903,435,462376,-114.86860536485904,-126.39800190609687,60,0.32608695652173914,5.485,0.2,20,20,-0.0030874215270159655,0.8958687707781792,0.3390149958431721,0.00048663788334124547,0.005859375101863407,0.0,0.0,4,9.303879712034609e-05,9.303879712034609e-05,1.0,in,l2sq,10394.768685102463
2026-05-19T14:23:48.847796,436,463417,-195.36962713336945,-195.36962713336945,53,0.32771739130434785,5.34,0.2,15,20,-0.0012437686789779911,0.9874463006854057,0.3562156744301319,0.0005755885576490816,0.0007812500116415322,0.0,0.0,4,9.302019029131e-05,9.302019029131e-05,1.0,in,l2sq,10418.405608415604
2026-05-19T14:24:09.674636,437,464476,-126.82942089259635,-161.0995240129829,57,0.32771739130434785,5.495,0.18,20,20,-0.0038077354140113595,0.9268563687801361,0.327072836458683,0.0006976067468713598,0.0,0.0,0.0,4,9.30062374953284e-05,9.30062374953284e-05,1.0,in,l2sq,10439.232431650162
2026-05-19T14:24:34.621753,438,465580,-168.98440244859444,-168.98440244859444,63,0.327445652173913,5.68,0.21,14,20,-0.002305568807787428,0.9077555611729622,0.3283272050321102,0.0011897968201992348,0.005664062569849193,0.0,0.0,4,9.29922870247353e-05,9.29922870247353e-05,1.0,in,l2sq,10464.179549455643
2026-05-19T14:24:55.026891,439,466614,-201.39431497615567,-185.18935871237505,55,0.3214673913043478,5.585,0.18,20,20,-0.00275207482627593,0.904160775244236,0.33959126472473145,0.0031342173067117063,0.008789062383584678,0.0,0.0,4,9.297368949725322e-05,9.297368949725322e-05,1.0,in,l2sq,10484.58468580246
2026-05-19T14:25:18.136312,440,467635,-153.68408202213064,-153.68408202213064,51,0.31983695652173916,5.615,0.19,17,20,-0.002242665010271594,0.866411104798317,0.3598361387848854,-0.0003214795422536998,0.003906250145519152,0.0,0.0,4,9.295974367627448e-05,9.295974367627448e-05,1.0,in,l2sq,10507.694136619568
2026-05-19T14:25:38.358986,441,468661,-103.80159742861997,-128.7428397253753,69,0.32309782608695653,5.345,0.14,20,20,-0.001909782265647711,0.9063832610845566,0.3270954564213753,0.0006694678623262035,0.001171875002910383,0.0,0.0,4,9.294580017952178e-05,9.294580017952178e-05,1.0,in,l2sq,10527.916714429855
2026-05-19T14:26:02.238234,442,469719,-104.39456401485197,-104.39456401485197,58,0.3214673913043478,5.4,0.17,16,20,-0.001492567750392526,0.9412997663021088,0.319136306643486,0.00022874041114848143,0.0,0.0,0.0,4,9.293185854187096e-05,9.293185854187096e-05,1.0,in,l2sq,10551.796068191528
2026-05-19T14:26:22.306047,443,470738,-65.62456816273927,-85.00956608879562,66,0.32309782608695653,5.54,0.15,20,20,-0.0026951089967042208,0.9097394570708275,0.31098882481455803,0.0004008882337075137,0.005273437694995664,0.0,0.0,4,9.291791922774898e-05,9.291791922774898e-05,1.0,in,l2sq,10571.863847255707
2026-05-19T14:26:45.718072,444,471775,-117.60516626745463,-117.60516626745463,59,0.32554347826086955,5.725,0.22,18,20,-0.0035205715190386733,0.9097412973642349,0.32322437688708305,0.0013373310030147245,0.014843749959254637,0.0,0.0,4,9.289933657308262e-05,9.289933657308262e-05,1.0,in,l2sq,10595.27587223053
2026-05-19T14:27:05.868202,445,472800,-114.30458724194766,-115.95487675470115,63,0.3233695652173913,5.63,0.22,20,20,-0.002764096827013507,0.8489367663860321,0.3085032105445862,0.0010043368613879,0.00390625,0.0,0.0,4,9.28854019048566e-05,9.28854019048566e-05,1.0,in,l2sq,10615.426001787186
2026-05-19T14:27:29.338863,446,473836,-145.59598782420184,-145.59598782420184,56,0.3217391304347826,5.605,0.23,17,20,-0.0033370607998222113,0.9335812851786613,0.3156241178512573,-0.0010047126018890018,0.006640624953433871,0.0,0.0,4,9.28714695589979e-05,9.28714695589979e-05,1.0,in,l2sq,10638.896666288376
2026-05-19T14:27:50.443087,447,474899,-155.50739150869862,-150.55168966645022,57,0.32119565217391305,5.485,0.28,20,20,-0.0020942448427376803,0.8981400206685066,0.3284353278577328,0.0013742537813413863,0.0019531250291038305,0.0,0.0,4,9.28528961938008e-05,9.28528961938008e-05,1.0,in,l2sq,10660.000810146332
2026-05-19T14:28:14.434844,448,475957,-148.24635430413483,-148.24635430413483,65,0.3220108695652174,5.505,0.33,16,20,-0.0022087232093326303,0.9517617374658585,0.3159713000059128,0.001561527695412221,0.0007812500116415322,0.0,0.0,4,9.283896849151556e-05,9.283896849151556e-05,1.0,in,l2sq,10683.992646694183
2026-05-19T14:28:34.288853,449,476962,-79.57052146208292,-113.90843788310887,62,0.3252717391304348,5.36,0.33,20,20,-0.002824864999274812,0.9167452231049538,0.31989700347185135,0.0013770181106337875,0.005273437505820766,0.0,0.0,4,9.282504311043668e-05,9.282504311043668e-05,1.0,in,l2sq,10703.846578121185
2026-05-19T14:28:59.495690,450,478029,-85.17650005567073,-85.17650005567073,68,0.325,5.475,0.34,18,20,-0.004140022560022771,0.9353093951940536,0.3102981373667717,0.001858074123174458,0.009374999906867743,0.0,0.0,4,9.281111958604433e-05,9.281111958604433e-05,1.0,in,l2sq,10729.053503751755
2026-05-19T14:29:20.898123,451,479118,-118.91122269058214,-102.04386137312643,61,0.3269021739130435,5.54,0.27,20,20,-0.00258470310436687,0.9595929905772209,0.31810473278164864,0.002085287522447715,0.016796875483123586,0.0,0.0,4,9.279719838216203e-05,9.279719838216203e-05,1.0,in,l2sq,10750.455869674683
2026-05-19T14:29:41.291564,452,480001,-83.27645542836203,-83.27645542836203,57,0.3263586956521739,5.735,0.3,18,20,-0.002516416501020996,0.9533306434750557,0.32854897528886795,0.001240594740329403,0.005664062686264515,0.0,0.0,4,9.277863987045758e-05,9.277863987045758e-05,1.0,in,l2sq,10770.849394321442
