timestamp,episode,time_step,current_ep_reward,rolling_avg_reward,episode_successes,rolling_success_ratio,avg_steps_recent,avg_deviation_recent,val_success,best_val_success,policy_loss,value_loss,entropy,approx_kl,clip_fraction,oracle_bc_loss,sil_loss,update_epochs_ran,actor_lr,critic_lr,reward_factor,reward_mode,progress_metric,elapsed_sec
2026-05-15T09:55:39.607756,0,1090,-369.92552052641844,-369.92552052641844,16,0.08695652173913043,2.625,1.125,1,1,-0.0053871096461080015,1.0203830003738403,1.1398435235023499,0.0011367620434612029,0.0,0.0,0.0,4,9.999000000000001e-05,9.999000000000001e-05,1.0,in,l2sq,31.38114356994629
2026-05-15T09:56:02.589108,1,2194,-399.8316807646724,-384.8786006455454,21,0.10054347826086957,2.675675675675676,1.027027027027027,1,1,-0.0025274668718339166,0.992092914879322,1.1553692817687988,4.4596009229284916e-05,0.0,0.0,0.0,4,9.997500199995001e-05,9.997500199995001e-05,1.0,in,l2sq,54.36286115646362
2026-05-15T09:56:38.222966,2,3355,-393.73040616049127,-393.73040616049127,19,0.10144927536231885,2.9642857142857144,1.1071428571428572,5,5,-0.0024192674958612714,0.972218282520771,1.137544497847557,-0.00021223183330221218,0.0,0.0,0.0,4,9.995500799930005e-05,9.995500799930005e-05,1.0,in,l2sq,89.99650621414185
2026-05-15T09:57:02.173498,3,4489,-365.9765543895491,-379.85348027502016,19,0.10190217391304347,2.8933333333333335,1.0133333333333334,5,5,-0.0014583647352538476,1.0005436018109322,1.1240843385457993,0.0006200366518896785,0.0,0.0,0.0,4,9.993501799725028e-05,9.993501799725028e-05,1.0,in,l2sq,113.94729542732239
2026-05-15T09:57:28.167067,4,5559,-343.71941425379333,-343.71941425379333,20,0.10326086956521739,2.957894736842105,1.0736842105263158,4,5,-0.0017980174132390392,1.0151734948158264,1.1124272346496582,-0.00023940174287417904,0.0,0.0,0.0,4,9.992002799440073e-05,9.992002799440073e-05,1.0,in,l2sq,139.9408597946167
2026-05-15T09:57:51.704498,5,6690,-409.3188564327032,-376.5191353432483,17,0.10144927536231885,3.2589285714285716,1.2857142857142858,5,5,-0.001319843550300015,0.9840238615870476,1.1023547500371933,-0.0006029096620295271,0.0,0.0,0.0,4,9.990504048980171e-05,9.990504048980171e-05,1.0,in,l2sq,163.4782919883728
2026-05-15T09:58:30.084153,6,7842,-383.04597699992894,-383.04597699992894,23,0.1048136645962733,3.3925925925925924,1.3185185185185184,6,6,-0.002974552690284349,0.973432794213295,1.0943569988012314,0.0012058157837600003,0.0,0.0,0.0,4,9.988506048075416e-05,9.988506048075416e-05,1.0,in,l2sq,201.85770654678345
2026-05-15T09:58:52.425817,7,8920,-320.41658963478085,-351.7312833173549,29,0.11141304347826086,3.3963414634146343,1.329268292682927,6,6,-0.0011509508098243026,0.9103654474020004,1.0595690608024597,1.7217809727299027e-05,0.0,0.0,0.0,4,9.987007797140718e-05,9.987007797140718e-05,1.0,in,l2sq,224.19954919815063
2026-05-15T09:59:18.819090,8,10014,-351.0583658657575,-351.0583658657575,20,0.1111111111111111,3.385869565217391,1.315217391304348,5,6,-0.0013533279427064837,1.0056858584284782,1.0437260568141937,0.0007844538476092372,0.0,0.0,0.0,4,9.985509795906185e-05,9.985509795906185e-05,1.0,in,l2sq,250.592839717865
2026-05-15T09:59:40.635988,9,11067,-320.06991968056474,-335.5641427731611,26,0.11413043478260869,3.455,1.32,6,6,-0.0010942105509457178,0.9648274257779121,1.0789913535118103,-0.00018482035093258034,0.0,0.0,0.0,4,9.983512793802104e-05,9.983512793802104e-05,1.0,in,l2sq,272.4097182750702
2026-05-15T10:00:06.657950,10,12144,-315.5095351443288,-315.5095351443288,23,0.11511857707509882,3.61,1.37,3,6,-0.002194181137019857,0.9936835020780563,1.0714691877365112,0.00011592237351578522,0.0,0.0,0.0,4,9.982015291843063e-05,9.982015291843063e-05,1.0,in,l2sq,298.4317059516907
2026-05-15T10:00:30.180414,11,13278,-371.2362588889996,-343.3728970166642,15,0.11231884057971014,3.59,1.37,6,6,-0.0012138169418903222,0.9757143035531044,1.073502317070961,0.0005232064688698301,0.0,0.0,0.0,4,9.980518039459364e-05,9.980518039459364e-05,1.0,in,l2sq,321.95418095588684
2026-05-15T10:00:55.806226,12,14338,-275.3274030728384,-275.3274030728384,29,0.11580267558528429,3.665,1.43,5,6,-0.0013135410932591518,0.9663983136415482,1.0838284939527512,-1.4028959412812347e-05,0.0,0.0,0.0,4,9.978522035656652e-05,9.978522035656652e-05,1.0,in,l2sq,347.5800132751465
2026-05-15T10:01:18.998142,13,15467,-322.8128880188714,-299.07014554585487,22,0.11607142857142858,3.78,1.42,6,6,-0.0016933404011069686,0.9725485891103745,1.0796447396278381,6.739645923516807e-05,0.0,0.0,0.0,4,9.976526431034742e-05,9.976526431034742e-05,1.0,in,l2sq,370.77188205718994
2026-05-15T10:01:51.284827,14,16549,-299.42861006169295,-299.42861006169295,20,0.11557971014492753,3.585,1.26,6,6,-0.0027980536979157478,0.9867935478687286,1.0832613110542297,0.002377533249091346,0.0,0.0,0.0,4,9.97502997701265e-05,9.97502997701265e-05,1.0,in,l2sq,403.05845880508423
2026-05-15T10:02:12.719460,15,17625,-321.80612633389296,-310.617368197793,27,0.11752717391304347,3.625,1.22,6,6,-0.0033241231663851956,0.9515906050801277,1.0356755703687668,0.0010205233615067782,0.0,0.0,0.0,4,9.973533772391248e-05,9.973533772391248e-05,1.0,in,l2sq,424.493186712265
2026-05-15T10:02:36.852602,16,18664,-277.2228313222919,-277.2228313222919,26,0.11892583120204604,3.625,1.12,4,6,-0.0031618596083717865,0.9319631606340408,1.0023651421070099,0.00205091756033653,0.0,0.0,0.0,4,9.971539165372108e-05,9.971539165372108e-05,1.0,in,l2sq,448.6264238357544
2026-05-15T10:02:58.178957,17,19752,-318.33290631607696,-297.7778688191844,17,0.11745169082125603,3.585,1.1,6,6,-0.002212495804997161,0.9677660316228867,0.9785141944885254,0.0021405732608399952,0.0,0.0,0.0,4,9.970043459427396e-05,9.970043459427396e-05,1.0,in,l2sq,469.95270586013794
2026-05-15T10:03:25.706257,18,20894,-329.8748004068539,-329.8748004068539,26,0.1187070938215103,3.67,1.02,3,6,-0.0010808333789099622,0.9882889091968536,0.9496102631092072,0.00016525881410416401,0.0,0.0,0.0,4,9.968548002758701e-05,9.968548002758701e-05,1.0,in,l2sq,497.48007321357727
2026-05-15T10:03:49.138021,19,22020,-341.62438457768604,-335.74959249227,25,0.11956521739130435,3.6,0.91,6,6,-0.0009478964034997373,0.9517271965742111,0.892106220126152,-0.00037558374942818495,0.0,0.0,0.0,4,9.966554392843628e-05,9.966554392843628e-05,1.0,in,l2sq,520.9118189811707
2026-05-15T10:04:15.716205,20,23108,-306.57313176793616,-306.57313176793616,21,0.12092391304347826,3.61,0.86,3,6,-0.0016683420530171078,0.9486469328403473,0.8968187570571899,0.0003058141303199924,0.0,0.0,0.0,4,9.964561181630603e-05,9.964561181630603e-05,1.0,in,l2sq,547.4899890422821
2026-05-15T10:04:38.227791,21,24189,-305.2223279240724,-305.89772984600427,25,0.1220108695652174,3.76,0.87,6,6,-0.0008852779879816586,0.9359314143657684,0.9096565395593643,0.000598000563331879,0.0,0.0,0.0,4,9.963066522366007e-05,9.963066522366007e-05,1.0,in,l2sq,570.0015797615051
2026-05-15T10:05:03.619225,22,25223,-170.5847165694057,-170.5847165694057,45,0.12907608695652173,3.695,0.8,3,6,-0.0012627765740035324,0.9718653485178947,0.8999260887503624,0.0005176114181267844,0.0,0.0,0.0,4,9.961572112202985e-05,9.961572112202985e-05,1.0,in,l2sq,595.393013715744
2026-05-15T10:05:25.551858,23,26275,-275.4893507329967,-223.0370336512012,23,0.13016304347826088,3.745,0.79,6,6,-0.0013171648736716723,0.9623004421591759,0.920952744781971,-6.258802250136419e-06,0.0,0.0,0.0,4,9.959579897396266e-05,9.959579897396266e-05,1.0,in,l2sq,617.325644493103
2026-05-15T10:05:52.642260,24,27388,-289.14647094002106,-289.14647094002106,30,0.1328804347826087,3.83,0.83,2,6,-0.0032052338065113872,0.9214122742414474,0.9277180135250092,0.0008108187568723335,0.0,0.0,0.0,4,9.958085985311852e-05,9.958085985311852e-05,1.0,in,l2sq,644.4160718917847
2026-05-15T10:06:15.281825,25,28464,-252.8974520709482,-271.0219615054846,27,0.13559782608695653,3.79,0.81,6,6,-0.0014121771411737538,0.9737895205616951,0.9184364676475525,-0.00032660498181940126,0.0,0.0,0.0,4,9.956592322204485e-05,9.956592322204485e-05,1.0,in,l2sq,667.0555872917175
2026-05-15T10:06:42.116852,26,29568,-288.0665640107965,-288.0665640107965,19,0.13451086956521738,3.76,0.79,4,6,-0.0021776199995656997,0.9054779186844826,0.9323828294873238,0.00016801748643047176,0.0,0.0,0.0,4,9.954601103305968e-05,9.954601103305968e-05,1.0,in,l2sq,693.8906686306
2026-05-15T10:07:04.414424,27,30641,-262.2872565895313,-275.1769103001639,26,0.13369565217391305,3.79,0.78,6,6,-0.0019053444848395884,0.9623046964406967,0.9405301958322525,0.001167383123538479,0.0,0.0,0.0,4,9.95310793802822e-05,9.95310793802822e-05,1.0,in,l2sq,716.1881966590881
2026-05-15T10:07:30.278214,28,31696,-274.054552593564,-274.054552593564,29,0.1361413043478261,3.73,0.75,2,6,-0.002015126989681426,0.8915155455470085,0.9392853379249573,-0.00043017003481510274,0.0,0.0,0.0,4,9.951615021603055e-05,9.951615021603055e-05,1.0,in,l2sq,742.0520215034485
2026-05-15T10:07:52.702653,29,32775,-260.2844921521293,-267.16952237284664,27,0.13641304347826086,3.715,0.71,6,6,-0.0017716966773149712,0.984088234603405,0.9514084756374359,0.00012217645489726037,0.0,0.0,0.0,4,9.949624798114885e-05,9.949624798114885e-05,1.0,in,l2sq,764.4764382839203
2026-05-15T10:08:18.561999,30,33833,-230.21295226006166,-230.21295226006166,30,0.13831521739130434,3.64,0.75,2,6,-0.0020280524797273713,0.9733371585607529,0.9613194763660431,5.7241211834480055e-05,0.0,0.0,0.0,4,9.948132379270474e-05,9.948132379270474e-05,1.0,in,l2sq,790.3357663154602
2026-05-15T10:08:41.182748,31,34918,-269.4653065267823,-249.83912939342196,22,0.14021739130434782,3.555,0.72,6,6,-0.0019746424855838496,0.9703249633312225,0.9591730907559395,0.0014831188629614162,0.0,0.0,0.0,4,9.946640209154246e-05,9.946640209154246e-05,1.0,in,l2sq,812.9565138816833
2026-05-15T10:09:07.740798,32,36014,-272.25911614994146,-272.25911614994146,24,0.1388586956521739,3.7,0.73,5,6,-0.001130253094015654,0.9783572629094124,0.9312489107251167,-0.00018115557109009764,0.0,0.0,0.0,4,9.944650980578818e-05,9.944650980578818e-05,1.0,in,l2sq,839.5146181583405
2026-05-15T10:09:31.095202,33,37134,-321.2560172261397,-296.7575666880406,20,0.13831521739130434,3.605,0.67,6,6,-0.002688697783742061,0.947653740644455,0.9519598633050919,0.0002229944036798992,0.00019531250291038305,0.0,0.0,4,9.942662149829213e-05,9.942662149829213e-05,1.0,in,l2sq,862.8689506053925
2026-05-15T10:09:57.768159,34,38227,-264.3400143569555,-264.3400143569555,27,0.14021739130434782,3.645,0.68,3,6,-0.001839622118859574,0.9408271610736847,0.9376489222049713,0.0015279322367859338,0.0,0.0,0.0,4,9.941170775364637e-05,9.941170775364637e-05,1.0,in,l2sq,889.5419583320618
2026-05-15T10:10:19.662369,35,39276,-268.39446883098753,-266.3672415939715,24,0.13940217391304346,3.535,0.65,6,6,-0.0022733085352228954,0.9582989066839218,0.9289653673768044,0.0014405122114112545,0.0,0.0,0.0,4,9.939679649454187e-05,9.939679649454187e-05,1.0,in,l2sq,911.4361715316772
2026-05-15T10:10:46.681959,36,40380,-259.0795590772823,-259.0795590772823,21,0.13804347826086957,3.6,0.71,0,6,-0.0032883769483305625,0.9764148518443108,0.9524380043148994,-0.00034851712271119495,0.005664062802679837,0.0,0.0,4,9.937691812921092e-05,9.937691812921092e-05,1.0,in,l2sq,938.4557411670685
2026-05-15T10:11:09.175893,37,41459,-221.36936511452487,-240.22446209590356,26,0.14048913043478262,3.645,0.78,6,6,-0.00042354315155535005,1.0049364864826202,0.9280826449394226,0.0012007833342067842,0.0,0.0,0.0,4,9.936201183994625e-05,9.936201183994625e-05,1.0,in,l2sq,960.9496941566467
2026-05-15T10:11:36.507143,38,42556,-225.27845977261094,-225.27845977261094,27,0.14076086956521738,3.77,0.76,2,6,-0.0026031695626443363,0.9207076132297516,0.9544110000133514,0.0010115415338987051,0.0,0.0,0.0,4,9.934710803498032e-05,9.934710803498032e-05,1.0,in,l2sq,988.2809188365936
2026-05-15T10:11:59.671863,39,43668,-269.43724554937813,-247.35785266099452,23,0.14021739130434782,3.83,0.76,6,6,-0.0032163136194867104,0.9518155232071877,0.9566772058606148,0.0010373143602919466,0.001757812569849193,0.0,0.0,4,9.932723960684441e-05,9.932723960684441e-05,1.0,in,l2sq,1011.4456431865692
2026-05-15T10:12:25.262680,40,44710,-212.69851554231553,-212.69851554231553,26,0.14157608695652174,3.82,0.8,1,6,-0.0011528365546835673,0.9382936060428619,0.9446602612733841,0.002278163708979264,0.0054687499068677425,0.0,0.0,4,9.93123407692339e-05,9.93123407692339e-05,1.0,in,l2sq,1037.0365073680878
2026-05-15T10:12:46.625493,41,45780,-210.28131113057793,-211.48991333644673,30,0.14293478260869566,3.725,0.81,6,6,-0.002411408418265648,0.966524749994278,0.9464055597782135,0.0009388695474626674,0.0,0.0,0.0,4,9.929744441468022e-05,9.929744441468022e-05,1.0,in,l2sq,1058.3992490768433
2026-05-15T10:13:11.829972,42,46852,-233.54618283796765,-233.54618283796765,24,0.13722826086956522,3.745,0.87,1,6,-0.0013758160404905295,0.9931513294577599,0.9348891526460648,-0.00020000798040200468,0.0,0.0,0.0,4,9.927758591877174e-05,9.927758591877174e-05,1.0,in,l2sq,1083.6037991046906
2026-05-15T10:13:33.596368,43,47947,-235.9674368533906,-234.75680984567913,25,0.13777173913043478,3.815,0.98,6,6,-0.002296169189503372,0.9296543300151825,0.9186434149742126,-0.0005218800069997087,0.0,0.0,0.0,4,9.92626945290903e-05,9.92626945290903e-05,1.0,in,l2sq,1105.3701674938202
2026-05-15T10:13:58.494273,44,49004,-263.86249591732707,-263.86249591732707,21,0.13532608695652174,3.815,0.95,0,6,-0.0032426178600871713,0.9803767129778862,0.9331748113036156,0.0012164648407633864,0.002539062639698386,0.0,0.0,4,9.924780562122441e-05,9.924780562122441e-05,1.0,in,l2sq,1130.2681021690369
2026-05-15T10:14:20.031335,45,50083,-221.74894304906286,-242.80571948319496,24,0.13451086956521738,3.8,0.88,6,6,-0.001296236017151342,0.9646121636033058,0.9399237558245659,5.461659966385368e-05,0.0,0.0,0.0,4,9.922795705257824e-05,9.922795705257824e-05,1.0,in,l2sq,1151.8051118850708
2026-05-15T10:14:45.531880,46,51171,-251.98445051164126,-251.98445051164126,25,0.1361413043478261,3.775,0.98,0,6,-0.0037574889080134177,0.9791800826787949,0.9257694631814957,0.0008348800838575698,0.0,0.0,0.0,4,9.921307310710265e-05,9.921307310710265e-05,1.0,in,l2sq,1177.3057103157043
2026-05-15T10:15:07.459969,47,52269,-223.17534389317228,-237.57989720240676,24,0.13559782608695653,3.67,0.95,6,6,-0.0039044678575009817,0.9566534385085106,0.9359164983034134,0.0003781093355428297,0.007812500116415322,0.0,0.0,4,9.919819164220195e-05,9.919819164220195e-05,1.0,in,l2sq,1199.233696937561
2026-05-15T10:15:32.341385,48,53324,-208.0946880423053,-208.0946880423053,20,0.1331521739130435,3.665,0.96,0,6,-0.003973406323348083,0.9994580075144768,0.8703877851366997,0.0022852187779790305,0.008203125093132257,0.0,0.0,4,9.917835299585544e-05,9.917835299585544e-05,1.0,in,l2sq,1224.1152031421661
2026-05-15T10:15:53.249372,49,54375,-212.49566592011516,-210.29517698121023,17,0.13043478260869565,3.545,0.87,6,6,-0.0022176087310071813,0.894769012928009,0.8527635931968689,0.00028946389920747606,0.0,0.0,0.0,4,9.916347649086434e-05,9.916347649086434e-05,1.0,in,l2sq,1245.0231356620789
2026-05-15T10:16:20.555407,50,55488,-298.8722582150571,-298.8722582150571,17,0.12690217391304348,3.64,0.91,1,6,-0.002369692947831903,0.9539770260453224,0.8436620682477951,0.0014384014698407555,0.0011718750465661287,0.0,0.0,4,9.91486024652081e-05,9.91486024652081e-05,1.0,in,l2sq,1272.329184293747
2026-05-15T10:16:42.509006,51,56588,-245.378624179281,-272.12544119716904,22,0.12690217391304348,3.545,0.82,6,6,-0.002272784777596626,0.905266135931015,0.8331015110015869,0.0006135599134722905,0.0,0.0,0.0,4,9.912877373620108e-05,9.912877373620108e-05,1.0,in,l2sq,1294.282818555832
2026-05-15T10:17:06.719252,52,57610,-199.02485770598977,-199.02485770598977,25,0.12717391304347825,3.515,0.72,1,6,-0.002765582146821488,0.949913389980793,0.8234383836388588,-0.0005724687820475027,0.0033203125931322575,0.0,0.0,4,9.910894897274157e-05,9.910894897274157e-05,1.0,in,l2sq,1318.4930484294891
2026-05-15T10:17:28.840211,53,58719,-235.43942435157246,-217.23214102878111,30,0.1298913043478261,3.5,0.61,6,6,-0.0009662643195043064,0.9900698959827423,0.7905413955450058,-0.000545872880320597,0.0,0.0,0.0,4,9.909408287818043e-05,9.909408287818043e-05,1.0,in,l2sq,1340.6140236854553
2026-05-15T10:17:54.388893,54,59811,-126.4981112168183,-126.4981112168183,39,0.1331521739130435,3.635,0.58,2,6,-0.0019569951968151367,0.9949080273509026,0.7979509383440018,0.0017073888055165257,0.0,0.0,0.0,4,9.907921926121912e-05,9.907921926121912e-05,1.0,in,l2sq,1366.162713766098
2026-05-15T10:18:15.589202,55,60875,-180.78662695473875,-153.6423690857785,29,0.13451086956521738,3.695,0.6,6,6,-0.002914094613515772,0.8987527266144753,0.7960824891924858,0.0012230810047185528,0.00019531250291038305,0.0,0.0,4,9.905940440815906e-05,9.905940440815906e-05,1.0,in,l2sq,1387.3629534244537
2026-05-15T10:18:40.171180,56,61915,-208.84469579234687,-208.84469579234687,29,0.13668478260869565,3.76,0.59,2,6,-0.002848683285992637,0.8572330176830292,0.7728085368871689,0.002535341501061328,0.010937499813735485,0.0,0.0,4,9.904454574515874e-05,9.904454574515874e-05,1.0,in,l2sq,1411.945016860962
2026-05-15T10:19:00.681872,57,62941,-194.83233126615713,-201.838513529252,24,0.1361413043478261,3.84,0.57,6,6,-0.00196939112793193,0.98384028673172,0.7779911756515503,0.0008918943141907054,0.0005859375232830644,0.0,0.0,4,9.902968955851969e-05,9.902968955851969e-05,1.0,in,l2sq,1432.4556324481964
2026-05-15T10:19:26.306830,58,64031,-219.19271084811234,-219.19271084811234,29,0.13668478260869565,3.96,0.58,5,6,-0.0025496989357635114,0.9260592684149742,0.7470201179385185,0.00031773999871805014,0.0,0.0,0.0,4,9.900988461090489e-05,9.900988461090489e-05,1.0,in,l2sq,1458.0806488990784
2026-05-15T10:19:47.333068,59,65071,-239.57827157863207,-229.3854912133722,29,0.13831521739130434,4.075,0.61,6,6,-0.0016771823604357916,0.945037230849266,0.7285847663879395,0.0018256238399771973,0.0003906250058207661,0.0,0.0,4,9.899503337575035e-05,9.899503337575035e-05,1.0,in,l2sq,1479.1068782806396
2026-05-15T10:20:21.574647,60,66176,-213.31605896759493,-213.31605896759493,29,0.1391304347826087,4.1,0.68,7,7,-0.0014316912944196125,0.9567515254020691,0.7183324173092842,0.00037227829561743697,0.0,0.0,0.0,4,9.898018461571916e-05,9.898018461571916e-05,1.0,in,l2sq,1513.3481900691986
2026-05-15T10:20:42.268344,61,67223,-175.1102951287651,-194.21317704818,35,0.14048913043478262,4.1,0.69,7,7,-0.0018220748970633749,0.9026448279619217,0.7044802531599998,-0.0003428862117288989,0.0,0.0,0.0,4,9.896038956859787e-05,9.896038956859787e-05,1.0,in,l2sq,1534.042156457901
2026-05-15T10:21:06.940688,62,68289,-201.6003336421373,-201.6003336421373,32,0.14266304347826086,4.31,0.63,3,7,-0.0020209223206624216,1.0081925094127655,0.7039634138345718,8.014635277503457e-05,0.0,0.0,0.0,4,9.894554575757593e-05,9.894554575757593e-05,1.0,in,l2sq,1558.7144677639008
2026-05-15T10:21:29.537139,63,69430,-278.37590536436625,-239.98811950325177,22,0.14184782608695654,4.345,0.6,7,7,-0.0017454885091865435,0.8866463154554367,0.7234024107456207,0.0005399773195676888,0.0,0.0,0.0,4,9.893070442044003e-05,9.893070442044003e-05,1.0,in,l2sq,1581.3109188079834
2026-05-15T10:21:55.610768,64,70519,-220.6482049682757,-220.6482049682757,25,0.14293478260869566,4.4,0.6,5,7,-0.001966948520566808,0.9838309437036514,0.7212737873196602,0.0011850125261844355,0.0003906250058207661,0.0,0.0,4,9.891091926886299e-05,9.891091926886299e-05,1.0,in,l2sq,1607.3845925331116
2026-05-15T10:22:18.283434,65,71602,-202.46750787816404,-211.55785642321987,32,0.1451086956521739,4.355,0.56,7,7,-0.002853815251728342,0.9099460691213608,0.7374468743801117,0.0013771089892543054,0.0,0.0,0.0,4,9.889608287826233e-05,9.889608287826233e-05,1.0,in,l2sq,1630.0571823120117
2026-05-15T10:22:43.340526,66,72623,-193.1394838076427,-193.1394838076427,35,0.14782608695652175,4.31,0.47,6,7,-0.0012598160734342834,0.9449690505862236,0.7131911218166351,0.000413903898152046,0.0,0.0,0.0,4,9.8881248960311e-05,9.8881248960311e-05,1.0,in,l2sq,1655.1143481731415
2026-05-15T10:23:06.123049,67,73709,-218.15439660865266,-205.64694020814767,31,0.14972826086956523,4.425,0.47,7,7,-0.003855206788284715,0.9310463890433311,0.7304782196879387,0.0007223134398373215,0.0046875000989530236,0.0,0.0,4,9.886147369933143e-05,9.886147369933143e-05,1.0,in,l2sq,1677.8968529701233
2026-05-15T10:23:39.993721,68,74792,-229.06918802730988,-229.06918802730988,25,0.15108695652173912,4.43,0.43,7,7,-0.005631876073312003,0.9585732817649841,0.7269204705953598,0.002564136052387811,0.018749999639112502,0.0,0.0,4,9.884664472544257e-05,9.884664472544257e-05,1.0,in,l2sq,1711.7673132419586
2026-05-15T10:24:02.282158,69,75852,-225.53419491062036,-227.30169146896512,23,0.15271739130434783,4.38,0.43,7,7,-0.0014297543457360007,0.9580963253974915,0.717363566160202,0.00026628204359441243,0.0044921874650754035,0.0,0.0,4,9.883181822296698e-05,9.883181822296698e-05,1.0,in,l2sq,1734.055951833725
2026-05-15T10:24:27.766414,70,76893,-150.94050412653613,-150.94050412653613,35,0.15760869565217392,4.275,0.46,6,7,-0.0021187517835642156,0.9428567513823509,0.7123321369290352,0.001614227359823417,0.002148437575669959,0.0,0.0,4,9.881205284764056e-05,9.881205284764056e-05,1.0,in,l2sq,1759.54021525383
2026-05-15T10:24:50.048944,71,77959,-163.46408177470883,-157.20229295062248,38,0.16195652173913044,4.255,0.5,7,7,-0.0011503145273309423,0.9628727436065674,0.7198261916637421,0.0010020323337812526,0.0,0.0,0.0,4,9.879723128675591e-05,9.879723128675591e-05,1.0,in,l2sq,1781.8226828575134
2026-05-15T10:25:16.316951,72,79038,-186.18686653003815,-186.18686653003815,26,0.1622282608695652,4.265,0.51,6,7,-0.0021897740894929463,0.9646777659654617,0.7459543198347092,-3.243745236428813e-05,0.0,0.0,0.0,4,9.878241219604905e-05,9.878241219604905e-05,1.0,in,l2sq,1808.0907607078552
2026-05-15T10:25:39.104863,73,80124,-212.40080230369637,-199.29383441686724,20,0.1595108695652174,4.26,0.56,7,7,-0.001519282953813622,0.9962956011295319,0.7588739320635796,0.00016920922062121924,0.0,0.0,0.0,4,9.876265670143397e-05,9.876265670143397e-05,1.0,in,l2sq,1830.8785922527313
2026-05-15T10:26:06.398424,74,81251,-218.1348404958661,-218.1348404958661,24,0.15543478260869564,4.335,0.61,6,7,-0.002380184887442738,0.9367770999670029,0.7066350430250168,0.0009253588352294007,0.0,0.0,0.0,4,9.874784254984776e-05,9.874784254984776e-05,1.0,in,l2sq,1858.1722283363342
2026-05-15T10:26:28.956902,75,82326,-170.6237470345346,-194.37929376520034,31,0.1559782608695652,4.415,0.68,7,7,-0.0012894362385849067,0.9694229513406754,0.7242058739066124,-0.00012192624999443624,0.0,0.0,0.0,4,9.87330308672045e-05,9.87330308672045e-05,1.0,in,l2sq,1880.7306962013245
2026-05-15T10:26:55.045980,76,83391,-107.59400471863924,-107.59400471863924,42,0.1595108695652174,4.165,0.69,5,7,-0.0038403407845180593,0.9798395857214928,0.7391334027051926,0.00075514216405273,0.0054687500960426405,0.0,0.0,4,9.871328524836136e-05,9.871328524836136e-05,1.0,in,l2sq,1906.8197667598724
2026-05-15T10:27:17.137372,77,84445,-168.42154563621423,-138.00777517742674,35,0.1625,4.13,0.65,7,7,-0.002678877167636484,0.870440736413002,0.7787937670946121,0.003072589742077969,0.0015625000232830644,0.0,0.0,4,9.869847850236967e-05,9.869847850236967e-05,1.0,in,l2sq,1928.9111731052399
2026-05-15T10:27:43.730125,78,85526,-135.8868592274959,-135.8868592274959,32,0.16331521739130433,4.2,0.73,3,7,-0.003434958322031778,0.9853294566273689,0.7837862446904182,0.003849296948465031,0.008398437319556251,0.0,0.0,4,9.868367422408671e-05,9.868367422408671e-05,1.0,in,l2sq,1955.5039083957672
2026-05-15T10:28:05.748433,79,86574,-116.60733204756944,-126.24709563753268,26,0.1625,4.13,0.7,7,7,-0.0022149540440296045,1.0096654295921326,0.7536417692899704,0.0010124719759915081,0.0005859375087311491,0.0,0.0,4,9.866393847607864e-05,9.866393847607864e-05,1.0,in,l2sq,1977.5222306251526
2026-05-15T10:28:32.260708,80,87654,-151.6374135985274,-151.6374135985274,31,0.16304347826086957,4.015,0.68,4,7,-0.0017008245617033957,1.012357771396637,0.7807262092828751,0.0018287566977960301,0.0,0.0,0.0,4,9.864913913197941e-05,9.864913913197941e-05,1.0,in,l2sq,2004.034479856491
2026-05-15T10:28:55.039228,81,88739,-119.98127591787296,-135.80934475820018,34,0.16277173913043477,3.845,0.52,7,7,-0.002731608616886594,0.9878805056214333,0.7614516168832779,-0.0001281228080188242,0.0037109374534338713,0.0,0.0,4,9.863434225435531e-05,9.863434225435531e-05,1.0,in,l2sq,2026.8130073547363
2026-05-15T10:29:21.697204,82,89828,-210.32087767562484,-210.32087767562484,23,0.16032608695652173,3.89,0.51,6,7,-0.003052562457742214,0.9398216232657433,0.742676317691803,0.00024421522066403467,0.0011718750465661287,0.0,0.0,4,9.861461637224785e-05,9.861461637224785e-05,1.0,in,l2sq,2053.4710273742676
2026-05-15T10:29:43.876088,83,90886,-125.28523670829584,-167.80305719196033,30,0.1625,4.035,0.55,7,7,-0.0030335147486767744,0.9249535650014877,0.7076654061675072,0.0018943436018162146,0.004101562430150807,0.0,0.0,4,9.859489443511958e-05,9.859489443511958e-05,1.0,in,l2sq,2075.649854660034
2026-05-15T10:30:18.408758,84,92020,-122.2044587021148,-122.2044587021148,43,0.1673913043478261,4.21,0.46,7,7,-0.002601976698497488,1.0246915221214294,0.6828136742115021,0.0006088648049626388,0.0027343749534338713,0.0,0.0,4,9.858010544745388e-05,9.858010544745388e-05,1.0,in,l2sq,2110.1824009418488
2026-05-15T10:30:42.144841,85,93151,-202.05947635159328,-162.13196752685405,21,0.1644021739130435,4.4,0.46,7,7,-0.0022798426729422894,0.9678062945604324,0.6854605674743652,0.0008229692797613319,0.001757812569849193,0.0,0.0,4,9.85653189245373e-05,9.85653189245373e-05,1.0,in,l2sq,2133.918635368347
2026-05-15T10:31:08.043465,86,94207,-97.76141573679952,-97.76141573679952,46,0.1673913043478261,4.485,0.49,6,7,-0.004745107507915319,0.8715665563941002,0.7256657406687737,0.0007309710548725062,0.0064453127852175385,0.0,0.0,4,9.854560684640558e-05,9.854560684640558e-05,1.0,in,l2sq,2159.8172585964203
2026-05-15T10:31:30.894851,87,95298,-136.44445094816382,-117.10293334248166,30,0.1671195652173913,4.665,0.52,7,7,-0.0018154383607906777,0.9459281861782074,0.6682066917419434,0.0008685299999569851,0.0031250000465661287,0.0,0.0,4,9.853082525175496e-05,9.853082525175496e-05,1.0,in,l2sq,2182.668659925461
2026-05-15T10:31:55.267318,88,96285,-120.74565468299886,-120.74565468299886,31,0.16875,4.53,0.51,5,7,-0.0025228425918613073,0.9299747496843338,0.6850581169128418,0.0007996515362719836,0.0009765625145519152,0.0,0.0,4,9.851604612062134e-05,9.851604612062134e-05,1.0,in,l2sq,2207.0410850048065
2026-05-15T10:32:17.109486,89,97328,-113.89446053421268,-117.32005760860577,32,0.17119565217391305,4.455,0.47,7,7,-0.00358573042030913,0.9341975823044777,0.7037712410092354,0.00044054352274541797,0.009375000154250301,0.0,0.0,4,9.849634389655767e-05,9.849634389655767e-05,1.0,in,l2sq,2228.8832502365112
2026-05-15T10:32:43.096233,90,98393,-133.60389627717691,-133.60389627717691,40,0.17255434782608695,4.24,0.43,5,7,-0.00024817512166919187,0.9323956519365311,0.7106193155050278,-7.880797238613013e-05,0.0,0.0,0.0,4,9.848156969122637e-05,9.848156969122637e-05,1.0,in,l2sq,2254.8700535297394
2026-05-15T10:33:04.751600,91,99426,-128.03535284868616,-130.81962456293155,39,0.17282608695652174,4.33,0.51,7,7,-0.001977795743732802,0.9764462485909462,0.7174341678619385,0.0009757546890795943,0.0,0.0,0.0,4,9.846679794818054e-05,9.846679794818054e-05,1.0,in,l2sq,2276.5253648757935
2026-05-15T10:33:32.365167,92,100557,-179.16069475463502,-179.16069475463502,32,0.17445652173913043,4.125,0.46,3,7,-0.0043047652114183155,0.9935672208666801,0.7071839421987534,0.0031326083602834873,0.010546875419095159,0.0,0.0,4,9.844710557325889e-05,9.844710557325889e-05,1.0,in,l2sq,2304.1389772892
2026-05-15T10:33:54.887507,93,101634,-97.15982466163749,-138.16025970813627,40,0.17989130434782608,4.09,0.52,7,7,-0.0016169775859452562,0.998452216386795,0.7088733911514282,-0.0020748735267261675,0.012500000186264515,0.0,0.0,4,9.843233875355297e-05,9.843233875355297e-05,1.0,in,l2sq,2326.6612923145294
2026-05-15T10:34:21.395601,94,102715,-127.36160968876875,-127.36160968876875,26,0.18043478260869567,4.18,0.49,4,7,-0.0020465969952057073,0.9596817567944527,0.7202692031860352,0.0008171422008672602,0.0007812500116415322,0.0,0.0,4,9.841757439490163e-05,9.841757439490163e-05,1.0,in,l2sq,2353.1693823337555
2026-05-15T10:34:45.677517,95,103871,-142.3723308029075,-134.86697024583813,29,0.17989130434782608,4.265,0.49,7,7,-0.0021100383430166236,0.9451226964592934,0.6711574420332909,0.0003330737379428905,0.0015625000232830644,0.0,0.0,4,9.83978918641984e-05,9.83978918641984e-05,1.0,in,l2sq,2377.4513051509857
2026-05-15T10:35:13.097800,96,105001,-163.48531414651578,-163.48531414651578,29,0.1763586956521739,4.31,0.58,6,7,-0.002287298465671439,0.9145066291093826,0.7093043103814125,0.0007282479869900327,0.0,0.0,0.0,4,9.837821326980448e-05,9.837821326980448e-05,1.0,in,l2sq,2404.8716089725494
2026-05-15T10:35:35.260547,97,106060,-92.86306822467616,-128.17419118559596,41,0.17798913043478262,4.35,0.56,7,7,-0.0034463511838112026,0.9896983206272125,0.665496900677681,-0.0008053609461057265,0.0003906250058207661,0.0,0.0,4,9.836345678377185e-05,9.836345678377185e-05,1.0,in,l2sq,2427.034285545349
2026-05-15T10:36:01.921984,98,107150,-110.4155530879153,-110.4155530879153,40,0.18016304347826087,4.38,0.51,5,7,-0.0014560500567312173,0.9783753529191017,0.6820775419473648,0.00032093540212371763,0.0,0.0,0.0,4,9.834870275707157e-05,9.834870275707157e-05,1.0,in,l2sq,2453.6957886219025
2026-05-15T10:36:22.667033,99,108144,-138.6953432824284,-124.55544818517185,30,0.18125,4.405,0.5,7,7,-0.0032267154310829937,0.9320479482412338,0.7385351061820984,0.0002727954686633782,0.001953125,0.0,0.0,4,9.833395069754206e-05,9.833395069754206e-05,1.0,in,l2sq,2474.4407830238342
2026-05-15T10:36:50.278287,100,109212,-121.81686542342361,-121.81686542342361,36,0.1826086956521739,4.48,0.57,4,7,-0.001999373768921897,0.924680583178997,0.7026602402329445,0.0007563606025541292,0.00019531250291038305,0.0,0.0,4,9.831920109660717e-05,9.831920109660717e-05,1.0,in,l2sq,2502.0520899295807
2026-05-15T10:37:13.488431,101,110310,-93.63733615947778,-107.7271007914507,39,0.18396739130434783,4.56,0.57,7,7,-0.0021583991227090427,0.9229442775249481,0.6879964768886566,0.0001189860246086083,0.0,0.0,0.0,4,9.829953823957986e-05,9.829953823957986e-05,1.0,in,l2sq,2525.2621989250183
2026-05-15T10:37:40.508965,102,111419,-115.40996362007432,-115.40996362007432,33,0.18668478260869564,4.61,0.58,5,7,-0.00406981593114325,0.9606121480464935,0.7042624056339264,0.001540150305845634,0.0107421875,0.0,0.0,4,9.827987931492732e-05,9.827987931492732e-05,1.0,in,l2sq,2552.28276181221
2026-05-15T10:38:02.425882,103,112468,-96.57346778694539,-105.99171570350985,33,0.1875,4.6,0.54,7,7,-0.002668608829844654,0.9754470735788345,0.7054254859685898,-0.0003002723411555039,0.0031250000465661287,0.0,0.0,4,9.826513757874207e-05,9.826513757874207e-05,1.0,in,l2sq,2574.199678659439
2026-05-15T10:38:28.390832,104,113529,-103.67719280524311,-103.67719280524311,37,0.1858695652173913,4.735,0.55,6,7,-0.0018928796136606918,0.9558723121881485,0.6646766439080238,-6.044973383720342e-05,0.0011718750465661287,0.0,0.0,4,9.825039829943096e-05,9.825039829943096e-05,1.0,in,l2sq,2600.164625644684
2026-05-15T10:38:50.029806,105,114563,-48.20147924673087,-75.93933602598699,41,0.19130434782608696,4.69,0.47,7,7,-0.0038922318257391675,0.9401612654328346,0.6799215525388718,0.0012364035552309416,0.0064453127852175385,0.0,0.0,4,9.823074920227505e-05,9.823074920227505e-05,1.0,in,l2sq,2621.803609609604
2026-05-15T10:39:23.173399,106,115569,-42.69048503031851,-42.69048503031851,43,0.1904891304347826,4.41,0.39,7,7,-0.0029854930646252,0.9991444945335388,0.6390131562948227,0.0006248789404708077,0.0062500000931322575,0.0,0.0,4,9.821601483548387e-05,9.821601483548387e-05,1.0,in,l2sq,2654.9468898773193
2026-05-15T10:39:45.511382,107,116635,-65.00117549411962,-53.84583026221907,38,0.19266304347826088,4.245,0.34,7,7,-0.002198465572291808,0.9722226858139038,0.6693892851471901,0.0014691299336845945,0.0009765625,0.0,0.0,4,9.820128292433862e-05,9.820128292433862e-05,1.0,in,l2sq,2677.285138130188
2026-05-15T10:40:11.955916,108,117718,-62.26988373764357,-62.26988373764357,32,0.19293478260869565,4.275,0.35,5,7,-0.0038149193685967503,0.9265900105237961,0.6605385988950729,0.002389203833445208,0.0078125,0.0,0.0,4,9.818655297741546e-05,9.818655297741546e-05,1.0,in,l2sq,2703.7297406196594
2026-05-15T10:40:33.966625,109,118769,-99.0972898289264,-80.683586783285,43,0.19592391304347825,4.22,0.35,7,7,-0.0019654283583805388,0.9323388487100601,0.6433596536517143,0.0017790853740734802,0.006835937616415322,0.0,0.0,4,9.817182548540161e-05,9.817182548540161e-05,1.0,in,l2sq,2725.7403662204742
2026-05-15T10:41:00.123824,110,119837,-48.80361757101639,-48.80361757101639,47,0.19782608695652174,4.31,0.39,5,7,-0.0031562067742925692,0.9541252702474594,0.6379210576415062,0.00023232592859590007,0.0015625000523868948,0.0,0.0,4,9.815219210202278e-05,9.815219210202278e-05,1.0,in,l2sq,2751.89763879776
2026-05-15T10:41:22.519177,111,120907,-101.80208004387006,-75.30284880744323,38,0.19755434782608697,4.465,0.47,7,7,-0.003961197321768806,0.9522689282894135,0.6520428210496902,0.0009857531666057212,0.0023437500931322575,0.0,0.0,4,9.813746951860023e-05,9.813746951860023e-05,1.0,in,l2sq,2774.292959690094
2026-05-15T10:41:48.779928,112,121981,-115.6494257257681,-115.6494257257681,36,0.1986413043478261,4.64,0.47,6,7,-0.0020985924093112063,0.9929074347019196,0.6460872143507004,0.0002512882139853734,0.003906250145519152,0.0,0.0,4,9.81227493888598e-05,9.81227493888598e-05,1.0,in,l2sq,2800.5537140369415
2026-05-15T10:42:09.961193,113,122993,5.7957595101493435,-54.92683310780938,45,0.2,4.535,0.48,7,7,-0.0026728321565315794,0.9196989759802818,0.6442801132798195,0.0002487185589416241,0.005468750023283064,0.0,0.0,4,9.810312582020952e-05,9.810312582020952e-05,1.0,in,l2sq,2821.7349932193756
2026-05-15T10:42:36.117549,114,124063,-41.81806525347409,-41.81806525347409,48,0.20597826086956522,4.58,0.49,5,7,-0.003050023369723931,1.0211908519268036,0.6219524592161179,8.348966662197199e-05,0.0,0.0,0.0,4,9.808841059660656e-05,9.808841059660656e-05,1.0,in,l2sq,2847.8913235664368
2026-05-15T10:42:58.641447,115,125138,-70.2983794090425,-56.05822233125829,38,0.20842391304347826,4.7,0.43,7,7,-0.0018487894241843161,0.9561582952737808,0.6184128597378731,0.0011479220897854026,0.0005859375232830644,0.0,0.0,4,9.807369782545913e-05,9.807369782545913e-05,1.0,in,l2sq,2870.415242910385
2026-05-15T10:43:33.036500,116,126254,-110.40383314540973,-110.40383314540973,40,0.21141304347826087,4.675,0.43,7,7,-0.0035909466474550733,0.9203582033514977,0.6427701562643051,0.0012025398760556506,0.0050781251629814506,0.0,0.0,4,9.805408406663101e-05,9.805408406663101e-05,1.0,in,l2sq,2904.8099896907806
2026-05-15T10:43:56.267497,117,127369,-105.01680811970685,-107.7103206325583,34,0.2095108695652174,4.71,0.41,7,7,-0.001948386067033403,0.9446161463856697,0.6366688907146454,0.0007765543723508017,0.0009765625,0.0,0.0,4,9.803447423035853e-05,9.803447423035853e-05,1.0,in,l2sq,2928.041270017624
2026-05-15T10:44:28.764729,118,128407,-66.58725155067461,-66.58725155067461,41,0.20978260869565218,4.79,0.51,8,8,-0.0024969935941043797,1.009075939655304,0.6216481626033783,0.0015036988646898175,0.007421875197906047,0.0,0.0,4,9.80197693043224e-05,9.80197693043224e-05,1.0,in,l2sq,2960.538374900818
2026-05-15T10:44:50.715726,119,129516,-128.40130773411423,-97.49427964239442,30,0.20978260869565218,4.865,0.52,8,8,-0.0030133873689919266,0.9231428429484367,0.610618382692337,0.00225660468331626,0.009765625,0.0,0.0,4,9.800506682902561e-05,9.800506682902561e-05,1.0,in,l2sq,2982.489499807358
2026-05-15T10:45:23.365782,120,130601,-116.32158282620738,-116.32158282620738,35,0.2095108695652174,4.66,0.55,8,8,-0.0028700583541649283,0.9975233674049377,0.6069830656051636,0.00089192936375182,0.006054687793948688,0.0,0.0,4,9.798546679571049e-05,9.798546679571049e-05,1.0,in,l2sq,3015.1394321918488
2026-05-15T10:45:44.699272,121,131680,-90.57904811053994,-103.45031546837366,48,0.21195652173913043,4.83,0.61,8,8,-0.00501385339302951,1.0255395472049713,0.6206104904413223,0.0051284675380884395,0.014453125011641532,0.0,0.0,4,9.797076922066705e-05,9.797076922066705e-05,1.0,in,l2sq,3036.4730882644653
2026-05-15T10:46:09.414569,122,132741,-130.57271033815294,-130.57271033815294,32,0.21168478260869567,4.8,0.62,6,8,-0.002323195362987557,1.0225939974188805,0.6191211342811584,0.0016926535288803168,0.007421875023283064,0.0,0.0,4,9.79560740951378e-05,9.79560740951378e-05,1.0,in,l2sq,3061.1883993148804
2026-05-15T10:46:31.274747,123,133845,-121.92619600881137,-126.24945317348215,38,0.21304347826086956,4.78,0.62,8,8,-0.003990658375551015,0.8696455582976341,0.6095235273241997,0.0014442879290982175,0.0054687500960426405,0.0,0.0,4,9.793648385987951e-05,9.793648385987951e-05,1.0,in,l2sq,3083.0485084056854
2026-05-15T10:46:55.233205,124,134879,-36.02705081314121,-36.02705081314121,42,0.21440217391304348,4.63,0.47,5,8,-0.004055611742660226,1.0136409401893616,0.5719450563192368,0.0030309530957310926,0.019921875093132257,0.0,0.0,4,9.792179363215397e-05,9.792179363215397e-05,1.0,in,l2sq,3107.0070383548737
2026-05-15T10:47:16.654814,125,135961,-96.7160655202197,-66.37155816668046,37,0.21331521739130435,4.675,0.37,8,8,-0.005067230729036976,0.9394500404596329,0.6022985130548477,0.002716030813098791,0.013671874956344254,0.0,0.0,4,9.790710585271812e-05,9.790710585271812e-05,1.0,in,l2sq,3128.428560733795
2026-05-15T10:47:48.886263,126,137077,-158.01300992034595,-158.01300992034595,37,0.21168478260869567,4.68,0.32,9,9,-0.0045905519451480414,0.9153204560279846,0.5753170102834702,0.0014935530207367265,0.010937500352156349,0.0,0.0,4,9.788752541061864e-05,9.788752541061864e-05,1.0,in,l2sq,3160.6599011421204
2026-05-15T10:48:09.674849,127,138130,-62.58732927460735,-110.30016959747665,43,0.21304347826086956,4.675,0.28,9,9,0.00024122894392353267,0.9813957959413528,0.5802304893732071,0.0005118639975989492,0.0,0.0,0.0,4,9.78728425265381e-05,9.78728425265381e-05,1.0,in,l2sq,3181.4486083984375
2026-05-15T10:48:33.135461,128,139144,-57.682237083830195,-57.682237083830195,37,0.21440217391304348,4.64,0.27,7,9,-0.0036911093775415793,0.9811017736792564,0.5646001622080803,0.0015184900711574245,0.0031250000320142135,0.0,0.0,4,9.785816208952333e-05,9.785816208952333e-05,1.0,in,l2sq,3204.9092683792114
2026-05-15T10:48:53.756074,129,140188,20.92604304004939,-18.378097021890405,53,0.2171195652173913,4.81,0.35,9,9,-0.0034136560338083877,0.9528513178229332,0.5690338760614395,0.001222260081749471,0.010546875186264515,0.0,0.0,4,9.783859143568705e-05,9.783859143568705e-05,1.0,in,l2sq,3225.5298838615417
2026-05-15T10:49:18.278489,130,141259,-21.463601333387416,-21.463601333387416,45,0.21657608695652175,4.85,0.35,8,9,-0.0037870378117077497,0.9878023862838745,0.5414792597293854,0.0013342390666366555,0.005078125279396772,0.0,0.0,4,9.782391589158042e-05,9.782391589158042e-05,1.0,in,l2sq,3250.0522713661194
2026-05-15T10:49:39.077458,131,142313,-20.84546952829281,-21.154535430840113,47,0.2190217391304348,5.035,0.38,9,9,-0.0021516413031349435,0.973885715007782,0.5437643080949783,0.0002503102815353264,0.005468750197906047,0.0,0.0,4,9.780924279331627e-05,9.780924279331627e-05,1.0,in,l2sq,3270.851263999939
2026-05-15T10:50:03.148060,132,143360,-45.02975953845952,-45.02975953845952,45,0.22146739130434784,5.25,0.4,8,9,-0.0023349591210717335,0.928414523601532,0.5504214018583298,0.0003126989161955779,0.0,0.0,0.0,4,9.778968192285004e-05,9.778968192285004e-05,1.0,in,l2sq,3294.921893596649
2026-05-15T10:50:24.001564,133,144417,-62.166928268418076,-53.5983439034388,42,0.22065217391304348,5.195,0.4,9,9,-0.00295822629705067,0.9581677317619324,0.5106427222490311,0.0009190120063067297,0.0,0.0,0.0,4,9.777501371504804e-05,9.777501371504804e-05,1.0,in,l2sq,3315.7753069400787
2026-05-15T10:50:55.884956,134,145508,-84.36334050397834,-84.36334050397834,37,0.21766304347826088,5.09,0.32,11,11,-0.0032466509961522616,0.9072376415133476,0.5395888611674309,0.0017033003585311124,0.003515625052386895,0.0,0.0,4,9.776034795186585e-05,9.776034795186585e-05,1.0,in,l2sq,3347.6586031913757
2026-05-15T10:51:16.648351,135,146559,-49.18565329542772,-66.77449689970302,40,0.21820652173913044,5.17,0.25,11,11,-0.0018936395848871967,0.9995922893285751,0.5186489075422287,0.0015410466716275772,0.0003906250058207661,0.0,0.0,4,9.774568414408616e-05,9.774568414408616e-05,1.0,in,l2sq,3368.4221003055573
2026-05-15T10:51:49.523446,136,147691,-110.34791089712087,-110.34791089712087,44,0.21929347826086956,5.21,0.2,12,12,-0.0031421505351317824,0.9309180378913879,0.5131385177373886,0.00021185882214919127,0.006445312552386895,0.0,0.0,4,9.773102278019298e-05,9.773102278019298e-05,1.0,in,l2sq,3401.2970514297485
2026-05-15T10:52:10.875228,137,148770,-162.7406845908488,-136.54429774398483,32,0.21875,5.22,0.26,12,12,-0.0024223092015746017,0.9655098617076874,0.5378389060497284,0.0013935553793999467,0.005664062686264515,0.0,0.0,4,9.771147755294717e-05,9.771147755294717e-05,1.0,in,l2sq,3422.6490380764008
2026-05-15T10:52:34.979707,138,149828,-8.925530901288171,-8.925530901288171,52,0.2217391304347826,5.31,0.26,11,12,-0.0019342728333868187,0.9685292318463326,0.4922123849391937,0.0012985130336346622,0.0009765625,0.0,0.0,4,9.769193623455135e-05,9.769193623455135e-05,1.0,in,l2sq,3446.75350189209
2026-05-15T10:52:56.364880,139,150912,-48.92309228432194,-28.924311592805054,47,0.22635869565217392,5.32,0.31,12,12,-0.001670666833524681,0.9925619661808014,0.5113392025232315,0.0004670180831453652,0.0,0.0,0.0,4,9.767728268835823e-05,9.767728268835823e-05,1.0,in,l2sq,3468.138695716858
2026-05-15T10:53:21.102705,140,151997,-123.53328693853801,-123.53328693853801,41,0.2279891304347826,5.19,0.38,10,12,-0.003974637057399422,1.003321297466755,0.5018878541886806,0.0013396509011045082,0.005859375291038305,0.0,0.0,4,9.766263158434139e-05,9.766263158434139e-05,1.0,in,l2sq,3492.876525402069
2026-05-15T10:53:42.081637,141,153057,12.739994771701397,-55.396646083418304,61,0.23152173913043478,5.18,0.3,12,12,-0.002367172463073053,0.9165821522474289,0.5026169568300247,0.001428274159070514,0.01035156287252903,0.0,0.0,4,9.764310003465084e-05,9.764310003465084e-05,1.0,in,l2sq,3513.8553898334503
2026-05-15T10:54:14.349087,142,154166,-48.38331647232941,-48.38331647232941,41,0.23396739130434782,5.33,0.31,13,13,-0.0030626149149611814,0.9575323164463043,0.4573274478316307,0.0021623954802634793,0.0046875000989530236,0.0,0.0,4,9.76284538137656e-05,9.76284538137656e-05,1.0,in,l2sq,3546.122728586197
2026-05-15T10:54:36.878290,143,155237,-37.54491744779572,-42.96411696006257,42,0.23505434782608695,5.16,0.29,13,13,-0.0021371644725149963,0.8910232335329056,0.49014396592974663,0.0013461516728966727,0.0011718750465661287,0.0,0.0,4,9.76138100338358e-05,9.76138100338358e-05,1.0,in,l2sq,3568.652037858963
2026-05-15T10:55:03.020599,144,156318,-58.244894188312465,-58.244894188312465,45,0.2358695652173913,5.145,0.27,12,13,-0.001939800386026036,1.0283100679516792,0.4816037304699421,-8.05121089797467e-05,0.004882812412688509,0.0,0.0,4,9.759428824796714e-05,9.759428824796714e-05,1.0,in,l2sq,3594.7944107055664
2026-05-15T10:55:25.533524,145,157392,-77.28679721034581,-67.76584569932913,43,0.2375,5.325,0.29,13,13,-0.002068537476588972,0.954148530960083,0.4774806499481201,0.0012172404124612402,0.0,0.0,0.0,4,9.757964934872786e-05,9.757964934872786e-05,1.0,in,l2sq,3617.3073019981384
2026-05-15T10:55:51.016501,146,158434,5.174689445820727,5.174689445820727,49,0.2407608695652174,5.23,0.29,9,13,-0.0028469048731494806,1.00963294506073,0.47412435337901115,-0.00016545900746223197,0.0023437500931322575,0.0,0.0,4,9.756501288922379e-05,9.756501288922379e-05,1.0,in,l2sq,3642.7902891635895
2026-05-15T10:56:13.407614,147,159503,-32.57667812764422,-13.700994340911748,45,0.24130434782608695,5.31,0.33,13,13,-0.0031360344350105374,0.9485172852873802,0.4779025837779045,0.0004749674724735531,0.004687500186264515,0.0,0.0,4,9.754550086229607e-05,9.754550086229607e-05,1.0,in,l2sq,3665.181418657303
2026-05-15T10:56:45.891376,148,160547,-11.774389153815957,-11.774389153815957,50,0.24483695652173912,5.275,0.28,14,14,-0.0030095458205323666,0.9951002150774002,0.4490838125348091,0.0007362977441516746,0.00390625,0.0,0.0,4,9.753086928104268e-05,9.753086928104268e-05,1.0,in,l2sq,3697.664895296097
2026-05-15T10:57:07.679233,149,161586,-34.02666959681139,-22.900529375313674,44,0.24239130434782608,5.33,0.26,14,14,-0.003047300933394559,0.9427312090992928,0.47708560526371,0.0014457758978096424,0.006835937572759576,0.0,0.0,4,9.751624013830488e-05,9.751624013830488e-05,1.0,in,l2sq,3719.453038930893
2026-05-15T10:57:41.932151,150,162663,-69.30761205833669,-69.30761205833669,43,0.2418478260869565,5.325,0.31,15,15,-0.003173990233335644,0.938925564289093,0.4724135063588619,0.0017580796290530554,0.004296875064028427,0.0,0.0,4,9.749673786543962e-05,9.749673786543962e-05,1.0,in,l2sq,3753.705940246582
2026-05-15T10:58:04.945089,151,163762,-111.73422180574605,-90.52091693204136,36,0.2388586956521739,5.265,0.33,15,15,-0.0022362411546055228,0.9844983965158463,0.4688602536916733,0.0019389143020817068,0.002343750005820766,0.0,0.0,4,9.748211359851384e-05,9.748211359851384e-05,1.0,in,l2sq,3776.718834400177
2026-05-15T10:58:30.915609,152,164845,-43.870784086421324,-43.870784086421324,47,0.23940217391304347,5.1,0.36,14,15,-0.0022961052440222396,0.9403963759541512,0.4717709869146347,0.0008148935427016724,0.001757812569849193,0.0,0.0,4,9.746749176888464e-05,9.746749176888464e-05,1.0,in,l2sq,3802.6894278526306
2026-05-15T10:58:53.158126,153,165906,-35.43404873453355,-39.652416410477436,50,0.24157608695652175,4.995,0.34,15,15,-0.002759143758157556,0.8992264121770859,0.4752427190542221,-0.000223420060001445,0.002539062494179234,0.0,0.0,4,9.744799924520579e-05,9.744799924520579e-05,1.0,in,l2sq,3824.931858778
2026-05-15T10:59:17.964411,154,166938,-16.424023464588064,-16.424023464588064,48,0.24456521739130435,4.905,0.31,14,15,-0.004585993243381381,0.8585930317640305,0.4698687940835953,0.0017971426601433027,0.02187500079162419,0.0,0.0,4,9.743338228895119e-05,9.743338228895119e-05,1.0,in,l2sq,3849.7382111549377
2026-05-15T10:59:40.879438,155,168030,-59.45974821967391,-37.941885842130986,52,0.24782608695652175,5.14,0.35,15,15,-0.002938469582295433,0.9779318049550056,0.4681592248380184,0.0006167740433284039,0.005859374941792339,0.0,0.0,4,9.741876776877477e-05,9.741876776877477e-05,1.0,in,l2sq,3872.6532006263733
2026-05-15T11:00:12.880192,156,169053,-46.65805572833135,-46.65805572833135,47,0.24864130434782608,5.325,0.3,16,16,-0.002129726905695878,0.9221487417817116,0.4816516302525997,0.0007350785992514819,0.002929687616415322,0.0,0.0,4,9.73992849894087e-05,9.73992849894087e-05,1.0,in,l2sq,3904.6537942886353
2026-05-15T11:00:33.555529,157,170101,-46.866542108590586,-46.76229891846097,41,0.2510869565217391,5.395,0.32,16,16,-0.0031678841332904994,0.9000757187604904,0.4865734800696373,0.001212131528518512,0.010546875419095159,0.0,0.0,4,9.738467534017067e-05,9.738467534017067e-05,1.0,in,l2sq,3925.329334259033
2026-05-15T11:00:58.358324,158,171190,-51.22018019324567,-51.22018019324567,42,0.2483695652173913,5.33,0.29,10,16,-0.003288258737302374,0.9659374952316284,0.5040048435330391,-0.0006519076720905986,0.016601563620497473,0.0,0.0,4,9.737006812579304e-05,9.737006812579304e-05,1.0,in,l2sq,3950.1321198940277
2026-05-15T11:01:19.297521,159,172230,-42.85063808159058,-47.03540913741813,39,0.24619565217391304,5.165,0.26,16,16,-0.0028061604854884015,0.9515790641307831,0.494522038847208,0.000411857570452423,0.0037109376426087692,0.0,0.0,4,9.735059508586856e-05,9.735059508586856e-05,1.0,in,l2sq,3971.071291208267
2026-05-15T11:01:45.904973,160,173328,-38.31063142253483,-38.31063142253483,48,0.24809782608695652,5.11,0.24,9,16,-0.0034431963402312693,0.9149966686964035,0.526646077632904,0.0010541186367845068,0.009765625,0.0,0.0,4,9.733599273999432e-05,9.733599273999432e-05,1.0,in,l2sq,3997.678778886795
2026-05-15T11:02:08.779806,161,174419,-17.584033224260036,-27.947332323397433,47,0.24429347826086956,5.15,0.26,16,16,-0.002620991352887403,0.9261543601751328,0.5015088729560375,0.0017175918395878412,0.011132812360301614,0.0,0.0,4,9.732139282776329e-05,9.732139282776329e-05,1.0,in,l2sq,4020.55357670784
2026-05-15T11:02:34.808514,162,175498,-26.563449992569943,-26.563449992569943,42,0.24456521739130435,5.16,0.25,14,16,-0.0029441777820466974,0.9584415853023529,0.48179950192570686,0.0007101887154590536,0.0041015625320142135,0.0,0.0,4,9.730192952241167e-05,9.730192952241167e-05,1.0,in,l2sq,4046.58233499527
2026-05-15T11:02:57.616145,163,176586,-24.76750442442062,-25.665477208495282,50,0.2467391304347826,5.385,0.27,16,16,-0.0015136853107833304,0.8741897791624069,0.48060766607522964,-0.0003372710170879145,0.0,0.0,0.0,4,9.72873344762503e-05,9.72873344762503e-05,1.0,in,l2sq,4069.389919281006
2026-05-15T11:03:23.017649,164,177632,-2.074503526022243,-2.074503526022243,50,0.24809782608695652,5.415,0.26,11,16,-0.0038733050809241776,0.9686096012592316,0.4809761233627796,0.0013426943293779262,0.008398437552386895,0.0,0.0,4,9.727274186251554e-05,9.727274186251554e-05,1.0,in,l2sq,4094.7914736270905
2026-05-15T11:03:44.205128,165,178641,-26.749867119642857,-14.412185322832551,51,0.25027173913043477,5.36,0.31,16,16,-0.002820334624266202,0.9504535347223282,0.479712288826704,0.0007498493517232446,0.005468749979627319,0.0,0.0,4,9.725328828687046e-05,9.725328828687046e-05,1.0,in,l2sq,4115.978928804398
2026-05-15T11:04:10.270297,166,179723,-27.657188531371755,-27.657188531371755,39,0.24755434782608696,5.36,0.31,12,16,-0.004120680794585496,0.9009425193071365,0.47358817607164383,0.0011242192986173905,0.010546875186264515,0.0,0.0,4,9.723870053677282e-05,9.723870053677282e-05,1.0,in,l2sq,4142.044089794159
2026-05-15T11:04:31.944477,167,180757,-12.798934189595501,-20.22806136048363,49,0.24864130434782608,5.155,0.36,16,16,-0.0035616058594314937,0.9497023448348045,0.47194118052721024,0.0011242543932894478,0.0068359375,0.0,0.0,4,9.72241152178858e-05,9.72241152178858e-05,1.0,in,l2sq,4163.718275308609
2026-05-15T11:04:57.866337,168,181825,-26.824199813810793,-26.824199813810793,41,0.24619565217391304,5.12,0.37,9,16,-0.002385815611341935,0.9431615695357323,0.519729919731617,0.0011688346030496524,0.0031250001629814506,0.0,0.0,4,9.720467136708337e-05,9.720467136708337e-05,1.0,in,l2sq,4189.640097379684
2026-05-15T11:05:20.258522,169,182895,-7.404682353163957,-17.114441083487375,43,0.24592391304347827,5.22,0.28,16,16,-0.002274957351619422,0.9401630014181137,0.513144388794899,0.00046832973039268033,0.0003906250058207661,0.0,0.0,4,9.719009090940214e-05,9.719009090940214e-05,1.0,in,l2sq,4212.032314538956
2026-05-15T11:05:46.427627,170,183973,9.270952349712235,9.270952349712235,59,0.25027173913043477,5.175,0.35,9,16,-0.0021740343843703047,0.8814500048756599,0.49648841470479965,0.0011126664147013791,0.0,0.0,0.0,4,9.71755128817162e-05,9.71755128817162e-05,1.0,in,l2sq,4238.201432466507
2026-05-15T11:06:09.590435,171,185078,-80.3616318013149,-35.545339725801334,40,0.2513586956521739,5.18,0.4,16,16,-0.0030273609416326397,0.8512452319264412,0.5404131338000298,0.0021666854774593514,0.002343750005820766,0.0,0.0,4,9.715607875089498e-05,9.715607875089498e-05,1.0,in,l2sq,4261.364164113998
2026-05-15T11:06:35.196645,172,186142,-3.3485982408376174,-3.3485982408376174,55,0.2535326086956522,5.1,0.37,12,16,-0.0031532198598142602,1.0817309021949768,0.4692048579454422,0.0037843994323338848,0.01249999983701855,0.0,0.0,4,9.71415055819847e-05,9.71415055819847e-05,1.0,in,l2sq,4286.970470190048
2026-05-15T11:06:55.748420,173,187123,9.572996306381908,3.1121990327721454,52,0.25407608695652173,4.645,0.39,16,16,-0.0026167196076130605,0.9575126692652702,0.47808050736784935,0.00026666049789128,0.003125000119325705,0.0,0.0,4,9.712693484185492e-05,9.712693484185492e-05,1.0,in,l2sq,4307.522142648697
2026-05-15T11:07:20.943679,174,188167,-4.028597786131185,-4.028597786131185,56,0.25625,4.5,0.31,14,16,-0.004013150813989341,0.9428751468658447,0.48633572086691856,0.0017516638833057763,0.013281250328873284,0.0,0.0,4,9.71075104261559e-05,9.71075104261559e-05,1.0,in,l2sq,4332.717495203018
2026-05-15T11:07:41.334665,175,189143,72.4531853903456,34.212293802107204,56,0.25733695652173916,4.48,0.23,16,16,-0.002162760490318716,1.0107286274433136,0.5063001364469528,0.004026070365671375,0.021484375,0.0,0.0,4,9.709294454237289e-05,9.709294454237289e-05,1.0,in,l2sq,4353.108468294144
2026-05-15T11:08:07.083249,176,190214,15.479787048434018,15.479787048434018,51,0.2584239130434783,4.68,0.24,14,16,-0.002139598354733624,0.9046824797987938,0.48592714220285416,0.00045638591489022967,0.0003906250058207661,0.0,0.0,4,9.707838108615626e-05,9.707838108615626e-05,1.0,in,l2sq,4378.857041120529
2026-05-15T11:08:28.370919,177,191232,3.97274835416902,9.726267701301518,46,0.2597826086956522,4.895,0.21,16,16,-0.004398979363031685,0.9440049082040787,0.47265689074993134,0.001391349105142603,0.0042968750931322575,0.0,0.0,4,9.706381957170143e-05,9.706381957170143e-05,1.0,in,l2sq,4400.144725799561
2026-05-15T11:08:53.619207,178,192276,-20.816649522769257,-20.816649522769257,43,0.26005434782608694,4.97,0.24,13,16,-0.00203714594390475,0.9392080083489418,0.47935712337493896,0.0012885262045529144,0.002148437488358468,0.0,0.0,4,9.704926048408478e-05,9.704926048408478e-05,1.0,in,l2sq,4425.392984628677
2026-05-15T11:09:14.698919,179,193282,25.65051595811524,2.416933217672991,54,0.26413043478260867,5.035,0.26,16,16,-0.0023533422994660436,0.9602543488144875,0.4775807671248913,0.0012999671697798629,0.0015624999796273187,0.0,0.0,4,9.702985160248056e-05,9.702985160248056e-05,1.0,in,l2sq,4446.472715377808
2026-05-15T11:09:39.915322,180,194329,6.681778681290483,6.681778681290483,45,0.26331521739130437,4.945,0.26,14,16,-0.003343045752262741,0.9743545949459076,0.4639444872736931,0.0003407550364500356,0.0027343749534338713,0.0,0.0,4,9.701529736732695e-05,9.701529736732695e-05,1.0,in,l2sq,4471.68913936615
2026-05-15T11:10:02.535892,181,195407,40.96280875553167,23.822293718411075,65,0.26820652173913045,5.07,0.32,16,16,-0.0029634245875058696,0.998365506529808,0.45853041857481003,0.0005830660161791467,0.01074218752910383,0.0,0.0,4,9.700074555779833e-05,9.700074555779833e-05,1.0,in,l2sq,4494.3096470832825
2026-05-15T11:10:27.476616,182,196440,27.8671183072426,27.8671183072426,50,0.2703804347826087,5.17,0.26,12,16,-0.005402137478813351,0.915192574262619,0.43843813240528107,0.004328418416480406,0.02734375,0.0,0.0,4,9.698619568847867e-05,9.698619568847867e-05,1.0,in,l2sq,4519.250443696976
2026-05-15T11:10:49.033425,183,197467,-18.16041441493997,4.853351946151314,41,0.26793478260869563,5.18,0.24,16,16,-0.00178109930714071,0.9301230236887932,0.4515889063477516,-3.0142183095424602e-05,0.0005859375087311491,0.0,0.0,4,9.697164824405638e-05,9.697164824405638e-05,1.0,in,l2sq,4540.807210922241
2026-05-15T11:11:14.561041,184,198525,-0.9621204549200375,-0.9621204549200375,56,0.26956521739130435,5.195,0.18,13,16,-0.0021648195368470513,0.9139197692275047,0.4497877359390259,2.3972629469432016e-05,0.001171875002910383,0.0,0.0,4,9.695225488412405e-05,9.695225488412405e-05,1.0,in,l2sq,4566.334863185883
2026-05-15T11:11:36.886516,185,199591,22.819785201375485,10.928832373227724,63,0.2728260869565217,5.18,0.12,16,16,-0.0033000156399793923,0.9004255384206772,0.4326607957482338,0.0006917899343534262,0.0011718750465661287,0.0,0.0,4,9.693771228828419e-05,9.693771228828419e-05,1.0,in,l2sq,4588.66028881073
2026-05-15T11:12:02.932710,186,200673,14.63176989901546,14.63176989901546,55,0.27717391304347827,5.225,0.16,13,16,-0.003075546011677921,0.948773480951786,0.4478803016245365,0.0005901976674977105,0.003125000002910383,0.0,0.0,4,9.692317211612952e-05,9.692317211612952e-05,1.0,in,l2sq,4614.70653295517
2026-05-15T11:12:25.556025,187,201750,-26.07256247923795,-5.720396290111244,46,0.2763586956521739,5.235,0.15,16,16,-0.0038507733668665667,0.9244362488389015,0.44936471432447433,0.0025782566700400106,0.005078124959254637,0.0,0.0,4,9.690378845093802e-05,9.690378845093802e-05,1.0,in,l2sq,4637.329758405685
2026-05-15T11:12:51.381480,188,202826,16.201880329660888,16.201880329660888,51,0.27907608695652175,5.01,0.24,14,16,-0.002875851496355608,1.0242523849010468,0.46864693611860275,0.0021550383608883172,0.005078125192085281,0.0,0.0,4,9.688925312494196e-05,9.688925312494196e-05,1.0,in,l2sq,4663.155297040939
2026-05-15T11:13:14.123132,189,203910,-63.566671140469715,-23.682395405404414,39,0.2779891304347826,5.09,0.25,16,16,-0.0017900456093229988,0.9118032529950142,0.45712926611304283,0.0008018783435090882,0.0031250001047737896,0.0,0.0,4,9.68747202214195e-05,9.68747202214195e-05,1.0,in,l2sq,4685.89688873291
2026-05-15T11:13:39.703644,190,204967,32.17122293826422,32.17122293826422,52,0.27608695652173915,5.21,0.25,11,16,-0.0027582919865380973,0.9569083526730537,0.4630371853709221,0.001598438932347776,0.0031250000465661287,0.0,0.0,4,9.685534624612242e-05,9.685534624612242e-05,1.0,in,l2sq,4711.477458000183
2026-05-15T11:14:02.690508,191,206064,31.25105282479999,31.711137881532107,47,0.2779891304347826,5.21,0.27,16,16,-0.00383883352624248,0.9477616548538208,0.4597663953900337,0.0025342252010887023,0.016015625093132257,0.0,0.0,4,9.684081818633597e-05,9.684081818633597e-05,1.0,in,l2sq,4734.464303731918
2026-05-15T11:14:28.051188,192,207119,-5.305599033495033,-5.305599033495033,53,0.27744565217391304,5.25,0.23,14,16,-0.0031410300100105926,0.9463038817048073,0.4667106084525585,0.0037633029781772853,0.010937500046566129,0.0,0.0,4,9.682629254781212e-05,9.682629254781212e-05,1.0,in,l2sq,4759.824981689453
2026-05-15T11:14:50.368004,193,208183,-47.71686554029359,-26.511232286894312,44,0.2752717391304348,5.23,0.3,16,16,-0.002573467815818742,0.9525228813290596,0.45075519010424614,-0.00043685418722816394,0.0033203124767169356,0.0,0.0,4,9.680692825756548e-05,9.680692825756548e-05,1.0,in,l2sq,4782.141806602478
2026-05-15T11:15:16.125829,194,209254,4.048028976137233,4.048028976137233,54,0.2747282608695652,5.3,0.38,12,16,-0.004178041254635945,0.8997917622327805,0.45255958288908005,0.0018781660513923215,0.006640625186264515,0.0,0.0,4,9.679240746035627e-05,9.679240746035627e-05,1.0,in,l2sq,4807.899603366852
2026-05-15T11:15:38.140516,195,210303,44.710313633066725,24.37917130460198,58,0.2752717391304348,5.18,0.43,16,16,-0.0024593554669991025,0.9502820670604706,0.45574649795889854,0.0006558801515893706,0.0015624999796273187,0.0,0.0,4,9.677788908319925e-05,9.677788908319925e-05,1.0,in,l2sq,4829.914293766022
2026-05-15T11:16:03.620602,196,211357,-16.577041717171888,-16.577041717171888,51,0.2752717391304348,5.12,0.37,13,16,-0.0027323226022418212,0.9497010335326195,0.46085887774825096,0.0023593246677592328,0.006054687619325705,0.0,0.0,4,9.675853447316151e-05,9.675853447316151e-05,1.0,in,l2sq,4855.394429683685
2026-05-15T11:16:25.785183,197,212417,13.431238940817408,-1.5729013881772396,50,0.2763586956521739,5.255,0.33,16,16,-0.002721101813949689,0.9691514670848846,0.44631490856409073,0.00030259412596933544,0.0003906250058207661,0.0,0.0,4,9.674402093489896e-05,9.674402093489896e-05,1.0,in,l2sq,4877.558955192566
2026-05-15T11:16:57.662244,198,213437,30.88892866630084,30.88892866630084,55,0.2796195652173913,4.865,0.26,19,19,-0.004150062199914845,0.9279879182577133,0.462310615926981,0.0016079068361250781,0.012890625454019755,0.0,0.0,4,9.672950981547883e-05,9.672950981547883e-05,1.0,in,l2sq,4909.435868501663
2026-05-15T11:17:19.358274,199,214534,-25.817121304522214,2.5359036808893123,47,0.2777173913043478,5.01,0.21,19,19,-0.0023476876493077614,0.9510394856333733,0.460888784378767,0.0005126439360537971,0.002343750005820766,0.0,0.0,4,9.671016488081084e-05,9.671016488081084e-05,1.0,in,l2sq,4931.132080793381
2026-05-15T11:17:44.528508,200,215600,67.3804347631954,67.3804347631954,63,0.2826086956521739,5.22,0.27,18,19,-0.0015527815201494821,0.9327787011861801,0.4667768105864525,9.315057068304267e-05,0.0,0.0,0.0,4,9.669565859786622e-05,9.669565859786622e-05,1.0,in,l2sq,4956.3023228645325
2026-05-15T11:18:04.836997,201,216629,41.68809859651558,54.53426667985549,50,0.27853260869565216,5.165,0.24,19,19,-0.003435211558826201,0.918040432035923,0.4568367339670658,0.0017910290304825882,0.006054687459254637,0.0,0.0,4,9.668115473255483e-05,9.668115473255483e-05,1.0,in,l2sq,4976.610781431198
2026-05-15T11:18:28.443247,202,217667,6.542298142234318,6.542298142234318,49,0.2782608695652174,5.305,0.31,17,19,-0.003257190861040704,0.9356360584497452,0.4339105561375618,0.0007585796734019823,0.003906250072759576,0.0,0.0,4,9.666181946841988e-05,9.666181946841988e-05,1.0,in,l2sq,5000.217077970505
2026-05-15T11:18:50.442536,203,218763,-67.88450806009288,-30.671104958929284,39,0.2777173913043478,5.22,0.27,19,19,-0.004320687847211957,0.9786066710948944,0.4460078552365303,0.001334832941665809,0.01835937541909516,0.0,0.0,4,9.664732043716625e-05,9.664732043716625e-05,1.0,in,l2sq,5022.216268539429
2026-05-15T11:19:14.219877,204,219807,-1.914439618185358,-1.914439618185358,50,0.27608695652173915,5.14,0.24,18,19,-0.0029221702730863885,0.9770943522453308,0.4328777901828289,0.0003053540205655847,0.007031250192085281,0.0,0.0,4,9.663282382233727e-05,9.663282382233727e-05,1.0,in,l2sq,5045.993707180023
2026-05-15T11:19:33.801799,205,220795,52.076232107321175,25.08089624456791,58,0.2747282608695652,5.385,0.32,19,19,-0.00374556776368995,0.9063278287649155,0.4362773001194,0.003969982517810423,0.008984375046566129,0.0,0.0,4,9.661832914035806e-05,9.661832914035806e-05,1.0,in,l2sq,5065.575613021851
2026-05-15T11:19:57.592545,206,221837,41.61632709773117,41.61632709773117,48,0.2728260869565217,5.5,0.3,14,19,-0.00268427659466397,0.9869325533509254,0.44265924021601677,0.0006523481431031652,0.007421875052386895,0.0,0.0,4,9.660383687407864e-05,9.660383687407864e-05,1.0,in,l2sq,5089.366344451904
2026-05-15T11:20:17.526582,207,222843,82.62492342162122,62.120625259676196,59,0.2763586956521739,5.26,0.21,19,19,-0.0022926580844796485,0.9603400751948357,0.43225186318159103,-0.00021472008002092896,0.0009765625,0.0,0.0,4,9.658451707274219e-05,9.658451707274219e-05,1.0,in,l2sq,5109.300356626511
2026-05-15T11:20:40.769794,208,223859,-16.488352089934285,-16.488352089934285,47,0.2752717391304348,5.34,0.22,13,19,-0.0025385693385032715,0.9058865457773209,0.4354701191186905,0.00011437848825152086,0.011718749767169356,0.0,0.0,4,9.657002963665465e-05,9.657002963665465e-05,1.0,in,l2sq,5132.543563365936
2026-05-15T11:21:01.917532,209,224924,31.07541699135287,7.293532450709293,53,0.27907608695652175,5.22,0.14,19,19,-0.0031003197334938948,0.9452091604471207,0.445073988288641,0.002312999336027119,0.009765625,0.0,0.0,4,9.655554461505931e-05,9.655554461505931e-05,1.0,in,l2sq,5153.691306352615
2026-05-15T11:21:26.698459,210,225963,13.590549985306748,13.590549985306748,51,0.27880434782608693,5.145,0.16,13,19,-0.0026749484728497697,0.9148455336689949,0.45165466517210007,0.002147027817045455,0.008984375002910383,0.0,0.0,4,9.653623447169175e-05,9.653623447169175e-05,1.0,in,l2sq,5178.472250461578
2026-05-15T11:21:47.277318,211,226983,40.44880981402078,27.019679899663764,56,0.28125,5.035,0.19,19,19,-0.002782716654473827,0.9213324636220932,0.4179104343056679,0.0003609783149840784,0.001953125,0.0,0.0,4,9.652175427787365e-05,9.652175427787365e-05,1.0,in,l2sq,5199.051073312759
2026-05-15T11:22:10.641569,212,228004,25.929915079111673,25.929915079111673,51,0.2807065217391304,4.92,0.31,13,19,-0.0029760555160465163,0.8952839076519012,0.4517143741250038,0.0011607463012751618,0.006835937572759576,0.0,0.0,4,9.650727649734073e-05,9.650727649734073e-05,1.0,in,l2sq,5222.41539812088
2026-05-15T11:22:31.442902,213,229047,41.167569650227605,33.548742364669636,53,0.2831521739130435,4.875,0.4,19,19,-0.002961519407108426,0.9023081809282303,0.4613492041826248,0.0012521805354481289,0.0046875000989530236,0.0,0.0,4,9.649280064714638e-05,9.649280064714638e-05,1.0,in,l2sq,5243.2166957855225
2026-05-15T11:22:55.721275,214,230116,83.23960267209976,83.23960267209976,58,0.2842391304347826,4.94,0.4,15,19,-0.003116428136854643,0.9068150520324707,0.4332261234521866,0.0018508120769183956,0.01171875061118044,0.0,0.0,4,9.647832720951333e-05,9.647832720951333e-05,1.0,in,l2sq,5267.495107650757
2026-05-15T11:23:16.722108,215,231173,0.8732880181916045,42.05644534514568,51,0.2823369565217391,4.955,0.44,19,19,-0.003238157989108037,0.9188062250614166,0.4368051327764988,0.0020690707537142083,0.011132812593132257,0.0,0.0,4,9.64590325088547e-05,9.64590325088547e-05,1.0,in,l2sq,5288.495887517929
2026-05-15T11:23:39.356482,216,232158,56.391312469298434,56.391312469298434,54,0.2831521739130435,4.885,0.33,14,19,-0.002791234949836463,0.9432770609855652,0.4373689591884613,0.0018618965203131667,0.009765625,0.0,0.0,4,9.644456389513802e-05,9.644456389513802e-05,1.0,in,l2sq,5311.1303107738495
2026-05-15T11:24:00.004230,217,233198,-5.559225302385988,25.416043583456222,42,0.28097826086956523,4.895,0.29,19,19,-0.002284565598529298,0.9800994098186493,0.44842177256941795,0.0006059649575035353,0.0007812500261934474,0.0,0.0,4,9.643009769277657e-05,9.643009769277657e-05,1.0,in,l2sq,5331.778024673462
2026-05-15T11:24:24.895287,218,234287,11.241505325602846,11.241505325602846,46,0.27853260869565216,4.82,0.3,12,19,-0.003271840196975906,0.9469747617840767,0.43225253373384476,0.0008405067419516576,0.003515625008731149,0.0,0.0,4,9.6410812637539e-05,9.6410812637539e-05,1.0,in,l2sq,5356.669086933136
2026-05-15T11:24:46.124622,219,235358,38.188718923297806,24.715112124450325,46,0.2782608695652174,4.885,0.23,19,19,-0.0017596967794815122,0.8875730037689209,0.41205229610204697,0.0014292704354375019,0.00507812510477379,0.0,0.0,4,9.639635125668245e-05,9.639635125668245e-05,1.0,in,l2sq,5377.898426294327
2026-05-15T11:25:11.337042,220,236468,-9.283284524160322,-9.283284524160322,52,0.2752717391304348,5.12,0.21,14,19,-0.002668299220385917,0.901115708053112,0.4371643587946892,0.00038658241824122974,0.005664062511641532,0.0,0.0,4,9.638189228597571e-05,9.638189228597571e-05,1.0,in,l2sq,5403.11083483696
2026-05-15T11:25:32.848829,221,237552,-44.634007680369066,-26.958646102264694,46,0.27418478260869567,5.245,0.23,19,19,-0.0040660478989593685,0.8745460212230682,0.42655469104647636,-0.000509143614448232,0.01347656239522621,0.0,0.0,4,9.636261687133743e-05,9.636261687133743e-05,1.0,in,l2sq,5424.622642993927
2026-05-15T11:25:57.273566,222,238628,15.376299367124663,15.376299367124663,48,0.27391304347826084,5.52,0.24,15,19,-0.002263332196162038,0.8736991286277771,0.4277516081929207,0.0003627526210039089,0.0,0.0,0.0,4,9.634816271972531e-05,9.634816271972531e-05,1.0,in,l2sq,5449.047397613525
2026-05-15T11:26:17.282474,223,239634,33.81073207174465,24.593515719434656,54,0.2779891304347826,5.49,0.2,19,19,-0.0014651041590696412,0.9166358038783073,0.4402794986963272,0.0005931953718572884,0.0007812500116415322,0.0,0.0,4,9.633371097705817e-05,9.633371097705817e-05,1.0,in,l2sq,5469.056189537048
2026-05-15T11:26:43.041325,224,240716,26.156263579919766,26.156263579919766,48,0.27744565217391304,5.475,0.29,15,19,-0.002930747324717209,0.8266812637448311,0.4364624433219433,-0.0003269928733516947,0.0031249999592546374,0.0,0.0,4,9.631444519819988e-05,9.631444519819988e-05,1.0,in,l2sq,5494.815144300461
2026-05-15T11:27:04.976239,225,241781,10.8409278072365,18.49859569357813,57,0.27717391304347827,5.355,0.28,19,19,-0.003423067962285087,0.9568561911582947,0.4355793073773384,9.033988044393482e-05,0.008984375570435077,0.0,0.0,4,9.62999982722183e-05,9.62999982722183e-05,1.0,in,l2sq,5516.749985694885
2026-05-15T11:27:30.493199,226,242845,-23.67273061796546,-23.67273061796546,43,0.2758152173913043,5.215,0.29,14,19,-0.0024857209064066965,0.8990546613931656,0.4378029704093933,0.0010478964435606114,0.0023437500494765118,0.0,0.0,4,9.628555375397746e-05,9.628555375397746e-05,1.0,in,l2sq,5542.2670130729675
2026-05-15T11:27:52.403091,227,243896,51.7149129753011,14.021091178667819,54,0.27445652173913043,5.22,0.33,19,19,-0.003761504677822769,0.942179411649704,0.42911743000149727,5.819740622425851e-05,0.012695312994765118,0.0,0.0,4,9.626629760608221e-05,9.626629760608221e-05,1.0,in,l2sq,5564.176903009415
2026-05-15T11:28:18.508073,228,244989,-12.170457853993005,-12.170457853993005,42,0.27309782608695654,5.185,0.23,12,19,-0.002807950333226561,0.9280148893594742,0.4334820583462715,0.0023943608723130394,0.004296875151339918,0.0,0.0,4,9.625185790211908e-05,9.625185790211908e-05,1.0,in,l2sq,5590.28186583519
2026-05-15T11:28:40.619830,229,246049,41.345791788180456,14.587666967093725,56,0.27391304347826084,5.145,0.2,19,19,-0.001836334196559597,0.9658214524388313,0.4279586561024189,0.0004789245854226881,0.0009765625,0.0,0.0,4,9.623742060469305e-05,9.623742060469305e-05,1.0,in,l2sq,5612.393640041351
2026-05-15T11:29:06.294617,230,247117,24.733474012372216,24.733474012372216,49,0.2733695652173913,5.29,0.23,11,19,-0.00310353637614752,0.8830341398715973,0.425031878054142,0.0007897845329352671,0.0023437500931322575,0.0,0.0,4,9.621817408294632e-05,9.621817408294632e-05,1.0,in,l2sq,5638.068392276764
2026-05-15T11:29:26.889540,231,248109,10.438415081118327,17.58594454674527,47,0.27092391304347824,5.11,0.2,19,19,-0.00547017084900292,0.9460565149784088,0.4123864695429802,0.002990295796917064,0.024218750651925802,0.0,0.0,4,9.620374159739134e-05,9.620374159739134e-05,1.0,in,l2sq,5658.663301229477
2026-05-15T11:29:52.520841,232,249179,-32.168131904202404,-32.168131904202404,54,0.2717391304347826,5.21,0.31,14,19,-0.0023993455397431918,0.9004817306995392,0.4097278378903866,0.0006722910055031945,0.007421875256113708,0.0,0.0,4,9.618931151717044e-05,9.618931151717044e-05,1.0,in,l2sq,5684.29466676712
2026-05-15T11:30:14.207830,233,250223,12.23970322485989,-9.964214339671258,49,0.27065217391304347,5.16,0.32,19,19,-0.003842407581396423,0.8844466656446457,0.45037082582712173,0.0017355702115310137,0.010546874953433871,0.0,0.0,4,9.617488336092817e-05,9.617488336092817e-05,1.0,in,l2sq,5705.981570720673
2026-05-15T11:30:40.274450,234,251313,41.8122539238927,41.8122539238927,47,0.26766304347826086,5.14,0.31,13,19,-0.0026691287770518324,0.9494958072900772,0.42532746493816376,0.0006991757256969225,0.0027343750989530236,0.0,0.0,4,9.616045760929844e-05,9.616045760929844e-05,1.0,in,l2sq,5732.048259496689
2026-05-15T11:31:01.216265,235,252320,34.662794327025416,38.23752412545906,59,0.2698369565217391,5.19,0.36,19,19,-0.0029883776049246524,0.9462499171495438,0.4384743273258209,5.2075380608584965e-05,0.0046875001571606845,0.0,0.0,4,9.614122647938115e-05,9.614122647938115e-05,1.0,in,l2sq,5752.990065097809
2026-05-15T11:31:26.749895,236,253397,16.42120066580903,16.42120066580903,54,0.2698369565217391,5.16,0.3,15,19,-0.004796400084160268,0.9043095409870148,0.420499250292778,0.0011151953559419801,0.014062499860301614,0.0,0.0,4,9.612680553577434e-05,9.612680553577434e-05,1.0,in,l2sq,5778.523722410202
2026-05-15T11:31:49.603881,237,254492,-3.186461927448936,6.617369369180048,59,0.27445652173913043,5.24,0.34,19,19,-0.0024440095454337785,0.879621222615242,0.4468914493918419,0.0013027629265252583,0.006640625186264515,0.0,0.0,4,9.6112386995578e-05,9.6112386995578e-05,1.0,in,l2sq,5801.37765455246
2026-05-15T11:32:14.241857,238,255524,31.545147822089326,31.545147822089326,52,0.27608695652173915,5.1,0.3,16,19,-0.0045582739810925005,0.9632327035069466,0.43602434545755386,0.0021676329162346464,0.017968749860301614,0.0,0.0,4,9.609316547930276e-05,9.609316547930276e-05,1.0,in,l2sq,5826.0156836509705
2026-05-15T11:32:35.928737,239,256565,59.387963704727426,45.46655576340838,46,0.27608695652173915,5.165,0.27,19,19,-0.005086585821118206,0.9339283108711243,0.4077768251299858,0.000900953584368841,0.015234375139698386,0.0,0.0,4,9.607875174472579e-05,9.607875174472579e-05,1.0,in,l2sq,5847.70246553421
2026-05-15T11:32:59.523495,240,257583,46.23647883573651,46.23647883573651,50,0.27554347826086956,5.085,0.22,16,19,-0.0009681966679636056,0.9506394043564796,0.4243442118167877,0.00016208279529337719,0.001757812569849193,0.0,0.0,4,9.606434041235784e-05,9.606434041235784e-05,1.0,in,l2sq,5871.297325372696
2026-05-15T11:33:20.549576,241,258646,43.41416810555238,44.82532347064445,54,0.2777173913043478,5.265,0.16,19,19,-0.002857667222269711,0.8192208111286163,0.4243064559996128,8.342832665914068e-05,0.0046875000989530236,0.0,0.0,4,9.604512850491879e-05,9.604512850491879e-05,1.0,in,l2sq,5892.323390722275
2026-05-15T11:33:44.671820,242,259711,60.18422006722023,60.18422006722023,57,0.2801630434782609,5.515,0.18,14,19,-0.002892400394193695,0.9204454869031906,0.4563491493463516,0.0007086746863023685,0.0007812500116415322,0.0,0.0,4,9.603072197576787e-05,9.603072197576787e-05,1.0,in,l2sq,5916.445629358292
2026-05-15T11:34:04.877450,243,260735,12.136508716550772,36.1603643918855,49,0.27880434782608693,5.415,0.23,19,19,-0.003104152827290818,0.9454986304044724,0.4313245229423046,0.0011480695752652537,0.007812500422005542,0.0,0.0,4,9.601631784762512e-05,9.601631784762512e-05,1.0,in,l2sq,5936.651253461838
2026-05-15T11:34:29.335872,244,261802,8.603186253366145,8.603186253366145,54,0.28043478260869564,5.41,0.27,15,19,-0.003378536622039907,0.9043116718530655,0.41219380870461464,0.001989483715897214,0.006835937645519152,0.0,0.0,4,9.599711554421876e-05,9.599711554421876e-05,1.0,in,l2sq,5961.109659910202
2026-05-15T11:34:51.425982,245,262882,100.92256833728632,54.762877295326234,61,0.28152173913043477,5.335,0.29,19,19,-0.002708052209345446,0.9952550530433655,0.4380006864666939,0.0009195420883770788,0.013671875465661287,0.0,0.0,4,9.598271621689192e-05,9.598271621689192e-05,1.0,in,l2sq,5983.199788808823
2026-05-15T11:35:16.038444,246,263934,59.991732575947864,59.991732575947864,52,0.28396739130434784,5.23,0.32,18,19,-0.002360522795061104,0.9306286126375198,0.40891924500465393,0.0005619005288736018,0.0044921875960426405,0.0,0.0,4,9.596831928937298e-05,9.596831928937298e-05,1.0,in,l2sq,6007.812191963196
2026-05-15T11:35:38.661987,247,265035,119.74130582660912,89.86651920127849,73,0.2891304347826087,5.59,0.32,19,19,-0.0030723483738256396,0.9497544914484024,0.4119681566953659,0.00032356731326216304,0.001757812569849193,0.0,0.0,4,9.594912658519828e-05,9.594912658519828e-05,1.0,in,l2sq,6030.4357669353485
2026-05-15T11:36:03.927215,248,266122,69.60624150954406,69.60624150954406,67,0.29592391304347826,5.55,0.34,18,19,-0.006176284537650734,1.013682246208191,0.43645642697811127,0.00470847932829202,0.032812499441206455,0.0,0.0,4,9.593473445609533e-05,9.593473445609533e-05,1.0,in,l2sq,6055.701031446457
2026-05-15T11:36:25.044500,249,267153,49.65236107260951,59.629301291076786,51,0.29456521739130437,5.605,0.33,19,19,-0.003202774417877613,0.8841129466891289,0.4301319792866707,0.0002460928135860352,0.01464843780559022,0.0,0.0,4,9.59203447256006e-05,9.59203447256006e-05,1.0,in,l2sq,6076.8182582855225
2026-05-15T11:36:51.695225,250,268232,77.7111510340819,77.7111510340819,58,0.2970108695652174,5.585,0.3,14,19,-0.0043002707941922624,0.9401602745056152,0.42288000509142876,0.0016984410615805134,0.016992187942378223,0.0,0.0,4,9.590116161585892e-05,9.590116161585892e-05,1.0,in,l2sq,6103.469025373459
2026-05-15T11:37:13.414489,251,269293,23.15086058243836,50.431005808260124,57,0.2997282608695652,5.525,0.2,19,19,-0.003779822622891338,0.9225038439035416,0.41867803037166595,0.0003634982047515112,0.01718750037252903,0.0,0.0,4,9.588677668138144e-05,9.588677668138144e-05,1.0,in,l2sq,6125.188281774521
2026-05-15T11:37:38.612476,252,270354,38.713871227835305,38.713871227835305,61,0.3016304347826087,5.425,0.25,10,19,-0.0030359369789949575,0.9196984693408012,0.40277496725320816,0.0009267934751278958,0.009765625116415322,0.0,0.0,4,9.587239414431311e-05,9.587239414431311e-05,1.0,in,l2sq,6150.386261701584
2026-05-15T11:38:00.976917,253,271439,88.57857539642082,63.64622331212806,65,0.3059782608695652,5.44,0.29,19,19,-0.003207815749919976,0.934274896979332,0.4195645935833454,0.0016293103398310471,0.0035156250960426405,0.0,0.0,4,9.585322062420818e-05,9.585322062420818e-05,1.0,in,l2sq,6172.750726222992
2026-05-15T11:38:25.123128,254,272459,-7.821338788459866,-7.821338788459866,48,0.30625,5.33,0.32,13,19,-0.004053771495819092,0.9216532111167908,0.41542672365903854,-0.0018830360193533083,0.005859374912688509,0.0,0.0,4,9.58388428807596e-05,9.58388428807596e-05,1.0,in,l2sq,6196.896899700165
2026-05-15T11:38:46.364393,255,273494,63.53383297312741,27.85624709233377,57,0.30570652173913043,5.4,0.34,19,19,-0.0030231221520807816,0.8831505700945854,0.4099506735801697,0.0008047544496548494,0.008789062689174898,0.0,0.0,4,9.58244675335217e-05,9.58244675335217e-05,1.0,in,l2sq,6218.1381640434265
2026-05-15T11:39:13.124483,256,274640,24.819027505710512,24.819027505710512,62,0.3078804347826087,5.595,0.31,17,19,-0.002837517877924245,0.8970672339200974,0.4009919539093971,0.0007405518815176149,0.007226562476716936,0.0,0.0,4,9.580530359825967e-05,9.580530359825967e-05,1.0,in,l2sq,6244.898302316666
2026-05-15T11:39:33.328363,257,275626,96.43734990027289,60.6281887029917,59,0.3078804347826087,5.45,0.23,19,19,-0.002641716646030634,0.9495865553617477,0.4090912565588951,-0.0004701375572039937,0.006640625011641532,0.0,0.0,4,9.579093304224517e-05,9.579093304224517e-05,1.0,in,l2sq,6265.102122306824
2026-05-15T11:39:58.740107,258,276714,50.68843452969657,50.68843452969657,54,0.30842391304347827,5.255,0.21,18,19,-0.004172974993707612,0.9443156570196152,0.4174479953944683,0.0013534891015297146,0.006835937630967237,0.0,0.0,4,9.577656488124349e-05,9.577656488124349e-05,1.0,in,l2sq,6290.513932943344
2026-05-15T11:40:20.002825,259,277751,-16.792986026803938,16.947724251446317,43,0.3076086956521739,4.95,0.18,19,19,-0.0026516364014241844,0.973785012960434,0.4066527336835861,0.0011494333893097008,0.012109375558793545,0.0,0.0,4,9.576219863596469e-05,9.576219863596469e-05,1.0,in,l2sq,6311.776641130447
2026-05-15T11:40:43.310175,260,278741,15.355824863192785,15.355824863192785,50,0.3076086956521739,4.835,0.16,18,19,-0.003591819255962081,0.956885039806366,0.4113307222723961,0.001976290240963907,0.0064453124650754035,0.0,0.0,4,9.57478347849803e-05,9.57478347849803e-05,1.0,in,l2sq,6335.084004163742
2026-05-15T11:41:05.209044,261,279808,71.17988421665117,43.26785453992198,56,0.3081521739130435,5.045,0.21,19,19,-0.003092277900577728,0.9194359332323074,0.39612583070993423,0.0016823231795115162,0.011914062808500603,0.0,0.0,4,9.572868617550165e-05,9.572868617550165e-05,1.0,in,l2sq,6356.982806444168
2026-05-15T11:41:30.192593,262,280879,-7.869522904026212,-7.869522904026212,42,0.3040760869565217,5.06,0.16,17,19,-0.002501374535495371,0.941469743847847,0.37198419123888016,0.0005189894618524704,0.010546874953433871,0.0,0.0,4,9.571432711190901e-05,9.571432711190901e-05,1.0,in,l2sq,6381.966423511505
2026-05-15T11:41:51.151718,263,281900,43.53650882142758,17.833492958700685,52,0.3048913043478261,5.24,0.14,19,19,-0.0025101006554903993,0.8974348306655884,0.4131983816623688,0.00140197270271758,0.0011718750174622983,0.0,0.0,4,9.569997044141387e-05,9.569997044141387e-05,1.0,in,l2sq,6402.92545747757
2026-05-15T11:42:16.807820,264,282999,-0.33778457335408585,-0.33778457335408585,49,0.3035326086956522,5.46,0.25,16,19,-0.003036962490295947,0.9016759619116783,0.4083545655012131,0.00026793590204762796,0.00527343743306119,0.0,0.0,4,9.56808314043253e-05,9.56808314043253e-05,1.0,in,l2sq,6428.5816469192505
2026-05-15T11:42:38.487940,265,284049,74.76731132641673,37.21476337653132,58,0.3027173913043478,5.375,0.25,19,19,-0.004437231423799037,0.9607496857643127,0.39245685935020447,-0.00014999033282947494,0.0062500000931322575,0.0,0.0,4,9.566647951882869e-05,9.566647951882869e-05,1.0,in,l2sq,6450.261659622192
2026-05-15T11:43:03.988967,266,285130,63.37376343053563,63.37376343053563,56,0.30380434782608695,5.365,0.28,15,19,-0.0020761847503308895,0.8793783932924271,0.381893876940012,0.0016351268952348452,0.001953125072759576,0.0,0.0,4,9.565213002523325e-05,9.565213002523325e-05,1.0,in,l2sq,6475.76278424263
2026-05-15T11:43:25.710675,267,286189,22.12428330744785,42.74902336899174,51,0.29782608695652174,5.395,0.26,19,19,-0.002325157836457925,0.845249742269516,0.4406011551618576,0.0010641242011843327,0.003515625139698386,0.0,0.0,4,9.563300055574951e-05,9.563300055574951e-05,1.0,in,l2sq,6497.484482288361
2026-05-15T11:43:51.089182,268,287272,-7.261539814231507,-7.261539814231507,46,0.2921195652173913,5.295,0.19,15,19,-0.002992075786460213,0.8604379743337631,0.39522217214107513,0.0002167304373870138,0.007812499912688509,0.0,0.0,4,9.561865584476061e-05,9.561865584476061e-05,1.0,in,l2sq,6522.862980365753
2026-05-15T11:44:12.573848,269,288320,6.627275704232163,-0.3171320549996719,46,0.2907608695652174,5.255,0.2,19,19,-0.0021249540368445397,0.9650040417909622,0.4160802625119686,-0.0009945277423867062,0.0017578125261934474,0.0,0.0,4,9.560431352447719e-05,9.560431352447719e-05,1.0,in,l2sq,6544.347657442093
2026-05-15T11:44:36.641503,270,289343,46.074579681753924,46.074579681753924,58,0.2907608695652174,5.185,0.21,16,19,-0.0029076610531774683,0.9786324501037598,0.41412078589200974,0.001114722302372681,0.007226562694995664,0.0,0.0,4,9.558519361781541e-05,9.558519361781541e-05,1.0,in,l2sq,6568.415271759033
2026-05-15T11:44:58.648932,271,290402,46.80125152108549,46.437915601419704,51,0.2891304347826087,5.05,0.19,19,19,-0.0034224219794850574,0.8968615084886551,0.3888363912701607,0.0016548639188613823,0.0046875000989530236,0.0,0.0,4,9.557085607774768e-05,9.557085607774768e-05,1.0,in,l2sq,6590.422735691071
2026-05-15T11:45:23.375834,272,291426,26.96667140521337,26.96667140521337,51,0.28641304347826085,5.075,0.25,15,19,-0.0029077194718411248,0.8417129069566727,0.3958233520388603,-0.0005436316085819792,0.012500000215368345,0.0,0.0,4,9.555652092719029e-05,9.555652092719029e-05,1.0,in,l2sq,6615.149598121643
2026-05-15T11:45:44.657518,273,292444,-46.86868869426127,-9.951008644523952,40,0.2796195652173913,4.98,0.21,19,19,-0.003875967970816463,0.9026912450790405,0.38982176780700684,-0.0008167864247298207,0.0027343749534338713,0.0,0.0,4,9.554218768795445e-05,9.554218768795445e-05,1.0,in,l2sq,6636.431271076202
2026-05-15T11:46:09.405432,274,293470,-3.4030230058533326,-3.4030230058533326,48,0.2796195652173913,5.1,0.25,15,19,-0.0026643694000085816,0.884691871702671,0.4046764113008976,0.0019034986686052302,0.004101562546566129,0.0,0.0,4,9.552785683751219e-05,9.552785683751219e-05,1.0,in,l2sq,6661.179246902466
2026-05-15T11:46:31.976805,275,294547,45.547359676417955,21.07216833528231,62,0.28097826086956523,5.025,0.26,19,19,-0.0026446797128301114,0.9509374275803566,0.3708111494779587,0.0028440012472401577,0.005859375,0.0,0.0,4,9.550875222142326e-05,9.550875222142326e-05,1.0,in,l2sq,6683.750553846359
2026-05-15T11:46:56.634499,276,295569,72.40293648672582,72.40293648672582,56,0.2793478260869565,5.005,0.21,16,19,-0.004828068811912112,1.01352921128273,0.38173846900463104,0.0023612474593392163,0.008593750011641532,0.0,0.0,4,9.549442614737388e-05,9.549442614737388e-05,1.0,in,l2sq,6708.408311367035
2026-05-15T11:47:17.732943,277,296576,91.36771880442384,81.88532764557483,65,0.28097826086956523,4.965,0.19,19,19,-0.0031509012333116315,0.9892134815454483,0.3894340246915817,0.0018087361544530667,0.014062500325962901,0.0,0.0,4,9.548010246092391e-05,9.548010246092391e-05,1.0,in,l2sq,6729.506742715836
2026-05-15T11:47:43.814590,278,297672,60.10355754725112,60.10355754725112,58,0.28206521739130436,5.1,0.19,18,19,-0.00244969986379151,0.8780739679932594,0.3978190906345844,0.0008028735654988933,0.002929687558207661,0.0,0.0,4,9.546100739523274e-05,9.546100739523274e-05,1.0,in,l2sq,6755.588379144669
2026-05-15T11:48:04.755119,279,298673,24.671452714065513,42.38750513065832,45,0.2826086956521739,5.08,0.15,19,19,-0.0033865273580886424,0.9633441120386124,0.38083141297101974,0.003675526875667856,0.0160156253259629,0.0,0.0,4,9.54466884827879e-05,9.54466884827879e-05,1.0,in,l2sq,6776.528923034668
2026-05-15T11:48:30.100227,280,299727,67.09283696718498,67.09283696718498,57,0.2845108695652174,5.25,0.17,16,19,-0.0029689517788937803,0.9481129571795464,0.3939625695347786,0.0013598306737548915,0.01132812509604264,0.0,0.0,4,9.543237195674893e-05,9.543237195674893e-05,1.0,in,l2sq,6801.873979568481
2026-05-15T11:48:51.081749,281,300730,58.187534063132894,62.64018551515893,59,0.28532608695652173,5.215,0.11,19,19,-0.0029752105649094585,0.9048092067241669,0.38843178004026413,0.0008558377372537423,0.0023437500931322575,0.0,0.0,4,9.541805733954827e-05,9.541805733954827e-05,1.0,in,l2sq,6822.855531215668
2026-05-15T11:49:17.167505,282,301821,37.96318636047318,37.96318636047318,45,0.2861413043478261,5.075,0.12,17,19,-0.0030300889513454887,0.8835984766483307,0.3988749794661999,0.0009420826178938857,0.004882812645519152,0.0,0.0,4,9.540374510803763e-05,9.540374510803763e-05,1.0,in,l2sq,6848.9413051605225
2026-05-15T11:49:38.908530,283,302857,67.60992116638249,52.78655376342783,53,0.28641304347826085,5.2,0.18,19,19,-0.004124463553307561,0.9267968013882637,0.39596302062273026,0.0025476386748778945,0.013867187895812094,0.0,0.0,4,9.538466531305348e-05,9.538466531305348e-05,1.0,in,l2sq,6870.682279825211
2026-05-15T11:50:04.921419,284,303943,-0.7702430341146489,-0.7702430341146489,54,0.2877717391304348,5.345,0.22,16,19,-0.0038694978225977117,0.8715774863958359,0.39034752547740936,0.00393448804352374,0.010546875651925802,0.0,0.0,4,9.53703578517301e-05,9.53703578517301e-05,1.0,in,l2sq,6896.695221185684
2026-05-15T11:50:28.198139,285,305049,41.23742929708433,20.23359313148484,59,0.28804347826086957,5.47,0.22,19,19,-0.0025456481307630785,0.9379742220044136,0.3809969983994961,-0.0009187528850361504,0.009375000328873284,0.0,0.0,4,9.535605277490413e-05,9.535605277490413e-05,1.0,in,l2sq,6919.9719450473785
2026-05-15T11:50:53.945598,286,306124,13.204901088406482,13.204901088406482,51,0.2866847826086957,5.41,0.19,17,19,-0.002866977905796375,0.9391468465328217,0.39773447066545486,0.0024984942698210773,0.011132813058793545,0.0,0.0,4,9.533698251790968e-05,9.533698251790968e-05,1.0,in,l2sq,6945.719381093979
2026-05-15T11:51:16.188633,287,307185,51.516289123157414,32.36059510578195,55,0.2877717391304348,5.58,0.24,19,19,-0.0030878611549269297,0.9350322932004929,0.3695746064186096,0.0015053279676067177,0.0015625000232830644,0.0,0.0,4,9.532268220888637e-05,9.532268220888637e-05,1.0,in,l2sq,6967.96244096756
2026-05-15T11:51:41.688590,288,308248,76.10532638242582,76.10532638242582,54,0.28994565217391305,5.44,0.23,17,19,-0.0030077916017035022,0.9183131083846092,0.3938988037407398,0.0028435542210445384,0.004101562502910383,0.0,0.0,4,9.530838428316844e-05,9.530838428316844e-05,1.0,in,l2sq,6993.462363243103
2026-05-15T11:52:05.547632,289,309381,44.81097349100042,60.45814993671311,56,0.2926630434782609,5.695,0.26,19,19,-0.003700578259304116,0.8767995983362198,0.3811342678964138,0.0020806801060644364,0.011718750174622983,0.0,0.0,4,9.528932355939565e-05,9.528932355939565e-05,1.0,in,l2sq,7017.321420907974
2026-05-15T11:52:30.806393,290,310435,10.641077026406734,10.641077026406734,50,0.2904891304347826,5.565,0.25,17,19,-0.0018901863106293715,0.9655298516154289,0.39053668454289436,0.00106011921579921,0.005273437505820766,0.0,0.0,4,9.527026664757701e-05,9.527026664757701e-05,1.0,in,l2sq,7042.580207586288
2026-05-15T11:52:51.431089,291,311422,45.22844027145933,27.93475864893303,56,0.29184782608695653,5.38,0.23,19,19,-0.0018442616477841733,0.9476356208324432,0.3749266117811203,0.0010105206436492042,0.001953125,0.0,0.0,4,9.525597634576744e-05,9.525597634576744e-05,1.0,in,l2sq,7063.204849243164
2026-05-15T11:53:16.088734,292,312449,31.135612453085503,31.135612453085503,50,0.29157608695652176,5.185,0.21,18,19,-0.00247317704524902,0.9216078296303749,0.38973988220095634,0.0007794738534357692,0.0031250001629814506,0.0,0.0,4,9.524168842559545e-05,9.524168842559545e-05,1.0,in,l2sq,7087.862542629242
2026-05-15T11:53:40.027301,293,313590,-10.704157408898277,10.215727522093612,48,0.29375,5.07,0.24,19,19,-0.001941078898380466,0.988130584359169,0.41035840660333633,0.0009619162510716706,0.0003906250058207661,0.0,0.0,4,9.522740241044774e-05,9.522740241044774e-05,1.0,in,l2sq,7111.801098585129
2026-05-15T11:54:05.852831,294,314671,108.63781373678381,108.63781373678381,57,0.296195652173913,5.305,0.29,18,19,-0.003912646480603077,0.9375208914279938,0.40053361654281616,0.0021012232136854436,0.0039062499563442543,0.0,0.0,4,9.521311877622318e-05,9.521311877622318e-05,1.0,in,l2sq,7137.626621723175
2026-05-15T11:54:28.001525,295,315726,44.510352835287414,76.57408328603562,50,0.29293478260869565,5.24,0.27,19,19,-0.0033107531286076797,0.8815445527434349,0.385422732681036,0.0011561643643290542,0.009179687593132257,0.0,0.0,4,9.519407710459912e-05,9.519407710459912e-05,1.0,in,l2sq,7159.775312423706
2026-05-15T11:54:52.533966,296,316749,120.80309169319742,120.80309169319742,60,0.2940217391304348,5.515,0.27,18,19,-0.00202623011718972,0.93701171875,0.40371163934469223,0.00023552606580778956,0.009375000139698386,0.0,0.0,4,9.517979823103053e-05,9.517979823103053e-05,1.0,in,l2sq,7184.307745218277
2026-05-15T11:55:15.352378,297,317833,103.44213119336204,112.12261144327974,64,0.29375,5.67,0.25,19,19,-0.0027039647626224683,0.8919811919331551,0.3688947856426239,0.0023164095632182413,0.005468750008731149,0.0,0.0,4,9.516552173719487e-05,9.516552173719487e-05,1.0,in,l2sq,7207.126172304153
2026-05-15T11:55:48.113262,298,318906,79.14489408644765,79.14489408644765,61,0.29456521739130437,5.62,0.21,19,19,-0.002725211757933721,0.9410217553377151,0.37055734544992447,0.00012759333167189357,0.0031250000465661287,0.0,0.0,4,9.514648958450263e-05,9.514648958450263e-05,1.0,in,l2sq,7239.886801242828
2026-05-15T11:56:09.223461,299,319913,112.21106313373382,95.67797861009073,71,0.3016304347826087,5.495,0.2,19,19,-0.003446264541707933,0.9359965324401855,0.377273865044117,0.002720612895336677,0.008984374930150807,0.0,0.0,4,9.513221784894308e-05,9.513221784894308e-05,1.0,in,l2sq,7260.997224330902
2026-05-15T11:56:42.791524,300,320946,2.3839120074383535,2.3839120074383535,54,0.30081521739130435,5.295,0.22,19,19,-0.002180669854715156,0.9653469920158386,0.4070201702415943,1.8625219718154673e-05,0.005273437709547579,0.0,0.0,4,9.511794849192684e-05,9.511794849192684e-05,1.0,in,l2sq,7294.565332889557
2026-05-15T11:57:05.146483,301,322011,86.66489268910614,44.52440234827225,63,0.30190217391304347,5.16,0.22,19,19,-0.003088107728399403,0.8503158465027809,0.40228674188256264,0.0005092251323275954,0.0031250001629814506,0.0,0.0,4,9.509892585340794e-05,9.509892585340794e-05,1.0,in,l2sq,7316.919771432877
2026-05-15T11:57:36.701094,302,323017,83.66518208255356,83.66518208255356,65,0.30733695652173915,5.08,0.24,19,19,-0.002939754707040443,0.9503144770860672,0.3566768541932106,0.0019478425005217959,0.0015625000232830644,0.0,0.0,4,9.508466125228913e-05,9.508466125228913e-05,1.0,in,l2sq,7348.474726438522
2026-05-15T11:57:57.727460,303,324048,33.56873662727555,58.616959354914556,54,0.3076086956521739,5.11,0.25,19,19,-0.0027836613517138176,0.8874634206295013,0.37583183869719505,0.0007329678841870302,0.0060546875320142135,0.0,0.0,4,9.50703990285246e-05,9.50703990285246e-05,1.0,in,l2sq,7369.501247882843
2026-05-15T11:58:20.233409,304,325010,77.35447591597071,77.35447591597071,62,0.30978260869565216,5.025,0.23,18,19,-0.0020638779416912723,0.9600552767515182,0.3680669814348221,1.4159279999148566e-05,0.003906250145519152,0.0,0.0,4,9.50561387063582e-05,9.50561387063582e-05,1.0,in,l2sq,7392.007186174393
2026-05-15T11:58:40.538773,305,326030,42.04326829738892,59.698872106679815,51,0.3076086956521739,4.965,0.24,19,19,-0.0029871188660763603,0.9535927176475525,0.36508119851350784,0.0014730823581203811,0.00527343743306119,0.0,0.0,4,9.504188076083295e-05,9.504188076083295e-05,1.0,in,l2sq,7412.312581539154
2026-05-15T11:59:04.270373,306,327077,64.74516535719711,64.74516535719711,60,0.31005434782608693,5.25,0.21,17,19,-0.0022669248690362354,0.9029516205191612,0.3691975548863411,0.0017905739841353671,0.0003906250058207661,0.0,0.0,4,9.502287333509959e-05,9.502287333509959e-05,1.0,in,l2sq,7436.044193029404
2026-05-15T11:59:25.243956,307,328146,79.4772018540227,72.11118360560991,62,0.3119565217391304,5.235,0.18,19,19,-0.001742765386006817,0.9357559382915497,0.37347543239593506,0.0012162299827650769,0.0,0.0,0.0,4,9.500862014166839e-05,9.500862014166839e-05,1.0,in,l2sq,7457.017701864243
2026-05-15T11:59:48.623868,308,329187,104.89308545565841,104.89308545565841,63,0.3144021739130435,5.47,0.16,18,19,-0.0035792875802145296,0.9565962553024292,0.3657549060881138,0.002191343259983103,0.005273437505820766,0.0,0.0,4,9.499436932369023e-05,9.499436932369023e-05,1.0,in,l2sq,7480.397698402405
2026-05-15T12:00:08.516599,309,330202,72.06308428402971,88.47808486984405,55,0.3141304347826087,5.475,0.18,19,19,-0.002562689117621808,0.9121585935354233,0.3656328395009041,0.00016448641990784996,0.0042968750931322575,0.0,0.0,4,9.498012040578948e-05,9.498012040578948e-05,1.0,in,l2sq,7500.29034113884
2026-05-15T12:00:32.661317,310,331280,3.1628586539673726,3.1628586539673726,51,0.3144021739130435,5.625,0.2,17,19,-0.002749613690684799,0.8957750648260117,0.37260088697075844,0.001076185224610532,0.007617187759024091,0.0,0.0,4,9.496587386262923e-05,9.496587386262923e-05,1.0,in,l2sq,7524.435129165649
2026-05-15T12:00:53.906041,311,332362,3.5258023140005723,3.3443304839839723,45,0.3114130434782609,5.575,0.18,19,19,-0.0025773801462491974,0.9355218783020973,0.35853111743927,0.0015757697176923546,0.003906250058207661,0.0,0.0,4,9.494688163751543e-05,9.494688163751543e-05,1.0,in,l2sq,7545.679832935333
2026-05-15T12:01:24.831987,312,333408,72.97852799511182,72.97852799511182,61,0.3144021739130435,5.61,0.22,19,19,-0.00255292872316204,0.9714740514755249,0.3672146797180176,0.0010543943669290567,0.0003906250058207661,0.0,0.0,4,9.493263984264888e-05,9.493263984264888e-05,1.0,in,l2sq,7576.605711221695
2026-05-15T12:01:45.119296,313,334426,87.94918028091385,80.46385413801283,57,0.3168478260869565,5.435,0.19,19,19,-0.0016591855041042103,0.899940699338913,0.3505490757524967,-0.00023621069067297773,0.0009765625,0.0,0.0,4,9.491840042133567e-05,9.491840042133567e-05,1.0,in,l2sq,7596.89301943779
2026-05-15T12:02:09.212893,314,335467,76.07684577602373,76.07684577602373,55,0.31630434782608696,5.34,0.21,18,19,-0.002642881748033732,0.9102037698030472,0.36322086676955223,-0.0005004662440114549,0.006445312581490725,0.0,0.0,4,9.489941769043542e-05,9.489941769043542e-05,1.0,in,l2sq,7620.986669540405
2026-05-15T12:02:31.079356,315,336563,56.61571443872127,66.34628010737251,53,0.3171195652173913,5.42,0.21,19,19,-0.002468886942369908,0.9064454138278961,0.34564173966646194,-0.00016265943750115586,0.0003906250058207661,0.0,0.0,4,9.488518301504226e-05,9.488518301504226e-05,1.0,in,l2sq,7642.85308265686
2026-05-15T12:02:55.014084,316,337614,95.74086704805714,95.74086704805714,63,0.3179347826086957,5.23,0.2,18,19,-0.0036729373183332914,0.927468828856945,0.3580130338668823,0.0012008698901809223,0.004296875049476512,0.0,0.0,4,9.487095071201591e-05,9.487095071201591e-05,1.0,in,l2sq,7666.787873268127
2026-05-15T12:03:16.501253,317,338690,8.904502932034172,52.32268499004566,49,0.3138586956521739,5.22,0.17,19,19,-0.002401205220303404,0.8773910328745842,0.35695257782936096,-0.0004424282755280673,0.002929687616415322,0.0,0.0,4,9.485197747058303e-05,9.485197747058303e-05,1.0,in,l2sq,7688.275001049042
2026-05-15T12:03:41.373789,318,339785,65.37388892835106,65.37388892835106,58,0.3130434782608696,5.36,0.17,16,19,-0.0035075977153610216,0.853484645485878,0.36804472655057907,-0.0006083526989641708,0.0023437500931322575,0.0,0.0,4,9.483774991110424e-05,9.483774991110424e-05,1.0,in,l2sq,7713.147587299347
2026-05-15T12:04:02.432700,319,340841,111.54108783002182,88.45748837918644,61,0.31032608695652175,5.495,0.2,19,19,-0.00242142551578578,0.9102450236678123,0.3414442166686058,0.0007080371698066218,0.0025390625960426405,0.0,0.0,4,9.482352472280631e-05,9.482352472280631e-05,1.0,in,l2sq,7734.206446886063
2026-05-15T12:04:25.944272,320,341871,60.65436111812763,60.65436111812763,60,0.3119565217391304,5.545,0.25,17,19,-0.0021109239519319367,0.9006151109933853,0.3582856059074402,0.001667118938667045,0.004296875282307155,0.0,0.0,4,9.480456096609702e-05,9.480456096609702e-05,1.0,in,l2sq,7757.718068122864
2026-05-15T12:04:46.653880,321,342914,30.04114502087458,45.34775306950111,47,0.3076086956521739,5.38,0.23,19,19,-0.0028541281702928467,0.9818865656852722,0.35297803580760956,0.000457313934384751,0.0015625000232830644,0.0,0.0,4,9.479034051897535e-05,9.479034051897535e-05,1.0,in,l2sq,7778.427683353424
2026-05-15T12:05:10.377025,322,343948,37.45261453734551,37.45261453734551,56,0.30516304347826084,5.41,0.24,17,19,-0.0023773563836583245,0.9592095166444778,0.36351998895406723,0.0026480808313180896,0.004687499982537702,0.0,0.0,4,9.477612244184922e-05,9.477612244184922e-05,1.0,in,l2sq,7802.150821685791
2026-05-15T12:05:31.471187,323,345007,54.747589786670844,46.10010216200818,58,0.30625,5.43,0.27,19,19,-0.0033139274164568633,0.9534694999456406,0.36287108436226845,0.0013588846771540597,0.007421875256113708,0.0,0.0,4,9.475716816512207e-05,9.475716816512207e-05,1.0,in,l2sq,7823.244988203049
2026-05-15T12:05:54.879980,324,346031,45.65917417612155,45.65917417612155,59,0.30543478260869567,5.42,0.25,15,19,-0.003982356295455292,0.9102153927087784,0.3406488746404648,0.006077434331746193,0.03164062631549314,0.0,0.0,4,9.474295482680208e-05,9.474295482680208e-05,1.0,in,l2sq,7846.653802156448
2026-05-15T12:06:15.295582,325,347055,81.9399224189294,63.799548297525476,61,0.3081521739130435,5.33,0.25,19,19,-0.0028239097562617888,0.9358512535691261,0.3434689901769161,0.0005903192063215074,0.002539062494179234,0.0,0.0,4,9.472874385729282e-05,9.472874385729282e-05,1.0,in,l2sq,7867.069389104843
2026-05-15T12:06:39.511053,326,348119,-7.810923168493024,-7.810923168493024,45,0.3040760869565217,5.33,0.25,15,19,-0.0022290826542303854,0.8996903598308563,0.3366304114460945,0.0015379188030237856,0.004296875151339918,0.0,0.0,4,9.471453478254795e-05,9.471453478254795e-05,1.0,in,l2sq,7891.284856557846
2026-05-15T12:07:00.259678,327,349160,101.76292898310462,46.9760029073058,68,0.30570652173913043,5.395,0.32,19,19,-0.0020770882183568373,0.8946595340967178,0.3499637506902218,3.418490289277404e-05,0.0011718750465661287,0.0,0.0,4,9.470032807590323e-05,9.470032807590323e-05,1.0,in,l2sq,7912.033481121063
2026-05-15T12:07:23.996759,328,350201,80.48014041563604,80.48014041563604,65,0.30625,5.325,0.26,16,19,-0.002979933109600097,0.8875312432646751,0.35318614169955254,0.0017049260797421147,0.0019531250291038305,0.0,0.0,4,9.468138895729134e-05,9.468138895729134e-05,1.0,in,l2sq,7935.77055811882
2026-05-15T12:07:44.377220,329,351225,72.60181490816164,76.54097766189884,51,0.30516304347826084,5.46,0.22,19,19,-0.0018483862048015443,0.9897338002920151,0.3553067818284035,-0.0006017992713168718,0.0023437500349245965,0.0,0.0,4,9.466718698566304e-05,9.466718698566304e-05,1.0,in,l2sq,7956.151015520096
2026-05-15T12:08:08.098609,330,352263,118.28873465375828,118.28873465375828,66,0.3092391304347826,5.42,0.19,16,19,-0.003093471076135723,0.9007468149065971,0.36603087931871414,0.0008749704092679209,0.003320312505820766,0.0,0.0,4,9.465298738095113e-05,9.465298738095113e-05,1.0,in,l2sq,7979.872439861298
2026-05-15T12:08:29.118991,331,353321,43.58578024058523,80.93725744717176,46,0.3095108695652174,5.3,0.25,19,19,-0.0031402618697028983,0.9149786978960037,0.3535641096532345,-4.042749787942779e-06,0.0023437499767169356,0.0,0.0,4,9.463405773000482e-05,9.463405773000482e-05,1.0,in,l2sq,8000.892745733261
2026-05-15T12:08:52.787557,332,354358,66.02419756673996,66.02419756673996,67,0.3111413043478261,5.39,0.27,15,19,-0.002721905783983125,0.9756578654050827,0.341081365942955,0.0003260771658460948,0.0007812500116415322,0.0,0.0,4,9.461986285794229e-05,9.461986285794229e-05,1.0,in,l2sq,8024.561375141144
2026-05-15T12:09:13.547265,333,355399,20.005803987527692,43.01500077713382,50,0.3092391304347826,5.355,0.29,19,19,-0.002285601996118214,0.9194948002696037,0.3520009219646454,0.000796982896372353,0.008007812502910383,0.0,0.0,4,9.460567035161292e-05,9.460567035161292e-05,1.0,in,l2sq,8045.32101726532
2026-05-15T12:09:37.900921,334,356472,13.726203069964852,13.726203069964852,52,0.30842391304347827,5.545,0.34,16,19,-0.0031276911846361832,1.0285999774932861,0.36987653374671936,-0.0018926738686787514,0.014453124953433871,0.0,0.0,4,9.459147973758618e-05,9.459147973758618e-05,1.0,in,l2sq,8069.674742698669
2026-05-15T12:09:57.835286,335,357475,31.600212122460032,22.66320759621244,47,0.30679347826086956,5.38,0.32,19,19,-0.002313426475302527,0.9183533489704132,0.35953136906027794,0.00041563570048314125,0.0058593750291038305,0.0,0.0,4,9.457729148858294e-05,9.457729148858294e-05,1.0,in,l2sq,8089.609095335007
2026-05-15T12:10:22.165621,336,358534,72.7225940162016,72.7225940162016,59,0.30570652173913043,5.385,0.32,16,19,-0.0028847064560976188,0.9435078054666519,0.3441813252866268,-0.0005335757054126811,0.001367187505820766,0.0,0.0,4,9.455837697605816e-05,9.455837697605816e-05,1.0,in,l2sq,8113.939420461655
2026-05-15T12:10:43.298189,337,359598,75.0497375793405,73.88616579777104,56,0.3076086956521739,5.485,0.28,19,19,-0.0029922485293354395,0.901670828461647,0.3634144142270088,0.0022906541364137167,0.004296875151339918,0.0,0.0,4,9.45441934559195e-05,9.45441934559195e-05,1.0,in,l2sq,8135.072008609772
2026-05-15T12:11:08.029700,338,360684,69.76024889314657,69.76024889314657,57,0.30733695652173915,5.37,0.18,15,19,-0.002419003868271763,0.9382076039910316,0.3785921186208725,0.0009355862428378665,0.002539062552386895,0.0,0.0,4,9.453001229962207e-05,9.453001229962207e-05,1.0,in,l2sq,8159.80349612236
2026-05-15T12:11:28.331379,339,361706,57.581317206879355,63.67078305001296,52,0.3048913043478261,5.185,0.13,19,19,-0.004306956217624336,0.9312751814723015,0.3592539094388485,0.002157054137933323,0.011718749912688509,0.0,0.0,4,9.451110724246228e-05,9.451110724246228e-05,1.0,in,l2sq,8180.1051688194275
2026-05-15T12:11:52.623605,340,362780,68.53294243118897,68.53294243118897,55,0.3035326086956522,5.245,0.15,17,19,-0.002971442788839318,0.9670382440090179,0.3440624624490738,-0.00042304308535678903,0.013281250139698386,0.0,0.0,4,9.449693081266551e-05,9.449693081266551e-05,1.0,in,l2sq,8204.397436618805
2026-05-15T12:12:13.724099,341,363839,53.162681997728654,60.84781221445881,60,0.3070652173913043,5.065,0.17,19,19,-0.003796695225173563,0.9526077061891556,0.35532040521502495,0.0005957219945685321,0.013867187924915925,0.0,0.0,4,9.448275674552826e-05,9.448275674552826e-05,1.0,in,l2sq,8225.49787402153
2026-05-15T12:12:37.683826,342,364892,37.80372502011787,37.80372502011787,47,0.3046195652173913,5.125,0.26,16,19,-0.003532192111015353,0.9248190447688103,0.3535468466579914,0.0019444185949168968,0.010546874982537702,0.0,0.0,4,9.446386113900672e-05,9.446386113900672e-05,1.0,in,l2sq,8249.457656383514
2026-05-15T12:13:00.394007,343,366031,-3.22867896472926,17.287523027694302,51,0.3027173913043478,5.22,0.34,19,19,-0.0007832050527212253,0.9329802244901657,0.36090458929538727,0.00048733527619337913,0.0003906250058207661,0.0,0.0,4,9.444969179600734e-05,9.444969179600734e-05,1.0,in,l2sq,8272.167793750763
2026-05-15T12:13:25.262815,344,367128,15.537844214796849,15.537844214796849,46,0.29918478260869563,5.21,0.29,16,19,-0.002319805706065381,0.8772122859954834,0.35163335874676704,0.0004763660591379226,0.0007812500116415322,0.0,0.0,4,9.443552481448638e-05,9.443552481448638e-05,1.0,in,l2sq,8297.036645889282
2026-05-15T12:13:46.647046,345,368203,95.78975001302835,55.6637971139126,66,0.3005434782608696,5.415,0.34,19,19,-0.0033852906170067643,0.9866876527667046,0.3661649487912655,0.0014949941857480692,0.004101562459254637,0.0,0.0,4,9.441663865387875e-05,9.441663865387875e-05,1.0,in,l2sq,8318.420792341232
2026-05-15T12:14:09.532219,346,369206,67.23502878283195,67.23502878283195,45,0.3005434782608696,5.24,0.26,17,19,-0.002921652316581369,0.8317970037460327,0.34784402698278427,0.00124034152286185,0.018750000279396772,0.0,0.0,4,9.440247639413407e-05,9.440247639413407e-05,1.0,in,l2sq,8341.306052923203
2026-05-15T12:14:31.165941,347,370291,81.34889993765682,74.29196436024438,58,0.29782608695652174,5.34,0.25,19,19,-0.003436397475888961,0.9025237336754799,0.3601249009370804,0.001233468267446372,0.011523437831783667,0.0,0.0,4,9.438831649468733e-05,9.438831649468733e-05,1.0,in,l2sq,8362.939690351486
2026-05-15T12:15:02.583285,348,371347,69.51605407178639,69.51605407178639,55,0.2951086956521739,5.585,0.23,20,20,-0.003321190992573997,0.8799395188689232,0.34770484641194344,0.001997082389175342,0.01660156241268851,0.0,0.0,4,9.436943977527156e-05,9.436943977527156e-05,1.0,in,l2sq,8394.356899738312
2026-05-15T12:15:22.958428,349,372371,48.61316468431281,59.064609378049596,59,0.29728260869565215,5.58,0.18,20,20,-0.003325200220569924,0.8705445230007172,0.369919128715992,0.00046603264763689367,0.024218750651925802,0.0,0.0,4,9.435528459524067e-05,9.435528459524067e-05,1.0,in,l2sq,8414.732231140137
2026-05-15T12:15:56.502666,350,373412,84.0541412350931,84.0541412350931,49,0.2926630434782609,5.67,0.21,20,20,-0.002819119268679088,0.800452321767807,0.3395496644079685,0.0013322446157417178,0.002734375069849193,0.0,0.0,4,9.434113177432782e-05,9.434113177432782e-05,1.0,in,l2sq,8448.276441812515
2026-05-15T12:16:17.458036,351,374463,74.2672594199799,79.16070032753649,54,0.29483695652173914,5.425,0.2,20,20,-0.002897901885444476,0.9370732456445694,0.32911185920238495,0.0011866804466990274,0.006250000180443749,0.0,0.0,4,9.432226449138426e-05,9.432226449138426e-05,1.0,in,l2sq,8469.231847286224
2026-05-15T12:16:41.470650,352,375525,48.96018350838346,48.96018350838346,63,0.29375,5.44,0.21,19,20,-0.002237240329850454,0.894026905298233,0.3189348727464676,0.000493613359367373,0.0015625000232830644,0.0,0.0,4,9.4308116387528e-05,9.4308116387528e-05,1.0,in,l2sq,8493.244439601898
2026-05-15T12:17:02.741217,353,376591,102.63111369009289,75.79564859923818,65,0.29782608695652174,5.425,0.17,20,20,-0.0029301338188816306,0.8727518767118454,0.3272057846188545,0.0020480052717175568,0.005273437505820766,0.0,0.0,4,9.429397064161045e-05,9.429397064161045e-05,1.0,in,l2sq,8514.515031337738
2026-05-15T12:17:26.804467,354,377652,40.03228735172972,40.03228735172972,54,0.29836956521739133,5.39,0.18,19,20,-0.0030177090986398536,0.8606969565153122,0.34783224016427994,0.0011788780660935971,0.00937500000873115,0.0,0.0,4,9.427511279042183e-05,9.427511279042183e-05,1.0,in,l2sq,8538.578266143799
2026-05-15T12:17:47.202891,355,378681,73.9238168360862,56.97805209390796,55,0.3005434782608696,5.4,0.17,20,20,-0.0028479605680331588,0.9136162549257278,0.3135928735136986,0.0011788224482189857,0.0011718750465661287,0.0,0.0,4,9.426097175920285e-05,9.426097175920285e-05,1.0,in,l2sq,8558.976647853851
2026-05-15T12:18:09.563136,356,379657,113.20341396594776,113.20341396594776,62,0.30135869565217394,5.315,0.12,18,20,-0.0025472410183283722,0.8916541039943695,0.3387725092470646,-0.0002588926014141235,0.006640625113504939,0.0,0.0,4,9.424683308474383e-05,9.424683308474383e-05,1.0,in,l2sq,8581.336961984634
2026-05-15T12:18:30.643401,357,380719,129.58525282518792,121.39433339556784,62,0.3029891304347826,5.45,0.15,20,20,-0.003553444216959356,0.9338839501142502,0.3408312499523163,-5.4110022574604955e-05,0.0015625000232830644,0.0,0.0,4,9.423269629540998e-05,9.423269629540998e-05,1.0,in,l2sq,8602.417141199112
2026-05-15T12:18:53.516543,358,381717,115.31783089315884,115.31783089315884,64,0.3048913043478261,5.455,0.2,16,20,-0.0024658233538504826,0.8652915358543396,0.3289053775370121,0.002218597963337742,0.005664062569849193,0.0,0.0,4,9.421856186212914e-05,9.421856186212914e-05,1.0,in,l2sq,8625.290363550186
2026-05-15T12:19:15.357190,359,382812,89.48135491969194,102.3995929064254,64,0.3081521739130435,5.565,0.19,20,20,-0.003079767504823361,0.9676450863480568,0.32131384685635567,0.001872312677187446,0.009179687942378223,0.0,0.0,4,9.419971909194235e-05,9.419971909194235e-05,1.0,in,l2sq,8647.13099861145
2026-05-15T12:19:38.450646,360,383822,110.27681954527874,110.27681954527874,60,0.3095108695652174,5.23,0.17,16,20,-0.002107563684694558,1.0119125843048096,0.3636753782629967,0.0006672282699583532,0.0003906250058207661,0.0,0.0,4,9.418558936958962e-05,9.418558936958962e-05,1.0,in,l2sq,8670.224444150925
2026-05-15T12:19:59.331122,361,384869,55.26176847501075,82.76929401014475,56,0.30842391304347827,5.17,0.15,20,20,-0.003399545731372189,0.8967109471559525,0.3367406763136387,0.001609369487050566,0.002734375055297278,0.0,0.0,4,9.417146200211213e-05,9.417146200211213e-05,1.0,in,l2sq,8691.104913949966
2026-05-15T12:20:23.957159,362,385950,82.66031377645814,82.66031377645814,53,0.31005434782608693,5.33,0.17,16,20,-0.005015868868213147,0.9333519786596298,0.32032324373722076,0.0016822680903715581,0.020117188061703928,0.0,0.0,4,9.415262865142633e-05,9.415262865142633e-05,1.0,in,l2sq,8715.730965137482
2026-05-15T12:20:45.440578,363,387030,22.395670190311783,52.527991983384965,47,0.3089673913043478,5.33,0.18,20,20,-0.0032437556888909036,0.9283375591039658,0.33122099190950394,0.001189203205649414,0.04804687725845724,0.0,0.0,4,9.413850599252196e-05,9.413850599252196e-05,1.0,in,l2sq,8737.214374303818
2026-05-15T12:21:10.213556,364,388125,121.52582236339877,121.52582236339877,64,0.3138586956521739,5.46,0.19,17,20,-0.0035572022898122113,0.9334183931350708,0.35471707582473755,0.0024066551574833395,0.008789062791038305,0.0,0.0,4,9.412438568731562e-05,9.412438568731562e-05,1.0,in,l2sq,8761.987369775772
2026-05-15T12:21:30.823440,365,389161,134.61342220712692,128.06962228526285,70,0.31494565217391307,5.29,0.21,20,20,-0.0036663667749963214,0.8784491792321205,0.33103085681796074,0.0013007575722213116,0.011914062430150807,0.0,0.0,4,9.4105561751422e-05,9.4105561751422e-05,1.0,in,l2sq,8782.597207546234
2026-05-15T12:21:55.675552,366,390261,116.96991958467902,116.96991958467902,62,0.31956521739130433,5.37,0.21,16,20,-0.0007579877914395405,0.8946549594402313,0.3283989354968071,0.0008160815254996123,0.0007812500116415322,0.0,0.0,4,9.409144615243496e-05,9.409144615243496e-05,1.0,in,l2sq,8807.449386358261
2026-05-15T12:22:16.119810,367,391285,114.60529038944583,115.78760498706242,58,0.31956521739130433,5.24,0.16,20,20,-0.0030613325667218083,0.9384978637099266,0.33010445162653923,0.0006586834495919958,0.0056640625989530236,0.0,0.0,4,9.407733290596931e-05,9.407733290596931e-05,1.0,in,l2sq,8827.846138715744
2026-05-15T12:22:40.999369,368,392382,42.163072886444425,42.163072886444425,63,0.3217391304347826,5.43,0.21,16,20,-0.0031668640905991308,0.849702388048172,0.3589543551206589,0.0011923209863425877,0.008007812881260179,0.0,0.0,4,9.405851838016145e-05,9.405851838016145e-05,1.0,in,l2sq,8852.773173570633
2026-05-15T12:23:01.979549,369,393438,123.17872936895967,82.67090112770205,65,0.3233695652173913,5.36,0.18,20,20,-0.001996228157077007,1.0226291418075562,0.358831524848938,0.0015307035048863216,0.0054687499068677425,0.0,0.0,4,9.404440983756248e-05,9.404440983756248e-05,1.0,in,l2sq,8873.75333738327
2026-05-15T12:23:26.430166,370,394516,-9.426480329523663,-9.426480329523663,51,0.3239130434782609,5.445,0.23,18,20,-0.002786980418022722,0.9025127217173576,0.35176293924450874,0.0016003045595880394,0.003320312622236088,0.0,0.0,4,9.40303036463089e-05,9.40303036463089e-05,1.0,in,l2sq,8898.203999757767
2026-05-15T12:23:46.202009,371,395512,117.5178248785807,54.04567227452851,62,0.32608695652173914,5.4,0.28,20,20,-0.0031293242995161785,1.0026529282331467,0.3433665633201599,0.0008995375326776578,0.00703125010477379,0.0,0.0,4,9.401619933584946e-05,9.401619933584946e-05,1.0,in,l2sq,8917.97575211525
2026-05-15T12:24:09.756260,372,396546,78.31388306176393,78.31388306176393,57,0.3244565217391304,5.335,0.24,18,20,-0.0020430662319995962,0.9353004544973373,0.33389680087566376,0.0005244571143521171,0.005468750125146471,0.0,0.0,4,9.400209737603009e-05,9.400209737603009e-05,1.0,in,l2sq,8941.53009223938
2026-05-15T12:24:29.888602,373,397559,93.35476053110249,85.83432179643322,58,0.32255434782608694,5.155,0.17,20,20,-0.003266890972736247,0.9283723458647728,0.3396165333688259,-0.00019382559935363086,0.00898437510477379,0.0,0.0,4,9.398329789657585e-05,9.398329789657585e-05,1.0,in,l2sq,8961.66235113144
2026-05-15T12:24:54.676879,374,398657,77.68877318942774,77.68877318942774,67,0.32608695652173914,5.27,0.21,18,20,-0.0020498217025305965,0.9488329589366913,0.3351442888379097,0.0010271555721373948,0.0019531250291038305,0.0,0.0,4,9.396920063686137e-05,9.396920063686137e-05,1.0,in,l2sq,8986.45070362091
2026-05-15T12:25:15.479243,375,399703,6.711911230856948,42.20034221014234,51,0.325,5.175,0.16,20,20,-0.0031928286131006067,0.8968907967209816,0.34981949627399445,-0.0012079931167136154,0.010937500192085281,0.0,0.0,4,9.395510572661184e-05,9.395510572661184e-05,1.0,in,l2sq,9007.253049135208
2026-05-15T12:25:39.574937,376,400768,157.45779246224458,157.45779246224458,59,0.32418478260869565,5.41,0.22,18,20,-0.002979172131745089,0.9280844256281853,0.33758527785539627,0.0023893489339911686,0.009960937779396772,0.0,0.0,4,9.393631564501756e-05,9.393631564501756e-05,1.0,in,l2sq,9031.348732471466
2026-05-15T12:26:00.301883,377,401813,81.02567630631951,119.24173438428204,58,0.32309782608695653,5.55,0.22,20,20,-0.0035655156127176735,0.9110690951347351,0.3622209131717682,0.000981128764215189,0.011718750232830644,0.0,0.0,4,9.392222543252334e-05,9.392222543252334e-05,1.0,in,l2sq,9052.075696468353
2026-05-15T12:26:24.720266,378,402890,126.29944076727811,126.29944076727811,64,0.32309782608695653,5.595,0.24,17,20,-0.003115418078959875,0.9587673544883728,0.32844843342900276,0.0016562318930027683,0.0066406250989530236,0.0,0.0,4,9.390813756831958e-05,9.390813756831958e-05,1.0,in,l2sq,9076.494039535522
2026-05-15T12:26:45.445272,379,403931,60.09109685641751,93.19526881184781,49,0.3190217391304348,5.555,0.22,20,20,-0.002116820247465623,0.9167165458202362,0.34885821491479874,0.0012109967951289512,0.00019531250291038305,0.0,0.0,4,9.388935687988729e-05,9.388935687988729e-05,1.0,in,l2sq,9097.219063997269
2026-05-15T12:27:08.985298,380,404967,35.16836915156474,35.16836915156474,54,0.3173913043478261,5.495,0.22,18,20,-0.0011567622594155225,0.9164400696754456,0.32020748406648636,0.001659585371453387,0.0027343749534338713,0.0,0.0,4,9.387527371109043e-05,9.387527371109043e-05,1.0,in,l2sq,9120.759130716324
2026-05-15T12:27:29.967031,381,406021,27.594675768161572,31.381522459863156,47,0.31494565217391307,5.465,0.2,20,20,-0.002008769700478308,0.858007401227951,0.3291652388870716,0.0005858147286744719,0.0005859375087311491,0.0,0.0,4,9.386119288941013e-05,9.386119288941013e-05,1.0,in,l2sq,9141.74080491066
2026-05-15T12:27:53.884370,382,407077,122.81721488022292,122.81721488022292,61,0.3171195652173913,5.595,0.17,18,20,-0.003675179334823031,0.9719202890992165,0.3273734375834465,0.0022136420599508932,0.0087890625,0.0,0.0,4,9.38424215894442e-05,9.38424215894442e-05,1.0,in,l2sq,9165.658175230026
2026-05-15T12:28:15.255085,383,408152,113.87480152665567,118.3460082034393,67,0.32255434782608694,5.57,0.13,20,20,-0.002604124048957601,0.8479417115449905,0.31621070206165314,0.002042645765777708,0.0050781251629814506,0.0,0.0,4,9.382834546082356e-05,9.382834546082356e-05,1.0,in,l2sq,9187.028897285461
2026-05-15T12:28:37.599448,384,409131,73.51035107072677,73.51035107072677,58,0.3209239130434783,5.43,0.11,18,20,-0.0026801817468368183,0.8988219350576401,0.31402746215462685,-0.00041032841863852115,0.0009765625291038305,0.0,0.0,4,9.381427167814616e-05,9.381427167814616e-05,1.0,in,l2sq,9209.37326669693
2026-05-15T12:28:58.397994,385,410179,55.39877680541054,64.45456393806866,52,0.3160326086956522,5.48,0.15,20,20,-0.002905613189795986,0.9146888554096222,0.3110319525003433,0.0016650655557896021,0.0011718750465661287,0.0,0.0,4,9.380019977194186e-05,9.380019977194186e-05,1.0,in,l2sq,9230.171779632568
2026-05-15T12:29:22.487539,386,411243,116.92019874231745,116.92019874231745,63,0.31630434782608696,5.455,0.22,18,20,-0.0027718868106602623,0.8608111888170242,0.31961604207754135,0.001472166120993261,0.007812500378349796,0.0,0.0,4,9.378613021097706e-05,9.378613021097706e-05,1.0,in,l2sq,9254.261358737946
2026-05-15T12:29:42.865640,387,412266,103.57897607037643,110.24958740634693,61,0.3171195652173913,5.45,0.24,20,20,-0.0024557378768803595,0.9316265657544136,0.3223424553871155,0.0010435368769321912,0.001757812569849193,0.0,0.0,4,9.376737392279618e-05,9.376737392279618e-05,1.0,in,l2sq,9274.639380216599
2026-05-15T12:30:06.968694,388,413326,91.02639199396948,91.02639199396948,61,0.31657608695652173,5.46,0.3,16,20,-0.001911280397325743,0.9233107417821884,0.3093610480427742,0.0016691706402980344,0.0011718750465661287,0.0,0.0,4,9.375330905113792e-05,9.375330905113792e-05,1.0,in,l2sq,9298.742526769638
2026-05-15T12:30:27.630999,389,414362,101.8408104769487,96.4336012354591,62,0.3157608695652174,5.165,0.25,20,20,-0.002926789131015517,0.9513877555727959,0.32311393320560455,0.0007661886509595208,0.0025390625814907253,0.0,0.0,4,9.37392465235468e-05,9.37392465235468e-05,1.0,in,l2sq,9319.404751300812
2026-05-15T12:30:51.736985,390,415427,49.79442303869595,49.79442303869595,56,0.3171195652173913,5.17,0.26,18,20,-0.003469425069488302,0.9111605137586594,0.31867799907922745,0.002200255649040625,0.010156250093132257,0.0,0.0,4,9.372049961163455e-05,9.372049961163455e-05,1.0,in,l2sq,9343.510799646378
2026-05-15T12:31:12.224336,391,416458,69.40629452838982,59.60035878354289,59,0.31630434782608696,5.155,0.25,20,20,-0.002626552392030135,0.9278405159711838,0.32953450828790665,-0.00010257700523652602,0.006640625302679837,0.0,0.0,4,9.370644177100576e-05,9.370644177100576e-05,1.0,in,l2sq,9363.998143434525
2026-05-15T12:31:35.386998,392,417476,48.079203593288575,48.079203593288575,54,0.3154891304347826,5.135,0.22,19,20,-0.0029640688095241563,0.8424645140767097,0.30743373930454254,0.0013900953282927897,0.007812500116415322,0.0,0.0,4,9.369238627327233e-05,9.369238627327233e-05,1.0,in,l2sq,9387.160797595978
2026-05-15T12:31:55.332097,393,418480,47.01284402783189,47.54602381056023,54,0.3144021739130435,5.005,0.16,20,20,-0.002120040367299403,0.9619533717632294,0.3206758052110672,0.0009836579307375137,0.0003906250058207661,0.0,0.0,4,9.367833264957402e-05,9.367833264957402e-05,1.0,in,l2sq,9407.105914831161
2026-05-15T12:32:18.644983,394,419507,73.15854629904265,73.15854629904265,56,0.3114130434782609,5.11,0.13,19,20,-0.003071979482774545,0.9006548523902893,0.3273937925696373,0.0012937864466152846,0.009375000052386895,0.0,0.0,4,9.366428136806825e-05,9.366428136806825e-05,1.0,in,l2sq,9430.418814182281
2026-05-15T12:32:39.525316,395,420555,136.4100285596598,104.78428742935122,66,0.3154891304347826,5.155,0.14,20,20,-0.003098806392517861,0.8917965888977051,0.3146512918174267,0.0018489673785097582,0.004492187581490725,0.0,0.0,4,9.364554944843746e-05,9.364554944843746e-05,1.0,in,l2sq,9451.299055814743
2026-05-15T12:33:03.107275,396,421596,170.7034908258243,170.7034908258243,69,0.31820652173913044,5.455,0.21,19,20,-0.0018942982540466335,0.865207850933075,0.3085693493485451,0.00016014148673093587,0.0015625000232830644,0.0,0.0,4,9.363150285014577e-05,9.363150285014577e-05,1.0,in,l2sq,9474.881092071533
2026-05-15T12:33:24.547138,397,422664,109.2177447024035,139.9606177641139,67,0.32065217391304346,5.47,0.2,20,20,-0.0019328879759995532,0.8982215896248817,0.2928583547472954,0.001425927686477724,0.004101562546566129,0.0,0.0,4,9.361745859287577e-05,9.361745859287577e-05,1.0,in,l2sq,9496.32089805603
2026-05-15T12:33:48.622349,398,423727,141.98401992258908,141.98401992258908,69,0.3220108695652174,5.58,0.22,19,20,-0.0028712725747026546,0.8909043371677399,0.3277013935148716,-0.0006511726854796784,0.0015625000087311491,0.0,0.0,4,9.35987360373318e-05,9.35987360373318e-05,1.0,in,l2sq,9520.3961455822
2026-05-15T12:34:10.264117,399,424814,22.759462865866517,82.3717413942278,52,0.32282608695652176,5.7,0.22,20,20,-0.004844716296065643,0.9594058692455292,0.30250950902700424,0.001180535690013973,0.014062500325962901,0.0,0.0,4,9.358469646093473e-05,9.358469646093473e-05,1.0,in,l2sq,9542.037935256958
2026-05-15T12:34:34.953915,400,425848,30.34494783507519,30.34494783507519,47,0.3209239130434783,5.62,0.19,19,20,-0.003072054812218998,0.890709899365902,0.294809315353632,-6.50247902744816e-06,0.005859375072759576,0.0,0.0,4,9.357065922438908e-05,9.357065922438908e-05,1.0,in,l2sq,9566.727698802948
2026-05-15T12:34:55.047510,401,426860,89.99599839107181,60.1704731130735,63,0.3252717391304348,5.515,0.23,20,20,-0.004613881022669464,0.8522132486104965,0.3216649293899536,0.0029304564617632645,0.016796875279396772,0.0,0.0,4,9.355662385944377e-05,9.355662385944377e-05,1.0,in,l2sq,9586.82131409645
2026-05-15T12:35:26.614360,402,427941,122.56284812641879,122.56284812641879,64,0.32608695652173914,5.56,0.2,20,20,-0.002816998207708976,0.9457308351993561,0.30077066272497177,0.0013428489354964657,0.00664062489522621,0.0,0.0,4,9.354259083364798e-05,9.354259083364798e-05,1.0,in,l2sq,9618.387906074524
2026-05-15T12:35:47.562069,403,428993,57.76001410811378,90.16143111726629,54,0.32255434782608694,5.5,0.2,20,20,-0.002939254269404057,0.9220449477434158,0.32644953578710556,0.001821364211150464,0.011132812593132257,0.0,0.0,4,9.352388325090715e-05,9.352388325090715e-05,1.0,in,l2sq,9639.33587694168
2026-05-15T12:36:11.949153,404,430074,46.56474911101879,46.56474911101879,56,0.3220108695652174,5.685,0.17,19,20,-0.002043928985949517,0.7960590571165085,0.3123970925807953,9.235986171907129e-05,0.007031249930150807,0.0,0.0,4,9.350985490224092e-05,9.350985490224092e-05,1.0,in,l2sq,9663.722986459732
2026-05-15T12:36:32.542935,405,431109,73.33239872957249,59.948573920295644,54,0.32255434782608694,5.515,0.24,20,20,-0.002284213367602095,0.9464883059263229,0.31156834214925766,0.000861551990101378,0.0015624999796273187,0.0,0.0,4,9.349582889155487e-05,9.349582889155487e-05,1.0,in,l2sq,9684.316676855087
2026-05-15T12:36:56.504587,406,432165,66.42897850610039,66.42897850610039,61,0.3220108695652174,5.525,0.38,19,20,-0.0029559613089077397,0.875231146812439,0.31758542731404305,0.0004880083949956454,0.0048828125291038305,0.0,0.0,4,9.347713066073485e-05,9.347713066073485e-05,1.0,in,l2sq,9708.278419494629
2026-05-15T12:37:17.860699,407,433241,30.648423187742445,48.538700846921415,56,0.32065217391304346,5.335,0.42,20,20,-0.0037983194924890995,0.9257727861404419,0.3189897686243057,0.0025860024874420073,0.01484375074505806,0.0,0.0,4,9.346310932484025e-05,9.346310932484025e-05,1.0,in,l2sq,9729.634435892105
2026-05-15T12:37:41.058469,408,434261,162.2705963021617,162.2705963021617,60,0.3203804347826087,5.43,0.38,19,20,-0.0022708967400830726,0.891321025788784,0.3221837840974331,0.000910997641085487,0.0023437500494765118,0.0,0.0,4,9.344909032575708e-05,9.344909032575708e-05,1.0,in,l2sq,9752.832287311554
2026-05-15T12:38:00.670068,409,435249,90.10937884403988,126.18998757310078,57,0.3190217391304348,5.3,0.23,20,20,-0.0028065041376977296,0.9120831787586212,0.3161274380981922,0.0008215662232487486,0.0015625000232830644,0.0,0.0,4,9.343040144218283e-05,9.343040144218283e-05,1.0,in,l2sq,9772.443867444992
2026-05-15T12:38:23.643079,410,436260,125.67081371763591,125.67081371763591,57,0.31929347826086957,5.155,0.23,19,20,-0.0028085224126699337,0.8748667538166046,0.3356201574206352,0.0012879635518401322,0.0015625000232830644,0.0,0.0,4,9.341638711555419e-05,9.341638711555419e-05,1.0,in,l2sq,9795.416878938675
2026-05-15T12:38:44.010048,411,437284,133.87252079627402,129.77166725695497,63,0.3203804347826087,5.32,0.23,20,20,-0.0032919300807408014,0.9444184377789497,0.31533658504486084,0.0009251016719702271,0.013281250081490725,0.0,0.0,4,9.34023751245688e-05,9.34023751245688e-05,1.0,in,l2sq,9815.783846855164
2026-05-15T12:39:08.713855,412,438379,55.98147260016926,55.98147260016926,53,0.3201086956521739,5.35,0.21,19,20,-0.0029120541817975187,0.8938488960266113,0.29901856929063797,0.001208201328631732,0.00507812510477379,0.0,0.0,4,9.338836500181773e-05,9.338836500181773e-05,1.0,in,l2sq,9840.487649202347
2026-05-15T12:39:28.817763,413,439391,124.52521540479343,90.25334400248134,70,0.3244565217391304,5.265,0.19,20,20,-0.004613107620389217,0.8978429809212685,0.31644321605563164,0.002289632157362567,0.009179687607684173,0.0,0.0,4,9.337435721400929e-05,9.337435721400929e-05,1.0,in,l2sq,9860.591559886932
2026-05-15T12:39:52.475215,414,440432,90.42044652626892,90.42044652626892,53,0.32364130434782606,5.21,0.15,18,20,-0.003076049682567694,0.9204453378915787,0.30271175503730774,0.001870930467430254,0.01386718766298145,0.0,0.0,4,9.335568327631006e-05,9.335568327631006e-05,1.0,in,l2sq,9884.249048233032
2026-05-15T12:40:13.967262,415,441507,29.84019263741602,60.13031958184247,52,0.31983695652173916,5.285,0.2,20,20,-0.002192366136296142,0.9859495162963867,0.3005169481039047,-0.00047049201102708493,0.0023437500931322575,0.0,0.0,4,9.334168015721949e-05,9.334168015721949e-05,1.0,in,l2sq,9905.741078853607
2026-05-15T12:40:36.807446,416,442506,68.55114377732302,68.55114377732302,51,0.31494565217391307,5.275,0.18,17,20,-0.003202345836325504,0.894589938223362,0.3171638250350952,0.001306899659857641,0.011328125081490725,0.0,0.0,4,9.332767937190431e-05,9.332767937190431e-05,1.0,in,l2sq,9928.581266403198
2026-05-15T12:40:57.652500,417,443555,173.05762955677994,120.80438666705149,69,0.3154891304347826,5.51,0.16,20,20,-0.0023551788734038903,0.9089282676577568,0.3014265447854996,0.00020570746731313205,0.0011718750320142135,0.0,0.0,4,9.33090147693067e-05,9.33090147693067e-05,1.0,in,l2sq,9949.426303386688
2026-05-15T12:41:21.404180,418,444615,74.18486316310592,74.18486316310592,61,0.31331521739130436,5.51,0.24,19,20,-0.004364723002072246,0.9343612939119339,0.3070160672068596,0.002061991851951439,0.010937499813735485,0.0,0.0,4,9.329501865037552e-05,9.329501865037552e-05,1.0,in,l2sq,9973.178000450134
2026-05-15T12:41:42.680612,419,445695,168.6958187230053,121.4403409430556,75,0.31956521739130433,5.695,0.23,20,20,-0.0036640976613853127,0.8666519373655319,0.3127695843577385,0.002340911915553079,0.005859375116415322,0.0,0.0,4,9.328102486405305e-05,9.328102486405305e-05,1.0,in,l2sq,9994.454423189163
2026-05-15T12:42:07.789051,420,446811,100.14559441110974,100.14559441110974,61,0.3233695652173913,5.8,0.21,19,20,-0.003152608970412918,0.8941449224948883,0.29215873405337334,0.0011323146316954162,0.010351562406867743,0.0,0.0,4,9.32623695918905e-05,9.32623695918905e-05,1.0,in,l2sq,10019.562841653824
2026-05-15T12:42:29.247007,421,447852,125.95254440361501,113.04906940736237,61,0.32282608695652176,5.815,0.14,20,20,-0.004127434699330468,0.8563575148582458,0.30821269005537033,0.002888716763118304,0.01953124991268851,0.0,0.0,4,9.324838046961931e-05,9.324838046961931e-05,1.0,in,l2sq,10041.020817995071
2026-05-15T12:42:54.711153,422,448923,29.90918707463617,29.90918707463617,44,0.3173913043478261,5.71,0.18,18,20,-0.0024626262907986307,0.9698021709918976,0.31622153520584106,0.0008114826825931509,0.001953125,0.0,0.0,4,9.323439367879077e-05,9.323439367879077e-05,1.0,in,l2sq,10066.484917163849
2026-05-15T12:43:15.685233,423,449940,116.93719059667497,73.42318883565557,57,0.31820652173913044,5.815,0.22,20,20,-0.0027660273510263234,0.8979179710149765,0.3005102500319481,0.0016698449171599294,0.003906250072759576,0.0,0.0,4,9.321574773239896e-05,9.321574773239896e-05,1.0,in,l2sq,10087.45899105072
2026-05-15T12:43:40.487996,424,450995,16.434434281028633,16.434434281028633,53,0.3173913043478261,5.64,0.23,18,20,-0.002650433842791289,0.9400856345891953,0.3198668211698532,-0.0012146229128120467,0.004296875151339918,0.0,0.0,4,9.320176560329012e-05,9.320176560329012e-05,1.0,in,l2sq,10112.261828422546
2026-05-15T12:44:02.503359,425,452059,144.68450633291909,80.55947030697386,75,0.32309782608695653,5.605,0.21,20,20,-0.003439766290830537,0.9747553616762161,0.33532074838876724,0.0007339177905122951,0.011914062808500603,0.0,0.0,4,9.318778580445845e-05,9.318778580445845e-05,1.0,in,l2sq,10134.277114152908
2026-05-15T12:44:27.353381,426,453119,62.81271816168201,62.81271816168201,56,0.3217391304347826,5.73,0.23,19,20,-0.00398339928360647,0.8824741542339325,0.3131476640701294,-0.00012361580063496858,0.007031250046566129,0.0,0.0,4,9.31738078695689e-05,9.31738078695689e-05,1.0,in,l2sq,10159.1271879673
2026-05-15T12:44:47.542907,427,454099,156.3921769043901,109.60244753303606,66,0.3244565217391304,5.76,0.23,20,20,-0.0026992630693711828,0.8483907952904701,0.30309244245290756,0.0015169326551017666,0.0023437500785803422,0.0,0.0,4,9.31598322642575e-05,9.31598322642575e-05,1.0,in,l2sq,10179.316714763641
2026-05-15T12:45:11.710596,428,455119,46.80379113525881,46.80379113525881,49,0.3214673913043478,5.735,0.23,17,20,-0.0035305243960465083,0.857084833085537,0.33259092643857,0.0006707126627588655,0.006250000296859071,0.0,0.0,4,9.314120122940297e-05,9.314120122940297e-05,1.0,in,l2sq,10203.48439502716
2026-05-15T12:45:32.066329,429,456110,4.913023768352774,25.858407451805792,45,0.31820652173913044,5.47,0.18,20,20,-0.004676219075918198,0.9111166596412659,0.3235103487968445,0.00217487300587893,0.021875000093132257,0.0,0.0,4,9.312723028208322e-05,9.312723028208322e-05,1.0,in,l2sq,10223.840112447739
2026-05-15T12:45:55.927137,430,457120,78.24417026779304,78.24417026779304,58,0.3184782608695652,5.265,0.15,19,20,-0.0029469916742527885,0.8584860637784004,0.32427532225847244,0.001408167523049994,0.014257812988944352,0.0,0.0,4,9.311326166317705e-05,9.311326166317705e-05,1.0,in,l2sq,10247.700961589813
2026-05-15T12:46:17.716875,431,458177,21.58354150722899,49.91385588751101,51,0.31521739130434784,5.255,0.17,20,20,-0.0020994529448217225,0.8926403373479843,0.32613976299762726,-0.0001748027572830435,0.0035156250232830644,0.0,0.0,4,9.309929490672237e-05,9.309929490672237e-05,1.0,in,l2sq,10269.490624427795
2026-05-15T12:46:42.894620,432,459252,55.240665958180784,55.240665958180784,58,0.31657608695652173,5.17,0.14,19,20,-0.0030851223214997114,0.8994536697864532,0.32190386950969696,-5.8420692732819024e-05,0.004492187668802217,0.0,0.0,4,9.308533047798284e-05,9.308533047798284e-05,1.0,in,l2sq,10294.668447494507
2026-05-15T12:47:04.227741,433,460289,98.26732143919156,76.75399369868617,67,0.3157608695652174,5.155,0.21,20,20,-0.0028880060068331437,0.9388497099280357,0.33167460560798645,0.0027596156505751146,0.007226562491268851,0.0,0.0,4,9.306671434274055e-05,9.306671434274055e-05,1.0,in,l2sq,10316.001487731934
2026-05-15T12:47:29.036879,434,461351,81.07829269124801,81.07829269124801,64,0.31875,5.225,0.24,19,20,-0.005065925547387273,0.8653888404369354,0.3031577616930008,0.0013751511367445235,0.023046874906867743,0.0,0.0,4,9.305275456826756e-05,9.305275456826756e-05,1.0,in,l2sq,10340.810696840286
2026-05-15T12:47:50.263286,435,462381,106.33332332625712,93.70580800875257,56,0.31983695652173916,5.2,0.21,20,20,-0.003183621916105106,0.9703414738178253,0.31623604893684387,0.00047885895846777604,0.008789062732830644,0.0,0.0,4,9.303879712034609e-05,9.303879712034609e-05,1.0,in,l2sq,10362.037083387375
2026-05-15T12:48:15.163854,436,463442,19.339199074059486,19.339199074059486,52,0.3201086956521739,5.205,0.17,18,20,-0.002196280912903581,0.9436808750033379,0.3472215346992016,0.0008692641388279299,0.001757812569849193,0.0,0.0,4,9.302019029131e-05,9.302019029131e-05,1.0,in,l2sq,10386.937651634216
2026-05-15T12:48:36.509553,437,464500,98.55837421656153,58.948786645310506,57,0.3168478260869565,5.37,0.12,20,20,-0.0032961131248157027,0.8733593821525574,0.31362833827733994,0.002133836881034773,0.00820312520954758,0.0,0.0,4,9.30062374953284e-05,9.30062374953284e-05,1.0,in,l2sq,10408.283365011215
2026-05-15T12:49:01.224891,438,465594,57.12581225502218,57.12581225502218,58,0.3160326086956522,5.65,0.13,19,20,-0.003666473174234852,0.9012727960944176,0.32204296067357063,-0.0007530099946052443,0.023437500465661287,0.0,0.0,4,9.29922870247353e-05,9.29922870247353e-05,1.0,in,l2sq,10432.998668193817
2026-05-15T12:49:22.053756,439,466639,61.611719011485405,59.368765633253794,58,0.3114130434782609,5.755,0.21,20,20,-0.0038374256502720083,0.9161912351846695,0.33126621320843697,0.0003393482885713395,0.012890625643194653,0.0,0.0,4,9.297368949725322e-05,9.297368949725322e-05,1.0,in,l2sq,10453.827565908432
2026-05-15T12:49:52.034110,440,467648,127.48820351437237,127.48820351437237,64,0.31222826086956523,5.615,0.31,20,20,-0.0022078536159826356,0.9625415503978729,0.3314571976661682,0.0008103502731501289,0.0007812500116415322,0.0,0.0,4,9.295974367627448e-05,9.295974367627448e-05,1.0,in,l2sq,10483.807924747467
2026-05-15T12:50:12.792080,441,468690,95.43901789690788,111.46361070564012,61,0.31222826086956523,5.505,0.29,20,20,-0.003274118607805576,0.9021224528551102,0.330668106675148,0.0007349511682150922,0.0033203124621650204,0.0,0.0,4,9.294580017952178e-05,9.294580017952178e-05,1.0,in,l2sq,10504.56583404541
2026-05-15T12:50:44.491687,442,469773,84.0788203466086,84.0788203466086,53,0.31467391304347825,5.55,0.28,20,20,-0.00309544064220979,0.9124944731593132,0.3278574123978615,0.0013179632564515598,0.00859375014260877,0.0,0.0,4,9.292721194894387e-05,9.292721194894387e-05,1.0,in,l2sq,10536.265314102173
2026-05-15T12:51:07.189336,443,470839,42.07469105945755,63.07675570303307,50,0.31277173913043477,5.68,0.22,20,20,-0.0038668237975798547,0.8843408077955246,0.30818161368370056,0.0006684775536086596,0.005078125279396772,0.0,0.0,4,9.291327309948118e-05,9.291327309948118e-05,1.0,in,l2sq,10558.963082313538
2026-05-15T12:51:31.815064,444,471871,105.1173747614871,105.1173747614871,62,0.31521739130434784,5.935,0.27,19,20,-0.0036924984829966034,0.9518301412463188,0.3233991414308548,-0.001326822643568426,0.014648437645519152,0.0,0.0,4,9.289933657308262e-05,9.289933657308262e-05,1.0,in,l2sq,10583.588886499405
2026-05-15T12:51:53.183863,445,472894,91.38338347667451,98.2503791190808,65,0.3125,5.725,0.32,20,20,-0.002368235657922879,0.8094451129436493,0.3206593319773674,0.002278431885406468,0.009765625,0.0,0.0,4,9.28854019048566e-05,9.28854019048566e-05,1.0,in,l2sq,10604.957616090775
2026-05-15T12:52:24.960726,446,473928,84.11421462569868,84.11421462569868,57,0.31277173913043477,5.645,0.3,20,20,-0.003087222561589442,0.8950721621513367,0.3272719532251358,0.0018554562562712734,0.00507812510477379,0.0,0.0,4,9.28714695589979e-05,9.28714695589979e-05,1.0,in,l2sq,10636.73435139656
2026-05-15T12:52:46.288404,447,474983,34.925603090946616,59.51990885832265,56,0.31005434782608693,5.415,0.23,20,20,-0.002231216439349648,0.8775299862027168,0.32360658794641495,0.0017511000353351985,0.005468750139698386,0.0,0.0,4,9.28528961938008e-05,9.28528961938008e-05,1.0,in,l2sq,10658.062197208405
2026-05-15T12:53:17.387352,448,476033,136.34415294267976,136.34415294267976,72,0.31630434782608696,5.42,0.24,20,20,-0.0026625008147673768,0.9192996919155121,0.32001645863056183,-8.684206959519436e-05,0.005078125192085281,0.0,0.0,4,9.283896849151556e-05,9.283896849151556e-05,1.0,in,l2sq,10689.160908222198
2026-05-15T12:53:37.115521,449,477023,135.49378248236067,135.9189677125202,72,0.32364130434782606,5.355,0.23,20,20,-0.00214297948186859,0.9199569821357727,0.3301548548042774,0.0010209102837961948,0.00019531250291038305,0.0,0.0,4,9.282504311043668e-05,9.282504311043668e-05,1.0,in,l2sq,10708.889330863953
2026-05-15T12:54:10.541029,450,478114,89.74348984043776,89.74348984043776,59,0.3239130434782609,5.51,0.25,20,20,-0.002976473467424523,0.8898525983095169,0.3163793757557869,0.0006840428262876175,0.004492187668802217,0.0,0.0,4,9.280647903006504e-05,9.280647903006504e-05,1.0,in,l2sq,10742.314801216125
2026-05-15T12:54:33.543081,451,479214,141.26085600925202,115.5021729248449,63,0.32717391304347826,5.615,0.23,20,20,-0.0017669991240838456,0.9525019228458405,0.31138963252305984,0.00206047836463763,0.014062499860301614,0.0,0.0,4,9.279255829023833e-05,9.279255829023833e-05,1.0,in,l2sq,10765.316878318787
2026-05-15T12:54:53.170923,452,480001,64.52605593479153,64.52605593479153,47,0.32418478260869565,5.845,0.27,19,20,-0.0022712391175445934,0.9146336242556572,0.3206219971179962,0.001590611147196358,0.005664062511641532,0.0,0.0,4,9.277863987045758e-05,9.277863987045758e-05,1.0,in,l2sq,10784.944746494293
