score,fail_count,loop_controls,near_miss_controls,seed,episode,image_index,distance_bucket,initial_patch,goal_patch,run_progress,proposed_path_len,proposed_regress_steps,proposed_revisit_count,proposed_total_reward,control_mean_final_dist,control_max_revisit,control_max_regress,external_only_success,external_only_final_dist,external_only_path_len,external_only_progress_steps,external_only_regress_steps,external_only_revisit_count,external_only_total_reward,intrinsic_only_success,intrinsic_only_final_dist,intrinsic_only_path_len,intrinsic_only_progress_steps,intrinsic_only_regress_steps,intrinsic_only_revisit_count,intrinsic_only_total_reward,mixed_no_gate_no_pbrs_success,mixed_no_gate_no_pbrs_final_dist,mixed_no_gate_no_pbrs_path_len,mixed_no_gate_no_pbrs_progress_steps,mixed_no_gate_no_pbrs_regress_steps,mixed_no_gate_no_pbrs_revisit_count,mixed_no_gate_no_pbrs_total_reward,mixed_gate_only_success,mixed_gate_only_final_dist,mixed_gate_only_path_len,mixed_gate_only_progress_steps,mixed_gate_only_regress_steps,mixed_gate_only_revisit_count,mixed_gate_only_total_reward,mixed_pbrs_only_success,mixed_pbrs_only_final_dist,mixed_pbrs_only_path_len,mixed_pbrs_only_progress_steps,mixed_pbrs_only_regress_steps,mixed_pbrs_only_revisit_count,mixed_pbrs_only_total_reward,proposed_linear_gate_pbrs_success,proposed_linear_gate_pbrs_final_dist,proposed_linear_gate_pbrs_path_len,proposed_linear_gate_pbrs_progress_steps,proposed_linear_gate_pbrs_regress_steps,proposed_linear_gate_pbrs_revisit_count,proposed_linear_gate_pbrs_total_reward,image_asset_available,dataset,image_id,image_path,image_white_ratio,image_max_patch_white_ratio,image_mean_patch_white_ratio,image_texture_std
89.56,5,2,1,42,180,8,C8,4,20,0.4012083333333333,8,0,1,1.853142006292938,3.8,8.0,4.0,0,5,9,6,3,5,-9.0,0,7,9,5,4,8,4.871468424797056,0,3,9,7,2,1,-1.7099286317825335,0,1,9,8,1,1,-1.4552336497977394,0,3,9,7,2,0,1.4289071030616742,1,0,8,8,0,1,1.853142006292938,True,MASA,23878915_15,F:\bishe\Undergraduate-Graduation-Project\results\figures\defense_reward_training_stage\case_studies\image_cache\masa_23878915_15.tiff,0.27994444444444444,1.0,0.2799444444444445,80.74584833253299
86.28,5,2,0,123,120,5,C8,4,20,0.2690541666666666,8,0,1,1.7000943490937344,4.4,6.0,3.0,0,6,8,5,3,5,-8.0,0,6,8,5,3,6,3.1357750892639142,0,4,8,6,2,2,-1.864456534385683,0,2,8,7,1,0,1.0289176556467994,0,4,8,6,2,2,-1.918805354595186,1,0,8,8,0,1,1.7000943490937344,True,MASA,23729080_15,F:\bishe\Undergraduate-Graduation-Project\results\figures\defense_reward_training_stage\case_studies\image_cache\masa_23729080_15.tiff,6.666666666666667e-05,0.0008333333333333334,6.666666666666667e-05,33.71020601299033
85.8,5,1,0,123,380,32,C8,20,4,0.8390125,8,0,1,2.2327110396400087,4.0,7.0,4.0,0,4,8,6,2,0,-6.0,0,8,8,4,4,7,3.5483569502830488,0,2,8,7,1,0,2.3563032746314985,0,2,8,7,1,0,1.0535250735655417,0,4,8,6,2,3,-3.315147691726686,1,0,8,8,0,1,2.2327110396400087,True,MASA,24328870_15,F:\bishe\Undergraduate-Graduation-Project\results\figures\defense_reward_training_stage\case_studies\image_cache\masa_24328870_15.tiff,0.7167777777777777,1.0,0.7167777777777776,77.33098179733055
85.56,5,2,0,123,255,11,C8,20,4,0.5655895833333333,8,0,1,1.921395733922719,3.8,6.0,3.0,0,3,9,7,2,0,-3.0,0,5,9,6,3,6,4.033458113670347,0,3,9,7,2,0,-0.4587013721466084,0,3,9,7,2,0,0.1080388969928012,0,5,9,6,3,4,-4.300244914054873,1,0,8,8,0,1,1.921395733922719,True,MASA,23878975_15,F:\bishe\Undergraduate-Graduation-Project\results\figures\defense_reward_training_stage\case_studies\image_cache\masa_23878975_15.tiff,0.03277777777777778,0.5358333333333334,0.032777777777777774,50.49974813842539
85.12,5,1,3,123,90,15,C8,0,24,0.2023791666666666,8,0,1,2.258417347975074,2.6,5.0,4.0,0,1,9,8,1,0,-5.0,0,7,9,5,4,5,5.189462780952452,0,3,9,7,2,1,3.0948159098625165,0,1,9,8,1,0,-1.0755223521217716,0,1,9,8,1,1,0.0197679781913737,1,0,8,8,0,1,2.258417347975074,True,MASA,23879035_15,F:\bishe\Undergraduate-Graduation-Project\results\figures\defense_reward_training_stage\case_studies\image_cache\masa_23879035_15.tiff,0.0002888888888888889,0.003611111111111111,0.0002888888888888889,43.94926219533445
84.32,5,1,0,123,55,6,C8,4,20,0.1248083333333333,8,0,1,3.340885206654667,3.6,6.0,4.0,0,4,8,6,2,2,-8.0,0,8,8,4,4,6,2.4053264260292035,0,2,8,7,1,0,1.040783464908598,0,2,8,7,1,1,0.168193600438534,0,2,8,7,1,1,-2.70837138605118,1,0,8,8,0,1,3.340885206654667,True,MASA,23729095_15,F:\bishe\Undergraduate-Graduation-Project\results\figures\defense_reward_training_stage\case_studies\image_cache\masa_23729095_15.tiff,3.3333333333333335e-05,0.0008333333333333334,3.3333333333333335e-05,34.40977889470552
83.64,5,1,3,123,250,3,C8,4,20,0.5546791666666666,8,0,1,2.4985677361190306,2.2,5.0,3.0,0,1,9,8,1,1,-5.0,0,5,9,6,3,5,6.27518582344055,0,1,9,8,1,2,2.7913483977317792,0,1,9,8,1,0,-1.4229694913327706,0,3,9,7,2,0,3.017932064056395,1,0,8,8,0,1,2.4985677361190306,True,MASA,23729050_15,F:\bishe\Undergraduate-Graduation-Project\results\figures\defense_reward_training_stage\case_studies\image_cache\masa_23729050_15.tiff,0.00023333333333333333,0.0022222222222222222,0.00023333333333333333,41.78051892159278
82.64,5,1,3,321,85,7,C8,24,0,0.1918125,8,0,1,0.6649833567142478,2.2,4.0,3.0,0,1,9,8,1,2,-3.0,0,5,9,6,3,4,1.9409062266349768,0,1,9,8,1,1,-1.1771069169044517,0,3,9,7,2,2,-5.595031147152188,0,1,9,8,1,2,-2.299919626712801,1,0,8,8,0,1,0.6649833567142478,True,MASA,23729110_15,F:\bishe\Undergraduate-Graduation-Project\results\figures\defense_reward_training_stage\case_studies\image_cache\masa_23729110_15.tiff,0.37962222222222225,1.0,0.37962222222222225,93.31517927750956
82.36,5,1,0,123,205,7,C8,4,20,0.455325,8,0,1,1.456509268067776,2.8,6.0,3.0,0,2,8,7,1,0,-4.0,0,6,8,5,3,6,3.8904041647911054,0,2,8,7,1,2,-2.403100311756136,0,2,8,7,1,0,-0.3063450016826405,0,2,8,7,1,0,0.1936654520034775,1,0,8,8,0,1,1.456509268067776,True,MASA,23729110_15,F:\bishe\Undergraduate-Graduation-Project\results\figures\defense_reward_training_stage\case_studies\image_cache\masa_23729110_15.tiff,0.37962222222222225,1.0,0.37962222222222225,93.31517927750956
87.03999999999999,5,3,0,123,110,15,C7,23,0,0.2469916666666666,7,0,1,5.151656076848506,4.2,7.0,4.0,0,5,8,5,3,4,-8.0,0,3,8,6,2,4,5.314464330673216,0,3,8,6,2,0,2.542613685131071,0,7,8,4,4,7,-3.501542925834657,0,3,8,6,2,1,-0.9360686998367328,1,0,7,7,0,1,5.151656076848506,True,MASA,23879035_15,F:\bishe\Undergraduate-Graduation-Project\results\figures\defense_reward_training_stage\case_studies\image_cache\masa_23879035_15.tiff,0.0002888888888888889,0.003611111111111111,0.0002888888888888889,43.94926219533445
84.03999999999999,5,3,0,123,220,3,C7,15,4,0.4880916666666666,7,0,1,4.845456415951251,4.2,5.0,3.0,0,3,8,6,2,2,-4.0,0,5,8,5,3,5,4.403467535972593,0,3,8,6,2,0,2.762534260749815,0,5,8,5,3,0,-0.6972542616724983,0,5,8,5,3,3,-3.6579226875305193,1,0,7,7,0,1,4.845456415951251,True,MASA,23729050_15,F:\bishe\Undergraduate-Graduation-Project\results\figures\defense_reward_training_stage\case_studies\image_cache\masa_23729050_15.tiff,0.00023333333333333333,0.0022222222222222222,0.00023333333333333333,41.78051892159278
83.03999999999999,5,2,0,123,115,5,C7,5,24,0.2580291666666666,7,0,1,2.4186692153811444,4.2,5.0,4.0,0,3,8,6,2,2,-6.0,0,7,8,4,4,5,2.8855151534080488,0,3,8,6,2,0,-2.9316821694374102,0,3,8,6,2,0,-3.596652592718603,0,5,8,5,3,0,-2.031524631500246,1,0,7,7,0,1,2.4186692153811444,True,MASA,23729080_15,F:\bishe\Undergraduate-Graduation-Project\results\figures\defense_reward_training_stage\case_studies\image_cache\masa_23729080_15.tiff,6.666666666666667e-05,0.0008333333333333334,6.666666666666667e-05,33.71020601299033
82.28,5,5,0,123,75,5,C7,4,21,0.1688979166666666,9,1,1,0.5631369023919095,4.4,4.0,4.0,0,4,9,6,3,2,-7.0,0,4,9,6,3,3,3.3711804747581464,0,4,9,6,3,4,-2.960601687431337,0,6,9,5,4,2,-3.8848909729719177,0,4,9,6,3,1,-0.9293019461631796,1,0,9,8,1,1,0.5631369023919095,True,MASA,23729080_15,F:\bishe\Undergraduate-Graduation-Project\results\figures\defense_reward_training_stage\case_studies\image_cache\masa_23729080_15.tiff,6.666666666666667e-05,0.0008333333333333334,6.666666666666667e-05,33.71020601299033
82.08,5,2,1,123,220,9,C7,9,20,0.4881604166666666,7,0,1,2.9614307155609128,3.4,5.0,3.0,0,3,8,6,2,1,-6.0,0,5,8,5,3,5,4.298449516296385,0,5,8,5,3,0,-0.3024067282676714,0,1,8,7,1,1,1.1457456696033463,0,3,8,6,2,0,2.518713859558104,1,0,7,7,0,1,2.9614307155609128,True,MASA,23878930_15,F:\bishe\Undergraduate-Graduation-Project\results\figures\defense_reward_training_stage\case_studies\image_cache\masa_23878930_15.tiff,0.23595555555555556,1.0,0.23595555555555556,86.20615108195106
80.6,5,2,1,321,115,9,C7,24,1,0.2585958333333333,7,0,1,4.759006090998649,3.0,4.0,3.0,0,3,8,6,2,4,-8.0,0,5,8,5,3,4,3.3717945814132677,0,1,8,7,1,0,2.5469755530357343,0,3,8,6,2,3,-2.617655388712884,0,3,8,6,2,1,0.6249755530357342,1,0,7,7,0,1,4.759006090998649,True,MASA,23878930_15,F:\bishe\Undergraduate-Graduation-Project\results\figures\defense_reward_training_stage\case_studies\image_cache\masa_23878930_15.tiff,0.23595555555555556,1.0,0.23595555555555556,86.20615108195106
79.84,5,1,0,123,155,2,C7,4,15,0.3462104166666667,7,0,1,2.1348482718467707,3.2,6.0,3.0,0,4,7,5,2,1,-7.0,0,6,7,4,3,6,4.00544637441635,0,2,7,6,1,0,1.927104771137236,0,2,7,6,1,0,-1.094831211566926,0,2,7,6,1,0,1.9005626721382125,1,0,7,7,0,1,2.1348482718467707,True,MASA,22828915_15,F:\bishe\Undergraduate-Graduation-Project\results\figures\defense_reward_training_stage\case_studies\image_cache\masa_22828915_15.tiff,1.1111111111111112e-05,0.0002777777777777778,1.1111111111111112e-05,37.67042109064696
77.08,5,1,0,123,100,0,C7,24,5,0.2245520833333333,7,0,1,1.8549153616428369,3.4,3.0,3.0,0,5,8,5,3,3,-8.0,0,3,8,6,2,3,3.29349374771118,0,3,8,6,2,0,0.6419443488121015,0,3,8,6,2,0,-0.3287170127034202,0,3,8,6,2,1,-2.1768635754585284,1,0,7,7,0,1,1.8549153616428369,True,MASA,22678915_15,F:\bishe\Undergraduate-Graduation-Project\results\figures\defense_reward_training_stage\case_studies\image_cache\masa_22678915_15.tiff,0.0002,0.005,0.0002,44.629645865908515
76.36,5,1,0,123,105,4,C7,15,4,0.2354770833333333,7,0,1,4.555064148247242,2.8,4.0,2.0,0,2,7,6,1,2,-5.0,0,4,7,5,2,4,4.167440176010131,0,2,7,6,1,0,3.035930871963499,0,2,7,6,1,0,1.7950966778397557,0,4,7,5,2,2,1.1650594072341902,1,0,7,7,0,1,4.555064148247242,True,MASA,23729065_15,F:\bishe\Undergraduate-Graduation-Project\results\figures\defense_reward_training_stage\case_studies\image_cache\masa_23729065_15.tiff,0.0,0.0,0.0,34.157371284584634
74.84,5,3,0,42,55,8,C7,0,23,0.1240791666666666,9,1,3,1.62021765744686,3.2,6.0,3.0,0,4,9,6,3,3,-9.0,0,4,9,6,3,6,4.161273419857023,0,2,9,7,2,1,-0.3964306116104146,0,4,9,6,3,5,-4.16443690955639,0,2,9,7,2,2,-2.31661028146744,1,0,9,8,1,3,1.62021765744686,True,MASA,23878915_15,F:\bishe\Undergraduate-Graduation-Project\results\figures\defense_reward_training_stage\case_studies\image_cache\masa_23878915_15.tiff,0.27994444444444444,1.0,0.2799444444444445,80.74584833253299
74.12,5,0,1,321,15,14,C7,15,4,0.0346729166666666,7,0,1,5.193978801906108,2.6,3.0,2.0,0,3,8,6,2,1,-6.0,0,3,8,6,2,2,5.447625279426573,0,3,8,6,2,3,-0.4941552877426165,0,1,8,7,1,1,1.889047768115996,0,3,8,6,2,2,-0.5791164879798907,1,0,7,7,0,1,5.193978801906108,True,MASA,23879020_15,F:\bishe\Undergraduate-Graduation-Project\results\figures\defense_reward_training_stage\case_studies\image_cache\masa_23879020_15.tiff,3.3333333333333335e-05,0.0008333333333333334,3.3333333333333335e-05,44.616353129331145
73.36,5,0,0,42,170,1,C7,21,4,0.3791208333333333,7,0,1,2.1374467169642437,2.8,3.0,2.0,0,4,7,5,2,0,-3.0,0,4,7,5,2,3,2.1258952617645246,0,2,7,6,1,0,0.5671213865280134,0,2,7,6,1,2,-0.1737295967340486,0,2,7,6,1,0,1.8178293390274032,1,0,7,7,0,1,2.1374467169642437,True,MASA,22678930_15,F:\bishe\Undergraduate-Graduation-Project\results\figures\defense_reward_training_stage\case_studies\image_cache\masa_22678930_15.tiff,6.666666666666667e-05,0.001388888888888889,6.666666666666667e-05,35.950311306844696
89.03999999999999,5,5,0,123,280,3,C6,10,4,0.6201520833333334,6,0,1,3.848759819269179,4.2,7.0,5.0,0,3,9,6,3,0,-5.0,0,7,9,4,5,7,5.763222157955168,0,3,9,6,3,0,0.3632171750068644,0,3,9,6,3,0,-0.8710927666723745,0,5,9,5,4,1,-3.874933290004732,1,0,6,6,0,1,3.848759819269179,True,MASA,23729050_15,F:\bishe\Undergraduate-Graduation-Project\results\figures\defense_reward_training_stage\case_studies\image_cache\masa_23729050_15.tiff,0.00023333333333333333,0.0022222222222222222,0.00023333333333333333,41.78051892159278
86.28,5,4,0,321,150,13,C6,15,3,0.3368125,6,0,1,3.2640403232971824,4.4,7.0,4.0,0,6,8,4,4,7,-8.0,0,6,8,4,4,6,3.5560453534126264,0,4,8,5,3,0,1.659239470958708,0,4,8,5,3,0,0.3755063570042438,0,2,8,6,2,2,2.27417894220352,1,0,6,6,0,1,3.2640403232971824,True,MASA,22828945_15,F:\bishe\Undergraduate-Graduation-Project\results\figures\defense_reward_training_stage\case_studies\image_cache\masa_22828945_15.tiff,0.0,0.0,0.0,33.040234472885345
86.08,5,4,1,42,345,16,C6,1,23,0.7622895833333333,6,0,1,5.569488469213247,3.4,7.0,4.0,0,5,9,5,4,0,-3.0,0,5,9,5,4,7,3.5315399169921857,0,3,9,6,3,1,-1.5465813279151936,0,3,9,6,3,0,1.008767829239367,0,1,9,7,2,2,2.8163461294174184,1,0,6,6,0,1,5.569488469213247,True,MASA,23879050_15,F:\bishe\Undergraduate-Graduation-Project\results\figures\defense_reward_training_stage\case_studies\image_cache\masa_23879050_15.tiff,0.0007666666666666667,0.018333333333333333,0.0007666666666666666,36.216450347127086
85.56,5,4,1,123,120,14,C6,22,4,0.2691604166666667,6,0,1,3.919102589239676,3.8,6.0,4.0,0,5,9,5,4,4,-7.0,0,3,9,6,3,5,6.151202499866484,0,1,9,7,2,1,1.603392243385313,0,5,9,5,4,6,-2.6973015125592568,0,5,9,5,4,0,1.4274323019981363,1,0,6,6,0,1,3.919102589239676,True,MASA,23879020_15,F:\bishe\Undergraduate-Graduation-Project\results\figures\defense_reward_training_stage\case_studies\image_cache\masa_23879020_15.tiff,3.3333333333333335e-05,0.0008333333333333334,3.3333333333333335e-05,44.616353129331145
80.12,5,1,3,123,390,4,C6,15,3,0.8608291666666666,6,0,1,3.238773135046164,2.6,6.0,4.0,0,1,7,6,1,0,-1.0,0,7,7,3,4,6,4.979223549365996,0,1,7,6,1,0,3.036260783672331,0,3,7,5,2,0,1.8072369085748976,0,1,7,6,1,0,0.8318527431488022,1,0,6,6,0,1,3.238773135046164,True,MASA,23729065_15,F:\bishe\Undergraduate-Graduation-Project\results\figures\defense_reward_training_stage\case_studies\image_cache\masa_23729065_15.tiff,0.0,0.0,0.0,34.157371284584634
79.8,5,4,0,123,70,10,C6,9,15,0.1579125,8,1,1,2.2219631931185715,4.0,7.0,4.0,0,4,8,5,3,4,-8.0,0,6,8,4,4,7,4.5191604495048505,0,2,8,6,2,2,1.4231444597244245,0,4,8,5,3,0,-2.5760267846783016,0,4,8,5,3,0,1.259194549083708,1,0,8,7,1,1,2.2219631931185715,True,MASA,23878945_15,F:\bishe\Undergraduate-Graduation-Project\results\figures\defense_reward_training_stage\case_studies\image_cache\masa_23878945_15.tiff,0.2652,1.0,0.26520000000000005,96.49700061212924
78.56,5,4,1,123,385,3,C6,14,20,0.84975,8,1,1,2.512186734914778,3.8,5.0,4.0,0,3,9,6,3,2,-9.0,0,5,9,5,4,5,5.918914854526518,0,5,9,5,4,3,-0.704598069190981,0,5,9,5,4,1,-2.3688915451864423,0,1,9,7,2,1,2.9843591594696024,1,0,8,7,1,1,2.512186734914778,True,MASA,23729050_15,F:\bishe\Undergraduate-Graduation-Project\results\figures\defense_reward_training_stage\case_studies\image_cache\masa_23729050_15.tiff,0.00023333333333333333,0.0022222222222222222,0.00023333333333333333,41.78051892159278
77.8,5,4,0,123,60,1,C6,5,19,0.1358583333333333,8,1,1,3.557124936391909,4.0,5.0,4.0,0,2,8,6,2,1,-2.0,0,6,8,4,4,5,3.194221615791319,0,4,8,5,3,1,-3.1256493926048297,0,4,8,5,3,4,-4.990137555499873,0,4,8,5,3,1,-1.3106155953407304,1,0,8,7,1,1,3.557124936391909,True,MASA,22678930_15,F:\bishe\Undergraduate-Graduation-Project\results\figures\defense_reward_training_stage\case_studies\image_cache\masa_22678930_15.tiff,6.666666666666667e-05,0.001388888888888889,6.666666666666667e-05,35.950311306844696
77.6,5,2,1,321,55,20,C6,15,3,0.12485,6,0,1,4.649842901229858,3.0,4.0,3.0,0,3,7,5,2,4,-5.0,0,5,7,4,3,4,2.13453823328018,0,1,7,6,1,1,2.425439238548278,0,3,7,5,2,3,-4.005527545064689,0,3,7,5,2,0,2.4430572915077198,1,0,6,6,0,1,4.649842901229858,True,MASA,24029035_15,F:\bishe\Undergraduate-Graduation-Project\results\figures\defense_reward_training_stage\case_studies\image_cache\masa_24029035_15.tiff,3.3333333333333335e-05,0.0005555555555555556,3.333333333333333e-05,40.641362415040554
77.56,5,5,0,321,140,12,C6,16,4,0.314575,8,1,2,4.823422744969526,3.8,5.0,5.0,0,3,9,6,3,1,-3.0,0,7,9,4,5,5,5.451983988285063,0,3,9,6,3,2,3.359097540378569,0,3,9,6,3,2,1.3255368864536274,0,3,9,6,3,0,0.7495886511802652,1,0,8,7,1,2,4.823422744969526,True,MASA,23878990_15,F:\bishe\Undergraduate-Graduation-Project\results\figures\defense_reward_training_stage\case_studies\image_cache\masa_23878990_15.tiff,0.0006111111111111111,0.014166666666666666,0.0006111111111111111,48.52935049911557
75.6,5,1,1,123,95,9,C6,4,10,0.21338125,6,0,1,3.1606426916519794,3.0,4.0,3.0,0,3,7,5,2,0,-5.0,0,5,7,4,3,4,4.580285489559173,0,3,7,5,2,0,-1.7071891427040111,0,1,7,6,1,0,1.4242421388626083,0,3,7,5,2,0,2.890241436958312,1,0,6,6,0,1,3.1606426916519794,True,MASA,23878930_15,F:\bishe\Undergraduate-Graduation-Project\results\figures\defense_reward_training_stage\case_studies\image_cache\masa_23878930_15.tiff,0.23595555555555556,1.0,0.23595555555555556,86.20615108195106
75.36,5,1,0,321,160,19,C6,1,23,0.3590625,6,0,1,2.894141050378481,2.8,5.0,3.0,0,2,6,5,1,0,-2.0,0,6,6,3,3,5,1.7122487425804125,0,2,6,5,1,0,-1.487942457199098,0,2,6,5,1,0,-0.155500772446395,0,2,6,5,1,0,2.762389116764067,1,0,6,6,0,1,2.894141050378481,True,MASA,23879110_15,F:\bishe\Undergraduate-Graduation-Project\results\figures\defense_reward_training_stage\case_studies\image_cache\masa_23879110_15.tiff,7.777777777777778e-05,0.0019444444444444444,7.777777777777778e-05,34.13187372905267
75.12,5,3,2,321,135,10,C6,4,10,0.3032708333333333,8,1,2,3.467058352231978,2.6,7.0,4.0,0,1,9,7,2,1,-5.0,0,5,9,5,4,7,5.488995790481566,0,1,9,7,2,0,2.699348032474516,0,3,9,6,3,2,-1.43871690268318,0,3,9,6,3,3,-0.8613274421691914,1,0,8,7,1,2,3.467058352231978,True,MASA,23878945_15,F:\bishe\Undergraduate-Graduation-Project\results\figures\defense_reward_training_stage\case_studies\image_cache\masa_23878945_15.tiff,0.2652,1.0,0.26520000000000005,96.49700061212924
72.84,5,1,0,42,165,10,C6,10,24,0.3681375,6,0,1,3.4755581462879963,3.2,2.0,3.0,0,2,6,5,1,0,0.0,0,6,6,3,3,2,2.1220223307609545,0,2,6,5,1,1,-0.6371186375617994,0,4,6,4,2,0,0.6579488888382903,0,2,6,5,1,0,3.481542997837065,1,0,6,6,0,1,3.4755581462879963,True,MASA,23878945_15,F:\bishe\Undergraduate-Graduation-Project\results\figures\defense_reward_training_stage\case_studies\image_cache\masa_23878945_15.tiff,0.2652,1.0,0.26520000000000005,96.49700061212924
72.16,5,0,3,321,70,10,C6,23,1,0.1581604166666666,6,0,1,3.5718460879723226,1.8,3.0,2.0,0,1,7,6,1,0,-3.0,0,3,7,5,2,3,3.83190894126892,0,1,7,6,1,2,3.514148771762846,0,1,7,6,1,1,2.0570873697102057,0,3,7,5,2,1,1.4602221851348862,1,0,6,6,0,1,3.5718460879723226,True,MASA,23878945_15,F:\bishe\Undergraduate-Graduation-Project\results\figures\defense_reward_training_stage\case_studies\image_cache\masa_23878945_15.tiff,0.2652,1.0,0.26520000000000005,96.49700061212924
71.32,5,0,0,321,190,14,C6,10,24,0.42499375,6,0,1,6.006531422038872,3.6,3.0,2.0,0,4,6,4,2,0,-6.0,0,4,6,4,2,3,3.7860206961631766,0,4,6,4,2,2,0.2387278079986559,0,4,6,4,2,1,-0.4481583634018908,0,2,6,5,1,1,-0.0726792054176341,1,0,6,6,0,1,6.006531422038872,True,MASA,23879020_15,F:\bishe\Undergraduate-Graduation-Project\results\figures\defense_reward_training_stage\case_studies\image_cache\masa_23879020_15.tiff,3.3333333333333335e-05,0.0008333333333333334,3.3333333333333335e-05,44.616353129331145
69.36,5,2,0,123,20,10,C6,15,3,0.04585,8,1,2,3.892810138622919,2.8,6.0,3.0,0,2,8,6,2,2,-6.0,0,2,8,6,2,3,2.177228093147276,0,2,8,6,2,3,-1.4917712211608904,0,4,8,5,3,6,-6.4730527083575735,0,4,8,5,3,3,-0.770089763164522,1,0,8,7,1,2,3.892810138622919,True,MASA,23878945_15,F:\bishe\Undergraduate-Graduation-Project\results\figures\defense_reward_training_stage\case_studies\image_cache\masa_23878945_15.tiff,0.2652,1.0,0.26520000000000005,96.49700061212924
80.8,4,3,0,321,290,1,C8,24,0,0.644575,8,0,1,3.243920458264648,4.0,8.0,4.0,0,5,9,6,3,4,-9.0,0,7,9,5,4,8,3.596618652343748,0,3,9,7,2,3,-3.3649610877037066,1,0,8,8,0,1,3.082521341443061,0,5,9,6,3,4,-4.874453389167788,1,0,8,8,0,1,3.243920458264648,True,MASA,22678930_15,F:\bishe\Undergraduate-Graduation-Project\results\figures\defense_reward_training_stage\case_studies\image_cache\masa_22678930_15.tiff,6.666666666666667e-05,0.001388888888888889,6.666666666666667e-05,35.950311306844696
80.8,4,3,0,42,360,9,C8,24,0,0.7951125,8,0,1,4.211737598635255,4.0,8.0,4.0,1,0,8,8,0,1,1.0,0,7,9,5,4,8,4.987568736076353,0,3,9,7,2,0,1.237250566482542,0,5,9,6,3,0,-1.3155132202059048,0,5,9,6,3,0,0.1197887120246871,1,0,8,8,0,1,4.211737598635255,True,MASA,23878930_15,F:\bishe\Undergraduate-Graduation-Project\results\figures\defense_reward_training_stage\case_studies\image_cache\masa_23878930_15.tiff,0.23595555555555556,1.0,0.23595555555555556,86.20615108195106
80.32,4,3,0,123,310,6,C8,20,4,0.6856354166666667,8,0,1,3.794967669963836,3.6,8.0,4.0,0,3,9,7,2,2,-7.0,0,7,9,5,4,8,4.724503934383391,0,3,9,7,2,4,-4.11055362224579,0,5,9,6,3,0,-3.8266311943903584,1,0,8,8,0,1,4.652481996536254,1,0,8,8,0,1,3.794967669963836,True,MASA,23729095_15,F:\bishe\Undergraduate-Graduation-Project\results\figures\defense_reward_training_stage\case_studies\image_cache\masa_23729095_15.tiff,3.3333333333333335e-05,0.0008333333333333334,3.3333333333333335e-05,34.40977889470552
78.36,4,2,1,123,305,11,C8,20,4,0.6747354166666667,8,0,1,1.921395733922719,2.8,8.0,4.0,0,1,9,8,1,1,-5.0,0,7,9,5,4,8,3.824096798896788,1,0,8,8,0,1,3.4880712628364554,0,3,9,7,2,0,0.3218278584256755,0,3,9,7,2,4,-4.342595182418825,1,0,8,8,0,1,1.921395733922719,True,MASA,23878975_15,F:\bishe\Undergraduate-Graduation-Project\results\figures\defense_reward_training_stage\case_studies\image_cache\masa_23878975_15.tiff,0.03277777777777778,0.5358333333333334,0.032777777777777774,50.49974813842539
78.32,4,2,0,123,105,3,C8,4,20,0.2354625,8,0,1,2.8250190663784736,3.6,8.0,4.0,0,5,9,6,3,3,-9.0,0,7,9,5,4,8,5.569290995597838,0,3,9,7,2,1,-3.162577211856844,1,0,8,8,0,1,4.307993634678423,0,3,9,7,2,0,2.419847435474394,1,0,8,8,0,1,2.8250190663784736,True,MASA,23729050_15,F:\bishe\Undergraduate-Graduation-Project\results\figures\defense_reward_training_stage\case_studies\image_cache\masa_23729050_15.tiff,0.00023333333333333333,0.0022222222222222222,0.00023333333333333333,41.78051892159278
78.32,4,2,0,123,310,1,C8,20,4,0.685575,8,0,1,3.4509771285280584,3.6,8.0,4.0,1,0,8,8,0,1,-1.0,0,7,9,5,4,8,3.167103707790373,0,3,9,7,2,0,-0.433029830455782,0,3,9,7,2,0,-1.3503024804219612,0,5,9,6,3,1,-3.716772550582887,1,0,8,8,0,1,3.4509771285280584,True,MASA,22678930_15,F:\bishe\Undergraduate-Graduation-Project\results\figures\defense_reward_training_stage\case_studies\image_cache\masa_22678930_15.tiff,6.666666666666667e-05,0.001388888888888889,6.666666666666667e-05,35.950311306844696
76.88,4,1,2,321,220,16,C8,4,20,0.49054375,8,0,1,2.417301265120505,2.4,8.0,4.0,0,3,9,7,2,0,-3.0,0,7,9,5,4,8,3.2002531290054304,0,1,9,8,1,1,0.3122337460517863,1,0,8,8,0,1,2.751987632811068,0,1,9,8,1,1,2.697886132240294,1,0,8,8,0,1,2.417301265120505,True,MASA,23879050_15,F:\bishe\Undergraduate-Graduation-Project\results\figures\defense_reward_training_stage\case_studies\image_cache\masa_23879050_15.tiff,0.0007666666666666667,0.018333333333333333,0.0007666666666666666,36.216450347127086
76.36,4,1,1,321,235,21,C8,20,4,0.5238083333333333,8,0,1,2.294291473336517,2.8,8.0,4.0,1,0,8,8,0,1,-1.0,0,7,9,5,4,8,4.715323626995085,0,3,9,7,2,0,2.319023907184599,0,1,9,8,1,1,0.7744769902154791,0,3,9,7,2,0,1.7775099344253522,1,0,8,8,0,1,2.294291473336517,True,MASA,24029050_15,F:\bishe\Undergraduate-Graduation-Project\results\figures\defense_reward_training_stage\case_studies\image_cache\masa_24029050_15.tiff,0.0015888888888888888,0.009722222222222222,0.0015888888888888888,47.84523880540244
75.88,4,1,2,42,215,14,C8,20,4,0.4783020833333333,8,0,1,2.962057241767644,2.4,7.0,4.0,0,1,9,8,1,2,-5.0,0,7,9,5,4,7,5.700619399547575,0,3,9,7,2,0,3.289342522621153,1,0,8,8,0,1,2.837557241767644,0,1,9,8,1,0,1.415205382347105,1,0,8,8,0,1,2.962057241767644,True,MASA,23879020_15,F:\bishe\Undergraduate-Graduation-Project\results\figures\defense_reward_training_stage\case_studies\image_cache\masa_23879020_15.tiff,3.3333333333333335e-05,0.0008333333333333334,3.3333333333333335e-05,44.616353129331145
75.88,4,1,2,321,350,1,C8,4,20,0.77580625,8,0,1,2.543094078421592,2.4,7.0,4.0,0,1,9,8,1,0,-5.0,0,7,9,5,4,7,3.1393628120422346,1,0,8,8,0,1,2.890085577964782,0,1,9,8,1,1,-1.232423058636488,0,3,9,7,2,0,-0.2686075501441972,1,0,8,8,0,1,2.543094078421592,True,MASA,22678930_15,F:\bishe\Undergraduate-Graduation-Project\results\figures\defense_reward_training_stage\case_studies\image_cache\masa_22678930_15.tiff,6.666666666666667e-05,0.001388888888888889,6.666666666666667e-05,35.950311306844696
75.8,4,1,0,321,375,6,C8,20,4,0.83061875,8,0,1,1.4530920296609393,4.0,7.0,4.0,0,4,8,6,2,3,-8.0,0,8,8,4,4,7,5.470021128654478,1,0,8,8,0,1,3.98466807603836,0,4,8,6,2,3,-4.6564775522425785,0,4,8,6,2,3,-3.5205879149436967,1,0,8,8,0,1,1.4530920296609393,True,MASA,23729095_15,F:\bishe\Undergraduate-Graduation-Project\results\figures\defense_reward_training_stage\case_studies\image_cache\masa_23729095_15.tiff,3.3333333333333335e-05,0.0008333333333333334,3.3333333333333335e-05,34.40977889470552
75.36,4,2,1,123,300,8,C8,0,24,0.6637708333333333,8,0,1,3.951110085256397,2.8,6.0,3.0,1,0,8,8,0,1,1.0,0,5,9,6,3,6,6.609569668769835,0,1,9,8,1,2,2.5562965869903547,0,5,9,6,3,0,-1.691971152797343,0,3,9,7,2,3,-1.6726458449363728,1,0,8,8,0,1,3.951110085256397,True,MASA,23878915_15,F:\bishe\Undergraduate-Graduation-Project\results\figures\defense_reward_training_stage\case_studies\image_cache\masa_23878915_15.tiff,0.27994444444444444,1.0,0.2799444444444445,80.74584833253299
75.36,4,1,1,123,335,8,C8,0,24,0.74025,8,0,1,2.42597163465619,2.8,7.0,4.0,1,0,8,8,0,1,-1.0,0,7,9,5,4,7,6.609569668769835,0,1,9,8,1,1,0.6385211944580058,0,3,9,7,2,1,-1.4690920008718982,0,3,9,7,2,0,1.775309032917021,1,0,8,8,0,1,2.42597163465619,True,MASA,23878915_15,F:\bishe\Undergraduate-Graduation-Project\results\figures\defense_reward_training_stage\case_studies\image_cache\masa_23878915_15.tiff,0.27994444444444444,1.0,0.2799444444444445,80.74584833253299
75.32,4,3,0,321,300,13,C8,0,24,0.666675,8,0,1,1.2119353176727885,3.6,4.0,3.0,0,5,9,6,3,0,-5.0,0,5,9,6,3,4,4.342117786407469,1,0,8,8,0,1,4.484991550445556,0,5,9,6,3,0,-1.670160100944342,0,3,9,7,2,1,-2.724320628166201,1,0,8,8,0,1,1.2119353176727885,True,MASA,22828945_15,F:\bishe\Undergraduate-Graduation-Project\results\figures\defense_reward_training_stage\case_studies\image_cache\masa_22828945_15.tiff,0.0,0.0,0.0,33.040234472885345
74.88,4,1,2,42,320,1,C8,24,0,0.7077770833333333,8,0,1,3.1488391223996866,2.4,6.0,4.0,1,0,8,8,0,1,1.0,0,7,9,5,4,6,4.705185174942015,0,3,9,7,2,0,0.256069004535673,0,1,9,8,1,0,-2.609053393937649,0,1,9,8,1,0,-1.393824137210848,1,0,8,8,0,1,3.1488391223996866,True,MASA,22678930_15,F:\bishe\Undergraduate-Graduation-Project\results\figures\defense_reward_training_stage\case_studies\image_cache\masa_22678930_15.tiff,6.666666666666667e-05,0.001388888888888889,6.666666666666667e-05,35.950311306844696
74.84,4,1,0,42,270,4,C8,20,4,0.59819375,8,0,1,2.3904243804216385,3.2,7.0,4.0,1,0,8,8,0,1,-1.0,0,8,8,4,4,7,5.626204073429106,0,2,8,7,1,0,0.5248392820358259,0,4,8,6,2,0,-0.7732245057821285,0,2,8,7,1,0,2.4542315077781662,1,0,8,8,0,1,2.3904243804216385,True,MASA,23729065_15,F:\bishe\Undergraduate-Graduation-Project\results\figures\defense_reward_training_stage\case_studies\image_cache\masa_23729065_15.tiff,0.0,0.0,0.0,34.157371284584634
74.84,4,1,0,123,280,7,C8,24,0,0.6202104166666667,8,0,1,0.3977040998339638,3.2,7.0,4.0,0,4,8,6,2,0,-6.0,0,8,8,4,4,7,1.1124542951583845,0,2,8,7,1,0,1.302384674549101,1,0,8,8,0,1,0.8140197873860586,0,2,8,7,1,0,0.5646376085281357,1,0,8,8,0,1,0.3977040998339638,True,MASA,23729110_15,F:\bishe\Undergraduate-Graduation-Project\results\figures\defense_reward_training_stage\case_studies\image_cache\masa_23729110_15.tiff,0.37962222222222225,1.0,0.37962222222222225,93.31517927750956
74.36,4,1,0,42,235,25,C8,24,0,0.5216395833333334,8,0,1,3.787334864556789,2.8,7.0,4.0,0,2,8,7,1,1,-2.0,0,8,8,4,4,7,3.656155228614805,0,2,8,7,1,0,-0.81896620988846,1,0,8,8,0,1,3.662834864556788,0,2,8,7,1,0,1.9497750473022444,1,0,8,8,0,1,3.787334864556789,True,MASA,24029110_15,F:\bishe\Undergraduate-Graduation-Project\results\figures\defense_reward_training_stage\case_studies\image_cache\masa_24029110_15.tiff,0.5082,1.0,0.5082,90.90832928539238
74.36,4,1,0,321,245,8,C8,0,24,0.5455395833333333,8,0,1,2.770167321495711,2.8,7.0,4.0,1,0,8,8,0,1,-1.0,0,8,8,4,4,7,5.075799882411955,0,2,8,7,1,1,1.451366961002348,0,2,8,7,1,0,-0.2457686506211769,0,2,8,7,1,0,2.4375866127014145,1,0,8,8,0,1,2.770167321495711,True,MASA,23878915_15,F:\bishe\Undergraduate-Graduation-Project\results\figures\defense_reward_training_stage\case_studies\image_cache\masa_23878915_15.tiff,0.27994444444444444,1.0,0.2799444444444445,80.74584833253299
74.36,4,1,0,321,275,2,C8,0,24,0.6114479166666666,8,0,1,1.5228821096643794,2.8,7.0,4.0,0,2,8,7,1,0,-2.0,0,8,8,4,4,7,3.8469622135162336,0,2,8,7,1,1,-2.88306385278702,1,0,8,8,0,1,3.2502713885903347,0,2,8,7,1,0,1.5940595936775193,1,0,8,8,0,1,1.5228821096643794,True,MASA,22828915_15,F:\bishe\Undergraduate-Graduation-Project\results\figures\defense_reward_training_stage\case_studies\image_cache\masa_22828915_15.tiff,1.1111111111111112e-05,0.0002777777777777778,1.1111111111111112e-05,37.67042109064696
74.36,4,1,0,123,385,15,C8,20,4,0.8498958333333333,8,0,1,4.329031463496387,2.8,7.0,4.0,0,2,8,7,1,0,-2.0,0,8,8,4,4,7,3.787568867206572,1,0,8,8,0,1,4.994515001773833,0,2,8,7,1,0,0.7053635102882971,0,2,8,7,1,0,2.493403978347777,1,0,8,8,0,1,4.329031463496387,True,MASA,23879035_15,F:\bishe\Undergraduate-Graduation-Project\results\figures\defense_reward_training_stage\case_studies\image_cache\masa_23879035_15.tiff,0.0002888888888888889,0.003611111111111111,0.0002888888888888889,43.94926219533445
74.32,4,1,0,123,175,4,C8,4,20,0.3902770833333333,8,0,1,2.6356738511174904,3.6,6.0,4.0,0,4,8,6,2,1,-6.0,0,8,8,4,4,6,5.592006504535673,1,0,8,8,0,1,6.1887280344963065,0,4,8,6,2,0,-0.2465386550873534,0,2,8,7,1,0,2.9987902712821946,1,0,8,8,0,1,2.6356738511174904,True,MASA,23729065_15,F:\bishe\Undergraduate-Graduation-Project\results\figures\defense_reward_training_stage\case_studies\image_cache\masa_23729065_15.tiff,0.0,0.0,0.0,34.157371284584634
73.84,4,2,0,123,295,8,C8,0,24,0.65303125,8,0,1,2.3758434218987814,3.2,5.0,3.0,0,3,9,7,2,0,-3.0,0,5,9,6,3,5,5.203160822391508,1,0,8,8,0,1,3.11805248260498,0,5,9,6,3,0,-1.691971152797343,0,3,9,7,2,0,1.6931720442771894,1,0,8,8,0,1,2.3758434218987814,True,MASA,23878915_15,F:\bishe\Undergraduate-Graduation-Project\results\figures\defense_reward_training_stage\case_studies\image_cache\masa_23878915_15.tiff,0.27994444444444444,1.0,0.2799444444444445,80.74584833253299
73.36,4,1,0,123,195,4,C8,4,20,0.4336020833333333,8,0,1,4.524844827473162,2.8,6.0,4.0,0,2,8,7,1,1,-6.0,0,8,8,4,4,6,5.589121043682097,0,2,8,7,1,2,1.165763556957243,0,2,8,7,1,0,1.704602426961063,1,0,8,8,0,1,6.059510731220245,1,0,8,8,0,1,4.524844827473162,True,MASA,23729065_15,F:\bishe\Undergraduate-Graduation-Project\results\figures\defense_reward_training_stage\case_studies\image_cache\masa_23729065_15.tiff,0.0,0.0,0.0,34.157371284584634
71.88,4,1,1,42,175,10,C8,24,0,0.3903354166666666,8,0,1,2.234826356887816,2.4,5.0,3.0,1,0,8,8,0,1,-1.0,0,5,9,6,3,5,5.172901332378386,0,1,9,8,1,0,-1.0865951776504537,0,3,9,7,2,0,0.0554751907661541,0,3,9,7,2,0,1.3395814962387065,1,0,8,8,0,1,2.234826356887816,True,MASA,23878945_15,F:\bishe\Undergraduate-Graduation-Project\results\figures\defense_reward_training_stage\case_studies\image_cache\masa_23878945_15.tiff,0.2652,1.0,0.26520000000000005,96.49700061212924
71.88,4,1,0,123,320,11,C8,0,24,0.7074291666666667,8,0,1,2.200680951371788,2.4,6.0,3.0,1,0,8,8,0,1,-1.0,0,6,8,5,3,6,4.58537048101425,0,2,8,7,1,1,2.2118973135948163,0,2,8,7,1,1,0.9928774195909492,0,2,8,7,1,0,1.601371891498564,1,0,8,8,0,1,2.200680951371788,True,MASA,23878975_15,F:\bishe\Undergraduate-Graduation-Project\results\figures\defense_reward_training_stage\case_studies\image_cache\masa_23878975_15.tiff,0.03277777777777778,0.5358333333333334,0.032777777777777774,50.49974813842539
71.36,4,1,0,321,70,7,C8,20,4,0.1581270833333333,8,0,1,0.6631495393514624,2.8,5.0,3.0,1,0,8,8,0,1,-1.0,0,6,8,5,3,5,3.045138180255888,0,2,8,7,1,2,-4.459680914878847,0,4,8,6,2,3,-6.737057905197146,0,2,8,7,1,0,-2.34927355527878,1,0,8,8,0,1,0.6631495393514624,True,MASA,23729110_15,F:\bishe\Undergraduate-Graduation-Project\results\figures\defense_reward_training_stage\case_studies\image_cache\masa_23729110_15.tiff,0.37962222222222225,1.0,0.37962222222222225,93.31517927750956
70.88,4,1,0,42,65,7,C8,0,24,0.1464145833333333,8,0,1,1.6284180808514348,2.4,5.0,3.0,0,2,8,7,1,1,-6.0,0,6,8,5,3,5,4.386678993701933,0,2,8,7,1,0,-0.6238033175468463,1,0,8,8,0,1,1.359303949475287,0,2,8,7,1,2,-1.0559317321777355,1,0,8,8,0,1,1.6284180808514348,True,MASA,23729110_15,F:\bishe\Undergraduate-Graduation-Project\results\figures\defense_reward_training_stage\case_studies\image_cache\masa_23729110_15.tiff,0.37962222222222225,1.0,0.37962222222222225,93.31517927750956
70.84,4,1,0,42,50,15,C8,20,4,0.11295625,8,0,1,2.174009594477712,3.2,4.0,3.0,1,0,8,8,0,1,1.0,0,6,8,5,3,4,4.519763946533201,0,2,8,7,1,0,-1.2697419524192828,0,4,8,6,2,0,-2.5002197382599127,0,4,8,6,2,2,-3.365493641376497,1,0,8,8,0,1,2.174009594477712,True,MASA,23879035_15,F:\bishe\Undergraduate-Graduation-Project\results\figures\defense_reward_training_stage\case_studies\image_cache\masa_23879035_15.tiff,0.0002888888888888889,0.003611111111111111,0.0002888888888888889,43.94926219533445
70.36,4,1,0,321,240,16,C8,24,0,0.5347104166666666,8,0,1,4.712233142152427,2.8,4.0,3.0,0,2,8,7,1,0,-2.0,0,6,8,5,3,4,4.5075685381889325,0,4,8,6,2,2,-0.4633083939552325,1,0,8,8,0,1,2.484044446870683,0,2,8,7,1,0,3.473588354587553,1,0,8,8,0,1,4.712233142152427,True,MASA,23879050_15,F:\bishe\Undergraduate-Graduation-Project\results\figures\defense_reward_training_stage\case_studies\image_cache\masa_23879050_15.tiff,0.0007666666666666667,0.018333333333333333,0.0007666666666666666,36.216450347127086
69.4,4,1,1,42,95,8,C8,0,24,0.2132979166666666,8,0,1,2.3164635376706717,2.0,4.0,2.0,1,0,8,8,0,1,-1.0,0,3,9,7,2,4,5.760760486125944,0,3,9,7,2,1,0.4343013763427714,0,1,9,8,1,2,-1.7356052553653731,0,3,9,7,2,1,1.9668464727401715,1,0,8,8,0,1,2.3164635376706717,True,MASA,23878915_15,F:\bishe\Undergraduate-Graduation-Project\results\figures\defense_reward_training_stage\case_studies\image_cache\masa_23878915_15.tiff,0.27994444444444444,1.0,0.2799444444444445,80.74584833253299
69.36,4,1,0,123,200,16,C8,0,24,0.4445125,8,0,1,1.7943773880302896,2.8,4.0,2.0,1,0,8,8,0,1,-1.0,0,4,8,6,2,4,5.27194833755493,0,4,8,6,2,0,0.8709393143653852,0,4,8,6,2,0,-0.8749031364917765,0,2,8,7,1,0,3.211373813152312,1,0,8,8,0,1,1.7943773880302896,True,MASA,23879050_15,F:\bishe\Undergraduate-Graduation-Project\results\figures\defense_reward_training_stage\case_studies\image_cache\masa_23879050_15.tiff,0.0007666666666666667,0.018333333333333333,0.0007666666666666666,36.216450347127086
68.88,4,1,0,123,190,6,C8,24,0,0.4226333333333333,8,0,1,0.8927712602242819,2.4,4.0,2.0,0,3,9,7,2,0,-7.0,0,3,9,7,2,4,2.517759978771208,0,3,9,7,2,0,-0.1908192038536091,1,0,8,8,0,1,1.0529935632646072,0,3,9,7,2,0,0.0406925745010359,1,0,8,8,0,1,0.8927712602242819,True,MASA,23729095_15,F:\bishe\Undergraduate-Graduation-Project\results\figures\defense_reward_training_stage\case_studies\image_cache\masa_23729095_15.tiff,3.3333333333333335e-05,0.0008333333333333334,3.3333333333333335e-05,34.40977889470552
68.4,4,1,0,123,80,14,C8,20,4,0.1801416666666666,8,0,1,4.750989575281739,2.0,4.0,2.0,0,2,8,7,1,1,-6.0,0,4,8,6,2,4,5.40387040376663,0,2,8,7,1,0,-0.7461887598037737,0,2,8,7,1,1,-2.1364802177995457,1,0,8,8,0,1,4.925242268562316,1,0,8,8,0,1,4.750989575281739,True,MASA,23879020_15,F:\bishe\Undergraduate-Graduation-Project\results\figures\defense_reward_training_stage\case_studies\image_cache\masa_23879020_15.tiff,3.3333333333333335e-05,0.0008333333333333334,3.3333333333333335e-05,44.616353129331145
68.4,4,1,0,123,380,20,C8,0,24,0.8388770833333333,8,0,1,3.6299981649667017,2.0,4.0,2.0,0,2,8,7,1,0,-2.0,0,4,8,6,2,4,3.748824357986448,0,2,8,7,1,1,-3.04973214864731,0,2,8,7,1,0,-0.713393415734173,1,0,8,8,0,1,2.2332837219238275,1,0,8,8,0,1,3.6299981649667017,True,MASA,24029035_15,F:\bishe\Undergraduate-Graduation-Project\results\figures\defense_reward_training_stage\case_studies\image_cache\masa_24029035_15.tiff,3.3333333333333335e-05,0.0005555555555555556,3.333333333333333e-05,40.641362415040554
79.8,4,4,0,42,310,5,C7,3,20,0.6857854166666667,7,0,1,2.158852541983127,4.0,8.0,4.0,0,6,9,5,4,0,-7.0,0,6,9,5,4,8,3.768330693244932,1,0,7,7,0,1,6.019906461238859,0,4,9,6,3,0,-0.0148698306083691,0,4,9,6,3,1,-2.48963717889786,1,0,7,7,0,1,2.158852541983127,True,MASA,23729080_15,F:\bishe\Undergraduate-Graduation-Project\results\figures\defense_reward_training_stage\case_studies\image_cache\masa_23729080_15.tiff,6.666666666666667e-05,0.0008333333333333334,6.666666666666667e-05,33.71020601299033
74.36,4,2,0,123,250,17,C7,24,5,0.5548375,7,0,1,2.8628593643903724,2.8,8.0,4.0,0,2,9,7,2,1,-3.0,0,6,9,5,4,8,5.026001513004301,0,2,9,7,2,2,1.9018203020095803,1,0,7,7,0,1,4.378967329263686,0,4,9,6,3,4,-0.6180613770484943,1,0,7,7,0,1,2.8628593643903724,True,MASA,23879065_15,F:\bishe\Undergraduate-Graduation-Project\results\figures\defense_reward_training_stage\case_studies\image_cache\masa_23879065_15.tiff,0.0003111111111111111,0.0033333333333333335,0.0003111111111111111,35.31570898664007
74.36,4,2,0,42,275,5,C7,0,23,0.6092791666666667,7,0,1,2.512513766229152,2.8,8.0,4.0,0,4,9,6,3,3,-9.0,0,6,9,5,4,8,2.3920239806175214,0,2,9,7,2,2,1.6804373264312724,1,0,7,7,0,1,2.338663260042667,0,2,9,7,2,1,2.0134668226242045,1,0,7,7,0,1,2.512513766229152,True,MASA,23729080_15,F:\bishe\Undergraduate-Graduation-Project\results\figures\defense_reward_training_stage\case_studies\image_cache\masa_23729080_15.tiff,6.666666666666667e-05,0.0008333333333333334,6.666666666666667e-05,33.71020601299033
73.36,4,3,0,42,150,10,C7,20,9,0.3349416666666667,7,0,1,3.2553030168414105,2.8,6.0,3.0,0,4,9,6,3,0,-3.0,0,4,9,6,3,6,4.062357425689696,1,0,9,8,1,2,2.165356636047361,0,2,9,7,2,0,-1.0812577807903303,0,4,9,6,3,0,3.045998067855833,1,0,7,7,0,1,3.2553030168414105,True,MASA,23878945_15,F:\bishe\Undergraduate-Graduation-Project\results\figures\defense_reward_training_stage\case_studies\image_cache\masa_23878945_15.tiff,0.2652,1.0,0.26520000000000005,96.49700061212924
73.36,4,3,0,123,200,2,C7,0,23,0.4443541666666666,7,0,1,1.734021074116229,2.8,6.0,3.0,1,0,9,8,1,1,0.0,0,4,9,6,3,6,3.5019655823707563,0,4,9,6,3,3,-1.4593894481658956,0,4,9,6,3,0,-2.5328774473071114,0,2,9,7,2,0,0.8957226748466472,1,0,7,7,0,1,1.734021074116229,True,MASA,22828915_15,F:\bishe\Undergraduate-Graduation-Project\results\figures\defense_reward_training_stage\case_studies\image_cache\masa_22828915_15.tiff,1.1111111111111112e-05,0.0002777777777777778,1.1111111111111112e-05,37.67042109064696
72.88,4,1,2,321,230,3,C7,20,3,0.5126625,7,0,1,4.710753404140471,2.4,7.0,4.0,1,0,7,7,0,1,2.0,0,7,8,4,4,7,4.45424175262451,0,1,8,7,1,0,2.3454567193984968,0,1,8,7,1,1,-0.3632440140843403,0,3,8,6,2,0,0.2178272285461404,1,0,7,7,0,1,4.710753404140471,True,MASA,23729050_15,F:\bishe\Undergraduate-Graduation-Project\results\figures\defense_reward_training_stage\case_studies\image_cache\masa_23729050_15.tiff,0.00023333333333333333,0.0022222222222222222,0.00023333333333333333,41.78051892159278
72.36,4,3,0,42,30,16,C7,0,23,0.0677791666666666,7,0,1,4.956355147600174,2.8,5.0,3.0,0,4,9,6,3,3,-9.0,0,4,9,6,3,2,5.045944929122923,0,4,9,6,3,5,-3.0035067200660723,1,0,7,7,0,1,2.8779695788025843,0,2,9,7,2,1,-2.1249706196784994,1,0,7,7,0,1,4.956355147600174,True,MASA,23879050_15,F:\bishe\Undergraduate-Graduation-Project\results\figures\defense_reward_training_stage\case_studies\image_cache\masa_23879050_15.tiff,0.0007666666666666667,0.018333333333333333,0.0007666666666666666,36.216450347127086
72.36,4,3,0,123,305,16,C7,1,24,0.6747770833333333,7,0,1,5.125178422570228,2.8,5.0,3.0,0,4,9,6,3,0,-3.0,0,4,9,6,3,5,4.701124012470244,1,0,7,7,0,1,6.195007920265196,0,4,9,6,3,0,0.0466905289888371,0,2,9,7,2,1,2.990687357902525,1,0,7,7,0,1,5.125178422570228,True,MASA,23879050_15,F:\bishe\Undergraduate-Graduation-Project\results\figures\defense_reward_training_stage\case_studies\image_cache\masa_23879050_15.tiff,0.0007666666666666667,0.018333333333333333,0.0007666666666666666,36.216450347127086
72.36,4,1,1,321,415,15,C7,0,23,0.91779375,7,0,1,2.945889509260654,2.8,7.0,4.0,0,3,8,6,2,0,-4.0,0,7,8,4,4,7,4.46963584423065,0,1,8,7,1,0,0.8749310374259931,1,0,7,7,0,1,4.523697314560412,0,3,8,6,2,0,2.774171916484831,1,0,7,7,0,1,2.945889509260654,True,MASA,23879035_15,F:\bishe\Undergraduate-Graduation-Project\results\figures\defense_reward_training_stage\case_studies\image_cache\masa_23879035_15.tiff,0.0002888888888888889,0.003611111111111111,0.0002888888888888889,43.94926219533445
72.32,4,2,0,123,195,11,C7,9,20,0.4336916666666666,7,0,1,4.60331171953678,3.6,5.0,4.0,1,0,7,7,0,1,0.0,0,7,8,4,4,5,4.623532354831694,0,5,8,5,3,3,-3.3458335399627703,0,3,8,6,2,0,0.4494303092360482,0,3,8,6,2,1,-1.8331526088714616,1,0,7,7,0,1,4.60331171953678,True,MASA,23878975_15,F:\bishe\Undergraduate-Graduation-Project\results\figures\defense_reward_training_stage\case_studies\image_cache\masa_23878975_15.tiff,0.03277777777777778,0.5358333333333334,0.032777777777777774,50.49974813842539
71.36,4,2,1,123,55,9,C7,21,4,0.1248416666666666,7,0,1,2.794330065488815,2.8,4.0,4.0,0,1,8,7,1,2,-4.0,0,3,8,6,2,4,4.029187917709349,1,0,7,7,0,1,3.448870718479155,0,7,8,4,4,2,-3.9036753937602056,0,3,8,6,2,3,-0.0586483125686663,1,0,7,7,0,1,2.794330065488815,True,MASA,23878930_15,F:\bishe\Undergraduate-Graduation-Project\results\figures\defense_reward_training_stage\case_studies\image_cache\masa_23878930_15.tiff,0.23595555555555556,1.0,0.23595555555555556,86.20615108195106
71.36,4,3,0,123,95,6,C7,1,24,0.2133416666666666,7,0,1,1.595237570047378,2.8,4.0,3.0,1,0,7,7,0,1,0.0,0,4,9,6,3,4,2.632106125354765,0,4,9,6,3,2,-4.638726949691774,0,4,9,6,3,0,-2.9917501634359374,0,2,9,7,2,2,-3.2755402069091817,1,0,7,7,0,1,1.595237570047378,True,MASA,23729095_15,F:\bishe\Undergraduate-Graduation-Project\results\figures\defense_reward_training_stage\case_studies\image_cache\masa_23729095_15.tiff,3.3333333333333335e-05,0.0008333333333333334,3.3333333333333335e-05,34.40977889470552
70.92,4,1,3,42,420,20,C7,24,5,0.92644375,7,0,1,2.908308418631553,1.6,6.0,3.0,1,0,7,7,0,1,0.0,0,5,8,5,3,6,4.698477745056151,0,1,8,7,1,0,1.5725150108337385,0,1,8,7,1,1,-0.8807760590314877,0,1,8,7,1,0,2.466954111576079,1,0,7,7,0,1,2.908308418631553,True,MASA,24029035_15,F:\bishe\Undergraduate-Graduation-Project\results\figures\defense_reward_training_stage\case_studies\image_cache\masa_24029035_15.tiff,3.3333333333333335e-05,0.0005555555555555556,3.333333333333333e-05,40.641362415040554
70.88,4,2,0,123,270,3,C7,9,20,0.5984833333333334,7,0,1,2.927329946100711,2.4,6.0,3.0,0,4,9,6,3,1,-5.0,0,4,9,6,3,6,6.427373766899107,0,2,9,7,2,1,-0.2226702570915242,0,2,9,7,2,1,-0.7254909667372715,1,0,7,7,0,1,6.262020691871642,1,0,7,7,0,1,2.927329946100711,True,MASA,23729050_15,F:\bishe\Undergraduate-Graduation-Project\results\figures\defense_reward_training_stage\case_studies\image_cache\masa_23729050_15.tiff,0.00023333333333333333,0.0022222222222222222,0.00023333333333333333,41.78051892159278
70.84,4,1,0,123,290,11,C7,15,4,0.6421708333333334,7,0,1,4.365436517238616,3.2,6.0,4.0,0,3,8,6,2,2,-4.0,0,7,8,4,4,6,3.3443162441253644,1,0,7,7,0,1,3.735106527805327,0,3,8,6,2,2,-1.2182432258129137,0,3,8,6,2,1,-1.589089171886446,1,0,7,7,0,1,4.365436517238616,True,MASA,23878975_15,F:\bishe\Undergraduate-Graduation-Project\results\figures\defense_reward_training_stage\case_studies\image_cache\masa_23878975_15.tiff,0.03277777777777778,0.5358333333333334,0.032777777777777774,50.49974813842539
70.84,4,1,0,321,355,5,C7,3,20,0.7868354166666667,7,0,1,2.581222306728362,3.2,6.0,4.0,0,2,7,6,1,0,-3.0,0,8,7,3,4,6,1.764339148998259,1,0,7,7,0,1,6.429030060768127,0,2,7,6,1,1,-0.4286200714111337,0,4,7,5,2,3,-2.25482184648514,1,0,7,7,0,1,2.581222306728362,True,MASA,23729080_15,F:\bishe\Undergraduate-Graduation-Project\results\figures\defense_reward_training_stage\case_studies\image_cache\masa_23729080_15.tiff,6.666666666666667e-05,0.0008333333333333334,6.666666666666667e-05,33.71020601299033
70.36,4,1,0,42,355,2,C7,5,24,0.78395,7,0,1,1.6806377222537985,2.8,6.0,4.0,0,2,7,6,1,0,-1.0,0,8,7,3,4,6,3.393824636936187,1,0,7,7,0,1,4.524089753627775,0,2,7,6,1,0,1.075388232171535,0,2,7,6,1,1,-0.0749737477302565,1,0,7,7,0,1,1.6806377222537985,True,MASA,22828915_15,F:\bishe\Undergraduate-Graduation-Project\results\figures\defense_reward_training_stage\case_studies\image_cache\masa_22828915_15.tiff,1.1111111111111112e-05,0.0002777777777777778,1.1111111111111112e-05,37.67042109064696
69.36,4,1,0,42,70,20,C7,0,23,0.1576875,7,0,1,3.8916314353942862,2.8,6.0,3.0,0,4,7,5,2,1,-5.0,0,6,7,4,3,6,3.858269393444061,0,2,7,6,1,1,0.6295458078384384,1,0,7,7,0,1,4.513843164741992,0,2,7,6,1,0,2.009387938499449,1,0,7,7,0,1,3.8916314353942862,True,MASA,24029035_15,F:\bishe\Undergraduate-Graduation-Project\results\figures\defense_reward_training_stage\case_studies\image_cache\masa_24029035_15.tiff,3.3333333333333335e-05,0.0005555555555555556,3.333333333333333e-05,40.641362415040554
69.36,4,1,0,42,130,9,C7,4,21,0.29044375,7,0,1,2.4650933598875997,2.8,6.0,3.0,0,2,7,6,1,0,-5.0,0,6,7,4,3,6,3.758121073246001,0,2,7,6,1,1,0.4931527972221361,0,4,7,5,2,2,-2.33298450857401,1,0,7,7,0,1,3.620518847942351,1,0,7,7,0,1,2.4650933598875997,True,MASA,23878930_15,F:\bishe\Undergraduate-Graduation-Project\results\figures\defense_reward_training_stage\case_studies\image_cache\masa_23878930_15.tiff,0.23595555555555556,1.0,0.23595555555555556,86.20615108195106
68.88,4,1,0,321,135,12,C7,4,15,0.3033,7,0,1,5.609493871569633,2.4,6.0,3.0,0,2,7,6,1,0,-5.0,0,6,7,4,3,6,4.828614234924316,0,2,7,6,1,0,1.5061122775077804,0,2,7,6,1,0,0.7548303258419025,1,0,7,7,0,1,7.321726306915282,1,0,7,7,0,1,5.609493871569633,True,MASA,23878990_15,F:\bishe\Undergraduate-Graduation-Project\results\figures\defense_reward_training_stage\case_studies\image_cache\masa_23878990_15.tiff,0.0006111111111111111,0.014166666666666666,0.0006111111111111111,48.52935049911557
68.88,4,1,0,123,265,4,C7,20,3,0.5873291666666667,7,0,1,4.979740213394164,2.4,6.0,3.0,0,2,7,6,1,0,-3.0,0,6,7,4,3,6,4.984539985656737,0,2,7,6,1,0,3.2665215730667105,0,2,7,6,1,0,1.9165101903676975,1,0,7,7,0,1,3.9964393820762623,1,0,7,7,0,1,4.979740213394164,True,MASA,23729065_15,F:\bishe\Undergraduate-Graduation-Project\results\figures\defense_reward_training_stage\case_studies\image_cache\masa_23729065_15.tiff,0.0,0.0,0.0,34.157371284584634
68.88,4,1,0,321,265,11,C7,15,4,0.5896979166666667,7,0,1,2.520364876627921,2.4,6.0,3.0,0,2,7,6,1,0,-3.0,0,6,7,4,3,6,3.2776453495025626,0,2,7,6,1,0,2.3372079730033857,1,0,7,7,0,1,2.414489876627921,0,2,7,6,1,0,2.45824548435211,1,0,7,7,0,1,2.520364876627921,True,MASA,23878975_15,F:\bishe\Undergraduate-Graduation-Project\results\figures\defense_reward_training_stage\case_studies\image_cache\masa_23878975_15.tiff,0.03277777777777778,0.5358333333333334,0.032777777777777774,50.49974813842539
68.88,4,1,0,42,270,0,C7,0,19,0.5981458333333334,7,0,1,1.9222445314526544,2.4,6.0,3.0,0,2,7,6,1,0,-5.0,0,6,7,4,3,6,2.759241104125976,0,2,7,6,1,0,-0.1746725440025345,0,2,7,6,1,0,-1.6091022220253954,1,0,7,7,0,1,2.4136466827392566,1,0,7,7,0,1,1.9222445314526544,True,MASA,22678915_15,F:\bishe\Undergraduate-Graduation-Project\results\figures\defense_reward_training_stage\case_studies\image_cache\masa_22678915_15.tiff,0.0002,0.005,0.0002,44.629645865908515
68.88,4,1,0,321,315,26,C7,4,15,0.6991770833333333,7,0,1,4.36607389652729,2.4,6.0,3.0,0,2,7,6,1,0,-3.0,0,6,7,4,3,6,3.425061047077178,0,2,7,6,1,0,0.1522344946861251,1,0,7,7,0,1,2.227368653714656,0,2,7,6,1,0,2.293020216941832,1,0,7,7,0,1,4.36607389652729,True,MASA,24179020_15,F:\bishe\Undergraduate-Graduation-Project\results\figures\defense_reward_training_stage\case_studies\image_cache\masa_24179020_15.tiff,0.0,0.0,0.0,44.91017544936357
68.88,4,1,0,42,330,14,C7,0,19,0.7297166666666667,7,0,1,2.841730246484279,2.4,6.0,3.0,0,2,7,6,1,0,-3.0,0,6,7,4,3,6,4.543001890182494,0,2,7,6,1,0,3.934954583644866,0,2,7,6,1,0,0.0106977006793009,1,0,7,7,0,1,4.442648693561553,1,0,7,7,0,1,2.841730246484279,True,MASA,23879020_15,F:\bishe\Undergraduate-Graduation-Project\results\figures\defense_reward_training_stage\case_studies\image_cache\masa_23879020_15.tiff,3.3333333333333335e-05,0.0008333333333333334,3.3333333333333335e-05,44.616353129331145
68.88,4,1,0,321,390,6,C7,0,23,0.8633083333333333,7,0,1,1.6725299289226525,2.4,6.0,3.0,0,2,7,6,1,0,-3.0,0,6,7,4,3,6,1.988451421260832,0,2,7,6,1,0,-0.7425495386123673,1,0,7,7,0,1,1.5603136757016172,0,2,7,6,1,0,1.8618056459426864,1,0,7,7,0,1,1.6725299289226525,True,MASA,23729095_15,F:\bishe\Undergraduate-Graduation-Project\results\figures\defense_reward_training_stage\case_studies\image_cache\masa_23729095_15.tiff,3.3333333333333335e-05,0.0008333333333333334,3.3333333333333335e-05,34.40977889470552
68.36,4,1,0,321,170,19,C7,19,0,0.3812770833333333,7,0,1,2.2158969213962547,2.8,5.0,3.0,1,0,7,7,0,1,0.0,0,6,7,4,3,5,3.4570741057395926,0,2,7,6,1,0,1.329018056392668,0,4,7,5,2,0,-2.833316552042962,0,2,7,6,1,0,-0.6260670065879836,1,0,7,7,0,1,2.2158969213962547,True,MASA,23879110_15,F:\bishe\Undergraduate-Graduation-Project\results\figures\defense_reward_training_stage\case_studies\image_cache\masa_23879110_15.tiff,7.777777777777778e-05,0.0019444444444444444,7.777777777777778e-05,34.13187372905267
68.36,4,1,0,123,200,3,C7,21,4,0.44436875,7,0,1,2.926610170841216,2.8,5.0,3.0,0,2,7,6,1,0,-3.0,0,6,7,4,3,5,3.4877299666404715,1,0,7,7,0,1,4.941474735736845,0,2,7,6,1,0,1.9193456771969788,0,4,7,5,2,2,-0.5731018433570878,1,0,7,7,0,1,2.926610170841216,True,MASA,23729050_15,F:\bishe\Undergraduate-Graduation-Project\results\figures\defense_reward_training_stage\case_studies\image_cache\masa_23729050_15.tiff,0.00023333333333333333,0.0022222222222222222,0.00023333333333333333,41.78051892159278
68.36,4,1,0,42,350,11,C7,23,0,0.7729,7,0,1,4.6346309726834285,2.8,4.0,4.0,0,2,7,6,1,0,-3.0,0,8,7,3,4,4,3.1110172867774954,1,0,7,7,0,1,5.788896739482878,0,2,7,6,1,0,-2.037972147762777,0,2,7,6,1,0,0.985119847774504,1,0,7,7,0,1,4.6346309726834285,True,MASA,23878975_15,F:\bishe\Undergraduate-Graduation-Project\results\figures\defense_reward_training_stage\case_studies\image_cache\masa_23878975_15.tiff,0.03277777777777778,0.5358333333333334,0.032777777777777774,50.49974813842539
67.88,4,1,0,123,260,8,C7,21,4,0.5763479166666666,7,0,1,2.5879765799045558,2.4,5.0,3.0,0,2,7,6,1,0,-1.0,0,6,7,4,3,5,3.721038341522216,0,2,7,6,1,0,3.144816637039184,1,0,7,7,0,1,4.744997611045837,0,2,7,6,1,1,2.4005886077880847,1,0,7,7,0,1,2.5879765799045558,True,MASA,23878915_15,F:\bishe\Undergraduate-Graduation-Project\results\figures\defense_reward_training_stage\case_studies\image_cache\masa_23878915_15.tiff,0.27994444444444444,1.0,0.2799444444444445,80.74584833253299
67.88,4,1,0,123,275,3,C7,21,4,0.6093458333333334,7,0,1,2.8776579802632325,2.4,5.0,3.0,1,0,7,7,0,1,2.0,0,6,7,4,3,5,3.70141053199768,0,2,7,6,1,0,3.2522850036621085,0,2,7,6,1,0,1.9193456771969788,0,2,7,6,1,1,-1.1494912438392657,1,0,7,7,0,1,2.8776579802632325,True,MASA,23729050_15,F:\bishe\Undergraduate-Graduation-Project\results\figures\defense_reward_training_stage\case_studies\image_cache\masa_23729050_15.tiff,0.00023333333333333333,0.0022222222222222222,0.00023333333333333333,41.78051892159278
67.88,4,1,0,321,385,4,C7,5,24,0.8524125,7,0,1,2.881767319679259,2.4,5.0,3.0,1,0,7,7,0,1,2.0,0,6,7,4,3,5,4.073207914829253,0,2,7,6,1,1,0.8171657323837265,0,2,7,6,1,2,-0.3287206703424465,0,2,7,6,1,0,3.0213427824974044,1,0,7,7,0,1,2.881767319679259,True,MASA,23729065_15,F:\bishe\Undergraduate-Graduation-Project\results\figures\defense_reward_training_stage\case_studies\image_cache\masa_23729065_15.tiff,0.0,0.0,0.0,34.157371284584634
67.36,4,1,0,123,235,2,C7,0,19,0.5210354166666666,7,0,1,2.1703984057307237,2.8,4.0,3.0,0,3,8,6,2,0,-2.0,0,5,8,5,3,4,2.8475767970085126,0,3,8,6,2,0,1.0087155699729902,1,0,7,7,0,1,2.007151735723017,0,3,8,6,2,1,-3.106071794509889,1,0,7,7,0,1,2.1703984057307237,True,MASA,22828915_15,F:\bishe\Undergraduate-Graduation-Project\results\figures\defense_reward_training_stage\case_studies\image_cache\masa_22828915_15.tiff,1.1111111111111112e-05,0.0002777777777777778,1.1111111111111112e-05,37.67042109064696
67.36,4,2,0,123,300,10,C7,0,23,0.6638020833333333,9,1,1,3.20922344726324,2.8,7.0,4.0,1,0,9,8,1,1,-2.0,0,6,9,5,4,7,1.5485434532165507,0,2,9,7,2,3,2.416893541812895,0,2,9,7,2,0,-1.5697147095203414,0,4,9,6,3,0,1.6208599519729594,1,0,9,8,1,1,3.20922344726324,True,MASA,23878945_15,F:\bishe\Undergraduate-Graduation-Project\results\figures\defense_reward_training_stage\case_studies\image_cache\masa_23878945_15.tiff,0.2652,1.0,0.26520000000000005,96.49700061212924
65.88,4,1,1,321,105,6,C7,3,20,0.2366104166666666,7,0,1,3.723760736525058,2.4,2.0,3.0,0,5,8,5,3,2,-8.0,0,3,8,6,2,2,2.4677682518959028,0,1,8,7,1,0,-0.3120963573455828,1,0,7,7,0,1,1.770724935233592,0,3,8,6,2,0,1.6321308293342571,1,0,7,7,0,1,3.723760736525058,True,MASA,23729095_15,F:\bishe\Undergraduate-Graduation-Project\results\figures\defense_reward_training_stage\case_studies\image_cache\masa_23729095_15.tiff,3.3333333333333335e-05,0.0008333333333333334,3.3333333333333335e-05,34.40977889470552
65.4,4,1,0,321,305,2,C7,20,9,0.6771479166666666,7,0,1,1.9160185863971704,2.0,4.0,2.0,0,2,7,6,1,0,-3.0,0,4,7,5,2,4,1.5727245211601242,1,0,7,7,0,1,2.7065857648849474,0,2,7,6,1,0,-1.027783893942834,0,2,7,6,1,0,1.216115085601805,1,0,7,7,0,1,1.9160185863971704,True,MASA,22828915_15,F:\bishe\Undergraduate-Graduation-Project\results\figures\defense_reward_training_stage\case_studies\image_cache\masa_22828915_15.tiff,1.1111111111111112e-05,0.0002777777777777778,1.1111111111111112e-05,37.67042109064696
64.44,4,0,3,123,335,7,C7,20,3,0.7402333333333333,7,0,1,4.194622272789477,1.2,3.0,2.0,0,1,8,7,1,0,-2.0,0,3,8,6,2,3,4.218716084957121,1,0,7,7,0,1,3.385150372982024,0,1,8,7,1,0,0.406408337354659,0,1,8,7,1,0,0.8569578447341901,1,0,7,7,0,1,4.194622272789477,True,MASA,23729110_15,F:\bishe\Undergraduate-Graduation-Project\results\figures\defense_reward_training_stage\case_studies\image_cache\masa_23729110_15.tiff,0.37962222222222225,1.0,0.37962222222222225,93.31517927750956
64.44,4,0,3,321,345,0,C7,20,3,0.7648645833333333,7,0,1,3.533362004697322,1.2,3.0,2.0,1,0,7,7,0,1,2.0,0,3,8,6,2,3,1.5158609151840192,0,1,8,7,1,0,0.7891776561737043,0,1,8,7,1,0,-0.5463155904412282,0,1,8,7,1,0,0.3864238853454571,1,0,7,7,0,1,3.533362004697322,True,MASA,22678915_15,F:\bishe\Undergraduate-Graduation-Project\results\figures\defense_reward_training_stage\case_studies\image_cache\masa_22678915_15.tiff,0.0002,0.005,0.0002,44.629645865908515
63.36,4,0,0,42,105,3,C7,0,23,0.2351916666666666,7,0,1,5.124010029971599,2.8,3.0,2.0,0,4,7,5,2,2,-7.0,0,4,7,5,2,3,3.5837101340293875,0,4,7,5,2,1,1.396354794502257,1,0,7,7,0,1,2.243680819272994,0,2,7,6,1,0,3.685274450302123,1,0,7,7,0,1,5.124010029971599,True,MASA,23729050_15,F:\bishe\Undergraduate-Graduation-Project\results\figures\defense_reward_training_stage\case_studies\image_cache\masa_23729050_15.tiff,0.00023333333333333333,0.0022222222222222222,0.00023333333333333333,41.78051892159278
62.4,4,0,0,123,230,2,C7,4,21,0.5098645833333333,7,0,1,2.120028549969196,2.0,3.0,2.0,1,0,7,7,0,1,2.0,0,4,7,5,2,3,3.7003945708274832,0,2,7,6,1,0,0.0475806593894942,0,2,7,6,1,0,0.8864253404736508,0,2,7,6,1,0,-0.0362245159149187,1,0,7,7,0,1,2.120028549969196,True,MASA,22828915_15,F:\bishe\Undergraduate-Graduation-Project\results\figures\defense_reward_training_stage\case_studies\image_cache\masa_22828915_15.tiff,1.1111111111111112e-05,0.0002777777777777778,1.1111111111111112e-05,37.67042109064696
75.8,4,4,0,42,230,3,C6,14,0,0.5106020833333333,6,0,1,3.353948346972465,4.0,6.0,5.0,0,4,8,5,3,0,-2.0,0,8,8,3,5,6,5.34769958257675,1,0,6,6,0,1,4.314976811408996,0,4,8,5,3,2,-2.258862343778214,0,4,8,5,3,2,-1.420241769313814,1,0,6,6,0,1,3.353948346972465,True,MASA,23729050_15,F:\bishe\Undergraduate-Graduation-Project\results\figures\defense_reward_training_stage\case_studies\image_cache\masa_23729050_15.tiff,0.00023333333333333333,0.0022222222222222222,0.00023333333333333333,41.78051892159278
75.36,4,3,1,42,275,3,C6,15,3,0.6092479166666667,6,0,1,3.1502190663913883,2.8,8.0,5.0,0,3,9,6,3,1,-5.0,0,7,9,4,5,8,5.575214505195616,0,3,9,6,3,0,2.288908362388609,0,1,9,7,2,0,0.914779002616802,1,0,6,6,0,1,4.219994256496428,1,0,6,6,0,1,3.1502190663913883,True,MASA,23729050_15,F:\bishe\Undergraduate-Graduation-Project\results\figures\defense_reward_training_stage\case_studies\image_cache\masa_23729050_15.tiff,0.00023333333333333333,0.0022222222222222222,0.00023333333333333333,41.78051892159278
75.32,4,4,0,123,305,9,C6,16,4,0.67470625,6,0,1,3.210678438792625,3.6,7.0,4.0,1,0,6,6,0,1,3.0,0,6,8,4,4,7,5.095568656921385,0,4,8,5,3,0,2.5963645577430707,0,4,8,5,3,0,1.2497270938257363,0,4,8,5,3,1,0.3409641499519333,1,0,6,6,0,1,3.210678438792625,True,MASA,23878930_15,F:\bishe\Undergraduate-Graduation-Project\results\figures\defense_reward_training_stage\case_studies\image_cache\masa_23878930_15.tiff,0.23595555555555556,1.0,0.23595555555555556,86.20615108195106
73.84,4,3,1,123,270,1,C6,2,24,0.59845625,6,0,1,2.5088174292941883,3.2,7.0,4.0,1,0,6,6,0,1,3.0,0,5,9,5,4,7,2.713605940341948,0,5,9,5,4,3,-4.1254740357399005,0,5,9,5,4,0,-0.3005318616827345,0,1,9,7,2,0,-1.4823284311294571,1,0,6,6,0,1,2.5088174292941883,True,MASA,22678930_15,F:\bishe\Undergraduate-Graduation-Project\results\figures\defense_reward_training_stage\case_studies\image_cache\masa_22678930_15.tiff,6.666666666666667e-05,0.001388888888888889,6.666666666666667e-05,35.950311306844696
73.4,4,3,2,321,375,12,C6,10,4,0.8306895833333333,6,0,1,5.87935026705265,2.0,7.0,4.0,1,0,6,6,0,1,1.0,0,5,9,5,4,7,6.167752325534819,0,3,9,6,3,1,3.216684162616728,0,1,9,7,2,4,0.8752877762416987,0,1,9,7,2,0,0.9958175716400126,1,0,6,6,0,1,5.87935026705265,True,MASA,23878990_15,F:\bishe\Undergraduate-Graduation-Project\results\figures\defense_reward_training_stage\case_studies\image_cache\masa_23878990_15.tiff,0.0006111111111111111,0.014166666666666666,0.0006111111111111111,48.52935049911557
73.36,4,4,0,123,165,11,C6,20,2,0.3682916666666667,6,0,1,3.0484127679963904,2.8,6.0,4.0,1,0,6,6,0,1,1.0,0,3,9,6,3,6,4.531861722469328,0,5,9,5,4,0,1.588335037231443,0,3,9,6,3,0,-0.0087072904904694,0,3,9,6,3,1,-0.2270558280944846,1,0,6,6,0,1,3.0484127679963904,True,MASA,23878975_15,F:\bishe\Undergraduate-Graduation-Project\results\figures\defense_reward_training_stage\case_studies\image_cache\masa_23878975_15.tiff,0.03277777777777778,0.5358333333333334,0.032777777777777774,50.49974813842539
72.36,4,3,1,321,75,15,C6,16,4,0.1694729166666666,6,0,1,3.4084355301658307,2.8,5.0,5.0,0,1,9,7,2,1,-5.0,0,7,9,4,5,5,4.572840213775633,1,0,6,6,0,1,6.393866837024688,0,3,9,6,3,3,0.7534411218762388,0,3,9,6,3,0,0.4222009010314921,1,0,6,6,0,1,3.4084355301658307,True,MASA,23879035_15,F:\bishe\Undergraduate-Graduation-Project\results\figures\defense_reward_training_stage\case_studies\image_cache\masa_23879035_15.tiff,0.0002888888888888889,0.003611111111111111,0.0002888888888888889,43.94926219533445
72.36,4,3,1,123,130,16,C6,22,4,0.2914791666666667,6,0,1,2.917075259685516,2.8,6.0,4.0,0,1,9,7,2,1,-3.0,0,3,9,6,3,6,4.794541478157042,1,0,8,7,1,1,2.620379924774169,0,5,9,5,4,2,-0.7521525217592729,0,5,9,5,4,2,-1.7356947917938252,1,0,6,6,0,1,2.917075259685516,True,MASA,23879050_15,F:\bishe\Undergraduate-Graduation-Project\results\figures\defense_reward_training_stage\case_studies\image_cache\masa_23879050_15.tiff,0.0007666666666666667,0.018333333333333333,0.0007666666666666666,36.216450347127086
70.84,4,3,1,42,205,12,C6,6,24,0.45638125,6,0,1,3.7676316675543777,3.2,5.0,3.0,0,5,7,4,3,0,-5.0,0,5,7,4,3,5,5.265083849430083,0,1,7,6,1,1,1.5404955148696886,1,0,6,6,0,1,3.6795066675543775,0,5,7,4,3,0,-0.1660778298378006,1,0,6,6,0,1,3.7676316675543777,True,MASA,23878990_15,F:\bishe\Undergraduate-Graduation-Project\results\figures\defense_reward_training_stage\case_studies\image_cache\masa_23878990_15.tiff,0.0006111111111111111,0.014166666666666666,0.0006111111111111111,48.52935049911557
70.32,4,4,0,123,320,9,C6,2,24,0.7074041666666666,8,1,1,3.675347978224356,3.6,8.0,4.0,0,3,9,6,3,2,-7.0,0,5,9,5,4,8,4.62787079811096,0,5,9,5,4,1,0.3595720529556254,0,5,9,5,4,3,-2.2770453393459333,1,0,8,7,1,1,3.1203581609725943,1,0,8,7,1,1,3.675347978224356,True,MASA,23878930_15,F:\bishe\Undergraduate-Graduation-Project\results\figures\defense_reward_training_stage\case_studies\image_cache\masa_23878930_15.tiff,0.23595555555555556,1.0,0.23595555555555556,86.20615108195106
69.36,4,2,0,123,400,9,C6,15,3,0.882575,6,0,1,3.2457380887866014,2.8,6.0,4.0,0,2,8,6,2,2,-4.0,0,6,8,4,4,6,6.027093291282652,0,2,8,6,2,0,2.98462265729904,0,4,8,5,3,0,1.5887279762824362,1,0,6,6,0,1,6.3952325081825245,1,0,6,6,0,1,3.2457380887866014,True,MASA,23878930_15,F:\bishe\Undergraduate-Graduation-Project\results\figures\defense_reward_training_stage\case_studies\image_cache\masa_23878930_15.tiff,0.23595555555555556,1.0,0.23595555555555556,86.20615108195106
68.88,4,1,2,321,190,8,C6,1,23,0.4249208333333333,6,0,1,3.4631575559079644,2.4,6.0,4.0,0,1,7,6,1,0,-1.0,0,7,7,3,4,6,4.298532247543334,0,1,7,6,1,0,3.1939147710800158,1,0,6,6,0,1,5.248776425023872,0,3,7,5,2,1,3.064226202964781,1,0,6,6,0,1,3.4631575559079644,True,MASA,23878915_15,F:\bishe\Undergraduate-Graduation-Project\results\figures\defense_reward_training_stage\case_studies\image_cache\masa_23878915_15.tiff,0.27994444444444444,1.0,0.2799444444444445,80.74584833253299
68.36,4,2,1,321,185,3,C6,9,21,0.4136479166666666,6,0,1,3.687864825824896,2.8,5.0,3.0,0,5,7,4,3,4,-7.0,0,5,7,4,3,5,3.9939778447151175,0,3,7,5,2,1,-1.0124835968017594,0,1,7,6,1,0,1.9159633010625827,1,0,6,6,0,1,4.831485757827758,1,0,6,6,0,1,3.687864825824896,True,MASA,23729050_15,F:\bishe\Undergraduate-Graduation-Project\results\figures\defense_reward_training_stage\case_studies\image_cache\masa_23729050_15.tiff,0.00023333333333333333,0.0022222222222222222,0.00023333333333333333,41.78051892159278
67.92,4,1,3,321,180,14,C6,0,18,0.4028354166666666,6,0,1,5.523391297906636,1.6,6.0,3.0,0,1,7,6,1,0,-3.0,0,5,7,4,3,6,3.9644854664802542,0,1,7,6,1,0,3.534750223159789,1,0,6,6,0,1,3.658739951848983,0,1,7,6,1,0,3.1952715086936934,1,0,6,6,0,1,5.523391297906636,True,MASA,23879020_15,F:\bishe\Undergraduate-Graduation-Project\results\figures\defense_reward_training_stage\case_studies\image_cache\masa_23879020_15.tiff,3.3333333333333335e-05,0.0008333333333333334,3.3333333333333335e-05,44.616353129331145
67.84,4,1,0,42,270,3,C6,15,3,0.5981770833333333,6,0,1,3.1502190663913883,3.2,6.0,4.0,0,3,7,5,2,0,-5.0,0,7,7,3,4,6,4.345912277698516,0,3,7,5,2,0,2.917089045047759,0,3,7,5,2,0,-1.900542235622804,1,0,6,6,0,1,4.219994256496428,1,0,6,6,0,1,3.1502190663913883,True,MASA,23729050_15,F:\bishe\Undergraduate-Graduation-Project\results\figures\defense_reward_training_stage\case_studies\image_cache\masa_23729050_15.tiff,0.00023333333333333333,0.0022222222222222222,0.00023333333333333333,41.78051892159278
67.4,4,3,1,42,55,12,C6,20,14,0.124125,6,0,1,3.410394648412862,2.0,3.0,3.0,1,0,8,7,1,2,1.0,0,3,9,6,3,3,6.011251688003538,0,3,9,6,3,1,2.496723830699919,0,1,9,7,2,3,0.5172998294730967,0,3,9,6,3,1,3.080255825996397,1,0,6,6,0,1,3.410394648412862,True,MASA,23878990_15,F:\bishe\Undergraduate-Graduation-Project\results\figures\defense_reward_training_stage\case_studies\image_cache\masa_23878990_15.tiff,0.0006111111111111111,0.014166666666666666,0.0006111111111111111,48.52935049911557
67.4,4,1,2,123,350,3,C6,20,2,0.7728958333333333,6,0,1,3.220720556825399,2.0,6.0,3.0,1,0,6,6,0,1,1.0,0,5,7,4,3,6,4.505483150482177,0,3,7,5,2,0,3.126180946826934,0,1,7,6,1,1,1.8643362348278352,0,1,7,6,1,0,2.7021864376068097,1,0,6,6,0,1,3.220720556825399,True,MASA,23729050_15,F:\bishe\Undergraduate-Graduation-Project\results\figures\defense_reward_training_stage\case_studies\image_cache\masa_23729050_15.tiff,0.00023333333333333333,0.0022222222222222222,0.00023333333333333333,41.78051892159278
65.88,4,2,0,42,240,10,C6,24,6,0.5322666666666667,6,0,1,3.590193604379892,2.4,4.0,3.0,0,2,8,6,2,0,-4.0,0,4,8,5,3,4,4.74341160058975,0,4,8,5,3,1,3.097286164760588,1,0,6,6,0,1,3.5020686043798914,0,2,8,6,2,0,0.8436938571929914,1,0,6,6,0,1,3.590193604379892,True,MASA,23878945_15,F:\bishe\Undergraduate-Graduation-Project\results\figures\defense_reward_training_stage\case_studies\image_cache\masa_23878945_15.tiff,0.2652,1.0,0.26520000000000005,96.49700061212924
64.88,4,1,1,123,165,5,C6,4,16,0.3682166666666667,6,0,1,2.5940336994330075,2.4,4.0,3.0,0,3,7,5,2,0,-3.0,0,5,7,4,3,4,3.5265337824821463,0,1,7,6,1,0,0.765749573707579,1,0,6,6,0,1,5.082880275299151,0,3,7,5,2,0,2.144729785919188,1,0,6,6,0,1,2.5940336994330075,True,MASA,23729080_15,F:\bishe\Undergraduate-Graduation-Project\results\figures\defense_reward_training_stage\case_studies\image_cache\masa_23729080_15.tiff,6.666666666666667e-05,0.0008333333333333334,6.666666666666667e-05,33.71020601299033
64.88,4,1,0,42,310,6,C6,23,5,0.6857979166666667,6,0,1,2.6177831110358234,2.4,5.0,3.0,0,2,6,5,1,0,-2.0,0,6,6,3,3,5,2.5958741903305045,0,2,6,5,1,0,2.446465015411376,0,2,6,5,1,0,-0.3123552665114417,1,0,6,6,0,1,3.2852351760864247,1,0,6,6,0,1,2.6177831110358234,True,MASA,23729095_15,F:\bishe\Undergraduate-Graduation-Project\results\figures\defense_reward_training_stage\case_studies\image_cache\masa_23729095_15.tiff,3.3333333333333335e-05,0.0008333333333333334,3.3333333333333335e-05,34.40977889470552
64.88,4,1,0,321,335,21,C6,3,15,0.7429020833333333,6,0,1,3.366960946917533,2.4,5.0,3.0,0,2,6,5,1,0,-2.0,0,6,6,3,3,5,3.276279389858245,1,0,6,6,0,1,6.49748146533966,0,2,6,5,1,0,2.0900381809969737,0,2,6,5,1,0,3.562356465339659,1,0,6,6,0,1,3.366960946917533,True,MASA,24029050_15,F:\bishe\Undergraduate-Graduation-Project\results\figures\defense_reward_training_stage\case_studies\image_cache\masa_24029050_15.tiff,0.0015888888888888888,0.009722222222222222,0.0015888888888888888,47.84523880540244
64.44,4,1,3,123,130,6,C6,20,2,0.291375,6,0,1,3.1960811433196064,1.2,4.0,2.0,1,0,6,6,0,1,1.0,0,3,7,5,2,4,2.6952733993530265,0,1,7,6,1,1,-0.7686119675636307,0,1,7,6,1,0,-1.169788957486551,0,1,7,6,1,0,-0.6448424963951126,1,0,6,6,0,1,3.1960811433196064,True,MASA,23729095_15,F:\bishe\Undergraduate-Graduation-Project\results\figures\defense_reward_training_stage\case_studies\image_cache\masa_23729095_15.tiff,3.3333333333333335e-05,0.0008333333333333334,3.3333333333333335e-05,34.40977889470552
63.92,4,1,2,123,130,13,C6,21,3,0.29144375,6,0,1,3.0591229800879947,1.6,4.0,2.0,0,1,7,6,1,1,-3.0,0,3,7,5,2,4,2.9268925786018354,1,0,6,6,0,1,5.77522188425064,0,3,7,5,2,0,1.1085721909503137,0,1,7,6,1,0,2.209282832145689,1,0,6,6,0,1,3.0591229800879947,True,MASA,22828945_15,F:\bishe\Undergraduate-Graduation-Project\results\figures\defense_reward_training_stage\case_studies\image_cache\masa_22828945_15.tiff,0.0,0.0,0.0,33.040234472885345
63.88,4,1,0,42,110,15,C6,24,6,0.2465104166666666,6,0,1,3.5872110073268404,2.4,4.0,3.0,0,2,6,5,1,0,-2.0,0,6,6,3,3,4,4.033158242702483,0,2,6,5,1,0,-0.0077633261680616,0,2,6,5,1,0,-1.175273450265329,1,0,6,6,0,1,6.907729337215423,1,0,6,6,0,1,3.5872110073268404,True,MASA,23879035_15,F:\bishe\Undergraduate-Graduation-Project\results\figures\defense_reward_training_stage\case_studies\image_cache\masa_23879035_15.tiff,0.0002888888888888889,0.003611111111111111,0.0002888888888888889,43.94926219533445
63.36,4,2,0,321,110,9,C6,15,9,0.2475354166666666,8,1,1,4.563063451955715,2.8,6.0,4.0,0,2,8,6,2,0,-4.0,0,6,8,4,4,6,4.948095440864561,1,0,8,7,1,1,5.865103721618652,0,2,8,6,2,0,1.2894596116244776,0,4,8,5,3,2,-3.2166197552680984,1,0,8,7,1,1,4.563063451955715,True,MASA,23878930_15,F:\bishe\Undergraduate-Graduation-Project\results\figures\defense_reward_training_stage\case_studies\image_cache\masa_23878930_15.tiff,0.23595555555555556,1.0,0.23595555555555556,86.20615108195106
62.88,4,1,0,42,380,25,C6,0,22,0.83914375,6,0,1,4.54604684382677,2.4,4.0,2.0,1,0,6,6,0,1,3.0,0,4,6,4,2,4,2.310878753662108,0,2,6,5,1,0,2.188918411731719,0,4,6,4,2,0,-1.936634995291632,0,2,6,5,1,0,2.2488840751647934,1,0,6,6,0,1,4.54604684382677,True,MASA,24029110_15,F:\bishe\Undergraduate-Graduation-Project\results\figures\defense_reward_training_stage\case_studies\image_cache\masa_24029110_15.tiff,0.5082,1.0,0.5082,90.90832928539238
60.92,4,0,2,123,120,3,C6,21,3,0.2690208333333333,6,0,1,5.273723878165086,1.6,3.0,2.0,0,1,7,6,1,0,-3.0,0,3,7,5,2,3,4.868339836597442,1,0,6,6,0,1,6.4984774589538565,0,3,7,5,2,0,1.8972555115322265,0,1,7,6,1,0,1.331433268547057,1,0,6,6,0,1,5.273723878165086,True,MASA,23729050_15,F:\bishe\Undergraduate-Graduation-Project\results\figures\defense_reward_training_stage\case_studies\image_cache\masa_23729050_15.tiff,0.00023333333333333333,0.0022222222222222222,0.00023333333333333333,41.78051892159278
59.4,4,0,0,123,280,5,C6,6,24,0.6201770833333333,6,0,1,3.1114069915811218,2.0,3.0,2.0,1,0,6,6,0,1,1.0,0,4,6,4,2,3,3.40781819820404,0,2,6,5,1,1,3.040301024913787,0,2,6,5,1,0,-2.38555567726493,0,2,6,5,1,0,3.3651622467041,1,0,6,6,0,1,3.1114069915811218,True,MASA,23729080_15,F:\bishe\Undergraduate-Graduation-Project\results\figures\defense_reward_training_stage\case_studies\image_cache\masa_23729080_15.tiff,6.666666666666667e-05,0.0008333333333333334,6.666666666666667e-05,33.71020601299033
58.4,4,0,0,321,150,16,C6,21,3,0.33685625,6,0,1,3.0729644221067423,2.0,2.0,2.0,1,0,6,6,0,1,1.0,0,4,6,4,2,2,3.210109293460845,0,2,6,5,1,0,3.585921645164489,0,2,6,5,1,0,2.4416795481244717,0,2,6,5,1,0,1.7006911201477035,1,0,6,6,0,1,3.0729644221067423,True,MASA,23879050_15,F:\bishe\Undergraduate-Graduation-Project\results\figures\defense_reward_training_stage\case_studies\image_cache\masa_23879050_15.tiff,0.0007666666666666667,0.018333333333333333,0.0007666666666666666,36.216450347127086
58.4,4,0,0,42,175,8,C6,18,0,0.3903,6,0,1,3.200497780193885,2.0,2.0,2.0,0,2,6,5,1,0,-4.0,0,4,6,4,2,2,2.626729428768157,1,0,6,6,0,1,3.4372945427894583,0,2,6,5,1,0,0.7258371675014488,0,2,6,5,1,1,4.3471305899620045,1,0,6,6,0,1,3.200497780193885,True,MASA,23878915_15,F:\bishe\Undergraduate-Graduation-Project\results\figures\defense_reward_training_stage\case_studies\image_cache\masa_23878915_15.tiff,0.27994444444444444,1.0,0.2799444444444445,80.74584833253299
67.64,3,2,1,321,285,12,C8,0,24,0.63336875,8,0,1,2.521401425234972,2.2,8.0,4.0,0,3,9,7,2,4,-9.0,0,7,9,5,4,8,7.174681007862089,0,1,9,8,1,1,2.5910970568656904,1,0,8,8,0,1,2.9247606674954283,1,0,8,8,0,1,4.7630988593101495,1,0,8,8,0,1,2.521401425234972,True,MASA,23878990_15,F:\bishe\Undergraduate-Graduation-Project\results\figures\defense_reward_training_stage\case_studies\image_cache\masa_23878990_15.tiff,0.0006111111111111111,0.014166666666666666,0.0006111111111111111,48.52935049911557
67.12,3,2,0,321,175,8,C8,20,4,0.3920958333333333,8,0,1,4.7811479087620965,2.6,8.0,4.0,0,3,9,7,2,4,-9.0,0,7,9,5,4,8,5.977514564990996,1,0,8,8,0,1,2.4604812264442426,0,3,9,7,2,0,0.2803089789301138,1,0,8,8,0,1,4.307138823986053,1,0,8,8,0,1,4.7811479087620965,True,MASA,23878915_15,F:\bishe\Undergraduate-Graduation-Project\results\figures\defense_reward_training_stage\case_studies\image_cache\masa_23878915_15.tiff,0.27994444444444444,1.0,0.2799444444444445,80.74584833253299
65.64,3,1,1,123,230,3,C8,24,0,0.50988125,8,0,1,2.2084475436881177,2.2,8.0,4.0,1,0,8,8,0,1,-1.0,0,7,9,5,4,8,5.871609330177305,0,3,9,7,2,2,-1.6939094066619893,1,0,8,8,0,1,2.347780342847108,0,1,9,8,1,2,3.020594917774199,1,0,8,8,0,1,2.2084475436881177,True,MASA,23729050_15,F:\bishe\Undergraduate-Graduation-Project\results\figures\defense_reward_training_stage\case_studies\image_cache\masa_23729050_15.tiff,0.00023333333333333333,0.0022222222222222222,0.00023333333333333333,41.78051892159278
65.64,3,1,1,123,305,0,C8,24,0,0.6746020833333334,8,0,1,1.6010571330487715,2.2,8.0,4.0,1,0,8,8,0,1,-1.0,0,7,9,5,4,8,3.243601500988005,0,1,9,8,1,1,0.0532147288322428,0,3,9,7,2,0,-0.9289060189202444,1,0,8,8,0,1,4.0232864255905145,1,0,8,8,0,1,1.6010571330487715,True,MASA,22678915_15,F:\bishe\Undergraduate-Graduation-Project\results\figures\defense_reward_training_stage\case_studies\image_cache\masa_22678915_15.tiff,0.0002,0.005,0.0002,44.629645865908515
65.64,3,1,1,42,340,12,C8,0,24,0.7514770833333333,8,0,1,3.049260667495429,2.2,8.0,4.0,1,0,8,8,0,1,-1.0,0,7,9,5,4,8,6.05845260620117,0,1,9,8,1,2,2.6741313934326154,1,0,8,8,0,1,2.5235887405276287,0,3,9,7,2,0,3.06132275533676,1,0,8,8,0,1,3.049260667495429,True,MASA,23878990_15,F:\bishe\Undergraduate-Graduation-Project\results\figures\defense_reward_training_stage\case_studies\image_cache\masa_23878990_15.tiff,0.0006111111111111111,0.014166666666666666,0.0006111111111111111,48.52935049911557
65.6,3,2,1,123,220,11,C8,20,4,0.4881895833333333,8,0,1,1.921395733922719,3.0,5.0,4.0,0,1,9,8,1,1,-5.0,0,7,9,5,4,5,4.13507032394409,1,0,8,8,0,1,3.170461356639861,0,7,9,5,4,1,-3.498988442681731,1,0,8,8,0,1,4.9701452488899225,1,0,8,8,0,1,1.921395733922719,True,MASA,23878975_15,F:\bishe\Undergraduate-Graduation-Project\results\figures\defense_reward_training_stage\case_studies\image_cache\masa_23878975_15.tiff,0.03277777777777778,0.5358333333333334,0.032777777777777774,50.49974813842539
65.12,3,1,0,42,260,15,C8,24,0,0.5761916666666667,8,0,1,4.435308719396589,2.6,8.0,4.0,1,0,8,8,0,1,1.0,0,7,9,5,4,8,5.430808544158934,0,3,9,7,2,2,0.3556023836135844,1,0,8,8,0,1,4.195118652731179,0,3,9,7,2,0,2.5146358079910263,1,0,8,8,0,1,4.435308719396589,True,MASA,23879035_15,F:\bishe\Undergraduate-Graduation-Project\results\figures\defense_reward_training_stage\case_studies\image_cache\masa_23879035_15.tiff,0.0002888888888888889,0.003611111111111111,0.0002888888888888889,43.94926219533445
65.12,3,2,0,321,335,5,C8,0,24,0.742725,8,0,1,3.5424349814355365,2.6,6.0,4.0,1,0,8,8,0,1,1.0,0,7,9,5,4,6,3.0050488114356977,1,0,8,8,0,1,4.857400476932525,0,3,9,7,2,4,-6.684040260463954,0,3,9,7,2,0,1.860993093967436,1,0,8,8,0,1,3.5424349814355365,True,MASA,23729080_15,F:\bishe\Undergraduate-Graduation-Project\results\figures\defense_reward_training_stage\case_studies\image_cache\masa_23729080_15.tiff,6.666666666666667e-05,0.0008333333333333334,6.666666666666667e-05,33.71020601299033
65.12,3,1,0,42,390,13,C8,4,20,0.8609791666666666,8,0,1,3.3134383748918763,2.6,8.0,4.0,0,3,9,7,2,0,-3.0,0,7,9,5,4,8,3.3187143802642805,1,0,8,8,0,1,3.0560976266860957,1,0,8,8,0,1,1.2739109189063296,0,3,9,7,2,0,1.2220280237197856,1,0,8,8,0,1,3.3134383748918763,True,MASA,22828945_15,F:\bishe\Undergraduate-Graduation-Project\results\figures\defense_reward_training_stage\case_studies\image_cache\masa_22828945_15.tiff,0.0,0.0,0.0,33.040234472885345
64.64,3,1,1,123,145,12,C8,20,4,0.32450625,8,0,1,2.5202253548130376,2.2,7.0,4.0,1,0,8,8,0,1,-1.0,0,7,9,5,4,7,5.806594669818876,0,3,9,7,2,0,3.349457383155821,1,0,8,8,0,1,2.82431101489812,0,1,9,8,1,2,1.5981019444465616,1,0,8,8,0,1,2.5202253548130376,True,MASA,23878990_15,F:\bishe\Undergraduate-Graduation-Project\results\figures\defense_reward_training_stage\case_studies\image_cache\masa_23878990_15.tiff,0.0006111111111111111,0.014166666666666666,0.0006111111111111111,48.52935049911557
64.64,3,2,1,321,165,13,C8,20,4,0.3702708333333333,8,0,1,3.492504481382668,2.2,6.0,3.0,1,0,8,8,0,1,-1.0,0,5,9,6,3,6,3.4105043411254865,0,1,9,8,1,1,-0.6006751656532308,1,0,8,8,0,1,3.4584024221450083,0,5,9,6,3,0,-0.837562018871309,1,0,8,8,0,1,3.492504481382668,True,MASA,22828945_15,F:\bishe\Undergraduate-Graduation-Project\results\figures\defense_reward_training_stage\case_studies\image_cache\masa_22828945_15.tiff,0.0,0.0,0.0,33.040234472885345
64.64,3,1,1,321,205,23,C8,4,20,0.4581770833333333,8,0,1,1.9732565972656,2.2,7.0,4.0,0,1,9,8,1,0,-5.0,0,7,9,5,4,7,5.275776565074919,1,0,8,8,0,1,5.401046991348266,1,0,8,8,0,1,3.919069305695592,0,3,9,7,2,2,-2.1674085116386435,1,0,8,8,0,1,1.9732565972656,True,MASA,24029080_15,F:\bishe\Undergraduate-Graduation-Project\results\figures\defense_reward_training_stage\case_studies\image_cache\masa_24029080_15.tiff,0.0002888888888888889,0.003611111111111111,0.0002888888888888889,35.99220269885749
64.36,3,1,0,321,230,8,C8,0,24,0.5127354166666667,8,0,1,1.88778314103186,2.8,7.0,4.0,1,0,8,8,0,1,-1.0,0,8,8,4,4,7,5.075799882411955,0,2,8,7,1,1,0.8890647888183576,1,0,8,8,0,1,2.462468710616229,0,4,8,6,2,1,0.901288984775542,1,0,8,8,0,1,1.88778314103186,True,MASA,23878915_15,F:\bishe\Undergraduate-Graduation-Project\results\figures\defense_reward_training_stage\case_studies\image_cache\masa_23878915_15.tiff,0.27994444444444444,1.0,0.2799444444444445,80.74584833253299
64.36,3,1,0,321,430,7,C8,0,24,0.9503333333333334,8,0,1,2.992282116197049,2.8,7.0,4.0,1,0,8,8,0,1,-1.0,0,8,8,4,4,7,4.341758251190184,0,4,8,6,2,3,-5.456936776638033,0,2,8,7,1,0,-0.0335929005220543,1,0,8,8,0,1,4.084110283374786,1,0,8,8,0,1,2.992282116197049,True,MASA,23729110_15,F:\bishe\Undergraduate-Graduation-Project\results\figures\defense_reward_training_stage\case_studies\image_cache\masa_23729110_15.tiff,0.37962222222222225,1.0,0.37962222222222225,93.31517927750956
64.12,3,1,0,321,115,7,C8,20,4,0.2585729166666666,8,0,1,0.3195106006860722,2.6,7.0,4.0,0,3,9,7,2,1,-5.0,0,7,9,5,4,7,2.7107216715812665,1,0,8,8,0,1,1.3281649351119982,0,3,9,7,2,3,-5.682115077450873,1,0,8,8,0,1,0.6739764447212213,1,0,8,8,0,1,0.3195106006860722,True,MASA,23729110_15,F:\bishe\Undergraduate-Graduation-Project\results\figures\defense_reward_training_stage\case_studies\image_cache\masa_23729110_15.tiff,0.37962222222222225,1.0,0.37962222222222225,93.31517927750956
64.12,3,1,0,321,130,7,C8,20,4,0.29215625,8,0,1,0.6631495393514624,2.6,7.0,4.0,1,0,8,8,0,1,-1.0,0,7,9,5,4,7,4.814534366130827,0,3,9,7,2,3,-5.309032440185549,0,3,9,7,2,0,-1.520699122808875,1,0,8,8,0,1,0.6739764447212213,1,0,8,8,0,1,0.6631495393514624,True,MASA,23729110_15,F:\bishe\Undergraduate-Graduation-Project\results\figures\defense_reward_training_stage\case_studies\image_cache\masa_23729110_15.tiff,0.37962222222222225,1.0,0.37962222222222225,93.31517927750956
64.12,3,2,0,42,160,8,C8,0,24,0.3571333333333333,8,0,1,2.060662530891596,2.6,5.0,4.0,1,0,8,8,0,1,-1.0,0,7,9,5,4,5,5.247506380081175,1,0,8,8,0,1,3.0726087093353263,0,3,9,7,2,4,-5.573721985854211,0,3,9,7,2,0,1.6931720442771894,1,0,8,8,0,1,2.060662530891596,True,MASA,23878915_15,F:\bishe\Undergraduate-Graduation-Project\results\figures\defense_reward_training_stage\case_studies\image_cache\masa_23878915_15.tiff,0.27994444444444444,1.0,0.2799444444444445,80.74584833253299
63.88,3,1,0,321,250,13,C8,20,4,0.5567208333333333,8,0,1,3.345586932420729,2.4,7.0,4.0,1,0,8,8,0,1,-1.0,0,8,8,4,4,7,2.9795808196067792,1,0,8,8,0,1,2.6230913400650016,0,2,8,7,1,0,0.4959091316163526,0,2,8,7,1,0,1.8536965322494487,1,0,8,8,0,1,3.345586932420729,True,MASA,22828945_15,F:\bishe\Undergraduate-Graduation-Project\results\figures\defense_reward_training_stage\case_studies\image_cache\masa_22828945_15.tiff,0.0,0.0,0.0,33.040234472885345
63.88,3,1,0,321,295,4,C8,0,24,0.65561875,8,0,1,4.3839999135285606,2.4,7.0,4.0,0,2,8,7,1,0,-4.0,0,8,8,4,4,7,5.058195054531096,1,0,8,8,0,1,3.744855821132659,1,0,8,8,0,1,2.067624553181229,0,2,8,7,1,0,2.702819831371306,1,0,8,8,0,1,4.3839999135285606,True,MASA,23729065_15,F:\bishe\Undergraduate-Graduation-Project\results\figures\defense_reward_training_stage\case_studies\image_cache\masa_23729065_15.tiff,0.0,0.0,0.0,34.157371284584634
63.88,3,1,0,42,305,4,C8,20,4,0.6746729166666666,8,0,1,3.98834215734899,2.4,7.0,4.0,1,0,8,8,0,1,-1.0,0,8,8,4,4,7,5.626204073429106,0,2,8,7,1,0,0.2416191697120648,0,2,8,7,1,1,0.9338080360740412,1,0,8,8,0,1,4.053447448730468,1,0,8,8,0,1,3.98834215734899,True,MASA,23729065_15,F:\bishe\Undergraduate-Graduation-Project\results\figures\defense_reward_training_stage\case_studies\image_cache\masa_23729065_15.tiff,0.0,0.0,0.0,34.157371284584634
63.88,3,1,0,321,405,2,C8,4,20,0.896025,8,0,1,3.551090448506175,2.4,7.0,4.0,0,2,8,7,1,0,-2.0,0,8,8,4,4,7,3.886769175529478,1,0,8,8,0,1,2.104464471340178,1,0,8,8,0,1,3.2700889666378488,0,2,8,7,1,0,1.2065629434585556,1,0,8,8,0,1,3.551090448506175,True,MASA,22828915_15,F:\bishe\Undergraduate-Graduation-Project\results\figures\defense_reward_training_stage\case_studies\image_cache\masa_22828915_15.tiff,1.1111111111111112e-05,0.0002777777777777778,1.1111111111111112e-05,37.67042109064696
63.64,3,1,1,42,190,10,C8,0,24,0.4229354166666667,8,0,1,2.0846753531768907,2.2,6.0,4.0,0,3,9,7,2,0,-7.0,0,7,9,5,4,6,3.906597971916197,1,0,8,8,0,1,3.393132388591765,1,0,8,8,0,1,1.9601753531768908,0,1,9,8,1,0,0.4680533041954021,1,0,8,8,0,1,2.0846753531768907,True,MASA,23878945_15,F:\bishe\Undergraduate-Graduation-Project\results\figures\defense_reward_training_stage\case_studies\image_cache\masa_23878945_15.tiff,0.2652,1.0,0.26520000000000005,96.49700061212924
63.36,3,2,0,42,265,7,C8,24,0,0.58713125,8,0,1,2.5023796042129383,2.8,5.0,3.0,1,0,8,8,0,1,-1.0,0,6,8,5,3,5,0.7957432270050031,0,2,8,7,1,0,1.302384674549101,0,6,8,5,3,4,-5.737714595384897,1,0,8,8,0,1,1.2913488383293146,1,0,8,8,0,1,2.5023796042129383,True,MASA,23729110_15,F:\bishe\Undergraduate-Graduation-Project\results\figures\defense_reward_training_stage\case_studies\image_cache\masa_23729110_15.tiff,0.37962222222222225,1.0,0.37962222222222225,93.31517927750956
63.36,3,1,0,123,280,6,C8,20,4,0.62019375,8,0,1,3.794967669963836,2.8,6.0,4.0,0,4,8,6,2,0,-6.0,0,8,8,4,4,6,3.692247629165648,1,0,8,8,0,1,3.808246970176696,0,2,8,7,1,0,0.1540766718983639,1,0,8,8,0,1,4.706662618637084,1,0,8,8,0,1,3.794967669963836,True,MASA,23729095_15,F:\bishe\Undergraduate-Graduation-Project\results\figures\defense_reward_training_stage\case_studies\image_cache\masa_23729095_15.tiff,3.3333333333333335e-05,0.0008333333333333334,3.3333333333333335e-05,34.40977889470552
62.16,3,1,1,123,195,2,C8,4,20,0.4335708333333333,8,0,1,1.400316134065389,1.8,6.0,3.0,1,0,8,8,0,1,-1.0,0,5,9,6,3,6,4.774541139602659,1,0,8,8,0,1,4.238778173923492,0,3,9,7,2,0,-0.6527590819448246,0,1,9,8,1,2,0.7711934080123882,1,0,8,8,0,1,1.400316134065389,True,MASA,22828915_15,F:\bishe\Undergraduate-Graduation-Project\results\figures\defense_reward_training_stage\case_studies\image_cache\masa_22828915_15.tiff,1.1111111111111112e-05,0.0002777777777777778,1.1111111111111112e-05,37.67042109064696
62.16,3,1,1,42,220,12,C8,4,20,0.4888,8,0,1,3.0966241689100853,1.8,6.0,3.0,1,0,8,8,0,1,-1.0,0,5,9,6,3,6,6.364725708961485,0,1,9,8,1,1,0.787589430809019,0,3,9,7,2,0,1.2574545798078165,1,0,8,8,0,1,4.735796951770781,1,0,8,8,0,1,3.0966241689100853,True,MASA,23878990_15,F:\bishe\Undergraduate-Graduation-Project\results\figures\defense_reward_training_stage\case_studies\image_cache\masa_23878990_15.tiff,0.0006111111111111111,0.014166666666666666,0.0006111111111111111,48.52935049911557
62.16,3,1,1,42,330,7,C8,20,4,0.7296375,8,0,1,0.3195106006860722,1.8,6.0,3.0,0,1,9,8,1,1,-5.0,0,5,9,6,3,6,2.551617503166197,1,0,8,8,0,1,2.7445234060287467,0,3,9,7,2,0,-1.2691164464503537,1,0,8,8,0,1,0.6739764447212213,1,0,8,8,0,1,0.3195106006860722,True,MASA,23729110_15,F:\bishe\Undergraduate-Graduation-Project\results\figures\defense_reward_training_stage\case_studies\image_cache\masa_23729110_15.tiff,0.37962222222222225,1.0,0.37962222222222225,93.31517927750956
61.88,3,2,0,123,260,3,C8,0,24,0.5762708333333333,8,0,1,1.9106382455378768,2.4,4.0,3.0,0,4,8,6,2,4,-8.0,0,6,8,5,3,4,4.051184117794035,1,0,8,8,0,1,6.136864840984344,0,2,8,7,1,0,-0.0760850515961659,1,0,8,8,0,1,2.9672439928054803,1,0,8,8,0,1,1.9106382455378768,True,MASA,23729050_15,F:\bishe\Undergraduate-Graduation-Project\results\figures\defense_reward_training_stage\case_studies\image_cache\masa_23729050_15.tiff,0.00023333333333333333,0.0022222222222222222,0.00023333333333333333,41.78051892159278
61.88,3,1,0,123,420,10,C8,0,24,0.9260916666666666,8,0,1,2.0636493298858394,2.4,6.0,3.0,1,0,8,8,0,1,-1.0,0,6,8,5,3,6,3.2480863332748395,0,4,8,6,2,2,-1.0909655690193194,1,0,8,8,0,1,4.208412433490156,0,2,8,7,1,0,2.6721314859390244,1,0,8,8,0,1,2.0636493298858394,True,MASA,23878945_15,F:\bishe\Undergraduate-Graduation-Project\results\figures\defense_reward_training_stage\case_studies\image_cache\masa_23878945_15.tiff,0.2652,1.0,0.26520000000000005,96.49700061212924
61.4,3,1,0,123,145,6,C8,0,24,0.3244354166666666,8,0,1,1.7768875516653049,2.0,6.0,3.0,1,0,8,8,0,1,1.0,0,6,8,5,3,6,2.917773485183714,0,2,8,7,1,0,-3.809954524040224,0,2,8,7,1,0,-2.326947946548463,1,0,8,8,0,1,2.794716262340545,1,0,8,8,0,1,1.7768875516653049,True,MASA,23729095_15,F:\bishe\Undergraduate-Graduation-Project\results\figures\defense_reward_training_stage\case_studies\image_cache\masa_23729095_15.tiff,3.3333333333333335e-05,0.0008333333333333334,3.3333333333333335e-05,34.40977889470552
61.4,3,1,0,42,235,24,C8,24,0,0.5216229166666667,8,0,1,2.7279706863388418,2.0,6.0,3.0,1,0,8,8,0,1,1.0,0,6,8,5,3,6,2.227616071701048,0,2,8,7,1,0,0.1860811710357648,0,2,8,7,1,1,-4.597240778654815,1,0,8,8,0,1,1.0877658958435052,1,0,8,8,0,1,2.7279706863388418,True,MASA,22828960_15,F:\bishe\Undergraduate-Graduation-Project\results\figures\defense_reward_training_stage\case_studies\image_cache\masa_22828960_15.tiff,0.0,0.0,0.0,31.505082592644452
61.4,3,1,0,42,405,10,C8,0,24,0.8934645833333333,8,0,1,2.0846753531768907,2.0,6.0,3.0,1,0,8,8,0,1,-1.0,0,6,8,5,3,6,3.4684116244316083,0,2,8,7,1,0,0.9550551772117596,1,0,8,8,0,1,1.7913766293600195,0,2,8,7,1,0,2.2757784795761093,1,0,8,8,0,1,2.0846753531768907,True,MASA,23878945_15,F:\bishe\Undergraduate-Graduation-Project\results\figures\defense_reward_training_stage\case_studies\image_cache\masa_23878945_15.tiff,0.2652,1.0,0.26520000000000005,96.49700061212924
61.16,3,1,1,123,315,9,C8,0,24,0.6963604166666667,8,0,1,2.244379833124577,1.8,5.0,3.0,1,0,8,8,0,1,-1.0,0,5,9,6,3,5,6.043084144592283,1,0,8,8,0,1,2.436416745185851,0,1,9,8,1,1,0.0263257027417409,0,3,9,7,2,0,1.4912276334762553,1,0,8,8,0,1,2.244379833124577,True,MASA,23878930_15,F:\bishe\Undergraduate-Graduation-Project\results\figures\defense_reward_training_stage\case_studies\image_cache\masa_23878930_15.tiff,0.23595555555555556,1.0,0.23595555555555556,86.20615108195106
60.88,3,1,0,42,185,8,C8,0,24,0.4121791666666666,8,0,1,2.3758434218987814,2.4,5.0,3.0,1,0,8,8,0,1,-1.0,0,6,8,5,3,5,5.213730990886687,0,2,8,7,1,0,0.8890647888183576,1,0,8,8,0,1,2.191963537670671,0,4,8,6,2,0,-1.899069653034212,1,0,8,8,0,1,2.3758434218987814,True,MASA,23878915_15,F:\bishe\Undergraduate-Graduation-Project\results\figures\defense_reward_training_stage\case_studies\image_cache\masa_23878915_15.tiff,0.27994444444444444,1.0,0.2799444444444445,80.74584833253299
60.64,3,1,0,123,165,6,C8,24,0,0.3682333333333333,8,0,1,0.8927712602242819,2.2,5.0,3.0,0,3,9,7,2,2,-5.0,0,5,9,6,3,5,2.425004422664641,1,0,8,8,0,1,3.651191711425781,1,0,8,8,0,1,1.0529935632646072,0,3,9,7,2,2,-1.8929307913780224,1,0,8,8,0,1,0.8927712602242819,True,MASA,23729095_15,F:\bishe\Undergraduate-Graduation-Project\results\figures\defense_reward_training_stage\case_studies\image_cache\masa_23729095_15.tiff,3.3333333333333335e-05,0.0008333333333333334,3.3333333333333335e-05,34.40977889470552
58.68,3,1,1,42,115,9,C8,20,4,0.2575270833333333,8,0,1,1.92439574279636,1.4,4.0,2.0,1,0,8,8,0,1,-1.0,0,3,9,7,2,4,5.324910461902617,0,1,9,8,1,2,2.6922601461410505,0,3,9,7,2,2,-2.90730155143887,1,0,8,8,0,1,3.236671292304992,1,0,8,8,0,1,1.92439574279636,True,MASA,23878930_15,F:\bishe\Undergraduate-Graduation-Project\results\figures\defense_reward_training_stage\case_studies\image_cache\masa_23878930_15.tiff,0.23595555555555556,1.0,0.23595555555555556,86.20615108195106
58.68,3,1,1,321,305,8,C8,20,4,0.6772416666666666,8,0,1,4.209306240610777,1.4,4.0,2.0,0,1,9,8,1,1,-5.0,0,3,9,7,2,4,5.684307992458342,1,0,8,8,0,1,5.347344696521758,1,0,8,8,0,1,1.7964941897243245,0,3,9,7,2,0,2.535506672382353,1,0,8,8,0,1,4.209306240610777,True,MASA,23878915_15,F:\bishe\Undergraduate-Graduation-Project\results\figures\defense_reward_training_stage\case_studies\image_cache\masa_23878915_15.tiff,0.27994444444444444,1.0,0.2799444444444445,80.74584833253299
58.4,3,1,0,123,145,0,C8,20,4,0.3243645833333333,8,0,1,1.183865555532276,2.0,4.0,2.0,1,0,8,8,0,1,1.0,0,4,8,6,2,4,2.205819845199583,1,0,8,8,0,1,2.709937095642089,0,4,8,6,2,0,-1.9235073249787105,0,2,8,7,1,1,-1.3117897362709057,1,0,8,8,0,1,1.183865555532276,True,MASA,22678915_15,F:\bishe\Undergraduate-Graduation-Project\results\figures\defense_reward_training_stage\case_studies\image_cache\masa_22678915_15.tiff,0.0002,0.005,0.0002,44.629645865908515
58.4,3,1,0,321,420,9,C8,24,0,0.92865,8,0,1,3.6539256460666647,2.0,4.0,2.0,0,2,8,7,1,0,-2.0,0,4,8,6,2,4,3.915187478065489,1,0,8,8,0,1,5.168548345565795,0,4,8,6,2,3,-4.400041603073479,1,0,8,8,0,1,2.3408054347038263,1,0,8,8,0,1,3.6539256460666647,True,MASA,23878930_15,F:\bishe\Undergraduate-Graduation-Project\results\figures\defense_reward_training_stage\case_studies\image_cache\masa_23878930_15.tiff,0.23595555555555556,1.0,0.23595555555555556,86.20615108195106
55.4,3,0,0,123,285,6,C8,0,24,0.6312291666666666,8,0,1,3.183944591663777,2.0,3.0,2.0,1,0,8,8,0,1,-1.0,0,4,8,6,2,3,2.8163838982582075,1,0,8,8,0,1,3.346454918384551,0,2,8,7,1,0,-2.326947946548463,0,4,8,6,2,0,-3.770871879100801,1,0,8,8,0,1,3.183944591663777,True,MASA,23729095_15,F:\bishe\Undergraduate-Graduation-Project\results\figures\defense_reward_training_stage\case_studies\image_cache\masa_23729095_15.tiff,3.3333333333333335e-05,0.0008333333333333334,3.3333333333333335e-05,34.40977889470552
55.4,3,0,0,123,330,8,C8,24,0,0.72930625,8,0,1,2.782037710368632,2.0,3.0,2.0,1,0,8,8,0,1,-1.0,0,4,8,6,2,3,4.913623690605162,0,2,8,7,1,1,2.785130083560942,1,0,8,8,0,1,1.6338358427211626,0,4,8,6,2,0,0.8373939976692186,1,0,8,8,0,1,2.782037710368632,True,MASA,23878915_15,F:\bishe\Undergraduate-Graduation-Project\results\figures\defense_reward_training_stage\case_studies\image_cache\masa_23878915_15.tiff,0.27994444444444444,1.0,0.2799444444444445,80.74584833253299
54.92,3,0,0,123,345,12,C8,20,4,0.7621458333333333,8,0,1,4.418821599490939,1.6,3.0,2.0,0,2,8,7,1,2,-6.0,0,4,8,6,2,3,5.517162144184111,1,0,8,8,0,1,5.105698108673095,1,0,8,8,0,1,2.8458707027882326,0,2,8,7,1,1,1.4189061670303331,1,0,8,8,0,1,4.418821599490939,True,MASA,23878990_15,F:\bishe\Undergraduate-Graduation-Project\results\figures\defense_reward_training_stage\case_studies\image_cache\masa_23878990_15.tiff,0.0006111111111111111,0.014166666666666666,0.0006111111111111111,48.52935049911557
67.36,3,3,0,321,155,10,C7,23,0,0.3479125,7,0,1,4.701016985416412,2.8,8.0,5.0,1,0,7,7,0,1,0.0,0,8,9,4,5,8,5.440420389175413,1,0,7,7,0,1,3.4356757402420026,0,2,9,7,2,4,-3.5790291172266016,0,4,9,6,3,6,-2.8006689376831075,1,0,7,7,0,1,4.701016985416412,True,MASA,23878945_15,F:\bishe\Undergraduate-Graduation-Project\results\figures\defense_reward_training_stage\case_studies\image_cache\masa_23878945_15.tiff,0.2652,1.0,0.26520000000000005,96.49700061212924
67.32,3,3,0,321,110,5,C7,1,24,0.2474916666666666,7,0,1,1.9688469027876847,3.6,7.0,5.0,0,6,9,5,4,1,-7.0,0,8,9,4,5,7,3.688209831714629,1,0,9,8,1,1,1.9704077243804916,1,0,7,7,0,1,1.8629719027876843,0,4,9,6,3,3,-6.096371871948245,1,0,7,7,0,1,1.9688469027876847,True,MASA,23729080_15,F:\bishe\Undergraduate-Graduation-Project\results\figures\defense_reward_training_stage\case_studies\image_cache\masa_23729080_15.tiff,6.666666666666667e-05,0.0008333333333333334,6.666666666666667e-05,33.71020601299033
65.36,3,2,0,321,235,26,C7,21,4,0.5238520833333333,7,0,1,2.1241744642853733,2.8,8.0,5.0,1,0,7,7,0,1,0.0,0,8,9,4,5,8,2.591283202171324,1,0,7,7,0,1,4.999002575874327,0,2,9,7,2,3,-4.263323209881784,0,4,9,6,3,0,-1.253461203098299,1,0,7,7,0,1,2.1241744642853733,True,MASA,24179020_15,F:\bishe\Undergraduate-Graduation-Project\results\figures\defense_reward_training_stage\case_studies\image_cache\masa_24179020_15.tiff,0.0,0.0,0.0,44.91017544936357
65.36,3,3,0,42,260,10,C7,3,20,0.5761291666666667,7,0,1,2.17665826433897,2.8,7.0,4.0,1,0,7,7,0,1,0.0,0,6,9,5,4,7,5.528973817825316,1,0,7,7,0,1,5.8829647898674,0,4,9,6,3,0,0.581927725076674,0,4,9,6,3,0,2.133268268108366,1,0,7,7,0,1,2.17665826433897,True,MASA,23878945_15,F:\bishe\Undergraduate-Graduation-Project\results\figures\defense_reward_training_stage\case_studies\image_cache\masa_23878945_15.tiff,0.2652,1.0,0.26520000000000005,96.49700061212924
64.36,3,2,0,321,120,3,C7,4,21,0.269875,7,0,1,3.2257047554254528,2.8,8.0,4.0,0,6,9,5,4,5,-9.0,0,6,9,5,4,8,6.2614952325820905,0,2,9,7,2,1,-0.3288924098014851,1,0,7,7,0,1,3.46462244182825,1,0,7,7,0,1,4.265284940242767,1,0,7,7,0,1,3.2257047554254528,True,MASA,23729050_15,F:\bishe\Undergraduate-Graduation-Project\results\figures\defense_reward_training_stage\case_studies\image_cache\masa_23729050_15.tiff,0.00023333333333333333,0.0022222222222222222,0.00023333333333333333,41.78051892159278
64.36,3,2,0,42,220,14,C7,15,4,0.48883125,7,0,1,5.197756399750709,2.8,7.0,5.0,0,2,9,7,2,3,-5.0,0,8,9,4,5,7,5.774524092674254,1,0,7,7,0,1,6.958734452724456,1,0,9,8,1,3,2.161220146119593,0,4,9,6,3,0,0.9721541943550088,1,0,7,7,0,1,5.197756399750709,True,MASA,23879020_15,F:\bishe\Undergraduate-Graduation-Project\results\figures\defense_reward_training_stage\case_studies\image_cache\masa_23879020_15.tiff,3.3333333333333335e-05,0.0008333333333333334,3.3333333333333335e-05,44.616353129331145
64.12,3,2,1,321,270,8,C7,0,23,0.6007583333333333,7,0,1,3.026953426539897,2.6,7.0,4.0,0,1,8,7,1,0,-4.0,0,7,8,4,4,7,4.8174021244049055,1,0,7,7,0,1,5.723584353923796,1,0,7,7,0,1,4.204168252050875,0,5,8,5,3,3,-4.370436336040498,1,0,7,7,0,1,3.026953426539897,True,MASA,23878915_15,F:\bishe\Undergraduate-Graduation-Project\results\figures\defense_reward_training_stage\case_studies\image_cache\masa_23878915_15.tiff,0.27994444444444444,1.0,0.2799444444444445,80.74584833253299
63.88,3,2,0,123,150,9,C7,4,15,0.3354125,7,0,1,2.823267828464507,2.4,8.0,4.0,0,4,9,6,3,2,-9.0,0,6,9,5,4,8,4.916908621788023,1,0,9,8,1,2,2.750886440277098,1,0,7,7,0,1,2.506722539067267,0,2,9,7,2,2,-0.8535116362571736,1,0,7,7,0,1,2.823267828464507,True,MASA,23878930_15,F:\bishe\Undergraduate-Graduation-Project\results\figures\defense_reward_training_stage\case_studies\image_cache\masa_23878930_15.tiff,0.23595555555555556,1.0,0.23595555555555556,86.20615108195106
63.88,3,2,0,123,400,5,C7,20,3,0.8825291666666667,7,0,1,2.697663759231567,2.4,8.0,4.0,1,0,9,8,1,1,0.0,0,6,9,5,4,8,4.481265425682066,0,2,9,7,2,1,1.595980525016783,0,4,9,6,3,0,0.6016221085190763,1,0,7,7,0,1,4.0506885495185845,1,0,7,7,0,1,2.697663759231567,True,MASA,23729080_15,F:\bishe\Undergraduate-Graduation-Project\results\figures\defense_reward_training_stage\case_studies\image_cache\masa_23729080_15.tiff,6.666666666666667e-05,0.0008333333333333334,6.666666666666667e-05,33.71020601299033
62.88,3,2,0,321,205,19,C7,20,3,0.4581354166666667,7,0,1,3.2032377591133114,2.4,7.0,4.0,1,0,7,7,0,1,2.0,0,6,9,5,4,7,1.382767140865324,0,2,9,7,2,2,-1.0440434217453023,1,0,9,8,1,3,2.300573917627333,0,4,9,6,3,0,-1.2905242729187032,1,0,7,7,0,1,3.2032377591133114,True,MASA,23879110_15,F:\bishe\Undergraduate-Graduation-Project\results\figures\defense_reward_training_stage\case_studies\image_cache\masa_23879110_15.tiff,7.777777777777778e-05,0.0019444444444444444,7.777777777777778e-05,34.13187372905267
62.88,3,2,0,123,260,0,C7,24,5,0.5762416666666667,7,0,1,1.924282108783721,2.4,7.0,4.0,1,0,9,8,1,1,0.0,0,6,9,5,4,7,3.088392496109007,0,2,9,7,2,1,0.3385910391807536,0,4,9,6,3,0,-0.8109043604135531,1,0,7,7,0,1,2.914872571468352,1,0,7,7,0,1,1.924282108783721,True,MASA,22678915_15,F:\bishe\Undergraduate-Graduation-Project\results\figures\defense_reward_training_stage\case_studies\image_cache\masa_22678915_15.tiff,0.0002,0.005,0.0002,44.629645865908515
62.88,3,2,0,42,285,8,C7,4,21,0.6310666666666667,7,0,1,2.8781667982935897,2.4,7.0,4.0,0,4,9,6,3,4,-7.0,0,6,9,5,4,7,4.996159255504606,0,2,9,7,2,1,-0.4353169798851033,1,0,7,7,0,1,2.772291798293589,1,0,7,7,0,1,3.2768760170936573,1,0,7,7,0,1,2.8781667982935897,True,MASA,23878915_15,F:\bishe\Undergraduate-Graduation-Project\results\figures\defense_reward_training_stage\case_studies\image_cache\masa_23878915_15.tiff,0.27994444444444444,1.0,0.2799444444444445,80.74584833253299
62.16,3,1,2,123,330,10,C7,4,21,0.729325,7,0,1,2.647175099492072,1.8,7.0,4.0,1,0,7,7,0,1,0.0,0,7,8,4,4,7,4.34928125143051,0,1,8,7,1,0,2.1961801648139936,0,1,8,7,1,0,1.1078913977742184,1,0,7,7,0,1,3.640069767475127,1,0,7,7,0,1,2.647175099492072,True,MASA,23878945_15,F:\bishe\Undergraduate-Graduation-Project\results\figures\defense_reward_training_stage\case_studies\image_cache\masa_23878945_15.tiff,0.2652,1.0,0.26520000000000005,96.49700061212924
62.16,3,1,2,123,385,1,C7,3,20,0.8497333333333333,7,0,1,3.5390218114256857,1.8,7.0,4.0,1,0,7,7,0,1,0.0,0,7,8,4,4,7,1.2208474278449994,0,1,8,7,1,1,-0.6645576953887957,1,0,7,7,0,1,3.6990068697929375,0,1,8,7,1,2,0.8569000205993635,1,0,7,7,0,1,3.5390218114256857,True,MASA,22678930_15,F:\bishe\Undergraduate-Graduation-Project\results\figures\defense_reward_training_stage\case_studies\image_cache\masa_22678930_15.tiff,6.666666666666667e-05,0.001388888888888889,6.666666666666667e-05,35.950311306844696
62.16,3,1,2,42,415,10,C7,0,23,0.9152895833333332,7,0,1,2.4725468313097947,1.8,7.0,4.0,0,1,8,7,1,0,-4.0,0,7,8,4,4,7,0.9681252241134626,1,0,7,7,0,1,6.058996975421904,1,0,7,7,0,1,4.2194421955943096,0,1,8,7,1,0,2.079174026012419,1,0,7,7,0,1,2.4725468313097947,True,MASA,23878945_15,F:\bishe\Undergraduate-Graduation-Project\results\figures\defense_reward_training_stage\case_studies\image_cache\masa_23878945_15.tiff,0.2652,1.0,0.26520000000000005,96.49700061212924
61.4,3,1,0,321,160,17,C7,20,9,0.3590395833333333,7,0,1,2.529881458520889,2.0,8.0,4.0,1,0,9,8,1,1,0.0,0,6,9,5,4,8,4.477870643138884,1,0,7,7,0,1,3.686975777149199,0,2,9,7,2,1,0.2798750558495499,0,2,9,7,2,1,2.2074677224159216,1,0,7,7,0,1,2.529881458520889,True,MASA,23879065_15,F:\bishe\Undergraduate-Graduation-Project\results\figures\defense_reward_training_stage\case_studies\image_cache\masa_23879065_15.tiff,0.0003111111111111111,0.0033333333333333335,0.0003111111111111111,35.31570898664007
61.16,3,1,2,42,260,2,C7,23,0,0.5760395833333334,7,0,1,3.9178774287700646,1.8,6.0,4.0,1,0,7,7,0,1,2.0,0,7,8,4,4,6,3.4003621935844404,0,1,8,7,1,1,1.3731729388236982,1,0,7,7,0,1,1.8797347643971436,0,1,8,7,1,0,1.6034306511878949,1,0,7,7,0,1,3.9178774287700646,True,MASA,22828915_15,F:\bishe\Undergraduate-Graduation-Project\results\figures\defense_reward_training_stage\case_studies\image_cache\masa_22828915_15.tiff,1.1111111111111112e-05,0.0002777777777777778,1.1111111111111112e-05,37.67042109064696
60.88,3,2,0,123,360,13,C7,20,3,0.7949854166666667,7,0,1,4.287784517347812,2.4,6.0,3.0,1,0,7,7,0,1,2.0,0,6,7,4,3,6,3.1420486569404598,0,4,7,5,2,4,-3.449745655059816,0,2,7,6,1,0,1.2517636898159972,1,0,7,7,0,1,3.5574624981880176,1,0,7,7,0,1,4.287784517347812,True,MASA,22828945_15,F:\bishe\Undergraduate-Graduation-Project\results\figures\defense_reward_training_stage\case_studies\image_cache\masa_22828945_15.tiff,0.0,0.0,0.0,33.040234472885345
60.64,3,1,1,123,115,3,C7,1,24,0.2580041666666666,7,0,1,2.868996131956577,2.2,6.0,4.0,1,0,7,7,0,1,2.0,0,7,8,4,4,6,6.138440728187559,0,1,8,7,1,1,2.741640150547026,0,3,8,6,2,0,1.3452712431550018,1,0,7,7,0,1,4.0520642247200005,1,0,7,7,0,1,2.868996131956577,True,MASA,23729050_15,F:\bishe\Undergraduate-Graduation-Project\results\figures\defense_reward_training_stage\case_studies\image_cache\masa_23729050_15.tiff,0.00023333333333333333,0.0022222222222222222,0.00023333333333333333,41.78051892159278
60.64,3,1,1,321,205,14,C7,1,24,0.4580625,7,0,1,5.551843156456947,2.2,6.0,4.0,0,1,8,7,1,1,-2.0,0,7,8,4,4,6,4.834557235240935,1,0,7,7,0,1,4.966203212738035,1,0,7,7,0,1,5.445968156456946,0,3,8,6,2,0,1.437914935588835,1,0,7,7,0,1,5.551843156456947,True,MASA,23879020_15,F:\bishe\Undergraduate-Graduation-Project\results\figures\defense_reward_training_stage\case_studies\image_cache\masa_23879020_15.tiff,3.3333333333333335e-05,0.0008333333333333334,3.3333333333333335e-05,44.616353129331145
60.64,3,1,1,321,320,3,C7,21,4,0.71013125,7,0,1,4.915702122986316,2.2,6.0,4.0,0,1,8,7,1,2,-4.0,0,7,8,4,4,6,3.921079099178312,1,0,7,7,0,1,6.2522850036621085,1,0,7,7,0,1,3.1475706481933585,0,3,8,6,2,0,0.5781498308181745,1,0,7,7,0,1,4.915702122986316,True,MASA,23729050_15,F:\bishe\Undergraduate-Graduation-Project\results\figures\defense_reward_training_stage\case_studies\image_cache\masa_23729050_15.tiff,0.00023333333333333333,0.0022222222222222222,0.00023333333333333333,41.78051892159278
60.4,3,1,0,42,280,9,C7,20,3,0.62001875,7,0,1,2.35054043585062,2.0,7.0,4.0,1,0,9,8,1,1,0.0,0,6,9,5,4,7,6.568260371685026,0,2,9,7,2,2,1.1875656247138957,0,2,9,7,2,0,0.4255664858221997,1,0,7,7,0,1,3.36606751346588,1,0,7,7,0,1,2.35054043585062,True,MASA,23878930_15,F:\bishe\Undergraduate-Graduation-Project\results\figures\defense_reward_training_stage\case_studies\image_cache\masa_23878930_15.tiff,0.23595555555555556,1.0,0.23595555555555556,86.20615108195106
60.4,3,1,0,321,295,2,C7,4,21,0.6556,7,0,1,2.120028549969196,2.0,7.0,4.0,0,2,9,7,2,2,-3.0,0,6,9,5,4,7,4.1887317895889264,0,2,9,7,2,1,0.7493552565574626,1,0,9,8,1,1,2.350364448726176,1,0,9,8,1,1,3.340623151779173,1,0,7,7,0,1,2.120028549969196,True,MASA,22828915_15,F:\bishe\Undergraduate-Graduation-Project\results\figures\defense_reward_training_stage\case_studies\image_cache\masa_22828915_15.tiff,1.1111111111111112e-05,0.0002777777777777778,1.1111111111111112e-05,37.67042109064696
59.68,3,1,2,321,220,8,C7,24,1,0.49045625,7,0,1,2.761805481255053,1.4,6.0,3.0,0,1,8,7,1,0,-2.0,0,5,8,5,3,6,5.352524578571318,1,0,7,7,0,1,3.4465756416320787,0,1,8,7,1,0,1.3444245928525913,1,0,7,7,0,1,6.1990403380393975,1,0,7,7,0,1,2.761805481255053,True,MASA,23878915_15,F:\bishe\Undergraduate-Graduation-Project\results\figures\defense_reward_training_stage\case_studies\image_cache\masa_23878915_15.tiff,0.27994444444444444,1.0,0.2799444444444445,80.74584833253299
59.4,3,2,0,123,175,14,C7,24,1,0.3903770833333333,7,0,1,5.537818985223769,2.0,5.0,3.0,0,4,9,6,3,2,-5.0,0,4,9,6,3,5,6.881678581237791,1,0,7,7,0,1,4.583677887916563,1,0,7,7,0,1,3.172307319343089,0,2,9,7,2,1,3.760969812870024,1,0,7,7,0,1,5.537818985223769,True,MASA,23879020_15,F:\bishe\Undergraduate-Graduation-Project\results\figures\defense_reward_training_stage\case_studies\image_cache\masa_23879020_15.tiff,3.3333333333333335e-05,0.0008333333333333334,3.3333333333333335e-05,44.616353129331145
59.4,3,2,0,123,340,1,C7,23,0,0.7510479166666667,7,0,1,4.112138554990291,2.0,5.0,3.0,1,0,9,8,1,1,-2.0,0,4,9,6,3,5,3.1110833883285505,0,2,9,7,2,2,-1.400080144405367,0,4,9,6,3,5,-5.081125974953177,1,0,9,8,1,2,3.417384680271147,1,0,7,7,0,1,4.112138554990291,True,MASA,22678930_15,F:\bishe\Undergraduate-Graduation-Project\results\figures\defense_reward_training_stage\case_studies\image_cache\masa_22678930_15.tiff,6.666666666666667e-05,0.001388888888888889,6.666666666666667e-05,35.950311306844696
59.4,3,2,0,321,400,9,C7,15,4,0.8851729166666666,7,0,1,5.042857829272746,2.0,5.0,3.0,0,4,9,6,3,0,-5.0,0,4,9,6,3,5,5.094065845012663,0,2,9,7,2,2,-0.0637398362159749,1,0,7,7,0,1,4.772667317986487,1,0,7,7,0,1,3.741574987411498,1,0,7,7,0,1,5.042857829272746,True,MASA,23878930_15,F:\bishe\Undergraduate-Graduation-Project\results\figures\defense_reward_training_stage\case_studies\image_cache\masa_23878930_15.tiff,0.23595555555555556,1.0,0.23595555555555556,86.20615108195106
59.4,3,2,0,123,420,2,C7,1,24,0.9259854166666668,7,0,1,4.0177852397561065,2.0,5.0,3.0,1,0,7,7,0,1,0.0,0,4,9,6,3,5,3.060187876224516,0,2,9,7,2,1,-1.814522564411165,0,4,9,6,3,0,-2.3871880495548266,1,0,7,7,0,1,4.991613253593444,1,0,7,7,0,1,4.0177852397561065,True,MASA,22828915_15,F:\bishe\Undergraduate-Graduation-Project\results\figures\defense_reward_training_stage\case_studies\image_cache\masa_22828915_15.tiff,1.1111111111111112e-05,0.0002777777777777778,1.1111111111111112e-05,37.67042109064696
59.16,3,1,1,123,280,8,C7,4,21,0.620225,7,0,1,2.9611432542800897,1.8,6.0,3.0,1,0,7,7,0,1,0.0,0,5,8,5,3,6,4.459354043006895,0,1,8,7,1,1,0.2687327265739423,0,3,8,6,2,1,-1.7397014802694335,1,0,7,7,0,1,4.090612634658813,1,0,7,7,0,1,2.9611432542800897,True,MASA,23878915_15,F:\bishe\Undergraduate-Graduation-Project\results\figures\defense_reward_training_stage\case_studies\image_cache\masa_23878915_15.tiff,0.27994444444444444,1.0,0.2799444444444445,80.74584833253299
58.4,3,1,0,321,145,7,C7,24,1,0.3257604166666666,7,0,1,1.3585403879880893,2.0,6.0,3.0,0,2,7,6,1,0,-3.0,0,6,7,4,3,6,0.8744257092475876,1,0,7,7,0,1,2.7799578905105577,0,2,7,6,1,0,-1.1573928964138045,1,0,7,7,0,1,2.0184860672950733,1,0,7,7,0,1,1.3585403879880893,True,MASA,23729110_15,F:\bishe\Undergraduate-Graduation-Project\results\figures\defense_reward_training_stage\case_studies\image_cache\masa_23729110_15.tiff,0.37962222222222225,1.0,0.37962222222222225,93.31517927750956
58.4,3,1,0,321,190,2,C7,20,9,0.42485,7,0,1,1.9173798134326927,2.0,6.0,3.0,0,2,7,6,1,0,-3.0,0,6,7,4,3,6,1.858253121376036,1,0,7,7,0,1,2.6742001771926867,0,2,7,6,1,0,-1.017116930484773,1,0,7,7,0,1,2.7594203796386707,1,0,7,7,0,1,1.9173798134326927,True,MASA,22828915_15,F:\bishe\Undergraduate-Graduation-Project\results\figures\defense_reward_training_stage\case_studies\image_cache\masa_22828915_15.tiff,1.1111111111111112e-05,0.0002777777777777778,1.1111111111111112e-05,37.67042109064696
58.4,3,1,0,321,415,14,C7,24,1,0.9177791666666668,7,0,1,5.545557700634002,2.0,6.0,3.0,1,0,7,7,0,1,0.0,0,6,7,4,3,6,5.3268986344337454,0,2,7,6,1,0,2.13315165042877,1,0,7,7,0,1,5.449322160482405,0,2,7,6,1,0,4.203603295803069,1,0,7,7,0,1,5.545557700634002,True,MASA,23879020_15,F:\bishe\Undergraduate-Graduation-Project\results\figures\defense_reward_training_stage\case_studies\image_cache\masa_23879020_15.tiff,3.3333333333333335e-05,0.0008333333333333334,3.3333333333333335e-05,44.616353129331145
58.16,3,1,1,321,340,5,C7,24,1,0.75364375,7,0,1,4.480796757876872,1.8,5.0,3.0,0,3,8,6,2,0,-2.0,0,5,8,5,3,5,3.6191750168800336,1,0,7,7,0,1,3.3788611888885485,1,0,7,7,0,1,4.408600849807261,0,1,8,7,1,0,1.6580648264884932,1,0,7,7,0,1,4.480796757876872,True,MASA,23729080_15,F:\bishe\Undergraduate-Graduation-Project\results\figures\defense_reward_training_stage\case_studies\image_cache\masa_23729080_15.tiff,6.666666666666667e-05,0.0008333333333333334,6.666666666666667e-05,33.71020601299033
57.88,3,1,0,123,75,9,C7,3,20,0.1689458333333333,7,0,1,2.9177831625342363,2.4,5.0,3.0,0,4,7,5,2,1,-7.0,0,6,7,4,3,5,5.081136465072631,0,2,7,6,1,1,0.7518298029899582,1,0,7,7,0,1,2.8680953094363204,1,0,7,7,0,1,6.039230152606963,1,0,7,7,0,1,2.9177831625342363,True,MASA,23878930_15,F:\bishe\Undergraduate-Graduation-Project\results\figures\defense_reward_training_stage\case_studies\image_cache\masa_23878930_15.tiff,0.23595555555555556,1.0,0.23595555555555556,86.20615108195106
57.4,3,1,0,123,155,6,C7,0,19,0.3462479166666666,7,0,1,1.4955204268693916,2.0,5.0,3.0,1,0,7,7,0,1,2.0,0,6,7,4,3,5,2.5926470160484296,1,0,7,7,0,1,1.9992023110389696,0,2,7,6,1,0,0.4364238816499699,0,2,7,6,1,0,0.4358970360755905,1,0,7,7,0,1,1.4955204268693916,True,MASA,23729095_15,F:\bishe\Undergraduate-Graduation-Project\results\figures\defense_reward_training_stage\case_studies\image_cache\masa_23729095_15.tiff,3.3333333333333335e-05,0.0008333333333333334,3.3333333333333335e-05,34.40977889470552
57.4,3,1,0,321,200,10,C7,20,3,0.44709375,7,0,1,2.344025151968001,2.0,5.0,3.0,1,0,7,7,0,1,0.0,0,6,7,4,3,5,4.795193016529082,0,2,7,6,1,0,3.679588019847869,0,2,7,6,1,1,-1.0828500804305086,1,0,7,7,0,1,4.960248276233672,1,0,7,7,0,1,2.344025151968001,True,MASA,23878945_15,F:\bishe\Undergraduate-Graduation-Project\results\figures\defense_reward_training_stage\case_studies\image_cache\masa_23878945_15.tiff,0.2652,1.0,0.26520000000000005,96.49700061212924
57.4,3,1,0,321,225,7,C7,23,0,0.5015875,7,0,1,1.430020249426364,2.0,5.0,3.0,0,2,7,6,1,0,-1.0,0,6,7,4,3,5,1.411068975925444,1,0,7,7,0,1,5.272799193859099,1,0,7,7,0,1,1.4153712609410276,0,2,7,6,1,0,1.3663360757827745,1,0,7,7,0,1,1.430020249426364,True,MASA,23729110_15,F:\bishe\Undergraduate-Graduation-Project\results\figures\defense_reward_training_stage\case_studies\image_cache\masa_23729110_15.tiff,0.37962222222222225,1.0,0.37962222222222225,93.31517927750956
57.16,3,1,1,123,430,10,C7,19,0,0.9475520833333332,7,0,1,3.0228831847906106,1.8,4.0,3.0,1,0,7,7,0,1,0.0,0,5,8,5,3,4,4.567124009132384,1,0,7,7,0,1,5.34087723493576,0,3,8,6,2,0,1.0190383732318866,0,1,8,7,1,2,1.6214616141319258,1,0,7,7,0,1,3.0228831847906106,True,MASA,23878945_15,F:\bishe\Undergraduate-Graduation-Project\results\figures\defense_reward_training_stage\case_studies\image_cache\masa_23878945_15.tiff,0.2652,1.0,0.26520000000000005,96.49700061212924
56.92,3,1,0,42,220,15,C7,20,3,0.4888458333333333,7,0,1,3.115551332175731,1.6,5.0,3.0,1,0,9,8,1,1,-2.0,0,4,9,6,3,5,4.796053051948546,0,2,9,7,2,0,1.9917386770248395,1,0,7,7,0,1,3.009676332175731,0,2,9,7,2,0,0.7936630048751812,1,0,7,7,0,1,3.115551332175731,True,MASA,23879035_15,F:\bishe\Undergraduate-Graduation-Project\results\figures\defense_reward_training_stage\case_studies\image_cache\masa_23879035_15.tiff,0.0002888888888888889,0.003611111111111111,0.0002888888888888889,43.94926219533445
56.92,3,1,0,321,230,2,C7,19,0,0.5126479166666666,7,0,1,1.8753797521591176,1.6,5.0,3.0,1,0,7,7,0,1,0.0,0,4,9,6,3,5,3.875979363918303,0,2,9,7,2,1,0.0042232871055583,1,0,7,7,0,1,3.758474759161471,0,2,9,7,2,2,0.5004634060859661,1,0,7,7,0,1,1.8753797521591176,True,MASA,22828915_15,F:\bishe\Undergraduate-Graduation-Project\results\figures\defense_reward_training_stage\case_studies\image_cache\masa_22828915_15.tiff,1.1111111111111112e-05,0.0002777777777777778,1.1111111111111112e-05,37.67042109064696
56.4,3,1,0,42,125,13,C7,21,4,0.2793520833333333,7,0,1,1.7924568464756006,2.0,4.0,3.0,1,0,7,7,0,1,0.0,0,6,7,4,3,4,2.665471673011778,1,0,7,7,0,1,4.8759788870811445,0,2,7,6,1,2,-0.5007845866680156,0,2,7,6,1,1,-2.456111782073976,1,0,7,7,0,1,1.7924568464756006,True,MASA,22828945_15,F:\bishe\Undergraduate-Graduation-Project\results\figures\defense_reward_training_stage\case_studies\image_cache\masa_22828945_15.tiff,0.0,0.0,0.0,33.040234472885345
55.88,3,2,0,123,205,0,C7,24,5,0.45523125,9,1,1,2.8096131324172013,2.4,6.0,4.0,0,2,9,7,2,1,-3.0,0,6,9,5,4,6,2.721866846084593,0,4,9,6,3,0,0.3004151582717875,1,0,7,7,0,1,1.220112135410308,1,0,7,7,0,1,2.8415707793235767,1,0,9,8,1,1,2.8096131324172013,True,MASA,22678915_15,F:\bishe\Undergraduate-Graduation-Project\results\figures\defense_reward_training_stage\case_studies\image_cache\masa_22678915_15.tiff,0.0002,0.005,0.0002,44.629645865908515
55.4,3,1,0,321,165,9,C7,0,19,0.37020625,9,1,1,3.8260268604755394,2.0,8.0,4.0,1,0,7,7,0,1,0.0,0,6,9,5,4,8,4.8157321214675886,0,2,9,7,2,2,1.79055333137512,0,2,9,7,2,1,0.2306312003731712,1,0,7,7,0,1,3.4321011152267444,1,0,9,8,1,1,3.8260268604755394,True,MASA,23878930_15,F:\bishe\Undergraduate-Graduation-Project\results\figures\defense_reward_training_stage\case_studies\image_cache\masa_23878930_15.tiff,0.23595555555555556,1.0,0.23595555555555556,86.20615108195106
53.36,3,2,0,123,130,3,C7,3,20,0.2913375,9,1,2,2.375014855146407,2.8,6.0,4.0,0,6,9,5,4,5,-9.0,0,6,9,5,4,6,5.302549481391905,1,0,7,7,0,1,3.882664680480956,0,2,9,7,2,0,-1.7163416633009922,1,0,7,7,0,1,4.521660610675811,1,0,9,8,1,2,2.375014855146407,True,MASA,23729050_15,F:\bishe\Undergraduate-Graduation-Project\results\figures\defense_reward_training_stage\case_studies\image_cache\masa_23729050_15.tiff,0.00023333333333333333,0.0022222222222222222,0.00023333333333333333,41.78051892159278
52.88,3,0,0,42,190,16,C7,21,4,0.42299375,7,0,1,2.821181913256644,2.4,3.0,2.0,1,0,7,7,0,1,0.0,0,4,7,5,2,3,3.997380673885345,1,0,7,7,0,1,6.292003750801085,0,4,7,5,2,0,0.0380712321400629,0,4,7,5,2,1,-0.9871529588699356,1,0,7,7,0,1,2.821181913256644,True,MASA,23879050_15,F:\bishe\Undergraduate-Graduation-Project\results\figures\defense_reward_training_stage\case_studies\image_cache\masa_23879050_15.tiff,0.0007666666666666667,0.018333333333333333,0.0007666666666666666,36.216450347127086
49.92,3,0,0,321,80,2,C7,24,1,0.1803854166666666,7,0,1,4.2875606676340094,1.6,1.0,2.0,0,2,7,6,1,0,-5.0,0,4,7,5,2,0,2.819346129894256,0,2,7,6,1,0,-0.0578048229217544,1,0,7,7,0,1,4.181685667634009,1,0,7,7,0,1,3.6061919775009135,1,0,7,7,0,1,4.2875606676340094,True,MASA,22828915_15,F:\bishe\Undergraduate-Graduation-Project\results\figures\defense_reward_training_stage\case_studies\image_cache\masa_22828915_15.tiff,1.1111111111111112e-05,0.0002777777777777778,1.1111111111111112e-05,37.67042109064696
64.6,3,3,0,42,300,16,C6,8,20,0.6638416666666667,6,0,1,3.873221214562654,3.0,8.0,5.0,1,0,6,6,0,1,1.0,0,7,9,4,5,8,4.512902081012724,0,3,9,6,3,4,0.551116943359373,1,0,6,6,0,1,5.550341079483429,0,5,9,5,4,0,0.7175436725616442,1,0,6,6,0,1,3.873221214562654,True,MASA,23879050_15,F:\bishe\Undergraduate-Graduation-Project\results\figures\defense_reward_training_stage\case_studies\image_cache\masa_23879050_15.tiff,0.0007666666666666667,0.018333333333333333,0.0007666666666666666,36.216450347127086
63.6,3,3,0,321,265,0,C6,2,24,0.58959375,6,0,1,2.679484013418356,3.0,7.0,5.0,0,3,9,6,3,1,-3.0,0,7,9,4,5,7,5.161487340927122,0,5,9,5,4,2,-4.62855899333954,1,0,8,7,1,2,0.7985955290993045,1,0,8,7,1,1,2.032366871356963,1,0,6,6,0,1,2.679484013418356,True,MASA,22678915_15,F:\bishe\Undergraduate-Graduation-Project\results\figures\defense_reward_training_stage\case_studies\image_cache\masa_22678915_15.tiff,0.0002,0.005,0.0002,44.629645865908515
62.64,3,3,0,42,240,8,C6,4,16,0.5322416666666666,6,0,1,3.5713552578787,2.2,8.0,4.0,0,3,9,6,3,3,-7.0,0,5,9,5,4,8,5.104616165161131,1,0,6,6,0,1,6.191972494125365,1,0,6,6,0,1,5.3526838157077625,0,3,9,6,3,2,2.0424298839569075,1,0,6,6,0,1,3.5713552578787,True,MASA,23878915_15,F:\bishe\Undergraduate-Graduation-Project\results\figures\defense_reward_training_stage\case_studies\image_cache\masa_23878915_15.tiff,0.27994444444444444,1.0,0.2799444444444445,80.74584833253299
62.36,3,3,0,321,430,15,C6,6,24,0.9504041666666668,6,0,1,5.619862624704837,2.8,7.0,4.0,0,4,8,5,3,0,-6.0,0,6,8,4,4,7,4.672102391719816,1,0,6,6,0,1,4.722285449504851,1,0,6,6,0,1,5.49273228406906,0,4,8,5,3,0,2.8873584232330307,1,0,6,6,0,1,5.619862624704837,True,MASA,23879035_15,F:\bishe\Undergraduate-Graduation-Project\results\figures\defense_reward_training_stage\case_studies\image_cache\masa_23879035_15.tiff,0.0002888888888888889,0.003611111111111111,0.0002888888888888889,43.94926219533445
61.64,3,3,0,123,405,2,C6,24,2,0.8932791666666666,6,0,1,5.003476765702168,2.2,7.0,4.0,0,3,9,6,3,1,-3.0,0,5,9,5,4,7,4.653562188148497,1,0,6,6,0,1,3.250678956508636,1,0,8,7,1,1,3.404158675769964,0,3,9,6,3,0,0.9962956352233872,1,0,6,6,0,1,5.003476765702168,True,MASA,22828915_15,F:\bishe\Undergraduate-Graduation-Project\results\figures\defense_reward_training_stage\case_studies\image_cache\masa_22828915_15.tiff,1.1111111111111112e-05,0.0002777777777777778,1.1111111111111112e-05,37.67042109064696
59.88,3,3,0,42,425,4,C6,10,4,0.9372583333333332,6,0,1,3.22441316589713,2.4,6.0,3.0,1,0,6,6,0,1,1.0,0,4,8,5,3,6,4.612211644649504,0,4,8,5,3,1,-1.3237643241882342,1,0,6,6,0,1,3.13628816589713,0,4,8,5,3,1,-1.1868269848823565,1,0,6,6,0,1,3.22441316589713,True,MASA,23729065_15,F:\bishe\Undergraduate-Graduation-Project\results\figures\defense_reward_training_stage\case_studies\image_cache\masa_23729065_15.tiff,0.0,0.0,0.0,34.157371284584634
59.88,3,2,0,123,430,9,C6,21,3,0.9475375,6,0,1,4.72435853699843,2.4,7.0,4.0,1,0,8,7,1,1,-1.0,0,6,8,4,4,7,4.845184743404387,1,0,6,6,0,1,4.139786839485168,0,2,8,6,2,1,0.9329291783769916,0,4,8,5,3,1,1.469891127109526,1,0,6,6,0,1,4.72435853699843,True,MASA,23878930_15,F:\bishe\Undergraduate-Graduation-Project\results\figures\defense_reward_training_stage\case_studies\image_cache\masa_23878930_15.tiff,0.23595555555555556,1.0,0.23595555555555556,86.20615108195106
59.64,3,3,0,321,225,9,C6,4,16,0.50161875,6,0,1,5.179090592960516,2.2,5.0,4.0,0,3,9,6,3,3,-5.0,0,5,9,5,4,5,4.736039221286772,1,0,6,6,0,1,4.055855154991149,1,0,6,6,0,1,5.043579466491937,0,3,9,6,3,3,0.6158048110008219,1,0,6,6,0,1,5.179090592960516,True,MASA,23878930_15,F:\bishe\Undergraduate-Graduation-Project\results\figures\defense_reward_training_stage\case_studies\image_cache\masa_23878930_15.tiff,0.23595555555555556,1.0,0.23595555555555556,86.20615108195106
59.16,3,2,1,123,285,5,C6,5,23,0.6312125,6,0,1,3.347826516081889,1.8,6.0,4.0,0,1,9,7,2,2,-5.0,0,3,9,6,3,6,4.580307483673094,1,0,6,6,0,1,4.184082925319671,1,0,6,6,0,1,3.0182751547296838,0,5,9,5,4,1,-2.820824477672579,1,0,6,6,0,1,3.347826516081889,True,MASA,23729080_15,F:\bishe\Undergraduate-Graduation-Project\results\figures\defense_reward_training_stage\case_studies\image_cache\masa_23729080_15.tiff,6.666666666666667e-05,0.0008333333333333334,6.666666666666667e-05,33.71020601299033
58.64,3,3,0,321,280,1,C6,0,22,0.6222520833333334,6,0,1,3.005859142740567,2.2,4.0,4.0,1,0,8,7,1,1,1.0,0,5,9,5,4,4,3.578543245792387,0,3,9,6,3,1,-3.7207674384117135,1,0,6,6,0,1,2.9177341427405667,0,3,9,6,3,1,0.4592911949157695,1,0,6,6,0,1,3.005859142740567,True,MASA,22678930_15,F:\bishe\Undergraduate-Graduation-Project\results\figures\defense_reward_training_stage\case_studies\image_cache\masa_22678930_15.tiff,6.666666666666667e-05,0.001388888888888889,6.666666666666667e-05,35.950311306844696
57.4,3,2,0,321,125,14,C6,15,3,0.281175,6,0,1,3.7191831508775546,2.0,6.0,3.0,0,4,8,5,3,5,-8.0,0,4,8,5,3,6,4.058661818504332,1,0,8,7,1,1,6.75288301706314,1,0,6,6,0,1,3.6310581508775535,0,2,8,6,2,1,1.6679358010292034,1,0,6,6,0,1,3.7191831508775546,True,MASA,23879020_15,F:\bishe\Undergraduate-Graduation-Project\results\figures\defense_reward_training_stage\case_studies\image_cache\masa_23879020_15.tiff,3.3333333333333335e-05,0.0008333333333333334,3.3333333333333335e-05,44.616353129331145
57.4,3,1,0,123,355,7,C6,8,20,0.7839395833333334,6,0,1,3.2898743104934685,2.0,7.0,4.0,1,0,6,6,0,1,1.0,0,6,8,4,4,7,3.99461245536804,0,2,8,6,2,2,1.838609814643858,1,0,6,6,0,1,2.7860476099948084,0,2,8,6,2,2,1.6116670417785632,1,0,6,6,0,1,3.2898743104934685,True,MASA,23729110_15,F:\bishe\Undergraduate-Graduation-Project\results\figures\defense_reward_training_stage\case_studies\image_cache\masa_23729110_15.tiff,0.37962222222222225,1.0,0.37962222222222225,93.31517927750956
57.4,3,2,0,321,370,4,C6,22,4,0.8197375,6,0,1,5.269710870782534,2.0,6.0,3.0,1,0,6,6,0,1,1.0,0,4,8,5,3,6,4.215926289558409,1,0,8,7,1,2,5.651117980480192,0,2,8,6,2,0,-1.0313884523510946,0,4,8,5,3,1,-1.4963011474609396,1,0,6,6,0,1,5.269710870782534,True,MASA,23729065_15,F:\bishe\Undergraduate-Graduation-Project\results\figures\defense_reward_training_stage\case_studies\image_cache\masa_23729065_15.tiff,0.0,0.0,0.0,34.157371284584634
57.4,3,1,0,321,395,17,C6,14,0,0.8741395833333333,6,0,1,5.507007693201302,2.0,7.0,4.0,0,2,8,6,2,2,-2.0,0,6,8,4,4,7,5.008868038654326,1,0,6,6,0,1,6.684798300266265,1,0,6,6,0,1,5.123621313373247,0,2,8,6,2,2,2.707440619468688,1,0,6,6,0,1,5.507007693201302,True,MASA,23879065_15,F:\bishe\Undergraduate-Graduation-Project\results\figures\defense_reward_training_stage\case_studies\image_cache\masa_23879065_15.tiff,0.0003111111111111111,0.0033333333333333335,0.0003111111111111111,35.31570898664007
57.16,3,1,2,321,395,13,C6,2,20,0.87410625,6,0,1,2.9070339281857005,1.8,5.0,4.0,0,1,7,6,1,2,-3.0,0,7,7,3,4,5,3.335436522960662,1,0,6,6,0,1,5.933775603771209,1,0,6,6,0,1,4.911359461992978,0,1,7,6,1,0,2.461659359455107,1,0,6,6,0,1,2.9070339281857005,True,MASA,22828945_15,F:\bishe\Undergraduate-Graduation-Project\results\figures\defense_reward_training_stage\case_studies\image_cache\masa_22828945_15.tiff,0.0,0.0,0.0,33.040234472885345
56.68,3,2,1,321,285,15,C6,5,23,0.6334041666666667,6,0,1,3.498956041733424,1.4,5.0,3.0,0,1,9,7,2,1,-3.0,0,3,9,6,3,5,4.981373131275175,1,0,8,7,1,1,5.603171706199645,1,0,6,6,0,1,3.501613328953583,0,3,9,6,3,1,2.3540602521896346,1,0,6,6,0,1,3.498956041733424,True,MASA,23879035_15,F:\bishe\Undergraduate-Graduation-Project\results\figures\defense_reward_training_stage\case_studies\image_cache\masa_23879035_15.tiff,0.0002888888888888889,0.003611111111111111,0.0002888888888888889,43.94926219533445
56.68,3,1,2,42,340,0,C6,21,3,0.75133125,6,0,1,2.58142126272122,1.4,5.0,4.0,1,0,8,7,1,1,1.0,0,5,9,5,4,5,1.71916741132736,0,1,9,7,2,2,-0.0089085102081318,1,0,6,6,0,1,2.49329626272122,0,1,9,7,2,1,-0.9111462092399616,1,0,6,6,0,1,2.58142126272122,True,MASA,22678915_15,F:\bishe\Undergraduate-Graduation-Project\results\figures\defense_reward_training_stage\case_studies\image_cache\masa_22678915_15.tiff,0.0002,0.005,0.0002,44.629645865908515
56.68,3,1,2,42,345,9,C6,1,23,0.7622041666666667,6,0,1,3.0603381367524456,1.4,6.0,3.0,1,0,6,6,0,1,3.0,0,5,7,4,3,6,3.809696674346923,0,1,7,6,1,0,0.3350708484649642,1,0,6,6,0,1,2.972213136752446,0,1,7,6,1,0,2.112284907817839,1,0,6,6,0,1,3.0603381367524456,True,MASA,23878930_15,F:\bishe\Undergraduate-Graduation-Project\results\figures\defense_reward_training_stage\case_studies\image_cache\masa_23878930_15.tiff,0.23595555555555556,1.0,0.23595555555555556,86.20615108195106
56.68,3,1,2,123,410,21,C6,3,21,0.90454375,6,0,1,3.470412798672914,1.4,6.0,3.0,1,0,6,6,0,1,3.0,0,5,7,4,3,6,4.808809995651244,0,1,7,6,1,0,2.8678702116012555,0,1,7,6,1,0,2.1951625068485727,1,0,6,6,0,1,4.518110761642455,1,0,6,6,0,1,3.470412798672914,True,MASA,24029050_15,F:\bishe\Undergraduate-Graduation-Project\results\figures\defense_reward_training_stage\case_studies\image_cache\masa_24029050_15.tiff,0.0015888888888888888,0.009722222222222222,0.0015888888888888888,47.84523880540244
56.64,3,2,1,321,320,8,C6,6,24,0.7102041666666666,6,0,1,3.7397418734431263,2.2,4.0,3.0,0,1,7,6,1,0,-3.0,0,5,7,4,3,4,3.467897117137908,1,0,6,6,0,1,4.872954070568084,1,0,6,6,0,1,3.6516168734431256,0,5,7,4,3,0,-0.8881625018119828,1,0,6,6,0,1,3.7397418734431263,True,MASA,23878915_15,F:\bishe\Undergraduate-Graduation-Project\results\figures\defense_reward_training_stage\case_studies\image_cache\masa_23878915_15.tiff,0.27994444444444444,1.0,0.2799444444444445,80.74584833253299
56.4,3,2,0,123,125,21,C6,19,5,0.2804229166666667,6,0,1,3.4378741534550974,2.0,5.0,3.0,0,4,8,5,3,5,-8.0,0,4,8,5,3,5,4.128328323364256,0,2,8,6,2,1,-1.73079162836075,1,0,6,6,0,1,3.3497491534550976,1,0,6,6,0,1,6.966973373889922,1,0,6,6,0,1,3.4378741534550974,True,MASA,24029050_15,F:\bishe\Undergraduate-Graduation-Project\results\figures\defense_reward_training_stage\case_studies\image_cache\masa_24029050_15.tiff,0.0015888888888888888,0.009722222222222222,0.0015888888888888888,47.84523880540244
56.12,3,2,1,123,175,3,C6,6,24,0.3902604166666666,8,1,1,2.3472963946958374,2.6,7.0,5.0,1,0,6,6,0,1,3.0,0,7,9,4,5,7,6.860271275043486,1,0,6,6,0,1,4.513965725898742,0,1,9,7,2,1,1.0371841604510927,0,5,9,5,4,0,2.8001875910758955,1,0,8,7,1,1,2.3472963946958374,True,MASA,23729050_15,F:\bishe\Undergraduate-Graduation-Project\results\figures\defense_reward_training_stage\case_studies\image_cache\masa_23729050_15.tiff,0.00023333333333333333,0.0022222222222222222,0.00023333333333333333,41.78051892159278
56.12,3,3,0,123,310,5,C6,14,20,0.68561875,8,1,1,2.30960430034995,2.6,7.0,4.0,0,3,9,6,3,0,-7.0,0,5,9,5,4,7,4.213463842868803,0,5,9,5,4,0,-0.1189766526222249,1,0,6,6,0,1,3.3471047936379903,1,0,8,7,1,1,5.21214008283615,1,0,8,7,1,1,2.30960430034995,True,MASA,23729080_15,F:\bishe\Undergraduate-Graduation-Project\results\figures\defense_reward_training_stage\case_studies\image_cache\masa_23729080_15.tiff,6.666666666666667e-05,0.0008333333333333334,6.666666666666667e-05,33.71020601299033
55.4,3,1,0,123,180,19,C6,9,15,0.4012041666666666,6,0,1,2.431003348976373,2.0,5.0,4.0,0,2,8,6,2,1,-2.0,0,6,8,4,4,5,3.170306444168089,1,0,6,6,0,1,5.170685052871703,1,0,8,7,1,1,1.4487319097419569,0,2,8,6,2,1,0.7077837710380539,1,0,6,6,0,1,2.431003348976373,True,MASA,23879110_15,F:\bishe\Undergraduate-Graduation-Project\results\figures\defense_reward_training_stage\case_studies\image_cache\masa_23879110_15.tiff,7.777777777777778e-05,0.0019444444444444444,7.777777777777778e-05,34.13187372905267
55.08,3,3,0,321,105,12,C6,16,4,0.2366770833333333,8,1,2,4.728468249589204,3.4,7.0,5.0,1,0,6,6,0,1,1.0,0,7,9,4,5,7,6.112002015113829,0,5,9,5,4,0,3.4012082219123823,1,0,6,6,0,1,3.91725860496362,0,5,9,5,4,0,3.5003848109245284,1,0,8,7,1,2,4.728468249589204,True,MASA,23878990_15,F:\bishe\Undergraduate-Graduation-Project\results\figures\defense_reward_training_stage\case_studies\image_cache\masa_23878990_15.tiff,0.0006111111111111111,0.014166666666666666,0.0006111111111111111,48.52935049911557
54.4,3,1,0,123,215,2,C6,20,2,0.47723125,6,0,1,2.736647901137669,2.0,5.0,3.0,0,2,6,5,1,0,0.0,0,6,6,3,3,5,1.9667876958847037,1,0,6,6,0,1,3.554555356502532,1,0,6,6,0,1,2.696550732205311,0,2,6,5,1,0,2.3919113807678207,1,0,6,6,0,1,2.736647901137669,True,MASA,22828915_15,F:\bishe\Undergraduate-Graduation-Project\results\figures\defense_reward_training_stage\case_studies\image_cache\masa_22828915_15.tiff,1.1111111111111112e-05,0.0002777777777777778,1.1111111111111112e-05,37.67042109064696
54.4,3,1,0,123,405,13,C6,4,16,0.8934,6,0,1,2.5248761203885075,2.0,5.0,3.0,0,2,6,5,1,0,-2.0,0,6,6,3,3,5,2.265897512435912,1,0,6,6,0,1,6.089881658554076,1,0,6,6,0,1,2.4367511203885077,0,2,6,5,1,0,2.699075274944304,1,0,6,6,0,1,2.5248761203885075,True,MASA,22828945_15,F:\bishe\Undergraduate-Graduation-Project\results\figures\defense_reward_training_stage\case_studies\image_cache\masa_22828945_15.tiff,0.0,0.0,0.0,33.040234472885345
53.92,3,1,0,42,220,8,C6,0,18,0.4887604166666666,6,0,1,2.8702596773207176,1.6,5.0,3.0,0,2,8,6,2,0,-2.0,0,4,8,5,3,5,5.341763854026793,1,0,6,6,0,1,5.826551616191863,0,2,8,6,2,0,-0.8718373270332826,1,0,6,6,0,1,3.493300983905791,1,0,6,6,0,1,2.8702596773207176,True,MASA,23878915_15,F:\bishe\Undergraduate-Graduation-Project\results\figures\defense_reward_training_stage\case_studies\image_cache\masa_23878915_15.tiff,0.27994444444444444,1.0,0.2799444444444445,80.74584833253299
53.88,3,2,0,42,245,3,C6,4,22,0.5433645833333334,8,1,1,4.56049978467822,2.4,7.0,4.0,1,0,8,7,1,1,1.0,0,6,8,4,4,7,5.09906893968582,0,4,8,5,3,1,-0.7846567034721392,0,2,8,6,2,0,-1.5242836735645942,1,0,8,7,1,1,6.689285620212554,1,0,8,7,1,1,4.56049978467822,True,MASA,23729050_15,F:\bishe\Undergraduate-Graduation-Project\results\figures\defense_reward_training_stage\case_studies\image_cache\masa_23729050_15.tiff,0.00023333333333333333,0.0022222222222222222,0.00023333333333333333,41.78051892159278
53.64,3,1,0,42,205,8,C6,0,22,0.456325,6,0,1,5.250231238653262,2.2,4.0,3.0,0,3,7,5,2,0,-3.0,0,5,7,4,3,4,4.291469991207122,1,0,6,6,0,1,6.229780614376067,1,0,6,6,0,1,4.978542500088611,0,3,7,5,2,2,-1.116007506370546,1,0,6,6,0,1,5.250231238653262,True,MASA,23878915_15,F:\bishe\Undergraduate-Graduation-Project\results\figures\defense_reward_training_stage\case_studies\image_cache\masa_23878915_15.tiff,0.27994444444444444,1.0,0.2799444444444445,80.74584833253299
53.4,3,1,0,42,155,15,C6,0,22,0.34608125,6,0,1,3.289910662372906,2.0,4.0,3.0,1,0,6,6,0,1,3.0,0,6,6,3,3,4,3.5272754430770865,0,2,6,5,1,0,-0.2289028167724622,1,0,6,6,0,1,5.155215074469645,0,2,6,5,1,0,3.342249327182768,1,0,6,6,0,1,3.289910662372906,True,MASA,23879035_15,F:\bishe\Undergraduate-Graduation-Project\results\figures\defense_reward_training_stage\case_studies\image_cache\masa_23879035_15.tiff,0.0002888888888888889,0.003611111111111111,0.0002888888888888889,43.94926219533445
52.88,3,2,0,321,315,5,C6,5,23,0.69894375,8,1,1,1.8596421429018168,2.4,6.0,4.0,1,0,8,7,1,1,1.0,0,6,8,4,4,6,3.3731335997581464,1,0,8,7,1,1,3.2162645459175097,0,2,8,6,2,1,0.7685558794935532,0,4,8,5,3,0,2.2854576072692856,1,0,8,7,1,1,1.8596421429018168,True,MASA,23729080_15,F:\bishe\Undergraduate-Graduation-Project\results\figures\defense_reward_training_stage\case_studies\image_cache\masa_23729080_15.tiff,6.666666666666667e-05,0.0008333333333333334,6.666666666666667e-05,33.71020601299033
52.64,3,3,0,123,395,10,C6,10,4,0.8719354166666666,8,1,1,4.332691650460162,2.2,4.0,4.0,1,0,6,6,0,1,1.0,0,3,9,6,3,4,3.363581180572508,0,3,9,6,3,3,0.4981316924095134,0,5,9,5,4,1,-0.6270115987459838,1,0,8,7,1,1,5.887725047111511,1,0,8,7,1,1,4.332691650460162,True,MASA,23878945_15,F:\bishe\Undergraduate-Graduation-Project\results\figures\defense_reward_training_stage\case_studies\image_cache\masa_23878945_15.tiff,0.2652,1.0,0.26520000000000005,96.49700061212924
52.4,3,1,0,42,330,0,C6,15,9,0.72956875,6,0,1,2.1672865213950465,2.0,3.0,3.0,1,0,6,6,0,1,1.0,0,6,6,3,3,3,1.2921039462089523,0,2,6,5,1,0,0.3795647621154772,0,2,6,5,1,0,1.1904513256251803,1,0,6,6,0,1,2.6475584602355946,1,0,6,6,0,1,2.1672865213950465,True,MASA,22678915_15,F:\bishe\Undergraduate-Graduation-Project\results\figures\defense_reward_training_stage\case_studies\image_cache\masa_22678915_15.tiff,0.0002,0.005,0.0002,44.629645865908515
49.4,3,1,0,123,125,27,C6,15,9,0.2804916666666666,8,1,1,3.9932820090154793,2.0,5.0,4.0,1,0,6,6,0,1,1.0,0,6,8,4,4,5,5.333824813365935,0,2,8,6,2,3,-0.684667110443117,1,0,8,7,1,1,1.8189938374360397,0,2,8,6,2,1,2.42950446653366,1,0,8,7,1,1,3.9932820090154793,True,MASA,24179035_15,F:\bishe\Undergraduate-Graduation-Project\results\figures\defense_reward_training_stage\case_studies\image_cache\masa_24179035_15.tiff,0.0005222222222222222,0.012222222222222223,0.0005222222222222222,47.57423974718254
48.4,3,0,0,123,230,7,C6,10,24,0.5099395833333333,6,0,1,2.261704044739405,2.0,2.0,2.0,1,0,6,6,0,1,1.0,0,4,6,4,2,2,2.877041816711425,1,0,6,6,0,1,4.458167850971221,0,2,6,5,1,0,1.1865463116765014,0,4,6,4,2,0,-2.4729737792015087,1,0,6,6,0,1,2.261704044739405,True,MASA,23729110_15,F:\bishe\Undergraduate-Graduation-Project\results\figures\defense_reward_training_stage\case_studies\image_cache\masa_23729110_15.tiff,0.37962222222222225,1.0,0.37962222222222225,93.31517927750956
47.2,3,1,2,123,375,8,C6,5,23,0.8279729166666666,8,1,2,1.691140767266352,1.0,6.0,3.0,1,0,8,7,1,1,1.0,0,3,9,6,3,6,4.093697547912596,0,1,9,7,2,2,2.5245174765586835,1,0,8,7,1,1,4.466039943546056,0,1,9,7,2,2,1.527205547332762,1,0,8,7,1,2,1.691140767266352,True,MASA,23878915_15,F:\bishe\Undergraduate-Graduation-Project\results\figures\defense_reward_training_stage\case_studies\image_cache\masa_23878915_15.tiff,0.27994444444444444,1.0,0.2799444444444445,80.74584833253299
45.92,3,2,0,123,200,7,C6,22,4,0.4444229166666666,8,1,2,2.5751366780400278,1.6,4.0,3.0,1,0,6,6,0,1,1.0,0,2,8,6,2,4,1.4789286851882917,1,0,8,7,1,1,0.9496620297431932,0,2,8,6,2,0,-2.19424809853236,0,4,8,5,3,1,-1.3323384776115432,1,0,8,7,1,2,2.5751366780400278,True,MASA,23729110_15,F:\bishe\Undergraduate-Graduation-Project\results\figures\defense_reward_training_stage\case_studies\image_cache\masa_23729110_15.tiff,0.37962222222222225,1.0,0.37962222222222225,93.31517927750956
54.92,2,1,1,321,155,0,C8,0,24,0.3478041666666667,8,0,1,0.8007064778059712,1.6,8.0,4.0,1,0,8,8,0,1,-1.0,0,7,9,5,4,8,5.061644792556761,0,1,9,8,1,1,1.522991657257078,1,0,8,8,0,1,3.819502562731504,1,0,8,8,0,1,1.971139215946197,1,0,8,8,0,1,0.8007064778059712,True,MASA,22678915_15,F:\bishe\Undergraduate-Graduation-Project\results\figures\defense_reward_training_stage\case_studies\image_cache\masa_22678915_15.tiff,0.0002,0.005,0.0002,44.629645865908515
54.92,2,1,1,321,265,1,C8,20,4,0.5896104166666667,8,0,1,2.744921217270196,1.6,8.0,4.0,1,0,8,8,0,1,-1.0,0,7,9,5,4,8,4.646335124969481,1,0,8,8,0,1,1.17615908384323,0,1,9,8,1,2,-1.521284316964448,1,0,8,8,0,1,2.577879333019256,1,0,8,8,0,1,2.744921217270196,True,MASA,22678930_15,F:\bishe\Undergraduate-Graduation-Project\results\figures\defense_reward_training_stage\case_studies\image_cache\masa_22678930_15.tiff,6.666666666666667e-05,0.001388888888888889,6.666666666666667e-05,35.950311306844696
54.92,2,1,1,321,285,17,C8,24,0,0.6334354166666667,8,0,1,4.013201155297457,1.6,8.0,4.0,1,0,8,8,0,1,-1.0,0,7,9,5,4,8,6.071255981922148,0,1,9,8,1,2,1.5458682179450969,1,0,8,8,0,1,3.848636381961404,1,0,8,8,0,1,5.663779401302337,1,0,8,8,0,1,4.013201155297457,True,MASA,23879065_15,F:\bishe\Undergraduate-Graduation-Project\results\figures\defense_reward_training_stage\case_studies\image_cache\masa_23879065_15.tiff,0.0003111111111111111,0.0033333333333333335,0.0003111111111111111,35.31570898664007
54.92,2,1,1,321,415,4,C8,0,24,0.9176395833333332,8,0,1,2.4016097755804644,1.6,8.0,4.0,1,0,8,8,0,1,-1.0,0,7,9,5,4,8,5.690286338329313,1,0,8,8,0,1,5.436633944511413,1,0,8,8,0,1,4.025788872949779,0,1,9,8,1,1,2.441958986759184,1,0,8,8,0,1,2.4016097755804644,True,MASA,23729065_15,F:\bishe\Undergraduate-Graduation-Project\results\figures\defense_reward_training_stage\case_studies\image_cache\masa_23729065_15.tiff,0.0,0.0,0.0,34.157371284584634
54.92,2,1,1,321,420,12,C8,24,0,0.9286958333333334,8,0,1,2.73010097105801,1.6,8.0,4.0,1,0,8,8,0,1,-1.0,0,7,9,5,4,8,5.685816884040831,1,0,8,8,0,1,6.951326251029967,1,0,8,8,0,1,4.70988917954266,0,1,9,8,1,1,3.411590360641478,1,0,8,8,0,1,2.73010097105801,True,MASA,23878990_15,F:\bishe\Undergraduate-Graduation-Project\results\figures\defense_reward_training_stage\case_studies\image_cache\masa_23878990_15.tiff,0.0006111111111111111,0.014166666666666666,0.0006111111111111111,48.52935049911557
54.879999999999995,2,2,0,123,265,6,C8,20,4,0.5873604166666667,8,0,1,3.794967669963836,2.4,6.0,4.0,0,5,9,6,3,3,-9.0,0,7,9,5,4,6,4.42272114753723,1,0,8,8,0,1,2.2040635347366324,1,0,8,8,0,1,3.1227855612337585,1,0,8,8,0,1,3.1979303593635557,1,0,8,8,0,1,3.794967669963836,True,MASA,23729095_15,F:\bishe\Undergraduate-Graduation-Project\results\figures\defense_reward_training_stage\case_studies\image_cache\masa_23729095_15.tiff,3.3333333333333335e-05,0.0008333333333333334,3.3333333333333335e-05,34.40977889470552
54.4,2,1,0,42,365,1,C8,24,0,0.8057979166666667,8,0,1,3.207021341443061,2.0,8.0,4.0,1,0,8,8,0,1,-1.0,0,7,9,5,4,8,4.5182560682296735,0,3,9,7,2,3,-3.3649610877037066,1,0,8,8,0,1,1.252748600840567,1,0,8,8,0,1,3.942770087242126,1,0,8,8,0,1,3.207021341443061,True,MASA,22678930_15,F:\bishe\Undergraduate-Graduation-Project\results\figures\defense_reward_training_stage\case_studies\image_cache\masa_22678930_15.tiff,6.666666666666667e-05,0.001388888888888889,6.666666666666667e-05,35.950311306844696
54.4,2,1,0,123,405,1,C8,20,4,0.8932666666666667,8,0,1,1.2265626391097897,2.0,8.0,4.0,1,0,8,8,0,1,-1.0,0,7,9,5,4,8,3.167103707790373,1,0,8,8,0,1,2.088578641414641,0,3,9,7,2,0,-1.097587381191553,1,0,8,8,0,1,3.233763896942138,1,0,8,8,0,1,1.2265626391097897,True,MASA,22678930_15,F:\bishe\Undergraduate-Graduation-Project\results\figures\defense_reward_training_stage\case_studies\image_cache\masa_22678930_15.tiff,6.666666666666667e-05,0.001388888888888889,6.666666666666667e-05,35.950311306844696
54.4,2,1,0,42,410,13,C8,0,24,0.9044625,8,0,1,1.8484393363520495,2.0,8.0,4.0,1,0,8,8,0,1,-1.0,0,7,9,5,4,8,5.802280485630034,1,0,8,8,0,1,3.106866478919982,1,0,8,8,0,1,2.0172053432837123,0,3,9,7,2,0,0.8489941425323467,1,0,8,8,0,1,1.8484393363520495,True,MASA,22828945_15,F:\bishe\Undergraduate-Graduation-Project\results\figures\defense_reward_training_stage\case_studies\image_cache\masa_22828945_15.tiff,0.0,0.0,0.0,33.040234472885345
53.92,2,1,1,42,160,13,C8,0,24,0.3572083333333333,8,0,1,1.817849233344196,1.6,7.0,4.0,1,0,8,8,0,1,-1.0,0,7,9,5,4,7,5.426775991916655,1,0,8,8,0,1,2.015072405338286,0,1,9,8,1,2,-1.5116195867955702,1,0,8,8,0,1,4.610259854316711,1,0,8,8,0,1,1.817849233344196,True,MASA,22828945_15,F:\bishe\Undergraduate-Graduation-Project\results\figures\defense_reward_training_stage\case_studies\image_cache\masa_22828945_15.tiff,0.0,0.0,0.0,33.040234472885345
53.879999999999995,2,1,0,42,195,2,C8,4,20,0.4339458333333333,8,0,1,1.400316134065389,2.4,7.0,4.0,1,0,8,8,0,1,-1.0,0,8,8,4,4,7,4.459601402282713,1,0,8,8,0,1,4.087627053260802,1,0,8,8,0,1,1.3488730276748524,0,4,8,6,2,1,-2.5771601061821,1,0,8,8,0,1,1.400316134065389,True,MASA,22828915_15,F:\bishe\Undergraduate-Graduation-Project\results\figures\defense_reward_training_stage\case_studies\image_cache\masa_22828915_15.tiff,1.1111111111111112e-05,0.0002777777777777778,1.1111111111111112e-05,37.67042109064696
53.4,2,1,0,321,185,6,C8,0,24,0.41369375,8,0,1,0.7375187467485658,2.0,7.0,4.0,1,0,8,8,0,1,1.0,0,8,8,4,4,7,1.8495599031448344,0,2,8,7,1,0,-1.7241134047508258,1,0,8,8,0,1,0.6130187467485655,1,0,8,8,0,1,1.987253629684448,1,0,8,8,0,1,0.7375187467485658,True,MASA,23729095_15,F:\bishe\Undergraduate-Graduation-Project\results\figures\defense_reward_training_stage\case_studies\image_cache\masa_23729095_15.tiff,3.3333333333333335e-05,0.0008333333333333334,3.3333333333333335e-05,34.40977889470552
53.4,2,1,0,123,225,7,C8,0,24,0.4990270833333333,8,0,1,1.4838039494752877,2.0,7.0,4.0,1,0,8,8,0,1,-1.0,0,7,9,5,4,7,4.920663714408873,1,0,8,8,0,1,1.4514449238777147,1,0,8,8,0,1,0.9338578914105882,0,3,9,7,2,1,0.064190215587614,1,0,8,8,0,1,1.4838039494752877,True,MASA,23729110_15,F:\bishe\Undergraduate-Graduation-Project\results\figures\defense_reward_training_stage\case_studies\image_cache\masa_23729110_15.tiff,0.37962222222222225,1.0,0.37962222222222225,93.31517927750956
53.4,2,1,0,42,225,7,C8,0,24,0.49978125,8,0,1,1.6284180808514348,2.0,7.0,4.0,0,2,8,7,1,2,-6.0,0,8,8,4,4,7,4.384296298027037,1,0,8,8,0,1,2.177372276782988,1,0,8,8,0,1,1.5039180808514343,1,0,8,8,0,1,2.485864066600799,1,0,8,8,0,1,1.6284180808514348,True,MASA,23729110_15,F:\bishe\Undergraduate-Graduation-Project\results\figures\defense_reward_training_stage\case_studies\image_cache\masa_23729110_15.tiff,0.37962222222222225,1.0,0.37962222222222225,93.31517927750956
53.4,2,1,0,321,240,1,C8,0,24,0.5345354166666667,8,0,1,0.9646831528916948,2.0,7.0,4.0,1,0,8,8,0,1,-1.0,0,8,8,4,4,7,3.077155113220213,1,0,8,8,0,1,3.96910947561264,1,0,8,8,0,1,3.023015778400003,0,2,8,7,1,0,-2.8765339550972,1,0,8,8,0,1,0.9646831528916948,True,MASA,22678930_15,F:\bishe\Undergraduate-Graduation-Project\results\figures\defense_reward_training_stage\case_studies\image_cache\masa_22678930_15.tiff,6.666666666666667e-05,0.001388888888888889,6.666666666666667e-05,35.950311306844696
53.4,2,1,0,42,275,4,C8,0,24,0.6092645833333333,8,0,1,2.2590343864336604,2.0,7.0,4.0,1,0,8,8,0,1,-1.0,0,8,8,4,4,7,4.769980669021605,1,0,8,8,0,1,5.487986028194427,1,0,8,8,0,1,1.8943521710857736,0,2,8,7,1,0,2.837374038696288,1,0,8,8,0,1,2.2590343864336604,True,MASA,23729065_15,F:\bishe\Undergraduate-Graduation-Project\results\figures\defense_reward_training_stage\case_studies\image_cache\masa_23729065_15.tiff,0.0,0.0,0.0,34.157371284584634
53.4,2,1,0,321,310,6,C8,0,24,0.6880208333333333,8,0,1,2.7161787150129664,2.0,7.0,4.0,1,0,8,8,0,1,-1.0,0,7,9,5,4,7,2.252271950244902,1,0,8,8,0,1,1.3853496313095084,1,0,8,8,0,1,0.6130187467485655,0,3,9,7,2,1,-4.625704326152803,1,0,8,8,0,1,2.7161787150129664,True,MASA,23729095_15,F:\bishe\Undergraduate-Graduation-Project\results\figures\defense_reward_training_stage\case_studies\image_cache\masa_23729095_15.tiff,3.3333333333333335e-05,0.0008333333333333334,3.3333333333333335e-05,34.40977889470552
53.4,2,1,0,321,320,4,C8,0,24,0.7101479166666667,8,0,1,4.150288872949778,2.0,7.0,4.0,1,0,8,8,0,1,1.0,0,8,8,4,4,7,5.058195054531096,1,0,8,8,0,1,3.835173845291137,1,0,8,8,0,1,2.222374483086168,0,2,8,7,1,0,2.541517741680144,1,0,8,8,0,1,4.150288872949778,True,MASA,23729065_15,F:\bishe\Undergraduate-Graduation-Project\results\figures\defense_reward_training_stage\case_studies\image_cache\masa_23729065_15.tiff,0.0,0.0,0.0,34.157371284584634
53.4,2,1,0,321,345,9,C8,4,20,0.765,8,0,1,4.150917855806648,2.0,7.0,4.0,1,0,8,8,0,1,1.0,0,8,8,4,4,7,5.081114828586577,1,0,8,8,0,1,5.378375768661498,1,0,8,8,0,1,4.000010153539478,0,2,8,7,1,0,2.573984987735747,1,0,8,8,0,1,4.150917855806648,True,MASA,23878930_15,F:\bishe\Undergraduate-Graduation-Project\results\figures\defense_reward_training_stage\case_studies\image_cache\masa_23878930_15.tiff,0.23595555555555556,1.0,0.23595555555555556,86.20615108195106
53.4,2,1,0,123,365,2,C8,24,0,0.8060125,8,0,1,1.5256661301180712,2.0,7.0,4.0,1,0,8,8,0,1,-1.0,0,8,8,4,4,7,4.177169561386107,1,0,8,8,0,1,2.0694908499717704,1,0,8,8,0,1,1.4164511834084972,0,2,8,7,1,1,1.4076848101615889,1,0,8,8,0,1,1.5256661301180712,True,MASA,22828915_15,F:\bishe\Undergraduate-Graduation-Project\results\figures\defense_reward_training_stage\case_studies\image_cache\masa_22828915_15.tiff,1.1111111111111112e-05,0.0002777777777777778,1.1111111111111112e-05,37.67042109064696
53.4,2,1,0,321,380,6,C8,0,24,0.8416291666666667,8,0,1,2.7770576664879907,2.0,7.0,4.0,0,2,8,7,1,0,-4.0,0,8,8,4,4,7,1.8495599031448344,1,0,8,8,0,1,3.346123814582824,1,0,8,8,0,1,2.5916787150129665,1,0,8,8,0,1,3.790272497653961,1,0,8,8,0,1,2.7770576664879907,True,MASA,23729095_15,F:\bishe\Undergraduate-Graduation-Project\results\figures\defense_reward_training_stage\case_studies\image_cache\masa_23729095_15.tiff,3.3333333333333335e-05,0.0008333333333333334,3.3333333333333335e-05,34.40977889470552
53.4,2,1,0,123,390,3,C8,24,0,0.8608166666666667,8,0,1,2.784524296380579,2.0,7.0,4.0,1,0,8,8,0,1,-1.0,0,8,8,4,4,7,5.311329424381254,1,0,8,8,0,1,6.327362477779388,0,2,8,7,1,0,1.5019507561996568,1,0,8,8,0,1,6.20589556646347,1,0,8,8,0,1,2.784524296380579,True,MASA,23729050_15,F:\bishe\Undergraduate-Graduation-Project\results\figures\defense_reward_training_stage\case_studies\image_cache\masa_23729050_15.tiff,0.00023333333333333333,0.0022222222222222222,0.00023333333333333333,41.78051892159278
53.4,2,1,0,42,400,14,C8,0,24,0.8828145833333333,8,0,1,4.762521644838154,2.0,7.0,4.0,1,0,8,8,0,1,-1.0,0,8,8,4,4,7,5.3327108025550825,0,2,8,7,1,1,3.8225787281990034,1,0,8,8,0,1,2.3896231652051205,1,0,8,8,0,1,6.5576550598144525,1,0,8,8,0,1,4.762521644838154,True,MASA,23879020_15,F:\bishe\Undergraduate-Graduation-Project\results\figures\defense_reward_training_stage\case_studies\image_cache\masa_23879020_15.tiff,3.3333333333333335e-05,0.0008333333333333334,3.3333333333333335e-05,44.616353129331145
53.4,2,1,0,123,425,2,C8,4,20,0.9368583333333332,8,0,1,3.359682788670061,2.0,7.0,4.0,1,0,8,8,0,1,-1.0,0,8,8,4,4,7,4.459601402282713,1,0,8,8,0,1,3.953577995300292,0,2,8,7,1,1,-1.8769000106304896,1,0,8,8,0,1,4.488643729209899,1,0,8,8,0,1,3.359682788670061,True,MASA,22828915_15,F:\bishe\Undergraduate-Graduation-Project\results\figures\defense_reward_training_stage\case_studies\image_cache\masa_22828915_15.tiff,1.1111111111111112e-05,0.0002777777777777778,1.1111111111111112e-05,37.67042109064696
52.92,2,1,1,42,355,6,C8,0,24,0.7840125,8,0,1,2.9149760998487464,1.6,6.0,4.0,1,0,8,8,0,1,-1.0,0,7,9,5,4,6,2.695427417755125,1,0,8,8,0,1,1.361858546733855,0,1,9,8,1,2,-0.7444002914428728,1,0,8,8,0,1,4.132905625820159,1,0,8,8,0,1,2.9149760998487464,True,MASA,23729095_15,F:\bishe\Undergraduate-Graduation-Project\results\figures\defense_reward_training_stage\case_studies\image_cache\masa_23729095_15.tiff,3.3333333333333335e-05,0.0008333333333333334,3.3333333333333335e-05,34.40977889470552
52.4,2,1,0,123,135,16,C8,4,20,0.3025833333333333,8,0,1,4.490960080333053,2.0,6.0,4.0,0,3,9,7,2,2,-7.0,0,7,9,5,4,6,6.217210769653319,1,0,8,8,0,1,4.420485198497771,1,0,8,8,0,1,4.601423821486532,1,0,8,8,0,1,6.189729892730712,1,0,8,8,0,1,4.490960080333053,True,MASA,23879050_15,F:\bishe\Undergraduate-Graduation-Project\results\figures\defense_reward_training_stage\case_studies\image_cache\masa_23879050_15.tiff,0.0007666666666666667,0.018333333333333333,0.0007666666666666666,36.216450347127086
52.4,2,1,0,321,200,12,C8,24,0,0.4471270833333333,8,0,1,4.663018942780791,2.0,6.0,4.0,1,0,8,8,0,1,-1.0,0,8,8,4,4,6,4.787788450717924,0,2,8,7,1,0,3.3763411045074445,1,0,8,8,0,1,4.70988917954266,1,0,8,8,0,1,6.632516705513,1,0,8,8,0,1,4.663018942780791,True,MASA,23878990_15,F:\bishe\Undergraduate-Graduation-Project\results\figures\defense_reward_training_stage\case_studies\image_cache\masa_23878990_15.tiff,0.0006111111111111111,0.014166666666666666,0.0006111111111111111,48.52935049911557
52.4,2,1,0,42,310,12,C8,0,24,0.6858791666666667,8,0,1,3.049260667495429,2.0,6.0,4.0,1,0,8,8,0,1,-1.0,0,8,8,4,4,6,5.247442483901976,1,0,8,8,0,1,6.227115511894225,1,0,8,8,0,1,2.9247606674954283,0,2,8,7,1,2,1.4518061809539784,1,0,8,8,0,1,3.049260667495429,True,MASA,23878990_15,F:\bishe\Undergraduate-Graduation-Project\results\figures\defense_reward_training_stage\case_studies\image_cache\masa_23878990_15.tiff,0.0006111111111111111,0.014166666666666666,0.0006111111111111111,48.52935049911557
52.4,2,1,0,123,320,7,C8,0,24,0.707375,8,0,1,1.4838039494752877,2.0,6.0,4.0,1,0,8,8,0,1,-1.0,0,8,8,4,4,6,4.38760197162628,1,0,8,8,0,1,3.9277939200401297,0,2,8,7,1,0,-0.0335929005220543,1,0,8,8,0,1,2.222211861133574,1,0,8,8,0,1,1.4838039494752877,True,MASA,23729110_15,F:\bishe\Undergraduate-Graduation-Project\results\figures\defense_reward_training_stage\case_studies\image_cache\masa_23729110_15.tiff,0.37962222222222225,1.0,0.37962222222222225,93.31517927750956
52.4,2,1,0,123,325,6,C8,0,24,0.7181791666666667,8,0,1,3.0854987343475213,2.0,6.0,4.0,1,0,8,8,0,1,-1.0,0,8,8,4,4,6,2.9190391898155195,1,0,8,8,0,1,1.3534200191497794,0,2,8,7,1,0,-0.3488518680259598,1,0,8,8,0,1,2.8854375119209283,1,0,8,8,0,1,3.0854987343475213,True,MASA,23729095_15,F:\bishe\Undergraduate-Graduation-Project\results\figures\defense_reward_training_stage\case_studies\image_cache\masa_23729095_15.tiff,3.3333333333333335e-05,0.0008333333333333334,3.3333333333333335e-05,34.40977889470552
52.4,2,1,0,123,345,2,C8,0,24,0.76206875,8,0,1,1.098724650748073,2.0,6.0,4.0,1,0,8,8,0,1,1.0,0,8,8,4,4,6,3.462384402751921,1,0,8,8,0,1,4.04730600118637,0,2,8,7,1,0,0.3279408269748081,1,0,8,8,0,1,4.650279604911804,1,0,8,8,0,1,1.098724650748073,True,MASA,22828915_15,F:\bishe\Undergraduate-Graduation-Project\results\figures\defense_reward_training_stage\case_studies\image_cache\masa_22828915_15.tiff,1.1111111111111112e-05,0.0002777777777777778,1.1111111111111112e-05,37.67042109064696
52.4,2,1,0,321,355,12,C8,4,20,0.7869208333333333,8,0,1,3.0966241689100853,2.0,6.0,4.0,1,0,8,8,0,1,-1.0,0,8,8,4,4,6,5.769963026046751,1,0,8,8,0,1,6.645574986934661,1,0,8,8,0,1,5.046249841600655,0,2,8,7,1,0,1.9453919005393965,1,0,8,8,0,1,3.0966241689100853,True,MASA,23878990_15,F:\bishe\Undergraduate-Graduation-Project\results\figures\defense_reward_training_stage\case_studies\image_cache\masa_23878990_15.tiff,0.0006111111111111111,0.014166666666666666,0.0006111111111111111,48.52935049911557
52.4,2,1,0,123,410,1,C8,20,4,0.90435,8,0,1,1.4303040107414111,2.0,6.0,4.0,1,0,8,8,0,1,-1.0,0,7,9,5,4,6,3.3853824734687787,1,0,8,8,0,1,3.161285638809203,1,0,8,8,0,1,1.1020626391097896,0,3,9,7,2,1,-2.856058694839479,1,0,8,8,0,1,1.4303040107414111,True,MASA,22678930_15,F:\bishe\Undergraduate-Graduation-Project\results\figures\defense_reward_training_stage\case_studies\image_cache\masa_22678930_15.tiff,6.666666666666667e-05,0.001388888888888889,6.666666666666667e-05,35.950311306844696
50.92,2,1,0,42,190,9,C8,0,24,0.42291875,8,0,1,1.9110532218292349,1.6,6.0,3.0,1,0,8,8,0,1,-1.0,0,6,8,5,3,6,4.688303530216215,1,0,8,8,0,1,5.327504098415374,1,0,8,8,0,1,1.7865532218292346,0,2,8,7,1,0,1.840619571208952,1,0,8,8,0,1,1.9110532218292349,True,MASA,23878930_15,F:\bishe\Undergraduate-Graduation-Project\results\figures\defense_reward_training_stage\case_studies\image_cache\masa_23878930_15.tiff,0.23595555555555556,1.0,0.23595555555555556,86.20615108195106
50.92,2,1,0,321,240,11,C8,0,24,0.5346458333333334,8,0,1,3.9640197688415633,1.6,6.0,3.0,1,0,8,8,0,1,-1.0,0,6,8,5,3,6,4.71850937604904,1,0,8,8,0,1,3.203260600566863,0,2,8,7,1,1,-2.5880377426370997,1,0,8,8,0,1,3.2866414422988885,1,0,8,8,0,1,3.9640197688415633,True,MASA,23878975_15,F:\bishe\Undergraduate-Graduation-Project\results\figures\defense_reward_training_stage\case_studies\image_cache\masa_23878975_15.tiff,0.03277777777777778,0.5358333333333334,0.032777777777777774,50.49974813842539
50.92,2,1,0,321,330,3,C8,20,4,0.7317833333333333,8,0,1,2.489488150149583,1.6,6.0,3.0,1,0,8,8,0,1,-1.0,0,6,8,5,3,6,4.130801022052763,1,0,8,8,0,1,5.835547864437102,1,0,8,8,0,1,2.5817170518264163,0,2,8,7,1,0,-0.9151391162872332,1,0,8,8,0,1,2.489488150149583,True,MASA,23729050_15,F:\bishe\Undergraduate-Graduation-Project\results\figures\defense_reward_training_stage\case_studies\image_cache\masa_23729050_15.tiff,0.00023333333333333333,0.0022222222222222222,0.00023333333333333333,41.78051892159278
50.92,2,1,0,321,375,10,C8,24,0,0.8306645833333334,8,0,1,4.065031499758362,1.6,6.0,3.0,0,2,8,7,1,0,-2.0,0,6,8,5,3,6,5.267623126506804,1,0,8,8,0,1,3.816051185131072,1,0,8,8,0,1,3.9976731856167302,1,0,8,8,0,1,5.708243274211883,1,0,8,8,0,1,4.065031499758362,True,MASA,23878945_15,F:\bishe\Undergraduate-Graduation-Project\results\figures\defense_reward_training_stage\case_studies\image_cache\masa_23878945_15.tiff,0.2652,1.0,0.26520000000000005,96.49700061212924
50.92,2,1,0,321,410,12,C8,20,4,0.9069166666666668,8,0,1,4.819249289639293,1.6,6.0,3.0,1,0,8,8,0,1,-1.0,0,6,8,5,3,6,5.634298980236052,1,0,8,8,0,1,4.871399104595183,1,0,8,8,0,1,2.8458707027882326,0,2,8,7,1,0,3.0359835696220383,1,0,8,8,0,1,4.819249289639293,True,MASA,23878990_15,F:\bishe\Undergraduate-Graduation-Project\results\figures\defense_reward_training_stage\case_studies\image_cache\masa_23878990_15.tiff,0.0006111111111111111,0.014166666666666666,0.0006111111111111111,48.52935049911557
50.44,2,1,1,123,235,5,C8,4,20,0.52105625,8,0,1,3.444426250986755,1.2,5.0,3.0,1,0,8,8,0,1,-1.0,0,5,9,6,3,5,4.319512128829954,0,1,9,8,1,1,1.652844250202177,1,0,8,8,0,1,3.9528412409871807,1,0,8,8,0,1,4.718666994094848,1,0,8,8,0,1,3.444426250986755,True,MASA,23729080_15,F:\bishe\Undergraduate-Graduation-Project\results\figures\defense_reward_training_stage\case_studies\image_cache\masa_23729080_15.tiff,6.666666666666667e-05,0.0008333333333333334,6.666666666666667e-05,33.71020601299033
50.4,2,1,0,123,405,6,C8,24,0,0.8933291666666666,8,0,1,0.8927712602242819,2.0,5.0,3.0,0,4,8,6,2,2,-8.0,0,6,8,5,3,5,3.1008604764938337,1,0,8,8,0,1,3.651191711425781,1,0,8,8,0,1,1.0529935632646072,1,0,8,8,0,1,3.771662139415741,1,0,8,8,0,1,0.8927712602242819,True,MASA,23729095_15,F:\bishe\Undergraduate-Graduation-Project\results\figures\defense_reward_training_stage\case_studies\image_cache\masa_23729095_15.tiff,3.3333333333333335e-05,0.0008333333333333334,3.3333333333333335e-05,34.40977889470552
49.92,2,1,0,123,235,10,C8,0,24,0.5211166666666667,8,0,1,2.0636493298858394,1.6,5.0,3.0,0,3,9,7,2,3,-7.0,0,5,9,6,3,5,2.907028079032896,1,0,8,8,0,1,3.393132388591765,1,0,8,8,0,1,1.939149329885839,1,0,8,8,0,1,3.743710422039032,1,0,8,8,0,1,2.0636493298858394,True,MASA,23878945_15,F:\bishe\Undergraduate-Graduation-Project\results\figures\defense_reward_training_stage\case_studies\image_cache\masa_23878945_15.tiff,0.2652,1.0,0.26520000000000005,96.49700061212924
49.92,2,1,0,42,255,0,C8,0,24,0.5651520833333333,8,0,1,1.1642058269754043,1.6,5.0,3.0,1,0,8,8,0,1,-1.0,0,5,9,6,3,5,2.6343094110488874,1,0,8,8,0,1,4.484401464462279,0,3,9,7,2,0,-1.2868754518032086,1,0,8,8,0,1,3.522433959960937,1,0,8,8,0,1,1.1642058269754043,True,MASA,22678915_15,F:\bishe\Undergraduate-Graduation-Project\results\figures\defense_reward_training_stage\case_studies\image_cache\masa_22678915_15.tiff,0.0002,0.005,0.0002,44.629645865908515
49.92,2,1,0,321,330,12,C8,0,24,0.73189375,8,0,1,2.6751428909301747,1.6,5.0,3.0,1,0,8,8,0,1,-1.0,0,5,9,6,3,5,6.509054780006407,1,0,8,8,0,1,6.307750165462493,1,0,8,8,0,1,2.3969014252349723,0,3,9,7,2,0,3.570556528091429,1,0,8,8,0,1,2.6751428909301747,True,MASA,23878990_15,F:\bishe\Undergraduate-Graduation-Project\results\figures\defense_reward_training_stage\case_studies\image_cache\masa_23878990_15.tiff,0.0006111111111111111,0.014166666666666666,0.0006111111111111111,48.52935049911557
47.44,2,1,0,42,115,14,C8,0,24,0.25759375,8,0,1,2.717386072844266,1.2,4.0,2.0,0,2,8,7,1,0,-2.0,0,4,8,6,2,4,5.480333626270292,1,0,8,8,0,1,4.734616577625274,1,0,8,8,0,1,2.3919892162829632,1,0,8,8,0,1,4.265814029693603,1,0,8,8,0,1,2.717386072844266,True,MASA,23879020_15,F:\bishe\Undergraduate-Graduation-Project\results\figures\defense_reward_training_stage\case_studies\image_cache\masa_23879020_15.tiff,3.3333333333333335e-05,0.0008333333333333334,3.3333333333333335e-05,44.616353129331145
47.44,2,1,0,123,115,8,C8,20,4,0.2580666666666666,8,0,1,1.4250799085646857,1.2,4.0,2.0,0,2,8,7,1,1,-4.0,0,4,8,6,2,4,4.610273599624632,1,0,8,8,0,1,2.4966087937355024,1,0,8,8,0,1,1.6592128683626632,1,0,8,8,0,1,6.270632171154022,1,0,8,8,0,1,1.4250799085646857,True,MASA,23878915_15,F:\bishe\Undergraduate-Graduation-Project\results\figures\defense_reward_training_stage\case_studies\image_cache\masa_23878915_15.tiff,0.27994444444444444,1.0,0.2799444444444445,80.74584833253299
47.44,2,1,0,123,250,14,C8,0,24,0.5548083333333333,8,0,1,2.6585261681750416,1.2,4.0,2.0,1,0,8,8,0,1,-1.0,0,4,8,6,2,4,5.298916161060332,1,0,8,8,0,1,6.807738959789275,0,2,8,7,1,0,1.9189243802055704,1,0,8,8,0,1,6.498871469020843,1,0,8,8,0,1,2.6585261681750416,True,MASA,23879020_15,F:\bishe\Undergraduate-Graduation-Project\results\figures\defense_reward_training_stage\case_studies\image_cache\masa_23879020_15.tiff,3.3333333333333335e-05,0.0008333333333333334,3.3333333333333335e-05,44.616353129331145
47.44,2,1,0,321,350,0,C8,0,24,0.7757895833333334,8,0,1,1.6035877730399364,1.2,4.0,2.0,0,2,8,7,1,0,-2.0,0,4,8,6,2,4,4.979926407337187,1,0,8,8,0,1,4.958711683750152,1,0,8,8,0,1,3.819502562731504,1,0,8,8,0,1,3.522433959960937,1,0,8,8,0,1,1.6035877730399364,True,MASA,22678915_15,F:\bishe\Undergraduate-Graduation-Project\results\figures\defense_reward_training_stage\case_studies\image_cache\masa_22678915_15.tiff,0.0002,0.005,0.0002,44.629645865908515
44.92,2,0,0,42,210,0,C8,24,0,0.467275,8,0,1,1.6546001687347882,1.6,3.0,2.0,1,0,8,8,0,1,-1.0,0,4,8,6,2,3,3.807629108428953,1,0,8,8,0,1,1.3420471549034103,0,4,8,6,2,0,-1.8555521629750744,1,0,8,8,0,1,2.958193325519561,1,0,8,8,0,1,1.6546001687347882,True,MASA,22678915_15,F:\bishe\Undergraduate-Graduation-Project\results\figures\defense_reward_training_stage\case_studies\image_cache\masa_22678915_15.tiff,0.0002,0.005,0.0002,44.629645865908515
55.84,2,2,0,42,365,22,C7,19,0,0.80604375,7,0,1,4.619022968947887,3.2,8.0,5.0,1,0,7,7,0,1,0.0,0,8,9,4,5,8,6.89986991882324,1,0,7,7,0,1,5.686992168426512,1,0,7,7,0,1,2.7530455017089834,0,8,9,4,5,1,-1.9759301023483296,1,0,7,7,0,1,4.619022968947887,True,MASA,24029065_15,F:\bishe\Undergraduate-Graduation-Project\results\figures\defense_reward_training_stage\case_studies\image_cache\masa_24029065_15.tiff,0.0003222222222222222,0.008055555555555555,0.0003222222222222222,36.43518108904984
52.4,2,2,0,42,285,11,C7,24,5,0.6311083333333334,7,0,1,2.2478055512309068,2.0,7.0,4.0,1,0,7,7,0,1,0.0,0,6,9,5,4,7,3.6558364629745466,1,0,7,7,0,1,5.452797770500181,1,0,9,8,1,3,2.7250422623753536,0,4,9,6,3,2,-0.789845516681673,1,0,7,7,0,1,2.2478055512309068,True,MASA,23878975_15,F:\bishe\Undergraduate-Graduation-Project\results\figures\defense_reward_training_stage\case_studies\image_cache\masa_23878975_15.tiff,0.03277777777777778,0.5358333333333334,0.032777777777777774,50.49974813842539
52.4,2,2,0,123,425,6,C7,1,24,0.9368958333333334,7,0,1,1.595237570047378,2.0,7.0,4.0,1,0,7,7,0,1,0.0,0,6,9,5,4,7,2.631889164447782,1,0,7,7,0,1,2.2031470537185656,0,4,9,6,3,0,-0.476303767263891,1,0,7,7,0,1,4.629310592651367,1,0,7,7,0,1,1.595237570047378,True,MASA,23729095_15,F:\bishe\Undergraduate-Graduation-Project\results\figures\defense_reward_training_stage\case_studies\image_cache\masa_23729095_15.tiff,3.3333333333333335e-05,0.0008333333333333334,3.3333333333333335e-05,34.40977889470552
51.879999999999995,2,2,0,321,310,1,C7,15,4,0.6879520833333334,7,0,1,3.584751144587993,2.4,6.0,4.0,0,5,8,5,3,0,-4.0,0,7,8,4,4,6,2.3373592495918256,1,0,7,7,0,1,3.940144240856169,1,0,7,7,0,1,3.4788761445879923,1,0,7,7,0,1,2.6404560651779163,1,0,7,7,0,1,3.584751144587993,True,MASA,22678930_15,F:\bishe\Undergraduate-Graduation-Project\results\figures\defense_reward_training_stage\case_studies\image_cache\masa_22678930_15.tiff,6.666666666666667e-05,0.001388888888888889,6.666666666666667e-05,35.950311306844696
51.4,2,2,0,321,290,0,C7,4,15,0.6445583333333333,7,0,1,4.138798636734485,2.0,6.0,4.0,1,0,9,8,1,1,0.0,0,6,9,5,4,6,5.47812509536743,1,0,7,7,0,1,2.408699929714201,1,0,9,8,1,2,3.034249999821185,0,4,9,6,3,0,0.4622976493835428,1,0,7,7,0,1,4.138798636734485,True,MASA,22678915_15,F:\bishe\Undergraduate-Graduation-Project\results\figures\defense_reward_training_stage\case_studies\image_cache\masa_22678915_15.tiff,0.0002,0.005,0.0002,44.629645865908515
50.92,2,1,1,42,130,23,C7,1,24,0.2905875,7,0,1,2.5926165615916243,1.6,7.0,4.0,1,0,7,7,0,1,0.0,0,7,8,4,4,7,4.362812995910643,1,0,7,7,0,1,4.0916451215744,0,1,8,7,1,0,-1.0520837068557751,1,0,7,7,0,1,3.8045952763557422,1,0,7,7,0,1,2.5926165615916243,True,MASA,24029080_15,F:\bishe\Undergraduate-Graduation-Project\results\figures\defense_reward_training_stage\case_studies\image_cache\masa_24029080_15.tiff,0.0002888888888888889,0.003611111111111111,0.0002888888888888889,35.99220269885749
50.92,2,1,0,321,215,21,C7,4,21,0.4796604166666666,7,0,1,2.765599018871783,1.6,8.0,4.0,0,2,9,7,2,1,-3.0,0,6,9,5,4,8,5.01212167739868,1,0,9,8,1,1,3.313303053379057,1,0,9,8,1,1,3.4642919942736605,1,0,7,7,0,1,4.108559593200683,1,0,7,7,0,1,2.765599018871783,True,MASA,24029050_15,F:\bishe\Undergraduate-Graduation-Project\results\figures\defense_reward_training_stage\case_studies\image_cache\masa_24029050_15.tiff,0.0015888888888888888,0.009722222222222222,0.0015888888888888888,47.84523880540244
50.92,2,1,1,123,245,3,C7,19,0,0.54333125,7,0,1,3.0929197421073904,1.6,7.0,4.0,1,0,7,7,0,1,0.0,0,7,8,4,4,7,5.235304594039915,1,0,7,7,0,1,4.0969821214675886,0,1,8,7,1,0,-0.6549918258190165,1,0,7,7,0,1,6.501020118236541,1,0,7,7,0,1,3.0929197421073904,True,MASA,23729050_15,F:\bishe\Undergraduate-Graduation-Project\results\figures\defense_reward_training_stage\case_studies\image_cache\masa_23729050_15.tiff,0.00023333333333333333,0.0022222222222222222,0.00023333333333333333,41.78051892159278
50.92,2,1,1,42,250,15,C7,1,24,0.5544,7,0,1,2.6594542836546893,1.6,7.0,4.0,1,0,7,7,0,1,0.0,0,7,8,4,4,7,4.537359833717344,1,0,7,7,0,1,4.225425958633421,1,0,7,7,0,1,2.553579283654688,0,1,8,7,1,1,2.7799309334754927,1,0,7,7,0,1,2.6594542836546893,True,MASA,23879035_15,F:\bishe\Undergraduate-Graduation-Project\results\figures\defense_reward_training_stage\case_studies\image_cache\masa_23879035_15.tiff,0.0002888888888888889,0.003611111111111111,0.0002888888888888889,43.94926219533445
50.92,2,1,1,123,335,2,C7,24,1,0.7401770833333333,7,0,1,4.144259438455104,1.6,7.0,4.0,1,0,7,7,0,1,0.0,0,7,8,4,4,7,4.304369449615477,1,0,7,7,0,1,2.7827804684638964,0,1,8,7,1,0,0.3037861436605439,1,0,7,7,0,1,3.6061919775009135,1,0,7,7,0,1,4.144259438455104,True,MASA,22828915_15,F:\bishe\Undergraduate-Graduation-Project\results\figures\defense_reward_training_stage\case_studies\image_cache\masa_22828915_15.tiff,1.1111111111111112e-05,0.0002777777777777778,1.1111111111111112e-05,37.67042109064696
50.92,2,1,0,42,380,5,C7,1,24,0.83894375,7,0,1,2.488765286445617,1.6,8.0,4.0,1,0,7,7,0,1,0.0,0,6,9,5,4,8,4.191758513450621,0,2,9,7,2,3,1.1764568090438825,1,0,7,7,0,1,2.3828902864456167,1,0,7,7,0,1,5.905525013446807,1,0,7,7,0,1,2.488765286445617,True,MASA,23729080_15,F:\bishe\Undergraduate-Graduation-Project\results\figures\defense_reward_training_stage\case_studies\image_cache\masa_23729080_15.tiff,6.666666666666667e-05,0.0008333333333333334,6.666666666666667e-05,33.71020601299033
50.4,2,1,0,321,260,8,C7,1,24,0.5787458333333333,7,0,1,2.4797985842227925,2.0,7.0,4.0,1,0,7,7,0,1,0.0,0,7,8,4,4,7,4.953111767768858,1,0,7,7,0,1,6.027086734771727,1,0,7,7,0,1,2.329496667683124,0,3,8,6,2,2,-1.570678756713869,1,0,7,7,0,1,2.4797985842227925,True,MASA,23878915_15,F:\bishe\Undergraduate-Graduation-Project\results\figures\defense_reward_training_stage\case_studies\image_cache\masa_23878915_15.tiff,0.27994444444444444,1.0,0.2799444444444445,80.74584833253299
50.4,2,1,0,123,305,17,C7,21,4,0.6747916666666667,7,0,1,2.4446534922122947,2.0,7.0,4.0,1,0,7,7,0,1,2.0,0,7,8,4,4,7,3.5296115875244123,1,0,7,7,0,1,5.575042426586149,1,0,7,7,0,1,2.526089937388896,0,3,8,6,2,1,-2.519726873874666,1,0,7,7,0,1,2.4446534922122947,True,MASA,23879065_15,F:\bishe\Undergraduate-Graduation-Project\results\figures\defense_reward_training_stage\case_studies\image_cache\masa_23879065_15.tiff,0.0003111111111111111,0.0033333333333333335,0.0003111111111111111,35.31570898664007
50.4,2,1,0,321,365,7,C7,15,4,0.8087041666666667,7,0,1,3.582607330918312,2.0,7.0,4.0,0,3,8,6,2,0,-2.0,0,7,8,4,4,7,4.257589340209959,1,0,7,7,0,1,2.0721053481101976,1,0,7,7,0,1,3.476732330918311,1,0,7,7,0,1,1.762102648258208,1,0,7,7,0,1,3.582607330918312,True,MASA,23729110_15,F:\bishe\Undergraduate-Graduation-Project\results\figures\defense_reward_training_stage\case_studies\image_cache\masa_23729110_15.tiff,0.37962222222222225,1.0,0.37962222222222225,93.31517927750956
50.4,2,1,0,42,405,12,C7,9,20,0.8934916666666667,7,0,1,3.2758762201070777,2.0,7.0,4.0,0,3,8,6,2,0,-2.0,0,7,8,4,4,7,5.361954927444456,1,0,7,7,0,1,6.879870355129241,1,0,7,7,0,1,5.3011696839332565,1,0,7,7,0,1,4.836746260166168,1,0,7,7,0,1,3.2758762201070777,True,MASA,23878990_15,F:\bishe\Undergraduate-Graduation-Project\results\figures\defense_reward_training_stage\case_studies\image_cache\masa_23878990_15.tiff,0.0006111111111111111,0.014166666666666666,0.0006111111111111111,48.52935049911557
49.92,2,1,0,123,225,0,C7,23,0,0.4989375,7,0,1,2.317527762591838,1.6,7.0,4.0,1,0,7,7,0,1,0.0,0,6,9,5,4,7,2.7783014178276044,0,2,9,7,2,2,-0.4571160674095174,1,0,7,7,0,1,1.3359040477871882,1,0,9,8,1,1,2.979697381019591,1,0,7,7,0,1,2.317527762591838,True,MASA,22678915_15,F:\bishe\Undergraduate-Graduation-Project\results\figures\defense_reward_training_stage\case_studies\image_cache\masa_22678915_15.tiff,0.0002,0.005,0.0002,44.629645865908515
49.92,2,1,0,42,290,13,C7,4,15,0.6419083333333333,7,0,1,2.042525302410125,1.6,7.0,4.0,1,0,7,7,0,1,0.0,0,6,9,5,4,7,4.3798904418945295,1,0,9,8,1,1,1.2158561348915082,1,0,7,7,0,1,1.9366503024101247,0,2,9,7,2,1,0.7484705843925457,1,0,7,7,0,1,2.042525302410125,True,MASA,22828945_15,F:\bishe\Undergraduate-Graduation-Project\results\figures\defense_reward_training_stage\case_studies\image_cache\masa_22828945_15.tiff,0.0,0.0,0.0,33.040234472885345
49.4,2,1,0,123,290,7,C7,19,0,0.6421333333333333,7,0,1,1.465292877495288,2.0,6.0,4.0,1,0,7,7,0,1,0.0,0,8,7,3,4,6,1.0652067661285385,0,2,7,6,1,1,-0.4412093162536639,1,0,7,7,0,1,1.824079045057296,1,0,7,7,0,1,2.4680317487716663,1,0,7,7,0,1,1.465292877495288,True,MASA,23729110_15,F:\bishe\Undergraduate-Graduation-Project\results\figures\defense_reward_training_stage\case_studies\image_cache\masa_23729110_15.tiff,0.37962222222222225,1.0,0.37962222222222225,93.31517927750956
49.4,2,1,0,321,335,22,C7,1,24,0.7429166666666667,7,0,1,4.725931825280188,2.0,6.0,4.0,0,2,7,6,1,1,-5.0,0,8,7,3,4,6,4.502695739269256,1,0,7,7,0,1,5.932753443717955,1,0,7,7,0,1,2.718069569170474,1,0,7,7,0,1,6.169415041446685,1,0,7,7,0,1,4.725931825280188,True,MASA,24029065_15,F:\bishe\Undergraduate-Graduation-Project\results\figures\defense_reward_training_stage\case_studies\image_cache\masa_24029065_15.tiff,0.0003222222222222222,0.008055555555555555,0.0003222222222222222,36.43518108904984
48.92,2,1,0,123,360,11,C7,4,21,0.79495625,7,0,1,2.8550442447662348,1.6,6.0,4.0,1,0,7,7,0,1,2.0,0,6,9,5,4,6,4.774803996086119,1,0,9,8,1,1,4.444294154644011,0,2,9,7,2,1,-1.692237111628057,1,0,7,7,0,1,3.953397377967833,1,0,7,7,0,1,2.8550442447662348,True,MASA,23878975_15,F:\bishe\Undergraduate-Graduation-Project\results\figures\defense_reward_training_stage\case_studies\image_cache\masa_23878975_15.tiff,0.03277777777777778,0.5358333333333334,0.032777777777777774,50.49974813842539
48.92,2,2,0,123,370,8,C7,3,20,0.8170229166666667,7,0,1,4.666292070388793,1.6,5.0,3.0,1,0,7,7,0,1,0.0,0,4,9,6,3,5,6.315575420856474,1,0,7,7,0,1,3.0513396263122545,1,0,7,7,0,1,2.350504165291785,0,4,9,6,3,0,2.0174868416786174,1,0,7,7,0,1,4.666292070388793,True,MASA,23878915_15,F:\bishe\Undergraduate-Graduation-Project\results\figures\defense_reward_training_stage\case_studies\image_cache\masa_23878915_15.tiff,0.27994444444444444,1.0,0.2799444444444445,80.74584833253299
48.92,2,2,0,42,395,9,C7,24,5,0.871675,7,0,1,2.831834926247596,1.6,5.0,3.0,1,0,7,7,0,1,0.0,0,4,9,6,3,5,5.032718956470488,0,4,9,6,3,0,1.257612407207487,1,0,7,7,0,1,2.1626083815097803,1,0,9,8,1,1,3.208070937633513,1,0,7,7,0,1,2.831834926247596,True,MASA,23878930_15,F:\bishe\Undergraduate-Graduation-Project\results\figures\defense_reward_training_stage\case_studies\image_cache\masa_23878930_15.tiff,0.23595555555555556,1.0,0.23595555555555556,86.20615108195106
48.4,2,1,0,321,180,2,C7,21,4,0.4027041666666666,7,0,1,2.047008336126804,2.0,5.0,4.0,1,0,7,7,0,1,0.0,0,8,7,3,4,5,1.6509284973144516,1,0,7,7,0,1,2.83960723876953,1,0,7,7,0,1,1.9411333361268035,0,2,7,6,1,1,-0.6337872753143323,1,0,7,7,0,1,2.047008336126804,True,MASA,22828915_15,F:\bishe\Undergraduate-Graduation-Project\results\figures\defense_reward_training_stage\case_studies\image_cache\masa_22828915_15.tiff,1.1111111111111112e-05,0.0002777777777777778,1.1111111111111112e-05,37.67042109064696
48.4,2,1,0,321,355,9,C7,3,20,0.7868833333333334,7,0,1,2.9177831625342363,2.0,5.0,4.0,1,0,7,7,0,1,0.0,0,8,7,3,4,5,4.402294695377349,1,0,7,7,0,1,3.645450115203856,1,0,7,7,0,1,4.428392980396747,0,2,7,6,1,1,1.0106750869750962,1,0,7,7,0,1,2.9177831625342363,True,MASA,23878930_15,F:\bishe\Undergraduate-Graduation-Project\results\figures\defense_reward_training_stage\case_studies\image_cache\masa_23878930_15.tiff,0.23595555555555556,1.0,0.23595555555555556,86.20615108195106
48.4,2,1,0,42,405,14,C7,4,21,0.8935208333333333,7,0,1,3.364495266020297,2.0,6.0,3.0,1,0,7,7,0,1,0.0,0,6,7,4,3,6,5.40387326478958,0,4,7,5,2,1,-0.0801498293876663,1,0,7,7,0,1,3.258620266020297,1,0,7,7,0,1,4.770436092853545,1,0,7,7,0,1,3.364495266020297,True,MASA,23879020_15,F:\bishe\Undergraduate-Graduation-Project\results\figures\defense_reward_training_stage\case_studies\image_cache\masa_23879020_15.tiff,3.3333333333333335e-05,0.0008333333333333334,3.3333333333333335e-05,44.616353129331145
48.4,2,1,0,123,425,7,C7,15,4,0.9369104166666666,7,0,1,3.6620817309021945,2.0,5.0,4.0,1,0,7,7,0,1,0.0,0,7,8,4,4,5,3.3494151234626752,1,0,7,7,0,1,3.2145532369613634,0,3,8,6,2,2,-0.903023870289327,1,0,7,7,0,1,1.762102648258208,1,0,7,7,0,1,3.6620817309021945,True,MASA,23729110_15,F:\bishe\Undergraduate-Graduation-Project\results\figures\defense_reward_training_stage\case_studies\image_cache\masa_23729110_15.tiff,0.37962222222222225,1.0,0.37962222222222225,93.31517927750956
47.92,2,1,0,42,250,9,C7,23,0,0.5543166666666667,7,0,1,2.3327923869490617,1.6,6.0,3.0,1,0,7,7,0,1,0.0,0,6,7,4,3,6,1.5457611680030807,0,2,7,6,1,1,-0.2748596072196978,1,0,7,7,0,1,4.1455797472596165,1,0,7,7,0,1,2.83484260702133,1,0,7,7,0,1,2.3327923869490617,True,MASA,23878930_15,F:\bishe\Undergraduate-Graduation-Project\results\figures\defense_reward_training_stage\case_studies\image_cache\masa_23878930_15.tiff,0.23595555555555556,1.0,0.23595555555555556,86.20615108195106
47.92,2,1,0,321,300,0,C7,20,3,0.6665,7,0,1,3.4923885127305976,1.6,5.0,4.0,1,0,7,7,0,1,2.0,0,6,9,5,4,5,1.6860337853431682,1,0,9,8,1,1,3.0649175047874437,0,2,9,7,2,2,-3.425741816461088,1,0,7,7,0,1,2.310472532749175,1,0,7,7,0,1,3.4923885127305976,True,MASA,22678915_15,F:\bishe\Undergraduate-Graduation-Project\results\figures\defense_reward_training_stage\case_studies\image_cache\masa_22678915_15.tiff,0.0002,0.005,0.0002,44.629645865908515
47.92,2,1,0,123,340,16,C7,3,20,0.7512083333333334,7,0,1,3.167676723539828,1.6,6.0,3.0,1,0,7,7,0,1,0.0,0,6,7,4,3,6,3.26973670721054,1,0,7,7,0,1,6.207137167453765,1,0,7,7,0,1,4.900899905860423,0,2,7,6,1,1,2.352837352275847,1,0,7,7,0,1,3.167676723539828,True,MASA,23879050_15,F:\bishe\Undergraduate-Graduation-Project\results\figures\defense_reward_training_stage\case_studies\image_cache\masa_23879050_15.tiff,0.0007666666666666667,0.018333333333333333,0.0007666666666666666,36.216450347127086
47.92,2,1,0,42,410,9,C7,23,0,0.90441875,7,0,1,4.251454747259617,1.6,6.0,3.0,0,2,7,6,1,0,-3.0,0,6,7,4,3,6,1.5457611680030807,1,0,7,7,0,1,5.016894698143004,1,0,7,7,0,1,4.1455797472596165,1,0,7,7,0,1,3.403727218151092,1,0,7,7,0,1,4.251454747259617,True,MASA,23878930_15,F:\bishe\Undergraduate-Graduation-Project\results\figures\defense_reward_training_stage\case_studies\image_cache\masa_23878930_15.tiff,0.23595555555555556,1.0,0.23595555555555556,86.20615108195106
47.44,2,1,0,42,285,7,C7,20,3,0.6310520833333333,7,0,1,1.4862447386384,1.2,6.0,3.0,1,0,9,8,1,1,0.0,0,4,9,6,3,6,2.195513427257536,0,2,9,7,2,1,0.5268481373786906,1,0,7,7,0,1,1.3803697386384002,1,0,7,7,0,1,2.068733676910399,1,0,7,7,0,1,1.4862447386384,True,MASA,23729110_15,F:\bishe\Undergraduate-Graduation-Project\results\figures\defense_reward_training_stage\case_studies\image_cache\masa_23729110_15.tiff,0.37962222222222225,1.0,0.37962222222222225,93.31517927750956
46.92,2,2,0,42,215,8,C7,15,4,0.4782458333333333,7,0,1,4.216475509643554,1.6,3.0,3.0,1,0,7,7,0,1,0.0,0,4,9,6,3,3,4.530410349369047,1,0,7,7,0,1,3.119050800800322,1,0,7,7,0,1,2.344566732048988,0,4,9,6,3,0,1.4423955988883952,1,0,7,7,0,1,4.216475509643554,True,MASA,23878915_15,F:\bishe\Undergraduate-Graduation-Project\results\figures\defense_reward_training_stage\case_studies\image_cache\masa_23878915_15.tiff,0.27994444444444444,1.0,0.2799444444444445,80.74584833253299
46.44,2,1,0,42,135,6,C7,20,9,0.30139375,7,0,1,2.765548562049865,1.2,5.0,3.0,1,0,9,8,1,2,0.0,0,4,9,6,3,5,3.224384367465971,0,2,9,7,2,2,-1.5722153782844563,1,0,7,7,0,1,2.659673562049865,1,0,7,7,0,1,2.9838318672180164,1,0,7,7,0,1,2.765548562049865,True,MASA,23729095_15,F:\bishe\Undergraduate-Graduation-Project\results\figures\defense_reward_training_stage\case_studies\image_cache\masa_23729095_15.tiff,3.3333333333333335e-05,0.0008333333333333334,3.3333333333333335e-05,34.40977889470552
44.92,2,1,0,321,210,12,C7,19,0,0.46874375,7,0,1,3.5052001258134835,1.6,3.0,3.0,1,0,7,7,0,1,0.0,0,5,8,5,3,3,5.525113403797148,1,0,7,7,0,1,7.208904981613158,1,0,7,7,0,1,5.374008018672465,0,3,8,6,2,0,3.696775821685789,1,0,7,7,0,1,3.5052001258134835,True,MASA,23878990_15,F:\bishe\Undergraduate-Graduation-Project\results\figures\defense_reward_training_stage\case_studies\image_cache\masa_23878990_15.tiff,0.0006111111111111111,0.014166666666666666,0.0006111111111111111,48.52935049911557
44.44,2,1,0,321,325,7,C7,19,0,0.72099375,7,0,1,3.4540953626632684,1.2,4.0,2.0,1,0,7,7,0,1,0.0,0,4,7,5,2,4,1.0774117112159711,0,2,7,6,1,0,1.1410911679267866,1,0,7,7,0,1,3.532725716531276,1,0,7,7,0,1,4.531668349742889,1,0,7,7,0,1,3.4540953626632684,True,MASA,23729110_15,F:\bishe\Undergraduate-Graduation-Project\results\figures\defense_reward_training_stage\case_studies\image_cache\masa_23729110_15.tiff,0.37962222222222225,1.0,0.37962222222222225,93.31517927750956
44.44,2,1,0,42,410,18,C7,20,3,0.90450625,7,0,1,2.196742256522178,1.2,4.0,2.0,0,2,7,6,1,0,-3.0,0,4,7,5,2,4,2.7625372409820548,1,0,7,7,0,1,4.871206343173979,1,0,7,7,0,1,2.082553040385245,1,0,7,7,0,1,3.103110894203185,1,0,7,7,0,1,2.196742256522178,True,MASA,23879095_15,F:\bishe\Undergraduate-Graduation-Project\results\figures\defense_reward_training_stage\case_studies\image_cache\masa_23879095_15.tiff,7.777777777777778e-05,0.0019444444444444444,7.777777777777778e-05,36.94623222625731
43.92,2,2,0,42,200,8,C7,15,4,0.4450520833333333,9,1,1,1.6010994495749458,1.6,6.0,3.0,1,0,7,7,0,1,0.0,0,4,9,6,3,6,5.404579818248747,1,0,7,7,0,1,6.416989028453826,1,0,9,8,1,1,2.289017095863818,0,4,9,6,3,2,-2.348723476886751,1,0,9,8,1,1,1.6010994495749458,True,MASA,23878915_15,F:\bishe\Undergraduate-Graduation-Project\results\figures\defense_reward_training_stage\case_studies\image_cache\masa_23878915_15.tiff,0.27994444444444444,1.0,0.2799444444444445,80.74584833253299
43.92,2,1,0,321,335,18,C7,20,9,0.7428708333333334,9,1,1,0.5951670199036585,1.6,7.0,4.0,1,0,9,8,1,1,0.0,0,6,9,5,4,7,3.4612579941749555,1,0,7,7,0,1,4.450260758399962,1,0,9,8,1,3,0.3316063648462282,0,2,9,7,2,2,0.3573767938613872,1,0,9,8,1,1,0.5951670199036585,True,MASA,23879095_15,F:\bishe\Undergraduate-Graduation-Project\results\figures\defense_reward_training_stage\case_studies\image_cache\masa_23879095_15.tiff,7.777777777777778e-05,0.0019444444444444444,7.777777777777778e-05,36.94623222625731
43.4,2,1,0,321,210,9,C7,1,24,0.4687104166666667,9,1,3,0.6706968436837184,2.0,8.0,5.0,1,0,7,7,0,1,0.0,0,8,9,4,5,8,4.958262622356413,0,2,9,7,2,1,1.5740907192230205,1,0,7,7,0,1,4.533297889828681,1,0,7,7,0,1,3.533688887596129,1,0,9,8,1,3,0.6706968436837184,True,MASA,23878930_15,F:\bishe\Undergraduate-Graduation-Project\results\figures\defense_reward_training_stage\case_studies\image_cache\masa_23878930_15.tiff,0.23595555555555556,1.0,0.23595555555555556,86.20615108195106
41.92,2,1,0,321,215,11,C7,0,23,0.4795479166666667,9,1,2,1.5696813246607768,1.6,8.0,4.0,1,0,7,7,0,1,0.0,0,6,9,5,4,8,4.9663679599761945,1,0,7,7,0,1,3.862112998962401,1,0,9,8,1,2,1.4559313246607766,0,2,9,7,2,0,1.5619282598495463,1,0,9,8,1,2,1.5696813246607768,True,MASA,23878975_15,F:\bishe\Undergraduate-Graduation-Project\results\figures\defense_reward_training_stage\case_studies\image_cache\masa_23878975_15.tiff,0.03277777777777778,0.5358333333333334,0.032777777777777774,50.49974813842539
41.44,2,0,0,42,230,7,C7,20,9,0.5106520833333333,7,0,1,1.328394973814487,1.2,3.0,2.0,1,0,7,7,0,1,0.0,0,3,8,6,2,2,2.159989535808561,1,0,7,7,0,1,3.0518146753311144,1,0,7,7,0,1,1.2430877053737632,0,3,8,6,2,3,-4.066554443836214,1,0,7,7,0,1,1.328394973814487,True,MASA,23729110_15,F:\bishe\Undergraduate-Graduation-Project\results\figures\defense_reward_training_stage\case_studies\image_cache\masa_23729110_15.tiff,0.37962222222222225,1.0,0.37962222222222225,93.31517927750956
40.92,2,1,0,321,275,7,C7,1,24,0.611525,9,1,3,-0.1884985675215733,1.6,7.0,4.0,1,0,7,7,0,1,0.0,0,6,9,5,4,7,4.855409145355223,0,2,9,7,2,2,-0.6966614723205586,1,0,7,7,0,1,2.1259915554523454,1,0,7,7,0,1,2.993294402599333,1,0,9,8,1,3,-0.1884985675215733,True,MASA,23729110_15,F:\bishe\Undergraduate-Graduation-Project\results\figures\defense_reward_training_stage\case_studies\image_cache\masa_23729110_15.tiff,0.37962222222222225,1.0,0.37962222222222225,93.31517927750956
51.879999999999995,2,2,0,42,330,8,C6,16,4,0.72965,6,0,1,3.257195123235384,2.4,8.0,5.0,1,0,6,6,0,1,1.0,0,7,9,4,5,8,5.199230790138243,0,5,9,5,4,6,-1.4926510453224202,1,0,8,7,1,1,5.12980903148651,1,0,8,7,1,1,6.269422173023223,1,0,6,6,0,1,3.257195123235384,True,MASA,23878915_15,F:\bishe\Undergraduate-Graduation-Project\results\figures\defense_reward_training_stage\case_studies\image_cache\masa_23878915_15.tiff,0.27994444444444444,1.0,0.2799444444444445,80.74584833253299
50.4,2,2,0,42,355,8,C6,23,5,0.7840354166666667,6,0,1,4.04981093476216,2.0,8.0,4.0,0,5,9,5,4,2,-7.0,0,5,9,5,4,8,6.979692757129667,1,0,6,6,0,1,3.7243090867996207,1,0,8,7,1,1,2.6584662611285834,1,0,6,6,0,1,5.583306262493132,1,0,6,6,0,1,4.04981093476216,True,MASA,23878915_15,F:\bishe\Undergraduate-Graduation-Project\results\figures\defense_reward_training_stage\case_studies\image_cache\masa_23878915_15.tiff,0.27994444444444444,1.0,0.2799444444444445,80.74584833253299
48.92,2,2,0,321,325,0,C6,2,24,0.7209104166666667,6,0,1,2.679484013418356,1.6,7.0,4.0,0,3,9,6,3,3,-7.0,0,5,9,5,4,7,5.764169573783873,1,0,8,7,1,1,1.493890285491942,1,0,8,7,1,1,1.3581648273766027,1,0,8,7,1,1,1.7474536738395685,1,0,6,6,0,1,2.679484013418356,True,MASA,22678915_15,F:\bishe\Undergraduate-Graduation-Project\results\figures\defense_reward_training_stage\case_studies\image_cache\masa_22678915_15.tiff,0.0002,0.005,0.0002,44.629645865908515
47.92,2,1,1,42,415,1,C6,21,3,0.9151708333333334,6,0,1,2.8265301179885856,1.6,6.0,5.0,1,0,8,7,1,1,1.0,0,7,9,4,5,6,3.6874975562095615,0,1,9,7,2,2,-0.7891145348548909,1,0,6,6,0,1,2.7384051179885853,1,0,6,6,0,1,3.4671256041526783,1,0,6,6,0,1,2.8265301179885856,True,MASA,22678930_15,F:\bishe\Undergraduate-Graduation-Project\results\figures\defense_reward_training_stage\case_studies\image_cache\masa_22678930_15.tiff,6.666666666666667e-05,0.001388888888888889,6.666666666666667e-05,35.950311306844696
46.92,2,1,0,42,160,16,C6,24,6,0.3572479166666666,6,0,1,3.710787087629238,1.6,7.0,4.0,0,2,8,6,2,0,-2.0,0,6,8,4,4,7,5.01210308074951,1,0,6,6,0,1,4.762239336967467,1,0,6,6,0,1,5.314115394254525,1,0,6,6,0,1,5.188666293621062,1,0,6,6,0,1,3.710787087629238,True,MASA,23879050_15,F:\bishe\Undergraduate-Graduation-Project\results\figures\defense_reward_training_stage\case_studies\image_cache\masa_23879050_15.tiff,0.0007666666666666667,0.018333333333333333,0.0007666666666666666,36.216450347127086
46.92,2,1,0,123,420,5,C6,24,6,0.9260270833333332,6,0,1,3.345426753610372,1.6,7.0,4.0,0,2,8,6,2,0,-4.0,0,6,8,4,4,7,3.801542878150938,1,0,6,6,0,1,6.201183199882506,1,0,6,6,0,1,3.3630276340742897,1,0,6,6,0,1,4.349641511440276,1,0,6,6,0,1,3.345426753610372,True,MASA,23729080_15,F:\bishe\Undergraduate-Graduation-Project\results\figures\defense_reward_training_stage\case_studies\image_cache\masa_23729080_15.tiff,6.666666666666667e-05,0.0008333333333333334,6.666666666666667e-05,33.71020601299033
46.44,2,1,1,42,400,0,C6,21,3,0.8826125,6,0,1,2.58142126272122,1.2,6.0,4.0,1,0,8,7,1,1,1.0,0,5,9,5,4,6,1.7578031420707685,0,1,9,7,2,2,0.3053420782089213,1,0,6,6,0,1,2.49329626272122,1,0,6,6,0,1,2.7690520977973927,1,0,6,6,0,1,2.58142126272122,True,MASA,22678915_15,F:\bishe\Undergraduate-Graduation-Project\results\figures\defense_reward_training_stage\case_studies\image_cache\masa_22678915_15.tiff,0.0002,0.005,0.0002,44.629645865908515
46.4,2,1,0,42,285,16,C6,18,0,0.6311520833333333,6,0,1,5.788647174288829,2.0,5.0,5.0,1,0,8,7,1,1,-1.0,0,8,8,3,5,5,5.134168624877928,1,0,6,6,0,1,4.8843239545822135,1,0,6,6,0,1,3.130445053527752,0,2,8,6,2,2,3.4074539589881883,1,0,6,6,0,1,5.788647174288829,True,MASA,23879050_15,F:\bishe\Undergraduate-Graduation-Project\results\figures\defense_reward_training_stage\case_studies\image_cache\masa_23879050_15.tiff,0.0007666666666666667,0.018333333333333333,0.0007666666666666666,36.216450347127086
45.92,2,1,1,123,220,10,C6,19,5,0.4881729166666667,6,0,1,3.6276501491169126,1.6,5.0,4.0,0,1,7,6,1,0,-1.0,0,7,7,3,4,5,4.150350630283355,1,0,6,6,0,1,6.751429736614226,1,0,6,6,0,1,3.2784398179252934,1,0,6,6,0,1,4.707004437446593,1,0,6,6,0,1,3.6276501491169126,True,MASA,23878945_15,F:\bishe\Undergraduate-Graduation-Project\results\figures\defense_reward_training_stage\case_studies\image_cache\masa_23878945_15.tiff,0.2652,1.0,0.26520000000000005,96.49700061212924
45.44,2,1,1,42,170,4,C6,15,9,0.3791583333333333,6,0,1,3.3530794468522065,1.2,5.0,4.0,1,0,6,6,0,1,1.0,0,5,9,5,4,5,5.647063732147215,1,0,6,6,0,1,4.418099403381347,1,0,6,6,0,1,3.2649544468522063,0,1,9,7,2,2,1.83180825281143,1,0,6,6,0,1,3.3530794468522065,True,MASA,23729065_15,F:\bishe\Undergraduate-Graduation-Project\results\figures\defense_reward_training_stage\case_studies\image_cache\masa_23729065_15.tiff,0.0,0.0,0.0,34.157371284584634
45.44,2,2,0,123,230,6,C6,3,15,0.5099270833333334,6,0,1,2.539267514844735,1.2,5.0,3.0,0,3,9,6,3,2,-5.0,0,3,9,6,3,5,3.267581939697264,1,0,6,6,0,1,5.0704559683799735,1,0,8,7,1,1,1.217460825343926,1,0,6,6,0,1,3.201313922405242,1,0,6,6,0,1,2.539267514844735,True,MASA,23729095_15,F:\bishe\Undergraduate-Graduation-Project\results\figures\defense_reward_training_stage\case_studies\image_cache\masa_23729095_15.tiff,3.3333333333333335e-05,0.0008333333333333334,3.3333333333333335e-05,34.40977889470552
45.44,2,1,1,321,385,17,C6,24,6,0.852575,6,0,1,3.1841206592321387,1.2,6.0,3.0,1,0,6,6,0,1,1.0,0,5,7,4,3,6,4.648055374622344,1,0,6,6,0,1,4.202019751071929,1,0,6,6,0,1,3.205705898106097,0,1,7,6,1,0,1.46536905479431,1,0,6,6,0,1,3.1841206592321387,True,MASA,23879065_15,F:\bishe\Undergraduate-Graduation-Project\results\figures\defense_reward_training_stage\case_studies\image_cache\masa_23879065_15.tiff,0.0003111111111111111,0.0033333333333333335,0.0003111111111111111,35.31570898664007
44.44,2,2,0,42,80,7,C6,19,1,0.1796729166666666,6,0,1,4.160961244950691,1.2,4.0,3.0,1,0,8,7,1,3,-1.0,0,3,9,6,3,3,1.9465683698654157,1,0,6,6,0,1,2.9353966116905204,0,3,9,6,3,4,-7.128066429148119,1,0,8,7,1,3,0.9969212255477896,1,0,6,6,0,1,4.160961244950691,True,MASA,23729110_15,F:\bishe\Undergraduate-Graduation-Project\results\figures\defense_reward_training_stage\case_studies\image_cache\masa_23729110_15.tiff,0.37962222222222225,1.0,0.37962222222222225,93.31517927750956
44.44,2,2,0,42,185,13,C6,24,2,0.4122208333333333,6,0,1,4.508963384181261,1.2,4.0,3.0,1,0,6,6,0,1,1.0,1,0,8,7,1,3,2.031184792518614,0,3,9,6,3,4,-2.304078161716463,0,3,9,6,3,1,-0.7501085545619345,1,0,6,6,0,1,4.766933152675628,1,0,6,6,0,1,4.508963384181261,True,MASA,22828945_15,F:\bishe\Undergraduate-Graduation-Project\results\figures\defense_reward_training_stage\case_studies\image_cache\masa_22828945_15.tiff,0.0,0.0,0.0,33.040234472885345
44.4,2,2,0,42,425,0,C6,23,1,0.93720625,8,1,1,3.1188000841637447,2.0,8.0,4.0,1,0,8,7,1,1,1.0,0,5,9,5,4,8,3.236085057258604,1,0,8,7,1,1,3.322056055068969,1,0,8,7,1,1,2.785572072913248,0,5,9,5,4,0,-0.0547673072814958,1,0,8,7,1,1,3.1188000841637447,True,MASA,22678915_15,F:\bishe\Undergraduate-Graduation-Project\results\figures\defense_reward_training_stage\case_studies\image_cache\masa_22678915_15.tiff,0.0002,0.005,0.0002,44.629645865908515
43.96,2,1,1,42,140,7,C6,23,5,0.3128041666666666,6,0,1,2.2122406246264767,0.8,5.0,3.0,0,1,9,7,2,0,-3.0,0,3,9,6,3,5,2.492965638637541,1,0,6,6,0,1,4.884862005710601,1,0,6,6,0,1,2.1241156246264765,1,0,6,6,0,1,2.8401076889038075,1,0,6,6,0,1,2.2122406246264767,True,MASA,23729110_15,F:\bishe\Undergraduate-Graduation-Project\results\figures\defense_reward_training_stage\case_studies\image_cache\masa_23729110_15.tiff,0.37962222222222225,1.0,0.37962222222222225,93.31517927750956
43.96,2,1,1,42,195,0,C6,23,1,0.433925,6,0,1,3.026572849303484,0.8,5.0,3.0,1,0,6,6,0,1,1.0,0,3,9,6,3,5,4.529726982116697,1,0,8,7,1,1,3.468777060508727,1,0,6,6,0,1,2.938447849303483,0,1,9,7,2,2,0.3688795771598799,1,0,6,6,0,1,3.026572849303484,True,MASA,22678915_15,F:\bishe\Undergraduate-Graduation-Project\results\figures\defense_reward_training_stage\case_studies\image_cache\masa_22678915_15.tiff,0.0002,0.005,0.0002,44.629645865908515
43.92,2,2,0,123,125,4,C6,0,22,0.2802333333333333,6,0,1,3.754130685776471,1.6,2.0,4.0,1,0,6,6,0,1,3.0,0,5,9,5,4,2,5.292773425579069,1,0,6,6,0,1,5.104775309562682,0,3,9,6,3,1,-2.153222226401172,1,0,6,6,0,1,6.635547111034392,1,0,6,6,0,1,3.754130685776471,True,MASA,23729065_15,F:\bishe\Undergraduate-Graduation-Project\results\figures\defense_reward_training_stage\case_studies\image_cache\masa_23729065_15.tiff,0.0,0.0,0.0,34.157371284584634
43.92,2,1,0,123,310,7,C6,23,1,0.6856479166666667,6,0,1,2.2850451481342318,1.6,5.0,3.0,1,0,6,6,0,1,1.0,0,6,6,3,3,5,0.9252027869224536,1,0,6,6,0,1,3.748195052146911,0,2,6,5,1,0,-0.0864271064599366,1,0,6,6,0,1,3.8363200521469114,1,0,6,6,0,1,2.2850451481342318,True,MASA,23729110_15,F:\bishe\Undergraduate-Graduation-Project\results\figures\defense_reward_training_stage\case_studies\image_cache\masa_23729110_15.tiff,0.37962222222222225,1.0,0.37962222222222225,93.31517927750956
43.92,2,1,0,42,345,0,C6,18,0,0.7620979166666667,6,0,1,4.654130536019801,1.6,5.0,3.0,0,2,6,5,1,0,-4.0,0,6,6,3,3,5,2.1260182261466967,1,0,6,6,0,1,4.87041413784027,1,0,6,6,0,1,4.439282067467769,1,0,6,6,0,1,4.425672004222869,1,0,6,6,0,1,4.654130536019801,True,MASA,22678915_15,F:\bishe\Undergraduate-Graduation-Project\results\figures\defense_reward_training_stage\case_studies\image_cache\masa_22678915_15.tiff,0.0002,0.005,0.0002,44.629645865908515
43.92,2,1,0,321,375,11,C6,4,16,0.8306770833333333,6,0,1,5.245856011609236,1.6,5.0,3.0,0,2,6,5,1,0,-2.0,0,6,6,3,3,5,3.521384119987487,1,0,6,6,0,1,6.3213303685188285,1,0,6,6,0,1,2.957395934661229,1,0,6,6,0,1,4.434545049667357,1,0,6,6,0,1,5.245856011609236,True,MASA,23878975_15,F:\bishe\Undergraduate-Graduation-Project\results\figures\defense_reward_training_stage\case_studies\image_cache\masa_23878975_15.tiff,0.03277777777777778,0.5358333333333334,0.032777777777777774,50.49974813842539
42.92,2,1,0,321,395,3,C6,5,23,0.8740104166666667,6,0,1,3.5046232004463667,1.6,4.0,3.0,0,5,7,4,3,4,-7.0,0,3,7,5,2,3,4.215502083301543,1,0,6,6,0,1,6.571031212806701,1,0,6,6,0,1,3.4164982004463664,1,0,6,6,0,1,4.47287441253662,1,0,6,6,0,1,3.5046232004463667,True,MASA,23729050_15,F:\bishe\Undergraduate-Graduation-Project\results\figures\defense_reward_training_stage\case_studies\image_cache\masa_23729050_15.tiff,0.00023333333333333333,0.0022222222222222222,0.00023333333333333333,41.78051892159278
42.44,2,1,1,321,225,15,C6,5,23,0.501675,8,1,1,2.221082473893959,1.2,8.0,4.0,1,0,8,7,1,1,1.0,0,5,9,5,4,8,5.30287730693817,1,0,8,7,1,1,5.603171706199645,0,1,9,7,2,1,-1.1882392003138875,1,0,6,6,0,1,4.319889554977416,1,0,8,7,1,1,2.221082473893959,True,MASA,23879035_15,F:\bishe\Undergraduate-Graduation-Project\results\figures\defense_reward_training_stage\case_studies\image_cache\masa_23879035_15.tiff,0.0002888888888888889,0.003611111111111111,0.0002888888888888889,43.94926219533445
42.4,2,2,0,321,195,10,C6,15,9,0.4360770833333333,8,1,1,3.8902890697916335,2.0,6.0,4.0,1,0,8,7,1,1,1.0,0,6,8,4,4,6,4.644746541976927,1,0,8,7,1,1,4.522182762622832,0,4,8,5,3,4,-6.4904986397922055,1,0,6,6,0,1,4.325161585807799,1,0,8,7,1,1,3.8902890697916335,True,MASA,23878945_15,F:\bishe\Undergraduate-Graduation-Project\results\figures\defense_reward_training_stage\case_studies\image_cache\masa_23878945_15.tiff,0.2652,1.0,0.26520000000000005,96.49700061212924
41.44,2,1,0,42,240,7,C6,4,16,0.5322291666666666,6,0,1,2.5325301490227377,1.2,4.0,2.0,1,0,6,6,0,1,1.0,0,4,6,4,2,4,2.863325297832488,1,0,6,6,0,1,1.9513444900512684,1,0,6,6,0,1,3.01237074146668,0,2,6,5,1,2,-0.9399430742263806,1,0,6,6,0,1,2.5325301490227377,True,MASA,23729110_15,F:\bishe\Undergraduate-Graduation-Project\results\figures\defense_reward_training_stage\case_studies\image_cache\masa_23729110_15.tiff,0.37962222222222225,1.0,0.37962222222222225,93.31517927750956
40.96,2,1,0,42,165,7,C6,23,1,0.3680958333333333,6,0,1,4.125598070472479,0.8,4.0,2.0,1,0,8,7,1,1,-1.0,0,2,8,6,2,4,1.955651402473448,1,0,8,7,1,1,3.995863914489745,1,0,8,7,1,1,0.4394193422297627,0,2,8,6,2,0,-0.0566475710868852,1,0,6,6,0,1,4.125598070472479,True,MASA,23729110_15,F:\bishe\Undergraduate-Graduation-Project\results\figures\defense_reward_training_stage\case_studies\image_cache\masa_23729110_15.tiff,0.37962222222222225,1.0,0.37962222222222225,93.31517927750956
40.92,2,1,0,42,380,12,C6,19,1,0.8390083333333334,8,1,1,4.810064812352259,1.6,7.0,4.0,0,2,8,6,2,1,-2.0,0,6,8,4,4,7,4.875324726104735,1,0,8,7,1,1,6.665686488151549,1,0,8,7,1,1,2.6531827330589284,1,0,6,6,0,1,5.577533254623412,1,0,8,7,1,1,4.810064812352259,True,MASA,23878990_15,F:\bishe\Undergraduate-Graduation-Project\results\figures\defense_reward_training_stage\case_studies\image_cache\masa_23878990_15.tiff,0.0006111111111111111,0.014166666666666666,0.0006111111111111111,48.52935049911557
38.96,2,0,1,321,290,5,C6,19,1,0.6446229166666667,6,0,1,5.312771240572134,0.8,3.0,2.0,1,0,6,6,0,1,3.0,0,3,7,5,2,3,4.569811463356017,1,0,6,6,0,1,6.177532672882079,1,0,6,6,0,1,5.223560870538154,0,1,7,6,1,0,2.417857656002043,1,0,6,6,0,1,5.312771240572134,True,MASA,23729080_15,F:\bishe\Undergraduate-Graduation-Project\results\figures\defense_reward_training_stage\case_studies\image_cache\masa_23729080_15.tiff,6.666666666666667e-05,0.0008333333333333334,6.666666666666667e-05,33.71020601299033
38.44,2,0,0,42,410,7,C6,21,3,0.9043958333333332,6,0,1,4.457599307050307,1.2,3.0,2.0,0,2,6,5,1,0,-2.0,0,4,6,4,2,3,2.002670884132384,1,0,6,6,0,1,4.090549826622008,1,0,6,6,0,1,2.15244988883535,1,0,6,6,0,1,2.699041078090666,1,0,6,6,0,1,4.457599307050307,True,MASA,23729110_15,F:\bishe\Undergraduate-Graduation-Project\results\figures\defense_reward_training_stage\case_studies\image_cache\masa_23729110_15.tiff,0.37962222222222225,1.0,0.37962222222222225,93.31517927750956
37.96,2,0,1,42,100,10,C6,5,23,0.2243895833333333,6,0,1,3.185198323875665,0.8,2.0,2.0,1,0,6,6,0,1,1.0,0,3,7,5,2,2,2.7709593772888166,0,1,7,6,1,0,0.8249098658561691,1,0,6,6,0,1,3.097073323875665,1,0,6,6,0,1,4.51224596261978,1,0,6,6,0,1,3.185198323875665,True,MASA,23878945_15,F:\bishe\Undergraduate-Graduation-Project\results\figures\defense_reward_training_stage\case_studies\image_cache\masa_23878945_15.tiff,0.2652,1.0,0.26520000000000005,96.49700061212924
37.44,2,0,0,321,70,8,C6,24,2,0.1581395833333333,6,0,1,5.362922654499609,1.2,2.0,2.0,1,0,6,6,0,1,3.0,0,3,7,5,2,1,4.276489257812499,1,0,6,6,0,1,3.787227451801299,1,0,6,6,0,1,4.968333655943471,0,3,7,5,2,2,3.2751476693153365,1,0,6,6,0,1,5.362922654499609,True,MASA,23878915_15,F:\bishe\Undergraduate-Graduation-Project\results\figures\defense_reward_training_stage\case_studies\image_cache\masa_23878915_15.tiff,0.27994444444444444,1.0,0.2799444444444445,80.74584833253299
37.44,2,1,0,321,140,7,C6,1,19,0.3145166666666666,8,1,1,3.4127430099546903,1.2,5.0,3.0,1,0,6,6,0,1,1.0,0,4,8,5,3,5,3.927221357822416,0,2,8,6,2,1,0.1230507493019086,1,0,6,6,0,1,2.409766747901836,1,0,8,7,1,1,4.147386527538298,1,0,8,7,1,1,3.4127430099546903,True,MASA,23729110_15,F:\bishe\Undergraduate-Graduation-Project\results\figures\defense_reward_training_stage\case_studies\image_cache\masa_23729110_15.tiff,0.37962222222222225,1.0,0.37962222222222225,93.31517927750956
