score,fail_count,loop_controls,near_miss_controls,seed,episode,image_index,distance_bucket,initial_patch,goal_patch,run_progress,prop_path_len,prop_regress,prop_revisit,prop_total_reward,control_mean_final_dist,control_max_revisit,control_max_regress,external_only_success,intrinsic_only_success,mixed_no_gate_no_pbrs_success,mixed_gate_only_success,mixed_pbrs_only_success,proposed_linear_gate_pbrs_success,external_only_final,intrinsic_only_final,mixed_no_gate_no_pbrs_final,mixed_gate_only_final,mixed_pbrs_only_final,proposed_linear_gate_pbrs_final,external_only_revisit,intrinsic_only_revisit,mixed_no_gate_no_pbrs_revisit,mixed_gate_only_revisit,mixed_pbrs_only_revisit,proposed_linear_gate_pbrs_revisit,external_only_regress,intrinsic_only_regress,mixed_no_gate_no_pbrs_regress,mixed_gate_only_regress,mixed_pbrs_only_regress,proposed_linear_gate_pbrs_regress,external_only_dist_sequence,intrinsic_only_dist_sequence,mixed_no_gate_no_pbrs_dist_sequence,mixed_gate_only_dist_sequence,mixed_pbrs_only_dist_sequence,proposed_linear_gate_pbrs_dist_sequence,external_only_patch_sequence,intrinsic_only_patch_sequence,mixed_no_gate_no_pbrs_patch_sequence,mixed_gate_only_patch_sequence,mixed_pbrs_only_patch_sequence,proposed_linear_gate_pbrs_patch_sequence
89.56,5,2,1,42,180,8,C8,4,20,0.4012083333333333,8,0,1,1.853142006292938,3.8,8.0,4.0,0,0,0,0,0,1,5,7,3,1,3,0,5,8,1,1,0,1,3,4,2,1,2,0,"[8, 7, 6, 5, 4, 5, 6, 5, 6, 5]","[8, 7, 8, 7, 8, 7, 8, 7, 8, 7]","[8, 7, 6, 5, 4, 3, 2, 1, 2, 3]","[8, 7, 8, 7, 6, 5, 4, 3, 2, 1]","[8, 7, 6, 5, 4, 3, 2, 1, 2, 3]","[8, 7, 6, 5, 4, 3, 2, 1, 0]","[20, 4, 9, 14, 19, 24, 19, 14, 19, 14, 19]","[20, 4, 9, 4, 9, 4, 9, 4, 9, 4, 9]","[20, 4, 3, 2, 7, 12, 11, 10, 15, 10, 5]","[20, 4, 3, 4, 9, 8, 7, 6, 5, 10, 15]","[20, 4, 3, 2, 1, 6, 11, 16, 21, 22, 23]","[20, 4, 9, 14, 13, 12, 11, 10, 15, 20]"
89.03999999999999,5,5,0,123,280,3,C6,10,4,0.6201520833333334,6,0,1,3.848759819269179,4.2,7.0,5.0,0,0,0,0,0,1,3,7,3,3,5,0,0,7,0,0,1,1,3,5,3,3,4,0,"[6, 5, 4, 3, 2, 1, 2, 1, 2, 3]","[6, 7, 8, 7, 8, 7, 8, 7, 8, 7]","[6, 5, 4, 3, 2, 3, 4, 5, 4, 3]","[6, 5, 4, 3, 2, 3, 4, 5, 4, 3]","[6, 5, 4, 5, 6, 7, 6, 5, 4, 5]","[6, 5, 4, 3, 2, 1, 0]","[4, 10, 5, 0, 1, 2, 3, 8, 9, 14, 19]","[4, 10, 15, 20, 15, 20, 15, 20, 15, 20, 15]","[4, 10, 5, 6, 7, 8, 13, 18, 23, 24, 19]","[4, 10, 5, 6, 7, 8, 13, 18, 23, 24, 19]","[4, 10, 5, 6, 11, 16, 21, 22, 23, 24, 23]","[4, 10, 5, 0, 1, 2, 3, 4]"
87.03999999999999,5,3,0,123,110,15,C7,23,0,0.2469916666666666,7,0,1,5.151656076848506,4.2,7.0,4.0,0,0,0,0,0,1,5,3,3,7,3,0,4,4,0,7,1,1,3,2,2,4,2,0,"[7, 8, 7, 8, 7, 8, 7, 6, 5]","[7, 6, 5, 4, 3, 4, 3, 4, 3]","[7, 6, 5, 4, 3, 2, 1, 2, 3]","[7, 8, 7, 8, 7, 8, 7, 8, 7]","[7, 6, 5, 6, 5, 4, 5, 4, 3]","[7, 6, 5, 4, 3, 2, 1, 0]","[0, 23, 24, 23, 24, 19, 24, 19, 14, 9]","[0, 23, 18, 13, 8, 3, 8, 3, 8, 3]","[0, 23, 22, 21, 16, 11, 6, 1, 2, 3]","[0, 23, 24, 23, 24, 23, 24, 23, 24, 23]","[0, 23, 22, 21, 22, 17, 12, 13, 8, 7]","[0, 23, 18, 13, 8, 7, 6, 5, 0]"
86.28,5,2,0,123,120,5,C8,4,20,0.2690541666666666,8,0,1,1.7000943490937344,4.4,6.0,3.0,0,0,0,0,0,1,6,6,4,2,4,0,5,6,2,0,2,1,3,3,2,1,2,0,"[8, 7, 8, 7, 8, 7, 8, 7, 6]","[8, 7, 6, 7, 6, 7, 6, 7, 6]","[8, 7, 6, 5, 4, 3, 2, 3, 4]","[8, 7, 6, 5, 4, 3, 2, 1, 2]","[8, 7, 6, 5, 4, 3, 4, 3, 4]","[8, 7, 6, 5, 4, 3, 2, 1, 0]","[20, 4, 3, 4, 9, 4, 9, 4, 9, 8]","[20, 4, 3, 8, 3, 8, 3, 8, 3, 8]","[20, 4, 3, 8, 7, 12, 17, 22, 17, 12]","[20, 4, 3, 8, 13, 18, 17, 16, 15, 10]","[20, 4, 3, 8, 7, 12, 17, 12, 17, 18]","[20, 4, 9, 8, 7, 6, 11, 10, 15, 20]"
86.28,5,4,0,321,150,13,C6,15,3,0.3368125,6,0,1,3.2640403232971824,4.4,7.0,4.0,0,0,0,0,0,1,6,6,4,4,2,0,7,6,0,0,2,1,4,4,3,3,2,0,"[6, 5, 6, 5, 6, 5, 6, 5, 6]","[6, 5, 4, 5, 6, 5, 6, 5, 6]","[6, 5, 4, 3, 2, 1, 2, 3, 4]","[6, 5, 4, 3, 2, 1, 2, 3, 4]","[6, 5, 4, 3, 4, 3, 2, 1, 2]","[6, 5, 4, 3, 2, 1, 0]","[3, 15, 10, 15, 10, 15, 10, 15, 10, 15]","[3, 15, 16, 17, 16, 15, 16, 15, 16, 15]","[3, 15, 10, 11, 12, 7, 8, 13, 14, 19]","[3, 15, 10, 11, 6, 7, 8, 9, 14, 19]","[3, 15, 10, 11, 12, 11, 12, 7, 2, 1]","[3, 15, 10, 5, 0, 1, 2, 3]"
86.08,5,4,1,42,345,16,C6,1,23,0.7622895833333333,6,0,1,5.569488469213247,3.4,7.0,4.0,0,0,0,0,0,1,5,5,3,3,1,0,0,7,1,0,2,1,4,4,3,3,2,0,"[6, 5, 4, 3, 2, 1, 2, 3, 4, 5]","[6, 5, 4, 5, 4, 5, 4, 5, 4, 5]","[6, 5, 4, 3, 4, 5, 4, 3, 2, 3]","[6, 5, 4, 3, 2, 1, 2, 3, 2, 3]","[6, 5, 4, 3, 2, 1, 2, 1, 2, 1]","[6, 5, 4, 3, 2, 1, 0]","[23, 1, 6, 11, 16, 17, 18, 19, 14, 9, 4]","[23, 1, 2, 7, 2, 7, 2, 7, 2, 7, 2]","[23, 1, 6, 7, 8, 3, 4, 9, 14, 13, 14]","[23, 1, 6, 11, 16, 17, 18, 19, 14, 13, 12]","[23, 1, 6, 11, 16, 17, 18, 19, 24, 19, 24]","[23, 1, 6, 11, 16, 17, 22, 23]"
85.8,5,1,0,123,380,32,C8,20,4,0.8390125,8,0,1,2.2327110396400087,4.0,7.0,4.0,0,0,0,0,0,1,4,8,2,2,4,0,0,7,0,0,3,1,2,4,1,1,2,0,"[8, 7, 6, 5, 4, 3, 2, 3, 4]","[8, 7, 8, 7, 8, 7, 8, 7, 8]","[8, 7, 6, 5, 4, 3, 2, 1, 2]","[8, 7, 6, 5, 4, 3, 2, 1, 2]","[8, 7, 6, 5, 4, 3, 4, 3, 4]","[8, 7, 6, 5, 4, 3, 2, 1, 0]","[4, 20, 15, 10, 11, 12, 7, 2, 1, 0]","[4, 20, 15, 20, 15, 20, 15, 20, 15, 20]","[4, 20, 15, 10, 5, 6, 7, 8, 9, 14]","[4, 20, 15, 10, 5, 6, 7, 8, 9, 14]","[4, 20, 15, 10, 5, 0, 1, 0, 1, 0]","[4, 20, 15, 10, 5, 0, 1, 2, 3, 4]"
85.56,5,2,0,123,255,11,C8,20,4,0.5655895833333333,8,0,1,1.921395733922719,3.8,6.0,3.0,0,0,0,0,0,1,3,5,3,3,5,0,0,6,0,0,4,1,2,3,2,2,3,0,"[8, 7, 6, 5, 4, 3, 2, 1, 2, 3]","[8, 7, 8, 7, 8, 7, 6, 5, 6, 5]","[8, 7, 6, 5, 4, 3, 2, 1, 2, 3]","[8, 7, 6, 5, 4, 3, 2, 1, 2, 3]","[8, 7, 6, 5, 4, 3, 4, 3, 4, 5]","[8, 7, 6, 5, 4, 3, 2, 1, 0]","[4, 20, 15, 10, 11, 12, 7, 8, 9, 14, 19]","[4, 20, 21, 20, 21, 20, 21, 22, 17, 22, 17]","[4, 20, 15, 10, 5, 6, 1, 2, 3, 8, 13]","[4, 20, 21, 22, 17, 12, 7, 8, 9, 14, 19]","[4, 20, 15, 10, 5, 0, 1, 0, 1, 0, 5]","[4, 20, 21, 22, 17, 12, 7, 2, 3, 4]"
85.56,5,4,1,123,120,14,C6,22,4,0.2691604166666667,6,0,1,3.919102589239676,3.8,6.0,4.0,0,0,0,0,0,1,5,3,1,5,5,0,4,5,1,6,0,1,4,3,2,4,4,0,"[6, 5, 4, 5, 4, 3, 4, 3, 4, 5]","[6, 5, 4, 3, 2, 3, 2, 3, 2, 3]","[6, 5, 4, 5, 4, 3, 2, 1, 2, 1]","[6, 5, 6, 5, 4, 5, 6, 5, 4, 5]","[6, 5, 4, 3, 2, 1, 2, 3, 4, 5]","[6, 5, 4, 3, 2, 1, 0]","[4, 22, 23, 18, 23, 18, 13, 18, 19, 24, 23]","[4, 22, 17, 12, 7, 2, 7, 2, 7, 2, 7]","[4, 22, 17, 12, 11, 6, 1, 2, 3, 8, 3]","[4, 22, 23, 22, 23, 18, 23, 22, 23, 18, 17]","[4, 22, 17, 12, 13, 14, 9, 8, 7, 6, 5]","[4, 22, 17, 12, 7, 2, 3, 4]"
85.12,5,1,3,123,90,15,C8,0,24,0.2023791666666666,8,0,1,2.258417347975074,2.6,5.0,4.0,0,0,0,0,0,1,1,7,3,1,1,0,0,5,1,0,1,1,1,4,2,1,1,0,"[8, 7, 6, 5, 4, 3, 2, 3, 2, 1]","[8, 7, 6, 5, 6, 7, 8, 7, 8, 7]","[8, 7, 6, 5, 4, 3, 2, 1, 2, 3]","[8, 7, 6, 5, 4, 3, 2, 1, 2, 1]","[8, 7, 6, 5, 4, 3, 4, 3, 2, 1]","[8, 7, 6, 5, 4, 3, 2, 1, 0]","[24, 0, 5, 10, 15, 20, 21, 22, 17, 18, 23]","[24, 0, 5, 10, 15, 10, 5, 0, 1, 0, 5]","[24, 0, 1, 2, 3, 8, 13, 18, 23, 18, 17]","[24, 0, 1, 2, 3, 4, 9, 14, 19, 18, 23]","[24, 0, 5, 10, 15, 16, 21, 20, 21, 22, 23]","[24, 0, 5, 10, 15, 20, 21, 22, 23, 24]"
84.32,5,1,0,123,55,6,C8,4,20,0.1248083333333333,8,0,1,3.340885206654667,3.6,6.0,4.0,0,0,0,0,0,1,4,8,2,2,2,0,2,6,0,1,1,1,2,4,1,1,1,0,"[8, 7, 6, 5, 4, 3, 4, 5, 4]","[8, 7, 8, 7, 6, 7, 8, 7, 8]","[8, 7, 6, 5, 4, 3, 2, 1, 2]","[8, 7, 6, 5, 4, 3, 2, 1, 2]","[8, 7, 6, 5, 4, 3, 2, 3, 2]","[8, 7, 6, 5, 4, 3, 2, 1, 0]","[20, 4, 9, 14, 19, 24, 23, 18, 19, 24]","[20, 4, 9, 4, 9, 14, 9, 4, 9, 4]","[20, 4, 9, 14, 13, 18, 17, 16, 15, 10]","[20, 4, 9, 14, 13, 18, 17, 16, 15, 16]","[20, 4, 3, 8, 7, 12, 17, 22, 23, 22]","[20, 4, 9, 14, 19, 18, 17, 16, 15, 20]"
84.03999999999999,5,3,0,123,220,3,C7,15,4,0.4880916666666666,7,0,1,4.845456415951251,4.2,5.0,3.0,0,0,0,0,0,1,3,5,3,5,5,0,2,5,0,0,3,1,2,3,2,3,3,0,"[7, 6, 5, 4, 3, 2, 1, 2, 3]","[7, 6, 7, 8, 7, 8, 7, 6, 5]","[7, 6, 5, 4, 3, 2, 1, 2, 3]","[7, 6, 5, 4, 3, 2, 3, 4, 5]","[7, 6, 5, 4, 5, 6, 5, 4, 5]","[7, 6, 5, 4, 3, 2, 1, 0]","[4, 15, 10, 5, 0, 1, 2, 3, 2, 1]","[4, 15, 10, 15, 20, 15, 20, 15, 10, 5]","[4, 15, 10, 5, 6, 7, 8, 9, 14, 19]","[4, 15, 10, 5, 6, 7, 8, 13, 18, 23]","[4, 15, 10, 5, 6, 5, 10, 11, 12, 11]","[4, 15, 16, 17, 12, 7, 8, 3, 4]"
83.64,5,1,3,123,250,3,C8,4,20,0.5546791666666666,8,0,1,2.4985677361190306,2.2,5.0,3.0,0,0,0,0,0,1,1,5,1,1,3,0,1,5,2,0,0,1,1,3,1,1,2,0,"[8, 7, 6, 5, 4, 3, 2, 1, 2, 1]","[8, 7, 6, 5, 4, 5, 4, 5, 4, 5]","[8, 7, 6, 5, 4, 3, 4, 3, 2, 1]","[8, 7, 6, 5, 4, 3, 2, 1, 2, 1]","[8, 7, 6, 5, 4, 3, 2, 1, 2, 3]","[8, 7, 6, 5, 4, 3, 2, 1, 0]","[20, 4, 3, 8, 13, 18, 23, 22, 21, 16, 21]","[20, 4, 9, 14, 19, 24, 19, 24, 19, 24, 19]","[20, 4, 3, 2, 7, 12, 17, 12, 17, 16, 15]","[20, 4, 3, 8, 13, 12, 17, 22, 21, 16, 15]","[20, 4, 3, 2, 1, 6, 11, 16, 21, 22, 23]","[20, 4, 9, 8, 7, 6, 11, 10, 15, 20]"
83.03999999999999,5,2,0,123,115,5,C7,5,24,0.2580291666666666,7,0,1,2.4186692153811444,4.2,5.0,4.0,0,0,0,0,0,1,3,7,3,3,5,0,2,5,0,0,0,1,2,4,2,2,3,0,"[7, 6, 5, 4, 5, 4, 3, 2, 3]","[7, 8, 7, 8, 7, 6, 7, 6, 7]","[7, 6, 7, 6, 5, 4, 3, 2, 3]","[7, 6, 7, 6, 5, 4, 3, 2, 3]","[7, 6, 5, 4, 3, 2, 3, 4, 5]","[7, 6, 5, 4, 3, 2, 1, 0]","[24, 5, 6, 7, 8, 3, 8, 9, 14, 9]","[24, 5, 0, 5, 0, 1, 6, 1, 6, 1]","[24, 5, 6, 1, 2, 3, 4, 9, 14, 13]","[24, 5, 6, 1, 2, 3, 4, 9, 14, 13]","[24, 5, 10, 11, 12, 13, 14, 9, 4, 3]","[24, 5, 10, 15, 20, 21, 22, 23, 24]"
82.64,5,1,3,321,85,7,C8,24,0,0.1918125,8,0,1,0.6649833567142478,2.2,4.0,3.0,0,0,0,0,0,1,1,5,1,3,1,0,2,4,1,2,2,1,1,3,1,2,1,0,"[8, 7, 6, 5, 4, 3, 2, 1, 2, 1]","[8, 7, 6, 7, 6, 7, 6, 5, 4, 5]","[8, 7, 6, 5, 4, 3, 2, 1, 2, 1]","[8, 7, 6, 5, 4, 5, 4, 5, 4, 3]","[8, 7, 6, 5, 4, 3, 4, 3, 2, 1]","[8, 7, 6, 5, 4, 3, 2, 1, 0]","[0, 24, 23, 22, 21, 16, 11, 6, 1, 6, 1]","[0, 24, 23, 22, 23, 22, 23, 18, 17, 16, 17]","[0, 24, 23, 22, 21, 16, 15, 10, 5, 6, 5]","[0, 24, 19, 14, 9, 4, 9, 8, 13, 8, 7]","[0, 24, 19, 14, 9, 4, 3, 4, 3, 2, 1]","[0, 24, 19, 14, 13, 8, 3, 2, 1, 0]"
82.36,5,1,0,123,205,7,C8,4,20,0.455325,8,0,1,1.456509268067776,2.8,6.0,3.0,0,0,0,0,0,1,2,6,2,2,2,0,0,6,2,0,0,1,1,3,1,1,1,0,"[8, 7, 6, 5, 4, 3, 4, 3, 2]","[8, 7, 6, 7, 6, 7, 6, 7, 6]","[8, 7, 8, 7, 6, 5, 4, 3, 2]","[8, 7, 6, 5, 4, 3, 2, 1, 2]","[8, 7, 6, 5, 4, 3, 2, 1, 2]","[8, 7, 6, 5, 4, 3, 2, 1, 0]","[20, 4, 9, 14, 19, 24, 23, 18, 17, 16]","[20, 4, 3, 8, 3, 8, 3, 8, 3, 8]","[20, 4, 9, 4, 9, 14, 19, 18, 17, 16]","[20, 4, 9, 14, 19, 18, 17, 16, 15, 10]","[20, 4, 9, 14, 13, 12, 17, 16, 21, 22]","[20, 4, 9, 8, 7, 6, 11, 10, 15, 20]"
82.28,5,5,0,123,75,5,C7,4,21,0.1688979166666666,9,1,1,0.5631369023919095,4.4,4.0,4.0,0,0,0,0,0,1,4,4,4,6,4,0,2,3,4,2,1,1,3,3,3,4,3,1,"[7, 6, 5, 4, 3, 4, 3, 2, 3, 4]","[7, 6, 7, 6, 5, 4, 3, 4, 5, 4]","[7, 6, 7, 6, 7, 6, 5, 4, 3, 4]","[7, 6, 5, 4, 3, 4, 5, 6, 7, 6]","[7, 6, 5, 4, 3, 2, 1, 2, 3, 4]","[7, 6, 5, 4, 3, 2, 3, 2, 1, 0]","[21, 4, 9, 14, 13, 18, 19, 24, 23, 24, 19]","[21, 4, 9, 4, 3, 8, 7, 12, 7, 2, 7]","[21, 4, 3, 4, 9, 4, 9, 14, 13, 18, 13]","[21, 4, 9, 14, 13, 12, 7, 2, 3, 4, 9]","[21, 4, 3, 2, 7, 12, 11, 16, 17, 12, 13]","[21, 4, 3, 2, 1, 6, 11, 10, 15, 20, 21]"
82.08,5,2,1,123,220,9,C7,9,20,0.4881604166666666,7,0,1,2.9614307155609128,3.4,5.0,3.0,0,0,0,0,0,1,3,5,5,1,3,0,1,5,0,1,0,1,2,3,3,1,2,0,"[7, 6, 5, 4, 3, 2, 3, 4, 3]","[7, 6, 7, 6, 5, 4, 5, 4, 5]","[7, 6, 5, 4, 3, 2, 3, 4, 5]","[7, 8, 7, 6, 5, 4, 3, 2, 1]","[7, 6, 5, 4, 3, 2, 1, 2, 3]","[7, 6, 5, 4, 3, 2, 1, 0]","[20, 9, 14, 19, 24, 23, 22, 17, 18, 23]","[20, 9, 14, 9, 14, 19, 24, 19, 24, 19]","[20, 9, 14, 19, 18, 17, 16, 11, 6, 1]","[20, 9, 4, 9, 14, 19, 18, 17, 16, 15]","[20, 9, 14, 13, 12, 11, 16, 15, 10, 5]","[20, 9, 8, 7, 6, 5, 10, 15, 20]"
80.8,4,3,0,42,360,9,C8,24,0,0.7951125,8,0,1,4.211737598635255,4.0,8.0,4.0,1,0,0,0,0,1,0,7,3,5,5,0,1,8,0,0,0,1,0,4,2,3,3,0,"[8, 7, 6, 5, 4, 3, 2, 1, 0]","[8, 7, 8, 7, 8, 7, 8, 7, 8, 7]","[8, 7, 6, 5, 4, 3, 2, 1, 2, 3]","[8, 7, 6, 5, 4, 3, 2, 3, 4, 5]","[8, 7, 6, 5, 4, 3, 2, 3, 4, 5]","[8, 7, 6, 5, 4, 3, 2, 1, 0]","[0, 24, 19, 14, 9, 8, 7, 6, 5, 0]","[0, 24, 19, 24, 19, 24, 19, 24, 19, 24, 19]","[0, 24, 19, 18, 17, 16, 11, 6, 1, 2, 3]","[0, 24, 19, 14, 9, 8, 7, 6, 11, 16, 21]","[0, 24, 19, 14, 9, 8, 7, 6, 11, 16, 17]","[0, 24, 19, 14, 9, 8, 7, 6, 5, 0]"
80.8,4,3,0,321,290,1,C8,24,0,0.644575,8,0,1,3.243920458264648,4.0,8.0,4.0,0,0,0,1,0,1,5,7,3,0,5,0,4,8,3,1,4,1,3,4,2,0,3,0,"[8, 7, 6, 5, 4, 3, 4, 5, 6, 5]","[8, 7, 8, 7, 8, 7, 8, 7, 8, 7]","[8, 7, 6, 5, 4, 3, 2, 3, 2, 3]","[8, 7, 6, 5, 4, 3, 2, 1, 0]","[8, 7, 6, 5, 4, 5, 4, 5, 6, 5]","[8, 7, 6, 5, 4, 3, 2, 1, 0]","[0, 24, 19, 14, 9, 4, 3, 4, 9, 14, 9]","[0, 24, 23, 24, 23, 24, 23, 24, 23, 24, 23]","[0, 24, 19, 14, 9, 4, 3, 2, 3, 2, 3]","[0, 24, 19, 14, 9, 8, 7, 6, 5, 0]","[0, 24, 23, 22, 21, 16, 21, 16, 17, 22, 21]","[0, 24, 19, 14, 13, 12, 11, 6, 5, 0]"
80.6,5,2,1,321,115,9,C7,24,1,0.2585958333333333,7,0,1,4.759006090998649,3.0,4.0,3.0,0,0,0,0,0,1,3,5,1,3,3,0,4,4,0,3,1,1,2,3,1,2,2,0,"[7, 6, 5, 4, 3, 4, 3, 4, 3]","[7, 6, 7, 6, 5, 4, 5, 6, 5]","[7, 6, 5, 4, 5, 4, 3, 2, 1]","[7, 6, 5, 4, 3, 2, 3, 4, 3]","[7, 6, 5, 4, 5, 4, 3, 2, 3]","[7, 6, 5, 4, 3, 2, 1, 0]","[1, 24, 19, 14, 9, 4, 9, 4, 9, 4]","[1, 24, 23, 24, 19, 18, 17, 18, 19, 18]","[1, 24, 23, 22, 21, 20, 15, 10, 5, 0]","[1, 24, 19, 14, 9, 4, 3, 4, 9, 4]","[1, 24, 23, 22, 21, 20, 15, 10, 5, 10]","[1, 24, 19, 14, 9, 8, 7, 2, 1]"
80.32,4,3,0,123,310,6,C8,20,4,0.6856354166666667,8,0,1,3.794967669963836,3.6,8.0,4.0,0,0,0,0,1,1,3,7,3,5,0,0,2,8,4,0,1,1,2,4,2,3,0,0,"[8, 7, 6, 5, 4, 3, 4, 5, 4, 3]","[8, 7, 8, 7, 8, 7, 8, 7, 8, 7]","[8, 7, 6, 5, 4, 3, 4, 3, 4, 3]","[8, 7, 6, 5, 4, 3, 4, 5, 6, 5]","[8, 7, 6, 5, 4, 3, 2, 1, 0]","[8, 7, 6, 5, 4, 3, 2, 1, 0]","[4, 20, 21, 22, 23, 24, 19, 24, 23, 18, 13]","[4, 20, 15, 20, 15, 20, 15, 20, 15, 20, 15]","[4, 20, 21, 22, 23, 24, 19, 24, 19, 24, 19]","[4, 20, 21, 16, 11, 12, 13, 18, 23, 22, 17]","[4, 20, 21, 22, 23, 18, 13, 8, 9, 4]","[4, 20, 21, 22, 23, 18, 13, 8, 3, 4]"
80.12,5,1,3,123,390,4,C6,15,3,0.8608291666666666,6,0,1,3.238773135046164,2.6,6.0,4.0,0,0,0,0,0,1,1,7,1,3,1,0,0,6,0,0,0,1,1,4,1,2,1,0,"[6, 5, 4, 3, 4, 3, 2, 1]","[6, 7, 6, 7, 6, 7, 6, 7]","[6, 5, 4, 3, 2, 3, 2, 1]","[6, 5, 4, 3, 2, 1, 2, 3]","[6, 5, 4, 3, 2, 1, 2, 1]","[6, 5, 4, 3, 2, 1, 0]","[3, 15, 16, 17, 18, 19, 14, 9, 4]","[3, 15, 20, 15, 20, 15, 20, 15, 20]","[3, 15, 10, 11, 12, 13, 14, 9, 8]","[3, 15, 10, 5, 6, 7, 8, 9, 14]","[3, 15, 16, 17, 18, 13, 8, 9, 4]","[3, 15, 16, 17, 18, 13, 8, 3]"
79.84,5,1,0,123,155,2,C7,4,15,0.3462104166666667,7,0,1,2.1348482718467707,3.2,6.0,3.0,0,0,0,0,0,1,4,6,2,2,2,0,1,6,0,0,0,1,2,3,1,1,1,0,"[7, 6, 5, 6, 5, 6, 5, 4]","[7, 6, 7, 6, 7, 6, 7, 6]","[7, 6, 5, 4, 3, 2, 1, 2]","[7, 6, 5, 4, 3, 2, 1, 2]","[7, 6, 5, 4, 3, 2, 1, 2]","[7, 6, 5, 4, 3, 2, 1, 0]","[15, 4, 3, 2, 3, 8, 9, 14, 19]","[15, 4, 9, 4, 9, 4, 9, 4, 9]","[15, 4, 9, 14, 13, 12, 11, 10, 5]","[15, 4, 3, 8, 13, 18, 17, 16, 11]","[15, 4, 3, 2, 1, 6, 11, 16, 21]","[15, 4, 9, 8, 7, 6, 5, 10, 15]"
79.8,5,4,0,123,70,10,C6,9,15,0.1579125,8,1,1,2.2219631931185715,4.0,7.0,4.0,0,0,0,0,0,1,4,6,2,4,4,0,4,7,2,0,0,1,3,4,2,3,3,1,"[6, 5, 4, 5, 4, 3, 4, 3, 4]","[6, 7, 6, 7, 6, 7, 6, 7, 6]","[6, 5, 4, 3, 4, 3, 4, 3, 2]","[6, 5, 4, 3, 2, 3, 2, 3, 4]","[6, 5, 4, 3, 2, 1, 2, 3, 4]","[6, 5, 4, 3, 2, 3, 2, 1, 0]","[15, 9, 14, 19, 14, 19, 18, 19, 18, 13]","[15, 9, 4, 9, 4, 9, 4, 9, 4, 9]","[15, 9, 14, 13, 18, 23, 18, 13, 12, 11]","[15, 9, 14, 19, 18, 17, 12, 11, 6, 1]","[15, 9, 14, 13, 18, 17, 16, 21, 22, 23]","[15, 9, 14, 19, 18, 17, 12, 11, 16, 15]"
79.8,4,4,0,42,310,5,C7,3,20,0.6857854166666667,7,0,1,2.158852541983127,4.0,8.0,4.0,0,0,1,0,0,1,6,6,0,4,4,0,0,8,1,0,1,1,4,4,0,3,3,0,"[7, 6, 5, 4, 3, 2, 3, 4, 5, 6]","[7, 6, 7, 6, 7, 6, 7, 6, 7, 6]","[7, 6, 5, 4, 3, 2, 1, 0]","[7, 6, 5, 4, 3, 2, 1, 2, 3, 4]","[7, 6, 5, 4, 3, 4, 5, 6, 5, 4]","[7, 6, 5, 4, 3, 2, 1, 0]","[20, 3, 2, 7, 12, 17, 22, 23, 24, 19, 14]","[20, 3, 8, 3, 8, 3, 8, 3, 8, 3, 8]","[20, 3, 8, 13, 12, 11, 16, 15, 20]","[20, 3, 8, 7, 6, 11, 16, 21, 22, 23, 18]","[20, 3, 2, 7, 12, 17, 18, 13, 8, 7, 6]","[20, 3, 8, 7, 6, 5, 10, 15, 20]"
78.56,5,4,1,123,385,3,C6,14,20,0.84975,8,1,1,2.512186734914778,3.8,5.0,4.0,0,0,0,0,0,1,3,5,5,5,1,0,2,5,3,1,1,1,3,4,4,4,2,1,"[6, 5, 6, 5, 6, 5, 4, 3, 4, 3]","[6, 7, 8, 7, 6, 5, 4, 5, 4, 5]","[6, 5, 4, 3, 4, 5, 4, 5, 4, 5]","[6, 5, 4, 3, 2, 3, 4, 5, 6, 5]","[6, 5, 6, 5, 4, 5, 4, 3, 2, 1]","[6, 5, 6, 5, 4, 3, 2, 1, 0]","[20, 14, 13, 8, 7, 2, 1, 0, 5, 0, 5]","[20, 14, 9, 4, 9, 14, 19, 24, 19, 24, 19]","[20, 14, 13, 12, 11, 6, 1, 0, 1, 0, 1]","[20, 14, 13, 12, 11, 10, 5, 0, 1, 2, 1]","[20, 14, 13, 8, 7, 6, 1, 6, 11, 16, 21]","[20, 14, 13, 8, 7, 6, 5, 10, 15, 20]"
78.36,4,2,1,123,305,11,C8,20,4,0.6747354166666667,8,0,1,1.921395733922719,2.8,8.0,4.0,0,0,1,0,0,1,1,7,0,3,3,0,1,8,1,0,4,1,1,4,0,2,2,0,"[8, 7, 6, 5, 4, 3, 2, 3, 2, 1]","[8, 7, 8, 7, 8, 7, 8, 7, 8, 7]","[8, 7, 6, 5, 4, 3, 2, 1, 0]","[8, 7, 6, 5, 4, 3, 2, 1, 2, 3]","[8, 7, 6, 5, 4, 3, 4, 5, 4, 3]","[8, 7, 6, 5, 4, 3, 2, 1, 0]","[4, 20, 15, 10, 5, 6, 7, 2, 1, 2, 3]","[4, 20, 15, 20, 15, 20, 15, 20, 15, 20, 15]","[4, 20, 21, 16, 11, 6, 1, 2, 3, 4]","[4, 20, 21, 16, 11, 12, 7, 8, 9, 14, 19]","[4, 20, 15, 10, 5, 0, 1, 0, 5, 0, 1]","[4, 20, 21, 22, 17, 12, 7, 2, 3, 4]"
78.32,4,2,0,123,310,1,C8,20,4,0.685575,8,0,1,3.4509771285280584,3.6,8.0,4.0,1,0,0,0,0,1,0,7,3,3,5,0,1,8,0,0,1,1,0,4,2,2,3,0,"[8, 7, 6, 5, 4, 3, 2, 1, 0]","[8, 7, 8, 7, 8, 7, 8, 7, 8, 7]","[8, 7, 6, 5, 4, 3, 2, 1, 2, 3]","[8, 7, 6, 5, 4, 3, 2, 1, 2, 3]","[8, 7, 6, 5, 4, 3, 2, 3, 4, 5]","[8, 7, 6, 5, 4, 3, 2, 1, 0]","[4, 20, 15, 10, 11, 12, 13, 14, 9, 4]","[4, 20, 15, 20, 15, 20, 15, 20, 15, 20, 15]","[4, 20, 15, 10, 5, 6, 7, 8, 9, 14, 19]","[4, 20, 15, 10, 11, 6, 7, 8, 9, 14, 19]","[4, 20, 15, 10, 5, 0, 1, 2, 7, 6, 5]","[4, 20, 21, 22, 23, 18, 13, 8, 3, 4]"
78.32,4,2,0,123,105,3,C8,4,20,0.2354625,8,0,1,2.8250190663784736,3.6,8.0,4.0,0,0,0,1,0,1,5,7,3,0,3,0,3,8,1,1,0,1,3,4,2,0,2,0,"[8, 7, 8, 7, 6, 5, 6, 5, 4, 5]","[8, 7, 8, 7, 8, 7, 8, 7, 8, 7]","[8, 7, 6, 7, 6, 5, 4, 3, 4, 3]","[8, 7, 6, 5, 4, 3, 2, 1, 0]","[8, 7, 6, 5, 4, 3, 2, 1, 2, 3]","[8, 7, 6, 5, 4, 3, 2, 1, 0]","[20, 4, 3, 4, 3, 8, 13, 14, 19, 24, 19]","[20, 4, 9, 4, 9, 4, 9, 4, 9, 4, 9]","[20, 4, 3, 8, 9, 14, 13, 18, 23, 24, 23]","[20, 4, 3, 8, 13, 18, 17, 16, 21, 20]","[20, 4, 9, 14, 13, 12, 11, 16, 21, 22, 23]","[20, 4, 3, 2, 1, 0, 5, 10, 15, 20]"
77.8,5,4,0,123,60,1,C6,5,19,0.1358583333333333,8,1,1,3.557124936391909,4.0,5.0,4.0,0,0,0,0,0,1,2,6,4,4,4,0,1,5,1,4,1,1,2,4,3,3,3,1,"[6, 5, 4, 3, 4, 3, 2, 1, 2]","[6, 7, 6, 7, 6, 7, 6, 5, 6]","[6, 5, 4, 5, 4, 3, 4, 3, 4]","[6, 5, 4, 5, 4, 5, 4, 5, 4]","[6, 5, 4, 3, 2, 3, 2, 3, 4]","[6, 5, 4, 5, 4, 3, 2, 1, 0]","[19, 5, 6, 7, 8, 3, 8, 13, 14, 9]","[19, 5, 0, 5, 0, 5, 0, 5, 6, 1]","[19, 5, 10, 15, 20, 21, 16, 11, 12, 11]","[19, 5, 10, 15, 20, 15, 20, 21, 20, 21]","[19, 5, 10, 11, 12, 17, 22, 23, 22, 21]","[19, 5, 10, 15, 20, 21, 22, 23, 24, 19]"
77.6,5,2,1,321,55,20,C6,15,3,0.12485,6,0,1,4.649842901229858,3.0,4.0,3.0,0,0,0,0,0,1,3,5,1,3,3,0,4,4,1,3,0,1,2,3,1,2,2,0,"[6, 5, 4, 3, 4, 3, 4, 3]","[6, 7, 6, 7, 6, 7, 6, 5]","[6, 5, 4, 3, 2, 1, 2, 1]","[6, 5, 4, 5, 4, 5, 4, 3]","[6, 5, 4, 3, 2, 1, 2, 3]","[6, 5, 4, 3, 2, 1, 0]","[3, 15, 10, 5, 6, 5, 6, 5, 6]","[3, 15, 20, 15, 20, 15, 20, 21, 16]","[3, 15, 10, 5, 6, 7, 8, 9, 8]","[3, 15, 10, 11, 10, 11, 16, 11, 12]","[3, 15, 10, 5, 6, 7, 8, 13, 12]","[3, 15, 16, 11, 6, 7, 8, 3]"
77.56,5,5,0,321,140,12,C6,16,4,0.314575,8,1,2,4.823422744969526,3.8,5.0,5.0,0,0,0,0,0,1,3,7,3,3,3,0,1,5,2,2,0,2,3,5,3,3,3,1,"[6, 5, 4, 3, 2, 1, 2, 3, 4, 3]","[6, 7, 8, 7, 6, 7, 8, 7, 8, 7]","[6, 5, 4, 3, 2, 1, 2, 3, 2, 3]","[6, 5, 4, 3, 2, 1, 2, 1, 2, 3]","[6, 7, 6, 5, 4, 3, 2, 1, 2, 3]","[6, 5, 4, 3, 2, 3, 2, 1, 0]","[4, 16, 11, 12, 7, 8, 9, 14, 19, 24, 19]","[4, 16, 15, 20, 21, 22, 21, 20, 21, 20, 21]","[4, 16, 11, 12, 7, 8, 9, 14, 13, 14, 13]","[4, 16, 11, 6, 7, 8, 9, 14, 9, 14, 13]","[4, 16, 21, 22, 23, 24, 19, 14, 9, 8, 7]","[4, 16, 11, 6, 7, 8, 7, 2, 3, 4]"
77.08,5,1,0,123,100,0,C7,24,5,0.2245520833333333,7,0,1,1.8549153616428369,3.4,3.0,3.0,0,0,0,0,0,1,5,3,3,3,3,0,3,3,0,0,1,1,3,2,2,2,2,0,"[7, 6, 5, 4, 5, 4, 3, 4, 5]","[7, 6, 5, 4, 5, 4, 5, 4, 3]","[7, 6, 5, 4, 3, 2, 1, 2, 3]","[7, 6, 5, 4, 3, 2, 1, 2, 3]","[7, 6, 5, 4, 3, 2, 3, 2, 3]","[7, 6, 5, 4, 3, 2, 1, 0]","[5, 24, 19, 14, 13, 14, 9, 8, 9, 14]","[5, 24, 19, 14, 9, 4, 9, 4, 9, 8]","[5, 24, 23, 22, 17, 16, 11, 6, 7, 2]","[5, 24, 19, 18, 17, 16, 11, 6, 1, 2]","[5, 24, 19, 18, 17, 12, 11, 16, 15, 16]","[5, 24, 23, 22, 17, 12, 7, 6, 5]"
76.88,4,1,2,321,220,16,C8,4,20,0.49054375,8,0,1,2.417301265120505,2.4,8.0,4.0,0,0,0,1,0,1,3,7,1,0,1,0,0,8,1,1,1,1,2,4,1,0,1,0,"[8, 7, 6, 5, 4, 3, 2, 1, 2, 3]","[8, 7, 8, 7, 8, 7, 8, 7, 8, 7]","[8, 7, 6, 5, 4, 3, 2, 1, 2, 1]","[8, 7, 6, 5, 4, 3, 2, 1, 0]","[8, 7, 6, 5, 4, 3, 2, 1, 2, 1]","[8, 7, 6, 5, 4, 3, 2, 1, 0]","[20, 4, 9, 8, 13, 18, 17, 16, 15, 10, 5]","[20, 4, 3, 4, 3, 4, 3, 4, 3, 4, 3]","[20, 4, 9, 8, 7, 12, 17, 22, 21, 16, 21]","[20, 4, 9, 8, 7, 6, 11, 10, 15, 20]","[20, 4, 9, 8, 7, 6, 11, 16, 21, 22, 21]","[20, 4, 3, 8, 7, 6, 11, 10, 15, 20]"
76.36,5,1,0,123,105,4,C7,15,4,0.2354770833333333,7,0,1,4.555064148247242,2.8,4.0,2.0,0,0,0,0,0,1,2,4,2,2,4,0,2,4,0,0,2,1,1,2,1,1,2,0,"[7, 6, 5, 4, 3, 2, 3, 2]","[7, 6, 5, 4, 5, 4, 5, 4]","[7, 6, 5, 4, 3, 2, 1, 2]","[7, 6, 5, 4, 3, 2, 1, 2]","[7, 6, 5, 4, 3, 2, 3, 4]","[7, 6, 5, 4, 3, 2, 1, 0]","[4, 15, 16, 17, 18, 19, 14, 19, 14]","[4, 15, 10, 5, 0, 5, 0, 5, 0]","[4, 15, 10, 5, 6, 7, 8, 9, 14]","[4, 15, 10, 5, 6, 7, 8, 9, 14]","[4, 15, 10, 5, 6, 7, 8, 7, 6]","[4, 15, 16, 17, 18, 13, 8, 3, 4]"
76.36,4,1,1,321,235,21,C8,20,4,0.5238083333333333,8,0,1,2.294291473336517,2.8,8.0,4.0,1,0,0,0,0,1,0,7,3,1,3,0,1,8,0,1,0,1,0,4,2,1,2,0,"[8, 7, 6, 5, 4, 3, 2, 1, 0]","[8, 7, 8, 7, 8, 7, 8, 7, 8, 7]","[8, 7, 6, 5, 4, 3, 2, 1, 2, 3]","[8, 7, 6, 5, 4, 3, 2, 3, 2, 1]","[8, 7, 6, 5, 4, 3, 2, 1, 2, 3]","[8, 7, 6, 5, 4, 3, 2, 1, 0]","[4, 20, 21, 16, 11, 6, 7, 2, 3, 4]","[4, 20, 21, 20, 21, 20, 21, 20, 21, 20, 21]","[4, 20, 15, 10, 11, 6, 7, 8, 9, 14, 13]","[4, 20, 15, 10, 11, 12, 7, 8, 7, 2, 3]","[4, 20, 21, 22, 23, 18, 13, 8, 3, 2, 7]","[4, 20, 15, 10, 5, 0, 1, 2, 3, 4]"
75.88,4,1,2,321,350,1,C8,4,20,0.77580625,8,0,1,2.543094078421592,2.4,7.0,4.0,0,0,1,0,0,1,1,7,0,1,3,0,0,7,1,1,0,1,1,4,0,1,2,0,"[8, 7, 6, 5, 4, 3, 2, 1, 2, 1]","[8, 7, 6, 7, 8, 7, 6, 7, 8, 7]","[8, 7, 6, 5, 4, 3, 2, 1, 0]","[8, 7, 6, 5, 4, 3, 2, 1, 2, 1]","[8, 7, 6, 5, 4, 3, 2, 1, 2, 3]","[8, 7, 6, 5, 4, 3, 2, 1, 0]","[20, 4, 3, 8, 13, 18, 23, 22, 21, 16, 15]","[20, 4, 3, 2, 3, 4, 3, 2, 3, 4, 3]","[20, 4, 9, 14, 19, 18, 23, 22, 21, 20]","[20, 4, 9, 8, 13, 12, 17, 16, 21, 16, 15]","[20, 4, 9, 8, 7, 6, 11, 16, 21, 22, 23]","[20, 4, 9, 8, 13, 12, 11, 16, 21, 20]"
75.88,4,1,2,42,215,14,C8,20,4,0.4783020833333333,8,0,1,2.962057241767644,2.4,7.0,4.0,0,0,0,1,0,1,1,7,3,0,1,0,2,7,0,1,0,1,1,4,2,0,1,0,"[8, 7, 6, 5, 4, 3, 4, 3, 2, 1]","[8, 7, 6, 7, 8, 7, 8, 7, 8, 7]","[8, 7, 6, 5, 4, 3, 2, 1, 2, 3]","[8, 7, 6, 5, 4, 3, 2, 1, 0]","[8, 7, 6, 5, 4, 3, 2, 1, 2, 1]","[8, 7, 6, 5, 4, 3, 2, 1, 0]","[4, 20, 21, 22, 23, 24, 19, 24, 19, 14, 9]","[4, 20, 15, 10, 15, 20, 15, 20, 15, 20, 15]","[4, 20, 15, 10, 5, 6, 7, 8, 9, 14, 19]","[4, 20, 21, 22, 23, 24, 19, 14, 9, 4]","[4, 20, 15, 16, 17, 18, 19, 14, 9, 8, 3]","[4, 20, 21, 22, 23, 24, 19, 14, 9, 4]"
75.8,4,4,0,42,230,3,C6,14,0,0.5106020833333333,6,0,1,3.353948346972465,4.0,6.0,5.0,0,0,1,0,0,1,4,8,0,4,4,0,0,6,1,2,2,1,3,5,0,3,3,0,"[6, 5, 4, 3, 2, 1, 2, 3, 4]","[6, 7, 8, 7, 8, 7, 8, 7, 8]","[6, 5, 4, 3, 2, 1, 0]","[6, 5, 4, 3, 4, 5, 4, 5, 4]","[6, 5, 4, 3, 2, 3, 2, 3, 4]","[6, 5, 4, 3, 2, 1, 0]","[0, 14, 9, 8, 7, 6, 5, 10, 15, 16]","[0, 14, 19, 24, 19, 24, 19, 24, 19, 24]","[0, 14, 13, 12, 11, 10, 5, 0]","[0, 14, 13, 12, 11, 16, 21, 20, 21, 20]","[0, 14, 13, 12, 11, 10, 11, 10, 15, 20]","[0, 14, 13, 12, 11, 10, 5, 0]"
75.8,4,1,0,321,375,6,C8,20,4,0.83061875,8,0,1,1.4530920296609393,4.0,7.0,4.0,0,0,1,0,0,1,4,8,0,4,4,0,3,7,1,3,3,1,2,4,0,2,2,0,"[8, 7, 6, 5, 4, 3, 4, 3, 4]","[8, 7, 8, 7, 8, 7, 8, 7, 8]","[8, 7, 6, 5, 4, 3, 2, 1, 0]","[8, 7, 6, 5, 4, 3, 4, 3, 4]","[8, 7, 6, 5, 4, 3, 4, 3, 4]","[8, 7, 6, 5, 4, 3, 2, 1, 0]","[4, 20, 21, 22, 23, 24, 19, 24, 19, 24]","[4, 20, 21, 20, 21, 20, 21, 20, 21, 20]","[4, 20, 21, 16, 11, 6, 7, 8, 9, 4]","[4, 20, 21, 22, 23, 24, 19, 24, 19, 24]","[4, 20, 21, 22, 23, 24, 19, 24, 19, 24]","[4, 20, 21, 16, 11, 6, 7, 2, 3, 4]"
75.6,5,1,1,123,95,9,C6,4,10,0.21338125,6,0,1,3.1606426916519794,3.0,4.0,3.0,0,0,0,0,0,1,3,5,3,1,3,0,0,4,0,0,0,1,2,3,2,1,2,0,"[6, 5, 4, 3, 4, 5, 4, 3]","[6, 5, 4, 5, 4, 3, 4, 5]","[6, 5, 4, 5, 6, 5, 4, 3]","[6, 5, 4, 3, 4, 3, 2, 1]","[6, 5, 4, 3, 2, 1, 2, 3]","[6, 5, 4, 3, 2, 1, 0]","[10, 4, 3, 8, 13, 14, 19, 18, 17]","[10, 4, 3, 8, 3, 8, 13, 8, 3]","[10, 4, 9, 14, 19, 24, 23, 22, 21]","[10, 4, 9, 14, 13, 18, 17, 16, 15]","[10, 4, 3, 2, 1, 6, 11, 16, 21]","[10, 4, 9, 8, 13, 12, 11, 10]"
75.36,4,3,1,42,275,3,C6,15,3,0.6092479166666667,6,0,1,3.1502190663913883,2.8,8.0,5.0,0,0,0,0,1,1,3,7,3,1,0,0,1,8,0,0,1,1,3,5,3,2,0,0,"[6, 5, 4, 5, 4, 5, 4, 3, 2, 3]","[6, 7, 6, 7, 6, 7, 6, 7, 6, 7]","[6, 5, 4, 3, 2, 1, 2, 3, 2, 3]","[6, 5, 6, 5, 4, 5, 4, 3, 2, 1]","[6, 5, 4, 3, 2, 1, 0]","[6, 5, 4, 3, 2, 1, 0]","[3, 15, 16, 17, 22, 23, 24, 19, 14, 9, 14]","[3, 15, 20, 15, 20, 15, 20, 15, 20, 15, 20]","[3, 15, 10, 5, 6, 7, 8, 9, 14, 13, 18]","[3, 15, 16, 21, 22, 23, 24, 19, 14, 9, 4]","[3, 15, 16, 17, 18, 13, 8, 3]","[3, 15, 16, 17, 18, 13, 8, 3]"
75.36,4,2,1,123,300,8,C8,0,24,0.6637708333333333,8,0,1,3.951110085256397,2.8,6.0,3.0,1,0,0,0,0,1,0,5,1,5,3,0,1,6,2,0,3,1,0,3,1,3,2,0,"[8, 7, 6, 5, 4, 3, 2, 1, 0]","[8, 7, 6, 7, 6, 7, 6, 7, 6, 5]","[8, 7, 6, 5, 4, 3, 2, 1, 2, 1]","[8, 7, 6, 5, 4, 3, 2, 3, 4, 5]","[8, 7, 6, 5, 4, 3, 2, 3, 4, 3]","[8, 7, 6, 5, 4, 3, 2, 1, 0]","[24, 0, 5, 6, 7, 8, 13, 18, 19, 24]","[24, 0, 1, 6, 1, 6, 1, 6, 1, 6, 11]","[24, 0, 1, 2, 3, 8, 13, 18, 23, 18, 23]","[24, 0, 1, 2, 3, 8, 13, 18, 17, 16, 15]","[24, 0, 5, 10, 11, 12, 13, 14, 13, 12, 13]","[24, 0, 5, 10, 15, 16, 17, 18, 19, 24]"
75.36,5,1,0,321,160,19,C6,1,23,0.3590625,6,0,1,2.894141050378481,2.8,5.0,3.0,0,0,0,0,0,1,2,6,2,2,2,0,0,5,0,0,0,1,1,3,1,1,1,0,"[6, 5, 4, 5, 4, 3, 2]","[6, 7, 6, 7, 6, 7, 6]","[6, 5, 4, 5, 4, 3, 2]","[6, 5, 4, 3, 2, 1, 2]","[6, 5, 4, 3, 2, 1, 2]","[6, 5, 4, 3, 2, 1, 0]","[23, 1, 2, 3, 4, 9, 14, 19]","[23, 1, 0, 1, 0, 1, 0, 1]","[23, 1, 2, 3, 4, 9, 14, 13]","[23, 1, 6, 7, 12, 13, 18, 19]","[23, 1, 2, 7, 12, 17, 18, 19]","[23, 1, 2, 7, 8, 13, 18, 23]"
75.36,4,1,1,123,335,8,C8,0,24,0.74025,8,0,1,2.42597163465619,2.8,7.0,4.0,1,0,0,0,0,1,0,7,1,3,3,0,1,7,1,1,0,1,0,4,1,2,2,0,"[8, 7, 6, 5, 4, 3, 2, 1, 0]","[8, 7, 6, 7, 6, 7, 6, 7, 6, 7]","[8, 7, 6, 5, 4, 3, 2, 1, 2, 1]","[8, 7, 6, 5, 4, 3, 2, 3, 2, 3]","[8, 7, 6, 5, 4, 3, 2, 1, 2, 3]","[8, 7, 6, 5, 4, 3, 2, 1, 0]","[24, 0, 5, 6, 7, 8, 9, 14, 19, 24]","[24, 0, 1, 6, 1, 6, 1, 6, 1, 6, 1]","[24, 0, 1, 2, 7, 12, 17, 22, 23, 18, 23]","[24, 0, 1, 2, 3, 8, 13, 18, 17, 22, 17]","[24, 0, 5, 10, 11, 12, 17, 18, 19, 14, 13]","[24, 0, 1, 6, 11, 12, 13, 14, 19, 24]"
75.32,4,4,0,123,305,9,C6,16,4,0.67470625,6,0,1,3.210678438792625,3.6,7.0,4.0,1,0,0,0,0,1,0,6,4,4,4,0,1,7,0,0,1,1,0,4,3,3,3,0,"[6, 5, 4, 3, 2, 1, 0]","[6, 7, 6, 7, 6, 7, 6, 7, 6]","[6, 5, 4, 3, 2, 1, 2, 3, 4]","[6, 5, 4, 3, 2, 1, 2, 3, 4]","[6, 5, 4, 3, 2, 3, 4, 3, 4]","[6, 5, 4, 3, 2, 1, 0]","[4, 16, 11, 12, 7, 8, 9, 4]","[4, 16, 21, 16, 21, 16, 21, 16, 21, 16]","[4, 16, 11, 6, 7, 8, 9, 14, 19, 18]","[4, 16, 11, 6, 7, 8, 9, 14, 19, 18]","[4, 16, 17, 18, 13, 8, 7, 6, 1, 6]","[4, 16, 17, 12, 7, 2, 3, 4]"
75.32,4,3,0,321,300,13,C8,0,24,0.666675,8,0,1,1.2119353176727885,3.6,4.0,3.0,0,0,1,0,0,1,5,5,0,5,3,0,0,4,1,0,1,1,3,3,0,3,2,0,"[8, 7, 6, 5, 4, 3, 2, 3, 4, 5]","[8, 7, 6, 7, 6, 5, 4, 5, 4, 5]","[8, 7, 6, 5, 4, 3, 2, 1, 0]","[8, 7, 6, 5, 4, 3, 2, 3, 4, 5]","[8, 7, 6, 5, 4, 3, 2, 3, 4, 3]","[8, 7, 6, 5, 4, 3, 2, 1, 0]","[24, 0, 1, 2, 3, 8, 13, 18, 17, 12, 11]","[24, 0, 1, 6, 1, 2, 3, 4, 3, 4, 3]","[24, 0, 1, 2, 3, 8, 13, 18, 19, 24]","[24, 0, 1, 2, 3, 8, 13, 18, 17, 12, 11]","[24, 0, 1, 6, 11, 12, 13, 14, 9, 4, 9]","[24, 0, 1, 6, 7, 8, 9, 14, 19, 24]"
75.12,5,3,2,321,135,10,C6,4,10,0.3032708333333333,8,1,2,3.467058352231978,2.6,7.0,4.0,0,0,0,0,0,1,1,5,1,3,3,0,1,7,0,2,3,2,2,4,2,3,3,1,"[6, 5, 4, 3, 4, 3, 2, 1, 2, 1]","[6, 5, 6, 5, 6, 5, 6, 5, 4, 5]","[6, 5, 4, 3, 4, 3, 2, 3, 2, 1]","[6, 5, 4, 3, 2, 1, 2, 3, 2, 3]","[6, 5, 4, 3, 2, 3, 4, 3, 2, 3]","[6, 5, 4, 3, 2, 3, 2, 1, 0]","[10, 4, 9, 14, 13, 8, 13, 12, 11, 6, 5]","[10, 4, 3, 4, 3, 4, 3, 4, 3, 2, 3]","[10, 4, 3, 8, 13, 18, 17, 16, 21, 20, 15]","[10, 4, 3, 8, 7, 12, 11, 16, 21, 16, 21]","[10, 4, 9, 14, 13, 12, 17, 18, 13, 12, 17]","[10, 4, 3, 2, 1, 0, 1, 6, 5, 10]"
74.88,4,1,2,42,320,1,C8,24,0,0.7077770833333333,8,0,1,3.1488391223996866,2.4,6.0,4.0,1,0,0,0,0,1,0,7,3,1,1,0,1,6,0,0,0,1,0,4,2,1,1,0,"[8, 7, 6, 5, 4, 3, 2, 1, 0]","[8, 7, 8, 7, 8, 7, 6, 7, 6, 7]","[8, 7, 6, 5, 4, 3, 2, 1, 2, 3]","[8, 7, 6, 5, 4, 3, 2, 1, 2, 1]","[8, 7, 6, 5, 4, 3, 2, 1, 2, 1]","[8, 7, 6, 5, 4, 3, 2, 1, 0]","[0, 24, 19, 14, 9, 8, 7, 6, 5, 0]","[0, 24, 19, 24, 19, 24, 23, 18, 23, 18, 23]","[0, 24, 19, 14, 9, 8, 7, 6, 1, 2, 3]","[0, 24, 19, 14, 9, 8, 3, 2, 1, 6, 5]","[0, 24, 23, 18, 17, 12, 7, 2, 1, 6, 5]","[0, 24, 23, 18, 13, 8, 7, 6, 5, 0]"
74.84,4,1,0,123,280,7,C8,24,0,0.6202104166666667,8,0,1,0.3977040998339638,3.2,7.0,4.0,0,0,0,1,0,1,4,8,2,0,2,0,0,7,0,1,0,1,2,4,1,0,1,0,"[8, 7, 6, 5, 4, 3, 2, 3, 4]","[8, 7, 8, 7, 8, 7, 8, 7, 8]","[8, 7, 6, 5, 4, 3, 2, 1, 2]","[8, 7, 6, 5, 4, 3, 2, 1, 0]","[8, 7, 6, 5, 4, 3, 2, 1, 2]","[8, 7, 6, 5, 4, 3, 2, 1, 0]","[0, 24, 23, 22, 21, 20, 15, 10, 11, 12]","[0, 24, 19, 24, 19, 24, 19, 24, 19, 24]","[0, 24, 23, 22, 21, 16, 11, 6, 1, 2]","[0, 24, 19, 18, 17, 16, 15, 10, 5, 0]","[0, 24, 19, 14, 9, 8, 7, 6, 5, 10]","[0, 24, 23, 18, 13, 8, 7, 2, 1, 0]"
74.84,5,3,0,42,55,8,C7,0,23,0.1240791666666666,9,1,3,1.62021765744686,3.2,6.0,3.0,0,0,0,0,0,1,4,4,2,4,2,0,3,6,1,5,2,3,3,3,2,3,2,1,"[7, 6, 5, 4, 3, 4, 3, 4, 5, 4]","[7, 6, 5, 6, 5, 4, 5, 4, 5, 4]","[7, 6, 5, 4, 3, 2, 3, 4, 3, 2]","[7, 6, 5, 4, 3, 4, 5, 4, 3, 4]","[7, 6, 5, 4, 3, 2, 3, 2, 3, 2]","[7, 6, 5, 4, 3, 2, 1, 2, 1, 0]","[23, 0, 1, 2, 7, 8, 3, 8, 3, 4, 3]","[23, 0, 5, 10, 5, 10, 15, 10, 15, 10, 15]","[23, 0, 1, 6, 11, 12, 17, 12, 7, 8, 13]","[23, 0, 5, 10, 11, 12, 11, 10, 11, 12, 11]","[23, 0, 1, 2, 3, 8, 13, 12, 13, 12, 17]","[23, 0, 5, 6, 11, 16, 21, 22, 21, 22, 23]"
74.84,4,1,0,42,270,4,C8,20,4,0.59819375,8,0,1,2.3904243804216385,3.2,7.0,4.0,1,0,0,0,0,1,0,8,2,4,2,0,1,7,0,0,0,1,0,4,1,2,1,0,"[8, 7, 6, 5, 4, 3, 2, 1, 0]","[8, 7, 8, 7, 8, 7, 8, 7, 8]","[8, 7, 6, 5, 4, 3, 4, 3, 2]","[8, 7, 6, 5, 4, 3, 2, 3, 4]","[8, 7, 6, 5, 4, 3, 2, 1, 2]","[8, 7, 6, 5, 4, 3, 2, 1, 0]","[4, 20, 21, 22, 23, 24, 19, 14, 9, 4]","[4, 20, 15, 20, 15, 20, 15, 20, 15, 20]","[4, 20, 21, 22, 17, 18, 13, 12, 7, 8]","[4, 20, 21, 22, 23, 18, 13, 8, 7, 6]","[4, 20, 21, 22, 17, 18, 13, 8, 3, 2]","[4, 20, 21, 22, 23, 24, 19, 14, 9, 4]"
74.36,4,1,0,123,385,15,C8,20,4,0.8498958333333333,8,0,1,4.329031463496387,2.8,7.0,4.0,0,0,1,0,0,1,2,8,0,2,2,0,0,7,1,0,0,1,1,4,0,1,1,0,"[8, 7, 6, 5, 4, 3, 2, 1, 2]","[8, 7, 8, 7, 8, 7, 8, 7, 8]","[8, 7, 6, 5, 4, 3, 2, 1, 0]","[8, 7, 6, 5, 4, 3, 2, 1, 2]","[8, 7, 6, 5, 4, 3, 2, 1, 2]","[8, 7, 6, 5, 4, 3, 2, 1, 0]","[4, 20, 15, 16, 17, 12, 13, 8, 3, 2]","[4, 20, 15, 20, 15, 20, 15, 20, 15, 20]","[4, 20, 15, 16, 11, 6, 7, 8, 9, 4]","[4, 20, 21, 16, 11, 6, 7, 8, 9, 14]","[4, 20, 15, 16, 11, 12, 13, 8, 3, 2]","[4, 20, 21, 22, 17, 18, 13, 8, 3, 4]"
74.36,4,1,0,321,275,2,C8,0,24,0.6114479166666666,8,0,1,1.5228821096643794,2.8,7.0,4.0,0,0,0,1,0,1,2,8,2,0,2,0,0,7,1,1,0,1,1,4,1,0,1,0,"[8, 7, 6, 5, 4, 3, 2, 1, 2]","[8, 7, 8, 7, 8, 7, 8, 7, 8]","[8, 7, 6, 5, 4, 3, 2, 3, 2]","[8, 7, 6, 5, 4, 3, 2, 1, 0]","[8, 7, 6, 5, 4, 3, 2, 1, 2]","[8, 7, 6, 5, 4, 3, 2, 1, 0]","[24, 0, 1, 2, 3, 8, 13, 18, 23, 22]","[24, 0, 1, 0, 1, 0, 1, 0, 1, 0]","[24, 0, 1, 2, 7, 12, 17, 22, 21, 22]","[24, 0, 5, 6, 7, 12, 13, 18, 23, 24]","[24, 0, 1, 6, 11, 16, 17, 18, 19, 14]","[24, 0, 5, 6, 7, 8, 9, 14, 19, 24]"
74.36,4,2,0,42,275,5,C7,0,23,0.6092791666666667,7,0,1,2.512513766229152,2.8,8.0,4.0,0,0,0,1,0,1,4,6,2,0,2,0,3,8,2,1,1,1,3,4,2,0,2,0,"[7, 6, 5, 4, 5, 4, 3, 4, 3, 4]","[7, 6, 7, 6, 7, 6, 7, 6, 7, 6]","[7, 6, 5, 4, 3, 2, 3, 2, 1, 2]","[7, 6, 5, 4, 3, 2, 1, 0]","[7, 6, 5, 4, 3, 2, 1, 2, 3, 2]","[7, 6, 5, 4, 3, 2, 1, 0]","[23, 0, 1, 2, 3, 4, 3, 8, 3, 8, 7]","[23, 0, 5, 0, 5, 0, 5, 0, 5, 0, 5]","[23, 0, 1, 2, 7, 12, 17, 12, 17, 18, 13]","[23, 0, 5, 10, 11, 16, 21, 22, 23]","[23, 0, 1, 6, 11, 16, 17, 18, 19, 14, 19]","[23, 0, 1, 6, 11, 16, 21, 22, 23]"
74.36,4,1,0,321,245,8,C8,0,24,0.5455395833333333,8,0,1,2.770167321495711,2.8,7.0,4.0,1,0,0,0,0,1,0,8,2,2,2,0,1,7,1,0,0,1,0,4,1,1,1,0,"[8, 7, 6, 5, 4, 3, 2, 1, 0]","[8, 7, 8, 7, 8, 7, 8, 7, 8]","[8, 7, 6, 7, 6, 5, 4, 3, 2]","[8, 7, 6, 5, 4, 3, 4, 3, 2]","[8, 7, 6, 5, 4, 3, 2, 1, 2]","[8, 7, 6, 5, 4, 3, 2, 1, 0]","[24, 0, 1, 2, 3, 4, 9, 14, 19, 24]","[24, 0, 1, 0, 1, 0, 1, 0, 1, 0]","[24, 0, 1, 6, 1, 2, 7, 8, 13, 18]","[24, 0, 5, 6, 7, 8, 13, 12, 17, 18]","[24, 0, 1, 6, 11, 16, 17, 18, 19, 14]","[24, 0, 1, 6, 7, 8, 9, 14, 19, 24]"
74.36,4,2,0,123,250,17,C7,24,5,0.5548375,7,0,1,2.8628593643903724,2.8,8.0,4.0,0,0,0,1,0,1,2,6,2,0,4,0,1,8,2,1,4,1,2,4,2,0,3,0,"[7, 6, 5, 4, 3, 4, 3, 2, 1, 2]","[7, 6, 7, 6, 7, 6, 7, 6, 7, 6]","[7, 6, 5, 4, 3, 2, 1, 2, 1, 2]","[7, 6, 5, 4, 3, 2, 1, 0]","[7, 6, 5, 4, 3, 4, 3, 2, 3, 4]","[7, 6, 5, 4, 3, 2, 1, 0]","[5, 24, 19, 14, 9, 8, 3, 2, 1, 0, 1]","[5, 24, 19, 24, 19, 24, 19, 24, 19, 24, 19]","[5, 24, 23, 22, 21, 16, 11, 6, 1, 6, 1]","[5, 24, 19, 18, 17, 16, 11, 10, 5]","[5, 24, 23, 22, 21, 16, 21, 16, 11, 16, 21]","[5, 24, 23, 18, 13, 12, 7, 6, 5]"
74.36,4,1,0,42,235,25,C8,24,0,0.5216395833333334,8,0,1,3.787334864556789,2.8,7.0,4.0,0,0,0,1,0,1,2,8,2,0,2,0,1,7,0,1,0,1,1,4,1,0,1,0,"[8, 7, 6, 5, 4, 3, 2, 1, 2]","[8, 7, 8, 7, 8, 7, 8, 7, 8]","[8, 7, 6, 5, 4, 3, 2, 1, 2]","[8, 7, 6, 5, 4, 3, 2, 1, 0]","[8, 7, 6, 5, 4, 3, 2, 1, 2]","[8, 7, 6, 5, 4, 3, 2, 1, 0]","[0, 24, 19, 14, 9, 8, 7, 6, 5, 6]","[0, 24, 19, 24, 19, 24, 19, 24, 19, 24]","[0, 24, 19, 18, 17, 16, 15, 10, 5, 6]","[0, 24, 19, 14, 9, 8, 7, 6, 5, 0]","[0, 24, 19, 14, 13, 8, 7, 6, 5, 10]","[0, 24, 19, 14, 9, 8, 7, 6, 5, 0]"
74.32,4,1,0,123,175,4,C8,4,20,0.3902770833333333,8,0,1,2.6356738511174904,3.6,6.0,4.0,0,0,1,0,0,1,4,8,0,4,2,0,1,6,1,0,0,1,2,4,0,2,1,0,"[8, 7, 6, 5, 4, 3, 4, 3, 4]","[8, 7, 6, 7, 8, 7, 8, 7, 8]","[8, 7, 6, 5, 4, 3, 2, 1, 0]","[8, 7, 6, 5, 4, 3, 2, 3, 4]","[8, 7, 6, 5, 4, 3, 2, 1, 2]","[8, 7, 6, 5, 4, 3, 2, 1, 0]","[20, 4, 3, 2, 7, 12, 17, 18, 23, 18]","[20, 4, 9, 14, 9, 4, 9, 4, 9, 4]","[20, 4, 9, 14, 19, 18, 17, 16, 15, 20]","[20, 4, 9, 14, 19, 18, 17, 16, 11, 6]","[20, 4, 9, 8, 7, 12, 11, 16, 21, 22]","[20, 4, 9, 14, 13, 12, 11, 10, 15, 20]"
74.12,5,0,1,321,15,14,C7,15,4,0.0346729166666666,7,0,1,5.193978801906108,2.6,3.0,2.0,0,0,0,0,0,1,3,3,3,1,3,0,1,2,3,1,2,1,2,2,2,1,2,0,"[7, 6, 5, 4, 3, 4, 3, 2, 3]","[7, 6, 7, 6, 5, 4, 3, 2, 3]","[7, 6, 5, 6, 5, 4, 3, 2, 3]","[7, 6, 5, 4, 3, 4, 3, 2, 1]","[7, 6, 5, 4, 3, 2, 3, 2, 3]","[7, 6, 5, 4, 3, 2, 1, 0]","[4, 15, 16, 17, 12, 13, 12, 7, 2, 1]","[4, 15, 10, 15, 16, 11, 12, 7, 8, 7]","[4, 15, 10, 5, 10, 5, 6, 1, 2, 1]","[4, 15, 10, 5, 6, 1, 6, 7, 8, 3]","[4, 15, 10, 5, 0, 1, 2, 7, 2, 1]","[4, 15, 16, 11, 12, 7, 8, 9, 4]"
73.84,4,2,0,123,295,8,C8,0,24,0.65303125,8,0,1,2.3758434218987814,3.2,5.0,3.0,0,0,1,0,0,1,3,5,0,5,3,0,0,5,1,0,0,1,2,3,0,3,2,0,"[8, 7, 6, 5, 4, 3, 2, 1, 2, 3]","[8, 7, 6, 7, 8, 7, 6, 5, 4, 5]","[8, 7, 6, 5, 4, 3, 2, 1, 0]","[8, 7, 6, 5, 4, 3, 2, 3, 4, 5]","[8, 7, 6, 5, 4, 3, 2, 1, 2, 3]","[8, 7, 6, 5, 4, 3, 2, 1, 0]","[24, 0, 5, 10, 11, 12, 13, 18, 23, 22, 21]","[24, 0, 5, 10, 5, 0, 5, 10, 15, 20, 15]","[24, 0, 1, 2, 3, 8, 9, 14, 19, 24]","[24, 0, 1, 2, 3, 8, 13, 18, 17, 16, 15]","[24, 0, 5, 10, 11, 16, 17, 18, 19, 14, 9]","[24, 0, 5, 10, 15, 16, 21, 22, 23, 24]"
73.84,4,3,1,123,270,1,C6,2,24,0.59845625,6,0,1,2.5088174292941883,3.2,7.0,4.0,1,0,0,0,0,1,0,5,5,5,1,0,1,7,3,0,0,1,0,4,4,4,2,0,"[6, 5, 4, 3, 2, 1, 0]","[6, 5, 6, 5, 6, 5, 4, 5, 4, 5]","[6, 5, 4, 3, 4, 3, 4, 5, 4, 5]","[6, 5, 4, 3, 2, 1, 2, 3, 4, 5]","[6, 5, 4, 5, 4, 3, 2, 1, 2, 1]","[6, 5, 4, 3, 2, 1, 0]","[24, 2, 7, 8, 13, 18, 19, 24]","[24, 2, 7, 2, 7, 2, 7, 12, 7, 12, 7]","[24, 2, 7, 12, 17, 16, 21, 16, 11, 16, 11]","[24, 2, 3, 8, 13, 18, 23, 22, 21, 20, 15]","[24, 2, 7, 12, 11, 16, 21, 22, 23, 18, 19]","[24, 2, 3, 4, 9, 14, 19, 24]"
73.4,4,3,2,321,375,12,C6,10,4,0.8306895833333333,6,0,1,5.87935026705265,2.0,7.0,4.0,1,0,0,0,0,1,0,5,3,1,1,0,1,7,1,4,0,1,0,4,3,2,2,0,"[6, 5, 4, 3, 2, 1, 0]","[6, 5, 6, 5, 6, 5, 6, 5, 4, 5]","[6, 5, 4, 3, 2, 1, 2, 3, 4, 3]","[6, 5, 4, 3, 2, 1, 2, 1, 2, 1]","[6, 5, 6, 7, 6, 5, 4, 3, 2, 1]","[6, 5, 4, 3, 2, 1, 0]","[4, 10, 5, 0, 1, 2, 3, 4]","[4, 10, 11, 10, 11, 10, 11, 10, 11, 12, 11]","[4, 10, 11, 6, 7, 8, 9, 14, 19, 24, 19]","[4, 10, 5, 6, 7, 8, 3, 8, 3, 8, 3]","[4, 10, 11, 16, 21, 22, 23, 24, 19, 14, 9]","[4, 10, 11, 6, 7, 8, 3, 4]"
73.36,5,0,0,42,170,1,C7,21,4,0.3791208333333333,7,0,1,2.1374467169642437,2.8,3.0,2.0,0,0,0,0,0,1,4,4,2,2,2,0,0,3,0,2,0,1,2,2,1,1,1,0,"[7, 6, 5, 4, 3, 2, 3, 4]","[7, 6, 5, 4, 3, 4, 3, 4]","[7, 6, 5, 4, 3, 2, 1, 2]","[7, 6, 7, 6, 5, 4, 3, 2]","[7, 6, 5, 4, 3, 2, 1, 2]","[7, 6, 5, 4, 3, 2, 1, 0]","[4, 21, 22, 17, 12, 13, 8, 7, 6]","[4, 21, 16, 11, 6, 1, 6, 1, 6]","[4, 21, 16, 11, 6, 7, 8, 9, 14]","[4, 21, 22, 21, 22, 23, 18, 13, 8]","[4, 21, 22, 17, 18, 13, 8, 3, 2]","[4, 21, 22, 23, 24, 19, 14, 9, 4]"
73.36,4,1,0,123,195,4,C8,4,20,0.4336020833333333,8,0,1,4.524844827473162,2.8,6.0,4.0,0,0,0,0,1,1,2,8,2,2,0,0,1,6,2,0,1,1,1,4,1,1,0,0,"[8, 7, 6, 5, 6, 5, 4, 3, 2]","[8, 7, 8, 7, 6, 7, 8, 7, 8]","[8, 7, 6, 5, 4, 3, 2, 3, 2]","[8, 7, 6, 5, 4, 3, 2, 1, 2]","[8, 7, 6, 5, 4, 3, 2, 1, 0]","[8, 7, 6, 5, 4, 3, 2, 1, 0]","[20, 4, 9, 14, 13, 14, 19, 24, 23, 22]","[20, 4, 9, 4, 9, 14, 9, 4, 9, 4]","[20, 4, 9, 14, 19, 18, 17, 16, 17, 16]","[20, 4, 9, 14, 19, 18, 17, 16, 15, 10]","[20, 4, 3, 2, 7, 6, 11, 16, 21, 20]","[20, 4, 3, 2, 7, 6, 11, 16, 15, 20]"
73.36,4,3,0,42,150,10,C7,20,9,0.3349416666666667,7,0,1,3.2553030168414105,2.8,6.0,3.0,0,0,1,0,0,1,4,4,0,2,4,0,0,6,2,0,0,1,3,3,1,2,3,0,"[7, 6, 5, 4, 3, 2, 1, 2, 3, 4]","[7, 6, 5, 4, 5, 4, 5, 4, 5, 4]","[7, 6, 5, 4, 3, 2, 3, 2, 1, 0]","[7, 6, 5, 4, 3, 2, 1, 2, 1, 2]","[7, 6, 5, 4, 3, 2, 1, 2, 3, 4]","[7, 6, 5, 4, 3, 2, 1, 0]","[9, 20, 21, 22, 23, 18, 13, 8, 3, 2, 1]","[9, 20, 21, 16, 11, 16, 11, 16, 11, 16, 11]","[9, 20, 15, 10, 5, 6, 7, 12, 7, 8, 9]","[9, 20, 21, 22, 23, 24, 19, 14, 13, 8, 3]","[9, 20, 21, 22, 17, 18, 13, 8, 3, 2, 1]","[9, 20, 21, 22, 23, 24, 19, 14, 9]"
73.36,4,3,0,123,200,2,C7,0,23,0.4443541666666666,7,0,1,1.734021074116229,2.8,6.0,3.0,1,0,0,0,0,1,0,4,4,4,2,0,1,6,3,0,0,1,1,3,3,3,2,0,"[7, 6, 5, 4, 3, 4, 3, 2, 1, 0]","[7, 6, 5, 6, 5, 4, 5, 6, 5, 4]","[7, 6, 5, 4, 3, 2, 3, 4, 3, 4]","[7, 6, 5, 4, 3, 2, 1, 2, 3, 4]","[7, 6, 5, 4, 3, 2, 1, 2, 3, 2]","[7, 6, 5, 4, 3, 2, 1, 0]","[23, 0, 5, 6, 7, 8, 9, 14, 19, 24, 23]","[23, 0, 5, 10, 5, 10, 15, 10, 5, 10, 15]","[23, 0, 5, 10, 15, 16, 17, 16, 15, 16, 11]","[23, 0, 1, 2, 3, 8, 13, 18, 17, 16, 15]","[23, 0, 5, 10, 15, 16, 17, 18, 19, 14, 13]","[23, 0, 5, 10, 15, 20, 21, 22, 23]"
73.36,4,4,0,123,165,11,C6,20,2,0.3682916666666667,6,0,1,3.0484127679963904,2.8,6.0,4.0,1,0,0,0,0,1,0,3,5,3,3,0,1,6,0,0,1,1,0,3,4,3,3,0,"[6, 5, 4, 3, 2, 1, 0]","[6, 5, 4, 3, 4, 5, 4, 5, 4, 3]","[6, 5, 4, 3, 2, 1, 2, 3, 4, 5]","[6, 5, 4, 3, 2, 1, 2, 3, 2, 3]","[6, 5, 4, 3, 2, 1, 2, 3, 4, 3]","[6, 5, 4, 3, 2, 1, 0]","[2, 20, 15, 10, 5, 0, 1, 2]","[2, 20, 21, 16, 11, 16, 21, 16, 21, 16, 11]","[2, 20, 21, 16, 11, 6, 7, 8, 9, 14, 19]","[2, 20, 15, 10, 5, 6, 7, 8, 13, 12, 11]","[2, 20, 21, 16, 11, 12, 7, 8, 9, 14, 9]","[2, 20, 21, 22, 17, 12, 7, 2]"
72.88,4,1,2,321,230,3,C7,20,3,0.5126625,7,0,1,4.710753404140471,2.4,7.0,4.0,1,0,0,0,0,1,0,7,1,1,3,0,1,7,0,1,0,1,0,4,1,1,2,0,"[7, 6, 5, 4, 3, 2, 1, 0]","[7, 6, 7, 6, 7, 6, 7, 6, 7]","[7, 6, 5, 4, 3, 2, 1, 2, 1]","[7, 6, 5, 4, 3, 4, 3, 2, 1]","[7, 6, 5, 4, 3, 2, 1, 2, 3]","[7, 6, 5, 4, 3, 2, 1, 0]","[3, 20, 21, 22, 17, 12, 7, 2, 3]","[3, 20, 21, 20, 21, 20, 21, 20, 21, 20]","[3, 20, 21, 16, 17, 12, 7, 8, 9, 4]","[3, 20, 15, 10, 11, 12, 11, 6, 1, 2]","[3, 20, 21, 22, 23, 18, 13, 8, 7, 6]","[3, 20, 21, 22, 17, 12, 7, 2, 3]"
72.84,5,1,0,42,165,10,C6,10,24,0.3681375,6,0,1,3.4755581462879963,3.2,2.0,3.0,0,0,0,0,0,1,2,6,2,4,2,0,0,2,1,0,0,1,1,3,1,2,1,0,"[6, 5, 4, 3, 2, 1, 2]","[6, 7, 8, 7, 6, 7, 6]","[6, 5, 4, 5, 4, 3, 2]","[6, 5, 4, 3, 2, 3, 4]","[6, 5, 4, 3, 2, 1, 2]","[6, 5, 4, 3, 2, 1, 0]","[24, 10, 11, 16, 17, 18, 19, 14]","[24, 10, 5, 0, 1, 6, 1, 6]","[24, 10, 11, 16, 11, 12, 13, 14]","[24, 10, 11, 16, 17, 18, 13, 8]","[24, 10, 11, 16, 17, 18, 19, 14]","[24, 10, 15, 20, 21, 22, 23, 24]"
72.36,4,3,0,123,305,16,C7,1,24,0.6747770833333333,7,0,1,5.125178422570228,2.8,5.0,3.0,0,0,1,0,0,1,4,4,0,4,2,0,0,5,1,0,1,1,3,3,0,3,2,0,"[7, 6, 5, 4, 3, 2, 1, 2, 3, 4]","[7, 6, 5, 4, 3, 4, 3, 4, 3, 4]","[7, 6, 5, 4, 3, 2, 1, 0]","[7, 6, 5, 4, 3, 2, 1, 2, 3, 4]","[7, 6, 5, 4, 3, 2, 1, 2, 3, 2]","[7, 6, 5, 4, 3, 2, 1, 0]","[24, 1, 2, 7, 8, 13, 18, 23, 22, 21, 20]","[24, 1, 6, 11, 16, 21, 16, 21, 16, 21, 16]","[24, 1, 2, 7, 8, 13, 18, 23, 24]","[24, 1, 2, 3, 8, 13, 18, 23, 22, 21, 16]","[24, 1, 6, 11, 12, 17, 18, 19, 14, 13, 14]","[24, 1, 6, 11, 12, 17, 18, 19, 24]"
72.36,4,3,1,123,130,16,C6,22,4,0.2914791666666667,6,0,1,2.917075259685516,2.8,6.0,4.0,0,0,1,0,0,1,1,3,0,5,5,0,1,6,1,2,2,1,2,3,1,4,4,0,"[6, 5, 4, 3, 2, 1, 2, 3, 2, 1]","[6, 5, 6, 5, 6, 5, 4, 3, 4, 3]","[6, 5, 4, 5, 4, 3, 2, 1, 0]","[6, 5, 4, 3, 2, 3, 4, 5, 4, 5]","[6, 5, 4, 3, 4, 3, 4, 5, 4, 5]","[6, 5, 4, 3, 2, 1, 0]","[4, 22, 17, 12, 7, 8, 3, 8, 13, 14, 9]","[4, 22, 17, 22, 17, 22, 17, 12, 7, 12, 7]","[4, 22, 17, 12, 11, 6, 1, 2, 3, 4]","[4, 22, 17, 12, 7, 8, 13, 12, 11, 6, 11]","[4, 22, 17, 12, 7, 6, 1, 6, 5, 6, 11]","[4, 22, 17, 12, 7, 2, 3, 4]"
72.36,4,1,1,321,415,15,C7,0,23,0.91779375,7,0,1,2.945889509260654,2.8,7.0,4.0,0,0,0,1,0,1,3,7,1,0,3,0,0,7,0,1,0,1,2,4,1,0,2,0,"[7, 6, 5, 4, 3, 2, 1, 2, 3]","[7, 6, 7, 6, 7, 6, 7, 6, 7]","[7, 6, 5, 4, 3, 2, 1, 2, 1]","[7, 6, 5, 4, 3, 2, 1, 0]","[7, 6, 5, 4, 3, 2, 1, 2, 3]","[7, 6, 5, 4, 3, 2, 1, 0]","[23, 0, 1, 2, 3, 8, 13, 18, 17, 12]","[23, 0, 1, 0, 1, 0, 1, 0, 1, 0]","[23, 0, 5, 10, 11, 12, 13, 18, 17, 22]","[23, 0, 5, 10, 15, 16, 17, 18, 23]","[23, 0, 1, 6, 11, 16, 17, 18, 19, 14]","[23, 0, 1, 2, 7, 8, 13, 18, 23]"
72.36,4,3,1,321,75,15,C6,16,4,0.1694729166666666,6,0,1,3.4084355301658307,2.8,5.0,5.0,0,0,1,0,0,1,1,7,0,3,3,0,1,5,1,3,0,1,2,5,0,3,3,0,"[6, 7, 6, 5, 4, 3, 4, 3, 2, 1]","[6, 7, 8, 7, 8, 7, 8, 7, 6, 7]","[6, 5, 4, 3, 2, 1, 0]","[6, 5, 4, 3, 4, 3, 2, 1, 2, 3]","[6, 7, 6, 5, 4, 3, 2, 1, 2, 3]","[6, 5, 4, 3, 2, 1, 0]","[4, 16, 15, 10, 5, 6, 7, 6, 1, 2, 3]","[4, 16, 15, 20, 21, 20, 21, 20, 21, 22, 21]","[4, 16, 11, 12, 7, 8, 9, 4]","[4, 16, 11, 12, 13, 12, 7, 8, 9, 8, 13]","[4, 16, 21, 22, 23, 24, 19, 14, 9, 8, 13]","[4, 16, 11, 6, 7, 2, 3, 4]"
72.36,4,3,0,42,30,16,C7,0,23,0.0677791666666666,7,0,1,4.956355147600174,2.8,5.0,3.0,0,0,0,1,0,1,4,4,4,0,2,0,3,2,5,1,1,1,3,3,3,0,2,0,"[7, 6, 5, 4, 3, 4, 3, 4, 5, 4]","[7, 6, 5, 4, 5, 6, 5, 4, 3, 4]","[7, 6, 5, 4, 5, 4, 5, 6, 5, 4]","[7, 6, 5, 4, 3, 2, 1, 0]","[7, 6, 5, 4, 3, 2, 3, 2, 3, 2]","[7, 6, 5, 4, 3, 2, 1, 0]","[23, 0, 1, 2, 3, 8, 9, 8, 9, 4, 9]","[23, 0, 5, 6, 7, 2, 1, 6, 11, 12, 7]","[23, 0, 5, 6, 11, 10, 11, 10, 5, 10, 11]","[23, 0, 5, 10, 11, 16, 21, 22, 23]","[23, 0, 1, 2, 3, 8, 13, 12, 13, 14, 19]","[23, 0, 1, 6, 11, 12, 17, 22, 23]"
72.32,4,2,0,123,195,11,C7,9,20,0.4336916666666666,7,0,1,4.60331171953678,3.6,5.0,4.0,1,0,0,0,0,1,0,7,5,3,3,0,1,5,3,0,1,1,0,4,3,2,2,0,"[7, 6, 5, 4, 3, 2, 1, 0]","[7, 8, 7, 6, 7, 8, 7, 8, 7]","[7, 8, 7, 8, 7, 6, 7, 6, 5]","[7, 6, 5, 4, 3, 2, 1, 2, 3]","[7, 6, 5, 4, 3, 2, 3, 4, 3]","[7, 6, 5, 4, 3, 2, 1, 0]","[20, 9, 14, 19, 18, 23, 22, 21, 20]","[20, 9, 4, 3, 8, 9, 4, 9, 4, 9]","[20, 9, 4, 3, 4, 3, 8, 9, 14, 13]","[20, 9, 14, 19, 18, 17, 16, 15, 10, 5]","[20, 9, 8, 7, 6, 11, 10, 5, 0, 5]","[20, 9, 8, 7, 6, 11, 16, 21, 20]"
72.16,5,0,3,321,70,10,C6,23,1,0.1581604166666666,6,0,1,3.5718460879723226,1.8,3.0,2.0,0,0,0,0,0,1,1,3,1,1,3,0,0,3,2,1,1,1,1,2,1,1,2,0,"[6, 5, 4, 3, 2, 1, 2, 1]","[6, 5, 4, 5, 4, 3, 4, 3]","[6, 5, 4, 5, 4, 3, 2, 1]","[6, 5, 4, 3, 2, 3, 2, 1]","[6, 5, 4, 3, 2, 3, 2, 3]","[6, 5, 4, 3, 2, 1, 0]","[1, 23, 18, 17, 16, 11, 6, 5, 0]","[1, 23, 18, 17, 18, 17, 16, 15, 16]","[1, 23, 22, 17, 22, 17, 12, 7, 2]","[1, 23, 18, 13, 12, 11, 12, 7, 6]","[1, 23, 18, 13, 8, 7, 12, 11, 12]","[1, 23, 18, 13, 8, 3, 2, 1]"
71.88,4,1,0,123,320,11,C8,0,24,0.7074291666666667,8,0,1,2.200680951371788,2.4,6.0,3.0,1,0,0,0,0,1,0,6,2,2,2,0,1,6,1,1,0,1,0,3,1,1,1,0,"[8, 7, 6, 5, 4, 3, 2, 1, 0]","[8, 7, 6, 7, 6, 7, 6, 7, 6]","[8, 7, 6, 5, 4, 3, 2, 1, 2]","[8, 7, 6, 5, 4, 3, 2, 1, 2]","[8, 7, 6, 5, 4, 3, 2, 1, 2]","[8, 7, 6, 5, 4, 3, 2, 1, 0]","[24, 0, 1, 2, 3, 8, 9, 14, 19, 24]","[24, 0, 1, 6, 1, 6, 1, 6, 1, 6]","[24, 0, 1, 2, 3, 8, 13, 18, 23, 18]","[24, 0, 1, 2, 3, 8, 13, 18, 23, 18]","[24, 0, 5, 10, 15, 16, 17, 18, 19, 14]","[24, 0, 1, 2, 3, 4, 9, 14, 19, 24]"
71.88,4,1,1,42,175,10,C8,24,0,0.3903354166666666,8,0,1,2.234826356887816,2.4,5.0,3.0,1,0,0,0,0,1,0,5,1,3,3,0,1,5,0,0,0,1,0,3,1,2,2,0,"[8, 7, 6, 5, 4, 3, 2, 1, 0]","[8, 7, 6, 5, 6, 5, 4, 5, 4, 5]","[8, 7, 6, 5, 4, 3, 2, 1, 2, 1]","[8, 7, 6, 5, 4, 3, 2, 1, 2, 3]","[8, 7, 6, 5, 4, 3, 2, 1, 2, 3]","[8, 7, 6, 5, 4, 3, 2, 1, 0]","[0, 24, 19, 14, 9, 4, 3, 2, 1, 0]","[0, 24, 19, 14, 9, 14, 9, 4, 9, 4, 9]","[0, 24, 19, 18, 17, 16, 15, 10, 5, 6, 1]","[0, 24, 19, 14, 9, 8, 7, 6, 5, 10, 15]","[0, 24, 19, 14, 9, 8, 7, 6, 5, 10, 15]","[0, 24, 23, 18, 13, 12, 11, 10, 5, 0]"
71.36,4,3,0,123,95,6,C7,1,24,0.2133416666666666,7,0,1,1.595237570047378,2.8,4.0,3.0,1,0,0,0,0,1,0,4,4,4,2,0,1,4,2,0,2,1,0,3,3,3,2,0,"[7, 6, 5, 4, 3, 2, 1, 0]","[7, 6, 7, 6, 7, 6, 5, 6, 5, 4]","[7, 8, 7, 6, 5, 4, 5, 4, 3, 4]","[7, 6, 5, 4, 3, 2, 1, 2, 3, 4]","[7, 6, 5, 6, 5, 4, 3, 4, 3, 2]","[7, 6, 5, 4, 3, 2, 1, 0]","[24, 1, 2, 3, 4, 9, 14, 19, 24]","[24, 1, 6, 1, 6, 1, 2, 7, 2, 3, 8]","[24, 1, 0, 1, 6, 7, 12, 11, 12, 17, 16]","[24, 1, 2, 3, 4, 9, 14, 19, 18, 17, 16]","[24, 1, 2, 7, 6, 11, 16, 21, 16, 21, 22]","[24, 1, 2, 3, 4, 9, 14, 19, 24]"
71.36,4,2,1,123,55,9,C7,21,4,0.1248416666666666,7,0,1,2.794330065488815,2.8,4.0,4.0,0,0,1,0,0,1,1,3,0,7,3,0,2,4,1,2,3,1,1,2,0,4,2,0,"[7, 6, 5, 4, 3, 2, 1, 2, 1]","[7, 6, 5, 4, 5, 6, 5, 4, 3]","[7, 6, 5, 4, 3, 2, 1, 0]","[7, 6, 5, 4, 5, 6, 7, 6, 7]","[7, 6, 5, 4, 3, 2, 3, 2, 3]","[7, 6, 5, 4, 3, 2, 1, 0]","[4, 21, 22, 23, 18, 13, 14, 9, 14, 9]","[4, 21, 16, 11, 6, 11, 16, 11, 6, 1]","[4, 21, 22, 17, 12, 7, 2, 3, 4]","[4, 21, 16, 11, 12, 17, 16, 15, 10, 15]","[4, 21, 22, 23, 18, 13, 8, 13, 8, 13]","[4, 21, 16, 11, 6, 1, 2, 3, 4]"
71.36,4,1,0,321,70,7,C8,20,4,0.1581270833333333,8,0,1,0.6631495393514624,2.8,5.0,3.0,1,0,0,0,0,1,0,6,2,4,2,0,1,5,2,3,0,1,0,3,1,2,1,0,"[8, 7, 6, 5, 4, 3, 2, 1, 0]","[8, 7, 8, 7, 6, 7, 8, 7, 6]","[8, 7, 6, 5, 4, 3, 2, 3, 2]","[8, 7, 6, 5, 4, 5, 4, 3, 4]","[8, 7, 6, 5, 4, 3, 2, 1, 2]","[8, 7, 6, 5, 4, 3, 2, 1, 0]","[4, 20, 21, 22, 17, 12, 7, 2, 3, 4]","[4, 20, 21, 20, 21, 16, 21, 20, 15, 16]","[4, 20, 21, 22, 23, 24, 19, 14, 19, 14]","[4, 20, 21, 22, 23, 24, 23, 24, 19, 24]","[4, 20, 21, 22, 23, 24, 19, 14, 9, 8]","[4, 20, 21, 22, 17, 12, 7, 2, 3, 4]"
71.32,5,0,0,321,190,14,C6,10,24,0.42499375,6,0,1,6.006531422038872,3.6,3.0,2.0,0,0,0,0,0,1,4,4,4,4,2,0,0,3,2,1,1,1,2,2,2,2,1,0,"[6, 5, 6, 7, 6, 5, 4]","[6, 5, 6, 5, 4, 5, 4]","[6, 5, 4, 3, 4, 5, 4]","[6, 5, 4, 5, 4, 3, 4]","[6, 5, 4, 5, 4, 3, 2]","[6, 5, 4, 3, 2, 1, 0]","[24, 10, 11, 6, 1, 2, 3, 4]","[24, 10, 11, 10, 15, 16, 15, 16]","[24, 10, 11, 12, 13, 12, 7, 12]","[24, 10, 11, 12, 7, 8, 13, 12]","[24, 10, 11, 12, 11, 16, 21, 22]","[24, 10, 11, 12, 13, 18, 19, 24]"
70.92,4,1,3,42,420,20,C7,24,5,0.92644375,7,0,1,2.908308418631553,1.6,6.0,3.0,1,0,0,0,0,1,0,5,1,1,1,0,1,6,0,1,0,1,0,3,1,1,1,0,"[7, 6, 5, 4, 3, 2, 1, 0]","[7, 6, 5, 6, 5, 6, 5, 6, 5]","[7, 6, 5, 4, 3, 2, 1, 2, 1]","[7, 6, 5, 4, 3, 2, 1, 2, 1]","[7, 6, 5, 4, 3, 4, 3, 2, 1]","[7, 6, 5, 4, 3, 2, 1, 0]","[5, 24, 19, 14, 9, 8, 7, 6, 5]","[5, 24, 23, 18, 23, 18, 23, 18, 23, 18]","[5, 24, 19, 18, 17, 16, 11, 6, 1, 0]","[5, 24, 19, 14, 9, 8, 7, 6, 1, 6]","[5, 24, 19, 14, 9, 8, 3, 2, 1, 0]","[5, 24, 19, 14, 9, 8, 7, 6, 5]"
70.88,4,2,0,123,270,3,C7,9,20,0.5984833333333334,7,0,1,2.927329946100711,2.4,6.0,3.0,0,0,0,0,1,1,4,4,2,2,0,0,1,6,1,1,1,1,3,3,2,2,0,0,"[7, 6, 5, 4, 3, 2, 1, 2, 3, 4]","[7, 6, 5, 6, 7, 6, 5, 4, 5, 4]","[7, 6, 5, 4, 3, 4, 3, 2, 1, 2]","[7, 8, 7, 6, 5, 4, 3, 2, 3, 2]","[7, 6, 5, 4, 3, 2, 1, 0]","[7, 6, 5, 4, 3, 2, 1, 0]","[20, 9, 14, 19, 18, 17, 22, 21, 16, 17, 12]","[20, 9, 14, 19, 14, 9, 14, 19, 24, 19, 24]","[20, 9, 8, 13, 18, 23, 24, 23, 22, 21, 16]","[20, 9, 4, 9, 14, 13, 18, 17, 16, 11, 10]","[20, 9, 8, 7, 6, 11, 16, 21, 20]","[20, 9, 8, 7, 6, 11, 10, 15, 20]"
70.88,4,1,0,42,65,7,C8,0,24,0.1464145833333333,8,0,1,1.6284180808514348,2.4,5.0,3.0,0,0,0,1,0,1,2,6,2,0,2,0,1,5,0,1,2,1,1,3,1,0,1,0,"[8, 7, 6, 5, 4, 3, 4, 3, 2]","[8, 7, 6, 7, 8, 7, 6, 7, 6]","[8, 7, 6, 5, 4, 3, 2, 1, 2]","[8, 7, 6, 5, 4, 3, 2, 1, 0]","[8, 7, 6, 5, 4, 3, 2, 3, 2]","[8, 7, 6, 5, 4, 3, 2, 1, 0]","[24, 0, 1, 2, 3, 8, 9, 8, 13, 14]","[24, 0, 5, 10, 5, 0, 5, 10, 5, 6]","[24, 0, 5, 10, 11, 16, 21, 22, 23, 18]","[24, 0, 5, 10, 15, 20, 21, 22, 23, 24]","[24, 0, 5, 10, 15, 16, 17, 18, 17, 18]","[24, 0, 1, 6, 11, 16, 21, 22, 23, 24]"
70.84,4,3,1,42,205,12,C6,6,24,0.45638125,6,0,1,3.7676316675543777,3.2,5.0,3.0,0,0,0,1,0,1,5,5,1,0,5,0,0,5,1,1,0,1,3,3,1,0,3,0,"[6, 5, 4, 3, 2, 3, 4, 5]","[6, 5, 4, 5, 6, 5, 6, 5]","[6, 5, 4, 3, 2, 1, 2, 1]","[6, 5, 4, 3, 2, 1, 0]","[6, 7, 6, 5, 4, 3, 4, 5]","[6, 5, 4, 3, 2, 1, 0]","[24, 6, 11, 12, 13, 14, 9, 4, 3]","[24, 6, 11, 16, 11, 6, 11, 6, 11]","[24, 6, 11, 16, 21, 22, 23, 18, 23]","[24, 6, 11, 16, 21, 22, 23, 24]","[24, 6, 5, 10, 11, 12, 13, 8, 7]","[24, 6, 11, 16, 21, 22, 23, 24]"
70.84,4,1,0,42,50,15,C8,20,4,0.11295625,8,0,1,2.174009594477712,3.2,4.0,3.0,1,0,0,0,0,1,0,6,2,4,4,0,1,4,0,0,2,1,0,3,1,2,2,0,"[8, 7, 6, 5, 4, 3, 2, 1, 0]","[8, 7, 6, 5, 4, 5, 6, 5, 6]","[8, 7, 6, 5, 4, 3, 2, 3, 2]","[8, 7, 6, 5, 4, 3, 4, 3, 4]","[8, 7, 6, 5, 4, 5, 4, 3, 4]","[8, 7, 6, 5, 4, 3, 2, 1, 0]","[4, 20, 15, 16, 17, 18, 13, 8, 3, 4]","[4, 20, 21, 22, 17, 12, 17, 22, 17, 22]","[4, 20, 21, 22, 23, 24, 19, 14, 13, 8]","[4, 20, 21, 22, 17, 18, 13, 12, 7, 6]","[4, 20, 21, 22, 23, 24, 23, 24, 19, 18]","[4, 20, 21, 22, 23, 24, 19, 14, 9, 4]"
70.84,4,1,0,321,355,5,C7,3,20,0.7868354166666667,7,0,1,2.581222306728362,3.2,6.0,4.0,0,0,1,0,0,1,2,8,0,2,4,0,0,6,1,1,3,1,1,4,0,1,2,0,"[7, 6, 5, 4, 3, 2, 1, 2]","[7, 8, 7, 8, 7, 8, 7, 8]","[7, 6, 5, 4, 3, 2, 1, 0]","[7, 6, 5, 4, 3, 2, 1, 2]","[7, 6, 7, 6, 5, 4, 3, 4]","[7, 6, 5, 4, 3, 2, 1, 0]","[20, 3, 8, 7, 12, 17, 22, 21, 16]","[20, 3, 4, 3, 4, 3, 4, 3, 4]","[20, 3, 8, 13, 18, 17, 16, 15, 20]","[20, 3, 8, 7, 12, 17, 22, 21, 22]","[20, 3, 2, 3, 2, 7, 12, 17, 12]","[20, 3, 8, 7, 12, 17, 22, 21, 20]"
70.84,4,1,0,123,290,11,C7,15,4,0.6421708333333334,7,0,1,4.365436517238616,3.2,6.0,4.0,0,0,1,0,0,1,3,7,0,3,3,0,2,6,1,2,1,1,2,4,0,2,2,0,"[7, 6, 5, 4, 3, 2, 1, 2, 3]","[7, 8, 7, 8, 7, 8, 7, 8, 7]","[7, 6, 5, 4, 3, 2, 1, 0]","[7, 6, 5, 6, 5, 4, 3, 2, 3]","[7, 6, 5, 4, 3, 2, 3, 4, 3]","[7, 6, 5, 4, 3, 2, 1, 0]","[4, 15, 10, 5, 0, 1, 2, 3, 2, 1]","[4, 15, 20, 15, 20, 15, 20, 15, 20, 21]","[4, 15, 10, 5, 6, 1, 2, 3, 4]","[4, 15, 10, 5, 10, 5, 6, 7, 8, 13]","[4, 15, 10, 11, 12, 7, 2, 1, 6, 7]","[4, 15, 16, 17, 18, 13, 8, 3, 4]"
70.36,4,1,0,321,240,16,C8,24,0,0.5347104166666666,8,0,1,4.712233142152427,2.8,4.0,3.0,0,0,0,1,0,1,2,6,4,0,2,0,0,4,2,1,0,1,1,3,2,0,1,0,"[8, 7, 6, 5, 4, 3, 2, 1, 2]","[8, 7, 8, 7, 6, 5, 4, 5, 6]","[8, 7, 6, 5, 4, 3, 4, 5, 4]","[8, 7, 6, 5, 4, 3, 2, 1, 0]","[8, 7, 6, 5, 4, 3, 2, 1, 2]","[8, 7, 6, 5, 4, 3, 2, 1, 0]","[0, 24, 19, 18, 17, 16, 11, 6, 1, 2]","[0, 24, 23, 24, 23, 22, 21, 20, 21, 22]","[0, 24, 19, 14, 9, 8, 7, 8, 9, 4]","[0, 24, 19, 18, 13, 12, 11, 10, 5, 0]","[0, 24, 19, 14, 9, 8, 7, 6, 5, 10]","[0, 24, 19, 14, 9, 8, 7, 6, 1, 0]"
70.36,4,1,0,42,355,2,C7,5,24,0.78395,7,0,1,1.6806377222537985,2.8,6.0,4.0,0,0,1,0,0,1,2,8,0,2,2,0,0,6,1,0,1,1,1,4,0,1,1,0,"[7, 6, 5, 4, 3, 2, 1, 2]","[7, 8, 7, 8, 7, 8, 7, 8]","[7, 6, 5, 4, 3, 2, 1, 0]","[7, 6, 5, 4, 3, 2, 1, 2]","[7, 8, 7, 6, 5, 4, 3, 2]","[7, 6, 5, 4, 3, 2, 1, 0]","[24, 5, 10, 15, 16, 17, 18, 19, 14]","[24, 5, 0, 5, 0, 5, 0, 5, 0]","[24, 5, 6, 7, 8, 13, 18, 23, 24]","[24, 5, 10, 11, 16, 17, 18, 19, 14]","[24, 5, 0, 5, 6, 11, 16, 17, 18]","[24, 5, 6, 11, 16, 17, 22, 23, 24]"
70.32,4,4,0,123,320,9,C6,2,24,0.7074041666666666,8,1,1,3.675347978224356,3.6,8.0,4.0,0,0,0,0,1,1,3,5,5,5,0,0,2,8,1,3,1,1,3,4,4,4,1,1,"[6, 5, 4, 3, 2, 3, 4, 5, 4, 3]","[6, 5, 6, 5, 6, 5, 6, 5, 6, 5]","[6, 5, 4, 3, 2, 3, 4, 5, 4, 5]","[6, 5, 4, 3, 4, 5, 4, 5, 4, 5]","[6, 5, 6, 5, 4, 3, 2, 1, 0]","[6, 5, 4, 3, 2, 3, 2, 1, 0]","[24, 2, 7, 12, 17, 22, 21, 20, 15, 20, 21]","[24, 2, 7, 2, 7, 2, 7, 2, 7, 2, 7]","[24, 2, 3, 8, 13, 18, 17, 16, 15, 20, 15]","[24, 2, 7, 12, 17, 16, 15, 20, 15, 20, 15]","[24, 2, 7, 6, 11, 16, 21, 22, 23, 24]","[24, 2, 7, 12, 17, 18, 13, 14, 19, 24]"
69.4,4,1,1,42,95,8,C8,0,24,0.2132979166666666,8,0,1,2.3164635376706717,2.0,4.0,2.0,1,0,0,0,0,1,0,3,3,1,3,0,1,4,1,2,1,1,0,2,2,1,2,0,"[8, 7, 6, 5, 4, 3, 2, 1, 0]","[8, 7, 6, 7, 6, 7, 6, 5, 4, 3]","[8, 7, 6, 5, 4, 3, 2, 1, 2, 3]","[8, 7, 6, 5, 4, 3, 4, 3, 2, 1]","[8, 7, 6, 5, 4, 3, 2, 1, 2, 3]","[8, 7, 6, 5, 4, 3, 2, 1, 0]","[24, 0, 5, 10, 11, 16, 21, 22, 23, 24]","[24, 0, 1, 6, 1, 6, 1, 6, 11, 16, 21]","[24, 0, 1, 2, 7, 8, 9, 14, 19, 14, 13]","[24, 0, 1, 2, 3, 4, 9, 4, 9, 14, 19]","[24, 0, 5, 10, 11, 12, 17, 18, 19, 18, 13]","[24, 0, 5, 10, 11, 16, 21, 22, 23, 24]"
69.36,4,2,0,123,400,9,C6,15,3,0.882575,6,0,1,3.2457380887866014,2.8,6.0,4.0,0,0,0,0,1,1,2,6,2,4,0,0,2,6,0,0,1,1,2,4,2,3,0,0,"[6, 5, 4, 3, 4, 3, 2, 3, 2]","[6, 7, 6, 7, 6, 5, 6, 5, 6]","[6, 5, 4, 3, 2, 1, 2, 3, 2]","[6, 5, 4, 3, 2, 1, 2, 3, 4]","[6, 5, 4, 3, 2, 1, 0]","[6, 5, 4, 3, 2, 1, 0]","[3, 15, 16, 17, 18, 19, 14, 9, 14, 9]","[3, 15, 20, 15, 20, 15, 10, 15, 10, 15]","[3, 15, 10, 5, 6, 7, 8, 9, 14, 13]","[3, 15, 10, 5, 6, 7, 8, 9, 14, 19]","[3, 15, 16, 17, 12, 7, 8, 3]","[3, 15, 16, 17, 18, 13, 8, 3]"
69.36,4,1,0,42,130,9,C7,4,21,0.29044375,7,0,1,2.4650933598875997,2.8,6.0,3.0,0,0,0,0,1,1,2,6,2,4,0,0,0,6,1,2,1,1,1,3,1,2,0,0,"[7, 6, 5, 6, 5, 4, 3, 2]","[7, 6, 7, 6, 7, 6, 7, 6]","[7, 6, 5, 4, 3, 4, 3, 2]","[7, 6, 5, 4, 3, 4, 3, 4]","[7, 6, 5, 4, 3, 2, 1, 0]","[7, 6, 5, 4, 3, 2, 1, 0]","[21, 4, 9, 8, 3, 2, 7, 6, 11]","[21, 4, 9, 4, 9, 4, 9, 4, 9]","[21, 4, 9, 14, 19, 24, 19, 18, 17]","[21, 4, 9, 14, 19, 24, 19, 18, 19]","[21, 4, 9, 14, 13, 12, 11, 16, 21]","[21, 4, 9, 14, 13, 12, 11, 16, 21]"
69.36,5,2,0,123,20,10,C6,15,3,0.04585,8,1,2,3.892810138622919,2.8,6.0,3.0,0,0,0,0,0,1,2,2,2,4,4,0,2,3,3,6,3,2,2,2,2,3,3,1,"[6, 5, 6, 5, 4, 5, 4, 3, 2]","[6, 5, 4, 5, 4, 3, 2, 3, 2]","[6, 5, 4, 5, 4, 3, 4, 3, 2]","[6, 5, 4, 5, 4, 5, 4, 5, 4]","[6, 7, 6, 5, 4, 3, 4, 3, 4]","[6, 5, 4, 5, 4, 3, 2, 1, 0]","[3, 15, 10, 15, 10, 11, 16, 17, 12, 13]","[3, 15, 10, 5, 10, 5, 0, 1, 6, 1]","[3, 15, 10, 5, 10, 5, 6, 11, 6, 7]","[3, 15, 10, 5, 10, 5, 10, 5, 10, 5]","[3, 15, 20, 21, 22, 17, 12, 17, 12, 17]","[3, 15, 10, 11, 16, 11, 12, 7, 2, 3]"
69.36,4,1,0,42,70,20,C7,0,23,0.1576875,7,0,1,3.8916314353942862,2.8,6.0,3.0,0,0,0,1,0,1,4,6,2,0,2,0,1,6,1,1,0,1,2,3,1,0,1,0,"[7, 6, 5, 4, 3, 4, 3, 4]","[7, 6, 7, 6, 7, 6, 7, 6]","[7, 6, 5, 4, 3, 4, 3, 2]","[7, 6, 5, 4, 3, 2, 1, 0]","[7, 6, 5, 4, 3, 2, 1, 2]","[7, 6, 5, 4, 3, 2, 1, 0]","[23, 0, 1, 2, 7, 8, 9, 14, 9]","[23, 0, 5, 0, 5, 0, 5, 0, 5]","[23, 0, 5, 6, 11, 12, 7, 12, 17]","[23, 0, 5, 6, 7, 12, 17, 22, 23]","[23, 0, 1, 6, 11, 16, 17, 18, 13]","[23, 0, 1, 6, 11, 16, 17, 22, 23]"
69.36,4,1,0,123,200,16,C8,0,24,0.4445125,8,0,1,1.7943773880302896,2.8,4.0,2.0,1,0,0,0,0,1,0,4,4,4,2,0,1,4,0,0,0,1,0,2,2,2,1,0,"[8, 7, 6, 5, 4, 3, 2, 1, 0]","[8, 7, 6, 7, 6, 5, 4, 5, 4]","[8, 7, 6, 5, 4, 3, 2, 3, 4]","[8, 7, 6, 5, 4, 3, 2, 3, 4]","[8, 7, 6, 5, 4, 3, 2, 1, 2]","[8, 7, 6, 5, 4, 3, 2, 1, 0]","[24, 0, 5, 10, 11, 12, 13, 14, 19, 24]","[24, 0, 5, 10, 5, 10, 15, 20, 15, 20]","[24, 0, 1, 2, 7, 8, 13, 18, 17, 12]","[24, 0, 1, 2, 3, 8, 13, 18, 17, 16]","[24, 0, 1, 6, 11, 12, 17, 18, 19, 14]","[24, 0, 1, 2, 3, 4, 9, 14, 19, 24]"
68.88,4,1,0,123,190,6,C8,24,0,0.4226333333333333,8,0,1,0.8927712602242819,2.4,4.0,2.0,0,0,0,1,0,1,3,3,3,0,3,0,0,4,0,1,0,1,2,2,2,0,2,0,"[8, 7, 6, 5, 4, 3, 2, 3, 2, 3]","[8, 7, 6, 5, 4, 3, 4, 3, 4, 3]","[8, 7, 6, 5, 4, 3, 2, 1, 2, 3]","[8, 7, 6, 5, 4, 3, 2, 1, 0]","[8, 7, 6, 5, 4, 3, 2, 1, 2, 3]","[8, 7, 6, 5, 4, 3, 2, 1, 0]","[0, 24, 23, 22, 21, 20, 15, 10, 11, 6, 7]","[0, 24, 19, 18, 13, 8, 3, 8, 3, 8, 3]","[0, 24, 19, 18, 17, 12, 11, 6, 1, 2, 3]","[0, 24, 19, 18, 17, 16, 15, 10, 5, 0]","[0, 24, 19, 14, 9, 8, 7, 6, 5, 10, 15]","[0, 24, 23, 18, 13, 12, 7, 2, 1, 0]"
68.88,4,1,2,321,190,8,C6,1,23,0.4249208333333333,6,0,1,3.4631575559079644,2.4,6.0,4.0,0,0,0,1,0,1,1,7,1,0,3,0,0,6,0,1,1,1,1,4,1,0,2,0,"[6, 5, 4, 5, 4, 3, 2, 1]","[6, 7, 6, 7, 6, 7, 6, 7]","[6, 5, 4, 3, 4, 3, 2, 1]","[6, 5, 4, 3, 2, 1, 0]","[6, 5, 4, 3, 2, 1, 2, 3]","[6, 5, 4, 3, 2, 1, 0]","[23, 1, 2, 3, 4, 9, 14, 19, 24]","[23, 1, 0, 1, 0, 1, 0, 1, 0]","[23, 1, 2, 7, 8, 9, 14, 19, 24]","[23, 1, 2, 7, 12, 17, 22, 23]","[23, 1, 2, 7, 12, 17, 18, 13, 12]","[23, 1, 6, 11, 16, 21, 22, 23]"
68.88,4,1,0,123,265,4,C7,20,3,0.5873291666666667,7,0,1,4.979740213394164,2.4,6.0,3.0,0,0,0,0,1,1,2,6,2,2,0,0,0,6,0,0,1,1,1,3,1,1,0,0,"[7, 6, 5, 4, 3, 2, 1, 2]","[7, 6, 7, 6, 7, 6, 7, 6]","[7, 6, 5, 4, 3, 2, 1, 2]","[7, 6, 5, 4, 3, 2, 1, 2]","[7, 6, 5, 4, 3, 2, 1, 0]","[7, 6, 5, 4, 3, 2, 1, 0]","[3, 20, 15, 16, 17, 12, 13, 8, 9]","[3, 20, 15, 20, 15, 20, 15, 20, 15]","[3, 20, 21, 22, 17, 12, 7, 8, 9]","[3, 20, 15, 10, 5, 6, 7, 8, 9]","[3, 20, 15, 16, 17, 18, 13, 8, 3]","[3, 20, 21, 22, 17, 12, 7, 8, 3]"
68.88,4,1,0,42,330,14,C7,0,19,0.7297166666666667,7,0,1,2.841730246484279,2.4,6.0,3.0,0,0,0,0,1,1,2,6,2,2,0,0,0,6,0,0,1,1,1,3,1,1,0,0,"[7, 6, 5, 4, 3, 4, 3, 2]","[7, 6, 7, 6, 7, 6, 7, 6]","[7, 6, 5, 4, 3, 2, 1, 2]","[7, 6, 5, 4, 3, 4, 3, 2]","[7, 6, 5, 4, 3, 2, 1, 0]","[7, 6, 5, 4, 3, 2, 1, 0]","[19, 0, 1, 6, 11, 16, 21, 22, 23]","[19, 0, 5, 0, 5, 0, 5, 0, 5]","[19, 0, 1, 2, 3, 8, 13, 18, 23]","[19, 0, 1, 6, 11, 16, 21, 22, 23]","[19, 0, 5, 10, 11, 16, 17, 18, 19]","[19, 0, 1, 6, 11, 16, 17, 18, 19]"
68.88,4,1,0,42,270,0,C7,0,19,0.5981458333333334,7,0,1,1.9222445314526544,2.4,6.0,3.0,0,0,0,0,1,1,2,6,2,2,0,0,0,6,0,0,1,1,1,3,1,1,0,0,"[7, 6, 5, 4, 3, 2, 3, 2]","[7, 6, 7, 6, 7, 6, 7, 6]","[7, 6, 5, 4, 3, 2, 3, 2]","[7, 6, 5, 4, 3, 2, 1, 2]","[7, 6, 5, 4, 3, 2, 1, 0]","[7, 6, 5, 4, 3, 2, 1, 0]","[19, 0, 1, 6, 11, 16, 17, 22, 23]","[19, 0, 5, 0, 5, 0, 5, 0, 5]","[19, 0, 1, 6, 7, 12, 17, 22, 23]","[19, 0, 5, 10, 15, 16, 17, 18, 13]","[19, 0, 1, 6, 11, 16, 17, 18, 19]","[19, 0, 1, 6, 11, 16, 17, 18, 19]"
68.88,4,1,0,321,390,6,C7,0,23,0.8633083333333333,7,0,1,1.6725299289226525,2.4,6.0,3.0,0,0,0,1,0,1,2,6,2,0,2,0,0,6,0,1,0,1,1,3,1,0,1,0,"[7, 6, 5, 4, 5, 4, 3, 2]","[7, 6, 7, 6, 7, 6, 7, 6]","[7, 6, 5, 4, 3, 2, 1, 2]","[7, 6, 5, 4, 3, 2, 1, 0]","[7, 6, 5, 4, 3, 2, 1, 2]","[7, 6, 5, 4, 3, 2, 1, 0]","[23, 0, 1, 2, 3, 4, 9, 14, 19]","[23, 0, 1, 0, 1, 0, 1, 0, 1]","[23, 0, 1, 6, 7, 12, 13, 18, 19]","[23, 0, 1, 2, 3, 8, 13, 18, 23]","[23, 0, 5, 10, 15, 16, 17, 18, 19]","[23, 0, 1, 6, 7, 8, 13, 18, 23]"
68.88,4,1,0,321,265,11,C7,15,4,0.5896979166666667,7,0,1,2.520364876627921,2.4,6.0,3.0,0,0,0,1,0,1,2,6,2,0,2,0,0,6,0,1,0,1,1,3,1,0,1,0,"[7, 6, 5, 4, 3, 2, 1, 2]","[7, 6, 7, 6, 7, 6, 7, 6]","[7, 6, 5, 4, 3, 2, 1, 2]","[7, 6, 5, 4, 3, 2, 1, 0]","[7, 6, 5, 4, 3, 2, 1, 2]","[7, 6, 5, 4, 3, 2, 1, 0]","[4, 15, 10, 11, 6, 1, 2, 3, 8]","[4, 15, 16, 15, 16, 15, 16, 15, 16]","[4, 15, 10, 5, 6, 7, 8, 9, 14]","[4, 15, 10, 5, 0, 1, 2, 3, 4]","[4, 15, 16, 17, 18, 13, 8, 3, 2]","[4, 15, 10, 5, 0, 1, 2, 3, 4]"
68.88,4,1,0,321,135,12,C7,4,15,0.3033,7,0,1,5.609493871569633,2.4,6.0,3.0,0,0,0,0,1,1,2,6,2,2,0,0,0,6,0,0,1,1,1,3,1,1,0,0,"[7, 6, 5, 4, 5, 4, 3, 2]","[7, 6, 7, 6, 7, 6, 7, 6]","[7, 6, 5, 4, 3, 2, 3, 2]","[7, 6, 5, 4, 3, 2, 3, 2]","[7, 6, 5, 4, 3, 2, 1, 0]","[7, 6, 5, 4, 3, 2, 1, 0]","[15, 4, 9, 14, 19, 24, 23, 22, 17]","[15, 4, 3, 4, 3, 4, 3, 4, 3]","[15, 4, 3, 8, 7, 12, 17, 22, 21]","[15, 4, 3, 2, 7, 6, 11, 12, 17]","[15, 4, 9, 14, 13, 12, 11, 10, 15]","[15, 4, 9, 14, 13, 12, 11, 10, 15]"
68.88,4,1,0,321,315,26,C7,4,15,0.6991770833333333,7,0,1,4.36607389652729,2.4,6.0,3.0,0,0,0,1,0,1,2,6,2,0,2,0,0,6,0,1,0,1,1,3,1,0,1,0,"[7, 6, 5, 4, 5, 4, 3, 2]","[7, 6, 7, 6, 7, 6, 7, 6]","[7, 6, 5, 4, 3, 2, 3, 2]","[7, 6, 5, 4, 3, 2, 1, 0]","[7, 6, 5, 4, 3, 2, 1, 2]","[7, 6, 5, 4, 3, 2, 1, 0]","[15, 4, 9, 14, 19, 24, 23, 22, 21]","[15, 4, 3, 4, 3, 4, 3, 4, 3]","[15, 4, 9, 8, 7, 12, 17, 22, 21]","[15, 4, 3, 8, 7, 12, 17, 16, 15]","[15, 4, 3, 2, 1, 6, 11, 16, 21]","[15, 4, 9, 14, 13, 12, 11, 16, 15]"
68.4,4,1,0,123,80,14,C8,20,4,0.1801416666666666,8,0,1,4.750989575281739,2.0,4.0,2.0,0,0,0,0,1,1,2,4,2,2,0,0,1,4,0,1,1,1,1,2,1,1,0,0,"[8, 7, 6, 5, 4, 5, 4, 3, 2]","[8, 7, 6, 5, 4, 5, 4, 5, 4]","[8, 7, 6, 5, 4, 5, 4, 3, 2]","[8, 7, 6, 5, 4, 3, 4, 3, 2]","[8, 7, 6, 5, 4, 3, 2, 1, 0]","[8, 7, 6, 5, 4, 3, 2, 1, 0]","[4, 20, 15, 10, 5, 0, 5, 6, 7, 2]","[4, 20, 15, 10, 5, 0, 5, 0, 5, 0]","[4, 20, 21, 22, 17, 12, 11, 6, 1, 2]","[4, 20, 15, 10, 5, 6, 7, 6, 1, 2]","[4, 20, 21, 22, 23, 24, 19, 14, 9, 4]","[4, 20, 21, 22, 17, 12, 7, 8, 9, 4]"
68.4,4,1,0,123,380,20,C8,0,24,0.8388770833333333,8,0,1,3.6299981649667017,2.0,4.0,2.0,0,0,0,0,1,1,2,4,2,2,0,0,0,4,1,0,1,1,1,2,1,1,0,0,"[8, 7, 6, 5, 4, 3, 2, 1, 2]","[8, 7, 8, 7, 6, 5, 4, 5, 4]","[8, 7, 6, 5, 4, 3, 2, 3, 2]","[8, 7, 6, 5, 4, 3, 2, 3, 2]","[8, 7, 6, 5, 4, 3, 2, 1, 0]","[8, 7, 6, 5, 4, 3, 2, 1, 0]","[24, 0, 5, 6, 11, 12, 13, 18, 23, 22]","[24, 0, 5, 0, 5, 10, 15, 20, 15, 20]","[24, 0, 5, 10, 15, 16, 17, 22, 21, 22]","[24, 0, 5, 6, 7, 8, 13, 18, 17, 22]","[24, 0, 5, 6, 11, 16, 17, 22, 23, 24]","[24, 0, 5, 10, 15, 16, 17, 18, 23, 24]"
68.36,4,1,0,321,170,19,C7,19,0,0.3812770833333333,7,0,1,2.2158969213962547,2.8,5.0,3.0,1,0,0,0,0,1,0,6,2,4,2,0,1,5,0,0,0,1,0,3,1,2,1,0,"[7, 6, 5, 4, 3, 2, 1, 0]","[7, 6, 7, 6, 5, 6, 5, 6]","[7, 6, 5, 4, 3, 2, 1, 2]","[7, 6, 5, 4, 3, 2, 3, 4]","[7, 6, 5, 4, 3, 2, 3, 2]","[7, 6, 5, 4, 3, 2, 1, 0]","[0, 19, 18, 17, 16, 15, 10, 5, 0]","[0, 19, 18, 19, 18, 17, 18, 17, 18]","[0, 19, 18, 17, 16, 11, 6, 1, 2]","[0, 19, 14, 13, 12, 11, 10, 15, 20]","[0, 19, 14, 9, 8, 7, 6, 11, 10]","[0, 19, 14, 13, 12, 7, 2, 1, 0]"
68.36,4,1,0,123,200,3,C7,21,4,0.44436875,7,0,1,2.926610170841216,2.8,5.0,3.0,0,0,1,0,0,1,2,6,0,2,4,0,0,5,1,0,2,1,1,3,0,1,2,0,"[7, 8, 7, 6, 5, 4, 3, 2]","[7, 6, 7, 6, 5, 6, 7, 6]","[7, 6, 5, 4, 3, 2, 1, 0]","[7, 6, 5, 4, 3, 2, 1, 2]","[7, 6, 5, 4, 3, 4, 5, 4]","[7, 6, 5, 4, 3, 2, 1, 0]","[4, 21, 20, 15, 16, 17, 12, 7, 8]","[4, 21, 16, 21, 16, 11, 16, 21, 16]","[4, 21, 16, 11, 6, 1, 2, 3, 4]","[4, 21, 16, 11, 6, 7, 8, 9, 14]","[4, 21, 16, 11, 12, 7, 6, 11, 12]","[4, 21, 16, 17, 12, 7, 2, 3, 4]"
68.36,4,1,0,42,350,11,C7,23,0,0.7729,7,0,1,4.6346309726834285,2.8,4.0,4.0,0,0,1,0,0,1,2,8,0,2,2,0,0,4,1,0,0,1,1,4,0,1,1,0,"[7, 6, 5, 6, 5, 4, 3, 2]","[7, 6, 7, 8, 7, 8, 7, 8]","[7, 6, 5, 4, 3, 2, 1, 0]","[7, 8, 7, 6, 5, 4, 3, 2]","[7, 6, 5, 4, 3, 2, 1, 2]","[7, 6, 5, 4, 3, 2, 1, 0]","[0, 23, 18, 13, 14, 9, 8, 7, 6]","[0, 23, 18, 23, 24, 19, 24, 19, 24]","[0, 23, 18, 17, 16, 11, 6, 1, 0]","[0, 23, 24, 19, 14, 9, 8, 3, 2]","[0, 23, 18, 13, 8, 3, 2, 1, 6]","[0, 23, 18, 13, 8, 7, 6, 5, 0]"
68.36,4,2,1,321,185,3,C6,9,21,0.4136479166666666,6,0,1,3.687864825824896,2.8,5.0,3.0,0,0,0,0,1,1,5,5,3,1,0,0,4,5,1,0,1,1,3,3,2,1,0,0,"[6, 5, 6, 7, 6, 7, 6, 5]","[6, 5, 4, 5, 6, 5, 6, 5]","[6, 5, 4, 3, 2, 3, 2, 3]","[6, 5, 4, 3, 4, 3, 2, 1]","[6, 5, 4, 3, 2, 1, 0]","[6, 5, 4, 3, 2, 1, 0]","[21, 9, 8, 9, 4, 3, 4, 3, 8]","[21, 9, 8, 7, 8, 9, 8, 9, 8]","[21, 9, 8, 7, 12, 11, 10, 11, 6]","[21, 9, 8, 7, 6, 5, 10, 15, 20]","[21, 9, 8, 7, 6, 11, 16, 21]","[21, 9, 14, 13, 12, 11, 16, 21]"
67.92,4,1,3,321,180,14,C6,0,18,0.4028354166666666,6,0,1,5.523391297906636,1.6,6.0,3.0,0,0,0,1,0,1,1,5,1,0,1,0,0,6,0,1,0,1,1,3,1,0,1,0,"[6, 5, 4, 3, 2, 3, 2, 1]","[6, 5, 6, 5, 6, 5, 6, 5]","[6, 5, 4, 3, 2, 1, 2, 1]","[6, 5, 4, 3, 2, 1, 0]","[6, 5, 4, 3, 2, 3, 2, 1]","[6, 5, 4, 3, 2, 1, 0]","[18, 0, 1, 2, 3, 8, 9, 14, 19]","[18, 0, 1, 0, 1, 0, 1, 0, 1]","[18, 0, 1, 2, 7, 12, 17, 22, 23]","[18, 0, 1, 2, 3, 8, 13, 18]","[18, 0, 1, 6, 11, 16, 21, 22, 23]","[18, 0, 1, 6, 7, 12, 17, 18]"
67.88,4,1,0,321,385,4,C7,5,24,0.8524125,7,0,1,2.881767319679259,2.4,5.0,3.0,1,0,0,0,0,1,0,6,2,2,2,0,1,5,1,2,0,1,0,3,1,1,1,0,"[7, 6, 5, 4, 3, 2, 1, 0]","[7, 6, 5, 6, 5, 6, 5, 6]","[7, 6, 5, 4, 3, 2, 3, 2]","[7, 6, 5, 4, 3, 4, 3, 2]","[7, 6, 5, 4, 3, 2, 1, 2]","[7, 6, 5, 4, 3, 2, 1, 0]","[24, 5, 6, 7, 8, 13, 18, 23, 24]","[24, 5, 10, 11, 10, 11, 10, 11, 10]","[24, 5, 10, 11, 12, 17, 18, 13, 18]","[24, 5, 6, 7, 8, 13, 8, 13, 18]","[24, 5, 10, 11, 16, 17, 18, 19, 14]","[24, 5, 6, 7, 8, 9, 14, 19, 24]"
67.88,4,1,0,123,275,3,C7,21,4,0.6093458333333334,7,0,1,2.8776579802632325,2.4,5.0,3.0,1,0,0,0,0,1,0,6,2,2,2,0,1,5,0,0,1,1,0,3,1,1,1,0,"[7, 6, 5, 4, 3, 2, 1, 0]","[7, 6, 7, 6, 5, 6, 5, 6]","[7, 6, 5, 4, 3, 2, 1, 2]","[7, 6, 5, 4, 3, 2, 1, 2]","[7, 6, 7, 6, 5, 4, 3, 2]","[7, 6, 5, 4, 3, 2, 1, 0]","[4, 21, 16, 11, 6, 7, 8, 9, 4]","[4, 21, 16, 21, 16, 11, 16, 11, 16]","[4, 21, 16, 11, 6, 7, 8, 9, 14]","[4, 21, 16, 11, 6, 7, 8, 9, 14]","[4, 21, 16, 21, 22, 23, 24, 19, 14]","[4, 21, 22, 17, 12, 7, 2, 3, 4]"
67.88,4,1,0,123,260,8,C7,21,4,0.5763479166666666,7,0,1,2.5879765799045558,2.4,5.0,3.0,0,0,0,1,0,1,2,6,2,0,2,0,0,5,0,1,1,1,1,3,1,0,1,0,"[7, 6, 5, 4, 3, 2, 1, 2]","[7, 6, 7, 6, 7, 6, 5, 6]","[7, 6, 5, 4, 3, 2, 1, 2]","[7, 6, 5, 4, 3, 2, 1, 0]","[7, 6, 5, 4, 3, 2, 3, 2]","[7, 6, 5, 4, 3, 2, 1, 0]","[4, 21, 16, 17, 18, 13, 8, 3, 2]","[4, 21, 16, 21, 16, 21, 16, 11, 16]","[4, 21, 16, 11, 6, 7, 8, 9, 14]","[4, 21, 16, 11, 6, 7, 8, 9, 4]","[4, 21, 22, 23, 18, 13, 8, 7, 8]","[4, 21, 22, 17, 12, 7, 2, 3, 4]"
67.84,4,1,0,42,270,3,C6,15,3,0.5981770833333333,6,0,1,3.1502190663913883,3.2,6.0,4.0,0,0,0,0,1,1,3,7,3,3,0,0,0,6,0,0,1,1,2,4,2,2,0,0,"[6, 5, 4, 5, 4, 5, 4, 3]","[6, 7, 6, 7, 6, 7, 6, 7]","[6, 5, 4, 3, 2, 1, 2, 3]","[6, 5, 6, 5, 4, 5, 4, 3]","[6, 5, 4, 3, 2, 1, 0]","[6, 5, 4, 3, 2, 1, 0]","[3, 15, 16, 17, 22, 23, 24, 19, 14]","[3, 15, 20, 15, 20, 15, 20, 15, 20]","[3, 15, 10, 5, 6, 7, 8, 9, 14]","[3, 15, 16, 21, 22, 23, 24, 19, 14]","[3, 15, 16, 17, 18, 13, 8, 3]","[3, 15, 16, 17, 18, 13, 8, 3]"
67.64,3,2,1,321,285,12,C8,0,24,0.63336875,8,0,1,2.521401425234972,2.2,8.0,4.0,0,0,0,1,1,1,3,7,1,0,0,0,4,8,1,1,1,1,2,4,1,0,0,0,"[8, 7, 6, 5, 4, 3, 4, 3, 4, 3]","[8, 7, 8, 7, 8, 7, 8, 7, 8, 7]","[8, 7, 6, 5, 4, 3, 2, 3, 2, 1]","[8, 7, 6, 5, 4, 3, 2, 1, 0]","[8, 7, 6, 5, 4, 3, 2, 1, 0]","[8, 7, 6, 5, 4, 3, 2, 1, 0]","[24, 0, 5, 10, 15, 20, 21, 20, 21, 20, 21]","[24, 0, 1, 0, 1, 0, 1, 0, 1, 0, 1]","[24, 0, 5, 10, 11, 16, 17, 18, 17, 22, 23]","[24, 0, 1, 6, 11, 16, 21, 22, 23, 24]","[24, 0, 1, 6, 11, 16, 21, 22, 23, 24]","[24, 0, 5, 10, 15, 20, 21, 22, 23, 24]"
67.4,4,1,2,123,350,3,C6,20,2,0.7728958333333333,6,0,1,3.220720556825399,2.0,6.0,3.0,1,0,0,0,0,1,0,5,3,1,1,0,1,6,0,1,0,1,0,3,2,1,1,0,"[6, 5, 4, 3, 2, 1, 0]","[6, 5, 6, 5, 6, 5, 6, 5]","[6, 5, 4, 3, 2, 1, 2, 3]","[6, 5, 4, 3, 4, 3, 2, 1]","[6, 5, 4, 5, 4, 3, 2, 1]","[6, 5, 4, 3, 2, 1, 0]","[2, 20, 15, 16, 17, 12, 7, 2]","[2, 20, 15, 20, 15, 20, 15, 20, 15]","[2, 20, 21, 16, 11, 6, 7, 8, 9]","[2, 20, 15, 10, 11, 10, 5, 6, 7]","[2, 20, 21, 22, 23, 18, 13, 8, 3]","[2, 20, 21, 22, 17, 12, 7, 2]"
67.4,4,3,1,42,55,12,C6,20,14,0.124125,6,0,1,3.410394648412862,2.0,3.0,3.0,1,0,0,0,0,1,0,3,3,1,3,0,2,3,1,3,1,1,1,3,3,2,3,0,"[6, 5, 4, 3, 2, 1, 2, 1, 0]","[6, 5, 4, 3, 4, 3, 4, 3, 4, 3]","[6, 5, 4, 3, 2, 1, 2, 3, 2, 3]","[6, 5, 4, 3, 2, 1, 2, 1, 2, 1]","[6, 5, 4, 3, 2, 1, 2, 3, 4, 3]","[6, 5, 4, 3, 2, 1, 0]","[14, 20, 21, 22, 23, 18, 13, 18, 19, 14]","[14, 20, 21, 22, 17, 16, 11, 16, 11, 6, 11]","[14, 20, 21, 22, 23, 18, 13, 8, 7, 12, 7]","[14, 20, 21, 22, 23, 18, 13, 12, 13, 18, 13]","[14, 20, 15, 16, 17, 18, 13, 12, 7, 2, 7]","[14, 20, 21, 22, 23, 24, 19, 14]"
67.36,4,2,0,123,300,10,C7,0,23,0.6638020833333333,9,1,1,3.20922344726324,2.8,7.0,4.0,1,0,0,0,0,1,0,6,2,2,4,0,1,7,3,0,0,1,1,4,2,2,3,1,"[7, 6, 5, 4, 3, 2, 3, 2, 1, 0]","[7, 6, 5, 6, 5, 6, 7, 6, 7, 6]","[7, 6, 5, 4, 3, 2, 1, 2, 1, 2]","[7, 6, 5, 4, 3, 2, 1, 2, 1, 2]","[7, 6, 5, 4, 3, 2, 1, 2, 3, 4]","[7, 6, 5, 4, 3, 4, 3, 2, 1, 0]","[23, 0, 5, 6, 7, 8, 13, 14, 19, 24, 23]","[23, 0, 5, 10, 5, 10, 5, 0, 5, 0, 5]","[23, 0, 1, 2, 7, 12, 17, 22, 17, 22, 17]","[23, 0, 1, 2, 3, 8, 13, 18, 17, 22, 21]","[23, 0, 1, 6, 11, 16, 17, 18, 13, 14, 9]","[23, 0, 1, 6, 7, 8, 9, 14, 19, 24, 23]"
67.36,4,1,0,123,235,2,C7,0,19,0.5210354166666666,7,0,1,2.1703984057307237,2.8,4.0,3.0,0,0,0,1,0,1,3,5,3,0,3,0,0,4,0,1,1,1,2,3,2,0,2,0,"[7, 6, 5, 4, 3, 2, 1, 2, 3]","[7, 6, 5, 4, 5, 4, 5, 4, 5]","[7, 6, 5, 4, 3, 2, 1, 2, 3]","[7, 6, 5, 4, 3, 2, 1, 0]","[7, 6, 5, 4, 3, 2, 3, 2, 3]","[7, 6, 5, 4, 3, 2, 1, 0]","[19, 0, 5, 6, 11, 12, 13, 18, 23, 22]","[19, 0, 5, 10, 15, 20, 15, 20, 15, 20]","[19, 0, 1, 6, 7, 8, 13, 18, 17, 16]","[19, 0, 5, 6, 7, 8, 9, 14, 19]","[19, 0, 5, 10, 11, 16, 17, 22, 23, 22]","[19, 0, 5, 10, 15, 16, 17, 18, 19]"
67.36,3,3,0,321,155,10,C7,23,0,0.3479125,7,0,1,4.701016985416412,2.8,8.0,5.0,1,0,1,0,0,1,0,8,0,2,4,0,1,8,1,4,6,1,0,5,0,2,3,0,"[7, 6, 5, 4, 3, 2, 1, 0]","[7, 8, 7, 8, 7, 8, 7, 8, 7, 8]","[7, 6, 5, 4, 3, 2, 1, 0]","[7, 6, 5, 4, 3, 4, 3, 2, 3, 2]","[7, 6, 5, 4, 5, 4, 5, 4, 5, 4]","[7, 6, 5, 4, 3, 2, 1, 0]","[0, 23, 22, 17, 16, 15, 10, 5, 0]","[0, 23, 24, 23, 24, 23, 24, 23, 24, 23, 24]","[0, 23, 22, 21, 20, 15, 10, 5, 0]","[0, 23, 22, 21, 20, 15, 20, 15, 10, 15, 10]","[0, 23, 22, 21, 20, 21, 20, 21, 20, 21, 20]","[0, 23, 18, 13, 12, 11, 6, 5, 0]"
67.32,3,3,0,321,110,5,C7,1,24,0.2474916666666666,7,0,1,1.9688469027876847,3.6,7.0,5.0,0,0,1,1,0,1,6,8,0,0,4,0,1,7,1,1,3,1,4,5,1,0,3,0,"[7, 6, 5, 4, 3, 2, 3, 4, 5, 6]","[7, 8, 7, 6, 7, 8, 7, 6, 7, 8]","[7, 6, 5, 4, 3, 2, 3, 2, 1, 0]","[7, 6, 5, 4, 3, 2, 1, 0]","[7, 6, 5, 4, 5, 4, 5, 4, 5, 4]","[7, 6, 5, 4, 3, 2, 1, 0]","[24, 1, 2, 3, 4, 9, 14, 13, 12, 7, 2]","[24, 1, 0, 1, 2, 1, 0, 1, 2, 1, 0]","[24, 1, 2, 3, 4, 9, 14, 13, 18, 23, 24]","[24, 1, 2, 3, 4, 9, 14, 19, 24]","[24, 1, 2, 3, 4, 3, 4, 3, 8, 7, 12]","[24, 1, 2, 3, 4, 9, 14, 19, 24]"
67.12,3,2,0,321,175,8,C8,20,4,0.3920958333333333,8,0,1,4.7811479087620965,2.6,8.0,4.0,0,0,1,0,1,1,3,7,0,3,0,0,4,8,1,0,1,1,2,4,0,2,0,0,"[8, 7, 6, 5, 4, 3, 4, 3, 4, 3]","[8, 7, 8, 7, 8, 7, 8, 7, 8, 7]","[8, 7, 6, 5, 4, 3, 2, 1, 0]","[8, 7, 6, 5, 4, 3, 2, 1, 2, 3]","[8, 7, 6, 5, 4, 3, 2, 1, 0]","[8, 7, 6, 5, 4, 3, 2, 1, 0]","[4, 20, 21, 22, 23, 24, 19, 24, 19, 24, 19]","[4, 20, 21, 20, 21, 20, 21, 20, 21, 20, 21]","[4, 20, 15, 16, 11, 6, 1, 2, 3, 4]","[4, 20, 15, 16, 11, 6, 7, 8, 9, 14, 19]","[4, 20, 21, 22, 23, 24, 19, 14, 9, 4]","[4, 20, 21, 22, 23, 18, 13, 8, 3, 4]"
65.88,4,2,0,42,240,10,C6,24,6,0.5322666666666667,6,0,1,3.590193604379892,2.4,4.0,3.0,0,0,0,1,0,1,2,4,4,0,2,0,0,4,1,1,0,1,2,3,3,0,2,0,"[6, 5, 4, 3, 2, 3, 2, 1, 2]","[6, 5, 4, 3, 4, 3, 4, 3, 4]","[6, 5, 4, 3, 2, 1, 2, 3, 4]","[6, 5, 4, 3, 2, 1, 0]","[6, 5, 4, 3, 2, 1, 2, 1, 2]","[6, 5, 4, 3, 2, 1, 0]","[6, 24, 19, 14, 9, 8, 3, 2, 1, 0]","[6, 24, 19, 14, 9, 4, 9, 4, 9, 4]","[6, 24, 19, 14, 13, 12, 7, 8, 9, 14]","[6, 24, 19, 14, 9, 8, 7, 6]","[6, 24, 19, 14, 9, 8, 7, 2, 1, 0]","[6, 24, 19, 14, 9, 8, 7, 6]"
65.88,4,1,1,321,105,6,C7,3,20,0.2366104166666666,7,0,1,3.723760736525058,2.4,2.0,3.0,0,0,0,1,0,1,5,3,1,0,3,0,2,2,0,1,0,1,3,2,1,0,2,0,"[7, 6, 5, 4, 5, 4, 3, 4, 5]","[7, 6, 5, 4, 5, 4, 3, 2, 3]","[7, 6, 5, 4, 3, 2, 1, 2, 1]","[7, 6, 5, 4, 3, 2, 1, 0]","[7, 6, 5, 4, 3, 2, 1, 2, 3]","[7, 6, 5, 4, 3, 2, 1, 0]","[20, 3, 2, 7, 6, 1, 0, 5, 6, 1]","[20, 3, 8, 7, 12, 13, 12, 11, 10, 11]","[20, 3, 2, 7, 12, 17, 22, 21, 16, 15]","[20, 3, 8, 7, 6, 5, 10, 15, 20]","[20, 3, 2, 7, 12, 11, 16, 21, 22, 23]","[20, 3, 8, 13, 12, 11, 16, 15, 20]"
65.64,3,1,1,42,340,12,C8,0,24,0.7514770833333333,8,0,1,3.049260667495429,2.2,8.0,4.0,1,0,0,1,0,1,0,7,1,0,3,0,1,8,2,1,0,1,0,4,1,0,2,0,"[8, 7, 6, 5, 4, 3, 2, 1, 0]","[8, 7, 8, 7, 8, 7, 8, 7, 8, 7]","[8, 7, 6, 5, 4, 3, 2, 3, 2, 1]","[8, 7, 6, 5, 4, 3, 2, 1, 0]","[8, 7, 6, 5, 4, 3, 2, 1, 2, 3]","[8, 7, 6, 5, 4, 3, 2, 1, 0]","[24, 0, 5, 10, 15, 16, 21, 22, 23, 24]","[24, 0, 5, 0, 5, 0, 5, 0, 5, 0, 5]","[24, 0, 5, 10, 15, 16, 17, 18, 17, 18, 23]","[24, 0, 5, 10, 15, 16, 21, 22, 23, 24]","[24, 0, 5, 10, 15, 16, 17, 18, 19, 14, 9]","[24, 0, 1, 6, 11, 16, 21, 22, 23, 24]"
65.64,3,1,1,123,305,0,C8,24,0,0.6746020833333334,8,0,1,1.6010571330487715,2.2,8.0,4.0,1,0,0,0,1,1,0,7,1,3,0,0,1,8,1,0,1,1,0,4,1,2,0,0,"[8, 7, 6, 5, 4, 3, 2, 1, 0]","[8, 7, 8, 7, 8, 7, 8, 7, 8, 7]","[8, 7, 6, 5, 4, 3, 2, 1, 2, 1]","[8, 7, 6, 5, 4, 3, 2, 1, 2, 3]","[8, 7, 6, 5, 4, 3, 2, 1, 0]","[8, 7, 6, 5, 4, 3, 2, 1, 0]","[0, 24, 19, 14, 9, 4, 3, 2, 1, 0]","[0, 24, 19, 24, 19, 24, 19, 24, 19, 24, 19]","[0, 24, 19, 18, 17, 16, 11, 6, 1, 2, 1]","[0, 24, 19, 18, 17, 16, 11, 6, 1, 2, 7]","[0, 24, 19, 14, 9, 8, 7, 6, 5, 0]","[0, 24, 23, 18, 13, 8, 7, 2, 1, 0]"
65.64,3,1,1,123,230,3,C8,24,0,0.50988125,8,0,1,2.2084475436881177,2.2,8.0,4.0,1,0,0,1,0,1,0,7,3,0,1,0,1,8,2,1,2,1,0,4,2,0,1,0,"[8, 7, 6, 5, 4, 3, 2, 1, 0]","[8, 7, 8, 7, 8, 7, 8, 7, 8, 7]","[8, 7, 6, 5, 4, 3, 2, 3, 2, 3]","[8, 7, 6, 5, 4, 3, 2, 1, 0]","[8, 7, 6, 5, 4, 3, 2, 1, 2, 1]","[8, 7, 6, 5, 4, 3, 2, 1, 0]","[0, 24, 19, 14, 9, 4, 3, 2, 1, 0]","[0, 24, 19, 24, 19, 24, 19, 24, 19, 24, 19]","[0, 24, 19, 14, 13, 12, 11, 10, 15, 10, 11]","[0, 24, 19, 14, 13, 12, 11, 10, 5, 0]","[0, 24, 19, 14, 13, 8, 7, 6, 5, 6, 5]","[0, 24, 23, 18, 13, 8, 7, 2, 1, 0]"
65.6,3,2,1,123,220,11,C8,20,4,0.4881895833333333,8,0,1,1.921395733922719,3.0,5.0,4.0,0,0,1,0,1,1,1,7,0,7,0,0,1,5,1,1,1,1,1,4,0,4,0,0,"[8, 7, 6, 5, 4, 3, 2, 1, 2, 1]","[8, 7, 6, 7, 6, 7, 8, 7, 6, 7]","[8, 7, 6, 5, 4, 3, 2, 1, 0]","[8, 7, 6, 5, 4, 3, 4, 5, 6, 7]","[8, 7, 6, 5, 4, 3, 2, 1, 0]","[8, 7, 6, 5, 4, 3, 2, 1, 0]","[4, 20, 15, 10, 5, 0, 1, 2, 3, 8, 3]","[4, 20, 21, 16, 21, 16, 21, 20, 15, 10, 15]","[4, 20, 15, 10, 5, 6, 1, 2, 3, 4]","[4, 20, 15, 10, 11, 6, 7, 12, 17, 16, 15]","[4, 20, 15, 16, 17, 18, 13, 8, 3, 4]","[4, 20, 21, 22, 17, 12, 7, 2, 3, 4]"
65.4,4,1,0,321,305,2,C7,20,9,0.6771479166666666,7,0,1,1.9160185863971704,2.0,4.0,2.0,0,0,1,0,0,1,2,4,0,2,2,0,0,4,1,0,0,1,1,2,0,1,1,0,"[7, 6, 5, 4, 3, 4, 3, 2]","[7, 6, 7, 6, 5, 6, 5, 4]","[7, 6, 5, 4, 3, 2, 1, 0]","[7, 6, 5, 4, 3, 4, 3, 2]","[7, 6, 5, 4, 3, 2, 1, 2]","[7, 6, 5, 4, 3, 2, 1, 0]","[9, 20, 21, 16, 11, 6, 1, 2, 3]","[9, 20, 21, 20, 21, 22, 21, 22, 23]","[9, 20, 15, 16, 11, 6, 7, 8, 9]","[9, 20, 21, 16, 11, 6, 1, 2, 3]","[9, 20, 21, 22, 23, 18, 13, 8, 3]","[9, 20, 21, 16, 11, 6, 7, 8, 9]"
65.36,3,2,0,321,235,26,C7,21,4,0.5238520833333333,7,0,1,2.1241744642853733,2.8,8.0,5.0,1,0,1,0,0,1,0,8,0,2,4,0,1,8,1,3,0,1,0,5,0,2,3,0,"[7, 6, 5, 4, 3, 2, 1, 0]","[7, 8, 7, 8, 7, 8, 7, 8, 7, 8]","[7, 6, 5, 4, 3, 2, 1, 0]","[7, 6, 5, 4, 3, 2, 3, 4, 3, 2]","[7, 6, 5, 4, 3, 2, 3, 2, 3, 4]","[7, 6, 5, 4, 3, 2, 1, 0]","[4, 21, 16, 11, 6, 1, 2, 3, 4]","[4, 21, 20, 21, 20, 21, 20, 21, 20, 21, 20]","[4, 21, 16, 11, 12, 13, 8, 9, 4]","[4, 21, 16, 11, 6, 1, 2, 7, 6, 1, 2]","[4, 21, 22, 23, 18, 13, 8, 7, 2, 1, 0]","[4, 21, 16, 11, 6, 1, 2, 3, 4]"
65.36,3,3,0,42,260,10,C7,3,20,0.5761291666666667,7,0,1,2.17665826433897,2.8,7.0,4.0,1,0,1,0,0,1,0,6,0,4,4,0,1,7,1,0,0,1,0,4,0,3,3,0,"[7, 6, 5, 4, 3, 2, 1, 0]","[7, 6, 7, 6, 7, 6, 7, 6, 5, 6]","[7, 6, 5, 4, 3, 2, 1, 0]","[7, 6, 5, 4, 3, 2, 1, 2, 3, 4]","[7, 6, 5, 4, 3, 2, 1, 2, 3, 4]","[7, 6, 5, 4, 3, 2, 1, 0]","[20, 3, 2, 1, 0, 5, 10, 15, 20]","[20, 3, 8, 3, 8, 3, 8, 3, 8, 13, 8]","[20, 3, 8, 13, 12, 17, 16, 15, 20]","[20, 3, 2, 7, 6, 11, 16, 21, 22, 23, 18]","[20, 3, 2, 1, 6, 11, 16, 21, 22, 23, 18]","[20, 3, 8, 7, 6, 5, 10, 15, 20]"
65.12,3,2,0,321,335,5,C8,0,24,0.742725,8,0,1,3.5424349814355365,2.6,6.0,4.0,1,0,1,0,0,1,0,7,0,3,3,0,1,6,1,4,0,1,0,4,0,2,2,0,"[8, 7, 6, 5, 4, 3, 2, 1, 0]","[8, 7, 6, 7, 8, 7, 8, 7, 8, 7]","[8, 7, 6, 5, 4, 3, 2, 1, 0]","[8, 7, 6, 5, 4, 3, 4, 3, 4, 3]","[8, 7, 6, 5, 4, 3, 2, 1, 2, 3]","[8, 7, 6, 5, 4, 3, 2, 1, 0]","[24, 0, 5, 6, 7, 12, 13, 18, 23, 24]","[24, 0, 5, 6, 5, 0, 1, 0, 1, 0, 1]","[24, 0, 1, 2, 7, 12, 17, 18, 19, 24]","[24, 0, 1, 2, 3, 4, 9, 4, 9, 4, 9]","[24, 0, 1, 6, 11, 16, 17, 18, 19, 14, 9]","[24, 0, 1, 2, 3, 8, 13, 18, 23, 24]"
65.12,3,1,0,42,260,15,C8,24,0,0.5761916666666667,8,0,1,4.435308719396589,2.6,8.0,4.0,1,0,0,1,0,1,0,7,3,0,3,0,1,8,2,1,0,1,0,4,2,0,2,0,"[8, 7, 6, 5, 4, 3, 2, 1, 0]","[8, 7, 8, 7, 8, 7, 8, 7, 8, 7]","[8, 7, 6, 5, 4, 3, 2, 3, 2, 3]","[8, 7, 6, 5, 4, 3, 2, 1, 0]","[8, 7, 6, 5, 4, 3, 2, 1, 2, 3]","[8, 7, 6, 5, 4, 3, 2, 1, 0]","[0, 24, 19, 14, 9, 8, 7, 6, 5, 0]","[0, 24, 19, 24, 19, 24, 19, 24, 19, 24, 19]","[0, 24, 19, 14, 13, 12, 11, 6, 7, 6, 7]","[0, 24, 19, 14, 9, 8, 7, 6, 5, 0]","[0, 24, 19, 14, 13, 8, 7, 6, 5, 10, 15]","[0, 24, 19, 14, 13, 8, 7, 6, 5, 0]"
65.12,3,1,0,42,390,13,C8,4,20,0.8609791666666666,8,0,1,3.3134383748918763,2.6,8.0,4.0,0,0,1,1,0,1,3,7,0,0,3,0,0,8,1,1,0,1,2,4,0,0,2,0,"[8, 7, 6, 5, 4, 3, 2, 1, 2, 3]","[8, 7, 8, 7, 8, 7, 8, 7, 8, 7]","[8, 7, 6, 5, 4, 3, 2, 1, 0]","[8, 7, 6, 5, 4, 3, 2, 1, 0]","[8, 7, 6, 5, 4, 3, 2, 1, 2, 3]","[8, 7, 6, 5, 4, 3, 2, 1, 0]","[20, 4, 3, 2, 1, 6, 11, 16, 21, 22, 23]","[20, 4, 9, 4, 9, 4, 9, 4, 9, 4, 9]","[20, 4, 3, 8, 13, 12, 11, 10, 15, 20]","[20, 4, 9, 8, 7, 6, 5, 10, 15, 20]","[20, 4, 3, 2, 1, 6, 11, 16, 21, 22, 17]","[20, 4, 9, 8, 7, 6, 11, 16, 21, 20]"
64.88,4,1,1,123,165,5,C6,4,16,0.3682166666666667,6,0,1,2.5940336994330075,2.4,4.0,3.0,0,0,0,1,0,1,3,5,1,0,3,0,0,4,0,1,0,1,2,3,1,0,2,0,"[6, 5, 4, 3, 2, 1, 2, 3]","[6, 5, 4, 5, 4, 3, 4, 5]","[6, 5, 4, 3, 2, 3, 2, 1]","[6, 5, 4, 3, 2, 1, 0]","[6, 5, 4, 3, 2, 1, 2, 3]","[6, 5, 4, 3, 2, 1, 0]","[16, 4, 3, 8, 7, 6, 11, 12, 13]","[16, 4, 3, 8, 3, 8, 13, 8, 3]","[16, 4, 9, 14, 19, 18, 23, 22, 21]","[16, 4, 3, 8, 13, 12, 17, 16]","[16, 4, 3, 2, 7, 12, 17, 22, 23]","[16, 4, 3, 2, 1, 6, 11, 16]"
64.88,4,1,0,321,335,21,C6,3,15,0.7429020833333333,6,0,1,3.366960946917533,2.4,5.0,3.0,0,0,1,0,0,1,2,6,0,2,2,0,0,5,1,0,0,1,1,3,0,1,1,0,"[6, 5, 4, 3, 4, 3, 2]","[6, 7, 6, 7, 6, 7, 6]","[6, 5, 4, 3, 2, 1, 0]","[6, 5, 4, 3, 2, 1, 2]","[6, 5, 4, 3, 2, 1, 2]","[6, 5, 4, 3, 2, 1, 0]","[15, 3, 8, 13, 18, 23, 22, 21]","[15, 3, 4, 3, 4, 3, 4, 3]","[15, 3, 2, 7, 12, 11, 16, 15]","[15, 3, 2, 1, 6, 11, 16, 21]","[15, 3, 2, 7, 12, 11, 16, 21]","[15, 3, 2, 7, 12, 17, 16, 15]"
64.88,4,1,0,42,310,6,C6,23,5,0.6857979166666667,6,0,1,2.6177831110358234,2.4,5.0,3.0,0,0,0,0,1,1,2,6,2,2,0,0,0,5,0,0,1,1,1,3,1,1,0,0,"[6, 5, 4, 3, 4, 3, 2]","[6, 5, 6, 5, 6, 5, 6]","[6, 5, 4, 3, 2, 1, 2]","[6, 5, 4, 3, 4, 3, 2]","[6, 5, 4, 3, 2, 1, 0]","[6, 5, 4, 3, 2, 1, 0]","[5, 23, 18, 13, 8, 3, 2, 1]","[5, 23, 18, 23, 18, 23, 18, 23]","[5, 23, 18, 17, 16, 11, 6, 1]","[5, 23, 18, 13, 8, 3, 2, 1]","[5, 23, 18, 13, 8, 7, 6, 5]","[5, 23, 18, 13, 8, 7, 6, 5]"
64.64,3,1,1,123,145,12,C8,20,4,0.32450625,8,0,1,2.5202253548130376,2.2,7.0,4.0,1,0,0,1,0,1,0,7,3,0,1,0,1,7,0,1,2,1,0,4,2,0,1,0,"[8, 7, 6, 5, 4, 3, 2, 1, 0]","[8, 7, 8, 7, 6, 7, 8, 7, 8, 7]","[8, 7, 6, 5, 4, 3, 2, 1, 2, 3]","[8, 7, 6, 5, 4, 3, 2, 1, 0]","[8, 7, 6, 5, 4, 3, 2, 3, 2, 1]","[8, 7, 6, 5, 4, 3, 2, 1, 0]","[4, 20, 15, 10, 11, 6, 1, 2, 3, 4]","[4, 20, 15, 20, 15, 10, 15, 20, 15, 20, 15]","[4, 20, 21, 16, 11, 6, 7, 8, 9, 14, 19]","[4, 20, 21, 16, 11, 6, 7, 2, 3, 4]","[4, 20, 15, 10, 11, 12, 13, 14, 13, 14, 9]","[4, 20, 21, 22, 17, 12, 7, 2, 3, 4]"
64.64,3,2,1,321,165,13,C8,20,4,0.3702708333333333,8,0,1,3.492504481382668,2.2,6.0,3.0,1,0,0,1,0,1,0,5,1,0,5,0,1,6,1,1,0,1,0,3,1,0,3,0,"[8, 7, 6, 5, 4, 3, 2, 1, 0]","[8, 7, 6, 7, 8, 7, 8, 7, 6, 5]","[8, 7, 6, 5, 4, 5, 4, 3, 2, 1]","[8, 7, 6, 5, 4, 3, 2, 1, 0]","[8, 7, 6, 5, 4, 3, 2, 3, 4, 5]","[8, 7, 6, 5, 4, 3, 2, 1, 0]","[4, 20, 21, 22, 17, 12, 7, 2, 3, 4]","[4, 20, 21, 22, 21, 20, 21, 20, 21, 22, 23]","[4, 20, 15, 10, 11, 12, 11, 6, 7, 2, 3]","[4, 20, 21, 16, 11, 12, 13, 8, 9, 4]","[4, 20, 15, 16, 11, 12, 13, 8, 7, 6, 5]","[4, 20, 21, 16, 17, 12, 7, 8, 3, 4]"
64.64,3,1,1,321,205,23,C8,4,20,0.4581770833333333,8,0,1,1.9732565972656,2.2,7.0,4.0,0,0,1,1,0,1,1,7,0,0,3,0,0,7,1,1,2,1,1,4,0,0,2,0,"[8, 7, 6, 5, 4, 3, 2, 1, 2, 1]","[8, 7, 8, 7, 8, 7, 6, 7, 8, 7]","[8, 7, 6, 5, 4, 3, 2, 1, 0]","[8, 7, 6, 5, 4, 3, 2, 1, 0]","[8, 7, 6, 5, 4, 3, 2, 3, 2, 3]","[8, 7, 6, 5, 4, 3, 2, 1, 0]","[20, 4, 9, 14, 19, 24, 23, 22, 21, 16, 15]","[20, 4, 3, 4, 3, 4, 3, 2, 3, 4, 3]","[20, 4, 9, 8, 13, 12, 17, 16, 21, 20]","[20, 4, 9, 8, 7, 12, 11, 16, 21, 20]","[20, 4, 9, 8, 7, 12, 17, 22, 17, 22, 23]","[20, 4, 9, 8, 7, 12, 17, 22, 21, 20]"
64.6,3,3,0,42,300,16,C6,8,20,0.6638416666666667,6,0,1,3.873221214562654,3.0,8.0,5.0,1,0,0,1,0,1,0,7,3,0,5,0,1,8,4,1,0,1,0,5,3,0,4,0,"[6, 5, 4, 3, 2, 1, 0]","[6, 7, 6, 7, 6, 7, 6, 7, 6, 7]","[6, 5, 4, 3, 2, 3, 2, 3, 4, 3]","[6, 5, 4, 3, 2, 1, 0]","[6, 5, 4, 3, 2, 3, 2, 3, 4, 5]","[6, 5, 4, 3, 2, 1, 0]","[20, 8, 7, 6, 5, 10, 15, 20]","[20, 8, 3, 8, 3, 8, 3, 8, 3, 8, 3]","[20, 8, 7, 6, 11, 16, 11, 16, 11, 12, 11]","[20, 8, 7, 6, 11, 16, 21, 20]","[20, 8, 7, 6, 11, 16, 17, 22, 23, 24, 19]","[20, 8, 7, 6, 11, 10, 15, 20]"
64.44,4,1,3,123,130,6,C6,20,2,0.291375,6,0,1,3.1960811433196064,1.2,4.0,2.0,1,0,0,0,0,1,0,3,1,1,1,0,1,4,1,0,0,1,0,2,1,1,1,0,"[6, 5, 4, 3, 2, 1, 0]","[6, 5, 4, 3, 4, 5, 4, 3]","[6, 5, 4, 3, 2, 3, 2, 1]","[6, 5, 4, 3, 2, 1, 2, 1]","[6, 5, 4, 3, 2, 1, 2, 1]","[6, 5, 4, 3, 2, 1, 0]","[2, 20, 15, 10, 5, 0, 1, 2]","[2, 20, 15, 10, 5, 10, 15, 10, 5]","[2, 20, 15, 16, 11, 12, 13, 12, 7]","[2, 20, 15, 10, 5, 0, 1, 6, 7]","[2, 20, 15, 16, 17, 12, 7, 8, 3]","[2, 20, 21, 22, 17, 12, 7, 2]"
64.44,4,0,3,123,335,7,C7,20,3,0.7402333333333333,7,0,1,4.194622272789477,1.2,3.0,2.0,0,0,1,0,0,1,1,3,0,1,1,0,0,3,1,0,0,1,1,2,0,1,1,0,"[7, 6, 5, 4, 3, 2, 3, 2, 1]","[7, 6, 5, 4, 3, 2, 3, 2, 3]","[7, 6, 5, 4, 3, 2, 1, 0]","[7, 6, 5, 4, 3, 2, 1, 2, 1]","[7, 6, 5, 4, 3, 2, 3, 2, 1]","[7, 6, 5, 4, 3, 2, 1, 0]","[3, 20, 15, 10, 11, 12, 13, 14, 9, 4]","[3, 20, 21, 16, 11, 6, 1, 6, 1, 6]","[3, 20, 21, 16, 11, 6, 1, 2, 3]","[3, 20, 15, 10, 5, 6, 7, 8, 9, 4]","[3, 20, 15, 10, 11, 12, 13, 14, 9, 4]","[3, 20, 21, 16, 11, 6, 7, 2, 3]"
64.44,4,0,3,321,345,0,C7,20,3,0.7648645833333333,7,0,1,3.533362004697322,1.2,3.0,2.0,1,0,0,0,0,1,0,3,1,1,1,0,1,3,0,0,0,1,0,2,1,1,1,0,"[7, 6, 5, 4, 3, 2, 1, 0]","[7, 6, 7, 6, 5, 4, 3, 4, 3]","[7, 6, 5, 4, 3, 2, 1, 2, 1]","[7, 6, 5, 4, 3, 2, 1, 2, 1]","[7, 6, 5, 4, 3, 4, 3, 2, 1]","[7, 6, 5, 4, 3, 2, 1, 0]","[3, 20, 21, 16, 11, 6, 7, 2, 3]","[3, 20, 21, 20, 21, 22, 17, 18, 19, 18]","[3, 20, 15, 10, 5, 6, 7, 8, 9, 4]","[3, 20, 21, 16, 17, 12, 7, 8, 9, 4]","[3, 20, 21, 22, 23, 18, 19, 14, 9, 4]","[3, 20, 21, 16, 17, 12, 7, 2, 3]"
64.36,3,1,0,321,430,7,C8,0,24,0.9503333333333334,8,0,1,2.992282116197049,2.8,7.0,4.0,1,0,0,0,1,1,0,8,4,2,0,0,1,7,3,0,1,1,0,4,2,1,0,0,"[8, 7, 6, 5, 4, 3, 2, 1, 0]","[8, 7, 8, 7, 8, 7, 8, 7, 8]","[8, 7, 6, 5, 4, 3, 4, 3, 4]","[8, 7, 6, 5, 4, 3, 2, 1, 2]","[8, 7, 6, 5, 4, 3, 2, 1, 0]","[8, 7, 6, 5, 4, 3, 2, 1, 0]","[24, 0, 1, 2, 3, 4, 9, 14, 19, 24]","[24, 0, 1, 0, 1, 0, 1, 0, 1, 0]","[24, 0, 1, 2, 3, 4, 9, 4, 9, 4]","[24, 0, 1, 2, 3, 8, 13, 18, 23, 22]","[24, 0, 1, 6, 11, 16, 17, 18, 19, 24]","[24, 0, 1, 6, 7, 8, 13, 18, 23, 24]"
64.36,3,2,0,321,120,3,C7,4,21,0.269875,7,0,1,3.2257047554254528,2.8,8.0,4.0,0,0,0,1,1,1,6,6,2,0,0,0,5,8,1,1,1,1,4,4,2,0,0,0,"[7, 6, 5, 4, 5, 4, 5, 4, 5, 6]","[7, 6, 7, 6, 7, 6, 7, 6, 7, 6]","[7, 6, 5, 4, 3, 2, 3, 4, 3, 2]","[7, 6, 5, 4, 3, 2, 1, 0]","[7, 6, 5, 4, 3, 2, 1, 0]","[7, 6, 5, 4, 3, 2, 1, 0]","[21, 4, 3, 2, 1, 0, 1, 0, 1, 2, 3]","[21, 4, 3, 4, 3, 4, 3, 4, 3, 4, 3]","[21, 4, 3, 2, 1, 6, 11, 6, 7, 12, 17]","[21, 4, 3, 2, 1, 6, 11, 16, 21]","[21, 4, 9, 8, 7, 12, 11, 16, 21]","[21, 4, 9, 14, 13, 12, 11, 16, 21]"
64.36,3,2,0,42,220,14,C7,15,4,0.48883125,7,0,1,5.197756399750709,2.8,7.0,5.0,0,0,1,1,0,1,2,8,0,0,4,0,3,7,1,3,0,1,2,5,0,1,3,0,"[7, 6, 5, 4, 3, 2, 1, 2, 1, 2]","[7, 8, 7, 8, 7, 6, 7, 8, 7, 8]","[7, 6, 5, 4, 3, 2, 1, 0]","[7, 6, 5, 4, 5, 4, 3, 2, 1, 0]","[7, 6, 5, 4, 3, 2, 3, 4, 5, 4]","[7, 6, 5, 4, 3, 2, 1, 0]","[4, 15, 16, 17, 18, 19, 14, 9, 14, 9, 14]","[4, 15, 20, 15, 20, 15, 10, 15, 20, 15, 20]","[4, 15, 10, 5, 6, 7, 8, 9, 4]","[4, 15, 16, 17, 18, 17, 18, 19, 14, 9, 4]","[4, 15, 16, 17, 18, 13, 8, 7, 6, 11, 12]","[4, 15, 16, 17, 18, 13, 8, 3, 4]"
64.36,3,1,0,321,230,8,C8,0,24,0.5127354166666667,8,0,1,1.88778314103186,2.8,7.0,4.0,1,0,0,1,0,1,0,8,2,0,4,0,1,7,1,1,1,1,0,4,1,0,2,0,"[8, 7, 6, 5, 4, 3, 2, 1, 0]","[8, 7, 8, 7, 8, 7, 8, 7, 8]","[8, 7, 6, 5, 4, 3, 2, 1, 2]","[8, 7, 6, 5, 4, 3, 2, 1, 0]","[8, 7, 6, 5, 4, 3, 2, 3, 4]","[8, 7, 6, 5, 4, 3, 2, 1, 0]","[24, 0, 1, 2, 3, 4, 9, 14, 19, 24]","[24, 0, 1, 0, 1, 0, 1, 0, 1, 0]","[24, 0, 1, 2, 7, 8, 9, 14, 19, 14]","[24, 0, 1, 6, 11, 16, 21, 22, 23, 24]","[24, 0, 1, 2, 7, 12, 17, 18, 13, 12]","[24, 0, 1, 2, 3, 4, 9, 14, 19, 24]"
64.12,3,2,1,321,270,8,C7,0,23,0.6007583333333333,7,0,1,3.026953426539897,2.6,7.0,4.0,0,0,1,1,0,1,1,7,0,0,5,0,0,7,1,1,3,1,1,4,0,0,3,0,"[7, 6, 5, 4, 3, 2, 1, 2, 1]","[7, 6, 7, 6, 7, 6, 7, 6, 7]","[7, 6, 5, 4, 3, 2, 1, 0]","[7, 6, 5, 4, 3, 2, 1, 0]","[7, 6, 5, 4, 3, 4, 3, 4, 5]","[7, 6, 5, 4, 3, 2, 1, 0]","[23, 0, 1, 2, 3, 8, 13, 18, 17, 22]","[23, 0, 1, 0, 1, 0, 1, 0, 1, 0]","[23, 0, 1, 2, 7, 12, 17, 18, 23]","[23, 0, 5, 10, 11, 16, 17, 22, 23]","[23, 0, 1, 2, 7, 8, 3, 8, 3, 2]","[23, 0, 1, 2, 7, 8, 13, 18, 23]"
64.12,3,2,0,42,160,8,C8,0,24,0.3571333333333333,8,0,1,2.060662530891596,2.6,5.0,4.0,1,0,1,0,0,1,0,7,0,3,3,0,1,5,1,4,0,1,0,4,0,2,2,0,"[8, 7, 6, 5, 4, 3, 2, 1, 0]","[8, 7, 6, 7, 6, 5, 4, 5, 6, 7]","[8, 7, 6, 5, 4, 3, 2, 1, 0]","[8, 7, 6, 5, 4, 3, 4, 3, 4, 3]","[8, 7, 6, 5, 4, 3, 2, 1, 2, 3]","[8, 7, 6, 5, 4, 3, 2, 1, 0]","[24, 0, 5, 10, 11, 16, 21, 22, 23, 24]","[24, 0, 1, 6, 1, 6, 11, 16, 11, 6, 1]","[24, 0, 1, 2, 3, 4, 9, 14, 19, 24]","[24, 0, 1, 2, 3, 4, 9, 4, 9, 4, 9]","[24, 0, 5, 10, 11, 16, 17, 18, 19, 14, 13]","[24, 0, 5, 10, 15, 16, 17, 22, 23, 24]"
64.12,3,1,0,321,115,7,C8,20,4,0.2585729166666666,8,0,1,0.3195106006860722,2.6,7.0,4.0,0,0,1,0,1,1,3,7,0,3,0,0,1,7,1,3,1,1,2,4,0,2,0,0,"[8, 7, 6, 5, 4, 3, 2, 1, 2, 3]","[8, 7, 8, 7, 8, 7, 8, 7, 6, 7]","[8, 7, 6, 5, 4, 3, 2, 1, 0]","[8, 7, 6, 5, 4, 3, 2, 3, 2, 3]","[8, 7, 6, 5, 4, 3, 2, 1, 0]","[8, 7, 6, 5, 4, 3, 2, 1, 0]","[4, 20, 21, 22, 23, 24, 19, 14, 9, 14, 13]","[4, 20, 21, 20, 21, 20, 21, 20, 21, 22, 21]","[4, 20, 21, 16, 11, 12, 13, 14, 9, 4]","[4, 20, 21, 22, 23, 24, 19, 14, 19, 14, 19]","[4, 20, 21, 22, 23, 24, 19, 14, 9, 4]","[4, 20, 21, 22, 23, 24, 19, 14, 9, 4]"
64.12,3,1,0,321,130,7,C8,20,4,0.29215625,8,0,1,0.6631495393514624,2.6,7.0,4.0,1,0,0,0,1,1,0,7,3,3,0,0,1,7,3,0,1,1,0,4,2,2,0,0,"[8, 7, 6, 5, 4, 3, 2, 1, 0]","[8, 7, 6, 7, 6, 7, 6, 7, 6, 7]","[8, 7, 6, 5, 4, 3, 2, 3, 2, 3]","[8, 7, 6, 5, 4, 3, 2, 1, 2, 3]","[8, 7, 6, 5, 4, 3, 2, 1, 0]","[8, 7, 6, 5, 4, 3, 2, 1, 0]","[4, 20, 21, 16, 11, 6, 7, 2, 3, 4]","[4, 20, 15, 16, 15, 16, 15, 16, 15, 16, 15]","[4, 20, 21, 22, 23, 24, 19, 14, 19, 14, 19]","[4, 20, 21, 22, 17, 12, 7, 8, 9, 14, 19]","[4, 20, 21, 22, 23, 24, 19, 14, 9, 4]","[4, 20, 21, 22, 17, 12, 7, 2, 3, 4]"
63.92,4,1,2,123,130,13,C6,21,3,0.29144375,6,0,1,3.0591229800879947,1.6,4.0,2.0,0,0,1,0,0,1,1,3,0,3,1,0,1,4,1,0,0,1,1,2,0,2,1,0,"[6, 5, 4, 3, 2, 1, 2, 1]","[6, 5, 6, 5, 6, 5, 4, 3]","[6, 5, 4, 3, 2, 1, 0]","[6, 5, 4, 3, 2, 1, 2, 3]","[6, 5, 4, 3, 2, 3, 2, 1]","[6, 5, 4, 3, 2, 1, 0]","[3, 21, 22, 17, 12, 13, 8, 9, 8]","[3, 21, 16, 21, 16, 21, 16, 11, 6]","[3, 21, 16, 11, 6, 7, 2, 3]","[3, 21, 16, 11, 6, 7, 8, 9, 14]","[3, 21, 16, 17, 12, 13, 14, 9, 4]","[3, 21, 16, 11, 6, 1, 2, 3]"
63.88,3,1,0,321,405,2,C8,4,20,0.896025,8,0,1,3.551090448506175,2.4,7.0,4.0,0,0,1,1,0,1,2,8,0,0,2,0,0,7,1,1,0,1,1,4,0,0,1,0,"[8, 7, 6, 5, 4, 3, 2, 1, 2]","[8, 7, 8, 7, 8, 7, 8, 7, 8]","[8, 7, 6, 5, 4, 3, 2, 1, 0]","[8, 7, 6, 5, 4, 3, 2, 1, 0]","[8, 7, 6, 5, 4, 3, 2, 1, 2]","[8, 7, 6, 5, 4, 3, 2, 1, 0]","[20, 4, 9, 14, 19, 18, 17, 16, 15, 10]","[20, 4, 3, 4, 3, 4, 3, 4, 3, 4]","[20, 4, 9, 14, 19, 18, 17, 22, 21, 20]","[20, 4, 3, 8, 7, 12, 17, 16, 21, 20]","[20, 4, 3, 2, 1, 6, 11, 16, 21, 22]","[20, 4, 9, 8, 7, 12, 11, 16, 15, 20]"
63.88,3,1,0,321,295,4,C8,0,24,0.65561875,8,0,1,4.3839999135285606,2.4,7.0,4.0,0,0,1,1,0,1,2,8,0,0,2,0,0,7,1,1,0,1,1,4,0,0,1,0,"[8, 7, 6, 5, 4, 3, 2, 1, 2]","[8, 7, 8, 7, 8, 7, 8, 7, 8]","[8, 7, 6, 5, 4, 3, 2, 1, 0]","[8, 7, 6, 5, 4, 3, 2, 1, 0]","[8, 7, 6, 5, 4, 3, 2, 1, 2]","[8, 7, 6, 5, 4, 3, 2, 1, 0]","[24, 0, 1, 2, 3, 4, 9, 14, 19, 18]","[24, 0, 1, 0, 1, 0, 1, 0, 1, 0]","[24, 0, 1, 6, 7, 8, 13, 14, 19, 24]","[24, 0, 1, 6, 11, 12, 13, 14, 19, 24]","[24, 0, 1, 6, 11, 12, 17, 18, 19, 14]","[24, 0, 1, 2, 7, 8, 13, 18, 19, 24]"
63.88,3,2,0,123,400,5,C7,20,3,0.8825291666666667,7,0,1,2.697663759231567,2.4,8.0,4.0,1,0,0,0,1,1,0,6,2,4,0,0,1,8,1,0,1,1,1,4,2,3,0,0,"[7, 6, 5, 4, 3, 4, 3, 2, 1, 0]","[7, 6, 7, 6, 7, 6, 7, 6, 7, 6]","[7, 6, 5, 4, 3, 2, 1, 2, 1, 2]","[7, 6, 5, 4, 3, 2, 1, 2, 3, 4]","[7, 6, 5, 4, 3, 2, 1, 0]","[7, 6, 5, 4, 3, 2, 1, 0]","[3, 20, 21, 22, 23, 18, 19, 14, 9, 4, 3]","[3, 20, 15, 20, 15, 20, 15, 20, 15, 20, 15]","[3, 20, 21, 22, 17, 12, 7, 8, 9, 4, 9]","[3, 20, 21, 22, 17, 12, 7, 8, 13, 18, 23]","[3, 20, 21, 22, 23, 18, 13, 8, 3]","[3, 20, 21, 22, 23, 18, 13, 8, 3]"
63.88,3,1,0,321,250,13,C8,20,4,0.5567208333333333,8,0,1,3.345586932420729,2.4,7.0,4.0,1,0,1,0,0,1,0,8,0,2,2,0,1,7,1,0,0,1,0,4,0,1,1,0,"[8, 7, 6, 5, 4, 3, 2, 1, 0]","[8, 7, 8, 7, 8, 7, 8, 7, 8]","[8, 7, 6, 5, 4, 3, 2, 1, 0]","[8, 7, 6, 5, 4, 3, 2, 1, 2]","[8, 7, 6, 5, 4, 3, 2, 1, 2]","[8, 7, 6, 5, 4, 3, 2, 1, 0]","[4, 20, 21, 16, 11, 6, 7, 2, 3, 4]","[4, 20, 21, 20, 21, 20, 21, 20, 21, 20]","[4, 20, 21, 16, 17, 12, 7, 2, 3, 4]","[4, 20, 21, 16, 11, 12, 13, 8, 9, 14]","[4, 20, 15, 16, 17, 18, 13, 8, 3, 2]","[4, 20, 21, 16, 11, 6, 7, 8, 9, 4]"
63.88,4,1,0,42,110,15,C6,24,6,0.2465104166666666,6,0,1,3.5872110073268404,2.4,4.0,3.0,0,0,0,0,1,1,2,6,2,2,0,0,0,4,0,0,1,1,1,3,1,1,0,0,"[6, 5, 4, 3, 4, 3, 2]","[6, 5, 4, 5, 6, 5, 6]","[6, 5, 4, 3, 2, 3, 2]","[6, 5, 4, 3, 2, 3, 2]","[6, 5, 4, 3, 2, 1, 0]","[6, 5, 4, 3, 2, 1, 0]","[6, 24, 19, 14, 9, 4, 3, 2]","[6, 24, 19, 14, 19, 24, 19, 24]","[6, 24, 19, 14, 9, 8, 13, 12]","[6, 24, 19, 14, 9, 8, 3, 2]","[6, 24, 23, 22, 17, 12, 7, 6]","[6, 24, 19, 14, 9, 8, 7, 6]"
63.88,3,2,0,123,150,9,C7,4,15,0.3354125,7,0,1,2.823267828464507,2.4,8.0,4.0,0,0,1,1,0,1,4,6,0,0,2,0,2,8,2,1,2,1,3,4,1,0,2,0,"[7, 6, 5, 4, 5, 4, 3, 4, 5, 4]","[7, 6, 7, 6, 7, 6, 7, 6, 7, 6]","[7, 6, 7, 6, 5, 4, 3, 2, 1, 0]","[7, 6, 5, 4, 3, 2, 1, 0]","[7, 6, 5, 4, 3, 2, 3, 2, 3, 2]","[7, 6, 5, 4, 3, 2, 1, 0]","[15, 4, 3, 8, 13, 14, 19, 18, 19, 24, 19]","[15, 4, 9, 4, 9, 4, 9, 4, 9, 4, 9]","[15, 4, 3, 4, 9, 14, 19, 18, 17, 16, 15]","[15, 4, 3, 8, 13, 18, 17, 16, 15]","[15, 4, 9, 14, 13, 12, 17, 22, 21, 22, 21]","[15, 4, 9, 8, 7, 6, 5, 10, 15]"
63.88,3,1,0,42,305,4,C8,20,4,0.6746729166666666,8,0,1,3.98834215734899,2.4,7.0,4.0,1,0,0,0,1,1,0,8,2,2,0,0,1,7,0,1,1,1,0,4,1,1,0,0,"[8, 7, 6, 5, 4, 3, 2, 1, 0]","[8, 7, 8, 7, 8, 7, 8, 7, 8]","[8, 7, 6, 5, 4, 3, 2, 3, 2]","[8, 7, 6, 5, 4, 3, 2, 1, 2]","[8, 7, 6, 5, 4, 3, 2, 1, 0]","[8, 7, 6, 5, 4, 3, 2, 1, 0]","[4, 20, 15, 16, 17, 18, 19, 14, 9, 4]","[4, 20, 15, 20, 15, 20, 15, 20, 15, 20]","[4, 20, 21, 16, 11, 6, 7, 8, 13, 14]","[4, 20, 21, 22, 23, 18, 13, 8, 3, 8]","[4, 20, 21, 22, 17, 18, 19, 14, 9, 4]","[4, 20, 21, 22, 23, 18, 13, 8, 3, 4]"
63.64,3,1,1,42,190,10,C8,0,24,0.4229354166666667,8,0,1,2.0846753531768907,2.2,6.0,4.0,0,0,1,1,0,1,3,7,0,0,1,0,0,6,1,1,0,1,2,4,0,0,1,0,"[8, 7, 6, 5, 6, 5, 4, 3, 2, 3]","[8, 7, 6, 5, 6, 7, 6, 7, 6, 7]","[8, 7, 6, 5, 4, 3, 2, 1, 0]","[8, 7, 6, 5, 4, 3, 2, 1, 0]","[8, 7, 6, 5, 4, 3, 2, 1, 2, 1]","[8, 7, 6, 5, 4, 3, 2, 1, 0]","[24, 0, 1, 6, 11, 10, 15, 16, 21, 22, 17]","[24, 0, 1, 6, 11, 6, 1, 6, 1, 6, 1]","[24, 0, 1, 2, 3, 4, 9, 14, 19, 24]","[24, 0, 1, 6, 11, 16, 21, 22, 23, 24]","[24, 0, 1, 6, 11, 16, 21, 22, 23, 18, 19]","[24, 0, 1, 6, 11, 16, 21, 22, 23, 24]"
63.6,3,3,0,321,265,0,C6,2,24,0.58959375,6,0,1,2.679484013418356,3.0,7.0,5.0,0,0,0,1,1,1,3,7,5,0,0,0,1,7,2,2,1,1,3,5,4,1,1,0,"[6, 5, 4, 3, 2, 1, 2, 3, 4, 3]","[6, 7, 8, 7, 8, 7, 8, 7, 8, 7]","[6, 5, 4, 3, 2, 3, 4, 3, 4, 5]","[6, 5, 4, 3, 2, 3, 2, 1, 0]","[6, 7, 6, 5, 4, 3, 2, 1, 0]","[6, 5, 4, 3, 2, 1, 0]","[24, 2, 3, 8, 13, 18, 23, 22, 21, 20, 21]","[24, 2, 1, 0, 1, 0, 1, 0, 1, 0, 1]","[24, 2, 7, 12, 17, 22, 21, 20, 21, 20, 15]","[24, 2, 7, 12, 17, 22, 21, 22, 23, 24]","[24, 2, 1, 6, 11, 16, 21, 22, 23, 24]","[24, 2, 7, 12, 17, 22, 23, 24]"
63.36,3,2,0,42,265,7,C8,24,0,0.58713125,8,0,1,2.5023796042129383,2.8,5.0,3.0,1,0,0,0,1,1,0,6,2,6,0,0,1,5,0,4,1,1,0,3,1,3,0,0,"[8, 7, 6, 5, 4, 3, 2, 1, 0]","[8, 7, 6, 5, 6, 7, 6, 7, 6]","[8, 7, 6, 5, 4, 3, 2, 1, 2]","[8, 7, 6, 5, 4, 5, 4, 5, 6]","[8, 7, 6, 5, 4, 3, 2, 1, 0]","[8, 7, 6, 5, 4, 3, 2, 1, 0]","[0, 24, 19, 14, 9, 4, 3, 2, 1, 0]","[0, 24, 23, 18, 13, 18, 23, 18, 23, 18]","[0, 24, 23, 22, 21, 16, 11, 6, 1, 2]","[0, 24, 23, 22, 21, 16, 21, 16, 21, 22]","[0, 24, 23, 22, 17, 12, 7, 2, 1, 0]","[0, 24, 23, 18, 13, 8, 7, 6, 5, 0]"
63.36,3,1,0,123,280,6,C8,20,4,0.62019375,8,0,1,3.794967669963836,2.8,6.0,4.0,0,0,1,0,1,1,4,8,0,2,0,0,0,6,1,0,1,1,2,4,0,1,0,0,"[8, 7, 6, 5, 4, 3, 2, 3, 4]","[8, 7, 6, 7, 8, 7, 8, 7, 8]","[8, 7, 6, 5, 4, 3, 2, 1, 0]","[8, 7, 6, 5, 4, 3, 2, 1, 2]","[8, 7, 6, 5, 4, 3, 2, 1, 0]","[8, 7, 6, 5, 4, 3, 2, 1, 0]","[4, 20, 21, 22, 23, 18, 13, 14, 19, 24]","[4, 20, 15, 10, 15, 20, 15, 20, 15, 20]","[4, 20, 21, 16, 11, 12, 7, 8, 9, 4]","[4, 20, 21, 16, 11, 12, 7, 8, 9, 14]","[4, 20, 21, 22, 23, 18, 13, 8, 3, 4]","[4, 20, 21, 22, 23, 18, 13, 8, 3, 4]"
63.36,4,2,0,321,110,9,C6,15,9,0.2475354166666666,8,1,1,4.563063451955715,2.8,6.0,4.0,0,0,1,0,0,1,2,6,0,2,4,0,0,6,1,0,2,1,2,4,1,2,3,1,"[6, 7, 6, 5, 4, 3, 2, 3, 2]","[6, 5, 6, 5, 6, 5, 4, 5, 6]","[6, 5, 4, 5, 4, 3, 2, 1, 0]","[6, 7, 6, 5, 4, 3, 2, 1, 2]","[6, 5, 4, 5, 4, 5, 4, 3, 4]","[6, 5, 4, 5, 4, 3, 2, 1, 0]","[9, 15, 20, 21, 22, 17, 12, 7, 2, 3]","[9, 15, 16, 15, 16, 15, 16, 17, 16, 15]","[9, 15, 10, 5, 0, 1, 2, 3, 4, 9]","[9, 15, 20, 21, 22, 23, 18, 13, 8, 7]","[9, 15, 10, 5, 0, 1, 0, 1, 6, 11]","[9, 15, 10, 5, 0, 1, 2, 3, 4, 9]"
63.36,4,0,0,42,105,3,C7,0,23,0.2351916666666666,7,0,1,5.124010029971599,2.8,3.0,2.0,0,0,0,1,0,1,4,4,4,0,2,0,2,3,1,1,0,1,2,2,2,0,1,0,"[7, 6, 5, 4, 5, 4, 5, 4]","[7, 6, 5, 4, 3, 4, 5, 4]","[7, 6, 5, 4, 3, 2, 3, 4]","[7, 6, 5, 4, 3, 2, 1, 0]","[7, 6, 5, 4, 3, 2, 1, 2]","[7, 6, 5, 4, 3, 2, 1, 0]","[23, 0, 1, 2, 3, 4, 9, 4, 9]","[23, 0, 5, 10, 15, 20, 15, 10, 15]","[23, 0, 5, 6, 11, 16, 17, 12, 11]","[23, 0, 5, 10, 15, 16, 21, 22, 23]","[23, 0, 1, 6, 11, 16, 17, 18, 13]","[23, 0, 1, 2, 7, 12, 17, 22, 23]"
62.88,3,2,0,42,285,8,C7,4,21,0.6310666666666667,7,0,1,2.8781667982935897,2.4,7.0,4.0,0,0,0,1,1,1,4,6,2,0,0,0,4,7,1,1,1,1,3,4,2,0,0,0,"[7, 6, 5, 4, 3, 4, 3, 2, 3, 4]","[7, 6, 5, 6, 7, 6, 7, 6, 7, 6]","[7, 6, 5, 4, 3, 2, 1, 2, 3, 2]","[7, 6, 5, 4, 3, 2, 1, 0]","[7, 6, 5, 4, 3, 2, 1, 0]","[7, 6, 5, 4, 3, 2, 1, 0]","[21, 4, 9, 14, 19, 24, 19, 24, 23, 24, 19]","[21, 4, 9, 14, 9, 4, 9, 4, 9, 4, 9]","[21, 4, 9, 14, 13, 12, 11, 16, 17, 18, 17]","[21, 4, 9, 8, 7, 6, 11, 16, 21]","[21, 4, 3, 2, 7, 6, 11, 16, 21]","[21, 4, 9, 8, 7, 6, 11, 16, 21]"
62.88,3,2,0,321,205,19,C7,20,3,0.4581354166666667,7,0,1,3.2032377591133114,2.4,7.0,4.0,1,0,0,1,0,1,0,6,2,0,4,0,1,7,2,3,0,1,0,4,2,1,3,0,"[7, 6, 5, 4, 3, 2, 1, 0]","[7, 6, 7, 6, 5, 6, 7, 6, 7, 6]","[7, 6, 5, 4, 3, 2, 3, 4, 3, 2]","[7, 6, 5, 4, 5, 4, 3, 2, 1, 0]","[7, 6, 5, 4, 3, 2, 1, 2, 3, 4]","[7, 6, 5, 4, 3, 2, 1, 0]","[3, 20, 21, 16, 11, 12, 7, 2, 3]","[3, 20, 21, 20, 21, 22, 21, 20, 21, 20, 21]","[3, 20, 21, 16, 17, 12, 13, 18, 17, 12, 7]","[3, 20, 21, 22, 17, 22, 17, 12, 7, 2, 3]","[3, 20, 21, 22, 23, 18, 13, 8, 7, 6, 11]","[3, 20, 21, 16, 11, 6, 7, 2, 3]"
62.88,4,1,0,42,380,25,C6,0,22,0.83914375,6,0,1,4.54604684382677,2.4,4.0,2.0,1,0,0,0,0,1,0,4,2,4,2,0,1,4,0,0,0,1,0,2,1,2,1,0,"[6, 5, 4, 3, 2, 1, 0]","[6, 5, 4, 5, 4, 5, 4]","[6, 5, 4, 3, 2, 1, 2]","[6, 5, 4, 3, 2, 3, 4]","[6, 5, 4, 3, 2, 1, 2]","[6, 5, 4, 3, 2, 1, 0]","[22, 0, 5, 10, 15, 16, 21, 22]","[22, 0, 1, 6, 1, 6, 1, 6]","[22, 0, 5, 6, 11, 16, 17, 18]","[22, 0, 5, 6, 7, 12, 13, 8]","[22, 0, 5, 10, 15, 16, 17, 18]","[22, 0, 1, 6, 11, 16, 21, 22]"
62.88,3,2,0,123,260,0,C7,24,5,0.5762416666666667,7,0,1,1.924282108783721,2.4,7.0,4.0,1,0,0,0,1,1,0,6,2,4,0,0,1,7,1,0,1,1,1,4,2,3,0,0,"[7, 6, 5, 4, 3, 4, 3, 2, 1, 0]","[7, 6, 5, 6, 5, 6, 5, 6, 5, 6]","[7, 6, 5, 4, 3, 2, 1, 2, 1, 2]","[7, 6, 5, 4, 3, 2, 1, 2, 3, 4]","[7, 6, 5, 4, 3, 2, 1, 0]","[7, 6, 5, 4, 3, 2, 1, 0]","[5, 24, 23, 18, 13, 8, 3, 2, 1, 0, 5]","[5, 24, 23, 18, 23, 18, 23, 18, 23, 18, 23]","[5, 24, 23, 22, 17, 16, 11, 6, 1, 0, 1]","[5, 24, 19, 18, 17, 12, 11, 6, 1, 2, 3]","[5, 24, 23, 18, 13, 8, 7, 6, 5]","[5, 24, 23, 18, 13, 12, 7, 6, 5]"
62.64,3,3,0,42,240,8,C6,4,16,0.5322416666666666,6,0,1,3.5713552578787,2.2,8.0,4.0,0,0,1,1,0,1,3,5,0,0,3,0,3,8,1,1,2,1,3,4,0,0,3,0,"[6, 5, 4, 3, 4, 3, 4, 3, 4, 3]","[6, 5, 6, 5, 6, 5, 6, 5, 6, 5]","[6, 5, 4, 3, 2, 1, 0]","[6, 5, 4, 3, 2, 1, 0]","[6, 5, 4, 3, 2, 1, 2, 3, 4, 3]","[6, 5, 4, 3, 2, 1, 0]","[16, 4, 9, 14, 19, 24, 23, 24, 19, 14, 13]","[16, 4, 9, 4, 9, 4, 9, 4, 9, 4, 9]","[16, 4, 9, 14, 13, 12, 17, 16]","[16, 4, 9, 8, 7, 12, 11, 16]","[16, 4, 9, 14, 13, 12, 17, 18, 19, 14, 13]","[16, 4, 9, 8, 7, 6, 11, 16]"
62.4,4,0,0,123,230,2,C7,4,21,0.5098645833333333,7,0,1,2.120028549969196,2.0,3.0,2.0,1,0,0,0,0,1,0,4,2,2,2,0,1,3,0,0,0,1,0,2,1,1,1,0,"[7, 6, 5, 4, 3, 2, 1, 0]","[7, 6, 5, 4, 3, 4, 3, 4]","[7, 6, 5, 4, 3, 2, 1, 2]","[7, 6, 5, 4, 3, 2, 1, 2]","[7, 6, 5, 4, 3, 2, 1, 2]","[7, 6, 5, 4, 3, 2, 1, 0]","[21, 4, 9, 8, 7, 12, 17, 22, 21]","[21, 4, 9, 14, 19, 24, 19, 24, 19]","[21, 4, 3, 2, 7, 12, 11, 16, 15]","[21, 4, 3, 8, 13, 18, 17, 16, 15]","[21, 4, 9, 14, 13, 12, 11, 16, 17]","[21, 4, 9, 8, 7, 6, 11, 16, 21]"
62.36,3,3,0,321,430,15,C6,6,24,0.9504041666666668,6,0,1,5.619862624704837,2.8,7.0,4.0,0,0,1,1,0,1,4,6,0,0,4,0,0,7,1,1,0,1,3,4,0,0,3,0,"[6, 7, 6, 5, 4, 3, 2, 3, 4]","[6, 7, 6, 7, 6, 7, 6, 7, 6]","[6, 5, 4, 3, 2, 1, 0]","[6, 5, 4, 3, 2, 1, 0]","[6, 5, 4, 3, 2, 1, 2, 3, 4]","[6, 5, 4, 3, 2, 1, 0]","[24, 6, 1, 2, 3, 4, 9, 14, 13, 12]","[24, 6, 5, 6, 5, 6, 5, 6, 5, 6]","[24, 6, 7, 12, 17, 22, 23, 24]","[24, 6, 7, 8, 13, 18, 23, 24]","[24, 6, 11, 16, 17, 18, 19, 14, 9, 4]","[24, 6, 7, 8, 13, 18, 19, 24]"
62.16,3,1,2,123,385,1,C7,3,20,0.8497333333333333,7,0,1,3.5390218114256857,1.8,7.0,4.0,1,0,0,1,0,1,0,7,1,0,1,0,1,7,1,1,2,1,0,4,1,0,1,0,"[7, 6, 5, 4, 3, 2, 1, 0]","[7, 6, 7, 6, 7, 6, 7, 6, 7]","[7, 6, 5, 4, 3, 2, 1, 2, 1]","[7, 6, 5, 4, 3, 2, 1, 0]","[7, 6, 5, 4, 3, 2, 1, 2, 1]","[7, 6, 5, 4, 3, 2, 1, 0]","[20, 3, 8, 13, 18, 23, 22, 21, 20]","[20, 3, 8, 3, 8, 3, 8, 3, 8, 3]","[20, 3, 2, 7, 12, 17, 22, 21, 16, 21]","[20, 3, 8, 13, 18, 17, 16, 15, 20]","[20, 3, 2, 7, 6, 11, 16, 21, 16, 21]","[20, 3, 8, 7, 12, 17, 16, 21, 20]"
62.16,3,1,1,42,330,7,C8,20,4,0.7296375,8,0,1,0.3195106006860722,1.8,6.0,3.0,0,0,1,0,1,1,1,5,0,3,0,0,1,6,1,0,1,1,1,3,0,2,0,0,"[8, 7, 6, 5, 4, 3, 4, 3, 2, 1]","[8, 7, 8, 7, 8, 7, 6, 5, 6, 5]","[8, 7, 6, 5, 4, 3, 2, 1, 0]","[8, 7, 6, 5, 4, 3, 2, 1, 2, 3]","[8, 7, 6, 5, 4, 3, 2, 1, 0]","[8, 7, 6, 5, 4, 3, 2, 1, 0]","[4, 20, 15, 16, 17, 18, 19, 24, 19, 14, 9]","[4, 20, 21, 20, 21, 20, 21, 22, 17, 22, 17]","[4, 20, 21, 22, 23, 18, 13, 8, 9, 4]","[4, 20, 21, 22, 23, 18, 13, 8, 3, 2, 1]","[4, 20, 21, 22, 23, 24, 19, 14, 9, 4]","[4, 20, 21, 22, 23, 24, 19, 14, 9, 4]"
62.16,3,1,2,42,415,10,C7,0,23,0.9152895833333332,7,0,1,2.4725468313097947,1.8,7.0,4.0,0,0,1,1,0,1,1,7,0,0,1,0,0,7,1,1,0,1,1,4,0,0,1,0,"[7, 6, 5, 6, 5, 4, 3, 2, 1]","[7, 6, 7, 6, 7, 6, 7, 6, 7]","[7, 6, 5, 4, 3, 2, 1, 0]","[7, 6, 5, 4, 3, 2, 1, 0]","[7, 6, 5, 4, 3, 2, 1, 2, 1]","[7, 6, 5, 4, 3, 2, 1, 0]","[23, 0, 1, 6, 5, 10, 15, 20, 21, 22]","[23, 0, 5, 0, 5, 0, 5, 0, 5, 0]","[23, 0, 1, 2, 7, 12, 17, 22, 23]","[23, 0, 1, 6, 11, 16, 17, 22, 23]","[23, 0, 1, 6, 11, 16, 17, 18, 19, 24]","[23, 0, 1, 6, 11, 16, 21, 22, 23]"
62.16,3,1,1,42,220,12,C8,4,20,0.4888,8,0,1,3.0966241689100853,1.8,6.0,3.0,1,0,0,0,1,1,0,5,1,3,0,0,1,6,1,0,1,1,0,3,1,2,0,0,"[8, 7, 6, 5, 4, 3, 2, 1, 0]","[8, 7, 6, 7, 6, 7, 6, 7, 6, 5]","[8, 7, 6, 5, 4, 3, 2, 3, 2, 1]","[8, 7, 6, 5, 4, 3, 2, 1, 2, 3]","[8, 7, 6, 5, 4, 3, 2, 1, 0]","[8, 7, 6, 5, 4, 3, 2, 1, 0]","[20, 4, 9, 8, 7, 6, 5, 10, 15, 20]","[20, 4, 3, 8, 3, 8, 3, 8, 3, 8, 13]","[20, 4, 9, 14, 13, 12, 17, 22, 23, 22, 21]","[20, 4, 9, 8, 7, 6, 11, 16, 21, 22, 23]","[20, 4, 9, 8, 7, 6, 11, 10, 15, 20]","[20, 4, 9, 14, 13, 12, 11, 10, 15, 20]"
62.16,3,1,2,123,330,10,C7,4,21,0.729325,7,0,1,2.647175099492072,1.8,7.0,4.0,1,0,0,0,1,1,0,7,1,1,0,0,1,7,0,0,1,1,0,4,1,1,0,0,"[7, 6, 5, 4, 3, 2, 1, 0]","[7, 6, 7, 6, 7, 6, 7, 6, 7]","[7, 6, 5, 4, 3, 2, 1, 2, 1]","[7, 6, 5, 4, 3, 2, 1, 2, 1]","[7, 6, 5, 4, 3, 2, 1, 0]","[7, 6, 5, 4, 3, 2, 1, 0]","[21, 4, 9, 14, 19, 24, 23, 22, 21]","[21, 4, 9, 4, 9, 4, 9, 4, 9, 4]","[21, 4, 9, 14, 19, 18, 17, 16, 15, 20]","[21, 4, 3, 8, 13, 12, 17, 16, 15, 20]","[21, 4, 9, 8, 7, 6, 11, 16, 21]","[21, 4, 3, 8, 7, 6, 11, 16, 21]"
62.16,3,1,1,123,195,2,C8,4,20,0.4335708333333333,8,0,1,1.400316134065389,1.8,6.0,3.0,1,0,1,0,0,1,0,5,0,3,1,0,1,6,1,0,2,1,0,3,0,2,1,0,"[8, 7, 6, 5, 4, 3, 2, 1, 0]","[8, 7, 8, 7, 8, 7, 6, 5, 6, 5]","[8, 7, 6, 5, 4, 3, 2, 1, 0]","[8, 7, 6, 5, 4, 3, 2, 1, 2, 3]","[8, 7, 6, 5, 4, 3, 2, 1, 2, 1]","[8, 7, 6, 5, 4, 3, 2, 1, 0]","[20, 4, 9, 14, 19, 24, 23, 22, 21, 20]","[20, 4, 9, 4, 9, 4, 9, 14, 19, 14, 19]","[20, 4, 9, 14, 13, 12, 11, 16, 15, 20]","[20, 4, 3, 8, 13, 18, 17, 16, 15, 10, 5]","[20, 4, 9, 8, 7, 6, 11, 16, 21, 16, 21]","[20, 4, 9, 8, 7, 6, 5, 10, 15, 20]"
61.88,3,1,0,123,420,10,C8,0,24,0.9260916666666666,8,0,1,2.0636493298858394,2.4,6.0,3.0,1,0,0,1,0,1,0,6,4,0,2,0,1,6,2,1,0,1,0,3,2,0,1,0,"[8, 7, 6, 5, 4, 3, 2, 1, 0]","[8, 7, 8, 7, 6, 7, 6, 7, 6]","[8, 7, 6, 5, 4, 3, 2, 3, 4]","[8, 7, 6, 5, 4, 3, 2, 1, 0]","[8, 7, 6, 5, 4, 3, 2, 1, 2]","[8, 7, 6, 5, 4, 3, 2, 1, 0]","[24, 0, 1, 2, 3, 4, 9, 14, 19, 24]","[24, 0, 1, 0, 1, 6, 1, 6, 1, 6]","[24, 0, 1, 2, 7, 12, 17, 22, 17, 12]","[24, 0, 1, 2, 3, 8, 13, 18, 23, 24]","[24, 0, 1, 6, 7, 12, 17, 18, 19, 14]","[24, 0, 1, 2, 3, 4, 9, 14, 19, 24]"
61.88,3,2,0,123,260,3,C8,0,24,0.5762708333333333,8,0,1,1.9106382455378768,2.4,4.0,3.0,0,0,1,0,1,1,4,6,0,2,0,0,4,4,1,0,1,1,2,3,0,1,0,0,"[8, 7, 6, 5, 4, 5, 4, 5, 4]","[8, 7, 6, 7, 6, 5, 4, 5, 6]","[8, 7, 6, 5, 4, 3, 2, 1, 0]","[8, 7, 6, 5, 4, 3, 2, 1, 2]","[8, 7, 6, 5, 4, 3, 2, 1, 0]","[8, 7, 6, 5, 4, 3, 2, 1, 0]","[24, 0, 5, 10, 15, 20, 15, 20, 15, 20]","[24, 0, 5, 10, 5, 10, 15, 20, 15, 10]","[24, 0, 1, 2, 3, 8, 13, 18, 23, 24]","[24, 0, 1, 2, 3, 4, 9, 14, 19, 18]","[24, 0, 5, 10, 15, 16, 21, 22, 23, 24]","[24, 0, 5, 10, 15, 20, 21, 22, 23, 24]"
61.64,3,3,0,123,405,2,C6,24,2,0.8932791666666666,6,0,1,5.003476765702168,2.2,7.0,4.0,0,0,1,1,0,1,3,5,0,0,3,0,1,7,1,1,0,1,3,4,0,1,3,0,"[6, 5, 4, 3, 2, 1, 2, 3, 2, 3]","[6, 5, 4, 5, 6, 5, 6, 5, 6, 5]","[6, 5, 4, 3, 2, 1, 0]","[6, 5, 4, 3, 4, 3, 2, 1, 0]","[6, 5, 4, 3, 2, 1, 2, 1, 2, 3]","[6, 5, 4, 3, 2, 1, 0]","[2, 24, 19, 14, 9, 8, 7, 6, 5, 0, 5]","[2, 24, 19, 14, 19, 24, 19, 24, 19, 24, 19]","[2, 24, 23, 22, 17, 12, 7, 2]","[2, 24, 19, 18, 17, 16, 11, 6, 1, 2]","[2, 24, 19, 14, 9, 8, 7, 6, 1, 0, 5]","[2, 24, 19, 14, 9, 8, 7, 2]"
61.4,3,1,0,123,145,6,C8,0,24,0.3244354166666666,8,0,1,1.7768875516653049,2.0,6.0,3.0,1,0,0,0,1,1,0,6,2,2,0,0,1,6,0,0,1,1,0,3,1,1,0,0,"[8, 7, 6, 5, 4, 3, 2, 1, 0]","[8, 7, 8, 7, 8, 7, 8, 7, 6]","[8, 7, 6, 5, 6, 5, 4, 3, 2]","[8, 7, 6, 5, 4, 3, 2, 1, 2]","[8, 7, 6, 5, 4, 3, 2, 1, 0]","[8, 7, 6, 5, 4, 3, 2, 1, 0]","[24, 0, 5, 10, 15, 16, 17, 18, 19, 24]","[24, 0, 5, 0, 5, 0, 5, 0, 5, 10]","[24, 0, 1, 6, 7, 2, 3, 8, 9, 14]","[24, 0, 1, 2, 3, 4, 9, 14, 19, 18]","[24, 0, 5, 6, 11, 16, 21, 22, 23, 24]","[24, 0, 5, 10, 15, 20, 21, 22, 23, 24]"
61.4,3,1,0,42,405,10,C8,0,24,0.8934645833333333,8,0,1,2.0846753531768907,2.0,6.0,3.0,1,0,0,1,0,1,0,6,2,0,2,0,1,6,0,1,0,1,0,3,1,0,1,0,"[8, 7, 6, 5, 4, 3, 2, 1, 0]","[8, 7, 6, 7, 6, 7, 6, 7, 6]","[8, 7, 6, 5, 4, 3, 2, 1, 2]","[8, 7, 6, 5, 4, 3, 2, 1, 0]","[8, 7, 6, 5, 4, 3, 2, 1, 2]","[8, 7, 6, 5, 4, 3, 2, 1, 0]","[24, 0, 1, 6, 11, 16, 21, 22, 23, 24]","[24, 0, 1, 6, 1, 6, 1, 6, 1, 6]","[24, 0, 1, 2, 7, 12, 17, 22, 23, 18]","[24, 0, 1, 6, 11, 16, 17, 22, 23, 24]","[24, 0, 1, 6, 11, 16, 17, 18, 19, 14]","[24, 0, 1, 6, 11, 16, 21, 22, 23, 24]"
61.4,3,1,0,42,235,24,C8,24,0,0.5216229166666667,8,0,1,2.7279706863388418,2.0,6.0,3.0,1,0,0,0,1,1,0,6,2,2,0,0,1,6,0,1,1,1,0,3,1,1,0,0,"[8, 7, 6, 5, 4, 3, 2, 1, 0]","[8, 7, 6, 7, 6, 7, 6, 7, 6]","[8, 7, 6, 5, 4, 3, 2, 1, 2]","[8, 7, 6, 5, 4, 3, 2, 3, 2]","[8, 7, 6, 5, 4, 3, 2, 1, 0]","[8, 7, 6, 5, 4, 3, 2, 1, 0]","[0, 24, 23, 22, 17, 12, 7, 6, 5, 0]","[0, 24, 23, 18, 23, 18, 23, 18, 23, 18]","[0, 24, 23, 18, 13, 12, 11, 6, 1, 2]","[0, 24, 23, 22, 17, 12, 11, 10, 15, 10]","[0, 24, 23, 22, 17, 12, 7, 2, 1, 0]","[0, 24, 23, 18, 13, 8, 7, 6, 5, 0]"
61.4,3,1,0,321,160,17,C7,20,9,0.3590395833333333,7,0,1,2.529881458520889,2.0,8.0,4.0,1,0,1,0,0,1,0,6,0,2,2,0,1,8,1,1,1,1,1,4,0,2,2,0,"[7, 6, 5, 4, 3, 4, 3, 2, 1, 0]","[7, 6, 7, 6, 7, 6, 7, 6, 7, 6]","[7, 6, 5, 4, 3, 2, 1, 0]","[7, 6, 5, 4, 3, 4, 3, 2, 1, 2]","[7, 6, 5, 4, 3, 2, 1, 2, 3, 2]","[7, 6, 5, 4, 3, 2, 1, 0]","[9, 20, 21, 16, 11, 6, 1, 2, 3, 4, 9]","[9, 20, 21, 20, 21, 20, 21, 20, 21, 20, 21]","[9, 20, 15, 10, 5, 6, 7, 8, 9]","[9, 20, 15, 10, 5, 6, 1, 2, 3, 4, 3]","[9, 20, 21, 22, 23, 18, 13, 8, 7, 6, 7]","[9, 20, 15, 10, 5, 6, 7, 8, 9]"
61.16,3,1,1,123,315,9,C8,0,24,0.6963604166666667,8,0,1,2.244379833124577,1.8,5.0,3.0,1,0,1,0,0,1,0,5,0,1,3,0,1,5,1,1,0,1,0,3,0,1,2,0,"[8, 7, 6, 5, 4, 3, 2, 1, 0]","[8, 7, 6, 7, 6, 7, 6, 5, 4, 5]","[8, 7, 6, 5, 4, 3, 2, 1, 0]","[8, 7, 6, 5, 4, 3, 2, 1, 2, 1]","[8, 7, 6, 5, 4, 3, 2, 1, 2, 3]","[8, 7, 6, 5, 4, 3, 2, 1, 0]","[24, 0, 5, 6, 7, 8, 13, 14, 19, 24]","[24, 0, 5, 10, 5, 10, 5, 10, 15, 20, 15]","[24, 0, 1, 2, 7, 12, 17, 22, 23, 24]","[24, 0, 1, 2, 3, 8, 13, 18, 23, 22, 23]","[24, 0, 1, 6, 11, 16, 17, 18, 19, 14, 9]","[24, 0, 1, 2, 3, 4, 9, 14, 19, 24]"
61.16,3,1,2,42,260,2,C7,23,0,0.5760395833333334,7,0,1,3.9178774287700646,1.8,6.0,4.0,1,0,0,1,0,1,0,7,1,0,1,0,1,6,1,1,0,1,0,4,1,0,1,0,"[7, 6, 5, 4, 3, 2, 1, 0]","[7, 6, 7, 6, 5, 6, 7, 6, 7]","[7, 6, 5, 4, 3, 2, 1, 2, 1]","[7, 6, 5, 4, 3, 2, 1, 0]","[7, 6, 7, 6, 5, 4, 3, 2, 1]","[7, 6, 5, 4, 3, 2, 1, 0]","[0, 23, 18, 13, 8, 7, 6, 5, 0]","[0, 23, 18, 23, 18, 13, 18, 23, 18, 23]","[0, 23, 18, 17, 12, 7, 6, 1, 2, 1]","[0, 23, 18, 13, 8, 3, 2, 1, 0]","[0, 23, 18, 19, 14, 9, 8, 7, 6, 5]","[0, 23, 18, 13, 8, 7, 6, 5, 0]"
60.92,4,0,2,123,120,3,C6,21,3,0.2690208333333333,6,0,1,5.273723878165086,1.6,3.0,2.0,0,0,1,0,0,1,1,3,0,3,1,0,0,3,1,0,0,1,1,2,0,2,1,0,"[6, 5, 4, 3, 2, 3, 2, 1]","[6, 5, 4, 3, 2, 3, 2, 3]","[6, 5, 4, 3, 2, 1, 0]","[6, 5, 4, 3, 2, 1, 2, 3]","[6, 5, 4, 5, 4, 3, 2, 1]","[6, 5, 4, 3, 2, 1, 0]","[3, 21, 16, 17, 18, 13, 14, 9, 4]","[3, 21, 16, 11, 6, 1, 6, 1, 6]","[3, 21, 16, 17, 12, 7, 2, 3]","[3, 21, 16, 11, 6, 7, 8, 9, 14]","[3, 21, 22, 23, 24, 19, 14, 13, 8]","[3, 21, 22, 17, 12, 7, 2, 3]"
60.88,3,1,0,42,185,8,C8,0,24,0.4121791666666666,8,0,1,2.3758434218987814,2.4,5.0,3.0,1,0,0,1,0,1,0,6,2,0,4,0,1,5,0,1,0,1,0,3,1,0,2,0,"[8, 7, 6, 5, 4, 3, 2, 1, 0]","[8, 7, 8, 7, 8, 7, 8, 7, 6]","[8, 7, 6, 5, 4, 3, 2, 1, 2]","[8, 7, 6, 5, 4, 3, 2, 1, 0]","[8, 7, 6, 5, 4, 3, 4, 5, 4]","[8, 7, 6, 5, 4, 3, 2, 1, 0]","[24, 0, 5, 10, 11, 16, 17, 22, 23, 24]","[24, 0, 5, 0, 5, 0, 5, 0, 1, 6]","[24, 0, 1, 2, 7, 8, 9, 14, 19, 18]","[24, 0, 5, 10, 11, 16, 21, 22, 23, 24]","[24, 0, 5, 10, 11, 12, 13, 8, 3, 4]","[24, 0, 5, 10, 15, 16, 21, 22, 23, 24]"
60.88,3,2,0,123,360,13,C7,20,3,0.7949854166666667,7,0,1,4.287784517347812,2.4,6.0,3.0,1,0,0,0,1,1,0,6,4,2,0,0,1,6,4,0,1,1,0,3,2,1,0,0,"[7, 6, 5, 4, 3, 2, 1, 0]","[7, 6, 7, 6, 7, 6, 7, 6]","[7, 6, 5, 4, 5, 4, 5, 4]","[7, 6, 5, 4, 3, 2, 1, 2]","[7, 6, 5, 4, 3, 2, 1, 0]","[7, 6, 5, 4, 3, 2, 1, 0]","[3, 20, 15, 16, 17, 12, 7, 8, 3]","[3, 20, 15, 20, 15, 20, 15, 20, 15]","[3, 20, 15, 10, 11, 10, 11, 10, 11]","[3, 20, 15, 10, 5, 6, 7, 8, 9]","[3, 20, 15, 16, 17, 12, 13, 8, 3]","[3, 20, 21, 22, 17, 12, 7, 2, 3]"
60.64,3,1,1,123,115,3,C7,1,24,0.2580041666666666,7,0,1,2.868996131956577,2.2,6.0,4.0,1,0,0,0,1,1,0,7,1,3,0,0,1,6,1,0,1,1,0,4,1,2,0,0,"[7, 6, 5, 4, 3, 2, 1, 0]","[7, 6, 5, 6, 7, 6, 7, 6, 7]","[7, 6, 5, 4, 3, 2, 1, 2, 1]","[7, 6, 5, 4, 3, 2, 1, 2, 3]","[7, 6, 5, 4, 3, 2, 1, 0]","[7, 6, 5, 4, 3, 2, 1, 0]","[24, 1, 2, 7, 12, 13, 18, 23, 24]","[24, 1, 6, 11, 6, 1, 6, 1, 6, 1]","[24, 1, 2, 3, 8, 13, 18, 23, 22, 23]","[24, 1, 2, 3, 8, 13, 18, 23, 22, 17]","[24, 1, 6, 11, 16, 21, 22, 23, 24]","[24, 1, 6, 11, 16, 21, 22, 23, 24]"
60.64,3,1,1,321,320,3,C7,21,4,0.71013125,7,0,1,4.915702122986316,2.2,6.0,4.0,0,0,1,1,0,1,1,7,0,0,3,0,2,6,1,1,0,1,1,4,0,0,2,0,"[7, 6, 5, 4, 3, 2, 1, 2, 1]","[7, 6, 7, 6, 7, 6, 7, 6, 7]","[7, 6, 5, 4, 3, 2, 1, 0]","[7, 6, 5, 4, 3, 2, 1, 0]","[7, 6, 5, 4, 3, 2, 3, 2, 3]","[7, 6, 5, 4, 3, 2, 1, 0]","[4, 21, 16, 11, 6, 1, 2, 3, 2, 3]","[4, 21, 16, 15, 16, 15, 16, 15, 16, 15]","[4, 21, 16, 11, 6, 7, 8, 9, 4]","[4, 21, 16, 11, 6, 1, 2, 3, 4]","[4, 21, 22, 23, 18, 13, 8, 7, 2, 1]","[4, 21, 16, 11, 6, 7, 8, 9, 4]"
60.64,3,1,1,321,205,14,C7,1,24,0.4580625,7,0,1,5.551843156456947,2.2,6.0,4.0,0,0,1,1,0,1,1,7,0,0,3,0,1,6,1,1,0,1,1,4,0,0,2,0,"[7, 6, 5, 4, 3, 2, 1, 2, 1]","[7, 8, 7, 8, 7, 8, 7, 6, 7]","[7, 6, 5, 4, 3, 2, 1, 0]","[7, 6, 5, 4, 3, 2, 1, 0]","[7, 6, 5, 4, 3, 2, 1, 2, 3]","[7, 6, 5, 4, 3, 2, 1, 0]","[24, 1, 2, 3, 8, 13, 18, 23, 22, 23]","[24, 1, 0, 1, 0, 1, 0, 1, 2, 1]","[24, 1, 2, 7, 12, 17, 22, 23, 24]","[24, 1, 2, 3, 8, 13, 18, 23, 24]","[24, 1, 6, 11, 16, 21, 22, 23, 18, 13]","[24, 1, 2, 3, 8, 13, 18, 23, 24]"
60.64,3,1,0,123,165,6,C8,24,0,0.3682333333333333,8,0,1,0.8927712602242819,2.2,5.0,3.0,0,0,1,1,0,1,3,5,0,0,3,0,2,5,1,1,2,1,2,3,0,0,2,0,"[8, 7, 6, 5, 4, 3, 2, 1, 2, 3]","[8, 7, 6, 5, 4, 5, 4, 5, 4, 5]","[8, 7, 6, 5, 4, 3, 2, 1, 0]","[8, 7, 6, 5, 4, 3, 2, 1, 0]","[8, 7, 6, 5, 4, 3, 2, 3, 2, 3]","[8, 7, 6, 5, 4, 3, 2, 1, 0]","[0, 24, 19, 14, 9, 4, 3, 2, 1, 2, 3]","[0, 24, 23, 18, 13, 8, 13, 8, 13, 8, 13]","[0, 24, 19, 18, 17, 16, 11, 6, 1, 0]","[0, 24, 19, 18, 17, 16, 15, 10, 5, 0]","[0, 24, 23, 18, 17, 12, 7, 6, 7, 6, 11]","[0, 24, 23, 18, 13, 12, 7, 2, 1, 0]"
60.4,3,1,0,42,280,9,C7,20,3,0.62001875,7,0,1,2.35054043585062,2.0,7.0,4.0,1,0,0,0,1,1,0,6,2,2,0,0,1,7,2,0,1,1,1,4,2,2,0,0,"[7, 6, 5, 4, 5, 4, 3, 2, 1, 0]","[7, 6, 7, 6, 7, 6, 7, 6, 7, 6]","[7, 6, 5, 4, 3, 2, 1, 2, 3, 2]","[7, 6, 5, 4, 5, 4, 3, 2, 1, 2]","[7, 6, 5, 4, 3, 2, 1, 0]","[7, 6, 5, 4, 3, 2, 1, 0]","[3, 20, 21, 22, 23, 24, 19, 14, 9, 4, 3]","[3, 20, 15, 20, 15, 20, 15, 20, 15, 20, 21]","[3, 20, 21, 22, 17, 12, 7, 8, 13, 12, 7]","[3, 20, 21, 22, 23, 24, 19, 14, 9, 8, 7]","[3, 20, 21, 22, 23, 18, 13, 8, 3]","[3, 20, 21, 22, 23, 18, 13, 8, 3]"
60.4,3,1,0,321,295,2,C7,4,21,0.6556,7,0,1,2.120028549969196,2.0,7.0,4.0,0,0,0,1,1,1,2,6,2,0,0,0,2,7,1,1,1,1,2,4,2,1,1,0,"[7, 6, 5, 4, 3, 2, 1, 2, 1, 2]","[7, 6, 7, 6, 7, 6, 5, 6, 7, 6]","[7, 6, 5, 4, 5, 4, 3, 2, 1, 2]","[7, 6, 5, 4, 3, 2, 3, 2, 1, 0]","[7, 6, 5, 4, 3, 4, 3, 2, 1, 0]","[7, 6, 5, 4, 3, 2, 1, 0]","[21, 4, 9, 14, 19, 18, 17, 16, 15, 16, 15]","[21, 4, 3, 4, 3, 4, 3, 8, 3, 4, 3]","[21, 4, 9, 14, 19, 14, 13, 12, 17, 16, 15]","[21, 4, 9, 14, 13, 12, 11, 10, 15, 20, 21]","[21, 4, 3, 2, 1, 6, 5, 10, 15, 20, 21]","[21, 4, 9, 8, 7, 6, 11, 16, 21]"
59.88,3,3,0,42,425,4,C6,10,4,0.9372583333333332,6,0,1,3.22441316589713,2.4,6.0,3.0,1,0,0,1,0,1,0,4,4,0,4,0,1,6,1,1,1,1,0,3,3,0,3,0,"[6, 5, 4, 3, 2, 1, 0]","[6, 5, 4, 5, 4, 5, 4, 5, 4]","[6, 5, 4, 3, 2, 3, 4, 3, 4]","[6, 5, 4, 3, 2, 1, 0]","[6, 5, 4, 5, 4, 3, 2, 3, 4]","[6, 5, 4, 3, 2, 1, 0]","[4, 10, 11, 12, 13, 14, 9, 4]","[4, 10, 5, 0, 5, 0, 5, 0, 5, 0]","[4, 10, 11, 12, 13, 14, 19, 24, 19, 18]","[4, 10, 11, 12, 13, 14, 9, 4]","[4, 10, 11, 12, 17, 18, 19, 14, 19, 24]","[4, 10, 11, 12, 13, 14, 9, 4]"
59.88,3,2,0,123,430,9,C6,21,3,0.9475375,6,0,1,4.72435853699843,2.4,7.0,4.0,1,0,1,0,0,1,0,6,0,2,4,0,1,7,1,1,1,1,1,4,0,2,3,0,"[6, 5, 4, 3, 2, 1, 2, 1, 0]","[6, 5, 6, 5, 6, 5, 6, 5, 6]","[6, 5, 4, 3, 2, 1, 0]","[6, 5, 4, 3, 2, 1, 2, 1, 2]","[6, 5, 4, 3, 2, 1, 2, 3, 4]","[6, 5, 4, 3, 2, 1, 0]","[3, 21, 16, 17, 18, 13, 8, 9, 4, 3]","[3, 21, 16, 21, 16, 21, 16, 21, 16, 21]","[3, 21, 16, 11, 6, 1, 2, 3]","[3, 21, 16, 11, 6, 7, 8, 9, 4, 9]","[3, 21, 22, 17, 12, 7, 2, 7, 6, 5]","[3, 21, 22, 17, 12, 7, 2, 3]"
59.68,3,1,2,321,220,8,C7,24,1,0.49045625,7,0,1,2.761805481255053,1.4,6.0,3.0,0,0,1,0,1,1,1,5,0,1,0,0,0,6,1,0,1,1,1,3,0,1,0,0,"[7, 6, 5, 4, 3, 4, 3, 2, 1]","[7, 6, 7, 6, 7, 6, 7, 6, 5]","[7, 6, 5, 4, 3, 2, 1, 0]","[7, 6, 5, 4, 3, 4, 3, 2, 1]","[7, 6, 5, 4, 3, 2, 1, 0]","[7, 6, 5, 4, 3, 2, 1, 0]","[1, 24, 19, 18, 17, 16, 15, 10, 5, 0]","[1, 24, 23, 24, 23, 24, 23, 24, 23, 22]","[1, 24, 19, 18, 17, 12, 11, 6, 1]","[1, 24, 23, 22, 21, 16, 15, 10, 5, 0]","[1, 24, 19, 14, 13, 12, 7, 2, 1]","[1, 24, 19, 14, 13, 12, 11, 6, 1]"
59.64,3,3,0,321,225,9,C6,4,16,0.50161875,6,0,1,5.179090592960516,2.2,5.0,4.0,0,0,1,1,0,1,3,5,0,0,3,0,3,5,1,1,3,1,3,4,0,0,3,0,"[6, 5, 4, 3, 4, 3, 2, 3, 2, 3]","[6, 5, 4, 3, 4, 3, 4, 5, 4, 5]","[6, 5, 4, 3, 2, 1, 0]","[6, 5, 4, 3, 2, 1, 0]","[6, 5, 4, 3, 2, 3, 2, 3, 2, 3]","[6, 5, 4, 3, 2, 1, 0]","[16, 4, 9, 14, 19, 24, 23, 22, 23, 22, 23]","[16, 4, 3, 2, 1, 0, 1, 2, 3, 2, 3]","[16, 4, 3, 8, 13, 18, 17, 16]","[16, 4, 3, 2, 7, 12, 11, 16]","[16, 4, 9, 8, 7, 6, 5, 10, 5, 10, 5]","[16, 4, 9, 14, 13, 12, 11, 16]"
59.4,3,2,0,123,420,2,C7,1,24,0.9259854166666668,7,0,1,4.0177852397561065,2.0,5.0,3.0,1,0,0,0,1,1,0,4,2,4,0,0,1,5,1,0,1,1,0,3,2,3,0,0,"[7, 6, 5, 4, 3, 2, 1, 0]","[7, 6, 7, 6, 7, 6, 5, 4, 3, 4]","[7, 6, 5, 4, 3, 2, 3, 4, 3, 2]","[7, 6, 5, 4, 3, 2, 3, 4, 5, 4]","[7, 6, 5, 4, 3, 2, 1, 0]","[7, 6, 5, 4, 3, 2, 1, 0]","[24, 1, 2, 3, 8, 13, 14, 19, 24]","[24, 1, 6, 1, 6, 1, 6, 11, 16, 21, 16]","[24, 1, 2, 3, 8, 13, 18, 13, 12, 17, 22]","[24, 1, 2, 3, 8, 13, 18, 17, 16, 15, 20]","[24, 1, 6, 11, 16, 17, 18, 19, 24]","[24, 1, 6, 11, 16, 17, 18, 19, 24]"
59.4,3,2,0,123,340,1,C7,23,0,0.7510479166666667,7,0,1,4.112138554990291,2.0,5.0,3.0,1,0,0,0,1,1,0,4,2,4,0,0,1,5,2,5,2,1,1,3,2,3,1,0,"[7, 6, 7, 6, 5, 4, 3, 2, 1, 0]","[7, 6, 5, 6, 5, 4, 3, 4, 3, 4]","[7, 6, 5, 4, 3, 2, 1, 2, 1, 2]","[7, 6, 7, 6, 7, 6, 7, 6, 5, 4]","[7, 6, 5, 4, 3, 2, 1, 2, 1, 0]","[7, 6, 5, 4, 3, 2, 1, 0]","[0, 23, 18, 19, 14, 9, 4, 3, 2, 1, 0]","[0, 23, 18, 13, 18, 13, 8, 3, 8, 3, 8]","[0, 23, 18, 17, 12, 11, 10, 5, 10, 5, 6]","[0, 23, 18, 23, 18, 23, 18, 23, 22, 17, 16]","[0, 23, 18, 17, 12, 11, 6, 1, 6, 5, 0]","[0, 23, 18, 17, 12, 7, 6, 5, 0]"
59.4,3,2,0,123,175,14,C7,24,1,0.3903770833333333,7,0,1,5.537818985223769,2.0,5.0,3.0,0,0,1,1,0,1,4,4,0,0,2,0,2,5,1,1,1,1,3,3,0,0,2,0,"[7, 6, 5, 4, 3, 4, 3, 2, 3, 4]","[7, 6, 5, 6, 5, 6, 5, 4, 3, 4]","[7, 6, 5, 4, 3, 2, 1, 0]","[7, 6, 5, 4, 3, 2, 1, 0]","[7, 6, 5, 4, 3, 4, 3, 2, 1, 2]","[7, 6, 5, 4, 3, 2, 1, 0]","[1, 24, 23, 18, 17, 12, 13, 8, 7, 12, 17]","[1, 24, 19, 14, 19, 14, 19, 14, 9, 4, 9]","[1, 24, 23, 18, 17, 16, 11, 6, 1]","[1, 24, 19, 18, 17, 16, 11, 6, 1]","[1, 24, 19, 14, 13, 8, 9, 8, 7, 6, 11]","[1, 24, 23, 18, 13, 12, 7, 2, 1]"
59.4,3,2,0,321,400,9,C7,15,4,0.8851729166666666,7,0,1,5.042857829272746,2.0,5.0,3.0,0,0,0,1,1,1,4,4,2,0,0,0,0,5,2,1,1,1,3,3,2,0,0,0,"[7, 8, 7, 6, 5, 4, 3, 2, 3, 4]","[7, 6, 7, 6, 7, 6, 5, 4, 3, 4]","[7, 6, 5, 4, 3, 2, 3, 4, 3, 2]","[7, 6, 5, 4, 3, 2, 1, 0]","[7, 6, 5, 4, 3, 2, 1, 0]","[7, 6, 5, 4, 3, 2, 1, 0]","[4, 15, 20, 21, 16, 17, 12, 7, 8, 13, 18]","[4, 15, 16, 15, 16, 15, 16, 17, 18, 19, 18]","[4, 15, 10, 5, 6, 7, 8, 13, 18, 13, 8]","[4, 15, 10, 11, 6, 7, 8, 9, 4]","[4, 15, 16, 17, 18, 19, 14, 9, 4]","[4, 15, 10, 5, 6, 7, 8, 9, 4]"
59.4,4,0,0,123,280,5,C6,6,24,0.6201770833333333,6,0,1,3.1114069915811218,2.0,3.0,2.0,1,0,0,0,0,1,0,4,2,2,2,0,1,3,1,0,0,1,0,2,1,1,1,0,"[6, 5, 4, 3, 2, 1, 0]","[6, 5, 4, 3, 4, 3, 4]","[6, 5, 4, 3, 2, 1, 2]","[6, 5, 6, 5, 4, 3, 2]","[6, 5, 4, 3, 2, 1, 2]","[6, 5, 4, 3, 2, 1, 0]","[24, 6, 7, 12, 13, 14, 19, 24]","[24, 6, 11, 16, 21, 16, 21, 16]","[24, 6, 7, 8, 13, 18, 23, 18]","[24, 6, 7, 2, 3, 4, 9, 14]","[24, 6, 11, 16, 17, 18, 19, 14]","[24, 6, 11, 16, 21, 22, 23, 24]"
59.16,3,1,1,123,280,8,C7,4,21,0.620225,7,0,1,2.9611432542800897,1.8,6.0,3.0,1,0,0,0,1,1,0,5,1,3,0,0,1,6,1,1,1,1,0,3,1,2,0,0,"[7, 6, 5, 4, 3, 2, 1, 0]","[7, 6, 7, 6, 5, 6, 7, 6, 5]","[7, 6, 5, 4, 3, 4, 3, 2, 1]","[7, 6, 5, 4, 3, 2, 3, 2, 3]","[7, 6, 5, 4, 3, 2, 1, 0]","[7, 6, 5, 4, 3, 2, 1, 0]","[21, 4, 9, 14, 19, 24, 23, 22, 21]","[21, 4, 9, 4, 9, 14, 9, 4, 9, 14]","[21, 4, 3, 2, 7, 6, 1, 6, 11, 16]","[21, 4, 3, 2, 7, 12, 11, 10, 15, 10]","[21, 4, 9, 8, 7, 6, 11, 16, 21]","[21, 4, 9, 14, 19, 24, 23, 22, 21]"
59.16,3,2,1,123,285,5,C6,5,23,0.6312125,6,0,1,3.347826516081889,1.8,6.0,4.0,0,0,1,1,0,1,1,3,0,0,5,0,2,6,1,1,1,1,2,3,0,0,4,0,"[6, 5, 4, 3, 2, 3, 2, 1, 2, 1]","[6, 5, 6, 5, 4, 3, 4, 3, 4, 3]","[6, 5, 4, 3, 2, 1, 0]","[6, 5, 4, 3, 2, 1, 0]","[6, 5, 4, 3, 2, 3, 4, 5, 4, 5]","[6, 5, 4, 3, 2, 1, 0]","[23, 5, 6, 7, 8, 13, 14, 19, 24, 19, 24]","[23, 5, 10, 5, 10, 15, 20, 15, 20, 15, 20]","[23, 5, 6, 7, 8, 13, 18, 23]","[23, 5, 6, 7, 8, 13, 18, 23]","[23, 5, 6, 11, 12, 13, 14, 9, 4, 3, 4]","[23, 5, 10, 15, 20, 21, 22, 23]"
58.68,3,1,1,42,115,9,C8,20,4,0.2575270833333333,8,0,1,1.92439574279636,1.4,4.0,2.0,1,0,0,0,1,1,0,3,1,3,0,0,1,4,2,2,1,1,0,2,1,2,0,0,"[8, 7, 6, 5, 4, 3, 2, 1, 0]","[8, 7, 6, 7, 6, 7, 6, 5, 4, 3]","[8, 7, 6, 5, 4, 3, 2, 1, 2, 1]","[8, 7, 6, 5, 4, 3, 4, 3, 4, 3]","[8, 7, 6, 5, 4, 3, 2, 1, 0]","[8, 7, 6, 5, 4, 3, 2, 1, 0]","[4, 20, 15, 10, 11, 12, 13, 14, 9, 4]","[4, 20, 21, 16, 21, 16, 21, 16, 11, 6, 1]","[4, 20, 15, 10, 5, 6, 7, 8, 9, 8, 9]","[4, 20, 15, 10, 5, 0, 1, 6, 1, 6, 7]","[4, 20, 21, 22, 23, 24, 19, 14, 9, 4]","[4, 20, 21, 22, 23, 24, 19, 14, 9, 4]"
58.68,3,1,1,321,305,8,C8,20,4,0.6772416666666666,8,0,1,4.209306240610777,1.4,4.0,2.0,0,0,1,1,0,1,1,3,0,0,3,0,1,4,1,1,0,1,1,2,0,0,2,0,"[8, 7, 6, 7, 6, 5, 4, 3, 2, 1]","[8, 7, 8, 7, 6, 5, 4, 3, 4, 3]","[8, 7, 6, 5, 4, 3, 2, 1, 0]","[8, 7, 6, 5, 4, 3, 2, 1, 0]","[8, 7, 6, 5, 4, 3, 2, 1, 2, 3]","[8, 7, 6, 5, 4, 3, 2, 1, 0]","[4, 20, 15, 16, 15, 10, 5, 0, 1, 2, 3]","[4, 20, 21, 20, 21, 22, 17, 18, 19, 18, 19]","[4, 20, 15, 16, 11, 6, 7, 8, 9, 4]","[4, 20, 21, 16, 11, 6, 1, 2, 3, 4]","[4, 20, 21, 22, 23, 18, 13, 8, 3, 2, 1]","[4, 20, 21, 22, 17, 12, 7, 8, 3, 4]"
58.64,3,3,0,321,280,1,C6,0,22,0.6222520833333334,6,0,1,3.005859142740567,2.2,4.0,4.0,1,0,0,1,0,1,0,5,3,0,3,0,1,4,1,1,1,1,1,4,3,0,3,0,"[6, 5, 4, 5, 4, 3, 2, 1, 0]","[6, 5, 4, 5, 6, 5, 4, 5, 4, 5]","[6, 5, 4, 3, 4, 5, 4, 3, 2, 3]","[6, 5, 4, 3, 2, 1, 0]","[6, 5, 6, 5, 4, 3, 2, 1, 2, 3]","[6, 5, 4, 3, 2, 1, 0]","[22, 0, 1, 2, 3, 8, 13, 18, 23, 22]","[22, 0, 5, 6, 5, 0, 1, 2, 3, 2, 1]","[22, 0, 5, 6, 7, 8, 9, 14, 19, 24, 19]","[22, 0, 5, 10, 15, 20, 21, 22]","[22, 0, 5, 0, 1, 6, 11, 16, 17, 18, 13]","[22, 0, 5, 10, 15, 20, 21, 22]"
58.4,3,1,0,321,415,14,C7,24,1,0.9177791666666668,7,0,1,5.545557700634002,2.0,6.0,3.0,1,0,0,1,0,1,0,6,2,0,2,0,1,6,0,1,0,1,0,3,1,0,1,0,"[7, 6, 5, 4, 3, 2, 1, 0]","[7, 6, 7, 6, 7, 6, 7, 6]","[7, 6, 5, 4, 3, 2, 1, 2]","[7, 6, 5, 4, 3, 2, 1, 0]","[7, 6, 5, 4, 3, 2, 1, 2]","[7, 6, 5, 4, 3, 2, 1, 0]","[1, 24, 23, 22, 21, 16, 11, 6, 1]","[1, 24, 23, 24, 23, 24, 23, 24, 23]","[1, 24, 19, 14, 13, 12, 11, 6, 5]","[1, 24, 19, 14, 13, 8, 7, 6, 1]","[1, 24, 19, 14, 13, 8, 7, 6, 5]","[1, 24, 19, 14, 9, 8, 7, 6, 1]"
58.4,3,1,0,321,190,2,C7,20,9,0.42485,7,0,1,1.9173798134326927,2.0,6.0,3.0,0,0,1,0,1,1,2,6,0,2,0,0,0,6,1,0,1,1,1,3,0,1,0,0,"[7, 6, 5, 4, 3, 4, 3, 2]","[7, 6, 7, 6, 7, 6, 7, 6]","[7, 6, 5, 4, 3, 2, 1, 0]","[7, 6, 5, 4, 3, 4, 3, 2]","[7, 6, 5, 4, 3, 2, 1, 0]","[7, 6, 5, 4, 3, 2, 1, 0]","[9, 20, 21, 16, 11, 6, 1, 2, 3]","[9, 20, 21, 20, 21, 20, 21, 20, 21]","[9, 20, 21, 16, 11, 6, 7, 8, 9]","[9, 20, 15, 10, 5, 6, 1, 2, 3]","[9, 20, 21, 22, 23, 24, 19, 14, 9]","[9, 20, 15, 10, 5, 6, 7, 8, 9]"
58.4,3,1,0,321,420,9,C8,24,0,0.92865,8,0,1,3.6539256460666647,2.0,4.0,2.0,0,0,1,0,1,1,2,4,0,4,0,0,0,4,1,3,1,1,1,2,0,2,0,0,"[8, 7, 6, 5, 4, 3, 2, 1, 2]","[8, 7, 8, 7, 6, 5, 4, 5, 4]","[8, 7, 6, 5, 4, 3, 2, 1, 0]","[8, 7, 6, 5, 4, 3, 4, 3, 4]","[8, 7, 6, 5, 4, 3, 2, 1, 0]","[8, 7, 6, 5, 4, 3, 2, 1, 0]","[0, 24, 23, 22, 17, 12, 11, 6, 1, 2]","[0, 24, 23, 24, 23, 22, 21, 20, 21, 20]","[0, 24, 19, 18, 13, 8, 7, 6, 5, 0]","[0, 24, 19, 14, 9, 4, 3, 4, 3, 4]","[0, 24, 23, 22, 17, 12, 7, 2, 1, 0]","[0, 24, 19, 18, 17, 16, 11, 6, 5, 0]"
58.4,4,0,0,321,150,16,C6,21,3,0.33685625,6,0,1,3.0729644221067423,2.0,2.0,2.0,1,0,0,0,0,1,0,4,2,2,2,0,1,2,0,0,0,1,0,2,1,1,1,0,"[6, 5, 4, 3, 2, 1, 0]","[6, 7, 6, 5, 4, 5, 4]","[6, 5, 4, 3, 2, 1, 2]","[6, 5, 4, 3, 2, 1, 2]","[6, 5, 4, 5, 4, 3, 2]","[6, 5, 4, 3, 2, 1, 0]","[3, 21, 16, 11, 6, 1, 2, 3]","[3, 21, 20, 21, 22, 23, 24, 23]","[3, 21, 16, 11, 6, 7, 8, 9]","[3, 21, 16, 11, 6, 7, 8, 9]","[3, 21, 22, 23, 24, 19, 14, 9]","[3, 21, 16, 11, 6, 1, 2, 3]"
58.4,4,0,0,42,175,8,C6,18,0,0.3903,6,0,1,3.200497780193885,2.0,2.0,2.0,0,0,1,0,0,1,2,4,0,2,2,0,0,2,1,0,1,1,1,2,0,1,1,0,"[6, 7, 6, 5, 4, 3, 2]","[6, 5, 4, 3, 4, 3, 4]","[6, 5, 4, 3, 2, 1, 0]","[6, 5, 4, 3, 2, 1, 2]","[6, 5, 4, 3, 2, 1, 2]","[6, 5, 4, 3, 2, 1, 0]","[0, 18, 19, 14, 9, 4, 3, 2]","[0, 18, 13, 8, 3, 8, 3, 4]","[0, 18, 17, 16, 15, 10, 5, 0]","[0, 18, 13, 8, 7, 2, 1, 6]","[0, 18, 13, 8, 7, 6, 5, 6]","[0, 18, 13, 8, 3, 2, 1, 0]"
58.4,3,1,0,321,145,7,C7,24,1,0.3257604166666666,7,0,1,1.3585403879880893,2.0,6.0,3.0,0,0,1,0,1,1,2,6,0,2,0,0,0,6,1,0,1,1,1,3,0,1,0,0,"[7, 6, 5, 4, 3, 4, 3, 2]","[7, 6, 7, 6, 7, 6, 7, 6]","[7, 6, 5, 4, 3, 2, 1, 0]","[7, 6, 5, 4, 3, 2, 1, 2]","[7, 6, 5, 4, 3, 2, 1, 0]","[7, 6, 5, 4, 3, 2, 1, 0]","[1, 24, 23, 22, 21, 16, 15, 10, 5]","[1, 24, 23, 24, 23, 24, 23, 24, 23]","[1, 24, 23, 22, 21, 16, 11, 6, 1]","[1, 24, 23, 22, 21, 16, 11, 6, 7]","[1, 24, 19, 14, 9, 4, 3, 2, 1]","[1, 24, 19, 14, 9, 4, 3, 2, 1]"
58.4,3,1,0,123,145,0,C8,20,4,0.3243645833333333,8,0,1,1.183865555532276,2.0,4.0,2.0,1,0,1,0,0,1,0,4,0,4,2,0,1,4,1,0,1,1,0,2,0,2,1,0,"[8, 7, 6, 5, 4, 3, 2, 1, 0]","[8, 7, 6, 7, 8, 7, 6, 5, 4]","[8, 7, 6, 5, 4, 3, 2, 1, 0]","[8, 7, 6, 5, 4, 3, 2, 3, 4]","[8, 7, 6, 5, 4, 3, 2, 3, 2]","[8, 7, 6, 5, 4, 3, 2, 1, 0]","[4, 20, 15, 10, 5, 6, 7, 8, 9, 4]","[4, 20, 15, 10, 15, 20, 15, 10, 5, 0]","[4, 20, 15, 10, 11, 6, 1, 2, 3, 4]","[4, 20, 15, 10, 5, 6, 7, 8, 13, 18]","[4, 20, 15, 16, 17, 12, 7, 8, 7, 2]","[4, 20, 21, 16, 11, 6, 1, 2, 3, 4]"
58.16,3,1,1,321,340,5,C7,24,1,0.75364375,7,0,1,4.480796757876872,1.8,5.0,3.0,0,0,1,1,0,1,3,5,0,0,1,0,0,5,1,1,0,1,2,3,0,0,1,0,"[7, 6, 5, 4, 3, 2, 1, 2, 3]","[7, 6, 7, 6, 5, 6, 5, 6, 5]","[7, 6, 5, 4, 3, 2, 1, 0]","[7, 6, 5, 4, 3, 2, 1, 0]","[7, 6, 5, 4, 3, 2, 1, 2, 1]","[7, 6, 5, 4, 3, 2, 1, 0]","[1, 24, 19, 18, 17, 12, 7, 2, 3, 8]","[1, 24, 23, 24, 23, 18, 19, 18, 19, 18]","[1, 24, 23, 18, 13, 12, 11, 6, 1]","[1, 24, 19, 18, 13, 8, 7, 2, 1]","[1, 24, 23, 18, 13, 8, 7, 6, 5, 0]","[1, 24, 19, 18, 13, 12, 7, 6, 1]"
57.88,3,1,0,123,75,9,C7,3,20,0.1689458333333333,7,0,1,2.9177831625342363,2.4,5.0,3.0,0,0,0,1,1,1,4,6,2,0,0,0,1,5,1,1,1,1,2,3,1,0,0,0,"[7, 6, 5, 6, 5, 4, 5, 4]","[7, 6, 7, 6, 7, 6, 7, 6]","[7, 6, 5, 4, 3, 2, 3, 2]","[7, 6, 5, 4, 3, 2, 1, 0]","[7, 6, 5, 4, 3, 2, 1, 0]","[7, 6, 5, 4, 3, 2, 1, 0]","[20, 3, 8, 13, 14, 19, 18, 19, 24]","[20, 3, 8, 3, 8, 3, 8, 3, 2]","[20, 3, 8, 13, 12, 11, 10, 11, 16]","[20, 3, 8, 7, 12, 11, 10, 15, 20]","[20, 3, 2, 7, 6, 11, 16, 15, 20]","[20, 3, 2, 1, 6, 5, 10, 15, 20]"
57.4,3,1,0,123,155,6,C7,0,19,0.3462479166666666,7,0,1,1.4955204268693916,2.0,5.0,3.0,1,0,1,0,0,1,0,6,0,2,2,0,1,5,1,0,0,1,0,3,0,1,1,0,"[7, 6, 5, 4, 3, 2, 1, 0]","[7, 6, 7, 6, 7, 6, 5, 6]","[7, 6, 5, 4, 3, 2, 1, 0]","[7, 6, 5, 4, 3, 2, 1, 2]","[7, 6, 5, 4, 3, 4, 3, 2]","[7, 6, 5, 4, 3, 2, 1, 0]","[19, 0, 5, 10, 11, 12, 13, 14, 19]","[19, 0, 5, 0, 5, 0, 5, 10, 5]","[19, 0, 1, 2, 3, 8, 9, 14, 19]","[19, 0, 1, 2, 3, 8, 13, 18, 23]","[19, 0, 5, 10, 15, 16, 21, 22, 23]","[19, 0, 1, 2, 3, 4, 9, 14, 19]"
57.4,3,2,0,321,125,14,C6,15,3,0.281175,6,0,1,3.7191831508775546,2.0,6.0,3.0,0,0,1,1,0,1,4,4,0,0,2,0,5,6,1,1,1,1,3,3,1,0,2,0,"[6, 5, 6, 7, 6, 7, 6, 5, 4]","[6, 5, 6, 5, 6, 5, 6, 5, 4]","[6, 5, 4, 3, 2, 1, 2, 1, 0]","[6, 5, 4, 3, 2, 1, 0]","[6, 5, 4, 3, 2, 1, 2, 3, 2]","[6, 5, 4, 3, 2, 1, 0]","[3, 15, 10, 15, 20, 15, 20, 15, 10, 5]","[3, 15, 16, 15, 16, 15, 16, 15, 16, 17]","[3, 15, 10, 5, 6, 7, 8, 9, 4, 3]","[3, 15, 10, 5, 0, 1, 2, 3]","[3, 15, 10, 11, 12, 13, 8, 7, 6, 7]","[3, 15, 10, 5, 0, 1, 2, 3]"
57.4,3,1,0,321,225,7,C7,23,0,0.5015875,7,0,1,1.430020249426364,2.0,5.0,3.0,0,0,1,1,0,1,2,6,0,0,2,0,0,5,1,1,0,1,1,3,0,0,1,0,"[7, 6, 5, 4, 3, 2, 1, 2]","[7, 6, 7, 6, 7, 8, 7, 6]","[7, 6, 5, 4, 3, 2, 1, 0]","[7, 6, 5, 4, 3, 2, 1, 0]","[7, 6, 5, 4, 3, 2, 1, 2]","[7, 6, 5, 4, 3, 2, 1, 0]","[0, 23, 22, 21, 16, 11, 6, 1, 2]","[0, 23, 22, 23, 22, 23, 24, 23, 22]","[0, 23, 22, 21, 16, 11, 6, 1, 0]","[0, 23, 22, 17, 12, 7, 2, 1, 0]","[0, 23, 18, 13, 8, 7, 6, 5, 10]","[0, 23, 18, 13, 8, 7, 2, 1, 0]"
57.4,3,1,0,321,200,10,C7,20,3,0.44709375,7,0,1,2.344025151968001,2.0,5.0,3.0,1,0,0,0,1,1,0,6,2,2,0,0,1,5,0,1,1,1,0,3,1,1,0,0,"[7, 6, 5, 4, 3, 2, 1, 0]","[7, 6, 5, 6, 7, 6, 7, 6]","[7, 6, 5, 4, 3, 2, 1, 2]","[7, 6, 5, 4, 3, 2, 1, 2]","[7, 6, 5, 4, 3, 2, 1, 0]","[7, 6, 5, 4, 3, 2, 1, 0]","[3, 20, 15, 10, 5, 6, 1, 2, 3]","[3, 20, 21, 22, 21, 20, 21, 20, 21]","[3, 20, 21, 22, 17, 12, 7, 8, 9]","[3, 20, 15, 10, 5, 6, 1, 2, 1]","[3, 20, 21, 22, 23, 18, 13, 8, 3]","[3, 20, 15, 10, 11, 6, 1, 2, 3]"
57.4,3,1,0,321,395,17,C6,14,0,0.8741395833333333,6,0,1,5.507007693201302,2.0,7.0,4.0,0,0,1,1,0,1,2,6,0,0,2,0,2,7,1,1,2,1,2,4,0,0,2,0,"[6, 5, 4, 3, 2, 1, 2, 1, 2]","[6, 5, 6, 5, 6, 5, 6, 5, 6]","[6, 5, 4, 3, 2, 1, 0]","[6, 5, 4, 3, 2, 1, 0]","[6, 5, 4, 3, 2, 1, 2, 1, 2]","[6, 5, 4, 3, 2, 1, 0]","[0, 14, 13, 12, 11, 6, 1, 2, 1, 2]","[0, 14, 13, 14, 13, 14, 13, 14, 13, 14]","[0, 14, 13, 8, 7, 6, 5, 0]","[0, 14, 13, 12, 7, 6, 1, 0]","[0, 14, 13, 8, 7, 6, 5, 10, 5, 10]","[0, 14, 13, 8, 7, 6, 5, 0]"
57.4,3,1,0,123,355,7,C6,8,20,0.7839395833333334,6,0,1,3.2898743104934685,2.0,7.0,4.0,1,0,0,1,0,1,0,6,2,0,2,0,1,7,2,1,2,1,0,4,2,0,2,0,"[6, 5, 4, 3, 2, 1, 0]","[6, 7, 6, 7, 6, 7, 6, 7, 6]","[6, 5, 4, 3, 2, 1, 2, 1, 2]","[6, 5, 4, 3, 2, 1, 0]","[6, 5, 4, 3, 2, 1, 2, 1, 2]","[6, 5, 4, 3, 2, 1, 0]","[20, 8, 13, 18, 23, 22, 21, 20]","[20, 8, 3, 8, 3, 8, 3, 8, 3, 8]","[20, 8, 13, 12, 11, 16, 15, 16, 15, 10]","[20, 8, 13, 12, 11, 10, 15, 20]","[20, 8, 7, 6, 11, 16, 21, 22, 21, 22]","[20, 8, 7, 6, 5, 10, 15, 20]"
57.4,3,2,0,321,370,4,C6,22,4,0.8197375,6,0,1,5.269710870782534,2.0,6.0,3.0,1,0,1,0,0,1,0,4,0,2,4,0,1,6,2,0,1,1,0,3,1,2,3,0,"[6, 5, 4, 3, 2, 1, 0]","[6, 5, 4, 5, 4, 5, 4, 5, 4]","[6, 5, 4, 3, 2, 1, 2, 1, 0]","[6, 5, 4, 3, 4, 5, 4, 3, 2]","[6, 5, 4, 3, 4, 5, 4, 3, 4]","[6, 5, 4, 3, 2, 1, 0]","[4, 22, 17, 12, 7, 2, 3, 4]","[4, 22, 23, 24, 23, 24, 23, 24, 23, 24]","[4, 22, 17, 12, 7, 8, 9, 14, 9, 4]","[4, 22, 23, 18, 13, 12, 11, 6, 7, 8]","[4, 22, 17, 12, 7, 6, 5, 0, 1, 6]","[4, 22, 17, 12, 7, 8, 9, 4]"
57.16,3,1,1,123,430,10,C7,19,0,0.9475520833333332,7,0,1,3.0228831847906106,1.8,4.0,3.0,1,0,1,0,0,1,0,5,0,3,1,0,1,4,1,0,2,1,0,3,0,2,1,0,"[7, 6, 5, 4, 3, 2, 1, 0]","[7, 8, 7, 6, 5, 4, 5, 4, 5]","[7, 6, 5, 4, 3, 2, 1, 0]","[7, 6, 5, 4, 3, 2, 1, 2, 3]","[7, 6, 5, 4, 3, 2, 1, 2, 1]","[7, 6, 5, 4, 3, 2, 1, 0]","[0, 19, 14, 9, 8, 7, 2, 1, 0]","[0, 19, 24, 19, 14, 9, 4, 9, 4, 9]","[0, 19, 14, 13, 8, 7, 6, 5, 0]","[0, 19, 18, 17, 16, 11, 6, 1, 2, 3]","[0, 19, 18, 17, 16, 11, 6, 5, 6, 5]","[0, 19, 18, 13, 8, 7, 2, 1, 0]"
57.16,3,1,2,321,395,13,C6,2,20,0.87410625,6,0,1,2.9070339281857005,1.8,5.0,4.0,0,0,1,1,0,1,1,7,0,0,1,0,2,5,1,1,0,1,1,4,0,0,1,0,"[6, 5, 4, 3, 2, 1, 2, 1]","[6, 7, 8, 7, 8, 7, 8, 7]","[6, 5, 4, 3, 2, 1, 0]","[6, 5, 4, 3, 2, 1, 0]","[6, 7, 6, 5, 4, 3, 2, 1]","[6, 5, 4, 3, 2, 1, 0]","[20, 2, 1, 0, 5, 10, 15, 10, 15]","[20, 2, 3, 4, 3, 4, 3, 4, 3]","[20, 2, 1, 6, 11, 16, 15, 20]","[20, 2, 1, 6, 11, 16, 21, 20]","[20, 2, 3, 8, 7, 12, 11, 16, 15]","[20, 2, 7, 12, 17, 22, 21, 20]"
56.92,3,1,0,321,230,2,C7,19,0,0.5126479166666666,7,0,1,1.8753797521591176,1.6,5.0,3.0,1,0,0,1,0,1,0,4,2,0,2,0,1,5,1,1,2,1,0,3,2,0,2,0,"[7, 6, 5, 4, 3, 2, 1, 0]","[7, 6, 7, 6, 5, 4, 3, 4, 3, 4]","[7, 6, 5, 4, 3, 2, 1, 2, 1, 2]","[7, 6, 5, 4, 3, 2, 1, 0]","[7, 6, 5, 4, 3, 2, 1, 2, 1, 2]","[7, 6, 5, 4, 3, 2, 1, 0]","[0, 19, 18, 17, 16, 15, 10, 5, 0]","[0, 19, 18, 19, 18, 17, 16, 15, 16, 15, 16]","[0, 19, 14, 13, 12, 11, 6, 5, 6, 1, 2]","[0, 19, 14, 13, 12, 7, 6, 5, 0]","[0, 19, 14, 9, 8, 7, 6, 5, 10, 5, 6]","[0, 19, 14, 13, 12, 11, 10, 5, 0]"
56.92,3,1,0,42,220,15,C7,20,3,0.4888458333333333,7,0,1,3.115551332175731,1.6,5.0,3.0,1,0,0,1,0,1,0,4,2,0,2,0,1,5,0,1,0,1,1,3,2,0,2,0,"[7, 6, 5, 4, 3, 2, 3, 2, 1, 0]","[7, 6, 7, 6, 7, 6, 5, 4, 3, 4]","[7, 6, 5, 4, 3, 2, 1, 2, 3, 2]","[7, 6, 5, 4, 3, 2, 1, 0]","[7, 6, 5, 4, 3, 2, 1, 2, 1, 2]","[7, 6, 5, 4, 3, 2, 1, 0]","[3, 20, 15, 16, 17, 18, 13, 14, 9, 4, 3]","[3, 20, 15, 20, 15, 20, 15, 10, 5, 0, 5]","[3, 20, 15, 10, 5, 6, 7, 8, 9, 14, 13]","[3, 20, 21, 22, 23, 18, 13, 8, 3]","[3, 20, 21, 22, 23, 18, 13, 8, 7, 2, 1]","[3, 20, 21, 22, 23, 18, 13, 8, 3]"
56.68,3,1,2,123,410,21,C6,3,21,0.90454375,6,0,1,3.470412798672914,1.4,6.0,3.0,1,0,0,0,1,1,0,5,1,1,0,0,1,6,0,0,1,1,0,3,1,1,0,0,"[6, 5, 4, 3, 2, 1, 0]","[6, 5, 6, 5, 6, 5, 6, 5]","[6, 7, 6, 5, 4, 3, 2, 1]","[6, 5, 4, 3, 2, 3, 2, 1]","[6, 5, 4, 3, 2, 1, 0]","[6, 5, 4, 3, 2, 1, 0]","[21, 3, 2, 7, 12, 17, 22, 21]","[21, 3, 8, 3, 8, 3, 8, 3, 8]","[21, 3, 4, 9, 14, 13, 18, 17, 16]","[21, 3, 8, 13, 12, 11, 10, 15, 20]","[21, 3, 2, 7, 6, 11, 16, 21]","[21, 3, 8, 7, 6, 11, 16, 21]"
56.68,3,2,1,321,285,15,C6,5,23,0.6334041666666667,6,0,1,3.498956041733424,1.4,5.0,3.0,0,0,1,1,0,1,1,3,0,0,3,0,1,5,1,1,1,1,2,3,1,0,3,0,"[6, 5, 4, 5, 4, 3, 4, 3, 2, 1]","[6, 5, 4, 5, 4, 3, 4, 3, 4, 3]","[6, 5, 4, 3, 4, 3, 2, 1, 0]","[6, 5, 4, 3, 2, 1, 0]","[6, 5, 4, 3, 2, 1, 2, 3, 4, 3]","[6, 5, 4, 3, 2, 1, 0]","[23, 5, 6, 11, 6, 7, 8, 9, 14, 19, 24]","[23, 5, 6, 7, 6, 7, 8, 7, 8, 9, 8]","[23, 5, 6, 7, 8, 9, 14, 19, 24, 23]","[23, 5, 6, 7, 12, 13, 18, 23]","[23, 5, 10, 11, 12, 17, 18, 13, 8, 7, 12]","[23, 5, 6, 7, 8, 13, 18, 23]"
56.68,3,1,2,42,340,0,C6,21,3,0.75133125,6,0,1,2.58142126272122,1.4,5.0,4.0,1,0,0,1,0,1,0,5,1,0,1,0,1,5,2,1,1,1,1,4,2,0,2,0,"[6, 5, 4, 3, 4, 3, 2, 1, 0]","[6, 7, 6, 5, 6, 5, 4, 5, 4, 5]","[6, 5, 4, 3, 2, 3, 2, 1, 2, 1]","[6, 5, 4, 3, 2, 1, 0]","[6, 7, 6, 5, 4, 3, 4, 3, 2, 1]","[6, 5, 4, 3, 2, 1, 0]","[3, 21, 22, 23, 18, 19, 14, 9, 4, 3]","[3, 21, 20, 21, 16, 21, 22, 17, 22, 17, 22]","[3, 21, 16, 11, 12, 13, 14, 9, 4, 9, 4]","[3, 21, 22, 23, 18, 13, 8, 3]","[3, 21, 20, 21, 16, 17, 18, 19, 14, 9, 4]","[3, 21, 22, 23, 18, 13, 8, 3]"
56.68,3,1,2,42,345,9,C6,1,23,0.7622041666666667,6,0,1,3.0603381367524456,1.4,6.0,3.0,1,0,0,1,0,1,0,5,1,0,1,0,1,6,0,1,0,1,0,3,1,0,1,0,"[6, 5, 4, 3, 2, 1, 0]","[6, 5, 6, 5, 6, 5, 6, 5]","[6, 5, 4, 3, 2, 1, 2, 1]","[6, 5, 4, 3, 2, 1, 0]","[6, 5, 4, 3, 2, 1, 2, 1]","[6, 5, 4, 3, 2, 1, 0]","[23, 1, 6, 11, 16, 17, 22, 23]","[23, 1, 6, 1, 6, 1, 6, 1, 6]","[23, 1, 6, 7, 8, 13, 18, 19, 24]","[23, 1, 6, 11, 16, 21, 22, 23]","[23, 1, 6, 11, 16, 17, 18, 19, 24]","[23, 1, 6, 11, 16, 21, 22, 23]"
56.64,3,2,1,321,320,8,C6,6,24,0.7102041666666666,6,0,1,3.7397418734431263,2.2,4.0,3.0,0,0,1,1,0,1,1,5,0,0,5,0,0,4,1,1,0,1,1,3,0,0,3,0,"[6, 7, 6, 5, 4, 3, 2, 1]","[6, 7, 6, 5, 6, 5, 6, 5]","[6, 5, 4, 3, 2, 1, 0]","[6, 5, 4, 3, 2, 1, 0]","[6, 5, 4, 3, 2, 3, 4, 5]","[6, 5, 4, 3, 2, 1, 0]","[24, 6, 1, 2, 3, 4, 9, 14, 19]","[24, 6, 5, 6, 11, 10, 11, 10, 11]","[24, 6, 7, 8, 9, 14, 19, 24]","[24, 6, 7, 8, 9, 14, 19, 24]","[24, 6, 11, 12, 13, 14, 9, 8, 7]","[24, 6, 7, 8, 9, 14, 19, 24]"
56.4,3,2,0,123,125,21,C6,19,5,0.2804229166666667,6,0,1,3.4378741534550974,2.0,5.0,3.0,0,0,0,1,1,1,4,4,2,0,0,0,5,5,1,1,1,1,3,3,2,0,0,0,"[6, 5, 6, 5, 6, 5, 4, 5, 4]","[6, 5, 4, 5, 4, 5, 4, 5, 4]","[6, 5, 4, 5, 4, 3, 2, 3, 2]","[6, 5, 4, 3, 2, 1, 0]","[6, 5, 4, 3, 2, 1, 0]","[6, 5, 4, 3, 2, 1, 0]","[5, 19, 18, 19, 18, 19, 14, 13, 14, 13]","[5, 19, 14, 9, 4, 9, 4, 9, 4, 9]","[5, 19, 18, 17, 22, 21, 16, 15, 20, 15]","[5, 19, 18, 17, 16, 15, 10, 5]","[5, 19, 14, 13, 12, 11, 10, 5]","[5, 19, 18, 17, 16, 15, 10, 5]"
56.4,3,1,0,42,125,13,C7,21,4,0.2793520833333333,7,0,1,1.7924568464756006,2.0,4.0,3.0,1,0,1,0,0,1,0,6,0,2,2,0,1,4,1,2,1,1,0,3,0,1,1,0,"[7, 6, 5, 4, 3, 2, 1, 0]","[7, 6, 7, 6, 7, 6, 7, 6]","[7, 6, 5, 4, 3, 2, 1, 0]","[7, 6, 5, 4, 3, 2, 3, 2]","[7, 6, 7, 6, 5, 4, 3, 2]","[7, 6, 5, 4, 3, 2, 1, 0]","[4, 21, 16, 17, 18, 19, 14, 9, 4]","[4, 21, 16, 21, 16, 21, 16, 15, 10]","[4, 21, 16, 11, 6, 7, 8, 9, 4]","[4, 21, 22, 23, 18, 13, 8, 13, 8]","[4, 21, 16, 21, 22, 23, 24, 19, 14]","[4, 21, 22, 23, 24, 19, 14, 9, 4]"
56.12,3,2,1,123,175,3,C6,6,24,0.3902604166666666,8,1,1,2.3472963946958374,2.6,7.0,5.0,1,0,1,0,0,1,0,7,0,1,5,0,1,7,1,1,0,1,0,5,0,2,4,1,"[6, 5, 4, 3, 2, 1, 0]","[6, 7, 6, 5, 6, 7, 6, 7, 6, 7]","[6, 5, 4, 3, 2, 1, 0]","[6, 5, 6, 5, 4, 3, 2, 1, 2, 1]","[6, 5, 4, 3, 2, 1, 2, 3, 4, 5]","[6, 5, 6, 5, 4, 3, 2, 1, 0]","[24, 6, 11, 12, 13, 18, 23, 24]","[24, 6, 1, 6, 11, 6, 1, 6, 1, 6, 1]","[24, 6, 11, 12, 17, 22, 23, 24]","[24, 6, 7, 2, 3, 8, 13, 18, 23, 22, 23]","[24, 6, 11, 12, 17, 18, 19, 14, 9, 8, 7]","[24, 6, 11, 10, 15, 20, 21, 22, 23, 24]"
56.12,3,3,0,123,310,5,C6,14,20,0.68561875,8,1,1,2.30960430034995,2.6,7.0,4.0,0,0,0,1,1,1,3,5,5,0,0,0,0,7,0,1,1,1,3,4,4,0,1,1,"[6, 7, 8, 7, 6, 5, 4, 3, 2, 3]","[6, 5, 4, 5, 4, 5, 4, 5, 4, 5]","[6, 5, 4, 3, 2, 3, 2, 3, 4, 5]","[6, 5, 4, 3, 2, 1, 0]","[6, 7, 6, 5, 4, 3, 2, 1, 0]","[6, 5, 6, 5, 4, 3, 2, 1, 0]","[20, 14, 9, 4, 3, 2, 1, 0, 5, 10, 11]","[20, 14, 19, 24, 19, 24, 19, 24, 19, 24, 19]","[20, 14, 13, 12, 17, 16, 11, 10, 5, 6, 1]","[20, 14, 13, 12, 11, 10, 15, 20]","[20, 14, 9, 8, 7, 6, 11, 16, 21, 20]","[20, 14, 13, 8, 7, 6, 11, 10, 15, 20]"
55.88,3,2,0,123,205,0,C7,24,5,0.45523125,9,1,1,2.8096131324172013,2.4,6.0,4.0,0,0,0,1,1,1,2,6,4,0,0,0,1,6,0,1,1,1,2,4,3,0,0,1,"[7, 6, 5, 4, 5, 4, 3, 2, 1, 2]","[7, 6, 5, 4, 5, 6, 5, 4, 5, 6]","[7, 6, 5, 4, 3, 2, 1, 2, 3, 4]","[7, 6, 5, 4, 3, 2, 1, 0]","[7, 6, 5, 4, 3, 2, 1, 0]","[7, 6, 5, 4, 3, 2, 3, 2, 1, 0]","[5, 24, 19, 14, 9, 4, 3, 2, 1, 0, 1]","[5, 24, 23, 18, 13, 18, 23, 18, 13, 18, 23]","[5, 24, 23, 18, 17, 16, 11, 6, 1, 2, 3]","[5, 24, 19, 18, 17, 16, 15, 10, 5]","[5, 24, 19, 14, 9, 8, 7, 6, 5]","[5, 24, 23, 18, 13, 12, 7, 2, 1, 0, 5]"
55.84,2,2,0,42,365,22,C7,19,0,0.80604375,7,0,1,4.619022968947887,3.2,8.0,5.0,1,0,1,1,0,1,0,8,0,0,8,0,1,8,1,1,1,1,0,5,0,0,5,0,"[7, 6, 5, 4, 3, 2, 1, 0]","[7, 8, 7, 8, 7, 8, 7, 8, 7, 8]","[7, 6, 5, 4, 3, 2, 1, 0]","[7, 6, 5, 4, 3, 2, 1, 0]","[7, 6, 5, 4, 3, 4, 5, 6, 7, 8]","[7, 6, 5, 4, 3, 2, 1, 0]","[0, 19, 14, 9, 4, 3, 2, 1, 0]","[0, 19, 24, 19, 24, 19, 24, 19, 24, 19, 24]","[0, 19, 18, 17, 12, 11, 6, 5, 0]","[0, 19, 14, 9, 4, 3, 2, 1, 0]","[0, 19, 14, 13, 12, 11, 16, 17, 18, 19, 24]","[0, 19, 14, 9, 8, 7, 6, 5, 0]"
55.4,3,0,0,123,285,6,C8,0,24,0.6312291666666666,8,0,1,3.183944591663777,2.0,3.0,2.0,1,0,1,0,0,1,0,4,0,2,4,0,1,3,1,0,0,1,0,2,0,1,2,0,"[8, 7, 6, 5, 4, 3, 2, 1, 0]","[8, 7, 6, 5, 6, 5, 4, 3, 4]","[8, 7, 6, 5, 4, 3, 2, 1, 0]","[8, 7, 6, 5, 4, 3, 2, 1, 2]","[8, 7, 6, 5, 4, 3, 2, 3, 4]","[8, 7, 6, 5, 4, 3, 2, 1, 0]","[24, 0, 5, 6, 7, 8, 9, 14, 19, 24]","[24, 0, 1, 6, 11, 6, 11, 16, 21, 16]","[24, 0, 1, 2, 3, 8, 13, 18, 23, 24]","[24, 0, 1, 2, 3, 4, 9, 14, 19, 18]","[24, 0, 1, 2, 7, 12, 13, 14, 9, 4]","[24, 0, 5, 10, 15, 16, 17, 18, 19, 24]"
55.4,3,0,0,123,330,8,C8,24,0,0.72930625,8,0,1,2.782037710368632,2.0,3.0,2.0,1,0,0,1,0,1,0,4,2,0,4,0,1,3,1,1,0,1,0,2,1,0,2,0,"[8, 7, 6, 5, 4, 3, 2, 1, 0]","[8, 7, 6, 5, 4, 5, 4, 3, 4]","[8, 7, 6, 5, 4, 3, 2, 1, 2]","[8, 7, 6, 5, 4, 3, 2, 1, 0]","[8, 7, 6, 5, 4, 3, 2, 3, 4]","[8, 7, 6, 5, 4, 3, 2, 1, 0]","[0, 24, 19, 14, 9, 4, 3, 2, 1, 0]","[0, 24, 23, 18, 13, 8, 13, 8, 3, 8]","[0, 24, 19, 14, 13, 12, 11, 6, 1, 6]","[0, 24, 19, 18, 17, 16, 15, 10, 5, 0]","[0, 24, 19, 14, 9, 8, 7, 6, 11, 16]","[0, 24, 23, 18, 13, 8, 7, 2, 1, 0]"
55.4,3,1,0,321,165,9,C7,0,19,0.37020625,9,1,1,3.8260268604755394,2.0,8.0,4.0,1,0,0,0,1,1,0,6,2,2,0,0,1,8,2,1,1,1,0,4,2,2,0,1,"[7, 6, 5, 4, 3, 2, 1, 0]","[7, 6, 7, 6, 7, 6, 7, 6, 7, 6]","[7, 6, 5, 6, 5, 4, 3, 2, 1, 2]","[7, 6, 5, 4, 3, 4, 3, 2, 1, 2]","[7, 6, 5, 4, 3, 2, 1, 0]","[7, 6, 5, 4, 5, 4, 3, 2, 1, 0]","[19, 0, 1, 2, 3, 4, 9, 14, 19]","[19, 0, 1, 0, 1, 0, 1, 0, 1, 0, 1]","[19, 0, 1, 6, 1, 6, 7, 8, 13, 18, 23]","[19, 0, 1, 6, 11, 16, 21, 22, 23, 24, 23]","[19, 0, 1, 6, 11, 16, 17, 18, 19]","[19, 0, 5, 10, 15, 20, 21, 22, 23, 24, 19]"
55.4,3,1,0,123,180,19,C6,9,15,0.4012041666666666,6,0,1,2.431003348976373,2.0,5.0,4.0,0,0,1,1,0,1,2,6,0,0,2,0,1,5,1,1,1,1,2,4,0,1,2,0,"[6, 5, 4, 5, 4, 3, 2, 1, 2]","[6, 7, 6, 5, 6, 5, 6, 5, 6]","[6, 5, 4, 3, 2, 1, 0]","[6, 5, 4, 3, 2, 3, 2, 1, 0]","[6, 5, 4, 3, 2, 1, 2, 3, 2]","[6, 5, 4, 3, 2, 1, 0]","[15, 9, 14, 19, 24, 23, 22, 21, 20, 21]","[15, 9, 4, 3, 8, 3, 8, 3, 8, 3]","[15, 9, 8, 7, 12, 11, 16, 15]","[15, 9, 14, 13, 18, 17, 22, 21, 20, 15]","[15, 9, 8, 7, 12, 11, 16, 21, 22, 21]","[15, 9, 8, 7, 6, 5, 10, 15]"
55.08,3,3,0,321,105,12,C6,16,4,0.2366770833333333,8,1,2,4.728468249589204,3.4,7.0,5.0,1,0,0,1,0,1,0,7,5,0,5,0,1,7,0,1,0,2,0,5,4,0,4,1,"[6, 5, 4, 3, 2, 1, 0]","[6, 7, 6, 5, 6, 7, 6, 7, 6, 7]","[6, 5, 4, 3, 2, 1, 2, 3, 4, 5]","[6, 5, 4, 3, 2, 1, 0]","[6, 5, 4, 3, 2, 1, 2, 3, 4, 5]","[6, 5, 4, 3, 2, 3, 2, 1, 0]","[4, 16, 17, 12, 7, 2, 3, 4]","[4, 16, 15, 16, 17, 16, 15, 16, 15, 16, 15]","[4, 16, 11, 6, 7, 8, 9, 14, 13, 12, 17]","[4, 16, 11, 6, 7, 2, 3, 4]","[4, 16, 17, 12, 13, 8, 3, 2, 1, 0, 5]","[4, 16, 11, 12, 7, 8, 7, 2, 3, 4]"
54.92,2,1,1,321,285,17,C8,24,0,0.6334354166666667,8,0,1,4.013201155297457,1.6,8.0,4.0,1,0,0,1,1,1,0,7,1,0,0,0,1,8,2,1,1,1,0,4,1,0,0,0,"[8, 7, 6, 5, 4, 3, 2, 1, 0]","[8, 7, 8, 7, 8, 7, 8, 7, 8, 7]","[8, 7, 6, 5, 4, 5, 4, 3, 2, 1]","[8, 7, 6, 5, 4, 3, 2, 1, 0]","[8, 7, 6, 5, 4, 3, 2, 1, 0]","[8, 7, 6, 5, 4, 3, 2, 1, 0]","[0, 24, 23, 22, 21, 16, 15, 10, 5, 0]","[0, 24, 23, 24, 23, 24, 23, 24, 23, 24, 23]","[0, 24, 23, 22, 21, 16, 21, 16, 11, 6, 1]","[0, 24, 19, 18, 13, 12, 7, 6, 1, 0]","[0, 24, 23, 22, 17, 12, 7, 6, 5, 0]","[0, 24, 19, 18, 17, 16, 11, 6, 1, 0]"
54.92,2,1,1,321,265,1,C8,20,4,0.5896104166666667,8,0,1,2.744921217270196,1.6,8.0,4.0,1,0,1,0,1,1,0,7,0,1,0,0,1,8,1,2,1,1,0,4,0,1,0,0,"[8, 7, 6, 5, 4, 3, 2, 1, 0]","[8, 7, 8, 7, 8, 7, 8, 7, 8, 7]","[8, 7, 6, 5, 4, 3, 2, 1, 0]","[8, 7, 6, 5, 4, 3, 2, 1, 2, 1]","[8, 7, 6, 5, 4, 3, 2, 1, 0]","[8, 7, 6, 5, 4, 3, 2, 1, 0]","[4, 20, 21, 16, 11, 6, 1, 2, 3, 4]","[4, 20, 21, 20, 21, 20, 21, 20, 21, 20, 21]","[4, 20, 15, 10, 11, 12, 13, 14, 9, 4]","[4, 20, 15, 10, 11, 12, 7, 8, 3, 8, 3]","[4, 20, 21, 22, 23, 24, 19, 14, 9, 4]","[4, 20, 21, 16, 11, 6, 7, 8, 9, 4]"
54.92,2,1,1,321,415,4,C8,0,24,0.9176395833333332,8,0,1,2.4016097755804644,1.6,8.0,4.0,1,0,1,1,0,1,0,7,0,0,1,0,1,8,1,1,1,1,0,4,0,0,1,0,"[8, 7, 6, 5, 4, 3, 2, 1, 0]","[8, 7, 8, 7, 8, 7, 8, 7, 8, 7]","[8, 7, 6, 5, 4, 3, 2, 1, 0]","[8, 7, 6, 5, 4, 3, 2, 1, 0]","[8, 7, 6, 5, 4, 3, 2, 1, 2, 1]","[8, 7, 6, 5, 4, 3, 2, 1, 0]","[24, 0, 1, 2, 3, 4, 9, 14, 19, 24]","[24, 0, 1, 0, 1, 0, 1, 0, 1, 0, 1]","[24, 0, 5, 10, 11, 12, 13, 18, 19, 24]","[24, 0, 1, 2, 3, 8, 13, 18, 23, 24]","[24, 0, 1, 6, 11, 12, 17, 18, 19, 14, 19]","[24, 0, 1, 6, 7, 8, 9, 14, 19, 24]"
54.92,2,1,1,321,420,12,C8,24,0,0.9286958333333334,8,0,1,2.73010097105801,1.6,8.0,4.0,1,0,1,1,0,1,0,7,0,0,1,0,1,8,1,1,1,1,0,4,0,0,1,0,"[8, 7, 6, 5, 4, 3, 2, 1, 0]","[8, 7, 8, 7, 8, 7, 8, 7, 8, 7]","[8, 7, 6, 5, 4, 3, 2, 1, 0]","[8, 7, 6, 5, 4, 3, 2, 1, 0]","[8, 7, 6, 5, 4, 3, 2, 1, 2, 1]","[8, 7, 6, 5, 4, 3, 2, 1, 0]","[0, 24, 19, 18, 17, 16, 11, 10, 5, 0]","[0, 24, 23, 24, 23, 24, 23, 24, 23, 24, 23]","[0, 24, 19, 14, 13, 12, 7, 6, 1, 0]","[0, 24, 19, 14, 13, 8, 7, 6, 5, 0]","[0, 24, 23, 22, 17, 12, 11, 6, 1, 6, 5]","[0, 24, 23, 18, 17, 12, 7, 2, 1, 0]"
54.92,2,1,1,321,155,0,C8,0,24,0.3478041666666667,8,0,1,0.8007064778059712,1.6,8.0,4.0,1,0,0,1,1,1,0,7,1,0,0,0,1,8,1,1,1,1,0,4,1,0,0,0,"[8, 7, 6, 5, 4, 3, 2, 1, 0]","[8, 7, 8, 7, 8, 7, 8, 7, 8, 7]","[8, 7, 6, 7, 6, 5, 4, 3, 2, 1]","[8, 7, 6, 5, 4, 3, 2, 1, 0]","[8, 7, 6, 5, 4, 3, 2, 1, 0]","[8, 7, 6, 5, 4, 3, 2, 1, 0]","[24, 0, 1, 2, 3, 4, 9, 14, 19, 24]","[24, 0, 1, 0, 1, 0, 1, 0, 1, 0, 1]","[24, 0, 1, 6, 1, 2, 3, 8, 13, 18, 19]","[24, 0, 1, 2, 3, 8, 13, 18, 23, 24]","[24, 0, 1, 6, 11, 16, 17, 22, 23, 24]","[24, 0, 5, 10, 15, 20, 21, 22, 23, 24]"
54.92,3,0,0,123,345,12,C8,20,4,0.7621458333333333,8,0,1,4.418821599490939,1.6,3.0,2.0,0,0,1,1,0,1,2,4,0,0,2,0,2,3,1,1,1,1,1,2,0,0,1,0,"[8, 7, 6, 5, 4, 3, 2, 3, 2]","[8, 7, 8, 7, 6, 5, 6, 5, 4]","[8, 7, 6, 5, 4, 3, 2, 1, 0]","[8, 7, 6, 5, 4, 3, 2, 1, 0]","[8, 7, 6, 5, 4, 3, 2, 3, 2]","[8, 7, 6, 5, 4, 3, 2, 1, 0]","[4, 20, 15, 16, 11, 6, 1, 2, 1, 2]","[4, 20, 21, 20, 15, 16, 11, 16, 11, 6]","[4, 20, 15, 10, 11, 6, 1, 2, 3, 4]","[4, 20, 15, 10, 5, 0, 1, 2, 3, 4]","[4, 20, 15, 10, 11, 12, 13, 8, 7, 8]","[4, 20, 21, 22, 17, 12, 13, 8, 3, 4]"
54.879999999999995,2,2,0,123,265,6,C8,20,4,0.5873604166666667,8,0,1,3.794967669963836,2.4,6.0,4.0,0,0,1,1,1,1,5,7,0,0,0,0,3,6,1,1,1,1,3,4,0,0,0,0,"[8, 7, 6, 5, 4, 3, 4, 3, 4, 5]","[8, 7, 6, 7, 6, 7, 6, 5, 6, 7]","[8, 7, 6, 5, 4, 3, 2, 1, 0]","[8, 7, 6, 5, 4, 3, 2, 1, 0]","[8, 7, 6, 5, 4, 3, 2, 1, 0]","[8, 7, 6, 5, 4, 3, 2, 1, 0]","[4, 20, 21, 22, 23, 18, 19, 24, 19, 24, 23]","[4, 20, 21, 16, 21, 16, 21, 16, 11, 16, 21]","[4, 20, 21, 16, 11, 6, 7, 2, 3, 4]","[4, 20, 21, 16, 11, 12, 7, 8, 9, 4]","[4, 20, 21, 22, 23, 24, 19, 14, 9, 4]","[4, 20, 21, 22, 23, 18, 13, 8, 3, 4]"
54.4,2,1,0,42,365,1,C8,24,0,0.8057979166666667,8,0,1,3.207021341443061,2.0,8.0,4.0,1,0,0,1,1,1,0,7,3,0,0,0,1,8,3,1,1,1,0,4,2,0,0,0,"[8, 7, 6, 5, 4, 3, 2, 1, 0]","[8, 7, 8, 7, 8, 7, 8, 7, 8, 7]","[8, 7, 6, 5, 4, 3, 2, 3, 2, 3]","[8, 7, 6, 5, 4, 3, 2, 1, 0]","[8, 7, 6, 5, 4, 3, 2, 1, 0]","[8, 7, 6, 5, 4, 3, 2, 1, 0]","[0, 24, 19, 14, 9, 4, 3, 2, 1, 0]","[0, 24, 19, 24, 19, 24, 19, 24, 19, 24, 19]","[0, 24, 19, 14, 9, 4, 3, 2, 3, 2, 3]","[0, 24, 19, 14, 9, 4, 3, 2, 1, 0]","[0, 24, 23, 18, 13, 8, 7, 6, 5, 0]","[0, 24, 19, 14, 9, 8, 7, 6, 5, 0]"
54.4,2,1,0,42,410,13,C8,0,24,0.9044625,8,0,1,1.8484393363520495,2.0,8.0,4.0,1,0,1,1,0,1,0,7,0,0,3,0,1,8,1,1,0,1,0,4,0,0,2,0,"[8, 7, 6, 5, 4, 3, 2, 1, 0]","[8, 7, 8, 7, 8, 7, 8, 7, 8, 7]","[8, 7, 6, 5, 4, 3, 2, 1, 0]","[8, 7, 6, 5, 4, 3, 2, 1, 0]","[8, 7, 6, 5, 4, 3, 2, 1, 2, 3]","[8, 7, 6, 5, 4, 3, 2, 1, 0]","[24, 0, 1, 6, 11, 16, 17, 22, 23, 24]","[24, 0, 5, 0, 5, 0, 5, 0, 5, 0, 5]","[24, 0, 1, 6, 7, 12, 17, 22, 23, 24]","[24, 0, 5, 6, 11, 16, 17, 22, 23, 24]","[24, 0, 5, 10, 15, 16, 17, 18, 19, 14, 9]","[24, 0, 5, 10, 15, 20, 21, 22, 23, 24]"
54.4,3,1,0,123,405,13,C6,4,16,0.8934,6,0,1,2.5248761203885075,2.0,5.0,3.0,0,0,1,1,0,1,2,6,0,0,2,0,0,5,1,1,0,1,1,3,0,0,1,0,"[6, 5, 4, 3, 4, 3, 2]","[6, 5, 6, 5, 6, 5, 6]","[6, 5, 4, 3, 2, 1, 0]","[6, 5, 4, 3, 2, 1, 0]","[6, 5, 4, 3, 2, 1, 2]","[6, 5, 4, 3, 2, 1, 0]","[16, 4, 3, 2, 1, 0, 5, 10]","[16, 4, 9, 4, 9, 4, 9, 4]","[16, 4, 3, 2, 7, 12, 11, 16]","[16, 4, 9, 14, 19, 18, 17, 16]","[16, 4, 9, 8, 7, 12, 17, 22]","[16, 4, 9, 14, 19, 18, 17, 16]"
54.4,2,1,0,123,405,1,C8,20,4,0.8932666666666667,8,0,1,1.2265626391097897,2.0,8.0,4.0,1,0,1,0,1,1,0,7,0,3,0,0,1,8,1,0,1,1,0,4,0,2,0,0,"[8, 7, 6, 5, 4, 3, 2, 1, 0]","[8, 7, 8, 7, 8, 7, 8, 7, 8, 7]","[8, 7, 6, 5, 4, 3, 2, 1, 0]","[8, 7, 6, 5, 4, 3, 2, 1, 2, 3]","[8, 7, 6, 5, 4, 3, 2, 1, 0]","[8, 7, 6, 5, 4, 3, 2, 1, 0]","[4, 20, 15, 10, 11, 12, 13, 14, 9, 4]","[4, 20, 15, 20, 15, 20, 15, 20, 15, 20, 15]","[4, 20, 15, 10, 5, 0, 1, 2, 3, 4]","[4, 20, 15, 10, 5, 6, 7, 8, 9, 14, 19]","[4, 20, 15, 16, 17, 12, 7, 8, 3, 4]","[4, 20, 15, 10, 5, 0, 1, 2, 3, 4]"
54.4,3,1,0,123,215,2,C6,20,2,0.47723125,6,0,1,2.736647901137669,2.0,5.0,3.0,0,0,1,1,0,1,2,6,0,0,2,0,0,5,1,1,0,1,1,3,0,0,1,0,"[6, 5, 4, 3, 2, 1, 2]","[6, 5, 6, 5, 6, 5, 6]","[6, 5, 4, 3, 2, 1, 0]","[6, 5, 4, 3, 2, 1, 0]","[6, 5, 4, 3, 2, 1, 2]","[6, 5, 4, 3, 2, 1, 0]","[2, 20, 15, 10, 5, 6, 7, 8]","[2, 20, 15, 20, 15, 20, 15, 20]","[2, 20, 15, 10, 5, 0, 1, 2]","[2, 20, 15, 10, 5, 0, 1, 2]","[2, 20, 15, 10, 5, 6, 7, 8]","[2, 20, 15, 16, 17, 12, 7, 2]"
53.92,2,1,1,42,160,13,C8,0,24,0.3572083333333333,8,0,1,1.817849233344196,1.6,7.0,4.0,1,0,1,0,1,1,0,7,0,1,0,0,1,7,1,2,1,1,0,4,0,1,0,0,"[8, 7, 6, 5, 4, 3, 2, 1, 0]","[8, 7, 8, 7, 6, 7, 8, 7, 6, 7]","[8, 7, 6, 5, 4, 3, 2, 1, 0]","[8, 7, 6, 7, 6, 5, 4, 3, 2, 1]","[8, 7, 6, 5, 4, 3, 2, 1, 0]","[8, 7, 6, 5, 4, 3, 2, 1, 0]","[24, 0, 1, 6, 11, 16, 17, 22, 23, 24]","[24, 0, 5, 0, 5, 10, 5, 0, 5, 10, 5]","[24, 0, 5, 6, 7, 8, 9, 14, 19, 24]","[24, 0, 5, 10, 5, 10, 11, 16, 21, 22, 23]","[24, 0, 5, 10, 15, 16, 17, 18, 19, 24]","[24, 0, 1, 6, 11, 16, 21, 22, 23, 24]"
53.92,3,1,0,42,220,8,C6,0,18,0.4887604166666666,6,0,1,2.8702596773207176,1.6,5.0,3.0,0,0,1,0,1,1,2,4,0,2,0,0,0,5,1,0,1,1,2,3,0,2,0,0,"[6, 5, 4, 3, 2, 3, 2, 1, 2]","[6, 5, 6, 5, 4, 5, 4, 5, 4]","[6, 5, 4, 3, 2, 1, 0]","[6, 5, 4, 3, 2, 3, 2, 1, 2]","[6, 5, 4, 3, 2, 1, 0]","[6, 5, 4, 3, 2, 1, 0]","[18, 0, 5, 10, 11, 16, 21, 22, 23, 24]","[18, 0, 5, 0, 1, 6, 1, 6, 1, 6]","[18, 0, 1, 6, 11, 12, 17, 18]","[18, 0, 5, 10, 15, 16, 21, 22, 23, 24]","[18, 0, 5, 10, 11, 16, 17, 18]","[18, 0, 5, 10, 15, 16, 17, 18]"
53.88,3,2,0,42,245,3,C6,4,22,0.5433645833333334,8,1,1,4.56049978467822,2.4,7.0,4.0,1,0,0,0,1,1,0,6,4,2,0,0,1,7,1,0,1,1,1,4,3,2,1,1,"[6, 5, 4, 3, 4, 3, 2, 1, 0]","[6, 5, 6, 5, 6, 5, 6, 5, 6]","[6, 5, 4, 3, 2, 3, 4, 3, 4]","[6, 5, 4, 5, 4, 3, 4, 3, 2]","[6, 5, 4, 5, 4, 3, 2, 1, 0]","[6, 5, 4, 3, 4, 3, 2, 1, 0]","[22, 4, 9, 8, 7, 6, 11, 16, 21, 22]","[22, 4, 9, 4, 9, 4, 9, 4, 9, 4]","[22, 4, 3, 2, 7, 12, 11, 10, 15, 10]","[22, 4, 3, 2, 1, 6, 11, 10, 15, 20]","[22, 4, 3, 2, 1, 6, 11, 16, 21, 22]","[22, 4, 9, 8, 7, 6, 11, 16, 21, 22]"
53.879999999999995,2,1,0,42,195,2,C8,4,20,0.4339458333333333,8,0,1,1.400316134065389,2.4,7.0,4.0,1,0,1,1,0,1,0,8,0,0,4,0,1,7,1,1,1,1,0,4,0,0,2,0,"[8, 7, 6, 5, 4, 3, 2, 1, 0]","[8, 7, 8, 7, 8, 7, 8, 7, 8]","[8, 7, 6, 5, 4, 3, 2, 1, 0]","[8, 7, 6, 5, 4, 3, 2, 1, 0]","[8, 7, 6, 5, 4, 3, 4, 5, 4]","[8, 7, 6, 5, 4, 3, 2, 1, 0]","[20, 4, 9, 8, 7, 6, 5, 10, 15, 20]","[20, 4, 9, 4, 9, 4, 9, 4, 9, 4]","[20, 4, 9, 14, 13, 12, 17, 16, 21, 20]","[20, 4, 3, 2, 1, 0, 5, 10, 15, 20]","[20, 4, 3, 2, 1, 6, 11, 12, 7, 12]","[20, 4, 9, 8, 7, 6, 5, 10, 15, 20]"
53.64,3,1,0,42,205,8,C6,0,22,0.456325,6,0,1,5.250231238653262,2.2,4.0,3.0,0,0,1,1,0,1,3,5,0,0,3,0,0,4,1,1,2,1,2,3,0,0,2,0,"[6, 5, 4, 3, 2, 1, 2, 3]","[6, 5, 4, 3, 4, 5, 4, 5]","[6, 5, 4, 3, 2, 1, 0]","[6, 5, 4, 3, 2, 1, 0]","[6, 5, 4, 3, 2, 3, 2, 3]","[6, 5, 4, 3, 2, 1, 0]","[22, 0, 1, 2, 7, 12, 17, 18, 19]","[22, 0, 1, 6, 11, 6, 1, 6, 1]","[22, 0, 1, 6, 11, 16, 21, 22]","[22, 0, 5, 10, 15, 16, 21, 22]","[22, 0, 5, 6, 11, 12, 13, 12, 13]","[22, 0, 1, 6, 11, 16, 21, 22]"
53.4,2,1,0,123,390,3,C8,24,0,0.8608166666666667,8,0,1,2.784524296380579,2.0,7.0,4.0,1,0,1,0,1,1,0,8,0,2,0,0,1,7,1,0,1,1,0,4,0,1,0,0,"[8, 7, 6, 5, 4, 3, 2, 1, 0]","[8, 7, 8, 7, 8, 7, 8, 7, 8]","[8, 7, 6, 5, 4, 3, 2, 1, 0]","[8, 7, 6, 5, 4, 3, 2, 1, 2]","[8, 7, 6, 5, 4, 3, 2, 1, 0]","[8, 7, 6, 5, 4, 3, 2, 1, 0]","[0, 24, 19, 14, 9, 8, 7, 2, 1, 0]","[0, 24, 19, 24, 19, 24, 19, 24, 19, 24]","[0, 24, 19, 14, 13, 12, 11, 6, 5, 0]","[0, 24, 19, 18, 17, 16, 11, 6, 1, 2]","[0, 24, 19, 14, 9, 8, 7, 6, 5, 0]","[0, 24, 19, 14, 13, 8, 3, 2, 1, 0]"
53.4,2,1,0,42,275,4,C8,0,24,0.6092645833333333,8,0,1,2.2590343864336604,2.0,7.0,4.0,1,0,1,1,0,1,0,8,0,0,2,0,1,7,1,1,0,1,0,4,0,0,1,0,"[8, 7, 6, 5, 4, 3, 2, 1, 0]","[8, 7, 8, 7, 8, 7, 8, 7, 8]","[8, 7, 6, 5, 4, 3, 2, 1, 0]","[8, 7, 6, 5, 4, 3, 2, 1, 0]","[8, 7, 6, 5, 4, 3, 2, 1, 2]","[8, 7, 6, 5, 4, 3, 2, 1, 0]","[24, 0, 1, 2, 7, 12, 17, 22, 23, 24]","[24, 0, 5, 0, 5, 0, 5, 0, 5, 0]","[24, 0, 1, 6, 7, 8, 13, 18, 19, 24]","[24, 0, 1, 6, 11, 16, 17, 22, 23, 24]","[24, 0, 5, 10, 15, 16, 17, 18, 19, 14]","[24, 0, 5, 10, 15, 16, 21, 22, 23, 24]"
53.4,2,1,0,123,365,2,C8,24,0,0.8060125,8,0,1,1.5256661301180712,2.0,7.0,4.0,1,0,1,1,0,1,0,8,0,0,2,0,1,7,1,1,1,1,0,4,0,0,1,0,"[8, 7, 6, 5, 4, 3, 2, 1, 0]","[8, 7, 8, 7, 8, 7, 8, 7, 8]","[8, 7, 6, 5, 4, 3, 2, 1, 0]","[8, 7, 6, 5, 4, 3, 2, 1, 0]","[8, 7, 6, 5, 4, 3, 2, 1, 2]","[8, 7, 6, 5, 4, 3, 2, 1, 0]","[0, 24, 19, 14, 9, 4, 3, 2, 1, 0]","[0, 24, 19, 24, 19, 24, 19, 24, 19, 24]","[0, 24, 19, 14, 13, 12, 11, 10, 5, 0]","[0, 24, 19, 18, 17, 16, 15, 10, 5, 0]","[0, 24, 19, 14, 9, 8, 7, 6, 1, 6]","[0, 24, 19, 14, 9, 8, 7, 2, 1, 0]"
53.4,2,1,0,42,225,7,C8,0,24,0.49978125,8,0,1,1.6284180808514348,2.0,7.0,4.0,0,0,1,1,1,1,2,8,0,0,0,0,2,7,1,1,1,1,1,4,0,0,0,0,"[8, 7, 6, 5, 4, 3, 2, 3, 2]","[8, 7, 8, 7, 8, 7, 8, 7, 8]","[8, 7, 6, 5, 4, 3, 2, 1, 0]","[8, 7, 6, 5, 4, 3, 2, 1, 0]","[8, 7, 6, 5, 4, 3, 2, 1, 0]","[8, 7, 6, 5, 4, 3, 2, 1, 0]","[24, 0, 5, 10, 15, 20, 21, 22, 21, 22]","[24, 0, 5, 0, 5, 0, 5, 0, 5, 0]","[24, 0, 5, 10, 15, 20, 21, 22, 23, 24]","[24, 0, 1, 6, 11, 16, 21, 22, 23, 24]","[24, 0, 5, 10, 15, 16, 21, 22, 23, 24]","[24, 0, 1, 6, 11, 16, 21, 22, 23, 24]"
53.4,2,1,0,321,345,9,C8,4,20,0.765,8,0,1,4.150917855806648,2.0,7.0,4.0,1,0,1,1,0,1,0,8,0,0,2,0,1,7,1,1,0,1,0,4,0,0,1,0,"[8, 7, 6, 5, 4, 3, 2, 1, 0]","[8, 7, 8, 7, 8, 7, 8, 7, 8]","[8, 7, 6, 5, 4, 3, 2, 1, 0]","[8, 7, 6, 5, 4, 3, 2, 1, 0]","[8, 7, 6, 5, 4, 3, 2, 1, 2]","[8, 7, 6, 5, 4, 3, 2, 1, 0]","[20, 4, 3, 8, 13, 18, 17, 16, 15, 20]","[20, 4, 3, 4, 3, 4, 3, 4, 3, 4]","[20, 4, 3, 8, 13, 18, 17, 16, 15, 20]","[20, 4, 3, 2, 1, 6, 11, 16, 21, 20]","[20, 4, 3, 2, 1, 6, 11, 16, 21, 22]","[20, 4, 3, 2, 1, 6, 11, 16, 15, 20]"
53.4,2,1,0,321,320,4,C8,0,24,0.7101479166666667,8,0,1,4.150288872949778,2.0,7.0,4.0,1,0,1,1,0,1,0,8,0,0,2,0,1,7,1,1,0,1,0,4,0,0,1,0,"[8, 7, 6, 5, 4, 3, 2, 1, 0]","[8, 7, 8, 7, 8, 7, 8, 7, 8]","[8, 7, 6, 5, 4, 3, 2, 1, 0]","[8, 7, 6, 5, 4, 3, 2, 1, 0]","[8, 7, 6, 5, 4, 3, 2, 1, 2]","[8, 7, 6, 5, 4, 3, 2, 1, 0]","[24, 0, 1, 2, 3, 8, 13, 18, 23, 24]","[24, 0, 1, 0, 1, 0, 1, 0, 1, 0]","[24, 0, 5, 6, 7, 8, 9, 14, 19, 24]","[24, 0, 1, 2, 3, 8, 13, 14, 19, 24]","[24, 0, 1, 6, 11, 16, 17, 18, 19, 14]","[24, 0, 1, 2, 3, 8, 13, 18, 23, 24]"
53.4,2,1,0,321,240,1,C8,0,24,0.5345354166666667,8,0,1,0.9646831528916948,2.0,7.0,4.0,1,0,1,1,0,1,0,8,0,0,2,0,1,7,1,1,0,1,0,4,0,0,1,0,"[8, 7, 6, 5, 4, 3, 2, 1, 0]","[8, 7, 8, 7, 8, 7, 8, 7, 8]","[8, 7, 6, 5, 4, 3, 2, 1, 0]","[8, 7, 6, 5, 4, 3, 2, 1, 0]","[8, 7, 6, 5, 4, 5, 4, 3, 2]","[8, 7, 6, 5, 4, 3, 2, 1, 0]","[24, 0, 1, 2, 3, 4, 9, 14, 19, 24]","[24, 0, 1, 0, 1, 0, 1, 0, 1, 0]","[24, 0, 5, 6, 7, 8, 13, 18, 19, 24]","[24, 0, 1, 2, 3, 8, 13, 18, 23, 24]","[24, 0, 1, 6, 11, 16, 15, 20, 21, 22]","[24, 0, 1, 6, 7, 12, 13, 14, 19, 24]"
53.4,2,1,0,321,310,6,C8,0,24,0.6880208333333333,8,0,1,2.7161787150129664,2.0,7.0,4.0,1,0,1,1,0,1,0,7,0,0,3,0,1,7,1,1,1,1,0,4,0,0,2,0,"[8, 7, 6, 5, 4, 3, 2, 1, 0]","[8, 7, 8, 7, 6, 7, 8, 7, 6, 7]","[8, 7, 6, 5, 4, 3, 2, 1, 0]","[8, 7, 6, 5, 4, 3, 2, 1, 0]","[8, 7, 6, 5, 4, 3, 2, 3, 4, 3]","[8, 7, 6, 5, 4, 3, 2, 1, 0]","[24, 0, 1, 2, 3, 4, 9, 14, 19, 24]","[24, 0, 1, 0, 1, 2, 1, 0, 1, 2, 1]","[24, 0, 1, 2, 3, 4, 9, 14, 19, 24]","[24, 0, 1, 2, 3, 4, 9, 14, 19, 24]","[24, 0, 1, 2, 7, 12, 13, 14, 9, 4, 9]","[24, 0, 1, 2, 3, 8, 13, 18, 23, 24]"
53.4,2,1,0,42,400,14,C8,0,24,0.8828145833333333,8,0,1,4.762521644838154,2.0,7.0,4.0,1,0,0,1,1,1,0,8,2,0,0,0,1,7,1,1,1,1,0,4,1,0,0,0,"[8, 7, 6, 5, 4, 3, 2, 1, 0]","[8, 7, 8, 7, 8, 7, 8, 7, 8]","[8, 7, 6, 5, 4, 3, 2, 1, 2]","[8, 7, 6, 5, 4, 3, 2, 1, 0]","[8, 7, 6, 5, 4, 3, 2, 1, 0]","[8, 7, 6, 5, 4, 3, 2, 1, 0]","[24, 0, 1, 6, 11, 16, 21, 22, 23, 24]","[24, 0, 5, 0, 5, 0, 5, 0, 5, 0]","[24, 0, 5, 6, 7, 8, 13, 18, 23, 18]","[24, 0, 1, 6, 11, 16, 21, 22, 23, 24]","[24, 0, 5, 10, 15, 16, 17, 18, 19, 24]","[24, 0, 1, 2, 7, 12, 17, 18, 19, 24]"
53.4,2,1,0,321,380,6,C8,0,24,0.8416291666666667,8,0,1,2.7770576664879907,2.0,7.0,4.0,0,0,1,1,1,1,2,8,0,0,0,0,0,7,1,1,1,1,1,4,0,0,0,0,"[8, 7, 6, 5, 4, 3, 2, 1, 2]","[8, 7, 8, 7, 8, 7, 8, 7, 8]","[8, 7, 6, 5, 4, 3, 2, 1, 0]","[8, 7, 6, 5, 4, 3, 2, 1, 0]","[8, 7, 6, 5, 4, 3, 2, 1, 0]","[8, 7, 6, 5, 4, 3, 2, 1, 0]","[24, 0, 1, 2, 3, 4, 9, 14, 19, 18]","[24, 0, 1, 0, 1, 0, 1, 0, 1, 0]","[24, 0, 1, 2, 3, 8, 13, 18, 19, 24]","[24, 0, 1, 2, 3, 8, 13, 18, 23, 24]","[24, 0, 1, 6, 11, 16, 17, 18, 19, 24]","[24, 0, 1, 6, 7, 12, 13, 18, 23, 24]"
53.4,2,1,0,321,185,6,C8,0,24,0.41369375,8,0,1,0.7375187467485658,2.0,7.0,4.0,1,0,0,1,1,1,0,8,2,0,0,0,1,7,0,1,1,1,0,4,1,0,0,0,"[8, 7, 6, 5, 4, 3, 2, 1, 0]","[8, 7, 8, 7, 8, 7, 8, 7, 8]","[8, 7, 6, 5, 4, 3, 2, 3, 2]","[8, 7, 6, 5, 4, 3, 2, 1, 0]","[8, 7, 6, 5, 4, 3, 2, 1, 0]","[8, 7, 6, 5, 4, 3, 2, 1, 0]","[24, 0, 1, 2, 3, 8, 13, 18, 23, 24]","[24, 0, 1, 0, 1, 0, 1, 0, 1, 0]","[24, 0, 1, 2, 3, 8, 13, 18, 17, 22]","[24, 0, 1, 2, 3, 4, 9, 14, 19, 24]","[24, 0, 1, 2, 7, 12, 17, 22, 23, 24]","[24, 0, 1, 2, 3, 4, 9, 14, 19, 24]"
53.4,2,1,0,123,425,2,C8,4,20,0.9368583333333332,8,0,1,3.359682788670061,2.0,7.0,4.0,1,0,1,0,1,1,0,8,0,2,0,0,1,7,1,1,1,1,0,4,0,1,0,0,"[8, 7, 6, 5, 4, 3, 2, 1, 0]","[8, 7, 8, 7, 8, 7, 8, 7, 8]","[8, 7, 6, 5, 4, 3, 2, 1, 0]","[8, 7, 6, 5, 4, 3, 2, 1, 2]","[8, 7, 6, 5, 4, 3, 2, 1, 0]","[8, 7, 6, 5, 4, 3, 2, 1, 0]","[20, 4, 3, 8, 13, 18, 23, 22, 21, 20]","[20, 4, 9, 4, 9, 4, 9, 4, 9, 4]","[20, 4, 3, 8, 13, 12, 17, 16, 15, 20]","[20, 4, 3, 8, 13, 12, 11, 10, 15, 10]","[20, 4, 9, 8, 7, 12, 17, 16, 21, 20]","[20, 4, 9, 14, 13, 12, 11, 16, 21, 20]"
53.4,2,1,0,123,225,7,C8,0,24,0.4990270833333333,8,0,1,1.4838039494752877,2.0,7.0,4.0,1,0,1,1,0,1,0,7,0,0,3,0,1,7,1,1,1,1,0,4,0,0,2,0,"[8, 7, 6, 5, 4, 3, 2, 1, 0]","[8, 7, 6, 7, 8, 7, 8, 7, 8, 7]","[8, 7, 6, 5, 4, 3, 2, 1, 0]","[8, 7, 6, 5, 4, 3, 2, 1, 0]","[8, 7, 6, 5, 4, 3, 2, 1, 2, 3]","[8, 7, 6, 5, 4, 3, 2, 1, 0]","[24, 0, 5, 6, 7, 12, 13, 14, 19, 24]","[24, 0, 5, 10, 5, 0, 5, 0, 5, 0, 5]","[24, 0, 1, 6, 7, 8, 9, 14, 19, 24]","[24, 0, 1, 2, 3, 4, 9, 14, 19, 24]","[24, 0, 5, 10, 15, 16, 17, 18, 19, 18, 13]","[24, 0, 5, 10, 15, 20, 21, 22, 23, 24]"
53.4,3,1,0,42,155,15,C6,0,22,0.34608125,6,0,1,3.289910662372906,2.0,4.0,3.0,1,0,0,1,0,1,0,6,2,0,2,0,1,4,0,1,0,1,0,3,1,0,1,0,"[6, 5, 4, 3, 2, 1, 0]","[6, 5, 4, 5, 6, 5, 6]","[6, 5, 4, 3, 2, 3, 2]","[6, 5, 4, 3, 2, 1, 0]","[6, 5, 4, 3, 2, 1, 2]","[6, 5, 4, 3, 2, 1, 0]","[22, 0, 1, 6, 11, 16, 21, 22]","[22, 0, 5, 10, 5, 0, 5, 0]","[22, 0, 1, 2, 7, 12, 13, 18]","[22, 0, 1, 6, 11, 16, 21, 22]","[22, 0, 1, 6, 11, 16, 17, 18]","[22, 0, 5, 10, 15, 20, 21, 22]"
53.36,3,2,0,123,130,3,C7,3,20,0.2913375,9,1,2,2.375014855146407,2.8,6.0,4.0,0,0,1,0,1,1,6,6,0,2,0,0,5,6,1,0,1,2,4,4,0,2,0,1,"[7, 6, 7, 6, 7, 8, 7, 6, 7, 6]","[7, 6, 5, 4, 5, 6, 5, 6, 5, 6]","[7, 6, 5, 4, 3, 2, 1, 0]","[7, 6, 5, 4, 3, 2, 1, 2, 1, 2]","[7, 6, 5, 4, 3, 2, 1, 0]","[7, 6, 5, 6, 5, 4, 3, 2, 1, 0]","[20, 3, 2, 3, 8, 9, 4, 3, 2, 3, 8]","[20, 3, 8, 13, 18, 13, 8, 13, 8, 13, 8]","[20, 3, 8, 13, 18, 17, 22, 21, 20]","[20, 3, 8, 13, 18, 23, 22, 21, 16, 15, 10]","[20, 3, 8, 7, 6, 11, 10, 15, 20]","[20, 3, 2, 7, 2, 1, 0, 5, 10, 15, 20]"
52.92,2,1,1,42,355,6,C8,0,24,0.7840125,8,0,1,2.9149760998487464,1.6,6.0,4.0,1,0,1,0,1,1,0,7,0,1,0,0,1,6,1,2,1,1,0,4,0,1,0,0,"[8, 7, 6, 5, 4, 3, 2, 1, 0]","[8, 7, 6, 7, 6, 7, 8, 7, 8, 7]","[8, 7, 6, 5, 4, 3, 2, 1, 0]","[8, 7, 6, 5, 4, 3, 2, 1, 2, 1]","[8, 7, 6, 5, 4, 3, 2, 1, 0]","[8, 7, 6, 5, 4, 3, 2, 1, 0]","[24, 0, 5, 10, 15, 16, 21, 22, 23, 24]","[24, 0, 1, 6, 1, 6, 1, 0, 5, 0, 5]","[24, 0, 1, 6, 7, 8, 9, 14, 19, 24]","[24, 0, 5, 10, 15, 16, 17, 18, 19, 18, 19]","[24, 0, 5, 10, 15, 16, 17, 18, 19, 24]","[24, 0, 1, 6, 11, 16, 17, 18, 19, 24]"
52.88,3,2,0,321,315,5,C6,5,23,0.69894375,8,1,1,1.8596421429018168,2.4,6.0,4.0,1,0,1,0,0,1,0,6,0,2,4,0,1,6,1,1,0,1,1,4,1,2,3,1,"[6, 5, 4, 3, 2, 3, 2, 1, 0]","[6, 7, 6, 7, 6, 7, 6, 7, 6]","[6, 5, 4, 3, 2, 3, 2, 1, 0]","[6, 5, 4, 3, 4, 3, 2, 1, 2]","[6, 5, 4, 3, 2, 1, 2, 3, 4]","[6, 5, 4, 3, 2, 3, 2, 1, 0]","[23, 5, 6, 7, 12, 13, 14, 19, 24, 23]","[23, 5, 0, 1, 0, 1, 0, 1, 0, 1]","[23, 5, 6, 7, 8, 13, 14, 19, 24, 23]","[23, 5, 6, 7, 8, 9, 14, 19, 24, 19]","[23, 5, 6, 11, 12, 17, 18, 19, 14, 9]","[23, 5, 6, 7, 8, 13, 14, 19, 24, 23]"
52.88,3,0,0,42,190,16,C7,21,4,0.42299375,7,0,1,2.821181913256644,2.4,3.0,2.0,1,0,1,0,0,1,0,4,0,4,4,0,1,3,1,0,1,1,0,2,0,2,2,0,"[7, 6, 5, 4, 3, 2, 1, 0]","[7, 6, 5, 4, 3, 4, 5, 4]","[7, 6, 5, 4, 3, 2, 1, 0]","[7, 6, 5, 4, 3, 2, 3, 4]","[7, 6, 5, 4, 3, 4, 5, 4]","[7, 6, 5, 4, 3, 2, 1, 0]","[4, 21, 16, 17, 18, 13, 14, 9, 4]","[4, 21, 16, 11, 6, 1, 6, 11, 6]","[4, 21, 16, 11, 6, 7, 8, 9, 4]","[4, 21, 16, 17, 18, 13, 8, 7, 6]","[4, 21, 16, 17, 12, 7, 6, 11, 12]","[4, 21, 22, 23, 24, 19, 14, 9, 4]"
52.64,3,3,0,123,395,10,C6,10,4,0.8719354166666666,8,1,1,4.332691650460162,2.2,4.0,4.0,1,0,0,0,1,1,0,3,3,5,0,0,1,4,3,1,1,1,0,3,3,4,1,1,"[6, 5, 4, 3, 2, 1, 0]","[6, 5, 4, 3, 4, 5, 4, 3, 4, 3]","[6, 5, 4, 3, 2, 3, 4, 3, 4, 3]","[6, 5, 4, 3, 2, 3, 4, 5, 4, 5]","[6, 5, 6, 5, 4, 3, 2, 1, 0]","[6, 7, 6, 5, 4, 3, 2, 1, 0]","[4, 10, 11, 12, 13, 14, 9, 4]","[4, 10, 5, 0, 1, 6, 11, 6, 1, 6, 1]","[4, 10, 11, 6, 7, 8, 13, 12, 13, 12, 13]","[4, 10, 11, 6, 7, 8, 13, 18, 23, 24, 23]","[4, 10, 11, 16, 17, 18, 13, 8, 3, 4]","[4, 10, 15, 16, 17, 18, 13, 8, 3, 4]"
52.4,2,1,0,321,355,12,C8,4,20,0.7869208333333333,8,0,1,3.0966241689100853,2.0,6.0,4.0,1,0,1,1,0,1,0,8,0,0,2,0,1,6,1,1,0,1,0,4,0,0,1,0,"[8, 7, 6, 5, 4, 3, 2, 1, 0]","[8, 7, 6, 7, 8, 7, 8, 7, 8]","[8, 7, 6, 5, 4, 3, 2, 1, 0]","[8, 7, 6, 5, 4, 3, 2, 1, 0]","[8, 7, 6, 5, 4, 3, 2, 1, 2]","[8, 7, 6, 5, 4, 3, 2, 1, 0]","[20, 4, 9, 14, 19, 18, 23, 22, 21, 20]","[20, 4, 3, 2, 3, 4, 3, 4, 3, 4]","[20, 4, 9, 14, 13, 18, 17, 16, 15, 20]","[20, 4, 9, 14, 13, 12, 11, 16, 21, 20]","[20, 4, 9, 14, 13, 12, 11, 10, 15, 16]","[20, 4, 9, 14, 13, 12, 11, 10, 15, 20]"
52.4,2,2,0,42,285,11,C7,24,5,0.6311083333333334,7,0,1,2.2478055512309068,2.0,7.0,4.0,1,0,1,1,0,1,0,6,0,0,4,0,1,7,1,3,2,1,0,4,0,1,3,0,"[7, 6, 5, 4, 3, 2, 1, 0]","[7, 6, 7, 6, 5, 6, 5, 6, 5, 6]","[7, 6, 5, 4, 3, 2, 1, 0]","[7, 6, 5, 4, 3, 2, 1, 2, 1, 0]","[7, 6, 7, 6, 5, 4, 3, 2, 3, 4]","[7, 6, 5, 4, 3, 2, 1, 0]","[5, 24, 19, 14, 9, 8, 7, 6, 5]","[5, 24, 23, 24, 23, 18, 23, 18, 23, 18, 23]","[5, 24, 19, 14, 13, 12, 11, 10, 5]","[5, 24, 19, 14, 13, 12, 11, 10, 11, 10, 5]","[5, 24, 19, 24, 19, 18, 13, 12, 11, 16, 17]","[5, 24, 19, 18, 13, 8, 7, 6, 5]"
52.4,2,1,0,321,200,12,C8,24,0,0.4471270833333333,8,0,1,4.663018942780791,2.0,6.0,4.0,1,0,0,1,1,1,0,8,2,0,0,0,1,6,0,1,1,1,0,4,1,0,0,0,"[8, 7, 6, 5, 4, 3, 2, 1, 0]","[8, 7, 8, 7, 8, 7, 6, 7, 8]","[8, 7, 6, 5, 4, 3, 2, 1, 2]","[8, 7, 6, 5, 4, 3, 2, 1, 0]","[8, 7, 6, 5, 4, 3, 2, 1, 0]","[8, 7, 6, 5, 4, 3, 2, 1, 0]","[0, 24, 19, 18, 17, 16, 11, 10, 5, 0]","[0, 24, 23, 24, 23, 24, 23, 22, 23, 24]","[0, 24, 19, 18, 17, 16, 11, 6, 5, 10]","[0, 24, 19, 14, 13, 8, 7, 6, 5, 0]","[0, 24, 19, 14, 9, 8, 7, 6, 5, 0]","[0, 24, 19, 18, 17, 12, 11, 6, 5, 0]"
52.4,2,1,0,123,410,1,C8,20,4,0.90435,8,0,1,1.4303040107414111,2.0,6.0,4.0,1,0,1,1,0,1,0,7,0,0,3,0,1,6,1,1,1,1,0,4,0,0,2,0,"[8, 7, 6, 5, 4, 3, 2, 1, 0]","[8, 7, 6, 5, 6, 7, 6, 7, 6, 7]","[8, 7, 6, 5, 4, 3, 2, 1, 0]","[8, 7, 6, 5, 4, 3, 2, 1, 0]","[8, 7, 6, 5, 4, 3, 2, 3, 4, 3]","[8, 7, 6, 5, 4, 3, 2, 1, 0]","[4, 20, 15, 10, 11, 12, 13, 14, 9, 4]","[4, 20, 21, 16, 11, 16, 21, 16, 21, 16, 21]","[4, 20, 15, 10, 5, 6, 7, 8, 9, 4]","[4, 20, 15, 10, 5, 0, 1, 2, 3, 4]","[4, 20, 15, 10, 11, 12, 7, 8, 7, 6, 1]","[4, 20, 21, 22, 17, 12, 7, 2, 3, 4]"
52.4,2,1,0,123,320,7,C8,0,24,0.707375,8,0,1,1.4838039494752877,2.0,6.0,4.0,1,0,1,0,1,1,0,8,0,2,0,0,1,6,1,0,1,1,0,4,0,1,0,0,"[8, 7, 6, 5, 4, 3, 2, 1, 0]","[8, 7, 6, 7, 8, 7, 8, 7, 8]","[8, 7, 6, 5, 4, 3, 2, 1, 0]","[8, 7, 6, 5, 4, 3, 2, 1, 2]","[8, 7, 6, 5, 4, 3, 2, 1, 0]","[8, 7, 6, 5, 4, 3, 2, 1, 0]","[24, 0, 5, 6, 7, 8, 9, 14, 19, 24]","[24, 0, 5, 10, 5, 0, 5, 0, 5, 0]","[24, 0, 1, 6, 11, 16, 17, 18, 23, 24]","[24, 0, 1, 2, 3, 8, 13, 18, 23, 22]","[24, 0, 5, 10, 15, 16, 17, 22, 23, 24]","[24, 0, 5, 10, 15, 20, 21, 22, 23, 24]"
52.4,2,2,0,123,425,6,C7,1,24,0.9368958333333334,7,0,1,1.595237570047378,2.0,7.0,4.0,1,0,1,0,1,1,0,6,0,4,0,0,1,7,1,0,1,1,0,4,0,3,0,0,"[7, 6, 5, 4, 3, 2, 1, 0]","[7, 6, 5, 6, 7, 6, 7, 6, 7, 6]","[7, 6, 5, 4, 3, 2, 1, 0]","[7, 6, 5, 4, 3, 2, 1, 2, 3, 4]","[7, 6, 5, 4, 3, 2, 1, 0]","[7, 6, 5, 4, 3, 2, 1, 0]","[24, 1, 6, 7, 12, 13, 14, 19, 24]","[24, 1, 6, 11, 6, 1, 6, 1, 6, 1, 6]","[24, 1, 2, 3, 4, 9, 14, 19, 24]","[24, 1, 2, 3, 8, 13, 18, 23, 22, 21, 16]","[24, 1, 6, 11, 16, 17, 18, 19, 24]","[24, 1, 2, 3, 4, 9, 14, 19, 24]"
52.4,3,1,0,42,330,0,C6,15,9,0.72956875,6,0,1,2.1672865213950465,2.0,3.0,3.0,1,0,0,0,1,1,0,6,2,2,0,0,1,3,0,0,1,1,0,3,1,1,0,0,"[6, 5, 4, 3, 2, 1, 0]","[6, 7, 6, 5, 6, 5, 6]","[6, 5, 4, 3, 2, 1, 2]","[6, 5, 4, 3, 2, 1, 2]","[6, 5, 4, 3, 2, 1, 0]","[6, 5, 4, 3, 2, 1, 0]","[9, 15, 16, 17, 18, 19, 14, 9]","[9, 15, 20, 21, 16, 21, 16, 21]","[9, 15, 10, 5, 6, 7, 8, 13]","[9, 15, 16, 17, 18, 13, 8, 3]","[9, 15, 16, 17, 18, 19, 14, 9]","[9, 15, 16, 17, 18, 19, 14, 9]"
52.4,2,1,0,42,310,12,C8,0,24,0.6858791666666667,8,0,1,3.049260667495429,2.0,6.0,4.0,1,0,1,1,0,1,0,8,0,0,2,0,1,6,1,1,2,1,0,4,0,0,1,0,"[8, 7, 6, 5, 4, 3, 2, 1, 0]","[8, 7, 6, 7, 8, 7, 6, 7, 8]","[8, 7, 6, 5, 4, 3, 2, 1, 0]","[8, 7, 6, 5, 4, 3, 2, 1, 0]","[8, 7, 8, 7, 6, 5, 4, 3, 2]","[8, 7, 6, 5, 4, 3, 2, 1, 0]","[24, 0, 5, 10, 15, 20, 21, 22, 23, 24]","[24, 0, 5, 10, 5, 0, 5, 10, 5, 0]","[24, 0, 5, 6, 7, 12, 13, 18, 23, 24]","[24, 0, 1, 6, 11, 16, 21, 22, 23, 24]","[24, 0, 5, 0, 5, 10, 15, 16, 17, 18]","[24, 0, 1, 6, 11, 16, 21, 22, 23, 24]"
52.4,2,1,0,123,135,16,C8,4,20,0.3025833333333333,8,0,1,4.490960080333053,2.0,6.0,4.0,0,0,1,1,1,1,3,7,0,0,0,0,2,6,1,1,1,1,2,4,0,0,0,0,"[8, 7, 6, 7, 6, 5, 4, 3, 2, 3]","[8, 7, 6, 7, 8, 7, 6, 5, 6, 7]","[8, 7, 6, 5, 4, 3, 2, 1, 0]","[8, 7, 6, 5, 4, 3, 2, 1, 0]","[8, 7, 6, 5, 4, 3, 2, 1, 0]","[8, 7, 6, 5, 4, 3, 2, 1, 0]","[20, 4, 9, 8, 9, 14, 19, 18, 23, 22, 23]","[20, 4, 9, 14, 9, 4, 9, 14, 19, 14, 9]","[20, 4, 9, 8, 13, 12, 11, 10, 15, 20]","[20, 4, 9, 8, 13, 18, 17, 16, 15, 20]","[20, 4, 9, 8, 7, 6, 11, 16, 21, 20]","[20, 4, 9, 8, 13, 12, 11, 16, 21, 20]"
52.4,2,1,0,123,325,6,C8,0,24,0.7181791666666667,8,0,1,3.0854987343475213,2.0,6.0,4.0,1,0,1,0,1,1,0,8,0,2,0,0,1,6,1,0,1,1,0,4,0,1,0,0,"[8, 7, 6, 5, 4, 3, 2, 1, 0]","[8, 7, 6, 7, 8, 7, 8, 7, 8]","[8, 7, 6, 5, 4, 3, 2, 1, 0]","[8, 7, 6, 5, 4, 3, 2, 1, 2]","[8, 7, 6, 5, 4, 3, 2, 1, 0]","[8, 7, 6, 5, 4, 3, 2, 1, 0]","[24, 0, 5, 6, 7, 8, 13, 14, 19, 24]","[24, 0, 5, 10, 5, 0, 5, 0, 5, 0]","[24, 0, 1, 2, 3, 8, 13, 14, 19, 24]","[24, 0, 1, 2, 3, 8, 13, 18, 23, 22]","[24, 0, 5, 10, 15, 16, 21, 22, 23, 24]","[24, 0, 5, 10, 11, 16, 17, 18, 19, 24]"
52.4,2,1,0,123,345,2,C8,0,24,0.76206875,8,0,1,1.098724650748073,2.0,6.0,4.0,1,0,1,0,1,1,0,8,0,2,0,0,1,6,1,0,1,1,0,4,0,1,0,0,"[8, 7, 6, 5, 4, 3, 2, 1, 0]","[8, 7, 8, 7, 6, 7, 6, 7, 8]","[8, 7, 6, 5, 4, 3, 2, 1, 0]","[8, 7, 6, 5, 4, 3, 2, 1, 2]","[8, 7, 6, 5, 4, 3, 2, 1, 0]","[8, 7, 6, 5, 4, 3, 2, 1, 0]","[24, 0, 5, 6, 11, 12, 13, 18, 19, 24]","[24, 0, 5, 0, 5, 10, 5, 10, 5, 0]","[24, 0, 5, 6, 7, 8, 13, 18, 23, 24]","[24, 0, 1, 2, 3, 8, 13, 18, 23, 22]","[24, 0, 1, 6, 11, 12, 17, 18, 19, 24]","[24, 0, 5, 10, 15, 20, 21, 22, 23, 24]"
51.879999999999995,2,2,0,42,330,8,C6,16,4,0.72965,6,0,1,3.257195123235384,2.4,8.0,5.0,1,0,0,1,1,1,0,7,5,0,0,0,1,8,6,1,1,1,0,5,4,1,1,0,"[6, 5, 4, 3, 2, 1, 0]","[6, 7, 6, 7, 6, 7, 6, 7, 6, 7]","[6, 5, 4, 3, 4, 3, 4, 5, 4, 5]","[6, 7, 6, 5, 4, 3, 2, 1, 0]","[6, 7, 6, 5, 4, 3, 2, 1, 0]","[6, 5, 4, 3, 2, 1, 0]","[4, 16, 17, 18, 19, 14, 9, 4]","[4, 16, 21, 16, 21, 16, 21, 16, 21, 16, 21]","[4, 16, 17, 18, 13, 18, 13, 18, 17, 18, 17]","[4, 16, 21, 22, 23, 18, 13, 8, 3, 4]","[4, 16, 21, 22, 23, 18, 13, 8, 3, 4]","[4, 16, 17, 18, 19, 14, 9, 4]"
51.879999999999995,2,2,0,321,310,1,C7,15,4,0.6879520833333334,7,0,1,3.584751144587993,2.4,6.0,4.0,0,0,1,1,1,1,5,7,0,0,0,0,0,6,1,1,1,1,3,4,0,0,0,0,"[7, 6, 5, 4, 3, 2, 3, 4, 5]","[7, 6, 7, 6, 5, 6, 7, 6, 7]","[7, 6, 5, 4, 3, 2, 1, 0]","[7, 6, 5, 4, 3, 2, 1, 0]","[7, 6, 5, 4, 3, 2, 1, 0]","[7, 6, 5, 4, 3, 2, 1, 0]","[4, 15, 16, 11, 6, 7, 8, 13, 18, 23]","[4, 15, 16, 15, 16, 17, 16, 15, 16, 15]","[4, 15, 10, 5, 6, 7, 8, 9, 4]","[4, 15, 10, 5, 6, 7, 8, 9, 4]","[4, 15, 16, 17, 18, 13, 14, 9, 4]","[4, 15, 10, 5, 6, 7, 8, 9, 4]"
51.4,2,2,0,321,290,0,C7,4,15,0.6445583333333333,7,0,1,4.138798636734485,2.0,6.0,4.0,1,0,1,1,0,1,0,6,0,0,4,0,1,6,1,2,0,1,1,4,0,1,3,0,"[7, 6, 5, 4, 3, 4, 3, 2, 1, 0]","[7, 6, 7, 6, 7, 6, 7, 6, 5, 6]","[7, 6, 5, 4, 3, 2, 1, 0]","[7, 6, 7, 6, 5, 4, 3, 2, 1, 0]","[7, 6, 5, 4, 3, 2, 1, 2, 3, 4]","[7, 6, 5, 4, 3, 2, 1, 0]","[15, 4, 9, 8, 13, 18, 23, 22, 21, 20, 15]","[15, 4, 3, 4, 3, 4, 3, 4, 3, 8, 9]","[15, 4, 3, 8, 13, 18, 17, 16, 15]","[15, 4, 3, 4, 9, 8, 7, 6, 11, 10, 15]","[15, 4, 3, 2, 7, 12, 11, 16, 21, 22, 23]","[15, 4, 3, 8, 13, 12, 11, 10, 15]"
50.92,2,1,0,321,240,11,C8,0,24,0.5346458333333334,8,0,1,3.9640197688415633,1.6,6.0,3.0,1,0,1,0,1,1,0,6,0,2,0,0,1,6,1,1,1,1,0,3,0,1,0,0,"[8, 7, 6, 5, 4, 3, 2, 1, 0]","[8, 7, 6, 7, 6, 7, 6, 7, 6]","[8, 7, 6, 5, 4, 3, 2, 1, 0]","[8, 7, 6, 5, 4, 5, 4, 3, 2]","[8, 7, 6, 5, 4, 3, 2, 1, 0]","[8, 7, 6, 5, 4, 3, 2, 1, 0]","[24, 0, 1, 2, 3, 4, 9, 14, 19, 24]","[24, 0, 5, 6, 5, 6, 5, 6, 5, 6]","[24, 0, 1, 2, 7, 12, 17, 22, 23, 24]","[24, 0, 1, 2, 3, 8, 3, 4, 9, 14]","[24, 0, 1, 6, 11, 16, 21, 22, 23, 24]","[24, 0, 1, 6, 11, 16, 17, 18, 23, 24]"
50.92,2,1,0,321,215,21,C7,4,21,0.4796604166666666,7,0,1,2.765599018871783,1.6,8.0,4.0,0,0,1,1,1,1,2,6,0,0,0,0,1,8,1,1,1,1,2,4,1,1,0,0,"[7, 6, 5, 4, 3, 2, 1, 2, 3, 2]","[7, 6, 7, 6, 7, 6, 7, 6, 7, 6]","[7, 6, 5, 4, 3, 2, 1, 2, 1, 0]","[7, 6, 5, 4, 3, 4, 3, 2, 1, 0]","[7, 6, 5, 4, 3, 2, 1, 0]","[7, 6, 5, 4, 3, 2, 1, 0]","[21, 4, 3, 8, 13, 18, 17, 16, 15, 10, 15]","[21, 4, 3, 4, 3, 4, 3, 4, 3, 4, 3]","[21, 4, 9, 8, 7, 12, 11, 16, 15, 20, 21]","[21, 4, 9, 8, 7, 6, 5, 10, 15, 20, 21]","[21, 4, 9, 8, 7, 6, 11, 16, 21]","[21, 4, 9, 8, 7, 6, 11, 16, 21]"
50.92,2,1,0,42,190,9,C8,0,24,0.42291875,8,0,1,1.9110532218292349,1.6,6.0,3.0,1,0,1,1,0,1,0,6,0,0,2,0,1,6,1,1,0,1,0,3,0,0,1,0,"[8, 7, 6, 5, 4, 3, 2, 1, 0]","[8, 7, 6, 7, 6, 7, 6, 7, 6]","[8, 7, 6, 5, 4, 3, 2, 1, 0]","[8, 7, 6, 5, 4, 3, 2, 1, 0]","[8, 7, 6, 5, 4, 3, 2, 1, 2]","[8, 7, 6, 5, 4, 3, 2, 1, 0]","[24, 0, 1, 6, 11, 16, 21, 22, 23, 24]","[24, 0, 1, 6, 1, 6, 1, 6, 1, 6]","[24, 0, 1, 2, 3, 8, 13, 18, 19, 24]","[24, 0, 1, 6, 11, 16, 21, 22, 23, 24]","[24, 0, 5, 6, 11, 16, 17, 18, 19, 14]","[24, 0, 1, 6, 11, 16, 21, 22, 23, 24]"
50.92,2,1,1,123,245,3,C7,19,0,0.54333125,7,0,1,3.0929197421073904,1.6,7.0,4.0,1,0,1,0,1,1,0,7,0,1,0,0,1,7,1,0,1,1,0,4,0,1,0,0,"[7, 6, 5, 4, 3, 2, 1, 0]","[7, 8, 7, 8, 7, 8, 7, 8, 7]","[7, 6, 5, 4, 3, 2, 1, 0]","[7, 6, 5, 4, 3, 2, 1, 2, 1]","[7, 6, 5, 4, 3, 2, 1, 0]","[7, 6, 5, 4, 3, 2, 1, 0]","[0, 19, 14, 9, 4, 3, 2, 1, 0]","[0, 19, 24, 19, 24, 19, 24, 19, 24, 19]","[0, 19, 14, 13, 12, 11, 10, 5, 0]","[0, 19, 14, 13, 12, 11, 10, 5, 6, 1]","[0, 19, 14, 9, 8, 7, 6, 5, 0]","[0, 19, 14, 13, 8, 7, 2, 1, 0]"
50.92,2,1,0,42,380,5,C7,1,24,0.83894375,7,0,1,2.488765286445617,1.6,8.0,4.0,1,0,0,1,1,1,0,6,2,0,0,0,1,8,3,1,1,1,0,4,2,0,0,0,"[7, 6, 5, 4, 3, 2, 1, 0]","[7, 6, 7, 6, 7, 6, 7, 6, 7, 6]","[7, 6, 5, 4, 3, 2, 1, 2, 1, 2]","[7, 6, 5, 4, 3, 2, 1, 0]","[7, 6, 5, 4, 3, 2, 1, 0]","[7, 6, 5, 4, 3, 2, 1, 0]","[24, 1, 6, 11, 16, 21, 22, 23, 24]","[24, 1, 6, 1, 6, 1, 6, 1, 6, 1, 6]","[24, 1, 2, 3, 8, 13, 18, 23, 18, 23, 18]","[24, 1, 6, 11, 16, 21, 22, 23, 24]","[24, 1, 6, 11, 16, 17, 18, 19, 24]","[24, 1, 6, 11, 16, 21, 22, 23, 24]"
50.92,2,1,1,123,335,2,C7,24,1,0.7401770833333333,7,0,1,4.144259438455104,1.6,7.0,4.0,1,0,1,0,1,1,0,7,0,1,0,0,1,7,1,0,1,1,0,4,0,1,0,0,"[7, 6, 5, 4, 3, 2, 1, 0]","[7, 6, 7, 6, 7, 6, 7, 6, 7]","[7, 6, 5, 4, 3, 2, 1, 0]","[7, 6, 5, 4, 3, 2, 3, 2, 1]","[7, 6, 5, 4, 3, 2, 1, 0]","[7, 6, 5, 4, 3, 2, 1, 0]","[1, 24, 19, 14, 9, 4, 3, 2, 1]","[1, 24, 19, 24, 19, 24, 19, 24, 19, 24]","[1, 24, 19, 14, 13, 12, 11, 6, 1]","[1, 24, 19, 14, 13, 12, 11, 10, 5, 0]","[1, 24, 19, 14, 9, 4, 3, 2, 1]","[1, 24, 23, 18, 13, 12, 7, 2, 1]"
50.92,2,1,0,321,330,3,C8,20,4,0.7317833333333333,8,0,1,2.489488150149583,1.6,6.0,3.0,1,0,1,1,0,1,0,6,0,0,2,0,1,6,1,1,0,1,0,3,0,0,1,0,"[8, 7, 6, 5, 4, 3, 2, 1, 0]","[8, 7, 6, 7, 6, 7, 6, 7, 6]","[8, 7, 6, 5, 4, 3, 2, 1, 0]","[8, 7, 6, 5, 4, 3, 2, 1, 0]","[8, 7, 6, 5, 4, 3, 4, 3, 2]","[8, 7, 6, 5, 4, 3, 2, 1, 0]","[4, 20, 15, 10, 5, 6, 1, 2, 3, 4]","[4, 20, 15, 16, 15, 16, 15, 16, 15, 16]","[4, 20, 15, 16, 11, 6, 7, 8, 9, 4]","[4, 20, 15, 16, 11, 6, 1, 2, 3, 4]","[4, 20, 15, 16, 17, 12, 7, 6, 1, 2]","[4, 20, 15, 10, 5, 6, 1, 2, 3, 4]"
50.92,2,1,1,42,130,23,C7,1,24,0.2905875,7,0,1,2.5926165615916243,1.6,7.0,4.0,1,0,1,0,1,1,0,7,0,1,0,0,1,7,1,0,1,1,0,4,0,1,0,0,"[7, 6, 5, 4, 3, 2, 1, 0]","[7, 6, 7, 6, 7, 6, 7, 6, 7]","[7, 6, 5, 4, 3, 2, 1, 0]","[7, 6, 5, 4, 3, 2, 3, 2, 1]","[7, 6, 5, 4, 3, 2, 1, 0]","[7, 6, 5, 4, 3, 2, 1, 0]","[24, 1, 2, 7, 12, 17, 22, 23, 24]","[24, 1, 6, 1, 6, 1, 6, 1, 6, 1]","[24, 1, 6, 7, 12, 17, 22, 23, 24]","[24, 1, 6, 11, 16, 21, 22, 17, 18, 19]","[24, 1, 6, 11, 16, 21, 22, 23, 24]","[24, 1, 6, 11, 16, 21, 22, 23, 24]"
50.92,2,1,0,321,410,12,C8,20,4,0.9069166666666668,8,0,1,4.819249289639293,1.6,6.0,3.0,1,0,1,1,0,1,0,6,0,0,2,0,1,6,1,1,0,1,0,3,0,0,1,0,"[8, 7, 6, 5, 4, 3, 2, 1, 0]","[8, 7, 6, 7, 6, 7, 6, 7, 6]","[8, 7, 6, 5, 4, 3, 2, 1, 0]","[8, 7, 6, 5, 4, 3, 2, 1, 0]","[8, 7, 6, 5, 4, 3, 2, 1, 2]","[8, 7, 6, 5, 4, 3, 2, 1, 0]","[4, 20, 15, 10, 5, 0, 1, 2, 3, 4]","[4, 20, 15, 16, 15, 16, 15, 16, 15, 16]","[4, 20, 15, 10, 5, 0, 1, 2, 3, 4]","[4, 20, 15, 10, 5, 0, 1, 2, 3, 4]","[4, 20, 21, 22, 23, 18, 13, 8, 3, 2]","[4, 20, 21, 16, 11, 6, 7, 8, 3, 4]"
50.92,2,1,0,321,375,10,C8,24,0,0.8306645833333334,8,0,1,4.065031499758362,1.6,6.0,3.0,0,0,1,1,1,1,2,6,0,0,0,0,0,6,1,1,1,1,1,3,0,0,0,0,"[8, 7, 6, 5, 4, 3, 2, 1, 2]","[8, 7, 6, 7, 6, 7, 6, 7, 6]","[8, 7, 6, 5, 4, 3, 2, 1, 0]","[8, 7, 6, 5, 4, 3, 2, 1, 0]","[8, 7, 6, 5, 4, 3, 2, 1, 0]","[8, 7, 6, 5, 4, 3, 2, 1, 0]","[0, 24, 19, 18, 17, 16, 11, 6, 1, 2]","[0, 24, 19, 18, 19, 18, 19, 18, 19, 18]","[0, 24, 19, 18, 17, 12, 7, 2, 1, 0]","[0, 24, 19, 18, 17, 12, 7, 6, 5, 0]","[0, 24, 23, 18, 13, 8, 7, 6, 1, 0]","[0, 24, 19, 14, 13, 12, 11, 6, 5, 0]"
50.92,2,1,1,42,250,15,C7,1,24,0.5544,7,0,1,2.6594542836546893,1.6,7.0,4.0,1,0,1,1,0,1,0,7,0,0,1,0,1,7,1,1,1,1,0,4,0,0,1,0,"[7, 6, 5, 4, 3, 2, 1, 0]","[7, 6, 7, 6, 7, 6, 7, 6, 7]","[7, 6, 5, 4, 3, 2, 1, 0]","[7, 6, 5, 4, 3, 2, 1, 0]","[7, 6, 5, 4, 3, 2, 1, 2, 1]","[7, 6, 5, 4, 3, 2, 1, 0]","[24, 1, 6, 11, 16, 21, 22, 23, 24]","[24, 1, 6, 1, 6, 1, 6, 1, 6, 1]","[24, 1, 6, 7, 12, 17, 22, 23, 24]","[24, 1, 6, 11, 16, 21, 22, 23, 24]","[24, 1, 6, 11, 16, 17, 18, 19, 14, 19]","[24, 1, 6, 11, 16, 21, 22, 23, 24]"
50.44,2,1,1,123,235,5,C8,4,20,0.52105625,8,0,1,3.444426250986755,1.2,5.0,3.0,1,0,0,1,1,1,0,5,1,0,0,0,1,5,1,1,1,1,0,3,1,0,0,0,"[8, 7, 6, 5, 4, 3, 2, 1, 0]","[8, 7, 6, 5, 4, 5, 4, 5, 4, 5]","[8, 7, 6, 5, 4, 3, 2, 1, 2, 1]","[8, 7, 6, 5, 4, 3, 2, 1, 0]","[8, 7, 6, 5, 4, 3, 2, 1, 0]","[8, 7, 6, 5, 4, 3, 2, 1, 0]","[20, 4, 9, 14, 19, 24, 23, 22, 21, 20]","[20, 4, 9, 14, 19, 24, 19, 24, 19, 24, 19]","[20, 4, 3, 8, 7, 12, 17, 16, 21, 22, 21]","[20, 4, 3, 8, 13, 18, 17, 16, 21, 20]","[20, 4, 3, 8, 7, 6, 11, 16, 21, 20]","[20, 4, 3, 8, 7, 6, 11, 16, 21, 20]"
50.4,2,2,0,42,355,8,C6,23,5,0.7840354166666667,6,0,1,4.04981093476216,2.0,8.0,4.0,0,0,1,1,1,1,5,5,0,0,0,0,2,8,1,1,1,1,4,4,0,1,0,0,"[6, 5, 4, 3, 4, 5, 4, 5, 6, 5]","[6, 5, 6, 5, 6, 5, 6, 5, 6, 5]","[6, 5, 4, 3, 2, 1, 0]","[6, 5, 4, 3, 2, 1, 2, 1, 0]","[6, 5, 4, 3, 2, 1, 0]","[6, 5, 4, 3, 2, 1, 0]","[5, 23, 22, 17, 16, 21, 22, 17, 18, 19, 14]","[5, 23, 18, 23, 18, 23, 18, 23, 18, 23, 18]","[5, 23, 18, 17, 16, 15, 10, 5]","[5, 23, 18, 13, 8, 7, 6, 1, 0, 5]","[5, 23, 18, 13, 8, 7, 6, 5]","[5, 23, 18, 13, 8, 7, 6, 5]"
50.4,2,1,0,321,365,7,C7,15,4,0.8087041666666667,7,0,1,3.582607330918312,2.0,7.0,4.0,0,0,1,1,1,1,3,7,0,0,0,0,0,7,1,1,1,1,2,4,0,0,0,0,"[7, 6, 5, 4, 3, 2, 1, 2, 3]","[7, 6, 7, 6, 7, 6, 7, 6, 7]","[7, 6, 5, 4, 3, 2, 1, 0]","[7, 6, 5, 4, 3, 2, 1, 0]","[7, 6, 5, 4, 3, 2, 1, 0]","[7, 6, 5, 4, 3, 2, 1, 0]","[4, 15, 16, 17, 12, 7, 8, 9, 14, 19]","[4, 15, 16, 15, 16, 15, 16, 15, 16, 15]","[4, 15, 10, 11, 12, 13, 14, 9, 4]","[4, 15, 16, 17, 12, 7, 8, 9, 4]","[4, 15, 16, 17, 18, 19, 14, 9, 4]","[4, 15, 16, 17, 12, 7, 8, 9, 4]"
50.4,2,1,0,321,260,8,C7,1,24,0.5787458333333333,7,0,1,2.4797985842227925,2.0,7.0,4.0,1,0,1,1,0,1,0,7,0,0,3,0,1,7,1,1,2,1,0,4,0,0,2,0,"[7, 6, 5, 4, 3, 2, 1, 0]","[7, 8, 7, 8, 7, 8, 7, 8, 7]","[7, 6, 5, 4, 3, 2, 1, 0]","[7, 6, 5, 4, 3, 2, 1, 0]","[7, 6, 5, 4, 5, 6, 5, 4, 3]","[7, 6, 5, 4, 3, 2, 1, 0]","[24, 1, 2, 3, 4, 9, 14, 19, 24]","[24, 1, 0, 1, 0, 1, 0, 1, 0, 1]","[24, 1, 2, 3, 8, 13, 18, 19, 24]","[24, 1, 2, 3, 4, 9, 14, 19, 24]","[24, 1, 2, 7, 8, 3, 2, 7, 12, 17]","[24, 1, 2, 3, 8, 9, 14, 19, 24]"
50.4,2,1,0,123,305,17,C7,21,4,0.6747916666666667,7,0,1,2.4446534922122947,2.0,7.0,4.0,1,0,1,1,0,1,0,7,0,0,3,0,1,7,1,1,1,1,0,4,0,0,2,0,"[7, 6, 5, 4, 3, 2, 1, 0]","[7, 6, 7, 6, 7, 6, 7, 6, 7]","[7, 6, 5, 4, 3, 2, 1, 0]","[7, 6, 5, 4, 3, 2, 1, 0]","[7, 6, 5, 4, 3, 4, 5, 4, 3]","[7, 6, 5, 4, 3, 2, 1, 0]","[4, 21, 16, 17, 12, 13, 8, 9, 4]","[4, 21, 16, 21, 16, 21, 16, 21, 16, 21]","[4, 21, 16, 11, 6, 7, 8, 9, 4]","[4, 21, 16, 11, 6, 7, 2, 3, 4]","[4, 21, 22, 17, 12, 7, 6, 11, 12, 13]","[4, 21, 22, 17, 12, 7, 2, 3, 4]"
50.4,2,1,0,123,405,6,C8,24,0,0.8933291666666666,8,0,1,0.8927712602242819,2.0,5.0,3.0,0,0,1,1,1,1,4,6,0,0,0,0,2,5,1,1,1,1,2,3,0,0,0,0,"[8, 7, 8, 7, 6, 5, 4, 3, 4]","[8, 7, 6, 7, 6, 5, 6, 7, 6]","[8, 7, 6, 5, 4, 3, 2, 1, 0]","[8, 7, 6, 5, 4, 3, 2, 1, 0]","[8, 7, 6, 5, 4, 3, 2, 1, 0]","[8, 7, 6, 5, 4, 3, 2, 1, 0]","[0, 24, 19, 24, 23, 22, 21, 16, 15, 16]","[0, 24, 23, 18, 23, 18, 13, 18, 23, 18]","[0, 24, 19, 18, 17, 16, 11, 6, 1, 0]","[0, 24, 19, 18, 17, 16, 15, 10, 5, 0]","[0, 24, 23, 18, 13, 8, 7, 6, 5, 0]","[0, 24, 23, 18, 13, 12, 7, 2, 1, 0]"
50.4,2,1,0,42,405,12,C7,9,20,0.8934916666666667,7,0,1,3.2758762201070777,2.0,7.0,4.0,0,0,1,1,1,1,3,7,0,0,0,0,0,7,1,1,1,1,2,4,0,0,0,0,"[7, 6, 5, 4, 3, 2, 1, 2, 3]","[7, 8, 7, 8, 7, 8, 7, 8, 7]","[7, 6, 5, 4, 3, 2, 1, 0]","[7, 6, 5, 4, 3, 2, 1, 0]","[7, 6, 5, 4, 3, 2, 1, 0]","[7, 6, 5, 4, 3, 2, 1, 0]","[20, 9, 8, 7, 6, 11, 16, 21, 22, 23]","[20, 9, 4, 9, 4, 9, 4, 9, 4, 9]","[20, 9, 14, 13, 18, 17, 16, 21, 20]","[20, 9, 8, 7, 6, 11, 16, 21, 20]","[20, 9, 8, 7, 6, 5, 10, 15, 20]","[20, 9, 8, 7, 6, 5, 10, 15, 20]"
49.92,3,0,0,321,80,2,C7,24,1,0.1803854166666666,7,0,1,4.2875606676340094,1.6,1.0,2.0,0,0,0,1,1,1,2,4,2,0,0,0,0,0,0,1,1,1,1,2,1,0,0,0,"[7, 6, 5, 4, 5, 4, 3, 2]","[7, 6, 5, 4, 3, 4, 5, 4]","[7, 6, 5, 4, 3, 2, 1, 2]","[7, 6, 5, 4, 3, 2, 1, 0]","[7, 6, 5, 4, 3, 2, 1, 0]","[7, 6, 5, 4, 3, 2, 1, 0]","[1, 24, 23, 22, 21, 20, 15, 16, 11]","[1, 24, 23, 18, 17, 16, 15, 20, 21]","[1, 24, 23, 18, 17, 16, 11, 6, 5]","[1, 24, 19, 14, 9, 8, 7, 6, 1]","[1, 24, 19, 14, 9, 4, 3, 2, 1]","[1, 24, 19, 14, 9, 8, 7, 6, 1]"
49.92,2,1,0,42,290,13,C7,4,15,0.6419083333333333,7,0,1,2.042525302410125,1.6,7.0,4.0,1,0,1,1,0,1,0,6,0,0,2,0,1,7,1,1,1,1,0,4,1,0,2,0,"[7, 6, 5, 4, 3, 2, 1, 0]","[7, 6, 5, 6, 5, 6, 5, 6, 5, 6]","[7, 6, 5, 4, 3, 2, 3, 2, 1, 0]","[7, 6, 5, 4, 3, 2, 1, 0]","[7, 6, 5, 4, 3, 2, 1, 2, 1, 2]","[7, 6, 5, 4, 3, 2, 1, 0]","[15, 4, 3, 2, 1, 6, 5, 10, 15]","[15, 4, 3, 8, 3, 8, 3, 8, 3, 8, 3]","[15, 4, 9, 14, 19, 18, 17, 22, 21, 20, 15]","[15, 4, 9, 8, 7, 6, 5, 10, 15]","[15, 4, 9, 8, 7, 12, 11, 16, 21, 16, 17]","[15, 4, 9, 8, 7, 6, 5, 10, 15]"
49.92,2,1,0,42,255,0,C8,0,24,0.5651520833333333,8,0,1,1.1642058269754043,1.6,5.0,3.0,1,0,1,0,1,1,0,5,0,3,0,0,1,5,1,0,1,1,0,3,0,2,0,0,"[8, 7, 6, 5, 4, 3, 2, 1, 0]","[8, 7, 6, 5, 4, 5, 4, 5, 4, 5]","[8, 7, 6, 5, 4, 3, 2, 1, 0]","[8, 7, 6, 5, 4, 3, 2, 1, 2, 3]","[8, 7, 6, 5, 4, 3, 2, 1, 0]","[8, 7, 6, 5, 4, 3, 2, 1, 0]","[24, 0, 1, 6, 11, 16, 21, 22, 23, 24]","[24, 0, 5, 10, 15, 20, 15, 20, 15, 20, 15]","[24, 0, 1, 6, 7, 8, 13, 18, 23, 24]","[24, 0, 5, 10, 15, 16, 17, 18, 19, 14, 9]","[24, 0, 1, 6, 11, 16, 17, 18, 19, 24]","[24, 0, 1, 6, 11, 16, 17, 22, 23, 24]"
49.92,2,1,0,123,225,0,C7,23,0,0.4989375,7,0,1,2.317527762591838,1.6,7.0,4.0,1,0,0,1,1,1,0,6,2,0,0,0,1,7,2,1,1,1,0,4,2,0,1,0,"[7, 6, 5, 4, 3, 2, 1, 0]","[7, 6, 7, 6, 7, 6, 7, 6, 5, 6]","[7, 6, 5, 6, 5, 4, 3, 2, 1, 2]","[7, 6, 5, 4, 3, 2, 1, 0]","[7, 6, 7, 6, 5, 4, 3, 2, 1, 0]","[7, 6, 5, 4, 3, 2, 1, 0]","[0, 23, 22, 17, 12, 7, 2, 1, 0]","[0, 23, 18, 23, 18, 23, 18, 23, 18, 13, 18]","[0, 23, 22, 17, 22, 17, 16, 11, 6, 1, 2]","[0, 23, 22, 17, 16, 15, 10, 5, 0]","[0, 23, 18, 19, 14, 9, 8, 7, 6, 5, 0]","[0, 23, 18, 13, 8, 3, 2, 1, 0]"
49.92,2,1,0,321,330,12,C8,0,24,0.73189375,8,0,1,2.6751428909301747,1.6,5.0,3.0,1,0,1,1,0,1,0,5,0,0,3,0,1,5,1,1,0,1,0,3,0,0,2,0,"[8, 7, 6, 5, 4, 3, 2, 1, 0]","[8, 7, 6, 5, 4, 5, 4, 5, 4, 5]","[8, 7, 6, 5, 4, 3, 2, 1, 0]","[8, 7, 6, 5, 4, 3, 2, 1, 0]","[8, 7, 6, 5, 4, 3, 2, 1, 2, 3]","[8, 7, 6, 5, 4, 3, 2, 1, 0]","[24, 0, 5, 10, 15, 20, 21, 22, 23, 24]","[24, 0, 1, 2, 3, 4, 3, 4, 3, 4, 3]","[24, 0, 5, 10, 11, 12, 13, 18, 23, 24]","[24, 0, 5, 10, 15, 20, 21, 22, 23, 24]","[24, 0, 1, 6, 11, 16, 17, 18, 19, 14, 9]","[24, 0, 5, 10, 11, 16, 21, 22, 23, 24]"
49.92,2,1,0,123,235,10,C8,0,24,0.5211166666666667,8,0,1,2.0636493298858394,1.6,5.0,3.0,0,0,1,1,1,1,3,5,0,0,0,0,3,5,1,1,1,1,2,3,0,0,0,0,"[8, 7, 6, 5, 4, 3, 2, 3, 2, 3]","[8, 7, 8, 7, 8, 7, 6, 7, 6, 5]","[8, 7, 6, 5, 4, 3, 2, 1, 0]","[8, 7, 6, 5, 4, 3, 2, 1, 0]","[8, 7, 6, 5, 4, 3, 2, 1, 0]","[8, 7, 6, 5, 4, 3, 2, 1, 0]","[24, 0, 5, 10, 11, 16, 21, 22, 21, 22, 21]","[24, 0, 1, 0, 5, 0, 1, 6, 1, 6, 11]","[24, 0, 1, 2, 3, 4, 9, 14, 19, 24]","[24, 0, 1, 2, 3, 4, 9, 14, 19, 24]","[24, 0, 1, 6, 11, 16, 21, 22, 23, 24]","[24, 0, 1, 2, 3, 4, 9, 14, 19, 24]"
49.4,3,1,0,123,125,27,C6,15,9,0.2804916666666666,8,1,1,3.9932820090154793,2.0,5.0,4.0,1,0,0,1,0,1,0,6,2,0,2,0,1,5,3,1,1,1,0,4,2,1,2,1,"[6, 5, 4, 3, 2, 1, 0]","[6, 5, 4, 5, 6, 7, 6, 7, 6]","[6, 5, 4, 3, 2, 1, 2, 1, 2]","[6, 5, 4, 3, 2, 3, 2, 1, 0]","[6, 5, 4, 3, 2, 3, 2, 1, 2]","[6, 5, 4, 3, 2, 3, 2, 1, 0]","[9, 15, 10, 11, 12, 7, 8, 9]","[9, 15, 10, 5, 10, 15, 20, 15, 20, 15]","[9, 15, 10, 5, 6, 7, 8, 7, 8, 7]","[9, 15, 10, 5, 6, 7, 2, 3, 4, 9]","[9, 15, 10, 11, 12, 7, 2, 3, 4, 3]","[9, 15, 16, 11, 12, 7, 2, 3, 4, 9]"
49.4,2,1,0,123,290,7,C7,19,0,0.6421333333333333,7,0,1,1.465292877495288,2.0,6.0,4.0,1,0,0,1,1,1,0,8,2,0,0,0,1,6,1,1,1,1,0,4,1,0,0,0,"[7, 6, 5, 4, 3, 2, 1, 0]","[7, 8, 7, 8, 7, 8, 7, 8]","[7, 6, 5, 4, 3, 2, 3, 2]","[7, 6, 5, 4, 3, 2, 1, 0]","[7, 6, 5, 4, 3, 2, 1, 0]","[7, 6, 5, 4, 3, 2, 1, 0]","[0, 19, 14, 9, 4, 3, 2, 1, 0]","[0, 19, 24, 19, 24, 19, 24, 19, 24]","[0, 19, 18, 17, 16, 11, 6, 7, 6]","[0, 19, 18, 17, 16, 15, 10, 5, 0]","[0, 19, 14, 9, 4, 3, 2, 1, 0]","[0, 19, 18, 13, 8, 7, 2, 1, 0]"
49.4,2,1,0,321,335,22,C7,1,24,0.7429166666666667,7,0,1,4.725931825280188,2.0,6.0,4.0,0,0,1,1,1,1,2,8,0,0,0,0,1,6,1,1,1,1,1,4,0,0,0,0,"[7, 6, 5, 6, 5, 4, 3, 2]","[7, 8, 7, 8, 7, 8, 7, 8]","[7, 6, 5, 4, 3, 2, 1, 0]","[7, 6, 5, 4, 3, 2, 1, 0]","[7, 6, 5, 4, 3, 2, 1, 0]","[7, 6, 5, 4, 3, 2, 1, 0]","[24, 1, 2, 7, 2, 3, 8, 9, 14]","[24, 1, 0, 1, 0, 1, 0, 1, 0]","[24, 1, 2, 7, 12, 13, 18, 19, 24]","[24, 1, 2, 3, 4, 9, 14, 19, 24]","[24, 1, 6, 11, 16, 17, 18, 19, 24]","[24, 1, 2, 7, 8, 13, 18, 23, 24]"
48.92,2,2,0,321,325,0,C6,2,24,0.7209104166666667,6,0,1,2.679484013418356,1.6,7.0,4.0,0,0,1,1,1,1,3,5,0,0,0,0,3,7,1,1,1,1,3,4,1,1,1,0,"[6, 5, 4, 5, 4, 5, 6, 5, 4, 3]","[6, 5, 4, 5, 4, 5, 4, 5, 4, 5]","[6, 5, 4, 3, 4, 3, 2, 1, 0]","[6, 7, 6, 5, 4, 3, 2, 1, 0]","[6, 5, 4, 5, 4, 3, 2, 1, 0]","[6, 5, 4, 3, 2, 1, 0]","[24, 2, 7, 12, 7, 12, 11, 6, 7, 8, 13]","[24, 2, 3, 4, 3, 4, 3, 4, 3, 4, 3]","[24, 2, 7, 12, 17, 16, 21, 22, 23, 24]","[24, 2, 1, 6, 11, 16, 21, 22, 23, 24]","[24, 2, 7, 12, 11, 16, 21, 22, 23, 24]","[24, 2, 7, 12, 17, 22, 23, 24]"
48.92,2,2,0,42,395,9,C7,24,5,0.871675,7,0,1,2.831834926247596,1.6,5.0,3.0,1,0,0,1,1,1,0,4,4,0,0,0,1,5,0,1,1,1,0,3,3,0,1,0,"[7, 6, 5, 4, 3, 2, 1, 0]","[7, 6, 7, 6, 7, 6, 5, 4, 5, 4]","[7, 6, 5, 4, 3, 2, 1, 2, 3, 4]","[7, 6, 5, 4, 3, 2, 1, 0]","[7, 6, 5, 4, 3, 2, 3, 2, 1, 0]","[7, 6, 5, 4, 3, 2, 1, 0]","[5, 24, 19, 14, 13, 12, 7, 6, 5]","[5, 24, 19, 24, 19, 24, 19, 14, 9, 4, 9]","[5, 24, 19, 18, 17, 16, 11, 6, 1, 2, 3]","[5, 24, 23, 18, 13, 8, 7, 6, 5]","[5, 24, 19, 14, 9, 8, 7, 2, 1, 0, 5]","[5, 24, 19, 14, 9, 8, 7, 6, 5]"
48.92,2,2,0,123,370,8,C7,3,20,0.8170229166666667,7,0,1,4.666292070388793,1.6,5.0,3.0,1,0,1,1,0,1,0,4,0,0,4,0,1,5,1,1,0,1,0,3,0,0,3,0,"[7, 6, 5, 4, 3, 2, 1, 0]","[7, 6, 5, 4, 3, 4, 3, 4, 3, 4]","[7, 6, 5, 4, 3, 2, 1, 0]","[7, 6, 5, 4, 3, 2, 1, 0]","[7, 6, 5, 4, 3, 2, 1, 2, 3, 4]","[7, 6, 5, 4, 3, 2, 1, 0]","[20, 3, 8, 13, 18, 23, 22, 21, 20]","[20, 3, 8, 13, 18, 23, 18, 23, 18, 23, 18]","[20, 3, 8, 13, 12, 11, 10, 15, 20]","[20, 3, 2, 7, 12, 17, 22, 21, 20]","[20, 3, 2, 1, 6, 11, 16, 21, 22, 23, 24]","[20, 3, 8, 7, 6, 11, 16, 21, 20]"
48.92,2,1,0,123,360,11,C7,4,21,0.79495625,7,0,1,2.8550442447662348,1.6,6.0,4.0,1,0,1,0,1,1,0,6,0,2,0,0,1,6,1,1,1,1,0,4,1,2,0,0,"[7, 6, 5, 4, 3, 2, 1, 0]","[7, 6, 7, 6, 5, 6, 5, 6, 5, 6]","[7, 6, 5, 4, 3, 2, 1, 2, 1, 0]","[7, 6, 5, 4, 3, 2, 3, 4, 3, 2]","[7, 6, 5, 4, 3, 2, 1, 0]","[7, 6, 5, 4, 3, 2, 1, 0]","[21, 4, 9, 14, 19, 18, 17, 16, 21]","[21, 4, 9, 4, 3, 8, 3, 8, 3, 8, 3]","[21, 4, 9, 8, 7, 12, 17, 16, 15, 20, 21]","[21, 4, 9, 14, 13, 12, 11, 10, 5, 10, 15]","[21, 4, 9, 8, 7, 12, 11, 16, 21]","[21, 4, 9, 14, 13, 12, 11, 16, 21]"
48.4,2,1,0,321,355,9,C7,3,20,0.7868833333333334,7,0,1,2.9177831625342363,2.0,5.0,4.0,1,0,1,1,0,1,0,8,0,0,2,0,1,5,1,1,1,1,0,4,0,0,1,0,"[7, 6, 5, 4, 3, 2, 1, 0]","[7, 6, 7, 8, 7, 8, 7, 8]","[7, 6, 5, 4, 3, 2, 1, 0]","[7, 6, 5, 4, 3, 2, 1, 0]","[7, 8, 7, 6, 5, 4, 3, 2]","[7, 6, 5, 4, 3, 2, 1, 0]","[20, 3, 8, 13, 18, 23, 22, 21, 20]","[20, 3, 2, 3, 4, 3, 4, 3, 4]","[20, 3, 8, 7, 12, 17, 22, 21, 20]","[20, 3, 2, 7, 12, 17, 16, 21, 20]","[20, 3, 4, 3, 2, 1, 6, 11, 16]","[20, 3, 2, 1, 6, 5, 10, 15, 20]"
48.4,2,1,0,123,425,7,C7,15,4,0.9369104166666666,7,0,1,3.6620817309021945,2.0,5.0,4.0,1,0,1,0,1,1,0,7,0,3,0,0,1,5,1,2,1,1,0,4,0,2,0,0,"[7, 6, 5, 4, 3, 2, 1, 0]","[7, 8, 7, 6, 7, 6, 7, 6, 7]","[7, 6, 5, 4, 3, 2, 1, 0]","[7, 6, 7, 6, 5, 4, 3, 2, 3]","[7, 6, 5, 4, 3, 2, 1, 0]","[7, 6, 5, 4, 3, 2, 1, 0]","[4, 15, 16, 17, 18, 19, 14, 9, 4]","[4, 15, 20, 21, 16, 21, 16, 21, 16, 21]","[4, 15, 16, 11, 6, 7, 2, 3, 4]","[4, 15, 10, 15, 10, 5, 6, 7, 8, 13]","[4, 15, 16, 17, 18, 19, 14, 9, 4]","[4, 15, 16, 17, 18, 13, 8, 3, 4]"
48.4,3,0,0,123,230,7,C6,10,24,0.5099395833333333,6,0,1,2.261704044739405,2.0,2.0,2.0,1,0,1,0,0,1,0,4,0,2,4,0,1,2,1,0,0,1,0,2,0,1,2,0,"[6, 5, 4, 3, 2, 1, 0]","[6, 5, 6, 5, 4, 3, 4]","[6, 5, 4, 3, 2, 1, 0]","[6, 5, 4, 3, 2, 1, 2]","[6, 5, 4, 3, 2, 3, 4]","[6, 5, 4, 3, 2, 1, 0]","[24, 10, 11, 12, 13, 14, 19, 24]","[24, 10, 15, 10, 15, 20, 21, 16]","[24, 10, 11, 12, 13, 18, 23, 24]","[24, 10, 11, 12, 13, 18, 23, 22]","[24, 10, 11, 12, 13, 14, 9, 4]","[24, 10, 11, 12, 13, 14, 19, 24]"
48.4,2,1,0,321,180,2,C7,21,4,0.4027041666666666,7,0,1,2.047008336126804,2.0,5.0,4.0,1,0,1,1,0,1,0,8,0,0,2,0,1,5,1,1,1,1,0,4,0,0,1,0,"[7, 6, 5, 4, 3, 2, 1, 0]","[7, 8, 7, 6, 7, 6, 7, 8]","[7, 6, 5, 4, 3, 2, 1, 0]","[7, 6, 5, 4, 3, 2, 1, 0]","[7, 6, 5, 6, 5, 4, 3, 2]","[7, 6, 5, 4, 3, 2, 1, 0]","[4, 21, 16, 11, 6, 1, 2, 3, 4]","[4, 21, 20, 21, 22, 21, 22, 21, 20]","[4, 21, 16, 11, 6, 1, 2, 3, 4]","[4, 21, 16, 11, 6, 1, 2, 3, 4]","[4, 21, 16, 17, 22, 17, 18, 13, 8]","[4, 21, 16, 11, 6, 1, 2, 3, 4]"
48.4,2,1,0,42,405,14,C7,4,21,0.8935208333333333,7,0,1,3.364495266020297,2.0,6.0,3.0,1,0,0,1,1,1,0,6,4,0,0,0,1,6,1,1,1,1,0,3,2,0,0,0,"[7, 6, 5, 4, 3, 2, 1, 0]","[7, 6, 7, 6, 7, 6, 7, 6]","[7, 6, 5, 4, 5, 4, 3, 4]","[7, 6, 5, 4, 3, 2, 1, 0]","[7, 6, 5, 4, 3, 2, 1, 0]","[7, 6, 5, 4, 3, 2, 1, 0]","[21, 4, 3, 2, 1, 6, 11, 16, 21]","[21, 4, 9, 4, 9, 4, 9, 4, 9]","[21, 4, 3, 2, 1, 0, 5, 10, 5]","[21, 4, 3, 2, 7, 6, 11, 16, 21]","[21, 4, 3, 2, 1, 6, 11, 16, 21]","[21, 4, 3, 2, 7, 6, 11, 16, 21]"
47.92,2,1,0,42,410,9,C7,23,0,0.90441875,7,0,1,4.251454747259617,1.6,6.0,3.0,0,0,1,1,1,1,2,6,0,0,0,0,0,6,1,1,1,1,1,3,0,0,0,0,"[7, 6, 7, 6, 5, 4, 3, 2]","[7, 6, 7, 6, 7, 6, 7, 6]","[7, 6, 5, 4, 3, 2, 1, 0]","[7, 6, 5, 4, 3, 2, 1, 0]","[7, 6, 5, 4, 3, 2, 1, 0]","[7, 6, 5, 4, 3, 2, 1, 0]","[0, 23, 18, 19, 14, 9, 8, 7, 6]","[0, 23, 18, 23, 18, 23, 18, 23, 18]","[0, 23, 18, 17, 16, 11, 6, 1, 0]","[0, 23, 18, 13, 8, 7, 6, 5, 0]","[0, 23, 18, 13, 8, 7, 2, 1, 0]","[0, 23, 18, 13, 8, 7, 6, 5, 0]"
47.92,2,1,0,42,250,9,C7,23,0,0.5543166666666667,7,0,1,2.3327923869490617,1.6,6.0,3.0,1,0,0,1,1,1,0,6,2,0,0,0,1,6,1,1,1,1,0,3,1,0,0,0,"[7, 6, 5, 4, 3, 2, 1, 0]","[7, 6, 7, 6, 7, 6, 7, 6]","[7, 6, 5, 4, 3, 2, 1, 2]","[7, 6, 5, 4, 3, 2, 1, 0]","[7, 6, 5, 4, 3, 2, 1, 0]","[7, 6, 5, 4, 3, 2, 1, 0]","[0, 23, 18, 13, 8, 3, 2, 1, 0]","[0, 23, 18, 23, 18, 23, 18, 23, 18]","[0, 23, 18, 17, 12, 7, 2, 1, 2]","[0, 23, 18, 13, 8, 7, 6, 5, 0]","[0, 23, 22, 17, 12, 7, 2, 1, 0]","[0, 23, 18, 13, 8, 3, 2, 1, 0]"
47.92,2,1,0,321,300,0,C7,20,3,0.6665,7,0,1,3.4923885127305976,1.6,5.0,4.0,1,0,1,0,1,1,0,6,0,2,0,0,1,5,1,2,1,1,0,4,1,2,0,0,"[7, 6, 5, 4, 3, 2, 1, 0]","[7, 6, 7, 6, 5, 4, 5, 6, 5, 6]","[7, 6, 5, 4, 3, 2, 1, 2, 1, 0]","[7, 6, 5, 4, 3, 2, 1, 2, 1, 2]","[7, 6, 5, 4, 3, 2, 1, 0]","[7, 6, 5, 4, 3, 2, 1, 0]","[3, 20, 21, 16, 11, 6, 7, 2, 3]","[3, 20, 21, 20, 21, 16, 17, 16, 15, 16, 15]","[3, 20, 21, 16, 11, 6, 7, 8, 9, 4, 3]","[3, 20, 21, 16, 17, 12, 13, 8, 9, 8, 9]","[3, 20, 21, 22, 23, 18, 13, 8, 3]","[3, 20, 21, 16, 11, 12, 7, 8, 3]"
47.92,2,1,0,123,340,16,C7,3,20,0.7512083333333334,7,0,1,3.167676723539828,1.6,6.0,3.0,1,0,1,1,0,1,0,6,0,0,2,0,1,6,1,1,1,1,0,3,0,0,1,0,"[7, 6, 5, 4, 3, 2, 1, 0]","[7, 6, 7, 6, 7, 6, 7, 6]","[7, 6, 5, 4, 3, 2, 1, 0]","[7, 6, 5, 4, 3, 2, 1, 0]","[7, 6, 5, 4, 3, 2, 1, 2]","[7, 6, 5, 4, 3, 2, 1, 0]","[20, 3, 8, 13, 18, 23, 22, 21, 20]","[20, 3, 8, 3, 8, 3, 8, 3, 8]","[20, 3, 8, 13, 12, 11, 16, 15, 20]","[20, 3, 8, 13, 18, 17, 16, 15, 20]","[20, 3, 2, 1, 6, 11, 16, 21, 16]","[20, 3, 8, 7, 6, 11, 10, 15, 20]"
47.92,2,1,1,42,415,1,C6,21,3,0.9151708333333334,6,0,1,2.8265301179885856,1.6,6.0,5.0,1,0,0,1,1,1,0,7,1,0,0,0,1,6,2,1,1,1,1,5,2,0,0,0,"[6, 5, 4, 3, 4, 3, 2, 1, 0]","[6, 5, 6, 7, 6, 7, 6, 7, 6, 7]","[6, 5, 4, 3, 2, 1, 2, 1, 2, 1]","[6, 5, 4, 3, 2, 1, 0]","[6, 5, 4, 3, 2, 1, 0]","[6, 5, 4, 3, 2, 1, 0]","[3, 21, 22, 23, 18, 19, 14, 9, 4, 3]","[3, 21, 16, 21, 20, 15, 20, 15, 20, 15, 20]","[3, 21, 16, 11, 6, 7, 8, 9, 4, 9, 4]","[3, 21, 22, 23, 18, 13, 8, 3]","[3, 21, 22, 23, 18, 13, 8, 3]","[3, 21, 22, 23, 18, 13, 8, 3]"
47.44,2,1,0,123,250,14,C8,0,24,0.5548083333333333,8,0,1,2.6585261681750416,1.2,4.0,2.0,1,0,1,0,1,1,0,4,0,2,0,0,1,4,1,0,1,1,0,2,0,1,0,0,"[8, 7, 6, 5, 4, 3, 2, 1, 0]","[8, 7, 6, 5, 4, 5, 4, 5, 4]","[8, 7, 6, 5, 4, 3, 2, 1, 0]","[8, 7, 6, 5, 4, 3, 2, 1, 2]","[8, 7, 6, 5, 4, 3, 2, 1, 0]","[8, 7, 6, 5, 4, 3, 2, 1, 0]","[24, 0, 5, 6, 7, 8, 9, 14, 19, 24]","[24, 0, 5, 10, 15, 20, 15, 20, 15, 20]","[24, 0, 1, 2, 3, 8, 13, 18, 23, 24]","[24, 0, 1, 2, 3, 8, 13, 18, 23, 22]","[24, 0, 5, 10, 11, 16, 17, 18, 19, 24]","[24, 0, 5, 10, 15, 16, 21, 22, 23, 24]"
47.44,2,1,0,123,115,8,C8,20,4,0.2580666666666666,8,0,1,1.4250799085646857,1.2,4.0,2.0,0,0,1,1,1,1,2,4,0,0,0,0,1,4,1,1,1,1,1,2,0,0,0,0,"[8, 7, 6, 5, 4, 3, 2, 1, 2]","[8, 7, 6, 5, 4, 5, 4, 5, 4]","[8, 7, 6, 5, 4, 3, 2, 1, 0]","[8, 7, 6, 5, 4, 3, 2, 1, 0]","[8, 7, 6, 5, 4, 3, 2, 1, 0]","[8, 7, 6, 5, 4, 3, 2, 1, 0]","[4, 20, 15, 10, 5, 0, 1, 2, 3, 2]","[4, 20, 15, 10, 5, 0, 5, 0, 5, 0]","[4, 20, 15, 16, 11, 6, 7, 2, 3, 4]","[4, 20, 15, 10, 5, 0, 1, 2, 3, 4]","[4, 20, 21, 22, 23, 18, 13, 8, 3, 4]","[4, 20, 15, 16, 17, 12, 7, 2, 3, 4]"
47.44,2,1,0,42,285,7,C7,20,3,0.6310520833333333,7,0,1,1.4862447386384,1.2,6.0,3.0,1,0,0,1,1,1,0,4,2,0,0,0,1,6,1,1,1,1,1,3,2,0,0,0,"[7, 6, 5, 4, 3, 4, 3, 2, 1, 0]","[7, 6, 5, 4, 5, 4, 5, 4, 5, 4]","[7, 6, 5, 4, 3, 2, 1, 2, 1, 2]","[7, 6, 5, 4, 3, 2, 1, 0]","[7, 6, 5, 4, 3, 2, 1, 0]","[7, 6, 5, 4, 3, 2, 1, 0]","[3, 20, 15, 16, 17, 18, 19, 14, 9, 4, 3]","[3, 20, 21, 22, 17, 22, 17, 22, 17, 22, 17]","[3, 20, 15, 10, 11, 6, 7, 8, 9, 4, 9]","[3, 20, 21, 22, 23, 18, 13, 8, 3]","[3, 20, 21, 22, 23, 18, 13, 8, 3]","[3, 20, 21, 22, 23, 18, 13, 8, 3]"
47.44,2,1,0,42,115,14,C8,0,24,0.25759375,8,0,1,2.717386072844266,1.2,4.0,2.0,0,0,1,1,1,1,2,4,0,0,0,0,0,4,1,1,1,1,1,2,0,0,0,0,"[8, 7, 6, 5, 4, 3, 2, 1, 2]","[8, 7, 8, 7, 6, 5, 6, 5, 4]","[8, 7, 6, 5, 4, 3, 2, 1, 0]","[8, 7, 6, 5, 4, 3, 2, 1, 0]","[8, 7, 6, 5, 4, 3, 2, 1, 0]","[8, 7, 6, 5, 4, 3, 2, 1, 0]","[24, 0, 1, 6, 11, 16, 17, 18, 19, 14]","[24, 0, 5, 0, 5, 10, 15, 10, 15, 20]","[24, 0, 5, 6, 7, 8, 9, 14, 19, 24]","[24, 0, 1, 6, 11, 16, 17, 22, 23, 24]","[24, 0, 1, 6, 11, 16, 21, 22, 23, 24]","[24, 0, 1, 2, 7, 12, 17, 22, 23, 24]"
47.44,2,1,0,321,350,0,C8,0,24,0.7757895833333334,8,0,1,1.6035877730399364,1.2,4.0,2.0,0,0,1,1,1,1,2,4,0,0,0,0,0,4,1,1,1,1,1,2,0,0,0,0,"[8, 7, 6, 5, 4, 3, 2, 1, 2]","[8, 7, 8, 7, 6, 5, 4, 5, 4]","[8, 7, 6, 5, 4, 3, 2, 1, 0]","[8, 7, 6, 5, 4, 3, 2, 1, 0]","[8, 7, 6, 5, 4, 3, 2, 1, 0]","[8, 7, 6, 5, 4, 3, 2, 1, 0]","[24, 0, 1, 2, 3, 8, 13, 18, 23, 22]","[24, 0, 1, 0, 1, 2, 3, 4, 3, 4]","[24, 0, 1, 2, 3, 8, 13, 18, 23, 24]","[24, 0, 1, 2, 3, 8, 13, 18, 23, 24]","[24, 0, 1, 6, 11, 16, 17, 18, 19, 24]","[24, 0, 1, 2, 7, 12, 17, 22, 23, 24]"
47.2,3,1,2,123,375,8,C6,5,23,0.8279729166666666,8,1,2,1.691140767266352,1.0,6.0,3.0,1,0,0,1,0,1,0,3,1,0,1,0,1,6,2,1,2,2,1,3,2,1,2,1,"[6, 5, 4, 3, 4, 3, 2, 1, 0]","[6, 5, 4, 3, 4, 3, 4, 3, 4, 3]","[6, 5, 4, 3, 4, 3, 2, 1, 2, 1]","[6, 5, 4, 3, 4, 3, 2, 1, 0]","[6, 5, 4, 3, 2, 1, 2, 1, 2, 1]","[6, 5, 4, 3, 4, 3, 2, 1, 0]","[23, 5, 6, 7, 8, 9, 14, 19, 24, 23]","[23, 5, 10, 15, 20, 15, 20, 15, 20, 15, 20]","[23, 5, 6, 7, 8, 9, 14, 19, 24, 19, 24]","[23, 5, 6, 7, 8, 9, 14, 19, 24, 23]","[23, 5, 6, 11, 16, 17, 18, 19, 24, 19, 18]","[23, 5, 10, 11, 12, 11, 16, 21, 22, 23]"
46.92,2,1,0,42,160,16,C6,24,6,0.3572479166666666,6,0,1,3.710787087629238,1.6,7.0,4.0,0,0,1,1,1,1,2,6,0,0,0,0,0,7,1,1,1,1,2,4,0,0,0,0,"[6, 5, 4, 3, 4, 3, 2, 1, 2]","[6, 5, 6, 5, 6, 5, 6, 5, 6]","[6, 5, 4, 3, 2, 1, 0]","[6, 5, 4, 3, 2, 1, 0]","[6, 5, 4, 3, 2, 1, 0]","[6, 5, 4, 3, 2, 1, 0]","[6, 24, 19, 14, 9, 4, 3, 2, 1, 0]","[6, 24, 19, 24, 19, 24, 19, 24, 19, 24]","[6, 24, 19, 18, 17, 16, 11, 6]","[6, 24, 23, 22, 17, 12, 7, 6]","[6, 24, 19, 14, 13, 8, 7, 6]","[6, 24, 23, 18, 13, 8, 7, 6]"
46.92,2,2,0,42,215,8,C7,15,4,0.4782458333333333,7,0,1,4.216475509643554,1.6,3.0,3.0,1,0,1,1,0,1,0,4,0,0,4,0,1,3,1,1,0,1,0,3,0,0,3,0,"[7, 6, 5, 4, 3, 2, 1, 0]","[7, 8, 7, 6, 7, 6, 5, 4, 3, 4]","[7, 6, 5, 4, 3, 2, 1, 0]","[7, 6, 5, 4, 3, 2, 1, 0]","[7, 6, 5, 4, 3, 2, 1, 2, 3, 4]","[7, 6, 5, 4, 3, 2, 1, 0]","[4, 15, 16, 17, 18, 19, 14, 9, 4]","[4, 15, 20, 15, 10, 15, 10, 5, 0, 1, 6]","[4, 15, 16, 11, 6, 1, 2, 3, 4]","[4, 15, 16, 17, 18, 19, 14, 9, 4]","[4, 15, 16, 17, 18, 13, 8, 3, 2, 1, 6]","[4, 15, 16, 17, 12, 13, 8, 3, 4]"
46.92,2,1,0,123,420,5,C6,24,6,0.9260270833333332,6,0,1,3.345426753610372,1.6,7.0,4.0,0,0,1,1,1,1,2,6,0,0,0,0,0,7,1,1,1,1,2,4,0,0,0,0,"[6, 5, 4, 3, 2, 3, 2, 1, 2]","[6, 5, 6, 5, 6, 5, 6, 5, 6]","[6, 5, 4, 3, 2, 1, 0]","[6, 5, 4, 3, 2, 1, 0]","[6, 5, 4, 3, 2, 1, 0]","[6, 5, 4, 3, 2, 1, 0]","[6, 24, 19, 14, 9, 8, 3, 2, 1, 0]","[6, 24, 19, 24, 19, 24, 19, 24, 19, 24]","[6, 24, 19, 18, 17, 12, 7, 6]","[6, 24, 19, 18, 17, 16, 11, 6]","[6, 24, 19, 14, 9, 8, 7, 6]","[6, 24, 19, 18, 13, 8, 7, 6]"
46.44,2,1,0,42,135,6,C7,20,9,0.30139375,7,0,1,2.765548562049865,1.2,5.0,3.0,1,0,0,1,1,1,0,4,2,0,0,0,2,5,2,1,1,1,1,3,2,0,0,0,"[7, 6, 5, 4, 3, 2, 3, 2, 1, 0]","[7, 6, 5, 6, 5, 6, 5, 4, 5, 4]","[7, 6, 5, 4, 3, 2, 3, 2, 3, 2]","[7, 6, 5, 4, 3, 2, 1, 0]","[7, 6, 5, 4, 3, 2, 1, 0]","[7, 6, 5, 4, 3, 2, 1, 0]","[9, 20, 15, 16, 17, 18, 19, 18, 13, 14, 9]","[9, 20, 15, 10, 15, 10, 15, 10, 5, 0, 5]","[9, 20, 21, 16, 17, 12, 7, 2, 7, 2, 3]","[9, 20, 21, 22, 23, 24, 19, 14, 9]","[9, 20, 15, 16, 17, 18, 19, 14, 9]","[9, 20, 21, 22, 23, 24, 19, 14, 9]"
46.44,2,1,1,42,400,0,C6,21,3,0.8826125,6,0,1,2.58142126272122,1.2,6.0,4.0,1,0,0,1,1,1,0,5,1,0,0,0,1,6,2,1,1,1,1,4,2,0,0,0,"[6, 5, 4, 5, 4, 3, 2, 1, 0]","[6, 5, 6, 7, 6, 7, 6, 5, 4, 5]","[6, 5, 4, 3, 2, 1, 2, 1, 2, 1]","[6, 5, 4, 3, 2, 1, 0]","[6, 5, 4, 3, 2, 1, 0]","[6, 5, 4, 3, 2, 1, 0]","[3, 21, 22, 23, 24, 19, 14, 9, 4, 3]","[3, 21, 22, 21, 20, 21, 20, 21, 22, 17, 22]","[3, 21, 16, 11, 6, 7, 8, 9, 4, 9, 4]","[3, 21, 22, 23, 18, 13, 8, 3]","[3, 21, 16, 17, 18, 13, 8, 3]","[3, 21, 22, 23, 18, 13, 8, 3]"
46.4,2,1,0,42,285,16,C6,18,0,0.6311520833333333,6,0,1,5.788647174288829,2.0,5.0,5.0,1,0,1,1,0,1,0,8,0,0,2,0,1,5,1,1,2,1,1,5,0,0,2,0,"[6, 7, 6, 5, 4, 3, 2, 1, 0]","[6, 7, 8, 7, 8, 7, 8, 7, 8]","[6, 5, 4, 3, 2, 1, 0]","[6, 5, 4, 3, 2, 1, 0]","[6, 5, 4, 3, 2, 1, 2, 1, 2]","[6, 5, 4, 3, 2, 1, 0]","[0, 18, 19, 14, 9, 4, 3, 2, 1, 0]","[0, 18, 23, 24, 19, 24, 19, 24, 19, 24]","[0, 18, 13, 12, 11, 10, 5, 0]","[0, 18, 13, 8, 3, 2, 1, 0]","[0, 18, 13, 8, 7, 6, 5, 10, 5, 10]","[0, 18, 13, 8, 7, 6, 5, 0]"
45.92,2,1,1,123,220,10,C6,19,5,0.4881729166666667,6,0,1,3.6276501491169126,1.6,5.0,4.0,0,0,1,1,1,1,1,7,0,0,0,0,0,5,1,1,1,1,1,4,0,0,0,0,"[6, 5, 4, 5, 4, 3, 2, 1]","[6, 7, 6, 5, 6, 7, 6, 7]","[6, 5, 4, 3, 2, 1, 0]","[6, 5, 4, 3, 2, 1, 0]","[6, 5, 4, 3, 2, 1, 0]","[6, 5, 4, 3, 2, 1, 0]","[5, 19, 14, 9, 4, 3, 2, 1, 0]","[5, 19, 24, 19, 14, 19, 24, 19, 24]","[5, 19, 14, 13, 12, 11, 6, 5]","[5, 19, 18, 17, 16, 15, 10, 5]","[5, 19, 14, 13, 8, 7, 6, 5]","[5, 19, 14, 13, 12, 7, 6, 5]"
45.92,3,2,0,123,200,7,C6,22,4,0.4444229166666666,8,1,2,2.5751366780400278,1.6,4.0,3.0,1,0,1,0,0,1,0,2,0,2,4,0,1,4,1,0,1,2,0,2,1,2,3,1,"[6, 5, 4, 3, 2, 1, 0]","[6, 5, 6, 5, 4, 5, 4, 3, 2]","[6, 5, 4, 3, 4, 3, 2, 1, 0]","[6, 5, 4, 5, 4, 5, 4, 3, 2]","[6, 7, 6, 5, 4, 3, 2, 3, 4]","[6, 5, 4, 3, 2, 1, 2, 1, 0]","[4, 22, 23, 24, 19, 14, 9, 4]","[4, 22, 17, 22, 17, 12, 17, 12, 7, 2]","[4, 22, 23, 18, 13, 12, 7, 2, 3, 4]","[4, 22, 23, 18, 17, 12, 11, 6, 7, 8]","[4, 22, 21, 16, 11, 12, 13, 8, 7, 12]","[4, 22, 23, 18, 13, 8, 3, 2, 3, 4]"
45.44,2,1,1,321,385,17,C6,24,6,0.852575,6,0,1,3.1841206592321387,1.2,6.0,3.0,1,0,1,1,0,1,0,5,0,0,1,0,1,6,1,1,0,1,0,3,0,0,1,0,"[6, 5, 4, 3, 2, 1, 0]","[6, 5, 6, 5, 6, 5, 6, 5]","[6, 5, 4, 3, 2, 1, 0]","[6, 5, 4, 3, 2, 1, 0]","[6, 5, 4, 3, 2, 1, 2, 1]","[6, 5, 4, 3, 2, 1, 0]","[6, 24, 23, 22, 21, 16, 11, 6]","[6, 24, 23, 24, 23, 24, 23, 24, 23]","[6, 24, 23, 22, 17, 16, 11, 6]","[6, 24, 19, 18, 13, 8, 7, 6]","[6, 24, 23, 18, 13, 8, 7, 2, 1]","[6, 24, 23, 22, 21, 16, 11, 6]"
45.44,2,1,1,42,170,4,C6,15,9,0.3791583333333333,6,0,1,3.3530794468522065,1.2,5.0,4.0,1,0,1,1,0,1,0,5,0,0,1,0,1,5,1,1,2,1,0,4,0,0,2,0,"[6, 5, 4, 3, 2, 1, 0]","[6, 7, 6, 5, 4, 5, 4, 5, 4, 5]","[6, 5, 4, 3, 2, 1, 0]","[6, 5, 4, 3, 2, 1, 0]","[6, 5, 4, 3, 2, 3, 4, 3, 2, 1]","[6, 5, 4, 3, 2, 1, 0]","[9, 15, 16, 17, 18, 19, 14, 9]","[9, 15, 20, 15, 10, 5, 0, 5, 0, 5, 0]","[9, 15, 10, 5, 6, 7, 8, 9]","[9, 15, 16, 17, 18, 19, 14, 9]","[9, 15, 10, 11, 12, 7, 6, 11, 12, 13, 8]","[9, 15, 16, 17, 18, 19, 14, 9]"
45.44,2,2,0,123,230,6,C6,3,15,0.5099270833333334,6,0,1,2.539267514844735,1.2,5.0,3.0,0,0,1,1,1,1,3,3,0,0,0,0,2,5,1,1,1,1,3,3,0,1,0,0,"[6, 5, 4, 3, 2, 3, 2, 1, 2, 3]","[6, 5, 4, 3, 4, 3, 4, 3, 4, 3]","[6, 5, 4, 3, 2, 1, 0]","[6, 5, 4, 3, 2, 3, 2, 1, 0]","[6, 5, 4, 3, 2, 1, 0]","[6, 5, 4, 3, 2, 1, 0]","[15, 3, 8, 13, 18, 17, 22, 21, 20, 21, 22]","[15, 3, 8, 13, 18, 23, 18, 23, 18, 23, 18]","[15, 3, 2, 1, 6, 11, 16, 15]","[15, 3, 8, 13, 18, 17, 22, 21, 16, 15]","[15, 3, 2, 1, 0, 5, 10, 15]","[15, 3, 2, 1, 0, 5, 10, 15]"
44.92,2,0,0,42,210,0,C8,24,0,0.467275,8,0,1,1.6546001687347882,1.6,3.0,2.0,1,0,1,0,1,1,0,4,0,4,0,0,1,3,1,0,1,1,0,2,0,2,0,0,"[8, 7, 6, 5, 4, 3, 2, 1, 0]","[8, 7, 6, 5, 4, 3, 4, 3, 4]","[8, 7, 6, 5, 4, 3, 2, 1, 0]","[8, 7, 6, 5, 4, 3, 2, 3, 4]","[8, 7, 6, 5, 4, 3, 2, 1, 0]","[8, 7, 6, 5, 4, 3, 2, 1, 0]","[0, 24, 19, 14, 9, 4, 3, 2, 1, 0]","[0, 24, 23, 18, 13, 8, 3, 8, 3, 8]","[0, 24, 23, 22, 17, 16, 11, 10, 5, 0]","[0, 24, 19, 14, 9, 8, 7, 6, 11, 16]","[0, 24, 23, 18, 13, 8, 7, 2, 1, 0]","[0, 24, 19, 14, 9, 8, 3, 2, 1, 0]"
44.92,2,1,0,321,210,12,C7,19,0,0.46874375,7,0,1,3.5052001258134835,1.6,3.0,3.0,1,0,1,1,0,1,0,5,0,0,3,0,1,3,1,1,0,1,0,3,0,0,2,0,"[7, 6, 5, 4, 3, 2, 1, 0]","[7, 6, 5, 4, 5, 6, 5, 4, 5]","[7, 6, 5, 4, 3, 2, 1, 0]","[7, 6, 5, 4, 3, 2, 1, 0]","[7, 6, 5, 4, 3, 2, 1, 2, 3]","[7, 6, 5, 4, 3, 2, 1, 0]","[0, 19, 18, 17, 16, 15, 10, 5, 0]","[0, 19, 18, 17, 12, 13, 14, 13, 12, 13]","[0, 19, 14, 13, 12, 11, 6, 5, 0]","[0, 19, 14, 13, 12, 7, 6, 5, 0]","[0, 19, 14, 9, 8, 7, 6, 5, 10, 11]","[0, 19, 14, 13, 12, 11, 10, 5, 0]"
44.44,2,2,0,42,185,13,C6,24,2,0.4122208333333333,6,0,1,4.508963384181261,1.2,4.0,3.0,1,1,0,0,1,1,0,0,3,3,0,0,1,3,4,1,1,1,0,1,3,3,0,0,"[6, 5, 4, 3, 2, 1, 0]","[6, 5, 6, 5, 4, 3, 2, 1, 0]","[6, 5, 4, 3, 2, 3, 2, 3, 2, 3]","[6, 5, 4, 3, 2, 1, 2, 3, 2, 3]","[6, 5, 4, 3, 2, 1, 0]","[6, 5, 4, 3, 2, 1, 0]","[2, 24, 19, 14, 9, 4, 3, 2]","[2, 24, 19, 24, 19, 14, 9, 4, 3, 2]","[2, 24, 19, 14, 9, 4, 9, 8, 9, 4, 9]","[2, 24, 19, 14, 9, 8, 7, 6, 5, 0, 5]","[2, 24, 19, 14, 9, 8, 7, 2]","[2, 24, 19, 18, 13, 8, 3, 2]"
44.44,2,2,0,42,80,7,C6,19,1,0.1796729166666666,6,0,1,4.160961244950691,1.2,4.0,3.0,1,0,1,0,1,1,0,3,0,3,0,0,3,3,1,4,3,1,1,3,0,3,1,0,"[6, 5, 4, 3, 4, 3, 2, 1, 0]","[6, 7, 6, 5, 4, 3, 2, 3, 4, 3]","[6, 5, 4, 3, 2, 1, 0]","[6, 7, 6, 5, 4, 3, 4, 3, 4, 3]","[6, 5, 4, 5, 4, 3, 2, 1, 0]","[6, 5, 4, 3, 2, 1, 0]","[1, 19, 14, 9, 4, 9, 4, 3, 2, 1]","[1, 19, 24, 23, 18, 13, 8, 3, 8, 13, 8]","[1, 19, 14, 13, 12, 11, 6, 1]","[1, 19, 24, 23, 22, 17, 16, 17, 16, 17, 16]","[1, 19, 14, 13, 14, 13, 8, 3, 2, 1]","[1, 19, 14, 13, 8, 7, 2, 1]"
44.44,2,1,0,321,325,7,C7,19,0,0.72099375,7,0,1,3.4540953626632684,1.2,4.0,2.0,1,0,0,1,1,1,0,4,2,0,0,0,1,4,0,1,1,1,0,2,1,0,0,0,"[7, 6, 5, 4, 3, 2, 1, 0]","[7, 6, 5, 6, 7, 6, 5, 4]","[7, 6, 5, 4, 3, 2, 1, 2]","[7, 6, 5, 4, 3, 2, 1, 0]","[7, 6, 5, 4, 3, 2, 1, 0]","[7, 6, 5, 4, 3, 2, 1, 0]","[0, 19, 18, 17, 16, 15, 10, 5, 0]","[0, 19, 18, 17, 18, 19, 18, 17, 16]","[0, 19, 14, 13, 12, 7, 6, 5, 10]","[0, 19, 18, 13, 12, 11, 6, 5, 0]","[0, 19, 14, 9, 8, 7, 6, 5, 0]","[0, 19, 14, 13, 12, 7, 6, 5, 0]"
44.44,2,1,0,42,410,18,C7,20,3,0.90450625,7,0,1,2.196742256522178,1.2,4.0,2.0,0,0,1,1,1,1,2,4,0,0,0,0,0,4,1,1,1,1,1,2,0,0,0,0,"[7, 6, 5, 4, 3, 4, 3, 2]","[7, 6, 5, 4, 5, 4, 5, 4]","[7, 6, 5, 4, 3, 2, 1, 0]","[7, 6, 5, 4, 3, 2, 1, 0]","[7, 6, 5, 4, 3, 2, 1, 0]","[7, 6, 5, 4, 3, 2, 1, 0]","[3, 20, 15, 16, 17, 18, 19, 14, 9]","[3, 20, 21, 22, 17, 22, 17, 22, 17]","[3, 20, 15, 10, 11, 6, 7, 8, 3]","[3, 20, 21, 22, 17, 18, 13, 8, 3]","[3, 20, 21, 22, 23, 18, 13, 8, 3]","[3, 20, 21, 22, 23, 18, 13, 8, 3]"
44.4,2,2,0,42,425,0,C6,23,1,0.93720625,8,1,1,3.1188000841637447,2.0,8.0,4.0,1,0,1,1,0,1,0,5,0,0,5,0,1,8,1,1,0,1,1,4,1,1,4,1,"[6, 5, 4, 3, 2, 3, 2, 1, 0]","[6, 5, 6, 5, 6, 5, 6, 5, 6, 5]","[6, 5, 4, 3, 2, 3, 2, 1, 0]","[6, 5, 4, 3, 2, 3, 2, 1, 0]","[6, 5, 4, 3, 2, 1, 2, 3, 4, 5]","[6, 5, 4, 3, 2, 1, 2, 1, 0]","[1, 23, 18, 13, 12, 11, 10, 5, 0, 1]","[1, 23, 18, 23, 18, 23, 18, 23, 18, 23, 18]","[1, 23, 18, 17, 12, 11, 10, 5, 0, 1]","[1, 23, 18, 13, 12, 11, 10, 5, 0, 1]","[1, 23, 18, 13, 8, 7, 6, 11, 16, 21, 22]","[1, 23, 18, 13, 8, 7, 6, 5, 0, 1]"
43.96,2,1,1,42,140,7,C6,23,5,0.3128041666666666,6,0,1,2.2122406246264767,0.8,5.0,3.0,0,0,1,1,1,1,1,3,0,0,0,0,0,5,1,1,1,1,2,3,0,0,0,0,"[6, 7, 6, 5, 4, 5, 4, 3, 2, 1]","[6, 5, 6, 5, 4, 3, 4, 3, 4, 3]","[6, 5, 4, 3, 2, 1, 0]","[6, 5, 4, 3, 2, 1, 0]","[6, 5, 4, 3, 2, 1, 0]","[6, 5, 4, 3, 2, 1, 0]","[5, 23, 24, 19, 14, 9, 4, 3, 2, 1, 0]","[5, 23, 18, 23, 18, 13, 8, 3, 8, 3, 8]","[5, 23, 18, 13, 12, 11, 10, 5]","[5, 23, 18, 13, 8, 7, 6, 5]","[5, 23, 18, 13, 8, 7, 6, 5]","[5, 23, 18, 13, 8, 7, 6, 5]"
43.96,2,1,1,42,195,0,C6,23,1,0.433925,6,0,1,3.026572849303484,0.8,5.0,3.0,1,0,1,1,0,1,0,3,0,0,1,0,1,5,1,1,2,1,0,3,1,0,2,0,"[6, 5, 4, 3, 2, 1, 0]","[6, 5, 4, 3, 2, 3, 2, 3, 2, 3]","[6, 5, 4, 3, 4, 3, 2, 1, 0]","[6, 5, 4, 3, 2, 1, 0]","[6, 5, 4, 3, 2, 1, 2, 1, 2, 1]","[6, 5, 4, 3, 2, 1, 0]","[1, 23, 18, 13, 8, 3, 2, 1]","[1, 23, 18, 13, 8, 3, 8, 3, 8, 3, 8]","[1, 23, 18, 17, 16, 15, 10, 5, 0, 1]","[1, 23, 18, 13, 8, 3, 2, 1]","[1, 23, 18, 13, 8, 7, 6, 5, 0, 5, 0]","[1, 23, 18, 13, 8, 3, 2, 1]"
43.92,2,1,0,123,310,7,C6,23,1,0.6856479166666667,6,0,1,2.2850451481342318,1.6,5.0,3.0,1,0,1,0,1,1,0,6,0,2,0,0,1,5,1,0,1,1,0,3,0,1,0,0,"[6, 5, 4, 3, 2, 1, 0]","[6, 5, 6, 5, 6, 5, 6]","[6, 5, 4, 3, 2, 1, 0]","[6, 5, 4, 3, 4, 3, 2]","[6, 5, 4, 3, 2, 1, 0]","[6, 5, 4, 3, 2, 1, 0]","[1, 23, 18, 13, 8, 3, 2, 1]","[1, 23, 18, 23, 18, 23, 18, 23]","[1, 23, 22, 21, 16, 11, 6, 1]","[1, 23, 22, 17, 16, 15, 10, 5]","[1, 23, 22, 21, 16, 11, 6, 1]","[1, 23, 18, 13, 8, 3, 2, 1]"
43.92,2,2,0,123,125,4,C6,0,22,0.2802333333333333,6,0,1,3.754130685776471,1.6,2.0,4.0,1,0,1,0,1,1,0,5,0,3,0,0,1,2,1,1,1,1,0,4,0,3,0,0,"[6, 5, 4, 3, 2, 1, 0]","[6, 5, 4, 3, 4, 3, 2, 3, 4, 5]","[6, 5, 4, 3, 2, 1, 0]","[6, 5, 4, 5, 6, 5, 4, 3, 2, 3]","[6, 5, 4, 3, 2, 1, 0]","[6, 5, 4, 3, 2, 1, 0]","[22, 0, 5, 10, 15, 16, 21, 22]","[22, 0, 5, 10, 15, 10, 15, 16, 11, 6, 1]","[22, 0, 5, 10, 15, 20, 21, 22]","[22, 0, 1, 2, 3, 4, 9, 14, 19, 24, 19]","[22, 0, 5, 10, 11, 16, 21, 22]","[22, 0, 5, 10, 15, 20, 21, 22]"
43.92,2,1,0,321,375,11,C6,4,16,0.8306770833333333,6,0,1,5.245856011609236,1.6,5.0,3.0,0,0,1,1,1,1,2,6,0,0,0,0,0,5,1,1,1,1,1,3,0,0,0,0,"[6, 5, 4, 3, 2, 3, 2]","[6, 5, 6, 5, 6, 5, 6]","[6, 5, 4, 3, 2, 1, 0]","[6, 5, 4, 3, 2, 1, 0]","[6, 5, 4, 3, 2, 1, 0]","[6, 5, 4, 3, 2, 1, 0]","[16, 4, 9, 14, 13, 18, 23, 22]","[16, 4, 3, 4, 3, 4, 3, 4]","[16, 4, 3, 8, 13, 12, 11, 16]","[16, 4, 9, 8, 13, 18, 17, 16]","[16, 4, 3, 2, 7, 6, 11, 16]","[16, 4, 9, 8, 13, 12, 11, 16]"
43.92,2,2,0,42,200,8,C7,15,4,0.4450520833333333,9,1,1,1.6010994495749458,1.6,6.0,3.0,1,0,1,1,0,1,0,4,0,0,4,0,1,6,1,1,2,1,0,3,0,1,3,1,"[7, 6, 5, 4, 3, 2, 1, 0]","[7, 6, 5, 4, 5, 4, 5, 4, 5, 4]","[7, 6, 5, 4, 3, 2, 1, 0]","[7, 6, 7, 6, 5, 4, 3, 2, 1, 0]","[7, 6, 5, 4, 3, 2, 3, 4, 5, 4]","[7, 6, 5, 6, 5, 4, 3, 2, 1, 0]","[4, 15, 16, 17, 18, 19, 14, 9, 4]","[4, 15, 10, 5, 0, 5, 0, 5, 0, 5, 0]","[4, 15, 10, 5, 6, 7, 8, 9, 4]","[4, 15, 16, 21, 22, 23, 18, 19, 14, 9, 4]","[4, 15, 16, 17, 12, 7, 2, 7, 6, 11, 12]","[4, 15, 16, 17, 22, 23, 24, 19, 14, 9, 4]"
43.92,2,1,0,321,335,18,C7,20,9,0.7428708333333334,9,1,1,0.5951670199036585,1.6,7.0,4.0,1,0,1,1,0,1,0,6,0,0,2,0,1,7,1,3,2,1,1,4,0,1,2,1,"[7, 6, 5, 4, 3, 2, 3, 2, 1, 0]","[7, 6, 7, 6, 7, 6, 7, 6, 7, 6]","[7, 6, 5, 4, 3, 2, 1, 0]","[7, 6, 5, 4, 3, 2, 3, 2, 1, 0]","[7, 6, 5, 4, 3, 2, 1, 2, 1, 2]","[7, 6, 5, 4, 3, 2, 3, 2, 1, 0]","[9, 20, 21, 22, 17, 12, 7, 2, 3, 4, 9]","[9, 20, 21, 20, 21, 20, 21, 20, 21, 20, 15]","[9, 20, 15, 10, 11, 12, 13, 14, 9]","[9, 20, 15, 10, 11, 6, 7, 6, 7, 8, 9]","[9, 20, 21, 22, 23, 18, 13, 8, 3, 8, 3]","[9, 20, 15, 10, 5, 6, 7, 2, 3, 4, 9]"
43.92,2,1,0,42,345,0,C6,18,0,0.7620979166666667,6,0,1,4.654130536019801,1.6,5.0,3.0,0,0,1,1,1,1,2,6,0,0,0,0,0,5,1,1,1,1,1,3,0,0,0,0,"[6, 7, 6, 5, 4, 3, 2]","[6, 7, 6, 7, 6, 7, 6]","[6, 5, 4, 3, 2, 1, 0]","[6, 5, 4, 3, 2, 1, 0]","[6, 5, 4, 3, 2, 1, 0]","[6, 5, 4, 3, 2, 1, 0]","[0, 18, 19, 14, 9, 4, 3, 2]","[0, 18, 23, 18, 23, 18, 23, 18]","[0, 18, 17, 16, 11, 6, 1, 0]","[0, 18, 13, 12, 7, 6, 5, 0]","[0, 18, 13, 8, 3, 2, 1, 0]","[0, 18, 13, 8, 7, 6, 5, 0]"
43.4,2,1,0,321,210,9,C7,1,24,0.4687104166666667,9,1,3,0.6706968436837184,2.0,8.0,5.0,1,0,0,1,1,1,0,8,2,0,0,0,1,8,1,1,1,3,0,5,2,0,0,1,"[7, 6, 5, 4, 3, 2, 1, 0]","[7, 8, 7, 8, 7, 8, 7, 8, 7, 8]","[7, 6, 7, 6, 5, 4, 3, 2, 1, 2]","[7, 6, 5, 4, 3, 2, 1, 0]","[7, 6, 5, 4, 3, 2, 1, 0]","[7, 6, 5, 4, 3, 4, 3, 2, 1, 0]","[24, 1, 2, 3, 4, 9, 14, 19, 24]","[24, 1, 0, 1, 0, 1, 0, 1, 0, 1, 0]","[24, 1, 6, 1, 2, 3, 8, 13, 18, 23, 22]","[24, 1, 2, 3, 8, 13, 18, 23, 24]","[24, 1, 6, 11, 16, 21, 22, 23, 24]","[24, 1, 2, 7, 12, 17, 12, 17, 22, 23, 24]"
42.92,2,1,0,321,395,3,C6,5,23,0.8740104166666667,6,0,1,3.5046232004463667,1.6,4.0,3.0,0,0,1,1,1,1,5,3,0,0,0,0,4,3,1,1,1,1,3,2,0,0,0,0,"[6, 5, 4, 5, 4, 5, 4, 5]","[6, 5, 4, 3, 4, 3, 4, 3]","[6, 5, 4, 3, 2, 1, 0]","[6, 5, 4, 3, 2, 1, 0]","[6, 5, 4, 3, 2, 1, 0]","[6, 5, 4, 3, 2, 1, 0]","[23, 5, 10, 11, 10, 11, 10, 11, 6]","[23, 5, 6, 7, 8, 9, 8, 9, 8]","[23, 5, 6, 11, 16, 17, 22, 23]","[23, 5, 6, 7, 8, 13, 18, 23]","[23, 5, 6, 11, 16, 21, 22, 23]","[23, 5, 6, 7, 8, 13, 18, 23]"
42.44,2,1,1,321,225,15,C6,5,23,0.501675,8,1,1,2.221082473893959,1.2,8.0,4.0,1,0,1,0,1,1,0,5,0,1,0,0,1,8,1,1,1,1,1,4,1,2,0,1,"[6, 5, 4, 3, 4, 3, 2, 1, 0]","[6, 5, 6, 5, 6, 5, 6, 5, 6, 5]","[6, 5, 4, 3, 4, 3, 2, 1, 0]","[6, 5, 4, 3, 2, 1, 2, 3, 2, 1]","[6, 5, 4, 3, 2, 1, 0]","[6, 5, 4, 3, 2, 3, 2, 1, 0]","[23, 5, 6, 7, 8, 9, 14, 19, 24, 23]","[23, 5, 6, 5, 6, 5, 6, 5, 6, 5, 6]","[23, 5, 6, 7, 8, 9, 14, 19, 24, 23]","[23, 5, 6, 7, 8, 13, 18, 13, 14, 19, 24]","[23, 5, 6, 11, 16, 21, 22, 23]","[23, 5, 6, 7, 8, 13, 14, 19, 24, 23]"
42.4,2,2,0,321,195,10,C6,15,9,0.4360770833333333,8,1,1,3.8902890697916335,2.0,6.0,4.0,1,0,1,0,1,1,0,6,0,4,0,0,1,6,1,4,1,1,1,4,1,3,0,1,"[6, 5, 4, 3, 4, 3, 2, 1, 0]","[6, 7, 6, 7, 6, 7, 6, 7, 6]","[6, 5, 4, 3, 4, 3, 2, 1, 0]","[6, 5, 4, 3, 4, 5, 4, 3, 4]","[6, 5, 4, 3, 2, 1, 0]","[6, 5, 4, 3, 4, 3, 2, 1, 0]","[9, 15, 10, 5, 6, 1, 2, 3, 4, 9]","[9, 15, 20, 21, 20, 21, 20, 21, 20, 21]","[9, 15, 10, 5, 6, 1, 2, 3, 4, 9]","[9, 15, 10, 5, 6, 5, 10, 5, 6, 1]","[9, 15, 16, 17, 18, 19, 14, 9]","[9, 15, 10, 11, 6, 1, 2, 3, 4, 9]"
41.92,2,1,0,321,215,11,C7,0,23,0.4795479166666667,9,1,2,1.5696813246607768,1.6,8.0,4.0,1,0,1,1,0,1,0,6,0,0,2,0,1,8,1,2,0,2,0,4,0,1,2,1,"[7, 6, 5, 4, 3, 2, 1, 0]","[7, 6, 7, 6, 7, 6, 7, 6, 7, 6]","[7, 6, 5, 4, 3, 2, 1, 0]","[7, 6, 5, 4, 5, 4, 3, 2, 1, 0]","[7, 6, 5, 4, 3, 2, 1, 2, 3, 2]","[7, 6, 5, 4, 5, 4, 3, 2, 1, 0]","[23, 0, 1, 2, 3, 8, 13, 18, 23]","[23, 0, 1, 0, 1, 0, 1, 0, 1, 0, 1]","[23, 0, 1, 2, 3, 8, 13, 18, 23]","[23, 0, 1, 2, 7, 2, 3, 8, 13, 18, 23]","[23, 0, 5, 6, 11, 16, 17, 18, 19, 14, 13]","[23, 0, 1, 2, 7, 2, 3, 8, 13, 18, 23]"
41.44,2,0,0,42,230,7,C7,20,9,0.5106520833333333,7,0,1,1.328394973814487,1.2,3.0,2.0,1,0,1,1,0,1,0,3,0,0,3,0,1,2,1,1,3,1,0,2,0,0,2,0,"[7, 6, 5, 4, 3, 2, 1, 0]","[7, 6, 5, 4, 3, 2, 3, 2, 3]","[7, 6, 5, 4, 3, 2, 1, 0]","[7, 6, 5, 4, 3, 2, 1, 0]","[7, 6, 5, 4, 3, 4, 3, 2, 3]","[7, 6, 5, 4, 3, 2, 1, 0]","[9, 20, 15, 16, 17, 18, 19, 14, 9]","[9, 20, 21, 22, 17, 12, 7, 2, 7, 2]","[9, 20, 21, 16, 11, 6, 7, 8, 9]","[9, 20, 21, 22, 23, 18, 19, 14, 9]","[9, 20, 21, 22, 17, 12, 17, 12, 7, 12]","[9, 20, 21, 22, 23, 24, 19, 14, 9]"
41.44,2,1,0,42,240,7,C6,4,16,0.5322291666666666,6,0,1,2.5325301490227377,1.2,4.0,2.0,1,0,1,1,0,1,0,4,0,0,2,0,1,4,1,1,2,1,0,2,0,0,1,0,"[6, 5, 4, 3, 2, 1, 0]","[6, 5, 4, 5, 4, 5, 4]","[6, 5, 4, 3, 2, 1, 0]","[6, 5, 4, 3, 2, 1, 0]","[6, 5, 4, 3, 2, 3, 2]","[6, 5, 4, 3, 2, 1, 0]","[16, 4, 9, 8, 7, 6, 11, 16]","[16, 4, 3, 8, 3, 8, 3, 8]","[16, 4, 9, 14, 13, 18, 17, 16]","[16, 4, 3, 2, 1, 6, 11, 16]","[16, 4, 9, 14, 13, 12, 13, 12]","[16, 4, 9, 8, 7, 6, 11, 16]"
40.96,2,1,0,42,165,7,C6,23,1,0.3680958333333333,6,0,1,4.125598070472479,0.8,4.0,2.0,1,0,1,1,0,1,0,2,0,0,2,0,1,4,1,1,0,1,1,2,1,1,2,0,"[6, 7, 6, 5, 4, 3, 2, 1, 0]","[6, 5, 6, 5, 4, 3, 2, 3, 2]","[6, 5, 4, 3, 2, 3, 2, 1, 0]","[6, 5, 4, 5, 4, 3, 2, 1, 0]","[6, 5, 4, 5, 4, 3, 2, 1, 2]","[6, 5, 4, 3, 2, 1, 0]","[1, 23, 24, 19, 14, 9, 4, 3, 2, 1]","[1, 23, 18, 23, 18, 13, 8, 3, 8, 3]","[1, 23, 18, 17, 12, 11, 10, 5, 0, 1]","[1, 23, 22, 17, 18, 13, 8, 3, 2, 1]","[1, 23, 18, 13, 14, 9, 8, 7, 6, 5]","[1, 23, 18, 13, 8, 7, 2, 1]"
40.92,2,1,0,42,380,12,C6,19,1,0.8390083333333334,8,1,1,4.810064812352259,1.6,7.0,4.0,0,0,1,1,1,1,2,6,0,0,0,0,1,7,1,1,1,1,2,4,1,1,0,1,"[6, 5, 4, 3, 2, 1, 2, 1, 2]","[6, 7, 6, 7, 6, 7, 6, 7, 6]","[6, 5, 4, 3, 2, 3, 2, 1, 0]","[6, 5, 4, 3, 2, 1, 2, 1, 0]","[6, 5, 4, 3, 2, 1, 0]","[6, 5, 4, 3, 2, 3, 2, 1, 0]","[1, 19, 14, 9, 8, 7, 6, 5, 0, 5]","[1, 19, 24, 19, 24, 19, 24, 19, 24, 19]","[1, 19, 14, 13, 12, 11, 10, 5, 0, 1]","[1, 19, 14, 13, 12, 11, 6, 5, 0, 1]","[1, 19, 14, 13, 8, 3, 2, 1]","[1, 19, 14, 13, 12, 11, 10, 5, 0, 1]"
40.92,2,1,0,321,275,7,C7,1,24,0.611525,9,1,3,-0.1884985675215733,1.6,7.0,4.0,1,0,0,1,1,1,0,6,2,0,0,0,1,7,2,1,1,3,0,4,2,0,0,1,"[7, 6, 5, 4, 3, 2, 1, 0]","[7, 8, 7, 8, 7, 8, 7, 8, 7, 6]","[7, 6, 5, 4, 3, 2, 1, 2, 1, 2]","[7, 6, 5, 4, 3, 2, 1, 0]","[7, 6, 5, 4, 3, 2, 1, 0]","[7, 6, 5, 4, 3, 4, 3, 2, 1, 0]","[24, 1, 2, 3, 4, 9, 14, 19, 24]","[24, 1, 0, 1, 0, 1, 0, 1, 0, 1, 2]","[24, 1, 2, 3, 8, 13, 18, 23, 22, 23, 22]","[24, 1, 6, 11, 16, 21, 22, 23, 24]","[24, 1, 6, 11, 16, 21, 22, 23, 24]","[24, 1, 2, 3, 4, 9, 4, 9, 14, 19, 24]"
38.96,2,0,1,321,290,5,C6,19,1,0.6446229166666667,6,0,1,5.312771240572134,0.8,3.0,2.0,1,0,1,1,0,1,0,3,0,0,1,0,1,3,1,1,0,1,0,2,0,0,1,0,"[6, 5, 4, 3, 2, 1, 0]","[6, 5, 4, 5, 4, 3, 4, 3]","[6, 5, 4, 3, 2, 1, 0]","[6, 5, 4, 3, 2, 1, 0]","[6, 5, 4, 3, 2, 1, 2, 1]","[6, 5, 4, 3, 2, 1, 0]","[1, 19, 18, 13, 8, 7, 2, 1]","[1, 19, 18, 17, 18, 17, 16, 15, 16]","[1, 19, 14, 9, 8, 7, 6, 1]","[1, 19, 18, 13, 8, 7, 2, 1]","[1, 19, 14, 9, 8, 7, 6, 5, 0]","[1, 19, 14, 9, 8, 7, 6, 1]"
38.44,2,0,0,42,410,7,C6,21,3,0.9043958333333332,6,0,1,4.457599307050307,1.2,3.0,2.0,0,0,1,1,1,1,2,4,0,0,0,0,0,3,1,1,1,1,1,2,0,0,0,0,"[6, 5, 4, 5, 4, 3, 2]","[6, 5, 6, 5, 4, 5, 4]","[6, 5, 4, 3, 2, 1, 0]","[6, 5, 4, 3, 2, 1, 0]","[6, 5, 4, 3, 2, 1, 0]","[6, 5, 4, 3, 2, 1, 0]","[3, 21, 22, 23, 24, 19, 14, 9]","[3, 21, 16, 21, 22, 17, 22, 17]","[3, 21, 16, 11, 6, 1, 2, 3]","[3, 21, 22, 23, 18, 13, 8, 3]","[3, 21, 22, 17, 18, 13, 8, 3]","[3, 21, 16, 17, 12, 7, 8, 3]"
37.96,2,0,1,42,100,10,C6,5,23,0.2243895833333333,6,0,1,3.185198323875665,0.8,2.0,2.0,1,0,0,1,1,1,0,3,1,0,0,0,1,2,0,1,1,1,0,2,1,0,0,0,"[6, 5, 4, 3, 2, 1, 0]","[6, 7, 6, 5, 4, 3, 2, 3]","[6, 5, 4, 3, 2, 3, 2, 1]","[6, 5, 4, 3, 2, 1, 0]","[6, 5, 4, 3, 2, 1, 0]","[6, 5, 4, 3, 2, 1, 0]","[23, 5, 10, 15, 20, 21, 22, 23]","[23, 5, 0, 5, 6, 11, 16, 21, 16]","[23, 5, 6, 7, 8, 13, 14, 19, 24]","[23, 5, 10, 15, 20, 21, 22, 23]","[23, 5, 10, 15, 20, 21, 22, 23]","[23, 5, 10, 15, 20, 21, 22, 23]"
37.44,2,1,0,321,140,7,C6,1,19,0.3145166666666666,8,1,1,3.4127430099546903,1.2,5.0,3.0,1,0,0,1,1,1,0,4,2,0,0,0,1,5,1,1,1,1,0,3,2,0,1,1,"[6, 5, 4, 3, 2, 1, 0]","[6, 7, 6, 7, 6, 5, 4, 5, 4]","[6, 5, 4, 3, 2, 1, 2, 1, 2]","[6, 5, 4, 3, 2, 1, 0]","[6, 5, 4, 3, 4, 3, 2, 1, 0]","[6, 5, 4, 3, 4, 3, 2, 1, 0]","[19, 1, 2, 3, 4, 9, 14, 19]","[19, 1, 0, 1, 0, 1, 2, 3, 2, 3]","[19, 1, 6, 7, 8, 13, 18, 23, 24, 23]","[19, 1, 2, 3, 4, 9, 14, 19]","[19, 1, 6, 11, 16, 21, 22, 23, 24, 19]","[19, 1, 6, 11, 16, 21, 22, 23, 24, 19]"
37.44,2,0,0,321,70,8,C6,24,2,0.1581395833333333,6,0,1,5.362922654499609,1.2,2.0,2.0,1,0,1,1,0,1,0,3,0,0,3,0,1,1,1,1,2,1,0,2,0,0,2,0,"[6, 5, 4, 3, 2, 1, 0]","[6, 5, 4, 3, 4, 3, 4, 3]","[6, 5, 4, 3, 2, 1, 0]","[6, 5, 4, 3, 2, 1, 0]","[6, 5, 4, 3, 2, 1, 2, 3]","[6, 5, 4, 3, 2, 1, 0]","[2, 24, 19, 14, 13, 8, 7, 2]","[2, 24, 23, 22, 17, 18, 13, 14, 13]","[2, 24, 19, 14, 9, 4, 3, 2]","[2, 24, 19, 14, 9, 8, 3, 2]","[2, 24, 19, 14, 9, 8, 7, 8, 9]","[2, 24, 19, 14, 9, 8, 7, 2]"
