method,dataset,distance,case_id,success,final_distance,path_length,optimal_steps,detour_steps,progress_ratio,monotonic_step_rate,regress_step_rate,immediate_backtrack_rate,revisit_rate,unique_coverage
GeoExplorer-anchor0624,swissviewmonuments,4,img000_d4_s08_g00_r0,False,6,10,4,6,-0.5,0.4,0.6,0.1111111111111111,0.18181818181818182,0.8181818181818182
GeoExplorer-anchor0624,swissviewmonuments,6,img000_d6_s14_g00_r0,False,2,10,6,4,0.6666666666666666,0.7,0.3,0.4444444444444444,0.36363636363636365,0.6363636363636364
GeoExplorer-anchor0624,swissviewmonuments,8,img000_d8_s24_g00_r0,True,0,8,8,0,1.0,1.0,0.0,0.0,0.0,1.0
GeoExplorer-anchor0624,swissviewmonuments,4,img001_d4_s21_g01_r0,False,6,10,4,6,-0.5,0.4,0.6,0.0,0.0,1.0
GeoExplorer-anchor0624,swissviewmonuments,6,img001_d6_s19_g01_r0,True,0,8,6,2,1.0,0.875,0.125,0.0,0.0,1.0
GeoExplorer-anchor0624,swissviewmonuments,4,img002_d4_s14_g02_r0,False,2,10,4,6,0.5,0.6,0.4,0.3333333333333333,0.36363636363636365,0.6363636363636364
GeoExplorer-anchor0624,swissviewmonuments,6,img002_d6_s20_g02_r0,False,2,10,6,4,0.6666666666666666,0.7,0.3,0.1111111111111111,0.09090909090909091,0.9090909090909091
GeoExplorer-anchor0624,swissviewmonuments,4,img003_d4_s23_g03_r0,False,4,10,4,6,0.0,0.5,0.5,0.1111111111111111,0.18181818181818182,0.8181818181818182
GeoExplorer-anchor0624,swissviewmonuments,6,img003_d6_s21_g03_r0,True,0,8,6,2,1.0,0.875,0.125,0.0,0.0,1.0
GeoExplorer-anchor0624,swissviewmonuments,4,img004_d4_s06_g04_r0,False,4,10,4,6,0.0,0.5,0.5,0.3333333333333333,0.2727272727272727,0.7272727272727273
GeoExplorer-anchor0624,swissviewmonuments,6,img004_d6_s10_g04_r0,False,4,10,6,4,0.3333333333333333,0.6,0.4,0.3333333333333333,0.2727272727272727,0.7272727272727273
GeoExplorer-anchor0624,swissviewmonuments,8,img004_d8_s20_g04_r0,True,0,8,8,0,1.0,1.0,0.0,0.0,0.0,1.0
GeoExplorer-anchor0624,swissviewmonuments,4,img005_d4_s21_g05_r0,False,6,10,4,6,-0.5,0.4,0.6,0.2222222222222222,0.18181818181818182,0.8181818181818182
GeoExplorer-anchor0624,swissviewmonuments,6,img005_d6_s19_g05_r0,True,0,10,6,4,1.0,0.8,0.2,0.2222222222222222,0.18181818181818182,0.8181818181818182
GeoExplorer-anchor0624,swissviewmonuments,4,img006_d4_s20_g06_r0,False,2,10,4,6,0.5,0.6,0.4,0.1111111111111111,0.09090909090909091,0.9090909090909091
GeoExplorer-anchor0624,swissviewmonuments,6,img006_d6_s24_g06_r0,True,0,6,6,0,1.0,1.0,0.0,0.0,0.0,1.0
GeoExplorer-anchor0624,swissviewmonuments,4,img007_d4_s19_g07_r0,False,2,10,4,6,0.5,0.6,0.4,0.1111111111111111,0.09090909090909091,0.9090909090909091
GeoExplorer-anchor0624,swissviewmonuments,4,img008_d4_s24_g08_r0,False,4,10,4,6,0.0,0.5,0.5,0.2222222222222222,0.18181818181818182,0.8181818181818182
GeoExplorer-anchor0624,swissviewmonuments,6,img008_d6_s20_g08_r0,False,2,10,6,4,0.6666666666666666,0.7,0.3,0.2222222222222222,0.2727272727272727,0.7272727272727273
GeoExplorer-anchor0624,swissviewmonuments,4,img009_d4_s23_g09_r0,False,4,10,4,6,0.0,0.5,0.5,0.1111111111111111,0.18181818181818182,0.8181818181818182
GeoExplorer-anchor0624,swissviewmonuments,6,img009_d6_s15_g09_r0,True,0,6,6,0,1.0,1.0,0.0,0.0,0.0,1.0
GeoExplorer-anchor0624,swissviewmonuments,4,img010_d4_s18_g10_r0,False,6,10,4,6,-0.5,0.4,0.6,0.1111111111111111,0.09090909090909091,0.9090909090909091
GeoExplorer-anchor0624,swissviewmonuments,6,img010_d6_s24_g10_r0,False,2,10,6,4,0.6666666666666666,0.7,0.3,0.1111111111111111,0.09090909090909091,0.9090909090909091
GeoExplorer-anchor0624,swissviewmonuments,4,img011_d4_s03_g11_r0,True,0,4,4,0,1.0,1.0,0.0,0.0,0.0,1.0
GeoExplorer-anchor0624,swissviewmonuments,4,img012_d4_s04_g12_r0,False,2,10,4,6,0.5,0.6,0.4,0.2222222222222222,0.18181818181818182,0.8181818181818182
GeoExplorer-anchor0624,swissviewmonuments,4,img013_d4_s01_g13_r0,True,0,4,4,0,1.0,1.0,0.0,0.0,0.0,1.0
GeoExplorer-anchor0624,swissviewmonuments,4,img014_d4_s10_g14_r0,False,2,10,4,6,0.5,0.6,0.4,0.2222222222222222,0.2727272727272727,0.7272727272727273
GeoExplorer-anchor0624,swissviewmonuments,6,img014_d6_s00_g14_r0,False,2,10,6,4,0.6666666666666666,0.7,0.3,0.2222222222222222,0.18181818181818182,0.8181818181818182
GeoExplorer-anchor0624,swissviewmonuments,4,img015_d4_s01_g15_r0,False,2,10,4,6,0.5,0.6,0.4,0.2222222222222222,0.18181818181818182,0.8181818181818182
GeoExplorer-anchor0624,swissviewmonuments,6,img015_d6_s09_g15_r0,False,2,10,6,4,0.6666666666666666,0.7,0.3,0.2222222222222222,0.18181818181818182,0.8181818181818182
GeoExplorer-anchor0624,swissviewmonuments,4,img016_d4_s14_g16_r0,False,4,10,4,6,0.0,0.5,0.5,0.2222222222222222,0.2727272727272727,0.7272727272727273
GeoExplorer-anchor0624,swissviewmonuments,6,img016_d6_s04_g16_r0,False,2,10,6,4,0.6666666666666666,0.7,0.3,0.0,0.0,1.0
GeoExplorer-anchor0624,swissviewmonuments,4,img017_d4_s09_g17_r0,False,4,10,4,6,0.0,0.5,0.5,0.4444444444444444,0.36363636363636365,0.6363636363636364
GeoExplorer-anchor0624,swissviewmonuments,4,img018_d4_s06_g18_r0,False,2,10,4,6,0.5,0.6,0.4,0.2222222222222222,0.18181818181818182,0.8181818181818182
GeoExplorer-anchor0624,swissviewmonuments,6,img018_d6_s00_g18_r0,True,0,6,6,0,1.0,1.0,0.0,0.0,0.0,1.0
GeoExplorer-anchor0624,swissviewmonuments,4,img019_d4_s03_g19_r0,False,4,10,4,6,0.0,0.5,0.5,0.3333333333333333,0.2727272727272727,0.7272727272727273
GeoExplorer-anchor0624,swissviewmonuments,6,img019_d6_s01_g19_r0,True,0,8,6,2,1.0,0.875,0.125,0.0,0.0,1.0
GeoExplorer-anchor0624,swissviewmonuments,4,img020_d4_s18_g20_r0,False,6,10,4,6,-0.5,0.4,0.6,0.1111111111111111,0.18181818181818182,0.8181818181818182
GeoExplorer-anchor0624,swissviewmonuments,6,img020_d6_s02_g20_r0,False,4,10,6,4,0.3333333333333333,0.6,0.4,0.3333333333333333,0.2727272727272727,0.7272727272727273
GeoExplorer-anchor0624,swissviewmonuments,8,img020_d8_s04_g20_r0,True,0,8,8,0,1.0,1.0,0.0,0.0,0.0,1.0
GeoExplorer-anchor0624,swissviewmonuments,4,img021_d4_s13_g21_r0,False,4,10,4,6,0.0,0.5,0.5,0.2222222222222222,0.2727272727272727,0.7272727272727273
GeoExplorer-anchor0624,swissviewmonuments,6,img021_d6_s03_g21_r0,True,0,6,6,0,1.0,1.0,0.0,0.0,0.0,1.0
GeoExplorer-anchor0624,swissviewmonuments,4,img022_d4_s08_g22_r0,False,2,10,4,6,0.5,0.6,0.4,0.4444444444444444,0.36363636363636365,0.6363636363636364
GeoExplorer-anchor0624,swissviewmonuments,6,img022_d6_s00_g22_r0,False,2,10,6,4,0.6666666666666666,0.7,0.3,0.2222222222222222,0.18181818181818182,0.8181818181818182
GeoExplorer-anchor0624,swissviewmonuments,4,img023_d4_s15_g23_r0,False,4,10,4,6,0.0,0.5,0.5,0.2222222222222222,0.18181818181818182,0.8181818181818182
GeoExplorer-anchor0624,swissviewmonuments,6,img023_d6_s01_g23_r0,True,0,6,6,0,1.0,1.0,0.0,0.0,0.0,1.0
GeoExplorer-anchor0624,swissviewmonuments,4,img024_d4_s04_g24_r0,False,4,10,4,6,0.0,0.5,0.5,0.1111111111111111,0.18181818181818182,0.8181818181818182
GeoExplorer-anchor0624,swissviewmonuments,6,img024_d6_s02_g24_r0,False,4,10,6,4,0.3333333333333333,0.6,0.4,0.1111111111111111,0.09090909090909091,0.9090909090909091
GeoExplorer-anchor0624,swissviewmonuments,8,img024_d8_s00_g24_r0,True,0,8,8,0,1.0,1.0,0.0,0.0,0.0,1.0
GeoExplorer-anchor0624,swissviewmonuments,4,img025_d4_s12_g00_r0,False,8,10,4,6,-1.0,0.3,0.7,0.3333333333333333,0.2727272727272727,0.7272727272727273
GeoExplorer-anchor0624,swissviewmonuments,6,img025_d6_s14_g00_r0,True,0,8,6,2,1.0,0.875,0.125,0.14285714285714285,0.1111111111111111,0.8888888888888888
GeoExplorer-anchor0624,swissviewmonuments,8,img025_d8_s24_g00_r0,True,0,10,8,2,1.0,0.9,0.1,0.1111111111111111,0.09090909090909091,0.9090909090909091
GeoExplorer-anchor0624,swissviewmonuments,4,img026_d4_s15_g01_r0,True,0,4,4,0,1.0,1.0,0.0,0.0,0.0,1.0
GeoExplorer-anchor0624,swissviewmonuments,6,img026_d6_s19_g01_r0,False,2,10,6,4,0.6666666666666666,0.7,0.3,0.4444444444444444,0.36363636363636365,0.6363636363636364
GeoExplorer-anchor0624,swissviewmonuments,4,img027_d4_s10_g02_r0,False,2,10,4,6,0.5,0.6,0.4,0.2222222222222222,0.2727272727272727,0.7272727272727273
GeoExplorer-anchor0624,swissviewmonuments,6,img027_d6_s20_g02_r0,False,2,10,6,4,0.6666666666666666,0.7,0.3,0.1111111111111111,0.18181818181818182,0.8181818181818182
GeoExplorer-anchor0624,swissviewmonuments,4,img028_d4_s11_g03_r0,False,4,10,4,6,0.0,0.5,0.5,0.2222222222222222,0.2727272727272727,0.7272727272727273
GeoExplorer-anchor0624,swissviewmonuments,6,img028_d6_s15_g03_r0,True,0,8,6,2,1.0,0.875,0.125,0.0,0.0,1.0
GeoExplorer-anchor0624,swissviewmonuments,4,img029_d4_s24_g04_r0,False,2,10,4,6,0.5,0.6,0.4,0.0,0.0,1.0
GeoExplorer-anchor0624,swissviewmonuments,6,img029_d6_s22_g04_r0,True,0,6,6,0,1.0,1.0,0.0,0.0,0.0,1.0
GeoExplorer-anchor0624,swissviewmonuments,8,img029_d8_s20_g04_r0,True,0,8,8,0,1.0,1.0,0.0,0.0,0.0,1.0
GeoExplorer-anchor0624,swissviewmonuments,4,img030_d4_s17_g05_r0,False,6,10,4,6,-0.5,0.4,0.6,0.3333333333333333,0.2727272727272727,0.7272727272727273
GeoExplorer-anchor0624,swissviewmonuments,6,img030_d6_s19_g05_r0,False,2,10,6,4,0.6666666666666666,0.7,0.3,0.3333333333333333,0.36363636363636365,0.6363636363636364
GeoExplorer-anchor0624,swissviewmonuments,4,img031_d4_s20_g06_r0,False,2,10,4,6,0.5,0.6,0.4,0.2222222222222222,0.18181818181818182,0.8181818181818182
GeoExplorer-anchor0624,swissviewmonuments,6,img031_d6_s24_g06_r0,True,0,10,6,4,1.0,0.8,0.2,0.0,0.0,1.0
GeoExplorer-anchor0624,swissviewmonuments,4,img032_d4_s23_g07_r0,False,2,10,4,6,0.5,0.6,0.4,0.1111111111111111,0.18181818181818182,0.8181818181818182
GeoExplorer-anchor0624,swissviewmonuments,4,img033_d4_s00_g08_r0,False,4,10,4,6,0.0,0.5,0.5,0.1111111111111111,0.09090909090909091,0.9090909090909091
GeoExplorer-anchor0624,swissviewmonuments,6,img033_d6_s20_g08_r0,False,2,10,6,4,0.6666666666666666,0.7,0.3,0.2222222222222222,0.18181818181818182,0.8181818181818182
GeoExplorer-anchor0624,swissviewmonuments,4,img034_d4_s23_g09_r0,False,2,10,4,6,0.5,0.6,0.4,0.6666666666666666,0.5454545454545454,0.45454545454545453
GeoExplorer-anchor0624,swissviewmonuments,6,img034_d6_s15_g09_r0,True,0,8,6,2,1.0,0.875,0.125,0.0,0.0,1.0
GeoExplorer-anchor0624,swissviewmonuments,4,img035_d4_s02_g10_r0,False,6,10,4,6,-0.5,0.4,0.6,0.3333333333333333,0.2727272727272727,0.7272727272727273
GeoExplorer-anchor0624,swissviewmonuments,6,img035_d6_s04_g10_r0,False,2,10,6,4,0.6666666666666666,0.7,0.3,0.1111111111111111,0.09090909090909091,0.9090909090909091
GeoExplorer-anchor0624,swissviewmonuments,4,img036_d4_s19_g11_r0,False,4,10,4,6,0.0,0.5,0.5,0.3333333333333333,0.45454545454545453,0.5454545454545454
GeoExplorer-anchor0624,swissviewmonuments,4,img037_d4_s24_g12_r0,True,0,4,4,0,1.0,1.0,0.0,0.0,0.0,1.0
GeoExplorer-anchor0624,swissviewmonuments,4,img038_d4_s05_g13_r0,False,2,10,4,6,0.5,0.6,0.4,0.2222222222222222,0.18181818181818182,0.8181818181818182
GeoExplorer-anchor0624,swissviewmonuments,4,img039_d4_s06_g14_r0,False,2,10,4,6,0.5,0.6,0.4,0.2222222222222222,0.2727272727272727,0.7272727272727273
GeoExplorer-anchor0624,swissviewmonuments,6,img039_d6_s20_g14_r0,True,0,8,6,2,1.0,0.875,0.125,0.0,0.0,1.0
GeoExplorer-anchor0624,swissviewmonuments,4,img040_d4_s23_g15_r0,False,2,10,4,6,0.5,0.6,0.4,0.2222222222222222,0.18181818181818182,0.8181818181818182
GeoExplorer-anchor0624,swissviewmonuments,6,img040_d6_s09_g15_r0,False,2,10,6,4,0.6666666666666666,0.7,0.3,0.3333333333333333,0.2727272727272727,0.7272727272727273
GeoExplorer-anchor0624,swissviewmonuments,4,img041_d4_s14_g16_r0,True,0,4,4,0,1.0,1.0,0.0,0.0,0.0,1.0
GeoExplorer-anchor0624,swissviewmonuments,6,img041_d6_s04_g16_r0,True,0,6,6,0,1.0,1.0,0.0,0.0,0.0,1.0
GeoExplorer-anchor0624,swissviewmonuments,4,img042_d4_s05_g17_r0,False,2,10,4,6,0.5,0.6,0.4,0.3333333333333333,0.2727272727272727,0.7272727272727273
GeoExplorer-anchor0624,swissviewmonuments,4,img043_d4_s04_g18_r0,True,0,4,4,0,1.0,1.0,0.0,0.0,0.0,1.0
GeoExplorer-anchor0624,swissviewmonuments,6,img043_d6_s00_g18_r0,False,2,10,6,4,0.6666666666666666,0.7,0.3,0.1111111111111111,0.09090909090909091,0.9090909090909091
GeoExplorer-anchor0624,swissviewmonuments,4,img044_d4_s07_g19_r0,True,0,8,4,4,1.0,0.75,0.25,0.2857142857142857,0.2222222222222222,0.7777777777777778
GeoExplorer-anchor0624,swissviewmonuments,6,img044_d6_s01_g19_r0,True,0,8,6,2,1.0,0.875,0.125,0.0,0.0,1.0
GeoExplorer-anchor0624,swissviewmonuments,4,img045_d4_s06_g20_r0,False,4,10,4,6,0.0,0.5,0.5,0.3333333333333333,0.2727272727272727,0.7272727272727273
GeoExplorer-anchor0624,swissviewmonuments,6,img045_d6_s08_g20_r0,False,4,10,6,4,0.3333333333333333,0.6,0.4,0.1111111111111111,0.09090909090909091,0.9090909090909091
GeoExplorer-anchor0624,swissviewmonuments,8,img045_d8_s04_g20_r0,True,0,8,8,0,1.0,1.0,0.0,0.0,0.0,1.0
GeoExplorer-anchor0624,swissviewmonuments,4,img046_d4_s07_g21_r0,False,2,10,4,6,0.5,0.6,0.4,0.2222222222222222,0.2727272727272727,0.7272727272727273
GeoExplorer-anchor0624,swissviewmonuments,6,img046_d6_s09_g21_r0,False,2,10,6,4,0.6666666666666666,0.7,0.3,0.3333333333333333,0.2727272727272727,0.7272727272727273
GeoExplorer-anchor0624,swissviewmonuments,4,img047_d4_s08_g22_r0,True,0,4,4,0,1.0,1.0,0.0,0.0,0.0,1.0
GeoExplorer-anchor0624,swissviewmonuments,6,img047_d6_s00_g22_r0,False,2,10,6,4,0.6666666666666666,0.7,0.3,0.2222222222222222,0.18181818181818182,0.8181818181818182
GeoExplorer-anchor0624,swissviewmonuments,4,img048_d4_s09_g23_r0,False,4,10,4,6,0.0,0.5,0.5,0.2222222222222222,0.18181818181818182,0.8181818181818182
GeoExplorer-anchor0624,swissviewmonuments,6,img048_d6_s01_g23_r0,True,0,6,6,0,1.0,1.0,0.0,0.0,0.0,1.0
GeoExplorer-anchor0624,swissviewmonuments,4,img049_d4_s12_g24_r0,True,0,4,4,0,1.0,1.0,0.0,0.0,0.0,1.0
GeoExplorer-anchor0624,swissviewmonuments,6,img049_d6_s06_g24_r0,True,0,6,6,0,1.0,1.0,0.0,0.0,0.0,1.0
GeoExplorer-anchor0624,swissviewmonuments,8,img049_d8_s00_g24_r0,True,0,8,8,0,1.0,1.0,0.0,0.0,0.0,1.0
GeoExplorer-anchor0624,swissviewmonuments,4,img050_d4_s16_g00_r0,False,8,10,4,6,-1.0,0.3,0.7,0.5555555555555556,0.45454545454545453,0.5454545454545454
GeoExplorer-anchor0624,swissviewmonuments,6,img050_d6_s14_g00_r0,False,8,10,6,4,-0.3333333333333333,0.4,0.6,0.1111111111111111,0.09090909090909091,0.9090909090909091
GeoExplorer-anchor0624,swissviewmonuments,8,img050_d8_s24_g00_r0,True,0,8,8,0,1.0,1.0,0.0,0.0,0.0,1.0
GeoExplorer-anchor0624,swissviewmonuments,4,img051_d4_s17_g01_r0,False,6,10,4,6,-0.5,0.4,0.6,0.4444444444444444,0.5454545454545454,0.45454545454545453
GeoExplorer-anchor0624,swissviewmonuments,6,img051_d6_s19_g01_r0,False,4,10,6,4,0.3333333333333333,0.6,0.4,0.2222222222222222,0.2727272727272727,0.7272727272727273
GeoExplorer-anchor0624,swissviewmonuments,4,img052_d4_s14_g02_r0,False,4,10,4,6,0.0,0.5,0.5,0.1111111111111111,0.18181818181818182,0.8181818181818182
GeoExplorer-anchor0624,swissviewmonuments,6,img052_d6_s24_g02_r0,False,2,10,6,4,0.6666666666666666,0.7,0.3,0.5555555555555556,0.45454545454545453,0.5454545454545454
GeoExplorer-anchor0624,swissviewmonuments,4,img053_d4_s23_g03_r0,False,2,10,4,6,0.5,0.6,0.4,0.1111111111111111,0.18181818181818182,0.8181818181818182
GeoExplorer-anchor0624,swissviewmonuments,6,img053_d6_s15_g03_r0,False,4,10,6,4,0.3333333333333333,0.6,0.4,0.3333333333333333,0.2727272727272727,0.7272727272727273
GeoExplorer-anchor0624,swissviewmonuments,4,img054_d4_s12_g04_r0,False,4,10,4,6,0.0,0.5,0.5,0.3333333333333333,0.36363636363636365,0.6363636363636364
GeoExplorer-anchor0624,swissviewmonuments,6,img054_d6_s10_g04_r0,False,4,10,6,4,0.3333333333333333,0.6,0.4,0.4444444444444444,0.36363636363636365,0.6363636363636364
GeoExplorer-anchor0624,swissviewmonuments,8,img054_d8_s20_g04_r0,False,4,10,8,2,0.5,0.7,0.3,0.4444444444444444,0.36363636363636365,0.6363636363636364
GeoExplorer-anchor0624,swissviewmonuments,4,img055_d4_s21_g05_r0,False,6,10,4,6,-0.5,0.4,0.6,0.6666666666666666,0.5454545454545454,0.45454545454545453
GeoExplorer-anchor0624,swissviewmonuments,6,img055_d6_s19_g05_r0,False,4,10,6,4,0.3333333333333333,0.6,0.4,0.3333333333333333,0.36363636363636365,0.6363636363636364
GeoExplorer-anchor0624,swissviewmonuments,4,img056_d4_s14_g06_r0,False,4,10,4,6,0.0,0.5,0.5,0.3333333333333333,0.2727272727272727,0.7272727272727273
GeoExplorer-anchor0624,swissviewmonuments,6,img056_d6_s24_g06_r0,True,0,6,6,0,1.0,1.0,0.0,0.0,0.0,1.0
GeoExplorer-anchor0624,swissviewmonuments,4,img057_d4_s21_g07_r0,False,2,10,4,6,0.5,0.6,0.4,0.3333333333333333,0.2727272727272727,0.7272727272727273
GeoExplorer-anchor0624,swissviewmonuments,4,img058_d4_s16_g08_r0,True,0,4,4,0,1.0,1.0,0.0,0.0,0.0,1.0
GeoExplorer-anchor0624,swissviewmonuments,6,img058_d6_s20_g08_r0,True,0,6,6,0,1.0,1.0,0.0,0.0,0.0,1.0
GeoExplorer-anchor0624,swissviewmonuments,4,img059_d4_s05_g09_r0,True,0,4,4,0,1.0,1.0,0.0,0.0,0.0,1.0
GeoExplorer-anchor0624,swissviewmonuments,6,img059_d6_s15_g09_r0,True,0,6,6,0,1.0,1.0,0.0,0.0,0.0,1.0
GeoExplorer-anchor0624,swissviewmonuments,4,img060_d4_s08_g10_r0,False,4,10,4,6,0.0,0.5,0.5,0.2222222222222222,0.18181818181818182,0.8181818181818182
GeoExplorer-anchor0624,swissviewmonuments,6,img060_d6_s04_g10_r0,False,4,10,6,4,0.3333333333333333,0.6,0.4,0.1111111111111111,0.09090909090909091,0.9090909090909091
GeoExplorer-anchor0624,swissviewmonuments,4,img061_d4_s09_g11_r0,True,0,4,4,0,1.0,1.0,0.0,0.0,0.0,1.0
GeoExplorer-anchor0624,swissviewmonuments,4,img062_d4_s24_g12_r0,True,0,4,4,0,1.0,1.0,0.0,0.0,0.0,1.0
GeoExplorer-anchor0624,swissviewmonuments,4,img063_d4_s05_g13_r0,True,0,4,4,0,1.0,1.0,0.0,0.0,0.0,1.0
GeoExplorer-anchor0624,swissviewmonuments,4,img064_d4_s22_g14_r0,False,4,10,4,6,0.0,0.5,0.5,0.4444444444444444,0.36363636363636365,0.6363636363636364
GeoExplorer-anchor0624,swissviewmonuments,6,img064_d6_s00_g14_r0,False,2,10,6,4,0.6666666666666666,0.7,0.3,0.1111111111111111,0.09090909090909091,0.9090909090909091
GeoExplorer-anchor0624,swissviewmonuments,4,img065_d4_s19_g15_r0,True,0,8,4,4,1.0,0.75,0.25,0.0,0.0,1.0
GeoExplorer-anchor0624,swissviewmonuments,6,img065_d6_s03_g15_r0,False,4,10,6,4,0.3333333333333333,0.6,0.4,0.2222222222222222,0.18181818181818182,0.8181818181818182
GeoExplorer-anchor0624,swissviewmonuments,4,img066_d4_s02_g16_r0,False,2,10,4,6,0.5,0.6,0.4,0.1111111111111111,0.09090909090909091,0.9090909090909091
GeoExplorer-anchor0624,swissviewmonuments,6,img066_d6_s04_g16_r0,True,0,6,6,0,1.0,1.0,0.0,0.0,0.0,1.0
GeoExplorer-anchor0624,swissviewmonuments,4,img067_d4_s03_g17_r0,False,2,10,4,6,0.5,0.6,0.4,0.2222222222222222,0.18181818181818182,0.8181818181818182
GeoExplorer-anchor0624,swissviewmonuments,4,img068_d4_s04_g18_r0,False,4,10,4,6,0.0,0.5,0.5,0.2222222222222222,0.18181818181818182,0.8181818181818182
GeoExplorer-anchor0624,swissviewmonuments,6,img068_d6_s00_g18_r0,True,0,6,6,0,1.0,1.0,0.0,0.0,0.0,1.0
GeoExplorer-anchor0624,swissviewmonuments,4,img069_d4_s21_g19_r0,False,4,10,4,6,0.0,0.5,0.5,0.2222222222222222,0.18181818181818182,0.8181818181818182
GeoExplorer-anchor0624,swissviewmonuments,6,img069_d6_s01_g19_r0,True,0,10,6,4,1.0,0.8,0.2,0.2222222222222222,0.18181818181818182,0.8181818181818182
GeoExplorer-anchor0624,swissviewmonuments,4,img070_d4_s12_g20_r0,True,0,4,4,0,1.0,1.0,0.0,0.0,0.0,1.0
GeoExplorer-anchor0624,swissviewmonuments,6,img070_d6_s08_g20_r0,True,0,6,6,0,1.0,1.0,0.0,0.0,0.0,1.0
GeoExplorer-anchor0624,swissviewmonuments,8,img070_d8_s04_g20_r0,True,0,8,8,0,1.0,1.0,0.0,0.0,0.0,1.0
GeoExplorer-anchor0624,swissviewmonuments,4,img071_d4_s05_g21_r0,False,2,10,4,6,0.5,0.6,0.4,0.1111111111111111,0.18181818181818182,0.8181818181818182
GeoExplorer-anchor0624,swissviewmonuments,6,img071_d6_s03_g21_r0,True,0,6,6,0,1.0,1.0,0.0,0.0,0.0,1.0
GeoExplorer-anchor0624,swissviewmonuments,4,img072_d4_s14_g22_r0,False,2,10,4,6,0.5,0.6,0.4,0.4444444444444444,0.36363636363636365,0.6363636363636364
GeoExplorer-anchor0624,swissviewmonuments,6,img072_d6_s00_g22_r0,True,0,6,6,0,1.0,1.0,0.0,0.0,0.0,1.0
GeoExplorer-anchor0624,swissviewmonuments,4,img073_d4_s03_g23_r0,False,2,10,4,6,0.5,0.6,0.4,0.1111111111111111,0.18181818181818182,0.8181818181818182
GeoExplorer-anchor0624,swissviewmonuments,6,img073_d6_s05_g23_r0,True,0,6,6,0,1.0,1.0,0.0,0.0,0.0,1.0
GeoExplorer-anchor0624,swissviewmonuments,4,img074_d4_s08_g24_r0,True,0,8,4,4,1.0,0.75,0.25,0.0,0.0,1.0
GeoExplorer-anchor0624,swissviewmonuments,6,img074_d6_s10_g24_r0,True,0,6,6,0,1.0,1.0,0.0,0.0,0.0,1.0
GeoExplorer-anchor0624,swissviewmonuments,8,img074_d8_s00_g24_r0,True,0,8,8,0,1.0,1.0,0.0,0.0,0.0,1.0
GeoExplorer-anchor0624,swissviewmonuments,4,img075_d4_s12_g00_r0,False,8,10,4,6,-1.0,0.3,0.7,0.2222222222222222,0.2727272727272727,0.7272727272727273
GeoExplorer-anchor0624,swissviewmonuments,6,img075_d6_s22_g00_r0,False,2,10,6,4,0.6666666666666666,0.7,0.3,0.1111111111111111,0.09090909090909091,0.9090909090909091
GeoExplorer-anchor0624,swissviewmonuments,8,img075_d8_s24_g00_r0,False,2,10,8,2,0.75,0.8,0.2,0.3333333333333333,0.2727272727272727,0.7272727272727273
GeoExplorer-anchor0624,swissviewmonuments,4,img076_d4_s09_g01_r0,False,4,10,4,6,0.0,0.5,0.5,0.3333333333333333,0.2727272727272727,0.7272727272727273
GeoExplorer-anchor0624,swissviewmonuments,6,img076_d6_s23_g01_r0,True,0,6,6,0,1.0,1.0,0.0,0.0,0.0,1.0
GeoExplorer-anchor0624,swissviewmonuments,4,img077_d4_s22_g02_r0,False,2,10,4,6,0.5,0.6,0.4,0.3333333333333333,0.36363636363636365,0.6363636363636364
GeoExplorer-anchor0624,swissviewmonuments,6,img077_d6_s24_g02_r0,True,0,10,6,4,1.0,0.8,0.2,0.1111111111111111,0.09090909090909091,0.9090909090909091
GeoExplorer-anchor0624,swissviewmonuments,4,img078_d4_s19_g03_r0,False,2,10,4,6,0.5,0.6,0.4,0.3333333333333333,0.2727272727272727,0.7272727272727273
GeoExplorer-anchor0624,swissviewmonuments,6,img078_d6_s15_g03_r0,True,0,6,6,0,1.0,1.0,0.0,0.0,0.0,1.0
GeoExplorer-anchor0624,swissviewmonuments,4,img079_d4_s06_g04_r0,False,4,10,4,6,0.0,0.5,0.5,0.3333333333333333,0.2727272727272727,0.7272727272727273
GeoExplorer-anchor0624,swissviewmonuments,6,img079_d6_s16_g04_r0,False,4,10,6,4,0.3333333333333333,0.6,0.4,0.2222222222222222,0.36363636363636365,0.6363636363636364
GeoExplorer-anchor0624,swissviewmonuments,8,img079_d8_s20_g04_r0,True,0,8,8,0,1.0,1.0,0.0,0.0,0.0,1.0
GeoExplorer-anchor0624,swissviewmonuments,4,img080_d4_s03_g05_r0,False,4,10,4,6,0.0,0.5,0.5,0.3333333333333333,0.2727272727272727,0.7272727272727273
GeoExplorer-anchor0624,swissviewmonuments,6,img080_d6_s23_g05_r0,True,0,8,6,2,1.0,0.875,0.125,0.0,0.0,1.0
GeoExplorer-anchor0624,swissviewmonuments,4,img081_d4_s04_g06_r0,False,4,10,4,6,0.0,0.5,0.5,0.1111111111111111,0.09090909090909091,0.9090909090909091
GeoExplorer-anchor0624,swissviewmonuments,6,img081_d6_s24_g06_r0,True,0,6,6,0,1.0,1.0,0.0,0.0,0.0,1.0
GeoExplorer-anchor0624,swissviewmonuments,4,img082_d4_s15_g07_r0,False,4,10,4,6,0.0,0.5,0.5,0.0,0.0,1.0
GeoExplorer-anchor0624,swissviewmonuments,4,img083_d4_s16_g08_r0,False,2,10,4,6,0.5,0.6,0.4,0.3333333333333333,0.2727272727272727,0.7272727272727273
GeoExplorer-anchor0624,swissviewmonuments,6,img083_d6_s20_g08_r0,True,0,6,6,0,1.0,1.0,0.0,0.0,0.0,1.0
GeoExplorer-anchor0624,swissviewmonuments,4,img084_d4_s17_g09_r0,True,0,6,4,2,1.0,0.8333333333333334,0.16666666666666666,0.0,0.0,1.0
GeoExplorer-anchor0624,swissviewmonuments,6,img084_d6_s15_g09_r0,True,0,6,6,0,1.0,1.0,0.0,0.0,0.0,1.0
GeoExplorer-anchor0624,swissviewmonuments,4,img085_d4_s08_g10_r0,False,2,10,4,6,0.5,0.6,0.4,0.3333333333333333,0.2727272727272727,0.7272727272727273
GeoExplorer-anchor0624,swissviewmonuments,6,img085_d6_s04_g10_r0,False,2,10,6,4,0.6666666666666666,0.7,0.3,0.1111111111111111,0.09090909090909091,0.9090909090909091
GeoExplorer-anchor0624,swissviewmonuments,4,img086_d4_s09_g11_r0,True,0,4,4,0,1.0,1.0,0.0,0.0,0.0,1.0
GeoExplorer-anchor0624,swissviewmonuments,4,img087_d4_s24_g12_r0,True,0,4,4,0,1.0,1.0,0.0,0.0,0.0,1.0
GeoExplorer-anchor0624,swissviewmonuments,4,img088_d4_s05_g13_r0,True,0,4,4,0,1.0,1.0,0.0,0.0,0.0,1.0
GeoExplorer-anchor0624,swissviewmonuments,4,img089_d4_s16_g14_r0,False,2,10,4,6,0.5,0.6,0.4,0.5555555555555556,0.45454545454545453,0.5454545454545454
GeoExplorer-anchor0624,swissviewmonuments,6,img089_d6_s20_g14_r0,False,2,10,6,4,0.6666666666666666,0.7,0.3,0.2222222222222222,0.18181818181818182,0.8181818181818182
GeoExplorer-anchor0624,swissviewmonuments,4,img090_d4_s19_g15_r0,False,4,10,4,6,0.0,0.5,0.5,0.1111111111111111,0.18181818181818182,0.8181818181818182
GeoExplorer-anchor0624,swissviewmonuments,6,img090_d6_s09_g15_r0,True,0,10,6,4,1.0,0.8,0.2,0.1111111111111111,0.09090909090909091,0.9090909090909091
GeoExplorer-anchor0624,swissviewmonuments,4,img091_d4_s14_g16_r0,True,0,4,4,0,1.0,1.0,0.0,0.0,0.0,1.0
GeoExplorer-anchor0624,swissviewmonuments,6,img091_d6_s04_g16_r0,True,0,6,6,0,1.0,1.0,0.0,0.0,0.0,1.0
GeoExplorer-anchor0624,swissviewmonuments,4,img092_d4_s09_g17_r0,False,2,10,4,6,0.5,0.6,0.4,0.2222222222222222,0.18181818181818182,0.8181818181818182
GeoExplorer-anchor0624,swissviewmonuments,4,img093_d4_s20_g18_r0,False,4,10,4,6,0.0,0.5,0.5,0.2222222222222222,0.18181818181818182,0.8181818181818182
GeoExplorer-anchor0624,swissviewmonuments,6,img093_d6_s00_g18_r0,True,0,6,6,0,1.0,1.0,0.0,0.0,0.0,1.0
GeoExplorer-anchor0624,swissviewmonuments,4,img094_d4_s03_g19_r0,False,2,10,4,6,0.5,0.6,0.4,0.1111111111111111,0.09090909090909091,0.9090909090909091
GeoExplorer-anchor0624,swissviewmonuments,6,img094_d6_s01_g19_r0,True,0,8,6,2,1.0,0.875,0.125,0.0,0.0,1.0
GeoExplorer-anchor0624,swissviewmonuments,4,img095_d4_s24_g20_r0,False,4,10,4,6,0.0,0.5,0.5,0.2222222222222222,0.18181818181818182,0.8181818181818182
GeoExplorer-anchor0624,swissviewmonuments,6,img095_d6_s14_g20_r0,False,4,10,6,4,0.3333333333333333,0.6,0.4,0.3333333333333333,0.2727272727272727,0.7272727272727273
GeoExplorer-anchor0624,swissviewmonuments,8,img095_d8_s04_g20_r0,True,0,8,8,0,1.0,1.0,0.0,0.0,0.0,1.0
GeoExplorer-anchor0624,swissviewmonuments,4,img096_d4_s19_g21_r0,False,4,10,4,6,0.0,0.5,0.5,0.1111111111111111,0.18181818181818182,0.8181818181818182
GeoExplorer-anchor0624,swissviewmonuments,6,img096_d6_s09_g21_r0,True,0,6,6,0,1.0,1.0,0.0,0.0,0.0,1.0
GeoExplorer-anchor0624,swissviewmonuments,4,img097_d4_s06_g22_r0,True,0,4,4,0,1.0,1.0,0.0,0.0,0.0,1.0
GeoExplorer-anchor0624,swissviewmonuments,6,img097_d6_s04_g22_r0,True,0,10,6,4,1.0,0.8,0.2,0.0,0.0,1.0
GeoExplorer-anchor0624,swissviewmonuments,4,img098_d4_s09_g23_r0,False,4,10,4,6,0.0,0.5,0.5,0.1111111111111111,0.18181818181818182,0.8181818181818182
GeoExplorer-anchor0624,swissviewmonuments,6,img098_d6_s01_g23_r0,True,0,6,6,0,1.0,1.0,0.0,0.0,0.0,1.0
GeoExplorer-anchor0624,swissviewmonuments,4,img099_d4_s20_g24_r0,False,4,10,4,6,0.0,0.5,0.5,0.1111111111111111,0.09090909090909091,0.9090909090909091
GeoExplorer-anchor0624,swissviewmonuments,6,img099_d6_s02_g24_r0,True,0,6,6,0,1.0,1.0,0.0,0.0,0.0,1.0
GeoExplorer-anchor0624,swissviewmonuments,8,img099_d8_s00_g24_r0,True,0,10,8,2,1.0,0.9,0.1,0.1111111111111111,0.09090909090909091,0.9090909090909091
GeoExplorer-anchor0624,swissviewmonuments,4,img100_d4_s16_g00_r0,False,4,10,4,6,0.0,0.5,0.5,0.2222222222222222,0.2727272727272727,0.7272727272727273
GeoExplorer-anchor0624,swissviewmonuments,6,img100_d6_s14_g00_r0,True,0,6,6,0,1.0,1.0,0.0,0.0,0.0,1.0
GeoExplorer-anchor0624,swissviewmonuments,8,img100_d8_s24_g00_r0,True,0,8,8,0,1.0,1.0,0.0,0.0,0.0,1.0
GeoExplorer-anchor0624,swissviewmonuments,4,img101_d4_s15_g01_r0,False,6,10,4,6,-0.5,0.4,0.6,0.4444444444444444,0.36363636363636365,0.6363636363636364
GeoExplorer-anchor0624,swissviewmonuments,6,img101_d6_s19_g01_r0,False,2,10,6,4,0.6666666666666666,0.7,0.3,0.3333333333333333,0.2727272727272727,0.7272727272727273
GeoExplorer-anchor0624,swissviewmonuments,4,img102_d4_s18_g02_r0,True,0,4,4,0,1.0,1.0,0.0,0.0,0.0,1.0
GeoExplorer-anchor0624,swissviewmonuments,6,img102_d6_s24_g02_r0,False,2,10,6,4,0.6666666666666666,0.7,0.3,0.1111111111111111,0.09090909090909091,0.9090909090909091
GeoExplorer-anchor0624,swissviewmonuments,4,img103_d4_s05_g03_r0,False,4,10,4,6,0.0,0.5,0.5,0.2222222222222222,0.18181818181818182,0.8181818181818182
GeoExplorer-anchor0624,swissviewmonuments,6,img103_d6_s21_g03_r0,True,0,6,6,0,1.0,1.0,0.0,0.0,0.0,1.0
GeoExplorer-anchor0624,swissviewmonuments,4,img104_d4_s24_g04_r0,False,4,10,4,6,0.0,0.5,0.5,0.1111111111111111,0.09090909090909091,0.9090909090909091
GeoExplorer-anchor0624,swissviewmonuments,6,img104_d6_s22_g04_r0,False,6,10,6,4,0.0,0.5,0.5,0.0,0.0,1.0
GeoExplorer-anchor0624,swissviewmonuments,8,img104_d8_s20_g04_r0,True,0,8,8,0,1.0,1.0,0.0,0.0,0.0,1.0
GeoExplorer-anchor0624,swissviewmonuments,4,img105_d4_s17_g05_r0,False,2,10,4,6,0.5,0.6,0.4,0.2222222222222222,0.18181818181818182,0.8181818181818182
GeoExplorer-anchor0624,swissviewmonuments,6,img105_d6_s19_g05_r0,True,0,10,6,4,1.0,0.8,0.2,0.2222222222222222,0.18181818181818182,0.8181818181818182
GeoExplorer-anchor0624,swissviewmonuments,4,img106_d4_s14_g06_r0,True,0,4,4,0,1.0,1.0,0.0,0.0,0.0,1.0
GeoExplorer-anchor0624,swissviewmonuments,6,img106_d6_s24_g06_r0,True,0,6,6,0,1.0,1.0,0.0,0.0,0.0,1.0
GeoExplorer-anchor0624,swissviewmonuments,4,img107_d4_s23_g07_r0,False,2,10,4,6,0.5,0.6,0.4,0.2222222222222222,0.18181818181818182,0.8181818181818182
GeoExplorer-anchor0624,swissviewmonuments,4,img108_d4_s00_g08_r0,False,4,10,4,6,0.0,0.5,0.5,0.1111111111111111,0.09090909090909091,0.9090909090909091
GeoExplorer-anchor0624,swissviewmonuments,6,img108_d6_s20_g08_r0,True,0,6,6,0,1.0,1.0,0.0,0.0,0.0,1.0
GeoExplorer-anchor0624,swissviewmonuments,4,img109_d4_s01_g09_r0,False,2,10,4,6,0.5,0.6,0.4,0.0,0.0,1.0
GeoExplorer-anchor0624,swissviewmonuments,6,img109_d6_s21_g09_r0,True,0,8,6,2,1.0,0.875,0.125,0.0,0.0,1.0
GeoExplorer-anchor0624,swissviewmonuments,4,img110_d4_s18_g10_r0,False,2,10,4,6,0.5,0.6,0.4,0.3333333333333333,0.2727272727272727,0.7272727272727273
GeoExplorer-anchor0624,swissviewmonuments,6,img110_d6_s24_g10_r0,False,2,10,6,4,0.6666666666666666,0.7,0.3,0.2222222222222222,0.18181818181818182,0.8181818181818182
GeoExplorer-anchor0624,swissviewmonuments,4,img111_d4_s09_g11_r0,True,0,4,4,0,1.0,1.0,0.0,0.0,0.0,1.0
GeoExplorer-anchor0624,swissviewmonuments,4,img112_d4_s20_g12_r0,False,4,10,4,6,0.0,0.5,0.5,0.2222222222222222,0.18181818181818182,0.8181818181818182
GeoExplorer-anchor0624,swissviewmonuments,4,img113_d4_s21_g13_r0,True,0,8,4,4,1.0,0.75,0.25,0.2857142857142857,0.2222222222222222,0.7777777777777778
GeoExplorer-anchor0624,swissviewmonuments,4,img114_d4_s16_g14_r0,True,0,4,4,0,1.0,1.0,0.0,0.0,0.0,1.0
GeoExplorer-anchor0624,swissviewmonuments,6,img114_d6_s20_g14_r0,True,0,10,6,4,1.0,0.8,0.2,0.1111111111111111,0.09090909090909091,0.9090909090909091
GeoExplorer-anchor0624,swissviewmonuments,4,img115_d4_s23_g15_r0,False,2,10,4,6,0.5,0.6,0.4,0.0,0.09090909090909091,0.9090909090909091
GeoExplorer-anchor0624,swissviewmonuments,6,img115_d6_s09_g15_r0,False,2,10,6,4,0.6666666666666666,0.7,0.3,0.2222222222222222,0.2727272727272727,0.7272727272727273
GeoExplorer-anchor0624,swissviewmonuments,4,img116_d4_s02_g16_r0,True,0,4,4,0,1.0,1.0,0.0,0.0,0.0,1.0
GeoExplorer-anchor0624,swissviewmonuments,6,img116_d6_s04_g16_r0,True,0,6,6,0,1.0,1.0,0.0,0.0,0.0,1.0
GeoExplorer-anchor0624,swissviewmonuments,4,img117_d4_s03_g17_r0,False,2,10,4,6,0.5,0.6,0.4,0.2222222222222222,0.2727272727272727,0.7272727272727273
GeoExplorer-anchor0624,swissviewmonuments,4,img118_d4_s02_g18_r0,True,0,4,4,0,1.0,1.0,0.0,0.0,0.0,1.0
GeoExplorer-anchor0624,swissviewmonuments,6,img118_d6_s00_g18_r0,True,0,6,6,0,1.0,1.0,0.0,0.0,0.0,1.0
GeoExplorer-anchor0624,swissviewmonuments,4,img119_d4_s21_g19_r0,False,4,10,4,6,0.0,0.5,0.5,0.2222222222222222,0.18181818181818182,0.8181818181818182
GeoExplorer-anchor0624,swissviewmonuments,6,img119_d6_s01_g19_r0,True,0,8,6,2,1.0,0.875,0.125,0.0,0.0,1.0
GeoExplorer-anchor0624,swissviewmonuments,4,img120_d4_s12_g20_r0,False,4,10,4,6,0.0,0.5,0.5,0.4444444444444444,0.36363636363636365,0.6363636363636364
GeoExplorer-anchor0624,swissviewmonuments,6,img120_d6_s14_g20_r0,True,0,6,6,0,1.0,1.0,0.0,0.0,0.0,1.0
GeoExplorer-anchor0624,swissviewmonuments,8,img120_d8_s04_g20_r0,True,0,8,8,0,1.0,1.0,0.0,0.0,0.0,1.0
GeoExplorer-anchor0624,swissviewmonuments,4,img121_d4_s01_g21_r0,False,2,10,4,6,0.5,0.6,0.4,0.1111111111111111,0.18181818181818182,0.8181818181818182
GeoExplorer-anchor0624,swissviewmonuments,6,img121_d6_s09_g21_r0,True,0,6,6,0,1.0,1.0,0.0,0.0,0.0,1.0
GeoExplorer-anchor0624,swissviewmonuments,4,img122_d4_s10_g22_r0,False,2,10,4,6,0.5,0.6,0.4,0.3333333333333333,0.2727272727272727,0.7272727272727273
GeoExplorer-anchor0624,swissviewmonuments,6,img122_d6_s00_g22_r0,False,2,10,6,4,0.6666666666666666,0.7,0.3,0.1111111111111111,0.09090909090909091,0.9090909090909091
GeoExplorer-anchor0624,swissviewmonuments,4,img123_d4_s07_g23_r0,True,0,4,4,0,1.0,1.0,0.0,0.0,0.0,1.0
GeoExplorer-anchor0624,swissviewmonuments,6,img123_d6_s05_g23_r0,True,0,6,6,0,1.0,1.0,0.0,0.0,0.0,1.0
GeoExplorer-anchor0624,swissviewmonuments,4,img124_d4_s16_g24_r0,False,4,10,4,6,0.0,0.5,0.5,0.3333333333333333,0.2727272727272727,0.7272727272727273
GeoExplorer-anchor0624,swissviewmonuments,6,img124_d6_s06_g24_r0,True,0,6,6,0,1.0,1.0,0.0,0.0,0.0,1.0
GeoExplorer-anchor0624,swissviewmonuments,8,img124_d8_s00_g24_r0,True,0,8,8,0,1.0,1.0,0.0,0.0,0.0,1.0
GeoExplorer-anchor0624,swissviewmonuments,4,img125_d4_s08_g00_r0,False,4,10,4,6,0.0,0.5,0.5,0.2222222222222222,0.2727272727272727,0.7272727272727273
GeoExplorer-anchor0624,swissviewmonuments,6,img125_d6_s18_g00_r0,True,0,6,6,0,1.0,1.0,0.0,0.0,0.0,1.0
GeoExplorer-anchor0624,swissviewmonuments,8,img125_d8_s24_g00_r0,True,0,8,8,0,1.0,1.0,0.0,0.0,0.0,1.0
GeoExplorer-anchor0624,swissviewmonuments,4,img126_d4_s13_g01_r0,False,2,10,4,6,0.5,0.6,0.4,0.4444444444444444,0.45454545454545453,0.5454545454545454
GeoExplorer-anchor0624,swissviewmonuments,6,img126_d6_s19_g01_r0,False,2,10,6,4,0.6666666666666666,0.7,0.3,0.3333333333333333,0.2727272727272727,0.7272727272727273
GeoExplorer-anchor0624,swissviewmonuments,4,img127_d4_s14_g02_r0,False,6,10,4,6,-0.5,0.4,0.6,0.3333333333333333,0.2727272727272727,0.7272727272727273
GeoExplorer-anchor0624,swissviewmonuments,6,img127_d6_s24_g02_r0,False,2,10,6,4,0.6666666666666666,0.7,0.3,0.1111111111111111,0.09090909090909091,0.9090909090909091
GeoExplorer-anchor0624,swissviewmonuments,4,img128_d4_s23_g03_r0,False,4,10,4,6,0.0,0.5,0.5,0.3333333333333333,0.2727272727272727,0.7272727272727273
GeoExplorer-anchor0624,swissviewmonuments,6,img128_d6_s21_g03_r0,False,2,10,6,4,0.6666666666666666,0.7,0.3,0.3333333333333333,0.2727272727272727,0.7272727272727273
GeoExplorer-anchor0624,swissviewmonuments,4,img129_d4_s00_g04_r0,False,4,10,4,6,0.0,0.5,0.5,0.1111111111111111,0.09090909090909091,0.9090909090909091
GeoExplorer-anchor0624,swissviewmonuments,6,img129_d6_s22_g04_r0,True,0,6,6,0,1.0,1.0,0.0,0.0,0.0,1.0
GeoExplorer-anchor0624,swissviewmonuments,8,img129_d8_s20_g04_r0,True,0,10,8,2,1.0,0.9,0.1,0.2222222222222222,0.18181818181818182,0.8181818181818182
GeoExplorer-anchor0624,swissviewmonuments,4,img130_d4_s03_g05_r0,False,2,10,4,6,0.5,0.6,0.4,0.1111111111111111,0.18181818181818182,0.8181818181818182
GeoExplorer-anchor0624,swissviewmonuments,6,img130_d6_s19_g05_r0,True,0,8,6,2,1.0,0.875,0.125,0.0,0.0,1.0
GeoExplorer-anchor0624,swissviewmonuments,4,img131_d4_s04_g06_r0,False,4,10,4,6,0.0,0.5,0.5,0.1111111111111111,0.09090909090909091,0.9090909090909091
GeoExplorer-anchor0624,swissviewmonuments,6,img131_d6_s24_g06_r0,True,0,6,6,0,1.0,1.0,0.0,0.0,0.0,1.0
GeoExplorer-anchor0624,swissviewmonuments,4,img132_d4_s23_g07_r0,False,2,10,4,6,0.5,0.6,0.4,0.1111111111111111,0.18181818181818182,0.8181818181818182
GeoExplorer-anchor0624,swissviewmonuments,4,img133_d4_s24_g08_r0,False,4,10,4,6,0.0,0.5,0.5,0.1111111111111111,0.09090909090909091,0.9090909090909091
GeoExplorer-anchor0624,swissviewmonuments,6,img133_d6_s20_g08_r0,True,0,6,6,0,1.0,1.0,0.0,0.0,0.0,1.0
GeoExplorer-anchor0624,swissviewmonuments,4,img134_d4_s23_g09_r0,False,4,10,4,6,0.0,0.5,0.5,0.2222222222222222,0.18181818181818182,0.8181818181818182
GeoExplorer-anchor0624,swissviewmonuments,6,img134_d6_s21_g09_r0,True,0,6,6,0,1.0,1.0,0.0,0.0,0.0,1.0
GeoExplorer-anchor0624,swissviewmonuments,4,img135_d4_s22_g10_r0,False,2,10,4,6,0.5,0.6,0.4,0.2222222222222222,0.36363636363636365,0.6363636363636364
GeoExplorer-anchor0624,swissviewmonuments,6,img135_d6_s24_g10_r0,False,2,10,6,4,0.6666666666666666,0.7,0.3,0.1111111111111111,0.09090909090909091,0.9090909090909091
GeoExplorer-anchor0624,swissviewmonuments,4,img136_d4_s23_g11_r0,False,4,10,4,6,0.0,0.5,0.5,0.1111111111111111,0.09090909090909091,0.9090909090909091
GeoExplorer-anchor0624,swissviewmonuments,4,img137_d4_s24_g12_r0,False,4,10,4,6,0.0,0.5,0.5,0.2222222222222222,0.18181818181818182,0.8181818181818182
GeoExplorer-anchor0624,swissviewmonuments,4,img138_d4_s01_g13_r0,False,2,10,4,6,0.5,0.6,0.4,0.2222222222222222,0.18181818181818182,0.8181818181818182
GeoExplorer-anchor0624,swissviewmonuments,4,img139_d4_s02_g14_r0,False,2,10,4,6,0.5,0.6,0.4,0.2222222222222222,0.2727272727272727,0.7272727272727273
GeoExplorer-anchor0624,swissviewmonuments,6,img139_d6_s20_g14_r0,False,2,10,6,4,0.6666666666666666,0.7,0.3,0.2222222222222222,0.18181818181818182,0.8181818181818182
GeoExplorer-anchor0624,swissviewmonuments,4,img140_d4_s01_g15_r0,False,4,10,4,6,0.0,0.5,0.5,0.1111111111111111,0.18181818181818182,0.8181818181818182
GeoExplorer-anchor0624,swissviewmonuments,6,img140_d6_s09_g15_r0,True,0,6,6,0,1.0,1.0,0.0,0.0,0.0,1.0
GeoExplorer-anchor0624,swissviewmonuments,4,img141_d4_s14_g16_r0,True,0,4,4,0,1.0,1.0,0.0,0.0,0.0,1.0
GeoExplorer-anchor0624,swissviewmonuments,6,img141_d6_s04_g16_r0,True,0,6,6,0,1.0,1.0,0.0,0.0,0.0,1.0
GeoExplorer-anchor0624,swissviewmonuments,4,img142_d4_s03_g17_r0,True,0,4,4,0,1.0,1.0,0.0,0.0,0.0,1.0
GeoExplorer-anchor0624,swissviewmonuments,4,img143_d4_s10_g18_r0,True,0,4,4,0,1.0,1.0,0.0,0.0,0.0,1.0
GeoExplorer-anchor0624,swissviewmonuments,6,img143_d6_s00_g18_r0,True,0,6,6,0,1.0,1.0,0.0,0.0,0.0,1.0
GeoExplorer-anchor0624,swissviewmonuments,4,img144_d4_s21_g19_r0,False,2,10,4,6,0.5,0.6,0.4,0.3333333333333333,0.2727272727272727,0.7272727272727273
GeoExplorer-anchor0624,swissviewmonuments,6,img144_d6_s05_g19_r0,True,0,8,6,2,1.0,0.875,0.125,0.0,0.0,1.0
GeoExplorer-anchor0624,swissviewmonuments,4,img145_d4_s24_g20_r0,False,4,10,4,6,0.0,0.5,0.5,0.2222222222222222,0.18181818181818182,0.8181818181818182
GeoExplorer-anchor0624,swissviewmonuments,6,img145_d6_s08_g20_r0,False,4,10,6,4,0.3333333333333333,0.6,0.4,0.2222222222222222,0.18181818181818182,0.8181818181818182
GeoExplorer-anchor0624,swissviewmonuments,8,img145_d8_s04_g20_r0,True,0,8,8,0,1.0,1.0,0.0,0.0,0.0,1.0
GeoExplorer-anchor0624,swissviewmonuments,4,img146_d4_s13_g21_r0,False,2,10,4,6,0.5,0.6,0.4,0.2222222222222222,0.2727272727272727,0.7272727272727273
GeoExplorer-anchor0624,swissviewmonuments,6,img146_d6_s03_g21_r0,True,0,6,6,0,1.0,1.0,0.0,0.0,0.0,1.0
GeoExplorer-anchor0624,swissviewmonuments,4,img147_d4_s14_g22_r0,False,2,10,4,6,0.5,0.6,0.4,0.3333333333333333,0.2727272727272727,0.7272727272727273
GeoExplorer-anchor0624,swissviewmonuments,6,img147_d6_s00_g22_r0,True,0,6,6,0,1.0,1.0,0.0,0.0,0.0,1.0
GeoExplorer-anchor0624,swissviewmonuments,4,img148_d4_s07_g23_r0,True,0,4,4,0,1.0,1.0,0.0,0.0,0.0,1.0
GeoExplorer-anchor0624,swissviewmonuments,6,img148_d6_s05_g23_r0,True,0,6,6,0,1.0,1.0,0.0,0.0,0.0,1.0
GeoExplorer-anchor0624,swissviewmonuments,4,img149_d4_s12_g24_r0,True,0,8,4,4,1.0,0.75,0.25,0.0,0.0,1.0
GeoExplorer-anchor0624,swissviewmonuments,6,img149_d6_s06_g24_r0,True,0,6,6,0,1.0,1.0,0.0,0.0,0.0,1.0
GeoExplorer-anchor0624,swissviewmonuments,8,img149_d8_s00_g24_r0,True,0,8,8,0,1.0,1.0,0.0,0.0,0.0,1.0
GeoExplorer-anchor0624,swissviewmonuments,4,img150_d4_s08_g00_r0,False,8,10,4,6,-1.0,0.3,0.7,0.1111111111111111,0.18181818181818182,0.8181818181818182
GeoExplorer-anchor0624,swissviewmonuments,6,img150_d6_s14_g00_r0,False,4,10,6,4,0.3333333333333333,0.6,0.4,0.3333333333333333,0.36363636363636365,0.6363636363636364
GeoExplorer-anchor0624,swissviewmonuments,8,img150_d8_s24_g00_r0,False,2,10,8,2,0.75,0.8,0.2,0.3333333333333333,0.2727272727272727,0.7272727272727273
GeoExplorer-anchor0624,swissviewmonuments,4,img151_d4_s15_g01_r0,False,4,10,4,6,0.0,0.5,0.5,0.3333333333333333,0.2727272727272727,0.7272727272727273
GeoExplorer-anchor0624,swissviewmonuments,6,img151_d6_s23_g01_r0,True,0,6,6,0,1.0,1.0,0.0,0.0,0.0,1.0
GeoExplorer-anchor0624,swissviewmonuments,4,img152_d4_s18_g02_r0,False,2,10,4,6,0.5,0.6,0.4,0.3333333333333333,0.2727272727272727,0.7272727272727273
GeoExplorer-anchor0624,swissviewmonuments,6,img152_d6_s24_g02_r0,False,2,10,6,4,0.6666666666666666,0.7,0.3,0.1111111111111111,0.18181818181818182,0.8181818181818182
GeoExplorer-anchor0624,swissviewmonuments,4,img153_d4_s11_g03_r0,False,4,10,4,6,0.0,0.5,0.5,0.3333333333333333,0.2727272727272727,0.7272727272727273
GeoExplorer-anchor0624,swissviewmonuments,6,img153_d6_s15_g03_r0,False,2,10,6,4,0.6666666666666666,0.7,0.3,0.3333333333333333,0.2727272727272727,0.7272727272727273
GeoExplorer-anchor0624,swissviewmonuments,4,img154_d4_s06_g04_r0,False,4,10,4,6,0.0,0.5,0.5,0.3333333333333333,0.2727272727272727,0.7272727272727273
GeoExplorer-anchor0624,swissviewmonuments,6,img154_d6_s10_g04_r0,False,4,10,6,4,0.3333333333333333,0.6,0.4,0.3333333333333333,0.2727272727272727,0.7272727272727273
GeoExplorer-anchor0624,swissviewmonuments,8,img154_d8_s20_g04_r0,True,0,8,8,0,1.0,1.0,0.0,0.0,0.0,1.0
GeoExplorer-anchor0624,swissviewmonuments,4,img155_d4_s03_g05_r0,False,4,10,4,6,0.0,0.5,0.5,0.1111111111111111,0.18181818181818182,0.8181818181818182
GeoExplorer-anchor0624,swissviewmonuments,6,img155_d6_s19_g05_r0,True,0,8,6,2,1.0,0.875,0.125,0.0,0.0,1.0
GeoExplorer-anchor0624,swissviewmonuments,4,img156_d4_s22_g06_r0,False,4,10,4,6,0.0,0.5,0.5,0.2222222222222222,0.2727272727272727,0.7272727272727273
GeoExplorer-anchor0624,swissviewmonuments,6,img156_d6_s24_g06_r0,False,2,10,6,4,0.6666666666666666,0.7,0.3,0.1111111111111111,0.09090909090909091,0.9090909090909091
GeoExplorer-anchor0624,swissviewmonuments,4,img157_d4_s19_g07_r0,False,2,10,4,6,0.5,0.6,0.4,0.2222222222222222,0.18181818181818182,0.8181818181818182
GeoExplorer-anchor0624,swissviewmonuments,4,img158_d4_s16_g08_r0,False,2,10,4,6,0.5,0.6,0.4,0.6666666666666666,0.5454545454545454,0.45454545454545453
GeoExplorer-anchor0624,swissviewmonuments,6,img158_d6_s20_g08_r0,False,2,10,6,4,0.6666666666666666,0.7,0.3,0.0,0.0,1.0
GeoExplorer-anchor0624,swissviewmonuments,4,img159_d4_s11_g09_r0,False,2,10,4,6,0.5,0.6,0.4,0.4444444444444444,0.36363636363636365,0.6363636363636364
GeoExplorer-anchor0624,swissviewmonuments,6,img159_d6_s15_g09_r0,True,0,6,6,0,1.0,1.0,0.0,0.0,0.0,1.0
GeoExplorer-anchor0624,swissviewmonuments,4,img160_d4_s02_g10_r0,False,6,10,4,6,-0.5,0.4,0.6,0.1111111111111111,0.18181818181818182,0.8181818181818182
GeoExplorer-anchor0624,swissviewmonuments,6,img160_d6_s24_g10_r0,False,2,10,6,4,0.6666666666666666,0.7,0.3,0.1111111111111111,0.09090909090909091,0.9090909090909091
GeoExplorer-anchor0624,swissviewmonuments,4,img161_d4_s09_g11_r0,False,2,10,4,6,0.5,0.6,0.4,0.2222222222222222,0.18181818181818182,0.8181818181818182
GeoExplorer-anchor0624,swissviewmonuments,4,img162_d4_s20_g12_r0,True,0,4,4,0,1.0,1.0,0.0,0.0,0.0,1.0
GeoExplorer-anchor0624,swissviewmonuments,4,img163_d4_s15_g13_r0,False,2,10,4,6,0.5,0.6,0.4,0.2222222222222222,0.2727272727272727,0.7272727272727273
GeoExplorer-anchor0624,swissviewmonuments,4,img164_d4_s22_g14_r0,False,2,10,4,6,0.5,0.6,0.4,0.0,0.18181818181818182,0.8181818181818182
GeoExplorer-anchor0624,swissviewmonuments,6,img164_d6_s20_g14_r0,True,0,6,6,0,1.0,1.0,0.0,0.0,0.0,1.0
GeoExplorer-anchor0624,swissviewmonuments,4,img165_d4_s13_g15_r0,False,2,10,4,6,0.5,0.6,0.4,0.2222222222222222,0.2727272727272727,0.7272727272727273
GeoExplorer-anchor0624,swissviewmonuments,6,img165_d6_s09_g15_r0,True,0,8,6,2,1.0,0.875,0.125,0.0,0.0,1.0
GeoExplorer-anchor0624,swissviewmonuments,4,img166_d4_s02_g16_r0,False,4,10,4,6,0.0,0.5,0.5,0.3333333333333333,0.2727272727272727,0.7272727272727273
GeoExplorer-anchor0624,swissviewmonuments,6,img166_d6_s04_g16_r0,True,0,6,6,0,1.0,1.0,0.0,0.0,0.0,1.0
GeoExplorer-anchor0624,swissviewmonuments,4,img167_d4_s03_g17_r0,False,2,10,4,6,0.5,0.6,0.4,0.2222222222222222,0.18181818181818182,0.8181818181818182
GeoExplorer-anchor0624,swissviewmonuments,4,img168_d4_s06_g18_r0,False,2,10,4,6,0.5,0.6,0.4,0.3333333333333333,0.2727272727272727,0.7272727272727273
GeoExplorer-anchor0624,swissviewmonuments,6,img168_d6_s00_g18_r0,False,2,10,6,4,0.6666666666666666,0.7,0.3,0.1111111111111111,0.09090909090909091,0.9090909090909091
GeoExplorer-anchor0624,swissviewmonuments,4,img169_d4_s07_g19_r0,False,4,10,4,6,0.0,0.5,0.5,0.1111111111111111,0.18181818181818182,0.8181818181818182
GeoExplorer-anchor0624,swissviewmonuments,6,img169_d6_s01_g19_r0,True,0,8,6,2,1.0,0.875,0.125,0.0,0.0,1.0
GeoExplorer-anchor0624,swissviewmonuments,4,img170_d4_s00_g20_r0,False,4,10,4,6,0.0,0.5,0.5,0.1111111111111111,0.09090909090909091,0.9090909090909091
GeoExplorer-anchor0624,swissviewmonuments,6,img170_d6_s02_g20_r0,False,4,10,6,4,0.3333333333333333,0.6,0.4,0.3333333333333333,0.2727272727272727,0.7272727272727273
GeoExplorer-anchor0624,swissviewmonuments,8,img170_d8_s04_g20_r0,True,0,8,8,0,1.0,1.0,0.0,0.0,0.0,1.0
GeoExplorer-anchor0624,swissviewmonuments,4,img171_d4_s01_g21_r0,False,4,10,4,6,0.0,0.5,0.5,0.2222222222222222,0.18181818181818182,0.8181818181818182
GeoExplorer-anchor0624,swissviewmonuments,6,img171_d6_s03_g21_r0,True,0,6,6,0,1.0,1.0,0.0,0.0,0.0,1.0
GeoExplorer-anchor0624,swissviewmonuments,4,img172_d4_s14_g22_r0,False,2,10,4,6,0.5,0.6,0.4,0.3333333333333333,0.2727272727272727,0.7272727272727273
GeoExplorer-anchor0624,swissviewmonuments,6,img172_d6_s00_g22_r0,False,2,10,6,4,0.6666666666666666,0.7,0.3,0.1111111111111111,0.09090909090909091,0.9090909090909091
GeoExplorer-anchor0624,swissviewmonuments,4,img173_d4_s11_g23_r0,True,0,8,4,4,1.0,0.75,0.25,0.2857142857142857,0.2222222222222222,0.7777777777777778
GeoExplorer-anchor0624,swissviewmonuments,6,img173_d6_s05_g23_r0,True,0,6,6,0,1.0,1.0,0.0,0.0,0.0,1.0
GeoExplorer-anchor0624,swissviewmonuments,4,img174_d4_s20_g24_r0,False,4,10,4,6,0.0,0.5,0.5,0.2222222222222222,0.18181818181818182,0.8181818181818182
GeoExplorer-anchor0624,swissviewmonuments,6,img174_d6_s02_g24_r0,False,2,10,6,4,0.6666666666666666,0.7,0.3,0.1111111111111111,0.18181818181818182,0.8181818181818182
GeoExplorer-anchor0624,swissviewmonuments,8,img174_d8_s00_g24_r0,True,0,8,8,0,1.0,1.0,0.0,0.0,0.0,1.0
GeoExplorer-anchor0624,swissviewmonuments,4,img175_d4_s16_g00_r0,False,4,10,4,6,0.0,0.5,0.5,0.3333333333333333,0.2727272727272727,0.7272727272727273
GeoExplorer-anchor0624,swissviewmonuments,6,img175_d6_s22_g00_r0,False,4,10,6,4,0.3333333333333333,0.6,0.4,0.1111111111111111,0.18181818181818182,0.8181818181818182
GeoExplorer-anchor0624,swissviewmonuments,8,img175_d8_s24_g00_r0,True,0,8,8,0,1.0,1.0,0.0,0.0,0.0,1.0
GeoExplorer-anchor0624,swissviewmonuments,4,img176_d4_s15_g01_r0,False,4,10,4,6,0.0,0.5,0.5,0.2222222222222222,0.18181818181818182,0.8181818181818182
GeoExplorer-anchor0624,swissviewmonuments,6,img176_d6_s23_g01_r0,True,0,6,6,0,1.0,1.0,0.0,0.0,0.0,1.0
GeoExplorer-anchor0624,swissviewmonuments,4,img177_d4_s16_g02_r0,False,2,10,4,6,0.5,0.6,0.4,0.3333333333333333,0.2727272727272727,0.7272727272727273
GeoExplorer-anchor0624,swissviewmonuments,6,img177_d6_s24_g02_r0,False,2,10,6,4,0.6666666666666666,0.7,0.3,0.1111111111111111,0.18181818181818182,0.8181818181818182
GeoExplorer-anchor0624,swissviewmonuments,4,img178_d4_s19_g03_r0,False,4,10,4,6,0.0,0.5,0.5,0.2222222222222222,0.18181818181818182,0.8181818181818182
GeoExplorer-anchor0624,swissviewmonuments,6,img178_d6_s21_g03_r0,True,0,6,6,0,1.0,1.0,0.0,0.0,0.0,1.0
GeoExplorer-anchor0624,swissviewmonuments,4,img179_d4_s06_g04_r0,False,6,10,4,6,-0.5,0.4,0.6,0.3333333333333333,0.2727272727272727,0.7272727272727273
GeoExplorer-anchor0624,swissviewmonuments,6,img179_d6_s10_g04_r0,False,6,10,6,4,0.0,0.5,0.5,0.2222222222222222,0.18181818181818182,0.8181818181818182
GeoExplorer-anchor0624,swissviewmonuments,8,img179_d8_s20_g04_r0,True,0,8,8,0,1.0,1.0,0.0,0.0,0.0,1.0
GeoExplorer-anchor0624,swissviewmonuments,4,img180_d4_s13_g05_r0,True,0,4,4,0,1.0,1.0,0.0,0.0,0.0,1.0
GeoExplorer-anchor0624,swissviewmonuments,6,img180_d6_s23_g05_r0,True,0,6,6,0,1.0,1.0,0.0,0.0,0.0,1.0
GeoExplorer-anchor0624,swissviewmonuments,4,img181_d4_s20_g06_r0,True,0,4,4,0,1.0,1.0,0.0,0.0,0.0,1.0
GeoExplorer-anchor0624,swissviewmonuments,6,img181_d6_s24_g06_r0,True,0,6,6,0,1.0,1.0,0.0,0.0,0.0,1.0
GeoExplorer-anchor0624,swissviewmonuments,4,img182_d4_s15_g07_r0,True,0,4,4,0,1.0,1.0,0.0,0.0,0.0,1.0
GeoExplorer-anchor0624,swissviewmonuments,4,img183_d4_s24_g08_r0,True,0,4,4,0,1.0,1.0,0.0,0.0,0.0,1.0
GeoExplorer-anchor0624,swissviewmonuments,6,img183_d6_s20_g08_r0,True,0,6,6,0,1.0,1.0,0.0,0.0,0.0,1.0
GeoExplorer-anchor0624,swissviewmonuments,4,img184_d4_s11_g09_r0,False,2,10,4,6,0.5,0.6,0.4,0.3333333333333333,0.36363636363636365,0.6363636363636364
GeoExplorer-anchor0624,swissviewmonuments,6,img184_d6_s15_g09_r0,True,0,8,6,2,1.0,0.875,0.125,0.0,0.0,1.0
GeoExplorer-anchor0624,swissviewmonuments,4,img185_d4_s22_g10_r0,False,6,10,4,6,-0.5,0.4,0.6,0.2222222222222222,0.2727272727272727,0.7272727272727273
GeoExplorer-anchor0624,swissviewmonuments,6,img185_d6_s24_g10_r0,False,2,10,6,4,0.6666666666666666,0.7,0.3,0.2222222222222222,0.18181818181818182,0.8181818181818182
GeoExplorer-anchor0624,swissviewmonuments,4,img186_d4_s09_g11_r0,True,0,4,4,0,1.0,1.0,0.0,0.0,0.0,1.0
GeoExplorer-anchor0624,swissviewmonuments,4,img187_d4_s20_g12_r0,True,0,4,4,0,1.0,1.0,0.0,0.0,0.0,1.0
GeoExplorer-anchor0624,swissviewmonuments,4,img188_d4_s21_g13_r0,False,2,10,4,6,0.5,0.6,0.4,0.3333333333333333,0.2727272727272727,0.7272727272727273
GeoExplorer-anchor0624,swissviewmonuments,4,img189_d4_s06_g14_r0,False,2,10,4,6,0.5,0.6,0.4,0.3333333333333333,0.2727272727272727,0.7272727272727273
GeoExplorer-anchor0624,swissviewmonuments,6,img189_d6_s20_g14_r0,True,0,10,6,4,1.0,0.8,0.2,0.0,0.0,1.0
GeoExplorer-anchor0624,swissviewmonuments,4,img190_d4_s23_g15_r0,False,4,10,4,6,0.0,0.5,0.5,0.1111111111111111,0.09090909090909091,0.9090909090909091
GeoExplorer-anchor0624,swissviewmonuments,6,img190_d6_s03_g15_r0,True,0,8,6,2,1.0,0.875,0.125,0.0,0.0,1.0
GeoExplorer-anchor0624,swissviewmonuments,4,img191_d4_s24_g16_r0,False,2,10,4,6,0.5,0.6,0.4,0.0,0.09090909090909091,0.9090909090909091
GeoExplorer-anchor0624,swissviewmonuments,6,img191_d6_s04_g16_r0,True,0,6,6,0,1.0,1.0,0.0,0.0,0.0,1.0
GeoExplorer-anchor0624,swissviewmonuments,4,img192_d4_s03_g17_r0,True,0,4,4,0,1.0,1.0,0.0,0.0,0.0,1.0
GeoExplorer-anchor0624,swissviewmonuments,4,img193_d4_s20_g18_r0,False,2,10,4,6,0.5,0.6,0.4,0.2222222222222222,0.18181818181818182,0.8181818181818182
GeoExplorer-anchor0624,swissviewmonuments,6,img193_d6_s00_g18_r0,True,0,6,6,0,1.0,1.0,0.0,0.0,0.0,1.0
GeoExplorer-anchor0624,swissviewmonuments,4,img194_d4_s03_g19_r0,False,4,10,4,6,0.0,0.5,0.5,0.2222222222222222,0.2727272727272727,0.7272727272727273
GeoExplorer-anchor0624,swissviewmonuments,6,img194_d6_s05_g19_r0,True,0,8,6,2,1.0,0.875,0.125,0.0,0.0,1.0
GeoExplorer-anchor0624,swissviewmonuments,4,img195_d4_s18_g20_r0,False,4,10,4,6,0.0,0.5,0.5,0.1111111111111111,0.18181818181818182,0.8181818181818182
GeoExplorer-anchor0624,swissviewmonuments,6,img195_d6_s08_g20_r0,False,4,10,6,4,0.3333333333333333,0.6,0.4,0.3333333333333333,0.2727272727272727,0.7272727272727273
GeoExplorer-anchor0624,swissviewmonuments,8,img195_d8_s04_g20_r0,True,0,8,8,0,1.0,1.0,0.0,0.0,0.0,1.0
GeoExplorer-anchor0624,swissviewmonuments,4,img196_d4_s01_g21_r0,False,2,10,4,6,0.5,0.6,0.4,0.1111111111111111,0.18181818181818182,0.8181818181818182
GeoExplorer-anchor0624,swissviewmonuments,6,img196_d6_s09_g21_r0,True,0,6,6,0,1.0,1.0,0.0,0.0,0.0,1.0
GeoExplorer-anchor0624,swissviewmonuments,4,img197_d4_s08_g22_r0,False,2,10,4,6,0.5,0.6,0.4,0.3333333333333333,0.2727272727272727,0.7272727272727273
GeoExplorer-anchor0624,swissviewmonuments,6,img197_d6_s00_g22_r0,True,0,6,6,0,1.0,1.0,0.0,0.0,0.0,1.0
GeoExplorer-anchor0624,swissviewmonuments,4,img198_d4_s09_g23_r0,False,2,10,4,6,0.5,0.6,0.4,0.2222222222222222,0.18181818181818182,0.8181818181818182
GeoExplorer-anchor0624,swissviewmonuments,6,img198_d6_s05_g23_r0,True,0,8,6,2,1.0,0.875,0.125,0.14285714285714285,0.1111111111111111,0.8888888888888888
GeoExplorer-anchor0624,swissviewmonuments,4,img199_d4_s20_g24_r0,False,4,10,4,6,0.0,0.5,0.5,0.1111111111111111,0.09090909090909091,0.9090909090909091
GeoExplorer-anchor0624,swissviewmonuments,6,img199_d6_s06_g24_r0,True,0,6,6,0,1.0,1.0,0.0,0.0,0.0,1.0
GeoExplorer-anchor0624,swissviewmonuments,8,img199_d8_s00_g24_r0,True,0,8,8,0,1.0,1.0,0.0,0.0,0.0,1.0
GeoExplorer-anchor0624,swissviewmonuments,4,img200_d4_s16_g00_r0,False,8,10,4,6,-1.0,0.3,0.7,0.4444444444444444,0.36363636363636365,0.6363636363636364
GeoExplorer-anchor0624,swissviewmonuments,6,img200_d6_s22_g00_r0,False,4,10,6,4,0.3333333333333333,0.6,0.4,0.2222222222222222,0.2727272727272727,0.7272727272727273
GeoExplorer-anchor0624,swissviewmonuments,8,img200_d8_s24_g00_r0,True,0,8,8,0,1.0,1.0,0.0,0.0,0.0,1.0
GeoExplorer-anchor0624,swissviewmonuments,4,img201_d4_s13_g01_r0,False,6,10,4,6,-0.5,0.4,0.6,0.0,0.0,1.0
GeoExplorer-anchor0624,swissviewmonuments,6,img201_d6_s23_g01_r0,True,0,10,6,4,1.0,0.8,0.2,0.2222222222222222,0.18181818181818182,0.8181818181818182
GeoExplorer-anchor0624,swissviewmonuments,4,img202_d4_s18_g02_r0,False,2,10,4,6,0.5,0.6,0.4,0.2222222222222222,0.36363636363636365,0.6363636363636364
GeoExplorer-anchor0624,swissviewmonuments,6,img202_d6_s20_g02_r0,False,4,10,6,4,0.3333333333333333,0.6,0.4,0.1111111111111111,0.09090909090909091,0.9090909090909091
GeoExplorer-anchor0624,swissviewmonuments,4,img203_d4_s23_g03_r0,False,4,10,4,6,0.0,0.5,0.5,0.1111111111111111,0.18181818181818182,0.8181818181818182
GeoExplorer-anchor0624,swissviewmonuments,6,img203_d6_s15_g03_r0,False,4,10,6,4,0.3333333333333333,0.6,0.4,0.6666666666666666,0.5454545454545454,0.45454545454545453
GeoExplorer-anchor0624,swissviewmonuments,4,img204_d4_s12_g04_r0,False,4,10,4,6,0.0,0.5,0.5,0.4444444444444444,0.45454545454545453,0.5454545454545454
GeoExplorer-anchor0624,swissviewmonuments,6,img204_d6_s22_g04_r0,False,4,10,6,4,0.3333333333333333,0.6,0.4,0.3333333333333333,0.2727272727272727,0.7272727272727273
GeoExplorer-anchor0624,swissviewmonuments,8,img204_d8_s20_g04_r0,False,4,10,8,2,0.5,0.7,0.3,0.5555555555555556,0.45454545454545453,0.5454545454545454
GeoExplorer-anchor0624,swissviewmonuments,4,img205_d4_s21_g05_r0,False,4,10,4,6,0.0,0.5,0.5,0.1111111111111111,0.18181818181818182,0.8181818181818182
GeoExplorer-anchor0624,swissviewmonuments,6,img205_d6_s23_g05_r0,True,0,8,6,2,1.0,0.875,0.125,0.0,0.0,1.0
GeoExplorer-anchor0624,swissviewmonuments,4,img206_d4_s22_g06_r0,True,0,6,4,2,1.0,0.8333333333333334,0.16666666666666666,0.0,0.0,1.0
GeoExplorer-anchor0624,swissviewmonuments,6,img206_d6_s24_g06_r0,True,0,8,6,2,1.0,0.875,0.125,0.0,0.0,1.0
GeoExplorer-anchor0624,swissviewmonuments,4,img207_d4_s23_g07_r0,True,0,4,4,0,1.0,1.0,0.0,0.0,0.0,1.0
GeoExplorer-anchor0624,swissviewmonuments,4,img208_d4_s16_g08_r0,True,0,4,4,0,1.0,1.0,0.0,0.0,0.0,1.0
GeoExplorer-anchor0624,swissviewmonuments,6,img208_d6_s20_g08_r0,True,0,6,6,0,1.0,1.0,0.0,0.0,0.0,1.0
GeoExplorer-anchor0624,swissviewmonuments,4,img209_d4_s11_g09_r0,False,2,10,4,6,0.5,0.6,0.4,0.2222222222222222,0.36363636363636365,0.6363636363636364
GeoExplorer-anchor0624,swissviewmonuments,6,img209_d6_s21_g09_r0,True,0,6,6,0,1.0,1.0,0.0,0.0,0.0,1.0
GeoExplorer-anchor0624,swissviewmonuments,4,img210_d4_s08_g10_r0,False,4,10,4,6,0.0,0.5,0.5,0.2222222222222222,0.18181818181818182,0.8181818181818182
GeoExplorer-anchor0624,swissviewmonuments,6,img210_d6_s04_g10_r0,False,2,10,6,4,0.6666666666666666,0.7,0.3,0.2222222222222222,0.18181818181818182,0.8181818181818182
GeoExplorer-anchor0624,swissviewmonuments,4,img211_d4_s19_g11_r0,False,2,10,4,6,0.5,0.6,0.4,0.2222222222222222,0.18181818181818182,0.8181818181818182
GeoExplorer-anchor0624,swissviewmonuments,4,img212_d4_s24_g12_r0,True,0,4,4,0,1.0,1.0,0.0,0.0,0.0,1.0
GeoExplorer-anchor0624,swissviewmonuments,4,img213_d4_s01_g13_r0,False,2,10,4,6,0.5,0.6,0.4,0.2222222222222222,0.18181818181818182,0.8181818181818182
GeoExplorer-anchor0624,swissviewmonuments,4,img214_d4_s06_g14_r0,False,2,10,4,6,0.5,0.6,0.4,0.2222222222222222,0.2727272727272727,0.7272727272727273
GeoExplorer-anchor0624,swissviewmonuments,6,img214_d6_s20_g14_r0,True,0,10,6,4,1.0,0.8,0.2,0.0,0.0,1.0
GeoExplorer-anchor0624,swissviewmonuments,4,img215_d4_s01_g15_r0,False,4,10,4,6,0.0,0.5,0.5,0.2222222222222222,0.18181818181818182,0.8181818181818182
GeoExplorer-anchor0624,swissviewmonuments,6,img215_d6_s09_g15_r0,False,2,10,6,4,0.6666666666666666,0.7,0.3,0.4444444444444444,0.36363636363636365,0.6363636363636364
GeoExplorer-anchor0624,swissviewmonuments,4,img216_d4_s08_g16_r0,True,0,4,4,0,1.0,1.0,0.0,0.0,0.0,1.0
GeoExplorer-anchor0624,swissviewmonuments,6,img216_d6_s04_g16_r0,True,0,6,6,0,1.0,1.0,0.0,0.0,0.0,1.0
GeoExplorer-anchor0624,swissviewmonuments,4,img217_d4_s05_g17_r0,True,0,4,4,0,1.0,1.0,0.0,0.0,0.0,1.0
GeoExplorer-anchor0624,swissviewmonuments,4,img218_d4_s20_g18_r0,False,4,10,4,6,0.0,0.5,0.5,0.1111111111111111,0.09090909090909091,0.9090909090909091
GeoExplorer-anchor0624,swissviewmonuments,6,img218_d6_s00_g18_r0,True,0,6,6,0,1.0,1.0,0.0,0.0,0.0,1.0
GeoExplorer-anchor0624,swissviewmonuments,4,img219_d4_s11_g19_r0,True,0,4,4,0,1.0,1.0,0.0,0.0,0.0,1.0
GeoExplorer-anchor0624,swissviewmonuments,6,img219_d6_s01_g19_r0,True,0,8,6,2,1.0,0.875,0.125,0.0,0.0,1.0
GeoExplorer-anchor0624,swissviewmonuments,4,img220_d4_s06_g20_r0,False,4,10,4,6,0.0,0.5,0.5,0.3333333333333333,0.2727272727272727,0.7272727272727273
GeoExplorer-anchor0624,swissviewmonuments,6,img220_d6_s08_g20_r0,False,2,10,6,4,0.6666666666666666,0.7,0.3,0.4444444444444444,0.36363636363636365,0.6363636363636364
GeoExplorer-anchor0624,swissviewmonuments,8,img220_d8_s04_g20_r0,False,2,10,8,2,0.75,0.8,0.2,0.3333333333333333,0.2727272727272727,0.7272727272727273
GeoExplorer-anchor0624,swissviewmonuments,4,img221_d4_s19_g21_r0,False,4,10,4,6,0.0,0.5,0.5,0.2222222222222222,0.18181818181818182,0.8181818181818182
GeoExplorer-anchor0624,swissviewmonuments,6,img221_d6_s03_g21_r0,True,0,6,6,0,1.0,1.0,0.0,0.0,0.0,1.0
GeoExplorer-anchor0624,swissviewmonuments,4,img222_d4_s02_g22_r0,True,0,4,4,0,1.0,1.0,0.0,0.0,0.0,1.0
GeoExplorer-anchor0624,swissviewmonuments,6,img222_d6_s04_g22_r0,False,2,10,6,4,0.6666666666666666,0.7,0.3,0.1111111111111111,0.09090909090909091,0.9090909090909091
GeoExplorer-anchor0624,swissviewmonuments,4,img223_d4_s11_g23_r0,True,0,6,4,2,1.0,0.8333333333333334,0.16666666666666666,0.0,0.0,1.0
GeoExplorer-anchor0624,swissviewmonuments,6,img223_d6_s01_g23_r0,True,0,6,6,0,1.0,1.0,0.0,0.0,0.0,1.0
GeoExplorer-anchor0624,swissviewmonuments,4,img224_d4_s12_g24_r0,False,2,10,4,6,0.5,0.6,0.4,0.5555555555555556,0.45454545454545453,0.5454545454545454
GeoExplorer-anchor0624,swissviewmonuments,6,img224_d6_s06_g24_r0,True,0,6,6,0,1.0,1.0,0.0,0.0,0.0,1.0
GeoExplorer-anchor0624,swissviewmonuments,8,img224_d8_s00_g24_r0,True,0,8,8,0,1.0,1.0,0.0,0.0,0.0,1.0
GeoExplorer-anchor0624,swissviewmonuments,4,img225_d4_s04_g00_r0,False,4,10,4,6,0.0,0.5,0.5,0.1111111111111111,0.09090909090909091,0.9090909090909091
GeoExplorer-anchor0624,swissviewmonuments,6,img225_d6_s18_g00_r0,True,0,6,6,0,1.0,1.0,0.0,0.0,0.0,1.0
GeoExplorer-anchor0624,swissviewmonuments,8,img225_d8_s24_g00_r0,True,0,8,8,0,1.0,1.0,0.0,0.0,0.0,1.0
GeoExplorer-anchor0624,swissviewmonuments,4,img226_d4_s13_g01_r0,False,4,10,4,6,0.0,0.5,0.5,0.4444444444444444,0.36363636363636365,0.6363636363636364
GeoExplorer-anchor0624,swissviewmonuments,6,img226_d6_s23_g01_r0,True,0,8,6,2,1.0,0.875,0.125,0.0,0.0,1.0
GeoExplorer-anchor0624,swissviewmonuments,4,img227_d4_s10_g02_r0,False,6,10,4,6,-0.5,0.4,0.6,0.2222222222222222,0.18181818181818182,0.8181818181818182
GeoExplorer-anchor0624,swissviewmonuments,6,img227_d6_s20_g02_r0,False,2,10,6,4,0.6666666666666666,0.7,0.3,0.2222222222222222,0.18181818181818182,0.8181818181818182
GeoExplorer-anchor0624,swissviewmonuments,4,img228_d4_s11_g03_r0,False,2,10,4,6,0.5,0.6,0.4,0.4444444444444444,0.5454545454545454,0.45454545454545453
GeoExplorer-anchor0624,swissviewmonuments,6,img228_d6_s21_g03_r0,True,0,6,6,0,1.0,1.0,0.0,0.0,0.0,1.0
GeoExplorer-anchor0624,swissviewmonuments,4,img229_d4_s00_g04_r0,False,4,10,4,6,0.0,0.5,0.5,0.1111111111111111,0.09090909090909091,0.9090909090909091
GeoExplorer-anchor0624,swissviewmonuments,6,img229_d6_s10_g04_r0,True,0,6,6,0,1.0,1.0,0.0,0.0,0.0,1.0
GeoExplorer-anchor0624,swissviewmonuments,8,img229_d8_s20_g04_r0,True,0,8,8,0,1.0,1.0,0.0,0.0,0.0,1.0
GeoExplorer-anchor0624,swissviewmonuments,4,img230_d4_s21_g05_r0,False,4,10,4,6,0.0,0.5,0.5,0.3333333333333333,0.2727272727272727,0.7272727272727273
GeoExplorer-anchor0624,swissviewmonuments,6,img230_d6_s23_g05_r0,False,4,10,6,4,0.3333333333333333,0.6,0.4,0.1111111111111111,0.09090909090909091,0.9090909090909091
GeoExplorer-anchor0624,swissviewmonuments,4,img231_d4_s18_g06_r0,True,0,4,4,0,1.0,1.0,0.0,0.0,0.0,1.0
GeoExplorer-anchor0624,swissviewmonuments,6,img231_d6_s24_g06_r0,True,0,6,6,0,1.0,1.0,0.0,0.0,0.0,1.0
GeoExplorer-anchor0624,swissviewmonuments,4,img232_d4_s15_g07_r0,False,2,10,4,6,0.5,0.6,0.4,0.1111111111111111,0.09090909090909091,0.9090909090909091
GeoExplorer-anchor0624,swissviewmonuments,4,img233_d4_s24_g08_r0,False,4,10,4,6,0.0,0.5,0.5,0.2222222222222222,0.18181818181818182,0.8181818181818182
GeoExplorer-anchor0624,swissviewmonuments,6,img233_d6_s20_g08_r0,True,0,6,6,0,1.0,1.0,0.0,0.0,0.0,1.0
GeoExplorer-anchor0624,swissviewmonuments,4,img234_d4_s11_g09_r0,True,0,4,4,0,1.0,1.0,0.0,0.0,0.0,1.0
GeoExplorer-anchor0624,swissviewmonuments,6,img234_d6_s15_g09_r0,True,0,6,6,0,1.0,1.0,0.0,0.0,0.0,1.0
GeoExplorer-anchor0624,swissviewmonuments,4,img235_d4_s18_g10_r0,True,0,6,4,2,1.0,0.8333333333333334,0.16666666666666666,0.0,0.0,1.0
GeoExplorer-anchor0624,swissviewmonuments,6,img235_d6_s04_g10_r0,False,2,10,6,4,0.6666666666666666,0.7,0.3,0.1111111111111111,0.09090909090909091,0.9090909090909091
GeoExplorer-anchor0624,swissviewmonuments,4,img236_d4_s23_g11_r0,False,4,10,4,6,0.0,0.5,0.5,0.1111111111111111,0.09090909090909091,0.9090909090909091
GeoExplorer-anchor0624,swissviewmonuments,4,img237_d4_s24_g12_r0,True,0,4,4,0,1.0,1.0,0.0,0.0,0.0,1.0
GeoExplorer-anchor0624,swissviewmonuments,4,img238_d4_s05_g13_r0,True,0,4,4,0,1.0,1.0,0.0,0.0,0.0,1.0
GeoExplorer-anchor0624,swissviewmonuments,4,img239_d4_s06_g14_r0,False,2,10,4,6,0.5,0.6,0.4,0.3333333333333333,0.2727272727272727,0.7272727272727273
GeoExplorer-anchor0624,swissviewmonuments,6,img239_d6_s20_g14_r0,True,0,10,6,4,1.0,0.8,0.2,0.0,0.0,1.0
GeoExplorer-anchor0624,swissviewmonuments,4,img240_d4_s19_g15_r0,False,4,10,4,6,0.0,0.5,0.5,0.1111111111111111,0.18181818181818182,0.8181818181818182
GeoExplorer-anchor0624,swissviewmonuments,6,img240_d6_s03_g15_r0,False,4,10,6,4,0.3333333333333333,0.6,0.4,0.1111111111111111,0.18181818181818182,0.8181818181818182
GeoExplorer-anchor0624,swissviewmonuments,4,img241_d4_s00_g16_r0,False,4,10,4,6,0.0,0.5,0.5,0.1111111111111111,0.09090909090909091,0.9090909090909091
GeoExplorer-anchor0624,swissviewmonuments,6,img241_d6_s04_g16_r0,True,0,6,6,0,1.0,1.0,0.0,0.0,0.0,1.0
GeoExplorer-anchor0624,swissviewmonuments,4,img242_d4_s05_g17_r0,False,2,10,4,6,0.5,0.6,0.4,0.1111111111111111,0.18181818181818182,0.8181818181818182
GeoExplorer-anchor0624,swissviewmonuments,4,img243_d4_s20_g18_r0,True,0,4,4,0,1.0,1.0,0.0,0.0,0.0,1.0
GeoExplorer-anchor0624,swissviewmonuments,6,img243_d6_s00_g18_r0,True,0,6,6,0,1.0,1.0,0.0,0.0,0.0,1.0
GeoExplorer-anchor0624,swissviewmonuments,4,img244_d4_s15_g19_r0,False,4,10,4,6,0.0,0.5,0.5,0.2222222222222222,0.18181818181818182,0.8181818181818182
GeoExplorer-anchor0624,swissviewmonuments,6,img244_d6_s01_g19_r0,True,0,6,6,0,1.0,1.0,0.0,0.0,0.0,1.0
GeoExplorer-anchor0624,swissviewmonuments,4,img245_d4_s24_g20_r0,False,8,10,4,6,-1.0,0.3,0.7,0.1111111111111111,0.09090909090909091,0.9090909090909091
GeoExplorer-anchor0624,swissviewmonuments,6,img245_d6_s02_g20_r0,False,2,10,6,4,0.6666666666666666,0.7,0.3,0.3333333333333333,0.2727272727272727,0.7272727272727273
GeoExplorer-anchor0624,swissviewmonuments,8,img245_d8_s04_g20_r0,False,4,10,8,2,0.5,0.7,0.3,0.0,0.0,1.0
GeoExplorer-anchor0624,swissviewmonuments,4,img246_d4_s01_g21_r0,False,2,10,4,6,0.5,0.6,0.4,0.3333333333333333,0.2727272727272727,0.7272727272727273
GeoExplorer-anchor0624,swissviewmonuments,6,img246_d6_s09_g21_r0,True,0,8,6,2,1.0,0.875,0.125,0.0,0.0,1.0
GeoExplorer-anchor0624,swissviewmonuments,4,img247_d4_s10_g22_r0,False,2,10,4,6,0.5,0.6,0.4,0.2222222222222222,0.2727272727272727,0.7272727272727273
GeoExplorer-anchor0624,swissviewmonuments,6,img247_d6_s00_g22_r0,False,2,10,6,4,0.6666666666666666,0.7,0.3,0.1111111111111111,0.09090909090909091,0.9090909090909091
GeoExplorer-anchor0624,swissviewmonuments,4,img248_d4_s11_g23_r0,True,0,4,4,0,1.0,1.0,0.0,0.0,0.0,1.0
GeoExplorer-anchor0624,swissviewmonuments,6,img248_d6_s05_g23_r0,True,0,6,6,0,1.0,1.0,0.0,0.0,0.0,1.0
GeoExplorer-anchor0624,swissviewmonuments,4,img249_d4_s20_g24_r0,True,0,10,4,6,1.0,0.7,0.3,0.0,0.0,1.0
GeoExplorer-anchor0624,swissviewmonuments,6,img249_d6_s06_g24_r0,True,0,6,6,0,1.0,1.0,0.0,0.0,0.0,1.0
GeoExplorer-anchor0624,swissviewmonuments,8,img249_d8_s00_g24_r0,True,0,8,8,0,1.0,1.0,0.0,0.0,0.0,1.0
GeoExplorer-anchor0624,swissviewmonuments,4,img250_d4_s20_g00_r0,False,4,10,4,6,0.0,0.5,0.5,0.1111111111111111,0.09090909090909091,0.9090909090909091
GeoExplorer-anchor0624,swissviewmonuments,6,img250_d6_s14_g00_r0,False,6,10,6,4,0.0,0.5,0.5,0.2222222222222222,0.2727272727272727,0.7272727272727273
GeoExplorer-anchor0624,swissviewmonuments,8,img250_d8_s24_g00_r0,False,2,10,8,2,0.75,0.8,0.2,0.4444444444444444,0.36363636363636365,0.6363636363636364
GeoExplorer-anchor0624,swissviewmonuments,4,img251_d4_s09_g01_r0,False,4,10,4,6,0.0,0.5,0.5,0.1111111111111111,0.18181818181818182,0.8181818181818182
GeoExplorer-anchor0624,swissviewmonuments,6,img251_d6_s19_g01_r0,False,2,10,6,4,0.6666666666666666,0.7,0.3,0.2222222222222222,0.2727272727272727,0.7272727272727273
GeoExplorer-anchor0624,swissviewmonuments,4,img252_d4_s16_g02_r0,False,4,10,4,6,0.0,0.5,0.5,0.2222222222222222,0.2727272727272727,0.7272727272727273
GeoExplorer-anchor0624,swissviewmonuments,6,img252_d6_s24_g02_r0,False,4,10,6,4,0.3333333333333333,0.6,0.4,0.0,0.0,1.0
GeoExplorer-anchor0624,swissviewmonuments,4,img253_d4_s19_g03_r0,False,4,10,4,6,0.0,0.5,0.5,0.1111111111111111,0.18181818181818182,0.8181818181818182
GeoExplorer-anchor0624,swissviewmonuments,6,img253_d6_s15_g03_r0,True,0,8,6,2,1.0,0.875,0.125,0.0,0.0,1.0
GeoExplorer-anchor0624,swissviewmonuments,4,img254_d4_s06_g04_r0,False,4,10,4,6,0.0,0.5,0.5,0.3333333333333333,0.2727272727272727,0.7272727272727273
GeoExplorer-anchor0624,swissviewmonuments,6,img254_d6_s16_g04_r0,True,0,6,6,0,1.0,1.0,0.0,0.0,0.0,1.0
GeoExplorer-anchor0624,swissviewmonuments,8,img254_d8_s20_g04_r0,True,0,8,8,0,1.0,1.0,0.0,0.0,0.0,1.0
GeoExplorer-anchor0624,swissviewmonuments,4,img255_d4_s21_g05_r0,False,4,10,4,6,0.0,0.5,0.5,0.1111111111111111,0.18181818181818182,0.8181818181818182
GeoExplorer-anchor0624,swissviewmonuments,6,img255_d6_s19_g05_r0,True,0,6,6,0,1.0,1.0,0.0,0.0,0.0,1.0
GeoExplorer-anchor0624,swissviewmonuments,4,img256_d4_s20_g06_r0,True,0,4,4,0,1.0,1.0,0.0,0.0,0.0,1.0
GeoExplorer-anchor0624,swissviewmonuments,6,img256_d6_s24_g06_r0,True,0,6,6,0,1.0,1.0,0.0,0.0,0.0,1.0
GeoExplorer-anchor0624,swissviewmonuments,4,img257_d4_s19_g07_r0,False,2,10,4,6,0.5,0.6,0.4,0.2222222222222222,0.18181818181818182,0.8181818181818182
GeoExplorer-anchor0624,swissviewmonuments,4,img258_d4_s10_g08_r0,False,2,10,4,6,0.5,0.6,0.4,0.1111111111111111,0.36363636363636365,0.6363636363636364
GeoExplorer-anchor0624,swissviewmonuments,6,img258_d6_s20_g08_r0,True,0,6,6,0,1.0,1.0,0.0,0.0,0.0,1.0
GeoExplorer-anchor0624,swissviewmonuments,4,img259_d4_s01_g09_r0,False,4,10,4,6,0.0,0.5,0.5,0.1111111111111111,0.18181818181818182,0.8181818181818182
GeoExplorer-anchor0624,swissviewmonuments,6,img259_d6_s21_g09_r0,True,0,6,6,0,1.0,1.0,0.0,0.0,0.0,1.0
GeoExplorer-anchor0624,swissviewmonuments,4,img260_d4_s22_g10_r0,False,4,10,4,6,0.0,0.5,0.5,0.1111111111111111,0.2727272727272727,0.7272727272727273
GeoExplorer-anchor0624,swissviewmonuments,6,img260_d6_s04_g10_r0,False,4,10,6,4,0.3333333333333333,0.6,0.4,0.1111111111111111,0.18181818181818182,0.8181818181818182
GeoExplorer-anchor0624,swissviewmonuments,4,img261_d4_s03_g11_r0,True,0,4,4,0,1.0,1.0,0.0,0.0,0.0,1.0
GeoExplorer-anchor0624,swissviewmonuments,4,img262_d4_s20_g12_r0,True,0,4,4,0,1.0,1.0,0.0,0.0,0.0,1.0
GeoExplorer-anchor0624,swissviewmonuments,4,img263_d4_s01_g13_r0,True,0,4,4,0,1.0,1.0,0.0,0.0,0.0,1.0
GeoExplorer-anchor0624,swissviewmonuments,4,img264_d4_s22_g14_r0,False,2,10,4,6,0.5,0.6,0.4,0.2222222222222222,0.2727272727272727,0.7272727272727273
GeoExplorer-anchor0624,swissviewmonuments,6,img264_d6_s20_g14_r0,True,0,6,6,0,1.0,1.0,0.0,0.0,0.0,1.0
GeoExplorer-anchor0624,swissviewmonuments,4,img265_d4_s01_g15_r0,False,4,10,4,6,0.0,0.5,0.5,0.2222222222222222,0.18181818181818182,0.8181818181818182
GeoExplorer-anchor0624,swissviewmonuments,6,img265_d6_s09_g15_r0,False,4,10,6,4,0.3333333333333333,0.6,0.4,0.0,0.0,1.0
GeoExplorer-anchor0624,swissviewmonuments,4,img266_d4_s24_g16_r0,False,4,10,4,6,0.0,0.5,0.5,0.1111111111111111,0.09090909090909091,0.9090909090909091
GeoExplorer-anchor0624,swissviewmonuments,6,img266_d6_s04_g16_r0,True,0,6,6,0,1.0,1.0,0.0,0.0,0.0,1.0
GeoExplorer-anchor0624,swissviewmonuments,4,img267_d4_s09_g17_r0,True,0,4,4,0,1.0,1.0,0.0,0.0,0.0,1.0
GeoExplorer-anchor0624,swissviewmonuments,4,img268_d4_s04_g18_r0,False,4,10,4,6,0.0,0.5,0.5,0.1111111111111111,0.09090909090909091,0.9090909090909091
GeoExplorer-anchor0624,swissviewmonuments,6,img268_d6_s00_g18_r0,True,0,6,6,0,1.0,1.0,0.0,0.0,0.0,1.0
GeoExplorer-anchor0624,swissviewmonuments,4,img269_d4_s21_g19_r0,False,2,10,4,6,0.5,0.6,0.4,0.1111111111111111,0.2727272727272727,0.7272727272727273
GeoExplorer-anchor0624,swissviewmonuments,6,img269_d6_s05_g19_r0,True,0,8,6,2,1.0,0.875,0.125,0.0,0.0,1.0
GeoExplorer-anchor0624,swissviewmonuments,4,img270_d4_s12_g20_r0,False,2,10,4,6,0.5,0.6,0.4,0.4444444444444444,0.45454545454545453,0.5454545454545454
GeoExplorer-anchor0624,swissviewmonuments,6,img270_d6_s14_g20_r0,True,0,6,6,0,1.0,1.0,0.0,0.0,0.0,1.0
GeoExplorer-anchor0624,swissviewmonuments,8,img270_d8_s04_g20_r0,True,0,8,8,0,1.0,1.0,0.0,0.0,0.0,1.0
GeoExplorer-anchor0624,swissviewmonuments,4,img271_d4_s07_g21_r0,True,0,4,4,0,1.0,1.0,0.0,0.0,0.0,1.0
GeoExplorer-anchor0624,swissviewmonuments,6,img271_d6_s03_g21_r0,True,0,8,6,2,1.0,0.875,0.125,0.0,0.0,1.0
GeoExplorer-anchor0624,swissviewmonuments,4,img272_d4_s08_g22_r0,False,2,10,4,6,0.5,0.6,0.4,0.3333333333333333,0.2727272727272727,0.7272727272727273
GeoExplorer-anchor0624,swissviewmonuments,6,img272_d6_s00_g22_r0,False,2,10,6,4,0.6666666666666666,0.7,0.3,0.1111111111111111,0.09090909090909091,0.9090909090909091
GeoExplorer-anchor0624,swissviewmonuments,4,img273_d4_s07_g23_r0,True,0,6,4,2,1.0,0.8333333333333334,0.16666666666666666,0.0,0.0,1.0
GeoExplorer-anchor0624,swissviewmonuments,6,img273_d6_s01_g23_r0,True,0,6,6,0,1.0,1.0,0.0,0.0,0.0,1.0
GeoExplorer-anchor0624,swissviewmonuments,4,img274_d4_s12_g24_r0,False,4,10,4,6,0.0,0.5,0.5,0.2222222222222222,0.18181818181818182,0.8181818181818182
GeoExplorer-anchor0624,swissviewmonuments,6,img274_d6_s10_g24_r0,True,0,6,6,0,1.0,1.0,0.0,0.0,0.0,1.0
GeoExplorer-anchor0624,swissviewmonuments,8,img274_d8_s00_g24_r0,True,0,8,8,0,1.0,1.0,0.0,0.0,0.0,1.0
GeoExplorer-anchor0624,swissviewmonuments,4,img275_d4_s04_g00_r0,False,4,10,4,6,0.0,0.5,0.5,0.2222222222222222,0.18181818181818182,0.8181818181818182
GeoExplorer-anchor0624,swissviewmonuments,6,img275_d6_s14_g00_r0,False,4,10,6,4,0.3333333333333333,0.6,0.4,0.3333333333333333,0.2727272727272727,0.7272727272727273
GeoExplorer-anchor0624,swissviewmonuments,8,img275_d8_s24_g00_r0,False,2,10,8,2,0.75,0.8,0.2,0.3333333333333333,0.2727272727272727,0.7272727272727273
GeoExplorer-anchor0624,swissviewmonuments,4,img276_d4_s09_g01_r0,False,4,10,4,6,0.0,0.5,0.5,0.1111111111111111,0.18181818181818182,0.8181818181818182
GeoExplorer-anchor0624,swissviewmonuments,6,img276_d6_s23_g01_r0,True,0,8,6,2,1.0,0.875,0.125,0.0,0.0,1.0
GeoExplorer-anchor0624,swissviewmonuments,4,img277_d4_s14_g02_r0,False,4,10,4,6,0.0,0.5,0.5,0.2222222222222222,0.18181818181818182,0.8181818181818182
GeoExplorer-anchor0624,swissviewmonuments,6,img277_d6_s24_g02_r0,False,2,10,6,4,0.6666666666666666,0.7,0.3,0.2222222222222222,0.2727272727272727,0.7272727272727273
GeoExplorer-anchor0624,swissviewmonuments,4,img278_d4_s11_g03_r0,False,4,10,4,6,0.0,0.5,0.5,0.4444444444444444,0.36363636363636365,0.6363636363636364
GeoExplorer-anchor0624,swissviewmonuments,6,img278_d6_s15_g03_r0,False,2,10,6,4,0.6666666666666666,0.7,0.3,0.2222222222222222,0.18181818181818182,0.8181818181818182
GeoExplorer-anchor0624,swissviewmonuments,4,img279_d4_s00_g04_r0,False,4,10,4,6,0.0,0.5,0.5,0.1111111111111111,0.09090909090909091,0.9090909090909091
GeoExplorer-anchor0624,swissviewmonuments,6,img279_d6_s16_g04_r0,False,4,10,6,4,0.3333333333333333,0.6,0.4,0.5555555555555556,0.45454545454545453,0.5454545454545454
GeoExplorer-anchor0624,swissviewmonuments,8,img279_d8_s20_g04_r0,True,0,8,8,0,1.0,1.0,0.0,0.0,0.0,1.0
GeoExplorer-anchor0624,swissviewmonuments,4,img280_d4_s21_g05_r0,False,4,10,4,6,0.0,0.5,0.5,0.1111111111111111,0.09090909090909091,0.9090909090909091
GeoExplorer-anchor0624,swissviewmonuments,6,img280_d6_s19_g05_r0,False,2,10,6,4,0.6666666666666666,0.7,0.3,0.2222222222222222,0.18181818181818182,0.8181818181818182
GeoExplorer-anchor0624,swissviewmonuments,4,img281_d4_s22_g06_r0,True,0,4,4,0,1.0,1.0,0.0,0.0,0.0,1.0
GeoExplorer-anchor0624,swissviewmonuments,6,img281_d6_s24_g06_r0,True,0,6,6,0,1.0,1.0,0.0,0.0,0.0,1.0
GeoExplorer-anchor0624,swissviewmonuments,4,img282_d4_s15_g07_r0,False,2,10,4,6,0.5,0.6,0.4,0.6666666666666666,0.5454545454545454,0.45454545454545453
GeoExplorer-anchor0624,swissviewmonuments,4,img283_d4_s16_g08_r0,True,0,8,4,4,1.0,0.75,0.25,0.14285714285714285,0.1111111111111111,0.8888888888888888
GeoExplorer-anchor0624,swissviewmonuments,6,img283_d6_s20_g08_r0,True,0,6,6,0,1.0,1.0,0.0,0.0,0.0,1.0
GeoExplorer-anchor0624,swissviewmonuments,4,img284_d4_s23_g09_r0,False,4,10,4,6,0.0,0.5,0.5,0.3333333333333333,0.2727272727272727,0.7272727272727273
GeoExplorer-anchor0624,swissviewmonuments,6,img284_d6_s21_g09_r0,False,4,10,6,4,0.3333333333333333,0.6,0.4,0.2222222222222222,0.18181818181818182,0.8181818181818182
GeoExplorer-anchor0624,swissviewmonuments,4,img285_d4_s18_g10_r0,True,0,8,4,4,1.0,0.75,0.25,0.0,0.0,1.0
GeoExplorer-anchor0624,swissviewmonuments,6,img285_d6_s24_g10_r0,True,0,10,6,4,1.0,0.8,0.2,0.0,0.0,1.0
GeoExplorer-anchor0624,swissviewmonuments,4,img286_d4_s19_g11_r0,False,2,10,4,6,0.5,0.6,0.4,0.1111111111111111,0.09090909090909091,0.9090909090909091
GeoExplorer-anchor0624,swissviewmonuments,4,img287_d4_s20_g12_r0,True,0,4,4,0,1.0,1.0,0.0,0.0,0.0,1.0
GeoExplorer-anchor0624,swissviewmonuments,4,img288_d4_s01_g13_r0,False,2,10,4,6,0.5,0.6,0.4,0.2222222222222222,0.18181818181818182,0.8181818181818182
GeoExplorer-anchor0624,swissviewmonuments,4,img289_d4_s22_g14_r0,False,6,10,4,6,-0.5,0.4,0.6,0.1111111111111111,0.09090909090909091,0.9090909090909091
GeoExplorer-anchor0624,swissviewmonuments,6,img289_d6_s20_g14_r0,True,0,6,6,0,1.0,1.0,0.0,0.0,0.0,1.0
GeoExplorer-anchor0624,swissviewmonuments,4,img290_d4_s23_g15_r0,False,4,10,4,6,0.0,0.5,0.5,0.0,0.0,1.0
GeoExplorer-anchor0624,swissviewmonuments,6,img290_d6_s03_g15_r0,False,2,10,6,4,0.6666666666666666,0.7,0.3,0.3333333333333333,0.2727272727272727,0.7272727272727273
GeoExplorer-anchor0624,swissviewmonuments,4,img291_d4_s24_g16_r0,False,2,10,4,6,0.5,0.6,0.4,0.0,0.0,1.0
GeoExplorer-anchor0624,swissviewmonuments,6,img291_d6_s04_g16_r0,True,0,6,6,0,1.0,1.0,0.0,0.0,0.0,1.0
GeoExplorer-anchor0624,swissviewmonuments,4,img292_d4_s03_g17_r0,False,2,10,4,6,0.5,0.6,0.4,0.1111111111111111,0.18181818181818182,0.8181818181818182
GeoExplorer-anchor0624,swissviewmonuments,4,img293_d4_s06_g18_r0,False,2,10,4,6,0.5,0.6,0.4,0.3333333333333333,0.2727272727272727,0.7272727272727273
GeoExplorer-anchor0624,swissviewmonuments,6,img293_d6_s00_g18_r0,True,0,6,6,0,1.0,1.0,0.0,0.0,0.0,1.0
GeoExplorer-anchor0624,swissviewmonuments,4,img294_d4_s21_g19_r0,False,2,10,4,6,0.5,0.6,0.4,0.2222222222222222,0.18181818181818182,0.8181818181818182
GeoExplorer-anchor0624,swissviewmonuments,6,img294_d6_s05_g19_r0,False,2,10,6,4,0.6666666666666666,0.7,0.3,0.3333333333333333,0.2727272727272727,0.7272727272727273
GeoExplorer-anchor0624,swissviewmonuments,4,img295_d4_s00_g20_r0,False,4,10,4,6,0.0,0.5,0.5,0.2222222222222222,0.18181818181818182,0.8181818181818182
GeoExplorer-anchor0624,swissviewmonuments,6,img295_d6_s14_g20_r0,True,0,6,6,0,1.0,1.0,0.0,0.0,0.0,1.0
GeoExplorer-anchor0624,swissviewmonuments,8,img295_d8_s04_g20_r0,True,0,8,8,0,1.0,1.0,0.0,0.0,0.0,1.0
GeoExplorer-anchor0624,swissviewmonuments,4,img296_d4_s05_g21_r0,False,4,10,4,6,0.0,0.5,0.5,0.2222222222222222,0.18181818181818182,0.8181818181818182
GeoExplorer-anchor0624,swissviewmonuments,6,img296_d6_s09_g21_r0,True,0,6,6,0,1.0,1.0,0.0,0.0,0.0,1.0
GeoExplorer-anchor0624,swissviewmonuments,4,img297_d4_s10_g22_r0,False,6,10,4,6,-0.5,0.4,0.6,0.2222222222222222,0.18181818181818182,0.8181818181818182
GeoExplorer-anchor0624,swissviewmonuments,6,img297_d6_s00_g22_r0,False,2,10,6,4,0.6666666666666666,0.7,0.3,0.1111111111111111,0.09090909090909091,0.9090909090909091
GeoExplorer-anchor0624,swissviewmonuments,4,img298_d4_s03_g23_r0,False,2,10,4,6,0.5,0.6,0.4,0.2222222222222222,0.18181818181818182,0.8181818181818182
GeoExplorer-anchor0624,swissviewmonuments,6,img298_d6_s01_g23_r0,True,0,6,6,0,1.0,1.0,0.0,0.0,0.0,1.0
GeoExplorer-anchor0624,swissviewmonuments,4,img299_d4_s12_g24_r0,False,4,10,4,6,0.0,0.5,0.5,0.2222222222222222,0.18181818181818182,0.8181818181818182
GeoExplorer-anchor0624,swissviewmonuments,6,img299_d6_s06_g24_r0,True,0,6,6,0,1.0,1.0,0.0,0.0,0.0,1.0
GeoExplorer-anchor0624,swissviewmonuments,8,img299_d8_s00_g24_r0,True,0,8,8,0,1.0,1.0,0.0,0.0,0.0,1.0
GeoExplorer-anchor0624,swissviewmonuments,4,img300_d4_s16_g00_r0,False,6,10,4,6,-0.5,0.4,0.6,0.1111111111111111,0.18181818181818182,0.8181818181818182
GeoExplorer-anchor0624,swissviewmonuments,6,img300_d6_s18_g00_r0,True,0,6,6,0,1.0,1.0,0.0,0.0,0.0,1.0
GeoExplorer-anchor0624,swissviewmonuments,8,img300_d8_s24_g00_r0,True,0,8,8,0,1.0,1.0,0.0,0.0,0.0,1.0
GeoExplorer-anchor0624,swissviewmonuments,4,img301_d4_s21_g01_r0,False,6,10,4,6,-0.5,0.4,0.6,0.5555555555555556,0.45454545454545453,0.5454545454545454
GeoExplorer-anchor0624,swissviewmonuments,6,img301_d6_s23_g01_r0,True,0,6,6,0,1.0,1.0,0.0,0.0,0.0,1.0
GeoExplorer-anchor0624,swissviewmonuments,4,img302_d4_s18_g02_r0,False,2,10,4,6,0.5,0.6,0.4,0.2222222222222222,0.2727272727272727,0.7272727272727273
GeoExplorer-anchor0624,swissviewmonuments,6,img302_d6_s20_g02_r0,False,4,10,6,4,0.3333333333333333,0.6,0.4,0.0,0.0,1.0
GeoExplorer-anchor0624,swissviewmonuments,4,img303_d4_s17_g03_r0,True,0,8,4,4,1.0,0.75,0.25,0.0,0.0,1.0
GeoExplorer-anchor0624,swissviewmonuments,6,img303_d6_s21_g03_r0,True,0,6,6,0,1.0,1.0,0.0,0.0,0.0,1.0
GeoExplorer-anchor0624,swissviewmonuments,4,img304_d4_s06_g04_r0,False,4,10,4,6,0.0,0.5,0.5,0.3333333333333333,0.2727272727272727,0.7272727272727273
GeoExplorer-anchor0624,swissviewmonuments,6,img304_d6_s10_g04_r0,False,4,10,6,4,0.3333333333333333,0.6,0.4,0.3333333333333333,0.2727272727272727,0.7272727272727273
GeoExplorer-anchor0624,swissviewmonuments,8,img304_d8_s20_g04_r0,True,0,8,8,0,1.0,1.0,0.0,0.0,0.0,1.0
GeoExplorer-anchor0624,swissviewmonuments,4,img305_d4_s17_g05_r0,True,0,4,4,0,1.0,1.0,0.0,0.0,0.0,1.0
GeoExplorer-anchor0624,swissviewmonuments,6,img305_d6_s19_g05_r0,True,0,6,6,0,1.0,1.0,0.0,0.0,0.0,1.0
GeoExplorer-anchor0624,swissviewmonuments,4,img306_d4_s18_g06_r0,True,0,4,4,0,1.0,1.0,0.0,0.0,0.0,1.0
GeoExplorer-anchor0624,swissviewmonuments,6,img306_d6_s24_g06_r0,False,2,10,6,4,0.6666666666666666,0.7,0.3,0.1111111111111111,0.09090909090909091,0.9090909090909091
GeoExplorer-anchor0624,swissviewmonuments,4,img307_d4_s21_g07_r0,False,4,10,4,6,0.0,0.5,0.5,0.4444444444444444,0.5454545454545454,0.45454545454545453
GeoExplorer-anchor0624,swissviewmonuments,4,img308_d4_s16_g08_r0,False,4,10,4,6,0.0,0.5,0.5,0.4444444444444444,0.45454545454545453,0.5454545454545454
GeoExplorer-anchor0624,swissviewmonuments,6,img308_d6_s20_g08_r0,False,4,10,6,4,0.3333333333333333,0.6,0.4,0.5555555555555556,0.45454545454545453,0.5454545454545454
GeoExplorer-anchor0624,swissviewmonuments,4,img309_d4_s05_g09_r0,False,2,10,4,6,0.5,0.6,0.4,0.1111111111111111,0.09090909090909091,0.9090909090909091
GeoExplorer-anchor0624,swissviewmonuments,6,img309_d6_s21_g09_r0,True,0,8,6,2,1.0,0.875,0.125,0.0,0.0,1.0
GeoExplorer-anchor0624,swissviewmonuments,4,img310_d4_s14_g10_r0,False,4,10,4,6,0.0,0.5,0.5,0.1111111111111111,0.18181818181818182,0.8181818181818182
GeoExplorer-anchor0624,swissviewmonuments,6,img310_d6_s24_g10_r0,True,0,10,6,4,1.0,0.8,0.2,0.0,0.0,1.0
GeoExplorer-anchor0624,swissviewmonuments,4,img311_d4_s23_g11_r0,False,2,10,4,6,0.5,0.6,0.4,0.0,0.0,1.0
GeoExplorer-anchor0624,swissviewmonuments,4,img312_d4_s00_g12_r0,True,0,4,4,0,1.0,1.0,0.0,0.0,0.0,1.0
GeoExplorer-anchor0624,swissviewmonuments,4,img313_d4_s01_g13_r0,False,2,10,4,6,0.5,0.6,0.4,0.3333333333333333,0.2727272727272727,0.7272727272727273
GeoExplorer-anchor0624,swissviewmonuments,4,img314_d4_s16_g14_r0,False,2,10,4,6,0.5,0.6,0.4,0.4444444444444444,0.45454545454545453,0.5454545454545454
GeoExplorer-anchor0624,swissviewmonuments,6,img314_d6_s00_g14_r0,False,2,10,6,4,0.6666666666666666,0.7,0.3,0.2222222222222222,0.18181818181818182,0.8181818181818182
GeoExplorer-anchor0624,swissviewmonuments,4,img315_d4_s19_g15_r0,True,0,6,4,2,1.0,0.8333333333333334,0.16666666666666666,0.0,0.0,1.0
GeoExplorer-anchor0624,swissviewmonuments,6,img315_d6_s09_g15_r0,False,2,10,6,4,0.6666666666666666,0.7,0.3,0.3333333333333333,0.2727272727272727,0.7272727272727273
GeoExplorer-anchor0624,swissviewmonuments,4,img316_d4_s14_g16_r0,True,0,4,4,0,1.0,1.0,0.0,0.0,0.0,1.0
GeoExplorer-anchor0624,swissviewmonuments,6,img316_d6_s04_g16_r0,True,0,6,6,0,1.0,1.0,0.0,0.0,0.0,1.0
GeoExplorer-anchor0624,swissviewmonuments,4,img317_d4_s03_g17_r0,False,2,10,4,6,0.5,0.6,0.4,0.2222222222222222,0.18181818181818182,0.8181818181818182
GeoExplorer-anchor0624,swissviewmonuments,4,img318_d4_s10_g18_r0,False,2,10,4,6,0.5,0.6,0.4,0.2222222222222222,0.2727272727272727,0.7272727272727273
GeoExplorer-anchor0624,swissviewmonuments,6,img318_d6_s00_g18_r0,True,0,6,6,0,1.0,1.0,0.0,0.0,0.0,1.0
GeoExplorer-anchor0624,swissviewmonuments,4,img319_d4_s11_g19_r0,False,2,10,4,6,0.5,0.6,0.4,0.5555555555555556,0.45454545454545453,0.5454545454545454
GeoExplorer-anchor0624,swissviewmonuments,6,img319_d6_s05_g19_r0,False,2,10,6,4,0.6666666666666666,0.7,0.3,0.3333333333333333,0.2727272727272727,0.7272727272727273
GeoExplorer-anchor0624,swissviewmonuments,4,img320_d4_s18_g20_r0,False,6,10,4,6,-0.5,0.4,0.6,0.0,0.0,1.0
GeoExplorer-anchor0624,swissviewmonuments,6,img320_d6_s08_g20_r0,True,0,6,6,0,1.0,1.0,0.0,0.0,0.0,1.0
GeoExplorer-anchor0624,swissviewmonuments,8,img320_d8_s04_g20_r0,True,0,8,8,0,1.0,1.0,0.0,0.0,0.0,1.0
GeoExplorer-anchor0624,swissviewmonuments,4,img321_d4_s07_g21_r0,False,2,10,4,6,0.5,0.6,0.4,0.2222222222222222,0.36363636363636365,0.6363636363636364
GeoExplorer-anchor0624,swissviewmonuments,6,img321_d6_s09_g21_r0,True,0,6,6,0,1.0,1.0,0.0,0.0,0.0,1.0
GeoExplorer-anchor0624,swissviewmonuments,4,img322_d4_s14_g22_r0,False,2,10,4,6,0.5,0.6,0.4,0.1111111111111111,0.2727272727272727,0.7272727272727273
GeoExplorer-anchor0624,swissviewmonuments,6,img322_d6_s00_g22_r0,True,0,6,6,0,1.0,1.0,0.0,0.0,0.0,1.0
GeoExplorer-anchor0624,swissviewmonuments,4,img323_d4_s09_g23_r0,True,0,8,4,4,1.0,0.75,0.25,0.0,0.0,1.0
GeoExplorer-anchor0624,swissviewmonuments,6,img323_d6_s01_g23_r0,True,0,6,6,0,1.0,1.0,0.0,0.0,0.0,1.0
GeoExplorer-anchor0624,swissviewmonuments,4,img324_d4_s20_g24_r0,False,4,10,4,6,0.0,0.5,0.5,0.2222222222222222,0.18181818181818182,0.8181818181818182
GeoExplorer-anchor0624,swissviewmonuments,6,img324_d6_s06_g24_r0,True,0,6,6,0,1.0,1.0,0.0,0.0,0.0,1.0
GeoExplorer-anchor0624,swissviewmonuments,8,img324_d8_s00_g24_r0,True,0,8,8,0,1.0,1.0,0.0,0.0,0.0,1.0
GeoExplorer-anchor0624,swissviewmonuments,4,img325_d4_s20_g00_r0,False,6,10,4,6,-0.5,0.4,0.6,0.1111111111111111,0.09090909090909091,0.9090909090909091
GeoExplorer-anchor0624,swissviewmonuments,6,img325_d6_s14_g00_r0,False,4,10,6,4,0.3333333333333333,0.6,0.4,0.3333333333333333,0.2727272727272727,0.7272727272727273
GeoExplorer-anchor0624,swissviewmonuments,8,img325_d8_s24_g00_r0,True,0,8,8,0,1.0,1.0,0.0,0.0,0.0,1.0
GeoExplorer-anchor0624,swissviewmonuments,4,img326_d4_s17_g01_r0,False,6,10,4,6,-0.5,0.4,0.6,0.1111111111111111,0.18181818181818182,0.8181818181818182
GeoExplorer-anchor0624,swissviewmonuments,6,img326_d6_s23_g01_r0,False,2,10,6,4,0.6666666666666666,0.7,0.3,0.3333333333333333,0.2727272727272727,0.7272727272727273
GeoExplorer-anchor0624,swissviewmonuments,4,img327_d4_s14_g02_r0,False,6,10,4,6,-0.5,0.4,0.6,0.1111111111111111,0.09090909090909091,0.9090909090909091
GeoExplorer-anchor0624,swissviewmonuments,6,img327_d6_s20_g02_r0,False,4,10,6,4,0.3333333333333333,0.6,0.4,0.1111111111111111,0.09090909090909091,0.9090909090909091
GeoExplorer-anchor0624,swissviewmonuments,4,img328_d4_s11_g03_r0,False,4,10,4,6,0.0,0.5,0.5,0.4444444444444444,0.36363636363636365,0.6363636363636364
GeoExplorer-anchor0624,swissviewmonuments,6,img328_d6_s21_g03_r0,False,2,10,6,4,0.6666666666666666,0.7,0.3,0.3333333333333333,0.2727272727272727,0.7272727272727273
GeoExplorer-anchor0624,swissviewmonuments,4,img329_d4_s18_g04_r0,False,4,10,4,6,0.0,0.5,0.5,0.5555555555555556,0.45454545454545453,0.5454545454545454
GeoExplorer-anchor0624,swissviewmonuments,6,img329_d6_s16_g04_r0,False,2,10,6,4,0.6666666666666666,0.7,0.3,0.3333333333333333,0.36363636363636365,0.6363636363636364
GeoExplorer-anchor0624,swissviewmonuments,8,img329_d8_s20_g04_r0,True,0,8,8,0,1.0,1.0,0.0,0.0,0.0,1.0
GeoExplorer-anchor0624,swissviewmonuments,4,img330_d4_s09_g05_r0,False,4,10,4,6,0.0,0.5,0.5,0.3333333333333333,0.2727272727272727,0.7272727272727273
GeoExplorer-anchor0624,swissviewmonuments,6,img330_d6_s19_g05_r0,True,0,8,6,2,1.0,0.875,0.125,0.0,0.0,1.0
GeoExplorer-anchor0624,swissviewmonuments,4,img331_d4_s22_g06_r0,False,2,10,4,6,0.5,0.6,0.4,0.2222222222222222,0.2727272727272727,0.7272727272727273
GeoExplorer-anchor0624,swissviewmonuments,6,img331_d6_s24_g06_r0,True,0,6,6,0,1.0,1.0,0.0,0.0,0.0,1.0
GeoExplorer-anchor0624,swissviewmonuments,4,img332_d4_s23_g07_r0,False,2,10,4,6,0.5,0.6,0.4,0.2222222222222222,0.18181818181818182,0.8181818181818182
GeoExplorer-anchor0624,swissviewmonuments,4,img333_d4_s10_g08_r0,False,4,10,4,6,0.0,0.5,0.5,0.3333333333333333,0.2727272727272727,0.7272727272727273
GeoExplorer-anchor0624,swissviewmonuments,6,img333_d6_s20_g08_r0,True,0,6,6,0,1.0,1.0,0.0,0.0,0.0,1.0
GeoExplorer-anchor0624,swissviewmonuments,4,img334_d4_s17_g09_r0,False,6,10,4,6,-0.5,0.4,0.6,0.3333333333333333,0.36363636363636365,0.6363636363636364
GeoExplorer-anchor0624,swissviewmonuments,6,img334_d6_s21_g09_r0,False,2,10,6,4,0.6666666666666666,0.7,0.3,0.4444444444444444,0.45454545454545453,0.5454545454545454
GeoExplorer-anchor0624,swissviewmonuments,4,img335_d4_s18_g10_r0,False,2,10,4,6,0.5,0.6,0.4,0.3333333333333333,0.2727272727272727,0.7272727272727273
GeoExplorer-anchor0624,swissviewmonuments,6,img335_d6_s24_g10_r0,False,2,10,6,4,0.6666666666666666,0.7,0.3,0.1111111111111111,0.09090909090909091,0.9090909090909091
GeoExplorer-anchor0624,swissviewmonuments,4,img336_d4_s09_g11_r0,False,2,10,4,6,0.5,0.6,0.4,0.2222222222222222,0.18181818181818182,0.8181818181818182
GeoExplorer-anchor0624,swissviewmonuments,4,img337_d4_s00_g12_r0,False,4,10,4,6,0.0,0.5,0.5,0.1111111111111111,0.09090909090909091,0.9090909090909091
GeoExplorer-anchor0624,swissviewmonuments,4,img338_d4_s01_g13_r0,False,2,10,4,6,0.5,0.6,0.4,0.2222222222222222,0.18181818181818182,0.8181818181818182
GeoExplorer-anchor0624,swissviewmonuments,4,img339_d4_s06_g14_r0,False,2,10,4,6,0.5,0.6,0.4,0.2222222222222222,0.2727272727272727,0.7272727272727273
GeoExplorer-anchor0624,swissviewmonuments,6,img339_d6_s00_g14_r0,False,2,10,6,4,0.6666666666666666,0.7,0.3,0.1111111111111111,0.09090909090909091,0.9090909090909091
GeoExplorer-anchor0624,swissviewmonuments,4,img340_d4_s13_g15_r0,True,0,6,4,2,1.0,0.8333333333333334,0.16666666666666666,0.0,0.0,1.0
GeoExplorer-anchor0624,swissviewmonuments,6,img340_d6_s09_g15_r0,False,2,10,6,4,0.6666666666666666,0.7,0.3,0.3333333333333333,0.2727272727272727,0.7272727272727273
GeoExplorer-anchor0624,swissviewmonuments,4,img341_d4_s14_g16_r0,False,2,10,4,6,0.5,0.6,0.4,0.2222222222222222,0.18181818181818182,0.8181818181818182
GeoExplorer-anchor0624,swissviewmonuments,6,img341_d6_s04_g16_r0,False,2,10,6,4,0.6666666666666666,0.7,0.3,0.1111111111111111,0.09090909090909091,0.9090909090909091
GeoExplorer-anchor0624,swissviewmonuments,4,img342_d4_s01_g17_r0,True,0,4,4,0,1.0,1.0,0.0,0.0,0.0,1.0
GeoExplorer-anchor0624,swissviewmonuments,4,img343_d4_s02_g18_r0,False,2,10,4,6,0.5,0.6,0.4,0.4444444444444444,0.36363636363636365,0.6363636363636364
GeoExplorer-anchor0624,swissviewmonuments,6,img343_d6_s00_g18_r0,True,0,6,6,0,1.0,1.0,0.0,0.0,0.0,1.0
GeoExplorer-anchor0624,swissviewmonuments,4,img344_d4_s03_g19_r0,False,4,10,4,6,0.0,0.5,0.5,0.3333333333333333,0.2727272727272727,0.7272727272727273
GeoExplorer-anchor0624,swissviewmonuments,6,img344_d6_s01_g19_r0,True,0,8,6,2,1.0,0.875,0.125,0.0,0.0,1.0
GeoExplorer-anchor0624,swissviewmonuments,4,img345_d4_s12_g20_r0,False,4,10,4,6,0.0,0.5,0.5,0.3333333333333333,0.45454545454545453,0.5454545454545454
GeoExplorer-anchor0624,swissviewmonuments,6,img345_d6_s14_g20_r0,True,0,6,6,0,1.0,1.0,0.0,0.0,0.0,1.0
GeoExplorer-anchor0624,swissviewmonuments,8,img345_d8_s04_g20_r0,True,0,8,8,0,1.0,1.0,0.0,0.0,0.0,1.0
GeoExplorer-anchor0624,swissviewmonuments,4,img346_d4_s19_g21_r0,False,4,10,4,6,0.0,0.5,0.5,0.2222222222222222,0.18181818181818182,0.8181818181818182
GeoExplorer-anchor0624,swissviewmonuments,6,img346_d6_s09_g21_r0,True,0,6,6,0,1.0,1.0,0.0,0.0,0.0,1.0
GeoExplorer-anchor0624,swissviewmonuments,4,img347_d4_s10_g22_r0,True,0,4,4,0,1.0,1.0,0.0,0.0,0.0,1.0
GeoExplorer-anchor0624,swissviewmonuments,6,img347_d6_s04_g22_r0,True,0,6,6,0,1.0,1.0,0.0,0.0,0.0,1.0
GeoExplorer-anchor0624,swissviewmonuments,4,img348_d4_s15_g23_r0,False,4,10,4,6,0.0,0.5,0.5,0.2222222222222222,0.2727272727272727,0.7272727272727273
GeoExplorer-anchor0624,swissviewmonuments,6,img348_d6_s01_g23_r0,True,0,6,6,0,1.0,1.0,0.0,0.0,0.0,1.0
GeoExplorer-anchor0624,swissviewmonuments,4,img349_d4_s20_g24_r0,False,4,10,4,6,0.0,0.5,0.5,0.0,0.0,1.0
GeoExplorer-anchor0624,swissviewmonuments,6,img349_d6_s02_g24_r0,True,0,6,6,0,1.0,1.0,0.0,0.0,0.0,1.0
GeoExplorer-anchor0624,swissviewmonuments,8,img349_d8_s00_g24_r0,True,0,8,8,0,1.0,1.0,0.0,0.0,0.0,1.0
GeoExplorer-anchor0624,swissviewmonuments,4,img350_d4_s12_g00_r0,True,0,4,4,0,1.0,1.0,0.0,0.0,0.0,1.0
GeoExplorer-anchor0624,swissviewmonuments,6,img350_d6_s18_g00_r0,True,0,6,6,0,1.0,1.0,0.0,0.0,0.0,1.0
GeoExplorer-anchor0624,swissviewmonuments,8,img350_d8_s24_g00_r0,True,0,8,8,0,1.0,1.0,0.0,0.0,0.0,1.0
GeoExplorer-anchor0624,swissviewmonuments,4,img351_d4_s13_g01_r0,True,0,4,4,0,1.0,1.0,0.0,0.0,0.0,1.0
GeoExplorer-anchor0624,swissviewmonuments,6,img351_d6_s23_g01_r0,True,0,6,6,0,1.0,1.0,0.0,0.0,0.0,1.0
GeoExplorer-anchor0624,swissviewmonuments,4,img352_d4_s16_g02_r0,False,4,10,4,6,0.0,0.5,0.5,0.3333333333333333,0.2727272727272727,0.7272727272727273
GeoExplorer-anchor0624,swissviewmonuments,6,img352_d6_s20_g02_r0,False,2,10,6,4,0.6666666666666666,0.7,0.3,0.1111111111111111,0.09090909090909091,0.9090909090909091
GeoExplorer-anchor0624,swissviewmonuments,4,img353_d4_s05_g03_r0,True,0,4,4,0,1.0,1.0,0.0,0.0,0.0,1.0
GeoExplorer-anchor0624,swissviewmonuments,6,img353_d6_s15_g03_r0,True,0,10,6,4,1.0,0.8,0.2,0.2222222222222222,0.18181818181818182,0.8181818181818182
GeoExplorer-anchor0624,swissviewmonuments,4,img354_d4_s06_g04_r0,False,6,10,4,6,-0.5,0.4,0.6,0.3333333333333333,0.2727272727272727,0.7272727272727273
GeoExplorer-anchor0624,swissviewmonuments,6,img354_d6_s10_g04_r0,False,4,10,6,4,0.3333333333333333,0.6,0.4,0.3333333333333333,0.36363636363636365,0.6363636363636364
GeoExplorer-anchor0624,swissviewmonuments,8,img354_d8_s20_g04_r0,False,2,10,8,2,0.75,0.8,0.2,0.0,0.09090909090909091,0.9090909090909091
GeoExplorer-anchor0624,swissviewmonuments,4,img355_d4_s13_g05_r0,False,6,10,4,6,-0.5,0.4,0.6,0.2222222222222222,0.18181818181818182,0.8181818181818182
GeoExplorer-anchor0624,swissviewmonuments,6,img355_d6_s23_g05_r0,False,2,10,6,4,0.6666666666666666,0.7,0.3,0.3333333333333333,0.2727272727272727,0.7272727272727273
GeoExplorer-anchor0624,swissviewmonuments,4,img356_d4_s22_g06_r0,True,0,4,4,0,1.0,1.0,0.0,0.0,0.0,1.0
GeoExplorer-anchor0624,swissviewmonuments,6,img356_d6_s24_g06_r0,True,0,6,6,0,1.0,1.0,0.0,0.0,0.0,1.0
GeoExplorer-anchor0624,swissviewmonuments,4,img357_d4_s15_g07_r0,False,2,10,4,6,0.5,0.6,0.4,0.2222222222222222,0.18181818181818182,0.8181818181818182
GeoExplorer-anchor0624,swissviewmonuments,4,img358_d4_s16_g08_r0,False,2,10,4,6,0.5,0.6,0.4,0.2222222222222222,0.2727272727272727,0.7272727272727273
GeoExplorer-anchor0624,swissviewmonuments,6,img358_d6_s20_g08_r0,False,2,10,6,4,0.6666666666666666,0.7,0.3,0.1111111111111111,0.09090909090909091,0.9090909090909091
GeoExplorer-anchor0624,swissviewmonuments,4,img359_d4_s23_g09_r0,False,4,10,4,6,0.0,0.5,0.5,0.1111111111111111,0.18181818181818182,0.8181818181818182
GeoExplorer-anchor0624,swissviewmonuments,6,img359_d6_s15_g09_r0,True,0,8,6,2,1.0,0.875,0.125,0.0,0.0,1.0
GeoExplorer-anchor0624,swissviewmonuments,4,img360_d4_s22_g10_r0,False,6,10,4,6,-0.5,0.4,0.6,0.2222222222222222,0.2727272727272727,0.7272727272727273
GeoExplorer-anchor0624,swissviewmonuments,6,img360_d6_s24_g10_r0,False,2,10,6,4,0.6666666666666666,0.7,0.3,0.2222222222222222,0.18181818181818182,0.8181818181818182
GeoExplorer-anchor0624,swissviewmonuments,4,img361_d4_s03_g11_r0,True,0,4,4,0,1.0,1.0,0.0,0.0,0.0,1.0
GeoExplorer-anchor0624,swissviewmonuments,4,img362_d4_s00_g12_r0,False,4,10,4,6,0.0,0.5,0.5,0.1111111111111111,0.09090909090909091,0.9090909090909091
GeoExplorer-anchor0624,swissviewmonuments,4,img363_d4_s05_g13_r0,True,0,4,4,0,1.0,1.0,0.0,0.0,0.0,1.0
GeoExplorer-anchor0624,swissviewmonuments,4,img364_d4_s16_g14_r0,False,2,10,4,6,0.5,0.6,0.4,0.3333333333333333,0.2727272727272727,0.7272727272727273
GeoExplorer-anchor0624,swissviewmonuments,6,img364_d6_s20_g14_r0,False,2,10,6,4,0.6666666666666666,0.7,0.3,0.1111111111111111,0.09090909090909091,0.9090909090909091
GeoExplorer-anchor0624,swissviewmonuments,4,img365_d4_s07_g15_r0,False,4,10,4,6,0.0,0.5,0.5,0.3333333333333333,0.36363636363636365,0.6363636363636364
GeoExplorer-anchor0624,swissviewmonuments,6,img365_d6_s09_g15_r0,True,0,8,6,2,1.0,0.875,0.125,0.0,0.0,1.0
GeoExplorer-anchor0624,swissviewmonuments,4,img366_d4_s14_g16_r0,True,0,4,4,0,1.0,1.0,0.0,0.0,0.0,1.0
GeoExplorer-anchor0624,swissviewmonuments,6,img366_d6_s04_g16_r0,True,0,6,6,0,1.0,1.0,0.0,0.0,0.0,1.0
GeoExplorer-anchor0624,swissviewmonuments,4,img367_d4_s05_g17_r0,False,2,10,4,6,0.5,0.6,0.4,0.2222222222222222,0.18181818181818182,0.8181818181818182
GeoExplorer-anchor0624,swissviewmonuments,4,img368_d4_s10_g18_r0,True,0,4,4,0,1.0,1.0,0.0,0.0,0.0,1.0
GeoExplorer-anchor0624,swissviewmonuments,6,img368_d6_s00_g18_r0,False,2,10,6,4,0.6666666666666666,0.7,0.3,0.1111111111111111,0.09090909090909091,0.9090909090909091
GeoExplorer-anchor0624,swissviewmonuments,4,img369_d4_s21_g19_r0,True,0,8,4,4,1.0,0.75,0.25,0.0,0.0,1.0
GeoExplorer-anchor0624,swissviewmonuments,6,img369_d6_s05_g19_r0,True,0,8,6,2,1.0,0.875,0.125,0.0,0.0,1.0
GeoExplorer-anchor0624,swissviewmonuments,4,img370_d4_s12_g20_r0,False,4,10,4,6,0.0,0.5,0.5,0.3333333333333333,0.2727272727272727,0.7272727272727273
GeoExplorer-anchor0624,swissviewmonuments,6,img370_d6_s02_g20_r0,False,2,10,6,4,0.6666666666666666,0.7,0.3,0.1111111111111111,0.18181818181818182,0.8181818181818182
GeoExplorer-anchor0624,swissviewmonuments,8,img370_d8_s04_g20_r0,True,0,8,8,0,1.0,1.0,0.0,0.0,0.0,1.0
GeoExplorer-anchor0624,swissviewmonuments,4,img371_d4_s01_g21_r0,True,0,4,4,0,1.0,1.0,0.0,0.0,0.0,1.0
GeoExplorer-anchor0624,swissviewmonuments,6,img371_d6_s03_g21_r0,True,0,6,6,0,1.0,1.0,0.0,0.0,0.0,1.0
GeoExplorer-anchor0624,swissviewmonuments,4,img372_d4_s02_g22_r0,True,0,4,4,0,1.0,1.0,0.0,0.0,0.0,1.0
GeoExplorer-anchor0624,swissviewmonuments,6,img372_d6_s04_g22_r0,False,2,10,6,4,0.6666666666666666,0.7,0.3,0.1111111111111111,0.09090909090909091,0.9090909090909091
GeoExplorer-anchor0624,swissviewmonuments,4,img373_d4_s03_g23_r0,False,4,10,4,6,0.0,0.5,0.5,0.2222222222222222,0.18181818181818182,0.8181818181818182
GeoExplorer-anchor0624,swissviewmonuments,6,img373_d6_s05_g23_r0,True,0,6,6,0,1.0,1.0,0.0,0.0,0.0,1.0
GeoExplorer-anchor0624,swissviewmonuments,4,img374_d4_s12_g24_r0,False,4,10,4,6,0.0,0.5,0.5,0.5555555555555556,0.45454545454545453,0.5454545454545454
GeoExplorer-anchor0624,swissviewmonuments,6,img374_d6_s06_g24_r0,True,0,6,6,0,1.0,1.0,0.0,0.0,0.0,1.0
GeoExplorer-anchor0624,swissviewmonuments,8,img374_d8_s00_g24_r0,True,0,8,8,0,1.0,1.0,0.0,0.0,0.0,1.0
GOMAA-Geo,swissviewmonuments,4,img000_d4_s08_g00_r0,True,0,4,4,0,1.0,1.0,0.0,0.0,0.0,1.0
GOMAA-Geo,swissviewmonuments,6,img000_d6_s14_g00_r0,True,0,6,6,0,1.0,1.0,0.0,0.0,0.0,1.0
GOMAA-Geo,swissviewmonuments,8,img000_d8_s24_g00_r0,True,0,8,8,0,1.0,1.0,0.0,0.0,0.0,1.0
GOMAA-Geo,swissviewmonuments,4,img001_d4_s21_g01_r0,False,2,10,4,6,0.5,0.6,0.4,0.1111111111111111,0.18181818181818182,0.8181818181818182
GOMAA-Geo,swissviewmonuments,6,img001_d6_s19_g01_r0,True,0,6,6,0,1.0,1.0,0.0,0.0,0.0,1.0
GOMAA-Geo,swissviewmonuments,4,img002_d4_s14_g02_r0,False,6,10,4,6,-0.5,0.4,0.6,0.1111111111111111,0.09090909090909091,0.9090909090909091
GOMAA-Geo,swissviewmonuments,6,img002_d6_s20_g02_r0,True,0,6,6,0,1.0,1.0,0.0,0.0,0.0,1.0
GOMAA-Geo,swissviewmonuments,4,img003_d4_s23_g03_r0,False,2,10,4,6,0.5,0.6,0.4,0.3333333333333333,0.2727272727272727,0.7272727272727273
GOMAA-Geo,swissviewmonuments,6,img003_d6_s21_g03_r0,True,0,8,6,2,1.0,0.875,0.125,0.14285714285714285,0.1111111111111111,0.8888888888888888
GOMAA-Geo,swissviewmonuments,4,img004_d4_s06_g04_r0,True,0,10,4,6,1.0,0.7,0.3,0.1111111111111111,0.09090909090909091,0.9090909090909091
GOMAA-Geo,swissviewmonuments,6,img004_d6_s10_g04_r0,True,0,6,6,0,1.0,1.0,0.0,0.0,0.0,1.0
GOMAA-Geo,swissviewmonuments,8,img004_d8_s20_g04_r0,True,0,8,8,0,1.0,1.0,0.0,0.0,0.0,1.0
GOMAA-Geo,swissviewmonuments,4,img005_d4_s21_g05_r0,True,0,4,4,0,1.0,1.0,0.0,0.0,0.0,1.0
GOMAA-Geo,swissviewmonuments,6,img005_d6_s19_g05_r0,True,0,8,6,2,1.0,0.875,0.125,0.0,0.0,1.0
GOMAA-Geo,swissviewmonuments,4,img006_d4_s20_g06_r0,False,4,10,4,6,0.0,0.5,0.5,0.2222222222222222,0.18181818181818182,0.8181818181818182
GOMAA-Geo,swissviewmonuments,6,img006_d6_s24_g06_r0,True,0,6,6,0,1.0,1.0,0.0,0.0,0.0,1.0
GOMAA-Geo,swissviewmonuments,4,img007_d4_s19_g07_r0,False,2,10,4,6,0.5,0.6,0.4,0.2222222222222222,0.18181818181818182,0.8181818181818182
GOMAA-Geo,swissviewmonuments,4,img008_d4_s24_g08_r0,False,4,10,4,6,0.0,0.5,0.5,0.2222222222222222,0.18181818181818182,0.8181818181818182
GOMAA-Geo,swissviewmonuments,6,img008_d6_s20_g08_r0,True,0,6,6,0,1.0,1.0,0.0,0.0,0.0,1.0
GOMAA-Geo,swissviewmonuments,4,img009_d4_s23_g09_r0,False,4,10,4,6,0.0,0.5,0.5,0.1111111111111111,0.18181818181818182,0.8181818181818182
GOMAA-Geo,swissviewmonuments,6,img009_d6_s15_g09_r0,True,0,8,6,2,1.0,0.875,0.125,0.0,0.0,1.0
GOMAA-Geo,swissviewmonuments,4,img010_d4_s18_g10_r0,False,2,10,4,6,0.5,0.6,0.4,0.3333333333333333,0.2727272727272727,0.7272727272727273
GOMAA-Geo,swissviewmonuments,6,img010_d6_s24_g10_r0,False,2,10,6,4,0.6666666666666666,0.7,0.3,0.2222222222222222,0.18181818181818182,0.8181818181818182
GOMAA-Geo,swissviewmonuments,4,img011_d4_s03_g11_r0,False,2,10,4,6,0.5,0.6,0.4,0.5555555555555556,0.45454545454545453,0.5454545454545454
GOMAA-Geo,swissviewmonuments,4,img012_d4_s04_g12_r0,False,4,10,4,6,0.0,0.5,0.5,0.0,0.0,1.0
GOMAA-Geo,swissviewmonuments,4,img013_d4_s01_g13_r0,True,0,4,4,0,1.0,1.0,0.0,0.0,0.0,1.0
GOMAA-Geo,swissviewmonuments,4,img014_d4_s10_g14_r0,True,0,8,4,4,1.0,0.75,0.25,0.0,0.0,1.0
GOMAA-Geo,swissviewmonuments,6,img014_d6_s00_g14_r0,False,2,10,6,4,0.6666666666666666,0.7,0.3,0.1111111111111111,0.09090909090909091,0.9090909090909091
GOMAA-Geo,swissviewmonuments,4,img015_d4_s01_g15_r0,False,4,10,4,6,0.0,0.5,0.5,0.2222222222222222,0.18181818181818182,0.8181818181818182
GOMAA-Geo,swissviewmonuments,6,img015_d6_s09_g15_r0,False,2,10,6,4,0.6666666666666666,0.7,0.3,0.3333333333333333,0.2727272727272727,0.7272727272727273
GOMAA-Geo,swissviewmonuments,4,img016_d4_s14_g16_r0,False,2,10,4,6,0.5,0.6,0.4,0.2222222222222222,0.18181818181818182,0.8181818181818182
GOMAA-Geo,swissviewmonuments,6,img016_d6_s04_g16_r0,False,2,10,6,4,0.6666666666666666,0.7,0.3,0.5555555555555556,0.45454545454545453,0.5454545454545454
GOMAA-Geo,swissviewmonuments,4,img017_d4_s09_g17_r0,False,2,10,4,6,0.5,0.6,0.4,0.2222222222222222,0.18181818181818182,0.8181818181818182
GOMAA-Geo,swissviewmonuments,4,img018_d4_s06_g18_r0,True,0,4,4,0,1.0,1.0,0.0,0.0,0.0,1.0
GOMAA-Geo,swissviewmonuments,6,img018_d6_s00_g18_r0,True,0,6,6,0,1.0,1.0,0.0,0.0,0.0,1.0
GOMAA-Geo,swissviewmonuments,4,img019_d4_s03_g19_r0,False,4,10,4,6,0.0,0.5,0.5,0.3333333333333333,0.2727272727272727,0.7272727272727273
GOMAA-Geo,swissviewmonuments,6,img019_d6_s01_g19_r0,True,0,6,6,0,1.0,1.0,0.0,0.0,0.0,1.0
GOMAA-Geo,swissviewmonuments,4,img020_d4_s18_g20_r0,False,4,10,4,6,0.0,0.5,0.5,0.3333333333333333,0.2727272727272727,0.7272727272727273
GOMAA-Geo,swissviewmonuments,6,img020_d6_s02_g20_r0,True,0,6,6,0,1.0,1.0,0.0,0.0,0.0,1.0
GOMAA-Geo,swissviewmonuments,8,img020_d8_s04_g20_r0,False,2,10,8,2,0.75,0.8,0.2,0.3333333333333333,0.2727272727272727,0.7272727272727273
GOMAA-Geo,swissviewmonuments,4,img021_d4_s13_g21_r0,False,4,10,4,6,0.0,0.5,0.5,0.4444444444444444,0.36363636363636365,0.6363636363636364
GOMAA-Geo,swissviewmonuments,6,img021_d6_s03_g21_r0,False,4,10,6,4,0.3333333333333333,0.6,0.4,0.5555555555555556,0.45454545454545453,0.5454545454545454
GOMAA-Geo,swissviewmonuments,4,img022_d4_s08_g22_r0,False,4,10,4,6,0.0,0.5,0.5,0.1111111111111111,0.18181818181818182,0.8181818181818182
GOMAA-Geo,swissviewmonuments,6,img022_d6_s00_g22_r0,True,0,6,6,0,1.0,1.0,0.0,0.0,0.0,1.0
GOMAA-Geo,swissviewmonuments,4,img023_d4_s15_g23_r0,False,4,10,4,6,0.0,0.5,0.5,0.1111111111111111,0.09090909090909091,0.9090909090909091
GOMAA-Geo,swissviewmonuments,6,img023_d6_s01_g23_r0,True,0,6,6,0,1.0,1.0,0.0,0.0,0.0,1.0
GOMAA-Geo,swissviewmonuments,4,img024_d4_s04_g24_r0,True,0,4,4,0,1.0,1.0,0.0,0.0,0.0,1.0
GOMAA-Geo,swissviewmonuments,6,img024_d6_s02_g24_r0,True,0,10,6,4,1.0,0.8,0.2,0.0,0.0,1.0
GOMAA-Geo,swissviewmonuments,8,img024_d8_s00_g24_r0,False,2,10,8,2,0.75,0.8,0.2,0.2222222222222222,0.18181818181818182,0.8181818181818182
GOMAA-Geo,swissviewmonuments,4,img025_d4_s12_g00_r0,True,0,4,4,0,1.0,1.0,0.0,0.0,0.0,1.0
GOMAA-Geo,swissviewmonuments,6,img025_d6_s14_g00_r0,True,0,6,6,0,1.0,1.0,0.0,0.0,0.0,1.0
GOMAA-Geo,swissviewmonuments,8,img025_d8_s24_g00_r0,True,0,8,8,0,1.0,1.0,0.0,0.0,0.0,1.0
GOMAA-Geo,swissviewmonuments,4,img026_d4_s15_g01_r0,True,0,4,4,0,1.0,1.0,0.0,0.0,0.0,1.0
GOMAA-Geo,swissviewmonuments,6,img026_d6_s19_g01_r0,True,0,6,6,0,1.0,1.0,0.0,0.0,0.0,1.0
GOMAA-Geo,swissviewmonuments,4,img027_d4_s10_g02_r0,True,0,4,4,0,1.0,1.0,0.0,0.0,0.0,1.0
GOMAA-Geo,swissviewmonuments,6,img027_d6_s20_g02_r0,True,0,6,6,0,1.0,1.0,0.0,0.0,0.0,1.0
GOMAA-Geo,swissviewmonuments,4,img028_d4_s11_g03_r0,True,0,4,4,0,1.0,1.0,0.0,0.0,0.0,1.0
GOMAA-Geo,swissviewmonuments,6,img028_d6_s15_g03_r0,True,0,6,6,0,1.0,1.0,0.0,0.0,0.0,1.0
GOMAA-Geo,swissviewmonuments,4,img029_d4_s24_g04_r0,True,0,4,4,0,1.0,1.0,0.0,0.0,0.0,1.0
GOMAA-Geo,swissviewmonuments,6,img029_d6_s22_g04_r0,False,2,10,6,4,0.6666666666666666,0.7,0.3,0.2222222222222222,0.2727272727272727,0.7272727272727273
GOMAA-Geo,swissviewmonuments,8,img029_d8_s20_g04_r0,False,2,10,8,2,0.75,0.8,0.2,0.2222222222222222,0.2727272727272727,0.7272727272727273
GOMAA-Geo,swissviewmonuments,4,img030_d4_s17_g05_r0,True,0,4,4,0,1.0,1.0,0.0,0.0,0.0,1.0
GOMAA-Geo,swissviewmonuments,6,img030_d6_s19_g05_r0,True,0,6,6,0,1.0,1.0,0.0,0.0,0.0,1.0
GOMAA-Geo,swissviewmonuments,4,img031_d4_s20_g06_r0,False,2,10,4,6,0.5,0.6,0.4,0.5555555555555556,0.45454545454545453,0.5454545454545454
GOMAA-Geo,swissviewmonuments,6,img031_d6_s24_g06_r0,False,2,10,6,4,0.6666666666666666,0.7,0.3,0.1111111111111111,0.09090909090909091,0.9090909090909091
GOMAA-Geo,swissviewmonuments,4,img032_d4_s23_g07_r0,False,2,10,4,6,0.5,0.6,0.4,0.2222222222222222,0.18181818181818182,0.8181818181818182
GOMAA-Geo,swissviewmonuments,4,img033_d4_s00_g08_r0,False,4,10,4,6,0.0,0.5,0.5,0.3333333333333333,0.2727272727272727,0.7272727272727273
GOMAA-Geo,swissviewmonuments,6,img033_d6_s20_g08_r0,False,4,10,6,4,0.3333333333333333,0.6,0.4,0.4444444444444444,0.45454545454545453,0.5454545454545454
GOMAA-Geo,swissviewmonuments,4,img034_d4_s23_g09_r0,False,4,10,4,6,0.0,0.5,0.5,0.3333333333333333,0.2727272727272727,0.7272727272727273
GOMAA-Geo,swissviewmonuments,6,img034_d6_s15_g09_r0,False,4,10,6,4,0.3333333333333333,0.6,0.4,0.5555555555555556,0.5454545454545454,0.45454545454545453
GOMAA-Geo,swissviewmonuments,4,img035_d4_s02_g10_r0,False,6,10,4,6,-0.5,0.4,0.6,0.3333333333333333,0.2727272727272727,0.7272727272727273
GOMAA-Geo,swissviewmonuments,6,img035_d6_s04_g10_r0,False,2,10,6,4,0.6666666666666666,0.7,0.3,0.4444444444444444,0.36363636363636365,0.6363636363636364
GOMAA-Geo,swissviewmonuments,4,img036_d4_s19_g11_r0,False,2,10,4,6,0.5,0.6,0.4,0.3333333333333333,0.2727272727272727,0.7272727272727273
GOMAA-Geo,swissviewmonuments,4,img037_d4_s24_g12_r0,False,4,10,4,6,0.0,0.5,0.5,0.1111111111111111,0.09090909090909091,0.9090909090909091
GOMAA-Geo,swissviewmonuments,4,img038_d4_s05_g13_r0,False,2,10,4,6,0.5,0.6,0.4,0.4444444444444444,0.36363636363636365,0.6363636363636364
GOMAA-Geo,swissviewmonuments,4,img039_d4_s06_g14_r0,False,2,10,4,6,0.5,0.6,0.4,0.4444444444444444,0.45454545454545453,0.5454545454545454
GOMAA-Geo,swissviewmonuments,6,img039_d6_s20_g14_r0,False,2,10,6,4,0.6666666666666666,0.7,0.3,0.2222222222222222,0.18181818181818182,0.8181818181818182
GOMAA-Geo,swissviewmonuments,4,img040_d4_s23_g15_r0,False,2,10,4,6,0.5,0.6,0.4,0.2222222222222222,0.18181818181818182,0.8181818181818182
GOMAA-Geo,swissviewmonuments,6,img040_d6_s09_g15_r0,True,0,6,6,0,1.0,1.0,0.0,0.0,0.0,1.0
GOMAA-Geo,swissviewmonuments,4,img041_d4_s14_g16_r0,False,4,10,4,6,0.0,0.5,0.5,0.3333333333333333,0.2727272727272727,0.7272727272727273
GOMAA-Geo,swissviewmonuments,6,img041_d6_s04_g16_r0,False,4,10,6,4,0.3333333333333333,0.6,0.4,0.5555555555555556,0.45454545454545453,0.5454545454545454
GOMAA-Geo,swissviewmonuments,4,img042_d4_s05_g17_r0,False,4,10,4,6,0.0,0.5,0.5,0.2222222222222222,0.36363636363636365,0.6363636363636364
GOMAA-Geo,swissviewmonuments,4,img043_d4_s04_g18_r0,False,6,10,4,6,-0.5,0.4,0.6,0.5555555555555556,0.45454545454545453,0.5454545454545454
GOMAA-Geo,swissviewmonuments,6,img043_d6_s00_g18_r0,False,2,10,6,4,0.6666666666666666,0.7,0.3,0.2222222222222222,0.18181818181818182,0.8181818181818182
GOMAA-Geo,swissviewmonuments,4,img044_d4_s07_g19_r0,False,6,10,4,6,-0.5,0.4,0.6,0.1111111111111111,0.09090909090909091,0.9090909090909091
GOMAA-Geo,swissviewmonuments,6,img044_d6_s01_g19_r0,False,4,10,6,4,0.3333333333333333,0.6,0.4,0.3333333333333333,0.45454545454545453,0.5454545454545454
GOMAA-Geo,swissviewmonuments,4,img045_d4_s06_g20_r0,False,6,10,4,6,-0.5,0.4,0.6,0.3333333333333333,0.36363636363636365,0.6363636363636364
GOMAA-Geo,swissviewmonuments,6,img045_d6_s08_g20_r0,False,4,10,6,4,0.3333333333333333,0.6,0.4,0.5555555555555556,0.45454545454545453,0.5454545454545454
GOMAA-Geo,swissviewmonuments,8,img045_d8_s04_g20_r0,False,4,10,8,2,0.5,0.7,0.3,0.5555555555555556,0.45454545454545453,0.5454545454545454
GOMAA-Geo,swissviewmonuments,4,img046_d4_s07_g21_r0,False,6,10,4,6,-0.5,0.4,0.6,0.2222222222222222,0.36363636363636365,0.6363636363636364
GOMAA-Geo,swissviewmonuments,6,img046_d6_s09_g21_r0,True,0,6,6,0,1.0,1.0,0.0,0.0,0.0,1.0
GOMAA-Geo,swissviewmonuments,4,img047_d4_s08_g22_r0,False,2,10,4,6,0.5,0.6,0.4,0.3333333333333333,0.2727272727272727,0.7272727272727273
GOMAA-Geo,swissviewmonuments,6,img047_d6_s00_g22_r0,False,2,10,6,4,0.6666666666666666,0.7,0.3,0.5555555555555556,0.45454545454545453,0.5454545454545454
GOMAA-Geo,swissviewmonuments,4,img048_d4_s09_g23_r0,False,6,10,4,6,-0.5,0.4,0.6,0.0,0.0,1.0
GOMAA-Geo,swissviewmonuments,6,img048_d6_s01_g23_r0,True,0,6,6,0,1.0,1.0,0.0,0.0,0.0,1.0
GOMAA-Geo,swissviewmonuments,4,img049_d4_s12_g24_r0,False,8,10,4,6,-1.0,0.3,0.7,0.5555555555555556,0.45454545454545453,0.5454545454545454
GOMAA-Geo,swissviewmonuments,6,img049_d6_s06_g24_r0,False,2,10,6,4,0.6666666666666666,0.7,0.3,0.2222222222222222,0.18181818181818182,0.8181818181818182
GOMAA-Geo,swissviewmonuments,8,img049_d8_s00_g24_r0,False,2,10,8,2,0.75,0.8,0.2,0.4444444444444444,0.36363636363636365,0.6363636363636364
GOMAA-Geo,swissviewmonuments,4,img050_d4_s16_g00_r0,True,0,4,4,0,1.0,1.0,0.0,0.0,0.0,1.0
GOMAA-Geo,swissviewmonuments,6,img050_d6_s14_g00_r0,True,0,6,6,0,1.0,1.0,0.0,0.0,0.0,1.0
GOMAA-Geo,swissviewmonuments,8,img050_d8_s24_g00_r0,True,0,8,8,0,1.0,1.0,0.0,0.0,0.0,1.0
GOMAA-Geo,swissviewmonuments,4,img051_d4_s17_g01_r0,True,0,4,4,0,1.0,1.0,0.0,0.0,0.0,1.0
GOMAA-Geo,swissviewmonuments,6,img051_d6_s19_g01_r0,True,0,6,6,0,1.0,1.0,0.0,0.0,0.0,1.0
GOMAA-Geo,swissviewmonuments,4,img052_d4_s14_g02_r0,False,2,10,4,6,0.5,0.6,0.4,0.3333333333333333,0.2727272727272727,0.7272727272727273
GOMAA-Geo,swissviewmonuments,6,img052_d6_s24_g02_r0,False,2,10,6,4,0.6666666666666666,0.7,0.3,0.2222222222222222,0.18181818181818182,0.8181818181818182
GOMAA-Geo,swissviewmonuments,4,img053_d4_s23_g03_r0,False,2,10,4,6,0.5,0.6,0.4,0.2222222222222222,0.18181818181818182,0.8181818181818182
GOMAA-Geo,swissviewmonuments,6,img053_d6_s15_g03_r0,True,0,6,6,0,1.0,1.0,0.0,0.0,0.0,1.0
GOMAA-Geo,swissviewmonuments,4,img054_d4_s12_g04_r0,False,4,10,4,6,0.0,0.5,0.5,0.5555555555555556,0.45454545454545453,0.5454545454545454
GOMAA-Geo,swissviewmonuments,6,img054_d6_s10_g04_r0,True,0,6,6,0,1.0,1.0,0.0,0.0,0.0,1.0
GOMAA-Geo,swissviewmonuments,8,img054_d8_s20_g04_r0,True,0,8,8,0,1.0,1.0,0.0,0.0,0.0,1.0
GOMAA-Geo,swissviewmonuments,4,img055_d4_s21_g05_r0,False,4,10,4,6,0.0,0.5,0.5,0.2222222222222222,0.18181818181818182,0.8181818181818182
GOMAA-Geo,swissviewmonuments,6,img055_d6_s19_g05_r0,True,0,8,6,2,1.0,0.875,0.125,0.0,0.0,1.0
GOMAA-Geo,swissviewmonuments,4,img056_d4_s14_g06_r0,False,2,10,4,6,0.5,0.6,0.4,0.3333333333333333,0.2727272727272727,0.7272727272727273
GOMAA-Geo,swissviewmonuments,6,img056_d6_s24_g06_r0,False,2,10,6,4,0.6666666666666666,0.7,0.3,0.2222222222222222,0.18181818181818182,0.8181818181818182
GOMAA-Geo,swissviewmonuments,4,img057_d4_s21_g07_r0,False,2,10,4,6,0.5,0.6,0.4,0.3333333333333333,0.2727272727272727,0.7272727272727273
GOMAA-Geo,swissviewmonuments,4,img058_d4_s16_g08_r0,True,0,4,4,0,1.0,1.0,0.0,0.0,0.0,1.0
GOMAA-Geo,swissviewmonuments,6,img058_d6_s20_g08_r0,False,2,10,6,4,0.6666666666666666,0.7,0.3,0.1111111111111111,0.09090909090909091,0.9090909090909091
GOMAA-Geo,swissviewmonuments,4,img059_d4_s05_g09_r0,False,4,10,4,6,0.0,0.5,0.5,0.2222222222222222,0.18181818181818182,0.8181818181818182
GOMAA-Geo,swissviewmonuments,6,img059_d6_s15_g09_r0,False,2,10,6,4,0.6666666666666666,0.7,0.3,0.4444444444444444,0.36363636363636365,0.6363636363636364
GOMAA-Geo,swissviewmonuments,4,img060_d4_s08_g10_r0,False,2,10,4,6,0.5,0.6,0.4,0.3333333333333333,0.2727272727272727,0.7272727272727273
GOMAA-Geo,swissviewmonuments,6,img060_d6_s04_g10_r0,False,2,10,6,4,0.6666666666666666,0.7,0.3,0.1111111111111111,0.09090909090909091,0.9090909090909091
GOMAA-Geo,swissviewmonuments,4,img061_d4_s09_g11_r0,True,0,4,4,0,1.0,1.0,0.0,0.0,0.0,1.0
GOMAA-Geo,swissviewmonuments,4,img062_d4_s24_g12_r0,False,4,10,4,6,0.0,0.5,0.5,0.1111111111111111,0.09090909090909091,0.9090909090909091
GOMAA-Geo,swissviewmonuments,4,img063_d4_s05_g13_r0,False,2,10,4,6,0.5,0.6,0.4,0.2222222222222222,0.2727272727272727,0.7272727272727273
GOMAA-Geo,swissviewmonuments,4,img064_d4_s22_g14_r0,False,6,10,4,6,-0.5,0.4,0.6,0.3333333333333333,0.2727272727272727,0.7272727272727273
GOMAA-Geo,swissviewmonuments,6,img064_d6_s00_g14_r0,False,4,10,6,4,0.3333333333333333,0.6,0.4,0.2222222222222222,0.18181818181818182,0.8181818181818182
GOMAA-Geo,swissviewmonuments,4,img065_d4_s19_g15_r0,False,4,10,4,6,0.0,0.5,0.5,0.1111111111111111,0.18181818181818182,0.8181818181818182
GOMAA-Geo,swissviewmonuments,6,img065_d6_s03_g15_r0,True,0,6,6,0,1.0,1.0,0.0,0.0,0.0,1.0
GOMAA-Geo,swissviewmonuments,4,img066_d4_s02_g16_r0,False,2,10,4,6,0.5,0.6,0.4,0.2222222222222222,0.18181818181818182,0.8181818181818182
GOMAA-Geo,swissviewmonuments,6,img066_d6_s04_g16_r0,True,0,6,6,0,1.0,1.0,0.0,0.0,0.0,1.0
GOMAA-Geo,swissviewmonuments,4,img067_d4_s03_g17_r0,False,2,10,4,6,0.5,0.6,0.4,0.1111111111111111,0.09090909090909091,0.9090909090909091
GOMAA-Geo,swissviewmonuments,4,img068_d4_s04_g18_r0,False,4,10,4,6,0.0,0.5,0.5,0.2222222222222222,0.18181818181818182,0.8181818181818182
GOMAA-Geo,swissviewmonuments,6,img068_d6_s00_g18_r0,True,0,6,6,0,1.0,1.0,0.0,0.0,0.0,1.0
GOMAA-Geo,swissviewmonuments,4,img069_d4_s21_g19_r0,True,0,4,4,0,1.0,1.0,0.0,0.0,0.0,1.0
GOMAA-Geo,swissviewmonuments,6,img069_d6_s01_g19_r0,True,0,6,6,0,1.0,1.0,0.0,0.0,0.0,1.0
GOMAA-Geo,swissviewmonuments,4,img070_d4_s12_g20_r0,False,4,10,4,6,0.0,0.5,0.5,0.3333333333333333,0.45454545454545453,0.5454545454545454
GOMAA-Geo,swissviewmonuments,6,img070_d6_s08_g20_r0,True,0,6,6,0,1.0,1.0,0.0,0.0,0.0,1.0
GOMAA-Geo,swissviewmonuments,8,img070_d8_s04_g20_r0,True,0,8,8,0,1.0,1.0,0.0,0.0,0.0,1.0
GOMAA-Geo,swissviewmonuments,4,img071_d4_s05_g21_r0,True,0,4,4,0,1.0,1.0,0.0,0.0,0.0,1.0
GOMAA-Geo,swissviewmonuments,6,img071_d6_s03_g21_r0,True,0,8,6,2,1.0,0.875,0.125,0.0,0.0,1.0
GOMAA-Geo,swissviewmonuments,4,img072_d4_s14_g22_r0,False,4,10,4,6,0.0,0.5,0.5,0.2222222222222222,0.18181818181818182,0.8181818181818182
GOMAA-Geo,swissviewmonuments,6,img072_d6_s00_g22_r0,False,2,10,6,4,0.6666666666666666,0.7,0.3,0.1111111111111111,0.09090909090909091,0.9090909090909091
GOMAA-Geo,swissviewmonuments,4,img073_d4_s03_g23_r0,False,4,10,4,6,0.0,0.5,0.5,0.4444444444444444,0.36363636363636365,0.6363636363636364
GOMAA-Geo,swissviewmonuments,6,img073_d6_s05_g23_r0,True,0,8,6,2,1.0,0.875,0.125,0.0,0.0,1.0
GOMAA-Geo,swissviewmonuments,4,img074_d4_s08_g24_r0,False,4,10,4,6,0.0,0.5,0.5,0.1111111111111111,0.09090909090909091,0.9090909090909091
GOMAA-Geo,swissviewmonuments,6,img074_d6_s10_g24_r0,False,2,10,6,4,0.6666666666666666,0.7,0.3,0.0,0.0,1.0
GOMAA-Geo,swissviewmonuments,8,img074_d8_s00_g24_r0,True,0,8,8,0,1.0,1.0,0.0,0.0,0.0,1.0
GOMAA-Geo,swissviewmonuments,4,img075_d4_s12_g00_r0,True,0,4,4,0,1.0,1.0,0.0,0.0,0.0,1.0
GOMAA-Geo,swissviewmonuments,6,img075_d6_s22_g00_r0,True,0,6,6,0,1.0,1.0,0.0,0.0,0.0,1.0
GOMAA-Geo,swissviewmonuments,8,img075_d8_s24_g00_r0,True,0,8,8,0,1.0,1.0,0.0,0.0,0.0,1.0
GOMAA-Geo,swissviewmonuments,4,img076_d4_s09_g01_r0,True,0,10,4,6,1.0,0.7,0.3,0.0,0.0,1.0
GOMAA-Geo,swissviewmonuments,6,img076_d6_s23_g01_r0,True,0,8,6,2,1.0,0.875,0.125,0.0,0.0,1.0
GOMAA-Geo,swissviewmonuments,4,img077_d4_s22_g02_r0,False,2,10,4,6,0.5,0.6,0.4,0.3333333333333333,0.2727272727272727,0.7272727272727273
GOMAA-Geo,swissviewmonuments,6,img077_d6_s24_g02_r0,False,2,10,6,4,0.6666666666666666,0.7,0.3,0.1111111111111111,0.09090909090909091,0.9090909090909091
GOMAA-Geo,swissviewmonuments,4,img078_d4_s19_g03_r0,False,2,10,4,6,0.5,0.6,0.4,0.2222222222222222,0.18181818181818182,0.8181818181818182
GOMAA-Geo,swissviewmonuments,6,img078_d6_s15_g03_r0,True,0,6,6,0,1.0,1.0,0.0,0.0,0.0,1.0
GOMAA-Geo,swissviewmonuments,4,img079_d4_s06_g04_r0,False,4,10,4,6,0.0,0.5,0.5,0.4444444444444444,0.36363636363636365,0.6363636363636364
GOMAA-Geo,swissviewmonuments,6,img079_d6_s16_g04_r0,True,0,6,6,0,1.0,1.0,0.0,0.0,0.0,1.0
GOMAA-Geo,swissviewmonuments,8,img079_d8_s20_g04_r0,True,0,8,8,0,1.0,1.0,0.0,0.0,0.0,1.0
GOMAA-Geo,swissviewmonuments,4,img080_d4_s03_g05_r0,True,0,4,4,0,1.0,1.0,0.0,0.0,0.0,1.0
GOMAA-Geo,swissviewmonuments,6,img080_d6_s23_g05_r0,False,2,10,6,4,0.6666666666666666,0.7,0.3,0.3333333333333333,0.2727272727272727,0.7272727272727273
GOMAA-Geo,swissviewmonuments,4,img081_d4_s04_g06_r0,False,2,10,4,6,0.5,0.6,0.4,0.4444444444444444,0.36363636363636365,0.6363636363636364
GOMAA-Geo,swissviewmonuments,6,img081_d6_s24_g06_r0,False,2,10,6,4,0.6666666666666666,0.7,0.3,0.2222222222222222,0.18181818181818182,0.8181818181818182
GOMAA-Geo,swissviewmonuments,4,img082_d4_s15_g07_r0,False,2,10,4,6,0.5,0.6,0.4,0.2222222222222222,0.2727272727272727,0.7272727272727273
GOMAA-Geo,swissviewmonuments,4,img083_d4_s16_g08_r0,False,2,10,4,6,0.5,0.6,0.4,0.4444444444444444,0.36363636363636365,0.6363636363636364
GOMAA-Geo,swissviewmonuments,6,img083_d6_s20_g08_r0,False,2,10,6,4,0.6666666666666666,0.7,0.3,0.4444444444444444,0.36363636363636365,0.6363636363636364
GOMAA-Geo,swissviewmonuments,4,img084_d4_s17_g09_r0,False,2,10,4,6,0.5,0.6,0.4,0.3333333333333333,0.2727272727272727,0.7272727272727273
GOMAA-Geo,swissviewmonuments,6,img084_d6_s15_g09_r0,False,2,10,6,4,0.6666666666666666,0.7,0.3,0.4444444444444444,0.36363636363636365,0.6363636363636364
GOMAA-Geo,swissviewmonuments,4,img085_d4_s08_g10_r0,False,4,10,4,6,0.0,0.5,0.5,0.1111111111111111,0.18181818181818182,0.8181818181818182
GOMAA-Geo,swissviewmonuments,6,img085_d6_s04_g10_r0,True,0,10,6,4,1.0,0.8,0.2,0.0,0.0,1.0
GOMAA-Geo,swissviewmonuments,4,img086_d4_s09_g11_r0,False,2,10,4,6,0.5,0.6,0.4,0.1111111111111111,0.09090909090909091,0.9090909090909091
GOMAA-Geo,swissviewmonuments,4,img087_d4_s24_g12_r0,False,4,10,4,6,0.0,0.5,0.5,0.1111111111111111,0.09090909090909091,0.9090909090909091
GOMAA-Geo,swissviewmonuments,4,img088_d4_s05_g13_r0,False,2,10,4,6,0.5,0.6,0.4,0.3333333333333333,0.2727272727272727,0.7272727272727273
GOMAA-Geo,swissviewmonuments,4,img089_d4_s16_g14_r0,True,0,8,4,4,1.0,0.75,0.25,0.0,0.0,1.0
GOMAA-Geo,swissviewmonuments,6,img089_d6_s20_g14_r0,True,0,6,6,0,1.0,1.0,0.0,0.0,0.0,1.0
GOMAA-Geo,swissviewmonuments,4,img090_d4_s19_g15_r0,False,4,10,4,6,0.0,0.5,0.5,0.2222222222222222,0.2727272727272727,0.7272727272727273
GOMAA-Geo,swissviewmonuments,6,img090_d6_s09_g15_r0,True,0,6,6,0,1.0,1.0,0.0,0.0,0.0,1.0
GOMAA-Geo,swissviewmonuments,4,img091_d4_s14_g16_r0,False,2,10,4,6,0.5,0.6,0.4,0.2222222222222222,0.18181818181818182,0.8181818181818182
GOMAA-Geo,swissviewmonuments,6,img091_d6_s04_g16_r0,True,0,6,6,0,1.0,1.0,0.0,0.0,0.0,1.0
GOMAA-Geo,swissviewmonuments,4,img092_d4_s09_g17_r0,False,2,10,4,6,0.5,0.6,0.4,0.0,0.0,1.0
GOMAA-Geo,swissviewmonuments,4,img093_d4_s20_g18_r0,True,0,4,4,0,1.0,1.0,0.0,0.0,0.0,1.0
GOMAA-Geo,swissviewmonuments,6,img093_d6_s00_g18_r0,False,2,10,6,4,0.6666666666666666,0.7,0.3,0.2222222222222222,0.18181818181818182,0.8181818181818182
GOMAA-Geo,swissviewmonuments,4,img094_d4_s03_g19_r0,False,4,10,4,6,0.0,0.5,0.5,0.3333333333333333,0.2727272727272727,0.7272727272727273
GOMAA-Geo,swissviewmonuments,6,img094_d6_s01_g19_r0,True,0,8,6,2,1.0,0.875,0.125,0.0,0.0,1.0
GOMAA-Geo,swissviewmonuments,4,img095_d4_s24_g20_r0,False,6,10,4,6,-0.5,0.4,0.6,0.4444444444444444,0.36363636363636365,0.6363636363636364
GOMAA-Geo,swissviewmonuments,6,img095_d6_s14_g20_r0,True,0,8,6,2,1.0,0.875,0.125,0.0,0.0,1.0
GOMAA-Geo,swissviewmonuments,8,img095_d8_s04_g20_r0,True,0,8,8,0,1.0,1.0,0.0,0.0,0.0,1.0
GOMAA-Geo,swissviewmonuments,4,img096_d4_s19_g21_r0,False,4,10,4,6,0.0,0.5,0.5,0.2222222222222222,0.18181818181818182,0.8181818181818182
GOMAA-Geo,swissviewmonuments,6,img096_d6_s09_g21_r0,False,4,10,6,4,0.3333333333333333,0.6,0.4,0.0,0.0,1.0
GOMAA-Geo,swissviewmonuments,4,img097_d4_s06_g22_r0,True,0,6,4,2,1.0,0.8333333333333334,0.16666666666666666,0.0,0.0,1.0
GOMAA-Geo,swissviewmonuments,6,img097_d6_s04_g22_r0,True,0,6,6,0,1.0,1.0,0.0,0.0,0.0,1.0
GOMAA-Geo,swissviewmonuments,4,img098_d4_s09_g23_r0,False,2,10,4,6,0.5,0.6,0.4,0.2222222222222222,0.18181818181818182,0.8181818181818182
GOMAA-Geo,swissviewmonuments,6,img098_d6_s01_g23_r0,True,0,6,6,0,1.0,1.0,0.0,0.0,0.0,1.0
GOMAA-Geo,swissviewmonuments,4,img099_d4_s20_g24_r0,False,4,10,4,6,0.0,0.5,0.5,0.1111111111111111,0.09090909090909091,0.9090909090909091
GOMAA-Geo,swissviewmonuments,6,img099_d6_s02_g24_r0,False,2,10,6,4,0.6666666666666666,0.7,0.3,0.3333333333333333,0.2727272727272727,0.7272727272727273
GOMAA-Geo,swissviewmonuments,8,img099_d8_s00_g24_r0,True,0,8,8,0,1.0,1.0,0.0,0.0,0.0,1.0
GOMAA-Geo,swissviewmonuments,4,img100_d4_s16_g00_r0,False,6,10,4,6,-0.5,0.4,0.6,0.1111111111111111,0.18181818181818182,0.8181818181818182
GOMAA-Geo,swissviewmonuments,6,img100_d6_s14_g00_r0,False,4,10,6,4,0.3333333333333333,0.6,0.4,0.1111111111111111,0.09090909090909091,0.9090909090909091
GOMAA-Geo,swissviewmonuments,8,img100_d8_s24_g00_r0,False,2,10,8,2,0.75,0.8,0.2,0.2222222222222222,0.18181818181818182,0.8181818181818182
GOMAA-Geo,swissviewmonuments,4,img101_d4_s15_g01_r0,True,0,4,4,0,1.0,1.0,0.0,0.0,0.0,1.0
GOMAA-Geo,swissviewmonuments,6,img101_d6_s19_g01_r0,True,0,6,6,0,1.0,1.0,0.0,0.0,0.0,1.0
GOMAA-Geo,swissviewmonuments,4,img102_d4_s18_g02_r0,False,2,10,4,6,0.5,0.6,0.4,0.3333333333333333,0.2727272727272727,0.7272727272727273
GOMAA-Geo,swissviewmonuments,6,img102_d6_s24_g02_r0,True,0,6,6,0,1.0,1.0,0.0,0.0,0.0,1.0
GOMAA-Geo,swissviewmonuments,4,img103_d4_s05_g03_r0,False,4,10,4,6,0.0,0.5,0.5,0.4444444444444444,0.36363636363636365,0.6363636363636364
GOMAA-Geo,swissviewmonuments,6,img103_d6_s21_g03_r0,True,0,8,6,2,1.0,0.875,0.125,0.0,0.0,1.0
GOMAA-Geo,swissviewmonuments,4,img104_d4_s24_g04_r0,True,0,4,4,0,1.0,1.0,0.0,0.0,0.0,1.0
GOMAA-Geo,swissviewmonuments,6,img104_d6_s22_g04_r0,True,0,8,6,2,1.0,0.875,0.125,0.0,0.0,1.0
GOMAA-Geo,swissviewmonuments,8,img104_d8_s20_g04_r0,True,0,8,8,0,1.0,1.0,0.0,0.0,0.0,1.0
GOMAA-Geo,swissviewmonuments,4,img105_d4_s17_g05_r0,False,4,10,4,6,0.0,0.5,0.5,0.2222222222222222,0.18181818181818182,0.8181818181818182
GOMAA-Geo,swissviewmonuments,6,img105_d6_s19_g05_r0,True,0,8,6,2,1.0,0.875,0.125,0.0,0.0,1.0
GOMAA-Geo,swissviewmonuments,4,img106_d4_s14_g06_r0,True,0,4,4,0,1.0,1.0,0.0,0.0,0.0,1.0
GOMAA-Geo,swissviewmonuments,6,img106_d6_s24_g06_r0,True,0,6,6,0,1.0,1.0,0.0,0.0,0.0,1.0
GOMAA-Geo,swissviewmonuments,4,img107_d4_s23_g07_r0,False,2,10,4,6,0.5,0.6,0.4,0.2222222222222222,0.18181818181818182,0.8181818181818182
GOMAA-Geo,swissviewmonuments,4,img108_d4_s00_g08_r0,False,4,10,4,6,0.0,0.5,0.5,0.1111111111111111,0.18181818181818182,0.8181818181818182
GOMAA-Geo,swissviewmonuments,6,img108_d6_s20_g08_r0,False,2,10,6,4,0.6666666666666666,0.7,0.3,0.0,0.0,1.0
GOMAA-Geo,swissviewmonuments,4,img109_d4_s01_g09_r0,True,0,4,4,0,1.0,1.0,0.0,0.0,0.0,1.0
GOMAA-Geo,swissviewmonuments,6,img109_d6_s21_g09_r0,True,0,10,6,4,1.0,0.8,0.2,0.2222222222222222,0.18181818181818182,0.8181818181818182
GOMAA-Geo,swissviewmonuments,4,img110_d4_s18_g10_r0,False,2,10,4,6,0.5,0.6,0.4,0.2222222222222222,0.2727272727272727,0.7272727272727273
GOMAA-Geo,swissviewmonuments,6,img110_d6_s24_g10_r0,False,2,10,6,4,0.6666666666666666,0.7,0.3,0.2222222222222222,0.18181818181818182,0.8181818181818182
GOMAA-Geo,swissviewmonuments,4,img111_d4_s09_g11_r0,False,2,10,4,6,0.5,0.6,0.4,0.0,0.0,1.0
GOMAA-Geo,swissviewmonuments,4,img112_d4_s20_g12_r0,False,2,10,4,6,0.5,0.6,0.4,0.0,0.0,1.0
GOMAA-Geo,swissviewmonuments,4,img113_d4_s21_g13_r0,False,2,10,4,6,0.5,0.6,0.4,0.1111111111111111,0.09090909090909091,0.9090909090909091
GOMAA-Geo,swissviewmonuments,4,img114_d4_s16_g14_r0,False,2,10,4,6,0.5,0.6,0.4,0.2222222222222222,0.2727272727272727,0.7272727272727273
GOMAA-Geo,swissviewmonuments,6,img114_d6_s20_g14_r0,True,0,6,6,0,1.0,1.0,0.0,0.0,0.0,1.0
GOMAA-Geo,swissviewmonuments,4,img115_d4_s23_g15_r0,False,6,10,4,6,-0.5,0.4,0.6,0.0,0.0,1.0
GOMAA-Geo,swissviewmonuments,6,img115_d6_s09_g15_r0,True,0,6,6,0,1.0,1.0,0.0,0.0,0.0,1.0
GOMAA-Geo,swissviewmonuments,4,img116_d4_s02_g16_r0,False,4,10,4,6,0.0,0.5,0.5,0.2222222222222222,0.2727272727272727,0.7272727272727273
GOMAA-Geo,swissviewmonuments,6,img116_d6_s04_g16_r0,True,0,6,6,0,1.0,1.0,0.0,0.0,0.0,1.0
GOMAA-Geo,swissviewmonuments,4,img117_d4_s03_g17_r0,False,4,10,4,6,0.0,0.5,0.5,0.1111111111111111,0.2727272727272727,0.7272727272727273
GOMAA-Geo,swissviewmonuments,4,img118_d4_s02_g18_r0,True,0,6,4,2,1.0,0.8333333333333334,0.16666666666666666,0.2,0.14285714285714285,0.8571428571428571
GOMAA-Geo,swissviewmonuments,6,img118_d6_s00_g18_r0,True,0,6,6,0,1.0,1.0,0.0,0.0,0.0,1.0
GOMAA-Geo,swissviewmonuments,4,img119_d4_s21_g19_r0,True,0,4,4,0,1.0,1.0,0.0,0.0,0.0,1.0
GOMAA-Geo,swissviewmonuments,6,img119_d6_s01_g19_r0,True,0,10,6,4,1.0,0.8,0.2,0.2222222222222222,0.18181818181818182,0.8181818181818182
GOMAA-Geo,swissviewmonuments,4,img120_d4_s12_g20_r0,False,4,10,4,6,0.0,0.5,0.5,0.3333333333333333,0.2727272727272727,0.7272727272727273
GOMAA-Geo,swissviewmonuments,6,img120_d6_s14_g20_r0,False,4,10,6,4,0.3333333333333333,0.6,0.4,0.2222222222222222,0.2727272727272727,0.7272727272727273
GOMAA-Geo,swissviewmonuments,8,img120_d8_s04_g20_r0,True,0,8,8,0,1.0,1.0,0.0,0.0,0.0,1.0
GOMAA-Geo,swissviewmonuments,4,img121_d4_s01_g21_r0,False,2,10,4,6,0.5,0.6,0.4,0.2222222222222222,0.18181818181818182,0.8181818181818182
GOMAA-Geo,swissviewmonuments,6,img121_d6_s09_g21_r0,True,0,6,6,0,1.0,1.0,0.0,0.0,0.0,1.0
GOMAA-Geo,swissviewmonuments,4,img122_d4_s10_g22_r0,False,2,10,4,6,0.5,0.6,0.4,0.1111111111111111,0.09090909090909091,0.9090909090909091
GOMAA-Geo,swissviewmonuments,6,img122_d6_s00_g22_r0,False,2,10,6,4,0.6666666666666666,0.7,0.3,0.1111111111111111,0.09090909090909091,0.9090909090909091
GOMAA-Geo,swissviewmonuments,4,img123_d4_s07_g23_r0,False,4,10,4,6,0.0,0.5,0.5,0.2222222222222222,0.2727272727272727,0.7272727272727273
GOMAA-Geo,swissviewmonuments,6,img123_d6_s05_g23_r0,True,0,10,6,4,1.0,0.8,0.2,0.0,0.0,1.0
GOMAA-Geo,swissviewmonuments,4,img124_d4_s16_g24_r0,True,0,10,4,6,1.0,0.7,0.3,0.0,0.0,1.0
GOMAA-Geo,swissviewmonuments,6,img124_d6_s06_g24_r0,True,0,6,6,0,1.0,1.0,0.0,0.0,0.0,1.0
GOMAA-Geo,swissviewmonuments,8,img124_d8_s00_g24_r0,True,0,8,8,0,1.0,1.0,0.0,0.0,0.0,1.0
GOMAA-Geo,swissviewmonuments,4,img125_d4_s08_g00_r0,False,6,10,4,6,-0.5,0.4,0.6,0.3333333333333333,0.2727272727272727,0.7272727272727273
GOMAA-Geo,swissviewmonuments,6,img125_d6_s18_g00_r0,True,0,6,6,0,1.0,1.0,0.0,0.0,0.0,1.0
GOMAA-Geo,swissviewmonuments,8,img125_d8_s24_g00_r0,True,0,8,8,0,1.0,1.0,0.0,0.0,0.0,1.0
GOMAA-Geo,swissviewmonuments,4,img126_d4_s13_g01_r0,False,4,10,4,6,0.0,0.5,0.5,0.4444444444444444,0.36363636363636365,0.6363636363636364
GOMAA-Geo,swissviewmonuments,6,img126_d6_s19_g01_r0,True,0,6,6,0,1.0,1.0,0.0,0.0,0.0,1.0
GOMAA-Geo,swissviewmonuments,4,img127_d4_s14_g02_r0,True,0,4,4,0,1.0,1.0,0.0,0.0,0.0,1.0
GOMAA-Geo,swissviewmonuments,6,img127_d6_s24_g02_r0,True,0,10,6,4,1.0,0.8,0.2,0.0,0.0,1.0
GOMAA-Geo,swissviewmonuments,4,img128_d4_s23_g03_r0,False,2,10,4,6,0.5,0.6,0.4,0.2222222222222222,0.18181818181818182,0.8181818181818182
GOMAA-Geo,swissviewmonuments,6,img128_d6_s21_g03_r0,True,0,8,6,2,1.0,0.875,0.125,0.0,0.0,1.0
GOMAA-Geo,swissviewmonuments,4,img129_d4_s00_g04_r0,False,2,10,4,6,0.5,0.6,0.4,0.2222222222222222,0.18181818181818182,0.8181818181818182
GOMAA-Geo,swissviewmonuments,6,img129_d6_s22_g04_r0,True,0,8,6,2,1.0,0.875,0.125,0.0,0.0,1.0
GOMAA-Geo,swissviewmonuments,8,img129_d8_s20_g04_r0,True,0,8,8,0,1.0,1.0,0.0,0.0,0.0,1.0
GOMAA-Geo,swissviewmonuments,4,img130_d4_s03_g05_r0,False,4,10,4,6,0.0,0.5,0.5,0.2222222222222222,0.18181818181818182,0.8181818181818182
GOMAA-Geo,swissviewmonuments,6,img130_d6_s19_g05_r0,False,2,10,6,4,0.6666666666666666,0.7,0.3,0.3333333333333333,0.2727272727272727,0.7272727272727273
GOMAA-Geo,swissviewmonuments,4,img131_d4_s04_g06_r0,False,4,10,4,6,0.0,0.5,0.5,0.1111111111111111,0.09090909090909091,0.9090909090909091
GOMAA-Geo,swissviewmonuments,6,img131_d6_s24_g06_r0,False,2,10,6,4,0.6666666666666666,0.7,0.3,0.1111111111111111,0.09090909090909091,0.9090909090909091
GOMAA-Geo,swissviewmonuments,4,img132_d4_s23_g07_r0,False,2,10,4,6,0.5,0.6,0.4,0.1111111111111111,0.18181818181818182,0.8181818181818182
GOMAA-Geo,swissviewmonuments,4,img133_d4_s24_g08_r0,False,4,10,4,6,0.0,0.5,0.5,0.2222222222222222,0.18181818181818182,0.8181818181818182
GOMAA-Geo,swissviewmonuments,6,img133_d6_s20_g08_r0,True,0,6,6,0,1.0,1.0,0.0,0.0,0.0,1.0
GOMAA-Geo,swissviewmonuments,4,img134_d4_s23_g09_r0,False,4,10,4,6,0.0,0.5,0.5,0.1111111111111111,0.09090909090909091,0.9090909090909091
GOMAA-Geo,swissviewmonuments,6,img134_d6_s21_g09_r0,True,0,6,6,0,1.0,1.0,0.0,0.0,0.0,1.0
GOMAA-Geo,swissviewmonuments,4,img135_d4_s22_g10_r0,True,0,10,4,6,1.0,0.7,0.3,0.2222222222222222,0.18181818181818182,0.8181818181818182
GOMAA-Geo,swissviewmonuments,6,img135_d6_s24_g10_r0,True,0,8,6,2,1.0,0.875,0.125,0.0,0.0,1.0
GOMAA-Geo,swissviewmonuments,4,img136_d4_s23_g11_r0,False,2,10,4,6,0.5,0.6,0.4,0.1111111111111111,0.09090909090909091,0.9090909090909091
GOMAA-Geo,swissviewmonuments,4,img137_d4_s24_g12_r0,False,2,10,4,6,0.5,0.6,0.4,0.0,0.0,1.0
GOMAA-Geo,swissviewmonuments,4,img138_d4_s01_g13_r0,True,0,4,4,0,1.0,1.0,0.0,0.0,0.0,1.0
GOMAA-Geo,swissviewmonuments,4,img139_d4_s02_g14_r0,False,2,10,4,6,0.5,0.6,0.4,0.2222222222222222,0.18181818181818182,0.8181818181818182
GOMAA-Geo,swissviewmonuments,6,img139_d6_s20_g14_r0,True,0,6,6,0,1.0,1.0,0.0,0.0,0.0,1.0
GOMAA-Geo,swissviewmonuments,4,img140_d4_s01_g15_r0,False,4,10,4,6,0.0,0.5,0.5,0.2222222222222222,0.18181818181818182,0.8181818181818182
GOMAA-Geo,swissviewmonuments,6,img140_d6_s09_g15_r0,True,0,6,6,0,1.0,1.0,0.0,0.0,0.0,1.0
GOMAA-Geo,swissviewmonuments,4,img141_d4_s14_g16_r0,False,4,10,4,6,0.0,0.5,0.5,0.2222222222222222,0.2727272727272727,0.7272727272727273
GOMAA-Geo,swissviewmonuments,6,img141_d6_s04_g16_r0,False,2,10,6,4,0.6666666666666666,0.7,0.3,0.2222222222222222,0.2727272727272727,0.7272727272727273
GOMAA-Geo,swissviewmonuments,4,img142_d4_s03_g17_r0,False,2,10,4,6,0.5,0.6,0.4,0.2222222222222222,0.18181818181818182,0.8181818181818182
GOMAA-Geo,swissviewmonuments,4,img143_d4_s10_g18_r0,False,2,10,4,6,0.5,0.6,0.4,0.1111111111111111,0.09090909090909091,0.9090909090909091
GOMAA-Geo,swissviewmonuments,6,img143_d6_s00_g18_r0,False,2,10,6,4,0.6666666666666666,0.7,0.3,0.5555555555555556,0.45454545454545453,0.5454545454545454
GOMAA-Geo,swissviewmonuments,4,img144_d4_s21_g19_r0,True,0,4,4,0,1.0,1.0,0.0,0.0,0.0,1.0
GOMAA-Geo,swissviewmonuments,6,img144_d6_s05_g19_r0,False,2,10,6,4,0.6666666666666666,0.7,0.3,0.5555555555555556,0.45454545454545453,0.5454545454545454
GOMAA-Geo,swissviewmonuments,4,img145_d4_s24_g20_r0,True,0,4,4,0,1.0,1.0,0.0,0.0,0.0,1.0
GOMAA-Geo,swissviewmonuments,6,img145_d6_s08_g20_r0,True,0,6,6,0,1.0,1.0,0.0,0.0,0.0,1.0
GOMAA-Geo,swissviewmonuments,8,img145_d8_s04_g20_r0,True,0,8,8,0,1.0,1.0,0.0,0.0,0.0,1.0
GOMAA-Geo,swissviewmonuments,4,img146_d4_s13_g21_r0,False,4,10,4,6,0.0,0.5,0.5,0.0,0.0,1.0
GOMAA-Geo,swissviewmonuments,6,img146_d6_s03_g21_r0,True,0,6,6,0,1.0,1.0,0.0,0.0,0.0,1.0
GOMAA-Geo,swissviewmonuments,4,img147_d4_s14_g22_r0,False,4,10,4,6,0.0,0.5,0.5,0.2222222222222222,0.18181818181818182,0.8181818181818182
GOMAA-Geo,swissviewmonuments,6,img147_d6_s00_g22_r0,False,2,10,6,4,0.6666666666666666,0.7,0.3,0.1111111111111111,0.09090909090909091,0.9090909090909091
GOMAA-Geo,swissviewmonuments,4,img148_d4_s07_g23_r0,False,2,10,4,6,0.5,0.6,0.4,0.4444444444444444,0.36363636363636365,0.6363636363636364
GOMAA-Geo,swissviewmonuments,6,img148_d6_s05_g23_r0,True,0,8,6,2,1.0,0.875,0.125,0.0,0.0,1.0
GOMAA-Geo,swissviewmonuments,4,img149_d4_s12_g24_r0,False,2,10,4,6,0.5,0.6,0.4,0.2222222222222222,0.18181818181818182,0.8181818181818182
GOMAA-Geo,swissviewmonuments,6,img149_d6_s06_g24_r0,False,2,10,6,4,0.6666666666666666,0.7,0.3,0.4444444444444444,0.36363636363636365,0.6363636363636364
GOMAA-Geo,swissviewmonuments,8,img149_d8_s00_g24_r0,True,0,8,8,0,1.0,1.0,0.0,0.0,0.0,1.0
GOMAA-Geo,swissviewmonuments,4,img150_d4_s08_g00_r0,False,2,10,4,6,0.5,0.6,0.4,0.3333333333333333,0.2727272727272727,0.7272727272727273
GOMAA-Geo,swissviewmonuments,6,img150_d6_s14_g00_r0,True,0,6,6,0,1.0,1.0,0.0,0.0,0.0,1.0
GOMAA-Geo,swissviewmonuments,8,img150_d8_s24_g00_r0,True,0,8,8,0,1.0,1.0,0.0,0.0,0.0,1.0
GOMAA-Geo,swissviewmonuments,4,img151_d4_s15_g01_r0,True,0,4,4,0,1.0,1.0,0.0,0.0,0.0,1.0
GOMAA-Geo,swissviewmonuments,6,img151_d6_s23_g01_r0,True,0,8,6,2,1.0,0.875,0.125,0.0,0.0,1.0
GOMAA-Geo,swissviewmonuments,4,img152_d4_s18_g02_r0,False,4,10,4,6,0.0,0.5,0.5,0.2222222222222222,0.18181818181818182,0.8181818181818182
GOMAA-Geo,swissviewmonuments,6,img152_d6_s24_g02_r0,False,4,10,6,4,0.3333333333333333,0.6,0.4,0.1111111111111111,0.18181818181818182,0.8181818181818182
GOMAA-Geo,swissviewmonuments,4,img153_d4_s11_g03_r0,False,4,10,4,6,0.0,0.5,0.5,0.2222222222222222,0.18181818181818182,0.8181818181818182
GOMAA-Geo,swissviewmonuments,6,img153_d6_s15_g03_r0,True,0,10,6,4,1.0,0.8,0.2,0.4444444444444444,0.36363636363636365,0.6363636363636364
GOMAA-Geo,swissviewmonuments,4,img154_d4_s06_g04_r0,False,4,10,4,6,0.0,0.5,0.5,0.3333333333333333,0.2727272727272727,0.7272727272727273
GOMAA-Geo,swissviewmonuments,6,img154_d6_s10_g04_r0,False,4,10,6,4,0.3333333333333333,0.6,0.4,0.4444444444444444,0.36363636363636365,0.6363636363636364
GOMAA-Geo,swissviewmonuments,8,img154_d8_s20_g04_r0,True,0,10,8,2,1.0,0.9,0.1,0.2222222222222222,0.18181818181818182,0.8181818181818182
GOMAA-Geo,swissviewmonuments,4,img155_d4_s03_g05_r0,False,4,10,4,6,0.0,0.5,0.5,0.2222222222222222,0.18181818181818182,0.8181818181818182
GOMAA-Geo,swissviewmonuments,6,img155_d6_s19_g05_r0,True,0,10,6,4,1.0,0.8,0.2,0.2222222222222222,0.18181818181818182,0.8181818181818182
GOMAA-Geo,swissviewmonuments,4,img156_d4_s22_g06_r0,False,2,10,4,6,0.5,0.6,0.4,0.2222222222222222,0.18181818181818182,0.8181818181818182
GOMAA-Geo,swissviewmonuments,6,img156_d6_s24_g06_r0,False,2,10,6,4,0.6666666666666666,0.7,0.3,0.2222222222222222,0.18181818181818182,0.8181818181818182
GOMAA-Geo,swissviewmonuments,4,img157_d4_s19_g07_r0,False,2,10,4,6,0.5,0.6,0.4,0.2222222222222222,0.18181818181818182,0.8181818181818182
GOMAA-Geo,swissviewmonuments,4,img158_d4_s16_g08_r0,True,0,4,4,0,1.0,1.0,0.0,0.0,0.0,1.0
GOMAA-Geo,swissviewmonuments,6,img158_d6_s20_g08_r0,False,2,10,6,4,0.6666666666666666,0.7,0.3,0.1111111111111111,0.09090909090909091,0.9090909090909091
GOMAA-Geo,swissviewmonuments,4,img159_d4_s11_g09_r0,False,4,10,4,6,0.0,0.5,0.5,0.2222222222222222,0.18181818181818182,0.8181818181818182
GOMAA-Geo,swissviewmonuments,6,img159_d6_s15_g09_r0,True,0,8,6,2,1.0,0.875,0.125,0.0,0.0,1.0
GOMAA-Geo,swissviewmonuments,4,img160_d4_s02_g10_r0,False,6,10,4,6,-0.5,0.4,0.6,0.2222222222222222,0.18181818181818182,0.8181818181818182
GOMAA-Geo,swissviewmonuments,6,img160_d6_s24_g10_r0,False,2,10,6,4,0.6666666666666666,0.7,0.3,0.2222222222222222,0.18181818181818182,0.8181818181818182
GOMAA-Geo,swissviewmonuments,4,img161_d4_s09_g11_r0,False,2,10,4,6,0.5,0.6,0.4,0.1111111111111111,0.09090909090909091,0.9090909090909091
GOMAA-Geo,swissviewmonuments,4,img162_d4_s20_g12_r0,False,4,10,4,6,0.0,0.5,0.5,0.2222222222222222,0.18181818181818182,0.8181818181818182
GOMAA-Geo,swissviewmonuments,4,img163_d4_s15_g13_r0,False,2,10,4,6,0.5,0.6,0.4,0.1111111111111111,0.09090909090909091,0.9090909090909091
GOMAA-Geo,swissviewmonuments,4,img164_d4_s22_g14_r0,False,2,10,4,6,0.5,0.6,0.4,0.1111111111111111,0.09090909090909091,0.9090909090909091
GOMAA-Geo,swissviewmonuments,6,img164_d6_s20_g14_r0,False,2,10,6,4,0.6666666666666666,0.7,0.3,0.1111111111111111,0.09090909090909091,0.9090909090909091
GOMAA-Geo,swissviewmonuments,4,img165_d4_s13_g15_r0,True,0,6,4,2,1.0,0.8333333333333334,0.16666666666666666,0.0,0.0,1.0
GOMAA-Geo,swissviewmonuments,6,img165_d6_s09_g15_r0,True,0,10,6,4,1.0,0.8,0.2,0.2222222222222222,0.18181818181818182,0.8181818181818182
GOMAA-Geo,swissviewmonuments,4,img166_d4_s02_g16_r0,False,2,10,4,6,0.5,0.6,0.4,0.1111111111111111,0.09090909090909091,0.9090909090909091
GOMAA-Geo,swissviewmonuments,6,img166_d6_s04_g16_r0,False,2,10,6,4,0.6666666666666666,0.7,0.3,0.2222222222222222,0.18181818181818182,0.8181818181818182
GOMAA-Geo,swissviewmonuments,4,img167_d4_s03_g17_r0,False,2,10,4,6,0.5,0.6,0.4,0.3333333333333333,0.2727272727272727,0.7272727272727273
GOMAA-Geo,swissviewmonuments,4,img168_d4_s06_g18_r0,False,2,10,4,6,0.5,0.6,0.4,0.0,0.0,1.0
GOMAA-Geo,swissviewmonuments,6,img168_d6_s00_g18_r0,True,0,6,6,0,1.0,1.0,0.0,0.0,0.0,1.0
GOMAA-Geo,swissviewmonuments,4,img169_d4_s07_g19_r0,False,2,10,4,6,0.5,0.6,0.4,0.3333333333333333,0.2727272727272727,0.7272727272727273
GOMAA-Geo,swissviewmonuments,6,img169_d6_s01_g19_r0,True,0,6,6,0,1.0,1.0,0.0,0.0,0.0,1.0
GOMAA-Geo,swissviewmonuments,4,img170_d4_s00_g20_r0,False,4,10,4,6,0.0,0.5,0.5,0.1111111111111111,0.09090909090909091,0.9090909090909091
GOMAA-Geo,swissviewmonuments,6,img170_d6_s02_g20_r0,True,0,6,6,0,1.0,1.0,0.0,0.0,0.0,1.0
GOMAA-Geo,swissviewmonuments,8,img170_d8_s04_g20_r0,True,0,8,8,0,1.0,1.0,0.0,0.0,0.0,1.0
GOMAA-Geo,swissviewmonuments,4,img171_d4_s01_g21_r0,False,2,10,4,6,0.5,0.6,0.4,0.4444444444444444,0.36363636363636365,0.6363636363636364
GOMAA-Geo,swissviewmonuments,6,img171_d6_s03_g21_r0,True,0,6,6,0,1.0,1.0,0.0,0.0,0.0,1.0
GOMAA-Geo,swissviewmonuments,4,img172_d4_s14_g22_r0,False,6,10,4,6,-0.5,0.4,0.6,0.3333333333333333,0.2727272727272727,0.7272727272727273
GOMAA-Geo,swissviewmonuments,6,img172_d6_s00_g22_r0,True,0,8,6,2,1.0,0.875,0.125,0.0,0.0,1.0
GOMAA-Geo,swissviewmonuments,4,img173_d4_s11_g23_r0,True,0,10,4,6,1.0,0.7,0.3,0.2222222222222222,0.18181818181818182,0.8181818181818182
GOMAA-Geo,swissviewmonuments,6,img173_d6_s05_g23_r0,True,0,6,6,0,1.0,1.0,0.0,0.0,0.0,1.0
GOMAA-Geo,swissviewmonuments,4,img174_d4_s20_g24_r0,False,4,10,4,6,0.0,0.5,0.5,0.1111111111111111,0.09090909090909091,0.9090909090909091
GOMAA-Geo,swissviewmonuments,6,img174_d6_s02_g24_r0,False,2,10,6,4,0.6666666666666666,0.7,0.3,0.2222222222222222,0.18181818181818182,0.8181818181818182
GOMAA-Geo,swissviewmonuments,8,img174_d8_s00_g24_r0,False,2,10,8,2,0.75,0.8,0.2,0.4444444444444444,0.36363636363636365,0.6363636363636364
GOMAA-Geo,swissviewmonuments,4,img175_d4_s16_g00_r0,False,4,10,4,6,0.0,0.5,0.5,0.3333333333333333,0.2727272727272727,0.7272727272727273
GOMAA-Geo,swissviewmonuments,6,img175_d6_s22_g00_r0,True,0,6,6,0,1.0,1.0,0.0,0.0,0.0,1.0
GOMAA-Geo,swissviewmonuments,8,img175_d8_s24_g00_r0,True,0,8,8,0,1.0,1.0,0.0,0.0,0.0,1.0
GOMAA-Geo,swissviewmonuments,4,img176_d4_s15_g01_r0,True,0,4,4,0,1.0,1.0,0.0,0.0,0.0,1.0
GOMAA-Geo,swissviewmonuments,6,img176_d6_s23_g01_r0,True,0,6,6,0,1.0,1.0,0.0,0.0,0.0,1.0
GOMAA-Geo,swissviewmonuments,4,img177_d4_s16_g02_r0,False,4,10,4,6,0.0,0.5,0.5,0.2222222222222222,0.18181818181818182,0.8181818181818182
GOMAA-Geo,swissviewmonuments,6,img177_d6_s24_g02_r0,True,0,6,6,0,1.0,1.0,0.0,0.0,0.0,1.0
GOMAA-Geo,swissviewmonuments,4,img178_d4_s19_g03_r0,True,0,4,4,0,1.0,1.0,0.0,0.0,0.0,1.0
GOMAA-Geo,swissviewmonuments,6,img178_d6_s21_g03_r0,False,2,10,6,4,0.6666666666666666,0.7,0.3,0.3333333333333333,0.2727272727272727,0.7272727272727273
GOMAA-Geo,swissviewmonuments,4,img179_d4_s06_g04_r0,False,4,10,4,6,0.0,0.5,0.5,0.2222222222222222,0.18181818181818182,0.8181818181818182
GOMAA-Geo,swissviewmonuments,6,img179_d6_s10_g04_r0,True,0,6,6,0,1.0,1.0,0.0,0.0,0.0,1.0
GOMAA-Geo,swissviewmonuments,8,img179_d8_s20_g04_r0,True,0,8,8,0,1.0,1.0,0.0,0.0,0.0,1.0
GOMAA-Geo,swissviewmonuments,4,img180_d4_s13_g05_r0,True,0,6,4,2,1.0,0.8333333333333334,0.16666666666666666,0.0,0.0,1.0
GOMAA-Geo,swissviewmonuments,6,img180_d6_s23_g05_r0,True,0,8,6,2,1.0,0.875,0.125,0.0,0.0,1.0
GOMAA-Geo,swissviewmonuments,4,img181_d4_s20_g06_r0,False,4,10,4,6,0.0,0.5,0.5,0.1111111111111111,0.09090909090909091,0.9090909090909091
GOMAA-Geo,swissviewmonuments,6,img181_d6_s24_g06_r0,True,0,6,6,0,1.0,1.0,0.0,0.0,0.0,1.0
GOMAA-Geo,swissviewmonuments,4,img182_d4_s15_g07_r0,False,4,10,4,6,0.0,0.5,0.5,0.0,0.0,1.0
GOMAA-Geo,swissviewmonuments,4,img183_d4_s24_g08_r0,False,4,10,4,6,0.0,0.5,0.5,0.1111111111111111,0.09090909090909091,0.9090909090909091
GOMAA-Geo,swissviewmonuments,6,img183_d6_s20_g08_r0,False,2,10,6,4,0.6666666666666666,0.7,0.3,0.1111111111111111,0.09090909090909091,0.9090909090909091
GOMAA-Geo,swissviewmonuments,4,img184_d4_s11_g09_r0,True,0,6,4,2,1.0,0.8333333333333334,0.16666666666666666,0.0,0.0,1.0
GOMAA-Geo,swissviewmonuments,6,img184_d6_s15_g09_r0,True,0,8,6,2,1.0,0.875,0.125,0.0,0.0,1.0
GOMAA-Geo,swissviewmonuments,4,img185_d4_s22_g10_r0,False,6,10,4,6,-0.5,0.4,0.6,0.2222222222222222,0.18181818181818182,0.8181818181818182
GOMAA-Geo,swissviewmonuments,6,img185_d6_s24_g10_r0,False,2,10,6,4,0.6666666666666666,0.7,0.3,0.1111111111111111,0.09090909090909091,0.9090909090909091
GOMAA-Geo,swissviewmonuments,4,img186_d4_s09_g11_r0,False,2,10,4,6,0.5,0.6,0.4,0.2222222222222222,0.18181818181818182,0.8181818181818182
GOMAA-Geo,swissviewmonuments,4,img187_d4_s20_g12_r0,False,4,10,4,6,0.0,0.5,0.5,0.5555555555555556,0.45454545454545453,0.5454545454545454
GOMAA-Geo,swissviewmonuments,4,img188_d4_s21_g13_r0,False,4,10,4,6,0.0,0.5,0.5,0.5555555555555556,0.45454545454545453,0.5454545454545454
GOMAA-Geo,swissviewmonuments,4,img189_d4_s06_g14_r0,False,2,10,4,6,0.5,0.6,0.4,0.1111111111111111,0.09090909090909091,0.9090909090909091
GOMAA-Geo,swissviewmonuments,6,img189_d6_s20_g14_r0,False,4,10,6,4,0.3333333333333333,0.6,0.4,0.3333333333333333,0.2727272727272727,0.7272727272727273
GOMAA-Geo,swissviewmonuments,4,img190_d4_s23_g15_r0,False,4,10,4,6,0.0,0.5,0.5,0.3333333333333333,0.2727272727272727,0.7272727272727273
GOMAA-Geo,swissviewmonuments,6,img190_d6_s03_g15_r0,False,4,10,6,4,0.3333333333333333,0.6,0.4,0.5555555555555556,0.5454545454545454,0.45454545454545453
GOMAA-Geo,swissviewmonuments,4,img191_d4_s24_g16_r0,False,4,10,4,6,0.0,0.5,0.5,0.1111111111111111,0.09090909090909091,0.9090909090909091
GOMAA-Geo,swissviewmonuments,6,img191_d6_s04_g16_r0,False,2,10,6,4,0.6666666666666666,0.7,0.3,0.1111111111111111,0.09090909090909091,0.9090909090909091
GOMAA-Geo,swissviewmonuments,4,img192_d4_s03_g17_r0,False,2,10,4,6,0.5,0.6,0.4,0.0,0.0,1.0
GOMAA-Geo,swissviewmonuments,4,img193_d4_s20_g18_r0,False,4,10,4,6,0.0,0.5,0.5,0.1111111111111111,0.09090909090909091,0.9090909090909091
GOMAA-Geo,swissviewmonuments,6,img193_d6_s00_g18_r0,True,0,6,6,0,1.0,1.0,0.0,0.0,0.0,1.0
GOMAA-Geo,swissviewmonuments,4,img194_d4_s03_g19_r0,True,0,4,4,0,1.0,1.0,0.0,0.0,0.0,1.0
GOMAA-Geo,swissviewmonuments,6,img194_d6_s05_g19_r0,True,0,8,6,2,1.0,0.875,0.125,0.0,0.0,1.0
GOMAA-Geo,swissviewmonuments,4,img195_d4_s18_g20_r0,False,4,10,4,6,0.0,0.5,0.5,0.3333333333333333,0.2727272727272727,0.7272727272727273
GOMAA-Geo,swissviewmonuments,6,img195_d6_s08_g20_r0,True,0,6,6,0,1.0,1.0,0.0,0.0,0.0,1.0
GOMAA-Geo,swissviewmonuments,8,img195_d8_s04_g20_r0,False,2,10,8,2,0.75,0.8,0.2,0.1111111111111111,0.09090909090909091,0.9090909090909091
GOMAA-Geo,swissviewmonuments,4,img196_d4_s01_g21_r0,False,2,10,4,6,0.5,0.6,0.4,0.2222222222222222,0.18181818181818182,0.8181818181818182
GOMAA-Geo,swissviewmonuments,6,img196_d6_s09_g21_r0,True,0,6,6,0,1.0,1.0,0.0,0.0,0.0,1.0
GOMAA-Geo,swissviewmonuments,4,img197_d4_s08_g22_r0,True,0,8,4,4,1.0,0.75,0.25,0.14285714285714285,0.1111111111111111,0.8888888888888888
GOMAA-Geo,swissviewmonuments,6,img197_d6_s00_g22_r0,False,2,10,6,4,0.6666666666666666,0.7,0.3,0.4444444444444444,0.36363636363636365,0.6363636363636364
GOMAA-Geo,swissviewmonuments,4,img198_d4_s09_g23_r0,False,2,10,4,6,0.5,0.6,0.4,0.0,0.0,1.0
GOMAA-Geo,swissviewmonuments,6,img198_d6_s05_g23_r0,True,0,6,6,0,1.0,1.0,0.0,0.0,0.0,1.0
GOMAA-Geo,swissviewmonuments,4,img199_d4_s20_g24_r0,False,4,10,4,6,0.0,0.5,0.5,0.0,0.0,1.0
GOMAA-Geo,swissviewmonuments,6,img199_d6_s06_g24_r0,True,0,6,6,0,1.0,1.0,0.0,0.0,0.0,1.0
GOMAA-Geo,swissviewmonuments,8,img199_d8_s00_g24_r0,True,0,8,8,0,1.0,1.0,0.0,0.0,0.0,1.0
GOMAA-Geo,swissviewmonuments,4,img200_d4_s16_g00_r0,False,8,10,4,6,-1.0,0.3,0.7,0.0,0.0,1.0
GOMAA-Geo,swissviewmonuments,6,img200_d6_s22_g00_r0,True,0,6,6,0,1.0,1.0,0.0,0.0,0.0,1.0
GOMAA-Geo,swissviewmonuments,8,img200_d8_s24_g00_r0,True,0,8,8,0,1.0,1.0,0.0,0.0,0.0,1.0
GOMAA-Geo,swissviewmonuments,4,img201_d4_s13_g01_r0,True,0,8,4,4,1.0,0.75,0.25,0.2857142857142857,0.2222222222222222,0.7777777777777778
GOMAA-Geo,swissviewmonuments,6,img201_d6_s23_g01_r0,True,0,6,6,0,1.0,1.0,0.0,0.0,0.0,1.0
GOMAA-Geo,swissviewmonuments,4,img202_d4_s18_g02_r0,False,2,10,4,6,0.5,0.6,0.4,0.4444444444444444,0.36363636363636365,0.6363636363636364
GOMAA-Geo,swissviewmonuments,6,img202_d6_s20_g02_r0,False,2,10,6,4,0.6666666666666666,0.7,0.3,0.1111111111111111,0.09090909090909091,0.9090909090909091
GOMAA-Geo,swissviewmonuments,4,img203_d4_s23_g03_r0,False,2,10,4,6,0.5,0.6,0.4,0.3333333333333333,0.2727272727272727,0.7272727272727273
GOMAA-Geo,swissviewmonuments,6,img203_d6_s15_g03_r0,True,0,8,6,2,1.0,0.875,0.125,0.2857142857142857,0.2222222222222222,0.7777777777777778
GOMAA-Geo,swissviewmonuments,4,img204_d4_s12_g04_r0,False,2,10,4,6,0.5,0.6,0.4,0.1111111111111111,0.09090909090909091,0.9090909090909091
GOMAA-Geo,swissviewmonuments,6,img204_d6_s22_g04_r0,False,4,10,6,4,0.3333333333333333,0.6,0.4,0.1111111111111111,0.09090909090909091,0.9090909090909091
GOMAA-Geo,swissviewmonuments,8,img204_d8_s20_g04_r0,True,0,8,8,0,1.0,1.0,0.0,0.0,0.0,1.0
GOMAA-Geo,swissviewmonuments,4,img205_d4_s21_g05_r0,False,4,10,4,6,0.0,0.5,0.5,0.1111111111111111,0.09090909090909091,0.9090909090909091
GOMAA-Geo,swissviewmonuments,6,img205_d6_s23_g05_r0,True,0,6,6,0,1.0,1.0,0.0,0.0,0.0,1.0
GOMAA-Geo,swissviewmonuments,4,img206_d4_s22_g06_r0,False,2,10,4,6,0.5,0.6,0.4,0.3333333333333333,0.2727272727272727,0.7272727272727273
GOMAA-Geo,swissviewmonuments,6,img206_d6_s24_g06_r0,False,2,10,6,4,0.6666666666666666,0.7,0.3,0.2222222222222222,0.18181818181818182,0.8181818181818182
GOMAA-Geo,swissviewmonuments,4,img207_d4_s23_g07_r0,False,2,10,4,6,0.5,0.6,0.4,0.3333333333333333,0.2727272727272727,0.7272727272727273
GOMAA-Geo,swissviewmonuments,4,img208_d4_s16_g08_r0,True,0,4,4,0,1.0,1.0,0.0,0.0,0.0,1.0
GOMAA-Geo,swissviewmonuments,6,img208_d6_s20_g08_r0,True,0,6,6,0,1.0,1.0,0.0,0.0,0.0,1.0
GOMAA-Geo,swissviewmonuments,4,img209_d4_s11_g09_r0,False,6,10,4,6,-0.5,0.4,0.6,0.2222222222222222,0.18181818181818182,0.8181818181818182
GOMAA-Geo,swissviewmonuments,6,img209_d6_s21_g09_r0,True,0,6,6,0,1.0,1.0,0.0,0.0,0.0,1.0
GOMAA-Geo,swissviewmonuments,4,img210_d4_s08_g10_r0,False,4,10,4,6,0.0,0.5,0.5,0.1111111111111111,0.09090909090909091,0.9090909090909091
GOMAA-Geo,swissviewmonuments,6,img210_d6_s04_g10_r0,True,0,6,6,0,1.0,1.0,0.0,0.0,0.0,1.0
GOMAA-Geo,swissviewmonuments,4,img211_d4_s19_g11_r0,False,2,10,4,6,0.5,0.6,0.4,0.2222222222222222,0.18181818181818182,0.8181818181818182
GOMAA-Geo,swissviewmonuments,4,img212_d4_s24_g12_r0,False,4,10,4,6,0.0,0.5,0.5,0.1111111111111111,0.09090909090909091,0.9090909090909091
GOMAA-Geo,swissviewmonuments,4,img213_d4_s01_g13_r0,True,0,4,4,0,1.0,1.0,0.0,0.0,0.0,1.0
GOMAA-Geo,swissviewmonuments,4,img214_d4_s06_g14_r0,False,2,10,4,6,0.5,0.6,0.4,0.4444444444444444,0.36363636363636365,0.6363636363636364
GOMAA-Geo,swissviewmonuments,6,img214_d6_s20_g14_r0,True,0,10,6,4,1.0,0.8,0.2,0.0,0.0,1.0
GOMAA-Geo,swissviewmonuments,4,img215_d4_s01_g15_r0,False,4,10,4,6,0.0,0.5,0.5,0.2222222222222222,0.18181818181818182,0.8181818181818182
GOMAA-Geo,swissviewmonuments,6,img215_d6_s09_g15_r0,True,0,6,6,0,1.0,1.0,0.0,0.0,0.0,1.0
GOMAA-Geo,swissviewmonuments,4,img216_d4_s08_g16_r0,True,0,4,4,0,1.0,1.0,0.0,0.0,0.0,1.0
GOMAA-Geo,swissviewmonuments,6,img216_d6_s04_g16_r0,False,2,10,6,4,0.6666666666666666,0.7,0.3,0.3333333333333333,0.2727272727272727,0.7272727272727273
GOMAA-Geo,swissviewmonuments,4,img217_d4_s05_g17_r0,False,2,10,4,6,0.5,0.6,0.4,0.2222222222222222,0.18181818181818182,0.8181818181818182
GOMAA-Geo,swissviewmonuments,4,img218_d4_s20_g18_r0,False,4,10,4,6,0.0,0.5,0.5,0.2222222222222222,0.18181818181818182,0.8181818181818182
GOMAA-Geo,swissviewmonuments,6,img218_d6_s00_g18_r0,False,2,10,6,4,0.6666666666666666,0.7,0.3,0.2222222222222222,0.18181818181818182,0.8181818181818182
GOMAA-Geo,swissviewmonuments,4,img219_d4_s11_g19_r0,True,0,6,4,2,1.0,0.8333333333333334,0.16666666666666666,0.0,0.0,1.0
GOMAA-Geo,swissviewmonuments,6,img219_d6_s01_g19_r0,False,2,10,6,4,0.6666666666666666,0.7,0.3,0.3333333333333333,0.2727272727272727,0.7272727272727273
GOMAA-Geo,swissviewmonuments,4,img220_d4_s06_g20_r0,False,4,10,4,6,0.0,0.5,0.5,0.3333333333333333,0.2727272727272727,0.7272727272727273
GOMAA-Geo,swissviewmonuments,6,img220_d6_s08_g20_r0,True,0,6,6,0,1.0,1.0,0.0,0.0,0.0,1.0
GOMAA-Geo,swissviewmonuments,8,img220_d8_s04_g20_r0,False,2,10,8,2,0.75,0.8,0.2,0.2222222222222222,0.2727272727272727,0.7272727272727273
GOMAA-Geo,swissviewmonuments,4,img221_d4_s19_g21_r0,False,6,10,4,6,-0.5,0.4,0.6,0.3333333333333333,0.36363636363636365,0.6363636363636364
GOMAA-Geo,swissviewmonuments,6,img221_d6_s03_g21_r0,True,0,8,6,2,1.0,0.875,0.125,0.0,0.0,1.0
GOMAA-Geo,swissviewmonuments,4,img222_d4_s02_g22_r0,False,4,10,4,6,0.0,0.5,0.5,0.3333333333333333,0.36363636363636365,0.6363636363636364
GOMAA-Geo,swissviewmonuments,6,img222_d6_s04_g22_r0,False,4,10,6,4,0.3333333333333333,0.6,0.4,0.0,0.0,1.0
GOMAA-Geo,swissviewmonuments,4,img223_d4_s11_g23_r0,False,2,10,4,6,0.5,0.6,0.4,0.4444444444444444,0.36363636363636365,0.6363636363636364
GOMAA-Geo,swissviewmonuments,6,img223_d6_s01_g23_r0,True,0,6,6,0,1.0,1.0,0.0,0.0,0.0,1.0
GOMAA-Geo,swissviewmonuments,4,img224_d4_s12_g24_r0,False,6,10,4,6,-0.5,0.4,0.6,0.3333333333333333,0.36363636363636365,0.6363636363636364
GOMAA-Geo,swissviewmonuments,6,img224_d6_s06_g24_r0,True,0,8,6,2,1.0,0.875,0.125,0.0,0.0,1.0
GOMAA-Geo,swissviewmonuments,8,img224_d8_s00_g24_r0,False,2,10,8,2,0.75,0.8,0.2,0.2222222222222222,0.18181818181818182,0.8181818181818182
GOMAA-Geo,swissviewmonuments,4,img225_d4_s04_g00_r0,True,0,4,4,0,1.0,1.0,0.0,0.0,0.0,1.0
GOMAA-Geo,swissviewmonuments,6,img225_d6_s18_g00_r0,True,0,6,6,0,1.0,1.0,0.0,0.0,0.0,1.0
GOMAA-Geo,swissviewmonuments,8,img225_d8_s24_g00_r0,True,0,8,8,0,1.0,1.0,0.0,0.0,0.0,1.0
GOMAA-Geo,swissviewmonuments,4,img226_d4_s13_g01_r0,True,0,10,4,6,1.0,0.7,0.3,0.4444444444444444,0.36363636363636365,0.6363636363636364
GOMAA-Geo,swissviewmonuments,6,img226_d6_s23_g01_r0,True,0,10,6,4,1.0,0.8,0.2,0.2222222222222222,0.18181818181818182,0.8181818181818182
GOMAA-Geo,swissviewmonuments,4,img227_d4_s10_g02_r0,True,0,4,4,0,1.0,1.0,0.0,0.0,0.0,1.0
GOMAA-Geo,swissviewmonuments,6,img227_d6_s20_g02_r0,False,2,10,6,4,0.6666666666666666,0.7,0.3,0.1111111111111111,0.09090909090909091,0.9090909090909091
GOMAA-Geo,swissviewmonuments,4,img228_d4_s11_g03_r0,True,0,6,4,2,1.0,0.8333333333333334,0.16666666666666666,0.0,0.0,1.0
GOMAA-Geo,swissviewmonuments,6,img228_d6_s21_g03_r0,True,0,8,6,2,1.0,0.875,0.125,0.0,0.0,1.0
GOMAA-Geo,swissviewmonuments,4,img229_d4_s00_g04_r0,False,2,10,4,6,0.5,0.6,0.4,0.2222222222222222,0.18181818181818182,0.8181818181818182
GOMAA-Geo,swissviewmonuments,6,img229_d6_s10_g04_r0,False,2,10,6,4,0.6666666666666666,0.7,0.3,0.2222222222222222,0.18181818181818182,0.8181818181818182
GOMAA-Geo,swissviewmonuments,8,img229_d8_s20_g04_r0,True,0,8,8,0,1.0,1.0,0.0,0.0,0.0,1.0
GOMAA-Geo,swissviewmonuments,4,img230_d4_s21_g05_r0,True,0,4,4,0,1.0,1.0,0.0,0.0,0.0,1.0
GOMAA-Geo,swissviewmonuments,6,img230_d6_s23_g05_r0,True,0,8,6,2,1.0,0.875,0.125,0.0,0.0,1.0
GOMAA-Geo,swissviewmonuments,4,img231_d4_s18_g06_r0,True,0,4,4,0,1.0,1.0,0.0,0.0,0.0,1.0
GOMAA-Geo,swissviewmonuments,6,img231_d6_s24_g06_r0,False,2,10,6,4,0.6666666666666666,0.7,0.3,0.1111111111111111,0.09090909090909091,0.9090909090909091
GOMAA-Geo,swissviewmonuments,4,img232_d4_s15_g07_r0,False,2,10,4,6,0.5,0.6,0.4,0.4444444444444444,0.36363636363636365,0.6363636363636364
GOMAA-Geo,swissviewmonuments,4,img233_d4_s24_g08_r0,False,4,10,4,6,0.0,0.5,0.5,0.1111111111111111,0.09090909090909091,0.9090909090909091
GOMAA-Geo,swissviewmonuments,6,img233_d6_s20_g08_r0,False,2,10,6,4,0.6666666666666666,0.7,0.3,0.3333333333333333,0.2727272727272727,0.7272727272727273
GOMAA-Geo,swissviewmonuments,4,img234_d4_s11_g09_r0,True,0,8,4,4,1.0,0.75,0.25,0.0,0.0,1.0
GOMAA-Geo,swissviewmonuments,6,img234_d6_s15_g09_r0,False,2,10,6,4,0.6666666666666666,0.7,0.3,0.3333333333333333,0.2727272727272727,0.7272727272727273
GOMAA-Geo,swissviewmonuments,4,img235_d4_s18_g10_r0,False,2,10,4,6,0.5,0.6,0.4,0.2222222222222222,0.2727272727272727,0.7272727272727273
GOMAA-Geo,swissviewmonuments,6,img235_d6_s04_g10_r0,False,2,10,6,4,0.6666666666666666,0.7,0.3,0.5555555555555556,0.45454545454545453,0.5454545454545454
GOMAA-Geo,swissviewmonuments,4,img236_d4_s23_g11_r0,False,2,10,4,6,0.5,0.6,0.4,0.2222222222222222,0.18181818181818182,0.8181818181818182
GOMAA-Geo,swissviewmonuments,4,img237_d4_s24_g12_r0,False,4,10,4,6,0.0,0.5,0.5,0.2222222222222222,0.18181818181818182,0.8181818181818182
GOMAA-Geo,swissviewmonuments,4,img238_d4_s05_g13_r0,False,2,10,4,6,0.5,0.6,0.4,0.4444444444444444,0.36363636363636365,0.6363636363636364
GOMAA-Geo,swissviewmonuments,4,img239_d4_s06_g14_r0,False,4,10,4,6,0.0,0.5,0.5,0.3333333333333333,0.45454545454545453,0.5454545454545454
GOMAA-Geo,swissviewmonuments,6,img239_d6_s20_g14_r0,False,4,10,6,4,0.3333333333333333,0.6,0.4,0.2222222222222222,0.2727272727272727,0.7272727272727273
GOMAA-Geo,swissviewmonuments,4,img240_d4_s19_g15_r0,False,2,10,4,6,0.5,0.6,0.4,0.2222222222222222,0.18181818181818182,0.8181818181818182
GOMAA-Geo,swissviewmonuments,6,img240_d6_s03_g15_r0,True,0,6,6,0,1.0,1.0,0.0,0.0,0.0,1.0
GOMAA-Geo,swissviewmonuments,4,img241_d4_s00_g16_r0,False,4,10,4,6,0.0,0.5,0.5,0.5555555555555556,0.7272727272727273,0.2727272727272727
GOMAA-Geo,swissviewmonuments,6,img241_d6_s04_g16_r0,False,4,10,6,4,0.3333333333333333,0.6,0.4,0.5555555555555556,0.45454545454545453,0.5454545454545454
GOMAA-Geo,swissviewmonuments,4,img242_d4_s05_g17_r0,False,4,10,4,6,0.0,0.5,0.5,0.3333333333333333,0.2727272727272727,0.7272727272727273
GOMAA-Geo,swissviewmonuments,4,img243_d4_s20_g18_r0,False,4,10,4,6,0.0,0.5,0.5,0.4444444444444444,0.36363636363636365,0.6363636363636364
GOMAA-Geo,swissviewmonuments,6,img243_d6_s00_g18_r0,False,2,10,6,4,0.6666666666666666,0.7,0.3,0.4444444444444444,0.36363636363636365,0.6363636363636364
GOMAA-Geo,swissviewmonuments,4,img244_d4_s15_g19_r0,False,6,10,4,6,-0.5,0.4,0.6,0.6666666666666666,0.5454545454545454,0.45454545454545453
GOMAA-Geo,swissviewmonuments,6,img244_d6_s01_g19_r0,False,4,10,6,4,0.3333333333333333,0.6,0.4,0.5555555555555556,0.45454545454545453,0.5454545454545454
GOMAA-Geo,swissviewmonuments,4,img245_d4_s24_g20_r0,False,4,10,4,6,0.0,0.5,0.5,0.1111111111111111,0.09090909090909091,0.9090909090909091
GOMAA-Geo,swissviewmonuments,6,img245_d6_s02_g20_r0,True,0,6,6,0,1.0,1.0,0.0,0.0,0.0,1.0
GOMAA-Geo,swissviewmonuments,8,img245_d8_s04_g20_r0,True,0,8,8,0,1.0,1.0,0.0,0.0,0.0,1.0
GOMAA-Geo,swissviewmonuments,4,img246_d4_s01_g21_r0,False,6,10,4,6,-0.5,0.4,0.6,0.5555555555555556,0.5454545454545454,0.45454545454545453
GOMAA-Geo,swissviewmonuments,6,img246_d6_s09_g21_r0,False,4,10,6,4,0.3333333333333333,0.6,0.4,0.3333333333333333,0.36363636363636365,0.6363636363636364
GOMAA-Geo,swissviewmonuments,4,img247_d4_s10_g22_r0,False,6,10,4,6,-0.5,0.4,0.6,0.3333333333333333,0.2727272727272727,0.7272727272727273
GOMAA-Geo,swissviewmonuments,6,img247_d6_s00_g22_r0,False,4,10,6,4,0.3333333333333333,0.6,0.4,0.3333333333333333,0.45454545454545453,0.5454545454545454
GOMAA-Geo,swissviewmonuments,4,img248_d4_s11_g23_r0,False,4,10,4,6,0.0,0.5,0.5,0.1111111111111111,0.18181818181818182,0.8181818181818182
GOMAA-Geo,swissviewmonuments,6,img248_d6_s05_g23_r0,False,4,10,6,4,0.3333333333333333,0.6,0.4,0.3333333333333333,0.36363636363636365,0.6363636363636364
GOMAA-Geo,swissviewmonuments,4,img249_d4_s20_g24_r0,False,4,10,4,6,0.0,0.5,0.5,0.2222222222222222,0.18181818181818182,0.8181818181818182
GOMAA-Geo,swissviewmonuments,6,img249_d6_s06_g24_r0,False,2,10,6,4,0.6666666666666666,0.7,0.3,0.2222222222222222,0.18181818181818182,0.8181818181818182
GOMAA-Geo,swissviewmonuments,8,img249_d8_s00_g24_r0,False,6,10,8,2,0.25,0.6,0.4,0.0,0.0,1.0
GOMAA-Geo,swissviewmonuments,4,img250_d4_s20_g00_r0,True,0,4,4,0,1.0,1.0,0.0,0.0,0.0,1.0
GOMAA-Geo,swissviewmonuments,6,img250_d6_s14_g00_r0,True,0,6,6,0,1.0,1.0,0.0,0.0,0.0,1.0
GOMAA-Geo,swissviewmonuments,8,img250_d8_s24_g00_r0,True,0,8,8,0,1.0,1.0,0.0,0.0,0.0,1.0
GOMAA-Geo,swissviewmonuments,4,img251_d4_s09_g01_r0,False,2,10,4,6,0.5,0.6,0.4,0.5555555555555556,0.45454545454545453,0.5454545454545454
GOMAA-Geo,swissviewmonuments,6,img251_d6_s19_g01_r0,True,0,10,6,4,1.0,0.8,0.2,0.2222222222222222,0.18181818181818182,0.8181818181818182
GOMAA-Geo,swissviewmonuments,4,img252_d4_s16_g02_r0,False,2,10,4,6,0.5,0.6,0.4,0.4444444444444444,0.45454545454545453,0.5454545454545454
GOMAA-Geo,swissviewmonuments,6,img252_d6_s24_g02_r0,False,2,10,6,4,0.6666666666666666,0.7,0.3,0.1111111111111111,0.09090909090909091,0.9090909090909091
GOMAA-Geo,swissviewmonuments,4,img253_d4_s19_g03_r0,False,4,10,4,6,0.0,0.5,0.5,0.3333333333333333,0.2727272727272727,0.7272727272727273
GOMAA-Geo,swissviewmonuments,6,img253_d6_s15_g03_r0,True,0,8,6,2,1.0,0.875,0.125,0.2857142857142857,0.2222222222222222,0.7777777777777778
GOMAA-Geo,swissviewmonuments,4,img254_d4_s06_g04_r0,False,6,10,4,6,-0.5,0.4,0.6,0.3333333333333333,0.2727272727272727,0.7272727272727273
GOMAA-Geo,swissviewmonuments,6,img254_d6_s16_g04_r0,False,4,10,6,4,0.3333333333333333,0.6,0.4,0.4444444444444444,0.45454545454545453,0.5454545454545454
GOMAA-Geo,swissviewmonuments,8,img254_d8_s20_g04_r0,True,0,8,8,0,1.0,1.0,0.0,0.0,0.0,1.0
GOMAA-Geo,swissviewmonuments,4,img255_d4_s21_g05_r0,False,2,10,4,6,0.5,0.6,0.4,0.0,0.0,1.0
GOMAA-Geo,swissviewmonuments,6,img255_d6_s19_g05_r0,True,0,6,6,0,1.0,1.0,0.0,0.0,0.0,1.0
GOMAA-Geo,swissviewmonuments,4,img256_d4_s20_g06_r0,False,2,10,4,6,0.5,0.6,0.4,0.0,0.0,1.0
GOMAA-Geo,swissviewmonuments,6,img256_d6_s24_g06_r0,True,0,6,6,0,1.0,1.0,0.0,0.0,0.0,1.0
GOMAA-Geo,swissviewmonuments,4,img257_d4_s19_g07_r0,False,2,10,4,6,0.5,0.6,0.4,0.3333333333333333,0.2727272727272727,0.7272727272727273
GOMAA-Geo,swissviewmonuments,4,img258_d4_s10_g08_r0,False,2,10,4,6,0.5,0.6,0.4,0.1111111111111111,0.09090909090909091,0.9090909090909091
GOMAA-Geo,swissviewmonuments,6,img258_d6_s20_g08_r0,False,4,10,6,4,0.3333333333333333,0.6,0.4,0.5555555555555556,0.45454545454545453,0.5454545454545454
GOMAA-Geo,swissviewmonuments,4,img259_d4_s01_g09_r0,True,0,4,4,0,1.0,1.0,0.0,0.0,0.0,1.0
GOMAA-Geo,swissviewmonuments,6,img259_d6_s21_g09_r0,False,4,10,6,4,0.3333333333333333,0.6,0.4,0.3333333333333333,0.36363636363636365,0.6363636363636364
GOMAA-Geo,swissviewmonuments,4,img260_d4_s22_g10_r0,True,0,4,4,0,1.0,1.0,0.0,0.0,0.0,1.0
GOMAA-Geo,swissviewmonuments,6,img260_d6_s04_g10_r0,False,2,10,6,4,0.6666666666666666,0.7,0.3,0.1111111111111111,0.09090909090909091,0.9090909090909091
GOMAA-Geo,swissviewmonuments,4,img261_d4_s03_g11_r0,True,0,4,4,0,1.0,1.0,0.0,0.0,0.0,1.0
GOMAA-Geo,swissviewmonuments,4,img262_d4_s20_g12_r0,False,4,10,4,6,0.0,0.5,0.5,0.1111111111111111,0.09090909090909091,0.9090909090909091
GOMAA-Geo,swissviewmonuments,4,img263_d4_s01_g13_r0,False,4,10,4,6,0.0,0.5,0.5,0.4444444444444444,0.36363636363636365,0.6363636363636364
GOMAA-Geo,swissviewmonuments,4,img264_d4_s22_g14_r0,False,6,10,4,6,-0.5,0.4,0.6,0.2222222222222222,0.2727272727272727,0.7272727272727273
GOMAA-Geo,swissviewmonuments,6,img264_d6_s20_g14_r0,True,0,6,6,0,1.0,1.0,0.0,0.0,0.0,1.0
GOMAA-Geo,swissviewmonuments,4,img265_d4_s01_g15_r0,False,4,10,4,6,0.0,0.5,0.5,0.2222222222222222,0.18181818181818182,0.8181818181818182
GOMAA-Geo,swissviewmonuments,6,img265_d6_s09_g15_r0,True,0,6,6,0,1.0,1.0,0.0,0.0,0.0,1.0
GOMAA-Geo,swissviewmonuments,4,img266_d4_s24_g16_r0,False,4,10,4,6,0.0,0.5,0.5,0.2222222222222222,0.18181818181818182,0.8181818181818182
GOMAA-Geo,swissviewmonuments,6,img266_d6_s04_g16_r0,True,0,6,6,0,1.0,1.0,0.0,0.0,0.0,1.0
GOMAA-Geo,swissviewmonuments,4,img267_d4_s09_g17_r0,True,0,4,4,0,1.0,1.0,0.0,0.0,0.0,1.0
GOMAA-Geo,swissviewmonuments,4,img268_d4_s04_g18_r0,False,6,10,4,6,-0.5,0.4,0.6,0.5555555555555556,0.45454545454545453,0.5454545454545454
GOMAA-Geo,swissviewmonuments,6,img268_d6_s00_g18_r0,False,2,10,6,4,0.6666666666666666,0.7,0.3,0.4444444444444444,0.36363636363636365,0.6363636363636364
GOMAA-Geo,swissviewmonuments,4,img269_d4_s21_g19_r0,False,6,10,4,6,-0.5,0.4,0.6,0.3333333333333333,0.2727272727272727,0.7272727272727273
GOMAA-Geo,swissviewmonuments,6,img269_d6_s05_g19_r0,True,0,8,6,2,1.0,0.875,0.125,0.0,0.0,1.0
GOMAA-Geo,swissviewmonuments,4,img270_d4_s12_g20_r0,False,4,10,4,6,0.0,0.5,0.5,0.4444444444444444,0.45454545454545453,0.5454545454545454
GOMAA-Geo,swissviewmonuments,6,img270_d6_s14_g20_r0,False,4,10,6,4,0.3333333333333333,0.6,0.4,0.3333333333333333,0.2727272727272727,0.7272727272727273
GOMAA-Geo,swissviewmonuments,8,img270_d8_s04_g20_r0,False,4,10,8,2,0.5,0.7,0.3,0.5555555555555556,0.45454545454545453,0.5454545454545454
GOMAA-Geo,swissviewmonuments,4,img271_d4_s07_g21_r0,True,0,4,4,0,1.0,1.0,0.0,0.0,0.0,1.0
GOMAA-Geo,swissviewmonuments,6,img271_d6_s03_g21_r0,True,0,10,6,4,1.0,0.8,0.2,0.2222222222222222,0.18181818181818182,0.8181818181818182
GOMAA-Geo,swissviewmonuments,4,img272_d4_s08_g22_r0,False,2,10,4,6,0.5,0.6,0.4,0.4444444444444444,0.36363636363636365,0.6363636363636364
GOMAA-Geo,swissviewmonuments,6,img272_d6_s00_g22_r0,True,0,6,6,0,1.0,1.0,0.0,0.0,0.0,1.0
GOMAA-Geo,swissviewmonuments,4,img273_d4_s07_g23_r0,False,2,10,4,6,0.5,0.6,0.4,0.3333333333333333,0.2727272727272727,0.7272727272727273
GOMAA-Geo,swissviewmonuments,6,img273_d6_s01_g23_r0,True,0,8,6,2,1.0,0.875,0.125,0.0,0.0,1.0
GOMAA-Geo,swissviewmonuments,4,img274_d4_s12_g24_r0,False,6,10,4,6,-0.5,0.4,0.6,0.4444444444444444,0.36363636363636365,0.6363636363636364
GOMAA-Geo,swissviewmonuments,6,img274_d6_s10_g24_r0,True,0,10,6,4,1.0,0.8,0.2,0.0,0.0,1.0
GOMAA-Geo,swissviewmonuments,8,img274_d8_s00_g24_r0,False,2,10,8,2,0.75,0.8,0.2,0.2222222222222222,0.18181818181818182,0.8181818181818182
GOMAA-Geo,swissviewmonuments,4,img275_d4_s04_g00_r0,True,0,4,4,0,1.0,1.0,0.0,0.0,0.0,1.0
GOMAA-Geo,swissviewmonuments,6,img275_d6_s14_g00_r0,True,0,6,6,0,1.0,1.0,0.0,0.0,0.0,1.0
GOMAA-Geo,swissviewmonuments,8,img275_d8_s24_g00_r0,True,0,8,8,0,1.0,1.0,0.0,0.0,0.0,1.0
GOMAA-Geo,swissviewmonuments,4,img276_d4_s09_g01_r0,True,0,4,4,0,1.0,1.0,0.0,0.0,0.0,1.0
GOMAA-Geo,swissviewmonuments,6,img276_d6_s23_g01_r0,True,0,8,6,2,1.0,0.875,0.125,0.0,0.0,1.0
GOMAA-Geo,swissviewmonuments,4,img277_d4_s14_g02_r0,True,0,4,4,0,1.0,1.0,0.0,0.0,0.0,1.0
GOMAA-Geo,swissviewmonuments,6,img277_d6_s24_g02_r0,False,2,10,6,4,0.6666666666666666,0.7,0.3,0.2222222222222222,0.18181818181818182,0.8181818181818182
GOMAA-Geo,swissviewmonuments,4,img278_d4_s11_g03_r0,True,0,4,4,0,1.0,1.0,0.0,0.0,0.0,1.0
GOMAA-Geo,swissviewmonuments,6,img278_d6_s15_g03_r0,True,0,6,6,0,1.0,1.0,0.0,0.0,0.0,1.0
GOMAA-Geo,swissviewmonuments,4,img279_d4_s00_g04_r0,True,0,4,4,0,1.0,1.0,0.0,0.0,0.0,1.0
GOMAA-Geo,swissviewmonuments,6,img279_d6_s16_g04_r0,False,4,10,6,4,0.3333333333333333,0.6,0.4,0.5555555555555556,0.45454545454545453,0.5454545454545454
GOMAA-Geo,swissviewmonuments,8,img279_d8_s20_g04_r0,True,0,8,8,0,1.0,1.0,0.0,0.0,0.0,1.0
GOMAA-Geo,swissviewmonuments,4,img280_d4_s21_g05_r0,True,0,4,4,0,1.0,1.0,0.0,0.0,0.0,1.0
GOMAA-Geo,swissviewmonuments,6,img280_d6_s19_g05_r0,True,0,6,6,0,1.0,1.0,0.0,0.0,0.0,1.0
GOMAA-Geo,swissviewmonuments,4,img281_d4_s22_g06_r0,False,2,10,4,6,0.5,0.6,0.4,0.1111111111111111,0.2727272727272727,0.7272727272727273
GOMAA-Geo,swissviewmonuments,6,img281_d6_s24_g06_r0,False,2,10,6,4,0.6666666666666666,0.7,0.3,0.1111111111111111,0.18181818181818182,0.8181818181818182
GOMAA-Geo,swissviewmonuments,4,img282_d4_s15_g07_r0,True,0,4,4,0,1.0,1.0,0.0,0.0,0.0,1.0
GOMAA-Geo,swissviewmonuments,4,img283_d4_s16_g08_r0,False,2,10,4,6,0.5,0.6,0.4,0.3333333333333333,0.2727272727272727,0.7272727272727273
GOMAA-Geo,swissviewmonuments,6,img283_d6_s20_g08_r0,False,2,10,6,4,0.6666666666666666,0.7,0.3,0.0,0.0,1.0
GOMAA-Geo,swissviewmonuments,4,img284_d4_s23_g09_r0,False,4,10,4,6,0.0,0.5,0.5,0.4444444444444444,0.36363636363636365,0.6363636363636364
GOMAA-Geo,swissviewmonuments,6,img284_d6_s21_g09_r0,True,0,10,6,4,1.0,0.8,0.2,0.0,0.0,1.0
GOMAA-Geo,swissviewmonuments,4,img285_d4_s18_g10_r0,True,0,8,4,4,1.0,0.75,0.25,0.14285714285714285,0.1111111111111111,0.8888888888888888
GOMAA-Geo,swissviewmonuments,6,img285_d6_s24_g10_r0,True,0,6,6,0,1.0,1.0,0.0,0.0,0.0,1.0
GOMAA-Geo,swissviewmonuments,4,img286_d4_s19_g11_r0,False,2,10,4,6,0.5,0.6,0.4,0.3333333333333333,0.2727272727272727,0.7272727272727273
GOMAA-Geo,swissviewmonuments,4,img287_d4_s20_g12_r0,False,2,10,4,6,0.5,0.6,0.4,0.3333333333333333,0.2727272727272727,0.7272727272727273
GOMAA-Geo,swissviewmonuments,4,img288_d4_s01_g13_r0,False,2,10,4,6,0.5,0.6,0.4,0.2222222222222222,0.18181818181818182,0.8181818181818182
GOMAA-Geo,swissviewmonuments,4,img289_d4_s22_g14_r0,False,6,10,4,6,-0.5,0.4,0.6,0.2222222222222222,0.2727272727272727,0.7272727272727273
GOMAA-Geo,swissviewmonuments,6,img289_d6_s20_g14_r0,False,2,10,6,4,0.6666666666666666,0.7,0.3,0.4444444444444444,0.45454545454545453,0.5454545454545454
GOMAA-Geo,swissviewmonuments,4,img290_d4_s23_g15_r0,False,4,10,4,6,0.0,0.5,0.5,0.3333333333333333,0.2727272727272727,0.7272727272727273
GOMAA-Geo,swissviewmonuments,6,img290_d6_s03_g15_r0,False,2,10,6,4,0.6666666666666666,0.7,0.3,0.4444444444444444,0.5454545454545454,0.45454545454545453
GOMAA-Geo,swissviewmonuments,4,img291_d4_s24_g16_r0,False,4,10,4,6,0.0,0.5,0.5,0.1111111111111111,0.09090909090909091,0.9090909090909091
GOMAA-Geo,swissviewmonuments,6,img291_d6_s04_g16_r0,False,2,10,6,4,0.6666666666666666,0.7,0.3,0.4444444444444444,0.36363636363636365,0.6363636363636364
GOMAA-Geo,swissviewmonuments,4,img292_d4_s03_g17_r0,False,2,10,4,6,0.5,0.6,0.4,0.2222222222222222,0.18181818181818182,0.8181818181818182
GOMAA-Geo,swissviewmonuments,4,img293_d4_s06_g18_r0,True,0,4,4,0,1.0,1.0,0.0,0.0,0.0,1.0
GOMAA-Geo,swissviewmonuments,6,img293_d6_s00_g18_r0,False,2,10,6,4,0.6666666666666666,0.7,0.3,0.1111111111111111,0.18181818181818182,0.8181818181818182
GOMAA-Geo,swissviewmonuments,4,img294_d4_s21_g19_r0,True,0,4,4,0,1.0,1.0,0.0,0.0,0.0,1.0
GOMAA-Geo,swissviewmonuments,6,img294_d6_s05_g19_r0,True,0,6,6,0,1.0,1.0,0.0,0.0,0.0,1.0
GOMAA-Geo,swissviewmonuments,4,img295_d4_s00_g20_r0,False,4,10,4,6,0.0,0.5,0.5,0.2222222222222222,0.18181818181818182,0.8181818181818182
GOMAA-Geo,swissviewmonuments,6,img295_d6_s14_g20_r0,False,6,10,6,4,0.0,0.5,0.5,0.6666666666666666,0.5454545454545454,0.45454545454545453
GOMAA-Geo,swissviewmonuments,8,img295_d8_s04_g20_r0,False,2,10,8,2,0.75,0.8,0.2,0.4444444444444444,0.36363636363636365,0.6363636363636364
GOMAA-Geo,swissviewmonuments,4,img296_d4_s05_g21_r0,False,4,10,4,6,0.0,0.5,0.5,0.1111111111111111,0.18181818181818182,0.8181818181818182
GOMAA-Geo,swissviewmonuments,6,img296_d6_s09_g21_r0,False,4,10,6,4,0.3333333333333333,0.6,0.4,0.2222222222222222,0.36363636363636365,0.6363636363636364
GOMAA-Geo,swissviewmonuments,4,img297_d4_s10_g22_r0,False,2,10,4,6,0.5,0.6,0.4,0.0,0.0,1.0
GOMAA-Geo,swissviewmonuments,6,img297_d6_s00_g22_r0,True,0,10,6,4,1.0,0.8,0.2,0.0,0.0,1.0
GOMAA-Geo,swissviewmonuments,4,img298_d4_s03_g23_r0,False,2,10,4,6,0.5,0.6,0.4,0.2222222222222222,0.18181818181818182,0.8181818181818182
GOMAA-Geo,swissviewmonuments,6,img298_d6_s01_g23_r0,True,0,8,6,2,1.0,0.875,0.125,0.0,0.0,1.0
GOMAA-Geo,swissviewmonuments,4,img299_d4_s12_g24_r0,False,4,10,4,6,0.0,0.5,0.5,0.1111111111111111,0.18181818181818182,0.8181818181818182
GOMAA-Geo,swissviewmonuments,6,img299_d6_s06_g24_r0,True,0,6,6,0,1.0,1.0,0.0,0.0,0.0,1.0
GOMAA-Geo,swissviewmonuments,8,img299_d8_s00_g24_r0,True,0,8,8,0,1.0,1.0,0.0,0.0,0.0,1.0
GOMAA-Geo,swissviewmonuments,4,img300_d4_s16_g00_r0,False,6,10,4,6,-0.5,0.4,0.6,0.2222222222222222,0.18181818181818182,0.8181818181818182
GOMAA-Geo,swissviewmonuments,6,img300_d6_s18_g00_r0,True,0,6,6,0,1.0,1.0,0.0,0.0,0.0,1.0
GOMAA-Geo,swissviewmonuments,8,img300_d8_s24_g00_r0,True,0,8,8,0,1.0,1.0,0.0,0.0,0.0,1.0
GOMAA-Geo,swissviewmonuments,4,img301_d4_s21_g01_r0,True,0,4,4,0,1.0,1.0,0.0,0.0,0.0,1.0
GOMAA-Geo,swissviewmonuments,6,img301_d6_s23_g01_r0,True,0,6,6,0,1.0,1.0,0.0,0.0,0.0,1.0
GOMAA-Geo,swissviewmonuments,4,img302_d4_s18_g02_r0,False,4,10,4,6,0.0,0.5,0.5,0.1111111111111111,0.18181818181818182,0.8181818181818182
GOMAA-Geo,swissviewmonuments,6,img302_d6_s20_g02_r0,False,4,10,6,4,0.3333333333333333,0.6,0.4,0.1111111111111111,0.18181818181818182,0.8181818181818182
GOMAA-Geo,swissviewmonuments,4,img303_d4_s17_g03_r0,True,0,8,4,4,1.0,0.75,0.25,0.14285714285714285,0.1111111111111111,0.8888888888888888
GOMAA-Geo,swissviewmonuments,6,img303_d6_s21_g03_r0,False,2,10,6,4,0.6666666666666666,0.7,0.3,0.2222222222222222,0.2727272727272727,0.7272727272727273
GOMAA-Geo,swissviewmonuments,4,img304_d4_s06_g04_r0,False,6,10,4,6,-0.5,0.4,0.6,0.3333333333333333,0.2727272727272727,0.7272727272727273
GOMAA-Geo,swissviewmonuments,6,img304_d6_s10_g04_r0,True,0,6,6,0,1.0,1.0,0.0,0.0,0.0,1.0
GOMAA-Geo,swissviewmonuments,8,img304_d8_s20_g04_r0,False,6,10,8,2,0.25,0.6,0.4,0.3333333333333333,0.5454545454545454,0.45454545454545453
GOMAA-Geo,swissviewmonuments,4,img305_d4_s17_g05_r0,False,4,10,4,6,0.0,0.5,0.5,0.4444444444444444,0.36363636363636365,0.6363636363636364
GOMAA-Geo,swissviewmonuments,6,img305_d6_s19_g05_r0,True,0,6,6,0,1.0,1.0,0.0,0.0,0.0,1.0
GOMAA-Geo,swissviewmonuments,4,img306_d4_s18_g06_r0,False,2,10,4,6,0.5,0.6,0.4,0.3333333333333333,0.2727272727272727,0.7272727272727273
GOMAA-Geo,swissviewmonuments,6,img306_d6_s24_g06_r0,False,2,10,6,4,0.6666666666666666,0.7,0.3,0.1111111111111111,0.09090909090909091,0.9090909090909091
GOMAA-Geo,swissviewmonuments,4,img307_d4_s21_g07_r0,False,2,10,4,6,0.5,0.6,0.4,0.1111111111111111,0.18181818181818182,0.8181818181818182
GOMAA-Geo,swissviewmonuments,4,img308_d4_s16_g08_r0,False,2,10,4,6,0.5,0.6,0.4,0.3333333333333333,0.2727272727272727,0.7272727272727273
GOMAA-Geo,swissviewmonuments,6,img308_d6_s20_g08_r0,False,2,10,6,4,0.6666666666666666,0.7,0.3,0.4444444444444444,0.36363636363636365,0.6363636363636364
GOMAA-Geo,swissviewmonuments,4,img309_d4_s05_g09_r0,False,4,10,4,6,0.0,0.5,0.5,0.3333333333333333,0.2727272727272727,0.7272727272727273
GOMAA-Geo,swissviewmonuments,6,img309_d6_s21_g09_r0,True,0,10,6,4,1.0,0.8,0.2,0.2222222222222222,0.18181818181818182,0.8181818181818182
GOMAA-Geo,swissviewmonuments,4,img310_d4_s14_g10_r0,False,2,10,4,6,0.5,0.6,0.4,0.2222222222222222,0.2727272727272727,0.7272727272727273
GOMAA-Geo,swissviewmonuments,6,img310_d6_s24_g10_r0,True,0,6,6,0,1.0,1.0,0.0,0.0,0.0,1.0
GOMAA-Geo,swissviewmonuments,4,img311_d4_s23_g11_r0,True,0,4,4,0,1.0,1.0,0.0,0.0,0.0,1.0
GOMAA-Geo,swissviewmonuments,4,img312_d4_s00_g12_r0,False,4,10,4,6,0.0,0.5,0.5,0.5555555555555556,0.45454545454545453,0.5454545454545454
GOMAA-Geo,swissviewmonuments,4,img313_d4_s01_g13_r0,False,4,10,4,6,0.0,0.5,0.5,0.4444444444444444,0.36363636363636365,0.6363636363636364
GOMAA-Geo,swissviewmonuments,4,img314_d4_s16_g14_r0,False,4,10,4,6,0.0,0.5,0.5,0.2222222222222222,0.2727272727272727,0.7272727272727273
GOMAA-Geo,swissviewmonuments,6,img314_d6_s00_g14_r0,True,0,6,6,0,1.0,1.0,0.0,0.0,0.0,1.0
GOMAA-Geo,swissviewmonuments,4,img315_d4_s19_g15_r0,False,2,10,4,6,0.5,0.6,0.4,0.2222222222222222,0.18181818181818182,0.8181818181818182
GOMAA-Geo,swissviewmonuments,6,img315_d6_s09_g15_r0,True,0,6,6,0,1.0,1.0,0.0,0.0,0.0,1.0
GOMAA-Geo,swissviewmonuments,4,img316_d4_s14_g16_r0,False,2,10,4,6,0.5,0.6,0.4,0.3333333333333333,0.2727272727272727,0.7272727272727273
GOMAA-Geo,swissviewmonuments,6,img316_d6_s04_g16_r0,False,2,10,6,4,0.6666666666666666,0.7,0.3,0.4444444444444444,0.36363636363636365,0.6363636363636364
GOMAA-Geo,swissviewmonuments,4,img317_d4_s03_g17_r0,False,4,10,4,6,0.0,0.5,0.5,0.6666666666666666,0.5454545454545454,0.45454545454545453
GOMAA-Geo,swissviewmonuments,4,img318_d4_s10_g18_r0,False,4,10,4,6,0.0,0.5,0.5,0.3333333333333333,0.2727272727272727,0.7272727272727273
GOMAA-Geo,swissviewmonuments,6,img318_d6_s00_g18_r0,False,4,10,6,4,0.3333333333333333,0.6,0.4,0.1111111111111111,0.2727272727272727,0.7272727272727273
GOMAA-Geo,swissviewmonuments,4,img319_d4_s11_g19_r0,False,4,10,4,6,0.0,0.5,0.5,0.2222222222222222,0.36363636363636365,0.6363636363636364
GOMAA-Geo,swissviewmonuments,6,img319_d6_s05_g19_r0,False,2,10,6,4,0.6666666666666666,0.7,0.3,0.3333333333333333,0.2727272727272727,0.7272727272727273
GOMAA-Geo,swissviewmonuments,4,img320_d4_s18_g20_r0,False,4,10,4,6,0.0,0.5,0.5,0.3333333333333333,0.2727272727272727,0.7272727272727273
GOMAA-Geo,swissviewmonuments,6,img320_d6_s08_g20_r0,True,0,6,6,0,1.0,1.0,0.0,0.0,0.0,1.0
GOMAA-Geo,swissviewmonuments,8,img320_d8_s04_g20_r0,True,0,8,8,0,1.0,1.0,0.0,0.0,0.0,1.0
GOMAA-Geo,swissviewmonuments,4,img321_d4_s07_g21_r0,True,0,6,4,2,1.0,0.8333333333333334,0.16666666666666666,0.2,0.14285714285714285,0.8571428571428571
GOMAA-Geo,swissviewmonuments,6,img321_d6_s09_g21_r0,True,0,6,6,0,1.0,1.0,0.0,0.0,0.0,1.0
GOMAA-Geo,swissviewmonuments,4,img322_d4_s14_g22_r0,False,4,10,4,6,0.0,0.5,0.5,0.2222222222222222,0.18181818181818182,0.8181818181818182
GOMAA-Geo,swissviewmonuments,6,img322_d6_s00_g22_r0,True,0,6,6,0,1.0,1.0,0.0,0.0,0.0,1.0
GOMAA-Geo,swissviewmonuments,4,img323_d4_s09_g23_r0,True,0,4,4,0,1.0,1.0,0.0,0.0,0.0,1.0
GOMAA-Geo,swissviewmonuments,6,img323_d6_s01_g23_r0,True,0,8,6,2,1.0,0.875,0.125,0.0,0.0,1.0
GOMAA-Geo,swissviewmonuments,4,img324_d4_s20_g24_r0,False,4,10,4,6,0.0,0.5,0.5,0.2222222222222222,0.18181818181818182,0.8181818181818182
GOMAA-Geo,swissviewmonuments,6,img324_d6_s06_g24_r0,True,0,6,6,0,1.0,1.0,0.0,0.0,0.0,1.0
GOMAA-Geo,swissviewmonuments,8,img324_d8_s00_g24_r0,False,4,10,8,2,0.5,0.7,0.3,0.0,0.09090909090909091,0.9090909090909091
GOMAA-Geo,swissviewmonuments,4,img325_d4_s20_g00_r0,False,4,10,4,6,0.0,0.5,0.5,0.2222222222222222,0.18181818181818182,0.8181818181818182
GOMAA-Geo,swissviewmonuments,6,img325_d6_s14_g00_r0,True,0,6,6,0,1.0,1.0,0.0,0.0,0.0,1.0
GOMAA-Geo,swissviewmonuments,8,img325_d8_s24_g00_r0,True,0,8,8,0,1.0,1.0,0.0,0.0,0.0,1.0
GOMAA-Geo,swissviewmonuments,4,img326_d4_s17_g01_r0,True,0,4,4,0,1.0,1.0,0.0,0.0,0.0,1.0
GOMAA-Geo,swissviewmonuments,6,img326_d6_s23_g01_r0,True,0,8,6,2,1.0,0.875,0.125,0.0,0.0,1.0
GOMAA-Geo,swissviewmonuments,4,img327_d4_s14_g02_r0,False,6,10,4,6,-0.5,0.4,0.6,0.2222222222222222,0.18181818181818182,0.8181818181818182
GOMAA-Geo,swissviewmonuments,6,img327_d6_s20_g02_r0,False,6,10,6,4,0.0,0.5,0.5,0.4444444444444444,0.45454545454545453,0.5454545454545454
GOMAA-Geo,swissviewmonuments,4,img328_d4_s11_g03_r0,True,0,4,4,0,1.0,1.0,0.0,0.0,0.0,1.0
GOMAA-Geo,swissviewmonuments,6,img328_d6_s21_g03_r0,True,0,10,6,4,1.0,0.8,0.2,0.2222222222222222,0.18181818181818182,0.8181818181818182
GOMAA-Geo,swissviewmonuments,4,img329_d4_s18_g04_r0,False,4,10,4,6,0.0,0.5,0.5,0.2222222222222222,0.2727272727272727,0.7272727272727273
GOMAA-Geo,swissviewmonuments,6,img329_d6_s16_g04_r0,True,0,6,6,0,1.0,1.0,0.0,0.0,0.0,1.0
GOMAA-Geo,swissviewmonuments,8,img329_d8_s20_g04_r0,False,2,10,8,2,0.75,0.8,0.2,0.2222222222222222,0.18181818181818182,0.8181818181818182
GOMAA-Geo,swissviewmonuments,4,img330_d4_s09_g05_r0,True,0,8,4,4,1.0,0.75,0.25,0.0,0.0,1.0
GOMAA-Geo,swissviewmonuments,6,img330_d6_s19_g05_r0,True,0,8,6,2,1.0,0.875,0.125,0.0,0.0,1.0
GOMAA-Geo,swissviewmonuments,4,img331_d4_s22_g06_r0,True,0,4,4,0,1.0,1.0,0.0,0.0,0.0,1.0
GOMAA-Geo,swissviewmonuments,6,img331_d6_s24_g06_r0,False,2,10,6,4,0.6666666666666666,0.7,0.3,0.0,0.0,1.0
GOMAA-Geo,swissviewmonuments,4,img332_d4_s23_g07_r0,False,2,10,4,6,0.5,0.6,0.4,0.1111111111111111,0.18181818181818182,0.8181818181818182
GOMAA-Geo,swissviewmonuments,4,img333_d4_s10_g08_r0,False,4,10,4,6,0.0,0.5,0.5,0.0,0.0,1.0
GOMAA-Geo,swissviewmonuments,6,img333_d6_s20_g08_r0,False,2,10,6,4,0.6666666666666666,0.7,0.3,0.1111111111111111,0.18181818181818182,0.8181818181818182
GOMAA-Geo,swissviewmonuments,4,img334_d4_s17_g09_r0,False,4,10,4,6,0.0,0.5,0.5,0.4444444444444444,0.36363636363636365,0.6363636363636364
GOMAA-Geo,swissviewmonuments,6,img334_d6_s21_g09_r0,True,0,6,6,0,1.0,1.0,0.0,0.0,0.0,1.0
GOMAA-Geo,swissviewmonuments,4,img335_d4_s18_g10_r0,False,2,10,4,6,0.5,0.6,0.4,0.4444444444444444,0.36363636363636365,0.6363636363636364
GOMAA-Geo,swissviewmonuments,6,img335_d6_s24_g10_r0,True,0,6,6,0,1.0,1.0,0.0,0.0,0.0,1.0
GOMAA-Geo,swissviewmonuments,4,img336_d4_s09_g11_r0,False,2,10,4,6,0.5,0.6,0.4,0.3333333333333333,0.2727272727272727,0.7272727272727273
GOMAA-Geo,swissviewmonuments,4,img337_d4_s00_g12_r0,False,4,10,4,6,0.0,0.5,0.5,0.2222222222222222,0.18181818181818182,0.8181818181818182
GOMAA-Geo,swissviewmonuments,4,img338_d4_s01_g13_r0,True,0,4,4,0,1.0,1.0,0.0,0.0,0.0,1.0
GOMAA-Geo,swissviewmonuments,4,img339_d4_s06_g14_r0,False,2,10,4,6,0.5,0.6,0.4,0.1111111111111111,0.09090909090909091,0.9090909090909091
GOMAA-Geo,swissviewmonuments,6,img339_d6_s00_g14_r0,False,2,10,6,4,0.6666666666666666,0.7,0.3,0.4444444444444444,0.36363636363636365,0.6363636363636364
GOMAA-Geo,swissviewmonuments,4,img340_d4_s13_g15_r0,False,2,10,4,6,0.5,0.6,0.4,0.3333333333333333,0.2727272727272727,0.7272727272727273
GOMAA-Geo,swissviewmonuments,6,img340_d6_s09_g15_r0,True,0,6,6,0,1.0,1.0,0.0,0.0,0.0,1.0
GOMAA-Geo,swissviewmonuments,4,img341_d4_s14_g16_r0,False,4,10,4,6,0.0,0.5,0.5,0.3333333333333333,0.2727272727272727,0.7272727272727273
GOMAA-Geo,swissviewmonuments,6,img341_d6_s04_g16_r0,True,0,6,6,0,1.0,1.0,0.0,0.0,0.0,1.0
GOMAA-Geo,swissviewmonuments,4,img342_d4_s01_g17_r0,True,0,6,4,2,1.0,0.8333333333333334,0.16666666666666666,0.0,0.0,1.0
GOMAA-Geo,swissviewmonuments,4,img343_d4_s02_g18_r0,False,2,10,4,6,0.5,0.6,0.4,0.1111111111111111,0.09090909090909091,0.9090909090909091
GOMAA-Geo,swissviewmonuments,6,img343_d6_s00_g18_r0,True,0,6,6,0,1.0,1.0,0.0,0.0,0.0,1.0
GOMAA-Geo,swissviewmonuments,4,img344_d4_s03_g19_r0,False,6,10,4,6,-0.5,0.4,0.6,0.0,0.0,1.0
GOMAA-Geo,swissviewmonuments,6,img344_d6_s01_g19_r0,False,2,10,6,4,0.6666666666666666,0.7,0.3,0.3333333333333333,0.2727272727272727,0.7272727272727273
GOMAA-Geo,swissviewmonuments,4,img345_d4_s12_g20_r0,False,8,10,4,6,-1.0,0.3,0.7,0.0,0.0,1.0
GOMAA-Geo,swissviewmonuments,6,img345_d6_s14_g20_r0,False,4,10,6,4,0.3333333333333333,0.6,0.4,0.2222222222222222,0.18181818181818182,0.8181818181818182
GOMAA-Geo,swissviewmonuments,8,img345_d8_s04_g20_r0,False,2,10,8,2,0.75,0.8,0.2,0.4444444444444444,0.36363636363636365,0.6363636363636364
GOMAA-Geo,swissviewmonuments,4,img346_d4_s19_g21_r0,False,4,10,4,6,0.0,0.5,0.5,0.2222222222222222,0.18181818181818182,0.8181818181818182
GOMAA-Geo,swissviewmonuments,6,img346_d6_s09_g21_r0,False,4,10,6,4,0.3333333333333333,0.6,0.4,0.0,0.0,1.0
GOMAA-Geo,swissviewmonuments,4,img347_d4_s10_g22_r0,False,2,10,4,6,0.5,0.6,0.4,0.2222222222222222,0.18181818181818182,0.8181818181818182
GOMAA-Geo,swissviewmonuments,6,img347_d6_s04_g22_r0,False,2,10,6,4,0.6666666666666666,0.7,0.3,0.1111111111111111,0.09090909090909091,0.9090909090909091
GOMAA-Geo,swissviewmonuments,4,img348_d4_s15_g23_r0,False,4,10,4,6,0.0,0.5,0.5,0.2222222222222222,0.18181818181818182,0.8181818181818182
GOMAA-Geo,swissviewmonuments,6,img348_d6_s01_g23_r0,False,4,10,6,4,0.3333333333333333,0.6,0.4,0.5555555555555556,0.45454545454545453,0.5454545454545454
GOMAA-Geo,swissviewmonuments,4,img349_d4_s20_g24_r0,False,4,10,4,6,0.0,0.5,0.5,0.2222222222222222,0.18181818181818182,0.8181818181818182
GOMAA-Geo,swissviewmonuments,6,img349_d6_s02_g24_r0,False,2,10,6,4,0.6666666666666666,0.7,0.3,0.2222222222222222,0.2727272727272727,0.7272727272727273
GOMAA-Geo,swissviewmonuments,8,img349_d8_s00_g24_r0,False,2,10,8,2,0.75,0.8,0.2,0.3333333333333333,0.2727272727272727,0.7272727272727273
GOMAA-Geo,swissviewmonuments,4,img350_d4_s12_g00_r0,True,0,4,4,0,1.0,1.0,0.0,0.0,0.0,1.0
GOMAA-Geo,swissviewmonuments,6,img350_d6_s18_g00_r0,True,0,6,6,0,1.0,1.0,0.0,0.0,0.0,1.0
GOMAA-Geo,swissviewmonuments,8,img350_d8_s24_g00_r0,True,0,8,8,0,1.0,1.0,0.0,0.0,0.0,1.0
GOMAA-Geo,swissviewmonuments,4,img351_d4_s13_g01_r0,True,0,4,4,0,1.0,1.0,0.0,0.0,0.0,1.0
GOMAA-Geo,swissviewmonuments,6,img351_d6_s23_g01_r0,True,0,6,6,0,1.0,1.0,0.0,0.0,0.0,1.0
GOMAA-Geo,swissviewmonuments,4,img352_d4_s16_g02_r0,True,0,4,4,0,1.0,1.0,0.0,0.0,0.0,1.0
GOMAA-Geo,swissviewmonuments,6,img352_d6_s20_g02_r0,True,0,8,6,2,1.0,0.875,0.125,0.2857142857142857,0.2222222222222222,0.7777777777777778
GOMAA-Geo,swissviewmonuments,4,img353_d4_s05_g03_r0,False,4,10,4,6,0.0,0.5,0.5,0.3333333333333333,0.2727272727272727,0.7272727272727273
GOMAA-Geo,swissviewmonuments,6,img353_d6_s15_g03_r0,False,4,10,6,4,0.3333333333333333,0.6,0.4,0.0,0.0,1.0
GOMAA-Geo,swissviewmonuments,4,img354_d4_s06_g04_r0,True,0,8,4,4,1.0,0.75,0.25,0.0,0.0,1.0
GOMAA-Geo,swissviewmonuments,6,img354_d6_s10_g04_r0,True,0,6,6,0,1.0,1.0,0.0,0.0,0.0,1.0
GOMAA-Geo,swissviewmonuments,8,img354_d8_s20_g04_r0,True,0,8,8,0,1.0,1.0,0.0,0.0,0.0,1.0
GOMAA-Geo,swissviewmonuments,4,img355_d4_s13_g05_r0,True,0,8,4,4,1.0,0.75,0.25,0.2857142857142857,0.2222222222222222,0.7777777777777778
GOMAA-Geo,swissviewmonuments,6,img355_d6_s23_g05_r0,False,2,10,6,4,0.6666666666666666,0.7,0.3,0.2222222222222222,0.18181818181818182,0.8181818181818182
GOMAA-Geo,swissviewmonuments,4,img356_d4_s22_g06_r0,True,0,4,4,0,1.0,1.0,0.0,0.0,0.0,1.0
GOMAA-Geo,swissviewmonuments,6,img356_d6_s24_g06_r0,True,0,6,6,0,1.0,1.0,0.0,0.0,0.0,1.0
GOMAA-Geo,swissviewmonuments,4,img357_d4_s15_g07_r0,False,2,10,4,6,0.5,0.6,0.4,0.3333333333333333,0.2727272727272727,0.7272727272727273
GOMAA-Geo,swissviewmonuments,4,img358_d4_s16_g08_r0,False,2,10,4,6,0.5,0.6,0.4,0.1111111111111111,0.09090909090909091,0.9090909090909091
GOMAA-Geo,swissviewmonuments,6,img358_d6_s20_g08_r0,False,2,10,6,4,0.6666666666666666,0.7,0.3,0.2222222222222222,0.18181818181818182,0.8181818181818182
GOMAA-Geo,swissviewmonuments,4,img359_d4_s23_g09_r0,False,4,10,4,6,0.0,0.5,0.5,0.2222222222222222,0.18181818181818182,0.8181818181818182
GOMAA-Geo,swissviewmonuments,6,img359_d6_s15_g09_r0,False,2,10,6,4,0.6666666666666666,0.7,0.3,0.2222222222222222,0.2727272727272727,0.7272727272727273
GOMAA-Geo,swissviewmonuments,4,img360_d4_s22_g10_r0,True,0,4,4,0,1.0,1.0,0.0,0.0,0.0,1.0
GOMAA-Geo,swissviewmonuments,6,img360_d6_s24_g10_r0,False,2,10,6,4,0.6666666666666666,0.7,0.3,0.2222222222222222,0.18181818181818182,0.8181818181818182
GOMAA-Geo,swissviewmonuments,4,img361_d4_s03_g11_r0,False,2,10,4,6,0.5,0.6,0.4,0.2222222222222222,0.36363636363636365,0.6363636363636364
GOMAA-Geo,swissviewmonuments,4,img362_d4_s00_g12_r0,False,4,10,4,6,0.0,0.5,0.5,0.2222222222222222,0.18181818181818182,0.8181818181818182
GOMAA-Geo,swissviewmonuments,4,img363_d4_s05_g13_r0,False,2,10,4,6,0.5,0.6,0.4,0.3333333333333333,0.2727272727272727,0.7272727272727273
GOMAA-Geo,swissviewmonuments,4,img364_d4_s16_g14_r0,False,2,10,4,6,0.5,0.6,0.4,0.4444444444444444,0.45454545454545453,0.5454545454545454
GOMAA-Geo,swissviewmonuments,6,img364_d6_s20_g14_r0,False,2,10,6,4,0.6666666666666666,0.7,0.3,0.2222222222222222,0.18181818181818182,0.8181818181818182
GOMAA-Geo,swissviewmonuments,4,img365_d4_s07_g15_r0,False,4,10,4,6,0.0,0.5,0.5,0.1111111111111111,0.18181818181818182,0.8181818181818182
GOMAA-Geo,swissviewmonuments,6,img365_d6_s09_g15_r0,True,0,8,6,2,1.0,0.875,0.125,0.0,0.0,1.0
GOMAA-Geo,swissviewmonuments,4,img366_d4_s14_g16_r0,False,2,10,4,6,0.5,0.6,0.4,0.0,0.0,1.0
GOMAA-Geo,swissviewmonuments,6,img366_d6_s04_g16_r0,True,0,6,6,0,1.0,1.0,0.0,0.0,0.0,1.0
GOMAA-Geo,swissviewmonuments,4,img367_d4_s05_g17_r0,False,2,10,4,6,0.5,0.6,0.4,0.0,0.0,1.0
GOMAA-Geo,swissviewmonuments,4,img368_d4_s10_g18_r0,False,4,10,4,6,0.0,0.5,0.5,0.4444444444444444,0.36363636363636365,0.6363636363636364
GOMAA-Geo,swissviewmonuments,6,img368_d6_s00_g18_r0,False,2,10,6,4,0.6666666666666666,0.7,0.3,0.2222222222222222,0.18181818181818182,0.8181818181818182
GOMAA-Geo,swissviewmonuments,4,img369_d4_s21_g19_r0,False,6,10,4,6,-0.5,0.4,0.6,0.2222222222222222,0.18181818181818182,0.8181818181818182
GOMAA-Geo,swissviewmonuments,6,img369_d6_s05_g19_r0,True,0,8,6,2,1.0,0.875,0.125,0.0,0.0,1.0
GOMAA-Geo,swissviewmonuments,4,img370_d4_s12_g20_r0,False,4,10,4,6,0.0,0.5,0.5,0.4444444444444444,0.36363636363636365,0.6363636363636364
GOMAA-Geo,swissviewmonuments,6,img370_d6_s02_g20_r0,True,0,6,6,0,1.0,1.0,0.0,0.0,0.0,1.0
GOMAA-Geo,swissviewmonuments,8,img370_d8_s04_g20_r0,True,0,8,8,0,1.0,1.0,0.0,0.0,0.0,1.0
GOMAA-Geo,swissviewmonuments,4,img371_d4_s01_g21_r0,False,2,10,4,6,0.5,0.6,0.4,0.1111111111111111,0.09090909090909091,0.9090909090909091
GOMAA-Geo,swissviewmonuments,6,img371_d6_s03_g21_r0,True,0,8,6,2,1.0,0.875,0.125,0.0,0.0,1.0
GOMAA-Geo,swissviewmonuments,4,img372_d4_s02_g22_r0,True,0,10,4,6,1.0,0.7,0.3,0.2222222222222222,0.18181818181818182,0.8181818181818182
GOMAA-Geo,swissviewmonuments,6,img372_d6_s04_g22_r0,False,4,10,6,4,0.3333333333333333,0.6,0.4,0.1111111111111111,0.09090909090909091,0.9090909090909091
GOMAA-Geo,swissviewmonuments,4,img373_d4_s03_g23_r0,False,4,10,4,6,0.0,0.5,0.5,0.2222222222222222,0.36363636363636365,0.6363636363636364
GOMAA-Geo,swissviewmonuments,6,img373_d6_s05_g23_r0,True,0,10,6,4,1.0,0.8,0.2,0.0,0.0,1.0
GOMAA-Geo,swissviewmonuments,4,img374_d4_s12_g24_r0,False,6,10,4,6,-0.5,0.4,0.6,0.6666666666666666,0.5454545454545454,0.45454545454545453
GOMAA-Geo,swissviewmonuments,6,img374_d6_s06_g24_r0,True,0,6,6,0,1.0,1.0,0.0,0.0,0.0,1.0
GOMAA-Geo,swissviewmonuments,8,img374_d8_s00_g24_r0,True,0,8,8,0,1.0,1.0,0.0,0.0,0.0,1.0
GeoExplorer-pristine,swissviewmonuments,4,img000_d4_s08_g00_r0,False,6,10,4,6,-0.5,0.4,0.6,0.2222222222222222,0.18181818181818182,0.8181818181818182
GeoExplorer-pristine,swissviewmonuments,6,img000_d6_s14_g00_r0,True,0,6,6,0,1.0,1.0,0.0,0.0,0.0,1.0
GeoExplorer-pristine,swissviewmonuments,8,img000_d8_s24_g00_r0,True,0,8,8,0,1.0,1.0,0.0,0.0,0.0,1.0
GeoExplorer-pristine,swissviewmonuments,4,img001_d4_s21_g01_r0,False,4,10,4,6,0.0,0.5,0.5,0.3333333333333333,0.2727272727272727,0.7272727272727273
GeoExplorer-pristine,swissviewmonuments,6,img001_d6_s19_g01_r0,True,0,6,6,0,1.0,1.0,0.0,0.0,0.0,1.0
GeoExplorer-pristine,swissviewmonuments,4,img002_d4_s14_g02_r0,False,6,10,4,6,-0.5,0.4,0.6,0.3333333333333333,0.2727272727272727,0.7272727272727273
GeoExplorer-pristine,swissviewmonuments,6,img002_d6_s20_g02_r0,False,4,10,6,4,0.3333333333333333,0.6,0.4,0.2222222222222222,0.18181818181818182,0.8181818181818182
GeoExplorer-pristine,swissviewmonuments,4,img003_d4_s23_g03_r0,True,0,8,4,4,1.0,0.75,0.25,0.0,0.0,1.0
GeoExplorer-pristine,swissviewmonuments,6,img003_d6_s21_g03_r0,True,0,10,6,4,1.0,0.8,0.2,0.0,0.0,1.0
GeoExplorer-pristine,swissviewmonuments,4,img004_d4_s06_g04_r0,False,4,10,4,6,0.0,0.5,0.5,0.3333333333333333,0.2727272727272727,0.7272727272727273
GeoExplorer-pristine,swissviewmonuments,6,img004_d6_s10_g04_r0,False,4,10,6,4,0.3333333333333333,0.6,0.4,0.3333333333333333,0.45454545454545453,0.5454545454545454
GeoExplorer-pristine,swissviewmonuments,8,img004_d8_s20_g04_r0,False,2,10,8,2,0.75,0.8,0.2,0.4444444444444444,0.36363636363636365,0.6363636363636364
GeoExplorer-pristine,swissviewmonuments,4,img005_d4_s21_g05_r0,True,0,10,4,6,1.0,0.7,0.3,0.0,0.0,1.0
GeoExplorer-pristine,swissviewmonuments,6,img005_d6_s19_g05_r0,False,2,10,6,4,0.6666666666666666,0.7,0.3,0.2222222222222222,0.2727272727272727,0.7272727272727273
GeoExplorer-pristine,swissviewmonuments,4,img006_d4_s20_g06_r0,False,4,10,4,6,0.0,0.5,0.5,0.2222222222222222,0.18181818181818182,0.8181818181818182
GeoExplorer-pristine,swissviewmonuments,6,img006_d6_s24_g06_r0,False,2,10,6,4,0.6666666666666666,0.7,0.3,0.3333333333333333,0.2727272727272727,0.7272727272727273
GeoExplorer-pristine,swissviewmonuments,4,img007_d4_s19_g07_r0,True,0,4,4,0,1.0,1.0,0.0,0.0,0.0,1.0
GeoExplorer-pristine,swissviewmonuments,4,img008_d4_s24_g08_r0,False,2,10,4,6,0.5,0.6,0.4,0.3333333333333333,0.2727272727272727,0.7272727272727273
GeoExplorer-pristine,swissviewmonuments,6,img008_d6_s20_g08_r0,False,2,10,6,4,0.6666666666666666,0.7,0.3,0.4444444444444444,0.36363636363636365,0.6363636363636364
GeoExplorer-pristine,swissviewmonuments,4,img009_d4_s23_g09_r0,False,4,10,4,6,0.0,0.5,0.5,0.3333333333333333,0.2727272727272727,0.7272727272727273
GeoExplorer-pristine,swissviewmonuments,6,img009_d6_s15_g09_r0,False,4,10,6,4,0.3333333333333333,0.6,0.4,0.3333333333333333,0.36363636363636365,0.6363636363636364
GeoExplorer-pristine,swissviewmonuments,4,img010_d4_s18_g10_r0,False,4,10,4,6,0.0,0.5,0.5,0.2222222222222222,0.18181818181818182,0.8181818181818182
GeoExplorer-pristine,swissviewmonuments,6,img010_d6_s24_g10_r0,False,4,10,6,4,0.3333333333333333,0.6,0.4,0.1111111111111111,0.18181818181818182,0.8181818181818182
GeoExplorer-pristine,swissviewmonuments,4,img011_d4_s03_g11_r0,False,2,10,4,6,0.5,0.6,0.4,0.1111111111111111,0.09090909090909091,0.9090909090909091
GeoExplorer-pristine,swissviewmonuments,4,img012_d4_s04_g12_r0,False,2,10,4,6,0.5,0.6,0.4,0.2222222222222222,0.18181818181818182,0.8181818181818182
GeoExplorer-pristine,swissviewmonuments,4,img013_d4_s01_g13_r0,True,0,4,4,0,1.0,1.0,0.0,0.0,0.0,1.0
GeoExplorer-pristine,swissviewmonuments,4,img014_d4_s10_g14_r0,False,4,10,4,6,0.0,0.5,0.5,0.5555555555555556,0.5454545454545454,0.45454545454545453
GeoExplorer-pristine,swissviewmonuments,6,img014_d6_s00_g14_r0,False,4,10,6,4,0.3333333333333333,0.6,0.4,0.2222222222222222,0.2727272727272727,0.7272727272727273
GeoExplorer-pristine,swissviewmonuments,4,img015_d4_s01_g15_r0,False,2,10,4,6,0.5,0.6,0.4,0.2222222222222222,0.18181818181818182,0.8181818181818182
GeoExplorer-pristine,swissviewmonuments,6,img015_d6_s09_g15_r0,False,2,10,6,4,0.6666666666666666,0.7,0.3,0.1111111111111111,0.18181818181818182,0.8181818181818182
GeoExplorer-pristine,swissviewmonuments,4,img016_d4_s14_g16_r0,False,4,10,4,6,0.0,0.5,0.5,0.1111111111111111,0.2727272727272727,0.7272727272727273
GeoExplorer-pristine,swissviewmonuments,6,img016_d6_s04_g16_r0,False,2,10,6,4,0.6666666666666666,0.7,0.3,0.0,0.0,1.0
GeoExplorer-pristine,swissviewmonuments,4,img017_d4_s09_g17_r0,False,2,10,4,6,0.5,0.6,0.4,0.2222222222222222,0.2727272727272727,0.7272727272727273
GeoExplorer-pristine,swissviewmonuments,4,img018_d4_s06_g18_r0,False,2,10,4,6,0.5,0.6,0.4,0.2222222222222222,0.18181818181818182,0.8181818181818182
GeoExplorer-pristine,swissviewmonuments,6,img018_d6_s00_g18_r0,False,2,10,6,4,0.6666666666666666,0.7,0.3,0.2222222222222222,0.18181818181818182,0.8181818181818182
GeoExplorer-pristine,swissviewmonuments,4,img019_d4_s03_g19_r0,False,4,10,4,6,0.0,0.5,0.5,0.1111111111111111,0.09090909090909091,0.9090909090909091
GeoExplorer-pristine,swissviewmonuments,6,img019_d6_s01_g19_r0,True,0,6,6,0,1.0,1.0,0.0,0.0,0.0,1.0
GeoExplorer-pristine,swissviewmonuments,4,img020_d4_s18_g20_r0,False,6,10,4,6,-0.5,0.4,0.6,0.4444444444444444,0.36363636363636365,0.6363636363636364
GeoExplorer-pristine,swissviewmonuments,6,img020_d6_s02_g20_r0,False,4,10,6,4,0.3333333333333333,0.6,0.4,0.1111111111111111,0.09090909090909091,0.9090909090909091
GeoExplorer-pristine,swissviewmonuments,8,img020_d8_s04_g20_r0,False,4,10,8,2,0.5,0.7,0.3,0.0,0.0,1.0
GeoExplorer-pristine,swissviewmonuments,4,img021_d4_s13_g21_r0,True,0,8,4,4,1.0,0.75,0.25,0.0,0.0,1.0
GeoExplorer-pristine,swissviewmonuments,6,img021_d6_s03_g21_r0,True,0,6,6,0,1.0,1.0,0.0,0.0,0.0,1.0
GeoExplorer-pristine,swissviewmonuments,4,img022_d4_s08_g22_r0,True,0,8,4,4,1.0,0.75,0.25,0.14285714285714285,0.1111111111111111,0.8888888888888888
GeoExplorer-pristine,swissviewmonuments,6,img022_d6_s00_g22_r0,False,2,10,6,4,0.6666666666666666,0.7,0.3,0.0,0.0,1.0
GeoExplorer-pristine,swissviewmonuments,4,img023_d4_s15_g23_r0,False,4,10,4,6,0.0,0.5,0.5,0.4444444444444444,0.36363636363636365,0.6363636363636364
GeoExplorer-pristine,swissviewmonuments,6,img023_d6_s01_g23_r0,True,0,6,6,0,1.0,1.0,0.0,0.0,0.0,1.0
GeoExplorer-pristine,swissviewmonuments,4,img024_d4_s04_g24_r0,False,4,10,4,6,0.0,0.5,0.5,0.1111111111111111,0.09090909090909091,0.9090909090909091
GeoExplorer-pristine,swissviewmonuments,6,img024_d6_s02_g24_r0,True,0,10,6,4,1.0,0.8,0.2,0.0,0.0,1.0
GeoExplorer-pristine,swissviewmonuments,8,img024_d8_s00_g24_r0,True,0,8,8,0,1.0,1.0,0.0,0.0,0.0,1.0
GeoExplorer-pristine,swissviewmonuments,4,img025_d4_s12_g00_r0,False,2,10,4,6,0.5,0.6,0.4,0.1111111111111111,0.09090909090909091,0.9090909090909091
GeoExplorer-pristine,swissviewmonuments,6,img025_d6_s14_g00_r0,False,4,10,6,4,0.3333333333333333,0.6,0.4,0.5555555555555556,0.45454545454545453,0.5454545454545454
GeoExplorer-pristine,swissviewmonuments,8,img025_d8_s24_g00_r0,False,2,10,8,2,0.75,0.8,0.2,0.1111111111111111,0.09090909090909091,0.9090909090909091
GeoExplorer-pristine,swissviewmonuments,4,img026_d4_s15_g01_r0,True,0,4,4,0,1.0,1.0,0.0,0.0,0.0,1.0
GeoExplorer-pristine,swissviewmonuments,6,img026_d6_s19_g01_r0,False,2,10,6,4,0.6666666666666666,0.7,0.3,0.5555555555555556,0.45454545454545453,0.5454545454545454
GeoExplorer-pristine,swissviewmonuments,4,img027_d4_s10_g02_r0,True,0,4,4,0,1.0,1.0,0.0,0.0,0.0,1.0
GeoExplorer-pristine,swissviewmonuments,6,img027_d6_s20_g02_r0,True,0,6,6,0,1.0,1.0,0.0,0.0,0.0,1.0
GeoExplorer-pristine,swissviewmonuments,4,img028_d4_s11_g03_r0,True,0,6,4,2,1.0,0.8333333333333334,0.16666666666666666,0.0,0.0,1.0
GeoExplorer-pristine,swissviewmonuments,6,img028_d6_s15_g03_r0,False,4,10,6,4,0.3333333333333333,0.6,0.4,0.3333333333333333,0.45454545454545453,0.5454545454545454
GeoExplorer-pristine,swissviewmonuments,4,img029_d4_s24_g04_r0,True,0,4,4,0,1.0,1.0,0.0,0.0,0.0,1.0
GeoExplorer-pristine,swissviewmonuments,6,img029_d6_s22_g04_r0,False,2,10,6,4,0.6666666666666666,0.7,0.3,0.3333333333333333,0.2727272727272727,0.7272727272727273
GeoExplorer-pristine,swissviewmonuments,8,img029_d8_s20_g04_r0,False,2,10,8,2,0.75,0.8,0.2,0.2222222222222222,0.18181818181818182,0.8181818181818182
GeoExplorer-pristine,swissviewmonuments,4,img030_d4_s17_g05_r0,False,6,10,4,6,-0.5,0.4,0.6,0.2222222222222222,0.18181818181818182,0.8181818181818182
GeoExplorer-pristine,swissviewmonuments,6,img030_d6_s19_g05_r0,False,2,10,6,4,0.6666666666666666,0.7,0.3,0.5555555555555556,0.45454545454545453,0.5454545454545454
GeoExplorer-pristine,swissviewmonuments,4,img031_d4_s20_g06_r0,False,4,10,4,6,0.0,0.5,0.5,0.2222222222222222,0.18181818181818182,0.8181818181818182
GeoExplorer-pristine,swissviewmonuments,6,img031_d6_s24_g06_r0,False,4,10,6,4,0.3333333333333333,0.6,0.4,0.1111111111111111,0.2727272727272727,0.7272727272727273
GeoExplorer-pristine,swissviewmonuments,4,img032_d4_s23_g07_r0,True,0,8,4,4,1.0,0.75,0.25,0.0,0.0,1.0
GeoExplorer-pristine,swissviewmonuments,4,img033_d4_s00_g08_r0,False,2,10,4,6,0.5,0.6,0.4,0.3333333333333333,0.2727272727272727,0.7272727272727273
GeoExplorer-pristine,swissviewmonuments,6,img033_d6_s20_g08_r0,True,0,6,6,0,1.0,1.0,0.0,0.0,0.0,1.0
GeoExplorer-pristine,swissviewmonuments,4,img034_d4_s23_g09_r0,False,2,10,4,6,0.5,0.6,0.4,0.0,0.0,1.0
GeoExplorer-pristine,swissviewmonuments,6,img034_d6_s15_g09_r0,False,2,10,6,4,0.6666666666666666,0.7,0.3,0.3333333333333333,0.36363636363636365,0.6363636363636364
GeoExplorer-pristine,swissviewmonuments,4,img035_d4_s02_g10_r0,True,0,10,4,6,1.0,0.7,0.3,0.0,0.0,1.0
GeoExplorer-pristine,swissviewmonuments,6,img035_d6_s04_g10_r0,False,4,10,6,4,0.3333333333333333,0.6,0.4,0.1111111111111111,0.18181818181818182,0.8181818181818182
GeoExplorer-pristine,swissviewmonuments,4,img036_d4_s19_g11_r0,False,2,10,4,6,0.5,0.6,0.4,0.0,0.0,1.0
GeoExplorer-pristine,swissviewmonuments,4,img037_d4_s24_g12_r0,True,0,10,4,6,1.0,0.7,0.3,0.1111111111111111,0.2727272727272727,0.7272727272727273
GeoExplorer-pristine,swissviewmonuments,4,img038_d4_s05_g13_r0,True,0,4,4,0,1.0,1.0,0.0,0.0,0.0,1.0
GeoExplorer-pristine,swissviewmonuments,4,img039_d4_s06_g14_r0,True,0,4,4,0,1.0,1.0,0.0,0.0,0.0,1.0
GeoExplorer-pristine,swissviewmonuments,6,img039_d6_s20_g14_r0,True,0,6,6,0,1.0,1.0,0.0,0.0,0.0,1.0
GeoExplorer-pristine,swissviewmonuments,4,img040_d4_s23_g15_r0,True,0,4,4,0,1.0,1.0,0.0,0.0,0.0,1.0
GeoExplorer-pristine,swissviewmonuments,6,img040_d6_s09_g15_r0,False,2,10,6,4,0.6666666666666666,0.7,0.3,0.3333333333333333,0.2727272727272727,0.7272727272727273
GeoExplorer-pristine,swissviewmonuments,4,img041_d4_s14_g16_r0,False,2,10,4,6,0.5,0.6,0.4,0.3333333333333333,0.36363636363636365,0.6363636363636364
GeoExplorer-pristine,swissviewmonuments,6,img041_d6_s04_g16_r0,False,2,10,6,4,0.6666666666666666,0.7,0.3,0.3333333333333333,0.2727272727272727,0.7272727272727273
GeoExplorer-pristine,swissviewmonuments,4,img042_d4_s05_g17_r0,False,2,10,4,6,0.5,0.6,0.4,0.1111111111111111,0.09090909090909091,0.9090909090909091
GeoExplorer-pristine,swissviewmonuments,4,img043_d4_s04_g18_r0,False,2,10,4,6,0.5,0.6,0.4,0.4444444444444444,0.36363636363636365,0.6363636363636364
GeoExplorer-pristine,swissviewmonuments,6,img043_d6_s00_g18_r0,False,2,10,6,4,0.6666666666666666,0.7,0.3,0.2222222222222222,0.18181818181818182,0.8181818181818182
GeoExplorer-pristine,swissviewmonuments,4,img044_d4_s07_g19_r0,False,2,10,4,6,0.5,0.6,0.4,0.2222222222222222,0.36363636363636365,0.6363636363636364
GeoExplorer-pristine,swissviewmonuments,6,img044_d6_s01_g19_r0,True,0,6,6,0,1.0,1.0,0.0,0.0,0.0,1.0
GeoExplorer-pristine,swissviewmonuments,4,img045_d4_s06_g20_r0,False,4,10,4,6,0.0,0.5,0.5,0.3333333333333333,0.2727272727272727,0.7272727272727273
GeoExplorer-pristine,swissviewmonuments,6,img045_d6_s08_g20_r0,False,4,10,6,4,0.3333333333333333,0.6,0.4,0.1111111111111111,0.09090909090909091,0.9090909090909091
GeoExplorer-pristine,swissviewmonuments,8,img045_d8_s04_g20_r0,False,2,10,8,2,0.75,0.8,0.2,0.3333333333333333,0.2727272727272727,0.7272727272727273
GeoExplorer-pristine,swissviewmonuments,4,img046_d4_s07_g21_r0,True,0,6,4,2,1.0,0.8333333333333334,0.16666666666666666,0.0,0.0,1.0
GeoExplorer-pristine,swissviewmonuments,6,img046_d6_s09_g21_r0,True,0,6,6,0,1.0,1.0,0.0,0.0,0.0,1.0
GeoExplorer-pristine,swissviewmonuments,4,img047_d4_s08_g22_r0,True,0,6,4,2,1.0,0.8333333333333334,0.16666666666666666,0.0,0.0,1.0
GeoExplorer-pristine,swissviewmonuments,6,img047_d6_s00_g22_r0,False,2,10,6,4,0.6666666666666666,0.7,0.3,0.2222222222222222,0.18181818181818182,0.8181818181818182
GeoExplorer-pristine,swissviewmonuments,4,img048_d4_s09_g23_r0,True,0,4,4,0,1.0,1.0,0.0,0.0,0.0,1.0
GeoExplorer-pristine,swissviewmonuments,6,img048_d6_s01_g23_r0,False,2,10,6,4,0.6666666666666666,0.7,0.3,0.2222222222222222,0.2727272727272727,0.7272727272727273
GeoExplorer-pristine,swissviewmonuments,4,img049_d4_s12_g24_r0,True,0,4,4,0,1.0,1.0,0.0,0.0,0.0,1.0
GeoExplorer-pristine,swissviewmonuments,6,img049_d6_s06_g24_r0,True,0,6,6,0,1.0,1.0,0.0,0.0,0.0,1.0
GeoExplorer-pristine,swissviewmonuments,8,img049_d8_s00_g24_r0,True,0,8,8,0,1.0,1.0,0.0,0.0,0.0,1.0
GeoExplorer-pristine,swissviewmonuments,4,img050_d4_s16_g00_r0,False,6,10,4,6,-0.5,0.4,0.6,0.1111111111111111,0.2727272727272727,0.7272727272727273
GeoExplorer-pristine,swissviewmonuments,6,img050_d6_s14_g00_r0,False,6,10,6,4,0.0,0.5,0.5,0.5555555555555556,0.5454545454545454,0.45454545454545453
GeoExplorer-pristine,swissviewmonuments,8,img050_d8_s24_g00_r0,False,6,10,8,2,0.25,0.6,0.4,0.1111111111111111,0.36363636363636365,0.6363636363636364
GeoExplorer-pristine,swissviewmonuments,4,img051_d4_s17_g01_r0,False,4,10,4,6,0.0,0.5,0.5,0.2222222222222222,0.2727272727272727,0.7272727272727273
GeoExplorer-pristine,swissviewmonuments,6,img051_d6_s19_g01_r0,False,4,10,6,4,0.3333333333333333,0.6,0.4,0.1111111111111111,0.36363636363636365,0.6363636363636364
GeoExplorer-pristine,swissviewmonuments,4,img052_d4_s14_g02_r0,False,6,10,4,6,-0.5,0.4,0.6,0.3333333333333333,0.45454545454545453,0.5454545454545454
GeoExplorer-pristine,swissviewmonuments,6,img052_d6_s24_g02_r0,False,4,10,6,4,0.3333333333333333,0.6,0.4,0.0,0.0,1.0
GeoExplorer-pristine,swissviewmonuments,4,img053_d4_s23_g03_r0,False,2,10,4,6,0.5,0.6,0.4,0.0,0.0,1.0
GeoExplorer-pristine,swissviewmonuments,6,img053_d6_s15_g03_r0,False,2,10,6,4,0.6666666666666666,0.7,0.3,0.3333333333333333,0.2727272727272727,0.7272727272727273
GeoExplorer-pristine,swissviewmonuments,4,img054_d4_s12_g04_r0,True,0,8,4,4,1.0,0.75,0.25,0.0,0.0,1.0
GeoExplorer-pristine,swissviewmonuments,6,img054_d6_s10_g04_r0,True,0,8,6,2,1.0,0.875,0.125,0.0,0.0,1.0
GeoExplorer-pristine,swissviewmonuments,8,img054_d8_s20_g04_r0,True,0,8,8,0,1.0,1.0,0.0,0.0,0.0,1.0
GeoExplorer-pristine,swissviewmonuments,4,img055_d4_s21_g05_r0,False,4,10,4,6,0.0,0.5,0.5,0.2222222222222222,0.2727272727272727,0.7272727272727273
GeoExplorer-pristine,swissviewmonuments,6,img055_d6_s19_g05_r0,False,6,10,6,4,0.0,0.5,0.5,0.1111111111111111,0.45454545454545453,0.5454545454545454
GeoExplorer-pristine,swissviewmonuments,4,img056_d4_s14_g06_r0,False,4,10,4,6,0.0,0.5,0.5,0.2222222222222222,0.18181818181818182,0.8181818181818182
GeoExplorer-pristine,swissviewmonuments,6,img056_d6_s24_g06_r0,True,0,6,6,0,1.0,1.0,0.0,0.0,0.0,1.0
GeoExplorer-pristine,swissviewmonuments,4,img057_d4_s21_g07_r0,False,4,10,4,6,0.0,0.5,0.5,0.1111111111111111,0.2727272727272727,0.7272727272727273
GeoExplorer-pristine,swissviewmonuments,4,img058_d4_s16_g08_r0,True,0,4,4,0,1.0,1.0,0.0,0.0,0.0,1.0
GeoExplorer-pristine,swissviewmonuments,6,img058_d6_s20_g08_r0,True,0,6,6,0,1.0,1.0,0.0,0.0,0.0,1.0
GeoExplorer-pristine,swissviewmonuments,4,img059_d4_s05_g09_r0,True,0,4,4,0,1.0,1.0,0.0,0.0,0.0,1.0
GeoExplorer-pristine,swissviewmonuments,6,img059_d6_s15_g09_r0,True,0,6,6,0,1.0,1.0,0.0,0.0,0.0,1.0
GeoExplorer-pristine,swissviewmonuments,4,img060_d4_s08_g10_r0,True,0,4,4,0,1.0,1.0,0.0,0.0,0.0,1.0
GeoExplorer-pristine,swissviewmonuments,6,img060_d6_s04_g10_r0,False,4,10,6,4,0.3333333333333333,0.6,0.4,0.2222222222222222,0.18181818181818182,0.8181818181818182
GeoExplorer-pristine,swissviewmonuments,4,img061_d4_s09_g11_r0,False,4,10,4,6,0.0,0.5,0.5,0.0,0.0,1.0
GeoExplorer-pristine,swissviewmonuments,4,img062_d4_s24_g12_r0,False,2,10,4,6,0.5,0.6,0.4,0.1111111111111111,0.09090909090909091,0.9090909090909091
GeoExplorer-pristine,swissviewmonuments,4,img063_d4_s05_g13_r0,True,0,4,4,0,1.0,1.0,0.0,0.0,0.0,1.0
GeoExplorer-pristine,swissviewmonuments,4,img064_d4_s22_g14_r0,False,4,10,4,6,0.0,0.5,0.5,0.4444444444444444,0.45454545454545453,0.5454545454545454
GeoExplorer-pristine,swissviewmonuments,6,img064_d6_s00_g14_r0,True,0,6,6,0,1.0,1.0,0.0,0.0,0.0,1.0
GeoExplorer-pristine,swissviewmonuments,4,img065_d4_s19_g15_r0,False,2,10,4,6,0.5,0.6,0.4,0.3333333333333333,0.2727272727272727,0.7272727272727273
GeoExplorer-pristine,swissviewmonuments,6,img065_d6_s03_g15_r0,True,0,6,6,0,1.0,1.0,0.0,0.0,0.0,1.0
GeoExplorer-pristine,swissviewmonuments,4,img066_d4_s02_g16_r0,False,2,10,4,6,0.5,0.6,0.4,0.0,0.0,1.0
GeoExplorer-pristine,swissviewmonuments,6,img066_d6_s04_g16_r0,False,2,10,6,4,0.6666666666666666,0.7,0.3,0.0,0.0,1.0
GeoExplorer-pristine,swissviewmonuments,4,img067_d4_s03_g17_r0,False,2,10,4,6,0.5,0.6,0.4,0.1111111111111111,0.09090909090909091,0.9090909090909091
GeoExplorer-pristine,swissviewmonuments,4,img068_d4_s04_g18_r0,False,4,10,4,6,0.0,0.5,0.5,0.1111111111111111,0.09090909090909091,0.9090909090909091
GeoExplorer-pristine,swissviewmonuments,6,img068_d6_s00_g18_r0,False,4,10,6,4,0.3333333333333333,0.6,0.4,0.5555555555555556,0.45454545454545453,0.5454545454545454
GeoExplorer-pristine,swissviewmonuments,4,img069_d4_s21_g19_r0,False,4,10,4,6,0.0,0.5,0.5,0.4444444444444444,0.36363636363636365,0.6363636363636364
GeoExplorer-pristine,swissviewmonuments,6,img069_d6_s01_g19_r0,True,0,6,6,0,1.0,1.0,0.0,0.0,0.0,1.0
GeoExplorer-pristine,swissviewmonuments,4,img070_d4_s12_g20_r0,True,0,4,4,0,1.0,1.0,0.0,0.0,0.0,1.0
GeoExplorer-pristine,swissviewmonuments,6,img070_d6_s08_g20_r0,True,0,6,6,0,1.0,1.0,0.0,0.0,0.0,1.0
GeoExplorer-pristine,swissviewmonuments,8,img070_d8_s04_g20_r0,True,0,8,8,0,1.0,1.0,0.0,0.0,0.0,1.0
GeoExplorer-pristine,swissviewmonuments,4,img071_d4_s05_g21_r0,True,0,4,4,0,1.0,1.0,0.0,0.0,0.0,1.0
GeoExplorer-pristine,swissviewmonuments,6,img071_d6_s03_g21_r0,True,0,8,6,2,1.0,0.875,0.125,0.0,0.0,1.0
GeoExplorer-pristine,swissviewmonuments,4,img072_d4_s14_g22_r0,False,2,10,4,6,0.5,0.6,0.4,0.3333333333333333,0.2727272727272727,0.7272727272727273
GeoExplorer-pristine,swissviewmonuments,6,img072_d6_s00_g22_r0,True,0,6,6,0,1.0,1.0,0.0,0.0,0.0,1.0
GeoExplorer-pristine,swissviewmonuments,4,img073_d4_s03_g23_r0,False,2,10,4,6,0.5,0.6,0.4,0.1111111111111111,0.09090909090909091,0.9090909090909091
GeoExplorer-pristine,swissviewmonuments,6,img073_d6_s05_g23_r0,True,0,6,6,0,1.0,1.0,0.0,0.0,0.0,1.0
GeoExplorer-pristine,swissviewmonuments,4,img074_d4_s08_g24_r0,True,0,10,4,6,1.0,0.7,0.3,0.0,0.0,1.0
GeoExplorer-pristine,swissviewmonuments,6,img074_d6_s10_g24_r0,True,0,8,6,2,1.0,0.875,0.125,0.0,0.0,1.0
GeoExplorer-pristine,swissviewmonuments,8,img074_d8_s00_g24_r0,True,0,8,8,0,1.0,1.0,0.0,0.0,0.0,1.0
GeoExplorer-pristine,swissviewmonuments,4,img075_d4_s12_g00_r0,False,4,10,4,6,0.0,0.5,0.5,0.4444444444444444,0.45454545454545453,0.5454545454545454
GeoExplorer-pristine,swissviewmonuments,6,img075_d6_s22_g00_r0,False,2,10,6,4,0.6666666666666666,0.7,0.3,0.6666666666666666,0.5454545454545454,0.45454545454545453
GeoExplorer-pristine,swissviewmonuments,8,img075_d8_s24_g00_r0,True,0,8,8,0,1.0,1.0,0.0,0.0,0.0,1.0
GeoExplorer-pristine,swissviewmonuments,4,img076_d4_s09_g01_r0,False,4,10,4,6,0.0,0.5,0.5,0.4444444444444444,0.36363636363636365,0.6363636363636364
GeoExplorer-pristine,swissviewmonuments,6,img076_d6_s23_g01_r0,True,0,10,6,4,1.0,0.8,0.2,0.2222222222222222,0.18181818181818182,0.8181818181818182
GeoExplorer-pristine,swissviewmonuments,4,img077_d4_s22_g02_r0,True,0,4,4,0,1.0,1.0,0.0,0.0,0.0,1.0
GeoExplorer-pristine,swissviewmonuments,6,img077_d6_s24_g02_r0,True,0,6,6,0,1.0,1.0,0.0,0.0,0.0,1.0
GeoExplorer-pristine,swissviewmonuments,4,img078_d4_s19_g03_r0,False,2,10,4,6,0.5,0.6,0.4,0.3333333333333333,0.36363636363636365,0.6363636363636364
GeoExplorer-pristine,swissviewmonuments,6,img078_d6_s15_g03_r0,True,0,6,6,0,1.0,1.0,0.0,0.0,0.0,1.0
GeoExplorer-pristine,swissviewmonuments,4,img079_d4_s06_g04_r0,False,4,10,4,6,0.0,0.5,0.5,0.4444444444444444,0.36363636363636365,0.6363636363636364
GeoExplorer-pristine,swissviewmonuments,6,img079_d6_s16_g04_r0,True,0,6,6,0,1.0,1.0,0.0,0.0,0.0,1.0
GeoExplorer-pristine,swissviewmonuments,8,img079_d8_s20_g04_r0,True,0,8,8,0,1.0,1.0,0.0,0.0,0.0,1.0
GeoExplorer-pristine,swissviewmonuments,4,img080_d4_s03_g05_r0,True,0,4,4,0,1.0,1.0,0.0,0.0,0.0,1.0
GeoExplorer-pristine,swissviewmonuments,6,img080_d6_s23_g05_r0,True,0,6,6,0,1.0,1.0,0.0,0.0,0.0,1.0
GeoExplorer-pristine,swissviewmonuments,4,img081_d4_s04_g06_r0,False,2,10,4,6,0.5,0.6,0.4,0.2222222222222222,0.18181818181818182,0.8181818181818182
GeoExplorer-pristine,swissviewmonuments,6,img081_d6_s24_g06_r0,True,0,10,6,4,1.0,0.8,0.2,0.0,0.0,1.0
GeoExplorer-pristine,swissviewmonuments,4,img082_d4_s15_g07_r0,False,4,10,4,6,0.0,0.5,0.5,0.0,0.0,1.0
GeoExplorer-pristine,swissviewmonuments,4,img083_d4_s16_g08_r0,True,0,4,4,0,1.0,1.0,0.0,0.0,0.0,1.0
GeoExplorer-pristine,swissviewmonuments,6,img083_d6_s20_g08_r0,False,2,10,6,4,0.6666666666666666,0.7,0.3,0.0,0.0,1.0
GeoExplorer-pristine,swissviewmonuments,4,img084_d4_s17_g09_r0,False,2,10,4,6,0.5,0.6,0.4,0.0,0.0,1.0
GeoExplorer-pristine,swissviewmonuments,6,img084_d6_s15_g09_r0,False,2,10,6,4,0.6666666666666666,0.7,0.3,0.1111111111111111,0.2727272727272727,0.7272727272727273
GeoExplorer-pristine,swissviewmonuments,4,img085_d4_s08_g10_r0,False,2,10,4,6,0.5,0.6,0.4,0.3333333333333333,0.2727272727272727,0.7272727272727273
GeoExplorer-pristine,swissviewmonuments,6,img085_d6_s04_g10_r0,False,2,10,6,4,0.6666666666666666,0.7,0.3,0.1111111111111111,0.09090909090909091,0.9090909090909091
GeoExplorer-pristine,swissviewmonuments,4,img086_d4_s09_g11_r0,False,2,10,4,6,0.5,0.6,0.4,0.2222222222222222,0.18181818181818182,0.8181818181818182
GeoExplorer-pristine,swissviewmonuments,4,img087_d4_s24_g12_r0,False,2,10,4,6,0.5,0.6,0.4,0.1111111111111111,0.18181818181818182,0.8181818181818182
GeoExplorer-pristine,swissviewmonuments,4,img088_d4_s05_g13_r0,False,2,10,4,6,0.5,0.6,0.4,0.2222222222222222,0.18181818181818182,0.8181818181818182
GeoExplorer-pristine,swissviewmonuments,4,img089_d4_s16_g14_r0,False,2,10,4,6,0.5,0.6,0.4,0.4444444444444444,0.36363636363636365,0.6363636363636364
GeoExplorer-pristine,swissviewmonuments,6,img089_d6_s20_g14_r0,True,0,6,6,0,1.0,1.0,0.0,0.0,0.0,1.0
GeoExplorer-pristine,swissviewmonuments,4,img090_d4_s19_g15_r0,False,4,10,4,6,0.0,0.5,0.5,0.1111111111111111,0.18181818181818182,0.8181818181818182
GeoExplorer-pristine,swissviewmonuments,6,img090_d6_s09_g15_r0,False,2,10,6,4,0.6666666666666666,0.7,0.3,0.4444444444444444,0.36363636363636365,0.6363636363636364
GeoExplorer-pristine,swissviewmonuments,4,img091_d4_s14_g16_r0,False,2,10,4,6,0.5,0.6,0.4,0.5555555555555556,0.45454545454545453,0.5454545454545454
GeoExplorer-pristine,swissviewmonuments,6,img091_d6_s04_g16_r0,False,2,10,6,4,0.6666666666666666,0.7,0.3,0.2222222222222222,0.18181818181818182,0.8181818181818182
GeoExplorer-pristine,swissviewmonuments,4,img092_d4_s09_g17_r0,False,2,10,4,6,0.5,0.6,0.4,0.3333333333333333,0.2727272727272727,0.7272727272727273
GeoExplorer-pristine,swissviewmonuments,4,img093_d4_s20_g18_r0,False,4,10,4,6,0.0,0.5,0.5,0.2222222222222222,0.18181818181818182,0.8181818181818182
GeoExplorer-pristine,swissviewmonuments,6,img093_d6_s00_g18_r0,False,2,10,6,4,0.6666666666666666,0.7,0.3,0.2222222222222222,0.18181818181818182,0.8181818181818182
GeoExplorer-pristine,swissviewmonuments,4,img094_d4_s03_g19_r0,False,2,10,4,6,0.5,0.6,0.4,0.0,0.0,1.0
GeoExplorer-pristine,swissviewmonuments,6,img094_d6_s01_g19_r0,True,0,8,6,2,1.0,0.875,0.125,0.0,0.0,1.0
GeoExplorer-pristine,swissviewmonuments,4,img095_d4_s24_g20_r0,False,2,10,4,6,0.5,0.6,0.4,0.2222222222222222,0.18181818181818182,0.8181818181818182
GeoExplorer-pristine,swissviewmonuments,6,img095_d6_s14_g20_r0,True,0,8,6,2,1.0,0.875,0.125,0.0,0.0,1.0
GeoExplorer-pristine,swissviewmonuments,8,img095_d8_s04_g20_r0,True,0,8,8,0,1.0,1.0,0.0,0.0,0.0,1.0
GeoExplorer-pristine,swissviewmonuments,4,img096_d4_s19_g21_r0,False,4,10,4,6,0.0,0.5,0.5,0.2222222222222222,0.18181818181818182,0.8181818181818182
GeoExplorer-pristine,swissviewmonuments,6,img096_d6_s09_g21_r0,False,4,10,6,4,0.3333333333333333,0.6,0.4,0.0,0.0,1.0
GeoExplorer-pristine,swissviewmonuments,4,img097_d4_s06_g22_r0,False,2,10,4,6,0.5,0.6,0.4,0.3333333333333333,0.2727272727272727,0.7272727272727273
GeoExplorer-pristine,swissviewmonuments,6,img097_d6_s04_g22_r0,True,0,6,6,0,1.0,1.0,0.0,0.0,0.0,1.0
GeoExplorer-pristine,swissviewmonuments,4,img098_d4_s09_g23_r0,True,0,4,4,0,1.0,1.0,0.0,0.0,0.0,1.0
GeoExplorer-pristine,swissviewmonuments,6,img098_d6_s01_g23_r0,True,0,6,6,0,1.0,1.0,0.0,0.0,0.0,1.0
GeoExplorer-pristine,swissviewmonuments,4,img099_d4_s20_g24_r0,False,4,10,4,6,0.0,0.5,0.5,0.1111111111111111,0.09090909090909091,0.9090909090909091
GeoExplorer-pristine,swissviewmonuments,6,img099_d6_s02_g24_r0,False,4,10,6,4,0.3333333333333333,0.6,0.4,0.1111111111111111,0.09090909090909091,0.9090909090909091
GeoExplorer-pristine,swissviewmonuments,8,img099_d8_s00_g24_r0,True,0,8,8,0,1.0,1.0,0.0,0.0,0.0,1.0
GeoExplorer-pristine,swissviewmonuments,4,img100_d4_s16_g00_r0,False,4,10,4,6,0.0,0.5,0.5,0.3333333333333333,0.2727272727272727,0.7272727272727273
GeoExplorer-pristine,swissviewmonuments,6,img100_d6_s14_g00_r0,True,0,6,6,0,1.0,1.0,0.0,0.0,0.0,1.0
GeoExplorer-pristine,swissviewmonuments,8,img100_d8_s24_g00_r0,True,0,8,8,0,1.0,1.0,0.0,0.0,0.0,1.0
GeoExplorer-pristine,swissviewmonuments,4,img101_d4_s15_g01_r0,False,2,10,4,6,0.5,0.6,0.4,0.1111111111111111,0.09090909090909091,0.9090909090909091
GeoExplorer-pristine,swissviewmonuments,6,img101_d6_s19_g01_r0,True,0,8,6,2,1.0,0.875,0.125,0.0,0.0,1.0
GeoExplorer-pristine,swissviewmonuments,4,img102_d4_s18_g02_r0,True,0,10,4,6,1.0,0.7,0.3,0.2222222222222222,0.18181818181818182,0.8181818181818182
GeoExplorer-pristine,swissviewmonuments,6,img102_d6_s24_g02_r0,True,0,10,6,4,1.0,0.8,0.2,0.0,0.0,1.0
GeoExplorer-pristine,swissviewmonuments,4,img103_d4_s05_g03_r0,False,4,10,4,6,0.0,0.5,0.5,0.2222222222222222,0.18181818181818182,0.8181818181818182
GeoExplorer-pristine,swissviewmonuments,6,img103_d6_s21_g03_r0,False,2,10,6,4,0.6666666666666666,0.7,0.3,0.2222222222222222,0.2727272727272727,0.7272727272727273
GeoExplorer-pristine,swissviewmonuments,4,img104_d4_s24_g04_r0,True,0,4,4,0,1.0,1.0,0.0,0.0,0.0,1.0
GeoExplorer-pristine,swissviewmonuments,6,img104_d6_s22_g04_r0,True,0,6,6,0,1.0,1.0,0.0,0.0,0.0,1.0
GeoExplorer-pristine,swissviewmonuments,8,img104_d8_s20_g04_r0,True,0,8,8,0,1.0,1.0,0.0,0.0,0.0,1.0
GeoExplorer-pristine,swissviewmonuments,4,img105_d4_s17_g05_r0,True,0,4,4,0,1.0,1.0,0.0,0.0,0.0,1.0
GeoExplorer-pristine,swissviewmonuments,6,img105_d6_s19_g05_r0,True,0,6,6,0,1.0,1.0,0.0,0.0,0.0,1.0
GeoExplorer-pristine,swissviewmonuments,4,img106_d4_s14_g06_r0,True,0,10,4,6,1.0,0.7,0.3,0.1111111111111111,0.09090909090909091,0.9090909090909091
GeoExplorer-pristine,swissviewmonuments,6,img106_d6_s24_g06_r0,False,2,10,6,4,0.6666666666666666,0.7,0.3,0.1111111111111111,0.18181818181818182,0.8181818181818182
GeoExplorer-pristine,swissviewmonuments,4,img107_d4_s23_g07_r0,False,2,10,4,6,0.5,0.6,0.4,0.0,0.0,1.0
GeoExplorer-pristine,swissviewmonuments,4,img108_d4_s00_g08_r0,False,4,10,4,6,0.0,0.5,0.5,0.1111111111111111,0.09090909090909091,0.9090909090909091
GeoExplorer-pristine,swissviewmonuments,6,img108_d6_s20_g08_r0,False,2,10,6,4,0.6666666666666666,0.7,0.3,0.3333333333333333,0.2727272727272727,0.7272727272727273
GeoExplorer-pristine,swissviewmonuments,4,img109_d4_s01_g09_r0,False,2,10,4,6,0.5,0.6,0.4,0.2222222222222222,0.18181818181818182,0.8181818181818182
GeoExplorer-pristine,swissviewmonuments,6,img109_d6_s21_g09_r0,True,0,6,6,0,1.0,1.0,0.0,0.0,0.0,1.0
GeoExplorer-pristine,swissviewmonuments,4,img110_d4_s18_g10_r0,True,0,4,4,0,1.0,1.0,0.0,0.0,0.0,1.0
GeoExplorer-pristine,swissviewmonuments,6,img110_d6_s24_g10_r0,True,0,6,6,0,1.0,1.0,0.0,0.0,0.0,1.0
GeoExplorer-pristine,swissviewmonuments,4,img111_d4_s09_g11_r0,True,0,4,4,0,1.0,1.0,0.0,0.0,0.0,1.0
GeoExplorer-pristine,swissviewmonuments,4,img112_d4_s20_g12_r0,False,2,10,4,6,0.5,0.6,0.4,0.3333333333333333,0.2727272727272727,0.7272727272727273
GeoExplorer-pristine,swissviewmonuments,4,img113_d4_s21_g13_r0,False,2,10,4,6,0.5,0.6,0.4,0.3333333333333333,0.2727272727272727,0.7272727272727273
GeoExplorer-pristine,swissviewmonuments,4,img114_d4_s16_g14_r0,True,0,10,4,6,1.0,0.7,0.3,0.2222222222222222,0.18181818181818182,0.8181818181818182
GeoExplorer-pristine,swissviewmonuments,6,img114_d6_s20_g14_r0,False,2,10,6,4,0.6666666666666666,0.7,0.3,0.2222222222222222,0.18181818181818182,0.8181818181818182
GeoExplorer-pristine,swissviewmonuments,4,img115_d4_s23_g15_r0,True,0,4,4,0,1.0,1.0,0.0,0.0,0.0,1.0
GeoExplorer-pristine,swissviewmonuments,6,img115_d6_s09_g15_r0,False,2,10,6,4,0.6666666666666666,0.7,0.3,0.3333333333333333,0.2727272727272727,0.7272727272727273
GeoExplorer-pristine,swissviewmonuments,4,img116_d4_s02_g16_r0,False,4,10,4,6,0.0,0.5,0.5,0.0,0.0,1.0
GeoExplorer-pristine,swissviewmonuments,6,img116_d6_s04_g16_r0,False,2,10,6,4,0.6666666666666666,0.7,0.3,0.1111111111111111,0.18181818181818182,0.8181818181818182
GeoExplorer-pristine,swissviewmonuments,4,img117_d4_s03_g17_r0,False,2,10,4,6,0.5,0.6,0.4,0.0,0.0,1.0
GeoExplorer-pristine,swissviewmonuments,4,img118_d4_s02_g18_r0,False,2,10,4,6,0.5,0.6,0.4,0.1111111111111111,0.09090909090909091,0.9090909090909091
GeoExplorer-pristine,swissviewmonuments,6,img118_d6_s00_g18_r0,False,2,10,6,4,0.6666666666666666,0.7,0.3,0.1111111111111111,0.09090909090909091,0.9090909090909091
GeoExplorer-pristine,swissviewmonuments,4,img119_d4_s21_g19_r0,False,2,10,4,6,0.5,0.6,0.4,0.2222222222222222,0.18181818181818182,0.8181818181818182
GeoExplorer-pristine,swissviewmonuments,6,img119_d6_s01_g19_r0,True,0,6,6,0,1.0,1.0,0.0,0.0,0.0,1.0
GeoExplorer-pristine,swissviewmonuments,4,img120_d4_s12_g20_r0,False,2,10,4,6,0.5,0.6,0.4,0.1111111111111111,0.36363636363636365,0.6363636363636364
GeoExplorer-pristine,swissviewmonuments,6,img120_d6_s14_g20_r0,True,0,6,6,0,1.0,1.0,0.0,0.0,0.0,1.0
GeoExplorer-pristine,swissviewmonuments,8,img120_d8_s04_g20_r0,True,0,8,8,0,1.0,1.0,0.0,0.0,0.0,1.0
GeoExplorer-pristine,swissviewmonuments,4,img121_d4_s01_g21_r0,False,4,10,4,6,0.0,0.5,0.5,0.3333333333333333,0.2727272727272727,0.7272727272727273
GeoExplorer-pristine,swissviewmonuments,6,img121_d6_s09_g21_r0,True,0,6,6,0,1.0,1.0,0.0,0.0,0.0,1.0
GeoExplorer-pristine,swissviewmonuments,4,img122_d4_s10_g22_r0,False,2,10,4,6,0.5,0.6,0.4,0.2222222222222222,0.18181818181818182,0.8181818181818182
GeoExplorer-pristine,swissviewmonuments,6,img122_d6_s00_g22_r0,True,0,6,6,0,1.0,1.0,0.0,0.0,0.0,1.0
GeoExplorer-pristine,swissviewmonuments,4,img123_d4_s07_g23_r0,True,0,6,4,2,1.0,0.8333333333333334,0.16666666666666666,0.0,0.0,1.0
GeoExplorer-pristine,swissviewmonuments,6,img123_d6_s05_g23_r0,True,0,6,6,0,1.0,1.0,0.0,0.0,0.0,1.0
GeoExplorer-pristine,swissviewmonuments,4,img124_d4_s16_g24_r0,False,6,10,4,6,-0.5,0.4,0.6,0.1111111111111111,0.18181818181818182,0.8181818181818182
GeoExplorer-pristine,swissviewmonuments,6,img124_d6_s06_g24_r0,True,0,8,6,2,1.0,0.875,0.125,0.0,0.0,1.0
GeoExplorer-pristine,swissviewmonuments,8,img124_d8_s00_g24_r0,True,0,8,8,0,1.0,1.0,0.0,0.0,0.0,1.0
GeoExplorer-pristine,swissviewmonuments,4,img125_d4_s08_g00_r0,False,6,10,4,6,-0.5,0.4,0.6,0.2222222222222222,0.18181818181818182,0.8181818181818182
GeoExplorer-pristine,swissviewmonuments,6,img125_d6_s18_g00_r0,False,2,10,6,4,0.6666666666666666,0.7,0.3,0.3333333333333333,0.2727272727272727,0.7272727272727273
GeoExplorer-pristine,swissviewmonuments,8,img125_d8_s24_g00_r0,False,4,10,8,2,0.5,0.7,0.3,0.4444444444444444,0.45454545454545453,0.5454545454545454
GeoExplorer-pristine,swissviewmonuments,4,img126_d4_s13_g01_r0,False,6,10,4,6,-0.5,0.4,0.6,0.2222222222222222,0.18181818181818182,0.8181818181818182
GeoExplorer-pristine,swissviewmonuments,6,img126_d6_s19_g01_r0,False,4,10,6,4,0.3333333333333333,0.6,0.4,0.0,0.0,1.0
GeoExplorer-pristine,swissviewmonuments,4,img127_d4_s14_g02_r0,False,4,10,4,6,0.0,0.5,0.5,0.2222222222222222,0.18181818181818182,0.8181818181818182
GeoExplorer-pristine,swissviewmonuments,6,img127_d6_s24_g02_r0,False,2,10,6,4,0.6666666666666666,0.7,0.3,0.2222222222222222,0.18181818181818182,0.8181818181818182
GeoExplorer-pristine,swissviewmonuments,4,img128_d4_s23_g03_r0,False,6,10,4,6,-0.5,0.4,0.6,0.5555555555555556,0.45454545454545453,0.5454545454545454
GeoExplorer-pristine,swissviewmonuments,6,img128_d6_s21_g03_r0,False,2,10,6,4,0.6666666666666666,0.7,0.3,0.3333333333333333,0.2727272727272727,0.7272727272727273
GeoExplorer-pristine,swissviewmonuments,4,img129_d4_s00_g04_r0,False,4,10,4,6,0.0,0.5,0.5,0.2222222222222222,0.18181818181818182,0.8181818181818182
GeoExplorer-pristine,swissviewmonuments,6,img129_d6_s22_g04_r0,False,4,10,6,4,0.3333333333333333,0.6,0.4,0.0,0.0,1.0
GeoExplorer-pristine,swissviewmonuments,8,img129_d8_s20_g04_r0,False,4,10,8,2,0.5,0.7,0.3,0.6666666666666666,0.5454545454545454,0.45454545454545453
GeoExplorer-pristine,swissviewmonuments,4,img130_d4_s03_g05_r0,True,0,4,4,0,1.0,1.0,0.0,0.0,0.0,1.0
GeoExplorer-pristine,swissviewmonuments,6,img130_d6_s19_g05_r0,True,0,6,6,0,1.0,1.0,0.0,0.0,0.0,1.0
GeoExplorer-pristine,swissviewmonuments,4,img131_d4_s04_g06_r0,False,4,10,4,6,0.0,0.5,0.5,0.0,0.0,1.0
GeoExplorer-pristine,swissviewmonuments,6,img131_d6_s24_g06_r0,False,4,10,6,4,0.3333333333333333,0.6,0.4,0.5555555555555556,0.5454545454545454,0.45454545454545453
GeoExplorer-pristine,swissviewmonuments,4,img132_d4_s23_g07_r0,False,4,10,4,6,0.0,0.5,0.5,0.3333333333333333,0.5454545454545454,0.45454545454545453
GeoExplorer-pristine,swissviewmonuments,4,img133_d4_s24_g08_r0,False,4,10,4,6,0.0,0.5,0.5,0.3333333333333333,0.45454545454545453,0.5454545454545454
GeoExplorer-pristine,swissviewmonuments,6,img133_d6_s20_g08_r0,False,2,10,6,4,0.6666666666666666,0.7,0.3,0.3333333333333333,0.2727272727272727,0.7272727272727273
GeoExplorer-pristine,swissviewmonuments,4,img134_d4_s23_g09_r0,False,4,10,4,6,0.0,0.5,0.5,0.1111111111111111,0.09090909090909091,0.9090909090909091
GeoExplorer-pristine,swissviewmonuments,6,img134_d6_s21_g09_r0,True,0,6,6,0,1.0,1.0,0.0,0.0,0.0,1.0
GeoExplorer-pristine,swissviewmonuments,4,img135_d4_s22_g10_r0,True,0,4,4,0,1.0,1.0,0.0,0.0,0.0,1.0
GeoExplorer-pristine,swissviewmonuments,6,img135_d6_s24_g10_r0,True,0,6,6,0,1.0,1.0,0.0,0.0,0.0,1.0
GeoExplorer-pristine,swissviewmonuments,4,img136_d4_s23_g11_r0,False,2,10,4,6,0.5,0.6,0.4,0.2222222222222222,0.18181818181818182,0.8181818181818182
GeoExplorer-pristine,swissviewmonuments,4,img137_d4_s24_g12_r0,False,4,10,4,6,0.0,0.5,0.5,0.1111111111111111,0.2727272727272727,0.7272727272727273
GeoExplorer-pristine,swissviewmonuments,4,img138_d4_s01_g13_r0,True,0,4,4,0,1.0,1.0,0.0,0.0,0.0,1.0
GeoExplorer-pristine,swissviewmonuments,4,img139_d4_s02_g14_r0,False,6,10,4,6,-0.5,0.4,0.6,0.2222222222222222,0.18181818181818182,0.8181818181818182
GeoExplorer-pristine,swissviewmonuments,6,img139_d6_s20_g14_r0,True,0,6,6,0,1.0,1.0,0.0,0.0,0.0,1.0
GeoExplorer-pristine,swissviewmonuments,4,img140_d4_s01_g15_r0,False,4,10,4,6,0.0,0.5,0.5,0.2222222222222222,0.18181818181818182,0.8181818181818182
GeoExplorer-pristine,swissviewmonuments,6,img140_d6_s09_g15_r0,False,2,10,6,4,0.6666666666666666,0.7,0.3,0.3333333333333333,0.2727272727272727,0.7272727272727273
GeoExplorer-pristine,swissviewmonuments,4,img141_d4_s14_g16_r0,True,0,4,4,0,1.0,1.0,0.0,0.0,0.0,1.0
GeoExplorer-pristine,swissviewmonuments,6,img141_d6_s04_g16_r0,True,0,6,6,0,1.0,1.0,0.0,0.0,0.0,1.0
GeoExplorer-pristine,swissviewmonuments,4,img142_d4_s03_g17_r0,True,0,4,4,0,1.0,1.0,0.0,0.0,0.0,1.0
GeoExplorer-pristine,swissviewmonuments,4,img143_d4_s10_g18_r0,False,4,10,4,6,0.0,0.5,0.5,0.3333333333333333,0.45454545454545453,0.5454545454545454
GeoExplorer-pristine,swissviewmonuments,6,img143_d6_s00_g18_r0,True,0,6,6,0,1.0,1.0,0.0,0.0,0.0,1.0
GeoExplorer-pristine,swissviewmonuments,4,img144_d4_s21_g19_r0,True,0,4,4,0,1.0,1.0,0.0,0.0,0.0,1.0
GeoExplorer-pristine,swissviewmonuments,6,img144_d6_s05_g19_r0,False,4,10,6,4,0.3333333333333333,0.6,0.4,0.1111111111111111,0.2727272727272727,0.7272727272727273
GeoExplorer-pristine,swissviewmonuments,4,img145_d4_s24_g20_r0,True,0,4,4,0,1.0,1.0,0.0,0.0,0.0,1.0
GeoExplorer-pristine,swissviewmonuments,6,img145_d6_s08_g20_r0,False,2,10,6,4,0.6666666666666666,0.7,0.3,0.3333333333333333,0.2727272727272727,0.7272727272727273
GeoExplorer-pristine,swissviewmonuments,8,img145_d8_s04_g20_r0,True,0,8,8,0,1.0,1.0,0.0,0.0,0.0,1.0
GeoExplorer-pristine,swissviewmonuments,4,img146_d4_s13_g21_r0,False,2,10,4,6,0.5,0.6,0.4,0.2222222222222222,0.2727272727272727,0.7272727272727273
GeoExplorer-pristine,swissviewmonuments,6,img146_d6_s03_g21_r0,True,0,8,6,2,1.0,0.875,0.125,0.0,0.0,1.0
GeoExplorer-pristine,swissviewmonuments,4,img147_d4_s14_g22_r0,True,0,4,4,0,1.0,1.0,0.0,0.0,0.0,1.0
GeoExplorer-pristine,swissviewmonuments,6,img147_d6_s00_g22_r0,True,0,6,6,0,1.0,1.0,0.0,0.0,0.0,1.0
GeoExplorer-pristine,swissviewmonuments,4,img148_d4_s07_g23_r0,False,4,10,4,6,0.0,0.5,0.5,0.4444444444444444,0.36363636363636365,0.6363636363636364
GeoExplorer-pristine,swissviewmonuments,6,img148_d6_s05_g23_r0,True,0,6,6,0,1.0,1.0,0.0,0.0,0.0,1.0
GeoExplorer-pristine,swissviewmonuments,4,img149_d4_s12_g24_r0,False,2,10,4,6,0.5,0.6,0.4,0.3333333333333333,0.2727272727272727,0.7272727272727273
GeoExplorer-pristine,swissviewmonuments,6,img149_d6_s06_g24_r0,False,4,10,6,4,0.3333333333333333,0.6,0.4,0.2222222222222222,0.18181818181818182,0.8181818181818182
GeoExplorer-pristine,swissviewmonuments,8,img149_d8_s00_g24_r0,False,2,10,8,2,0.75,0.8,0.2,0.2222222222222222,0.18181818181818182,0.8181818181818182
GeoExplorer-pristine,swissviewmonuments,4,img150_d4_s08_g00_r0,False,8,10,4,6,-1.0,0.3,0.7,0.0,0.0,1.0
GeoExplorer-pristine,swissviewmonuments,6,img150_d6_s14_g00_r0,False,2,10,6,4,0.6666666666666666,0.7,0.3,0.4444444444444444,0.36363636363636365,0.6363636363636364
GeoExplorer-pristine,swissviewmonuments,8,img150_d8_s24_g00_r0,True,0,8,8,0,1.0,1.0,0.0,0.0,0.0,1.0
GeoExplorer-pristine,swissviewmonuments,4,img151_d4_s15_g01_r0,False,6,10,4,6,-0.5,0.4,0.6,0.2222222222222222,0.18181818181818182,0.8181818181818182
GeoExplorer-pristine,swissviewmonuments,6,img151_d6_s23_g01_r0,True,0,8,6,2,1.0,0.875,0.125,0.0,0.0,1.0
GeoExplorer-pristine,swissviewmonuments,4,img152_d4_s18_g02_r0,True,0,8,4,4,1.0,0.75,0.25,0.0,0.0,1.0
GeoExplorer-pristine,swissviewmonuments,6,img152_d6_s24_g02_r0,False,2,10,6,4,0.6666666666666666,0.7,0.3,0.1111111111111111,0.09090909090909091,0.9090909090909091
GeoExplorer-pristine,swissviewmonuments,4,img153_d4_s11_g03_r0,False,4,10,4,6,0.0,0.5,0.5,0.0,0.09090909090909091,0.9090909090909091
GeoExplorer-pristine,swissviewmonuments,6,img153_d6_s15_g03_r0,True,0,6,6,0,1.0,1.0,0.0,0.0,0.0,1.0
GeoExplorer-pristine,swissviewmonuments,4,img154_d4_s06_g04_r0,False,8,10,4,6,-1.0,0.3,0.7,0.1111111111111111,0.09090909090909091,0.9090909090909091
GeoExplorer-pristine,swissviewmonuments,6,img154_d6_s10_g04_r0,False,6,10,6,4,0.0,0.5,0.5,0.0,0.0,1.0
GeoExplorer-pristine,swissviewmonuments,8,img154_d8_s20_g04_r0,False,2,10,8,2,0.75,0.8,0.2,0.4444444444444444,0.36363636363636365,0.6363636363636364
GeoExplorer-pristine,swissviewmonuments,4,img155_d4_s03_g05_r0,True,0,4,4,0,1.0,1.0,0.0,0.0,0.0,1.0
GeoExplorer-pristine,swissviewmonuments,6,img155_d6_s19_g05_r0,True,0,6,6,0,1.0,1.0,0.0,0.0,0.0,1.0
GeoExplorer-pristine,swissviewmonuments,4,img156_d4_s22_g06_r0,True,0,4,4,0,1.0,1.0,0.0,0.0,0.0,1.0
GeoExplorer-pristine,swissviewmonuments,6,img156_d6_s24_g06_r0,False,2,10,6,4,0.6666666666666666,0.7,0.3,0.2222222222222222,0.18181818181818182,0.8181818181818182
GeoExplorer-pristine,swissviewmonuments,4,img157_d4_s19_g07_r0,False,2,10,4,6,0.5,0.6,0.4,0.1111111111111111,0.09090909090909091,0.9090909090909091
GeoExplorer-pristine,swissviewmonuments,4,img158_d4_s16_g08_r0,True,0,4,4,0,1.0,1.0,0.0,0.0,0.0,1.0
GeoExplorer-pristine,swissviewmonuments,6,img158_d6_s20_g08_r0,False,2,10,6,4,0.6666666666666666,0.7,0.3,0.3333333333333333,0.2727272727272727,0.7272727272727273
GeoExplorer-pristine,swissviewmonuments,4,img159_d4_s11_g09_r0,False,4,10,4,6,0.0,0.5,0.5,0.0,0.0,1.0
GeoExplorer-pristine,swissviewmonuments,6,img159_d6_s15_g09_r0,True,0,6,6,0,1.0,1.0,0.0,0.0,0.0,1.0
GeoExplorer-pristine,swissviewmonuments,4,img160_d4_s02_g10_r0,False,2,10,4,6,0.5,0.6,0.4,0.0,0.0,1.0
GeoExplorer-pristine,swissviewmonuments,6,img160_d6_s24_g10_r0,True,0,8,6,2,1.0,0.875,0.125,0.0,0.0,1.0
GeoExplorer-pristine,swissviewmonuments,4,img161_d4_s09_g11_r0,False,2,10,4,6,0.5,0.6,0.4,0.3333333333333333,0.2727272727272727,0.7272727272727273
GeoExplorer-pristine,swissviewmonuments,4,img162_d4_s20_g12_r0,False,4,10,4,6,0.0,0.5,0.5,0.2222222222222222,0.18181818181818182,0.8181818181818182
GeoExplorer-pristine,swissviewmonuments,4,img163_d4_s15_g13_r0,False,2,10,4,6,0.5,0.6,0.4,0.0,0.0,1.0
GeoExplorer-pristine,swissviewmonuments,4,img164_d4_s22_g14_r0,False,2,10,4,6,0.5,0.6,0.4,0.1111111111111111,0.09090909090909091,0.9090909090909091
GeoExplorer-pristine,swissviewmonuments,6,img164_d6_s20_g14_r0,False,2,10,6,4,0.6666666666666666,0.7,0.3,0.4444444444444444,0.36363636363636365,0.6363636363636364
GeoExplorer-pristine,swissviewmonuments,4,img165_d4_s13_g15_r0,True,0,4,4,0,1.0,1.0,0.0,0.0,0.0,1.0
GeoExplorer-pristine,swissviewmonuments,6,img165_d6_s09_g15_r0,True,0,6,6,0,1.0,1.0,0.0,0.0,0.0,1.0
GeoExplorer-pristine,swissviewmonuments,4,img166_d4_s02_g16_r0,False,4,10,4,6,0.0,0.5,0.5,0.4444444444444444,0.36363636363636365,0.6363636363636364
GeoExplorer-pristine,swissviewmonuments,6,img166_d6_s04_g16_r0,False,2,10,6,4,0.6666666666666666,0.7,0.3,0.1111111111111111,0.09090909090909091,0.9090909090909091
GeoExplorer-pristine,swissviewmonuments,4,img167_d4_s03_g17_r0,False,2,10,4,6,0.5,0.6,0.4,0.1111111111111111,0.09090909090909091,0.9090909090909091
GeoExplorer-pristine,swissviewmonuments,4,img168_d4_s06_g18_r0,True,0,4,4,0,1.0,1.0,0.0,0.0,0.0,1.0
GeoExplorer-pristine,swissviewmonuments,6,img168_d6_s00_g18_r0,False,2,10,6,4,0.6666666666666666,0.7,0.3,0.2222222222222222,0.2727272727272727,0.7272727272727273
GeoExplorer-pristine,swissviewmonuments,4,img169_d4_s07_g19_r0,True,0,10,4,6,1.0,0.7,0.3,0.0,0.0,1.0
GeoExplorer-pristine,swissviewmonuments,6,img169_d6_s01_g19_r0,False,4,10,6,4,0.3333333333333333,0.6,0.4,0.1111111111111111,0.09090909090909091,0.9090909090909091
GeoExplorer-pristine,swissviewmonuments,4,img170_d4_s00_g20_r0,False,8,10,4,6,-1.0,0.3,0.7,0.5555555555555556,0.45454545454545453,0.5454545454545454
GeoExplorer-pristine,swissviewmonuments,6,img170_d6_s02_g20_r0,False,6,10,6,4,0.0,0.5,0.5,0.0,0.0,1.0
GeoExplorer-pristine,swissviewmonuments,8,img170_d8_s04_g20_r0,True,0,8,8,0,1.0,1.0,0.0,0.0,0.0,1.0
GeoExplorer-pristine,swissviewmonuments,4,img171_d4_s01_g21_r0,False,6,10,4,6,-0.5,0.4,0.6,0.3333333333333333,0.36363636363636365,0.6363636363636364
GeoExplorer-pristine,swissviewmonuments,6,img171_d6_s03_g21_r0,True,0,8,6,2,1.0,0.875,0.125,0.0,0.0,1.0
GeoExplorer-pristine,swissviewmonuments,4,img172_d4_s14_g22_r0,False,2,10,4,6,0.5,0.6,0.4,0.2222222222222222,0.18181818181818182,0.8181818181818182
GeoExplorer-pristine,swissviewmonuments,6,img172_d6_s00_g22_r0,True,0,6,6,0,1.0,1.0,0.0,0.0,0.0,1.0
GeoExplorer-pristine,swissviewmonuments,4,img173_d4_s11_g23_r0,False,4,10,4,6,0.0,0.5,0.5,0.3333333333333333,0.2727272727272727,0.7272727272727273
GeoExplorer-pristine,swissviewmonuments,6,img173_d6_s05_g23_r0,True,0,8,6,2,1.0,0.875,0.125,0.0,0.0,1.0
GeoExplorer-pristine,swissviewmonuments,4,img174_d4_s20_g24_r0,True,0,4,4,0,1.0,1.0,0.0,0.0,0.0,1.0
GeoExplorer-pristine,swissviewmonuments,6,img174_d6_s02_g24_r0,False,4,10,6,4,0.3333333333333333,0.6,0.4,0.3333333333333333,0.2727272727272727,0.7272727272727273
GeoExplorer-pristine,swissviewmonuments,8,img174_d8_s00_g24_r0,False,2,10,8,2,0.75,0.8,0.2,0.2222222222222222,0.2727272727272727,0.7272727272727273
GeoExplorer-pristine,swissviewmonuments,4,img175_d4_s16_g00_r0,False,4,10,4,6,0.0,0.5,0.5,0.2222222222222222,0.18181818181818182,0.8181818181818182
GeoExplorer-pristine,swissviewmonuments,6,img175_d6_s22_g00_r0,True,0,6,6,0,1.0,1.0,0.0,0.0,0.0,1.0
GeoExplorer-pristine,swissviewmonuments,8,img175_d8_s24_g00_r0,True,0,8,8,0,1.0,1.0,0.0,0.0,0.0,1.0
GeoExplorer-pristine,swissviewmonuments,4,img176_d4_s15_g01_r0,True,0,4,4,0,1.0,1.0,0.0,0.0,0.0,1.0
GeoExplorer-pristine,swissviewmonuments,6,img176_d6_s23_g01_r0,False,4,10,6,4,0.3333333333333333,0.6,0.4,0.1111111111111111,0.09090909090909091,0.9090909090909091
GeoExplorer-pristine,swissviewmonuments,4,img177_d4_s16_g02_r0,True,0,6,4,2,1.0,0.8333333333333334,0.16666666666666666,0.0,0.0,1.0
GeoExplorer-pristine,swissviewmonuments,6,img177_d6_s24_g02_r0,True,0,6,6,0,1.0,1.0,0.0,0.0,0.0,1.0
GeoExplorer-pristine,swissviewmonuments,4,img178_d4_s19_g03_r0,True,0,4,4,0,1.0,1.0,0.0,0.0,0.0,1.0
GeoExplorer-pristine,swissviewmonuments,6,img178_d6_s21_g03_r0,True,0,6,6,0,1.0,1.0,0.0,0.0,0.0,1.0
GeoExplorer-pristine,swissviewmonuments,4,img179_d4_s06_g04_r0,False,8,10,4,6,-1.0,0.3,0.7,0.1111111111111111,0.09090909090909091,0.9090909090909091
GeoExplorer-pristine,swissviewmonuments,6,img179_d6_s10_g04_r0,True,0,6,6,0,1.0,1.0,0.0,0.0,0.0,1.0
GeoExplorer-pristine,swissviewmonuments,8,img179_d8_s20_g04_r0,True,0,8,8,0,1.0,1.0,0.0,0.0,0.0,1.0
GeoExplorer-pristine,swissviewmonuments,4,img180_d4_s13_g05_r0,True,0,6,4,2,1.0,0.8333333333333334,0.16666666666666666,0.2,0.14285714285714285,0.8571428571428571
GeoExplorer-pristine,swissviewmonuments,6,img180_d6_s23_g05_r0,True,0,6,6,0,1.0,1.0,0.0,0.0,0.0,1.0
GeoExplorer-pristine,swissviewmonuments,4,img181_d4_s20_g06_r0,False,2,10,4,6,0.5,0.6,0.4,0.0,0.0,1.0
GeoExplorer-pristine,swissviewmonuments,6,img181_d6_s24_g06_r0,True,0,6,6,0,1.0,1.0,0.0,0.0,0.0,1.0
GeoExplorer-pristine,swissviewmonuments,4,img182_d4_s15_g07_r0,False,2,10,4,6,0.5,0.6,0.4,0.3333333333333333,0.2727272727272727,0.7272727272727273
GeoExplorer-pristine,swissviewmonuments,4,img183_d4_s24_g08_r0,True,0,4,4,0,1.0,1.0,0.0,0.0,0.0,1.0
GeoExplorer-pristine,swissviewmonuments,6,img183_d6_s20_g08_r0,False,2,10,6,4,0.6666666666666666,0.7,0.3,0.1111111111111111,0.09090909090909091,0.9090909090909091
GeoExplorer-pristine,swissviewmonuments,4,img184_d4_s11_g09_r0,True,0,6,4,2,1.0,0.8333333333333334,0.16666666666666666,0.0,0.0,1.0
GeoExplorer-pristine,swissviewmonuments,6,img184_d6_s15_g09_r0,False,2,10,6,4,0.6666666666666666,0.7,0.3,0.4444444444444444,0.36363636363636365,0.6363636363636364
GeoExplorer-pristine,swissviewmonuments,4,img185_d4_s22_g10_r0,False,4,10,4,6,0.0,0.5,0.5,0.4444444444444444,0.36363636363636365,0.6363636363636364
GeoExplorer-pristine,swissviewmonuments,6,img185_d6_s24_g10_r0,False,2,10,6,4,0.6666666666666666,0.7,0.3,0.2222222222222222,0.18181818181818182,0.8181818181818182
GeoExplorer-pristine,swissviewmonuments,4,img186_d4_s09_g11_r0,False,2,10,4,6,0.5,0.6,0.4,0.2222222222222222,0.18181818181818182,0.8181818181818182
GeoExplorer-pristine,swissviewmonuments,4,img187_d4_s20_g12_r0,False,4,10,4,6,0.0,0.5,0.5,0.2222222222222222,0.18181818181818182,0.8181818181818182
GeoExplorer-pristine,swissviewmonuments,4,img188_d4_s21_g13_r0,True,0,4,4,0,1.0,1.0,0.0,0.0,0.0,1.0
GeoExplorer-pristine,swissviewmonuments,4,img189_d4_s06_g14_r0,True,0,8,4,4,1.0,0.75,0.25,0.0,0.0,1.0
GeoExplorer-pristine,swissviewmonuments,6,img189_d6_s20_g14_r0,False,6,10,6,4,0.0,0.5,0.5,0.0,0.0,1.0
GeoExplorer-pristine,swissviewmonuments,4,img190_d4_s23_g15_r0,True,0,4,4,0,1.0,1.0,0.0,0.0,0.0,1.0
GeoExplorer-pristine,swissviewmonuments,6,img190_d6_s03_g15_r0,True,0,6,6,0,1.0,1.0,0.0,0.0,0.0,1.0
GeoExplorer-pristine,swissviewmonuments,4,img191_d4_s24_g16_r0,False,2,10,4,6,0.5,0.6,0.4,0.5555555555555556,0.45454545454545453,0.5454545454545454
GeoExplorer-pristine,swissviewmonuments,6,img191_d6_s04_g16_r0,True,0,6,6,0,1.0,1.0,0.0,0.0,0.0,1.0
GeoExplorer-pristine,swissviewmonuments,4,img192_d4_s03_g17_r0,False,2,10,4,6,0.5,0.6,0.4,0.1111111111111111,0.09090909090909091,0.9090909090909091
GeoExplorer-pristine,swissviewmonuments,4,img193_d4_s20_g18_r0,False,2,10,4,6,0.5,0.6,0.4,0.1111111111111111,0.09090909090909091,0.9090909090909091
GeoExplorer-pristine,swissviewmonuments,6,img193_d6_s00_g18_r0,True,0,6,6,0,1.0,1.0,0.0,0.0,0.0,1.0
GeoExplorer-pristine,swissviewmonuments,4,img194_d4_s03_g19_r0,False,4,10,4,6,0.0,0.5,0.5,0.1111111111111111,0.09090909090909091,0.9090909090909091
GeoExplorer-pristine,swissviewmonuments,6,img194_d6_s05_g19_r0,False,2,10,6,4,0.6666666666666666,0.7,0.3,0.3333333333333333,0.2727272727272727,0.7272727272727273
GeoExplorer-pristine,swissviewmonuments,4,img195_d4_s18_g20_r0,False,4,10,4,6,0.0,0.5,0.5,0.3333333333333333,0.2727272727272727,0.7272727272727273
GeoExplorer-pristine,swissviewmonuments,6,img195_d6_s08_g20_r0,True,0,6,6,0,1.0,1.0,0.0,0.0,0.0,1.0
GeoExplorer-pristine,swissviewmonuments,8,img195_d8_s04_g20_r0,True,0,8,8,0,1.0,1.0,0.0,0.0,0.0,1.0
GeoExplorer-pristine,swissviewmonuments,4,img196_d4_s01_g21_r0,False,2,10,4,6,0.5,0.6,0.4,0.2222222222222222,0.18181818181818182,0.8181818181818182
GeoExplorer-pristine,swissviewmonuments,6,img196_d6_s09_g21_r0,True,0,8,6,2,1.0,0.875,0.125,0.0,0.0,1.0
GeoExplorer-pristine,swissviewmonuments,4,img197_d4_s08_g22_r0,True,0,8,4,4,1.0,0.75,0.25,0.0,0.0,1.0
GeoExplorer-pristine,swissviewmonuments,6,img197_d6_s00_g22_r0,False,4,10,6,4,0.3333333333333333,0.6,0.4,0.3333333333333333,0.2727272727272727,0.7272727272727273
GeoExplorer-pristine,swissviewmonuments,4,img198_d4_s09_g23_r0,False,2,10,4,6,0.5,0.6,0.4,0.2222222222222222,0.18181818181818182,0.8181818181818182
GeoExplorer-pristine,swissviewmonuments,6,img198_d6_s05_g23_r0,False,2,10,6,4,0.6666666666666666,0.7,0.3,0.2222222222222222,0.18181818181818182,0.8181818181818182
GeoExplorer-pristine,swissviewmonuments,4,img199_d4_s20_g24_r0,True,0,4,4,0,1.0,1.0,0.0,0.0,0.0,1.0
GeoExplorer-pristine,swissviewmonuments,6,img199_d6_s06_g24_r0,True,0,6,6,0,1.0,1.0,0.0,0.0,0.0,1.0
GeoExplorer-pristine,swissviewmonuments,8,img199_d8_s00_g24_r0,True,0,8,8,0,1.0,1.0,0.0,0.0,0.0,1.0
GeoExplorer-pristine,swissviewmonuments,4,img200_d4_s16_g00_r0,False,4,10,4,6,0.0,0.5,0.5,0.3333333333333333,0.2727272727272727,0.7272727272727273
GeoExplorer-pristine,swissviewmonuments,6,img200_d6_s22_g00_r0,False,4,10,6,4,0.3333333333333333,0.6,0.4,0.1111111111111111,0.09090909090909091,0.9090909090909091
GeoExplorer-pristine,swissviewmonuments,8,img200_d8_s24_g00_r0,True,0,8,8,0,1.0,1.0,0.0,0.0,0.0,1.0
GeoExplorer-pristine,swissviewmonuments,4,img201_d4_s13_g01_r0,True,0,6,4,2,1.0,0.8333333333333334,0.16666666666666666,0.0,0.0,1.0
GeoExplorer-pristine,swissviewmonuments,6,img201_d6_s23_g01_r0,True,0,6,6,0,1.0,1.0,0.0,0.0,0.0,1.0
GeoExplorer-pristine,swissviewmonuments,4,img202_d4_s18_g02_r0,False,2,10,4,6,0.5,0.6,0.4,0.3333333333333333,0.2727272727272727,0.7272727272727273
GeoExplorer-pristine,swissviewmonuments,6,img202_d6_s20_g02_r0,False,2,10,6,4,0.6666666666666666,0.7,0.3,0.1111111111111111,0.09090909090909091,0.9090909090909091
GeoExplorer-pristine,swissviewmonuments,4,img203_d4_s23_g03_r0,True,0,10,4,6,1.0,0.7,0.3,0.0,0.0,1.0
GeoExplorer-pristine,swissviewmonuments,6,img203_d6_s15_g03_r0,True,0,6,6,0,1.0,1.0,0.0,0.0,0.0,1.0
GeoExplorer-pristine,swissviewmonuments,4,img204_d4_s12_g04_r0,False,2,10,4,6,0.5,0.6,0.4,0.1111111111111111,0.2727272727272727,0.7272727272727273
GeoExplorer-pristine,swissviewmonuments,6,img204_d6_s22_g04_r0,True,0,10,6,4,1.0,0.8,0.2,0.0,0.0,1.0
GeoExplorer-pristine,swissviewmonuments,8,img204_d8_s20_g04_r0,True,0,8,8,0,1.0,1.0,0.0,0.0,0.0,1.0
GeoExplorer-pristine,swissviewmonuments,4,img205_d4_s21_g05_r0,False,6,10,4,6,-0.5,0.4,0.6,0.6666666666666666,0.5454545454545454,0.45454545454545453
GeoExplorer-pristine,swissviewmonuments,6,img205_d6_s23_g05_r0,False,2,10,6,4,0.6666666666666666,0.7,0.3,0.1111111111111111,0.18181818181818182,0.8181818181818182
GeoExplorer-pristine,swissviewmonuments,4,img206_d4_s22_g06_r0,False,4,10,4,6,0.0,0.5,0.5,0.3333333333333333,0.36363636363636365,0.6363636363636364
GeoExplorer-pristine,swissviewmonuments,6,img206_d6_s24_g06_r0,True,0,10,6,4,1.0,0.8,0.2,0.2222222222222222,0.18181818181818182,0.8181818181818182
GeoExplorer-pristine,swissviewmonuments,4,img207_d4_s23_g07_r0,False,2,10,4,6,0.5,0.6,0.4,0.1111111111111111,0.09090909090909091,0.9090909090909091
GeoExplorer-pristine,swissviewmonuments,4,img208_d4_s16_g08_r0,True,0,4,4,0,1.0,1.0,0.0,0.0,0.0,1.0
GeoExplorer-pristine,swissviewmonuments,6,img208_d6_s20_g08_r0,False,2,10,6,4,0.6666666666666666,0.7,0.3,0.2222222222222222,0.18181818181818182,0.8181818181818182
GeoExplorer-pristine,swissviewmonuments,4,img209_d4_s11_g09_r0,False,2,10,4,6,0.5,0.6,0.4,0.1111111111111111,0.18181818181818182,0.8181818181818182
GeoExplorer-pristine,swissviewmonuments,6,img209_d6_s21_g09_r0,True,0,6,6,0,1.0,1.0,0.0,0.0,0.0,1.0
GeoExplorer-pristine,swissviewmonuments,4,img210_d4_s08_g10_r0,True,0,4,4,0,1.0,1.0,0.0,0.0,0.0,1.0
GeoExplorer-pristine,swissviewmonuments,6,img210_d6_s04_g10_r0,False,4,10,6,4,0.3333333333333333,0.6,0.4,0.1111111111111111,0.18181818181818182,0.8181818181818182
GeoExplorer-pristine,swissviewmonuments,4,img211_d4_s19_g11_r0,False,2,10,4,6,0.5,0.6,0.4,0.0,0.0,1.0
GeoExplorer-pristine,swissviewmonuments,4,img212_d4_s24_g12_r0,False,2,10,4,6,0.5,0.6,0.4,0.1111111111111111,0.09090909090909091,0.9090909090909091
GeoExplorer-pristine,swissviewmonuments,4,img213_d4_s01_g13_r0,True,0,4,4,0,1.0,1.0,0.0,0.0,0.0,1.0
GeoExplorer-pristine,swissviewmonuments,4,img214_d4_s06_g14_r0,False,2,10,4,6,0.5,0.6,0.4,0.3333333333333333,0.2727272727272727,0.7272727272727273
GeoExplorer-pristine,swissviewmonuments,6,img214_d6_s20_g14_r0,True,0,6,6,0,1.0,1.0,0.0,0.0,0.0,1.0
GeoExplorer-pristine,swissviewmonuments,4,img215_d4_s01_g15_r0,False,4,10,4,6,0.0,0.5,0.5,0.2222222222222222,0.2727272727272727,0.7272727272727273
GeoExplorer-pristine,swissviewmonuments,6,img215_d6_s09_g15_r0,True,0,6,6,0,1.0,1.0,0.0,0.0,0.0,1.0
GeoExplorer-pristine,swissviewmonuments,4,img216_d4_s08_g16_r0,True,0,4,4,0,1.0,1.0,0.0,0.0,0.0,1.0
GeoExplorer-pristine,swissviewmonuments,6,img216_d6_s04_g16_r0,False,2,10,6,4,0.6666666666666666,0.7,0.3,0.3333333333333333,0.2727272727272727,0.7272727272727273
GeoExplorer-pristine,swissviewmonuments,4,img217_d4_s05_g17_r0,False,2,10,4,6,0.5,0.6,0.4,0.2222222222222222,0.18181818181818182,0.8181818181818182
GeoExplorer-pristine,swissviewmonuments,4,img218_d4_s20_g18_r0,False,4,10,4,6,0.0,0.5,0.5,0.2222222222222222,0.18181818181818182,0.8181818181818182
GeoExplorer-pristine,swissviewmonuments,6,img218_d6_s00_g18_r0,True,0,6,6,0,1.0,1.0,0.0,0.0,0.0,1.0
GeoExplorer-pristine,swissviewmonuments,4,img219_d4_s11_g19_r0,True,0,4,4,0,1.0,1.0,0.0,0.0,0.0,1.0
GeoExplorer-pristine,swissviewmonuments,6,img219_d6_s01_g19_r0,True,0,6,6,0,1.0,1.0,0.0,0.0,0.0,1.0
GeoExplorer-pristine,swissviewmonuments,4,img220_d4_s06_g20_r0,False,4,10,4,6,0.0,0.5,0.5,0.3333333333333333,0.2727272727272727,0.7272727272727273
GeoExplorer-pristine,swissviewmonuments,6,img220_d6_s08_g20_r0,True,0,6,6,0,1.0,1.0,0.0,0.0,0.0,1.0
GeoExplorer-pristine,swissviewmonuments,8,img220_d8_s04_g20_r0,True,0,8,8,0,1.0,1.0,0.0,0.0,0.0,1.0
GeoExplorer-pristine,swissviewmonuments,4,img221_d4_s19_g21_r0,False,2,10,4,6,0.5,0.6,0.4,0.0,0.0,1.0
GeoExplorer-pristine,swissviewmonuments,6,img221_d6_s03_g21_r0,True,0,6,6,0,1.0,1.0,0.0,0.0,0.0,1.0
GeoExplorer-pristine,swissviewmonuments,4,img222_d4_s02_g22_r0,True,0,8,4,4,1.0,0.75,0.25,0.0,0.0,1.0
GeoExplorer-pristine,swissviewmonuments,6,img222_d6_s04_g22_r0,True,0,6,6,0,1.0,1.0,0.0,0.0,0.0,1.0
GeoExplorer-pristine,swissviewmonuments,4,img223_d4_s11_g23_r0,True,0,8,4,4,1.0,0.75,0.25,0.14285714285714285,0.1111111111111111,0.8888888888888888
GeoExplorer-pristine,swissviewmonuments,6,img223_d6_s01_g23_r0,True,0,6,6,0,1.0,1.0,0.0,0.0,0.0,1.0
GeoExplorer-pristine,swissviewmonuments,4,img224_d4_s12_g24_r0,True,0,8,4,4,1.0,0.75,0.25,0.0,0.0,1.0
GeoExplorer-pristine,swissviewmonuments,6,img224_d6_s06_g24_r0,False,4,10,6,4,0.3333333333333333,0.6,0.4,0.2222222222222222,0.2727272727272727,0.7272727272727273
GeoExplorer-pristine,swissviewmonuments,8,img224_d8_s00_g24_r0,False,2,10,8,2,0.75,0.8,0.2,0.3333333333333333,0.2727272727272727,0.7272727272727273
GeoExplorer-pristine,swissviewmonuments,4,img225_d4_s04_g00_r0,False,6,10,4,6,-0.5,0.4,0.6,0.2222222222222222,0.2727272727272727,0.7272727272727273
GeoExplorer-pristine,swissviewmonuments,6,img225_d6_s18_g00_r0,False,4,10,6,4,0.3333333333333333,0.6,0.4,0.1111111111111111,0.09090909090909091,0.9090909090909091
GeoExplorer-pristine,swissviewmonuments,8,img225_d8_s24_g00_r0,False,4,10,8,2,0.5,0.7,0.3,0.0,0.0,1.0
GeoExplorer-pristine,swissviewmonuments,4,img226_d4_s13_g01_r0,False,4,10,4,6,0.0,0.5,0.5,0.0,0.0,1.0
GeoExplorer-pristine,swissviewmonuments,6,img226_d6_s23_g01_r0,True,0,8,6,2,1.0,0.875,0.125,0.0,0.0,1.0
GeoExplorer-pristine,swissviewmonuments,4,img227_d4_s10_g02_r0,False,2,10,4,6,0.5,0.6,0.4,0.1111111111111111,0.09090909090909091,0.9090909090909091
GeoExplorer-pristine,swissviewmonuments,6,img227_d6_s20_g02_r0,False,2,10,6,4,0.6666666666666666,0.7,0.3,0.2222222222222222,0.18181818181818182,0.8181818181818182
GeoExplorer-pristine,swissviewmonuments,4,img228_d4_s11_g03_r0,True,0,4,4,0,1.0,1.0,0.0,0.0,0.0,1.0
GeoExplorer-pristine,swissviewmonuments,6,img228_d6_s21_g03_r0,False,2,10,6,4,0.6666666666666666,0.7,0.3,0.3333333333333333,0.2727272727272727,0.7272727272727273
GeoExplorer-pristine,swissviewmonuments,4,img229_d4_s00_g04_r0,False,6,10,4,6,-0.5,0.4,0.6,0.3333333333333333,0.2727272727272727,0.7272727272727273
GeoExplorer-pristine,swissviewmonuments,6,img229_d6_s10_g04_r0,False,2,10,6,4,0.6666666666666666,0.7,0.3,0.3333333333333333,0.2727272727272727,0.7272727272727273
GeoExplorer-pristine,swissviewmonuments,8,img229_d8_s20_g04_r0,False,2,10,8,2,0.75,0.8,0.2,0.4444444444444444,0.36363636363636365,0.6363636363636364
GeoExplorer-pristine,swissviewmonuments,4,img230_d4_s21_g05_r0,False,4,10,4,6,0.0,0.5,0.5,0.1111111111111111,0.09090909090909091,0.9090909090909091
GeoExplorer-pristine,swissviewmonuments,6,img230_d6_s23_g05_r0,True,0,6,6,0,1.0,1.0,0.0,0.0,0.0,1.0
GeoExplorer-pristine,swissviewmonuments,4,img231_d4_s18_g06_r0,True,0,4,4,0,1.0,1.0,0.0,0.0,0.0,1.0
GeoExplorer-pristine,swissviewmonuments,6,img231_d6_s24_g06_r0,False,2,10,6,4,0.6666666666666666,0.7,0.3,0.0,0.0,1.0
GeoExplorer-pristine,swissviewmonuments,4,img232_d4_s15_g07_r0,True,0,4,4,0,1.0,1.0,0.0,0.0,0.0,1.0
GeoExplorer-pristine,swissviewmonuments,4,img233_d4_s24_g08_r0,False,4,10,4,6,0.0,0.5,0.5,0.3333333333333333,0.2727272727272727,0.7272727272727273
GeoExplorer-pristine,swissviewmonuments,6,img233_d6_s20_g08_r0,True,0,10,6,4,1.0,0.8,0.2,0.4444444444444444,0.36363636363636365,0.6363636363636364
GeoExplorer-pristine,swissviewmonuments,4,img234_d4_s11_g09_r0,False,4,10,4,6,0.0,0.5,0.5,0.4444444444444444,0.45454545454545453,0.5454545454545454
GeoExplorer-pristine,swissviewmonuments,6,img234_d6_s15_g09_r0,True,0,8,6,2,1.0,0.875,0.125,0.0,0.0,1.0
GeoExplorer-pristine,swissviewmonuments,4,img235_d4_s18_g10_r0,True,0,6,4,2,1.0,0.8333333333333334,0.16666666666666666,0.0,0.0,1.0
GeoExplorer-pristine,swissviewmonuments,6,img235_d6_s04_g10_r0,True,0,6,6,0,1.0,1.0,0.0,0.0,0.0,1.0
GeoExplorer-pristine,swissviewmonuments,4,img236_d4_s23_g11_r0,False,4,10,4,6,0.0,0.5,0.5,0.3333333333333333,0.36363636363636365,0.6363636363636364
GeoExplorer-pristine,swissviewmonuments,4,img237_d4_s24_g12_r0,False,4,10,4,6,0.0,0.5,0.5,0.1111111111111111,0.2727272727272727,0.7272727272727273
GeoExplorer-pristine,swissviewmonuments,4,img238_d4_s05_g13_r0,False,2,10,4,6,0.5,0.6,0.4,0.0,0.0,1.0
GeoExplorer-pristine,swissviewmonuments,4,img239_d4_s06_g14_r0,True,0,8,4,4,1.0,0.75,0.25,0.0,0.0,1.0
GeoExplorer-pristine,swissviewmonuments,6,img239_d6_s20_g14_r0,False,2,10,6,4,0.6666666666666666,0.7,0.3,0.1111111111111111,0.09090909090909091,0.9090909090909091
GeoExplorer-pristine,swissviewmonuments,4,img240_d4_s19_g15_r0,False,6,10,4,6,-0.5,0.4,0.6,0.1111111111111111,0.2727272727272727,0.7272727272727273
GeoExplorer-pristine,swissviewmonuments,6,img240_d6_s03_g15_r0,False,4,10,6,4,0.3333333333333333,0.6,0.4,0.0,0.0,1.0
GeoExplorer-pristine,swissviewmonuments,4,img241_d4_s00_g16_r0,False,4,10,4,6,0.0,0.5,0.5,0.1111111111111111,0.2727272727272727,0.7272727272727273
GeoExplorer-pristine,swissviewmonuments,6,img241_d6_s04_g16_r0,False,4,10,6,4,0.3333333333333333,0.6,0.4,0.1111111111111111,0.09090909090909091,0.9090909090909091
GeoExplorer-pristine,swissviewmonuments,4,img242_d4_s05_g17_r0,True,0,4,4,0,1.0,1.0,0.0,0.0,0.0,1.0
GeoExplorer-pristine,swissviewmonuments,4,img243_d4_s20_g18_r0,False,4,10,4,6,0.0,0.5,0.5,0.1111111111111111,0.09090909090909091,0.9090909090909091
GeoExplorer-pristine,swissviewmonuments,6,img243_d6_s00_g18_r0,True,0,6,6,0,1.0,1.0,0.0,0.0,0.0,1.0
GeoExplorer-pristine,swissviewmonuments,4,img244_d4_s15_g19_r0,False,2,10,4,6,0.5,0.6,0.4,0.2222222222222222,0.18181818181818182,0.8181818181818182
GeoExplorer-pristine,swissviewmonuments,6,img244_d6_s01_g19_r0,False,2,10,6,4,0.6666666666666666,0.7,0.3,0.4444444444444444,0.45454545454545453,0.5454545454545454
GeoExplorer-pristine,swissviewmonuments,4,img245_d4_s24_g20_r0,False,6,10,4,6,-0.5,0.4,0.6,0.4444444444444444,0.36363636363636365,0.6363636363636364
GeoExplorer-pristine,swissviewmonuments,6,img245_d6_s02_g20_r0,False,6,10,6,4,0.0,0.5,0.5,0.4444444444444444,0.45454545454545453,0.5454545454545454
GeoExplorer-pristine,swissviewmonuments,8,img245_d8_s04_g20_r0,True,0,8,8,0,1.0,1.0,0.0,0.0,0.0,1.0
GeoExplorer-pristine,swissviewmonuments,4,img246_d4_s01_g21_r0,False,6,10,4,6,-0.5,0.4,0.6,0.5555555555555556,0.5454545454545454,0.45454545454545453
GeoExplorer-pristine,swissviewmonuments,6,img246_d6_s09_g21_r0,False,4,10,6,4,0.3333333333333333,0.6,0.4,0.0,0.0,1.0
GeoExplorer-pristine,swissviewmonuments,4,img247_d4_s10_g22_r0,False,4,10,4,6,0.0,0.5,0.5,0.0,0.09090909090909091,0.9090909090909091
GeoExplorer-pristine,swissviewmonuments,6,img247_d6_s00_g22_r0,False,4,10,6,4,0.3333333333333333,0.6,0.4,0.0,0.0,1.0
GeoExplorer-pristine,swissviewmonuments,4,img248_d4_s11_g23_r0,False,6,10,4,6,-0.5,0.4,0.6,0.3333333333333333,0.45454545454545453,0.5454545454545454
GeoExplorer-pristine,swissviewmonuments,6,img248_d6_s05_g23_r0,False,4,10,6,4,0.3333333333333333,0.6,0.4,0.0,0.0,1.0
GeoExplorer-pristine,swissviewmonuments,4,img249_d4_s20_g24_r0,True,0,4,4,0,1.0,1.0,0.0,0.0,0.0,1.0
GeoExplorer-pristine,swissviewmonuments,6,img249_d6_s06_g24_r0,False,6,10,6,4,0.0,0.5,0.5,0.0,0.0,1.0
GeoExplorer-pristine,swissviewmonuments,8,img249_d8_s00_g24_r0,False,2,10,8,2,0.75,0.8,0.2,0.4444444444444444,0.36363636363636365,0.6363636363636364
GeoExplorer-pristine,swissviewmonuments,4,img250_d4_s20_g00_r0,False,4,10,4,6,0.0,0.5,0.5,0.1111111111111111,0.18181818181818182,0.8181818181818182
GeoExplorer-pristine,swissviewmonuments,6,img250_d6_s14_g00_r0,False,4,10,6,4,0.3333333333333333,0.6,0.4,0.3333333333333333,0.45454545454545453,0.5454545454545454
GeoExplorer-pristine,swissviewmonuments,8,img250_d8_s24_g00_r0,False,2,10,8,2,0.75,0.8,0.2,0.4444444444444444,0.36363636363636365,0.6363636363636364
GeoExplorer-pristine,swissviewmonuments,4,img251_d4_s09_g01_r0,False,4,10,4,6,0.0,0.5,0.5,0.2222222222222222,0.18181818181818182,0.8181818181818182
GeoExplorer-pristine,swissviewmonuments,6,img251_d6_s19_g01_r0,False,2,10,6,4,0.6666666666666666,0.7,0.3,0.4444444444444444,0.45454545454545453,0.5454545454545454
GeoExplorer-pristine,swissviewmonuments,4,img252_d4_s16_g02_r0,False,4,10,4,6,0.0,0.5,0.5,0.4444444444444444,0.36363636363636365,0.6363636363636364
GeoExplorer-pristine,swissviewmonuments,6,img252_d6_s24_g02_r0,True,0,6,6,0,1.0,1.0,0.0,0.0,0.0,1.0
GeoExplorer-pristine,swissviewmonuments,4,img253_d4_s19_g03_r0,True,0,4,4,0,1.0,1.0,0.0,0.0,0.0,1.0
GeoExplorer-pristine,swissviewmonuments,6,img253_d6_s15_g03_r0,True,0,6,6,0,1.0,1.0,0.0,0.0,0.0,1.0
GeoExplorer-pristine,swissviewmonuments,4,img254_d4_s06_g04_r0,False,4,10,4,6,0.0,0.5,0.5,0.3333333333333333,0.2727272727272727,0.7272727272727273
GeoExplorer-pristine,swissviewmonuments,6,img254_d6_s16_g04_r0,True,0,6,6,0,1.0,1.0,0.0,0.0,0.0,1.0
GeoExplorer-pristine,swissviewmonuments,8,img254_d8_s20_g04_r0,True,0,8,8,0,1.0,1.0,0.0,0.0,0.0,1.0
GeoExplorer-pristine,swissviewmonuments,4,img255_d4_s21_g05_r0,False,2,10,4,6,0.5,0.6,0.4,0.3333333333333333,0.2727272727272727,0.7272727272727273
GeoExplorer-pristine,swissviewmonuments,6,img255_d6_s19_g05_r0,False,4,10,6,4,0.3333333333333333,0.6,0.4,0.3333333333333333,0.36363636363636365,0.6363636363636364
GeoExplorer-pristine,swissviewmonuments,4,img256_d4_s20_g06_r0,False,4,10,4,6,0.0,0.5,0.5,0.0,0.0,1.0
GeoExplorer-pristine,swissviewmonuments,6,img256_d6_s24_g06_r0,True,0,6,6,0,1.0,1.0,0.0,0.0,0.0,1.0
GeoExplorer-pristine,swissviewmonuments,4,img257_d4_s19_g07_r0,False,2,10,4,6,0.5,0.6,0.4,0.6666666666666666,0.5454545454545454,0.45454545454545453
GeoExplorer-pristine,swissviewmonuments,4,img258_d4_s10_g08_r0,False,2,10,4,6,0.5,0.6,0.4,0.1111111111111111,0.09090909090909091,0.9090909090909091
GeoExplorer-pristine,swissviewmonuments,6,img258_d6_s20_g08_r0,False,2,10,6,4,0.6666666666666666,0.7,0.3,0.2222222222222222,0.18181818181818182,0.8181818181818182
GeoExplorer-pristine,swissviewmonuments,4,img259_d4_s01_g09_r0,False,2,10,4,6,0.5,0.6,0.4,0.1111111111111111,0.09090909090909091,0.9090909090909091
GeoExplorer-pristine,swissviewmonuments,6,img259_d6_s21_g09_r0,True,0,6,6,0,1.0,1.0,0.0,0.0,0.0,1.0
GeoExplorer-pristine,swissviewmonuments,4,img260_d4_s22_g10_r0,False,2,10,4,6,0.5,0.6,0.4,0.4444444444444444,0.36363636363636365,0.6363636363636364
GeoExplorer-pristine,swissviewmonuments,6,img260_d6_s04_g10_r0,False,6,10,6,4,0.0,0.5,0.5,0.4444444444444444,0.45454545454545453,0.5454545454545454
GeoExplorer-pristine,swissviewmonuments,4,img261_d4_s03_g11_r0,False,4,10,4,6,0.0,0.5,0.5,0.1111111111111111,0.2727272727272727,0.7272727272727273
GeoExplorer-pristine,swissviewmonuments,4,img262_d4_s20_g12_r0,False,2,10,4,6,0.5,0.6,0.4,0.1111111111111111,0.18181818181818182,0.8181818181818182
GeoExplorer-pristine,swissviewmonuments,4,img263_d4_s01_g13_r0,True,0,4,4,0,1.0,1.0,0.0,0.0,0.0,1.0
GeoExplorer-pristine,swissviewmonuments,4,img264_d4_s22_g14_r0,False,2,10,4,6,0.5,0.6,0.4,0.3333333333333333,0.2727272727272727,0.7272727272727273
GeoExplorer-pristine,swissviewmonuments,6,img264_d6_s20_g14_r0,False,2,10,6,4,0.6666666666666666,0.7,0.3,0.2222222222222222,0.18181818181818182,0.8181818181818182
GeoExplorer-pristine,swissviewmonuments,4,img265_d4_s01_g15_r0,False,4,10,4,6,0.0,0.5,0.5,0.3333333333333333,0.2727272727272727,0.7272727272727273
GeoExplorer-pristine,swissviewmonuments,6,img265_d6_s09_g15_r0,False,4,10,6,4,0.3333333333333333,0.6,0.4,0.6666666666666666,0.6363636363636364,0.36363636363636365
GeoExplorer-pristine,swissviewmonuments,4,img266_d4_s24_g16_r0,False,6,10,4,6,-0.5,0.4,0.6,0.4444444444444444,0.45454545454545453,0.5454545454545454
GeoExplorer-pristine,swissviewmonuments,6,img266_d6_s04_g16_r0,False,4,10,6,4,0.3333333333333333,0.6,0.4,0.5555555555555556,0.45454545454545453,0.5454545454545454
GeoExplorer-pristine,swissviewmonuments,4,img267_d4_s09_g17_r0,False,2,10,4,6,0.5,0.6,0.4,0.5555555555555556,0.5454545454545454,0.45454545454545453
GeoExplorer-pristine,swissviewmonuments,4,img268_d4_s04_g18_r0,False,2,10,4,6,0.5,0.6,0.4,0.0,0.0,1.0
GeoExplorer-pristine,swissviewmonuments,6,img268_d6_s00_g18_r0,False,2,10,6,4,0.6666666666666666,0.7,0.3,0.1111111111111111,0.18181818181818182,0.8181818181818182
GeoExplorer-pristine,swissviewmonuments,4,img269_d4_s21_g19_r0,False,2,10,4,6,0.5,0.6,0.4,0.3333333333333333,0.2727272727272727,0.7272727272727273
GeoExplorer-pristine,swissviewmonuments,6,img269_d6_s05_g19_r0,False,2,10,6,4,0.6666666666666666,0.7,0.3,0.4444444444444444,0.36363636363636365,0.6363636363636364
GeoExplorer-pristine,swissviewmonuments,4,img270_d4_s12_g20_r0,True,0,8,4,4,1.0,0.75,0.25,0.14285714285714285,0.1111111111111111,0.8888888888888888
GeoExplorer-pristine,swissviewmonuments,6,img270_d6_s14_g20_r0,False,2,10,6,4,0.6666666666666666,0.7,0.3,0.2222222222222222,0.18181818181818182,0.8181818181818182
GeoExplorer-pristine,swissviewmonuments,8,img270_d8_s04_g20_r0,True,0,8,8,0,1.0,1.0,0.0,0.0,0.0,1.0
GeoExplorer-pristine,swissviewmonuments,4,img271_d4_s07_g21_r0,True,0,6,4,2,1.0,0.8333333333333334,0.16666666666666666,0.0,0.0,1.0
GeoExplorer-pristine,swissviewmonuments,6,img271_d6_s03_g21_r0,True,0,8,6,2,1.0,0.875,0.125,0.0,0.0,1.0
GeoExplorer-pristine,swissviewmonuments,4,img272_d4_s08_g22_r0,True,0,6,4,2,1.0,0.8333333333333334,0.16666666666666666,0.0,0.0,1.0
GeoExplorer-pristine,swissviewmonuments,6,img272_d6_s00_g22_r0,False,2,10,6,4,0.6666666666666666,0.7,0.3,0.2222222222222222,0.18181818181818182,0.8181818181818182
GeoExplorer-pristine,swissviewmonuments,4,img273_d4_s07_g23_r0,True,0,6,4,2,1.0,0.8333333333333334,0.16666666666666666,0.0,0.0,1.0
GeoExplorer-pristine,swissviewmonuments,6,img273_d6_s01_g23_r0,False,2,10,6,4,0.6666666666666666,0.7,0.3,0.3333333333333333,0.2727272727272727,0.7272727272727273
GeoExplorer-pristine,swissviewmonuments,4,img274_d4_s12_g24_r0,False,4,10,4,6,0.0,0.5,0.5,0.4444444444444444,0.36363636363636365,0.6363636363636364
GeoExplorer-pristine,swissviewmonuments,6,img274_d6_s10_g24_r0,False,4,10,6,4,0.3333333333333333,0.6,0.4,0.0,0.0,1.0
GeoExplorer-pristine,swissviewmonuments,8,img274_d8_s00_g24_r0,False,2,10,8,2,0.75,0.8,0.2,0.4444444444444444,0.36363636363636365,0.6363636363636364
GeoExplorer-pristine,swissviewmonuments,4,img275_d4_s04_g00_r0,False,4,10,4,6,0.0,0.5,0.5,0.2222222222222222,0.18181818181818182,0.8181818181818182
GeoExplorer-pristine,swissviewmonuments,6,img275_d6_s14_g00_r0,False,2,10,6,4,0.6666666666666666,0.7,0.3,0.1111111111111111,0.18181818181818182,0.8181818181818182
GeoExplorer-pristine,swissviewmonuments,8,img275_d8_s24_g00_r0,False,2,10,8,2,0.75,0.8,0.2,0.1111111111111111,0.09090909090909091,0.9090909090909091
GeoExplorer-pristine,swissviewmonuments,4,img276_d4_s09_g01_r0,False,4,10,4,6,0.0,0.5,0.5,0.4444444444444444,0.36363636363636365,0.6363636363636364
GeoExplorer-pristine,swissviewmonuments,6,img276_d6_s23_g01_r0,False,4,10,6,4,0.3333333333333333,0.6,0.4,0.6666666666666666,0.6363636363636364,0.36363636363636365
GeoExplorer-pristine,swissviewmonuments,4,img277_d4_s14_g02_r0,False,4,10,4,6,0.0,0.5,0.5,0.4444444444444444,0.45454545454545453,0.5454545454545454
GeoExplorer-pristine,swissviewmonuments,6,img277_d6_s24_g02_r0,True,0,6,6,0,1.0,1.0,0.0,0.0,0.0,1.0
GeoExplorer-pristine,swissviewmonuments,4,img278_d4_s11_g03_r0,False,2,10,4,6,0.5,0.6,0.4,0.5555555555555556,0.45454545454545453,0.5454545454545454
GeoExplorer-pristine,swissviewmonuments,6,img278_d6_s15_g03_r0,False,4,10,6,4,0.3333333333333333,0.6,0.4,0.2222222222222222,0.18181818181818182,0.8181818181818182
GeoExplorer-pristine,swissviewmonuments,4,img279_d4_s00_g04_r0,False,4,10,4,6,0.0,0.5,0.5,0.2222222222222222,0.18181818181818182,0.8181818181818182
GeoExplorer-pristine,swissviewmonuments,6,img279_d6_s16_g04_r0,True,0,6,6,0,1.0,1.0,0.0,0.0,0.0,1.0
GeoExplorer-pristine,swissviewmonuments,8,img279_d8_s20_g04_r0,True,0,8,8,0,1.0,1.0,0.0,0.0,0.0,1.0
GeoExplorer-pristine,swissviewmonuments,4,img280_d4_s21_g05_r0,False,6,10,4,6,-0.5,0.4,0.6,0.0,0.0,1.0
GeoExplorer-pristine,swissviewmonuments,6,img280_d6_s19_g05_r0,True,0,8,6,2,1.0,0.875,0.125,0.0,0.0,1.0
GeoExplorer-pristine,swissviewmonuments,4,img281_d4_s22_g06_r0,True,0,10,4,6,1.0,0.7,0.3,0.2222222222222222,0.2727272727272727,0.7272727272727273
GeoExplorer-pristine,swissviewmonuments,6,img281_d6_s24_g06_r0,False,2,10,6,4,0.6666666666666666,0.7,0.3,0.0,0.0,1.0
GeoExplorer-pristine,swissviewmonuments,4,img282_d4_s15_g07_r0,True,0,4,4,0,1.0,1.0,0.0,0.0,0.0,1.0
GeoExplorer-pristine,swissviewmonuments,4,img283_d4_s16_g08_r0,True,0,4,4,0,1.0,1.0,0.0,0.0,0.0,1.0
GeoExplorer-pristine,swissviewmonuments,6,img283_d6_s20_g08_r0,False,2,10,6,4,0.6666666666666666,0.7,0.3,0.2222222222222222,0.18181818181818182,0.8181818181818182
GeoExplorer-pristine,swissviewmonuments,4,img284_d4_s23_g09_r0,False,4,10,4,6,0.0,0.5,0.5,0.2222222222222222,0.18181818181818182,0.8181818181818182
GeoExplorer-pristine,swissviewmonuments,6,img284_d6_s21_g09_r0,True,0,6,6,0,1.0,1.0,0.0,0.0,0.0,1.0
GeoExplorer-pristine,swissviewmonuments,4,img285_d4_s18_g10_r0,True,0,4,4,0,1.0,1.0,0.0,0.0,0.0,1.0
GeoExplorer-pristine,swissviewmonuments,6,img285_d6_s24_g10_r0,True,0,6,6,0,1.0,1.0,0.0,0.0,0.0,1.0
GeoExplorer-pristine,swissviewmonuments,4,img286_d4_s19_g11_r0,False,2,10,4,6,0.5,0.6,0.4,0.0,0.0,1.0
GeoExplorer-pristine,swissviewmonuments,4,img287_d4_s20_g12_r0,False,4,10,4,6,0.0,0.5,0.5,0.2222222222222222,0.18181818181818182,0.8181818181818182
GeoExplorer-pristine,swissviewmonuments,4,img288_d4_s01_g13_r0,False,2,10,4,6,0.5,0.6,0.4,0.0,0.0,1.0
GeoExplorer-pristine,swissviewmonuments,4,img289_d4_s22_g14_r0,False,2,10,4,6,0.5,0.6,0.4,0.3333333333333333,0.45454545454545453,0.5454545454545454
GeoExplorer-pristine,swissviewmonuments,6,img289_d6_s20_g14_r0,True,0,8,6,2,1.0,0.875,0.125,0.0,0.0,1.0
GeoExplorer-pristine,swissviewmonuments,4,img290_d4_s23_g15_r0,True,0,4,4,0,1.0,1.0,0.0,0.0,0.0,1.0
GeoExplorer-pristine,swissviewmonuments,6,img290_d6_s03_g15_r0,True,0,6,6,0,1.0,1.0,0.0,0.0,0.0,1.0
GeoExplorer-pristine,swissviewmonuments,4,img291_d4_s24_g16_r0,False,2,10,4,6,0.5,0.6,0.4,0.2222222222222222,0.2727272727272727,0.7272727272727273
GeoExplorer-pristine,swissviewmonuments,6,img291_d6_s04_g16_r0,False,2,10,6,4,0.6666666666666666,0.7,0.3,0.1111111111111111,0.18181818181818182,0.8181818181818182
GeoExplorer-pristine,swissviewmonuments,4,img292_d4_s03_g17_r0,False,2,10,4,6,0.5,0.6,0.4,0.0,0.0,1.0
GeoExplorer-pristine,swissviewmonuments,4,img293_d4_s06_g18_r0,True,0,4,4,0,1.0,1.0,0.0,0.0,0.0,1.0
GeoExplorer-pristine,swissviewmonuments,6,img293_d6_s00_g18_r0,True,0,6,6,0,1.0,1.0,0.0,0.0,0.0,1.0
GeoExplorer-pristine,swissviewmonuments,4,img294_d4_s21_g19_r0,False,6,10,4,6,-0.5,0.4,0.6,0.0,0.0,1.0
GeoExplorer-pristine,swissviewmonuments,6,img294_d6_s05_g19_r0,True,0,6,6,0,1.0,1.0,0.0,0.0,0.0,1.0
GeoExplorer-pristine,swissviewmonuments,4,img295_d4_s00_g20_r0,False,2,10,4,6,0.5,0.6,0.4,0.2222222222222222,0.18181818181818182,0.8181818181818182
GeoExplorer-pristine,swissviewmonuments,6,img295_d6_s14_g20_r0,False,2,10,6,4,0.6666666666666666,0.7,0.3,0.4444444444444444,0.36363636363636365,0.6363636363636364
GeoExplorer-pristine,swissviewmonuments,8,img295_d8_s04_g20_r0,True,0,8,8,0,1.0,1.0,0.0,0.0,0.0,1.0
GeoExplorer-pristine,swissviewmonuments,4,img296_d4_s05_g21_r0,False,2,10,4,6,0.5,0.6,0.4,0.2222222222222222,0.18181818181818182,0.8181818181818182
GeoExplorer-pristine,swissviewmonuments,6,img296_d6_s09_g21_r0,True,0,8,6,2,1.0,0.875,0.125,0.0,0.0,1.0
GeoExplorer-pristine,swissviewmonuments,4,img297_d4_s10_g22_r0,False,4,10,4,6,0.0,0.5,0.5,0.5555555555555556,0.45454545454545453,0.5454545454545454
GeoExplorer-pristine,swissviewmonuments,6,img297_d6_s00_g22_r0,False,2,10,6,4,0.6666666666666666,0.7,0.3,0.3333333333333333,0.2727272727272727,0.7272727272727273
GeoExplorer-pristine,swissviewmonuments,4,img298_d4_s03_g23_r0,False,2,10,4,6,0.5,0.6,0.4,0.2222222222222222,0.18181818181818182,0.8181818181818182
GeoExplorer-pristine,swissviewmonuments,6,img298_d6_s01_g23_r0,False,2,10,6,4,0.6666666666666666,0.7,0.3,0.0,0.0,1.0
GeoExplorer-pristine,swissviewmonuments,4,img299_d4_s12_g24_r0,False,2,10,4,6,0.5,0.6,0.4,0.0,0.0,1.0
GeoExplorer-pristine,swissviewmonuments,6,img299_d6_s06_g24_r0,True,0,6,6,0,1.0,1.0,0.0,0.0,0.0,1.0
GeoExplorer-pristine,swissviewmonuments,8,img299_d8_s00_g24_r0,True,0,8,8,0,1.0,1.0,0.0,0.0,0.0,1.0
GeoExplorer-pristine,swissviewmonuments,4,img300_d4_s16_g00_r0,False,2,10,4,6,0.5,0.6,0.4,0.2222222222222222,0.18181818181818182,0.8181818181818182
GeoExplorer-pristine,swissviewmonuments,6,img300_d6_s18_g00_r0,True,0,6,6,0,1.0,1.0,0.0,0.0,0.0,1.0
GeoExplorer-pristine,swissviewmonuments,8,img300_d8_s24_g00_r0,False,4,10,8,2,0.5,0.7,0.3,0.4444444444444444,0.45454545454545453,0.5454545454545454
GeoExplorer-pristine,swissviewmonuments,4,img301_d4_s21_g01_r0,False,2,10,4,6,0.5,0.6,0.4,0.1111111111111111,0.09090909090909091,0.9090909090909091
GeoExplorer-pristine,swissviewmonuments,6,img301_d6_s23_g01_r0,False,2,10,6,4,0.6666666666666666,0.7,0.3,0.0,0.0,1.0
GeoExplorer-pristine,swissviewmonuments,4,img302_d4_s18_g02_r0,True,0,8,4,4,1.0,0.75,0.25,0.0,0.0,1.0
GeoExplorer-pristine,swissviewmonuments,6,img302_d6_s20_g02_r0,False,4,10,6,4,0.3333333333333333,0.6,0.4,0.3333333333333333,0.2727272727272727,0.7272727272727273
GeoExplorer-pristine,swissviewmonuments,4,img303_d4_s17_g03_r0,True,0,6,4,2,1.0,0.8333333333333334,0.16666666666666666,0.0,0.0,1.0
GeoExplorer-pristine,swissviewmonuments,6,img303_d6_s21_g03_r0,True,0,6,6,0,1.0,1.0,0.0,0.0,0.0,1.0
GeoExplorer-pristine,swissviewmonuments,4,img304_d4_s06_g04_r0,False,8,10,4,6,-1.0,0.3,0.7,0.2222222222222222,0.18181818181818182,0.8181818181818182
GeoExplorer-pristine,swissviewmonuments,6,img304_d6_s10_g04_r0,False,8,10,6,4,-0.3333333333333333,0.4,0.6,0.1111111111111111,0.09090909090909091,0.9090909090909091
GeoExplorer-pristine,swissviewmonuments,8,img304_d8_s20_g04_r0,True,0,8,8,0,1.0,1.0,0.0,0.0,0.0,1.0
GeoExplorer-pristine,swissviewmonuments,4,img305_d4_s17_g05_r0,True,0,4,4,0,1.0,1.0,0.0,0.0,0.0,1.0
GeoExplorer-pristine,swissviewmonuments,6,img305_d6_s19_g05_r0,True,0,6,6,0,1.0,1.0,0.0,0.0,0.0,1.0
GeoExplorer-pristine,swissviewmonuments,4,img306_d4_s18_g06_r0,True,0,10,4,6,1.0,0.7,0.3,0.3333333333333333,0.2727272727272727,0.7272727272727273
GeoExplorer-pristine,swissviewmonuments,6,img306_d6_s24_g06_r0,False,4,10,6,4,0.3333333333333333,0.6,0.4,0.4444444444444444,0.45454545454545453,0.5454545454545454
GeoExplorer-pristine,swissviewmonuments,4,img307_d4_s21_g07_r0,False,2,10,4,6,0.5,0.6,0.4,0.2222222222222222,0.18181818181818182,0.8181818181818182
GeoExplorer-pristine,swissviewmonuments,4,img308_d4_s16_g08_r0,True,0,4,4,0,1.0,1.0,0.0,0.0,0.0,1.0
GeoExplorer-pristine,swissviewmonuments,6,img308_d6_s20_g08_r0,False,2,10,6,4,0.6666666666666666,0.7,0.3,0.2222222222222222,0.18181818181818182,0.8181818181818182
GeoExplorer-pristine,swissviewmonuments,4,img309_d4_s05_g09_r0,False,4,10,4,6,0.0,0.5,0.5,0.4444444444444444,0.36363636363636365,0.6363636363636364
GeoExplorer-pristine,swissviewmonuments,6,img309_d6_s21_g09_r0,True,0,6,6,0,1.0,1.0,0.0,0.0,0.0,1.0
GeoExplorer-pristine,swissviewmonuments,4,img310_d4_s14_g10_r0,True,0,4,4,0,1.0,1.0,0.0,0.0,0.0,1.0
GeoExplorer-pristine,swissviewmonuments,6,img310_d6_s24_g10_r0,True,0,6,6,0,1.0,1.0,0.0,0.0,0.0,1.0
GeoExplorer-pristine,swissviewmonuments,4,img311_d4_s23_g11_r0,False,2,10,4,6,0.5,0.6,0.4,0.3333333333333333,0.5454545454545454,0.45454545454545453
GeoExplorer-pristine,swissviewmonuments,4,img312_d4_s00_g12_r0,False,4,10,4,6,0.0,0.5,0.5,0.2222222222222222,0.18181818181818182,0.8181818181818182
GeoExplorer-pristine,swissviewmonuments,4,img313_d4_s01_g13_r0,True,0,4,4,0,1.0,1.0,0.0,0.0,0.0,1.0
GeoExplorer-pristine,swissviewmonuments,4,img314_d4_s16_g14_r0,True,0,4,4,0,1.0,1.0,0.0,0.0,0.0,1.0
GeoExplorer-pristine,swissviewmonuments,6,img314_d6_s00_g14_r0,False,2,10,6,4,0.6666666666666666,0.7,0.3,0.2222222222222222,0.18181818181818182,0.8181818181818182
GeoExplorer-pristine,swissviewmonuments,4,img315_d4_s19_g15_r0,True,0,4,4,0,1.0,1.0,0.0,0.0,0.0,1.0
GeoExplorer-pristine,swissviewmonuments,6,img315_d6_s09_g15_r0,True,0,6,6,0,1.0,1.0,0.0,0.0,0.0,1.0
GeoExplorer-pristine,swissviewmonuments,4,img316_d4_s14_g16_r0,False,2,10,4,6,0.5,0.6,0.4,0.3333333333333333,0.2727272727272727,0.7272727272727273
GeoExplorer-pristine,swissviewmonuments,6,img316_d6_s04_g16_r0,True,0,6,6,0,1.0,1.0,0.0,0.0,0.0,1.0
GeoExplorer-pristine,swissviewmonuments,4,img317_d4_s03_g17_r0,True,0,6,4,2,1.0,0.8333333333333334,0.16666666666666666,0.0,0.0,1.0
GeoExplorer-pristine,swissviewmonuments,4,img318_d4_s10_g18_r0,True,0,4,4,0,1.0,1.0,0.0,0.0,0.0,1.0
GeoExplorer-pristine,swissviewmonuments,6,img318_d6_s00_g18_r0,True,0,6,6,0,1.0,1.0,0.0,0.0,0.0,1.0
GeoExplorer-pristine,swissviewmonuments,4,img319_d4_s11_g19_r0,True,0,4,4,0,1.0,1.0,0.0,0.0,0.0,1.0
GeoExplorer-pristine,swissviewmonuments,6,img319_d6_s05_g19_r0,False,2,10,6,4,0.6666666666666666,0.7,0.3,0.3333333333333333,0.2727272727272727,0.7272727272727273
GeoExplorer-pristine,swissviewmonuments,4,img320_d4_s18_g20_r0,False,8,10,4,6,-1.0,0.3,0.7,0.0,0.0,1.0
GeoExplorer-pristine,swissviewmonuments,6,img320_d6_s08_g20_r0,True,0,6,6,0,1.0,1.0,0.0,0.0,0.0,1.0
GeoExplorer-pristine,swissviewmonuments,8,img320_d8_s04_g20_r0,True,0,8,8,0,1.0,1.0,0.0,0.0,0.0,1.0
GeoExplorer-pristine,swissviewmonuments,4,img321_d4_s07_g21_r0,True,0,4,4,0,1.0,1.0,0.0,0.0,0.0,1.0
GeoExplorer-pristine,swissviewmonuments,6,img321_d6_s09_g21_r0,True,0,8,6,2,1.0,0.875,0.125,0.0,0.0,1.0
GeoExplorer-pristine,swissviewmonuments,4,img322_d4_s14_g22_r0,False,4,10,4,6,0.0,0.5,0.5,0.3333333333333333,0.2727272727272727,0.7272727272727273
GeoExplorer-pristine,swissviewmonuments,6,img322_d6_s00_g22_r0,False,2,10,6,4,0.6666666666666666,0.7,0.3,0.2222222222222222,0.18181818181818182,0.8181818181818182
GeoExplorer-pristine,swissviewmonuments,4,img323_d4_s09_g23_r0,False,2,10,4,6,0.5,0.6,0.4,0.1111111111111111,0.09090909090909091,0.9090909090909091
GeoExplorer-pristine,swissviewmonuments,6,img323_d6_s01_g23_r0,True,0,8,6,2,1.0,0.875,0.125,0.0,0.0,1.0
GeoExplorer-pristine,swissviewmonuments,4,img324_d4_s20_g24_r0,False,4,10,4,6,0.0,0.5,0.5,0.2222222222222222,0.18181818181818182,0.8181818181818182
GeoExplorer-pristine,swissviewmonuments,6,img324_d6_s06_g24_r0,False,2,10,6,4,0.6666666666666666,0.7,0.3,0.4444444444444444,0.36363636363636365,0.6363636363636364
GeoExplorer-pristine,swissviewmonuments,8,img324_d8_s00_g24_r0,True,0,8,8,0,1.0,1.0,0.0,0.0,0.0,1.0
GeoExplorer-pristine,swissviewmonuments,4,img325_d4_s20_g00_r0,False,6,10,4,6,-0.5,0.4,0.6,0.2222222222222222,0.2727272727272727,0.7272727272727273
GeoExplorer-pristine,swissviewmonuments,6,img325_d6_s14_g00_r0,False,4,10,6,4,0.3333333333333333,0.6,0.4,0.3333333333333333,0.36363636363636365,0.6363636363636364
GeoExplorer-pristine,swissviewmonuments,8,img325_d8_s24_g00_r0,False,8,10,8,2,0.0,0.5,0.5,0.1111111111111111,0.45454545454545453,0.5454545454545454
GeoExplorer-pristine,swissviewmonuments,4,img326_d4_s17_g01_r0,True,0,6,4,2,1.0,0.8333333333333334,0.16666666666666666,0.0,0.0,1.0
GeoExplorer-pristine,swissviewmonuments,6,img326_d6_s23_g01_r0,True,0,8,6,2,1.0,0.875,0.125,0.0,0.0,1.0
GeoExplorer-pristine,swissviewmonuments,4,img327_d4_s14_g02_r0,False,2,10,4,6,0.5,0.6,0.4,0.3333333333333333,0.2727272727272727,0.7272727272727273
GeoExplorer-pristine,swissviewmonuments,6,img327_d6_s20_g02_r0,True,0,6,6,0,1.0,1.0,0.0,0.0,0.0,1.0
GeoExplorer-pristine,swissviewmonuments,4,img328_d4_s11_g03_r0,False,4,10,4,6,0.0,0.5,0.5,0.2222222222222222,0.18181818181818182,0.8181818181818182
GeoExplorer-pristine,swissviewmonuments,6,img328_d6_s21_g03_r0,False,2,10,6,4,0.6666666666666666,0.7,0.3,0.2222222222222222,0.2727272727272727,0.7272727272727273
GeoExplorer-pristine,swissviewmonuments,4,img329_d4_s18_g04_r0,False,4,10,4,6,0.0,0.5,0.5,0.3333333333333333,0.2727272727272727,0.7272727272727273
GeoExplorer-pristine,swissviewmonuments,6,img329_d6_s16_g04_r0,True,0,6,6,0,1.0,1.0,0.0,0.0,0.0,1.0
GeoExplorer-pristine,swissviewmonuments,8,img329_d8_s20_g04_r0,False,2,10,8,2,0.75,0.8,0.2,0.3333333333333333,0.2727272727272727,0.7272727272727273
GeoExplorer-pristine,swissviewmonuments,4,img330_d4_s09_g05_r0,False,4,10,4,6,0.0,0.5,0.5,0.3333333333333333,0.2727272727272727,0.7272727272727273
GeoExplorer-pristine,swissviewmonuments,6,img330_d6_s19_g05_r0,True,0,6,6,0,1.0,1.0,0.0,0.0,0.0,1.0
GeoExplorer-pristine,swissviewmonuments,4,img331_d4_s22_g06_r0,False,2,10,4,6,0.5,0.6,0.4,0.2222222222222222,0.18181818181818182,0.8181818181818182
GeoExplorer-pristine,swissviewmonuments,6,img331_d6_s24_g06_r0,False,2,10,6,4,0.6666666666666666,0.7,0.3,0.3333333333333333,0.2727272727272727,0.7272727272727273
GeoExplorer-pristine,swissviewmonuments,4,img332_d4_s23_g07_r0,False,2,10,4,6,0.5,0.6,0.4,0.2222222222222222,0.2727272727272727,0.7272727272727273
GeoExplorer-pristine,swissviewmonuments,4,img333_d4_s10_g08_r0,False,4,10,4,6,0.0,0.5,0.5,0.5555555555555556,0.45454545454545453,0.5454545454545454
GeoExplorer-pristine,swissviewmonuments,6,img333_d6_s20_g08_r0,False,2,10,6,4,0.6666666666666666,0.7,0.3,0.1111111111111111,0.18181818181818182,0.8181818181818182
GeoExplorer-pristine,swissviewmonuments,4,img334_d4_s17_g09_r0,False,4,10,4,6,0.0,0.5,0.5,0.2222222222222222,0.2727272727272727,0.7272727272727273
GeoExplorer-pristine,swissviewmonuments,6,img334_d6_s21_g09_r0,True,0,6,6,0,1.0,1.0,0.0,0.0,0.0,1.0
GeoExplorer-pristine,swissviewmonuments,4,img335_d4_s18_g10_r0,False,4,10,4,6,0.0,0.5,0.5,0.2222222222222222,0.18181818181818182,0.8181818181818182
GeoExplorer-pristine,swissviewmonuments,6,img335_d6_s24_g10_r0,False,2,10,6,4,0.6666666666666666,0.7,0.3,0.1111111111111111,0.09090909090909091,0.9090909090909091
GeoExplorer-pristine,swissviewmonuments,4,img336_d4_s09_g11_r0,False,4,10,4,6,0.0,0.5,0.5,0.1111111111111111,0.2727272727272727,0.7272727272727273
GeoExplorer-pristine,swissviewmonuments,4,img337_d4_s00_g12_r0,False,4,10,4,6,0.0,0.5,0.5,0.2222222222222222,0.18181818181818182,0.8181818181818182
GeoExplorer-pristine,swissviewmonuments,4,img338_d4_s01_g13_r0,True,0,4,4,0,1.0,1.0,0.0,0.0,0.0,1.0
GeoExplorer-pristine,swissviewmonuments,4,img339_d4_s06_g14_r0,True,0,6,4,2,1.0,0.8333333333333334,0.16666666666666666,0.0,0.0,1.0
GeoExplorer-pristine,swissviewmonuments,6,img339_d6_s00_g14_r0,False,2,10,6,4,0.6666666666666666,0.7,0.3,0.4444444444444444,0.36363636363636365,0.6363636363636364
GeoExplorer-pristine,swissviewmonuments,4,img340_d4_s13_g15_r0,False,2,10,4,6,0.5,0.6,0.4,0.4444444444444444,0.45454545454545453,0.5454545454545454
GeoExplorer-pristine,swissviewmonuments,6,img340_d6_s09_g15_r0,True,0,6,6,0,1.0,1.0,0.0,0.0,0.0,1.0
GeoExplorer-pristine,swissviewmonuments,4,img341_d4_s14_g16_r0,False,2,10,4,6,0.5,0.6,0.4,0.1111111111111111,0.09090909090909091,0.9090909090909091
GeoExplorer-pristine,swissviewmonuments,6,img341_d6_s04_g16_r0,False,2,10,6,4,0.6666666666666666,0.7,0.3,0.3333333333333333,0.2727272727272727,0.7272727272727273
GeoExplorer-pristine,swissviewmonuments,4,img342_d4_s01_g17_r0,False,2,10,4,6,0.5,0.6,0.4,0.2222222222222222,0.18181818181818182,0.8181818181818182
GeoExplorer-pristine,swissviewmonuments,4,img343_d4_s02_g18_r0,True,0,4,4,0,1.0,1.0,0.0,0.0,0.0,1.0
GeoExplorer-pristine,swissviewmonuments,6,img343_d6_s00_g18_r0,False,2,10,6,4,0.6666666666666666,0.7,0.3,0.2222222222222222,0.18181818181818182,0.8181818181818182
GeoExplorer-pristine,swissviewmonuments,4,img344_d4_s03_g19_r0,False,4,10,4,6,0.0,0.5,0.5,0.2222222222222222,0.2727272727272727,0.7272727272727273
GeoExplorer-pristine,swissviewmonuments,6,img344_d6_s01_g19_r0,True,0,8,6,2,1.0,0.875,0.125,0.0,0.0,1.0
GeoExplorer-pristine,swissviewmonuments,4,img345_d4_s12_g20_r0,True,0,4,4,0,1.0,1.0,0.0,0.0,0.0,1.0
GeoExplorer-pristine,swissviewmonuments,6,img345_d6_s14_g20_r0,True,0,6,6,0,1.0,1.0,0.0,0.0,0.0,1.0
GeoExplorer-pristine,swissviewmonuments,8,img345_d8_s04_g20_r0,False,2,10,8,2,0.75,0.8,0.2,0.2222222222222222,0.2727272727272727,0.7272727272727273
GeoExplorer-pristine,swissviewmonuments,4,img346_d4_s19_g21_r0,False,4,10,4,6,0.0,0.5,0.5,0.3333333333333333,0.2727272727272727,0.7272727272727273
GeoExplorer-pristine,swissviewmonuments,6,img346_d6_s09_g21_r0,False,2,10,6,4,0.6666666666666666,0.7,0.3,0.6666666666666666,0.5454545454545454,0.45454545454545453
GeoExplorer-pristine,swissviewmonuments,4,img347_d4_s10_g22_r0,True,0,4,4,0,1.0,1.0,0.0,0.0,0.0,1.0
GeoExplorer-pristine,swissviewmonuments,6,img347_d6_s04_g22_r0,True,0,6,6,0,1.0,1.0,0.0,0.0,0.0,1.0
GeoExplorer-pristine,swissviewmonuments,4,img348_d4_s15_g23_r0,False,2,10,4,6,0.5,0.6,0.4,0.0,0.0,1.0
GeoExplorer-pristine,swissviewmonuments,6,img348_d6_s01_g23_r0,True,0,6,6,0,1.0,1.0,0.0,0.0,0.0,1.0
GeoExplorer-pristine,swissviewmonuments,4,img349_d4_s20_g24_r0,False,4,10,4,6,0.0,0.5,0.5,0.3333333333333333,0.2727272727272727,0.7272727272727273
GeoExplorer-pristine,swissviewmonuments,6,img349_d6_s02_g24_r0,False,2,10,6,4,0.6666666666666666,0.7,0.3,0.4444444444444444,0.36363636363636365,0.6363636363636364
GeoExplorer-pristine,swissviewmonuments,8,img349_d8_s00_g24_r0,False,2,10,8,2,0.75,0.8,0.2,0.4444444444444444,0.36363636363636365,0.6363636363636364
GeoExplorer-pristine,swissviewmonuments,4,img350_d4_s12_g00_r0,False,4,10,4,6,0.0,0.5,0.5,0.0,0.0,1.0
GeoExplorer-pristine,swissviewmonuments,6,img350_d6_s18_g00_r0,False,4,10,6,4,0.3333333333333333,0.6,0.4,0.1111111111111111,0.09090909090909091,0.9090909090909091
GeoExplorer-pristine,swissviewmonuments,8,img350_d8_s24_g00_r0,True,0,8,8,0,1.0,1.0,0.0,0.0,0.0,1.0
GeoExplorer-pristine,swissviewmonuments,4,img351_d4_s13_g01_r0,False,4,10,4,6,0.0,0.5,0.5,0.2222222222222222,0.36363636363636365,0.6363636363636364
GeoExplorer-pristine,swissviewmonuments,6,img351_d6_s23_g01_r0,False,4,10,6,4,0.3333333333333333,0.6,0.4,0.1111111111111111,0.36363636363636365,0.6363636363636364
GeoExplorer-pristine,swissviewmonuments,4,img352_d4_s16_g02_r0,False,2,10,4,6,0.5,0.6,0.4,0.4444444444444444,0.36363636363636365,0.6363636363636364
GeoExplorer-pristine,swissviewmonuments,6,img352_d6_s20_g02_r0,False,2,10,6,4,0.6666666666666666,0.7,0.3,0.2222222222222222,0.18181818181818182,0.8181818181818182
GeoExplorer-pristine,swissviewmonuments,4,img353_d4_s05_g03_r0,False,2,10,4,6,0.5,0.6,0.4,0.0,0.0,1.0
GeoExplorer-pristine,swissviewmonuments,6,img353_d6_s15_g03_r0,True,0,6,6,0,1.0,1.0,0.0,0.0,0.0,1.0
GeoExplorer-pristine,swissviewmonuments,4,img354_d4_s06_g04_r0,False,6,10,4,6,-0.5,0.4,0.6,0.3333333333333333,0.2727272727272727,0.7272727272727273
GeoExplorer-pristine,swissviewmonuments,6,img354_d6_s10_g04_r0,False,6,10,6,4,0.0,0.5,0.5,0.3333333333333333,0.2727272727272727,0.7272727272727273
GeoExplorer-pristine,swissviewmonuments,8,img354_d8_s20_g04_r0,True,0,8,8,0,1.0,1.0,0.0,0.0,0.0,1.0
GeoExplorer-pristine,swissviewmonuments,4,img355_d4_s13_g05_r0,False,4,10,4,6,0.0,0.5,0.5,0.0,0.09090909090909091,0.9090909090909091
GeoExplorer-pristine,swissviewmonuments,6,img355_d6_s23_g05_r0,True,0,6,6,0,1.0,1.0,0.0,0.0,0.0,1.0
GeoExplorer-pristine,swissviewmonuments,4,img356_d4_s22_g06_r0,True,0,6,4,2,1.0,0.8333333333333334,0.16666666666666666,0.0,0.0,1.0
GeoExplorer-pristine,swissviewmonuments,6,img356_d6_s24_g06_r0,False,2,10,6,4,0.6666666666666666,0.7,0.3,0.1111111111111111,0.18181818181818182,0.8181818181818182
GeoExplorer-pristine,swissviewmonuments,4,img357_d4_s15_g07_r0,True,0,4,4,0,1.0,1.0,0.0,0.0,0.0,1.0
GeoExplorer-pristine,swissviewmonuments,4,img358_d4_s16_g08_r0,True,0,4,4,0,1.0,1.0,0.0,0.0,0.0,1.0
GeoExplorer-pristine,swissviewmonuments,6,img358_d6_s20_g08_r0,False,2,10,6,4,0.6666666666666666,0.7,0.3,0.0,0.0,1.0
GeoExplorer-pristine,swissviewmonuments,4,img359_d4_s23_g09_r0,False,2,10,4,6,0.5,0.6,0.4,0.2222222222222222,0.36363636363636365,0.6363636363636364
GeoExplorer-pristine,swissviewmonuments,6,img359_d6_s15_g09_r0,False,4,10,6,4,0.3333333333333333,0.6,0.4,0.1111111111111111,0.09090909090909091,0.9090909090909091
GeoExplorer-pristine,swissviewmonuments,4,img360_d4_s22_g10_r0,False,2,10,4,6,0.5,0.6,0.4,0.1111111111111111,0.18181818181818182,0.8181818181818182
GeoExplorer-pristine,swissviewmonuments,6,img360_d6_s24_g10_r0,False,4,10,6,4,0.3333333333333333,0.6,0.4,0.1111111111111111,0.18181818181818182,0.8181818181818182
GeoExplorer-pristine,swissviewmonuments,4,img361_d4_s03_g11_r0,False,2,10,4,6,0.5,0.6,0.4,0.2222222222222222,0.18181818181818182,0.8181818181818182
GeoExplorer-pristine,swissviewmonuments,4,img362_d4_s00_g12_r0,False,2,10,4,6,0.5,0.6,0.4,0.3333333333333333,0.2727272727272727,0.7272727272727273
GeoExplorer-pristine,swissviewmonuments,4,img363_d4_s05_g13_r0,False,2,10,4,6,0.5,0.6,0.4,0.1111111111111111,0.09090909090909091,0.9090909090909091
GeoExplorer-pristine,swissviewmonuments,4,img364_d4_s16_g14_r0,False,4,10,4,6,0.0,0.5,0.5,0.1111111111111111,0.18181818181818182,0.8181818181818182
GeoExplorer-pristine,swissviewmonuments,6,img364_d6_s20_g14_r0,False,2,10,6,4,0.6666666666666666,0.7,0.3,0.4444444444444444,0.36363636363636365,0.6363636363636364
GeoExplorer-pristine,swissviewmonuments,4,img365_d4_s07_g15_r0,True,0,4,4,0,1.0,1.0,0.0,0.0,0.0,1.0
GeoExplorer-pristine,swissviewmonuments,6,img365_d6_s09_g15_r0,False,4,10,6,4,0.3333333333333333,0.6,0.4,0.5555555555555556,0.45454545454545453,0.5454545454545454
GeoExplorer-pristine,swissviewmonuments,4,img366_d4_s14_g16_r0,True,0,4,4,0,1.0,1.0,0.0,0.0,0.0,1.0
GeoExplorer-pristine,swissviewmonuments,6,img366_d6_s04_g16_r0,False,2,10,6,4,0.6666666666666666,0.7,0.3,0.1111111111111111,0.2727272727272727,0.7272727272727273
GeoExplorer-pristine,swissviewmonuments,4,img367_d4_s05_g17_r0,False,2,10,4,6,0.5,0.6,0.4,0.2222222222222222,0.18181818181818182,0.8181818181818182
GeoExplorer-pristine,swissviewmonuments,4,img368_d4_s10_g18_r0,False,2,10,4,6,0.5,0.6,0.4,0.5555555555555556,0.45454545454545453,0.5454545454545454
GeoExplorer-pristine,swissviewmonuments,6,img368_d6_s00_g18_r0,True,0,6,6,0,1.0,1.0,0.0,0.0,0.0,1.0
GeoExplorer-pristine,swissviewmonuments,4,img369_d4_s21_g19_r0,True,0,4,4,0,1.0,1.0,0.0,0.0,0.0,1.0
GeoExplorer-pristine,swissviewmonuments,6,img369_d6_s05_g19_r0,False,4,10,6,4,0.3333333333333333,0.6,0.4,0.2222222222222222,0.18181818181818182,0.8181818181818182
GeoExplorer-pristine,swissviewmonuments,4,img370_d4_s12_g20_r0,True,0,4,4,0,1.0,1.0,0.0,0.0,0.0,1.0
GeoExplorer-pristine,swissviewmonuments,6,img370_d6_s02_g20_r0,True,0,6,6,0,1.0,1.0,0.0,0.0,0.0,1.0
GeoExplorer-pristine,swissviewmonuments,8,img370_d8_s04_g20_r0,True,0,8,8,0,1.0,1.0,0.0,0.0,0.0,1.0
GeoExplorer-pristine,swissviewmonuments,4,img371_d4_s01_g21_r0,True,0,8,4,4,1.0,0.75,0.25,0.14285714285714285,0.2222222222222222,0.7777777777777778
GeoExplorer-pristine,swissviewmonuments,6,img371_d6_s03_g21_r0,True,0,8,6,2,1.0,0.875,0.125,0.0,0.0,1.0
GeoExplorer-pristine,swissviewmonuments,4,img372_d4_s02_g22_r0,True,0,6,4,2,1.0,0.8333333333333334,0.16666666666666666,0.0,0.0,1.0
GeoExplorer-pristine,swissviewmonuments,6,img372_d6_s04_g22_r0,False,2,10,6,4,0.6666666666666666,0.7,0.3,0.1111111111111111,0.09090909090909091,0.9090909090909091
GeoExplorer-pristine,swissviewmonuments,4,img373_d4_s03_g23_r0,False,4,10,4,6,0.0,0.5,0.5,0.3333333333333333,0.2727272727272727,0.7272727272727273
GeoExplorer-pristine,swissviewmonuments,6,img373_d6_s05_g23_r0,True,0,6,6,0,1.0,1.0,0.0,0.0,0.0,1.0
GeoExplorer-pristine,swissviewmonuments,4,img374_d4_s12_g24_r0,False,4,10,4,6,0.0,0.5,0.5,0.0,0.0,1.0
GeoExplorer-pristine,swissviewmonuments,6,img374_d6_s06_g24_r0,False,4,10,6,4,0.3333333333333333,0.6,0.4,0.1111111111111111,0.09090909090909091,0.9090909090909091
GeoExplorer-pristine,swissviewmonuments,8,img374_d8_s00_g24_r0,False,2,10,8,2,0.75,0.8,0.2,0.3333333333333333,0.2727272727272727,0.7272727272727273
