timestamp,episode,time_step,current_ep_reward,rolling_avg_reward,episode_successes,rolling_success_ratio,avg_steps_recent,avg_deviation_recent,val_success,best_val_success,policy_loss,value_loss,entropy,approx_kl,clip_fraction,oracle_bc_loss,sil_loss,update_epochs_ran,actor_lr,critic_lr,reward_factor,reward_mode,progress_metric,elapsed_sec
2026-05-19T14:29:03.384477,0,1090,-334.2680290418643,-334.2680290418643,16,0.08695652173913043,2.625,1.125,0,0,-0.005414265545550689,1.0203506499528885,1.1399497985839844,0.0012098674458684393,0.0,0.0,0.0,4,9.999000000000001e-05,9.999000000000001e-05,1.0,in,l2sq,29.02338480949402
2026-05-19T14:29:25.842217,1,2194,-369.21580069203793,-351.7419148669511,21,0.10054347826086957,2.675675675675676,1.027027027027027,0,0,-0.00269653279246998,0.9907807782292366,1.154423177242279,-0.00018233945629049161,0.0,0.0,0.0,4,9.997500199995001e-05,9.997500199995001e-05,1.0,in,l2sq,51.481130838394165
2026-05-19T14:30:00.608549,2,3355,-355.545351202104,-355.545351202104,19,0.10144927536231885,2.9642857142857144,1.1071428571428572,4,4,-0.0021663598701706643,0.962871253490448,1.1399015337228775,-0.00013664292564496971,0.0,0.0,0.0,4,9.995500799930005e-05,9.995500799930005e-05,1.0,in,l2sq,86.2472915649414
2026-05-19T14:30:23.956111,3,4489,-319.63667354163493,-337.59101237186945,20,0.10326086956521739,3.0,0.9736842105263158,4,4,-0.0026344792160671315,0.9903357699513435,1.1366562992334366,0.0008811932817479828,0.0,0.0,0.0,4,9.993501799725028e-05,9.993501799725028e-05,1.0,in,l2sq,109.59508013725281
2026-05-19T14:30:49.316169,4,5549,-273.44990947614656,-273.44990947614656,23,0.10760869565217392,2.98989898989899,0.8888888888888888,2,4,-0.0020200312603264603,1.0075840651988983,1.1000409722328186,-0.000325460369640429,0.0,0.0,0.0,4,9.992002799440073e-05,9.992002799440073e-05,1.0,in,l2sq,134.95515632629395
2026-05-19T14:31:11.820385,5,6649,-326.7886573527894,-300.119283414468,24,0.11141304347826086,3.105691056910569,0.8617886178861789,4,4,-0.002951098981429867,0.9256322607398033,1.0895098149776459,0.0008134961892210107,0.0,0.0,0.0,4,9.990504048980171e-05,9.990504048980171e-05,1.0,in,l2sq,157.45930790901184
2026-05-19T14:31:38.989527,6,7791,-294.5739001331759,-294.5739001331759,28,0.1172360248447205,3.1324503311258276,0.8079470198675497,2,4,-0.0011465277935713836,0.9968780428171158,1.0407886058092117,0.0008351339551154399,0.0,0.0,0.0,4,9.988506048075416e-05,9.988506048075416e-05,1.0,in,l2sq,184.62849020957947
2026-05-19T14:32:01.272328,7,8863,-298.9120555292459,-296.7429778312109,28,0.12160326086956522,3.2290502793296088,0.8379888268156425,4,4,-0.001046486179984818,0.9936089515686035,0.9968097358942032,-0.00014600732883995882,0.0,0.0,0.0,4,9.987007797140718e-05,9.987007797140718e-05,1.0,in,l2sq,206.91124081611633
2026-05-19T14:32:27.145762,8,9936,-282.14948725036965,-282.14948725036965,27,0.12439613526570048,3.33,0.83,2,4,-0.001316088101884827,1.0089625120162964,0.9883661717176437,0.0005835424886982132,0.0,0.0,0.0,4,9.985509795906185e-05,9.985509795906185e-05,1.0,in,l2sq,232.78474688529968
2026-05-19T14:32:48.391830,9,10979,-259.15966742791795,-270.65457733914377,26,0.12608695652173912,3.425,0.76,4,4,-0.0019392870875890866,0.9297265484929085,0.9863803759217262,0.00018107554983545077,0.0,0.0,0.0,4,9.983512793802104e-05,9.983512793802104e-05,1.0,in,l2sq,254.03079271316528
2026-05-19T14:33:13.538079,10,12032,-255.9661708567595,-255.9661708567595,28,0.12845849802371542,3.435,0.72,2,4,-0.0004928439771901827,0.9779149442911148,1.0018024742603302,-0.00039926622848723836,0.0,0.0,0.0,4,9.982015291843063e-05,9.982015291843063e-05,1.0,in,l2sq,279.17705059051514
2026-05-19T14:33:36.426282,11,13156,-269.1753168321156,-262.5707438444375,23,0.12817028985507245,3.62,0.77,4,4,-0.001423186089959727,0.9925535395741463,0.9929797127842903,0.00025416441376364257,0.0,0.0,0.0,4,9.980518039459364e-05,9.980518039459364e-05,1.0,in,l2sq,302.06527066230774
2026-05-19T14:34:02.571657,12,14238,-242.4833478556967,-242.4833478556967,27,0.12959866220735786,3.65,0.82,1,4,-0.0015322815685067381,0.9762945026159286,0.9887999892234802,-0.00037371190446722213,0.0,0.0,0.0,4,9.978522035656652e-05,9.978522035656652e-05,1.0,in,l2sq,328.2106182575226
2026-05-19T14:34:25.736490,13,15347,-276.29407319299196,-259.38871052434433,22,0.12888198757763975,3.66,0.77,4,4,-0.0011208683281438425,0.9390937238931656,0.9721288979053497,0.0004835153318708818,0.0,0.0,0.0,4,9.977025282298857e-05,9.977025282298857e-05,1.0,in,l2sq,351.3754324913025
2026-05-19T14:34:51.794769,14,16402,-255.47398041218244,-255.47398041218244,25,0.12934782608695652,3.71,0.77,3,4,-0.0013719309572479688,0.950199194252491,0.9521279558539391,0.0004384737989255316,0.0,0.0,0.0,4,9.975528778391639e-05,9.975528778391639e-05,1.0,in,l2sq,377.43374395370483
2026-05-19T14:35:14.313798,15,17476,-319.4037215591794,-287.4388509856809,18,0.12737771739130435,3.625,0.75,4,4,-0.0012647770652619572,0.9677272886037827,0.9409798309206963,0.0003611048554375898,0.0,0.0,0.0,4,9.973533772391248e-05,9.973533772391248e-05,1.0,in,l2sq,399.9527266025543
2026-05-19T14:35:39.309058,16,18490,-188.61828243281226,-188.61828243281226,38,0.13203324808184144,3.61,0.81,3,4,-0.0017375808703947726,0.9695775508880615,0.9339093267917633,0.00023421247642545218,0.0,0.0,0.0,4,9.972037767260471e-05,9.972037767260471e-05,1.0,in,l2sq,424.94805431365967
2026-05-19T14:36:02.262440,17,19584,-286.3364957574068,-237.47738909510952,19,0.13043478260869565,3.795,0.86,4,4,-0.001352880550257396,0.9553080275654793,0.9152723476290703,-0.00022209924823068938,0.0,0.0,0.0,4,9.97054201145557e-05,9.97054201145557e-05,1.0,in,l2sq,447.90140318870544
2026-05-19T14:36:30.094564,18,20720,-300.306549140291,-300.306549140291,25,0.130720823798627,3.845,0.87,2,4,-0.0009951613887097532,0.9464844688773155,0.8819824084639549,-0.00022938427390500893,0.0,0.0,0.0,4,9.968548002758701e-05,9.968548002758701e-05,1.0,in,l2sq,475.73355436325073
2026-05-19T14:36:53.416568,19,21831,-299.74808184452826,-300.0273154924096,28,0.13179347826086957,3.67,0.79,4,4,-0.0011105459478130686,0.9398858472704887,0.8879863396286964,6.81534813566087e-05,0.0,0.0,0.0,4,9.966554392843628e-05,9.966554392843628e-05,1.0,in,l2sq,499.0555374622345
2026-05-19T14:37:19.136607,20,22882,-216.6947818526218,-216.6947818526218,27,0.13478260869565217,3.745,0.81,3,4,-0.0015779227047461042,0.9405220001935959,0.8866827934980392,0.00025068552313312065,0.0,0.0,0.0,4,9.965059434602333e-05,9.965059434602333e-05,1.0,in,l2sq,524.7755708694458
2026-05-19T14:37:41.028514,21,23944,-216.46674562022596,-216.58076373642388,34,0.13831521739130434,3.75,0.81,4,4,-0.0015515297855017707,0.9235764443874359,0.8919871971011162,-3.290926720184162e-05,0.0,0.0,0.0,4,9.96356472551244e-05,9.96356472551244e-05,1.0,in,l2sq,546.6674659252167
2026-05-19T14:38:06.711293,22,24992,-254.9869115154003,-254.9869115154003,32,0.14184782608695654,3.735,0.75,3,4,-0.0016473628886160552,0.9913702085614204,0.8971584960818291,0.0014449183117903773,0.0,0.0,0.0,4,9.961572112202985e-05,9.961572112202985e-05,1.0,in,l2sq,572.3502717018127
2026-05-19T14:38:28.848262,23,26052,-267.02859692876564,-261.00775422208295,21,0.1421195652173913,3.665,0.68,4,4,-0.0008531496117939463,0.90965236723423,0.9019504189491272,0.0001789656887012797,0.0,0.0,0.0,4,9.960077901291331e-05,9.960077901291331e-05,1.0,in,l2sq,594.4871718883514
2026-05-19T14:38:55.967649,24,27157,-271.2202024275939,-271.2202024275939,26,0.14293478260869566,3.52,0.62,3,4,-0.001383496859489186,0.9242505580186844,0.8907063975930214,0.000605542310404425,0.0,0.0,0.0,4,9.958583939406527e-05,9.958583939406527e-05,1.0,in,l2sq,621.6066389083862
2026-05-19T14:39:19.144088,25,28256,-309.5310595629513,-290.3756309952726,15,0.14048913043478262,3.47,0.61,4,4,-0.0012993380798432819,0.9244093671441078,0.876375712454319,0.000408895246789609,0.0,0.0,0.0,4,9.956592322204485e-05,9.956592322204485e-05,1.0,in,l2sq,644.7830107212067
2026-05-19T14:39:45.494272,26,29331,-286.069735340662,-286.069735340662,25,0.13967391304347826,3.39,0.55,3,4,-0.002143088780576341,1.0254963040351868,0.8779218941926956,0.0003502248855511425,0.0,0.0,0.0,4,9.95509885824888e-05,9.95509885824888e-05,1.0,in,l2sq,671.1332566738129
2026-05-19T14:40:08.504621,27,30430,-268.52310117063485,-277.2964182556484,18,0.13695652173913042,3.525,0.56,4,4,-0.001150689850874187,0.9904649630188942,0.8583360910415649,-0.00037588494096781055,0.0,0.0,0.0,4,9.953605643195637e-05,9.953605643195637e-05,1.0,in,l2sq,694.1435902118683
2026-05-19T14:40:41.566651,28,31493,-253.4738928077768,-253.4738928077768,25,0.13641304347826086,3.59,0.59,5,5,-0.002192288295191247,0.9234443455934525,0.85466618090868,0.0007170092820160678,0.0,0.0,0.0,4,9.951615021603055e-05,9.951615021603055e-05,1.0,in,l2sq,727.2053759098053
2026-05-19T14:41:04.030521,29,32583,-230.53812417731456,-242.00600849254567,28,0.13695652173913042,3.655,0.64,5,5,-0.0007654819833988746,0.951997309923172,0.8698173612356186,-0.0012048728516674823,0.0,0.0,0.0,4,9.950122304230097e-05,9.950122304230097e-05,1.0,in,l2sq,749.6694750785828
2026-05-19T14:41:29.271775,30,33619,-199.10080649746476,-199.10080649746476,37,0.13940217391304346,3.67,0.66,3,5,-0.001482137702987607,0.8858869969844818,0.8500009477138519,-0.00013478090404531184,0.0,0.0,0.0,4,9.948629835635075e-05,9.948629835635075e-05,1.0,in,l2sq,774.910715341568
2026-05-19T14:41:52.428691,31,34727,-279.6652445998061,-239.38302554863543,22,0.1391304347826087,3.715,0.63,5,5,-0.0014506660707411245,0.8764200657606125,0.8255750611424446,0.0006937073318113024,0.0,0.0,0.0,4,9.946640209154246e-05,9.946640209154246e-05,1.0,in,l2sq,798.0667204856873
2026-05-19T14:42:19.128762,32,35821,-225.63631221891646,-225.63631221891646,29,0.13967391304347826,4.05,0.7,3,5,-0.0014993488643084696,0.9854899346828461,0.7941824793815613,-0.0002183957454690022,0.0,0.0,0.0,4,9.945148237990717e-05,9.945148237990717e-05,1.0,in,l2sq,824.76775431633
2026-05-19T14:42:42.178920,33,36919,-291.8366684229863,-258.73649032095136,28,0.14130434782608695,4.04,0.7,5,5,-0.0008421290904152279,0.9312358498573303,0.7895866557955742,-0.0009920115546265158,0.0,0.0,0.0,4,9.943656515480761e-05,9.943656515480761e-05,1.0,in,l2sq,847.8178651332855
2026-05-19T14:43:09.122755,34,38024,-305.44186394962975,-305.44186394962975,22,0.14048913043478262,3.96,0.64,3,5,-0.0015168905440076652,0.9269552528858185,0.7990451082587242,-0.0005870972184311568,0.0,0.0,0.0,4,9.94166788361423e-05,9.94166788361423e-05,1.0,in,l2sq,874.7617275714874
2026-05-19T14:43:30.506888,35,39047,-237.96017768281337,-271.70102081622156,32,0.14429347826086958,3.945,0.65,5,5,-0.0013712704341742321,0.9612830653786659,0.8033025041222572,0.0004612000957422077,0.0,0.0,0.0,4,9.939679649454187e-05,9.939679649454187e-05,1.0,in,l2sq,896.145845413208
2026-05-19T14:43:56.892866,36,40125,-197.85492739857602,-197.85492739857602,37,0.14402173913043478,3.99,0.57,2,5,-0.0011051908310036884,0.9986518770456314,0.7601155638694763,-0.00031203864709823496,0.0,0.0,0.0,4,9.938188722357209e-05,9.938188722357209e-05,1.0,in,l2sq,922.5318577289581
2026-05-19T14:44:19.580784,37,41211,-248.311122181663,-223.0830247901195,30,0.1470108695652174,4.005,0.58,5,5,-0.0012582972216478305,0.9138355553150177,0.7899941131472588,-0.0003185285469953676,0.0,0.0,0.0,4,9.9366980437398e-05,9.9366980437398e-05,1.0,in,l2sq,945.2197279930115
2026-05-19T14:44:46.612457,38,42317,-239.8255039182566,-239.8255039182566,31,0.14864130434782608,4.115,0.67,2,5,-0.0010412827548861858,0.8810685649514198,0.7856627181172371,0.0013109553794493078,0.0,0.0,0.0,4,9.934710803498032e-05,9.934710803498032e-05,1.0,in,l2sq,972.2514350414276
2026-05-19T14:45:09.550312,39,43415,-240.7648265051671,-240.29516521171183,32,0.14972826086956523,4.135,0.59,5,5,-0.0026565268752165583,0.957676351070404,0.7762715369462967,0.0004649219212296968,0.0,0.0,0.0,4,9.933220621715527e-05,9.933220621715527e-05,1.0,in,l2sq,995.1892297267914
2026-05-19T14:45:35.238891,40,44445,-257.55966255562964,-257.55966255562964,25,0.14918478260869567,4.23,0.66,2,5,-0.0010299187080817784,1.0047040656208992,0.7903237864375114,0.00048553465858274664,0.0,0.0,0.0,4,9.931730688288373e-05,9.931730688288373e-05,1.0,in,l2sq,1020.8778710365295
2026-05-19T14:45:57.892695,41,45528,-219.08249671789648,-238.32107963676305,34,0.14918478260869567,4.235,0.62,5,5,-0.0013502392990631107,0.9501649960875511,0.7946763336658478,0.00016737470577936515,0.0,0.0,0.0,4,9.929744441468022e-05,9.929744441468022e-05,1.0,in,l2sq,1043.5316655635834
2026-05-19T14:46:24.035075,42,46594,-252.87353522674343,-252.87353522674343,27,0.14782608695652175,4.16,0.68,3,5,-0.0016779110184870771,1.0198841989040375,0.7917226403951645,-0.00038648339104838114,0.0,0.0,0.0,4,9.928255004627405e-05,9.928255004627405e-05,1.0,in,l2sq,1069.6740398406982
2026-05-19T14:46:46.327678,43,47662,-194.40316901262753,-223.63835211968546,37,0.15217391304347827,4.225,0.67,5,5,-0.0021533474620809567,0.9588967189192772,0.7617459818720818,0.0010049338431144944,0.0,0.0,0.0,4,9.926765816017986e-05,9.926765816017986e-05,1.0,in,l2sq,1091.9666287899017
2026-05-19T14:47:11.172711,44,48666,-222.49426412535777,-222.49426412535777,41,0.15625,3.905,0.57,4,5,-0.0018823721140506233,0.8695628494024277,0.7508822977542877,0.00025047948020076594,0.0,0.0,0.0,4,9.924780562122441e-05,9.924780562122441e-05,1.0,in,l2sq,1116.811707496643
2026-05-19T14:47:33.575056,45,49726,-208.20673812087864,-215.3505011231182,34,0.16141304347826088,3.72,0.52,5,5,-0.002521330170566216,0.9853795170783997,0.7257666140794754,-0.0007997720589628665,0.0,0.0,0.0,4,9.923291869851315e-05,9.923291869851315e-05,1.0,in,l2sq,1139.2139661312103
2026-05-19T14:47:59.775749,46,50796,-226.99852542719003,-226.99852542719003,31,0.16304347826086957,3.705,0.53,4,5,-0.0024113786319502895,0.9374505281448364,0.7620321065187454,-0.0006655006184701218,0.0007812500116415322,0.0,0.0,4,9.921803425687298e-05,9.921803425687298e-05,1.0,in,l2sq,1165.4147381782532
2026-05-19T14:48:23.013126,47,51908,-239.8624073217405,-233.43046637446525,26,0.16521739130434782,3.73,0.5,5,5,-0.002106334477139163,0.8795610219240189,0.8193847760558128,0.0019230648431403097,0.0027343750989530236,0.0,0.0,4,9.919819164220195e-05,9.919819164220195e-05,1.0,in,l2sq,1188.6520736217499
2026-05-19T14:48:56.587971,48,52965,-225.98587170959019,-225.98587170959019,18,0.16331521739130433,3.745,0.44,5,5,-0.0016621954884613044,0.9447929561138153,0.7961030155420303,0.0013633052920339894,0.0,0.0,0.0,4,9.918331216146351e-05,9.918331216146351e-05,1.0,in,l2sq,1222.2267370224
2026-05-19T14:49:18.653643,49,54017,-200.38232408140954,-213.18409789549986,25,0.1625,3.855,0.48,5,5,-0.0021916267181951166,0.9090542420744896,0.8451426103711128,-6.439633489202512e-06,0.0,0.0,0.0,4,9.916843516055585e-05,9.916843516055585e-05,1.0,in,l2sq,1244.292610168457
2026-05-19T14:49:47.220351,50,55136,-283.9854135331381,-283.9854135331381,17,0.15706521739130436,3.715,0.5,3,5,-0.0026237395446515044,0.8382455483078957,0.8707776367664337,0.0002040768195001874,0.0,0.0,0.0,4,9.91486024652081e-05,9.91486024652081e-05,1.0,in,l2sq,1272.8592813014984
2026-05-19T14:50:10.340081,51,56240,-209.69755324870746,-246.8414833909228,28,0.15869565217391304,3.835,0.6,5,5,-0.001334668378694781,0.9727073758840561,0.8532895445823669,-0.0008674400130985749,0.0,0.0,0.0,4,9.913373042272221e-05,9.913373042272221e-05,1.0,in,l2sq,1295.9790551662445
2026-05-19T14:50:36.087210,52,57271,-242.7490966329837,-242.7490966329837,27,0.15815217391304348,3.875,0.65,1,5,-0.001509722319315232,0.9980028942227364,0.8517004698514938,-0.00018303679030398645,0.0,0.0,0.0,4,9.911886085882746e-05,9.911886085882746e-05,1.0,in,l2sq,1321.7261872291565
2026-05-19T14:51:00.165437,53,58421,-265.33013892288034,-254.03961777793202,27,0.1578804347826087,3.865,0.67,5,5,-0.0025026986535522378,0.9046958014369011,0.8529916480183601,0.0005924215700360835,0.0,0.0,0.0,4,9.90990380778443e-05,9.90990380778443e-05,1.0,in,l2sq,1345.8043277263641
2026-05-19T14:51:26.921148,54,59514,-172.81668921057073,-172.81668921057073,30,0.16005434782608696,3.855,0.64,2,5,-0.001090250923880376,0.9812582731246948,0.878672644495964,0.0003912991568995605,0.0,0.0,0.0,4,9.908417346989261e-05,9.908417346989261e-05,1.0,in,l2sq,1372.5601332187653
2026-05-19T14:51:49.520396,55,60596,-250.86548660961424,-211.84108791009248,19,0.1565217391304348,3.83,0.68,5,5,-0.002257416115025973,1.0031622424721718,0.888467900454998,-6.236260123840265e-05,0.0,0.0,0.0,4,9.906931133929299e-05,9.906931133929299e-05,1.0,in,l2sq,1395.1593134403229
2026-05-19T14:52:15.015018,56,61627,-188.62025104691983,-188.62025104691983,30,0.1546195652173913,3.79,0.67,1,5,-0.0024670895509189272,0.9385830461978912,0.8757226094603539,9.061463060872077e-07,0.002148437502910383,0.0,0.0,4,9.904949846771825e-05,9.904949846771825e-05,1.0,in,l2sq,1420.6539988517761
2026-05-19T14:52:36.398251,57,62652,-150.08943716915428,-169.35484410803707,28,0.15407608695652175,3.735,0.71,5,5,-0.002087898642639585,0.9648341983556747,0.9215313792228699,-0.0004524361313087838,0.0015625000232830644,0.0,0.0,4,9.903464129058422e-05,9.903464129058422e-05,1.0,in,l2sq,1442.0372297763824
2026-05-19T14:53:03.233738,58,63744,-197.0558753469409,-197.0558753469409,22,0.1516304347826087,3.71,0.63,0,5,-0.002953680236532835,0.9800398796796799,0.920546144247055,0.00030418468450074676,0.0011718750465661287,0.0,0.0,4,9.901978658956384e-05,9.901978658956384e-05,1.0,in,l2sq,1468.8727006912231
2026-05-19T14:53:25.580124,59,64812,-182.5647263110316,-189.81030082898624,26,0.15,3.61,0.61,5,5,-0.0018219791520096007,0.9072563052177429,0.9071883261203766,0.0019187266720109564,0.0013671875494765118,0.0,0.0,4,9.899998362244381e-05,9.899998362244381e-05,1.0,in,l2sq,1491.2191016674042
2026-05-19T14:53:53.091275,60,65935,-200.5978490304254,-200.5978490304254,27,0.15054347826086956,3.585,0.64,0,5,-0.0019940719554142894,0.8807194977998734,0.9272209256887436,0.00036541281906465883,0.0033203125931322575,0.0,0.0,4,9.898018461571916e-05,9.898018461571916e-05,1.0,in,l2sq,1518.7302377223969
2026-05-19T14:54:14.713581,61,66971,-153.79644439403364,-177.19714671222954,31,0.14972826086956523,3.62,0.67,5,5,-0.0014613658102462512,0.9338894188404083,0.8740232884883881,0.0013445691118249559,0.0,0.0,0.0,4,9.896533783548964e-05,9.896533783548964e-05,1.0,in,l2sq,1540.3525290489197
2026-05-19T14:54:39.622135,62,68015,-204.3332224543813,-204.3332224543813,25,0.14918478260869567,3.52,0.63,0,5,-0.0024626398822874263,0.9646860957145691,0.8975294008851051,0.00030156630300554044,0.0,0.0,0.0,4,9.8950493529641e-05,9.8950493529641e-05,1.0,in,l2sq,1565.2611310482025
2026-05-19T14:55:01.897316,63,69131,-165.74947986691402,-185.04135116064765,25,0.14592391304347826,3.545,0.66,5,5,-0.003191019869700662,0.9657697379589081,0.8915055692195892,0.0010111933710504548,0.002539062639698386,0.0,0.0,4,9.893070442044003e-05,9.893070442044003e-05,1.0,in,l2sq,1587.5362632274628
2026-05-19T14:55:26.819175,64,70194,-99.689215709002,-99.689215709002,32,0.14347826086956522,3.61,0.63,2,5,-0.0014999240898760924,0.95317642390728,0.8489044904708862,0.0005722623900510371,0.0,0.0,0.0,4,9.89158650621161e-05,9.89158650621161e-05,1.0,in,l2sq,1612.4581735134125
2026-05-19T14:55:49.025745,65,71297,-138.42299998827886,-119.05610784864044,24,0.14076086956521738,3.6,0.59,5,5,-0.003146289280266501,0.943405844271183,0.8745447173714638,-0.0014159912978357059,0.001953125,0.0,0.0,4,9.89010281769361e-05,9.89010281769361e-05,1.0,in,l2sq,1634.664716720581
2026-05-19T14:56:13.644860,66,72347,-149.6391889835874,-149.6391889835874,26,0.13940217391304346,3.695,0.59,3,5,-0.002397155793187278,0.9147330224514008,0.8810858950018883,0.001315643831912905,0.004882812689174898,0.0,0.0,4,9.8881248960311e-05,9.8881248960311e-05,1.0,in,l2sq,1659.2838642597198
2026-05-19T14:56:34.548637,67,73402,-119.37365246799538,-134.50642072579137,39,0.14293478260869566,3.685,0.59,5,5,-0.002118238859111443,0.9860254973173141,0.8799530118703842,-0.00026091239487868734,0.0,0.0,0.0,4,9.886641702018244e-05,9.886641702018244e-05,1.0,in,l2sq,1680.1876254081726
2026-05-19T14:56:59.490720,68,74468,-131.2082514704204,-131.2082514704204,31,0.14646739130434783,3.595,0.54,3,5,-0.0015806433307261614,0.9447095766663551,0.8514262959361076,-0.0003601960018386253,0.0,0.0,0.0,4,9.885158755196149e-05,9.885158755196149e-05,1.0,in,l2sq,1705.1297056674957
2026-05-19T14:57:20.232770,69,75513,-155.60434500770876,-143.4062982390646,22,0.14565217391304347,3.72,0.63,5,5,-0.0028378129412885977,0.9506606757640839,0.8586746156215668,-0.0011281467974185722,0.0027343749534338713,0.0,0.0,4,9.883676006097003e-05,9.883676006097003e-05,1.0,in,l2sq,1725.8717639446259
2026-05-19T14:57:44.954475,70,76567,-99.36455922405015,-99.36455922405015,30,0.14918478260869567,3.75,0.63,2,5,-0.0027878574896022523,0.9556484147906303,0.8464783504605293,0.001754555080515273,0.001953125072759576,0.0,0.0,4,9.882193504114469e-05,9.882193504114469e-05,1.0,in,l2sq,1750.5934400558472
2026-05-19T14:58:06.411719,71,77647,-135.13577047682438,-117.25016485043727,31,0.15,3.85,0.71,5,5,-0.002073264902719585,0.9748819172382355,0.8262204676866531,-0.0009881918562314324,0.001757812569849193,0.0,0.0,4,9.880217164235581e-05,9.880217164235581e-05,1.0,in,l2sq,1772.0506806373596
2026-05-19T14:58:31.865470,72,78735,-176.17995103330475,-176.17995103330475,16,0.1470108695652174,3.855,0.78,0,5,-0.0018962180671222573,0.8976789638400078,0.8264354169368744,0.0004048867445817228,0.0,0.0,0.0,4,9.878241219604905e-05,9.878241219604905e-05,1.0,in,l2sq,1797.5044574737549
2026-05-19T14:58:53.071921,73,79806,-115.8500463802498,-146.01499870677728,25,0.14646739130434783,3.935,0.83,5,5,-0.0012058163265464827,0.9932770282030106,0.7847404628992081,0.002700351979001425,0.0,0.0,0.0,4,9.876759508118803e-05,9.876759508118803e-05,1.0,in,l2sq,1818.7108397483826
2026-05-19T14:59:19.223007,74,80928,-150.14183704163543,-150.14183704163543,28,0.14592391304347826,4.025,0.88,2,5,-0.002407553110970073,0.9164660349488258,0.7980789542198181,0.0008014761697268113,0.0,0.0,0.0,4,9.875278043576383e-05,9.875278043576383e-05,1.0,in,l2sq,1844.8619985580444
2026-05-19T14:59:40.342957,75,81989,-133.72430313622527,-141.93307008893035,29,0.14864130434782608,4.055,0.85,5,5,-0.002903165781026451,0.8737098723649979,0.8097120523452759,0.0005008819098293316,0.006054687502910383,0.0,0.0,4,9.87330308672045e-05,9.87330308672045e-05,1.0,in,l2sq,1865.9819240570068
2026-05-19T15:00:05.967620,76,83088,-133.29920972794523,-133.29920972794523,32,0.14918478260869567,4.12,0.9,2,5,-0.002009527402697109,0.9887497127056122,0.7974255979061127,-0.0007444021641276749,0.0,0.0,0.0,4,9.871822115941934e-05,9.871822115941934e-05,1.0,in,l2sq,1891.6065876483917
2026-05-19T15:00:27.464187,77,84168,-172.28309066867948,-152.79115019831235,25,0.1483695652173913,4.085,0.87,5,5,-0.004297272625262805,0.9971158280968666,0.7952613979578018,0.0029633071244461323,0.007812499912688509,0.0,0.0,4,9.870341391983654e-05,9.870341391983654e-05,1.0,in,l2sq,1913.1031663417816
2026-05-19T15:00:53.035464,78,85265,-158.75223771077876,-158.75223771077876,31,0.15081521739130435,3.955,0.82,2,5,-0.003601261356379837,1.0032047182321548,0.7811877205967903,0.0016565248410188582,0.0173828133411007,0.0,0.0,4,9.868367422408671e-05,9.868367422408671e-05,1.0,in,l2sq,1938.6744418144226
2026-05-19T15:01:14.175247,79,86318,-152.44967570938508,-155.6009567100819,23,0.15,4.005,0.78,5,5,-0.003342992125544786,0.965260773897171,0.7299444526433945,0.0016269591655146964,0.014062500384170562,0.0,0.0,4,9.866887191967462e-05,9.866887191967462e-05,1.0,in,l2sq,1959.8141679763794
2026-05-19T15:01:40.709957,80,87397,-169.64568294342953,-169.64568294342953,26,0.14972826086956523,3.87,0.65,0,5,-0.002578318344603814,0.9639114141464233,0.7346587553620338,0.0017726892125211058,0.0007812500116415322,0.0,0.0,4,9.865407208223103e-05,9.865407208223103e-05,1.0,in,l2sq,1986.3489418029785
2026-05-19T15:02:03.519967,81,88488,-135.28875938634854,-152.46722116488905,31,0.14972826086956523,3.715,0.56,5,5,-0.0017498508295830106,0.9369704946875572,0.719245083630085,0.001460340085031936,0.0023437500931322575,0.0,0.0,4,9.863434225435531e-05,9.863434225435531e-05,1.0,in,l2sq,2009.1588838100433
2026-05-19T15:02:30.303684,82,89580,-196.77173356425504,-196.77173356425504,19,0.1480978260869565,3.745,0.53,0,5,-0.0017323921449133861,0.9010487049818039,0.7448766976594925,0.0007990592828718834,0.0,0.0,0.0,4,9.861954734961534e-05,9.861954734961534e-05,1.0,in,l2sq,2035.9426679611206
2026-05-19T15:02:52.476474,83,90643,-144.95868789559535,-170.8652107299252,28,0.14891304347826087,3.83,0.52,5,5,-0.003403218201128766,0.9501922205090523,0.7096326798200607,0.0007017725623882365,0.008203124889405444,0.0,0.0,4,9.860475491061063e-05,9.860475491061063e-05,1.0,in,l2sq,2058.1154313087463
2026-05-19T15:03:20.783868,84,91809,-169.75706940171077,-169.75706940171077,26,0.14728260869565218,3.815,0.54,2,5,-0.0037097705091582167,0.9666806906461716,0.7426779791712761,0.0013193886203225758,0.010937499959254637,0.0,0.0,4,9.858503494567607e-05,9.858503494567607e-05,1.0,in,l2sq,2086.4228308200836
2026-05-19T15:03:43.784545,85,92912,-126.28580333760257,-148.02143636965667,30,0.14891304347826087,3.97,0.62,5,5,-0.0024243373540229207,0.945209413766861,0.7608729526400566,0.0014872318351990543,0.00410156260477379,0.0,0.0,4,9.85653189245373e-05,9.85653189245373e-05,1.0,in,l2sq,2109.423513650894
2026-05-19T15:04:09.658478,86,93968,-86.13672369201207,-86.13672369201207,38,0.15217391304347827,4.075,0.68,4,5,-0.0036558554158545586,0.9270152300596237,0.7950380146503448,0.002609141502762216,0.012500000186264515,0.0,0.0,4,9.855053437312424e-05,9.855053437312424e-05,1.0,in,l2sq,2135.2974157333374
2026-05-19T15:04:32.641518,87,95068,-152.03151492445346,-119.08411930823277,21,0.14728260869565218,4.09,0.78,5,5,-0.0031119898398174195,1.0033360570669174,0.7817614302039146,0.002776100847404449,0.007617187919095159,0.0,0.0,4,9.853575228572095e-05,9.853575228572095e-05,1.0,in,l2sq,2158.280448913574
2026-05-19T15:04:57.210863,88,96056,-111.2337112424469,-111.2337112424469,24,0.1453804347826087,4.07,0.79,3,5,-0.002654486664687289,0.934872530400753,0.7873304858803749,0.001140448814430775,0.0007812500116415322,0.0,0.0,4,9.851604612062134e-05,9.851604612062134e-05,1.0,in,l2sq,2182.8498508930206
2026-05-19T15:05:19.148999,89,97110,-131.48063672775285,-121.35717398509988,28,0.1470108695652174,3.98,0.76,5,5,-0.0017627120425459109,0.935910165309906,0.7431721240282059,0.0007363051940046661,0.0,0.0,0.0,4,9.850126896000567e-05,9.850126896000567e-05,1.0,in,l2sq,2204.7879390716553
2026-05-19T15:05:45.268806,90,98173,-114.35082318859821,-114.35082318859821,37,0.14891304347826087,3.93,0.74,2,5,-0.002291222021813144,0.9469601288437843,0.7563106417655945,-4.216471279507028e-05,0.0,0.0,0.0,4,9.848649426216802e-05,9.848649426216802e-05,1.0,in,l2sq,2230.907804965973
2026-05-19T15:06:06.876510,91,99206,-82.1835892333405,-98.26720621096936,38,0.15081521739130435,3.84,0.58,5,5,-0.0038789263926445328,0.899430088698864,0.7602459341287613,0.001246626625197672,0.0027343749534338713,0.0,0.0,4,9.846679794818054e-05,9.846679794818054e-05,1.0,in,l2sq,2252.5154769420624
2026-05-19T15:06:34.438147,92,100332,-78.15945202596866,-78.15945202596866,32,0.15516304347826088,3.8,0.48,4,5,-0.003724020742811307,0.9933809638023376,0.7554363757371902,0.0008045723690884299,0.008984374930150807,0.0,0.0,4,9.845202817466762e-05,9.845202817466762e-05,1.0,in,l2sq,2280.077147960663
2026-05-19T15:06:57.524638,93,101437,-95.06516023993669,-86.61230613295268,30,0.1565217391304348,3.79,0.46,5,5,-0.0027722954750062367,0.9400584399700165,0.7215586975216866,0.002118149343004916,0.0064453124068677425,0.0,0.0,4,9.843726086270156e-05,9.843726086270156e-05,1.0,in,l2sq,2303.1636180877686
2026-05-19T15:07:31.331643,94,102507,-76.93410937144067,-76.93410937144067,34,0.15815217391304348,3.94,0.36,6,6,-0.0016866371254764534,0.9371499270200729,0.7197091355919838,0.00039949842612261276,0.0,0.0,0.0,4,9.841757439490163e-05,9.841757439490163e-05,1.0,in,l2sq,2336.9703662395477
2026-05-19T15:07:54.357482,95,103670,-136.2241572399224,-106.57913330568152,30,0.15842391304347825,4.175,0.4,6,6,-0.001874887684243709,0.9012072682380676,0.7242137938737869,0.0010415012271550866,0.0,0.0,0.0,4,9.840281200479864e-05,9.840281200479864e-05,1.0,in,l2sq,2359.996451854706
2026-05-19T15:08:19.288624,96,104751,-60.67433651150565,-60.67433651150565,42,0.1611413043478261,4.245,0.44,4,6,-0.002810280324774872,0.9579290449619293,0.7159617394208908,0.0006520155806356426,0.0011718750465661287,0.0,0.0,4,9.838805207501198e-05,9.838805207501198e-05,1.0,in,l2sq,2384.927597761154
2026-05-19T15:08:40.768007,97,105838,-100.64441366035577,-80.6593750859307,26,0.16141304347826088,4.28,0.44,6,6,-0.004395438876235946,0.9557557329535484,0.7455182150006294,0.0030769089718888087,0.0205078125,0.0,0.0,4,9.83683754484775e-05,9.83683754484775e-05,1.0,in,l2sq,2406.4069838523865
2026-05-19T15:09:13.103259,98,106930,-59.60337665139373,-59.60337665139373,36,0.16277173913043477,4.345,0.46,6,6,-0.0021643609004966535,0.9450194537639618,0.7214060947299004,0.00041741417880984677,0.0037109375989530236,0.0,0.0,4,9.834870275707157e-05,9.834870275707157e-05,1.0,in,l2sq,2438.7421972751617
2026-05-19T15:09:33.013634,99,107924,-67.77446116907598,-63.688918910234854,31,0.16494565217391305,4.3,0.49,6,6,-0.0017386883351719895,0.9514697790145874,0.7236912548542023,0.0006276678628637233,0.0,0.0,0.0,4,9.833395069754206e-05,9.833395069754206e-05,1.0,in,l2sq,2458.6526021957397
2026-05-19T15:10:07.250203,100,108992,-116.22930098875372,-116.22930098875372,34,0.1671195652173913,4.33,0.6,6,6,-0.0037997997278579887,0.9555607736110687,0.6989733502268791,0.0015867098391026957,0.006250000049476512,0.0,0.0,4,9.831920109660717e-05,9.831920109660717e-05,1.0,in,l2sq,2492.8891756534576
2026-05-19T15:10:28.583172,101,110076,-94.40337473941759,-105.31633786408565,34,0.16793478260869565,4.24,0.63,6,6,-0.0035371453035623057,1.0031279921531677,0.7149115055799484,0.002625167083169788,0.01757812569849193,0.0,0.0,4,9.830445346225298e-05,9.830445346225298e-05,1.0,in,l2sq,2514.2221212387085
2026-05-19T15:11:01.725143,102,111191,-66.49062270545241,-66.49062270545241,36,0.17255434782608695,4.315,0.67,8,8,-0.0021486677214852534,0.9837172999978065,0.6957244873046875,0.0005651250288110365,0.0013671875349245965,0.0,0.0,4,9.82897082857559e-05,9.82897082857559e-05,1.0,in,l2sq,2547.3640747070312
2026-05-19T15:11:22.008369,103,112220,-64.94476266932269,-65.71769268738754,35,0.17445652173913043,4.355,0.7,8,8,-0.002737429048283946,0.936299704015255,0.6860546916723251,0.0014840687445029973,0.001953125,0.0,0.0,4,9.827005132699583e-05,9.827005132699583e-05,1.0,in,l2sq,2567.6473491191864
2026-05-19T15:11:53.366456,104,113269,-101.06296007152393,-101.06296007152393,38,0.17771739130434783,4.305,0.69,9,9,-0.004327306302729816,0.9362997561693192,0.6855841279029846,0.0035193471469028292,0.012500000186264515,0.0,0.0,4,9.82553110649842e-05,9.82553110649842e-05,1.0,in,l2sq,2599.0051879882812
2026-05-19T15:12:14.062605,105,114317,-35.61488099611023,-68.33892053381709,41,0.18070652173913043,4.335,0.62,9,9,-0.0020467974827625968,0.9529711976647377,0.6444950550794601,0.0006542841809277777,0.0017578125261934474,0.0,0.0,4,9.824057325960101e-05,9.824057325960101e-05,1.0,in,l2sq,2619.701549768448
2026-05-19T15:12:37.432906,106,115322,4.4168013045949275,4.4168013045949275,43,0.18206521739130435,4.34,0.58,7,9,-0.003489443741273246,0.9785707369446754,0.6383692547678947,0.00023625494504814215,0.005078125002910383,0.0,0.0,4,9.822092612735484e-05,9.822092612735484e-05,1.0,in,l2sq,2643.071901321411
2026-05-19T15:12:58.673596,107,116391,-118.42035207771052,-57.001775386557796,32,0.18505434782608696,4.225,0.49,9,9,-0.0005893707406356974,1.015495926141739,0.6179607808589935,0.00016310272112604607,0.0,0.0,0.0,4,9.820619323400032e-05,9.820619323400032e-05,1.0,in,l2sq,2664.3125376701355
2026-05-19T15:13:23.566040,108,117470,-78.5344343448561,-78.5344343448561,37,0.18858695652173912,4.4,0.46,7,9,-0.0020716019083919512,0.9059085622429848,0.6266938596963882,0.000869852143296157,0.0,0.0,0.0,4,9.819146279604619e-05,9.819146279604619e-05,1.0,in,l2sq,2689.2050421237946
2026-05-19T15:13:44.995064,109,118515,-68.87945692174073,-73.7069456332984,45,0.19320652173913044,4.55,0.46,9,9,-0.002969078920432383,0.9546916782855988,0.6066821664571762,0.0004715385697636465,0.0013671874767169356,0.0,0.0,4,9.817182548540161e-05,9.817182548540161e-05,1.0,in,l2sq,2710.6339774131775
2026-05-19T15:14:18.570394,110,119608,-15.784963824079906,-15.784963824079906,44,0.19510869565217392,4.685,0.49,10,10,-0.002169889988726914,0.9131416231393814,0.6278339624404907,-1.819206227077208e-06,0.0019531250291038305,0.0,0.0,4,9.815709995702064e-05,9.815709995702064e-05,1.0,in,l2sq,2744.2091431617737
2026-05-19T15:14:40.775160,111,120692,-30.87219086953583,-23.32857734680787,32,0.1934782608695652,4.885,0.48,10,10,-0.0020504054133199112,0.9685238003730774,0.6040778756141663,0.0001222186444465867,0.0011718750465661287,0.0,0.0,4,9.814237688281258e-05,9.814237688281258e-05,1.0,in,l2sq,2766.414059638977
2026-05-19T15:15:06.267295,112,121772,-62.86007651331623,-62.86007651331623,38,0.19510869565217392,5.18,0.58,9,10,-0.002280274068471061,0.9482002258300781,0.5834325030446053,0.0011644634412732724,0.00019531250291038305,0.0,0.0,4,9.81227493888598e-05,9.81227493888598e-05,1.0,in,l2sq,2791.906293153763
2026-05-19T15:15:27.141318,113,122798,-21.207876425097183,-42.033976469206706,39,0.19755434782608697,5.13,0.59,10,10,-0.002018946394673593,0.9321413189172745,0.5736472904682159,0.0005020548886022769,0.0003906250058207661,0.0,0.0,4,9.81080312217706e-05,9.81080312217706e-05,1.0,in,l2sq,2812.780227661133
2026-05-19T15:16:00.137777,114,123871,-14.047336571241539,-14.047336571241539,42,0.19972826086956522,5.23,0.52,11,11,-0.00247925225121437,0.9541457891464233,0.5471526980400085,0.0006656373829173057,0.0017578125116415322,0.0,0.0,4,9.80933155076275e-05,9.80933155076275e-05,1.0,in,l2sq,2845.7765650749207
2026-05-19T15:16:22.237074,115,124951,-28.500325621251275,-21.273831096246408,44,0.20353260869565218,5.295,0.49,11,11,-0.002164030861604438,0.9457307606935501,0.5495981425046921,0.0015634414452506407,0.0037109375989530236,0.0,0.0,4,9.807369782545913e-05,9.807369782545913e-05,1.0,in,l2sq,2867.876010656357
2026-05-19T15:16:48.959493,116,126084,-52.394076438095766,-52.394076438095766,36,0.20190217391304346,5.185,0.46,9,11,-0.0019427620216447283,0.9320532158017159,0.593927688896656,0.0010679013017579342,0.0,0.0,0.0,4,9.805408406663101e-05,9.805408406663101e-05,1.0,in,l2sq,2894.5984704494476
2026-05-19T15:17:11.742365,117,127200,-6.542233078451188,-29.468154758273478,40,0.20570652173913043,5.1,0.34,11,11,-0.002692289708647877,0.9374226480722427,0.5804000943899155,0.00025366786067024943,0.0015625000232830644,0.0,0.0,4,9.803937619916848e-05,9.803937619916848e-05,1.0,in,l2sq,2917.3813388347626
2026-05-19T15:17:43.579585,118,128223,-10.929169277649162,-10.929169277649162,48,0.20896739130434783,4.97,0.32,11,11,-0.0021329291485017166,0.9355548173189163,0.5425219386816025,0.001667506374724348,0.0007812500261934474,0.0,0.0,4,9.802467078293549e-05,9.802467078293549e-05,1.0,in,l2sq,2949.218314886093
2026-05-19T15:18:05.387152,119,129299,-61.11179539200315,-36.020482334826156,35,0.21005434782608695,4.905,0.33,11,11,-0.004392424358957203,0.960330031812191,0.5614246129989624,5.6705189854289184e-05,0.00976562533469405,0.0,0.0,4,9.800506682902561e-05,9.800506682902561e-05,1.0,in,l2sq,2971.026138305664
2026-05-19T15:18:28.595557,120,130319,39.668451108305796,39.668451108305796,59,0.21684782608695652,4.795,0.3,10,11,-0.0024810218310449272,0.988792210817337,0.4784911498427391,0.00018427549493932327,0.004296875151339918,0.0,0.0,4,9.799036631402618e-05,9.799036631402618e-05,1.0,in,l2sq,2994.234528541565
2026-05-19T15:18:49.624815,121,131392,-33.272926049877455,3.1977625292141703,41,0.21875,4.775,0.27,11,11,-0.0023434619739419182,0.9351576417684555,0.5144776478409767,0.0013464217989166694,0.0,0.0,0.0,4,9.797566824903091e-05,9.797566824903091e-05,1.0,in,l2sq,3015.263778924942
2026-05-19T15:19:20.260956,122,132429,-42.14445590211908,-42.14445590211908,44,0.22092391304347825,4.8,0.28,13,13,-0.0019175022898707539,0.9603710174560547,0.49851465225219727,0.0030162670216667964,0.0015625000232830644,0.0,0.0,4,9.796097214374498e-05,9.796097214374498e-05,1.0,in,l2sq,3045.899762868881
2026-05-19T15:19:42.897549,123,133539,-59.80488607934668,-50.974670990732875,40,0.22228260869565217,4.925,0.32,13,13,-0.0027750768291296968,0.9235513061285019,0.49515683576464653,0.001798241671713191,0.0025390624796273187,0.0,0.0,4,9.794627848772828e-05,9.794627848772828e-05,1.0,in,l2sq,3068.536469221115
2026-05-19T15:20:06.664359,124,134579,-29.061164347411054,-29.061164347411054,42,0.2233695652173913,4.795,0.35,9,13,-0.00492077714879996,0.9152618423104286,0.5180701166391373,0.0003463592285243011,0.01660156319849193,0.0,0.0,4,9.79266902114935e-05,9.79266902114935e-05,1.0,in,l2sq,3092.30335521698
2026-05-19T15:20:27.299335,125,135645,38.78275128732687,4.8607934699579065,47,0.225,4.87,0.5,13,13,-0.002378675388172269,1.0034814924001694,0.5477919727563858,0.0008375556368264425,0.0027343749534338713,0.0,0.0,4,9.791200145279076e-05,9.791200145279076e-05,1.0,in,l2sq,3112.9383170604706
2026-05-19T15:20:52.284129,126,136749,-29.055645006600543,-29.055645006600543,38,0.2236413043478261,4.855,0.48,10,13,-0.0034533918907981853,0.9757560789585114,0.5471451506018639,0.0027382458155443268,0.008398437523283064,0.0,0.0,4,9.789731514213285e-05,9.789731514213285e-05,1.0,in,l2sq,3137.92311668396
2026-05-19T15:21:12.886949,127,137798,16.815444656741942,-6.1201001749293,50,0.22853260869565217,4.75,0.47,13,13,-0.002110424661077581,0.9838740825653076,0.5378614515066147,0.0003181856320225093,0.0003906250058207661,0.0,0.0,4,9.787773665807757e-05,9.787773665807757e-05,1.0,in,l2sq,3158.5259251594543
2026-05-19T15:21:36.344909,128,138826,-53.9295529522456,-53.9295529522456,36,0.22826086956521738,4.765,0.47,9,13,-0.0023395993513986024,0.9115884453058243,0.5470565557479858,-0.00020660767477242992,0.001953125,0.0,0.0,4,9.786305524228544e-05,9.786305524228544e-05,1.0,in,l2sq,3181.983890771866
2026-05-19T15:21:57.030420,129,139866,-5.045956367539362,-29.48775465989248,53,0.23043478260869565,4.77,0.47,13,13,-0.0024565920466557145,0.916013166308403,0.5301475375890732,0.0006877572012854438,0.0037109374534338713,0.0,0.0,4,9.784837627331439e-05,9.784837627331439e-05,1.0,in,l2sq,3202.6693527698517
2026-05-19T15:22:22.459533,130,140923,-4.566002759368174,-4.566002759368174,48,0.23152173913043478,4.975,0.43,12,13,-0.0030332546913995895,0.9359307810664177,0.5263155102729797,0.0013488586973835343,0.0027343750261934474,0.0,0.0,4,9.782880757654349e-05,9.782880757654349e-05,1.0,in,l2sq,3228.0985271930695
2026-05-19T15:22:44.559197,131,141985,23.193943616155245,9.313970428393535,39,0.23342391304347826,5.065,0.48,13,13,-0.0018590875668451634,0.9041183888912201,0.4972606524825096,-0.0002988506465044366,0.0003906250058207661,0.0,0.0,4,9.781413349999126e-05,9.781413349999126e-05,1.0,in,l2sq,3250.19814991951
2026-05-19T15:23:23.856212,132,143021,-34.56029879373098,-34.56029879373098,40,0.23396739130434782,4.91,0.48,14,14,-0.005286169413011521,0.9094571620225906,0.49929626658558846,0.0017042994104372114,0.013476562686264515,0.0,0.0,4,9.779946186903694e-05,9.779946186903694e-05,1.0,in,l2sq,3289.494994878769
2026-05-19T15:23:45.686809,133,144066,39.23733649431111,2.3385188502900647,50,0.23695652173913043,4.87,0.51,14,14,-0.002900776859314516,0.9858501851558685,0.49486342817544937,0.001048931937475561,0.0126953125,0.0,0.0,4,9.777990295465775e-05,9.777990295465775e-05,1.0,in,l2sq,3311.325783252716
2026-05-19T15:24:11.589133,134,145149,1.0749313130258595,1.0749313130258595,40,0.23641304347826086,4.81,0.42,13,14,-0.0020767302543389654,0.9681510031223297,0.5026670396327972,-0.0008736862546356861,0.01015625020954758,0.0,0.0,4,9.776523621367653e-05,9.776523621367653e-05,1.0,in,l2sq,3337.2281012535095
2026-05-19T15:24:33.780269,135,146210,-0.8824034554546427,0.09626392878560841,39,0.23505434782608695,4.97,0.4,14,14,-0.0012177587013866287,0.9285381510853767,0.47467009350657463,5.1130707333868486e-05,0.0,0.0,0.0,4,9.775057191707066e-05,9.775057191707066e-05,1.0,in,l2sq,3359.4192254543304
2026-05-19T15:25:00.755244,136,147339,-38.66623187396628,-38.66623187396628,40,0.2361413043478261,5.17,0.41,12,14,-0.0026128403827897495,0.9206686988472939,0.48602383956313133,0.0001165938361736285,0.00019531250291038305,0.0,0.0,4,9.773102278019298e-05,9.773102278019298e-05,1.0,in,l2sq,3386.394223690033
2026-05-19T15:25:22.819945,137,148397,-41.287760574176,-39.976996224071144,46,0.23777173913043478,5.3,0.4,14,14,-0.0016018986832933013,0.8926796764135361,0.4828958064317703,-0.0005152192379682674,0.003906250058207661,0.0,0.0,4,9.771636337111572e-05,9.771636337111572e-05,1.0,in,l2sq,3408.458868265152
2026-05-19T15:25:48.598121,138,149466,25.88417260864604,25.88417260864604,47,0.2375,5.325,0.32,11,14,-0.0016091546638563603,0.8777210265398026,0.475369855761528,0.0005860487281097379,0.0,0.0,0.0,4,9.770170640519187e-05,9.770170640519187e-05,1.0,in,l2sq,3434.2371065616608
2026-05-19T15:26:10.598815,139,150521,85.86249058918011,55.873331598913076,61,0.24456521739130435,5.485,0.44,14,14,-0.0023193888860986167,0.9623244553804398,0.47748417779803276,0.0014502301423135466,0.001757812569849193,0.0,0.0,4,9.76821670409279e-05,9.76821670409279e-05,1.0,in,l2sq,3456.2377483844757
2026-05-19T15:26:36.330649,140,151586,-11.500571169354506,-11.500571169354506,43,0.24021739130434783,5.31,0.46,9,14,-0.003842160117346838,0.97409887611866,0.46298138052225113,0.0013894415726098952,0.01640625041909516,0.0,0.0,4,9.76675149600894e-05,9.76675149600894e-05,1.0,in,l2sq,3481.969635486603
2026-05-19T15:26:58.192625,141,152633,69.20910495065068,28.854266890648088,56,0.24429347826086956,5.24,0.47,14,14,-0.0021830626472365,0.9665309265255928,0.4678686037659645,-0.0006899883959704187,0.003515625052386895,0.0,0.0,4,9.765286532118295e-05,9.765286532118295e-05,1.0,in,l2sq,3503.8315918445587
2026-05-19T15:27:25.114430,142,153755,-25.433103737358174,-25.433103737358174,28,0.23994565217391303,5.365,0.51,10,14,-0.002391567457743826,0.8900047019124031,0.4572681598365307,0.0005130855381139665,0.002539062639698386,0.0,0.0,4,9.763333572464737e-05,9.763333572464737e-05,1.0,in,l2sq,3530.753385066986
2026-05-19T15:27:47.007496,143,154807,73.40379823413167,23.98534724838675,53,0.24347826086956523,5.14,0.49,14,14,-0.0023187772108941296,0.9729566276073456,0.46799153834581375,0.0006491743370133918,0.0078125,0.0,0.0,4,9.761869096838422e-05,9.761869096838422e-05,1.0,in,l2sq,3552.646460056305
2026-05-19T15:28:12.874410,144,155878,46.51526743503856,46.51526743503856,48,0.2451086956521739,5.11,0.52,9,14,-0.0016925923564487522,0.9287129044532776,0.44416090473532677,0.00039256538660764617,0.0005859375232830644,0.0,0.0,4,9.760404865283241e-05,9.760404865283241e-05,1.0,in,l2sq,3578.5133674144745
2026-05-19T15:28:35.393732,145,156956,-46.23882498038044,0.1382212273290584,43,0.2440217391304348,5.095,0.55,14,14,-0.0008343514276930586,0.9751305803656578,0.4782257527112961,-0.00040405089494018054,0.0,0.0,0.0,4,9.758452881914234e-05,9.758452881914234e-05,1.0,in,l2sq,3601.0326857566833
2026-05-19T15:29:01.443170,146,158036,5.845543340269146,5.845543340269146,39,0.24429347826086956,5.1,0.52,9,14,-0.0015072047550348522,0.866206705570221,0.4915875345468521,0.0006053206307115033,0.0,0.0,0.0,4,9.756989138379299e-05,9.756989138379299e-05,1.0,in,l2sq,3627.082154273987
2026-05-19T15:29:23.605810,147,159097,-10.412004776535003,-2.2832307181329283,43,0.24239130434782608,5.205,0.58,14,14,-0.003441831555392072,0.9594440311193466,0.4746573679149151,0.0004370325912532282,0.0054687499068677425,0.0,0.0,4,9.755525638793487e-05,9.755525638793487e-05,1.0,in,l2sq,3649.2447168827057
2026-05-19T15:29:49.445086,148,160168,27.564977811163303,27.564977811163303,39,0.24320652173913043,5.18,0.52,10,14,-0.0018470166593033133,0.9503434374928474,0.46530866622924805,0.000668059363761124,0.0005859375087311491,0.0,0.0,4,9.753574631220985e-05,9.753574631220985e-05,1.0,in,l2sq,3675.084080219269
2026-05-19T15:30:10.787745,149,161194,33.73948408512781,30.652230948145558,43,0.24048913043478262,5.19,0.47,14,14,-0.002174526505405172,0.9168449640274048,0.4452565759420395,0.00276915933918645,0.0011718750465661287,0.0,0.0,4,9.752111619411458e-05,9.752111619411458e-05,1.0,in,l2sq,3696.4266798496246
2026-05-19T15:30:37.553997,150,162256,56.53323334792626,56.53323334792626,51,0.24130434782608695,5.15,0.37,12,14,-0.003337260062107994,0.9747324138879776,0.46455449238419533,0.0014235700093195303,0.00703125010477379,0.0,0.0,4,9.750648851429106e-05,9.750648851429106e-05,1.0,in,l2sq,3723.1929647922516
2026-05-19T15:31:00.336247,151,163346,-31.6823937269678,12.425419810479232,43,0.24239130434782608,5.16,0.37,14,14,-0.002924219923443161,0.9217865392565727,0.43626057729125023,0.0015798966639522377,0.005664062511641532,0.0,0.0,4,9.748698819165308e-05,9.748698819165308e-05,1.0,in,l2sq,3745.9752192497253
2026-05-19T15:31:34.370723,152,164453,-6.400131938485209,-6.400131938485209,41,0.24266304347826087,5.205,0.39,14,14,-0.0019740029965760186,0.9776373654603958,0.4421860873699188,0.00013203777796771954,0.003515625139698386,0.0,0.0,4,9.7472365387154e-05,9.7472365387154e-05,1.0,in,l2sq,3780.009461402893
2026-05-19T15:31:56.578294,153,165517,7.3600615809958505,0.4799648212553209,42,0.24048913043478262,4.99,0.41,14,14,-0.0022794350792537388,0.9728636369109154,0.422920323908329,0.002147297599185541,0.005468750110594556,0.0,0.0,4,9.745774501970775e-05,9.745774501970775e-05,1.0,in,l2sq,3802.2172598838806
2026-05-19T15:32:20.791745,154,166550,1.8863529306920972,1.8863529306920972,49,0.24293478260869567,5.045,0.42,12,14,-0.0027781802040408587,0.9457222297787666,0.4367898926138878,0.0014560175007773402,0.002148437575669959,0.0,0.0,4,9.743825444528126e-05,9.743825444528126e-05,1.0,in,l2sq,3826.430718898773
2026-05-19T15:32:42.774869,155,167665,6.65170538497294,4.269029157832518,47,0.2451086956521739,5.235,0.45,14,14,-0.004045658034738109,0.9104665368795395,0.43490277975797653,0.0007945256958919455,0.005078125192085281,0.0,0.0,4,9.742363895072229e-05,9.742363895072229e-05,1.0,in,l2sq,3848.413843393326
2026-05-19T15:33:21.290501,156,168668,39.34996661979054,39.34996661979054,48,0.24728260869565216,5.155,0.41,14,14,-0.001629772439628141,0.9393277168273926,0.4444430135190487,0.0015959427722009416,0.0019531250291038305,0.0,0.0,4,9.740902589199788e-05,9.740902589199788e-05,1.0,in,l2sq,3886.929290533066
2026-05-19T15:33:41.661688,157,169708,13.022445445238914,26.18620603251473,45,0.2470108695652174,5.175,0.42,14,14,-0.002225630338580281,0.9559275433421135,0.4450065344572067,0.0005292102690873405,0.0031249999592546374,0.0,0.0,4,9.738954506090975e-05,9.738954506090975e-05,1.0,in,l2sq,3907.300639152527
2026-05-19T15:34:06.426600,158,170809,-14.084095562170495,-14.084095562170495,42,0.24565217391304348,5.235,0.36,12,14,-0.002403330843662843,0.9251535385847092,0.42304979264736176,0.00031718088284826695,0.0,0.0,0.0,4,9.737493687263666e-05,9.737493687263666e-05,1.0,in,l2sq,3932.0656061172485
2026-05-19T15:34:26.927115,159,171853,10.095591666865099,-1.9942519476526979,44,0.24103260869565218,5.075,0.35,14,14,-0.002862409960653123,0.9040103480219841,0.4603399261832237,0.0007127321368898293,0.003125000119325705,0.0,0.0,4,9.736033111898045e-05,9.736033111898045e-05,1.0,in,l2sq,3952.566075563431
2026-05-19T15:34:51.711492,160,172955,-35.12501380719117,-35.12501380719117,40,0.24021739130434783,5.13,0.27,11,14,-0.002216489640704866,0.8888576254248619,0.42911387607455254,0.0006649445127550058,0.0019531250291038305,0.0,0.0,4,9.734086002635996e-05,9.734086002635996e-05,1.0,in,l2sq,3977.350482225418
2026-05-19T15:35:13.404572,161,174050,2.577985049071568,-16.273514379059804,44,0.23695652173913043,5.23,0.34,14,14,-0.002077650334103953,0.9113781601190567,0.437031053006649,0.001551127342099834,0.0,0.0,0.0,4,9.732625914072033e-05,9.732625914072033e-05,1.0,in,l2sq,3999.0434563159943
2026-05-19T15:35:44.880299,162,175116,95.55562499211933,95.55562499211933,48,0.24239130434782608,5.265,0.27,14,14,-0.001752006300011974,0.9826372861862183,0.42091459780931473,0.0003190153431660292,0.002343750005820766,0.0,0.0,4,9.731166068848052e-05,9.731166068848052e-05,1.0,in,l2sq,4030.519062757492
2026-05-19T15:36:06.634927,163,176197,33.28572752126663,64.42067625669299,48,0.24103260869565218,5.26,0.33,14,14,-0.0025096551020398206,0.8911681845784187,0.41916294023394585,0.0005857165688212367,0.0005859375087311491,0.0,0.0,4,9.729219932945944e-05,9.729219932945944e-05,1.0,in,l2sq,4052.2738497257233
2026-05-19T15:36:31.086953,164,177255,48.87497446495874,48.87497446495874,53,0.24239130434782608,5.25,0.38,13,14,-0.0021939225698588416,0.8639791011810303,0.4111688658595085,0.0006660199345788209,0.0,0.0,0.0,4,9.727760574280268e-05,9.727760574280268e-05,1.0,in,l2sq,4076.7259559631348
2026-05-19T15:36:51.209659,165,178264,9.74546137778969,29.310217921374214,47,0.24347826086956523,5.045,0.36,14,14,-0.0018789269161061384,0.9602265283465385,0.4094809480011463,0.0017410311680123303,0.004492187435971573,0.0,0.0,4,9.726301458832929e-05,9.726301458832929e-05,1.0,in,l2sq,4096.848592758179
2026-05-19T15:37:15.326081,166,179315,45.77415380452777,45.77415380452777,52,0.2470108695652174,4.98,0.37,13,14,-0.002533211202535246,0.8901266902685165,0.4178042747080326,0.0009249806716525102,0.0007812500261934474,0.0,0.0,4,9.724356295804179e-05,9.724356295804179e-05,1.0,in,l2sq,4120.965061187744
2026-05-19T15:37:35.901052,167,180349,56.85384700713677,51.314000405832275,49,0.24864130434782608,4.905,0.34,14,14,-0.004503894632216454,0.9454711973667145,0.3726567104458809,0.0006212614182004583,0.012500000419095159,0.0,0.0,4,9.722897666671914e-05,9.722897666671914e-05,1.0,in,l2sq,4141.540033817291
2026-05-19T15:38:07.755663,168,181392,3.3824422626257236,3.3824422626257236,40,0.24891304347826088,4.85,0.34,15,15,-0.0021315850284736038,0.9339219853281975,0.4460771568119526,0.002171748952605402,0.014648437383584678,0.0,0.0,4,9.721439280636401e-05,9.721439280636401e-05,1.0,in,l2sq,4173.394411087036
2026-05-19T15:38:28.937086,169,182455,89.38490201853803,46.38367214058188,44,0.24918478260869564,4.85,0.33,15,15,-0.0024607699786429182,0.9407881498336792,0.43240898847579956,0.0010379343084877812,0.0021484375465661287,0.0,0.0,4,9.719495089994667e-05,9.719495089994667e-05,1.0,in,l2sq,4194.576076745987
2026-05-19T15:38:53.739076,170,183538,18.018071056618766,18.018071056618766,51,0.24918478260869564,4.845,0.29,11,15,-0.0013732113162404636,1.019999086856842,0.4427652060985565,0.0006293489721428958,0.0015625000232830644,0.0,0.0,4,9.718037190031121e-05,9.718037190031121e-05,1.0,in,l2sq,4219.378057479858
2026-05-19T15:39:15.546470,171,184635,-4.29685560837674,6.860607724121013,44,0.24945652173913044,4.915,0.36,15,15,-0.0016859673195540603,0.8986189216375351,0.4409417696297169,0.000854069998285932,0.0009765625,0.0,0.0,4,9.716579533042803e-05,9.716579533042803e-05,1.0,in,l2sq,4241.18542265892
2026-05-19T15:39:40.603303,172,185730,-1.986865293442892,-1.986865293442892,46,0.25081521739130436,4.97,0.39,13,15,-0.002561609497934131,0.9797740057110786,0.4401833862066269,0.0013008347807953874,0.0011718750465661287,0.0,0.0,4,9.71463631430199e-05,9.71463631430199e-05,1.0,in,l2sq,4266.24231004715
2026-05-19T15:40:00.475384,173,186734,9.197968044821025,3.6055513756890663,49,0.25271739130434784,4.815,0.37,15,15,-0.0024991643556859233,0.8490100502967834,0.46369340270757675,0.0016320600638209948,0.0011718750465661287,0.0,0.0,4,9.71317914314265e-05,9.71317914314265e-05,1.0,in,l2sq,4286.114302635193
2026-05-19T15:40:32.030997,174,187788,41.31885121489682,41.31885121489682,49,0.25271739130434784,4.765,0.41,17,17,-0.0024222411448137082,0.8866275027394295,0.4465767331421375,0.0007401592339647545,0.004687500186264515,0.0,0.0,4,9.711722214837074e-05,9.711722214837074e-05,1.0,in,l2sq,4317.669811248779
2026-05-19T15:40:52.648764,175,188825,60.51861845667855,50.91873483578769,40,0.25081521739130436,4.735,0.41,17,17,-0.0024455231497995666,0.9403269812464714,0.40268316119909286,0.001551842342632892,0.0025390625232830644,0.0,0.0,4,9.709779967511327e-05,9.709779967511327e-05,1.0,in,l2sq,4338.287719249725
2026-05-19T15:41:17.071271,176,189903,49.9415624756516,49.9415624756516,47,0.2505434782608696,4.655,0.39,16,17,-0.00012320578134672466,0.8855086266994476,0.41727401316165924,0.0003195135006535399,0.0,0.0,0.0,4,9.708323524791866e-05,9.708323524791866e-05,1.0,in,l2sq,4362.710265636444
2026-05-19T15:41:37.507899,177,190932,11.03323902656708,30.48740075110934,36,0.24809782608695652,4.75,0.41,17,17,-0.002540202828822641,0.953289583325386,0.41702960431575775,0.0013238413889666845,0.0037109376426087692,0.0,0.0,4,9.706867324804766e-05,9.706867324804766e-05,1.0,in,l2sq,4383.146876335144
2026-05-19T15:42:01.226463,178,191973,4.705185906639085,4.705185906639085,42,0.24809782608695652,4.82,0.44,14,17,-0.003156314900843449,0.9891813844442368,0.423495814204216,0.001291031237997231,0.0023437500931322575,0.0,0.0,4,9.705411318974426e-05,9.705411318974426e-05,1.0,in,l2sq,4406.865433216095
2026-05-19T15:42:21.579292,179,192999,36.59680506971366,20.650995488176374,40,0.2470108695652174,4.84,0.5,17,17,-0.003613597189541795,0.8993558138608932,0.400268130004406,0.0018627596837631488,0.014453124953433871,0.0,0.0,4,9.703955555803636e-05,9.703955555803636e-05,1.0,in,l2sq,4427.218270540237
2026-05-19T15:42:45.012949,180,194025,62.849994497024326,62.849994497024326,45,0.2483695652173913,4.75,0.45,14,17,-0.002796211557142686,0.9728560298681259,0.39321933686733246,0.0007510325154726216,0.0064453127852175385,0.0,0.0,4,9.702014861732032e-05,9.702014861732032e-05,1.0,in,l2sq,4450.651952266693
2026-05-19T15:43:06.568968,181,195112,49.80918574600822,56.329590121516276,55,0.2513586956521739,4.93,0.44,17,17,-0.001494185655610547,0.8745489865541458,0.38859088718891144,-0.00022131831074148622,0.001953125,0.0,0.0,4,9.700559583759022e-05,9.700559583759022e-05,1.0,in,l2sq,4472.207911014557
2026-05-19T15:43:30.836348,182,196172,30.268755448761564,30.268755448761564,39,0.24891304347826088,4.86,0.45,12,17,-0.002222406533837762,0.9315041229128838,0.41621408611536026,0.00053766809642184,0.00019531250291038305,0.0,0.0,4,9.699104548324257e-05,9.699104548324257e-05,1.0,in,l2sq,4496.475330114365
2026-05-19T15:43:51.079428,183,197193,24.444629492387556,27.356692470574558,44,0.24782608695652175,4.92,0.33,17,17,-0.0023613505560206027,0.849290706217289,0.4206217788159847,0.0005146685509316851,0.0025390625960426405,0.0,0.0,4,9.697164824405638e-05,9.697164824405638e-05,1.0,in,l2sq,4516.718400478363
2026-05-19T15:44:15.272962,184,198251,61.18442315903457,61.18442315903457,60,0.2497282608695652,5.36,0.35,12,17,-0.0033724815817549603,0.8924563527107239,0.41498004645109177,-3.937244300677989e-05,0.005078125192085281,0.0,0.0,4,9.695710273926101e-05,9.695710273926101e-05,1.0,in,l2sq,4540.911932229996
2026-05-19T15:44:37.774766,185,199330,72.75769204706924,66.9710576030519,63,0.25407608695652173,5.315,0.26,17,17,-0.0011362128370822067,0.9349366202950478,0.382821761071682,-5.225233737746887e-05,0.0015625000232830644,0.0,0.0,4,9.694255965863563e-05,9.694255965863563e-05,1.0,in,l2sq,4563.41374874115
2026-05-19T15:45:03.617948,186,200424,41.634060208280985,41.634060208280985,49,0.2532608695652174,5.46,0.3,13,17,-0.0032620912883432607,0.8922580704092979,0.3960445336997509,0.0015852673702284603,0.004882812645519152,0.0,0.0,4,9.692317211612952e-05,9.692317211612952e-05,1.0,in,l2sq,4589.256917953491
2026-05-19T15:45:25.415718,187,201522,-33.34398585964795,4.145037174316517,43,0.2516304347826087,5.535,0.39,17,17,-0.0003211364113667736,0.9360556304454803,0.4142052009701729,0.0003116952007985452,0.0015625000232830644,0.0,0.0,4,9.690863388263215e-05,9.690863388263215e-05,1.0,in,l2sq,4611.054688453674
2026-05-19T15:45:49.959474,188,202600,8.522132596821486,8.522132596821486,43,0.25244565217391307,5.105,0.35,12,17,-0.0027721692546037735,0.9198068976402283,0.4182605817914009,0.0020222289385401215,0.004101562619325705,0.0,0.0,4,9.689409807209292e-05,9.689409807209292e-05,1.0,in,l2sq,4635.598462104797
2026-05-19T15:46:11.615999,189,203685,-39.11152140118874,-15.294694402183627,36,0.25027173913043477,5.135,0.36,17,17,-0.0031349056138424425,0.8453329280018806,0.42156149074435234,0.0016979749457278065,0.013085937418509275,0.0,0.0,4,9.68747202214195e-05,9.68747202214195e-05,1.0,in,l2sq,4657.254920959473
2026-05-19T15:46:35.504916,190,204737,31.363964533761223,31.363964533761223,38,0.2467391304347826,5.06,0.41,10,17,-0.0011334121263644192,0.9878546893596649,0.4016328379511833,-0.0006505502299660182,0.0,0.0,0.0,4,9.68601892555852e-05,9.68601892555852e-05,1.0,in,l2sq,4681.143925189972
2026-05-19T15:46:57.309353,191,205837,86.41134538896927,58.88765496136524,50,0.2483695652173913,5.06,0.51,17,17,-0.0036108939617407465,0.9264385029673576,0.40381332114338875,0.0011543565298779979,0.003515625008731149,0.0,0.0,4,9.68456607114978e-05,9.68456607114978e-05,1.0,in,l2sq,4702.948281288147
2026-05-19T15:47:21.743417,192,206909,62.20877728849615,62.20877728849615,44,0.24782608695652175,4.89,0.45,12,17,-0.003019132492772747,0.8209763690829277,0.40908510237932205,0.000136624269998711,0.008789062689174898,0.0,0.0,4,9.682629254781212e-05,9.682629254781212e-05,1.0,in,l2sq,4727.382395029068
2026-05-19T15:47:42.477984,193,207959,33.65016833613324,47.9294728123147,47,0.24728260869565216,4.9,0.53,17,17,-0.001272503286600113,0.9171126335859299,0.407638244330883,0.002707528553401062,0.007031250279396772,0.0,0.0,4,9.681176884600778e-05,9.681176884600778e-05,1.0,in,l2sq,4748.116958618164
2026-05-19T15:48:07.164475,194,209040,4.335647772210204,4.335647772210204,40,0.24483695652173912,4.965,0.57,12,17,-0.0027939382074691488,0.9920612499117851,0.40292103961110115,0.0006079869597670137,0.002539062552386895,0.0,0.0,4,9.679724756473973e-05,9.679724756473973e-05,1.0,in,l2sq,4772.803447008133
2026-05-19T15:48:27.958577,195,210090,21.71740600550055,13.026526888855377,48,0.2470108695652174,4.825,0.5,17,17,-0.003736855211900536,0.9706216529011726,0.39013050124049187,0.0029846305068076673,0.02011718729045242,0.0,0.0,4,9.677788908319925e-05,9.677788908319925e-05,1.0,in,l2sq,4793.597538232803
2026-05-19T15:48:52.432983,196,211170,-19.272168279271014,-19.272168279271014,45,0.24646739130434783,4.775,0.45,13,17,-0.0028558522346429083,0.9726247936487198,0.39878710359334946,0.002708126471770822,0.001953125,0.0,0.0,4,9.67633726417936e-05,9.67633726417936e-05,1.0,in,l2sq,4818.071983337402
2026-05-19T15:49:13.581982,197,212240,48.51577063293123,14.621801176830107,43,0.2483695652173913,4.8,0.33,17,17,-0.0016176574317796066,1.0123600736260414,0.38833852484822273,0.002249895190971074,0.008593750026193447,0.0,0.0,4,9.674885861971419e-05,9.674885861971419e-05,1.0,in,l2sq,4839.2209050655365
2026-05-19T15:49:36.982630,198,213271,17.192701917829933,17.192701917829933,45,0.24918478260869564,4.665,0.28,16,17,-0.004306959241512365,0.8936246857047081,0.3992719016969204,0.0011580399588638213,0.0087890625,0.0,0.0,4,9.672950981547883e-05,9.672950981547883e-05,1.0,in,l2sq,4862.621619224548
2026-05-19T15:49:58.287133,199,214351,61.46952276175903,39.33111233979448,49,0.2516304347826087,4.82,0.28,17,17,-0.0017331257491605134,0.9558230936527252,0.36651697009801865,0.00012706789493677206,0.013671874767169356,0.0,0.0,4,9.671500063084238e-05,9.671500063084238e-05,1.0,in,l2sq,4883.926087141037
2026-05-19T15:50:24.392512,200,215452,26.374971562010476,26.374971562010476,41,0.2505434782608696,4.85,0.29,14,17,-0.0025783066230360974,0.8903541266918182,0.3667354956269264,0.001560453726597222,0.002343749991268851,0.0,0.0,4,9.670049386432276e-05,9.670049386432276e-05,1.0,in,l2sq,4910.031472206116
2026-05-19T15:50:45.067601,201,216499,4.4283019280861,15.401636745048288,42,0.2470108695652174,4.995,0.33,17,17,-0.001938717515440641,0.8888196796178818,0.38325509428977966,0.00034995333412549123,0.0017578124825377017,0.0,0.0,4,9.668115473255483e-05,9.668115473255483e-05,1.0,in,l2sq,4930.70659160614
2026-05-19T15:51:09.104158,202,217553,72.8254263366755,72.8254263366755,46,0.24891304347826088,5.155,0.37,12,17,-0.0012872506122221239,0.8538524210453033,0.35910937190055847,-0.002277743624017614,0.0,0.0,0.0,4,9.666665280105993e-05,9.666665280105993e-05,1.0,in,l2sq,4954.743134260178
2026-05-19T15:51:31.027500,203,218662,10.447154831762704,41.636290584219104,36,0.2467391304347826,5.26,0.35,17,17,-0.0026767205941723438,0.9387088492512703,0.3909713812172413,0.0013754665611486472,0.003125000075669959,0.0,0.0,4,9.665215328647303e-05,9.665215328647303e-05,1.0,in,l2sq,4976.666459798813
2026-05-19T15:51:54.920709,204,219713,31.14986307884828,31.14986307884828,45,0.24266304347826087,5.2,0.4,14,17,-0.003121537779225081,0.9679497703909874,0.35476530343294144,0.00161525634764529,0.008398437552386895,0.0,0.0,4,9.663282382233727e-05,9.663282382233727e-05,1.0,in,l2sq,5000.559716939926
2026-05-19T15:52:14.516200,205,220708,88.72691858717367,59.93839083301098,56,0.2407608695652174,5.26,0.42,17,17,-0.0013341873956962402,0.990708738565445,0.37574251741170883,0.00019536850895740532,0.001953125,0.0,0.0,4,9.661832914035806e-05,9.661832914035806e-05,1.0,in,l2sq,5020.155125379562
2026-05-19T15:52:37.848520,206,221731,119.88233684403001,119.88233684403001,56,0.24266304347826087,5.275,0.4,14,17,-0.0021369589820096624,0.8987609148025513,0.3546919412910938,0.0003440555660972587,0.0007812500261934474,0.0,0.0,4,9.660383687407864e-05,9.660383687407864e-05,1.0,in,l2sq,5043.487501621246
2026-05-19T15:52:59.004134,207,222799,8.618811216971958,64.25057403050099,39,0.24157608695652175,5.13,0.43,17,17,-0.0028974834960536766,0.8714376613497734,0.3732658214867115,0.0010668127690223739,0.006835937630967237,0.0,0.0,4,9.658451707274219e-05,9.658451707274219e-05,1.0,in,l2sq,5064.643124103546
2026-05-19T15:53:22.600613,208,223821,62.25190263169721,62.25190263169721,48,0.24293478260869567,5.14,0.38,11,17,-0.0016987517417874631,0.9268563687801361,0.3704618960618973,0.001576496866118715,0.0042968750931322575,0.0,0.0,4,9.657002963665465e-05,9.657002963665465e-05,1.0,in,l2sq,5088.239589691162
2026-05-19T15:53:43.478924,209,224877,116.29079037022812,89.27134650096266,56,0.2483695652173913,5.225,0.34,17,17,-0.003367818944389034,0.9230389669537544,0.39682960510253906,0.0026931559843432866,0.008593750389991328,0.0,0.0,4,9.655554461505931e-05,9.655554461505931e-05,1.0,in,l2sq,5109.117896080017
2026-05-19T15:54:07.514631,210,225933,19.723130730678495,19.723130730678495,44,0.25,5.225,0.35,13,17,-0.001860203959222373,0.8770540654659271,0.4065314158797264,0.001016250535940344,0.0046875000989530236,0.0,0.0,4,9.653623447169175e-05,9.653623447169175e-05,1.0,in,l2sq,5133.153614282608
2026-05-19T15:54:28.625828,211,227002,7.173781529688832,13.448456130183663,39,0.2470108695652174,5.1,0.33,17,17,-0.0028957009664736244,0.9735347777605057,0.4143260419368744,0.0007124432677301229,0.0,0.0,0.0,4,9.652175427787365e-05,9.652175427787365e-05,1.0,in,l2sq,5154.264783620834
2026-05-19T15:54:52.700904,212,228062,1.2345540011952187,1.2345540011952187,44,0.2470108695652174,5.105,0.44,14,17,-0.002083229298296102,0.9521583467721939,0.42586110904812813,0.00016600118424320298,0.0037109376426087692,0.0,0.0,4,9.650727649734073e-05,9.650727649734073e-05,1.0,in,l2sq,5178.339903831482
2026-05-19T15:55:13.130953,213,229098,35.253309361259056,18.24393168122714,45,0.24646739130434783,5.01,0.46,17,17,-0.0028822026622947194,0.8406859487295151,0.4436256065964699,0.000851061475623277,0.010937499813735485,0.0,0.0,4,9.649280064714638e-05,9.649280064714638e-05,1.0,in,l2sq,5198.769906759262
2026-05-19T15:55:38.065786,214,230195,63.146597386478454,63.146597386478454,47,0.2483695652173913,5.015,0.54,11,17,-0.0036637840254115372,0.9371793866157532,0.41195088624954224,0.0021545818122831323,0.007617187802679837,0.0,0.0,4,9.647832720951333e-05,9.647832720951333e-05,1.0,in,l2sq,5223.704794168472
2026-05-19T15:55:59.229145,215,231266,54.60335838632345,58.874977886400956,47,0.24809782608695652,5.085,0.58,17,17,-0.002678287841263227,0.8813154101371765,0.3863549046218395,0.0015294749085114703,0.01113281270954758,0.0,0.0,4,9.64590325088547e-05,9.64590325088547e-05,1.0,in,l2sq,5244.868137359619
2026-05-19T15:56:22.655013,216,232287,26.087095712614946,26.087095712614946,39,0.24646739130434783,5.085,0.52,10,17,-0.0020552054513247597,0.8286763578653336,0.42109816521406174,-0.00026386790777904734,0.0,0.0,0.0,4,9.644456389513802e-05,9.644456389513802e-05,1.0,in,l2sq,5268.294016122818
2026-05-19T15:56:43.039796,217,233320,27.56995740035402,26.828526556484483,42,0.24619565217391304,5.13,0.46,17,17,-0.0019186695557437128,0.9340438693761826,0.4067850150167942,0.001258324511763908,0.00019531250291038305,0.0,0.0,4,9.643009769277657e-05,9.643009769277657e-05,1.0,in,l2sq,5288.678776741028
2026-05-19T15:57:08.514965,218,234422,23.657226589819352,23.657226589819352,45,0.24619565217391304,5.085,0.38,6,17,-0.0030399002120247154,0.935308076441288,0.4183332845568657,0.0004950853917762496,0.003710937569849193,0.0,0.0,4,9.6410812637539e-05,9.6410812637539e-05,1.0,in,l2sq,5314.15395450592
2026-05-19T15:57:30.183151,219,235479,28.922057959378478,26.289642274598915,44,0.24483695652173912,4.985,0.3,17,17,-0.0025634255493059976,0.9342819601297379,0.4320579692721367,0.00020759993576574542,0.004687500011641532,0.0,0.0,4,9.639635125668245e-05,9.639635125668245e-05,1.0,in,l2sq,5335.822140216827
2026-05-19T15:57:57.454479,220,236627,53.101390316836955,53.101390316836955,56,0.24891304347826088,5.205,0.25,11,17,-0.0048605829477310625,0.9101809561252594,0.42797406017780304,0.005387254619063253,0.02070312565774657,0.0,0.0,4,9.638189228597571e-05,9.638189228597571e-05,1.0,in,l2sq,5363.093435049057
2026-05-19T15:58:19.569890,221,237692,12.238754668296565,32.67007249256676,51,0.2513586956521739,5.14,0.24,17,17,-0.0026739620632725836,0.8787656873464584,0.3951867036521435,0.0005561262414175705,0.008007812779396772,0.0,0.0,4,9.636261687133743e-05,9.636261687133743e-05,1.0,in,l2sq,5385.208882808685
2026-05-19T15:58:44.487008,222,238740,41.13672806747505,41.13672806747505,48,0.2519021739130435,5.2,0.24,16,17,-0.003366151542286394,0.8794291913509369,0.35161977633833885,0.0016731992944187812,0.008007812779396772,0.0,0.0,4,9.634334531158934e-05,9.634334531158934e-05,1.0,in,l2sq,5410.125985622406
2026-05-19T15:59:05.561901,223,239757,59.486113454268356,50.3114207608717,49,0.2554347826086957,5.23,0.27,17,17,-0.003717483649961606,0.9144357740879059,0.3561609983444214,-0.0005429535418443321,0.007421875197906047,0.0,0.0,4,9.6328894050663e-05,9.6328894050663e-05,1.0,in,l2sq,5431.200857162476
2026-05-19T15:59:38.415825,224,240827,68.18516278079483,68.18516278079483,53,0.2576086956521739,4.96,0.28,17,17,-0.002986780228093233,0.8719660714268684,0.34592238813638687,0.0010810187410243075,0.006445312639698386,0.0,0.0,4,9.631444519819988e-05,9.631444519819988e-05,1.0,in,l2sq,5464.054635047913
2026-05-19T16:00:00.427024,225,241887,39.836638020423806,54.010900400609316,49,0.25570652173913044,5.01,0.29,17,17,-0.001608610228868157,0.9174268841743469,0.3561752662062645,0.00026111848956134054,0.0007812500116415322,0.0,0.0,4,9.62999982722183e-05,9.62999982722183e-05,1.0,in,l2sq,5486.065937042236
2026-05-19T16:00:26.173636,226,242974,-37.63056599405993,-37.63056599405993,32,0.24918478260869564,4.965,0.28,16,17,-0.0015655981762393023,0.9353350400924683,0.3776930682361126,0.00030731754263798455,0.0003906250058207661,0.0,0.0,4,9.628555375397746e-05,9.628555375397746e-05,1.0,in,l2sq,5511.81262922287
2026-05-19T16:00:47.933036,227,244019,44.18231843960712,3.275876222773597,55,0.2535326086956522,4.94,0.24,17,17,-0.0024451971010420737,0.8969119489192963,0.372172012925148,0.0011411235222112681,0.0009765625145519152,0.0,0.0,4,9.626629760608221e-05,9.626629760608221e-05,1.0,in,l2sq,5533.571979045868
2026-05-19T16:01:13.496428,228,245096,98.14203541340456,98.14203541340456,53,0.2548913043478261,5.135,0.26,16,17,-0.002996164985233918,0.9617468118667603,0.37373367697000504,0.0020653240899264347,0.01132812537252903,0.0,0.0,4,9.625185790211908e-05,9.625185790211908e-05,1.0,in,l2sq,5559.135404348373
2026-05-19T16:01:35.677504,229,246163,85.06591364014055,91.60397452677256,55,0.2546195652173913,5.045,0.24,17,17,-0.0017094389084377215,0.9031024053692818,0.34482795372605324,0.0004977728945050192,0.007812500189174898,0.0,0.0,4,9.623742060469305e-05,9.623742060469305e-05,1.0,in,l2sq,5581.316481113434
2026-05-19T16:02:01.016055,230,247216,83.5510332437146,83.5510332437146,52,0.25679347826086957,5.125,0.32,11,17,-0.0021671429807610387,0.8818974569439888,0.37803102284669876,0.001787751416554767,0.003125000002910383,0.0,0.0,4,9.621817408294632e-05,9.621817408294632e-05,1.0,in,l2sq,5606.6550188064575
2026-05-19T16:02:22.084054,231,248232,43.7496382821604,63.6503357629375,48,0.2592391304347826,5.14,0.34,17,17,-0.0018240516874357127,0.8779399544000626,0.401594877243042,-0.0012136848401951283,0.0007812500116415322,0.0,0.0,4,9.620374159739134e-05,9.620374159739134e-05,1.0,in,l2sq,5627.723032236099
2026-05-19T16:02:47.097616,232,249268,8.016734617986371,8.016734617986371,52,0.2614130434782609,4.915,0.35,8,17,-0.0033351510792273276,0.9126356691122055,0.39248571917414665,0.001582351348361044,0.014257812945288606,0.0,0.0,4,9.618931151717044e-05,9.618931151717044e-05,1.0,in,l2sq,5652.736578464508
2026-05-19T16:03:07.958812,233,250278,83.097824233108,45.557279425547186,56,0.2644021739130435,4.88,0.3,17,17,-0.0021246433432679512,0.924671545624733,0.38417717441916466,0.0005398751690791487,0.001757812569849193,0.0,0.0,4,9.617007461676011e-05,9.617007461676011e-05,1.0,in,l2sq,5673.597777366638
2026-05-19T16:03:34.416292,234,251378,41.70147625367345,41.70147625367345,47,0.2644021739130435,4.92,0.31,6,17,-0.0013004452335735328,0.9702538996934891,0.3662274032831192,0.0013750656613410461,0.0011718750465661287,0.0,0.0,4,9.615564934600481e-05,9.615564934600481e-05,1.0,in,l2sq,5700.055292844772
2026-05-19T16:03:55.468138,235,252395,59.08472162435363,50.39309893901354,50,0.26521739130434785,4.825,0.37,17,17,-0.001980115848709829,0.9312823489308357,0.36728231981396675,-0.00045015129267084175,0.0017578125552972779,0.0,0.0,4,9.614122647938115e-05,9.614122647938115e-05,1.0,in,l2sq,5721.107083797455
2026-05-19T16:04:20.913325,236,253454,75.59239917515855,75.59239917515855,56,0.2698369565217391,4.85,0.33,9,17,-0.002841179457027443,0.8679852038621902,0.3694041483104229,0.002106058617937376,0.0052734375931322575,0.0,0.0,4,9.612199919549754e-05,9.612199919549754e-05,1.0,in,l2sq,5746.552301645279
2026-05-19T16:04:43.592677,237,254548,31.088713258398467,53.34055621677851,51,0.2722826086956522,4.94,0.43,17,17,-0.003982754878234129,0.940469965338707,0.3691159039735794,0.00198474671506119,0.006640625011641532,0.0,0.0,4,9.610758113593524e-05,9.610758113593524e-05,1.0,in,l2sq,5769.23162651062
2026-05-19T16:05:08.980659,238,255592,60.599304142285014,60.599304142285014,58,0.2758152173913043,4.91,0.36,10,17,-0.0023810700266494456,0.9098066613078117,0.3710396848618984,0.0003587030798371388,0.012304687552386895,0.0,0.0,4,9.609316547930276e-05,9.609316547930276e-05,1.0,in,l2sq,5794.619651079178
2026-05-19T16:05:30.365913,239,256626,67.49992177104834,64.04961295666668,48,0.2769021739130435,4.825,0.28,17,17,-0.0025580592424375714,0.8881115615367889,0.36448968201875687,0.001991716418342615,0.0023437500931322575,0.0,0.0,4,9.607875174472579e-05,9.607875174472579e-05,1.0,in,l2sq,5816.0048286914825
2026-05-19T16:05:54.985735,240,257641,95.21240676679584,95.21240676679584,47,0.27445652173913043,4.78,0.29,7,17,-0.001999674781109073,0.8816850706934929,0.39767593890428543,0.0004622552605724195,0.0027343750989530236,0.0,0.0,4,9.606434041235784e-05,9.606434041235784e-05,1.0,in,l2sq,5840.624720811844
2026-05-19T16:06:16.930451,241,258699,64.34172041686897,79.7770635918324,49,0.27391304347826084,4.93,0.21,17,17,-0.0025637261816882084,0.8594360426068306,0.36309105157852173,0.0016945443416716277,0.005078125046566129,0.0,0.0,4,9.604512850491879e-05,9.604512850491879e-05,1.0,in,l2sq,5862.569375038147
2026-05-19T16:06:42.611350,242,259757,78.00871049821076,78.00871049821076,52,0.275,5.115,0.18,8,17,-0.002426069986540824,0.9108830839395523,0.402360662817955,0.002458902651187589,0.0015625000232830644,0.0,0.0,4,9.603072197576787e-05,9.603072197576787e-05,1.0,in,l2sq,5888.250330924988
2026-05-19T16:07:03.763107,243,260780,46.50435136179668,62.25653093000372,50,0.2752717391304348,5.215,0.23,17,17,-0.0025292479229391818,0.9221430495381355,0.37523919343948364,-0.0005820494190174885,0.003125000119325705,0.0,0.0,4,9.601631784762512e-05,9.601631784762512e-05,1.0,in,l2sq,5909.4020738601685
2026-05-19T16:07:28.440647,244,261800,79.95110697306113,79.95110697306113,57,0.2763586956521739,5.08,0.3,7,17,-0.0030424398457398194,0.9671423435211182,0.4020219147205353,-0.0004596145766299631,0.011523437453433871,0.0,0.0,4,9.599711554421876e-05,9.599711554421876e-05,1.0,in,l2sq,5934.079610347748
2026-05-19T16:07:50.951657,245,262877,165.14109521962175,122.54610109634143,64,0.28043478260869564,5.065,0.31,17,17,-0.0014622286049416067,0.9206203818321228,0.36629822850227356,0.0003997708069619077,0.00742187537252903,0.0,0.0,4,9.598271621689192e-05,9.598271621689192e-05,1.0,in,l2sq,5956.590638637543
2026-05-19T16:08:16.373624,246,263928,47.12998648459955,47.12998648459955,43,0.28342391304347825,4.805,0.24,6,17,-0.0019489832480759084,0.8794581964612007,0.3681883029639721,-0.000285597842366786,0.0005859375087311491,0.0,0.0,4,9.596831928937298e-05,9.596831928937298e-05,1.0,in,l2sq,5982.012562513351
2026-05-19T16:08:39.028263,247,265022,115.20114436807341,81.16556542633649,61,0.28505434782608696,4.9,0.24,17,17,-0.0031280899769626502,0.9202307537198067,0.39383547753095627,0.0023139752531278757,0.007812500174622983,0.0,0.0,4,9.594912658519828e-05,9.594912658519828e-05,1.0,in,l2sq,6004.667211055756
2026-05-19T16:09:05.764026,248,266137,107.52023571801392,107.52023571801392,63,0.2877717391304348,5.17,0.24,6,17,-0.0010684736502298564,0.9872352033853531,0.37546292692422867,0.001986789034162939,0.0011718750465661287,0.0,0.0,4,9.593473445609533e-05,9.593473445609533e-05,1.0,in,l2sq,6031.403023958206
2026-05-19T16:09:27.596057,249,267191,30.639364006597546,69.07979986230573,50,0.28641304347826085,5.365,0.29,17,17,-0.0017694914000457862,0.9114564582705498,0.3544088676571846,0.0018287799448899016,0.0017578125261934474,0.0,0.0,4,9.59203447256006e-05,9.59203447256006e-05,1.0,in,l2sq,6053.234995126724
2026-05-19T16:09:55.334640,250,268271,66.68420052257686,66.68420052257686,48,0.28532608695652173,5.41,0.24,6,17,-0.003448455076431989,0.9238956645131111,0.36563776060938835,0.0024530216623134043,0.012304688105359674,0.0,0.0,4,9.590116161585892e-05,9.590116161585892e-05,1.0,in,l2sq,6080.973601102829
2026-05-19T16:10:17.358972,251,269333,52.07288681899813,59.378543670787494,52,0.28641304347826085,5.42,0.22,17,17,-0.0019540995868737587,0.9467345178127289,0.40072208642959595,0.0001528575994654835,0.0007812500116415322,0.0,0.0,4,9.588677668138144e-05,9.588677668138144e-05,1.0,in,l2sq,6102.997963428497
2026-05-19T16:10:43.571134,252,270408,45.82998015151682,45.82998015151682,48,0.28532608695652173,5.175,0.22,5,17,-0.0025851581638562937,0.8460385873913765,0.3843140974640846,0.0013298281071911777,0.0011718750465661287,0.0,0.0,4,9.587239414431311e-05,9.587239414431311e-05,1.0,in,l2sq,6129.210089683533
2026-05-19T16:11:06.767938,253,271522,2.4368358079478503,24.133407979732336,42,0.28152173913043477,5.065,0.26,17,17,-0.0020411901859915815,0.939655527472496,0.3728877454996109,0.0010741577437783922,0.0021484375465661287,0.0,0.0,4,9.585322062420818e-05,9.585322062420818e-05,1.0,in,l2sq,6152.406879425049
2026-05-19T16:11:31.569200,254,272553,40.503684226954846,40.503684226954846,40,0.2796195652173913,4.85,0.28,11,17,-0.004754555341787592,0.9224613010883331,0.3876462057232857,0.0010145374213607339,0.00390625,0.0,0.0,4,9.58388428807596e-05,9.58388428807596e-05,1.0,in,l2sq,6177.208199977875
2026-05-19T16:11:53.641577,255,273616,42.327708210496525,41.415696218725685,41,0.27717391304347827,4.86,0.33,17,17,-0.002758020948385842,0.9551101922988892,0.33707549422979355,0.0009141602777617691,0.007031250061118044,0.0,0.0,4,9.58244675335217e-05,9.58244675335217e-05,1.0,in,l2sq,6199.2805161476135
2026-05-19T16:12:20.456566,256,274734,59.5631678486043,59.5631678486043,61,0.27853260869565216,5.11,0.37,13,17,-0.002313966675865281,0.9507510811090469,0.35003697872161865,0.0003119632806374423,0.001367187505820766,0.0,0.0,4,9.580530359825967e-05,9.580530359825967e-05,1.0,in,l2sq,6226.095548868179
2026-05-19T16:12:41.524916,257,275735,142.18282791880205,100.87299788370318,55,0.2796195652173913,5.14,0.31,17,17,-0.001559011664358012,0.9212011992931366,0.3161914050579071,0.0011284228638942517,0.0007812500116415322,0.0,0.0,4,9.579093304224517e-05,9.579093304224517e-05,1.0,in,l2sq,6247.163895606995
2026-05-19T16:13:07.619501,258,276837,22.552017891546594,22.552017891546594,44,0.2758152173913043,5.185,0.3,12,17,-0.0016622696595732234,0.8850330337882042,0.3430001512169838,-0.00014346225685815672,0.00019531250291038305,0.0,0.0,4,9.577656488124349e-05,9.577656488124349e-05,1.0,in,l2sq,6273.25847029686
2026-05-19T16:13:27.470773,259,277844,83.89261345741366,53.22231567448013,51,0.2766304347826087,5.06,0.3,17,17,-0.0022360919781929667,0.9096676856279373,0.3331756852567196,0.00023183732155303283,0.0044921875960426405,0.0,0.0,4,9.57574105260329e-05,9.57574105260329e-05,1.0,in,l2sq,6293.1097531318665
2026-05-19T16:13:50.700730,260,278855,2.7835949189064406,2.7835949189064406,38,0.27418478260869567,5.025,0.3,11,17,-0.0012612491729668829,0.9736733585596085,0.35113025456666946,0.000937389690989221,0.003906250145519152,0.0,0.0,4,9.574304715385949e-05,9.574304715385949e-05,1.0,in,l2sq,6316.339730978012
2026-05-19T16:14:12.347828,261,279940,94.4926488658404,48.63812189237342,50,0.27445652173913043,5.27,0.37,17,17,-0.0025892459467287132,0.9053265601396561,0.34162089228630066,-6.626568595038095e-05,0.005859374956344254,0.0,0.0,4,9.572868617550165e-05,9.572868617550165e-05,1.0,in,l2sq,6337.986730098724
2026-05-19T16:14:36.527241,262,281003,14.685101593728982,14.685101593728982,42,0.2717391304347826,5.26,0.3,13,17,-0.002536142084136439,0.8712065890431404,0.3370044082403183,0.0006330402002731831,0.005078125002910383,0.0,0.0,4,9.570954139555342e-05,9.570954139555342e-05,1.0,in,l2sq,6362.166247844696
2026-05-19T16:14:56.891930,263,282033,33.80050276871213,24.242802181220554,44,0.27010869565217394,5.365,0.33,17,17,-0.0030803659639788705,0.9414995312690735,0.3501328080892563,-0.0012945439138093429,0.011328125139698386,0.0,0.0,4,9.569518520362991e-05,9.569518520362991e-05,1.0,in,l2sq,6382.53092622757
2026-05-19T16:15:21.423329,264,283113,94.09246349955544,94.09246349955544,63,0.2717391304347826,5.56,0.37,14,17,-0.002209881933231461,0.8819333910942078,0.3498326689004898,0.0005596427889941191,0.004687500026193447,0.0,0.0,4,9.56808314043253e-05,9.56808314043253e-05,1.0,in,l2sq,6407.062297105789
2026-05-19T16:15:42.054222,265,284159,120.64032381813213,107.36639365884378,64,0.2717391304347826,5.295,0.36,17,17,-0.0024565771047493357,0.9538516700267792,0.31828925013542175,-0.00037853446847296857,0.001953125,0.0,0.0,4,9.566647951882869e-05,9.566647951882869e-05,1.0,in,l2sq,6427.693212032318
2026-05-19T16:16:06.610841,266,285235,68.00269232109348,68.00269232109348,57,0.27554347826086956,5.38,0.38,13,17,-0.00229649810644339,0.9252514243125916,0.3281811587512493,0.00021842717465006545,0.003906250072759576,0.0,0.0,4,9.565213002523325e-05,9.565213002523325e-05,1.0,in,l2sq,6452.249804973602
2026-05-19T16:16:27.985635,267,286313,61.983899784825844,64.99329605295966,50,0.27255434782608695,5.535,0.39,17,17,-0.0025753930895007215,0.8242999091744423,0.325391449034214,0.0015087976165034378,0.005664062526193447,0.0,0.0,4,9.563300055574951e-05,9.563300055574951e-05,1.0,in,l2sq,6473.624594211578
2026-05-19T16:16:51.748165,268,287351,85.53690604126832,85.53690604126832,62,0.2722826086956522,5.41,0.31,11,17,-0.002741361485095961,0.8973619192838669,0.3398937061429024,-0.0005736942344810592,0.009765625232830644,0.0,0.0,4,9.561865584476061e-05,9.561865584476061e-05,1.0,in,l2sq,6497.387169837952
2026-05-19T16:17:11.843394,269,288362,63.32907359929136,74.43298982027984,54,0.2733695652173913,5.515,0.31,17,17,-0.002418748715717789,0.9277172684669495,0.33464910835027695,0.00019979891750382395,0.0003906250058207661,0.0,0.0,4,9.560431352447719e-05,9.560431352447719e-05,1.0,in,l2sq,6517.48229932785
2026-05-19T16:17:36.236346,270,289421,77.21510609066809,77.21510609066809,53,0.2747282608695652,5.345,0.36,8,17,-0.002073568360355965,0.9960273876786232,0.3459946848452091,-3.8053012485800286e-05,0.00019531250291038305,0.0,0.0,4,9.558519361781541e-05,9.558519361781541e-05,1.0,in,l2sq,6541.875337362289
2026-05-19T16:17:57.229334,271,290484,67.63792210653756,72.42651409860282,49,0.27391304347826084,5.26,0.37,17,17,-0.003395537059986964,0.9131342172622681,0.3552884981036186,0.00219036693988528,0.0027343749534338713,0.0,0.0,4,9.557085607774768e-05,9.557085607774768e-05,1.0,in,l2sq,6562.868314981461
2026-05-19T16:18:20.845723,272,291506,61.79591128896657,61.79591128896657,48,0.27391304347826084,5.125,0.38,8,17,-0.001871338504133735,0.9144565016031265,0.323432844132185,0.0007761539713556087,0.003906250116415322,0.0,0.0,4,9.555652092719029e-05,9.555652092719029e-05,1.0,in,l2sq,6586.48472571373
2026-05-19T16:18:40.842874,273,292504,38.25701135210104,50.026461320533805,43,0.27418478260869567,4.9,0.38,17,17,-0.002653727566939712,0.8642797395586967,0.34959840402007103,0.000936008898224816,0.0009765625145519152,0.0,0.0,4,9.553741057857006e-05,9.553741057857006e-05,1.0,in,l2sq,6606.481859922409
2026-05-19T16:19:04.289019,274,293522,16.551393048741833,16.551393048741833,42,0.2747282608695652,4.78,0.37,9,17,-0.0014490187430056256,1.005318135023117,0.34607040882110596,0.0010907533757745086,0.0003906250058207661,0.0,0.0,4,9.552308020583874e-05,9.552308020583874e-05,1.0,in,l2sq,6629.9280161857605
2026-05-19T16:19:25.563664,275,294595,77.15852577181855,46.85495941028019,60,0.2798913043478261,4.845,0.36,17,17,-0.0019967552143498324,1.0049515143036842,0.32881301268935204,0.0011483459381906869,0.0009765625145519152,0.0,0.0,4,9.550875222142326e-05,9.550875222142326e-05,1.0,in,l2sq,6651.202647924423
2026-05-19T16:19:49.661372,276,295645,79.44364272138186,79.44364272138186,47,0.27608695652173915,4.915,0.34,9,17,-0.0020783959073014564,0.9158674031496048,0.32431209087371826,0.0004948370687998249,0.0015625000523868948,0.0,0.0,4,9.549442614737388e-05,9.549442614737388e-05,1.0,in,l2sq,6675.300339221954
2026-05-19T16:20:09.961517,277,296672,92.26225864911878,85.85295068525032,60,0.27744565217391304,5.03,0.34,17,17,-0.00256264343624929,0.9630852490663528,0.3253040760755539,0.0015195154951925527,0.0035156250960426405,0.0,0.0,4,9.548010246092391e-05,9.548010246092391e-05,1.0,in,l2sq,6695.600482702255
2026-05-19T16:20:34.997580,278,297769,48.30412115538643,48.30412115538643,54,0.2801630434782609,5.215,0.32,11,17,-0.0020029621737195358,0.8688235953450203,0.33018748834729195,0.0015502597605973265,0.003906250174622983,0.0,0.0,4,9.546100739523274e-05,9.546100739523274e-05,1.0,in,l2sq,6720.636559009552
2026-05-19T16:20:55.116099,279,298786,67.78345926613197,58.0437902107592,55,0.28125,5.12,0.29,17,17,-0.0036774955573491974,1.0192968249320984,0.31382521241903305,0.0008937215279729571,0.0035156249650754035,0.0,0.0,4,9.54466884827879e-05,9.54466884827879e-05,1.0,in,l2sq,6740.755069971085
2026-05-19T16:21:19.164010,280,299836,75.36096620384437,75.36096620384437,53,0.28532608695652173,5.215,0.28,11,17,-0.002464221713307825,0.9873172640800476,0.34316350519657135,9.954126989908385e-05,0.003906250101863407,0.0,0.0,4,9.543237195674893e-05,9.543237195674893e-05,1.0,in,l2sq,6764.803008556366
2026-05-19T16:21:39.807923,281,300877,30.918425066771288,53.13969563530783,43,0.28342391304347825,5.18,0.29,17,17,-0.004183332133106801,0.8843925818800926,0.3622177988290787,0.002026258376099599,0.011328125023283064,0.0,0.0,4,9.541328643668129e-05,9.541328643668129e-05,1.0,in,l2sq,6785.446872711182
2026-05-19T16:22:04.124252,282,301940,105.77851541907809,105.77851541907809,56,0.2872282608695652,5.055,0.27,10,17,-0.001721337475464324,0.9677781015634537,0.3206951692700386,0.0025342333103253734,0.010937500046566129,0.0,0.0,4,9.539897468226094e-05,9.539897468226094e-05,1.0,in,l2sq,6809.763249158859
2026-05-19T16:22:24.582258,283,302974,116.42260353848064,111.10055947877936,57,0.2907608695652174,5.115,0.26,17,17,-0.0026320174853026734,0.9001771807670593,0.3435746729373932,0.0010034118902467193,0.0023437500785803422,0.0,0.0,4,9.538466531305348e-05,9.538466531305348e-05,1.0,in,l2sq,6830.221232175827
2026-05-19T16:22:49.570297,284,304056,34.10189980484308,34.10189980484308,50,0.2872282608695652,5.265,0.25,8,17,-0.0031307109820772894,0.830335296690464,0.35514017939567566,0.0008335654476240573,0.005859375261934474,0.0,0.0,4,9.536558933383751e-05,9.536558933383751e-05,1.0,in,l2sq,6855.2093024253845
2026-05-19T16:23:11.404115,285,305161,81.17296224411562,57.637431024479355,52,0.28396739130434784,5.135,0.26,17,17,-0.001982209098059684,1.0132508277893066,0.36797792464494705,0.0013701779933398828,0.01132812537252903,0.0,0.0,4,9.535128473386333e-05,9.535128473386333e-05,1.0,in,l2sq,6877.043039560318
2026-05-19T16:23:35.688543,286,306216,72.47182695087307,72.47182695087307,55,0.28342391304347825,5.11,0.32,9,17,-0.002070379679207701,0.920893706381321,0.34005850553512573,0.0005501737129861572,0.002343750005820766,0.0,0.0,4,9.533698251790968e-05,9.533698251790968e-05,1.0,in,l2sq,6901.327534914017
2026-05-19T16:23:56.877785,287,307286,107.47932872998845,89.97557784043076,53,0.2842391304347826,5.135,0.34,17,17,-0.0037752292759251627,0.9421160146594048,0.33852456137537956,0.0007024968715086399,0.01464843752910383,0.0,0.0,4,9.531791607477591e-05,9.531791607477591e-05,1.0,in,l2sq,6922.516728878021
2026-05-19T16:24:20.837169,288,308322,135.8759788779191,135.8759788779191,56,0.2826086956521739,4.93,0.3,7,17,-0.002075058297486998,0.9638452976942062,0.3132191598415375,-8.405373773712199e-05,0.0011718750465661287,0.0,0.0,4,9.53036186256714e-05,9.53036186256714e-05,1.0,in,l2sq,6946.476155757904
2026-05-19T16:24:43.351425,289,309458,101.20840655138767,118.54219271465338,52,0.28206521739130436,5.255,0.27,17,17,-0.002336636962741112,0.9378766268491745,0.34036560356616974,8.169626548805431e-05,0.004687500011641532,0.0,0.0,4,9.528932355939565e-05,9.528932355939565e-05,1.0,in,l2sq,6968.990382194519
2026-05-19T16:25:08.392371,290,310542,-1.7581091735493957,-1.7581091735493957,34,0.2769021739130435,5.17,0.22,7,17,-0.0030205604503862893,0.9061748534440994,0.3717096745967865,0.00018479319348901901,0.009570312686264515,0.0,0.0,4,9.527026664757701e-05,9.527026664757701e-05,1.0,in,l2sq,6994.031333208084
2026-05-19T16:25:27.975052,291,311532,59.314102782034695,28.77799680424265,47,0.2763586956521739,5.05,0.18,17,17,-0.002219057886395648,0.9714322090148926,0.3254740685224533,0.0010020566300227018,0.004687500011641532,0.0,0.0,4,9.525597634576744e-05,9.525597634576744e-05,1.0,in,l2sq,7013.61403799057
2026-05-19T16:25:51.211152,292,312537,57.50290065014224,57.50290065014224,50,0.2769021739130435,5.035,0.16,11,17,-0.0028301312304392923,0.9177213311195374,0.34319858253002167,0.0022682116949681586,0.007812500058207661,0.0,0.0,4,9.524168842559545e-05,9.524168842559545e-05,1.0,in,l2sq,7036.850097179413
2026-05-19T16:26:13.581262,293,313661,9.826341344832255,33.66462099748725,51,0.27907608695652175,5.02,0.2,17,17,-0.003054427799361298,0.8925687745213509,0.33563198149204254,0.0019106240819837667,0.0037109376717125997,0.0,0.0,4,9.522264104032722e-05,9.522264104032722e-05,1.0,in,l2sq,7059.220213651657
2026-05-19T16:26:38.696313,294,314749,121.86103510187769,121.86103510187769,54,0.2823369565217391,4.985,0.25,7,17,-0.0035919934511183804,0.9583926498889923,0.33370260149240494,0.002030731441300282,0.014062499860301614,0.0,0.0,4,9.520835788223967e-05,9.520835788223967e-05,1.0,in,l2sq,7084.335298061371
2026-05-19T16:27:00.216087,295,315831,17.593695953941406,69.72736552790954,34,0.2752717391304348,5.155,0.24,17,17,-0.0027184315040359452,0.8689215332269669,0.35996268317103386,-0.00029726302548167827,0.005273437549476512,0.0,0.0,4,9.519407710459912e-05,9.519407710459912e-05,1.0,in,l2sq,7105.855036497116
2026-05-19T16:27:23.909609,296,316856,142.26016361993908,142.26016361993908,56,0.2777173913043478,5.245,0.33,10,17,-0.00357814465533024,0.915101133286953,0.3471828103065491,0.0027436606695118992,0.016406250069849193,0.0,0.0,4,9.517503924111898e-05,9.517503924111898e-05,1.0,in,l2sq,7129.548613548279
2026-05-19T16:27:45.614054,297,317948,48.924421477680916,95.59229254881,50,0.275,5.31,0.26,17,17,-0.001960758905624971,0.9667832106351852,0.3242088109254837,-0.0019304216901219196,0.011718750232830644,0.0,0.0,4,9.51607632231823e-05,9.51607632231823e-05,1.0,in,l2sq,7151.253040552139
2026-05-19T16:28:10.383417,298,319025,89.40495834263486,89.40495834263486,55,0.2752717391304348,5.435,0.2,10,17,-0.001940269834449282,0.8375063315033913,0.3313407860696316,0.000796415826971486,0.0007812500261934474,0.0,0.0,4,9.514648958450263e-05,9.514648958450263e-05,1.0,in,l2sq,7176.022403001785
2026-05-19T16:28:30.587619,299,320040,97.75971896833104,93.58233865548294,60,0.2766304347826087,5.33,0.29,17,17,-0.002942888249526765,0.8627074956893921,0.3632590286433697,0.0009168787446469651,0.0068359375,0.0,0.0,4,9.512746123805063e-05,9.512746123805063e-05,1.0,in,l2sq,7196.226563215256
2026-05-19T16:28:55.952155,300,321090,15.06479917876942,15.06479917876942,48,0.2752717391304348,5.27,0.23,10,17,-0.0017686739622149172,1.0058635771274567,0.35228049010038376,-0.00013865058881490366,0.0,0.0,0.0,4,9.511319235669548e-05,9.511319235669548e-05,1.0,in,l2sq,7221.591137647629
2026-05-19T16:29:17.288544,301,322164,85.0651142996153,50.06495673919236,53,0.2779891304347826,5.175,0.25,17,17,-0.00352611514681489,0.7950441315770149,0.3545220270752907,0.00033135136009147803,0.00898437507566996,0.0,0.0,4,9.509892585340794e-05,9.509892585340794e-05,1.0,in,l2sq,7242.927531719208
2026-05-19T16:29:41.321114,302,323204,35.458243708433955,35.458243708433955,45,0.275,5.135,0.23,10,17,-0.001996071138273714,0.8968680500984192,0.3362400755286217,0.0015492307692284157,0.003710937569849193,0.0,0.0,4,9.507990701922652e-05,9.507990701922652e-05,1.0,in,l2sq,7266.96009016037
2026-05-19T16:30:02.009528,303,324250,25.510559783046983,30.48440174574047,39,0.27010869565217394,5.14,0.25,17,17,-0.0008049101037612694,0.9724195450544357,0.35467851907014847,0.0013773882632449053,0.0011718750465661287,0.0,0.0,4,9.50656452708853e-05,9.50656452708853e-05,1.0,in,l2sq,7287.648508071899
2026-05-19T16:30:24.251887,304,325216,88.07767696048441,88.07767696048441,53,0.27092391304347824,5.06,0.24,10,17,-0.0030326050866279486,0.8803732097148895,0.342295303940773,0.001218060390164033,0.005664062715368345,0.0,0.0,4,9.505138589942289e-05,9.505138589942289e-05,1.0,in,l2sq,7309.890865564346
2026-05-19T16:30:44.900248,305,326236,72.96308258436652,80.52037977242546,45,0.26902173913043476,5.005,0.23,17,17,-0.001989855995634615,0.9203998148441315,0.3620913028717041,-0.000723268630190399,0.007031250279396772,0.0,0.0,4,9.503712842917832e-05,9.503712842917832e-05,1.0,in,l2sq,7330.539203166962
2026-05-19T16:31:10.494212,306,327299,114.37839120085808,114.37839120085808,57,0.26956521739130435,4.915,0.28,9,17,-0.003295321678160712,0.8538573086261749,0.3413267061114311,0.001276659688937809,0.004687500026193447,0.0,0.0,4,9.502287333509959e-05,9.502287333509959e-05,1.0,in,l2sq,7356.13320183754
2026-05-19T16:31:33.658698,307,328406,72.20548227677322,93.29193673881565,55,0.27010869565217394,5.075,0.27,17,17,-0.00273078686550432,0.9006890878081322,0.35640713199973106,0.0006459461791336885,0.0068359375,0.0,0.0,4,9.50038697106613e-05,9.50038697106613e-05,1.0,in,l2sq,7379.297640323639
2026-05-19T16:31:59.367068,308,329479,62.27160546413895,62.27160546413895,43,0.26657608695652174,5.225,0.28,10,17,-0.00273092318675483,0.9374368041753769,0.3475578501820564,0.0024459617819957424,0.01054687483701855,0.0,0.0,4,9.498961936772625e-05,9.498961936772625e-05,1.0,in,l2sq,7405.006065607071
2026-05-19T16:32:20.847427,309,330517,89.41917564918235,75.84539055666065,47,0.26521739130434785,5.29,0.33,17,17,-0.0024733832040510495,0.8801054358482361,0.36151448637247086,0.00038627322005594864,0.00019531250291038305,0.0,0.0,4,9.497537139976919e-05,9.497537139976919e-05,1.0,in,l2sq,7426.486364841461
2026-05-19T16:32:46.904396,310,331604,60.909557991262524,60.909557991262524,44,0.26793478260869563,5.355,0.36,11,17,-0.0026687324221711384,0.8692053332924843,0.3286466673016548,5.7498413480072674e-05,0.0033203125494765118,0.0,0.0,4,9.495637727524296e-05,9.495637727524296e-05,1.0,in,l2sq,7452.543363809586
2026-05-19T16:33:09.409178,311,332693,5.26649171444129,33.08802485285191,40,0.26603260869565215,5.285,0.25,17,17,-0.0014736726909179154,0.9714837968349457,0.3349604308605194,0.0003082295170315774,0.001953125,0.0,0.0,4,9.494213405605448e-05,9.494213405605448e-05,1.0,in,l2sq,7475.048141479492
2026-05-19T16:33:34.710923,312,333744,99.94178382547257,99.94178382547257,51,0.266304347826087,5.25,0.26,10,17,-0.00281766414846063,0.920017883181572,0.33717819675803185,-0.0003659876646224802,0.006054687502910383,0.0,0.0,4,9.492789321065675e-05,9.492789321065675e-05,1.0,in,l2sq,7500.349890708923
2026-05-19T16:33:55.892192,313,334769,75.35578620452706,87.64878501499982,45,0.26467391304347826,5.2,0.29,17,17,-0.0015673824258557456,0.8693858236074448,0.3508491963148117,0.0006569602953277395,0.001953125072759576,0.0,0.0,4,9.490890858129356e-05,9.490890858129356e-05,1.0,in,l2sq,7521.5311686992645
2026-05-19T16:34:21.260181,314,335820,89.46189329580127,89.46189329580127,48,0.26304347826086955,5.06,0.25,8,17,-0.002068835482350595,0.8813512921333313,0.3670700490474701,-0.00011238181375574675,0.0003906250058207661,0.0,0.0,4,9.489467248229049e-05,9.489467248229049e-05,1.0,in,l2sq,7546.899140834808
2026-05-19T16:34:43.821244,315,336908,54.78573957477812,72.1238164352897,48,0.2668478260869565,5.18,0.32,17,17,-0.0024973525083623604,0.9074827507138252,0.34909284114837646,0.0004725502761175199,0.0011718750174622983,0.0,0.0,4,9.488043875589151e-05,9.488043875589151e-05,1.0,in,l2sq,7569.460182189941
2026-05-19T16:35:09.300135,316,337964,157.518128119785,157.518128119785,57,0.26711956521739133,5.12,0.28,9,17,-0.0023506915502367054,0.8356738314032555,0.3465781733393669,0.0014842894703633591,0.006445312712457962,0.0,0.0,4,9.486146361694472e-05,9.486146361694472e-05,1.0,in,l2sq,7594.939133644104
2026-05-19T16:35:31.268727,317,339026,60.179951038228836,108.84903957900691,52,0.26766304347826086,5.19,0.32,17,17,-0.0029963277862407045,0.9155799895524979,0.3493933081626892,0.003512532739750912,0.017187500838190317,0.0,0.0,4,9.48472346345677e-05,9.48472346345677e-05,1.0,in,l2sq,7616.90766620636
2026-05-19T16:35:56.708767,318,340081,121.85221640393834,121.85221640393834,52,0.2668478260869565,5.16,0.28,9,17,-0.0029306575976078553,0.9174139201641083,0.35179539024829865,0.0005156301862939416,0.007226562622236088,0.0,0.0,4,9.483300802360869e-05,9.483300802360869e-05,1.0,in,l2sq,7642.347755908966
2026-05-19T16:36:19.254762,319,341167,69.9939354345513,95.92307591924482,46,0.26304347826086955,5.045,0.27,17,17,-0.0017478389811003137,0.8121825009584427,0.3354898914694786,0.00041256418762714367,0.0035156250232830644,0.0,0.0,4,9.481404237033404e-05,9.481404237033404e-05,1.0,in,l2sq,7664.893742799759
2026-05-19T16:36:43.964662,320,342190,77.34722048297719,77.34722048297719,47,0.2627717391304348,4.995,0.29,10,17,-0.003114668384660013,0.9001680612564087,0.34227872639894485,0.0007579860764054258,0.006640624953433871,0.0,0.0,4,9.479982050102545e-05,9.479982050102545e-05,1.0,in,l2sq,7689.60366153717
2026-05-19T16:37:05.764583,321,343241,92.4658969107312,84.9065586968542,45,0.26059782608695653,5.025,0.23,17,17,-0.0031303820403991156,0.9769321456551552,0.3249555565416813,0.0014819303308286624,0.013476563210133463,0.0,0.0,4,9.478560100194941e-05,9.478560100194941e-05,1.0,in,l2sq,7711.403525352478
2026-05-19T16:37:30.185562,322,344248,140.08993311843662,140.08993311843662,53,0.2627717391304348,4.98,0.27,10,17,-0.003998312371550128,0.8106040805578232,0.34725984930992126,0.001242010254463799,0.0062500000931322575,0.0,0.0,4,9.477138339877497e-05,9.477138339877497e-05,1.0,in,l2sq,7735.82456278801
2026-05-19T16:37:52.386058,323,345316,59.833077145171664,99.96150513180415,54,0.2668478260869565,5.025,0.28,17,17,-0.0020652350183809065,0.8753686249256134,0.3159008137881756,0.0024575036142777795,0.005078124930150807,0.0,0.0,4,9.475716816512207e-05,9.475716816512207e-05,1.0,in,l2sq,7758.024991750717
2026-05-19T16:38:17.448233,324,346353,65.87730834370296,65.87730834370296,47,0.26521739130434785,5.095,0.33,10,17,-0.0018854812071367189,0.8782685026526451,0.32250427454710007,0.0012206641985813005,0.0,0.0,0.0,4,9.473821767906073e-05,9.473821767906073e-05,1.0,in,l2sq,7783.08721780777
2026-05-19T16:38:39.450345,325,347416,34.28205027635998,50.07967931003147,43,0.26467391304347826,5.115,0.31,17,17,-0.002007811068324372,0.9498402178287506,0.341959185898304,0.0005731385506805298,0.0011718750465661287,0.0,0.0,4,9.472400718326627e-05,9.472400718326627e-05,1.0,in,l2sq,7805.089326620102
2026-05-19T16:39:04.981237,326,348481,26.171629922612325,26.171629922612325,39,0.2597826086956522,5.15,0.35,11,17,-0.002945802356407512,0.9005593433976173,0.3192608021199703,0.0015078773006280133,0.0025390625960426405,0.0,0.0,4,9.470979905580882e-05,9.470979905580882e-05,1.0,in,l2sq,7830.620206356049
2026-05-19T16:39:26.628180,327,349528,131.50717983342187,78.83940487801709,58,0.26059782608695653,5.265,0.37,17,17,-0.0022148922638735025,0.8856615424156189,0.32460276037454605,0.0002615209037230837,0.0015625000232830644,0.0,0.0,4,9.469085804309564e-05,9.469085804309564e-05,1.0,in,l2sq,7852.267157077789
2026-05-19T16:39:52.633559,328,350619,44.04185017839346,44.04185017839346,45,0.26114130434782606,5.31,0.38,11,17,-0.0023225769575219157,0.8832486271858215,0.31364644318819046,-0.00013070586646790616,0.0003906250058207661,0.0,0.0,4,9.467665465112816e-05,9.467665465112816e-05,1.0,in,l2sq,7878.272561788559
2026-05-19T16:40:14.489249,329,351673,90.200142910194,67.12099654429373,44,0.26032608695652176,5.385,0.38,17,17,-0.0028474719118094516,0.9196370467543602,0.3275589756667614,6.242048544891077e-05,0.006835937645519152,0.0,0.0,4,9.466245362631375e-05,9.466245362631375e-05,1.0,in,l2sq,7900.128136396408
2026-05-19T16:40:39.563628,330,352712,153.15745769292607,153.15745769292607,64,0.2657608695652174,5.43,0.32,10,17,-0.0029966246336697866,0.880264014005661,0.31931644678115845,0.0017391860619227206,0.011328125518048182,0.0,0.0,4,9.464352208221304e-05,9.464352208221304e-05,1.0,in,l2sq,7925.20262336731
2026-05-19T16:41:01.088970,331,353753,75.9994155204381,114.57843660668209,47,0.26766304347826086,5.25,0.31,17,17,-0.0010162316510102798,0.9964786171913147,0.3089630752801895,-0.00016927054093685,0.0015625000232830644,0.0,0.0,4,9.462932579052134e-05,9.462932579052134e-05,1.0,in,l2sq,7946.727883577347
2026-05-19T16:41:25.983113,332,354784,88.19976043763003,88.19976043763003,60,0.27010869565217394,5.245,0.26,10,17,-0.0029066380084259436,0.9113689810037613,0.30443132668733597,-0.00015747785728308442,0.0029296876018634066,0.0,0.0,4,9.46151318647994e-05,9.46151318647994e-05,1.0,in,l2sq,7971.622096538544
2026-05-19T16:41:48.017200,333,355847,51.65878881400684,69.92927462581844,50,0.2714673913043478,5.14,0.27,17,17,-0.0023178987554274,0.9090475961565971,0.3239280469715595,0.0010917211173819136,0.0029296875,0.0,0.0,4,9.459620978457776e-05,9.459620978457776e-05,1.0,in,l2sq,7993.656177520752
2026-05-19T16:42:13.747052,334,356918,50.72095203681037,50.72095203681037,50,0.2720108695652174,5.14,0.32,9,17,-0.0008814350090716738,0.9412164390087128,0.3197733536362648,0.0004943262749292909,0.0023437500931322575,0.0,0.0,4,9.458202058961242e-05,9.458202058961242e-05,1.0,in,l2sq,8019.386027812958
2026-05-19T16:42:34.247541,335,357908,43.87701102125176,47.29898152903107,40,0.2698369565217391,5.125,0.35,17,17,-0.0029291473852935956,0.8929643109440804,0.3299056440591812,0.002415613511857373,0.005273437651339918,0.0,0.0,4,9.45678337594341e-05,9.45678337594341e-05,1.0,in,l2sq,8039.886507987976
2026-05-19T16:42:59.542161,336,358961,114.79924083235473,114.79924083235473,54,0.26902173913043476,5.1,0.34,10,17,-0.0030380487907677445,0.8327711224555969,0.3039107546210289,0.0025746141307536607,0.0074218752852175385,0.0,0.0,4,9.455364882080158e-05,9.455364882080158e-05,1.0,in,l2sq,8065.181123495102
2026-05-19T16:43:22.101901,337,360042,54.858412050498714,84.82882644142671,46,0.2673913043478261,5.075,0.34,17,17,-0.002377110363158824,0.904505230486393,0.33219534903764725,0.0011869916766954897,0.0009765625291038305,0.0,0.0,4,9.45394662462467e-05,9.45394662462467e-05,1.0,in,l2sq,8087.740853309631
2026-05-19T16:43:48.290578,338,361135,72.10001846534476,72.10001846534476,52,0.2673913043478261,5.04,0.27,10,17,-0.0032562850450631453,0.8795200437307358,0.3373929038643837,0.0016666531785972383,0.003906250145519152,0.0,0.0,4,9.452055929839211e-05,9.452055929839211e-05,1.0,in,l2sq,8113.929577589035
2026-05-19T16:44:09.336950,339,362156,144.7112647240629,108.40564159470382,55,0.2698369565217391,5.165,0.24,17,17,-0.0038605962996371146,0.8458197712898254,0.3507544994354248,0.0022692006628859396,0.016796874813735485,0.0,0.0,4,9.450638145081059e-05,9.450638145081059e-05,1.0,in,l2sq,8134.975873708725
2026-05-19T16:44:34.764633,340,363209,97.85094977377402,97.85094977377402,55,0.2720108695652174,5.085,0.16,9,17,-0.0019024355693545991,0.9394679591059685,0.345892995595932,0.0005377588962801605,0.002148437561118044,0.0,0.0,4,9.449220596612488e-05,9.449220596612488e-05,1.0,in,l2sq,8160.4036247730255
2026-05-19T16:44:57.212891,341,364291,24.699306029199775,61.2751279014869,52,0.27391304347826084,5.035,0.17,17,17,-0.002661665220512144,0.9319019988179207,0.3288312628865242,0.000885989617381705,0.0021484375174622983,0.0,0.0,4,9.44733084698537e-05,9.44733084698537e-05,1.0,in,l2sq,8182.851868867874
2026-05-19T16:45:23.027360,342,365364,28.477268504462135,28.477268504462135,46,0.2720108695652174,5.115,0.2,9,17,-0.0022504657506943193,1.0015332847833633,0.33377790451049805,0.0011533983833031947,0.0011718750465661287,0.0,0.0,4,9.445913770977831e-05,9.445913770977831e-05,1.0,in,l2sq,8208.666349172592
2026-05-19T16:45:45.982201,343,366468,93.24493298780263,60.86110074613238,61,0.27391304347826084,5.145,0.31,17,17,-0.003039988556702178,0.8965769559144974,0.34290772303938866,0.0016683821041624802,0.012500000128056854,0.0,0.0,4,9.444496931141754e-05,9.444496931141754e-05,1.0,in,l2sq,8231.621140480042
2026-05-19T16:46:11.657853,344,367531,124.42410692643165,124.42410692643165,53,0.27554347826086956,5.155,0.34,10,17,-0.0025234245264073585,0.910666435956955,0.3558492362499237,0.001203455409267945,0.0074218749650754035,0.0,0.0,4,9.442608126200494e-05,9.442608126200494e-05,1.0,in,l2sq,8257.296846628189
2026-05-19T16:46:33.964006,345,368608,133.19270257478044,128.80840475060603,59,0.2798913043478261,5.15,0.36,17,17,-0.003008854383369952,0.941381961107254,0.3611455485224724,-0.0008266202670711154,0.007421875139698386,0.0,0.0,4,9.441191758589266e-05,9.441191758589266e-05,1.0,in,l2sq,8279.602957963943
2026-05-19T16:46:58.878619,346,369629,97.6049339481633,97.6049339481633,52,0.28342391304347825,5.17,0.36,9,17,-0.002474746509687986,0.9386365711688995,0.34822139143943787,0.001176360524232159,0.0027343750261934474,0.0,0.0,4,9.439775627031436e-05,9.439775627031436e-05,1.0,in,l2sq,8304.517595767975
2026-05-19T16:47:21.822010,347,370732,61.99021420926335,79.79757407871332,43,0.2793478260869565,5.29,0.3,17,17,-0.0026407379977172463,0.8995461761951447,0.346450787037611,-0.00010063206018458976,0.002148437488358468,0.0,0.0,4,9.437887766303786e-05,9.437887766303786e-05,1.0,in,l2sq,8327.46098947525
2026-05-19T16:47:47.110201,348,371779,91.23390841016449,91.23390841016449,49,0.28043478260869564,5.4,0.31,10,17,-0.003290640626801178,0.9009489715099335,0.34667860716581345,0.0006566174820363813,0.0007812500116415322,0.0,0.0,4,9.43647210673474e-05,9.43647210673474e-05,1.0,in,l2sq,8352.749165773392
2026-05-19T16:48:09.180696,349,372842,75.07137289948543,83.15264065482495,48,0.28152173913043477,5.62,0.31,17,17,-0.002357914306048592,0.8697995617985725,0.3675928860902786,-0.0008626862723758624,0.005468750212457962,0.0,0.0,4,9.435056683101091e-05,9.435056683101091e-05,1.0,in,l2sq,8374.819645404816
2026-05-19T16:48:36.092027,350,373905,59.18872527600582,59.18872527600582,37,0.27418478260869567,5.7,0.25,10,17,-0.002093762579897851,0.8207771703600883,0.33845334872603416,0.00016207479056902507,0.0031250000465661287,0.0,0.0,4,9.433169766115038e-05,9.433169766115038e-05,1.0,in,l2sq,8401.730927467346
2026-05-19T16:48:57.556602,351,374941,84.89631289259478,72.0425190843003,48,0.27445652173913043,5.495,0.2,17,17,-0.001295103882148485,1.0127327144145966,0.367497518658638,-0.00025415413874729786,0.0031250000465661287,0.0,0.0,4,9.431754814234224e-05,9.431754814234224e-05,1.0,in,l2sq,8423.19555258751
2026-05-19T16:49:23.377706,352,376007,77.88542500573583,77.88542500573583,56,0.2733695652173913,5.45,0.23,9,17,-0.004008863234776089,0.8786003589630127,0.3454577848315239,0.003523438956062816,0.01152343733701855,0.0,0.0,4,9.430340098170862e-05,9.430340098170862e-05,1.0,in,l2sq,8449.016696691513
2026-05-19T16:49:45.802460,353,377085,110.36946140363654,94.12744320468619,54,0.27445652173913043,5.395,0.17,17,17,-0.002923512460256461,0.8963706716895103,0.36582712456583977,0.002927355778319901,0.011718750116415322,0.0,0.0,4,9.428454124454629e-05,9.428454124454629e-05,1.0,in,l2sq,8471.441362857819
2026-05-19T16:50:10.829823,354,378158,72.00268960304996,72.00268960304996,55,0.2758152173913043,5.355,0.24,9,17,-0.0023426175786882553,0.8374279141426086,0.35632865130901337,0.002785893443069676,0.0015625000232830644,0.0,0.0,4,9.427039879908275e-05,9.427039879908275e-05,1.0,in,l2sq,8496.468826293945
2026-05-19T16:50:31.028122,355,379187,74.22209479281948,73.11239219793472,49,0.2782608695652174,5.43,0.2,17,17,-0.002789266422041692,0.9468248784542084,0.3721567764878273,0.0009435972734081824,0.0015625000232830644,0.0,0.0,4,9.425625871061489e-05,9.425625871061489e-05,1.0,in,l2sq,8516.667116641998
2026-05-19T16:50:54.170238,356,380194,101.63892960493389,101.63892960493389,54,0.2782608695652174,5.38,0.24,10,17,-0.002366603926930111,0.8898381739854813,0.34170475974678993,-0.00021646952741313785,0.005859375261934474,0.0,0.0,4,9.423740840143535e-05,9.423740840143535e-05,1.0,in,l2sq,8539.809206962585
2026-05-19T16:51:15.884438,357,381295,102.77200852714549,102.20546906603968,51,0.2796195652173913,5.5,0.27,17,17,-0.00212412183755073,0.8799093961715698,0.3284803330898285,0.001711727940892159,0.0031250000465661287,0.0,0.0,4,9.422327302578043e-05,9.422327302578043e-05,1.0,in,l2sq,8561.523395299911
2026-05-19T16:51:41.366240,358,382343,63.400885602087165,63.400885602087165,49,0.27880434782608693,5.53,0.22,9,17,-0.0022328782741168895,0.8775469213724136,0.33929749578237534,0.0006760514201573364,0.0015624999796273187,0.0,0.0,4,9.420914000594295e-05,9.420914000594295e-05,1.0,in,l2sq,8587.005203723907
2026-05-19T16:52:04.368137,359,383440,129.95158176090032,96.67623368149374,54,0.27853260869565216,5.61,0.29,17,17,-0.003317290468839884,0.8800509795546532,0.3685474880039692,4.654278911862819e-05,0.011914062546566129,0.0,0.0,4,9.419029912003315e-05,9.419029912003315e-05,1.0,in,l2sq,8610.007095575333
2026-05-19T16:52:29.159117,360,384460,139.4849562671312,139.4849562671312,59,0.2796195652173913,5.36,0.27,10,17,-0.003792917868122636,0.9574475437402725,0.3710765317082405,0.004101393320706859,0.006249999918509275,0.0,0.0,4,9.417617081065266e-05,9.417617081065266e-05,1.0,in,l2sq,8634.798112154007
2026-05-19T16:52:51.256837,361,385515,102.62344872287967,121.05420249500543,53,0.2798913043478261,5.145,0.24,17,17,-0.002774283150210999,0.8871032148599625,0.35455824062228203,0.0022390674134385377,0.005664062628056854,0.0,0.0,4,9.416204485591192e-05,9.416204485591192e-05,1.0,in,l2sq,8656.895736694336
2026-05-19T16:53:17.024584,362,386577,129.21237822401477,129.21237822401477,47,0.2801630434782609,5.11,0.22,11,17,-0.0032112134795170277,0.8608744889497757,0.34650543332099915,0.001458804188666854,0.012109374860301614,0.0,0.0,4,9.414321338856118e-05,9.414321338856118e-05,1.0,in,l2sq,8682.663578033447
2026-05-19T16:53:39.453232,363,387651,107.96726090085473,118.58981956243474,60,0.2798913043478261,5.065,0.22,17,17,-0.0009617902192985417,0.9285724312067032,0.3337547779083252,0.0010988009733409743,0.0007812500116415322,0.0,0.0,4,9.41290921419227e-05,9.41290921419227e-05,1.0,in,l2sq,8705.09215593338
2026-05-19T16:54:06.206899,364,388763,101.8302497531477,101.8302497531477,54,0.2801630434782609,5.345,0.29,11,17,-0.0024485568144884395,0.9337489902973175,0.3348349891602993,0.00011451882719485523,0.0027343750989530236,0.0,0.0,4,9.411497324874688e-05,9.411497324874688e-05,1.0,in,l2sq,8731.845878362656
2026-05-19T16:54:27.931855,365,389805,135.37672865896,118.60348920605384,57,0.2796195652173913,5.44,0.34,17,17,-0.0021801812988997415,0.8911604881286621,0.3462942987680435,0.00012496303243092477,0.0005859375087311491,0.0,0.0,4,9.409615119524686e-05,9.409615119524686e-05,1.0,in,l2sq,8753.570836305618
2026-05-19T16:54:54.144545,366,390896,137.6864056999302,137.6864056999302,61,0.28206521739130436,5.505,0.32,11,17,-0.002026892892899923,0.8358803391456604,0.3088291808962822,-4.97734466989308e-05,0.0027343749534338713,0.0,0.0,4,9.408203700781971e-05,9.408203700781971e-05,1.0,in,l2sq,8779.783514022827
2026-05-19T16:55:15.676823,367,391926,128.76375011514426,133.22507790753724,52,0.2845108695652174,5.25,0.27,17,17,-0.0029239215691632126,0.9492085352540016,0.33381645753979683,0.0013972837204278138,0.0037109374825377017,0.0,0.0,4,9.406792517267872e-05,9.406792517267872e-05,1.0,in,l2sq,8801.315793514252
2026-05-19T16:55:42.134670,368,393026,46.19795021123637,46.19795021123637,50,0.2847826086956522,5.085,0.21,13,17,-0.002836302366631571,0.8881235867738724,0.3544360399246216,0.00041437860709266083,0.0003906250058207661,0.0,0.0,4,9.404911252832343e-05,9.404911252832343e-05,1.0,in,l2sq,8827.773634672165
2026-05-19T16:56:04.251100,369,394087,176.51403235556612,111.35599128340124,67,0.28994565217391305,5.03,0.17,17,17,-0.0027510211744811164,1.0040998607873917,0.3572014644742012,0.00046600744426539276,0.0066406250989530236,0.0,0.0,4,9.403500539657872e-05,9.403500539657872e-05,1.0,in,l2sq,8849.890089273453
2026-05-19T16:56:30.552329,370,395178,52.53593304189741,52.53593304189741,48,0.29293478260869565,5.165,0.22,12,17,-0.001849611297075171,0.8908662721514702,0.34439072757959366,0.0008341036133515554,0.007421874892315827,0.0,0.0,4,9.402090061594426e-05,9.402090061594426e-05,1.0,in,l2sq,8876.191264390945
2026-05-19T16:56:51.695669,371,396192,77.95089485881786,65.24341395035763,52,0.2940217391304348,5.17,0.24,17,17,-0.002263977410621093,0.8588611930608749,0.3476414643228054,-5.5858610608097714e-05,0.0003906250058207661,0.0,0.0,4,9.400209737603009e-05,9.400209737603009e-05,1.0,in,l2sq,8897.334619998932
2026-05-19T16:57:16.727448,372,397226,54.09828625689319,54.09828625689319,46,0.29130434782608694,5.13,0.23,12,17,-0.0016069546531070067,0.9092764258384705,0.3294583559036255,-0.0002925141362993544,0.0007812500116415322,0.0,0.0,4,9.398799729644068e-05,9.398799729644068e-05,1.0,in,l2sq,8922.366430521011
2026-05-19T16:57:38.296857,373,398259,106.90670588856737,80.50249607273028,50,0.2902173913043478,5.125,0.25,17,17,-0.003202240224345565,0.8587600961327553,0.3423484303057194,0.001839866490945502,0.006835937674622983,0.0,0.0,4,9.39738995667862e-05,9.39738995667862e-05,1.0,in,l2sq,8943.935799121857
2026-05-19T16:58:04.677979,374,399354,82.02004084552405,82.02004084552405,54,0.28994565217391305,5.17,0.23,13,17,-0.00230191953596659,0.8469133526086807,0.339356005191803,0.0006207816839378169,0.0011718750465661287,0.0,0.0,4,9.395980371679768e-05,9.395980371679768e-05,1.0,in,l2sq,8970.316984415054
2026-05-19T16:58:26.367202,375,400395,37.150691010446806,59.58536592798543,49,0.28994565217391305,5.095,0.23,17,17,-0.0020483680345932953,0.9669912531971931,0.3674536272883415,-0.00041357699569744,0.008593750098953024,0.0,0.0,4,9.394571021603917e-05,9.394571021603917e-05,1.0,in,l2sq,8992.00618314743
2026-05-19T16:58:52.491603,376,401482,92.05711432007007,92.05711432007007,46,0.2877717391304348,5.165,0.21,13,17,-0.003354367316933282,0.9110779389739037,0.3456375226378441,0.0005996328825289762,0.005859375,0.0,0.0,4,9.392692201345306e-05,9.392692201345306e-05,1.0,in,l2sq,9018.13058257103
2026-05-19T16:59:14.280505,377,402528,103.93713455998123,97.99712444002566,47,0.2866847826086957,5.15,0.21,17,17,-0.0024642393982503563,1.000909611582756,0.35953405499458313,0.0026034464631720655,0.007812500232830644,0.0,0.0,4,9.391283320998009e-05,9.391283320998009e-05,1.0,in,l2sq,9039.919471740723
2026-05-19T16:59:40.174425,378,403597,175.70966752398346,175.70966752398346,66,0.29130434782608694,5.255,0.22,10,17,-0.0023222871182951854,0.9302062019705772,0.3313922770321369,0.0011994994779570556,0.0023437500931322575,0.0,0.0,4,9.389874675456276e-05,9.389874675456276e-05,1.0,in,l2sq,9065.813380479813
2026-05-19T17:00:02.123327,379,404646,69.23014335624583,122.46990544011464,46,0.2891304347826087,5.39,0.22,17,17,-0.003154069550510008,0.8844736889004707,0.33392009511590004,0.001955604914610304,0.0074218749068677425,0.0,0.0,4,9.38799679441993e-05,9.38799679441993e-05,1.0,in,l2sq,9087.762297153473
2026-05-19T17:00:27.218986,380,405679,71.55539369116296,71.55539369116296,49,0.28641304347826085,5.22,0.21,10,17,-0.004341734945774056,0.9552580714225769,0.3292277902364731,0.0025780839065191463,0.014062500325962901,0.0,0.0,4,9.386588618371933e-05,9.386588618371933e-05,1.0,in,l2sq,9112.857959985733
2026-05-19T17:00:49.448682,381,406743,43.1044788153699,57.32993625326643,42,0.28342391304347825,5.165,0.25,17,17,-0.002293451175501171,0.9185200929641724,0.3424973860383034,0.0009808846628402423,0.005273437651339918,0.0,0.0,4,9.38518067701212e-05,9.38518067701212e-05,1.0,in,l2sq,9135.087626934052
2026-05-19T17:01:15.307824,382,407810,87.76041110597312,87.76041110597312,47,0.28342391304347825,5.22,0.25,10,17,-0.0029679332277737225,0.9260818660259247,0.3339410834014416,0.00021247781021432877,0.0027343750989530236,0.0,0.0,4,9.383303734728524e-05,9.383303734728524e-05,1.0,in,l2sq,9160.946820735931
2026-05-19T17:01:37.962751,383,408895,27.101032872717386,57.43072198934525,45,0.2793478260869565,5.195,0.28,17,17,-0.004635271232109522,0.8852377235889435,0.3469470962882042,0.0026407154779008123,0.011328125023283064,0.0,0.0,4,9.381896262627748e-05,9.381896262627748e-05,1.0,in,l2sq,9183.601690530777
2026-05-19T17:02:02.249722,384,409887,114.03341465164522,114.03341465164522,62,0.28152173913043477,5.355,0.35,10,17,-0.002780677442206003,0.9114166125655174,0.33941224589943886,-0.00015171764191562742,0.011718750116415322,0.0,0.0,4,9.380489025097836e-05,9.380489025097836e-05,1.0,in,l2sq,9207.888705968857
2026-05-19T17:02:23.971099,385,410921,137.3526359331278,125.69302529238651,56,0.28125,5.295,0.29,17,17,-0.003221265258616768,0.8398264646530151,0.3374088890850544,0.002326904702636051,0.004492187523283064,0.0,0.0,4,9.378613021097706e-05,9.378613021097706e-05,1.0,in,l2sq,9229.610070943832
2026-05-19T17:02:49.698690,386,411981,136.17449387197323,136.17449387197323,56,0.2798913043478261,5.325,0.27,12,17,-0.003017985902260989,0.9288380891084671,0.34148532152175903,0.0015240861914208037,0.007812500116415322,0.0,0.0,4,9.377206252592248e-05,9.377206252592248e-05,1.0,in,l2sq,9255.33764386177
2026-05-19T17:03:10.652989,387,412983,153.92048286814483,145.04748837005903,62,0.2826086956521739,5.28,0.22,17,17,-0.0026193380850600967,0.8823979124426842,0.33721017092466354,0.0005339808646340309,0.0015625000232830644,0.0,0.0,4,9.37579971854039e-05,9.37579971854039e-05,1.0,in,l2sq,9276.291956186295
2026-05-19T17:03:36.557849,388,414058,106.78668208559183,106.78668208559183,59,0.28505434782608696,5.32,0.32,11,17,-0.0024623394943774635,0.8740362673997879,0.3186195120215416,0.0009712468199722935,0.0027343749534338713,0.0,0.0,4,9.37439337202328e-05,9.37439337202328e-05,1.0,in,l2sq,9302.196794748306
2026-05-19T17:03:58.509748,389,415107,50.59132016925142,78.68900112742162,48,0.2798913043478261,5.175,0.29,17,17,-0.002974249451654032,0.9165383279323578,0.3522821180522442,0.002099417074964527,0.008984375279396772,0.0,0.0,4,9.372987259889444e-05,9.372987259889444e-05,1.0,in,l2sq,9324.148692846298
2026-05-19T17:04:24.673384,390,416187,60.72017173435272,60.72017173435272,46,0.2793478260869565,5.25,0.36,10,17,-0.00230865780176831,0.9214591309428215,0.33550523966550827,0.000613775969100061,0.001171875002910383,0.0,0.0,4,9.371112756167338e-05,9.371112756167338e-05,1.0,in,l2sq,9350.312368869781
2026-05-19T17:04:45.225641,391,417203,114.60027029951148,87.6602210169321,56,0.28043478260869564,5.195,0.31,17,17,-0.002771407374530077,0.9681511968374252,0.33051761239767075,-0.0004424481420756132,0.0011718750465661287,0.0,0.0,4,9.369707112682866e-05,9.369707112682866e-05,1.0,in,l2sq,9370.864587545395
2026-05-19T17:05:08.200984,392,418194,148.172478804439,148.172478804439,56,0.2831521739130435,5.005,0.22,12,17,-0.0016644962517602946,0.850219190120697,0.3208238258957863,0.0007618395885856111,0.0005859375232830644,0.0,0.0,4,9.368301703464499e-05,9.368301703464499e-05,1.0,in,l2sq,9393.839983701706
2026-05-19T17:05:28.246897,393,419209,98.41005627096177,123.29126753770039,51,0.28342391304347825,4.785,0.21,17,17,-0.0030313190043670946,0.8554877638816833,0.3290078714489937,0.00014935545109440174,0.003906250145519152,0.0,0.0,4,9.366428136806825e-05,9.366428136806825e-05,1.0,in,l2sq,9413.885873794556
2026-05-19T17:05:52.162141,394,420257,102.91505308076131,102.91505308076131,51,0.2826086956521739,4.925,0.21,12,17,-0.00397810203721749,0.9405337870121002,0.32175181061029434,0.00085019618336446,0.017578125,0.0,0.0,4,9.365023196003546e-05,9.365023196003546e-05,1.0,in,l2sq,9437.801146745682
2026-05-19T17:06:12.676263,395,421300,60.33500757971668,81.625030330239,52,0.28342391304347825,4.995,0.2,17,17,-0.003437480799039161,0.8462088331580162,0.32330988347530365,0.0024753957088478606,0.007812500145519152,0.0,0.0,4,9.363618489349262e-05,9.363618489349262e-05,1.0,in,l2sq,9458.31524515152
2026-05-19T17:06:36.803891,396,422361,127.80691977692848,127.80691977692848,61,0.2875,5.205,0.25,12,17,-0.002972456958377556,0.936360090970993,0.32554370164871216,0.0019948789169575327,0.011328124819556251,0.0,0.0,4,9.362213969986076e-05,9.362213969986076e-05,1.0,in,l2sq,9482.442886352539
2026-05-19T17:06:58.160269,397,423445,82.34135274954711,105.07413626323779,57,0.2902173913043478,5.295,0.28,17,17,-0.002112193760694936,0.8751987889409065,0.30306514352560043,2.5852768908429802e-05,0.003515625052386895,0.0,0.0,4,9.360809684701649e-05,9.360809684701649e-05,1.0,in,l2sq,9503.799243211746
2026-05-19T17:07:22.893145,398,424530,96.71156538874322,96.71156538874322,55,0.2872282608695652,5.315,0.25,8,17,-0.0039365431555781205,0.874996654689312,0.32308194041252136,-0.00017350843113490833,0.014843750701402314,0.0,0.0,4,9.358937616372806e-05,9.358937616372806e-05,1.0,in,l2sq,9528.532128095627
2026-05-19T17:07:44.136626,399,425614,65.46595421087045,81.08875979980684,49,0.28804347826086957,5.41,0.22,17,17,-0.0017106411964050716,0.9203710034489632,0.31941722333431244,0.0005727551863401042,0.004687500186264515,0.0,0.0,4,9.357065922438908e-05,9.357065922438908e-05,1.0,in,l2sq,9549.775568962097
2026-05-19T17:08:08.618991,400,426633,136.45230805172451,136.45230805172451,58,0.2904891304347826,5.345,0.18,11,17,-0.0026154280407353347,0.8607713133096695,0.3255005478858948,9.623223222660071e-05,0.0003906250058207661,0.0,0.0,4,9.355662385944377e-05,9.355662385944377e-05,1.0,in,l2sq,9574.257979393005
2026-05-19T17:08:29.287167,401,427689,121.63723534705474,129.04477169938963,72,0.2986413043478261,5.435,0.27,17,17,-0.002772383314731952,0.9009114354848862,0.32210109382867813,0.0014203395262484403,0.0035156250960426405,0.0,0.0,4,9.354259083364798e-05,9.354259083364798e-05,1.0,in,l2sq,9594.926103115082
2026-05-19T17:08:53.541009,402,428762,146.66793858288523,146.66793858288523,58,0.3016304347826087,5.385,0.34,10,17,-0.00169956839090446,1.027041643857956,0.295162595808506,-0.00034758678357321715,0.0003906250058207661,0.0,0.0,4,9.35285596788911e-05,9.35285596788911e-05,1.0,in,l2sq,9619.180014133453
2026-05-19T17:09:14.069124,403,429811,92.27579232805901,119.47186545547211,61,0.3059782608695652,5.485,0.39,17,17,-0.0029937364859506377,0.9038071855902672,0.31077689304947853,0.0011579969549529792,0.006835937689174898,0.0,0.0,4,9.351453086258206e-05,9.351453086258206e-05,1.0,in,l2sq,9639.70806312561
2026-05-19T17:09:38.997376,404,430914,63.389793541572836,63.389793541572836,44,0.3010869565217391,5.515,0.38,10,17,-0.002744407314457964,0.8928036391735077,0.3188135512173176,-0.0002304098915715258,0.0029296876455191523,0.0,0.0,4,9.349582889155487e-05,9.349582889155487e-05,1.0,in,l2sq,9664.6363427639
2026-05-19T17:09:59.165879,405,431946,78.84787917115528,71.11883635636406,47,0.2986413043478261,5.215,0.25,17,17,-0.003640471346443519,0.8914468288421631,0.342336006462574,0.0007288750127372179,0.008593749953433871,0.0,0.0,4,9.34818047509724e-05,9.34818047509724e-05,1.0,in,l2sq,9684.804864168167
2026-05-19T17:10:23.549335,406,433006,60.69615210698947,60.69615210698947,58,0.29918478260869563,5.225,0.25,11,17,-0.002401341532822676,0.9110017120838165,0.313825149089098,-0.0002657898089182681,0.004296875194995664,0.0,0.0,4,9.346778294766877e-05,9.346778294766877e-05,1.0,in,l2sq,9709.188305854797
2026-05-19T17:10:44.122136,407,434049,125.19285561595129,92.94450386147038,63,0.29945652173913045,4.96,0.27,17,17,-0.002928109843924248,0.912908524274826,0.3111090622842312,0.0003541689575740775,0.0046874999679857865,0.0,0.0,4,9.344909032575708e-05,9.344909032575708e-05,1.0,in,l2sq,9729.761096000671
2026-05-19T17:11:07.846500,408,435085,118.92505042775647,118.92505042775647,50,0.2970108695652174,5.235,0.27,11,17,-0.001906336087267868,0.8999267518520355,0.3339375630021095,0.0013935815864897436,0.005078125046566129,0.0,0.0,4,9.343507319584262e-05,9.343507319584262e-05,1.0,in,l2sq,9753.485506534576
2026-05-19T17:11:27.630260,409,436087,124.54926373507473,121.7371570814156,61,0.3005434782608696,5.415,0.27,17,17,-0.003752652561524905,0.8424010276794434,0.31248708814382553,0.0022699386657677664,0.007226562549476512,0.0,0.0,4,9.34210584020386e-05,9.34210584020386e-05,1.0,in,l2sq,9773.269174575806
2026-05-19T17:11:50.761546,410,437091,152.66107567129964,152.66107567129964,64,0.30543478260869567,5.35,0.25,11,17,-0.002463984515634454,0.9982416033744812,0.318629190325737,0.0009859317910922982,0.007812500232830644,0.0,0.0,4,9.340704547684264e-05,9.340704547684264e-05,1.0,in,l2sq,9796.400548934937
2026-05-19T17:12:10.740561,411,438102,112.69244904475217,132.6767623580259,58,0.3059782608695652,5.39,0.22,17,17,-0.0029779732692986616,0.8928091004490852,0.3154865950345993,0.0007899465250716109,0.006445312697906047,0.0,0.0,4,9.339303488705634e-05,9.339303488705634e-05,1.0,in,l2sq,9816.379532575607
2026-05-19T17:12:35.771527,412,439195,72.47091477107672,72.47091477107672,56,0.3059782608695652,5.115,0.24,10,17,-0.0030342099547851498,0.846558652818203,0.3182700127363205,0.000561591406926687,0.0025390625232830644,0.0,0.0,4,9.337435721400929e-05,9.337435721400929e-05,1.0,in,l2sq,9841.410491466522
2026-05-19T17:12:56.127322,413,440228,89.79279419934107,81.13185448520889,56,0.30733695652173915,5.07,0.25,17,17,-0.0022181258071212184,0.9149487167596817,0.3145015463232994,0.0010879514874431728,0.007812500232830644,0.0,0.0,4,9.336035129387475e-05,9.336035129387475e-05,1.0,in,l2sq,9861.766308307648
2026-05-19T17:13:19.769091,414,441257,145.3806600565136,145.3806600565136,64,0.3108695652173913,5.24,0.35,12,17,-0.0027736582618673733,0.9305547401309013,0.31823477521538734,0.0004856904036842219,0.0023437500349245965,0.0,0.0,4,9.334634770798243e-05,9.334634770798243e-05,1.0,in,l2sq,9885.408065319061
2026-05-19T17:13:40.437780,415,442304,136.83446815061134,141.10756410356248,59,0.31277173913043477,5.325,0.33,17,17,-0.0026535313794738835,0.9326060563325882,0.32307716459035873,-0.00040422855749397413,0.001367187505820766,0.0,0.0,4,9.332767937190431e-05,9.332767937190431e-05,1.0,in,l2sq,9906.076748132706
2026-05-19T17:14:04.199978,416,443340,66.45689042521352,66.45689042521352,44,0.3081521739130435,5.33,0.38,13,17,-0.0023417323856846917,0.8601370751857758,0.31637652963399887,-0.00042757380888358565,0.0011718750465661287,0.0,0.0,4,9.331368045332938e-05,9.331368045332938e-05,1.0,in,l2sq,9929.838985681534
2026-05-19T17:14:25.588572,417,444420,145.90442834547454,106.18065938534403,58,0.30842391304347827,5.325,0.4,17,17,-0.0038985752704320253,0.9077044948935509,0.3052566349506378,0.0009241616496183103,0.004296875122236088,0.0,0.0,4,9.329968386782979e-05,9.329968386782979e-05,1.0,in,l2sq,9951.227511644363
2026-05-19T17:14:49.656206,418,445469,89.00129611611385,89.00129611611385,53,0.3078804347826087,5.155,0.37,11,17,-0.0023921476793475893,0.860479325056076,0.3048172555863857,0.0006222337001872968,0.007226562418509275,0.0,0.0,4,9.328102486405305e-05,9.328102486405305e-05,1.0,in,l2sq,9975.29521226883
2026-05-19T17:15:11.317182,419,446566,165.914905880815,127.45810099846443,58,0.31032608695652175,5.21,0.36,17,17,-0.0027166157960891724,0.8927848488092422,0.29855047166347504,0.0010009299727244403,0.008203125005820766,0.0,0.0,4,9.326703294353768e-05,9.326703294353768e-05,1.0,in,l2sq,9996.95616030693
2026-05-19T17:15:36.240686,420,447654,136.14438564354768,136.14438564354768,64,0.3119565217391304,5.21,0.25,9,17,-0.003212327888468286,0.8877450823783875,0.30272503569722176,0.0010680485347165716,0.0029296876018634066,0.0,0.0,4,9.325304335493132e-05,9.325304335493132e-05,1.0,in,l2sq,10021.87965130806
2026-05-19T17:15:56.629180,421,448685,163.6697576805491,149.9070716620484,59,0.30842391304347827,5.34,0.21,17,17,-0.00301069530833048,0.8767791390419006,0.3178917281329632,0.001180350278355037,0.005273437825962901,0.0,0.0,4,9.323439367879077e-05,9.323439367879077e-05,1.0,in,l2sq,10042.268148422241
2026-05-19T17:16:20.722842,422,449734,119.42697732598434,119.42697732598434,51,0.3065217391304348,5.345,0.25,9,17,-0.002429437678074464,0.9706598669290543,0.3097684904932976,0.0011982632082435662,0.0031250000465661287,0.0,0.0,4,9.32204087528366e-05,9.32204087528366e-05,1.0,in,l2sq,10066.361835718155
2026-05-19T17:16:41.394717,423,450778,123.73132746277402,121.57915239437918,47,0.3027173913043478,5.37,0.25,17,17,-0.0025163405109196457,0.9105264991521835,0.333907600492239,0.0007036019000679627,0.0023437500494765118,0.0,0.0,4,9.320642615762571e-05,9.320642615762571e-05,1.0,in,l2sq,10087.033699274063
2026-05-19T17:17:05.124417,424,451812,62.06608930572028,62.06608930572028,54,0.30543478260869567,5.18,0.25,12,17,-0.0035399303247686253,0.8704703152179718,0.3473575860261917,0.0013147807185305282,0.010546875011641532,0.0,0.0,4,9.319244542672979e-05,9.319244542672979e-05,1.0,in,l2sq,10110.7633831501
2026-05-19T17:17:25.927779,425,452865,174.2096206009986,118.13785495335944,71,0.3119565217391304,5.27,0.29,17,17,-0.002497293630585873,0.9090250879526138,0.3341992422938347,0.0003698928712765337,0.003515625008731149,0.0,0.0,4,9.317846702587801e-05,9.317846702587801e-05,1.0,in,l2sq,10131.566746473312
2026-05-19T17:17:49.699697,426,453903,91.2844814827442,91.2844814827442,50,0.30978260869565216,5.255,0.27,12,17,-0.0031727194902486933,0.8169350847601891,0.33539028093218803,0.0014240432681163206,0.009179687622236088,0.0,0.0,4,9.31598322642575e-05,9.31598322642575e-05,1.0,in,l2sq,10155.338647603989
2026-05-19T17:18:09.240519,427,454895,122.52159866439082,106.90304007356751,53,0.3070652173913043,5.175,0.24,17,17,-0.0019188497710274088,0.8547262251377106,0.3388907238841057,0.0007889570250880773,0.0011718750465661287,0.0,0.0,4,9.314585852232909e-05,9.314585852232909e-05,1.0,in,l2sq,10174.879451990128
2026-05-19T17:18:32.703546,428,455916,126.84543557429528,126.84543557429528,48,0.3065217391304348,5.4,0.19,10,17,-0.0022198438589840497,0.8870078176259995,0.322375051677227,0.00025434012763982106,0.0035156251105945557,0.0,0.0,4,9.313188710928004e-05,9.313188710928004e-05,1.0,in,l2sq,10198.342543363571
2026-05-19T17:18:52.400323,429,456917,20.89797514450521,73.87170535940024,42,0.30135869565217394,5.24,0.19,17,17,-0.0025269978563300377,0.8836216777563095,0.3476055711507797,0.0012859330741774588,0.0031249999592546374,0.0,0.0,4,9.3117917559055e-05,9.3117917559055e-05,1.0,in,l2sq,10218.039255142212
2026-05-19T17:19:14.896073,430,457889,199.02657339854446,199.02657339854446,70,0.3029891304347826,5.06,0.16,11,17,-0.0033345821400871944,0.871842697262764,0.3411659672856331,0.0010888606142088753,0.014257813018048182,0.0,0.0,4,9.310395033701074e-05,9.310395033701074e-05,1.0,in,l2sq,10240.535074472427
2026-05-19T17:19:35.456646,431,458931,71.62512825814437,135.32585082834441,50,0.30081521739130435,5.09,0.18,17,17,-0.0031873084866674284,0.8222606480121613,0.3306344486773014,0.000736917104495638,0.005664062628056854,0.0,0.0,4,9.308533047798284e-05,9.308533047798284e-05,1.0,in,l2sq,10261.095602750778
2026-05-19T17:19:59.423115,432,459979,119.99418610908317,119.99418610908317,54,0.30027173913043476,4.84,0.21,11,17,-0.002817992534255631,0.9934029430150986,0.32535549253225327,-0.00042413143467001646,0.003906250145519152,0.0,0.0,4,9.30713679111361e-05,9.30713679111361e-05,1.0,in,l2sq,10285.06211924553
2026-05-19T17:20:19.924300,433,461017,133.5399341130972,126.76706011109019,60,0.30135869565217394,4.975,0.23,17,17,-0.0017428830716199606,0.8989846482872963,0.31435028091073036,0.0011292310974113373,0.0005859375232830644,0.0,0.0,4,9.305740767130627e-05,9.305740767130627e-05,1.0,in,l2sq,10305.563280820847
2026-05-19T17:20:44.392971,434,462084,167.9481807433028,167.9481807433028,66,0.30190217391304347,5.09,0.23,9,17,-0.002938033526879713,0.8049628064036369,0.3346109800040722,0.0004620870044391434,0.004101562517462298,0.0,0.0,4,9.303879712034609e-05,9.303879712034609e-05,1.0,in,l2sq,10330.031945705414
2026-05-19T17:21:04.720246,435,463114,141.66075263904708,154.80446669117492,57,0.30135869565217394,5.27,0.23,17,17,-0.0017660722893197978,0.8794926702976227,0.3123338147997856,-0.00144664077170098,0.0,0.0,0.0,4,9.302484153338666e-05,9.302484153338666e-05,1.0,in,l2sq,10350.359232902527
2026-05-19T17:21:29.169188,436,464183,38.67930567188925,38.67930567188925,42,0.30081521739130435,5.33,0.25,11,17,-0.0023870334247475533,0.9352244138717651,0.3286832757294178,-0.0004816614031369487,0.0042968750931322575,0.0,0.0,4,9.301088827228086e-05,9.301088827228086e-05,1.0,in,l2sq,10374.808144569397
2026-05-19T17:21:50.395008,437,465257,97.9128426144848,68.29607414318703,48,0.2980978260869565,5.31,0.25,17,17,-0.001992590056033805,0.8168744742870331,0.34326551109552383,0.00018914630891231354,0.0,0.0,0.0,4,9.299693687157887e-05,9.299693687157887e-05,1.0,in,l2sq,10396.03396320343
2026-05-19T17:22:15.474335,438,466346,82.39914246207175,82.39914246207175,54,0.29836956521739133,5.33,0.27,13,17,-0.002953117369906999,0.9311036244034767,0.3165932670235634,0.0009868024028265032,0.00429687493306119,0.0,0.0,4,9.298298779603282e-05,9.298298779603282e-05,1.0,in,l2sq,10421.113325595856
2026-05-19T17:22:35.918748,439,467381,101.25438349193698,91.82676297700436,53,0.2970108695652174,5.155,0.27,17,17,-0.0033318603673252456,0.9040937498211861,0.3190222829580307,0.00010199952366751752,0.008984375308500603,0.0,0.0,4,9.29643921283035e-05,9.29643921283035e-05,1.0,in,l2sq,10441.557693243027
2026-05-19T17:22:58.719695,440,468374,165.0496004562919,165.0496004562919,63,0.2967391304347826,5.215,0.29,13,17,-0.0034784183371812105,0.8004883229732513,0.31611467897892,0.001468065265180396,0.007421875139698386,0.0,0.0,4,9.295044770190686e-05,9.295044770190686e-05,1.0,in,l2sq,10464.358687639236
2026-05-19T17:23:18.446577,441,469372,164.13190426537213,164.59075236083203,58,0.29646739130434785,4.965,0.28,17,17,-0.0025711304027936643,0.9262811243534088,0.336002703756094,0.001054043758801984,0.0076171875989530236,0.0,0.0,4,9.293650559950381e-05,9.293650559950381e-05,1.0,in,l2sq,10484.085547208786
2026-05-19T17:23:43.006539,442,470442,118.60267023194544,118.60267023194544,51,0.29646739130434785,5.09,0.26,14,17,-0.003093140653800175,0.8238382637500763,0.31493011116981506,0.003156588362139688,0.009960937502910383,0.0,0.0,4,9.291791922774898e-05,9.291791922774898e-05,1.0,in,l2sq,10508.645543813705
2026-05-19T17:24:03.686859,443,471488,77.44340175959647,98.02303599577095,49,0.2970108695652174,5.215,0.21,17,17,-0.0050119639374315295,0.903643786907196,0.3159147948026657,0.0036478565409197583,0.032812500750878826,0.0,0.0,4,9.290398177217122e-05,9.290398177217122e-05,1.0,in,l2sq,10529.325773000717
2026-05-19T17:24:27.150844,444,472516,118.5611500084048,118.5611500084048,54,0.2970108695652174,5.375,0.21,14,17,-0.002534191327140445,0.8634350672364235,0.32615702599287033,-0.0003044816524266081,0.007617187686264515,0.0,0.0,4,9.28900466394253e-05,9.28900466394253e-05,1.0,in,l2sq,10552.789841890335
2026-05-19T17:24:47.387020,445,473541,118.15683288901242,118.35899144870861,59,0.29375,5.275,0.18,17,17,-0.0031017185770907396,0.853727400302887,0.3188009634613991,0.003448969507371724,0.014843750279396772,0.0,0.0,4,9.287611336466612e-05,9.287611336466612e-05,1.0,in,l2sq,10573.025941610336
2026-05-19T17:25:10.603701,446,474555,138.57018280686768,138.57018280686768,50,0.29375,5.24,0.22,14,17,-0.0027562480536289513,0.8639355823397636,0.32418347895145416,0.000385018936276571,0.010937500454019755,0.0,0.0,4,9.2862182412042e-05,9.2862182412042e-05,1.0,in,l2sq,10596.242682218552
2026-05-19T17:25:31.376545,447,475606,94.63384842402337,116.60201561544552,54,0.2940217391304348,4.965,0.18,17,17,-0.003339126074570209,0.8381171673536301,0.3384106419980526,0.0011939042753965623,0.0074218750960426405,0.0,0.0,4,9.284361090418141e-05,9.284361090418141e-05,1.0,in,l2sq,10617.015525341034
2026-05-19T17:25:55.643165,448,476675,118.17284562855133,118.17284562855133,56,0.296195652173913,4.95,0.15,15,17,-0.0006781101517845389,1.00103360414505,0.3335355743765831,0.0017087648315282644,0.005468750197906047,0.0,0.0,4,9.282968459466641e-05,9.282968459466641e-05,1.0,in,l2sq,10641.282147884369
2026-05-19T17:26:15.936265,449,477700,125.0710426659222,121.62194414723677,58,0.3005434782608696,5.06,0.17,17,17,-0.0029444843705278556,0.8863099366426468,0.3264215514063835,0.001136265062251604,0.0025390625232830644,0.0,0.0,4,9.281576060612563e-05,9.281576060612563e-05,1.0,in,l2sq,10661.575208902359
2026-05-19T17:26:41.494242,450,478758,156.4797126545826,156.4797126545826,60,0.29782608695652174,5.215,0.23,14,17,-0.0014866754336253507,0.877093143761158,0.3015930615365505,0.001275553654704692,0.0013671874767169356,0.0,0.0,4,9.279719838216203e-05,9.279719838216203e-05,1.0,in,l2sq,10687.133227586746
2026-05-19T17:27:03.579446,451,479860,136.8757265107314,146.677719582657,55,0.29918478260869563,5.435,0.26,17,17,-0.003863825637381524,0.9410374760627747,0.30794885754585266,0.0007670750788748015,0.007421875023283064,0.0,0.0,4,9.27832790344093e-05,9.27832790344093e-05,1.0,in,l2sq,10709.218356847763
2026-05-19T17:27:09.703825,452,480001,39.49888942787105,39.49888942787105,11,0.2875,5.43,0.26,14,17,-0.003328450856497245,0.86025071144104,0.3183360993862152,0.002082854582840854,0.0066406250989530236,0.0,0.0,4,9.277400070650586e-05,9.277400070650586e-05,1.0,in,l2sq,10715.342833280563
