timestamp,episode,time_step,current_ep_reward,rolling_avg_reward,episode_successes,rolling_success_ratio,avg_steps_recent,avg_deviation_recent,val_success,best_val_success,policy_loss,value_loss,entropy,approx_kl,clip_fraction,oracle_bc_loss,sil_loss,update_epochs_ran,actor_lr,critic_lr,reward_factor,reward_mode,progress_metric,elapsed_sec,run_name,method,target_steps,run_progress,best_val_sr,val_sr,policy_loss_abs,kl_abs
2026-06-05T12:15:28.139376,0,1090,-641.7918697103268,-641.7918697103268,16,0.0869565217391304,2.625,1.125,2,2,-0.005577510560397,1.0165055096149445,1.13958540558815,0.0016744914290029,0.0,0.0,0.0,4,9.999e-05,9.999e-05,1.0,in,l2sq,53.09595084190369,constant_gate_pbrs_seed321_t480k,constant_gate_pbrs,480000,0.0022708333333333335,0.1,0.1,0.005577510560397,0.0016744914290029
2026-06-05T12:15:49.275745,1,2196,-663.9542555179603,-652.8730626141435,21,0.1005434782608695,2.72972972972973,1.0810810810810811,2,2,-0.0025020789689733,1.002948321402073,1.1524822413921356,0.0004024644671517,0.0,0.0,0.0,4,9.997500199995e-05,9.997500199995e-05,1.0,in,l2sq,74.23230528831482,constant_gate_pbrs_seed321_t480k,constant_gate_pbrs,480000,0.004575,0.1,0.1,0.0025020789689733,0.0004024644671517
2026-06-05T12:16:22.774676,2,3360,-650.0839659543639,-650.0839659543639,20,0.1032608695652173,3.1052631578947367,1.1578947368421053,5,5,-0.0029642109380801,1.0047103390097618,1.133591428399086,-0.0003855046874378,0.0,0.0,0.0,4,9.995500799930004e-05,9.995500799930004e-05,1.0,in,l2sq,107.73105430603027,constant_gate_pbrs_seed321_t480k,constant_gate_pbrs,480000,0.007,0.25,0.25,0.0029642109380801,0.0003855046874378
2026-06-05T12:16:44.333445,3,4489,-621.1512838400013,-635.6176248971826,22,0.1073369565217391,3.240506329113924,1.1898734177215189,5,5,-0.0011441603403909,1.0186005532741549,1.1151336133480072,0.0003454766669165,0.0,0.0,0.0,4,9.993501799725028e-05,9.993501799725028e-05,1.0,in,l2sq,129.29003071784973,constant_gate_pbrs_seed321_t480k,constant_gate_pbrs,480000,0.009352083333333334,0.25,0.25,0.0011441603403909,0.0003454766669165
2026-06-05T12:17:08.614088,4,5554,-585.3965398741371,-585.3965398741371,20,0.1076086956521739,3.1515151515151514,1.1717171717171715,4,5,-0.0011931121378438,0.9940001517534256,1.1099845170974731,-0.0001801121266908,0.0,0.0,0.0,4,9.992002799440072e-05,9.992002799440072e-05,1.0,in,l2sq,153.57065153121948,constant_gate_pbrs_seed321_t480k,constant_gate_pbrs,480000,0.011570833333333334,0.25,0.2,0.0011931121378438,0.0001801121266908
2026-06-05T12:17:30.378126,5,6649,-628.8766617969283,-607.1366008355327,23,0.1105072463768116,3.278688524590164,1.2622950819672132,5,5,-0.0020473007534747,1.004951074719429,1.1191501170396805,0.0001062378991264,0.0,0.0,0.0,4,9.990504048980172e-05,9.990504048980172e-05,1.0,in,l2sq,175.33468627929688,constant_gate_pbrs_seed321_t480k,constant_gate_pbrs,480000,0.013852083333333333,0.25,0.25,0.0020473007534747,0.0001062378991264
2026-06-05T12:17:55.981606,6,7791,-634.0132342635396,-634.0132342635396,23,0.1125776397515528,3.2,1.186206896551724,4,5,-0.0016842141631059,1.0136666744947431,1.1103224605321884,-2.0620749273767003e-05,0.0,0.0,0.0,4,9.988506048075416e-05,9.988506048075416e-05,1.0,in,l2sq,200.9381687641144,constant_gate_pbrs_seed321_t480k,constant_gate_pbrs,480000,0.01623125,0.25,0.2,0.0016842141631059,2.0620749273767003e-05
2026-06-05T12:18:16.826677,7,8870,-633.4061279128196,-633.7096810881797,21,0.1127717391304347,3.132530120481928,1.0963855421686748,5,5,-0.0020580016367602,1.0242986679077148,1.09296315908432,0.0010179841512581,0.0,0.0,0.0,4,9.987007797140718e-05,9.987007797140718e-05,1.0,in,l2sq,221.7832372188568,constant_gate_pbrs_seed321_t480k,constant_gate_pbrs,480000,0.018479166666666668,0.25,0.25,0.0020580016367602,0.0010179841512581
2026-06-05T12:18:55.093074,8,9940,-537.949216877044,-537.949216877044,28,0.1171497584541062,3.154639175257732,1.0206185567010309,5,5,-0.0023130722809582,1.0097244083881378,1.0895313620567322,0.0003511822034852,0.0,0.0,0.0,4,9.985509795906184e-05,9.985509795906184e-05,1.0,in,l2sq,260.04943227767944,constant_gate_pbrs_seed321_t480k,constant_gate_pbrs,480000,0.020708333333333332,0.25,0.25,0.0023130722809582,0.0003511822034852
2026-06-05T12:19:15.815641,9,11017,-615.4759557672746,-576.7125863221593,19,0.1157608695652173,3.245,1.03,5,5,-0.0025421965430723,0.980633333325386,1.053849771618843,0.0012777467054547,0.0,0.0,0.0,4,9.983512793802104e-05,9.983512793802104e-05,1.0,in,l2sq,280.7722306251526,constant_gate_pbrs_seed321_t480k,constant_gate_pbrs,480000,0.022952083333333335,0.25,0.25,0.0025421965430723,0.0012777467054547
2026-06-05T12:19:56.685101,10,12100,-615.844597794057,-615.844597794057,17,0.1136363636363636,3.34,1.03,6,6,-0.0020171172975096,1.0020121484994888,1.0307088792324066,0.0006065146822948,0.0,0.0,0.0,4,9.982015291843063e-05,9.982015291843063e-05,1.0,in,l2sq,321.6413164138794,constant_gate_pbrs_seed321_t480k,constant_gate_pbrs,480000,0.025208333333333333,0.3,0.3,0.0020171172975096,0.0006065146822948
2026-06-05T12:20:18.526143,11,13228,-604.9656592175371,-610.405128505797,19,0.1127717391304347,3.235,0.9,6,6,-0.0004537223883744,0.9895422235131264,1.0118192434310913,0.0009916560167766,0.0,0.0,0.0,4,9.980518039459364e-05,9.980518039459364e-05,1.0,in,l2sq,343.48273372650146,constant_gate_pbrs_seed321_t480k,constant_gate_pbrs,480000,0.027558333333333334,0.3,0.3,0.0004537223883744,0.0009916560167766
2026-06-05T12:20:56.032632,12,14322,-539.4879166255009,-539.4879166255009,27,0.1153846153846153,3.365,0.96,6,6,-0.0011555278753803,0.9979938194155692,0.9975571483373642,-0.0001777615008904,0.0,0.0,0.0,4,9.978522035656652e-05,9.978522035656652e-05,1.0,in,l2sq,380.98922777175903,constant_gate_pbrs_seed321_t480k,constant_gate_pbrs,480000,0.0298375,0.3,0.3,0.0011555278753803,0.0001777615008904
2026-06-05T12:21:17.514768,13,15433,-581.0985919995903,-560.2932543125456,22,0.1156832298136645,3.445,0.97,6,6,-0.0017013345262967,0.9694277495145798,1.0035473182797432,0.0006425560910428,0.0,0.0,0.0,4,9.976526431034742e-05,9.976526431034742e-05,1.0,in,l2sq,402.4713273048401,constant_gate_pbrs_seed321_t480k,constant_gate_pbrs,480000,0.03215208333333333,0.3,0.3,0.0017013345262967,0.0006425560910428
2026-06-05T12:21:41.812935,14,16519,-622.8577458813205,-622.8577458813205,18,0.1144927536231884,3.39,0.88,5,6,-0.0018474579323083,0.9786864817142488,0.9801759719848632,0.0004565788942272,0.0,0.0,0.0,4,9.97502997701265e-05,9.97502997701265e-05,1.0,in,l2sq,426.769558429718,constant_gate_pbrs_seed321_t480k,constant_gate_pbrs,480000,0.03441458333333333,0.3,0.25,0.0018474579323083,0.0004565788942272
2026-06-05T12:22:02.806924,15,17616,-625.8442364072805,-624.3509911443005,22,0.1148097826086956,3.51,0.94,6,6,-0.0019722883167559,0.9912891909480096,0.945158325135708,2.286052258572424e-05,0.0,0.0,0.0,4,9.973533772391248e-05,9.973533772391248e-05,1.0,in,l2sq,447.76349210739136,constant_gate_pbrs_seed321_t480k,constant_gate_pbrs,480000,0.0367,0.3,0.3,0.0019722883167559,2.286052258572424e-05
2026-06-05T12:22:34.273233,16,18667,-551.8927360879784,-551.8927360879784,22,0.1150895140664961,3.625,1.01,8,8,-0.000961659118181,1.0331614315509796,0.9350591599941254,0.0005719472832425,0.0,0.0,0.0,4,9.971539165372108e-05,9.971539165372108e-05,1.0,in,l2sq,479.2296631336212,constant_gate_pbrs_seed321_t480k,constant_gate_pbrs,480000,0.03888958333333333,0.4,0.4,0.000961659118181,0.0005719472832425
2026-06-05T12:22:54.797865,17,19742,-564.9811831843257,-558.4369596361521,21,0.1150362318840579,3.735,1.06,8,8,-0.0015420288225866,1.031106948852539,0.9299305826425552,0.0006633627330302,0.0,0.0,0.0,4,9.970043459427396e-05,9.970043459427396e-05,1.0,in,l2sq,499.7544493675232,constant_gate_pbrs_seed321_t480k,constant_gate_pbrs,480000,0.04112916666666667,0.4,0.4,0.0015420288225866,0.0006633627330302
2026-06-05T12:23:19.140601,18,20841,-546.667907653214,-546.667907653214,28,0.1169908466819222,3.655,0.99,7,8,-0.0006771672665308,0.9544369280338288,0.9428106024861336,-0.0002902355370679,0.0,0.0,0.0,4,9.9685480027587e-05,9.9685480027587e-05,1.0,in,l2sq,524.0972282886505,constant_gate_pbrs_seed321_t480k,constant_gate_pbrs,480000,0.04341875,0.4,0.35,0.0006771672665308,0.0002902355370679
2026-06-05T12:23:40.846880,19,21973,-586.5690891869071,-566.6184984200606,27,0.1184782608695652,3.72,0.99,8,8,-0.0014754869371245,1.0015452951192856,0.9175849556922911,4.320829665400983e-05,0.0,0.0,0.0,4,9.966554392843628e-05,9.966554392843628e-05,1.0,in,l2sq,545.8034372329712,constant_gate_pbrs_seed321_t480k,constant_gate_pbrs,480000,0.045777083333333336,0.4,0.4,0.0014754869371245,4.320829665400983e-05
2026-06-05T12:24:15.651781,20,23027,-476.8584232774386,-476.8584232774386,36,0.1239130434782608,3.725,0.92,8,8,-0.002295187191339,0.987237736582756,0.9025817662477492,0.0013489504344761,0.0,0.0,0.0,4,9.965059434602332e-05,9.965059434602332e-05,1.0,in,l2sq,580.6083765029907,constant_gate_pbrs_seed321_t480k,constant_gate_pbrs,480000,0.047972916666666664,0.4,0.4,0.002295187191339,0.0013489504344761
2026-06-05T12:24:36.705686,21,24125,-544.6982738430495,-510.778348560244,26,0.1252717391304348,3.775,0.87,8,8,-0.0015852023280785,0.993725523352623,0.9001286998391151,0.002013558994804,0.0,0.0,0.0,4,9.96356472551244e-05,9.96356472551244e-05,1.0,in,l2sq,601.6622657775879,constant_gate_pbrs_seed321_t480k,constant_gate_pbrs,480000,0.05026041666666667,0.4,0.4,0.0015852023280785,0.002013558994804
2026-06-05T12:25:00.584203,22,25196,-520.884188966394,-520.884188966394,31,0.1282608695652174,3.74,0.81,6,8,-0.0011762917252781,1.0245448499917984,0.8504150956869125,-0.0001612016921171,0.0,0.0,0.0,4,9.961572112202983e-05,9.961572112202983e-05,1.0,in,l2sq,625.540801525116,constant_gate_pbrs_seed321_t480k,constant_gate_pbrs,480000,0.052491666666666666,0.4,0.3,0.0011762917252781,0.0001612016921171
2026-06-05T12:25:20.949138,23,26259,-525.9763279463052,-523.4302584563496,25,0.1290760869565217,3.815,0.82,8,8,-0.0021137120493222,0.9721786826848984,0.8566820323467255,0.0009234090148311,0.0,0.0,0.0,4,9.959579897396266e-05,9.959579897396266e-05,1.0,in,l2sq,645.905758857727,constant_gate_pbrs_seed321_t480k,constant_gate_pbrs,480000,0.05470625,0.4,0.4,0.0021137120493222,0.0009234090148311
2026-06-05T12:25:52.808353,24,27344,-497.4328248211742,-497.4328248211742,37,0.133695652173913,3.895,0.88,8,8,-0.003019183938159,0.9976826012134552,0.8697937726974487,-0.000252144339538,0.0,0.0,0.0,4,9.958085985311852e-05,9.958085985311852e-05,1.0,in,l2sq,677.7647829055786,constant_gate_pbrs_seed321_t480k,constant_gate_pbrs,480000,0.056966666666666665,0.4,0.4,0.003019183938159,0.000252144339538
2026-06-05T12:26:14.717658,25,28434,-563.6408399230244,-530.5368323720993,28,0.1350543478260869,4.1,0.95,8,8,-0.0013808693962346,0.9698226377367972,0.8696163520216942,0.00057704639039,0.0,0.0,0.0,4,9.956592322204485e-05,9.956592322204485e-05,1.0,in,l2sq,699.6741833686829,constant_gate_pbrs_seed321_t480k,constant_gate_pbrs,480000,0.0592375,0.4,0.4,0.0013808693962346,0.00057704639039
2026-06-05T12:26:40.341915,26,29540,-561.2381608622674,-561.2381608622674,25,0.1355978260869565,4.215,0.97,4,8,-0.001181224771426,0.9493887349963188,0.8761414438486099,-0.0004960514896083,0.0,0.0,0.0,4,9.954601103305968e-05,9.954601103305968e-05,1.0,in,l2sq,725.2985007762909,constant_gate_pbrs_seed321_t480k,constant_gate_pbrs,480000,0.06154166666666667,0.4,0.2,0.001181224771426,0.0004960514896083
2026-06-05T12:27:01.136073,27,30589,-516.1176061251771,-538.6778834937222,29,0.1377717391304347,4.125,0.93,8,8,-0.0010515749992919,0.969964563846588,0.8682579398155212,-0.0002922860585385,0.0,0.0,0.0,4,9.95310793802822e-05,9.95310793802822e-05,1.0,in,l2sq,746.0926198959351,constant_gate_pbrs_seed321_t480k,constant_gate_pbrs,480000,0.06372708333333334,0.4,0.4,0.0010515749992919,0.0002922860585385
2026-06-05T12:27:25.596291,28,31638,-485.8470185227995,-485.8470185227995,29,0.1380434782608695,4.06,0.91,3,8,-0.0011309681613056,0.9482038989663124,0.8743849545717239,-0.0001574724798047,0.0,0.0,0.0,4,9.951615021603056e-05,9.951615021603056e-05,1.0,in,l2sq,770.5528829097748,constant_gate_pbrs_seed321_t480k,constant_gate_pbrs,480000,0.0659125,0.4,0.15,0.0011309681613056,0.0001574724798047
2026-06-05T12:27:47.311202,29,32732,-559.2705868377691,-522.5588026802843,22,0.1388586956521739,4.045,0.87,8,8,-0.0022992756974416,0.9391097500920296,0.8656634911894798,-0.0002990341579561,0.0,0.0,0.0,4,9.949624798114884e-05,9.949624798114884e-05,1.0,in,l2sq,792.2677826881409,constant_gate_pbrs_seed321_t480k,constant_gate_pbrs,480000,0.06819166666666666,0.4,0.4,0.0022992756974416,0.0002990341579561
2026-06-05T12:28:12.806974,30,33774,-484.4151660746333,-484.4151660746333,28,0.1418478260869565,3.915,0.79,4,8,-0.0043071123072877,0.9972057789564132,0.8641123920679092,0.0011632234396529,0.0,0.0,0.0,4,9.948132379270474e-05,9.948132379270474e-05,1.0,in,l2sq,817.7635726928711,constant_gate_pbrs_seed321_t480k,constant_gate_pbrs,480000,0.0703625,0.4,0.2,0.0043071123072877,0.0011632234396529
2026-06-05T12:28:34.929326,31,34867,-538.1129664693476,-511.2640662719904,30,0.1448369565217391,4.005,0.73,8,8,-0.0033836291404441,0.9414559975266455,0.8516766875982285,0.0029319374996873,0.0140625000931322,0.0,0.0,4,9.946640209154246e-05,9.946640209154246e-05,1.0,in,l2sq,839.8858668804169,constant_gate_pbrs_seed321_t480k,constant_gate_pbrs,480000,0.07263958333333333,0.4,0.4,0.0033836291404441,0.0029319374996873
2026-06-05T12:29:01.264816,32,35976,-542.9392047916652,-542.9392047916652,28,0.1451086956521739,3.885,0.62,6,8,-0.001596030638393,0.9553645700216292,0.8288740962743759,-0.0002040420400476,0.0,0.0,0.0,4,9.944650980578818e-05,9.944650980578818e-05,1.0,in,l2sq,866.2214252948761,constant_gate_pbrs_seed321_t480k,constant_gate_pbrs,480000,0.07495,0.4,0.3,0.001596030638393,0.0002040420400476
2026-06-05T12:29:23.717105,33,37085,-551.0125037692786,-546.9758542804719,26,0.146195652173913,3.875,0.67,8,8,-0.0013754740619333,1.0622356832027435,0.8176454454660416,0.0005538822930248,0.0,0.0,0.0,4,9.943159307794602e-05,9.943159307794602e-05,1.0,in,l2sq,888.6737105846405,constant_gate_pbrs_seed321_t480k,constant_gate_pbrs,480000,0.07726041666666666,0.4,0.4,0.0013754740619333,0.0005538822930248
2026-06-05T12:29:49.462540,34,38178,-558.8433578626507,-558.8433578626507,27,0.148641304347826,3.815,0.64,6,8,-0.0009845532550116,0.9949773848056792,0.8311686217784882,0.0002685628402161,0.0,0.0,0.0,4,9.94166788361423e-05,9.94166788361423e-05,1.0,in,l2sq,914.4191308021544,constant_gate_pbrs_seed321_t480k,constant_gate_pbrs,480000,0.0795375,0.4,0.3,0.0009845532550116,0.0002685628402161
2026-06-05T12:30:10.470393,35,39212,-565.2878675505514,-562.0656127066011,26,0.1497282608695652,3.705,0.61,8,8,-0.0021457072623888,0.9823942705988884,0.8245176300406456,0.0003150675860524,0.0,0.0,0.0,4,9.939679649454188e-05,9.939679649454188e-05,1.0,in,l2sq,935.4269602298735,constant_gate_pbrs_seed321_t480k,constant_gate_pbrs,480000,0.08169166666666666,0.4,0.4,0.0021457072623888,0.0003150675860524
2026-06-05T12:30:35.708815,36,40283,-487.6712012466787,-487.6712012466787,32,0.152445652173913,3.84,0.64,5,8,-0.0002068042715108,1.0278196930885315,0.8124936372041702,0.001055261993315,0.0,0.0,0.0,4,9.938188722357208e-05,9.938188722357208e-05,1.0,in,l2sq,960.665435552597,constant_gate_pbrs_seed321_t480k,constant_gate_pbrs,480000,0.08392291666666667,0.4,0.25,0.0002068042715108,0.001055261993315
2026-06-05T12:30:57.357007,37,41350,-468.6577653539191,-478.1644833002989,33,0.1557065217391304,3.875,0.59,8,8,-0.0012485219514929,0.996228203177452,0.8245285302400589,-0.0003170557250996,0.0,0.0,0.0,4,9.9366980437398e-05,9.9366980437398e-05,1.0,in,l2sq,982.3135583400726,constant_gate_pbrs_seed321_t480k,constant_gate_pbrs,480000,0.08614583333333334,0.4,0.4,0.0012485219514929,0.0003170557250996
2026-06-05T12:31:23.106338,38,42444,-499.64870105272536,-499.64870105272536,29,0.1559782608695652,3.895,0.57,7,8,-0.0023310721109737,0.9614317566156388,0.80399539321661,0.0008453255497443,0.0,0.0,0.0,4,9.934710803498032e-05,9.934710803498032e-05,1.0,in,l2sq,1008.0629358291626,constant_gate_pbrs_seed321_t480k,constant_gate_pbrs,480000,0.088425,0.4,0.35,0.0023310721109737,0.0008453255497443
2026-06-05T12:31:45.924514,39,43568,-574.2527847561234,-536.9507429044244,25,0.1554347826086956,3.88,0.55,8,8,-0.0004503667343669,0.9571993947029114,0.8050216808915138,5.9939925358770685e-05,0.0,0.0,0.0,4,9.93272396068444e-05,9.93272396068444e-05,1.0,in,l2sq,1030.8811075687408,constant_gate_pbrs_seed321_t480k,constant_gate_pbrs,480000,0.09076666666666666,0.4,0.4,0.0004503667343669,5.9939925358770685e-05
2026-06-05T12:32:11.384709,40,44595,-542.6670191150904,-542.6670191150904,25,0.152445652173913,3.77,0.51,7,8,-0.0015004352171672,0.9797659665346146,0.7958663702011108,0.0010607241943944,0.0,0.0,0.0,4,9.93123407692339e-05,9.93123407692339e-05,1.0,in,l2sq,1056.3412899971008,constant_gate_pbrs_seed321_t480k,constant_gate_pbrs,480000,0.09290625,0.4,0.35,0.0015004352171672,0.0010607241943944
2026-06-05T12:32:32.755162,41,45649,-460.51801673156064,-501.5925179233256,35,0.154891304347826,3.815,0.44,8,8,-0.0034703575161984,0.952244870364666,0.8107431679964066,0.0010138036028365,0.0017578125698491,0.0,0.0,4,9.929744441468022e-05,9.929744441468022e-05,1.0,in,l2sq,1077.7117404937744,constant_gate_pbrs_seed321_t480k,constant_gate_pbrs,480000,0.09510208333333334,0.4,0.4,0.0034703575161984,0.0010138036028365
2026-06-05T12:32:57.606344,42,46708,-492.8628116542108,-492.8628116542108,28,0.1540760869565217,3.82,0.46,7,8,-8.092373500401262e-05,1.0133666694164276,0.819954976439476,0.0003715529794135,0.0,0.0,0.0,4,9.928255004627403e-05,9.928255004627403e-05,1.0,in,l2sq,1102.5629618167875,constant_gate_pbrs_seed321_t480k,constant_gate_pbrs,480000,0.09730833333333333,0.4,0.35,8.092373500401262e-05,0.0003715529794135
2026-06-05T12:33:19.576974,43,47781,-484.7954209290149,-488.8291162916129,27,0.1546195652173913,3.72,0.44,8,8,-0.0014940545159334,0.9911486506462096,0.8144071325659752,0.0004057112284726,0.0,0.0,0.0,4,9.926765816017986e-05,9.926765816017986e-05,1.0,in,l2sq,1124.5335404872894,constant_gate_pbrs_seed321_t480k,constant_gate_pbrs,480000,0.09954375,0.4,0.4,0.0014940545159334,0.0004057112284726
2026-06-05T12:33:43.645582,44,48796,-465.2374720795162,-465.2374720795162,32,0.1532608695652174,3.665,0.46,6,8,-0.0019205883567336,0.9737616553902626,0.7869073301553726,4.642751082428731e-05,0.0,0.0,0.0,4,9.92478056212244e-05,9.92478056212244e-05,1.0,in,l2sq,1148.6021749973297,constant_gate_pbrs_seed321_t480k,constant_gate_pbrs,480000,0.10165833333333334,0.4,0.3,0.0019205883567336,4.642751082428731e-05
2026-06-05T12:34:05.580404,45,49880,-509.0329753578313,-487.1352237186737,25,0.152445652173913,3.63,0.45,8,8,-0.0031529084721114,0.968344584107399,0.784029483795166,0.0012624057504581,0.0,0.0,0.0,4,9.923291869851317e-05,9.923291869851317e-05,1.0,in,l2sq,1170.5369944572449,constant_gate_pbrs_seed321_t480k,constant_gate_pbrs,480000,0.10391666666666667,0.4,0.4,0.0031529084721114,0.0012624057504581
2026-06-05T12:34:31.324775,46,50977,-574.5071287133104,-574.5071287133104,23,0.1519021739130434,3.55,0.45,7,8,-0.001691722898977,0.9673451483249664,0.7510151192545891,0.001968053564633,0.0003906250058207,0.0,0.0,4,9.921803425687298e-05,9.921803425687298e-05,1.0,in,l2sq,1196.281358718872,constant_gate_pbrs_seed321_t480k,constant_gate_pbrs,480000,0.10620208333333334,0.4,0.35,0.001691722898977,0.001968053564633
2026-06-05T12:34:54.018093,47,52097,-555.4312536279564,-564.9691911706334,27,0.1513586956521739,3.705,0.46,8,8,-0.0017544701935549,1.0092253983020782,0.7179530262947083,0.0007016690631644,0.0,0.0,0.0,4,9.919819164220197e-05,9.919819164220197e-05,1.0,in,l2sq,1218.974692583084,constant_gate_pbrs_seed321_t480k,constant_gate_pbrs,480000,0.10853541666666666,0.4,0.4,0.0017544701935549,0.0007016690631644
2026-06-05T12:35:26.878648,48,53161,-506.9597735813864,-506.9597735813864,24,0.15,3.81,0.48,8,8,-0.0012923345027957,0.9679873138666152,0.6934649273753166,0.0002046486650215,0.0,0.0,0.0,4,9.917835299585544e-05,9.917835299585544e-05,1.0,in,l2sq,1251.8350493907928,constant_gate_pbrs_seed321_t480k,constant_gate_pbrs,480000,0.11075208333333333,0.4,0.4,0.0012923345027957,0.0002046486650215
2026-06-05T12:35:47.937803,49,54202,-471.4143647420413,-489.18706916171385,25,0.1508152173913043,3.94,0.47,8,8,-0.0020597994734998,0.98064324259758,0.6817004531621933,-0.001293376967078,0.0,0.0,0.0,4,9.916347649086434e-05,9.916347649086434e-05,1.0,in,l2sq,1272.894407749176,constant_gate_pbrs_seed321_t480k,constant_gate_pbrs,480000,0.11292083333333333,0.4,0.4,0.0020597994734998,0.001293376967078
2026-06-05T12:36:13.945614,50,55290,-530.4762290128479,-530.4762290128479,30,0.1513586956521739,4.02,0.49,7,8,-0.0008860159734468,0.9545417502522467,0.6793342679738998,-0.0001717969129458,0.0,0.0,0.0,4,9.91486024652081e-05,9.91486024652081e-05,1.0,in,l2sq,1298.9021799564362,constant_gate_pbrs_seed321_t480k,constant_gate_pbrs,480000,0.1151875,0.4,0.35,0.0008860159734468,0.0001717969129458
2026-06-05T12:36:34.385354,51,56359,-473.2788306233295,-501.8775298180887,34,0.152445652173913,4.045,0.5,8,8,-0.0013082676097837,0.9761405512690544,0.684306226670742,-0.0002032479325862,0.0,0.0,0.0,4,9.912877373620108e-05,9.912877373620108e-05,1.0,in,l2sq,1319.3419299125671,constant_gate_pbrs_seed321_t480k,constant_gate_pbrs,480000,0.11741458333333334,0.4,0.4,0.0013082676097837,0.0002032479325862
2026-06-05T12:36:57.139790,52,57377,-500.81040489256543,-500.81040489256543,28,0.152445652173913,4.0,0.49,7,8,-0.0006707966575048,1.0294772684574127,0.6618890762329102,-6.536894288728529e-05,0.0,0.0,0.0,4,9.911390466797496e-05,9.911390466797496e-05,1.0,in,l2sq,1342.0964179039,constant_gate_pbrs_seed321_t480k,constant_gate_pbrs,480000,0.11953541666666667,0.4,0.35,0.0006707966575048,6.536894288728529e-05
2026-06-05T12:37:18.634734,53,58498,-550.2883234118834,-525.5493641522244,31,0.1538043478260869,3.985,0.41,8,8,-0.0009855903836068,0.9553782045841216,0.66965052485466,0.0004616654425262,0.0,0.0,0.0,4,9.90990380778443e-05,9.90990380778443e-05,1.0,in,l2sq,1363.5913064479828,constant_gate_pbrs_seed321_t480k,constant_gate_pbrs,480000,0.12187083333333333,0.4,0.4,0.0009855903836068,0.0004616654425262
2026-06-05T12:37:42.891063,54,59595,-478.667013821424,-478.667013821424,33,0.1554347826086956,4.035,0.42,7,8,-0.0019414268448599,0.9596657007932664,0.6765147298574448,-0.000318800605055,0.0,0.0,0.0,4,9.907921926121912e-05,9.907921926121912e-05,1.0,in,l2sq,1387.847689628601,constant_gate_pbrs_seed321_t480k,constant_gate_pbrs,480000,0.12415625,0.4,0.35,0.0019414268448599,0.000318800605055
2026-06-05T12:38:02.940469,55,60647,-502.3811684580445,-490.5240911397343,29,0.15625,3.975,0.44,8,8,-0.0038639785372653,0.9705737978219986,0.6884042471647263,0.002251901863201,0.0011718750465661,0.0,0.0,4,9.906435762604037e-05,9.906435762604037e-05,1.0,in,l2sq,1407.8970694541931,constant_gate_pbrs_seed321_t480k,constant_gate_pbrs,480000,0.12634791666666667,0.4,0.4,0.0038639785372653,0.002251901863201
2026-06-05T12:38:26.344673,56,61696,-524.2968752766261,-524.2968752766261,24,0.1540760869565217,3.89,0.45,6,8,-0.0008033935147977,0.9884398579597472,0.6946557089686394,0.0002527624536241,0.0013671874767169,0.0,0.0,4,9.904949846771824e-05,9.904949846771824e-05,1.0,in,l2sq,1431.3012943267822,constant_gate_pbrs_seed321_t480k,constant_gate_pbrs,480000,0.12853333333333333,0.4,0.3,0.0008033935147977,0.0002527624536241
2026-06-05T12:38:46.080718,57,62729,-476.12191936475153,-500.2093973206888,23,0.1513586956521739,3.925,0.41,8,8,-0.0014365639675815,1.0066662654280665,0.71772251278162,0.0003311648593808,0.0,0.0,0.0,4,9.902968955851968e-05,9.902968955851968e-05,1.0,in,l2sq,1451.0372853279114,constant_gate_pbrs_seed321_t480k,constant_gate_pbrs,480000,0.13068541666666667,0.4,0.4,0.0014365639675815,0.0003311648593808
2026-06-05T12:39:09.646248,58,63788,-437.8474717617637,-437.8474717617637,34,0.1527173913043478,4.05,0.42,6,8,-0.001003783586202,0.9684628546237946,0.6944532841444016,0.0004276103893062,0.0,0.0,0.0,4,9.901483535267252e-05,9.901483535267252e-05,1.0,in,l2sq,1474.6028668880465,constant_gate_pbrs_seed321_t480k,constant_gate_pbrs,480000,0.13289166666666666,0.4,0.3,0.001003783586202,0.0004276103893062
2026-06-05T12:39:29.792419,59,64841,-507.7404068616631,-472.7939393117134,30,0.1540760869565217,4.1,0.46,8,8,-0.0022009398919181,0.9578924551606178,0.6950133964419365,0.0003344167158502,0.0,0.0,0.0,4,9.89999836224438e-05,9.89999836224438e-05,1.0,in,l2sq,1494.7490193843842,constant_gate_pbrs_seed321_t480k,constant_gate_pbrs,480000,0.13508541666666668,0.4,0.4,0.0022009398919181,0.0003344167158502
2026-06-05T12:39:55.651993,60,65951,-551.7515985818512,-551.7515985818512,23,0.1535326086956521,4.105,0.51,6,8,-0.0020805716965696,0.9834521859884262,0.7013634964823723,0.0010260824110445,0.000585937523283,0.0,0.0,4,9.898018461571916e-05,9.898018461571916e-05,1.0,in,l2sq,1520.6085634231567,constant_gate_pbrs_seed321_t480k,constant_gate_pbrs,480000,0.13739791666666668,0.4,0.3,0.0020805716965696,0.0010260824110445
2026-06-05T12:40:15.091583,61,66972,-438.9307180604941,-495.3411583211727,31,0.152445652173913,3.985,0.5,8,8,-0.0018464684369974,0.9564493745565414,0.6708767265081406,0.0003574815207684,0.0,0.0,0.0,4,9.896533783548964e-05,9.896533783548964e-05,1.0,in,l2sq,1540.048176765442,constant_gate_pbrs_seed321_t480k,constant_gate_pbrs,480000,0.139525,0.4,0.4,0.0018464684369974,0.0003574815207684
2026-06-05T12:40:52.111806,62,68020,-454.61852284836846,-454.61852284836846,34,0.1540760869565217,4.01,0.41,8,8,-0.0007221065456178,0.96199119836092,0.6378787606954575,9.232674528905638e-05,0.0,0.0,0.0,4,9.8950493529641e-05,9.8950493529641e-05,1.0,in,l2sq,1577.0682339668274,constant_gate_pbrs_seed321_t480k,constant_gate_pbrs,480000,0.14170833333333333,0.4,0.4,0.0007221065456178,9.232674528905638e-05
2026-06-05T12:41:14.392097,63,69173,-577.9400465226179,-516.2792846854932,25,0.1535326086956521,4.115,0.41,8,8,-0.0016242731639067,0.9150034040212632,0.6171279028058052,0.0002025894614234,0.0,0.0,0.0,4,9.893070442044005e-05,9.893070442044005e-05,1.0,in,l2sq,1599.3487148284912,constant_gate_pbrs_seed321_t480k,constant_gate_pbrs,480000,0.14411041666666666,0.4,0.4,0.0016242731639067,0.0002025894614234
2026-06-05T12:41:38.159163,64,70242,-460.0307255320552,-460.0307255320552,32,0.1535326086956521,4.09,0.43,6,8,-0.0016312137449858,0.9501510709524156,0.6363454163074493,-0.0009917486851918,0.0,0.0,0.0,4,9.89158650621161e-05,9.89158650621161e-05,1.0,in,l2sq,1623.1157641410828,constant_gate_pbrs_seed321_t480k,constant_gate_pbrs,480000,0.1463375,0.4,0.3,0.0016312137449858,0.0009917486851918
2026-06-05T12:41:58.560328,65,71307,-439.5410196754936,-449.7858726037744,35,0.15625,4.025,0.41,8,8,-0.0018796757098243,0.969106324017048,0.6628793776035309,-5.2837385828757855e-05,0.0007812500116415,0.0,0.0,4,9.89010281769361e-05,9.89010281769361e-05,1.0,in,l2sq,1643.516931295395,constant_gate_pbrs_seed321_t480k,constant_gate_pbrs,480000,0.14855625,0.4,0.4,0.0018796757098243,5.2837385828757855e-05
2026-06-05T12:42:21.886006,66,72332,-421.037295965135,-421.037295965135,31,0.1584239130434782,3.95,0.4,4,8,-0.0036877551203359,0.9613778740167618,0.6536431387066841,0.0014251082269765,0.0140625000058207,0.0,0.0,4,9.8881248960311e-05,9.8881248960311e-05,1.0,in,l2sq,1666.8425974845886,constant_gate_pbrs_seed321_t480k,constant_gate_pbrs,480000,0.15069166666666667,0.4,0.2,0.0036877551203359,0.0014251082269765
2026-06-05T12:42:42.000221,67,73388,-469.4886233883502,-445.2629596767426,37,0.1611413043478261,3.995,0.44,8,8,-0.0019640803395304,0.9813282191753387,0.6531861871480942,-0.0004774505672685,0.0,0.0,0.0,4,9.886641702018244e-05,9.886641702018244e-05,1.0,in,l2sq,1686.956810951233,constant_gate_pbrs_seed321_t480k,constant_gate_pbrs,480000,0.15289166666666668,0.4,0.4,0.0019640803395304,0.0004774505672685
2026-06-05T12:43:06.256815,68,74472,-468.2589380458601,-468.2589380458601,29,0.1625,4.18,0.53,3,8,-0.0040508181962649,0.9725576043128968,0.6622390225529671,0.0016136716913024,0.0105468751862645,0.0,0.0,4,9.885158755196148e-05,9.885158755196148e-05,1.0,in,l2sq,1711.213428258896,constant_gate_pbrs_seed321_t480k,constant_gate_pbrs,480000,0.15515,0.4,0.15,0.0040508181962649,0.0016136716913024
2026-06-05T12:43:26.315350,69,75521,-493.9362902013671,-481.0976141236136,24,0.1622282608695652,4.1,0.52,8,8,-0.0021419659693492,0.9481614530086516,0.7009471729397774,0.0012138320464146,0.0029296875,0.0,0.0,4,9.883181822296698e-05,9.883181822296698e-05,1.0,in,l2sq,1731.271952867508,constant_gate_pbrs_seed321_t480k,constant_gate_pbrs,480000,0.15733541666666667,0.4,0.4,0.0021419659693492,0.0012138320464146
2026-06-05T12:43:51.013916,70,76568,-423.9018988564613,-423.9018988564613,33,0.1630434782608695,4.005,0.61,2,8,-0.001021382225008,0.9885082244873048,0.6972797363996506,-0.0009530626695777,0.0,0.0,0.0,4,9.881699369732544e-05,9.881699369732544e-05,1.0,in,l2sq,1755.970460176468,constant_gate_pbrs_seed321_t480k,constant_gate_pbrs,480000,0.15951666666666667,0.4,0.1,0.001021382225008,0.0009530626695777
2026-06-05T12:44:11.443211,71,77638,-440.121697612345,-432.0117982344032,34,0.1630434782608695,4.04,0.67,8,8,-0.003034765322809,0.9587262645363808,0.6894765943288803,0.0007647708553122,0.0007812500116415,0.0,0.0,4,9.88021716423558e-05,9.88021716423558e-05,1.0,in,l2sq,1776.3997948169708,constant_gate_pbrs_seed321_t480k,constant_gate_pbrs,480000,0.16174583333333334,0.4,0.4,0.003034765322809,0.0007647708553122
2026-06-05T12:44:35.456608,72,78714,-458.9541041647209,-458.9541041647209,32,0.1641304347826087,4.19,0.68,3,8,-0.0008433997856629,0.893326073884964,0.6886048167943954,0.0012230184940563,0.0,0.0,0.0,4,9.878735156362724e-05,9.878735156362724e-05,1.0,in,l2sq,1800.4132361412048,constant_gate_pbrs_seed321_t480k,constant_gate_pbrs,480000,0.1639875,0.4,0.15,0.0008433997856629,0.0012230184940563
2026-06-05T12:44:55.927800,73,79785,-407.3810527572644,-433.1675784609927,29,0.1635869565217391,4.235,0.73,8,8,-0.0048076628678245,0.972306214272976,0.6739225015044212,0.0013375544785503,0.0111328130587935,0.0,0.0,4,9.877253395482946e-05,9.877253395482946e-05,1.0,in,l2sq,1820.8843388557436,constant_gate_pbrs_seed321_t480k,constant_gate_pbrs,480000,0.16621875,0.4,0.4,0.0048076628678245,0.0013375544785503
2026-06-05T12:45:20.565023,74,80902,-408.7637809903632,-408.7637809903632,32,0.1633152173913043,4.345,0.68,7,8,-0.0038225547206821,0.9435755610466005,0.6957711726427078,0.0023278386452148,0.0242187504190951,0.0,0.0,4,9.875278043576384e-05,9.875278043576384e-05,1.0,in,l2sq,1845.5216336250303,constant_gate_pbrs_seed321_t480k,constant_gate_pbrs,480000,0.16854583333333334,0.4,0.35,0.0038225547206821,0.0023278386452148
2026-06-05T12:45:41.062688,75,81965,-472.6813992151024,-440.72259010273285,27,0.1627717391304347,4.33,0.58,8,8,-0.0012537375041574,0.9099772050976752,0.6644957512617111,-0.0001042968283968,0.0,0.0,0.0,4,9.87330308672045e-05,9.87330308672045e-05,1.0,in,l2sq,1866.0192954540253,constant_gate_pbrs_seed321_t480k,constant_gate_pbrs,480000,0.17076041666666666,0.4,0.4,0.0012537375041574,0.0001042968283968
2026-06-05T12:46:04.772242,76,83037,-400.58953438615856,-400.58953438615856,43,0.1679347826086956,4.455,0.52,7,8,-0.0021285206254102,0.9433287680149078,0.6422437876462936,0.000496649472916,0.0,0.0,0.0,4,9.871822115941934e-05,9.871822115941934e-05,1.0,in,l2sq,1889.7288513183596,constant_gate_pbrs_seed321_t480k,constant_gate_pbrs,480000,0.17299375,0.4,0.35,0.0021285206254102,0.000496649472916
2026-06-05T12:46:25.485118,77,84120,-555.973181950927,-478.2813581685428,24,0.1682065217391304,4.35,0.47,8,8,-0.0016610436650806,1.001348003745079,0.6580359041690826,0.0001147345521531,0.0001953125029103,0.0,0.0,4,9.870341391983654e-05,9.870341391983654e-05,1.0,in,l2sq,1910.4416744709013,constant_gate_pbrs_seed321_t480k,constant_gate_pbrs,480000,0.17525,0.4,0.4,0.0016610436650806,0.0001147345521531
2026-06-05T12:46:58.160740,78,85201,-424.1336638889913,-424.1336638889913,36,0.16875,4.345,0.44,8,8,-0.0018999174557393,0.9632917866110802,0.6600636839866638,0.0004186686965113,0.0,0.0,0.0,4,9.868367422408672e-05,9.868367422408672e-05,1.0,in,l2sq,1943.117157459259,constant_gate_pbrs_seed321_t480k,constant_gate_pbrs,480000,0.17750208333333334,0.4,0.4,0.0018999174557393,0.0004186686965113
2026-06-05T12:47:17.921103,79,86233,-413.0710457604532,-418.6023548247223,34,0.1698369565217391,4.41,0.43,8,8,-0.0021080494014311,0.9761404246091844,0.651458278298378,0.0002021383974352,0.0,0.0,0.0,4,9.866887191967462e-05,9.866887191967462e-05,1.0,in,l2sq,1962.8777086734767,constant_gate_pbrs_seed321_t480k,constant_gate_pbrs,480000,0.17965208333333332,0.4,0.4,0.0021080494014311,0.0002021383974352
2026-06-05T12:47:43.061534,80,87307,-491.1601211628319,-491.1601211628319,28,0.171195652173913,4.24,0.39,6,8,-0.0015568057307973,0.9655468016862868,0.6547302231192589,0.0008437326916468,0.0,0.0,0.0,4,9.865407208223103e-05,9.865407208223103e-05,1.0,in,l2sq,1988.0181007385252,constant_gate_pbrs_seed321_t480k,constant_gate_pbrs,480000,0.18188958333333333,0.4,0.3,0.0015568057307973,0.0008437326916468
2026-06-05T12:48:04.468566,81,88406,-355.0363480758076,-423.0982346193198,38,0.1730978260869565,4.345,0.42,8,8,-0.0023587417148518,0.9547184258699416,0.6543835625052452,-0.0001802622875402,0.0,0.0,0.0,4,9.863434225435531e-05,9.863434225435531e-05,1.0,in,l2sq,2009.4251449108124,constant_gate_pbrs_seed321_t480k,constant_gate_pbrs,480000,0.18417916666666667,0.4,0.4,0.0023587417148518,0.0001802622875402
2026-06-05T12:48:29.010973,82,89466,-501.7829544699788,-501.7829544699788,31,0.1722826086956521,4.28,0.43,7,8,-0.0025645644171163,0.9788571000099182,0.6812675148248672,0.0006583407157449,0.0003906250058207,0.0,0.0,4,9.861954734961534e-05,9.861954734961534e-05,1.0,in,l2sq,2033.9675974845889,constant_gate_pbrs_seed321_t480k,constant_gate_pbrs,480000,0.1863875,0.4,0.35,0.0025645644171163,0.0006583407157449
2026-06-05T12:48:50.787849,83,90526,-476.4860108048328,-489.13448263740577,27,0.1728260869565217,4.28,0.34,8,8,-0.0020156063757894,0.9701254442334176,0.6678666099905968,-0.000349943072797,0.0,0.0,0.0,4,9.860475491061065e-05,9.860475491061065e-05,1.0,in,l2sq,2055.744413852692,constant_gate_pbrs_seed321_t480k,constant_gate_pbrs,480000,0.18859583333333332,0.4,0.4,0.0020156063757894,0.000349943072797
2026-06-05T12:49:25.380995,84,91682,-470.1711255033612,-470.1711255033612,34,0.1733695652173913,4.43,0.35,8,8,-0.003070278512314,0.9397374615073204,0.6997485682368279,0.0010594195999601,0.0007812500261934,0.0,0.0,4,9.858503494567608e-05,9.858503494567608e-05,1.0,in,l2sq,2090.337388753891,constant_gate_pbrs_seed321_t480k,constant_gate_pbrs,480000,0.19100416666666667,0.4,0.4,0.003070278512314,0.0010594195999601
2026-06-05T12:49:46.686180,85,92783,-425.7988948378568,-447.985010170609,27,0.171195652173913,4.47,0.35,8,8,-0.002457255165791,0.9689458757638932,0.7104125320911407,0.0026749528173241,0.00390625,0.0,0.0,4,9.857024743690914e-05,9.857024743690914e-05,1.0,in,l2sq,2111.642789363861,constant_gate_pbrs_seed321_t480k,constant_gate_pbrs,480000,0.19329791666666668,0.4,0.4,0.002457255165791,0.0026749528173241
2026-06-05T12:50:10.188664,86,93822,-373.13212398749647,-373.13212398749647,45,0.175,4.38,0.37,6,8,-0.002320370459347,0.9439352676272392,0.7386900335550308,-0.0003805952014772,0.001953125,0.0,0.0,4,9.855546239264484e-05,9.855546239264484e-05,1.0,in,l2sq,2135.145264863968,constant_gate_pbrs_seed321_t480k,constant_gate_pbrs,480000,0.1954625,0.4,0.3,0.002320370459347,0.0003805952014772
2026-06-05T12:50:30.990684,87,94900,-433.5263469185233,-403.3292354530099,31,0.1733695652173913,4.23,0.4,8,8,-0.0018785915388435,0.9578199163079262,0.7447812035679817,0.0008220855135732,0.0,0.0,0.0,4,9.853575228572096e-05,9.853575228572096e-05,1.0,in,l2sq,2155.9472720623016,constant_gate_pbrs_seed321_t480k,constant_gate_pbrs,480000,0.19770833333333335,0.4,0.4,0.0018785915388435,0.0008220855135732
2026-06-05T12:50:53.587611,88,95882,-381.0172794709209,-381.0172794709209,34,0.1747282608695652,4.055,0.4,6,8,-0.0012092337245122,0.9662698358297348,0.7396680116653442,-0.0001985276110644,0.0,0.0,0.0,4,9.85209721692298e-05,9.85209721692298e-05,1.0,in,l2sq,2178.5442340373997,constant_gate_pbrs_seed321_t480k,constant_gate_pbrs,480000,0.19975416666666668,0.4,0.3,0.0012092337245122,0.0001985276110644
2026-06-05T12:51:13.916322,89,96934,-411.8388803062444,-396.42807988858266,28,0.1758152173913043,4.03,0.39,8,8,-0.0028465018869611,0.9758734181523324,0.731547623872757,0.0017875663582799,0.0037109376426087,0.0,0.0,4,9.850619451600928e-05,9.850619451600928e-05,1.0,in,l2sq,2198.872916460037,constant_gate_pbrs_seed321_t480k,constant_gate_pbrs,480000,0.20194583333333332,0.4,0.4,0.0028465018869611,0.0017875663582799
2026-06-05T12:51:38.825849,90,97985,-371.9659102312924,-371.9659102312924,42,0.1782608695652174,3.85,0.37,7,8,-0.0044242764968658,0.9841396659612656,0.7374164685606956,0.0021150192977074,0.0097656254220055,0.0,0.0,4,9.848649426216802e-05,9.848649426216802e-05,1.0,in,l2sq,2223.7824201583862,constant_gate_pbrs_seed321_t480k,constant_gate_pbrs,480000,0.20413541666666668,0.4,0.35,0.0044242764968658,0.0021150192977074
2026-06-05T12:51:59.028845,91,99033,-392.5225727376936,-382.244241484493,34,0.1782608695652174,3.895,0.44,8,8,-0.0020998359133954,0.9669182151556016,0.7037785798311234,0.0030527923183399,0.0140625002095475,0.0,0.0,4,9.847172153425724e-05,9.847172153425724e-05,1.0,in,l2sq,2243.985455751419,constant_gate_pbrs_seed321_t480k,constant_gate_pbrs,480000,0.20631875,0.4,0.4,0.0020998359133954,0.0030527923183399
2026-06-05T12:52:24.504658,92,100166,-490.9067399328355,-490.9067399328355,30,0.1777173913043478,3.85,0.42,5,8,-0.0019656092641526,0.9796088337898254,0.7011026814579964,0.0002218705245468,0.0,0.0,0.0,4,9.845695126838573e-05,9.845695126838573e-05,1.0,in,l2sq,2269.4612770080566,constant_gate_pbrs_seed321_t480k,constant_gate_pbrs,480000,0.20867916666666667,0.4,0.25,0.0019656092641526,0.0002218705245468
2026-06-05T12:52:45.398547,93,101249,-427.490967795254,-459.1988538640448,34,0.1790760869565217,3.86,0.41,8,8,-0.0038897958409506,1.0109484866261482,0.6926805078983307,0.0028019254648824,0.0111328131170012,0.0,0.0,4,9.843726086270156e-05,9.843726086270156e-05,1.0,in,l2sq,2290.3551182746887,constant_gate_pbrs_seed321_t480k,constant_gate_pbrs,480000,0.21093541666666665,0.4,0.4,0.0038897958409506,0.0028019254648824
2026-06-05T12:53:09.754369,94,102329,-406.6435121293667,-406.6435121293667,36,0.1801630434782608,4.11,0.41,5,8,-0.0023695617972407,0.9490094929933548,0.6776905655860901,-0.0025158326432574,0.0132812506053596,0.0,0.0,4,9.842249551967762e-05,9.842249551967762e-05,1.0,in,l2sq,2314.710974931717,constant_gate_pbrs_seed321_t480k,constant_gate_pbrs,480000,0.21318541666666666,0.4,0.25,0.0023695617972407,0.0025158326432574
2026-06-05T12:53:31.988134,95,103478,-461.5735989521742,-434.10855554077045,28,0.1804347826086956,4.23,0.42,8,8,-0.0024816819219266,0.9590612947940826,0.727787472307682,0.0010466071888004,0.0044921876396983,0.0,0.0,4,9.840773263746215e-05,9.840773263746215e-05,1.0,in,l2sq,2336.9447450637817,constant_gate_pbrs_seed321_t480k,constant_gate_pbrs,480000,0.21557916666666666,0.4,0.4,0.0024816819219266,0.0010466071888004
2026-06-05T12:53:57.179899,96,104599,-408.50685782826,-408.50685782826,43,0.1804347826086956,4.4,0.41,5,8,-0.0022309750547719,0.97552178055048,0.7272169888019562,0.0012259628485481,0.0023437500058207,0.0,0.0,4,9.838805207501198e-05,9.838805207501198e-05,1.0,in,l2sq,2362.136488676071,constant_gate_pbrs_seed321_t480k,constant_gate_pbrs,480000,0.21791458333333333,0.4,0.25,0.0022309750547719,0.0012259628485481
2026-06-05T12:54:17.848509,97,105670,-386.1434644992356,-397.3251611637478,32,0.1826086956521739,4.55,0.45,8,8,-0.0021763813038886,0.9448342397809028,0.7609886527061462,-0.0004710517443527,0.0,0.0,0.0,4,9.83683754484775e-05,9.83683754484775e-05,1.0,in,l2sq,2382.805095434189,constant_gate_pbrs_seed321_t480k,constant_gate_pbrs,480000,0.22014583333333335,0.4,0.4,0.0021763813038886,0.0004710517443527
2026-06-05T12:54:50.111413,98,106760,-392.99243091940895,-392.99243091940895,39,0.1834239130434782,4.63,0.45,9,9,-0.0016547047489439,0.9424991309642792,0.7359352558851242,0.0005446386574476,0.0,0.0,0.0,4,9.835362043809348e-05,9.835362043809348e-05,1.0,in,l2sq,2415.067989587784,constant_gate_pbrs_seed321_t480k,constant_gate_pbrs,480000,0.22241666666666668,0.45,0.45,0.0016547047489439,0.0005446386574476
2026-06-05T12:55:09.204054,99,107764,-420.6749355064038,-406.8336832129064,28,0.1817934782608695,4.57,0.44,9,9,-0.0022189043593243,0.979844644665718,0.7391908094286919,0.0004821296233785,0.0019531250291038,0.0,0.0,4,9.833886788679586e-05,9.833886788679586e-05,1.0,in,l2sq,2434.160627841949,constant_gate_pbrs_seed321_t480k,constant_gate_pbrs,480000,0.22450833333333334,0.45,0.45,0.0022189043593243,0.0004821296233785
2026-06-05T12:55:33.961102,100,108821,-412.5669278454784,-412.5669278454784,35,0.183695652173913,4.305,0.47,4,9,-0.0029680027248105,0.9456073120236396,0.7351453006267548,0.0015060651820022,0.0027343751426087,0.0,0.0,4,9.831920109660716e-05,9.831920109660716e-05,1.0,in,l2sq,2458.91769862175,constant_gate_pbrs_seed321_t480k,constant_gate_pbrs,480000,0.22671041666666666,0.45,0.2,0.0029680027248105,0.0015060651820022
2026-06-05T12:55:55.014796,101,109928,-417.9838161022069,-415.27537197384265,29,0.18125,4.385,0.52,9,9,-0.0002583607913038,1.0359542071819303,0.7440118491649628,0.0002671150399692,0.0,0.0,0.0,4,9.830445346225298e-05,9.830445346225298e-05,1.0,in,l2sq,2479.971385240555,constant_gate_pbrs_seed321_t480k,constant_gate_pbrs,480000,0.22901666666666667,0.45,0.45,0.0002583607913038,0.0002671150399692
2026-06-05T12:56:20.098009,102,111060,-465.3217492586379,-465.3217492586379,30,0.1809782608695652,4.44,0.54,3,9,-0.0027491241809912,0.9365227967500688,0.7376531586050987,0.00128014838956,0.0,0.0,0.0,4,9.82897082857559e-05,9.82897082857559e-05,1.0,in,l2sq,2505.05463385582,constant_gate_pbrs_seed321_t480k,constant_gate_pbrs,480000,0.231375,0.45,0.15,0.0027491241809912,0.00128014838956
2026-06-05T12:56:40.383919,103,112120,-457.200206046284,-461.26097765246095,22,0.1796195652173913,4.35,0.52,9,9,-0.0039357483561616,0.987028419971466,0.7437973022460938,0.0009713493302115,0.0085937501571606,0.0,0.0,4,9.827005132699584e-05,9.827005132699584e-05,1.0,in,l2sq,2525.3404812812805,constant_gate_pbrs_seed321_t480k,constant_gate_pbrs,480000,0.23358333333333334,0.45,0.45,0.0039357483561616,0.0009713493302115
2026-06-05T12:57:04.110133,104,113178,-406.496160074413,-406.496160074413,26,0.177445652173913,4.21,0.5,2,9,-0.0038137198192998,0.9882196187973022,0.768798902630806,-0.0010151479051273,0.013281250372529,0.0,0.0,4,9.82553110649842e-05,9.82553110649842e-05,1.0,in,l2sq,2549.0667431354523,constant_gate_pbrs_seed321_t480k,constant_gate_pbrs,480000,0.2357875,0.45,0.1,0.0038137198192998,0.0010151479051273
2026-06-05T12:57:25.519617,105,114229,-367.0234560235143,-386.7598080489637,34,0.1793478260869565,4.205,0.51,9,9,-0.0022117727294245,0.9771750196814536,0.7292404398322105,0.0015139198187171,0.0017578125261934,0.0,0.0,4,9.8240573259601e-05,9.8240573259601e-05,1.0,in,l2sq,2570.4762213230133,constant_gate_pbrs_seed321_t480k,constant_gate_pbrs,480000,0.23797708333333334,0.45,0.45,0.0022117727294245,0.0015139198187171
2026-06-05T12:57:49.989100,106,115254,-302.2336003298167,-302.2336003298167,43,0.1788043478260869,4.23,0.43,1,9,-0.0045848318230127,0.9776264205574988,0.7647076100111008,0.0018824917198799,0.0111328130587935,0.0,0.0,4,9.822092612735484e-05,9.822092612735484e-05,1.0,in,l2sq,2594.9456946849823,constant_gate_pbrs_seed321_t480k,constant_gate_pbrs,480000,0.2401125,0.45,0.05,0.0045848318230127,0.0018824917198799
2026-06-05T12:58:11.799667,107,116338,-386.1465050294405,-344.1900526796286,33,0.1793478260869565,4.36,0.42,9,9,-0.0011800527972809,0.9892786890268326,0.7087599337100983,-3.7351343780800406e-05,0.0007812500116415,0.0,0.0,4,9.820619323400032e-05,9.820619323400032e-05,1.0,in,l2sq,2616.7562754154205,constant_gate_pbrs_seed321_t480k,constant_gate_pbrs,480000,0.24237083333333334,0.45,0.45,0.0011800527972809,3.7351343780800406e-05
2026-06-05T12:58:37.147260,108,117404,-367.1818155518182,-367.1818155518182,34,0.1793478260869565,4.205,0.32,1,9,-0.0036440045441851,0.9412934482097626,0.723502553999424,0.0007266505380357,0.0044921874068677,0.0,0.0,4,9.81914627960462e-05,9.81914627960462e-05,1.0,in,l2sq,2642.1038632392883,constant_gate_pbrs_seed321_t480k,constant_gate_pbrs,480000,0.24459166666666668,0.45,0.05,0.0036440045441851,0.0007266505380357
2026-06-05T12:58:59.018986,109,118488,-421.2232001968628,-394.2025078743405,32,0.1804347826086956,4.18,0.3,9,9,-0.0030097787705018,0.9908657819032668,0.7446196302771568,0.0006418950018997,0.0001953125029103,0.0,0.0,4,9.81718254854016e-05,9.81718254854016e-05,1.0,in,l2sq,2663.9755580425262,constant_gate_pbrs_seed321_t480k,constant_gate_pbrs,480000,0.24685,0.45,0.45,0.0030097787705018,0.0006418950018997
2026-06-05T12:59:25.423496,110,119547,-333.52330196154094,-333.52330196154094,42,0.1804347826086956,4.19,0.31,0,9,-0.0011784717382399,0.9397428631782532,0.742342934012413,0.0001552178353449,0.0,0.0,0.0,4,9.815709995702064e-05,9.815709995702064e-05,1.0,in,l2sq,2690.380051136017,constant_gate_pbrs_seed321_t480k,constant_gate_pbrs,480000,0.24905625,0.45,0.0,0.0011784717382399,0.0001552178353449
2026-06-05T12:59:46.736813,111,120603,-333.5256351706385,-333.5244685660897,36,0.1809782608695652,4.255,0.35,9,9,-0.0018833932357665,0.9727263376116752,0.7205617353320122,-0.0002371384260186,0.0,0.0,0.0,4,9.814237688281258e-05,9.814237688281258e-05,1.0,in,l2sq,2711.6933920383453,constant_gate_pbrs_seed321_t480k,constant_gate_pbrs,480000,0.25125625,0.45,0.45,0.0018833932357665,0.0002371384260186
2026-06-05T13:00:12.614816,112,121694,-432.542450768472,-432.542450768472,24,0.1793478260869565,4.255,0.32,1,9,-0.0021471049723914,0.9276391714811324,0.7292697131633759,0.0010096377756781,0.0,0.0,0.0,4,9.81227493888598e-05,9.81227493888598e-05,1.0,in,l2sq,2737.5714297294617,constant_gate_pbrs_seed321_t480k,constant_gate_pbrs,480000,0.2535291666666667,0.45,0.05,0.0021471049723914,0.0010096377756781
2026-06-05T13:00:34.042508,113,122758,-347.59973423874345,-390.0710925036077,30,0.1782608695652174,4.26,0.34,9,9,-0.0024982191331219,1.0092476308345797,0.7203787863254547,0.0004732914123451,0.0046875001862645,0.0,0.0,4,9.81080312217706e-05,9.81080312217706e-05,1.0,in,l2sq,2758.999048948288,constant_gate_pbrs_seed321_t480k,constant_gate_pbrs,480000,0.25574583333333334,0.45,0.45,0.0024982191331219,0.0004732914123451
2026-06-05T13:00:59.501618,114,123833,-349.2487704370027,-349.2487704370027,36,0.1782608695652174,4.365,0.41,3,9,-0.0036265492963138,0.945047602057457,0.7071531116962433,0.0016029889980927,0.0087890628783497,0.0,0.0,4,9.80933155076275e-05,9.80933155076275e-05,1.0,in,l2sq,2784.4582221508026,constant_gate_pbrs_seed321_t480k,constant_gate_pbrs,480000,0.2579854166666667,0.45,0.15,0.0036265492963138,0.0016029889980927
2026-06-05T13:01:21.592315,115,124925,-409.4525571364176,-379.3506637867101,33,0.1796195652173913,4.395,0.34,9,9,-0.0022408623553928,0.9578517749905586,0.6757908537983894,0.001124289098584,0.0,0.0,0.0,4,9.807369782545911e-05,9.807369782545911e-05,1.0,in,l2sq,2806.548911094665,constant_gate_pbrs_seed321_t480k,constant_gate_pbrs,480000,0.26026041666666666,0.45,0.45,0.0022408623553928,0.001124289098584
2026-06-05T13:01:47.579776,116,126030,-327.0282397622468,-327.0282397622468,45,0.1801630434782608,4.47,0.31,5,9,-0.003975505637936,0.9320644438266754,0.6651539951562881,0.0025134252449788,0.0085937501862645,0.0,0.0,4,9.80589870159818e-05,9.80589870159818e-05,1.0,in,l2sq,2832.536333322525,constant_gate_pbrs_seed321_t480k,constant_gate_pbrs,480000,0.2625625,0.45,0.25,0.003975505637936,0.0025134252449788
2026-06-05T13:02:09.521465,117,127110,-331.6626709839703,-329.3454553731085,40,0.1823369565217391,4.5,0.33,9,9,-0.0032419984505395,0.9630436301231384,0.6502989307045937,0.0011462272226708,0.0060546878085006,0.0,0.0,4,9.804427865822436e-05,9.804427865822436e-05,1.0,in,l2sq,2854.478037595749,constant_gate_pbrs_seed321_t480k,constant_gate_pbrs,480000,0.2648125,0.45,0.45,0.0032419984505395,0.0011462272226708
2026-06-05T13:02:34.644026,118,128157,-386.6279274394514,-386.6279274394514,36,0.1815217391304348,4.555,0.4,4,9,-0.0044780765994801,0.984541781246662,0.6369219049811363,0.0012259442459253,0.0121093748020939,0.0,0.0,4,9.802467078293549e-05,9.802467078293549e-05,1.0,in,l2sq,2879.600645065308,constant_gate_pbrs_seed321_t480k,constant_gate_pbrs,480000,0.26699375,0.45,0.2,0.0044780765994801,0.0012259442459253
2026-06-05T13:02:56.203473,119,129238,-380.97814381218,-383.8030356258157,31,0.1823369565217391,4.41,0.36,9,9,-0.002620180789381,0.97440567612648,0.6387020200490952,0.0023067456582794,0.0003906250058207,0.0,0.0,4,9.800996732739198e-05,9.800996732739198e-05,1.0,in,l2sq,2901.1600289344788,constant_gate_pbrs_seed321_t480k,constant_gate_pbrs,480000,0.26924583333333335,0.45,0.45,0.002620180789381,0.0023067456582794
2026-06-05T13:03:22.821607,120,130315,-383.93103638762256,-383.93103638762256,36,0.1826086956521739,4.285,0.38,3,9,-0.0031474296265515,0.9887737110257148,0.6122364327311516,0.0009849608401055,0.001562500023283,0.0,0.0,4,9.79952663223427e-05,9.79952663223427e-05,1.0,in,l2sq,2927.7781908512115,constant_gate_pbrs_seed321_t480k,constant_gate_pbrs,480000,0.27148958333333334,0.45,0.15,0.0031474296265515,0.0009849608401055
2026-06-05T13:03:44.251098,121,131386,-334.72223665958666,-359.32663652360463,37,0.1847826086956521,4.45,0.42,9,9,-0.0036166980833512,0.9889011010527612,0.6181369945406914,-0.0005532761540962,0.0183593750698491,0.0,0.0,4,9.797566824903092e-05,9.797566824903092e-05,1.0,in,l2sq,2949.207674264908,constant_gate_pbrs_seed321_t480k,constant_gate_pbrs,480000,0.27372083333333336,0.45,0.45,0.0036166980833512,0.0005532761540962
2026-06-05T13:04:09.083049,122,132450,-359.4367758275872,-359.4367758275872,32,0.1853260869565217,4.445,0.49,5,9,-0.0041670548031107,0.959603190422058,0.6592544764280319,0.0027984866705083,0.0093750006053596,0.0,0.0,4,9.796097214374498e-05,9.796097214374498e-05,1.0,in,l2sq,2974.039666891098,constant_gate_pbrs_seed321_t480k,constant_gate_pbrs,480000,0.2759375,0.45,0.25,0.0041670548031107,0.0027984866705083
2026-06-05T13:04:31.274512,123,133558,-351.0249952844979,-355.2308855560425,39,0.189945652173913,4.555,0.5,9,9,-0.0048545436875428,0.9806756973266602,0.6475420370697975,0.0017858735722256,0.0175781248835846,0.0,0.0,4,9.794627848772828e-05,9.794627848772828e-05,1.0,in,l2sq,2996.23105096817,constant_gate_pbrs_seed321_t480k,constant_gate_pbrs,480000,0.27824583333333336,0.45,0.45,0.0048545436875428,0.0017858735722256
2026-06-05T13:04:55.457823,124,134585,-330.979355049431,-330.979355049431,41,0.1940217391304347,4.415,0.47,5,9,-0.0022687346121074,0.9929178953170776,0.6141503527760506,-4.835406070918813e-05,0.0005859375087311,0.0,0.0,4,9.79266902114935e-05,9.79266902114935e-05,1.0,in,l2sq,3020.4144427776337,constant_gate_pbrs_seed321_t480k,constant_gate_pbrs,480000,0.28038541666666666,0.45,0.25,0.0022687346121074,4.835406070918813e-05
2026-06-05T13:05:16.503553,125,135655,-332.6349332293267,-331.8071441393788,37,0.1948369565217391,4.57,0.51,9,9,-0.0025705758598633,0.9841343611478806,0.648539125919342,-0.0001907574824144,0.0042968750931322,0.0,0.0,4,9.791200145279076e-05,9.791200145279076e-05,1.0,in,l2sq,3041.459500551224,constant_gate_pbrs_seed321_t480k,constant_gate_pbrs,480000,0.28261458333333334,0.45,0.45,0.0025705758598633,0.0001907574824144
2026-06-05T13:05:41.048510,126,136746,-340.2421919700508,-340.2421919700508,41,0.1942934782608695,4.55,0.54,3,9,-0.003601302669267,0.9832808449864388,0.6181221008300781,0.0026932027923975,0.0023437500494765,0.0,0.0,4,9.789731514213284e-05,9.789731514213284e-05,1.0,in,l2sq,3066.0050988197327,constant_gate_pbrs_seed321_t480k,constant_gate_pbrs,480000,0.2848875,0.45,0.15,0.003601302669267,0.0026932027923975
2026-06-05T13:06:01.867858,127,137824,-294.7549669046407,-317.4985794373457,41,0.1964673913043478,4.475,0.44,9,9,-0.002828599633358,0.9956375434994698,0.6372507438063622,4.320101197663462e-05,0.0009765625,0.0,0.0,4,9.787773665807755e-05,9.787773665807755e-05,1.0,in,l2sq,3086.8244240283966,constant_gate_pbrs_seed321_t480k,constant_gate_pbrs,480000,0.28713333333333335,0.45,0.45,0.002828599633358,4.320101197663462e-05
2026-06-05T13:06:25.315570,128,138860,-355.7942976757889,-355.7942976757889,34,0.1964673913043478,4.42,0.41,4,9,-0.0023153872200056,0.9654359221458436,0.6561770141124725,0.001258182372112,0.0007812500116415,0.0,0.0,4,9.786305524228544e-05,9.786305524228544e-05,1.0,in,l2sq,3110.27219080925,constant_gate_pbrs_seed321_t480k,constant_gate_pbrs,480000,0.28929166666666667,0.45,0.2,0.0023153872200056,0.001258182372112
2026-06-05T13:06:45.335259,129,139898,-244.79220653170324,-300.2932521037461,50,0.2013586956521739,4.64,0.42,9,9,-0.0043130892066983,0.9554622769355774,0.6339999064803123,0.0027283127896225,0.0021484375465661,0.0,0.0,4,9.78483762733144e-05,9.78483762733144e-05,1.0,in,l2sq,3130.2918198108678,constant_gate_pbrs_seed321_t480k,constant_gate_pbrs,480000,0.2914541666666667,0.45,0.45,0.0043130892066983,0.0027283127896225
2026-06-05T13:07:10.754856,130,140969,-294.66770584416383,-294.66770584416383,41,0.2010869565217391,4.74,0.42,3,9,-0.0017299725041083,1.022744745016098,0.6281618103384972,0.0003634960802628,0.0011718750465661,0.0,0.0,4,9.782880757654348e-05,9.782880757654348e-05,1.0,in,l2sq,3155.711445569992,constant_gate_pbrs_seed321_t480k,constant_gate_pbrs,480000,0.29368541666666664,0.45,0.15,0.0017299725041083,0.0003634960802628
2026-06-05T13:07:31.121983,131,142026,-265.4408322997692,-280.0542690719665,42,0.2027173913043478,4.815,0.42,9,9,-0.0021941990067717,0.9954225718975068,0.5832319259643555,0.0022352237465383,0.0,0.0,0.0,4,9.781413349999126e-05,9.781413349999126e-05,1.0,in,l2sq,3176.078595399857,constant_gate_pbrs_seed321_t480k,constant_gate_pbrs,480000,0.2958875,0.45,0.45,0.0021941990067717,0.0022352237465383
2026-06-05T13:07:54.629358,132,143065,-298.24324004983936,-298.24324004983936,43,0.2078804347826087,4.815,0.44,5,9,-0.0032971650682155,0.9672712907195092,0.607988640666008,0.0008163065105236,0.0083984376396983,0.0,0.0,4,9.779946186903694e-05,9.779946186903694e-05,1.0,in,l2sq,3199.585943222046,constant_gate_pbrs_seed321_t480k,constant_gate_pbrs,480000,0.29805208333333333,0.45,0.25,0.0032971650682155,0.0008163065105236
2026-06-05T13:08:16.248630,133,144146,-348.70702227830884,-323.4751311640741,45,0.2119565217391304,4.845,0.49,9,9,-0.0036199026508256,0.9705198258161544,0.6130769997835159,0.0010397288308013,0.008398437872529,0.0,0.0,4,9.777990295465775e-05,9.777990295465775e-05,1.0,in,l2sq,3221.205199956894,constant_gate_pbrs_seed321_t480k,constant_gate_pbrs,480000,0.30030416666666665,0.45,0.45,0.0036199026508256,0.0010397288308013
2026-06-05T13:08:41.238247,134,145220,-294.2142008129959,-294.2142008129959,40,0.2130434782608695,4.83,0.48,5,9,-0.00499064339092,0.9907965660095216,0.6209538280963898,0.001816049685658,0.017187500372529,0.0,0.0,4,9.776523621367652e-05,9.776523621367652e-05,1.0,in,l2sq,3246.194867372513,constant_gate_pbrs_seed321_t480k,constant_gate_pbrs,480000,0.30254166666666665,0.45,0.25,0.00499064339092,0.001816049685658
2026-06-05T13:09:01.934492,135,146277,-309.95842803871653,-302.08631442585624,36,0.2138586956521739,4.695,0.4,9,9,-0.0028430788210243,0.9884373247623444,0.5944339483976364,0.0006900954029333,0.0023437500931322,0.0,0.0,4,9.775057191707066e-05,9.775057191707066e-05,1.0,in,l2sq,3266.891079902649,constant_gate_pbrs_seed321_t480k,constant_gate_pbrs,480000,0.30474375,0.45,0.45,0.0028430788210243,0.0006900954029333
2026-06-05T13:09:26.778944,136,147397,-384.7952136076103,-384.7952136076103,35,0.211141304347826,4.615,0.32,8,9,-0.0021508268968317,0.943791538476944,0.5983956009149551,0.0009974151403184,0.0007812500116415,0.0,0.0,4,9.773102278019298e-05,9.773102278019298e-05,1.0,in,l2sq,3291.73552274704,constant_gate_pbrs_seed321_t480k,constant_gate_pbrs,480000,0.30707708333333333,0.45,0.4,0.0021508268968317,0.0009974151403184
2026-06-05T13:09:46.796863,137,148440,-325.47971041631723,-355.13746201196375,37,0.2103260869565217,4.525,0.34,9,9,-0.0031575724598951,0.9586349576711656,0.651968777179718,-0.0001080201553121,0.0,0.0,0.0,4,9.771636337111572e-05,9.771636337111572e-05,1.0,in,l2sq,3311.753476858139,constant_gate_pbrs_seed321_t480k,constant_gate_pbrs,480000,0.30925,0.45,0.45,0.0031575724598951,0.0001080201553121
2026-06-05T13:10:10.562437,138,149510,-286.419757296324,-286.419757296324,42,0.2119565217391304,4.6,0.26,6,9,-0.0029788156127323,1.0184644758701324,0.56553515791893,0.0001728462738356,0.0017578125698491,0.0,0.0,4,9.770170640519187e-05,9.770170640519187e-05,1.0,in,l2sq,3335.519008874893,constant_gate_pbrs_seed321_t480k,constant_gate_pbrs,480000,0.31147916666666664,0.45,0.3,0.0029788156127323,0.0001728462738356
2026-06-05T13:10:30.636746,139,150567,-259.94392696702454,-273.1818421316743,50,0.2171195652173913,4.675,0.36,9,9,-0.0030514062484143,1.005544200539589,0.5723075941205025,0.0031706403324278,0.015039062971482,0.0,0.0,4,9.76821670409279e-05,9.76821670409279e-05,1.0,in,l2sq,3355.59335231781,constant_gate_pbrs_seed321_t480k,constant_gate_pbrs,480000,0.31368125,0.45,0.45,0.0030514062484143,0.0031706403324278
2026-06-05T13:10:55.516378,140,151639,-318.573366980255,-318.573366980255,42,0.21875,4.77,0.38,6,9,-0.0038739623036234,0.9864543974399568,0.5814190655946732,0.0017536559280415,0.0011718750465661,0.0,0.0,4,9.76675149600894e-05,9.76675149600894e-05,1.0,in,l2sq,3380.472964525223,constant_gate_pbrs_seed321_t480k,constant_gate_pbrs,480000,0.31591458333333333,0.45,0.3,0.0038739623036234,0.0017536559280415
2026-06-05T13:11:16.031486,141,152713,-299.66246876144385,-309.1179178708494,45,0.2209239130434782,4.83,0.39,9,9,-0.0020599827796105,0.9692408740520476,0.5529756024479866,0.0013539933702304,0.0037109375698491,0.0,0.0,4,9.765286532118296e-05,9.765286532118296e-05,1.0,in,l2sq,3400.9880809783936,constant_gate_pbrs_seed321_t480k,constant_gate_pbrs,480000,0.31815208333333334,0.45,0.45,0.0020599827796105,0.0013539933702304
2026-06-05T13:11:40.289345,142,153805,-320.0946844438322,-320.0946844438322,38,0.2225543478260869,4.935,0.36,6,9,-0.0026458789041499,0.9692729115486144,0.5637919753789902,0.0006612088684733,0.0001953125029103,0.0,0.0,4,9.763333572464736e-05,9.763333572464736e-05,1.0,in,l2sq,3425.245940685272,constant_gate_pbrs_seed321_t480k,constant_gate_pbrs,480000,0.3204270833333333,0.45,0.3,0.0026458789041499,0.0006612088684733
2026-06-05T13:12:01.153710,143,154904,-284.67179725706575,-302.38324085044894,40,0.2228260869565217,4.96,0.43,9,9,-0.0027182936755707,0.9396238327026368,0.5653264001011848,-0.0001476538895531,0.0076171876862645,0.0,0.0,4,9.76138100338358e-05,9.76138100338358e-05,1.0,in,l2sq,3446.1102986335754,constant_gate_pbrs_seed321_t480k,constant_gate_pbrs,480000,0.32271666666666665,0.45,0.45,0.0027182936755707,0.0001476538895531
2026-06-05T13:12:25.190338,144,155993,-299.44539902716883,-299.44539902716883,41,0.2228260869565217,4.82,0.33,4,9,-0.0031454689975362,0.9889761209487916,0.5539615154266357,0.0015150902696405,0.0062500000058207,0.0,0.0,4,9.759916820637744e-05,9.759916820637744e-05,1.0,in,l2sq,3470.1469604969025,constant_gate_pbrs_seed321_t480k,constant_gate_pbrs,480000,0.3249854166666667,0.45,0.2,0.0031454689975362,0.0015150902696405
2026-06-05T13:12:45.123073,145,157043,-340.42714085900826,-319.9362699430885,34,0.2220108695652174,4.745,0.32,9,9,-0.0020984673596103,0.999213881790638,0.5614452436566353,0.0004857056032051,0.001953125,0.0,0.0,4,9.758452881914234e-05,9.758452881914234e-05,1.0,in,l2sq,3490.0796496868134,constant_gate_pbrs_seed321_t480k,constant_gate_pbrs,480000,0.32717291666666665,0.45,0.45,0.0020984673596103,0.0004857056032051
2026-06-05T13:13:09.151175,146,158129,-306.4271735457777,-306.4271735457777,40,0.2217391304347826,4.775,0.31,5,9,-0.0046865568961948,0.9771309792995452,0.5481337681412697,0.0052066155931242,0.0218750006170012,0.0,0.0,4,9.75650128892238e-05,9.75650128892238e-05,1.0,in,l2sq,3514.107793569565,constant_gate_pbrs_seed321_t480k,constant_gate_pbrs,480000,0.32943541666666665,0.45,0.25,0.0046865568961948,0.0052066155931242
2026-06-05T13:13:29.253460,147,159191,-297.4347752965096,-301.9309744211437,40,0.2214673913043478,4.78,0.39,9,9,-0.0034126431215554,1.000688299536705,0.5082497000694275,0.0003533373706886,0.0058593749126885,0.0,0.0,4,9.755037838121514e-05,9.755037838121514e-05,1.0,in,l2sq,3534.210033893585,constant_gate_pbrs_seed321_t480k,constant_gate_pbrs,480000,0.33164791666666665,0.45,0.45,0.0034126431215554,0.0003533373706886
2026-06-05T13:13:53.353719,148,160282,-284.8283795855647,-284.8283795855647,37,0.2222826086956521,4.87,0.34,6,9,-0.0027236644513324,0.9845443964004515,0.5072942636907101,0.0001298244915233,0.0050781252939486,0.0,0.0,4,9.753574631220983e-05,9.753574631220983e-05,1.0,in,l2sq,3558.310343265533,constant_gate_pbrs_seed321_t480k,constant_gate_pbrs,480000,0.33392083333333333,0.45,0.3,0.0027236644513324,0.0001298244915233
2026-06-05T13:14:13.099502,149,161322,-293.3413420159219,-289.0848608007433,36,0.2184782608695652,4.96,0.35,9,9,-0.0018994141777511,0.9796988666057588,0.5033319108188152,0.0004175598283837,0.0007812500116415,0.0,0.0,4,9.751624013830488e-05,9.751624013830488e-05,1.0,in,l2sq,3578.0560903549194,constant_gate_pbrs_seed321_t480k,constant_gate_pbrs,480000,0.3360875,0.45,0.45,0.0018994141777511,0.0004175598283837
2026-06-05T13:14:38.762851,150,162427,-355.73818375879625,-355.73818375879625,36,0.2171195652173913,4.985,0.33,6,9,-0.0029690593946725,0.9900034219026566,0.5290297418832779,0.000783112490626,0.0007812500116415,0.0,0.0,4,9.750161294608693e-05,9.750161294608693e-05,1.0,in,l2sq,3603.719426393509,constant_gate_pbrs_seed321_t480k,constant_gate_pbrs,480000,0.33838958333333335,0.45,0.3,0.0029690593946725,0.000783112490626
2026-06-05T13:15:00.286003,151,163537,-362.46436803037,-359.1012758945831,38,0.2160326086956521,5.1,0.39,9,9,-0.0024281643713038,0.9753978252410888,0.5133091285824776,0.0013698194503376,0.0042968749767169,0.0,0.0,4,9.748698819165308e-05,9.748698819165308e-05,1.0,in,l2sq,3625.242609739304,constant_gate_pbrs_seed321_t480k,constant_gate_pbrs,480000,0.34070208333333335,0.45,0.45,0.0024281643713038,0.0013698194503376
2026-06-05T13:15:24.386886,152,164613,-280.6176355074046,-280.6176355074046,41,0.2154891304347826,5.145,0.4,8,9,-0.0026322238089051,0.9678684026002884,0.50428282096982,-0.0006577025429578,0.0021484375174622,0.0,0.0,4,9.746749176888464e-05,9.746749176888464e-05,1.0,in,l2sq,3649.343449831009,constant_gate_pbrs_seed321_t480k,constant_gate_pbrs,480000,0.34294375,0.45,0.4,0.0026322238089051,0.0006577025429578
2026-06-05T13:15:44.809334,153,165675,-294.9691521242261,-287.79339381581536,44,0.2152173913043478,4.965,0.39,9,9,-0.0046306167379952,0.9830959886312484,0.5265210568904877,0.0026232525728119,0.0167968752793967,0.0,0.0,4,9.745287188880024e-05,9.745287188880024e-05,1.0,in,l2sq,3669.76594209671,constant_gate_pbrs_seed321_t480k,constant_gate_pbrs,480000,0.34515625,0.45,0.45,0.0046306167379952,0.0026232525728119
2026-06-05T13:16:08.347597,154,166722,-298.1228617947101,-298.1228617947101,39,0.214945652173913,4.865,0.41,8,9,-0.0033079512650147,0.994564726948738,0.5073792636394501,0.0011197081923455,0.0115234376862645,0.0,0.0,4,9.743825444528126e-05,9.743825444528126e-05,1.0,in,l2sq,3693.304213047028,constant_gate_pbrs_seed321_t480k,constant_gate_pbrs,480000,0.3473375,0.45,0.4,0.0033079512650147,0.0011197081923455
2026-06-05T13:16:29.973497,155,167840,-323.1888729757667,-310.6558673852384,38,0.2154891304347826,4.845,0.39,9,9,-0.0033134408789919,1.0139349400997162,0.5272141955792904,0.0027549867380003,0.0130859378841705,0.0,0.0,4,9.741876776877477e-05,9.741876776877477e-05,1.0,in,l2sq,3714.930102109909,constant_gate_pbrs_seed321_t480k,constant_gate_pbrs,480000,0.3496666666666667,0.45,0.45,0.0033134408789919,0.0027549867380003
2026-06-05T13:16:52.672288,156,168845,-265.16113253247727,-265.16113253247727,40,0.2168478260869565,4.79,0.32,8,9,-0.0037030235747806,1.0227484107017517,0.506334125995636,0.002665832385901,0.0027343749534338,0.0,0.0,4,9.740415519716854e-05,9.740415519716854e-05,1.0,in,l2sq,3737.628868818283,constant_gate_pbrs_seed321_t480k,constant_gate_pbrs,480000,0.3517604166666667,0.45,0.4,0.0037030235747806,0.002665832385901
2026-06-05T13:17:13.075138,157,169887,-321.1055685617929,-293.1333505471351,40,0.2176630434782608,4.775,0.25,9,9,-0.0024396557870204,0.9775116443634032,0.5176526978611946,0.0008447220411653,0.0021484375029103,0.0,0.0,4,9.738954506090976e-05,9.738954506090976e-05,1.0,in,l2sq,3758.031732559204,constant_gate_pbrs_seed321_t480k,constant_gate_pbrs,480000,0.35393125,0.45,0.45,0.0024396557870204,0.0008447220411653
2026-06-05T13:17:39.109758,158,170994,-340.7194657057525,-340.7194657057525,33,0.2152173913043478,4.83,0.23,6,9,-0.0026954848552122,0.9516174271702766,0.5096887946128845,3.089659403487932e-05,0.0025390625960426,0.0,0.0,4,9.737006812579304e-05,9.737006812579304e-05,1.0,in,l2sq,3784.0663647651672,constant_gate_pbrs_seed321_t480k,constant_gate_pbrs,480000,0.3562375,0.45,0.3,0.0026954848552122,3.089659403487932e-05
2026-06-05T13:18:00.049076,159,172043,-301.49446985751416,-321.10696778163333,41,0.2127717391304348,4.79,0.23,9,9,-0.0025050498254131,0.9898857027292252,0.5215812772512436,0.0018998935294803,0.0003906250058207,0.0,0.0,4,9.73554628590115e-05,9.73554628590115e-05,1.0,in,l2sq,3805.005649089813,constant_gate_pbrs_seed321_t480k,constant_gate_pbrs,480000,0.35842291666666665,0.45,0.45,0.0025050498254131,0.0018998935294803
2026-06-05T13:18:27.111957,160,173158,-327.1626367542744,-327.1626367542744,34,0.2105978260869565,4.865,0.19,7,9,-0.0029633552214364,0.9580290094017982,0.4920709356665611,0.0019792007522482,0.0066406253317836,0.0,0.0,4,9.734086002635996e-05,9.734086002635996e-05,1.0,in,l2sq,3832.068541288376,constant_gate_pbrs_seed321_t480k,constant_gate_pbrs,480000,0.3607458333333333,0.45,0.35,0.0029633552214364,0.0019792007522482
2026-06-05T13:18:49.409177,161,174270,-373.7320158349875,-350.4473262946309,36,0.2081521739130434,5.04,0.22,9,9,-0.0030537191370968,0.95873611420393,0.4818854220211506,0.0006476888653196,0.000585937523283,0.0,0.0,4,9.732139282776328e-05,9.732139282776328e-05,1.0,in,l2sq,3854.365771770477,constant_gate_pbrs_seed321_t480k,constant_gate_pbrs,480000,0.3630625,0.45,0.45,0.0030537191370968,0.0006476888653196
2026-06-05T13:19:13.864321,162,175325,-211.66497177189592,-211.66497177189592,48,0.2108695652173913,5.105,0.26,8,9,-0.0027844482334331,0.9948688000440598,0.4748653098940849,-0.0002542367971727,0.0023437500931322,0.0,0.0,4,9.730679486215478e-05,9.730679486215478e-05,1.0,in,l2sq,3878.82089138031,constant_gate_pbrs_seed321_t480k,constant_gate_pbrs,480000,0.36526041666666664,0.45,0.4,0.0027844482334331,0.0002542367971727
2026-06-05T13:19:35.217608,163,176391,-252.19238805896052,-231.92867991542823,51,0.2138586956521739,5.135,0.27,9,9,-0.0022586684906855,0.968441054224968,0.4715667814016342,0.0006245636898711,0.0023437500494765,0.0,0.0,4,9.729219932945944e-05,9.729219932945944e-05,1.0,in,l2sq,3900.174187421799,constant_gate_pbrs_seed321_t480k,constant_gate_pbrs,480000,0.36748125,0.45,0.45,0.0022586684906855,0.0006245636898711
2026-06-05T13:20:13.989972,164,177438,-245.8172982206343,-245.8172982206343,55,0.2176630434782608,5.305,0.27,12,12,-0.0026038702621008,0.9438384249806404,0.4715187028050422,0.0006029522890685,0.002539062523283,0.0,0.0,4,9.727274186251554e-05,9.727274186251554e-05,1.0,in,l2sq,3938.946388721466,constant_gate_pbrs_seed321_t480k,constant_gate_pbrs,480000,0.3696625,0.6,0.6,0.0026038702621008,0.0006029522890685
2026-06-05T13:20:33.766336,165,178404,-139.37404283219598,-192.59567052641515,62,0.2252717391304347,5.035,0.26,12,12,-0.0023253955121617,1.024484932422638,0.4418200328946113,0.0004678597864767,0.0,0.0,0.0,4,9.725815119443018e-05,9.725815119443018e-05,1.0,in,l2sq,3958.722858905792,constant_gate_pbrs_seed321_t480k,constant_gate_pbrs,480000,0.371675,0.6,0.6,0.0023253955121617,0.0004678597864767
2026-06-05T13:21:06.182151,166,179484,-305.3101507003902,-305.3101507003902,48,0.227445652173913,5.115,0.29,12,12,-0.0026510458992562,1.013160414993763,0.4691601395606994,-2.778425805444185e-05,0.0007812500116415,0.0,0.0,4,9.72435629580418e-05,9.72435629580418e-05,1.0,in,l2sq,3991.138518333435,constant_gate_pbrs_seed321_t480k,constant_gate_pbrs,480000,0.373925,0.6,0.6,0.0026510458992562,2.778425805444185e-05
2026-06-05T13:21:27.844490,167,180542,-305.0082546420694,-305.15920267122976,44,0.2285326086956521,5.195,0.29,12,12,-0.0020483568710914,0.954296477138996,0.466983787715435,0.0013114538412992,0.0021484375756699,0.0,0.0,4,9.72241152178858e-05,9.72241152178858e-05,1.0,in,l2sq,4012.8010387420654,constant_gate_pbrs_seed321_t480k,constant_gate_pbrs,480000,0.3761291666666667,0.6,0.6,0.0020483568710914,0.0013114538412992
2026-06-05T13:22:04.621104,168,181561,-219.7769961906673,-219.7769961906673,58,0.2342391304347826,5.005,0.26,14,14,-0.0033944995957426,1.0120128989219666,0.4674277678132057,0.0054492077675604,0.0167968752793967,0.0,0.0,4,9.720953184367556e-05,9.720953184367556e-05,1.0,in,l2sq,4049.577513217926,constant_gate_pbrs_seed321_t480k,constant_gate_pbrs,480000,0.3782520833333333,0.7,0.7,0.0033944995957426,0.0054492077675604
2026-06-05T13:22:25.826806,169,182617,-196.4041339724659,-208.09056508156655,58,0.2402173913043478,5.455,0.3,14,14,-0.0035735833691433,0.9673301056027412,0.4508056677877903,0.0025800975759921,0.0095703125116415,0.0,0.0,4,9.719495089994668e-05,9.719495089994668e-05,1.0,in,l2sq,4070.7833693027496,constant_gate_pbrs_seed321_t480k,constant_gate_pbrs,480000,0.38045208333333336,0.7,0.7,0.0035735833691433,0.0025800975759921
2026-06-05T13:22:50.863356,170,183704,-276.8616848516464,-276.8616848516464,54,0.2451086956521739,5.25,0.33,13,14,-0.0029318709101062,0.9393682554364204,0.4613405577838421,0.0023412206804323,0.0105468750698491,0.0,0.0,4,9.71755128817162e-05,9.71755128817162e-05,1.0,in,l2sq,4095.8199303150177,constant_gate_pbrs_seed321_t480k,constant_gate_pbrs,480000,0.38271666666666665,0.7,0.65,0.0029318709101062,0.0023412206804323
2026-06-05T13:23:11.986582,171,184774,-264.55817856365474,-270.7099317076505,46,0.2472826086956521,5.175,0.32,14,14,-0.0039200724451802,0.9486283361911774,0.5025475323200226,0.0020947557473846,0.0285156252793967,0.0,0.0,4,9.716093679773488e-05,9.716093679773488e-05,1.0,in,l2sq,4116.943101406097,constant_gate_pbrs_seed321_t480k,constant_gate_pbrs,480000,0.3849458333333333,0.7,0.7,0.0039200724451802,0.0020947557473846
2026-06-05T13:23:36.165594,172,185855,-270.7256275368331,-270.7256275368331,56,0.2513586956521739,5.025,0.32,12,14,-0.0019676708237966,0.9796242639422416,0.4743784293532371,0.0006056726989299,0.0007812500116415,0.0,0.0,4,9.71463631430199e-05,9.71463631430199e-05,1.0,in,l2sq,4141.12219119072,constant_gate_pbrs_seed321_t480k,constant_gate_pbrs,480000,0.38719791666666664,0.7,0.6,0.0019676708237966,0.0006056726989299
2026-06-05T13:23:55.405335,173,186870,-270.03778198987266,-270.3817047633529,53,0.2538043478260869,4.765,0.26,14,14,-0.0026667684200218,0.9617619514465332,0.4903611913323402,0.0004000291482952,0.0003906250058207,0.0,0.0,4,9.71317914314265e-05,9.71317914314265e-05,1.0,in,l2sq,4160.361852169037,constant_gate_pbrs_seed321_t480k,constant_gate_pbrs,480000,0.3893125,0.7,0.7,0.0026667684200218,0.0004000291482952
2026-06-05T13:24:18.258361,174,187893,-265.617348969102,-265.617348969102,52,0.2573369565217391,4.615,0.26,13,14,-0.0023610554490005,0.9966564774513244,0.4799959920346737,-0.0002499444176237,0.0017578125116415,0.0,0.0,4,9.711722214837074e-05,9.711722214837074e-05,1.0,in,l2sq,4183.214968204498,constant_gate_pbrs_seed321_t480k,constant_gate_pbrs,480000,0.39144375,0.7,0.65,0.0023610554490005,0.0002499444176237
2026-06-05T13:24:37.624322,175,188911,-224.65102638399625,-245.13418767654912,50,0.2605978260869565,4.79,0.27,14,14,-0.004337005270645,1.0072473958134651,0.4512381330132484,0.0015168828468631,0.0056640625698491,0.0,0.0,4,9.709779967511327e-05,9.709779967511327e-05,1.0,in,l2sq,4202.58091878891,constant_gate_pbrs_seed321_t480k,constant_gate_pbrs,480000,0.39356458333333333,0.7,0.7,0.004337005270645,0.0015168828468631
2026-06-05T13:25:01.455528,176,189999,-273.4752798897624,-273.4752798897624,51,0.2635869565217391,4.925,0.32,10,14,-0.0015598617523209,0.9385027289390564,0.478507250547409,-0.0002688213848159,0.0074218749068677,0.0,0.0,4,9.708323524791866e-05,9.708323524791866e-05,1.0,in,l2sq,4226.412124633789,constant_gate_pbrs_seed321_t480k,constant_gate_pbrs,480000,0.39583125,0.7,0.5,0.0015598617523209,0.0002688213848159
2026-06-05T13:25:20.389223,177,190994,-210.729510796845,-242.10239534330367,49,0.2660326086956521,4.99,0.28,14,14,-0.0030586765235057,0.9784590527415276,0.4873149804770946,5.131122488816198e-05,0.0119140625465661,0.0,0.0,4,9.706867324804766e-05,9.706867324804766e-05,1.0,in,l2sq,4245.345825433731,constant_gate_pbrs_seed321_t480k,constant_gate_pbrs,480000,0.39790416666666667,0.7,0.7,0.0030586765235057,5.131122488816198e-05
2026-06-05T13:25:42.538013,178,191994,-220.33430998599567,-220.33430998599567,50,0.2706521739130434,4.985,0.25,9,14,-0.0044191846274768,1.0284748077392578,0.4920110628008842,0.0033189757828949,0.0175781254656612,0.0,0.0,4,9.705411318974426e-05,9.705411318974426e-05,1.0,in,l2sq,4267.494592428207,constant_gate_pbrs_seed321_t480k,constant_gate_pbrs,480000,0.3999875,0.7,0.45,0.0044191846274768,0.0033189757828949
2026-06-05T13:26:02.218919,179,193030,-253.31057681667832,-236.822443401337,46,0.2720108695652174,4.95,0.24,14,14,-0.0025403898282092,0.9885994642972946,0.5092949494719505,0.0015595500255585,0.0042968749330611,0.0,0.0,4,9.703955555803636e-05,9.703955555803636e-05,1.0,in,l2sq,4287.175524950028,constant_gate_pbrs_seed321_t480k,constant_gate_pbrs,480000,0.4021458333333333,0.7,0.7,0.0025403898282092,0.0015595500255585
2026-06-05T13:26:25.938906,180,194030,-151.63807405436037,-151.63807405436037,54,0.277445652173913,4.685,0.19,9,14,-0.0026171729608904,0.9794814363121986,0.4795165434479713,0.00109058068183,0.0037109375116415,0.0,0.0,4,9.702014861732032e-05,9.702014861732032e-05,1.0,in,l2sq,4310.895490884781,constant_gate_pbrs_seed321_t480k,constant_gate_pbrs,480000,0.40422916666666664,0.7,0.45,0.0026171729608904,0.00109058068183
2026-06-05T13:26:47.649947,181,195126,-246.0205373991732,-198.8293057267668,53,0.2820652173913043,4.785,0.21,14,14,-0.0038904987624846,0.960441842675209,0.5268637090921402,0.00321159843661,0.0156250004656612,0.0,0.0,4,9.700559583759022e-05,9.700559583759022e-05,1.0,in,l2sq,4332.606559991837,constant_gate_pbrs_seed321_t480k,constant_gate_pbrs,480000,0.4065125,0.7,0.7,0.0038904987624846,0.00321159843661
2026-06-05T13:27:10.907047,182,196173,-194.62094993108528,-194.62094993108528,46,0.2815217391304347,4.94,0.24,9,14,-0.0024390362741542,0.956521451473236,0.4691451489925384,0.0006710462726005,0.0050781250465661,0.0,0.0,4,9.699104548324256e-05,9.699104548324256e-05,1.0,in,l2sq,4355.863631486893,constant_gate_pbrs_seed321_t480k,constant_gate_pbrs,480000,0.40869375,0.7,0.45,0.0024390362741542,0.0006710462726005
2026-06-05T13:27:30.816174,183,197214,-248.55711036813244,-221.58903014960885,43,0.2793478260869565,4.97,0.2,14,14,-0.0034508281183661,0.9620753303170204,0.4819303788244724,0.0008010786727936,0.0019531250727595,0.0,0.0,4,9.697164824405638e-05,9.697164824405638e-05,1.0,in,l2sq,4375.772783041,constant_gate_pbrs_seed321_t480k,constant_gate_pbrs,480000,0.4108625,0.7,0.7,0.0034508281183661,0.0008010786727936
2026-06-05T13:27:54.180929,184,198273,-228.74209099107992,-228.74209099107992,53,0.2788043478260869,5.13,0.18,12,14,-0.0029010728583669,1.002359703183174,0.4472179114818573,0.0008800749108559,0.0062500000058207,0.0,0.0,4,9.6957102739261e-05,9.6957102739261e-05,1.0,in,l2sq,4399.137555599213,constant_gate_pbrs_seed321_t480k,constant_gate_pbrs,480000,0.41306875,0.7,0.6,0.0029010728583669,0.0008800749108559
2026-06-05T13:28:15.133165,185,199353,-224.5791797120573,-226.66063535156863,56,0.2771739130434782,5.02,0.15,14,14,-0.0027660050356643,0.9630549401044846,0.476739089936018,0.0008726646469085,0.0048828124563442,0.0,0.0,4,9.694255965863565e-05,9.694255965863565e-05,1.0,in,l2sq,4420.089749336243,constant_gate_pbrs_seed321_t480k,constant_gate_pbrs,480000,0.41531875,0.7,0.7,0.0027660050356643,0.0008726646469085
2026-06-05T13:28:39.300158,186,200444,-209.6377470735314,-209.6377470735314,55,0.2790760869565217,5.11,0.18,13,14,-0.0027742391685023,0.9376252442598344,0.4674631357192993,0.0014110536712905,0.0027343750116415,0.0,0.0,4,9.692317211612952e-05,9.692317211612952e-05,1.0,in,l2sq,4444.25675201416,constant_gate_pbrs_seed321_t480k,constant_gate_pbrs,480000,0.4175916666666667,0.7,0.65,0.0027742391685023,0.0014110536712905
2026-06-05T13:29:00.771296,187,201509,-242.68679042804308,-226.16226875078723,47,0.2798913043478261,5.085,0.26,14,14,-0.002609132276848,1.0130694806575775,0.4545279070734977,0.0035343606639798,0.0156249997671693,0.0,0.0,4,9.690863388263216e-05,9.690863388263216e-05,1.0,in,l2sq,4465.727910995483,constant_gate_pbrs_seed321_t480k,constant_gate_pbrs,480000,0.4198104166666667,0.7,0.7,0.002609132276848,0.0035343606639798
2026-06-05T13:29:33.821143,188,202603,-240.6488222967982,-240.6488222967982,47,0.2769021739130435,5.02,0.3,14,14,-0.0026465200484381,0.9311141520738602,0.4680713415145874,0.0005400126278971,0.0003906250058207,0.0,0.0,4,9.689409807209292e-05,9.689409807209292e-05,1.0,in,l2sq,4498.777642965317,constant_gate_pbrs_seed321_t480k,constant_gate_pbrs,480000,0.42208958333333335,0.7,0.7,0.0026465200484381,0.0005400126278971
2026-06-05T13:29:55.551643,189,203689,-315.07587369406247,-277.86234799543035,40,0.2720108695652174,5.325,0.35,14,14,-0.0030863742016662,1.004881426692009,0.4769781343638897,0.0005220262338752,0.0050781251920852,0.0,0.0,4,9.68747202214195e-05,9.68747202214195e-05,1.0,in,l2sq,4520.508223056793,constant_gate_pbrs_seed321_t480k,constant_gate_pbrs,480000,0.42435208333333335,0.7,0.7,0.0030863742016662,0.0005220262338752
2026-06-05T13:30:20.634192,190,204717,-226.5780770943762,-226.5780770943762,48,0.2703804347826087,5.27,0.29,11,14,-0.0011380136114893,1.0094600319862366,0.4231080338358879,0.0010604068815155,0.005859375,0.0,0.0,4,9.68601892555852e-05,9.68601892555852e-05,1.0,in,l2sq,4545.590784072876,constant_gate_pbrs_seed321_t480k,constant_gate_pbrs,480000,0.42649375,0.7,0.55,0.0011380136114893,0.0010604068815155
2026-06-05T13:30:42.466035,191,205792,-172.28603231424097,-199.4320547043086,58,0.2736413043478261,5.26,0.28,14,14,-0.0025831767154158,0.9545635506510736,0.4580615684390068,-0.000160599543733,0.0013671875058207,0.0,0.0,4,9.68456607114978e-05,9.68456607114978e-05,1.0,in,l2sq,4567.422606945038,constant_gate_pbrs_seed321_t480k,constant_gate_pbrs,480000,0.42873333333333336,0.7,0.7,0.0025831767154158,0.000160599543733
2026-06-05T13:31:06.869246,192,206846,-237.141556969702,-237.141556969702,54,0.2730978260869565,5.26,0.21,10,14,-0.0033462602790678,0.97713340818882,0.4559051841497421,0.0008945985247464,0.0091796875931322,0.0,0.0,4,9.682629254781212e-05,9.682629254781212e-05,1.0,in,l2sq,4591.825853347778,constant_gate_pbrs_seed321_t480k,constant_gate_pbrs,480000,0.43092916666666664,0.7,0.5,0.0033462602790678,0.0008945985247464
2026-06-05T13:31:28.022055,193,207905,-276.37975110018306,-256.76065403494255,47,0.2714673913043478,5.1,0.25,14,14,-0.0026479394146008,1.01164311170578,0.413304753601551,0.0014385832077095,0.0011718750465661,0.0,0.0,4,9.681176884600778e-05,9.681176884600778e-05,1.0,in,l2sq,4612.978664398193,constant_gate_pbrs_seed321_t480k,constant_gate_pbrs,480000,0.43313541666666666,0.7,0.7,0.0026479394146008,0.0014385832077095
2026-06-05T13:31:53.027379,194,208989,-290.16022775173195,-290.16022775173195,50,0.2709239130434782,5.21,0.27,11,14,-0.0015051353608214,0.989618554711342,0.4211053103208542,0.0006484268886197,0.0,0.0,0.0,4,9.679724756473972e-05,9.679724756473972e-05,1.0,in,l2sq,4637.983933925629,constant_gate_pbrs_seed321_t480k,constant_gate_pbrs,480000,0.43539375,0.7,0.55,0.0015051353608214,0.0006484268886197
2026-06-05T13:32:14.385507,195,210054,-217.6754347377416,-253.9178312447368,51,0.271195652173913,5.09,0.26,14,14,-0.0034704402612987,0.9786915853619576,0.4556518048048019,0.002448550604231,0.0138671875465661,0.0,0.0,4,9.677788908319925e-05,9.677788908319925e-05,1.0,in,l2sq,4659.342086553574,constant_gate_pbrs_seed321_t480k,constant_gate_pbrs,480000,0.4376125,0.7,0.7,0.0034704402612987,0.002448550604231
2026-06-05T13:32:39.154882,196,211141,-279.169013763428,-279.169013763428,49,0.2706521739130434,5.21,0.32,12,14,-0.0025501004973194,0.9481732696294785,0.467392548918724,0.0009850783702859,0.0,0.0,0.0,4,9.67633726417936e-05,9.67633726417936e-05,1.0,in,l2sq,4684.111494779587,constant_gate_pbrs_seed321_t480k,constant_gate_pbrs,480000,0.4398770833333333,0.7,0.6,0.0025501004973194,0.0009850783702859
2026-06-05T13:32:59.369425,197,212196,-238.43300003862365,-258.8010069010258,45,0.2695652173913043,5.345,0.24,14,14,-0.0029380076040979,0.9859936758875848,0.4516494609415531,0.0003448568537806,0.0101562504423782,0.0,0.0,4,9.67488586197142e-05,9.67488586197142e-05,1.0,in,l2sq,4704.3259971141815,constant_gate_pbrs_seed321_t480k,constant_gate_pbrs,480000,0.442075,0.7,0.7,0.0029380076040979,0.0003448568537806
2026-06-05T13:33:22.730609,198,213250,-281.6641973577141,-281.6641973577141,47,0.26875,5.305,0.34,11,14,-0.0027569793659494,0.949945203959942,0.4348661713302135,0.0017859738974038,0.0042968750640284,0.0,0.0,4,9.672950981547884e-05,9.672950981547884e-05,1.0,in,l2sq,4727.687217235565,constant_gate_pbrs_seed321_t480k,constant_gate_pbrs,480000,0.44427083333333334,0.7,0.55,0.0027569793659494,0.0017859738974038
2026-06-05T13:33:43.087530,199,214314,-241.69014599746484,-261.67717167758946,53,0.2706521739130434,5.37,0.31,14,14,-0.0025975040683987,0.9887150526046752,0.4341692999005317,0.0013152685112799,0.0085937501862645,0.0,0.0,4,9.671500063084238e-05,9.671500063084238e-05,1.0,in,l2sq,4748.044105291367,constant_gate_pbrs_seed321_t480k,constant_gate_pbrs,480000,0.4464875,0.7,0.7,0.0025975040683987,0.0013152685112799
2026-06-05T13:34:08.881228,200,215400,-254.92722216320053,-254.92722216320053,50,0.2695652173913043,5.225,0.3,9,14,-0.0031801089673536,0.9926283955574036,0.4400692358613014,0.0027571051447922,0.0070312501193257,0.0,0.0,4,9.670049386432276e-05,9.670049386432276e-05,1.0,in,l2sq,4773.837717056274,constant_gate_pbrs_seed321_t480k,constant_gate_pbrs,480000,0.44875,0.7,0.45,0.0031801089673536,0.0027571051447922
2026-06-05T13:34:29.312913,201,216461,-285.3870412825352,-270.15713172286786,39,0.2657608695652174,5.14,0.33,14,14,-0.0038434371177573,0.9836725816130638,0.4512011781334877,0.0017652776786292,0.0091796878259629,0.0,0.0,4,9.668115473255484e-05,9.668115473255484e-05,1.0,in,l2sq,4794.269464254379,constant_gate_pbrs_seed321_t480k,constant_gate_pbrs,480000,0.45096041666666664,0.7,0.7,0.0038434371177573,0.0017652776786292
2026-06-05T13:34:52.180395,202,217481,-170.7506728731395,-170.7506728731395,55,0.2682065217391304,5.045,0.24,8,14,-0.0030454487947282,0.9885055124759674,0.4469366148114204,0.0025866204789053,0.0085937500116415,0.0,0.0,4,9.666665280105993e-05,9.666665280105993e-05,1.0,in,l2sq,4817.136961698532,constant_gate_pbrs_seed321_t480k,constant_gate_pbrs,480000,0.4530854166666667,0.7,0.4,0.0030454487947282,0.0025866204789053
2026-06-05T13:35:12.800067,203,218555,-239.8707514948251,-205.3107121839823,50,0.2701086956521739,5.065,0.22,14,14,-0.0016495816838869,0.9898326247930528,0.4534836485981941,0.0004617143271389,0.0001953125029103,0.0,0.0,4,9.665215328647304e-05,9.665215328647304e-05,1.0,in,l2sq,4837.756660938263,constant_gate_pbrs_seed321_t480k,constant_gate_pbrs,480000,0.4553229166666667,0.7,0.7,0.0016495816838869,0.0004617143271389
2026-06-05T13:35:36.133504,204,219605,-212.2586489458681,-212.2586489458681,50,0.2692934782608696,5.055,0.23,12,14,-0.0031569981074426,0.9554932042956352,0.4421866275370121,-3.3549428098939016e-05,0.0031250000029103,0.0,0.0,4,9.663282382233729e-05,9.663282382233729e-05,1.0,in,l2sq,4861.090129852295,constant_gate_pbrs_seed321_t480k,constant_gate_pbrs,480000,0.45751041666666664,0.7,0.6,0.0031569981074426,3.3549428098939016e-05
2026-06-05T13:35:55.288961,205,220606,-201.02624088186025,-206.64244491386413,49,0.2673913043478261,5.09,0.24,14,14,-0.0040604921523481,0.9454521983861924,0.4688019827008247,0.000497525416813,0.0085937503026798,0.0,0.0,4,9.661832914035806e-05,9.661832914035806e-05,1.0,in,l2sq,4880.245515346527,constant_gate_pbrs_seed321_t480k,constant_gate_pbrs,480000,0.4595958333333333,0.7,0.7,0.0040604921523481,0.000497525416813
2026-06-05T13:36:18.546690,206,221647,-167.0387058315279,-167.0387058315279,55,0.2673913043478261,5.135,0.28,9,14,-0.0025943516293409,0.9813209921121596,0.4518348053097725,0.0017860742330412,0.0068359377328306,0.0,0.0,4,9.660383687407864e-05,9.660383687407864e-05,1.0,in,l2sq,4903.503315210342,constant_gate_pbrs_seed321_t480k,constant_gate_pbrs,480000,0.4617645833333333,0.7,0.45,0.0025943516293409,0.0017860742330412
2026-06-05T13:36:38.384138,207,222685,-212.40221160626425,-189.72045871889603,52,0.26875,4.935,0.28,14,14,-0.0022049564693588,0.9774712920188904,0.4597024247050285,0.0015552086453681,0.0003906250058207,0.0,0.0,4,9.65893465400692e-05,9.65893465400692e-05,1.0,in,l2sq,4923.340749502182,constant_gate_pbrs_seed321_t480k,constant_gate_pbrs,480000,0.4639270833333333,0.7,0.7,0.0022049564693588,0.0015552086453681
2026-06-05T13:37:00.657483,208,223685,-172.63598068898983,-172.63598068898983,54,0.2706521739130434,4.96,0.29,13,14,-0.0021372992996474,0.9737207889556884,0.4519073218107223,0.0003119921653592,0.0009765625,0.0,0.0,4,9.657485862103492e-05,9.657485862103492e-05,1.0,in,l2sq,4945.614050149918,constant_gate_pbrs_seed321_t480k,constant_gate_pbrs,480000,0.46601041666666665,0.7,0.65,0.0021372992996474,0.0003119921653592
2026-06-05T13:37:20.817182,209,224736,-116.26078302472816,-144.448381856859,58,0.2755434782608695,4.98,0.27,14,14,-0.0029313162696782,0.9469871893525124,0.4567458555102348,0.0009678586864538,0.0023437500931322,0.0,0.0,4,9.655554461505932e-05,9.655554461505932e-05,1.0,in,l2sq,4965.773766756058,constant_gate_pbrs_seed321_t480k,constant_gate_pbrs,480000,0.4682,0.7,0.7,0.0029313162696782,0.0009678586864538
2026-06-05T13:37:54.712242,210,225781,-223.98273008459816,-223.98273008459816,52,0.2766304347826087,4.965,0.3,14,14,-0.0025628961448092,0.9471751898527144,0.4565208405256271,0.0018832891048077,0.0058593752910383,0.0,0.0,4,9.654106152476798e-05,9.654106152476798e-05,1.0,in,l2sq,4999.668768167496,constant_gate_pbrs_seed321_t480k,constant_gate_pbrs,480000,0.47037708333333333,0.7,0.7,0.0025628961448092,0.0018832891048077
2026-06-05T13:38:22.601634,211,226834,-246.86083692294355,-235.42178350377085,53,0.2752717391304348,5.015,0.26,14,14,-0.0024217654150562,0.977366842329502,0.4474810473620891,0.000963086541833,0.0044921875814907,0.0,0.0,4,9.652658084824456e-05,9.652658084824456e-05,1.0,in,l2sq,5027.558164596558,constant_gate_pbrs_seed321_t480k,constant_gate_pbrs,480000,0.47257083333333333,0.7,0.7,0.0024217654150562,0.000963086541833
2026-06-05T13:38:54.147654,212,227855,-219.18504892253875,-219.18504892253875,54,0.2752717391304348,4.88,0.25,14,14,-0.00293566849723,0.9634582027792932,0.4590315595269203,0.0006006071853335,0.0017578125552972,0.0,0.0,4,9.650727649734072e-05,9.650727649734072e-05,1.0,in,l2sq,5059.104040145874,constant_gate_pbrs_seed321_t480k,constant_gate_pbrs,480000,0.47469791666666666,0.7,0.7,0.00293566849723,0.0006006071853335
2026-06-05T13:39:15.059336,213,228920,-237.41099927163103,-228.2980240970849,43,0.2741847826086956,5.065,0.32,14,14,-0.0031958870764355,0.9960838109254836,0.4558942690491676,0.0005960876274911,0.001562500023283,0.0,0.0,4,9.649280064714638e-05,9.649280064714638e-05,1.0,in,l2sq,5080.01594209671,constant_gate_pbrs_seed321_t480k,constant_gate_pbrs,480000,0.47691666666666666,0.7,0.7,0.0031958870764355,0.0005960876274911
2026-06-05T13:39:38.828232,214,230004,-195.2727049027087,-195.2727049027087,52,0.2747282608695652,5.16,0.32,13,14,-0.0018525749612308,0.9777910709381104,0.424677949398756,0.0014019131524037,0.0041015626484295,0.0,0.0,4,9.647832720951332e-05,9.647832720951332e-05,1.0,in,l2sq,5103.784816980362,constant_gate_pbrs_seed321_t480k,constant_gate_pbrs,480000,0.479175,0.7,0.65,0.0018525749612308,0.0014019131524037
2026-06-05T13:39:59.570532,215,231089,-258.46452441215524,-226.868614657432,43,0.2725543478260869,5.04,0.35,14,14,-0.0035607077559689,0.9477052465081216,0.4308349080383777,0.0025153454123937,0.0078125002037268,0.0,0.0,4,9.64590325088547e-05,9.64590325088547e-05,1.0,in,l2sq,5124.527144193649,constant_gate_pbrs_seed321_t480k,constant_gate_pbrs,480000,0.48143541666666667,0.7,0.7,0.0035607077559689,0.0025153454123937
2026-06-05T13:40:29.463374,216,232089,-168.28618210864067,-168.28618210864067,51,0.2730978260869565,5.08,0.34,15,15,-0.0040011093835346,1.0088211297988892,0.4428025186061859,-0.0001316938796662,0.0171875001396983,0.0,0.0,4,9.644456389513802e-05,9.644456389513802e-05,1.0,in,l2sq,5154.419795036316,constant_gate_pbrs_seed321_t480k,constant_gate_pbrs,480000,0.48351875,0.75,0.75,0.0040011093835346,0.0001316938796662
2026-06-05T13:40:49.294139,217,233116,-191.85556366336357,-180.07087288600212,44,0.2728260869565217,5.035,0.33,15,15,-0.0027028018419513,0.9523141980171204,0.4640140868723392,0.0009872445800738,0.0064453124650754,0.0,0.0,4,9.643009769277655e-05,9.643009769277655e-05,1.0,in,l2sq,5174.250724554062,constant_gate_pbrs_seed321_t480k,constant_gate_pbrs,480000,0.48565833333333336,0.75,0.75,0.0027028018419513,0.0009872445800738
2026-06-05T13:41:22.462011,218,234205,-210.8796329855921,-210.8796329855921,52,0.2741847826086956,5.055,0.37,17,17,-0.0036898688704241,0.9772681146860124,0.4661120176315307,0.001279767248343,0.0089843752793967,0.0,0.0,4,9.641563341920996e-05,9.641563341920996e-05,1.0,in,l2sq,5207.418435096741,constant_gate_pbrs_seed321_t480k,constant_gate_pbrs,480000,0.48792708333333334,0.85,0.85,0.0036898688704241,0.001279767248343
2026-06-05T13:41:44.164163,219,235270,-183.04863120627417,-196.9641320959332,52,0.2739130434782608,5.155,0.36,17,17,-0.0023179353680462,0.9563650116324424,0.4372046589851379,-2.338392614548157e-05,0.0054687501396983,0.0,0.0,4,9.640117155627524e-05,9.640117155627524e-05,1.0,in,l2sq,5229.120712041855,constant_gate_pbrs_seed321_t480k,constant_gate_pbrs,480000,0.49014583333333334,0.85,0.85,0.0023179353680462,2.338392614548157e-05
2026-06-05T13:42:14.298505,220,236406,-314.7922110506299,-314.7922110506299,47,0.2730978260869565,5.315,0.31,16,17,-0.0035195015749195,0.9414370507001876,0.4738912247121334,0.0021317033018931,0.0109375001629814,0.0,0.0,4,9.638189228597572e-05,9.638189228597572e-05,1.0,in,l2sq,5259.254841089249,constant_gate_pbrs_seed321_t480k,constant_gate_pbrs,480000,0.4925125,0.85,0.8,0.0035195015749195,0.0021317033018931
2026-06-05T13:42:35.557631,221,237450,-201.69760233098248,-258.24490669080615,63,0.2796195652173913,5.23,0.22,17,17,-0.0037922870455077,0.958453431725502,0.4537855647504329,0.0007794218323397,0.0093750000523868,0.0,0.0,4,9.636261687133744e-05,9.636261687133744e-05,1.0,in,l2sq,5280.514239311218,constant_gate_pbrs_seed321_t480k,constant_gate_pbrs,480000,0.4946875,0.85,0.85,0.0037922870455077,0.0007794218323397
2026-06-05T13:43:07.865842,222,238505,-166.21085383564227,-166.21085383564227,55,0.2796195652173913,5.24,0.19,18,18,-0.0047332123271189,0.9435771852731704,0.4214228838682174,0.0010064632064313,0.0187499998137354,0.0,0.0,4,9.634816271972531e-05,9.634816271972531e-05,1.0,in,l2sq,5312.822231531143,constant_gate_pbrs_seed321_t480k,constant_gate_pbrs,480000,0.4968854166666667,0.9,0.9,0.0047332123271189,0.0010064632064313
2026-06-05T13:43:28.182739,223,239512,-198.37274364882708,-182.29179874223468,54,0.2807065217391304,5.07,0.2,18,18,-0.002950941864401,0.948613204061985,0.4501027055084705,0.0032175582154195,0.0154296878026798,0.0,0.0,4,9.633371097705817e-05,9.633371097705817e-05,1.0,in,l2sq,5333.139350891113,constant_gate_pbrs_seed321_t480k,constant_gate_pbrs,480000,0.49898333333333333,0.9,0.9,0.002950941864401,0.0032175582154195
2026-06-05T13:44:01.530360,224,240620,-222.23544936645035,-222.23544936645035,50,0.2807065217391304,5.18,0.2,18,18,-0.0038719348434823,0.9922974407672882,0.4452733770012855,0.0013255028727144,0.0062500000058207,0.0,0.0,4,9.631926116125794e-05,9.631926116125794e-05,1.0,in,l2sq,5366.486763238907,constant_gate_pbrs_seed321_t480k,constant_gate_pbrs,480000,0.5012916666666667,0.9,0.9,0.0038719348434823,0.0013255028727144
2026-06-05T13:44:22.656454,225,241666,-153.0351259688732,-187.63528766766177,62,0.2842391304347826,5.135,0.22,18,18,-0.0024129554687533,0.9490548074245452,0.4493991881608963,0.0018985375467309,0.0041015624592546,0.0,0.0,4,9.630481375368006e-05,9.630481375368006e-05,1.0,in,l2sq,5387.613045454025,constant_gate_pbrs_seed321_t480k,constant_gate_pbrs,480000,0.5034708333333333,0.9,0.9,0.0024129554687533,0.0018985375467309
2026-06-05T13:44:47.118748,226,242726,-188.01639594036345,-188.01639594036345,53,0.283695652173913,5.23,0.3,17,18,-0.0023732066780212,0.9512225538492204,0.4541892297565937,0.0011038295909656,0.0011718750029103,0.0,0.0,4,9.628555375397746e-05,9.628555375397746e-05,1.0,in,l2sq,5412.07536315918,constant_gate_pbrs_seed321_t480k,constant_gate_pbrs,480000,0.5056791666666667,0.9,0.85,0.0023732066780212,0.0011038295909656
2026-06-05T13:45:09.405018,227,243809,-242.4498291223645,-215.233112531364,44,0.2815217391304347,5.38,0.36,18,18,-0.0015330068883486,0.9387346655130386,0.472672589123249,0.0002825306463819,0.001562500023283,0.0,0.0,4,9.627111116164028e-05,9.627111116164028e-05,1.0,in,l2sq,5434.361602306366,constant_gate_pbrs_seed321_t480k,constant_gate_pbrs,480000,0.5079354166666666,0.9,0.9,0.0015330068883486,0.0002825306463819
2026-06-05T13:45:49.406374,228,244887,-208.8995553466078,-208.8995553466078,50,0.2804347826086956,5.33,0.38,19,19,-0.0027242973592365,0.9514597952365876,0.4392161518335342,0.0014948515306059,0.0015625000087311,0.0,0.0,4,9.62566709763216e-05,9.62566709763216e-05,1.0,in,l2sq,5474.362708091736,constant_gate_pbrs_seed321_t480k,constant_gate_pbrs,480000,0.51018125,0.95,0.95,0.0027242973592365,0.0014948515306059
2026-06-05T13:46:11.414833,229,245948,-147.78819857811925,-178.34387696236354,61,0.28125,5.33,0.37,19,19,-0.0028184190523461,0.9704295173287392,0.4478572309017181,0.0023099134651374,0.0029296875,0.0,0.0,4,9.623742060469304e-05,9.623742060469304e-05,1.0,in,l2sq,5496.371427774429,constant_gate_pbrs_seed321_t480k,constant_gate_pbrs,480000,0.5123916666666667,0.95,0.95,0.0028184190523461,0.0023099134651374
2026-06-05T13:46:35.767631,230,246982,-145.07277036303296,-145.07277036303296,65,0.2847826086956522,5.225,0.25,17,19,-0.002558193411096,0.945943921804428,0.4118085354566574,0.0005420671639512,0.0003906250058207,0.0,0.0,4,9.622298523220793e-05,9.622298523220793e-05,1.0,in,l2sq,5520.7242131233215,constant_gate_pbrs_seed321_t480k,constant_gate_pbrs,480000,0.5145458333333334,0.95,0.85,0.002558193411096,0.0005420671639512
2026-06-05T13:46:55.501199,231,248005,-235.58520470082743,-190.32898753193015,47,0.2831521739130435,5.15,0.29,19,19,-0.0022400022149667,0.9826977476477624,0.4253639280796051,-0.0002840418140749,0.0017578124825377,0.0,0.0,4,9.6208552265538e-05,9.6208552265538e-05,1.0,in,l2sq,5540.457782506943,constant_gate_pbrs_seed321_t480k,constant_gate_pbrs,480000,0.5166770833333333,0.95,0.95,0.0022400022149667,0.0002840418140749
2026-06-05T13:47:18.681005,232,249053,-238.0739838792084,-238.0739838792084,55,0.2834239130434782,5.205,0.29,16,19,-0.0030316233867779,0.9787333980202676,0.4175512976944446,0.0013170832441573,0.0099609376047737,0.0,0.0,4,9.618931151717044e-05,9.618931151717044e-05,1.0,in,l2sq,5563.637627363205,constant_gate_pbrs_seed321_t480k,constant_gate_pbrs,480000,0.5188604166666667,0.95,0.8,0.0030316233867779,0.0013170832441573
2026-06-05T13:47:38.015270,233,250058,-156.769557671964,-197.4217707755862,62,0.2885869565217391,5.18,0.34,19,19,-0.0018585249927127,0.9547668397426604,0.4340374991297722,0.0002544887035127,0.0058593749126885,0.0,0.0,4,9.617488336092817e-05,9.617488336092817e-05,1.0,in,l2sq,5582.971889257431,constant_gate_pbrs_seed321_t480k,constant_gate_pbrs,480000,0.5209541666666667,0.95,0.95,0.0018585249927127,0.0002544887035127
2026-06-05T13:48:01.781649,234,251137,-189.2295096081495,-189.2295096081495,54,0.2891304347826087,5.25,0.31,15,19,-0.0040318494022358,0.9708215370774268,0.4075428918004036,0.0014466840414569,0.0128906250465661,0.0,0.0,4,9.616045760929844e-05,9.616045760929844e-05,1.0,in,l2sq,5606.738253116608,constant_gate_pbrs_seed321_t480k,constant_gate_pbrs,480000,0.5232020833333333,0.95,0.75,0.0040318494022358,0.0014466840414569
2026-06-05T13:48:21.787962,235,252174,-219.3154354353545,-204.272472521752,50,0.2910326086956522,5.215,0.33,19,19,-0.002021410143061,0.9836614578962326,0.4187039099633693,0.0008799425511824,0.0035156250087311,0.0,0.0,4,9.614122647938116e-05,9.614122647938116e-05,1.0,in,l2sq,5626.744565963745,constant_gate_pbrs_seed321_t480k,constant_gate_pbrs,480000,0.5253625,0.95,0.95,0.002021410143061,0.0008799425511824
2026-06-05T13:48:45.787489,236,253263,-234.1832816835641,-234.1832816835641,48,0.2902173913043478,5.06,0.29,14,19,-0.0014531068547512,0.9701937437057496,0.4251289516687393,0.0006968931827941,0.0,0.0,0.0,4,9.612680553577434e-05,9.612680553577434e-05,1.0,in,l2sq,5650.74409532547,constant_gate_pbrs_seed321_t480k,constant_gate_pbrs,480000,0.52763125,0.95,0.7,0.0014531068547512,0.0006968931827941
2026-06-05T13:49:07.266523,237,254375,-215.452573839128,-224.81792776134603,56,0.2934782608695652,5.225,0.28,19,19,-0.0025886868228552,0.9529637694358826,0.4300951361656189,0.0005604227736057,0.0003906250058207,0.0,0.0,4,9.6112386995578e-05,9.6112386995578e-05,1.0,in,l2sq,5672.223101615906,constant_gate_pbrs_seed321_t480k,constant_gate_pbrs,480000,0.5299479166666666,0.95,0.95,0.0025886868228552,0.0005604227736057
2026-06-05T13:49:30.779776,238,255436,-209.06636350828404,-209.06636350828404,51,0.2932065217391304,5.135,0.36,14,19,-0.002995503868442,0.954890064895153,0.4193757548928261,0.0014185193415869,0.001953125,0.0,0.0,4,9.609316547930276e-05,9.609316547930276e-05,1.0,in,l2sq,5695.73637843132,constant_gate_pbrs_seed321_t480k,constant_gate_pbrs,480000,0.5321583333333333,0.95,0.7,0.002995503868442,0.0014185193415869
2026-06-05T13:49:50.881080,239,256476,-218.15289862269165,-213.60963106548783,42,0.2904891304347826,5.22,0.36,19,19,-0.0011478431631983,0.9650798141956328,0.4165821895003319,-4.244744632159181e-05,0.0042968750931322,0.0,0.0,4,9.60787517447258e-05,9.60787517447258e-05,1.0,in,l2sq,5715.837702989578,constant_gate_pbrs_seed321_t480k,constant_gate_pbrs,480000,0.534325,0.95,0.95,0.0011478431631983,4.244744632159181e-05
2026-06-05T13:50:14.664572,240,257489,-116.69741351252816,-116.69741351252816,57,0.2932065217391304,5.07,0.3,15,19,-0.0032235183287411,0.9249120578169824,0.4157640002667904,0.0006219605785645,0.0070312501629814,0.0,0.0,4,9.606434041235784e-05,9.606434041235784e-05,1.0,in,l2sq,5739.621155261993,constant_gate_pbrs_seed321_t480k,constant_gate_pbrs,480000,0.5364354166666667,0.95,0.75,0.0032235183287411,0.0006219605785645
2026-06-05T13:50:35.078124,241,258548,-149.57880972600003,-133.1381116192641,57,0.2915760869565217,5.125,0.25,19,19,-0.0028206378687173,0.9463040232658386,0.410803310573101,0.0004517664638115,0.005468750197906,0.0,0.0,4,9.604993100146886e-05,9.604993100146886e-05,1.0,in,l2sq,5760.034746170044,constant_gate_pbrs_seed321_t480k,constant_gate_pbrs,480000,0.5386416666666667,0.95,0.95,0.0028206378687173,0.0004517664638115
2026-06-05T13:50:58.605735,242,259611,-191.42607839137327,-191.42607839137327,56,0.2918478260869565,5.21,0.25,15,19,-0.0025485188001764,0.924091339111328,0.4193473048508167,0.0012596411720551,0.0052734377095475,0.0,0.0,4,9.603552399206828e-05,9.603552399206828e-05,1.0,in,l2sq,5783.562329530716,constant_gate_pbrs_seed321_t480k,constant_gate_pbrs,480000,0.54085625,0.95,0.75,0.0025485188001764,0.0012596411720551
2026-06-05T13:51:19.128114,243,260664,-227.6563306165937,-209.5412045039835,46,0.2896739130434783,5.185,0.26,19,19,-0.0021383725877967,0.9417770877480508,0.41921341791749,0.0005255170483906,0.0017578125698491,0.0,0.0,4,9.601631784762512e-05,9.601631784762512e-05,1.0,in,l2sq,5804.084684371948,constant_gate_pbrs_seed321_t480k,constant_gate_pbrs,480000,0.54305,0.95,0.95,0.0021383725877967,0.0005255170483906
2026-06-05T13:51:42.164099,244,261709,-163.11628295844818,-163.11628295844818,61,0.2926630434782609,5.235,0.29,16,19,-0.0025030865886946,0.9405646324157716,0.4467309415340423,0.0011046893976527,0.001953125,0.0,0.0,4,9.600191564000076e-05,9.600191564000076e-05,1.0,in,l2sq,5827.120731592178,constant_gate_pbrs_seed321_t480k,constant_gate_pbrs,480000,0.5452270833333334,0.95,0.8,0.0025030865886946,0.0011046893976527
2026-06-05T13:52:03.248991,245,262801,-65.70409171754132,-114.41018733799476,67,0.2940217391304348,5.335,0.27,19,19,-0.0026108799171197,0.9584298953413964,0.4121190160512924,-0.0006474347513176,0.0091796875058207,0.0,0.0,4,9.598751583266434e-05,9.598751583266434e-05,1.0,in,l2sq,5848.2056086063385,constant_gate_pbrs_seed321_t480k,constant_gate_pbrs,480000,0.5475020833333333,0.95,0.95,0.0026108799171197,0.0006474347513176
2026-06-05T13:52:26.363052,246,263843,-169.67058765274288,-169.67058765274288,54,0.2942934782608695,5.25,0.3,14,19,-0.0032057450327555,0.9572743624448776,0.4129104241728782,-0.0004177647445885,0.0064453125960426,0.0,0.0,4,9.596831928937298e-05,9.596831928937298e-05,1.0,in,l2sq,5871.31964635849,constant_gate_pbrs_seed321_t480k,constant_gate_pbrs,480000,0.5496729166666666,0.95,0.7,0.0032057450327555,0.0004177647445885
2026-06-05T13:52:47.422267,247,264937,-159.4349267327786,-164.55275719276074,59,0.2983695652173913,5.42,0.29,19,19,-0.0024190843309042,1.0369214713573456,0.4298888295888901,0.0007607626006574,0.0011718750465661,0.0,0.0,4,9.595392428141236e-05,9.595392428141236e-05,1.0,in,l2sq,5892.378860235214,constant_gate_pbrs_seed321_t480k,constant_gate_pbrs,480000,0.5519520833333333,0.95,0.95,0.0024190843309042,0.0007607626006574
2026-06-05T13:53:11.686934,248,266040,-136.30691726481908,-136.30691726481908,65,0.302445652173913,5.355,0.31,12,19,-0.0030733139079529,0.9826261550188063,0.4299302436411381,0.0013483368652487,0.0029296875,0.0,0.0,4,9.593953167253978e-05,9.593953167253978e-05,1.0,in,l2sq,5916.6435289382935,constant_gate_pbrs_seed321_t480k,constant_gate_pbrs,480000,0.55425,0.95,0.6,0.0030733139079529,0.0013483368652487
2026-06-05T13:53:31.611871,249,267070,-193.70479759931575,-165.00585743206744,50,0.2994565217391304,5.425,0.28,19,19,-0.0029931828787084,0.9524369537830352,0.4162929803133011,0.0002329499006464,0.0041015625029103,0.0,0.0,4,9.59203447256006e-05,9.59203447256006e-05,1.0,in,l2sq,5936.568469524384,constant_gate_pbrs_seed321_t480k,constant_gate_pbrs,480000,0.5563958333333333,0.95,0.95,0.0029931828787084,0.0002329499006464
2026-06-05T13:53:56.269604,250,268140,-196.3401709899308,-196.3401709899308,46,0.2942934782608695,5.39,0.19,14,19,-0.0021253109298413,0.9717218279838562,0.4273053035140037,0.0002400997800123,0.0011718750465661,0.0,0.0,4,9.59059569137046e-05,9.59059569137046e-05,1.0,in,l2sq,5961.22620844841,constant_gate_pbrs_seed321_t480k,constant_gate_pbrs,480000,0.558625,0.95,0.7,0.0021253109298413,0.0002400997800123
2026-06-05T13:54:16.643744,251,269207,-241.60220098274968,-218.97118598634023,49,0.2948369565217391,5.295,0.17,19,19,-0.0039117832697229,0.968185804784298,0.4181380495429039,0.0030060761712775,0.0123046873632119,0.0,0.0,4,9.589157149969732e-05,9.589157149969732e-05,1.0,in,l2sq,5981.600306272507,constant_gate_pbrs_seed321_t480k,constant_gate_pbrs,480000,0.5608479166666667,0.95,0.95,0.0039117832697229,0.0030060761712775
2026-06-05T13:54:39.739601,252,270259,-161.64772046726952,-161.64772046726952,58,0.2956521739130435,5.25,0.22,17,19,-0.0018048050509605,0.9719145745038986,0.424017108976841,0.0007591051802592,0.001562500023283,0.0,0.0,4,9.587239414431311e-05,9.587239414431311e-05,1.0,in,l2sq,6004.696199893951,constant_gate_pbrs_seed321_t480k,constant_gate_pbrs,480000,0.5630395833333334,0.95,0.85,0.0018048050509605,0.0007591051802592
2026-06-05T13:55:01.443155,253,271345,-204.85171293145387,-183.2497166993617,59,0.2948369565217391,5.325,0.28,19,19,-0.0015530288132139,1.0203093588352203,0.4357157200574875,-0.0008420022808423,0.0007812500116415,0.0,0.0,4,9.585801352488444e-05,9.585801352488444e-05,1.0,in,l2sq,6026.399760723114,constant_gate_pbrs_seed321_t480k,constant_gate_pbrs,480000,0.5653020833333333,0.95,0.95,0.0015530288132139,0.0008420022808423
2026-06-05T13:55:24.826163,254,272357,-247.493325099945,-247.493325099945,49,0.2934782608695652,5.285,0.29,14,19,-0.0030424036114711,0.95510171353817,0.4263486601412296,0.0003890493850121,0.0025390625087311,0.0,0.0,4,9.584363530214575e-05,9.584363530214575e-05,1.0,in,l2sq,6049.782747507095,constant_gate_pbrs_seed321_t480k,constant_gate_pbrs,480000,0.5674104166666667,0.95,0.7,0.0030424036114711,0.0003890493850121
2026-06-05T13:55:45.817206,255,273409,-189.808982393384,-218.65115374666448,53,0.2942934782608695,5.34,0.22,19,19,-0.0030613654234911,0.9635351598262788,0.4243718087673187,0.0009215966008923,0.0048828125582076,0.0,0.0,4,9.58244675335217e-05,9.58244675335217e-05,1.0,in,l2sq,6070.773787736893,constant_gate_pbrs_seed321_t480k,constant_gate_pbrs,480000,0.5696020833333333,0.95,0.95,0.0030613654234911,0.0009215966008923
2026-06-05T13:56:11.421484,256,274531,-222.72757553243645,-222.72757553243645,57,0.2967391304347826,5.35,0.19,18,19,-0.0029380501422564,0.9765630960464478,0.4043517336249351,0.0018635938047736,0.0085937499534338,0.0,0.0,4,9.581009410296482e-05,9.581009410296482e-05,1.0,in,l2sq,6096.378079891205,constant_gate_pbrs_seed321_t480k,constant_gate_pbrs,480000,0.5719395833333333,0.95,0.9,0.0029380501422564,0.0018635938047736
2026-06-05T13:56:31.838372,257,275542,-106.37883937066808,-164.55320745155228,63,0.2986413043478261,5.365,0.17,19,19,-0.0023118749591957,0.9775680899620056,0.3834152296185493,0.0013388905451393,0.0031250000029103,0.0,0.0,4,9.579572306789984e-05,9.579572306789984e-05,1.0,in,l2sq,6116.794956684113,constant_gate_pbrs_seed321_t480k,constant_gate_pbrs,480000,0.5740458333333334,0.95,0.95,0.0023118749591957,0.0013388905451393
2026-06-05T13:56:57.048056,258,276635,-229.02174033868292,-229.02174033868292,48,0.2978260869565217,5.24,0.22,17,19,-0.0022299353644938,0.9656579121947289,0.399097204208374,0.0015637144946822,0.0003906250058207,0.0,0.0,4,9.577656488124348e-05,9.577656488124348e-05,1.0,in,l2sq,6142.004646778107,constant_gate_pbrs_seed321_t480k,constant_gate_pbrs,480000,0.5763229166666667,0.95,0.85,0.0022299353644938,0.0015637144946822
2026-06-05T13:57:17.594373,259,277652,-215.09345997464655,-222.0576001566648,46,0.2989130434782608,5.145,0.24,19,19,-0.0024207919748733,1.0340237319469452,0.4158530011773109,0.0003577402633254,0.0011718750465661,0.0,0.0,4,9.576219863596467e-05,9.576219863596467e-05,1.0,in,l2sq,6162.550928354263,constant_gate_pbrs_seed321_t480k,constant_gate_pbrs,480000,0.5784416666666666,0.95,0.95,0.0024207919748733,0.0003577402633254
2026-06-05T13:57:41.947368,260,278645,-228.96294831931587,-228.96294831931587,51,0.2972826086956521,5.045,0.26,18,19,-0.0023110282098059,0.9373297840356828,0.4162423424422741,-0.0003410397179777,0.0019531250727595,0.0,0.0,4,9.57478347849803e-05,9.57478347849803e-05,1.0,in,l2sq,6186.90395283699,constant_gate_pbrs_seed321_t480k,constant_gate_pbrs,480000,0.5805104166666667,0.95,0.9,0.0023110282098059,0.0003410397179777
2026-06-05T13:58:03.202537,261,279694,-107.2016671583652,-168.08230773884054,64,0.2991847826086956,5.105,0.23,19,19,-0.0029325261799385,0.9185711294412612,0.412205770611763,0.0016738410666221,0.0025390625523868,0.0,0.0,4,9.572868617550163e-05,9.572868617550163e-05,1.0,in,l2sq,6208.159134864807,constant_gate_pbrs_seed321_t480k,constant_gate_pbrs,480000,0.5826958333333333,0.95,0.95,0.0029325261799385,0.0016738410666221
2026-06-05T13:58:28.025578,262,280774,-248.4826707254049,-248.4826707254049,44,0.2959239130434782,5.375,0.2,17,19,-0.0014452636809441,0.9713680744171144,0.402893491089344,0.0005048002620242,0.0,0.0,0.0,4,9.5714327111909e-05,9.5714327111909e-05,1.0,in,l2sq,6232.98215007782,constant_gate_pbrs_seed321_t480k,constant_gate_pbrs,480000,0.5849458333333334,0.95,0.85,0.0014452636809441,0.0005048002620242
2026-06-05T13:58:48.513489,263,281774,-161.63474156254534,-205.05870614397517,59,0.2994565217391304,5.425,0.19,19,19,-0.0024305396451382,0.9682676717638968,0.4115166030824184,0.0013287588684079,0.0058593749417923,0.0,0.0,4,9.569997044141388e-05,9.569997044141388e-05,1.0,in,l2sq,6253.470052480698,constant_gate_pbrs_seed321_t480k,constant_gate_pbrs,480000,0.5870291666666667,0.95,0.95,0.0024305396451382,0.0013287588684079
2026-06-05T13:59:14.027011,264,282884,-214.15861679881837,-214.15861679881837,58,0.2986413043478261,5.685,0.25,17,19,-0.0032813076893944,0.9248254373669624,0.4114979468286037,0.0015678268438478,0.0044921876396983,0.0,0.0,4,9.56808314043253e-05,9.56808314043253e-05,1.0,in,l2sq,6278.98363161087,constant_gate_pbrs_seed321_t480k,constant_gate_pbrs,480000,0.5893416666666667,0.95,0.85,0.0032813076893944,0.0015678268438478
2026-06-05T13:59:35.408684,265,283944,-134.30754880362736,-174.23308280122285,64,0.2978260869565217,5.685,0.27,19,19,-0.0015091106164618,0.9159644842147828,0.3942029997706413,0.000981788639001,0.0031249999592546,0.0,0.0,4,9.566647951882869e-05,9.566647951882869e-05,1.0,in,l2sq,6300.3652930259705,constant_gate_pbrs_seed321_t480k,constant_gate_pbrs,480000,0.59155,0.95,0.95,0.0015091106164618,0.000981788639001
2026-06-05T14:00:00.457001,266,285030,-204.61905136251423,-204.61905136251423,48,0.296195652173913,5.56,0.27,18,19,-0.0029075209342409,0.9486379474401474,0.4220372140407562,0.0030871775838022,0.0076171876862645,0.0,0.0,4,9.565213002523324e-05,9.565213002523324e-05,1.0,in,l2sq,6325.413590192795,constant_gate_pbrs_seed321_t480k,constant_gate_pbrs,480000,0.5938125,0.95,0.9,0.0029075209342409,0.0030871775838022
2026-06-05T14:00:21.756406,267,286085,-151.2186602414249,-177.91885580196958,54,0.2948369565217391,5.605,0.25,19,19,-0.0024684394389623,0.9578876718878746,0.413823451846838,0.0013246633517155,0.0037109375698491,0.0,0.0,4,9.563300055574952e-05,9.563300055574952e-05,1.0,in,l2sq,6346.71298956871,constant_gate_pbrs_seed321_t480k,constant_gate_pbrs,480000,0.5960104166666667,0.95,0.95,0.0024684394389623,0.0013246633517155
2026-06-05T14:00:45.887369,268,287129,-192.891921536446,-192.891921536446,54,0.2918478260869565,5.25,0.2,18,19,-0.0032615840318612,0.9585091471672058,0.4018905982375145,0.000335459200778,0.0085937505646143,0.0,0.0,4,9.56186558447606e-05,9.56186558447606e-05,1.0,in,l2sq,6370.843979597092,constant_gate_pbrs_seed321_t480k,constant_gate_pbrs,480000,0.5981854166666667,0.95,0.9,0.0032615840318612,0.000335459200778
2026-06-05T14:01:06.330549,269,288144,-205.78006471246465,-199.3359931244553,47,0.2910326086956522,5.165,0.21,19,19,-0.0022731676726834,0.924559935927391,0.4058952070772648,0.0004316802929679,0.0009765625,0.0,0.0,4,9.56043135244772e-05,9.56043135244772e-05,1.0,in,l2sq,6391.287123918533,constant_gate_pbrs_seed321_t480k,constant_gate_pbrs,480000,0.6003,0.95,0.95,0.0022731676726834,0.0004316802929679
2026-06-05T14:01:32.042524,270,289204,-230.6114416740536,-230.6114416740536,47,0.2913043478260869,5.175,0.19,16,19,-0.0025269344187108,0.9705207049846648,0.4049350172281265,-8.769281539569573e-05,0.0,0.0,0.0,4,9.558997311647124e-05,9.558997311647124e-05,1.0,in,l2sq,6416.999087572098,constant_gate_pbrs_seed321_t480k,constant_gate_pbrs,480000,0.6025083333333333,0.95,0.8,0.0025269344187108,8.769281539569573e-05
2026-06-05T14:01:53.162869,271,290253,-200.7338586859108,-215.67265017998216,54,0.2926630434782609,5.07,0.2,19,19,-0.0021932233154075,0.997058592736721,0.4091778397560119,0.0005991596182866,0.0003906250058207,0.0,0.0,4,9.557563509845364e-05,9.557563509845364e-05,1.0,in,l2sq,6438.119450807571,constant_gate_pbrs_seed321_t480k,constant_gate_pbrs,480000,0.60469375,0.95,0.95,0.0021932233154075,0.0005991596182866
2026-06-05T14:02:16.795529,272,291271,-174.90027949321288,-174.90027949321288,53,0.2913043478260869,5.055,0.19,16,19,-0.0029775348542899,0.9175532534718512,0.4039462693035602,0.0009886435258067,0.0044921875669388,0.0,0.0,4,9.555652092719028e-05,9.555652092719028e-05,1.0,in,l2sq,6461.752145767212,constant_gate_pbrs_seed321_t480k,constant_gate_pbrs,480000,0.6068145833333334,0.95,0.8,0.0029775348542899,0.0009886435258067
2026-06-05T14:02:36.184575,273,292262,-186.047643704772,-180.4739615989924,58,0.2910326086956522,5.07,0.28,19,19,-0.0021084427717141,0.9129160493612288,0.3950758576393127,-0.0007438893258949,0.0,0.0,0.0,4,9.554218768795444e-05,9.554218768795444e-05,1.0,in,l2sq,6481.141184568405,constant_gate_pbrs_seed321_t480k,constant_gate_pbrs,480000,0.6088791666666666,0.95,0.95,0.0021084427717141,0.0007438893258949
2026-06-05T14:02:58.768826,274,293292,-229.2886706056593,-229.2886706056593,48,0.2907608695652174,5.165,0.36,17,19,-0.0024473235418554,0.9848012179136276,0.4246263988316059,0.0009897222165363,0.0021484375756699,0.0,0.0,4,9.55278568375122e-05,9.55278568375122e-05,1.0,in,l2sq,6503.725426435471,constant_gate_pbrs_seed321_t480k,constant_gate_pbrs,480000,0.611025,0.95,0.85,0.0024473235418554,0.0009897222165363
2026-06-05T14:03:18.860282,275,294346,-136.062429077208,-182.67554984143365,62,0.2932065217391304,5.145,0.35,19,19,-0.0031269785191396,1.0283559262752533,0.3832262605428695,-0.0002850000062608,0.0011718750465661,0.0,0.0,4,9.551352789781816e-05,9.551352789781816e-05,1.0,in,l2sq,6523.81689620018,constant_gate_pbrs_seed321_t480k,constant_gate_pbrs,480000,0.6132208333333333,0.95,0.95,0.0031269785191396,0.0002850000062608
2026-06-05T14:03:42.303188,276,295414,-230.9812993618848,-230.9812993618848,50,0.2913043478260869,5.32,0.36,14,19,-0.0022180444517289,1.007520578801632,0.3921186476945877,0.0018178029262343,0.0029296876455191,0.0,0.0,4,9.549920134620112e-05,9.549920134620112e-05,1.0,in,l2sq,6547.25980091095,constant_gate_pbrs_seed321_t480k,constant_gate_pbrs,480000,0.6154458333333334,0.95,0.7,0.0022180444517289,0.0018178029262343
2026-06-05T14:04:01.598874,277,296426,-117.4295739094616,-174.2054366356732,62,0.2910326086956522,5.125,0.3,19,19,-0.002361632886459,0.9622978419065475,0.3954651243984699,0.0004278015372164,0.0025390625087311,0.0,0.0,4,9.548010246092391e-05,9.548010246092391e-05,1.0,in,l2sq,6566.555450439453,constant_gate_pbrs_seed321_t480k,constant_gate_pbrs,480000,0.6175541666666666,0.95,0.95,0.002361632886459,0.0004278015372164
2026-06-05T14:04:25.949496,278,297521,-185.67459966880088,-185.67459966880088,58,0.29375,5.28,0.26,16,19,-0.0021621146210235,0.9350447356700896,0.3866610303521156,0.0018858510207792,0.001953125,0.0,0.0,4,9.546578068426696e-05,9.546578068426696e-05,1.0,in,l2sq,6590.906091451645,constant_gate_pbrs_seed321_t480k,constant_gate_pbrs,480000,0.6198354166666666,0.95,0.8,0.0021621146210235,0.0018858510207792
2026-06-05T14:04:46.307560,279,298527,-166.49931409597394,-176.08695688238743,57,0.2967391304347826,5.255,0.22,19,19,-0.0028894379764095,0.9794865399599076,0.4012569971382618,0.001845763547908,0.0031250000029103,0.0,0.0,4,9.545146129449322e-05,9.545146129449322e-05,1.0,in,l2sq,6611.264164924622,constant_gate_pbrs_seed321_t480k,constant_gate_pbrs,480000,0.62193125,0.95,0.95,0.0028894379764095,0.001845763547908
2026-06-05T14:05:11.506072,280,299552,-91.47896183317918,-91.47896183317918,66,0.3008152173913043,5.205,0.21,15,19,-0.0025674585624073,0.9653211310505868,0.3924271613359451,0.0014279513045494,0.0046874999679857,0.0,0.0,4,9.543237195674892e-05,9.543237195674892e-05,1.0,in,l2sq,6636.462665319443,constant_gate_pbrs_seed321_t480k,constant_gate_pbrs,480000,0.6240666666666667,0.95,0.75,0.0025674585624073,0.0014279513045494
2026-06-05T14:05:31.868152,281,300562,-168.12461605119685,-129.801788942188,48,0.2964673913043478,5.11,0.22,19,19,-0.0020589531137376,0.955760270357132,0.3957073539495468,0.0008114579950415,0.0097656255820766,0.0,0.0,4,9.541805733954828e-05,9.541805733954828e-05,1.0,in,l2sq,6656.824713468552,constant_gate_pbrs_seed321_t480k,constant_gate_pbrs,480000,0.6261708333333333,0.95,0.95,0.0020589531137376,0.0008114579950415
2026-06-05T14:05:57.056728,282,301653,-247.27785736429703,-247.27785736429703,42,0.2959239130434782,4.96,0.21,17,19,-0.0022919567585632,0.9935371726751328,0.3756326101720333,0.0001736227002538,0.000585937523283,0.0,0.0,4,9.540374510803764e-05,9.540374510803764e-05,1.0,in,l2sq,6682.013333320618,constant_gate_pbrs_seed321_t480k,constant_gate_pbrs,480000,0.62844375,0.95,0.85,0.0022919567585632,0.0001736227002538
2026-06-05T14:06:17.887900,283,302685,-196.51495647042972,-221.89640691736335,55,0.2948369565217391,4.91,0.23,19,19,-0.0041866771294734,0.9870048314332962,0.4133764281868934,0.0034981900415004,0.0125000001862645,0.0,0.0,4,9.538943478479271e-05,9.538943478479271e-05,1.0,in,l2sq,6702.84450674057,constant_gate_pbrs_seed321_t480k,constant_gate_pbrs,480000,0.63059375,0.95,0.95,0.0041866771294734,0.0034981900415004
2026-06-05T14:06:43.214500,284,303772,-220.87045425707083,-220.87045425707083,52,0.2932065217391304,5.135,0.25,13,19,-0.0026528000722465,0.9653763547539712,0.3848909102380276,0.0041376300129741,0.0121093752677552,0.0,0.0,4,9.537512684652216e-05,9.537512684652216e-05,1.0,in,l2sq,6728.171050071716,constant_gate_pbrs_seed321_t480k,constant_gate_pbrs,480000,0.6328583333333333,0.95,0.65,0.0026528000722465,0.0041376300129741
2026-06-05T14:07:05.697117,285,304882,-169.43482333058122,-195.15263879382604,61,0.292391304347826,5.32,0.31,19,19,-0.0036326267756521,0.9510763064026831,0.4116300083696842,3.197304586137484e-05,0.0025390625087311,0.0,0.0,4,9.535605277490412e-05,9.535605277490412e-05,1.0,in,l2sq,6750.653727054596,constant_gate_pbrs_seed321_t480k,constant_gate_pbrs,480000,0.6351708333333334,0.95,0.95,0.0036326267756521,3.197304586137484e-05
2026-06-05T14:07:30.442509,286,305946,-200.7202506589292,-200.7202506589292,50,0.2929347826086956,5.24,0.28,15,19,-0.002689235546859,0.9498484134674072,0.4109622612595558,0.001877590476306,0.013671875,0.0,0.0,4,9.533698251790968e-05,9.533698251790968e-05,1.0,in,l2sq,6775.399095773697,constant_gate_pbrs_seed321_t480k,constant_gate_pbrs,480000,0.6373875,0.95,0.75,0.002689235546859,0.001877590476306
2026-06-05T14:07:51.743829,287,307002,-172.70575520378387,-186.71300293135653,51,0.2921195652173913,5.27,0.27,19,19,-0.0018795997486449,0.9179978221654892,0.3942229449748993,0.000274043665513,0.0,0.0,0.0,4,9.532268220888635e-05,9.532268220888635e-05,1.0,in,l2sq,6796.700437068939,constant_gate_pbrs_seed321_t480k,constant_gate_pbrs,480000,0.6395875,0.95,0.95,0.0018795997486449,0.000274043665513
2026-06-05T14:08:15.652955,288,308032,-113.43288898324992,-113.43288898324992,57,0.2929347826086956,5.18,0.23,15,19,-0.0036210930527885,0.9482958614826202,0.3979097455739975,0.0003024018420546,0.0048828124708961,0.0,0.0,4,9.530838428316844e-05,9.530838428316844e-05,1.0,in,l2sq,6820.609545946121,constant_gate_pbrs_seed321_t480k,constant_gate_pbrs,480000,0.6417333333333334,0.95,0.75,0.0036210930527885,0.0003024018420546
2026-06-05T14:08:37.849972,289,309129,-89.29922635036715,-101.36605766680852,64,0.297554347826087,5.26,0.16,19,19,-0.0015281677624443,0.9699825569987296,0.396563421934843,0.0002847636965611,0.0035156250669388,0.0,0.0,4,9.528932355939564e-05,9.528932355939564e-05,1.0,in,l2sq,6842.806529760361,constant_gate_pbrs_seed321_t480k,constant_gate_pbrs,480000,0.64401875,0.95,0.95,0.0015281677624443,0.0002847636965611
2026-06-05T14:09:03.532095,290,310184,-211.45121920806133,-211.45121920806133,46,0.2972826086956521,5.305,0.19,16,19,-0.002482286086888,0.941996604204178,0.392629012465477,-0.0001664504314248,0.0011718750465661,0.0,0.0,4,9.527503039909696e-05,9.527503039909696e-05,1.0,in,l2sq,6868.488691806793,constant_gate_pbrs_seed321_t480k,constant_gate_pbrs,480000,0.6462166666666667,0.95,0.8,0.002482286086888,0.0001664504314248
2026-06-05T14:09:23.885973,291,311185,-205.06717009228456,-208.25919465017296,47,0.2953804347826086,5.24,0.25,19,19,-0.0038670272449963,0.9680548459291458,0.4149746969342232,0.0035696286391612,0.0162109376396983,0.0,0.0,4,9.526073962091224e-05,9.526073962091224e-05,1.0,in,l2sq,6888.842572927475,constant_gate_pbrs_seed321_t480k,constant_gate_pbrs,480000,0.6483020833333333,0.95,0.95,0.0038670272449963,0.0035696286391612
2026-06-05T14:09:47.314286,292,312196,-150.9576598365904,-150.9576598365904,55,0.2959239130434782,5.18,0.29,17,19,-0.0019484415999613,0.9548166245222092,0.4197025224566459,0.0020430610878976,0.0066406251862645,0.0,0.0,4,9.524645074813286e-05,9.524645074813286e-05,1.0,in,l2sq,6912.270884990692,constant_gate_pbrs_seed321_t480k,constant_gate_pbrs,480000,0.6504083333333334,0.95,0.85,0.0019484415999613,0.0020430610878976
2026-06-05T14:10:10.271071,293,313328,-236.50776125979425,-193.73271054819236,50,0.29375,5.135,0.35,19,19,-0.0027775630587711,1.0148592293262482,0.419720396399498,0.001743120462288,0.0080078125756699,0.0,0.0,4,9.523216425675288e-05,9.523216425675288e-05,1.0,in,l2sq,6935.227638959885,constant_gate_pbrs_seed321_t480k,constant_gate_pbrs,480000,0.6527666666666667,0.95,0.95,0.0027775630587711,0.001743120462288
2026-06-05T14:10:35.867606,294,314429,-197.55068081444517,-197.55068081444517,50,0.2942934782608695,5.2,0.37,15,19,-0.0024670560247614,0.97561913728714,0.4140853844583034,-0.0002621790631564,0.007031250235741,0.0,0.0,4,9.521311877622318e-05,9.521311877622318e-05,1.0,in,l2sq,6960.8242247104645,constant_gate_pbrs_seed321_t480k,constant_gate_pbrs,480000,0.6550604166666667,0.95,0.75,0.0024670560247614,0.0002621790631564
2026-06-05T14:10:57.613127,295,315505,-224.69750659686292,-211.12409370565405,46,0.289945652173913,5.3,0.38,19,19,-0.0034491792903281,0.9283537268638612,0.4114676192402839,0.0021311471298304,0.0027343749534338,0.0,0.0,4,9.519883704645144e-05,9.519883704645144e-05,1.0,in,l2sq,6982.569740772247,constant_gate_pbrs_seed321_t480k,constant_gate_pbrs,480000,0.6573020833333333,0.95,0.95,0.0034491792903281,0.0021311471298304
2026-06-05T14:11:21.821196,296,316532,-83.33823846614374,-83.33823846614374,57,0.2918478260869565,5.47,0.36,15,19,-0.0023455217960872,0.9661389589309692,0.4039785638451576,0.0006728581379775,0.0017578125261934,0.0,0.0,4,9.518455769688869e-05,9.518455769688869e-05,1.0,in,l2sq,7006.777788162231,constant_gate_pbrs_seed321_t480k,constant_gate_pbrs,480000,0.6594416666666667,0.95,0.75,0.0023455217960872,0.0006728581379775
2026-06-05T14:11:43.769962,297,317610,-202.9329928355812,-143.13561565086246,51,0.2888586956521739,5.465,0.35,19,19,-0.0032775732397567,0.9399762600660324,0.3929640240967273,0.0023236408723505,0.0091796879423782,0.0,0.0,4,9.516552173719488e-05,9.516552173719488e-05,1.0,in,l2sq,7028.726507425308,constant_gate_pbrs_seed321_t480k,constant_gate_pbrs,480000,0.6616875,0.95,0.95,0.0032775732397567,0.0023236408723505
2026-06-05T14:12:08.262538,298,318666,-175.4753102037908,-175.4753102037908,55,0.2880434782608695,5.355,0.33,15,19,-0.0019607522321165,0.9802043288946152,0.3763786554336548,-0.0007840162138563,0.001562500023283,0.0,0.0,4,9.515124714685998e-05,9.515124714685998e-05,1.0,in,l2sq,7053.219163656235,constant_gate_pbrs_seed321_t480k,constant_gate_pbrs,480000,0.6638875,0.95,0.75,0.0019607522321165,0.0007840162138563
2026-06-05T14:12:27.549253,299,319670,-128.428638291955,-151.9519742478729,61,0.2891304347826087,5.17,0.29,19,19,-0.0027751649424317,0.9411067515611647,0.3877770081162452,0.0020319936732448,0.005859375334694,0.0,0.0,4,9.51369749355442e-05,9.51369749355442e-05,1.0,in,l2sq,7072.505813121796,constant_gate_pbrs_seed321_t480k,constant_gate_pbrs,480000,0.6659791666666667,0.95,0.95,0.0027751649424317,0.0020319936732448
2026-06-05T14:12:50.855140,300,320662,-143.83477672505376,-143.83477672505376,61,0.2877717391304348,4.965,0.27,14,19,-0.0023373048810754,0.959350787103176,0.3943077437579632,0.0019272654053565,0.0062499999185092,0.0,0.0,4,9.511794849192684e-05,9.511794849192684e-05,1.0,in,l2sq,7095.811738967896,constant_gate_pbrs_seed321_t480k,constant_gate_pbrs,480000,0.6680458333333333,0.95,0.7,0.0023373048810754,0.0019272654053565
2026-06-05T14:13:12.151121,301,321751,-191.8835920544266,-167.85918438974016,52,0.2888586956521739,4.985,0.27,19,19,-0.0029201857338199,0.9700073599815368,0.4085226580500602,0.0012506207356864,0.0011718750465661,0.0,0.0,4,9.51036810374598e-05,9.51036810374598e-05,1.0,in,l2sq,7117.107722997665,constant_gate_pbrs_seed321_t480k,constant_gate_pbrs,480000,0.6703145833333334,0.95,0.95,0.0029201857338199,0.0012506207356864
2026-06-05T14:13:36.108570,302,322780,-201.32251053237903,-201.32251053237903,50,0.2910326086956522,4.895,0.31,12,19,-0.0038311346812406,0.9680326879024506,0.4109512604773044,0.0002234815707197,0.006250000122236,0.0,0.0,4,9.50894159608226e-05,9.50894159608226e-05,1.0,in,l2sq,7141.065180301666,constant_gate_pbrs_seed321_t480k,constant_gate_pbrs,480000,0.6724583333333334,0.95,0.6,0.0038311346812406,0.0002234815707197
2026-06-05T14:13:56.160161,303,323797,-178.58583020234093,-189.95417036736,54,0.2907608695652174,5.04,0.34,19,19,-0.0015642393758753,0.949486881494522,0.417678639292717,0.0010429012037093,0.0070312501920852,0.0,0.0,4,9.507515278616392e-05,9.507515278616392e-05,1.0,in,l2sq,7161.116775035858,constant_gate_pbrs_seed321_t480k,constant_gate_pbrs,480000,0.6745770833333333,0.95,0.95,0.0015642393758753,0.0010429012037093
2026-06-05T14:14:18.369642,304,324782,-154.46338641351468,-154.46338641351468,53,0.2910326086956522,5.045,0.34,11,19,-0.0027227081765886,0.937647506594658,0.3990660011768341,0.0006010286641526,0.0009765625145519,0.0,0.0,4,9.506089198862176e-05,9.506089198862176e-05,1.0,in,l2sq,7183.326239347458,constant_gate_pbrs_seed321_t480k,constant_gate_pbrs,480000,0.6766291666666666,0.95,0.55,0.0027227081765886,0.0006010286641526
2026-06-05T14:14:37.838827,305,325803,-212.6740954273939,-183.56874092045427,48,0.2875,5.01,0.36,19,19,-0.0018688589465455,0.9993922039866447,0.4097406938672066,0.0018376995427388,0.0027343751426087,0.0,0.0,4,9.504188076083296e-05,9.504188076083296e-05,1.0,in,l2sq,7202.79537987709,constant_gate_pbrs_seed321_t480k,constant_gate_pbrs,480000,0.67875625,0.95,0.95,0.0018688589465455,0.0018376995427388
2026-06-05T14:15:00.310550,306,326826,-69.16040062832843,-69.16040062832843,71,0.2932065217391304,5.065,0.25,14,19,-0.0030800075386654,0.9081249088048936,0.4097714200615883,0.0005637326283249,0.007421875197906,0.0,0.0,4,9.50276247163354e-05,9.50276247163354e-05,1.0,in,l2sq,7225.267177581787,constant_gate_pbrs_seed321_t480k,constant_gate_pbrs,480000,0.6808875,0.95,0.7,0.0030800075386654,0.0005637326283249
2026-06-05T14:15:21.605408,307,327921,-218.1074636139869,-143.63393212115767,46,0.2918478260869565,5.06,0.23,19,19,-0.0027883556380403,0.9547947943210602,0.4039413258433342,0.0015777963949403,0.0037109376280568,0.0,0.0,4,9.501337104776609e-05,9.501337104776609e-05,1.0,in,l2sq,7246.5619950294495,constant_gate_pbrs_seed321_t480k,constant_gate_pbrs,480000,0.68316875,0.95,0.95,0.0027883556380403,0.0015777963949403
2026-06-05T14:15:45.101902,308,328980,-185.5971857987643,-185.5971857987643,45,0.2885869565217391,5.08,0.23,14,19,-0.0027632236975477,0.9125908389687538,0.4062039628624916,0.0002000778725686,0.0025390625087311,0.0,0.0,4,9.499436932369023e-05,9.499436932369023e-05,1.0,in,l2sq,7270.058511018753,constant_gate_pbrs_seed321_t480k,constant_gate_pbrs,480000,0.685375,0.95,0.7,0.0027632236975477,0.0002000778725686
2026-06-05T14:16:04.973595,309,330013,-144.40732829296604,-165.00225704586518,50,0.2847826086956522,5.04,0.21,19,19,-0.0014537535898853,0.9334478676319122,0.4182260483503341,-0.0007213877819594,0.0007812500116415,0.0,0.0,4,9.498012040578948e-05,9.498012040578948e-05,1.0,in,l2sq,7289.930202245712,constant_gate_pbrs_seed321_t480k,constant_gate_pbrs,480000,0.6875270833333333,0.95,0.95,0.0014537535898853,0.0007213877819594
2026-06-05T14:16:30.158489,310,331093,-204.5962631368635,-204.5962631368635,53,0.2866847826086957,5.205,0.27,14,19,-0.003293251703144,0.9283518493175508,0.4018441699445247,-0.0001140312820098,0.0042968750931322,0.0,0.0,4,9.496587386262924e-05,9.496587386262924e-05,1.0,in,l2sq,7315.115058660507,constant_gate_pbrs_seed321_t480k,constant_gate_pbrs,480000,0.6897770833333333,0.95,0.7,0.003293251703144,0.0001140312820098
2026-06-05T14:16:51.021913,311,332180,-201.01935795074675,-202.80781054380515,53,0.2883152173913043,5.265,0.32,19,19,-0.0026255685734212,0.9354848712682724,0.3984445594251156,0.0001265924124709,0.0009765625291038,0.0,0.0,4,9.494688163751544e-05,9.494688163751544e-05,1.0,in,l2sq,7335.978516578674,constant_gate_pbrs_seed321_t480k,constant_gate_pbrs,480000,0.6920416666666667,0.95,0.95,0.0026255685734212,0.0001265924124709
2026-06-05T14:17:14.703233,312,333227,-164.29760967147396,-164.29760967147396,59,0.2894021739130434,5.355,0.32,16,19,-0.0014550541105564,0.9647751152515412,0.3939777165651321,0.0002751568034909,0.0,0.0,0.0,4,9.493263984264888e-05,9.493263984264888e-05,1.0,in,l2sq,7359.659857988357,constant_gate_pbrs_seed321_t480k,constant_gate_pbrs,480000,0.6942229166666667,0.95,0.8,0.0014550541105564,0.0002751568034909
2026-06-05T14:17:35.335130,313,334248,-157.03413403236829,-160.6658718519211,54,0.2904891304347826,5.28,0.23,19,19,-0.0023814373125787,1.0127317383885384,0.3779687471687794,0.0009220670212016,0.0007812500261934,0.0,0.0,4,9.491840042133568e-05,9.491840042133568e-05,1.0,in,l2sq,7380.291689634323,constant_gate_pbrs_seed321_t480k,constant_gate_pbrs,480000,0.69635,0.95,0.95,0.0023814373125787,0.0009220670212016
2026-06-05T14:17:59.491761,314,335293,-196.52240220350004,-196.52240220350004,48,0.289945652173913,5.27,0.23,16,19,-0.0034600374230648,0.9361262619495392,0.3753931820392608,-0.0010292064151143,0.0078124999126885,0.0,0.0,4,9.490416289858036e-05,9.490416289858036e-05,1.0,in,l2sq,7404.448372125626,constant_gate_pbrs_seed321_t480k,constant_gate_pbrs,480000,0.6985270833333334,0.95,0.8,0.0034600374230648,0.0010292064151143
2026-06-05T14:18:21.423173,315,336371,-131.24542327630525,-163.88391273990266,65,0.2951086956521739,5.2,0.16,19,19,-0.002655643626349,0.9680634811520576,0.3903744742274284,0.0011346923634846,0.0099609374301508,0.0,0.0,4,9.488992774866638e-05,9.488992774866638e-05,1.0,in,l2sq,7426.379784584045,constant_gate_pbrs_seed321_t480k,constant_gate_pbrs,480000,0.7007729166666666,0.95,0.95,0.002655643626349,0.0011346923634846
2026-06-05T14:18:45.969040,316,337435,-144.2941278693674,-144.2941278693674,62,0.2964673913043478,5.25,0.12,16,19,-0.0032523272820981,0.9101236090064048,0.4055635258555412,0.0037751135846064,0.0083984376542503,0.0,0.0,4,9.487095071201593e-05,9.487095071201593e-05,1.0,in,l2sq,7450.925662994385,constant_gate_pbrs_seed321_t480k,constant_gate_pbrs,480000,0.7029895833333333,0.95,0.8,0.0032523272820981,0.0037751135846064
2026-06-05T14:19:07.488066,317,338500,-211.6823991734984,-177.98826352143288,48,0.2956521739130435,5.275,0.14,19,19,-0.0030965791200285,0.993667095899582,0.3626459613442421,0.0011657026407192,0.0031249999592546,0.0,0.0,4,9.485672030659836e-05,9.485672030659836e-05,1.0,in,l2sq,7472.444655895233,constant_gate_pbrs_seed321_t480k,constant_gate_pbrs,480000,0.7052083333333333,0.95,0.95,0.0030965791200285,0.0011657026407192
2026-06-05T14:19:32.144722,318,339579,-148.01550734907357,-148.01550734907357,58,0.2964673913043478,5.395,0.14,16,19,-0.0022389516583641,0.9394359290599824,0.3965578377246856,-4.404139269807705e-05,0.0013671875494765,0.0,0.0,4,9.484249227283598e-05,9.484249227283598e-05,1.0,in,l2sq,7497.101341247559,constant_gate_pbrs_seed321_t480k,constant_gate_pbrs,480000,0.70745625,0.95,0.8,0.0022389516583641,4.404139269807705e-05
2026-06-05T14:19:53.653932,319,340644,-150.06858054077634,-149.04204394492496,59,0.2959239130434782,5.38,0.15,19,19,-0.0021663513369276,0.9282080084085464,0.3634899780154228,0.0014275421241563,0.0056640626862645,0.0,0.0,4,9.482352472280633e-05,9.482352472280633e-05,1.0,in,l2sq,7518.610516309738,constant_gate_pbrs_seed321_t480k,constant_gate_pbrs,480000,0.709675,0.95,0.95,0.0021663513369276,0.0014275421241563
2026-06-05T14:20:19.023843,320,341686,-202.6555524834992,-202.6555524834992,50,0.2929347826086956,5.34,0.15,18,19,-0.0034121837466956,0.9757478088140488,0.3916224166750908,0.0032800264783873,0.0089843752793967,0.0,0.0,4,9.480930143116857e-05,9.480930143116857e-05,1.0,in,l2sq,7543.98043847084,constant_gate_pbrs_seed321_t480k,constant_gate_pbrs,480000,0.7118458333333333,0.95,0.9,0.0034121837466956,0.0032800264783873
2026-06-05T14:20:39.634301,321,342705,-154.08606924051043,-178.37081086200482,54,0.2934782608695652,5.28,0.14,19,19,-0.0018690601864363,1.011659488081932,0.3772329241037369,0.001397919286478,0.0027343750552972,0.0,0.0,4,9.47950805100004e-05,9.47950805100004e-05,1.0,in,l2sq,7564.590885400772,constant_gate_pbrs_seed321_t480k,constant_gate_pbrs,480000,0.71396875,0.95,0.95,0.0018690601864363,0.001397919286478
2026-06-05T14:21:03.155769,322,343717,-147.62805219167456,-147.62805219167456,61,0.2964673913043478,5.235,0.19,18,19,-0.0037117156054591,0.954048417508602,0.3804998584091663,0.0020019569106125,0.0089843750756699,0.0,0.0,4,9.477612244184922e-05,9.477612244184922e-05,1.0,in,l2sq,7588.11236166954,constant_gate_pbrs_seed321_t480k,constant_gate_pbrs,480000,0.7160770833333333,0.95,0.9,0.0037117156054591,0.0020019569106125
2026-06-05T14:21:24.323234,323,344764,-201.72325459760413,-174.67565339463934,54,0.2964673913043478,5.07,0.18,19,19,-0.0030053735768889,0.9491427838802338,0.3714999482035637,0.0039735955488026,0.0124999999534338,0.0,0.0,4,9.47619062604351e-05,9.47619062604351e-05,1.0,in,l2sq,7609.279844045639,constant_gate_pbrs_seed321_t480k,constant_gate_pbrs,480000,0.7182583333333333,0.95,0.95,0.0030053735768889,0.0039735955488026
2026-06-05T14:21:55.488590,324,345767,-140.56094865202883,-140.56094865202883,63,0.2991847826086956,5.11,0.21,19,19,-0.0019710914421011,0.9454549700021744,0.363330814987421,0.0005959785318054,0.0017578125116415,0.0,0.0,4,9.474769244830556e-05,9.474769244830556e-05,1.0,in,l2sq,7640.445004940033,constant_gate_pbrs_seed321_t480k,constant_gate_pbrs,480000,0.7203479166666666,0.95,0.95,0.0019710914421011,0.0005959785318054
2026-06-05T14:22:16.330830,325,346798,-195.8828179551364,-168.22188330358262,56,0.3013586956521739,5.05,0.2,19,19,-0.0032393127388785,0.928141176700592,0.361555851995945,0.0003957076148253,0.0085937499534338,0.0,0.0,4,9.47334805313194e-05,9.47334805313194e-05,1.0,in,l2sq,7661.2874121665955,constant_gate_pbrs_seed321_t480k,constant_gate_pbrs,480000,0.7224958333333333,0.95,0.95,0.0032393127388785,0.0003957076148253
2026-06-05T14:22:55.413553,326,347851,-166.7618218622807,-166.7618218622807,58,0.2978260869565217,5.165,0.25,19,19,-0.003248449496459,1.012458860874176,0.3807537481188774,0.001747976035017,0.0066406253608874,0.0,0.0,4,9.47192709829071e-05,9.47192709829071e-05,1.0,in,l2sq,7700.369953632355,constant_gate_pbrs_seed321_t480k,constant_gate_pbrs,480000,0.7246895833333333,0.95,0.95,0.003248449496459,0.001747976035017
2026-06-05T14:23:17.102910,327,348904,-147.2958784738182,-157.02885016804944,61,0.3019021739130434,5.375,0.25,19,19,-0.0025943548200302,0.904479205608368,0.3717951737344265,0.0004114289225072,0.0011718750174622,0.0,0.0,4,9.470032807590323e-05,9.470032807590323e-05,1.0,in,l2sq,7722.059485197067,constant_gate_pbrs_seed321_t480k,constant_gate_pbrs,480000,0.7268833333333333,0.95,0.95,0.0025943548200302,0.0004114289225072
2026-06-05T14:23:39.972037,328,349941,-153.86125525021544,-153.86125525021544,58,0.3054347826086956,5.275,0.22,18,19,-0.0044093110249376,0.9482900351285934,0.3911550268530845,-0.0008144022935084,0.0117187497671693,0.0,0.0,4,9.46861232634545e-05,9.46861232634545e-05,1.0,in,l2sq,7744.928647756576,constant_gate_pbrs_seed321_t480k,constant_gate_pbrs,480000,0.72904375,0.95,0.9,0.0044093110249376,0.0008144022935084
2026-06-05T14:24:00.244054,329,351000,-216.8243722819686,-185.34281376609204,46,0.3043478260869565,5.415,0.19,19,19,-0.0038728536572305,0.9974403828382492,0.3941274173557758,0.0031970694810752,0.0128906251629814,0.0,0.0,4,9.46719208183956e-05,9.46719208183956e-05,1.0,in,l2sq,7765.200663566589,constant_gate_pbrs_seed321_t480k,constant_gate_pbrs,480000,0.73125,0.95,0.95,0.0038728536572305,0.0031970694810752
2026-06-05T14:24:24.137700,330,352025,-96.72924779319784,-96.72924779319784,66,0.3078804347826087,5.305,0.22,17,19,-0.0024402998729783,0.947329968214035,0.381253570318222,0.0019640256316392,0.0097656253492459,0.0,0.0,4,9.465298738095112e-05,9.465298738095112e-05,1.0,in,l2sq,7789.094235658646,constant_gate_pbrs_seed321_t480k,constant_gate_pbrs,480000,0.7333854166666667,0.95,0.85,0.0024402998729783,0.0019640256316392
2026-06-05T14:24:44.031588,331,353066,-129.7735496342182,-113.25139871370804,50,0.3070652173913043,5.215,0.22,19,19,-0.0019412846275372,1.014977216720581,0.3679147139191627,0.0014492670444724,0.0035156251396983,0.0,0.0,4,9.463878966948828e-05,9.463878966948828e-05,1.0,in,l2sq,7808.98814868927,constant_gate_pbrs_seed321_t480k,constant_gate_pbrs,480000,0.7355541666666666,0.95,0.95,0.0019412846275372,0.0014492670444724
2026-06-05T14:25:07.297353,332,354127,-155.65754242599036,-155.65754242599036,59,0.3070652173913043,5.35,0.28,17,19,-0.0021197822468822,0.9672290235757828,0.3587351888418197,-4.138597473686556e-05,0.0003906250058207,0.0,0.0,4,9.462459432423182e-05,9.462459432423182e-05,1.0,in,l2sq,7832.25395822525,constant_gate_pbrs_seed321_t480k,constant_gate_pbrs,480000,0.7377645833333333,0.95,0.85,0.0021197822468822,4.138597473686556e-05
2026-06-05T14:25:27.128190,333,355165,-173.16069176512963,-164.40911709556,52,0.3065217391304348,5.265,0.23,19,19,-0.002856466959929,0.904283970594406,0.3681925758719444,8.397370279455973e-05,0.0,0.0,0.0,4,9.46104008716565e-05,9.46104008716565e-05,1.0,in,l2sq,7852.084780454636,constant_gate_pbrs_seed321_t480k,constant_gate_pbrs,480000,0.7399270833333333,0.95,0.95,0.002856466959929,8.397370279455973e-05
2026-06-05T14:25:50.439968,334,356228,-211.9452000209094,-211.9452000209094,52,0.3076086956521739,5.425,0.23,17,19,-0.0022610575149883,0.9799060821533204,0.3668946623802185,0.0004331901843215,0.0033203125058207,0.0,0.0,4,9.459620978457776e-05,9.459620978457776e-05,1.0,in,l2sq,7875.396552085876,constant_gate_pbrs_seed321_t480k,constant_gate_pbrs,480000,0.7421416666666667,0.95,0.85,0.0022610575149883,0.0004331901843215
2026-06-05T14:26:08.844120,335,357193,-157.11603060406446,-184.53061531248693,49,0.3032608695652174,5.245,0.21,19,19,-0.0018563948702648,0.9593974277377127,0.3720410279929638,0.0003822992920049,0.0,0.0,0.0,4,9.457729148858294e-05,9.457729148858294e-05,1.0,in,l2sq,7893.800670862198,constant_gate_pbrs_seed321_t480k,constant_gate_pbrs,480000,0.7441520833333334,0.95,0.95,0.0018563948702648,0.0003822992920049
2026-06-05T14:26:32.139957,336,358262,-180.36565994042135,-180.36565994042135,56,0.3016304347826087,5.275,0.21,17,19,-0.0023445427650585,0.9555826783180236,0.367462582886219,0.0013087658111544,0.0015625000523868,0.0,0.0,4,9.456310513131471e-05,9.456310513131471e-05,1.0,in,l2sq,7917.096570968628,constant_gate_pbrs_seed321_t480k,constant_gate_pbrs,480000,0.7463791666666667,0.95,0.85,0.0023445427650585,0.0013087658111544
2026-06-05T14:26:52.732334,337,359338,-196.4279225991962,-188.3967912698088,48,0.3016304347826087,5.325,0.21,19,19,-0.0037047827761852,0.9418972432613372,0.374409694224596,0.002372402644869,0.0085937500698491,0.0,0.0,4,9.454892113836054e-05,9.454892113836054e-05,1.0,in,l2sq,7937.688929796219,constant_gate_pbrs_seed321_t480k,constant_gate_pbrs,480000,0.7486208333333333,0.95,0.95,0.0037047827761852,0.002372402644869
2026-06-05T14:27:16.458062,338,360421,-196.75556038403525,-196.75556038403525,57,0.3013586956521739,5.225,0.18,17,19,-0.0021280303830281,0.9906398206949234,0.3860623762011528,0.0018854446623663,0.0064453126688022,0.0,0.0,4,9.453001229962209e-05,9.453001229962209e-05,1.0,in,l2sq,7961.414670944214,constant_gate_pbrs_seed321_t480k,constant_gate_pbrs,480000,0.7508770833333334,0.95,0.85,0.0021280303830281,0.0018854446623663
2026-06-05T14:27:35.865478,339,361441,-181.74900466555331,-189.25228252479428,51,0.2991847826086956,5.26,0.2,19,19,-0.0029618037049658,0.9777438193559648,0.3724719658493995,-2.9782790807064696e-05,0.00390625,0.0,0.0,4,9.4515833034114e-05,9.4515833034114e-05,1.0,in,l2sq,7980.822077512741,constant_gate_pbrs_seed321_t480k,constant_gate_pbrs,480000,0.7530020833333333,0.95,0.95,0.0029618037049658,2.9782790807064696e-05
2026-06-05T14:28:00.511377,340,362516,-190.9091884009241,-190.9091884009241,54,0.3002717391304347,5.285,0.16,16,19,-0.0025918886167346,0.9715799540281296,0.4068653397262096,0.0005804061111803,0.0095703127444721,0.0,0.0,4,9.450165613173803e-05,9.450165613173803e-05,1.0,in,l2sq,8005.467950105667,constant_gate_pbrs_seed321_t480k,constant_gate_pbrs,480000,0.7552416666666667,0.95,0.8,0.0025918886167346,0.0005804061111803
2026-06-05T14:28:21.404333,341,363608,-242.8513949108716,-216.88029165589785,53,0.3,5.335,0.16,19,19,-0.0031007774843601,0.954371452331543,0.3908488526940346,0.0021402197513566,0.0058593752619344,0.0,0.0,4,9.448275674552826e-05,9.448275674552826e-05,1.0,in,l2sq,8026.360938549042,constant_gate_pbrs_seed321_t480k,constant_gate_pbrs,480000,0.7575166666666666,0.95,0.95,0.0031007774843601,0.0021402197513566
2026-06-05T14:28:44.415755,342,364661,-199.0815435495376,-199.0815435495376,54,0.2980978260869565,5.385,0.21,15,19,-0.0027097493468317,0.972819209098816,0.358196422457695,-0.0007979008070834,0.0019531250291038,0.0,0.0,4,9.446858456823512e-05,9.446858456823512e-05,1.0,in,l2sq,8049.372381448746,constant_gate_pbrs_seed321_t480k,constant_gate_pbrs,480000,0.7597104166666667,0.95,0.75,0.0027097493468317,0.0007979008070834
2026-06-05T14:29:06.207807,343,365791,-206.460667549908,-202.7711055497228,59,0.2994565217391304,5.39,0.24,19,19,-0.0027766272454755,0.9193029478192328,0.3639146015048027,0.0002525861869799,0.0029296876018634,0.0,0.0,4,9.445441475289282e-05,9.445441475289282e-05,1.0,in,l2sq,8071.164363861084,constant_gate_pbrs_seed321_t480k,constant_gate_pbrs,480000,0.7620645833333334,0.95,0.95,0.0027766272454755,0.0002525861869799
2026-06-05T14:29:29.623920,344,366865,-147.99458239460006,-147.99458239460006,57,0.2978260869565217,5.42,0.3,17,19,-0.003163990433677,0.9367978051304816,0.3899528905749321,-0.0008393944664931,0.0029296875727595,0.0,0.0,4,9.443552481448638e-05,9.443552481448638e-05,1.0,in,l2sq,8094.580544710159,constant_gate_pbrs_seed321_t480k,constant_gate_pbrs,480000,0.7643020833333334,0.95,0.85,0.003163990433677,0.0008393944664931
2026-06-05T14:29:49.982017,345,367926,-145.30431385153545,-146.64944812306777,64,0.3,5.385,0.32,19,19,-0.0031034530140459,0.9459448903799056,0.3805427700281143,0.0004597505008859,0.0007812500116415,0.0,0.0,4,9.442135972186484e-05,9.442135972186484e-05,1.0,in,l2sq,8114.938631772995,constant_gate_pbrs_seed321_t480k,constant_gate_pbrs,480000,0.7665125,0.95,0.95,0.0031034530140459,0.0004597505008859
2026-06-05T14:30:12.069205,346,368925,-154.5258001139759,-154.5258001139759,54,0.2989130434782608,5.24,0.27,16,19,-0.0035794259340037,0.9776426702737808,0.3673825860023498,0.0013796464598726,0.007421875372529,0.0,0.0,4,9.440719699001336e-05,9.440719699001336e-05,1.0,in,l2sq,8137.025808811188,constant_gate_pbrs_seed321_t480k,constant_gate_pbrs,480000,0.76859375,0.95,0.8,0.0035794259340037,0.0013796464598726
2026-06-05T14:30:32.942113,347,370005,-165.27359868168853,-159.8996993978322,61,0.2989130434782608,5.41,0.23,19,19,-0.0015886136010522,0.9302349761128426,0.3665177226066589,0.0009474285606074,0.0041015625029103,0.0,0.0,4,9.438831649468732e-05,9.438831649468732e-05,1.0,in,l2sq,8157.898733854294,constant_gate_pbrs_seed321_t480k,constant_gate_pbrs,480000,0.77084375,0.95,0.95,0.0015886136010522,0.0009474285606074
2026-06-05T14:30:56.308254,348,371077,-152.99994854325055,-152.99994854325055,53,0.297554347826087,5.73,0.27,17,19,-0.0029277808847836,0.9126777797937392,0.3559518605470657,0.0005035861915531,0.0035156251396983,0.0,0.0,4,9.437415848319573e-05,9.437415848319573e-05,1.0,in,l2sq,8181.264867305756,constant_gate_pbrs_seed321_t480k,constant_gate_pbrs,480000,0.7730770833333334,0.95,0.85,0.0029277808847836,0.0005035861915531
2026-06-05T14:31:16.133248,349,372108,-129.8697541320326,-141.4348513376416,56,0.3002717391304347,5.815,0.26,19,19,-0.0024820108235871,0.9027396067976952,0.3723627440631389,0.0004551609904865,0.0052734374767169,0.0,0.0,4,9.436000283129403e-05,9.436000283129403e-05,1.0,in,l2sq,8201.089866638184,constant_gate_pbrs_seed321_t480k,constant_gate_pbrs,480000,0.775225,0.95,0.95,0.0024820108235871,0.0004551609904865
2026-06-05T14:31:48.433255,350,373166,-128.7482758914827,-128.7482758914827,48,0.2953804347826086,6.0,0.26,19,19,-0.0036699728138046,0.9168634861707688,0.3478844128549099,0.0018537767516135,0.0126953125,0.0,0.0,4,9.434113177432782e-05,9.434113177432782e-05,1.0,in,l2sq,8233.38979768753,constant_gate_pbrs_seed321_t480k,constant_gate_pbrs,480000,0.7774291666666666,0.95,0.95,0.0036699728138046,0.0018537767516135
2026-06-05T14:32:08.955855,351,374230,-183.59964883422856,-156.17396236285566,56,0.2970108695652174,5.745,0.25,19,19,-0.0041448578587732,0.9779646396636964,0.3702979311347008,0.0054567176225646,0.0136718747671693,0.0,0.0,4,9.432698084042629e-05,9.432698084042629e-05,1.0,in,l2sq,8253.912432670593,constant_gate_pbrs_seed321_t480k,constant_gate_pbrs,480000,0.7796458333333334,0.95,0.95,0.0041448578587732,0.0054567176225646
2026-06-05T14:32:40.655880,352,375314,-202.46754777246707,-202.46754777246707,51,0.2948369565217391,5.505,0.23,19,19,-0.0020690862176707,0.9524428620934486,0.3525302410125732,0.0004935977585546,0.0039062500291038,0.0,0.0,4,9.431283226493512e-05,9.431283226493512e-05,1.0,in,l2sq,8285.612259864807,constant_gate_pbrs_seed321_t480k,constant_gate_pbrs,480000,0.7819041666666666,0.95,0.95,0.0020690862176707,0.0004935977585546
2026-06-05T14:33:01.524801,353,376392,-161.4679037330152,-181.96772575274116,62,0.297554347826087,5.5,0.19,19,19,-0.002470491130589,0.9248796626925468,0.3708593212068081,0.0017216420451859,0.0042968749767169,0.0,0.0,4,9.429397064161044e-05,9.429397064161044e-05,1.0,in,l2sq,8306.481424331665,constant_gate_pbrs_seed321_t480k,constant_gate_pbrs,480000,0.78415,0.95,0.95,0.002470491130589,0.0017216420451859
2026-06-05T14:33:33.520601,354,377460,-260.03408510303484,-260.03408510303484,46,0.2959239130434782,5.31,0.19,19,19,-0.0019836805702653,0.9720405042171478,0.3772024139761925,0.0004664892274376,0.0,0.0,0.0,4,9.427982678176092e-05,9.427982678176092e-05,1.0,in,l2sq,8338.477016925812,constant_gate_pbrs_seed321_t480k,constant_gate_pbrs,480000,0.786375,0.95,0.95,0.0019836805702653,0.0004664892274376
2026-06-05T14:33:53.476446,355,378491,-135.29083198887108,-197.66245854595297,60,0.2989130434782608,5.495,0.23,19,19,-0.0022941622810322,0.9620004445314408,0.35776312276721,-1.3508461055300458e-07,0.0011718750465661,0.0,0.0,4,9.42656852791428e-05,9.42656852791428e-05,1.0,in,l2sq,8358.433005571365,constant_gate_pbrs_seed321_t480k,constant_gate_pbrs,480000,0.7885229166666666,0.95,0.95,0.0022941622810322,1.3508461055300458e-07
2026-06-05T14:34:29.836358,356,379493,-127.85513965409996,-127.85513965409996,58,0.2994565217391304,5.385,0.29,19,19,-0.0043789954506792,0.9563562572002412,0.3835851699113846,0.0020628518217563,0.01953125,0.0,0.0,4,9.425154566202692e-05,9.425154566202692e-05,1.0,in,l2sq,8394.79277586937,constant_gate_pbrs_seed321_t480k,constant_gate_pbrs,480000,0.7906104166666666,0.95,0.95,0.0043789954506792,0.0020628518217563
2026-06-05T14:34:50.683934,357,380577,-120.89196280497328,-124.37355122953664,52,0.3005434782608696,5.42,0.3,19,19,-0.002643853132031,0.9356067404150964,0.3646411970257759,0.0013712502133785,0.0021484374883584,0.0,0.0,4,9.423740840143536e-05,9.423740840143536e-05,1.0,in,l2sq,8415.640556812286,constant_gate_pbrs_seed321_t480k,constant_gate_pbrs,480000,0.79286875,0.95,0.95,0.002643853132031,0.0013712502133785
2026-06-05T14:35:20.682762,358,381562,-106.12826465427857,-106.12826465427857,65,0.3027173913043478,5.205,0.22,19,19,-0.0027862333430674,0.9269121140241624,0.3718814961612224,0.0004366790279163,0.0064453127561137,0.0,0.0,4,9.421856186212914e-05,9.421856186212914e-05,1.0,in,l2sq,8445.639146089554,constant_gate_pbrs_seed321_t480k,constant_gate_pbrs,480000,0.7949208333333333,0.95,0.95,0.0027862333430674,0.0004366790279163
2026-06-05T14:35:41.722151,359,382663,-134.47572694128752,-120.30199579778304,64,0.30625,5.415,0.2,19,19,-0.0031004899123217,0.9625387489795684,0.3611937388777733,0.0020077269385637,0.0039062501455191,0.0,0.0,4,9.420442931340802e-05,9.420442931340802e-05,1.0,in,l2sq,8466.678733587265,constant_gate_pbrs_seed321_t480k,constant_gate_pbrs,480000,0.7972145833333333,0.95,0.95,0.0031004899123217,0.0020077269385637
2026-06-05T14:36:05.112624,360,383664,-110.82580351310968,-110.82580351310968,63,0.308695652173913,5.16,0.18,14,19,-0.0028276436874876,0.9544986188411712,0.3891790620982647,0.0013671000577232,0.007617187598953,0.0,0.0,4,9.419029912003316e-05,9.419029912003316e-05,1.0,in,l2sq,8490.069225549698,constant_gate_pbrs_seed321_t480k,constant_gate_pbrs,480000,0.7993,0.95,0.7,0.0028276436874876,0.0013671000577232
2026-06-05T14:36:24.735249,361,384690,-107.61403102678057,-109.21991726994511,64,0.3116847826086956,5.245,0.2,19,19,-0.0032782920083264,0.9591416120529176,0.3832756280899048,0.0008147168219466,0.0072265628405148,0.0,0.0,4,9.417146200211212e-05,9.417146200211212e-05,1.0,in,l2sq,8509.691848516464,constant_gate_pbrs_seed321_t480k,constant_gate_pbrs,480000,0.8014375,0.95,0.95,0.0032782920083264,0.0008147168219466
2026-06-05T14:36:48.134464,362,385766,-119.314609270096,-119.314609270096,48,0.3100543478260869,5.335,0.21,17,19,-0.0019874618039468,0.9655406028032304,0.366122655570507,5.447887251647937e-05,0.0015625000523868,0.0,0.0,4,9.415733651825224e-05,9.415733651825224e-05,1.0,in,l2sq,8533.091052293777,constant_gate_pbrs_seed321_t480k,constant_gate_pbrs,480000,0.8036791666666666,0.95,0.85,0.0019874618039468,5.447887251647937e-05
2026-06-05T14:37:08.555495,363,386833,-122.00242567783611,-120.65851747396609,62,0.3108695652173913,5.31,0.23,19,19,-0.0020568803200148,0.9263559505343436,0.3738540224730968,0.0007283028638539,0.0007812500116415,0.0,0.0,4,9.414321338856118e-05,9.414321338856118e-05,1.0,in,l2sq,8553.512087583542,constant_gate_pbrs_seed321_t480k,constant_gate_pbrs,480000,0.8059020833333334,0.95,0.95,0.0020568803200148,0.0007283028638539
2026-06-05T14:37:32.410349,364,387933,-116.1725741117598,-116.1725741117598,65,0.3130434782608696,5.635,0.3,18,19,-0.0027468968721223,0.9553489238023758,0.375385757535696,-0.0001879915576409,0.0007812500261934,0.0,0.0,4,9.412438568731562e-05,9.412438568731562e-05,1.0,in,l2sq,8577.366965770721,constant_gate_pbrs_seed321_t480k,constant_gate_pbrs,480000,0.80819375,0.95,0.9,0.0027468968721223,0.0001879915576409
2026-06-05T14:37:51.832867,365,388952,-60.54119454371936,-88.35688432773959,65,0.3133152173913043,5.515,0.28,19,19,-0.0028060876706148,0.9191545397043228,0.3647631704807281,0.0011835323803097,0.006640625098953,0.0,0.0,4,9.411026726478525e-05,9.411026726478525e-05,1.0,in,l2sq,8596.789477825165,constant_gate_pbrs_seed321_t480k,constant_gate_pbrs,480000,0.8103166666666667,0.95,0.95,0.0028060876706148,0.0011835323803097
2026-06-05T14:38:15.558377,366,390040,-113.78908172279591,-113.78908172279591,70,0.3176630434782608,5.61,0.28,15,19,-0.0025715932089951,0.9350284785032272,0.3686798065900802,0.0007760965994179,0.0037109375698491,0.0,0.0,4,9.409615119524686e-05,9.409615119524686e-05,1.0,in,l2sq,8620.514973163605,constant_gate_pbrs_seed321_t480k,constant_gate_pbrs,480000,0.8125833333333333,0.95,0.75,0.0025715932089951,0.0007760965994179
2026-06-05T14:38:35.787979,367,391091,-198.5701043603422,-156.17959304156906,48,0.3141304347826087,5.35,0.21,19,19,-0.0026117995832465,0.9219398945569992,0.3657216988503933,0.0009269568218769,0.0066406249825377,0.0,0.0,4,9.407733290596933e-05,9.407733290596933e-05,1.0,in,l2sq,8640.744592666626,constant_gate_pbrs_seed321_t480k,constant_gate_pbrs,480000,0.8147729166666666,0.95,0.95,0.0026117995832465,0.0009269568218769
2026-06-05T14:38:59.580893,368,392185,-172.2270004504323,-172.2270004504323,60,0.3160326086956522,5.44,0.21,17,19,-0.0040024772635661,0.9250723868608476,0.3628129661083221,0.0012841445766753,0.0164062506519258,0.0,0.0,4,9.406322154123852e-05,9.406322154123852e-05,1.0,in,l2sq,8664.537511348724,constant_gate_pbrs_seed321_t480k,constant_gate_pbrs,480000,0.8170520833333333,0.95,0.85,0.0040024772635661,0.0012841445766753
2026-06-05T14:39:19.874981,369,393247,-78.9575654727221,-125.5922829615772,59,0.3168478260869565,5.385,0.14,19,19,-0.0023190088832052,0.9467034563422204,0.39002900198102,0.0003370142975654,0.0054687500960426,0.0,0.0,4,9.404911252832344e-05,9.404911252832344e-05,1.0,in,l2sq,8684.831594705582,constant_gate_pbrs_seed321_t480k,constant_gate_pbrs,480000,0.8192645833333333,0.95,0.95,0.0023190088832052,0.0003370142975654
2026-06-05T14:39:52.408893,370,394318,-210.0234218577741,-210.0234218577741,49,0.3171195652173913,5.29,0.13,20,20,-0.0022283778220298,0.95916099101305,0.3857094496488571,0.000971840479633,0.0023437500349245,0.0,0.0,4,9.40303036463089e-05,9.40303036463089e-05,1.0,in,l2sq,8717.365443944931,constant_gate_pbrs_seed321_t480k,constant_gate_pbrs,480000,0.8214958333333333,1.0,1.0,0.0022283778220298,0.000971840479633
2026-06-05T14:40:11.276948,371,395308,-146.815016870618,-178.41921936419607,58,0.3176630434782608,5.15,0.1,20,20,-0.0025654987257439,1.0191478431224823,0.3607404306530952,0.0014717905603901,0.0050781251920852,0.0,0.0,4,9.401619933584946e-05,9.401619933584946e-05,1.0,in,l2sq,8736.233537435532,constant_gate_pbrs_seed321_t480k,constant_gate_pbrs,480000,0.8235583333333333,1.0,1.0,0.0025654987257439,0.0014717905603901
2026-06-05T14:40:33.991608,372,396346,-183.4758361510636,-183.4758361510636,53,0.3182065217391304,5.085,0.1,18,20,-0.0029208896085037,0.9589143618941308,0.3794412352144718,0.0013988293226702,0.0044921875814907,0.0,0.0,4,9.400209737603008e-05,9.400209737603008e-05,1.0,in,l2sq,8758.948229551315,constant_gate_pbrs_seed321_t480k,constant_gate_pbrs,480000,0.8257208333333333,1.0,0.9,0.0029208896085037,0.0013988293226702
2026-06-05T14:40:53.380223,373,397362,-117.33879640781896,-150.40731627944126,58,0.3171195652173913,5.015,0.15,20,20,-0.0030392636021132,1.0044229924678802,0.3867769241333008,0.0003310674845124,0.0105468749534338,0.0,0.0,4,9.398799729644068e-05,9.398799729644068e-05,1.0,in,l2sq,8778.33681511879,constant_gate_pbrs_seed321_t480k,constant_gate_pbrs,480000,0.8278375,1.0,1.0,0.0030392636021132,0.0003310674845124
2026-06-05T14:41:24.999469,374,398454,-166.7447096025941,-166.7447096025941,56,0.3198369565217391,5.1,0.15,20,20,-0.0022430770157371,0.9583640098571776,0.3688454069197178,0.0003812149060649,0.0060546875029103,0.0,0.0,4,9.39738995667862e-05,9.39738995667862e-05,1.0,in,l2sq,8809.955847501755,constant_gate_pbrs_seed321_t480k,constant_gate_pbrs,480000,0.8301125,1.0,1.0,0.0022430770157371,0.0003812149060649
2026-06-05T14:41:45.677038,375,399525,-277.0828910674455,-221.9138003350198,41,0.3146739130434782,5.265,0.21,20,20,-0.0030704208475072,0.9677053987979888,0.3810662515461445,0.002962506010067,0.0076171876426087,0.0,0.0,4,9.395510572661184e-05,9.395510572661184e-05,1.0,in,l2sq,8830.63363289833,constant_gate_pbrs_seed321_t480k,constant_gate_pbrs,480000,0.83234375,1.0,1.0,0.0030704208475072,0.002962506010067
2026-06-05T14:42:09.497990,376,400621,-134.68514817029236,-134.68514817029236,50,0.3125,5.4,0.23,19,20,-0.0021091268194141,0.9871791005134584,0.3616987690329551,-0.0004074530123034,0.0003906250058207,0.0,0.0,4,9.394101269565236e-05,9.394101269565236e-05,1.0,in,l2sq,8854.454617977142,constant_gate_pbrs_seed321_t480k,constant_gate_pbrs,480000,0.8346270833333334,1.0,0.95,0.0021091268194141,0.0004074530123034
2026-06-05T14:42:29.596564,377,401674,-112.38349228078144,-123.5343202255369,60,0.3146739130434782,5.66,0.26,20,20,-0.0024838105207891,0.9319102317094804,0.3592553548514843,0.0008765782713453,0.0003906250058207,0.0,0.0,4,9.392692201345306e-05,9.392692201345306e-05,1.0,in,l2sq,8874.553176641464,constant_gate_pbrs_seed321_t480k,constant_gate_pbrs,480000,0.8368208333333333,1.0,1.0,0.0024838105207891,0.0008765782713453
2026-06-05T14:42:52.730964,378,402734,-75.38341198122501,-75.38341198122501,67,0.3152173913043478,5.62,0.24,17,20,-0.0027261551935225,0.9396808221936226,0.3533065132796764,0.0025392771515725,0.0037109375698491,0.0,0.0,4,9.390813756831958e-05,9.390813756831958e-05,1.0,in,l2sq,8897.687565803528,constant_gate_pbrs_seed321_t480k,constant_gate_pbrs,480000,0.8390291666666667,1.0,0.85,0.0027261551935225,0.0025392771515725
2026-06-05T14:43:12.960173,379,403779,-111.33930478072166,-93.36135838097334,58,0.3135869565217391,5.65,0.18,20,20,-0.0026957177382427,0.8950290977954865,0.3412485420703888,0.0020235939006397,0.0015625000523868,0.0,0.0,4,9.38940515824664e-05,9.38940515824664e-05,1.0,in,l2sq,8917.916711568832,constant_gate_pbrs_seed321_t480k,constant_gate_pbrs,480000,0.84120625,1.0,1.0,0.0026957177382427,0.0020235939006397
2026-06-05T14:43:37.925461,380,404803,-167.4136253383756,-167.4136253383756,52,0.3105978260869565,5.455,0.14,16,20,-0.0031801842502318,0.9726576581597328,0.3612522780895233,0.0005437021192392,0.0093750001105945,0.0,0.0,4,9.38799679441993e-05,9.38799679441993e-05,1.0,in,l2sq,8942.881944656372,constant_gate_pbrs_seed321_t480k,constant_gate_pbrs,480000,0.8433395833333334,1.0,0.8,0.0031801842502318,0.0005437021192392
2026-06-05T14:43:58.291597,381,405857,-213.50533375579104,-190.45947954708333,43,0.3048913043478261,5.335,0.16,20,20,-0.0032942380159511,0.9159087985754012,0.3643863759934902,0.0006529017670345,0.0113281252852175,0.0,0.0,4,9.386119288941012e-05,9.386119288941012e-05,1.0,in,l2sq,8963.248193979263,constant_gate_pbrs_seed321_t480k,constant_gate_pbrs,480000,0.8455354166666667,1.0,1.0,0.0032942380159511,0.0006529017670345
2026-06-05T14:44:21.434666,382,406922,-116.09003287279616,-116.09003287279616,59,0.3078804347826087,5.425,0.17,18,20,-0.0021986410196405,0.9343319833278656,0.3785608559846878,0.0016751026553265,0.0,0.0,0.0,4,9.384711394514145e-05,9.384711394514145e-05,1.0,in,l2sq,8986.391256093979,constant_gate_pbrs_seed321_t480k,constant_gate_pbrs,480000,0.8477541666666667,1.0,0.9,0.0021986410196405,0.0016751026553265
2026-06-05T14:44:41.991452,383,407994,-139.5618002764584,-127.82591657462729,65,0.308695652173913,5.545,0.21,20,20,-0.0030944795376852,0.8939544856548309,0.3588592186570167,0.0003591148239138,0.0076171875698491,0.0,0.0,4,9.383303734728524e-05,9.383303734728524e-05,1.0,in,l2sq,9006.948045492172,constant_gate_pbrs_seed321_t480k,constant_gate_pbrs,480000,0.8499875,1.0,1.0,0.0030944795376852,0.0003591148239138
2026-06-05T14:45:03.862802,384,408985,-98.33403198862096,-98.33403198862096,64,0.3084239130434782,5.53,0.17,16,20,-0.0023507081743446,0.9031465277075768,0.3547850102186203,0.000856413123256,0.003710937598953,0.0,0.0,4,9.381427167814616e-05,9.381427167814616e-05,1.0,in,l2sq,9028.819406032562,constant_gate_pbrs_seed321_t480k,constant_gate_pbrs,480000,0.8520520833333334,1.0,0.8,0.0023507081743446,0.000856413123256
2026-06-05T14:45:24.301473,385,410040,-157.41530685663236,-127.87466942262664,48,0.3038043478260869,5.595,0.23,20,20,-0.002944338292582,0.8808945715427399,0.3747969567775726,0.000936506184189,0.0027343749534338,0.0,0.0,4,9.380019977194186e-05,9.380019977194186e-05,1.0,in,l2sq,9049.258054494858,constant_gate_pbrs_seed321_t480k,constant_gate_pbrs,480000,0.85425,1.0,1.0,0.002944338292582,0.000936506184189
2026-06-05T14:45:48.702279,386,411115,-100.08676522147684,-100.08676522147684,60,0.3010869565217391,5.63,0.24,18,20,-0.002486609659718,0.9291007593274117,0.3702875785529613,0.0014920313344873,0.0039062500291038,0.0,0.0,4,9.378613021097706e-05,9.378613021097706e-05,1.0,in,l2sq,9073.658870458605,constant_gate_pbrs_seed321_t480k,constant_gate_pbrs,480000,0.8564895833333334,1.0,0.9,0.002486609659718,0.0014920313344873
2026-06-05T14:46:09.343429,387,412148,-167.18131796610356,-133.63404159379022,52,0.3021739130434782,5.535,0.2,20,20,-0.0027705125859938,0.9363151639699936,0.3747433498501777,0.000951937866921,0.0031250000465661,0.0,0.0,4,9.377206252592248e-05,9.377206252592248e-05,1.0,in,l2sq,9094.299992322922,constant_gate_pbrs_seed321_t480k,constant_gate_pbrs,480000,0.8586416666666666,1.0,1.0,0.0027705125859938,0.000951937866921
2026-06-05T14:46:33.733289,388,413212,-172.2142559627294,-172.2142559627294,55,0.3008152173913043,5.54,0.25,14,20,-0.0028035920549882,1.0085760205984116,0.3621245734393596,0.0018269226920892,0.0050781251629814,0.0,0.0,4,9.37579971854039e-05,9.37579971854039e-05,1.0,in,l2sq,9118.689821004868,constant_gate_pbrs_seed321_t480k,constant_gate_pbrs,480000,0.8608583333333333,1.0,0.7,0.0028035920549882,0.0018269226920892
2026-06-05T14:46:53.810096,389,414253,-169.796431273341,-171.0053436180352,61,0.3013586956521739,5.33,0.25,20,20,-0.00266843145655,0.9658503010869026,0.374297946691513,0.000361397201641,0.0050781250465661,0.0,0.0,4,9.37392465235468e-05,9.37392465235468e-05,1.0,in,l2sq,9138.766630649568,constant_gate_pbrs_seed321_t480k,constant_gate_pbrs,480000,0.8630270833333333,1.0,1.0,0.00266843145655,0.000361397201641
2026-06-05T14:47:18.815979,390,415335,-242.65250514012567,-242.65250514012567,48,0.3010869565217391,5.18,0.21,17,20,-0.0036743149335961,0.9420979619026184,0.3838117495179176,0.0029377187484896,0.0078125002328306,0.0,0.0,4,9.372518587092808e-05,9.372518587092808e-05,1.0,in,l2sq,9163.772520780563,constant_gate_pbrs_seed321_t480k,constant_gate_pbrs,480000,0.86528125,1.0,0.85,0.0036743149335961,0.0029377187484896
2026-06-05T14:47:39.248245,391,416397,-192.44979511469583,-217.5511501274108,51,0.2991847826086956,5.25,0.18,20,20,-0.0035975009581308,0.9402534365653992,0.3717122264206409,0.0023410727143755,0.0142578126396983,0.0,0.0,4,9.371112756167338e-05,9.371112756167338e-05,1.0,in,l2sq,9184.204822778702,constant_gate_pbrs_seed321_t480k,constant_gate_pbrs,480000,0.86749375,1.0,1.0,0.0035975009581308,0.0023410727143755
2026-06-05T14:48:02.029048,392,417413,-144.96617559808473,-144.96617559808473,57,0.3002717391304347,5.16,0.14,16,20,-0.0020371327764223,0.8685566335916519,0.3564928285777569,0.0018885142940689,0.0021484375465661,0.0,0.0,4,9.369238627327232e-05,9.369238627327232e-05,1.0,in,l2sq,9206.985597372057,constant_gate_pbrs_seed321_t480k,constant_gate_pbrs,480000,0.8696104166666667,1.0,0.8,0.0020371327764223,0.0018885142940689
2026-06-05T14:48:22.252350,393,418465,-152.60717841428544,-148.78667700618507,57,0.3,5.335,0.16,20,20,-0.0020717681298265,0.9244064092636108,0.3521319255232811,0.0013623571179778,0.0003906250058207,0.0,0.0,4,9.367833264957402e-05,9.367833264957402e-05,1.0,in,l2sq,9227.208926677704,constant_gate_pbrs_seed321_t480k,constant_gate_pbrs,480000,0.8718020833333333,1.0,1.0,0.0020717681298265,0.0013623571179778
2026-06-05T14:48:44.787324,394,419491,-95.2575723943115,-95.2575723943115,65,0.302445652173913,5.45,0.17,17,20,-0.0023178904986707,0.9086471274495124,0.3636819422245025,0.0003652254403732,0.0015624999796273,0.0,0.0,4,9.366428136806824e-05,9.366428136806824e-05,1.0,in,l2sq,9249.743939638138,constant_gate_pbrs_seed321_t480k,constant_gate_pbrs,480000,0.8739395833333333,1.0,0.85,0.0023178904986707,0.0003652254403732
2026-06-05T14:49:04.878053,395,420532,-124.7503349330427,-110.0039536636771,63,0.3084239130434782,5.49,0.26,20,20,-0.0037771783972857,0.945122353732586,0.3691840693354606,0.0015302224748211,0.010937500395812,0.0,0.0,4,9.364554944843746e-05,9.364554944843746e-05,1.0,in,l2sq,9269.834668159485,constant_gate_pbrs_seed321_t480k,constant_gate_pbrs,480000,0.8761083333333334,1.0,1.0,0.0037771783972857,0.0015302224748211
2026-06-05T14:49:28.376535,396,421606,-95.69075730520488,-95.69075730520488,59,0.3108695652173913,5.505,0.22,16,20,-0.0017827242481871,0.945894420146942,0.3626192957162857,0.0015103668294614,0.001562500023283,0.0,0.0,4,9.363150285014576e-05,9.363150285014576e-05,1.0,in,l2sq,9293.333147525787,constant_gate_pbrs_seed321_t480k,constant_gate_pbrs,480000,0.8783458333333334,1.0,0.8,0.0017827242481871,0.0015103668294614
2026-06-05T14:49:49.087222,397,422681,-148.9603208119273,-122.32553905856608,60,0.3108695652173913,5.525,0.26,20,20,-0.0020791860501049,0.9652346149086952,0.3541578091681003,0.0007893343780096,0.000585937523283,0.0,0.0,4,9.361745859287576e-05,9.361745859287576e-05,1.0,in,l2sq,9314.043812513351,constant_gate_pbrs_seed321_t480k,constant_gate_pbrs,480000,0.8805854166666667,1.0,1.0,0.0020791860501049,0.0007893343780096
2026-06-05T14:50:12.282671,398,423743,-85.09152510976807,-85.09152510976807,67,0.3108695652173913,5.5,0.28,18,20,-0.0025085316148761,0.9258600026369096,0.3672314174473285,0.0007266055079526,0.0039062500727595,0.0,0.0,4,9.35987360373318e-05,9.35987360373318e-05,1.0,in,l2sq,9337.239282369614,constant_gate_pbrs_seed321_t480k,constant_gate_pbrs,480000,0.8827979166666666,1.0,0.9,0.0025085316148761,0.0007266055079526
2026-06-05T14:50:33.054611,399,424827,-178.70780593431,-131.89966552203902,59,0.3111413043478261,5.8,0.22,20,20,-0.0032948956009931,0.9273937493562698,0.3442923948168754,-0.001963841082852,0.0210937508381903,0.0,0.0,4,9.358469646093472e-05,9.358469646093472e-05,1.0,in,l2sq,9358.0112221241,constant_gate_pbrs_seed321_t480k,constant_gate_pbrs,480000,0.88505625,1.0,1.0,0.0032948956009931,0.001963841082852
2026-06-05T14:50:56.478441,400,425832,-146.2035473168491,-146.2035473168491,56,0.3122282608695652,5.64,0.21,17,20,-0.0039701383648207,0.9339245930314064,0.368894100189209,0.0031748288655535,0.0144531249534338,0.0,0.0,4,9.357065922438908e-05,9.357065922438908e-05,1.0,in,l2sq,9381.4350066185,constant_gate_pbrs_seed321_t480k,constant_gate_pbrs,480000,0.88715,1.0,0.85,0.0039701383648207,0.0031748288655535
2026-06-05T14:51:16.399807,401,426872,-125.65452506053468,-135.9290361886919,67,0.31875,5.725,0.22,20,20,-0.0008381724539504,0.9343599379062651,0.3513842448592186,-0.0009145351765709,0.0,0.0,0.0,4,9.355662385944376e-05,9.355662385944376e-05,1.0,in,l2sq,9401.356422662737,constant_gate_pbrs_seed321_t480k,constant_gate_pbrs,480000,0.8893166666666666,1.0,1.0,0.0008381724539504,0.0009145351765709
2026-06-05T14:51:39.877374,402,427950,-129.02618931603422,-129.02618931603422,64,0.3201086956521739,5.61,0.27,18,20,-0.0018821440702594,0.983494333922863,0.3532929755747318,0.0011399372096093,0.000585937523283,0.0,0.0,4,9.354259083364798e-05,9.354259083364798e-05,1.0,in,l2sq,9424.833984375,constant_gate_pbrs_seed321_t480k,constant_gate_pbrs,480000,0.8915625,1.0,0.9,0.0018821440702594,0.0011399372096093
2026-06-05T14:52:00.107708,403,429001,-144.77922650545824,-136.90270791074624,62,0.3192934782608695,5.81,0.3,20,20,-0.0026745692492113,0.955139808356762,0.3588362149894237,0.0001528155720052,0.0037109375261934,0.0,0.0,4,9.352388325090717e-05,9.352388325090717e-05,1.0,in,l2sq,9445.064285755156,constant_gate_pbrs_seed321_t480k,constant_gate_pbrs,480000,0.8937520833333333,1.0,1.0,0.0026745692492113,0.0001528155720052
2026-06-05T14:52:23.694995,404,430082,-133.72430415713777,-133.72430415713777,58,0.3176630434782608,5.71,0.26,18,20,-0.0035233542570491,0.9181165918707848,0.3666406907141208,0.0018573802831724,0.0128906252211891,0.0,0.0,4,9.35051794094958e-05,9.35051794094958e-05,1.0,in,l2sq,9468.651616096497,constant_gate_pbrs_seed321_t480k,constant_gate_pbrs,480000,0.8960041666666667,1.0,0.9,0.0035233542570491,0.0018573802831724
2026-06-05T14:52:43.446120,405,431107,-153.5078325861692,-143.61606837165348,52,0.31875,5.615,0.23,20,20,-0.00434813197935,0.9273234605789183,0.3514032363891601,0.0032067609477962,0.0179687505587935,0.0,0.0,4,9.349115386635904e-05,9.349115386635904e-05,1.0,in,l2sq,9488.402702569962,constant_gate_pbrs_seed321_t480k,constant_gate_pbrs,480000,0.8981395833333333,1.0,1.0,0.00434813197935,0.0032067609477962
2026-06-05T14:53:06.374621,406,432151,-132.81024589812776,-132.81024589812776,60,0.31875,5.48,0.28,18,20,-0.0017982449937335,0.9096792116761208,0.3436315655708313,0.0001482822962998,0.005859374985448,0.0,0.0,4,9.347713066073484e-05,9.347713066073484e-05,1.0,in,l2sq,9511.331243038176,constant_gate_pbrs_seed321_t480k,constant_gate_pbrs,480000,0.9003145833333334,1.0,0.9,0.0017982449937335,0.0001482822962998
2026-06-05T14:53:26.467842,407,433199,-129.68865756297123,-131.24945173054948,60,0.3209239130434783,5.175,0.32,20,20,-0.0034522533416747,0.9405640810728072,0.3619849681854248,0.0023936739962209,0.007421875197906,0.0,0.0,4,9.346310932484025e-05,9.346310932484025e-05,1.0,in,l2sq,9531.42445230484,constant_gate_pbrs_seed321_t480k,constant_gate_pbrs,480000,0.9024979166666667,1.0,1.0,0.0034522533416747,0.0023936739962209
2026-06-05T14:53:49.287761,408,434233,-123.1538796267511,-123.1538796267511,53,0.3203804347826087,5.33,0.26,16,20,-0.0030787777766818,0.944544106721878,0.3770789392292499,0.0017271934200834,0.0117187502328306,0.0,0.0,4,9.344909032575708e-05,9.344909032575708e-05,1.0,in,l2sq,9554.244366645811,constant_gate_pbrs_seed321_t480k,constant_gate_pbrs,480000,0.9046520833333334,1.0,0.8,0.0030787777766818,0.0017271934200834
2026-06-05T14:54:08.257751,409,435221,-120.59713610827949,-121.8755078675153,60,0.3201086956521739,5.48,0.25,20,20,-0.0027634099606075,0.9671415388584136,0.3550681062042713,-0.0002545367736729,0.0089843748719431,0.0,0.0,4,9.343040144218285e-05,9.343040144218285e-05,1.0,in,l2sq,9573.214346408844,constant_gate_pbrs_seed321_t480k,constant_gate_pbrs,480000,0.9067104166666666,1.0,1.0,0.0027634099606075,0.0002545367736729
2026-06-05T14:54:31.891366,410,436234,-100.50825388967996,-100.50825388967996,56,0.3222826086956522,5.475,0.22,15,20,-0.0026672164909542,0.9119332134723664,0.3602712675929069,0.0033536447833285,0.0117187502328306,0.0,0.0,4,9.34163871155542e-05,9.34163871155542e-05,1.0,in,l2sq,9596.847960233688,constant_gate_pbrs_seed321_t480k,constant_gate_pbrs,480000,0.9088208333333333,1.0,0.75,0.0026672164909542,0.0033536447833285
2026-06-05T14:54:51.218642,411,437240,-39.94514903044711,-70.22670146006354,71,0.3277173913043478,5.465,0.18,20,20,-0.0035799638077151,0.941913604736328,0.3508711382746696,0.0025663445253485,0.009375000372529,0.0,0.0,4,9.34023751245688e-05,9.34023751245688e-05,1.0,in,l2sq,9616.17517733574,constant_gate_pbrs_seed321_t480k,constant_gate_pbrs,480000,0.9109166666666667,1.0,1.0,0.0035799638077151,0.0025663445253485
2026-06-05T14:55:15.509281,412,438351,-243.9700843729973,-243.9700843729973,45,0.3244565217391304,5.435,0.12,15,20,-0.0020328762766439,0.9167947918176652,0.3390248417854309,0.0012151705836913,0.007421875023283,0.0,0.0,4,9.338836500181772e-05,9.338836500181772e-05,1.0,in,l2sq,9640.46590781212,constant_gate_pbrs_seed321_t480k,constant_gate_pbrs,480000,0.91323125,1.0,0.75,0.0020328762766439,0.0012151705836913
2026-06-05T14:55:35.599663,413,439396,-196.68161223685735,-220.3258483049273,56,0.3241847826086956,5.345,0.09,20,20,-0.0030786138595431,0.9073296636343002,0.3523665443062782,0.0009042352682626,0.0115234375698491,0.0,0.0,4,9.337435721400929e-05,9.337435721400929e-05,1.0,in,l2sq,9660.55627655983,constant_gate_pbrs_seed321_t480k,constant_gate_pbrs,480000,0.9154083333333334,1.0,1.0,0.0030786138595431,0.0009042352682626
2026-06-05T14:55:58.177974,414,440417,-88.77084796142586,-88.77084796142586,66,0.3244565217391304,5.365,0.12,15,20,-0.0031763468112331,0.96212687343359,0.3513804115355015,0.0022742447116343,0.0070312499301508,0.0,0.0,4,9.335568327631006e-05,9.335568327631006e-05,1.0,in,l2sq,9683.134589672089,constant_gate_pbrs_seed321_t480k,constant_gate_pbrs,480000,0.9175354166666667,1.0,0.75,0.0031763468112331,0.0022742447116343
2026-06-05T14:56:18.810540,415,441488,-182.4234688913229,-135.5971584263744,51,0.321195652173913,5.405,0.18,20,20,-0.00279608151759,0.9700128883123398,0.3259706944227218,0.0013604556197606,0.0046875001862645,0.0,0.0,4,9.334168015721949e-05,9.334168015721949e-05,1.0,in,l2sq,9703.7671585083,constant_gate_pbrs_seed321_t480k,constant_gate_pbrs,480000,0.9197666666666666,1.0,1.0,0.00279608151759,0.0013604556197606
2026-06-05T14:56:41.477094,416,442513,-205.59715133929248,-205.59715133929248,47,0.3179347826086957,5.37,0.18,15,20,-0.0029339388333028,0.9524007588624954,0.3326452188193798,0.0018032728266916,0.0042968751658918,0.0,0.0,4,9.332767937190432e-05,9.332767937190432e-05,1.0,in,l2sq,9726.433669090273,constant_gate_pbrs_seed321_t480k,constant_gate_pbrs,480000,0.9219020833333333,1.0,0.75,0.0029339388333028,0.0018032728266916
2026-06-05T14:57:02.292153,417,443594,-155.02924885851172,-180.3132000989021,57,0.3171195652173913,5.425,0.2,20,20,-0.002637339006469,0.9339991137385368,0.335591547191143,0.0010278822795271,0.0072265626076841,0.0,0.0,4,9.33090147693067e-05,9.33090147693067e-05,1.0,in,l2sq,9747.248747587204,constant_gate_pbrs_seed321_t480k,constant_gate_pbrs,480000,0.9241541666666667,1.0,1.0,0.002637339006469,0.0010278822795271
2026-06-05T14:57:25.260917,418,444638,-146.8235291634799,-146.8235291634799,64,0.3163043478260869,5.405,0.19,15,20,-0.0014098607149208,0.9373771101236344,0.3313876837491989,0.0002960822434033,0.001953125,0.0,0.0,4,9.329501865037552e-05,9.329501865037552e-05,1.0,in,l2sq,9770.217544555664,constant_gate_pbrs_seed321_t480k,constant_gate_pbrs,480000,0.9263291666666666,1.0,0.75,0.0014098607149208,0.0002960822434033
2026-06-05T14:57:45.887260,419,445712,-11.136343162417484,-78.97993616294869,77,0.321195652173913,5.57,0.21,20,20,-0.0044088960974477,0.9053226187825204,0.3489503711462021,0.0001135667039989,0.0148437502793967,0.0,0.0,4,9.328102486405304e-05,9.328102486405304e-05,1.0,in,l2sq,9790.84387421608,constant_gate_pbrs_seed321_t480k,constant_gate_pbrs,480000,0.9285666666666667,1.0,1.0,0.0044088960974477,0.0001135667039989
2026-06-05T14:58:11.514882,420,446819,-161.02170080012104,-161.02170080012104,57,0.3214673913043478,5.65,0.19,14,20,-0.0028859362471848,0.9204089939594268,0.3451039530336857,0.001287437150222,0.0152343752561137,0.0,0.0,4,9.32623695918905e-05,9.32623695918905e-05,1.0,in,l2sq,9816.471460819244,constant_gate_pbrs_seed321_t480k,constant_gate_pbrs,480000,0.9308729166666667,1.0,0.7,0.0028859362471848,0.001287437150222
2026-06-05T14:58:31.813029,421,447877,-109.99199353015432,-135.50684716513769,57,0.31875,5.865,0.25,20,20,-0.0024661518400534,0.8914500176906586,0.3576244860887527,0.000796362541223,0.0011718750465661,0.0,0.0,4,9.324838046961932e-05,9.324838046961932e-05,1.0,in,l2sq,9836.769615888596,constant_gate_pbrs_seed321_t480k,constant_gate_pbrs,480000,0.9330770833333333,1.0,1.0,0.0024661518400534,0.000796362541223
2026-06-05T14:58:54.615718,422,448907,-95.39636745941648,-95.39636745941648,64,0.31875,5.685,0.2,15,20,-0.0024039026873652,0.9502888545393944,0.3654650039970875,-0.0002146606145401,0.0019531250582076,0.0,0.0,4,9.323439367879076e-05,9.323439367879076e-05,1.0,in,l2sq,9859.572340250015,constant_gate_pbrs_seed321_t480k,constant_gate_pbrs,480000,0.9352229166666667,1.0,0.75,0.0024039026873652,0.0002146606145401
2026-06-05T14:59:14.193476,423,449911,-83.2073788298965,-89.3018731446565,60,0.3182065217391304,5.56,0.21,20,20,-0.0021794691594549,0.9877015203237534,0.3480830639600754,0.0006678630985333,0.001953125,0.0,0.0,4,9.32204087528366e-05,9.32204087528366e-05,1.0,in,l2sq,9879.15005159378,constant_gate_pbrs_seed321_t480k,constant_gate_pbrs,480000,0.9373145833333333,1.0,1.0,0.0021794691594549,0.0006678630985333
2026-06-05T14:59:37.702044,424,450976,-203.0598064805268,-203.0598064805268,50,0.3160326086956522,5.52,0.16,14,20,-0.0026686618686654,0.9250210002064704,0.3426128514111042,0.0013151959657761,0.0025390625814907,0.0,0.0,4,9.320642615762572e-05,9.320642615762572e-05,1.0,in,l2sq,9902.658632040024,constant_gate_pbrs_seed321_t480k,constant_gate_pbrs,480000,0.9395333333333333,1.0,0.7,0.0026686618686654,0.0013151959657761
2026-06-05T14:59:58.641489,425,452047,-79.1409830348491,-141.10039475768795,71,0.321195652173913,5.59,0.12,20,20,-0.0032801823952468,0.9434695690870284,0.3394243866205215,0.0015778781183598,0.0058593751018634,0.0,0.0,4,9.318778580445844e-05,9.318778580445844e-05,1.0,in,l2sq,9923.59808897972,constant_gate_pbrs_seed321_t480k,constant_gate_pbrs,480000,0.9417645833333333,1.0,1.0,0.0032801823952468,0.0015778781183598
2026-06-05T15:00:22.039121,426,453107,-130.5588961122036,-130.5588961122036,62,0.3217391304347826,5.83,0.14,14,20,-0.0023478404735213,0.951097384095192,0.3125537559390068,0.000148052884424,0.0023437500058207,0.0,0.0,4,9.31738078695689e-05,9.31738078695689e-05,1.0,in,l2sq,9946.995748519896,constant_gate_pbrs_seed321_t480k,constant_gate_pbrs,480000,0.9439729166666667,1.0,0.7,0.0023478404735213,0.000148052884424
2026-06-05T15:00:41.365118,427,454115,-109.4416124406458,-120.0002542764247,59,0.3214673913043478,5.85,0.14,20,20,-0.0027302967617287,0.9449711889028548,0.325731061398983,0.0022297430010439,0.0054687500523868,0.0,0.0,4,9.31598322642575e-05,9.31598322642575e-05,1.0,in,l2sq,9966.3216919899,constant_gate_pbrs_seed321_t480k,constant_gate_pbrs,480000,0.9460729166666667,1.0,1.0,0.0027302967617287,0.0022297430010439
2026-06-05T15:01:03.712370,428,455121,-75.83553786098955,-75.83553786098955,62,0.3239130434782609,5.9,0.22,14,20,-0.0017663795690168,0.9233736842870712,0.3356465548276901,0.0001568303436229,0.0011718750174622,0.0,0.0,4,9.314120122940295e-05,9.314120122940295e-05,1.0,in,l2sq,9988.66898560524,constant_gate_pbrs_seed321_t480k,constant_gate_pbrs,480000,0.94816875,1.0,0.7,0.0017663795690168,0.0001568303436229
2026-06-05T15:01:22.206321,429,456088,-152.96127324390386,-114.3984055524467,50,0.321195652173913,5.345,0.18,20,20,-0.0032431547937448,0.9797675758600236,0.3516675382852554,-0.0001485270853663,0.0050781251920852,0.0,0.0,4,9.312723028208322e-05,9.312723028208322e-05,1.0,in,l2sq,10007.162902116776,constant_gate_pbrs_seed321_t480k,constant_gate_pbrs,480000,0.9501833333333334,1.0,1.0,0.0032431547937448,0.0001485270853663
2026-06-05T15:01:45.855149,430,457096,-81.72338059300196,-81.72338059300196,69,0.3247282608695652,5.165,0.16,15,20,-0.0027659822371787,0.9472187086939812,0.3405348397791385,0.0015453001270088,0.0046875000844011,0.0,0.0,4,9.311326166317703e-05,9.311326166317703e-05,1.0,in,l2sq,10030.811748981476,constant_gate_pbrs_seed321_t480k,constant_gate_pbrs,480000,0.9522833333333334,1.0,0.75,0.0027659822371787,0.0015453001270088
2026-06-05T15:02:05.975216,431,458145,-193.35880839425343,-137.5410944936277,54,0.3201086956521739,5.07,0.15,20,20,-0.0025773122848478,0.8321107923984528,0.3308844044804573,0.0018106506843651,0.001562500023283,0.0,0.0,4,9.309929490672236e-05,9.309929490672236e-05,1.0,in,l2sq,10050.931835651398,constant_gate_pbrs_seed321_t480k,constant_gate_pbrs,480000,0.95446875,1.0,1.0,0.0025773122848478,0.0018106506843651
2026-06-05T15:02:29.375625,432,459204,-129.58105859667072,-129.58105859667072,59,0.3239130434782609,5.165,0.13,15,20,-0.0020306341960349,0.9278711825609208,0.330836933106184,0.0007116140101288,0.0037109375698491,0.0,0.0,4,9.308533047798284e-05,9.308533047798284e-05,1.0,in,l2sq,10074.332222223282,constant_gate_pbrs_seed321_t480k,constant_gate_pbrs,480000,0.956675,1.0,0.75,0.0020306341960349,0.0007116140101288
2026-06-05T15:02:50.253802,433,460272,-166.60348748827005,-148.09227304247037,54,0.3233695652173913,5.285,0.16,20,20,-0.0023366356559563,0.8937629237771034,0.3384565748274326,0.0014772040147135,0.0035156251542503,0.0,0.0,4,9.306671434274057e-05,9.306671434274057e-05,1.0,in,l2sq,10095.2103972435,constant_gate_pbrs_seed321_t480k,constant_gate_pbrs,480000,0.9589,1.0,1.0,0.0023366356559563,0.0014772040147135
2026-06-05T15:03:13.652267,434,461340,-137.9273984473347,-137.9273984473347,67,0.323641304347826,5.34,0.2,15,20,-0.0027973429008851,0.9087634086608888,0.3262922465801239,0.0002150567950821,0.0082031253259629,0.0,0.0,4,9.305275456826756e-05,9.305275456826756e-05,1.0,in,l2sq,10118.608898878098,constant_gate_pbrs_seed321_t480k,constant_gate_pbrs,480000,0.961125,1.0,0.75,0.0027973429008851,0.0002150567950821
2026-06-05T15:03:33.418737,435,462376,-114.86860536485904,-126.39800190609688,60,0.3260869565217391,5.485,0.2,20,20,-0.0030874215270159,0.8958687707781792,0.3390149958431721,0.0004866378833412,0.0058593751018634,0.0,0.0,4,9.303879712034607e-05,9.303879712034607e-05,1.0,in,l2sq,10138.375267028809,constant_gate_pbrs_seed321_t480k,constant_gate_pbrs,480000,0.9632833333333334,1.0,1.0,0.0030874215270159,0.0004866378833412
2026-06-05T15:03:56.388860,436,463417,-195.36962713336945,-195.36962713336945,53,0.3277173913043478,5.34,0.2,15,20,-0.0012437686789779,0.9874463006854056,0.3562156744301319,0.000575588557649,0.0007812500116415,0.0,0.0,4,9.302019029131e-05,9.302019029131e-05,1.0,in,l2sq,10161.345482110975,constant_gate_pbrs_seed321_t480k,constant_gate_pbrs,480000,0.9654520833333333,1.0,0.75,0.0012437686789779,0.000575588557649
2026-06-05T15:04:16.661115,437,464476,-126.82942089259636,-161.0995240129829,57,0.3277173913043478,5.495,0.18,20,20,-0.0038077354140113,0.926856368780136,0.327072836458683,0.0006976067468713,0.0,0.0,0.0,4,9.30062374953284e-05,9.30062374953284e-05,1.0,in,l2sq,10181.617729663849,constant_gate_pbrs_seed321_t480k,constant_gate_pbrs,480000,0.9676583333333333,1.0,1.0,0.0038077354140113,0.0006976067468713
2026-06-05T15:04:40.887388,438,465580,-168.98440244859444,-168.98440244859444,63,0.327445652173913,5.68,0.21,14,20,-0.0023055688077874,0.9077555611729622,0.3283272050321102,0.0011897968201992,0.0056640625698491,0.0,0.0,4,9.29922870247353e-05,9.29922870247353e-05,1.0,in,l2sq,10205.843990802765,constant_gate_pbrs_seed321_t480k,constant_gate_pbrs,480000,0.9699583333333334,1.0,0.7,0.0023055688077874,0.0011897968201992
2026-06-05T15:05:00.725442,439,466614,-201.39431497615567,-185.18935871237505,55,0.3214673913043478,5.585,0.18,20,20,-0.0027520748262759,0.904160775244236,0.3395912647247314,0.0031342173067117,0.0087890623835846,0.0,0.0,4,9.297368949725322e-05,9.297368949725322e-05,1.0,in,l2sq,10225.68204498291,constant_gate_pbrs_seed321_t480k,constant_gate_pbrs,480000,0.9721125,1.0,1.0,0.0027520748262759,0.0031342173067117
2026-06-05T15:05:24.649321,440,467635,-153.68408202213064,-153.68408202213064,51,0.3198369565217391,5.615,0.19,17,20,-0.0022426650102715,0.866411104798317,0.3598361387848854,-0.0003214795422536,0.0039062501455191,0.0,0.0,4,9.295974367627448e-05,9.295974367627448e-05,1.0,in,l2sq,10249.605900287628,constant_gate_pbrs_seed321_t480k,constant_gate_pbrs,480000,0.9742395833333334,1.0,0.85,0.0022426650102715,0.0003214795422536
2026-06-05T15:05:44.192537,441,468661,-103.80159742861996,-128.7428397253753,69,0.3230978260869565,5.345,0.14,20,20,-0.0019097822656477,0.9063832610845566,0.3270954564213753,0.0006694678623262,0.0011718750029103,0.0,0.0,4,9.294580017952178e-05,9.294580017952178e-05,1.0,in,l2sq,10269.14908504486,constant_gate_pbrs_seed321_t480k,constant_gate_pbrs,480000,0.9763770833333333,1.0,1.0,0.0019097822656477,0.0006694678623262
2026-06-05T15:06:07.573245,442,469719,-104.39456401485197,-104.39456401485197,58,0.3214673913043478,5.4,0.17,16,20,-0.0014925677503925,0.9412997663021088,0.319136306643486,0.0002287404111484,0.0,0.0,0.0,4,9.293185854187096e-05,9.293185854187096e-05,1.0,in,l2sq,10292.529868125916,constant_gate_pbrs_seed321_t480k,constant_gate_pbrs,480000,0.97858125,1.0,0.8,0.0014925677503925,0.0002287404111484
2026-06-05T15:06:27.158409,443,470738,-65.62456816273927,-85.00956608879562,66,0.3230978260869565,5.54,0.15,20,20,-0.0026951089967042,0.9097394570708276,0.310988824814558,0.0004008882337075,0.0052734376949956,0.0,0.0,4,9.291791922774898e-05,9.291791922774898e-05,1.0,in,l2sq,10312.115005254744,constant_gate_pbrs_seed321_t480k,constant_gate_pbrs,480000,0.9807041666666667,1.0,1.0,0.0026951089967042,0.0004008882337075
2026-06-05T15:06:49.979832,444,471775,-117.60516626745463,-117.60516626745463,59,0.3255434782608695,5.725,0.22,18,20,-0.0035205715190386,0.9097412973642348,0.323224376887083,0.0013373310030147,0.0148437499592546,0.0,0.0,4,9.289933657308262e-05,9.289933657308262e-05,1.0,in,l2sq,10334.93643260002,constant_gate_pbrs_seed321_t480k,constant_gate_pbrs,480000,0.9828645833333334,1.0,0.9,0.0035205715190386,0.0013373310030147
2026-06-05T15:07:09.826459,445,472800,-114.30458724194766,-115.95487675470116,63,0.3233695652173913,5.63,0.22,20,20,-0.0027640968270135,0.8489367663860321,0.3085032105445862,0.0010043368613879,0.00390625,0.0,0.0,4,9.28854019048566e-05,9.28854019048566e-05,1.0,in,l2sq,10354.783059835434,constant_gate_pbrs_seed321_t480k,constant_gate_pbrs,480000,0.985,1.0,1.0,0.0027640968270135,0.0010043368613879
2026-06-05T15:07:33.744902,446,473836,-145.59598782420184,-145.59598782420184,56,0.3217391304347826,5.605,0.23,17,20,-0.0033370607998222,0.9335812851786612,0.3156241178512573,-0.001004712601889,0.0066406249534338,0.0,0.0,4,9.28714695589979e-05,9.28714695589979e-05,1.0,in,l2sq,10378.701506376266,constant_gate_pbrs_seed321_t480k,constant_gate_pbrs,480000,0.9871583333333334,1.0,0.85,0.0033370607998222,0.001004712601889
2026-06-05T15:07:55.191152,447,474899,-155.50739150869862,-150.55168966645022,57,0.321195652173913,5.485,0.28,20,20,-0.0020942448427376,0.8981400206685066,0.3284353278577328,0.0013742537813413,0.0019531250291038,0.0,0.0,4,9.28528961938008e-05,9.28528961938008e-05,1.0,in,l2sq,10400.147758483889,constant_gate_pbrs_seed321_t480k,constant_gate_pbrs,480000,0.9893729166666667,1.0,1.0,0.0020942448427376,0.0013742537813413
2026-06-05T15:08:19.600164,448,475957,-148.24635430413483,-148.24635430413483,65,0.3220108695652174,5.505,0.33,16,20,-0.0022087232093326,0.9517617374658583,0.3159713000059128,0.0015615276954122,0.0007812500116415,0.0,0.0,4,9.283896849151556e-05,9.283896849151556e-05,1.0,in,l2sq,10424.556772232056,constant_gate_pbrs_seed321_t480k,constant_gate_pbrs,480000,0.9915770833333334,1.0,0.8,0.0022087232093326,0.0015615276954122
2026-06-05T15:08:39.894747,449,476962,-79.57052146208292,-113.90843788310887,62,0.3252717391304348,5.36,0.33,20,20,-0.0028248649992748,0.9167452231049538,0.3198970034718513,0.0013770181106337,0.0052734375058207,0.0,0.0,4,9.282504311043668e-05,9.282504311043668e-05,1.0,in,l2sq,10444.851309537888,constant_gate_pbrs_seed321_t480k,constant_gate_pbrs,480000,0.9936708333333333,1.0,1.0,0.0028248649992748,0.0013770181106337
2026-06-05T15:09:05.635990,450,478029,-85.17650005567073,-85.17650005567073,68,0.325,5.475,0.34,18,20,-0.0041400225600227,0.9353093951940536,0.3102981373667717,0.0018580741231744,0.0093749999068677,0.0,0.0,4,9.281111958604432e-05,9.281111958604432e-05,1.0,in,l2sq,10470.592574596403,constant_gate_pbrs_seed321_t480k,constant_gate_pbrs,480000,0.99589375,1.0,0.9,0.0041400225600227,0.0018580741231744
2026-06-05T15:09:27.553773,451,479118,-118.91122269058214,-102.04386137312645,61,0.3269021739130435,5.54,0.27,20,20,-0.0025847031043668,0.9595929905772208,0.3181047327816486,0.0020852875224477,0.0167968754831235,0.0,0.0,4,9.279719838216204e-05,9.279719838216204e-05,1.0,in,l2sq,10492.510374546053,constant_gate_pbrs_seed321_t480k,constant_gate_pbrs,480000,0.9981625,1.0,1.0,0.0025847031043668,0.0020852875224477
2026-06-05T15:09:48.475124,452,480001,-83.27645542836203,-83.27645542836203,57,0.3263586956521739,5.735,0.3,18,20,-0.0025164165010209,0.9533306434750556,0.3285489752888679,0.0012405947403294,0.0056640626862645,0.0,0.0,4,9.277863987045758e-05,9.277863987045758e-05,1.0,in,l2sq,10513.431745290756,constant_gate_pbrs_seed321_t480k,constant_gate_pbrs,480000,1.0,1.0,0.9,0.0025164165010209,0.0012405947403294
2026-06-05T12:14:55.776704,0,1090,-877.8039999999992,-877.8039999999992,16,0.0869565217391304,2.375,1.0,3,3,-0.0057214290718548,1.0140760987997055,1.139385223388672,0.0017967552819754,0.0,0.0,0.0,4,9.999e-05,9.999e-05,1.0,ex,l2sq,30.094788074493408,external_pbrs_seed321_t480k,external_pbrs,480000,0.0022708333333333335,0.15,0.15,0.0057214290718548,0.0017967552819754
2026-06-05T12:15:18.838288,1,2196,-886.2661249999994,-882.0350624999993,21,0.1005434782608695,2.621621621621621,1.027027027027027,3,3,-0.0024951238752691,1.0118868499994278,1.153515785932541,0.000314433038693,0.0,0.0,0.0,4,9.997500199995e-05,9.997500199995e-05,1.0,ex,l2sq,53.156409740448,external_pbrs_seed321_t480k,external_pbrs,480000,0.004575,0.15,0.15,0.0024951238752691,0.000314433038693
2026-06-05T12:15:56.349806,2,3360,-917.3023749999988,-917.3023749999988,17,0.0978260869565217,2.888888888888889,1.0740740740740742,5,5,-0.0023786548845237,0.9746271073818208,1.1289915442466736,-0.0001581177450133,0.0,0.0,0.0,4,9.995500799930004e-05,9.995500799930004e-05,1.0,ex,l2sq,90.66767024993896,external_pbrs_seed321_t480k,external_pbrs,480000,0.007,0.25,0.25,0.0023786548845237,0.0001581177450133
2026-06-05T12:16:19.164898,3,4489,-860.5482499999999,-888.9253124999993,21,0.1019021739130434,3.013333333333333,1.1466666666666667,5,5,-0.001072235963511,1.0298026949167252,1.11540088057518,0.0004085223830315,0.0,0.0,0.0,4,9.993501799725028e-05,9.993501799725028e-05,1.0,ex,l2sq,113.48306274414062,external_pbrs_seed321_t480k,external_pbrs,480000,0.009352083333333334,0.25,0.25,0.001072235963511,0.0004085223830315
2026-06-05T12:16:44.585047,4,5559,-851.412999999999,-851.412999999999,20,0.1032608695652173,3.0105263157894737,1.1789473684210523,4,5,-0.0010547518919339,0.9911989569664,1.1047700643539429,-2.7822004608379917e-05,0.0,0.0,0.0,4,9.992002799440072e-05,9.992002799440072e-05,1.0,ex,l2sq,138.90323448181152,external_pbrs_seed321_t480k,external_pbrs,480000,0.01158125,0.25,0.2,0.0010547518919339,2.7822004608379917e-05
2026-06-05T12:17:07.356771,5,6690,-891.0773750000003,-871.2451874999997,17,0.1014492753623188,3.2410714285714284,1.3392857142857142,5,5,-0.0010672696385882,1.018453724682331,1.1002082526683807,-0.0003260959258568,0.0,0.0,0.0,4,9.990504048980172e-05,9.990504048980172e-05,1.0,ex,l2sq,161.67496800422668,external_pbrs_seed321_t480k,external_pbrs,480000,0.0139375,0.25,0.25,0.0010672696385882,0.0003260959258568
2026-06-05T12:17:33.922016,6,7842,-870.4629999999983,-870.4629999999983,24,0.1055900621118012,3.375,1.3529411764705883,4,5,-0.0015001610372564,0.999852828681469,1.1106791347265244,-3.017731796718659e-05,0.0,0.0,0.0,4,9.988506048075416e-05,9.988506048075416e-05,1.0,ex,l2sq,188.24020528793332,external_pbrs_seed321_t480k,external_pbrs,480000,0.0163375,0.25,0.2,0.0015001610372564,3.017731796718659e-05
2026-06-05T12:17:55.259320,7,8918,-811.2623749999997,-840.862687499999,22,0.1073369565217391,3.4430379746835444,1.3544303797468351,5,5,-0.0010431409100419,1.0299159586429596,1.1051127016544342,-1.0087726332097535e-05,0.0,0.0,0.0,4,9.987007797140718e-05,9.987007797140718e-05,1.0,ex,l2sq,209.57751941680908,external_pbrs_seed321_t480k,external_pbrs,480000,0.018579166666666667,0.25,0.25,0.0010431409100419,1.0087726332097535e-05
2026-06-05T12:18:28.353637,8,10016,-835.6772499999993,-835.6772499999993,20,0.107487922705314,3.5,1.3932584269662922,5,5,-0.0018223602950457,0.9955554977059364,1.0619534850120544,0.0007804893095454,0.0,0.0,0.0,4,9.985509795906184e-05,9.985509795906184e-05,1.0,ex,l2sq,242.6715052127838,external_pbrs_seed321_t480k,external_pbrs,480000,0.020866666666666665,0.25,0.25,0.0018223602950457,0.0007804893095454
2026-06-05T12:18:49.420923,9,11079,-821.2821249999981,-828.4796874999987,23,0.1092391304347826,3.56,1.41,5,5,-0.0014081575187447,0.981299303472042,1.0765895247459412,0.0003454846879321,0.0,0.0,0.0,4,9.983512793802104e-05,9.983512793802104e-05,1.0,ex,l2sq,263.73909282684326,external_pbrs_seed321_t480k,external_pbrs,480000,0.02308125,0.25,0.25,0.0014081575187447,0.0003454846879321
2026-06-05T12:19:16.517545,10,12155,-779.4029999999985,-779.4029999999985,18,0.1082015810276679,3.62,1.41,3,5,-0.0022485167020931,1.0090174973011017,1.085794448852539,3.131939529341099e-05,0.0,0.0,0.0,4,9.982015291843063e-05,9.982015291843063e-05,1.0,ex,l2sq,290.83571434021,external_pbrs_seed321_t480k,external_pbrs,480000,0.025322916666666667,0.25,0.15,0.0022485167020931,3.131939529341099e-05
2026-06-05T12:19:39.903334,11,13300,-862.742624999999,-821.0728124999987,19,0.1077898550724637,3.695,1.41,5,5,-0.0017658770244451,1.008822500705719,1.0945789366960526,0.0003882799253915,0.0,0.0,0.0,4,9.980518039459364e-05,9.980518039459364e-05,1.0,ex,l2sq,314.2214353084564,external_pbrs_seed321_t480k,external_pbrs,480000,0.027708333333333335,0.25,0.25,0.0017658770244451,0.0003882799253915
2026-06-05T12:20:09.225737,12,14363,-762.4746249999989,-762.4746249999989,28,0.1112040133779264,3.59,1.29,2,5,-0.0015479296802367,0.9945590421557426,1.086421862244606,0.0001489563281211,0.0,0.0,0.0,4,9.978522035656652e-05,9.978522035656652e-05,1.0,ex,l2sq,343.543927192688,external_pbrs_seed321_t480k,external_pbrs,480000,0.029922916666666667,0.25,0.1,0.0015479296802367,0.0001489563281211
2026-06-05T12:20:33.721094,13,15487,-805.2422499999991,-783.858437499999,23,0.1121894409937888,3.73,1.41,5,5,-0.0016089216231193,0.9977486729621888,1.073393315076828,0.0006882911460707,0.0,0.0,0.0,4,9.976526431034742e-05,9.976526431034742e-05,1.0,ex,l2sq,368.0392179489136,external_pbrs_seed321_t480k,external_pbrs,480000,0.03226458333333333,0.25,0.25,0.0016089216231193,0.0006882911460707
2026-06-05T12:21:07.441080,14,16573,-806.2301249999995,-806.2301249999995,21,0.1123188405797101,3.67,1.34,3,5,-0.0018966809526318,1.0074866116046906,1.055359661579132,0.000286074149335,0.0,0.0,0.0,4,9.97502997701265e-05,9.97502997701265e-05,1.0,ex,l2sq,401.7592713832855,external_pbrs_seed321_t480k,external_pbrs,480000,0.03452708333333333,0.25,0.15,0.0018966809526318,0.000286074149335
2026-06-05T12:21:29.574830,15,17656,-859.2683750000001,-832.7492499999998,21,0.1124320652173913,3.645,1.35,5,5,-0.0010661140264346,0.9995006769895554,1.0379459112882614,-0.0001170764971447,0.0,0.0,0.0,4,9.973533772391248e-05,9.973533772391248e-05,1.0,ex,l2sq,423.8930296897888,external_pbrs_seed321_t480k,external_pbrs,480000,0.036783333333333335,0.25,0.25,0.0010661140264346,0.0001170764971447
2026-06-05T12:21:56.930120,16,18707,-760.1379999999992,-760.1379999999992,24,0.1134910485933503,3.55,1.3,3,5,-0.0016287449921946,0.991324618458748,1.0469416826963425,7.092265991560237e-05,0.0,0.0,0.0,4,9.971539165372108e-05,9.971539165372108e-05,1.0,ex,l2sq,451.24830746650696,external_pbrs_seed321_t480k,external_pbrs,480000,0.03897291666666667,0.25,0.15,0.0016287449921946,7.092265991560237e-05
2026-06-05T12:22:18.410011,17,19785,-778.9819999999992,-769.5599999999993,22,0.1138285024154589,3.52,1.21,5,5,-0.0022730202239472,0.974581778049469,1.0642897486686709,0.0011683160701068,0.0,0.0,0.0,4,9.970043459427396e-05,9.970043459427396e-05,1.0,ex,l2sq,472.7282066345215,external_pbrs_seed321_t480k,external_pbrs,480000,0.04121875,0.25,0.25,0.0022730202239472,0.0011683160701068
2026-06-05T12:22:45.458549,18,20924,-855.6274999999999,-855.6274999999999,22,0.1141304347826086,3.53,1.2,1,5,-0.0022293873509625,0.9853728711605072,1.0513674765825272,0.0004901276199234,0.0,0.0,0.0,4,9.9685480027587e-05,9.9685480027587e-05,1.0,ex,l2sq,499.7766637802124,external_pbrs_seed321_t480k,external_pbrs,480000,0.04359166666666667,0.25,0.05,0.0022293873509625,0.0004901276199234
2026-06-05T12:23:09.935601,19,22051,-812.4237500000006,-834.0256250000002,24,0.114945652173913,3.56,1.15,5,5,-0.001515689550797,1.023354858160019,1.0511123687028885,-0.0007629807805642,0.0,0.0,0.0,4,9.966554392843628e-05,9.966554392843628e-05,1.0,ex,l2sq,524.2537951469421,external_pbrs_seed321_t480k,external_pbrs,480000,0.04593958333333333,0.25,0.25,0.001515689550797,0.0007629807805642
2026-06-05T12:23:37.382825,20,23107,-727.2593749999997,-727.2593749999997,30,0.11875,3.6,1.18,1,5,-0.0016129181101859,0.994729809463024,1.0193553566932678,0.0014097527353442,0.0,0.0,0.0,4,9.964561181630604e-05,9.964561181630604e-05,1.0,ex,l2sq,551.7010054588318,external_pbrs_seed321_t480k,external_pbrs,480000,0.04813958333333333,0.25,0.05,0.0016129181101859,0.0014097527353442
2026-06-05T12:24:00.297972,21,24195,-756.0316249999984,-741.6454999999991,25,0.1198369565217391,3.705,1.12,5,5,-0.0008665636603835,0.989746704697609,1.0007386803627014,0.00043844587708,0.0,0.0,0.0,4,9.963066522366009e-05,9.963066522366009e-05,1.0,ex,l2sq,574.6161558628082,external_pbrs_seed321_t480k,external_pbrs,480000,0.05040625,0.25,0.25,0.0008665636603835,0.00043844587708
2026-06-05T12:24:26.672040,22,25264,-748.8961250000001,-748.8961250000001,26,0.1222826086956521,3.665,1.05,3,5,-0.0013560138802859,0.9883329570293428,1.0009383037686348,1.9601095846158437e-05,0.0,0.0,0.0,4,9.961572112202983e-05,9.961572112202983e-05,1.0,ex,l2sq,600.9902212619781,external_pbrs_seed321_t480k,external_pbrs,480000,0.05263333333333333,0.25,0.15,0.0013560138802859,1.9601095846158437e-05
2026-06-05T12:24:49.693128,23,26315,-729.3846250000001,-739.1403750000002,23,0.1228260869565217,3.645,0.9,5,5,-0.002734299772419,1.0026745274662971,0.9987474903464316,0.0010018656827014,0.0,0.0,0.0,4,9.959579897396266e-05,9.959579897396266e-05,1.0,ex,l2sq,624.0113253593445,external_pbrs_seed321_t480k,external_pbrs,480000,0.054822916666666666,0.25,0.25,0.002734299772419,0.0010018656827014
2026-06-05T12:25:14.537699,24,27386,-730.1126249999996,-730.1126249999996,34,0.1266304347826087,3.515,0.81,3,5,-0.0013482600377756,0.9927932173013688,0.9863057136535645,0.0014420448685996,0.0,0.0,0.0,4,9.958085985311852e-05,9.958085985311852e-05,1.0,ex,l2sq,648.855895280838,external_pbrs_seed321_t480k,external_pbrs,480000,0.05705416666666667,0.25,0.15,0.0013482600377756,0.0014420448685996
2026-06-05T12:25:35.667719,25,28446,-707.1156249999989,-718.6141249999993,28,0.1296195652173913,3.49,0.81,5,5,-0.0019166313533787,0.9839818254113196,0.9400704130530356,0.0015407881943246,0.0,0.0,0.0,4,9.956592322204485e-05,9.956592322204485e-05,1.0,ex,l2sq,669.9859173297882,external_pbrs_seed321_t480k,external_pbrs,480000,0.0592625,0.25,0.25,0.0019166313533787,0.0015407881943246
2026-06-05T12:26:00.905171,26,29527,-731.0086249999994,-731.0086249999994,29,0.1309782608695652,3.455,0.72,4,5,-0.0016032046085456,0.977532833814621,0.9195296242833138,-0.0012787863204721,0.0,0.0,0.0,4,9.954601103305968e-05,9.954601103305968e-05,1.0,ex,l2sq,695.2233648300171,external_pbrs_seed321_t480k,external_pbrs,480000,0.06151458333333333,0.25,0.2,0.0016032046085456,0.0012787863204721
2026-06-05T12:26:22.786354,27,30607,-718.7193749999993,-724.8639999999994,30,0.1331521739130435,3.515,0.64,5,5,-0.0017299413651926,0.9800074249505996,0.8753069192171097,0.0013326748943654,0.0,0.0,0.0,4,9.95310793802822e-05,9.95310793802822e-05,1.0,ex,l2sq,717.1045081615448,external_pbrs_seed321_t480k,external_pbrs,480000,0.06376458333333333,0.25,0.25,0.0017299413651926,0.0013326748943654
2026-06-05T12:26:56.420163,28,31650,-716.3296249999992,-716.3296249999992,30,0.1358695652173913,3.495,0.59,5,5,-0.0016601901708782,1.0066787749528885,0.858935572206974,0.0001397620046191,0.0,0.0,0.0,4,9.951615021603056e-05,9.951615021603056e-05,1.0,ex,l2sq,750.7381474971771,external_pbrs_seed321_t480k,external_pbrs,480000,0.0659375,0.25,0.25,0.0016601901708782,0.0001397620046191
2026-06-05T12:27:20.120556,29,32742,-741.093124999999,-728.7113749999991,25,0.1364130434782608,3.55,0.56,5,5,-0.002301659216755,0.9650693982839584,0.8664965704083443,0.000316863626358,0.0,0.0,0.0,4,9.949624798114884e-05,9.949624798114884e-05,1.0,ex,l2sq,774.4386880397797,external_pbrs_seed321_t480k,external_pbrs,480000,0.0682125,0.25,0.25,0.002301659216755,0.000316863626358
2026-06-05T12:27:46.602694,30,33783,-662.0258749999986,-662.0258749999986,38,0.1418478260869565,3.615,0.61,2,5,-0.0026399612776,0.985638990998268,0.8740081936120987,0.0004362628351373,0.0,0.0,0.0,4,9.948132379270474e-05,9.948132379270474e-05,1.0,ex,l2sq,800.9208602905273,external_pbrs_seed321_t480k,external_pbrs,480000,0.07038125,0.25,0.1,0.0026399612776,0.0004362628351373
2026-06-05T12:28:08.170592,31,34852,-721.4648749999993,-691.745374999999,26,0.14375,3.735,0.56,5,5,-0.0021164603698706,0.9863710030913352,0.8874717503786087,0.0001621753421204,0.0007812500116415,0.0,0.0,4,9.946640209154246e-05,9.946640209154246e-05,1.0,ex,l2sq,822.48877120018,external_pbrs_seed321_t480k,external_pbrs,480000,0.07260833333333333,0.25,0.25,0.0021164603698706,0.0001621753421204
2026-06-05T12:28:33.689747,32,35936,-724.3653749999999,-724.3653749999999,28,0.14375,3.755,0.51,3,5,-0.0008010227382328,0.9872146025300026,0.923303633928299,-0.0001032759384557,0.0,0.0,0.0,4,9.944650980578818e-05,9.944650980578818e-05,1.0,ex,l2sq,848.0079367160797,external_pbrs_seed321_t480k,external_pbrs,480000,0.07486666666666666,0.25,0.15,0.0008010227382328,0.0001032759384557
2026-06-05T12:28:55.685740,33,37030,-770.6754999999987,-747.5204374999993,32,0.146195652173913,3.76,0.61,5,5,-0.0014468223147559,0.9719078689813614,0.9248147457838058,0.0004004485366749,0.0,0.0,0.0,4,9.943159307794602e-05,9.943159307794602e-05,1.0,ex,l2sq,870.0039370059967,external_pbrs_seed321_t480k,external_pbrs,480000,0.07714583333333333,0.25,0.25,0.0014468223147559,0.0004004485366749
2026-06-05T12:29:21.862747,34,38151,-808.1852499999987,-808.1852499999987,26,0.1475543478260869,3.73,0.6,3,5,-0.0017725976606015,0.9755541384220124,0.9041942209005356,0.000986473505327,0.0,0.0,0.0,4,9.94166788361423e-05,9.94166788361423e-05,1.0,ex,l2sq,896.180956363678,external_pbrs_seed321_t480k,external_pbrs,480000,0.07948125,0.25,0.15,0.0017725976606015,0.000986473505327
2026-06-05T12:29:42.992805,35,39204,-720.2417499999998,-764.2134999999993,26,0.1489130434782608,3.835,0.72,5,5,-0.0010935582597992,0.9883217290043832,0.918328419327736,0.0010345996619434,0.0,0.0,0.0,4,9.939679649454188e-05,9.939679649454188e-05,1.0,ex,l2sq,917.3109889030457,external_pbrs_seed321_t480k,external_pbrs,480000,0.081675,0.25,0.25,0.0010935582597992,0.0010345996619434
2026-06-05T12:30:07.972404,36,40279,-634.7573749999992,-634.7573749999992,39,0.1529891304347826,3.975,0.77,3,5,-0.0021958843775795,1.010433316230774,0.930942103266716,0.0002774690448859,0.0,0.0,0.0,4,9.938188722357208e-05,9.938188722357208e-05,1.0,ex,l2sq,942.2905993461608,external_pbrs_seed321_t480k,external_pbrs,480000,0.08391458333333333,0.25,0.15,0.0021958843775795,0.0002774690448859
2026-06-05T12:30:29.562852,37,41355,-719.8964999999984,-677.3269374999988,31,0.1554347826086956,3.98,0.79,5,5,-0.002587983800913,1.0036577731370926,0.9173678383231164,0.0018616212153574,0.0,0.0,0.0,4,9.9366980437398e-05,9.9366980437398e-05,1.0,ex,l2sq,963.8810322284698,external_pbrs_seed321_t480k,external_pbrs,480000,0.08615625,0.25,0.25,0.002587983800913,0.0018616212153574
2026-06-05T12:30:55.564913,38,42462,-768.0217499999993,-768.0217499999993,24,0.1559782608695652,4.08,0.81,2,5,-0.0013203699567385,0.9754416644573212,0.8891264870762825,0.0006122379269072,0.0,0.0,0.0,4,9.934710803498032e-05,9.934710803498032e-05,1.0,ex,l2sq,989.883099079132,external_pbrs_seed321_t480k,external_pbrs,480000,0.0884625,0.25,0.1,0.0013203699567385,0.0006122379269072
2026-06-05T12:31:18.135709,39,43570,-774.6457500000006,-771.33375,22,0.1554347826086956,4.1,0.8,5,5,-0.0024754423604463,0.9704252406954764,0.8829650804400444,-0.0003479113966022,0.0,0.0,0.0,4,9.93272396068444e-05,9.93272396068444e-05,1.0,ex,l2sq,1012.453894853592,external_pbrs_seed321_t480k,external_pbrs,480000,0.09077083333333333,0.25,0.25,0.0024754423604463,0.0003479113966022
2026-06-05T12:31:44.762497,40,44603,-724.8246249999992,-724.8246249999992,26,0.1543478260869565,4.105,0.77,4,5,-0.000951774459827,0.9959550201892852,0.8534083962440491,0.0007262756422278,0.0,0.0,0.0,4,9.93123407692339e-05,9.93123407692339e-05,1.0,ex,l2sq,1039.0805494785309,external_pbrs_seed321_t480k,external_pbrs,480000,0.09292291666666666,0.25,0.2,0.000951774459827,0.0007262756422278
2026-06-05T12:32:06.012411,41,45641,-649.0923749999989,-686.958499999999,42,0.1589673913043478,4.065,0.72,5,5,-0.0023037914506858,0.9835174977779388,0.8505379408597946,0.0011106285935966,0.0003906250058207,0.0,0.0,4,9.929744441468022e-05,9.929744441468022e-05,1.0,ex,l2sq,1060.3305740356443,external_pbrs_seed321_t480k,external_pbrs,480000,0.09508541666666667,0.25,0.25,0.0023037914506858,0.0011106285935966
2026-06-05T12:32:30.549143,42,46695,-725.0576249999996,-725.0576249999996,30,0.1600543478260869,3.98,0.65,4,5,-0.0026440323330461,0.9850743412971495,0.8811636865139008,0.0011944034718908,0.0011718750465661,0.0,0.0,4,9.928255004627403e-05,9.928255004627403e-05,1.0,ex,l2sq,1084.8673522472382,external_pbrs_seed321_t480k,external_pbrs,480000,0.09728125,0.25,0.2,0.0026440323330461,0.0011944034718908
2026-06-05T12:32:52.095326,43,47772,-651.3893749999992,-688.2234999999994,38,0.1641304347826087,3.98,0.58,5,5,-0.0011940995601888,0.9777304530143738,0.8828985169529915,0.0003366076147358,0.0,0.0,0.0,4,9.926765816017986e-05,9.926765816017986e-05,1.0,ex,l2sq,1106.4135072231293,external_pbrs_seed321_t480k,external_pbrs,480000,0.099525,0.25,0.25,0.0011940995601888,0.0003366076147358
2026-06-05T12:33:16.693472,44,48822,-727.592874999999,-727.592874999999,26,0.1619565217391304,3.87,0.54,4,5,-0.0024083543961751,1.0154581516981125,0.8915841430425644,3.9595891212207456e-05,0.0,0.0,0.0,4,9.92478056212244e-05,9.92478056212244e-05,1.0,ex,l2sq,1131.0116424560547,external_pbrs_seed321_t480k,external_pbrs,480000,0.1017125,0.25,0.2,0.0024083543961751,3.9595891212207456e-05
2026-06-05T12:33:43.422548,45,49909,-703.7584999999985,-715.6756874999987,24,0.1608695652173913,3.875,0.55,5,5,-0.0010843649449272,1.0141350328922272,0.8712861388921738,0.0004018033301689,0.0,0.0,0.0,4,9.923291869851317e-05,9.923291869851317e-05,1.0,ex,l2sq,1157.740704536438,external_pbrs_seed321_t480k,external_pbrs,480000,0.10397708333333333,0.25,0.25,0.0010843649449272,0.0004018033301689
2026-06-05T12:34:09.751515,46,51001,-753.0712499999994,-753.0712499999994,22,0.1589673913043478,3.88,0.58,4,5,-0.0012988712708646,0.9988000318408012,0.8598999530076981,0.0004815488708118,0.0,0.0,0.0,4,9.921803425687298e-05,9.921803425687298e-05,1.0,ex,l2sq,1184.0696942806244,external_pbrs_seed321_t480k,external_pbrs,480000,0.10625208333333333,0.25,0.2,0.0012988712708646,0.0004815488708118
2026-06-05T12:34:32.467608,47,52119,-742.7684999999998,-747.9198749999996,24,0.1573369565217391,4.015,0.63,5,5,-0.0021254565843264,0.971966840326786,0.8647805899381638,0.0009651182037487,0.0,0.0,0.0,4,9.919819164220197e-05,9.919819164220197e-05,1.0,ex,l2sq,1206.7857604026794,external_pbrs_seed321_t480k,external_pbrs,480000,0.10858125,0.25,0.25,0.0021254565843264,0.0009651182037487
2026-06-05T12:34:57.273462,48,53163,-696.1981249999991,-696.1981249999991,23,0.1554347826086956,3.965,0.56,3,5,-0.0015078775512392,0.982270635664463,0.8293129950761795,0.000196663503766,0.0,0.0,0.0,4,9.917835299585544e-05,9.917835299585544e-05,1.0,ex,l2sq,1231.5916600227356,external_pbrs_seed321_t480k,external_pbrs,480000,0.11075625,0.25,0.15,0.0015078775512392,0.000196663503766
2026-06-05T12:35:18.983952,49,54220,-645.3807499999983,-670.7894374999987,24,0.1551630434782608,4.055,0.57,5,5,-0.0017896987817946,0.9815006852149964,0.8331058919429779,-0.000440296230954,0.0,0.0,0.0,4,9.916347649086434e-05,9.916347649086434e-05,1.0,ex,l2sq,1253.3021059036255,external_pbrs_seed321_t480k,external_pbrs,480000,0.11295833333333333,0.25,0.25,0.0017896987817946,0.000440296230954
2026-06-05T12:36:00.304120,50,55351,-798.0658750000001,-798.0658750000001,20,0.1502717391304348,4.21,0.64,7,7,-0.0026047733117593,0.9727430045604706,0.8399298712611198,0.0015756250781123,0.0,0.0,0.0,4,9.91486024652081e-05,9.91486024652081e-05,1.0,ex,l2sq,1294.6221585273745,external_pbrs_seed321_t480k,external_pbrs,480000,0.11531458333333333,0.35,0.35,0.0026047733117593,0.0015756250781123
2026-06-05T12:36:22.083831,51,56444,-688.7896249999985,-743.4277499999994,33,0.1521739130434782,4.225,0.63,7,7,-0.0015009664566605,0.9908577725291252,0.8255088850855827,0.000542945772031,0.001562500023283,0.0,0.0,4,9.912877373620108e-05,9.912877373620108e-05,1.0,ex,l2sq,1316.4019949436188,external_pbrs_seed321_t480k,external_pbrs,480000,0.11759166666666666,0.35,0.35,0.0015009664566605,0.000542945772031
2026-06-05T12:36:46.261819,52,57472,-690.4983749999992,-690.4983749999992,21,0.1502717391304348,4.165,0.65,4,7,-0.0019854485959514,1.0277154445648191,0.7958770841360092,0.0001642869032366,0.0,0.0,0.0,4,9.911390466797496e-05,9.911390466797496e-05,1.0,ex,l2sq,1340.580018043518,external_pbrs_seed321_t480k,external_pbrs,480000,0.11973333333333333,0.35,0.2,0.0019854485959514,0.0001642869032366
2026-06-05T12:37:09.337175,53,58611,-795.5261249999993,-743.0122499999993,28,0.1491847826086956,4.295,0.67,7,7,-0.0016126893446199,0.9842629879713058,0.7918354272842407,0.0005786564375739,0.0001953125029103,0.0,0.0,4,9.90990380778443e-05,9.90990380778443e-05,1.0,ex,l2sq,1363.6553707122805,external_pbrs_seed321_t480k,external_pbrs,480000,0.12210625,0.35,0.35,0.0016126893446199,0.0005786564375739
2026-06-05T12:37:35.206371,54,59697,-671.7339999999988,-671.7339999999988,37,0.1521739130434782,4.29,0.66,4,7,-0.0030078456242335,0.9879726618528366,0.7800422832369804,0.0023932393727591,0.0013671874767169,0.0,0.0,4,9.907921926121912e-05,9.907921926121912e-05,1.0,ex,l2sq,1389.5245487689972,external_pbrs_seed321_t480k,external_pbrs,480000,0.12436875,0.35,0.2,0.0030078456242335,0.0023932393727591
2026-06-05T12:37:56.708548,55,60775,-763.3893749999994,-717.5616874999992,22,0.1510869565217391,4.23,0.64,7,7,-0.001035282806697,1.0005993247032166,0.762668564915657,-3.282464749645303e-05,0.0,0.0,0.0,4,9.906435762604037e-05,9.906435762604037e-05,1.0,ex,l2sq,1411.026745557785,external_pbrs_seed321_t480k,external_pbrs,480000,0.12661458333333334,0.35,0.35,0.001035282806697,3.282464749645303e-05
2026-06-05T12:38:21.008105,56,61797,-702.6549999999992,-702.6549999999992,33,0.1494565217391304,4.09,0.64,6,7,-0.0022089709047578,0.9740849509835244,0.7585131749510765,0.0004429203538165,0.0,0.0,0.0,4,9.904949846771824e-05,9.904949846771824e-05,1.0,ex,l2sq,1435.3262598514557,external_pbrs_seed321_t480k,external_pbrs,480000,0.12874375,0.35,0.3,0.0022089709047578,0.0004429203538165
2026-06-05T12:38:42.313761,57,62831,-685.8093749999997,-694.2321874999994,22,0.1470108695652174,4.045,0.63,7,7,-0.001831043544007,0.9718284606933594,0.7582610845565796,0.0001849273932748,0.0001953125029103,0.0,0.0,4,9.902968955851968e-05,9.902968955851968e-05,1.0,ex,l2sq,1456.631883144379,external_pbrs_seed321_t480k,external_pbrs,480000,0.13089791666666667,0.35,0.35,0.001831043544007,0.0001849273932748
2026-06-05T12:39:07.755655,58,63903,-638.8256249999984,-638.8256249999984,32,0.1491847826086956,4.005,0.63,6,7,-0.001752634390141,0.9884845614433287,0.7716728001832962,0.0003567717067198,0.0,0.0,0.0,4,9.901483535267252e-05,9.901483535267252e-05,1.0,ex,l2sq,1482.0738554000854,external_pbrs_seed321_t480k,external_pbrs,480000,0.13313125,0.35,0.3,0.001752634390141,0.0003567717067198
2026-06-05T12:39:28.631400,59,64937,-687.4019999999989,-663.1138124999986,34,0.152445652173913,4.04,0.65,7,7,-0.0021395631236373,0.9845866784453392,0.7430046796798706,0.0006996698088698,0.0,0.0,0.0,4,9.89999836224438e-05,9.89999836224438e-05,1.0,ex,l2sq,1502.949506998062,external_pbrs_seed321_t480k,external_pbrs,480000,0.13528541666666666,0.35,0.35,0.0021395631236373,0.0006996698088698
2026-06-05T12:39:55.187411,60,66018,-662.3522499999988,-662.3522499999988,37,0.1554347826086956,3.9,0.62,6,7,-0.0019632835508673,0.9642543494701384,0.7402516156435013,0.0002844793218173,0.0,0.0,0.0,4,9.898018461571916e-05,9.898018461571916e-05,1.0,ex,l2sq,1529.5055401325226,external_pbrs_seed321_t480k,external_pbrs,480000,0.1375375,0.35,0.3,0.0019632835508673,0.0002844793218173
2026-06-05T12:40:16.566853,61,67052,-638.7397499999981,-650.5459999999985,35,0.1535326086956521,3.765,0.54,7,7,-0.0015553117234958,1.001760557293892,0.7176880836486816,-0.0008632691809906,0.0,0.0,0.0,4,9.896533783548964e-05,9.896533783548964e-05,1.0,ex,l2sq,1550.884955883026,external_pbrs_seed321_t480k,external_pbrs,480000,0.13969166666666666,0.35,0.35,0.0015553117234958,0.0008632691809906
2026-06-05T12:40:55.084151,62,68124,-685.6573749999998,-685.6573749999998,26,0.152445652173913,3.97,0.55,8,8,-0.0016904039875953,0.991732619702816,0.7085450068116188,-0.0004265900217433,0.0,0.0,0.0,4,9.8950493529641e-05,9.8950493529641e-05,1.0,ex,l2sq,1589.4020910263062,external_pbrs_seed321_t480k,external_pbrs,480000,0.141925,0.4,0.4,0.0016904039875953,0.0004265900217433
2026-06-05T12:41:17.836562,63,69261,-703.055374999999,-694.3563749999994,30,0.1502717391304348,4.18,0.6,8,8,-0.0014392037133802,0.9800838977098464,0.7255407348275185,0.0003481727858343,0.0,0.0,0.0,4,9.893070442044005e-05,9.893070442044005e-05,1.0,ex,l2sq,1612.1547009944916,external_pbrs_seed321_t480k,external_pbrs,480000,0.14429375,0.4,0.4,0.0014392037133802,0.0003481727858343
2026-06-05T12:41:50.534746,64,70334,-636.4714999999989,-636.4714999999989,31,0.1516304347826087,4.17,0.53,8,8,-0.0021268934768157,0.960592970252037,0.7143551260232925,-0.000224450193491,0.0,0.0,0.0,4,9.89158650621161e-05,9.89158650621161e-05,1.0,ex,l2sq,1644.8529279232023,external_pbrs_seed321_t480k,external_pbrs,480000,0.14652916666666665,0.4,0.4,0.0021268934768157,0.000224450193491
2026-06-05T12:42:16.945692,65,71421,-665.3439999999986,-650.9077499999987,32,0.1538043478260869,4.245,0.52,8,8,-0.0021606821916065,0.9757106602191924,0.7416950613260269,0.0005472160188219,0.0,0.0,0.0,4,9.89010281769361e-05,9.89010281769361e-05,1.0,ex,l2sq,1671.2637906074524,external_pbrs_seed321_t480k,external_pbrs,480000,0.14879375,0.4,0.4,0.0021606821916065,0.0005472160188219
2026-06-05T12:42:51.548775,66,72464,-707.2332499999985,-707.2332499999985,27,0.1551630434782608,4.27,0.56,8,8,-0.0028630793734919,0.9618561938405036,0.737128771841526,8.333544237756896e-05,0.001953125,0.0,0.0,4,9.8881248960311e-05,9.8881248960311e-05,1.0,ex,l2sq,1705.8669497966766,external_pbrs_seed321_t480k,external_pbrs,480000,0.15096666666666667,0.4,0.4,0.0028630793734919,8.333544237756896e-05
2026-06-05T12:43:13.759583,67,73523,-645.0328749999987,-676.1330624999987,33,0.1576086956521739,4.355,0.55,8,8,-0.0044006080715917,0.9462545812129974,0.7653496414422989,0.0040171000975534,0.0210937501396983,0.0,0.0,4,9.886641702018244e-05,9.886641702018244e-05,1.0,ex,l2sq,1728.0777497291565,external_pbrs_seed321_t480k,external_pbrs,480000,0.15317291666666666,0.4,0.4,0.0044006080715917,0.0040171000975534
2026-06-05T12:43:39.078181,68,74610,-665.5269999999992,-665.5269999999992,28,0.1589673913043478,4.5,0.64,6,8,-0.0013613105053082,0.9979699924588205,0.7794159650802612,0.0004828970335438,0.001562500023283,0.0,0.0,4,9.885158755196148e-05,9.885158755196148e-05,1.0,ex,l2sq,1753.3963792324066,external_pbrs_seed321_t480k,external_pbrs,480000,0.1554375,0.4,0.3,0.0013613105053082,0.0004828970335438
2026-06-05T12:44:01.060519,69,75664,-682.7403749999982,-674.1336874999987,20,0.1578804347826087,4.46,0.67,8,8,-0.0023548432392999,0.9890555068850516,0.7968005612492561,0.0007170528355345,0.0,0.0,0.0,4,9.883181822296698e-05,9.883181822296698e-05,1.0,ex,l2sq,1775.378704786301,external_pbrs_seed321_t480k,external_pbrs,480000,0.15763333333333332,0.4,0.4,0.0023548432392999,0.0007170528355345
2026-06-05T12:44:26.558762,70,76694,-580.8421249999993,-580.8421249999993,36,0.1622282608695652,4.2,0.62,7,8,-0.002398750174325,0.9890972673892976,0.7669824957847595,0.0013346585499675,0.0,0.0,0.0,4,9.881699369732544e-05,9.881699369732544e-05,1.0,ex,l2sq,1800.8769283294678,external_pbrs_seed321_t480k,external_pbrs,480000,0.15977916666666667,0.4,0.35,0.002398750174325,0.0013346585499675
2026-06-05T12:44:48.088549,71,77764,-628.7487499999995,-604.7954374999995,34,0.1625,4.205,0.64,8,8,-0.0019415248756559,0.9595222249627112,0.7492116466164589,0.0001208283720189,0.0003906250058207,0.0,0.0,4,9.88021716423558e-05,9.88021716423558e-05,1.0,ex,l2sq,1822.4067180156708,external_pbrs_seed321_t480k,external_pbrs,480000,0.16200833333333334,0.4,0.4,0.0019415248756559,0.0001208283720189
2026-06-05T12:45:20.427961,72,78831,-620.9088749999981,-620.9088749999981,35,0.1663043478260869,4.43,0.61,9,9,-0.0017997551905863,0.9818336442112924,0.7328592985868454,0.000889280665433,0.0,0.0,0.0,4,9.878241219604904e-05,9.878241219604904e-05,1.0,ex,l2sq,1854.7459390163424,external_pbrs_seed321_t480k,external_pbrs,480000,0.16423125,0.45,0.45,0.0017997551905863,0.000889280665433
2026-06-05T12:45:41.487938,73,79876,-548.8821249999982,-584.8954999999982,38,0.1690217391304347,4.53,0.62,9,9,-0.0023435414594132,0.9855718463659286,0.7193847894668579,-0.0012108525494113,0.0,0.0,0.0,4,9.876759508118805e-05,9.876759508118805e-05,1.0,ex,l2sq,1875.8060891628263,external_pbrs_seed321_t480k,external_pbrs,480000,0.16640833333333332,0.45,0.45,0.0023435414594132,0.0012108525494113
2026-06-05T12:46:07.461171,74,81001,-653.7798749999998,-653.7798749999998,33,0.1679347826086956,4.575,0.6,8,9,-0.002137079858221,0.9935930669307708,0.7213279008865356,0.0010288041616149,0.0,0.0,0.0,4,9.875278043576384e-05,9.875278043576384e-05,1.0,ex,l2sq,1901.7793612480164,external_pbrs_seed321_t480k,external_pbrs,480000,0.16875208333333333,0.45,0.4,0.002137079858221,0.0010288041616149
2026-06-05T12:46:28.682252,75,82052,-584.909624999999,-619.3447499999994,35,0.1714673913043478,4.605,0.58,9,9,-0.002023224523873,0.9559973403811456,0.7235445529222488,-0.0003078483878198,0.0003906250058207,0.0,0.0,4,9.87330308672045e-05,9.87330308672045e-05,1.0,ex,l2sq,1923.000440120697,external_pbrs_seed321_t480k,external_pbrs,480000,0.17094166666666666,0.45,0.45,0.002023224523873,0.0003078483878198
2026-06-05T12:46:53.519644,76,83110,-542.0234999999986,-542.0234999999986,46,0.175,4.65,0.58,6,9,-0.0033089161443058,0.9860882312059402,0.7295582890510559,0.0003524496201862,0.0003906250058207,0.0,0.0,4,9.871822115941934e-05,9.871822115941934e-05,1.0,ex,l2sq,1947.83780503273,external_pbrs_seed321_t480k,external_pbrs,480000,0.17314583333333333,0.45,0.3,0.0033089161443058,0.0003524496201862
2026-06-05T12:47:15.030103,77,84182,-650.8076249999984,-596.4155624999985,32,0.1777173913043478,4.46,0.58,9,9,-0.0017054556927178,0.985354281961918,0.7612758353352547,-0.0007073848060826,0.001562500023283,0.0,0.0,4,9.870341391983654e-05,9.870341391983654e-05,1.0,ex,l2sq,1969.348277807236,external_pbrs_seed321_t480k,external_pbrs,480000,0.17537916666666667,0.45,0.45,0.0017054556927178,0.0007073848060826
2026-06-05T12:47:40.107568,78,85252,-600.3898749999989,-600.3898749999989,38,0.1793478260869565,4.345,0.54,7,9,-0.0037277517345501,0.9731280282139778,0.7544326260685921,0.0014476386617388,0.0101562500058207,0.0,0.0,4,9.868367422408672e-05,9.868367422408672e-05,1.0,ex,l2sq,1994.4257717132568,external_pbrs_seed321_t480k,external_pbrs,480000,0.17760833333333334,0.45,0.35,0.0037277517345501,0.0014476386617388
2026-06-05T12:48:02.122500,79,86288,-585.9363749999985,-593.1631249999987,30,0.1782608695652174,4.34,0.62,9,9,-0.0022316872898955,0.9548500180244446,0.720867931842804,0.0021523998519114,0.0062500000931322,0.0,0.0,4,9.866887191967462e-05,9.866887191967462e-05,1.0,ex,l2sq,2016.440631866455,external_pbrs_seed321_t480k,external_pbrs,480000,0.17976666666666666,0.45,0.45,0.0022316872898955,0.0021523998519114
2026-06-05T12:48:29.496199,80,87361,-601.2338749999981,-601.2338749999981,36,0.1779891304347826,4.34,0.6,5,9,-0.0025270157275373,0.9780929088592528,0.7443064749240875,0.0006157763717055,0.0009765625,0.0,0.0,4,9.865407208223103e-05,9.865407208223103e-05,1.0,ex,l2sq,2043.8143815994265,external_pbrs_seed321_t480k,external_pbrs,480000,0.18200208333333334,0.45,0.25,0.0025270157275373,0.0006157763717055
2026-06-05T12:48:51.264597,81,88451,-586.7459999999982,-593.9899374999982,29,0.1763586956521739,4.245,0.64,9,9,-0.0035444693028694,1.006324402987957,0.7670513838529587,0.0022121271576906,0.0093750002415617,0.0,0.0,4,9.863434225435531e-05,9.863434225435531e-05,1.0,ex,l2sq,2065.58279132843,external_pbrs_seed321_t480k,external_pbrs,480000,0.18427291666666668,0.45,0.45,0.0035444693028694,0.0022121271576906
2026-06-05T12:49:16.474418,82,89532,-675.4987499999991,-675.4987499999991,26,0.1763586956521739,4.26,0.66,3,9,-0.0018718809151323,1.0039849281311035,0.7456644177436829,-0.0008447516847809,0.0011718750465661,0.0,0.0,4,9.861954734961534e-05,9.861954734961534e-05,1.0,ex,l2sq,2090.7925460338597,external_pbrs_seed321_t480k,external_pbrs,480000,0.186525,0.45,0.15,0.0018718809151323,0.0008447516847809
2026-06-05T12:49:38.002297,83,90570,-560.8118749999992,-618.1553124999991,32,0.1769021739130434,4.165,0.65,9,9,-0.0034383498539682,1.0075781866908071,0.7445273920893669,0.0002764019372989,0.0013671875058207,0.0,0.0,4,9.860475491061065e-05,9.860475491061065e-05,1.0,ex,l2sq,2112.320454597473,external_pbrs_seed321_t480k,external_pbrs,480000,0.1886875,0.45,0.45,0.0034383498539682,0.0002764019372989
2026-06-05T12:50:05.905294,84,91727,-686.6657499999997,-686.6657499999997,26,0.1755434782608695,4.185,0.62,4,9,-0.0036544870759825,1.009526550769806,0.7463911548256874,0.0016656783882353,0.0150390630587935,0.0,0.0,4,9.858503494567608e-05,9.858503494567608e-05,1.0,ex,l2sq,2140.223494291305,external_pbrs_seed321_t480k,external_pbrs,480000,0.19109791666666667,0.45,0.2,0.0036544870759825,0.0016656783882353
2026-06-05T12:50:28.709694,85,92824,-634.7348749999999,-660.7003124999998,30,0.175,4.225,0.71,9,9,-0.0035433949524304,0.9882919639348984,0.7559749335050583,0.000303810976402,0.016015625471482,0.0,0.0,4,9.85653189245373e-05,9.85653189245373e-05,1.0,ex,l2sq,2163.027838945389,external_pbrs_seed321_t480k,external_pbrs,480000,0.19338333333333332,0.45,0.45,0.0035433949524304,0.000303810976402
2026-06-05T12:50:53.272919,86,93851,-526.1393749999982,-526.1393749999982,47,0.1804347826086956,4.07,0.71,4,9,-0.0022018019924871,0.9904081076383592,0.7593570649623871,-5.08680161146885e-05,0.0,0.0,0.0,4,9.855053437312424e-05,9.855053437312424e-05,1.0,ex,l2sq,2187.5911164283752,external_pbrs_seed321_t480k,external_pbrs,480000,0.19552291666666666,0.45,0.2,0.0022018019924871,5.08680161146885e-05
2026-06-05T12:51:16.443891,87,94968,-662.999999999999,-594.5696874999985,28,0.1790760869565217,4.14,0.62,9,9,-0.0023666396853514,0.9963800460100174,0.7149976789951324,9.771594341145828e-05,0.0005859375087311,0.0,0.0,4,9.853575228572096e-05,9.853575228572096e-05,1.0,ex,l2sq,2210.762048959732,external_pbrs_seed321_t480k,external_pbrs,480000,0.19785,0.45,0.45,0.0023666396853514,9.771594341145828e-05
2026-06-05T12:51:39.566417,88,95923,-451.0254999999983,-451.0254999999983,41,0.1826086956521739,4.065,0.6,4,9,-0.002801397530129,1.006146788597107,0.7283387333154678,-0.00031635332125,0.0,0.0,0.0,4,9.85209721692298e-05,9.85209721692298e-05,1.0,ex,l2sq,2233.8846175670624,external_pbrs_seed321_t480k,external_pbrs,480000,0.19983958333333332,0.45,0.2,0.002801397530129,0.00031635332125
2026-06-05T12:52:00.429545,89,96949,-559.5211249999982,-505.2733124999983,31,0.1855978260869565,4.095,0.58,9,9,-0.0033621973823755,0.9974537268280984,0.7150607109069824,0.0010973737429594,0.0007812500116415,0.0,0.0,4,9.850619451600928e-05,9.850619451600928e-05,1.0,ex,l2sq,2254.74768614769,external_pbrs_seed321_t480k,external_pbrs,480000,0.20197708333333333,0.45,0.45,0.0033621973823755,0.0010973737429594
2026-06-05T12:52:26.793000,90,98033,-595.2019999999989,-595.2019999999989,35,0.1853260869565217,4.065,0.51,6,9,-0.0018547412299085,0.9786370545625688,0.690557636320591,0.0001296259561058,0.0,0.0,0.0,4,9.848649426216802e-05,9.848649426216802e-05,1.0,ex,l2sq,2281.1111874580383,external_pbrs_seed321_t480k,external_pbrs,480000,0.20423541666666667,0.45,0.3,0.0018547412299085,0.0001296259561058
2026-06-05T12:52:48.078020,91,99072,-556.6038749999988,-575.9029374999989,35,0.1855978260869565,4.15,0.43,9,9,-0.0023799091461114,0.9934907108545304,0.719518169760704,0.000826993499868,0.0,0.0,0.0,4,9.847172153425724e-05,9.847172153425724e-05,1.0,ex,l2sq,2302.3961169719696,external_pbrs_seed321_t480k,external_pbrs,480000,0.2064,0.45,0.45,0.0023799091461114,0.000826993499868
2026-06-05T12:53:14.663457,92,100184,-567.2206249999986,-567.2206249999986,38,0.1864130434782608,4.125,0.42,3,9,-0.0025879946289932,0.9741364344954492,0.6763207614421844,0.0006805049876675,0.0,0.0,0.0,4,9.845695126838573e-05,9.845695126838573e-05,1.0,ex,l2sq,2328.9816551208496,external_pbrs_seed321_t480k,external_pbrs,480000,0.20871666666666666,0.45,0.15,0.0025879946289932,0.0006805049876675
2026-06-05T12:53:36.591221,93,101282,-661.6644999999992,-614.4425624999989,27,0.1834239130434782,4.075,0.48,9,9,-0.0021842219619429,1.0071208626031876,0.6593782156705856,0.0010259969040362,0.0003906250058207,0.0,0.0,4,9.843726086270156e-05,9.843726086270156e-05,1.0,ex,l2sq,2350.909412622452,external_pbrs_seed321_t480k,external_pbrs,480000,0.21100416666666666,0.45,0.45,0.0021842219619429,0.0010259969040362
2026-06-05T12:54:02.234497,94,102387,-612.8504999999985,-612.8504999999985,30,0.1826086956521739,4.36,0.58,4,9,-0.0023014613310806,0.9798296689987184,0.6679059416055679,0.0014037408385774,0.0,0.0,0.0,4,9.842249551967762e-05,9.842249551967762e-05,1.0,ex,l2sq,2376.552681684494,external_pbrs_seed321_t480k,external_pbrs,480000,0.21330625,0.45,0.2,0.0023014613310806,0.0014037408385774
2026-06-05T12:54:24.962376,95,103518,-570.8471249999989,-591.8488124999988,37,0.1831521739130434,4.535,0.55,9,9,-0.0021514142572414,1.0088611394166946,0.6753755435347557,0.000620952085319,0.0,0.0,0.0,4,9.840773263746215e-05,9.840773263746215e-05,1.0,ex,l2sq,2399.2805314064026,external_pbrs_seed321_t480k,external_pbrs,480000,0.2156625,0.45,0.45,0.0021514142572414,0.000620952085319
2026-06-05T12:54:50.555499,96,104609,-546.8564999999978,-546.8564999999978,41,0.1817934782608695,4.5,0.56,3,9,-0.0019681092853715,0.9793002679944038,0.6419913172721863,0.0003643501235273,0.0007812500116415,0.0,0.0,4,9.838805207501198e-05,9.838805207501198e-05,1.0,ex,l2sq,2424.8736984729767,external_pbrs_seed321_t480k,external_pbrs,480000,0.21793541666666666,0.45,0.15,0.0019681092853715,0.0003643501235273
2026-06-05T12:55:11.761163,97,105656,-543.0428749999984,-544.9496874999982,42,0.1845108695652174,4.66,0.55,9,9,-0.0024997134009027,0.991162084043026,0.6719806417822838,0.0006353315424348,0.0009765625,0.0,0.0,4,9.83683754484775e-05,9.83683754484775e-05,1.0,ex,l2sq,2446.0793159008026,external_pbrs_seed321_t480k,external_pbrs,480000,0.22011666666666665,0.45,0.45,0.0024997134009027,0.0006353315424348
2026-06-05T12:55:38.005780,98,106753,-516.9238749999975,-516.9238749999975,39,0.1847826086956521,4.615,0.51,5,9,-0.0015697867085691,1.0055313110351562,0.6652471870183945,0.0031726037421321,0.0023437500931322,0.0,0.0,4,9.835362043809348e-05,9.835362043809348e-05,1.0,ex,l2sq,2472.323972940445,external_pbrs_seed321_t480k,external_pbrs,480000,0.22240208333333333,0.45,0.25,0.0015697867085691,0.0031726037421321
2026-06-05T12:55:58.620243,99,107751,-599.0102499999994,-557.9670624999984,29,0.1845108695652174,4.45,0.42,9,9,-0.0027945338450081,0.996604971587658,0.6524155363440514,0.0006325140699118,0.0001953125029103,0.0,0.0,4,9.833886788679586e-05,9.833886788679586e-05,1.0,ex,l2sq,2492.93843626976,external_pbrs_seed321_t480k,external_pbrs,480000,0.22448125,0.45,0.45,0.0027945338450081,0.0006325140699118
2026-06-05T12:56:24.949915,100,108775,-543.888374999999,-543.888374999999,41,0.1858695652173913,4.27,0.42,5,9,-0.0022242367936997,0.9956482350826265,0.6488076150417328,0.0007052213099086,0.0,0.0,0.0,4,9.83241173024723e-05,9.83241173024723e-05,1.0,ex,l2sq,2519.2680444717407,external_pbrs_seed321_t480k,external_pbrs,480000,0.22661458333333334,0.45,0.25,0.0022242367936997,0.0007052213099086
2026-06-05T12:56:48.192717,101,109858,-569.6241249999983,-556.7562499999987,41,0.1891304347826087,4.405,0.44,9,9,-0.0037067708268296,0.998658500611782,0.6490655764937401,0.0011489339682157,0.0064453125087311,0.0,0.0,4,9.830936917649752e-05,9.830936917649752e-05,1.0,ex,l2sq,2542.510814189911,external_pbrs_seed321_t480k,external_pbrs,480000,0.22887083333333333,0.45,0.45,0.0037067708268296,0.0011489339682157
2026-06-05T12:57:14.788152,102,110967,-594.8372499999989,-594.8372499999989,32,0.1907608695652174,4.3,0.41,6,9,-0.0018458798702341,0.9872565865516664,0.6293541118502617,0.000129284610557,0.0001953125029103,0.0,0.0,4,9.82897082857559e-05,9.82897082857559e-05,1.0,ex,l2sq,2569.1062812805176,external_pbrs_seed321_t480k,external_pbrs,480000,0.23118125,0.45,0.3,0.0018458798702341,0.000129284610557
2026-06-05T12:57:36.765799,103,112010,-569.4207499999985,-582.1289999999988,32,0.1907608695652174,4.165,0.33,9,9,-0.00351563692966,0.9983862340450288,0.6252244189381599,0.003142902284344,0.0037109376426087,0.0,0.0,4,9.827005132699584e-05,9.827005132699584e-05,1.0,ex,l2sq,2591.083969354629,external_pbrs_seed321_t480k,external_pbrs,480000,0.23335416666666667,0.45,0.45,0.00351563692966,0.003142902284344
2026-06-05T12:58:01.057043,104,113037,-515.9892499999983,-515.9892499999983,47,0.1964673913043478,4.255,0.24,8,9,-0.0021665454987669,0.9874599725008012,0.6066215187311172,-9.306883766839467e-05,0.0027343749534338,0.0,0.0,4,9.82553110649842e-05,9.82553110649842e-05,1.0,ex,l2sq,2615.3751978874207,external_pbrs_seed321_t480k,external_pbrs,480000,0.23549375,0.45,0.4,0.0021665454987669,9.306883766839467e-05
2026-06-05T12:58:22.357138,105,114094,-555.4057499999984,-535.6974999999984,38,0.1986413043478261,4.38,0.25,9,9,-0.0028651331580477,0.9683749452233316,0.5684187486767769,0.0030687488344483,0.004296875122236,0.0,0.0,4,9.8240573259601e-05,9.8240573259601e-05,1.0,ex,l2sq,2636.675312519073,external_pbrs_seed321_t480k,external_pbrs,480000,0.23769583333333333,0.45,0.45,0.0028651331580477,0.0030687488344483
2026-06-05T12:58:45.775828,106,115089,-463.561124999998,-463.561124999998,50,0.1994565217391304,4.335,0.3,8,9,-0.001628968159639,0.9530478268861772,0.5877787470817566,0.0010464953998962,0.0,0.0,0.0,4,9.82258374192258e-05,9.82258374192258e-05,1.0,ex,l2sq,2660.0940408706665,external_pbrs_seed321_t480k,external_pbrs,480000,0.23976875,0.45,0.4,0.001628968159639,0.0010464953998962
2026-06-05T12:59:08.344189,107,116184,-648.7782499999992,-556.1696874999985,33,0.2008152173913043,4.48,0.28,9,9,-0.0031629335499019,0.9947252571582794,0.576388992369175,0.0013100293414027,0.0042968751658918,0.0,0.0,4,9.82111040347421e-05,9.82111040347421e-05,1.0,ex,l2sq,2682.662349700928,external_pbrs_seed321_t480k,external_pbrs,480000,0.24205,0.45,0.45,0.0031629335499019,0.0013100293414027
2026-06-05T12:59:34.359867,108,117273,-647.1741249999984,-647.1741249999984,32,0.1983695652173913,4.635,0.36,7,9,-0.001971340089949,0.9802199453115464,0.6127712205052376,0.001099260803312,0.0015624999796273,0.0,0.0,4,9.81914627960462e-05,9.81914627960462e-05,1.0,ex,l2sq,2708.6780598163605,external_pbrs_seed321_t480k,external_pbrs,480000,0.24431875,0.45,0.35,0.001971340089949,0.001099260803312
2026-06-05T12:59:55.693155,109,118313,-581.2604999999998,-614.217312499999,44,0.2019021739130434,4.615,0.41,9,9,-0.0029426560562569,0.9659111648797988,0.5771220326423645,0.0013944491598522,0.001953125,0.0,0.0,4,9.817673432211772e-05,9.817673432211772e-05,1.0,ex,l2sq,2730.011344194412,external_pbrs_seed321_t480k,external_pbrs,480000,0.24648541666666668,0.45,0.45,0.0029426560562569,0.0013944491598522
2026-06-05T13:00:22.136062,110,119366,-496.436999999998,-496.436999999998,50,0.2059782608695652,4.445,0.39,5,9,-0.0026445180497833,0.9750561490654944,0.5896218866109848,0.0013371219390136,0.0005859375087311,0.0,0.0,4,9.816200830285306e-05,9.816200830285306e-05,1.0,ex,l2sq,2756.454179525376,external_pbrs_seed321_t480k,external_pbrs,480000,0.24867916666666667,0.45,0.25,0.0026445180497833,0.0013371219390136
2026-06-05T13:00:44.020980,111,120426,-547.4493749999988,-521.9431874999984,38,0.2067934782608695,4.52,0.38,9,9,-0.0022706773379468,0.9743886590003968,0.5665347427129745,0.0010277114989548,0.0011718750465661,0.0,0.0,4,9.814237688281258e-05,9.814237688281258e-05,1.0,ex,l2sq,2778.339091777801,external_pbrs_seed321_t480k,external_pbrs,480000,0.2508875,0.45,0.45,0.0022706773379468,0.0010277114989548
2026-06-05T13:01:08.570538,112,121484,-617.0721249999988,-617.0721249999988,31,0.2048913043478261,4.475,0.39,6,9,-0.002746416645823,0.9980172961950302,0.5847856998443604,0.0014281059291534,0.0035156251396983,0.0,0.0,4,9.812765577164836e-05,9.812765577164836e-05,1.0,ex,l2sq,2802.8887174129486,external_pbrs_seed321_t480k,external_pbrs,480000,0.25309166666666666,0.45,0.3,0.002746416645823,0.0014281059291534
2026-06-05T13:01:29.203404,113,122514,-499.1543749999983,-558.1132499999985,39,0.2081521739130434,4.375,0.36,9,9,-0.0025340456675622,0.96133491396904,0.5528811737895012,0.0014339978326461,0.0031250000465661,0.0,0.0,4,9.811293711392093e-05,9.811293711392093e-05,1.0,ex,l2sq,2823.5215198993683,external_pbrs_seed321_t480k,external_pbrs,480000,0.2552375,0.45,0.45,0.0025340456675622,0.0014339978326461
2026-06-05T13:01:54.788023,114,123577,-541.726249999999,-541.726249999999,43,0.2116847826086956,4.46,0.41,6,9,-0.0020408817190398,0.9617534577846528,0.5554477572441101,0.0006170753013066,0.0021484375029103,0.0,0.0,4,9.80933155076275e-05,9.80933155076275e-05,1.0,ex,l2sq,2849.106240510941,external_pbrs_seed321_t480k,external_pbrs,480000,0.25745208333333336,0.45,0.3,0.0020408817190398,0.0006170753013066
2026-06-05T13:02:15.898857,115,124637,-549.0021249999984,-545.3641874999987,41,0.2127717391304348,4.58,0.48,9,9,-0.0035640389833133,1.0009582191705704,0.5654876232147217,-8.645881171104319e-05,0.001953125,0.0,0.0,4,9.80786017555469e-05,9.80786017555469e-05,1.0,ex,l2sq,2870.2170305252075,external_pbrs_seed321_t480k,external_pbrs,480000,0.25966041666666667,0.45,0.45,0.0035640389833133,8.645881171104319e-05
2026-06-05T13:02:41.149144,116,125724,-504.2362499999984,-504.2362499999984,52,0.2157608695652174,4.625,0.45,7,9,-0.0033846012986032,0.9486868306994438,0.5688741877675056,0.0011492428521705,0.0048828126164153,0.0,0.0,4,9.806389045567656e-05,9.806389045567656e-05,1.0,ex,l2sq,2895.467339515686,external_pbrs_seed321_t480k,external_pbrs,480000,0.261925,0.45,0.35,0.0033846012986032,0.0011492428521705
2026-06-05T13:03:03.084096,117,126816,-519.9731249999983,-512.1046874999984,45,0.2165760869565217,4.705,0.45,9,9,-0.0030528411385601,0.9951130822300912,0.5668564140796661,-0.0005398893181336,0.0099609376047737,0.0,0.0,4,9.804427865822436e-05,9.804427865822436e-05,1.0,ex,l2sq,2917.4022936820984,external_pbrs_seed321_t480k,external_pbrs,480000,0.2642,0.45,0.45,0.0030528411385601,0.0005398893181336
2026-06-05T13:03:27.248882,118,127839,-542.3187499999983,-542.3187499999983,40,0.2168478260869565,4.65,0.46,7,9,-0.0026102237345182,0.9730726927518843,0.5814650356769562,0.000266835745424,0.0007812500116415,0.0,0.0,4,9.802957226154857e-05,9.802957226154857e-05,1.0,ex,l2sq,2941.567063808441,external_pbrs_seed321_t480k,external_pbrs,480000,0.26633125,0.45,0.35,0.0026102237345182,0.000266835745424
2026-06-05T13:03:49.368885,119,128944,-597.1182499999993,-569.7184999999988,32,0.2176630434782608,4.66,0.41,9,9,-0.0029356789396843,1.0017329901456833,0.5801736041903496,0.000890157102458,0.0025390625523868,0.0,0.0,4,9.80148683158572e-05,9.80148683158572e-05,1.0,ex,l2sq,2963.687059402466,external_pbrs_seed321_t480k,external_pbrs,480000,0.26863333333333334,0.45,0.45,0.0029356789396843,0.000890157102458
2026-06-05T13:04:27.578454,120,130015,-525.3327499999987,-525.3327499999987,41,0.2176630434782608,4.54,0.38,10,10,-0.003658645262476,0.9680299237370492,0.6157406345009804,0.0020900305611576,0.0103515627561137,0.0,0.0,4,9.79952663223427e-05,9.79952663223427e-05,1.0,ex,l2sq,3001.896493911743,external_pbrs_seed321_t480k,external_pbrs,480000,0.27086458333333335,0.5,0.5,0.003658645262476,0.0020900305611576
2026-06-05T13:04:49.466530,121,131078,-483.4578749999976,-504.3953124999981,45,0.21875,4.62,0.41,10,10,-0.0046876110252924,0.988365724682808,0.6497389078140259,0.001769018230334,0.0105468751862645,0.0,0.0,4,9.798056727739478e-05,9.798056727739478e-05,1.0,ex,l2sq,3023.784636735916,external_pbrs_seed321_t480k,external_pbrs,480000,0.27307916666666665,0.5,0.5,0.0046876110252924,0.001769018230334
2026-06-05T13:05:13.490949,122,132112,-505.129874999998,-505.129874999998,39,0.2206521739130434,4.56,0.4,9,10,-0.0017615782489883,0.9975893571972848,0.6087354645133018,-6.953271513332471e-05,0.0001953125029103,0.0,0.0,4,9.7965870682206e-05,9.7965870682206e-05,1.0,ex,l2sq,3047.8090982437134,external_pbrs_seed321_t480k,external_pbrs,480000,0.27523333333333333,0.5,0.45,0.0017615782489883,6.953271513332471e-05
2026-06-05T13:05:35.024744,123,133194,-534.0393749999981,-519.584624999998,46,0.2244565217391304,4.77,0.44,10,10,-0.0027723941093427,0.9717007949948312,0.6231132224202156,0.0015129422692552,0.0001953125029103,0.0,0.0,4,9.794627848772828e-05,9.794627848772828e-05,1.0,ex,l2sq,3069.3428926467896,external_pbrs_seed321_t480k,external_pbrs,480000,0.2774875,0.5,0.5,0.0027723941093427,0.0015129422692552
2026-06-05T13:05:58.581474,124,134212,-460.2718749999984,-460.2718749999984,48,0.2247282608695652,4.635,0.36,8,10,-0.0016907863231608,0.9927915930747986,0.5600915551185608,-1.1525858107576392e-05,0.0,0.0,0.0,4,9.793158679083304e-05,9.793158679083304e-05,1.0,ex,l2sq,3092.899626731873,external_pbrs_seed321_t480k,external_pbrs,480000,0.27960833333333335,0.5,0.4,0.0016907863231608,1.1525858107576392e-05
2026-06-05T13:06:19.522904,125,135267,-495.7316249999978,-478.0017499999981,47,0.2271739130434782,4.64,0.38,10,10,-0.0032520351000129,0.95740507543087,0.5981629341840744,0.0005501523840848,0.0009765625145519,0.0,0.0,4,9.791689754247235e-05,9.791689754247235e-05,1.0,ex,l2sq,3113.841089010238,external_pbrs_seed321_t480k,external_pbrs,480000,0.28180625,0.5,0.5,0.0032520351000129,0.0005501523840848
2026-06-05T13:06:52.442300,126,136358,-513.5158749999981,-513.5158749999981,43,0.2252717391304347,4.765,0.27,11,11,-0.0032412224391009,0.9823556765913964,0.5955708473920822,0.0010680339072678,0.0044921876688022,0.0,0.0,4,9.789731514213284e-05,9.789731514213284e-05,1.0,ex,l2sq,3146.7602791786194,external_pbrs_seed321_t480k,external_pbrs,480000,0.28407916666666666,0.55,0.55,0.0032412224391009,0.0010680339072678
2026-06-05T13:07:13.801614,127,137431,-491.8662499999973,-502.6910624999977,43,0.2279891304347826,4.655,0.25,11,11,-0.0030499160755426,0.9782194048166276,0.5842403918504715,0.0025958613558032,0.007421875197906,0.0,0.0,4,9.788263078961706e-05,9.788263078961706e-05,1.0,ex,l2sq,3168.1197731494904,external_pbrs_seed321_t480k,external_pbrs,480000,0.2863145833333333,0.55,0.55,0.0030499160755426,0.0025958613558032
2026-06-05T13:07:37.648519,128,138453,-556.8318749999991,-556.8318749999991,36,0.2290760869565217,4.535,0.19,10,11,-0.0023226742137922,0.9788903370499612,0.5924959182739258,0.0009673179127275,0.0,0.0,0.0,4,9.786794888441176e-05,9.786794888441176e-05,1.0,ex,l2sq,3191.9667127132416,external_pbrs_seed321_t480k,external_pbrs,480000,0.28844375,0.55,0.5,0.0023226742137922,0.0009673179127275
2026-06-05T13:07:57.823659,129,139463,-434.511124999998,-495.67149999999856,49,0.2304347826086956,4.73,0.28,11,11,-0.0028361436969135,0.9957474172115326,0.5999084711074829,0.0005890608452319,0.0007812500116415,0.0,0.0,4,9.785326893676122e-05,9.785326893676122e-05,1.0,ex,l2sq,3212.1418533325195,external_pbrs_seed321_t480k,external_pbrs,480000,0.2905479166666667,0.55,0.55,0.0028361436969135,0.0005890608452319
2026-06-05T13:08:25.279777,130,140507,-454.2317499999983,-454.2317499999983,51,0.2307065217391304,4.74,0.28,8,11,-0.0027190428983885,0.9851882010698318,0.57949498295784,0.0005287906096782,0.0015625000523868,0.0,0.0,4,9.783859143568704e-05,9.783859143568704e-05,1.0,ex,l2sq,3239.59791970253,external_pbrs_seed321_t480k,external_pbrs,480000,0.29272291666666667,0.55,0.4,0.0027190428983885,0.0005287906096782
2026-06-05T13:08:47.822218,131,141554,-474.39999999999793,-464.3158749999981,36,0.2301630434782608,4.715,0.29,11,11,-0.0024800906641755,0.991887629032135,0.5590836852788925,0.0011528906534294,0.0023437500640284,0.0,0.0,4,9.781902469578584e-05,9.781902469578584e-05,1.0,ex,l2sq,3262.1403980255127,external_pbrs_seed321_t480k,external_pbrs,480000,0.2949041666666667,0.55,0.55,0.0024800906641755,0.0011528906534294
2026-06-05T13:09:13.956754,132,142604,-501.2519999999981,-501.2519999999981,45,0.2339673913043478,4.585,0.33,10,11,-0.003732322982978,0.966941863298416,0.5586528182029724,-0.0005146467781742,0.0046875001862645,0.0,0.0,4,9.780435208664128e-05,9.780435208664128e-05,1.0,ex,l2sq,3288.274933576584,external_pbrs_seed321_t480k,external_pbrs,480000,0.29709166666666664,0.55,0.5,0.003732322982978,0.0005146467781742
2026-06-05T13:09:36.809681,133,143688,-588.8551249999986,-545.0535624999984,41,0.2345108695652173,4.615,0.32,11,11,-0.0029748454515357,1.0111892595887184,0.5534639656543732,0.0022287246220912,0.0035156250960426,0.0,0.0,4,9.778968192285004e-05,9.778968192285004e-05,1.0,ex,l2sq,3311.1278636455536,external_pbrs_seed321_t480k,external_pbrs,480000,0.29935,0.55,0.55,0.0029748454515357,0.0022287246220912
2026-06-05T13:10:02.646892,134,144757,-531.1862499999983,-531.1862499999983,33,0.2317934782608695,4.63,0.3,5,11,-0.0015399165568055,0.996515616774559,0.5458215922117233,0.0004197119036689,0.0,0.0,0.0,4,9.777012496436228e-05,9.777012496436228e-05,1.0,ex,l2sq,3336.9650905132294,external_pbrs_seed321_t480k,external_pbrs,480000,0.30157708333333333,0.55,0.25,0.0015399165568055,0.0004197119036689
2026-06-05T13:10:23.770840,135,145818,-527.4467499999985,-529.3164999999983,35,0.2301630434782608,4.705,0.28,11,11,-0.0066480904119092,0.9778054356575012,0.554617315530777,0.000988904667065,0.0070312501047737,0.0,0.0,4,9.775545969005516e-05,9.775545969005516e-05,1.0,ex,l2sq,3358.089037656784,external_pbrs_seed321_t480k,external_pbrs,480000,0.3037875,0.55,0.55,0.0066480904119092,0.000988904667065
2026-06-05T13:10:51.129208,136,146963,-632.5549999999989,-632.5549999999989,30,0.2241847826086956,4.72,0.28,6,11,-0.0027897801672225,0.98248453438282,0.5570377185940742,0.0028912711424709,0.0085937500698491,0.0,0.0,4,9.774079685987895e-05,9.774079685987895e-05,1.0,ex,l2sq,3385.4473762512207,external_pbrs_seed321_t480k,external_pbrs,480000,0.3061729166666667,0.55,0.3,0.0027897801672225,0.0028912711424709
2026-06-05T13:11:12.631811,137,148008,-457.3873749999979,-544.9711874999985,45,0.2241847826086956,4.895,0.33,11,11,-0.0049292431795038,0.9818275794386864,0.5985915213823318,0.0019081423708485,0.012304687872529,0.0,0.0,4,9.772124967791496e-05,9.772124967791496e-05,1.0,ex,l2sq,3406.9499695301056,external_pbrs_seed321_t480k,external_pbrs,480000,0.30835,0.55,0.55,0.0049292431795038,0.0019081423708485
2026-06-05T13:11:38.694378,138,149093,-496.08537499999767,-496.08537499999767,42,0.2247282608695652,5.075,0.28,9,11,-0.0035476834396832,0.9975790232419968,0.5489915162324905,0.0011721073955413,0.0066406249534338,0.0,0.0,4,9.77065917347786e-05,9.77065917347786e-05,1.0,ex,l2sq,3433.0125806331635,external_pbrs_seed321_t480k,external_pbrs,480000,0.31061041666666667,0.55,0.45,0.0035476834396832,0.0011721073955413
2026-06-05T13:12:00.049657,139,150161,-509.9706249999981,-503.02799999999786,50,0.2296195652173913,5.185,0.32,11,11,-0.0022089690242864,1.006514772772789,0.5264519676566124,0.0005125540187236,0.003710937598953,0.0,0.0,4,9.769193623455136e-05,9.769193623455136e-05,1.0,ex,l2sq,3454.3678035736084,external_pbrs_seed321_t480k,external_pbrs,480000,0.31283541666666664,0.55,0.55,0.0022089690242864,0.0005125540187236
2026-06-05T13:12:26.397763,140,151234,-522.8324999999986,-522.8324999999986,42,0.2298913043478261,5.02,0.38,8,11,-0.0039109976001782,1.007656067609787,0.5515211522579193,0.0007820114644346,0.0091796876513399,0.0,0.0,4,9.767239882422382e-05,9.767239882422382e-05,1.0,ex,l2sq,3480.715922355652,external_pbrs_seed321_t480k,external_pbrs,480000,0.31507083333333336,0.55,0.4,0.0039109976001782,0.0007820114644346
2026-06-05T13:12:49.114747,141,152322,-527.7896249999986,-525.3110624999986,44,0.2296195652173913,5.095,0.37,11,11,-0.0022095188862293,0.9969103410840034,0.5633306950330734,0.0012357678331682,0.002734375098953,0.0,0.0,4,9.765286532118296e-05,9.765286532118296e-05,1.0,ex,l2sq,3503.432882785797,external_pbrs_seed321_t480k,external_pbrs,480000,0.3173375,0.55,0.55,0.0022095188862293,0.0012357678331682
2026-06-05T13:13:14.603773,142,153428,-530.9507499999977,-530.9507499999977,36,0.2288043478260869,5.155,0.37,8,11,-0.0019894198339898,0.9859150052070618,0.5208638608455658,0.0018483580988686,0.0070312501047737,0.0,0.0,4,9.763821763552916e-05,9.763821763552916e-05,1.0,ex,l2sq,3528.9219195842743,external_pbrs_seed321_t480k,external_pbrs,480000,0.31964166666666666,0.55,0.4,0.0019894198339898,0.0018483580988686
2026-06-05T13:13:35.891434,143,154495,-468.2603749999986,-499.6055624999981,48,0.2293478260869565,5.095,0.33,11,11,-0.0027232084874412,0.9684446603059768,0.5113070793449879,-0.0010672068060557,0.0027343749534338,0.0,0.0,4,9.762357239107492e-05,9.762357239107492e-05,1.0,ex,l2sq,3550.209593772888,external_pbrs_seed321_t480k,external_pbrs,480000,0.32186458333333334,0.55,0.55,0.0027232084874412,0.0010672068060557
2026-06-05T13:14:01.732935,144,155591,-540.7146249999979,-540.7146249999979,43,0.2279891304347826,5.175,0.42,10,11,-0.0019381757825612,1.0036510080099106,0.5341492220759392,0.0005395706364652,0.0,0.0,0.0,4,9.76040486528324e-05,9.76040486528324e-05,1.0,ex,l2sq,3576.051078557968,external_pbrs_seed321_t480k,external_pbrs,480000,0.32414791666666665,0.55,0.5,0.0019381757825612,0.0005395706364652
2026-06-05T13:14:23.619516,145,156661,-595.3427499999993,-568.0286874999986,29,0.2230978260869565,5.17,0.4,11,11,-0.0029073060431983,0.9866745173931122,0.5064128190279007,0.0002233974641059,0.0027343749534338,0.0,0.0,4,9.758940828955682e-05,9.758940828955682e-05,1.0,ex,l2sq,3597.9376232624054,external_pbrs_seed321_t480k,external_pbrs,480000,0.3263770833333333,0.55,0.55,0.0029073060431983,0.0002233974641059
2026-06-05T13:14:48.492343,146,157743,-527.5597499999984,-527.5597499999984,40,0.2222826086956521,5.23,0.37,10,11,-0.0027744382081437,0.9909159019589424,0.5008184015750885,0.0006390893233401,0.0029296875,0.0,0.0,4,9.757477036626045e-05,9.757477036626045e-05,1.0,ex,l2sq,3622.810521602631,external_pbrs_seed321_t480k,external_pbrs,480000,0.32863125,0.55,0.5,0.0027744382081437,0.0006390893233401
2026-06-05T13:15:09.989473,147,158815,-491.3886249999974,-509.4741874999979,40,0.2214673913043478,5.19,0.41,11,11,-0.0023949854585225,0.9843377098441124,0.5073774121701717,0.0013988965233693,0.0068359376455191,0.0,0.0,4,9.755525638793489e-05,9.755525638793489e-05,1.0,ex,l2sq,3644.307598590851,external_pbrs_seed321_t480k,external_pbrs,480000,0.33086458333333335,0.55,0.55,0.0023949854585225,0.0013988965233693
2026-06-05T13:15:34.360988,148,159864,-433.6926249999985,-433.6926249999985,54,0.2263586956521739,5.485,0.44,10,11,-0.0036397607764229,0.9890699088573456,0.4780696481466293,0.0019328738311742,0.004687500098953,0.0,0.0,4,9.7540623343377e-05,9.7540623343377e-05,1.0,ex,l2sq,3668.6791863441463,external_pbrs_seed321_t480k,external_pbrs,480000,0.33305,0.55,0.5,0.0036397607764229,0.0019328738311742
2026-06-05T13:15:55.069573,149,160898,-492.8058749999983,-463.2492499999984,39,0.2236413043478261,5.47,0.36,11,11,-0.0024245970445918,0.9765466153621674,0.4946819767355919,-5.265143481664181e-05,0.0017578124825377,0.0,0.0,4,9.752599273757864e-05,9.752599273757864e-05,1.0,ex,l2sq,3689.3877079486847,external_pbrs_seed321_t480k,external_pbrs,480000,0.3352041666666667,0.55,0.55,0.0024245970445918,5.265143481664181e-05
2026-06-05T13:16:20.568831,150,161940,-456.6552499999985,-456.6552499999985,53,0.2241847826086956,5.415,0.36,10,11,-0.002549003897184,0.9911721423268318,0.5303799584507942,0.0004836611698009,0.0013671875058207,0.0,0.0,4,9.750648851429106e-05,9.750648851429106e-05,1.0,ex,l2sq,3714.887013435364,external_pbrs_seed321_t480k,external_pbrs,480000,0.337375,0.55,0.5,0.002549003897184,0.0004836611698009
2026-06-05T13:16:42.271350,151,163025,-565.7696249999995,-511.2124374999989,40,0.2252717391304347,5.2,0.29,11,11,-0.0030797914077993,1.0081981420516968,0.4910663962364197,0.0014367838994076,0.0023437500931322,0.0,0.0,4,9.749186278479232e-05,9.749186278479232e-05,1.0,ex,l2sq,3736.589495897293,external_pbrs_seed321_t480k,external_pbrs,480000,0.3396354166666667,0.55,0.55,0.0030797914077993,0.0014367838994076
2026-06-05T13:17:25.323068,152,164077,-447.9031249999984,-447.9031249999984,51,0.2269021739130435,5.015,0.26,12,12,-0.0040708314918446,0.9856094047427176,0.4866645336151123,0.0007949454255139,0.0154296879190951,0.0,0.0,4,9.747723949283392e-05,9.747723949283392e-05,1.0,ex,l2sq,3779.64100766182,external_pbrs_seed321_t480k,external_pbrs,480000,0.34182708333333334,0.6,0.6,0.0040708314918446,0.0007949454255139
2026-06-05T13:17:46.618892,153,165125,-484.16649999999873,-466.03481249999857,50,0.2293478260869565,4.845,0.21,12,12,-0.0021925129447481,0.9654055163264276,0.496635727584362,0.0007787579961586,0.0060546875465661,0.0,0.0,4,9.745774501970776e-05,9.745774501970776e-05,1.0,ex,l2sq,3800.9370930194855,external_pbrs_seed321_t480k,external_pbrs,480000,0.34401041666666665,0.6,0.6,0.0021925129447481,0.0007787579961586
2026-06-05T13:18:18.515866,154,166163,-507.8137499999981,-507.8137499999981,38,0.2307065217391304,4.915,0.26,13,13,-0.0008882179827196,1.02328822016716,0.4640375673770904,0.0002837223279129,0.0,0.0,0.0,4,9.744312660161136e-05,9.744312660161136e-05,1.0,ex,l2sq,3832.8338577747354,external_pbrs_seed321_t480k,external_pbrs,480000,0.34617291666666666,0.65,0.65,0.0008882179827196,0.0002837223279129
2026-06-05T13:18:40.800491,155,167273,-553.0422499999983,-530.4279999999982,46,0.233695652173913,5.07,0.26,13,13,-0.0026232659889501,0.9675980061292648,0.4964307993650436,0.0023050230595799,0.0007812500261934,0.0,0.0,4,9.742851061983674e-05,9.742851061983674e-05,1.0,ex,l2sq,3855.1185834407806,external_pbrs_seed321_t480k,external_pbrs,480000,0.34848541666666666,0.65,0.65,0.0026232659889501,0.0023050230595799
2026-06-05T13:19:11.622984,156,168261,-440.5927499999988,-440.5927499999988,48,0.2385869565217391,5.14,0.29,13,13,-0.0018438026338118,1.0384467244148254,0.4745514988899231,-0.0001166289511275,0.0,0.0,0.0,4,9.741389658682724e-05,9.741389658682724e-05,1.0,ex,l2sq,3885.9409697055817,external_pbrs_seed321_t480k,external_pbrs,480000,0.35054375,0.65,0.65,0.0018438026338118,0.0001166289511275
2026-06-05T13:19:33.294268,157,169345,-623.3583749999985,-531.9755624999987,31,0.2347826086956521,5.21,0.27,13,13,-0.002011230240896,0.9893357679247856,0.4911733381450176,0.0001168522525404,0.0,0.0,0.0,4,9.73992849894087e-05,9.73992849894087e-05,1.0,ex,l2sq,3907.61243891716,external_pbrs_seed321_t480k,external_pbrs,480000,0.35280208333333335,0.65,0.65,0.002011230240896,0.0001168522525404
2026-06-05T13:20:13.275903,158,170444,-524.345999999998,-524.345999999998,48,0.2364130434782608,5.315,0.27,13,13,-0.0021594218036625,0.986284963786602,0.4681303910911083,0.0001739969769914,0.0,0.0,0.0,4,9.737980610640366e-05,9.737980610640366e-05,1.0,ex,l2sq,3947.593856573105,external_pbrs_seed321_t480k,external_pbrs,480000,0.3550916666666667,0.65,0.65,0.0021594218036625,0.0001739969769914
2026-06-05T13:20:34.547375,159,171490,-520.3413749999985,-522.3436874999982,44,0.2347826086956521,5.26,0.22,13,13,-0.0026940517302138,0.993087649345398,0.4951702207326889,0.0021425439774248,0.001562500023283,0.0,0.0,4,9.73651993789494e-05,9.73651993789494e-05,1.0,ex,l2sq,3968.86553311348,external_pbrs_seed321_t480k,external_pbrs,480000,0.3572708333333333,0.65,0.65,0.0026940517302138,0.0021425439774248
2026-06-05T13:21:01.606089,160,172564,-460.04312499999816,-460.04312499999816,53,0.2377717391304347,5.31,0.2,12,13,-0.0031526759543338,0.9835120514035224,0.4784984923899174,0.0008360743158846,0.0015624999796273,0.0,0.0,4,9.735059508586856e-05,9.735059508586856e-05,1.0,ex,l2sq,3995.924267053604,external_pbrs_seed321_t480k,external_pbrs,480000,0.3595083333333333,0.65,0.6,0.0031526759543338,0.0008360743158846
2026-06-05T13:21:25.330105,161,173669,-588.9517499999994,-524.4974374999988,36,0.2355978260869565,5.24,0.15,13,13,-0.002908545777609,0.9814874976873398,0.4813040681183338,1.073685407390612e-05,0.0009765625145519,0.0,0.0,4,9.733112594035733e-05,9.733112594035733e-05,1.0,ex,l2sq,4019.648225545883,external_pbrs_seed321_t480k,external_pbrs,480000,0.3618104166666667,0.65,0.65,0.002908545777609,1.073685407390612e-05
2026-06-05T13:22:06.413534,162,174730,-442.73437499999847,-442.73437499999847,53,0.2402173913043478,5.175,0.15,13,13,-0.0026651197025785,0.9969163835048676,0.4905976988375187,0.0001825966796786,0.0017578125261934,0.0,0.0,4,9.731166068848052e-05,9.731166068848052e-05,1.0,ex,l2sq,4060.731494665146,external_pbrs_seed321_t480k,external_pbrs,480000,0.36402083333333335,0.65,0.65,0.0026651197025785,0.0001825966796786
2026-06-05T13:22:28.766717,163,175794,-465.8269999999983,-454.2806874999984,51,0.2410326086956521,5.175,0.12,13,13,-0.0033778496144805,0.9547326862812042,0.4454387053847313,0.0039241424610736,0.0050781250465661,0.0,0.0,4,9.729706418266857e-05,9.729706418266857e-05,1.0,ex,l2sq,4083.0848405361176,external_pbrs_seed321_t480k,external_pbrs,480000,0.3662375,0.65,0.65,0.0033778496144805,0.0039241424610736
2026-06-05T13:23:04.437249,164,176858,-456.05599999999856,-456.05599999999856,57,0.2448369565217391,5.29,0.16,14,14,-0.0031293932348489,0.9590190798044204,0.4545913711190223,0.0016046989330788,0.0091796875494765,0.0,0.0,4,9.72824701095265e-05,9.72824701095265e-05,1.0,ex,l2sq,4118.75509428978,external_pbrs_seed321_t480k,external_pbrs,480000,0.3684541666666667,0.7,0.7,0.0031293932348489,0.0016046989330788
2026-06-05T13:23:24.291379,165,177859,-418.0578749999984,-437.0569374999985,53,0.2513586956521739,5.225,0.19,14,14,-0.0026800763502251,0.9998471289873124,0.4268793985247612,-0.0012383768835206,0.0132812501396983,0.0,0.0,4,9.72678779822284e-05,9.72678779822284e-05,1.0,ex,l2sq,4138.609533786774,external_pbrs_seed321_t480k,external_pbrs,480000,0.3705395833333333,0.7,0.7,0.0026800763502251,0.0012383768835206
2026-06-05T13:23:57.460189,166,178959,-551.8258749999983,-551.8258749999983,38,0.2508152173913043,5.34,0.21,15,15,-0.0017261848041016,0.9703384190797806,0.4222852513194084,-0.0007604823313613,0.0009765625291038,0.0,0.0,4,9.725328828687046e-05,9.725328828687046e-05,1.0,ex,l2sq,4171.778354406357,external_pbrs_seed321_t480k,external_pbrs,480000,0.37283125,0.75,0.75,0.0017261848041016,0.0007604823313613
2026-06-05T13:24:18.660842,167,180029,-554.9189999999985,-553.3724374999983,43,0.2516304347826087,5.27,0.23,15,15,-0.0022540986843523,0.9669841304421424,0.4423516727983951,0.0003837659947748,0.0009765625291038,0.0,0.0,4,9.723383860174596e-05,9.723383860174596e-05,1.0,ex,l2sq,4192.979001045227,external_pbrs_seed321_t480k,external_pbrs,480000,0.3750604166666667,0.75,0.75,0.0022540986843523,0.0003837659947748
2026-06-05T13:24:50.151590,168,181066,-471.79374999999806,-471.79374999999806,55,0.2519021739130435,5.15,0.21,16,16,-0.0020141050743405,0.9908998757600784,0.4633022844791412,0.0010194024922384,0.0007812500116415,0.0,0.0,4,9.721925376905246e-05,9.721925376905246e-05,1.0,ex,l2sq,4224.469527721405,external_pbrs_seed321_t480k,external_pbrs,480000,0.37722083333333334,0.8,0.8,0.0020141050743405,0.0010194024922384
2026-06-05T13:25:11.487018,169,182142,-497.3973749999984,-484.5955624999982,46,0.2538043478260869,5.23,0.18,16,16,-0.0021922123123658,0.9783170521259308,0.4286253303289413,0.0006831728853285,0.0003906250058207,0.0,0.0,4,9.720467136708336e-05,9.720467136708336e-05,1.0,ex,l2sq,4245.805187225342,external_pbrs_seed321_t480k,external_pbrs,480000,0.3794625,0.8,0.8,0.0021922123123658,0.0006831728853285
2026-06-05T13:25:36.977815,170,183196,-456.5406249999982,-456.5406249999982,65,0.2570652173913043,5.06,0.15,14,16,-0.0028570819922605,0.9738447815179824,0.4414619468152523,0.0025553054219927,0.0039062499708961,0.0,0.0,4,9.718523140485667e-05,9.718523140485667e-05,1.0,ex,l2sq,4271.296004533768,external_pbrs_seed321_t480k,external_pbrs,480000,0.3816583333333333,0.8,0.7,0.0028570819922605,0.0025553054219927
2026-06-05T13:25:58.253670,171,184273,-463.3852499999986,-459.9629374999984,55,0.261141304347826,5.155,0.22,16,16,-0.001307183514291,0.9705942273139954,0.4635288417339325,0.0010027978192282,0.0,0.0,0.0,4,9.717065386312118e-05,9.717065386312118e-05,1.0,ex,l2sq,4292.571812391281,external_pbrs_seed321_t480k,external_pbrs,480000,0.3839020833333333,0.8,0.8,0.001307183514291,0.0010027978192282
2026-06-05T13:26:23.176578,172,185372,-545.2981249999987,-545.2981249999987,48,0.2603260869565217,5.1,0.19,13,16,-0.0031656912295147,0.9500781670212746,0.4476262144744396,0.0017312253083218,0.0023437500058207,0.0,0.0,4,9.715607875089498e-05,9.715607875089498e-05,1.0,ex,l2sq,4317.494777679443,external_pbrs_seed321_t480k,external_pbrs,480000,0.38619166666666666,0.8,0.65,0.0031656912295147,0.0017312253083218
2026-06-05T13:26:43.536939,173,186402,-498.4254999999983,-521.8618124999985,48,0.2597826086956522,5.085,0.18,16,16,-0.0037226877495414,1.0075449794530869,0.455323725938797,0.0011817445812994,0.0076171876862645,0.0,0.0,4,9.71366485067056e-05,9.71366485067056e-05,1.0,ex,l2sq,4337.855113983154,external_pbrs_seed321_t480k,external_pbrs,480000,0.3883375,0.8,0.8,0.0037226877495414,0.0011817445812994
2026-06-05T13:27:07.665236,174,187455,-531.4759999999985,-531.4759999999985,44,0.2614130434782609,5.03,0.23,14,16,-0.0027676959580276,0.9801553785800934,0.4381690993905067,0.0009897001086756,0.00390625,0.0,0.0,4,9.712207825228337e-05,9.712207825228337e-05,1.0,ex,l2sq,4361.983425617218,external_pbrs_seed321_t480k,external_pbrs,480000,0.39053125,0.8,0.7,0.0027676959580276,0.0009897001086756
2026-06-05T13:27:27.884771,175,188469,-397.3546249999983,-464.4153124999984,56,0.2641304347826086,5.2,0.24,16,16,-0.0020161835578619,0.969163343310356,0.4386854171752929,0.0013038908982707,0.0041015625756699,0.0,0.0,4,9.71075104261559e-05,9.71075104261559e-05,1.0,ex,l2sq,4382.202958106995,external_pbrs_seed321_t480k,external_pbrs,480000,0.39264375,0.8,0.8,0.0020161835578619,0.0013038908982707
2026-06-05T13:27:52.155514,176,189540,-453.1544999999989,-453.1544999999989,67,0.2692934782608696,5.3,0.32,15,16,-0.0033262840239332,0.9618972539901732,0.4265857562422752,0.0010368879134602,0.003515625023283,0.0,0.0,4,9.708808989514576e-05,9.708808989514576e-05,1.0,ex,l2sq,4406.473712205887,external_pbrs_seed321_t480k,external_pbrs,480000,0.394875,0.8,0.75,0.0033262840239332,0.0010368879134602
2026-06-05T13:28:12.640345,177,190527,-420.78249999999855,-436.9684999999987,58,0.2766304347826087,5.525,0.33,16,16,-0.003042381303385,0.9882741272449492,0.4211549013853073,0.0009178879006868,0.002734375098953,0.0,0.0,4,9.707352692439389e-05,9.707352692439389e-05,1.0,ex,l2sq,4426.958524942398,external_pbrs_seed321_t480k,external_pbrs,480000,0.39693125,0.8,0.8,0.003042381303385,0.0009178879006868
2026-06-05T13:28:44.918104,178,191546,-434.2018749999987,-434.2018749999987,53,0.2779891304347826,5.44,0.34,16,16,-0.0025139145815046,0.9773537144064904,0.4391365945339203,0.0004169437340351,0.0011718750174622,0.0,0.0,4,9.705896638072285e-05,9.705896638072285e-05,1.0,ex,l2sq,4459.23606967926,external_pbrs_seed321_t480k,external_pbrs,480000,0.39905416666666665,0.8,0.8,0.0025139145815046,0.0004169437340351
2026-06-05T13:29:05.219724,179,192564,-452.8571249999986,-443.5294999999986,53,0.2804347826086956,5.295,0.29,16,16,-0.0037349433870987,1.0435113310813904,0.4290274009108543,0.0034279662835615,0.001562500023283,0.0,0.0,4,9.704440777842529e-05,9.704440777842529e-05,1.0,ex,l2sq,4479.537921667099,external_pbrs_seed321_t480k,external_pbrs,480000,0.401175,0.8,0.8,0.0037349433870987,0.0034279662835615
2026-06-05T13:29:30.553527,180,193610,-483.6816249999986,-483.6816249999986,48,0.2790760869565217,5.135,0.35,15,16,-0.0023015030645183,0.980930395424366,0.412088256329298,0.0019476484284496,0.003515625023283,0.0,0.0,4,9.702985160248056e-05,9.702985160248056e-05,1.0,ex,l2sq,4504.871650457382,external_pbrs_seed321_t480k,external_pbrs,480000,0.4033541666666667,0.8,0.75,0.0023015030645183,0.0019476484284496
2026-06-05T13:29:52.767883,181,194722,-500.67087499999786,-492.1762499999983,53,0.283695652173913,5.22,0.29,16,16,-0.0022694059072819,0.9796365275979042,0.4307776391506195,0.0006481950786337,0.0033203125640284,0.0,0.0,4,9.701044660245858e-05,9.701044660245858e-05,1.0,ex,l2sq,4527.086073637009,external_pbrs_seed321_t480k,external_pbrs,480000,0.4056708333333333,0.8,0.8,0.0022694059072819,0.0006481950786337
2026-06-05T13:30:28.089079,182,195753,-447.4494999999981,-447.4494999999981,53,0.283695652173913,5.31,0.31,17,17,-0.0038688884058502,0.979041874408722,0.397220715880394,0.0019757519570703,0.00390625,0.0,0.0,4,9.699589527800646e-05,9.699589527800646e-05,1.0,ex,l2sq,4562.407053470612,external_pbrs_seed321_t480k,external_pbrs,480000,0.40781875,0.85,0.85,0.0038688884058502,0.0019757519570703
2026-06-05T13:30:49.443276,183,196773,-440.62137499999847,-444.0354374999983,53,0.2842391304347826,5.335,0.36,17,17,-0.0024767723516558,0.9671076834201812,0.415479876101017,0.0037380948831014,0.0068359373981365,0.0,0.0,4,9.698134637869424e-05,9.698134637869424e-05,1.0,ex,l2sq,4583.761404514313,external_pbrs_seed321_t480k,external_pbrs,480000,0.40994375,0.85,0.85,0.0024767723516558,0.0037380948831014
2026-06-05T13:31:15.115585,184,197848,-512.3062499999979,-512.3062499999979,54,0.2834239130434782,5.465,0.3,14,17,-0.0026250757829984,0.996412232518196,0.4133081175386905,0.0015227591803067,0.0023437500494765,0.0,0.0,4,9.696195107923198e-05,9.696195107923198e-05,1.0,ex,l2sq,4609.4337639808655,external_pbrs_seed321_t480k,external_pbrs,480000,0.41218333333333335,0.85,0.7,0.0026250757829984,0.0015227591803067
2026-06-05T13:31:37.091121,185,198943,-509.270999999998,-510.788624999998,55,0.2839673913043478,5.42,0.26,17,17,-0.002243524833466,0.9750647395849228,0.4121446460485458,0.0001548937039842,0.0003906250058207,0.0,0.0,4,9.694740702898709e-05,9.694740702898709e-05,1.0,ex,l2sq,4631.409235954285,external_pbrs_seed321_t480k,external_pbrs,480000,0.41446458333333336,0.85,0.85,0.002243524833466,0.0001548937039842
2026-06-05T13:32:02.919662,186,200060,-523.6644999999979,-523.6644999999979,45,0.2858695652173913,5.435,0.21,13,17,-0.0015626333864929,0.977640487253666,0.3922260291874408,0.0002185089461818,0.0007812500261934,0.0,0.0,4,9.69328654026698e-05,9.69328654026698e-05,1.0,ex,l2sq,4657.237852096558,external_pbrs_seed321_t480k,external_pbrs,480000,0.41679166666666667,0.85,0.65,0.0015626333864929,0.0002185089461818
2026-06-05T13:32:24.092984,187,201104,-435.559749999998,-479.612124999998,58,0.289945652173913,5.41,0.19,17,17,-0.0038281158485916,0.9716865047812462,0.4238914772868156,0.0023436456679519,0.0060546876484295,0.0,0.0,4,9.691347979891792e-05,9.691347979891792e-05,1.0,ex,l2sq,4678.411114692688,external_pbrs_seed321_t480k,external_pbrs,480000,0.41896666666666665,0.85,0.85,0.0038281158485916,0.0023436456679519
2026-06-05T13:32:48.671766,188,202180,-481.513624999998,-481.513624999998,56,0.2902173913043478,5.245,0.22,16,17,-0.0036767110228538,0.9821121245622636,0.4164763018488884,0.0036630025829254,0.0078125,0.0,0.0,4,9.689894301924388e-05,9.689894301924388e-05,1.0,ex,l2sq,4702.989977836609,external_pbrs_seed321_t480k,external_pbrs,480000,0.42120833333333335,0.85,0.8,0.0036767110228538,0.0036630025829254
2026-06-05T13:33:10.584024,189,203272,-553.8898749999984,-517.7017499999981,34,0.2869565217391304,5.35,0.22,17,17,-0.0029173858929426,0.961090512573719,0.4473463520407676,-0.0003646879114967,0.0050781251920852,0.0,0.0,4,9.688440866228572e-05,9.688440866228572e-05,1.0,ex,l2sq,4724.902178525925,external_pbrs_seed321_t480k,external_pbrs,480000,0.4234833333333333,0.85,0.85,0.0029173858929426,0.0003646879114967
2026-06-05T13:33:35.356242,190,204290,-384.58074999999866,-384.58074999999866,54,0.2839673913043478,5.195,0.22,15,17,-0.0031575245957355,0.9964616149663924,0.42299834638834,8.498021161360003e-05,0.0039062500291038,0.0,0.0,4,9.686503274939737e-05,9.686503274939737e-05,1.0,ex,l2sq,4749.674404859543,external_pbrs_seed321_t480k,external_pbrs,480000,0.4256041666666667,0.85,0.75,0.0031575245957355,8.498021161360003e-05
2026-06-05T13:33:56.899489,191,205372,-388.384499999999,-386.4826249999989,58,0.2847826086956522,5.305,0.23,17,17,-0.002913574129343,0.9491845220327376,0.4197899028658867,0.0023322860706684,0.0062500002095475,0.0,0.0,4,9.685050323665964e-05,9.685050323665964e-05,1.0,ex,l2sq,4771.217644453049,external_pbrs_seed321_t480k,external_pbrs,480000,0.42785833333333334,0.85,0.85,0.002913574129343,0.0023322860706684
2026-06-05T13:34:21.000888,192,206429,-441.6608749999987,-441.6608749999987,51,0.2855978260869565,5.285,0.22,13,17,-0.0031370350567159,0.9292550310492516,0.4180850908160209,0.0012188088386211,0.0044921876396983,0.0,0.0,4,9.683597614542665e-05,9.683597614542665e-05,1.0,ex,l2sq,4795.319096565247,external_pbrs_seed321_t480k,external_pbrs,480000,0.43006041666666667,0.85,0.65,0.0031370350567159,0.0012188088386211
2026-06-05T13:34:42.269759,193,207450,-420.39924999999886,-431.0300624999988,55,0.2875,5.05,0.2,17,17,-0.0043870249326574,0.9530178755521774,0.4245645515620708,0.0011436741197031,0.0105468753026798,0.0,0.0,4,9.681660991855734e-05,9.681660991855734e-05,1.0,ex,l2sq,4816.587879896164,external_pbrs_seed321_t480k,external_pbrs,480000,0.4321875,0.85,0.85,0.0043870249326574,0.0011436741197031
2026-06-05T13:35:07.950247,194,208492,-389.9338749999989,-389.9338749999989,57,0.2910326086956522,5.12,0.27,13,17,-0.0021059662511104,0.9237008690834044,0.429586261510849,0.0024834626739902,0.0089843752793967,0.0,0.0,4,9.680208766912318e-05,9.680208766912318e-05,1.0,ex,l2sq,4842.2684445381165,external_pbrs_seed321_t480k,external_pbrs,480000,0.43435833333333335,0.85,0.65,0.0021059662511104,0.0024834626739902
2026-06-05T13:35:29.877189,195,209534,-397.0968749999983,-393.5153749999986,62,0.2926630434782609,5.195,0.27,17,17,-0.0026034168942714,0.9602907001972198,0.4105902947485447,0.0007402153984003,0.0001953125029103,0.0,0.0,4,9.678756783998324e-05,9.678756783998324e-05,1.0,ex,l2sq,4864.195385217667,external_pbrs_seed321_t480k,external_pbrs,480000,0.4365291666666667,0.85,0.85,0.0026034168942714,0.0007402153984003
2026-06-05T13:35:54.704215,196,210613,-465.60374999999874,-465.60374999999874,59,0.2904891304347826,5.23,0.22,15,17,-0.0029485576291335,0.9691804349422456,0.4193497523665428,0.0002616823371681,0.0029296876455191,0.0,0.0,4,9.676821129429092e-05,9.676821129429092e-05,1.0,ex,l2sq,4889.022408246994,external_pbrs_seed321_t480k,external_pbrs,480000,0.4387770833333333,0.85,0.75,0.0029485576291335,0.0002616823371681
2026-06-05T13:36:15.924460,197,211684,-443.65299999999735,-454.6283749999981,50,0.2883152173913043,5.48,0.24,17,17,-0.0021759093186117,1.0057830512523651,0.3923864439129829,0.0001612995387404,0.0023437500058207,0.0,0.0,4,9.675369630452942e-05,9.675369630452942e-05,1.0,ex,l2sq,4910.242645978928,external_pbrs_seed321_t480k,external_pbrs,480000,0.44100833333333334,0.85,0.85,0.0021759093186117,0.0001612995387404
2026-06-05T13:36:39.621385,198,212726,-486.4548749999984,-486.4548749999984,44,0.2858695652173913,5.27,0.17,16,17,-0.0018948056087538,0.9630021005868912,0.3818584606051445,0.0008340369003235,0.0001953125029103,0.0,0.0,4,9.673918373385224e-05,9.673918373385224e-05,1.0,ex,l2sq,4933.939563512802,external_pbrs_seed321_t480k,external_pbrs,480000,0.4431791666666667,0.85,0.8,0.0018948056087538,0.0008340369003235
2026-06-05T13:37:01.707068,199,213815,-517.1996249999976,-501.827249999998,45,0.283695652173913,5.52,0.23,17,17,-0.0021743718731159,0.9470561668276788,0.3706659637391567,0.0026379159973657,0.0046875002153683,0.0,0.0,4,9.671983686449728e-05,9.671983686449728e-05,1.0,ex,l2sq,4956.025261640549,external_pbrs_seed321_t480k,external_pbrs,480000,0.44544791666666667,0.85,0.85,0.0021743718731159,0.0026379159973657
2026-06-05T13:37:29.301008,200,214870,-441.1448749999988,-441.1448749999988,59,0.2866847826086957,5.53,0.22,15,17,-0.0022582062229048,0.9848807752132416,0.3774606958031654,-2.710614098759556e-05,0.0,0.0,0.0,4,9.67053291307793e-05,9.67053291307793e-05,1.0,ex,l2sq,4983.619110107422,external_pbrs_seed321_t480k,external_pbrs,480000,0.44764583333333335,0.85,0.75,0.0022582062229048,2.710614098759556e-05
2026-06-05T13:37:50.953631,201,215936,-523.6487499999977,-482.3968124999982,44,0.2842391304347826,5.445,0.27,17,17,-0.0025955390956369,0.9944838881492616,0.3727623522281647,0.0001620768051907,0.0029296875727595,0.0,0.0,4,9.669082381493632e-05,9.669082381493632e-05,1.0,ex,l2sq,5005.271806001663,external_pbrs_seed321_t480k,external_pbrs,480000,0.4498666666666667,0.85,0.85,0.0025955390956369,0.0001620768051907
2026-06-05T13:38:20.758159,202,216952,-313.64062499999915,-313.64062499999915,63,0.2869565217391304,5.465,0.25,14,17,-0.0031337150547186,0.9712142050266266,0.3761048018932342,0.0017736294326823,0.0082031255587935,0.0,0.0,4,9.667632043310324e-05,9.667632043310324e-05,1.0,ex,l2sq,5035.076375484467,external_pbrs_seed321_t480k,external_pbrs,480000,0.45198333333333335,0.85,0.7,0.0031337150547186,0.0017736294326823
2026-06-05T13:38:43.385419,203,218026,-450.5422499999981,-382.0914374999986,54,0.2872282608695652,5.32,0.25,17,17,-0.0021334984659916,1.006295569241047,0.3845933713018894,-0.0008093856752566,0.0076171874534338,0.0,0.0,4,9.666181946841988e-05,9.666181946841988e-05,1.0,ex,l2sq,5057.703521966934,external_pbrs_seed321_t480k,external_pbrs,480000,0.45422083333333335,0.85,0.85,0.0021334984659916,0.0008093856752566
2026-06-05T13:39:15.393576,204,219068,-451.4279999999986,-451.4279999999986,54,0.2872282608695652,5.315,0.28,14,17,-0.0025239639202482,0.9798350483179092,0.3988149091601372,4.264136441632649e-06,0.0035156251542503,0.0,0.0,4,9.66424880711444e-05,9.66424880711444e-05,1.0,ex,l2sq,5089.711725473404,external_pbrs_seed321_t480k,external_pbrs,480000,0.45639166666666664,0.85,0.7,0.0025239639202482,4.264136441632649e-06
2026-06-05T13:39:41.014301,205,220053,-350.09387499999906,-400.7609374999988,53,0.2866847826086957,5.29,0.22,17,17,-0.0033558844239451,0.968298926949501,0.396193265914917,0.0014690735624753,0.001562500023283,0.0,0.0,4,9.662799193955202e-05,9.662799193955202e-05,1.0,ex,l2sq,5115.332486629486,external_pbrs_seed321_t480k,external_pbrs,480000,0.45844375,0.85,0.85,0.0033558844239451,0.0014690735624753
2026-06-05T13:40:05.049205,206,221107,-405.5048749999987,-405.5048749999987,55,0.2894021739130434,5.44,0.21,14,17,-0.0033476771030109,0.970015436410904,0.3900895304977894,0.0014493218635834,0.0062500000494765,0.0,0.0,4,9.661349822390104e-05,9.661349822390104e-05,1.0,ex,l2sq,5139.367388486862,external_pbrs_seed321_t480k,external_pbrs,480000,0.4606395833333333,0.85,0.7,0.0033476771030109,0.0014493218635834
2026-06-05T13:40:25.468367,207,222137,-386.6687499999987,-396.0868124999987,59,0.2896739130434783,5.41,0.25,17,17,-0.0024080184215562,0.9921707883477212,0.3974465690553188,0.0002255994108054,0.0041015626484295,0.0,0.0,4,9.659417649039123e-05,9.659417649039123e-05,1.0,ex,l2sq,5159.78653717041,external_pbrs_seed321_t480k,external_pbrs,480000,0.46278541666666667,0.85,0.85,0.0024080184215562,0.0002255994108054
2026-06-05T13:40:48.552869,208,223143,-414.7911249999982,-414.7911249999982,55,0.2894021739130434,5.31,0.21,14,17,-0.0023945541295689,0.9649040549993516,0.3511102795600891,0.000521598861269,0.001953125,0.0,0.0,4,9.65796876054152e-05,9.65796876054152e-05,1.0,ex,l2sq,5182.871083974838,external_pbrs_seed321_t480k,external_pbrs,480000,0.46488125,0.85,0.7,0.0023945541295689,0.000521598861269
2026-06-05T13:41:10.218764,209,224197,-348.9754999999987,-381.88331249999845,59,0.296195652173913,5.33,0.2,17,17,-0.002400821262563,0.9565149173140526,0.3935561217367649,0.0006581407457815,0.0029296876455191,0.0,0.0,4,9.656520113517282e-05,9.656520113517282e-05,1.0,ex,l2sq,5204.536916971207,external_pbrs_seed321_t480k,external_pbrs,480000,0.4670770833333333,0.85,0.85,0.002400821262563,0.0006581407457815
2026-06-05T13:41:36.866658,210,225235,-384.8143749999989,-384.8143749999989,63,0.2986413043478261,5.335,0.16,14,17,-0.0032073547423351,0.9736107736825944,0.3928197249770164,-0.0010371372103691,0.0035156250523868,0.0,0.0,4,9.655071659642764e-05,9.655071659642764e-05,1.0,ex,l2sq,5231.184808731079,external_pbrs_seed321_t480k,external_pbrs,480000,0.4692395833333333,0.85,0.7,0.0032073547423351,0.0010371372103691
2026-06-05T13:41:58.079241,211,226284,-458.86737499999856,-421.84087499999873,54,0.297554347826087,5.37,0.12,17,17,-0.0022328008111799,0.9550243243575096,0.3812576234340668,0.0002541484139328,0.0041015626484295,0.0,0.0,4,9.653623447169176e-05,9.653623447169176e-05,1.0,ex,l2sq,5252.397421121597,external_pbrs_seed321_t480k,external_pbrs,480000,0.471425,0.85,0.85,0.0022328008111799,0.0002541484139328
2026-06-05T13:42:26.095848,212,227305,-408.13224999999903,-408.13224999999903,57,0.2991847826086956,5.265,0.19,15,17,-0.0043830463517224,0.9571478441357611,0.3877490572631359,0.0023985619516224,0.0154296879190951,0.0,0.0,4,9.651692819015976e-05,9.651692819015976e-05,1.0,ex,l2sq,5280.414048194885,external_pbrs_seed321_t480k,external_pbrs,480000,0.4735520833333333,0.85,0.75,0.0043830463517224,0.0023985619516224
2026-06-05T13:42:47.091904,213,228357,-453.5611249999979,-430.8466874999984,46,0.2967391304347826,5.185,0.23,17,17,-0.00325158687192,0.9826340526342392,0.4000100344419479,0.0016817110608826,0.0046875000116415,0.0,0.0,4,9.65024508922356e-05,9.65024508922356e-05,1.0,ex,l2sq,5301.410097122192,external_pbrs_seed321_t480k,external_pbrs,480000,0.47574375,0.85,0.85,0.00325158687192,0.0016817110608826
2026-06-05T13:43:12.304880,214,229440,-469.62524999999766,-469.62524999999766,48,0.2942934782608695,5.28,0.27,12,17,-0.002550772241375,0.963838018476963,0.350148219615221,0.0008537190375136,0.006054687561118,0.0,0.0,4,9.648797600711402e-05,9.648797600711402e-05,1.0,ex,l2sq,5326.623028993607,external_pbrs_seed321_t480k,external_pbrs,480000,0.478,0.85,0.6,0.002550772241375,0.0008537190375136
2026-06-05T13:43:33.006712,215,230476,-379.7609999999988,-424.6931249999982,60,0.29375,5.165,0.32,17,17,-0.0038193863758352,0.9871537536382676,0.3840868771076202,0.002313231016069,0.0183593752008164,0.0,0.0,4,9.646867937679236e-05,9.646867937679236e-05,1.0,ex,l2sq,5347.324884414673,external_pbrs_seed321_t480k,external_pbrs,480000,0.48015833333333335,0.85,0.85,0.0038193863758352,0.002313231016069
2026-06-05T13:43:56.504768,216,231499,-439.6677499999988,-439.6677499999988,49,0.2910326086956522,5.18,0.3,12,17,-0.0030161887581925,0.9331706017255784,0.3901596888899803,0.0019004652856892,0.0050781250465661,0.0,0.0,4,9.645420931606964e-05,9.645420931606964e-05,1.0,ex,l2sq,5370.82298374176,external_pbrs_seed321_t480k,external_pbrs,480000,0.4822895833333333,0.85,0.6,0.0030161887581925,0.0019004652856892
2026-06-05T13:44:17.842463,217,232554,-472.802749999998,-456.2352499999984,46,0.289945652173913,5.23,0.3,17,17,-0.0023096867349522,0.969119854271412,0.3824872709810734,0.0002766629986581,0.0007812500261934,0.0,0.0,4,9.643974166694326e-05,9.643974166694326e-05,1.0,ex,l2sq,5392.1604924201965,external_pbrs_seed321_t480k,external_pbrs,480000,0.4844875,0.85,0.85,0.0023096867349522,0.0002766629986581
2026-06-05T13:44:44.820044,218,233654,-440.71737499999887,-440.71737499999887,60,0.2942934782608695,5.315,0.29,14,17,-0.0031786572915734,0.9366721138358116,0.3732393495738506,0.0010903018398494,0.0054687499796273,0.0,0.0,4,9.642045468300728e-05,9.642045468300728e-05,1.0,ex,l2sq,5419.138233661652,external_pbrs_seed321_t480k,external_pbrs,480000,0.48677916666666665,0.85,0.7,0.0031786572915734,0.0010903018398494
2026-06-05T13:45:06.091681,219,234714,-396.6699999999984,-418.69368749999865,62,0.2989130434782608,5.63,0.28,17,17,-0.0024477333761752,0.9360997527837752,0.37008698284626,0.000330962908356,0.0011718750465661,0.0,0.0,4,9.640599185586804e-05,9.640599185586804e-05,1.0,ex,l2sq,5440.409852743149,external_pbrs_seed321_t480k,external_pbrs,480000,0.4889875,0.85,0.85,0.0024477333761752,0.000330962908356
2026-06-05T13:45:47.892514,220,235859,-500.5688749999987,-500.5688749999987,57,0.2983695652173913,5.925,0.28,18,18,-0.0022347633297613,0.9503406435251236,0.3745550140738487,0.0011803776798387,0.0050781251920852,0.0,0.0,4,9.639153143911962e-05,9.639153143911962e-05,1.0,ex,l2sq,5482.210433721542,external_pbrs_seed321_t480k,external_pbrs,480000,0.49137291666666666,0.9,0.9,0.0022347633297613,0.0011803776798387
2026-06-05T13:46:11.559508,221,236942,-522.4634999999984,-511.5161874999985,49,0.2997282608695652,5.845,0.3,18,18,-0.003230820657336,0.9536724910140038,0.3743240348994732,0.0006016780572281,0.0029296875145519,0.0,0.0,4,9.637225409674712e-05,9.637225409674712e-05,1.0,ex,l2sq,5505.8776242733,external_pbrs_seed321_t480k,external_pbrs,480000,0.4936291666666667,0.9,0.9,0.003230820657336,0.0006016780572281
2026-06-05T13:46:35.317329,222,237981,-416.05237499999856,-416.05237499999856,56,0.2978260869565217,5.875,0.23,17,18,-0.0012659899944993,0.9107855409383774,0.3911546245217323,0.0014076369090617,0.0003906250058207,0.0,0.0,4,9.635779849957528e-05,9.635779849957528e-05,1.0,ex,l2sq,5529.635531902313,external_pbrs_seed321_t480k,external_pbrs,480000,0.49579375,0.9,0.85,0.0012659899944993,0.0014076369090617
2026-06-05T13:46:55.698557,223,239000,-422.1926249999982,-419.1224999999984,45,0.2953804347826086,5.535,0.22,18,18,-0.0034215004125144,0.9618786871433258,0.3900443948805332,0.0010272510037793,0.0042968749767169,0.0,0.0,4,9.634334531158934e-05,9.634334531158934e-05,1.0,ex,l2sq,5550.016725540161,external_pbrs_seed321_t480k,external_pbrs,480000,0.4979166666666667,0.9,0.9,0.0034215004125144,0.0010272510037793
2026-06-05T13:47:28.777864,224,240113,-489.98374999999737,-489.98374999999737,50,0.2942934782608695,5.34,0.23,18,18,-0.0021221589748166,0.9807321578264236,0.3650223053991794,0.0012914584641294,0.005664062759024,0.0,0.0,4,9.632407760596048e-05,9.632407760596048e-05,1.0,ex,l2sq,5583.095803022385,external_pbrs_seed321_t480k,external_pbrs,480000,0.5002354166666667,0.9,0.9,0.0021221589748166,0.0012914584641294
2026-06-05T13:47:50.068652,225,241170,-411.6068749999983,-450.79531249999786,55,0.2948369565217391,5.335,0.18,18,18,-0.0030015856900718,0.980476811528206,0.3709291666746139,0.0021918181553701,0.0089843749301508,0.0,0.0,4,9.630962923514182e-05,9.630962923514182e-05,1.0,ex,l2sq,5604.386858224869,external_pbrs_seed321_t480k,external_pbrs,480000,0.5024375,0.9,0.9,0.0030015856900718,0.0021918181553701
2026-06-05T13:48:21.543110,226,242208,-423.9658749999987,-423.9658749999987,56,0.2951086956521739,5.335,0.19,19,19,-0.0028622869838727,0.9653044119477272,0.36533347889781,0.0005204858989373,0.0058593751018634,0.0,0.0,4,9.62951832723047e-05,9.62951832723047e-05,1.0,ex,l2sq,5635.861083030701,external_pbrs_seed321_t480k,external_pbrs,480000,0.5046,0.95,0.95,0.0028622869838727,0.0005204858989373
2026-06-05T13:48:44.075022,227,243274,-444.2954999999984,-434.13068749999854,49,0.292391304347826,5.485,0.16,19,19,-0.00224862025334,0.9670380428433418,0.3760665990412235,9.342088096675472e-05,0.0025390625523868,0.0,0.0,4,9.627592519860208e-05,9.627592519860208e-05,1.0,ex,l2sq,5658.393206596375,external_pbrs_seed321_t480k,external_pbrs,480000,0.5068208333333334,0.95,0.95,0.00224862025334,9.342088096675472e-05
2026-06-05T13:49:17.833018,228,244363,-438.3688749999985,-438.3688749999985,50,0.2910326086956522,5.51,0.12,19,19,-0.0019108818058155,0.9475504904985428,0.3540200665593147,-0.000393469606979,0.0050781251920852,0.0,0.0,4,9.626148405052412e-05,9.626148405052412e-05,1.0,ex,l2sq,5692.150972127914,external_pbrs_seed321_t480k,external_pbrs,480000,0.5090895833333333,0.95,0.95,0.0019108818058155,0.000393469606979
2026-06-05T13:49:39.674679,229,245429,-402.44537499999865,-420.4071249999986,66,0.2929347826086956,5.515,0.16,19,19,-0.002145259088502,0.9197131097316742,0.3590323887765407,0.0004049858278903,0.0017578125552972,0.0,0.0,4,9.624704530922396e-05,9.624704530922396e-05,1.0,ex,l2sq,5713.9928658008575,external_pbrs_seed321_t480k,external_pbrs,480000,0.5113104166666667,0.95,0.95,0.002145259088502,0.0004049858278903
2026-06-05T13:50:05.015176,230,246481,-382.4557499999984,-382.4557499999984,66,0.29375,5.61,0.21,17,19,-0.0029938933177617,0.9319034218788148,0.3589384518563747,0.000633259932465,0.0031250000756699,0.0,0.0,4,9.622779686263256e-05,9.622779686263256e-05,1.0,ex,l2sq,5739.333295583725,external_pbrs_seed321_t480k,external_pbrs,480000,0.5135020833333334,0.95,0.85,0.0029938933177617,0.000633259932465
2026-06-05T13:50:24.947824,231,247481,-377.9516249999988,-380.2036874999986,58,0.2948369565217391,5.38,0.26,19,19,-0.003351820266107,1.0062558054924011,0.3872383534908294,0.0005935511861024,0.001562500023283,0.0,0.0,4,9.62133629336847e-05,9.62133629336847e-05,1.0,ex,l2sq,5759.265991449356,external_pbrs_seed321_t480k,external_pbrs,480000,0.5155854166666667,0.95,0.95,0.003351820266107,0.0005935511861024
2026-06-05T13:51:00.297004,232,248510,-463.37437499999845,-463.37437499999845,56,0.2945652173913043,5.335,0.26,19,19,-0.0028601614903891,0.9981438592076302,0.360201183706522,0.0014447968405647,0.0029296876455191,0.0,0.0,4,9.619893141031148e-05,9.619893141031148e-05,1.0,ex,l2sq,5794.61496925354,external_pbrs_seed321_t480k,external_pbrs,480000,0.5177291666666667,0.95,0.95,0.0028601614903891,0.0014447968405647
2026-06-05T13:51:21.857563,233,249530,-418.3212499999984,-440.8478124999984,54,0.2967391304347826,5.155,0.29,19,19,-0.0002662159444297,0.9680311530828476,0.3648201078176498,0.0010118954738572,0.0007812500116415,0.0,0.0,4,9.618450181110928e-05,9.618450181110928e-05,1.0,ex,l2sq,5816.175758838654,external_pbrs_seed321_t480k,external_pbrs,480000,0.5198541666666666,0.95,0.95,0.0002662159444297,0.0010118954738572
2026-06-05T13:51:46.616128,234,250595,-379.504999999999,-379.504999999999,66,0.3016304347826087,5.2,0.25,17,19,-0.0028792434211936,0.9627146124839784,0.3693564385175705,0.0011764361533096,0.0050781251484295,0.0,0.0,4,9.617007461676011e-05,9.617007461676011e-05,1.0,ex,l2sq,5840.934321403503,external_pbrs_seed321_t480k,external_pbrs,480000,0.5220729166666667,0.95,0.85,0.0028792434211936,0.0011764361533096
2026-06-05T13:52:07.660597,235,251647,-432.56712499999793,-406.0360624999985,57,0.3008152173913043,5.45,0.35,19,19,-0.0023730725210043,0.9559928998351096,0.3754821345210075,0.0011696165577177,0.0019531250727595,0.0,0.0,4,9.61508415635375e-05,9.61508415635375e-05,1.0,ex,l2sq,5861.978766202927,external_pbrs_seed321_t480k,external_pbrs,480000,0.5242645833333334,0.95,0.95,0.0023730725210043,0.0011696165577177
2026-06-05T13:52:32.484356,236,252727,-484.23612499999786,-484.23612499999786,53,0.3019021739130434,5.54,0.36,15,19,-0.0027048036805354,0.9735442250967026,0.3817482069134712,-0.0001890493850623,0.0027343749534338,0.0,0.0,4,9.61364191776921e-05,9.61364191776921e-05,1.0,ex,l2sq,5886.8025534152985,external_pbrs_seed321_t480k,external_pbrs,480000,0.5265145833333333,0.95,0.75,0.0027048036805354,0.0001890493850623
2026-06-05T13:52:54.542349,237,253813,-398.7857499999983,-441.510937499998,64,0.3067934782608695,5.495,0.36,19,19,-0.0020360451802845,0.9617075696587564,0.3872688077390194,0.0012172913412996,0.0005859375087311,0.0,0.0,4,9.612199919549754e-05,9.612199919549754e-05,1.0,ex,l2sq,5908.860526800156,external_pbrs_seed321_t480k,external_pbrs,480000,0.5287770833333333,0.95,0.95,0.0020360451802845,0.0012172913412996
2026-06-05T13:53:18.555133,238,254858,-426.8967499999986,-426.8967499999986,60,0.3067934782608695,5.405,0.35,15,19,-0.0048020878981332,0.9725279808044434,0.390001755207777,0.0023430038739206,0.0062499999767169,0.0,0.0,4,9.610277575687844e-05,9.610277575687844e-05,1.0,ex,l2sq,5932.87332701683,external_pbrs_seed321_t480k,external_pbrs,480000,0.5309541666666666,0.95,0.75,0.0048020878981332,0.0023430038739206
2026-06-05T13:53:38.384159,239,255864,-330.7869999999991,-378.8418749999988,64,0.3073369565217391,5.335,0.32,19,19,-0.0021385558677138,0.9148252606391908,0.3851417973637581,0.0018736941216047,0.0039062501455191,0.0,0.0,4,9.608836058078386e-05,9.608836058078386e-05,1.0,ex,l2sq,5952.702333450317,external_pbrs_seed321_t480k,external_pbrs,480000,0.53305,0.95,0.95,0.0021385558677138,0.0018736941216047
2026-06-05T13:54:02.993706,240,256874,-355.30599999999896,-355.30599999999896,60,0.3081521739130435,5.36,0.32,16,19,-0.0021267921336402,0.9346353486180304,0.3774048201739788,0.0002090061475428,0.0013671875058207,0.0,0.0,4,9.607394780713856e-05,9.607394780713856e-05,1.0,ex,l2sq,5977.311883926392,external_pbrs_seed321_t480k,external_pbrs,480000,0.5351541666666667,0.95,0.8,0.0021267921336402,0.0002090061475428
2026-06-05T13:54:24.090189,241,257911,-393.9791249999977,-374.6425624999984,56,0.3100543478260869,5.365,0.22,19,19,-0.0022397757333236,1.0356040000915527,0.3850896134972572,0.000705967137037,0.0011718750174622,0.0,0.0,4,9.605953695516436e-05,9.605953695516436e-05,1.0,ex,l2sq,5998.408332586288,external_pbrs_seed321_t480k,external_pbrs,480000,0.5373145833333334,0.95,0.95,0.0022397757333236,0.000705967137037
2026-06-05T13:54:48.112560,242,258962,-427.76724999999846,-427.76724999999846,57,0.3103260869565217,5.395,0.26,15,19,-0.002471121684357,1.0030954852700231,0.3837912119925022,0.0015556287983599,0.0029296875727595,0.0,0.0,4,9.60451285049188e-05,9.60451285049188e-05,1.0,ex,l2sq,6022.430750846863,external_pbrs_seed321_t480k,external_pbrs,480000,0.5395041666666667,0.95,0.75,0.002471121684357,0.0015556287983599
2026-06-05T13:55:09.274765,243,260021,-455.1278749999981,-441.4475624999983,42,0.3095108695652174,5.315,0.24,19,19,-0.0026377589194453,0.9603390172123908,0.4088314212858677,0.0025143371797185,0.0062500000349245,0.0,0.0,4,9.602592043966908e-05,9.602592043966908e-05,1.0,ex,l2sq,6043.592960357666,external_pbrs_seed321_t480k,external_pbrs,480000,0.5417104166666666,0.95,0.95,0.0026377589194453,0.0025143371797185
2026-06-05T13:55:33.692642,244,261093,-446.6641249999988,-446.6641249999988,52,0.3100543478260869,5.37,0.24,17,19,-0.0022460051375673,0.9710700809955596,0.412326231598854,0.0013567037965913,0.001562500023283,0.0,0.0,4,9.601151679167994e-05,9.601151679167994e-05,1.0,ex,l2sq,6068.010848522186,external_pbrs_seed321_t480k,external_pbrs,480000,0.54394375,0.95,0.85,0.0022460051375673,0.0013567037965913
2026-06-05T13:55:55.836819,245,262200,-373.89649999999887,-410.2803124999989,61,0.3116847826086956,5.49,0.21,19,19,-0.0022705447241605,0.9640588462352752,0.3860538117587566,4.2653567749073584e-05,0.0011718750465661,0.0,0.0,4,9.599711554421876e-05,9.599711554421876e-05,1.0,ex,l2sq,6090.155012845993,external_pbrs_seed321_t480k,external_pbrs,480000,0.54625,0.95,0.95,0.0022705447241605,4.2653567749073584e-05
2026-06-05T13:56:19.745480,246,263248,-388.1774999999988,-388.1774999999988,53,0.3108695652173913,5.345,0.18,18,19,-0.0030456819105894,0.9551631808280944,0.374923724681139,0.0025828237636005,0.0087890628492459,0.0,0.0,4,9.597791708108108e-05,9.597791708108108e-05,1.0,ex,l2sq,6114.063660860062,external_pbrs_seed321_t480k,external_pbrs,480000,0.5484333333333333,0.95,0.9,0.0030456819105894,0.0025828237636005
2026-06-05T13:56:42.408455,247,264377,-389.98424999999855,-389.0808749999986,65,0.3152173913043478,5.66,0.21,19,19,-0.0026502989116123,0.934579998254776,0.3686351962387562,0.0002896448762385,0.0078125001164153,0.0,0.0,4,9.595872245744404e-05,9.595872245744404e-05,1.0,ex,l2sq,6136.726610422134,external_pbrs_seed321_t480k,external_pbrs,480000,0.5507854166666667,0.95,0.95,0.0026502989116123,0.0002896448762385
2026-06-05T13:57:07.337086,248,265471,-372.9773749999984,-372.9773749999984,65,0.3192934782608695,5.595,0.25,18,19,-0.0023963756713782,0.9647541046142578,0.3839954882860183,0.0018214225504379,0.0023437500931322,0.0,0.0,4,9.594432888898422e-05,9.594432888898422e-05,1.0,ex,l2sq,6161.655242681503,external_pbrs_seed321_t480k,external_pbrs,480000,0.5530645833333333,0.95,0.9,0.0023963756713782,0.0018214225504379
2026-06-05T13:57:27.979668,249,266508,-401.5693749999986,-387.2733749999985,53,0.3157608695652174,5.68,0.22,19,19,-0.0018810237263096,0.94772170484066,0.3708005435764789,7.676992618142753e-05,0.0003906250058207,0.0,0.0,4,9.592993771937252e-05,9.592993771937252e-05,1.0,ex,l2sq,6182.297821521759,external_pbrs_seed321_t480k,external_pbrs,480000,0.555225,0.95,0.95,0.0018810237263096,7.676992618142753e-05
2026-06-05T13:57:54.092483,250,267566,-363.5711249999987,-363.5711249999987,63,0.314945652173913,5.675,0.21,18,19,-0.0019076239437708,0.9545883014798164,0.3568872027099132,0.0008145257133947,0.0011718750174622,0.0,0.0,4,9.591075269112803e-05,9.591075269112803e-05,1.0,ex,l2sq,6208.410645723343,external_pbrs_seed321_t480k,external_pbrs,480000,0.5574291666666666,0.95,0.9,0.0019076239437708,0.0008145257133947
2026-06-05T13:58:15.545169,251,268621,-454.1233749999984,-408.84724999999855,59,0.3152173913043478,5.61,0.17,19,19,-0.0023250579833984,0.95319265127182,0.3652247413992882,-0.0007586942112538,0.0007812500116415,0.0,0.0,4,9.589636631801324e-05,9.589636631801324e-05,1.0,ex,l2sq,6229.8633685112,external_pbrs_seed321_t480k,external_pbrs,480000,0.5596270833333333,0.95,0.95,0.0023250579833984,0.0007586942112538
2026-06-05T13:58:39.080334,252,269659,-403.2787499999987,-403.2787499999987,60,0.3163043478260869,5.37,0.21,18,19,-0.0027264126372757,0.9248180538415908,0.3857834450900554,0.0002820077138039,0.0035156250523868,0.0,0.0,4,9.588198234254737e-05,9.588198234254737e-05,1.0,ex,l2sq,6253.398522615433,external_pbrs_seed321_t480k,external_pbrs,480000,0.5617895833333333,0.95,0.9,0.0027264126372757,0.0002820077138039
2026-06-05T13:59:01.367847,253,270782,-419.0629999999986,-411.17087499999866,67,0.3198369565217391,5.515,0.28,19,19,-0.0034077654621797,0.9606735706329346,0.3837665691971779,-0.0007611012988263,0.0023437500785803,0.0,0.0,4,9.586280690489868e-05,9.586280690489868e-05,1.0,ex,l2sq,6275.686047077179,external_pbrs_seed321_t480k,external_pbrs,480000,0.5641291666666667,0.95,0.95,0.0034077654621797,0.0007611012988263
2026-06-05T13:59:24.590670,254,271803,-458.5221249999984,-458.5221249999984,49,0.3152173913043478,5.365,0.27,15,19,-0.0036332253715956,0.9777537882328032,0.3899866342544555,0.0005364506765545,0.0011718750465661,0.0,0.0,4,9.584842772353196e-05,9.584842772353196e-05,1.0,ex,l2sq,6298.9088814258575,external_pbrs_seed321_t480k,external_pbrs,480000,0.56625625,0.95,0.75,0.0036332253715956,0.0005364506765545
2026-06-05T13:59:45.042470,255,272828,-398.79574999999824,-428.65893749999833,56,0.314945652173913,5.415,0.28,19,19,-0.0026861491060117,0.9972745031118392,0.3534821681678295,0.0029203881973672,0.010351562523283,0.0,0.0,4,9.583405093861555e-05,9.583405093861555e-05,1.0,ex,l2sq,6319.360662937164,external_pbrs_seed321_t480k,external_pbrs,480000,0.5683916666666666,0.95,0.95,0.0026861491060117,0.0029203881973672
2026-06-05T14:00:12.163958,256,273941,-457.7363749999978,-457.7363749999978,66,0.3184782608695652,5.375,0.26,14,19,-0.0027893886115635,0.9815491884946824,0.3695214986801147,0.000440887642253,0.0076171879481989,0.0,0.0,4,9.581488508676836e-05,9.581488508676836e-05,1.0,ex,l2sq,6346.482141971588,external_pbrs_seed321_t480k,external_pbrs,480000,0.5707104166666667,0.95,0.7,0.0027893886115635,0.000440887642253
2026-06-05T14:00:33.180853,257,274919,-254.81074999999964,-356.2735624999987,70,0.3201086956521739,5.165,0.18,19,19,-0.0042045341571793,0.9707929491996764,0.3338578715920448,0.0032200632798776,0.013671875,0.0,0.0,4,9.580051309355453e-05,9.580051309355453e-05,1.0,ex,l2sq,6367.499051094055,external_pbrs_seed321_t480k,external_pbrs,480000,0.5727479166666667,0.95,0.95,0.0042045341571793,0.0032200632798776
2026-06-05T14:00:59.894339,258,275998,-425.9646249999992,-425.9646249999992,60,0.3201086956521739,5.165,0.22,16,19,-0.0022168991941725,0.9664147570729256,0.3493167832493782,-0.0004735338026875,0.0023437500058207,0.0,0.0,4,9.578614349559306e-05,9.578614349559306e-05,1.0,ex,l2sq,6394.212503910065,external_pbrs_seed321_t480k,external_pbrs,480000,0.5749958333333334,0.95,0.8,0.0022168991941725,0.0004735338026875
2026-06-05T14:01:21.238974,259,277028,-423.8462499999984,-424.9054374999988,54,0.3173913043478261,5.105,0.26,19,19,-0.0019198015390429,0.9931411594152452,0.4078346639871597,0.0009809598891933,0.001562500023283,0.0,0.0,4,9.577177581354604e-05,9.577177581354604e-05,1.0,ex,l2sq,6415.557122707367,external_pbrs_seed321_t480k,external_pbrs,480000,0.5771416666666667,0.95,0.95,0.0019198015390429,0.0009809598891933
2026-06-05T14:01:46.637519,260,278032,-424.5449999999988,-424.5449999999988,46,0.3135869565217391,5.095,0.31,15,19,-0.0032149955339264,0.976831890642643,0.3652255721390247,0.000925760099517,0.0054687501396983,0.0,0.0,4,9.57574105260329e-05,9.57574105260329e-05,1.0,ex,l2sq,6440.955682992935,external_pbrs_seed321_t480k,external_pbrs,480000,0.5792333333333334,0.95,0.75,0.0032149955339264,0.000925760099517
2026-06-05T14:02:08.678462,261,279110,-334.3781249999985,-379.46156249999865,66,0.3163043478260869,5.48,0.35,19,19,-0.0022570222947251,0.9513494595885276,0.3738211169838905,0.0009641364527624,0.0089843752793967,0.0,0.0,4,9.57382600015018e-05,9.57382600015018e-05,1.0,ex,l2sq,6462.996625900269,external_pbrs_seed321_t480k,external_pbrs,480000,0.5814791666666667,0.95,0.95,0.0022570222947251,0.0009641364527624
2026-06-05T14:02:33.287761,262,280167,-430.2886249999986,-430.2886249999986,52,0.314945652173913,5.535,0.3,15,19,-0.0035489887290167,0.975514829158783,0.3604143634438514,0.0014440630746321,0.0035156251396983,0.0,0.0,4,9.57238995018592e-05,9.57238995018592e-05,1.0,ex,l2sq,6487.605944871903,external_pbrs_seed321_t480k,external_pbrs,480000,0.58368125,0.95,0.75,0.0035489887290167,0.0014440630746321
2026-06-05T14:02:54.183637,263,281185,-437.0168749999988,-433.6527499999987,49,0.3168478260869565,5.635,0.25,19,19,-0.003201703747618,0.9342703968286514,0.3744504824280739,0.0001675202794104,0.0023437500640284,0.0,0.0,4,9.570954139555342e-05,9.570954139555342e-05,1.0,ex,l2sq,6508.501798868179,external_pbrs_seed321_t480k,external_pbrs,480000,0.5858020833333333,0.95,0.95,0.003201703747618,0.0001675202794104
2026-06-05T14:03:19.693530,264,282299,-426.0201249999981,-426.0201249999981,59,0.31875,5.745,0.22,14,19,-0.0020062349700311,0.934681810438633,0.3698293454945087,0.0021962614738641,0.0011718750465661,0.0,0.0,4,9.569040044436972e-05,9.569040044436972e-05,1.0,ex,l2sq,6534.011723995209,external_pbrs_seed321_t480k,external_pbrs,480000,0.5881229166666667,0.95,0.7,0.0020062349700311,0.0021962614738641
2026-06-05T14:03:41.110840,265,283371,-445.22112499999815,-435.6206249999981,50,0.3157608695652174,5.575,0.13,19,19,-0.0042505444493144,0.9928127974271774,0.3619100749492645,0.0014409969212465,0.0039062501455191,0.0,0.0,4,9.567604712354104e-05,9.567604712354104e-05,1.0,ex,l2sq,6555.429033756256,external_pbrs_seed321_t480k,external_pbrs,480000,0.59035625,0.95,0.95,0.0042505444493144,0.0014409969212465
2026-06-05T14:04:06.153428,266,284465,-414.1638749999982,-414.1638749999982,61,0.3179347826086957,5.63,0.15,15,19,-0.0022723976944689,0.9681735336780548,0.3894201442599296,0.0002298036268143,0.0033203125494765,0.0,0.0,4,9.566169619485276e-05,9.566169619485276e-05,1.0,ex,l2sq,6580.47160243988,external_pbrs_seed321_t480k,external_pbrs,480000,0.5926354166666666,0.95,0.75,0.0022723976944689,0.0002298036268143
2026-06-05T14:04:27.803040,267,285516,-388.77087499999857,-401.4673749999984,53,0.3146739130434782,5.65,0.17,19,19,-0.0025959060221794,0.9586308300495148,0.3962310142815113,0.0010044268025922,0.0011718750320142,0.0,0.0,4,9.564256481223072e-05,9.564256481223072e-05,1.0,ex,l2sq,6602.121167182922,external_pbrs_seed321_t480k,external_pbrs,480000,0.594825,0.95,0.95,0.0025959060221794,0.0010044268025922
2026-06-05T14:04:52.061836,268,286581,-378.3197499999986,-378.3197499999986,64,0.3144021739130435,5.49,0.2,17,19,-0.0024224818393121,0.9796376377344131,0.3712611272931099,0.0007212417041045,0.001953125,0.0,0.0,4,9.562821866662729e-05,9.562821866662729e-05,1.0,ex,l2sq,6626.380016088486,external_pbrs_seed321_t480k,external_pbrs,480000,0.59704375,0.95,0.85,0.0024224818393121,0.0007212417041045
2026-06-05T14:05:12.046269,269,287576,-382.0927499999984,-380.2062499999985,55,0.314945652173913,5.235,0.2,19,19,-0.0036614079785067,0.9632181078195572,0.3959991112351417,0.0029968369113703,0.0111328127823071,0.0,0.0,4,9.561387491196838e-05,9.561387491196838e-05,1.0,ex,l2sq,6646.36440205574,external_pbrs_seed321_t480k,external_pbrs,480000,0.5991166666666666,0.95,0.95,0.0036614079785067,0.0029968369113703
2026-06-05T14:05:37.240631,270,288622,-447.68812499999785,-447.68812499999785,49,0.3111413043478261,5.155,0.19,17,19,-0.0035459131351673,0.992714896798134,0.4091423451900482,0.0037900850167716,0.0101562498603016,0.0,0.0,4,9.559953306977822e-05,9.559953306977822e-05,1.0,ex,l2sq,6671.558769226074,external_pbrs_seed321_t480k,external_pbrs,480000,0.6012958333333334,0.95,0.85,0.0035459131351673,0.0037900850167716
2026-06-05T14:05:58.391181,271,289668,-431.5747499999987,-439.63143749999824,60,0.3114130434782609,5.09,0.18,19,19,-0.0031007841214887,0.9649103805422784,0.3967414163053036,0.0010500318455342,0.0144531251862645,0.0,0.0,4,9.55851936178154e-05,9.55851936178154e-05,1.0,ex,l2sq,6692.709337234497,external_pbrs_seed321_t480k,external_pbrs,480000,0.603475,0.95,0.95,0.0031007841214887,0.0010500318455342
2026-06-05T14:06:22.243091,272,290707,-459.2693749999982,-459.2693749999982,42,0.3065217391304348,4.97,0.15,16,19,-0.0026531167372013,0.973498597741127,0.4103945940732956,0.0017883949038605,0.0062500002386514,0.0,0.0,4,9.55660775349438e-05,9.55660775349438e-05,1.0,ex,l2sq,6716.56129693985,external_pbrs_seed321_t480k,external_pbrs,480000,0.6056395833333333,0.95,0.8,0.0026531167372013,0.0017883949038605
2026-06-05T14:06:42.396234,273,291706,-423.587124999999,-441.42824999999857,52,0.302445652173913,4.935,0.14,19,19,-0.0019831419864204,0.9273013472557068,0.408855453133583,0.0007405231357552,0.002734375098953,0.0,0.0,4,9.555174286224068e-05,9.555174286224068e-05,1.0,ex,l2sq,6736.714345693588,external_pbrs_seed321_t480k,external_pbrs,480000,0.6077208333333334,0.95,0.95,0.0019831419864204,0.0007405231357552
2026-06-05T14:07:06.607899,274,292733,-475.0031249999983,-475.0031249999983,47,0.3019021739130434,4.88,0.19,14,19,-0.004572567762807,0.9664848148822784,0.412309255450964,0.0016778584129951,0.0105468751280568,0.0,0.0,4,9.553741057857006e-05,9.553741057857006e-05,1.0,ex,l2sq,6760.92608833313,external_pbrs_seed321_t480k,external_pbrs,480000,0.6098604166666667,0.95,0.7,0.004572567762807,0.0016778584129951
2026-06-05T14:07:27.974530,275,293804,-419.6938749999984,-447.3484999999984,57,0.3021739130434782,4.905,0.22,19,19,-0.0027524065255419,0.9536429196596146,0.3984657078981399,0.0019717309638508,0.0140625000494765,0.0,0.0,4,9.551830405182844e-05,9.551830405182844e-05,1.0,ex,l2sq,6782.29271531105,external_pbrs_seed321_t480k,external_pbrs,480000,0.6120916666666667,0.95,0.95,0.0027524065255419,0.0019717309638508
2026-06-05T14:07:51.680856,276,294847,-414.0311249999989,-414.0311249999989,51,0.2980978260869565,5.07,0.22,13,19,-0.0026687473466153,1.005733162164688,0.4185746088624,0.0013778936721791,0.001953125,0.0,0.0,4,9.550397654502838e-05,9.550397654502838e-05,1.0,ex,l2sq,6805.999009847641,external_pbrs_seed321_t480k,external_pbrs,480000,0.6142645833333333,0.95,0.65,0.0026687473466153,0.0013778936721791
2026-06-05T14:08:11.418335,277,295847,-331.113374999999,-372.5722499999989,63,0.296195652173913,5.07,0.21,19,19,-0.0025041915781912,0.9917550086975098,0.3986748084425926,-0.0002519198842264,0.0044921876251464,0.0,0.0,4,9.548965142606652e-05,9.548965142606652e-05,1.0,ex,l2sq,6825.736503601074,external_pbrs_seed321_t480k,external_pbrs,480000,0.6163479166666667,0.95,0.95,0.0025041915781912,0.0002519198842264
2026-06-05T14:08:36.685447,278,296951,-406.64687499999815,-406.64687499999815,54,0.2945652173913043,5.4,0.23,13,19,-0.001020398775654,0.9400164037942886,0.375430591404438,-0.0005607766313006,0.0023437500931322,0.0,0.0,4,9.547532821708868e-05,9.547532821708868e-05,1.0,ex,l2sq,6851.003629207611,external_pbrs_seed321_t480k,external_pbrs,480000,0.6186479166666666,0.95,0.65,0.001020398775654,0.0005607766313006
2026-06-05T14:08:56.915094,279,297970,-420.1288749999986,-413.3878749999984,49,0.2932065217391304,5.26,0.15,19,19,-0.0026602444559102,0.9794928729534148,0.3867395743727684,-0.0001229968963343,0.0005859375087311,0.0,0.0,4,9.546100739523274e-05,9.546100739523274e-05,1.0,ex,l2sq,6871.233256578445,external_pbrs_seed321_t480k,external_pbrs,480000,0.6207708333333334,0.95,0.95,0.0026602444559102,0.0001229968963343
2026-06-05T14:09:21.467036,280,298986,-347.86362499999825,-347.86362499999825,69,0.2994565217391304,5.355,0.19,13,19,-0.0029739536548731,0.970280095934868,0.3884851895272732,0.0015338393991101,0.0058593750291038,0.0,0.0,4,9.544191614836377e-05,9.544191614836377e-05,1.0,ex,l2sq,6895.785218715668,external_pbrs_seed321_t480k,external_pbrs,480000,0.6228875,0.95,0.65,0.0029739536548731,0.0015338393991101
2026-06-05T14:09:41.626069,281,299997,-384.946499999999,-366.4050624999986,56,0.2967391304347826,5.24,0.21,19,19,-0.0033897222368978,0.9898004084825516,0.4080861583352089,0.0010551679060881,0.0058593749126885,0.0,0.0,4,9.542760009955824e-05,9.542760009955824e-05,1.0,ex,l2sq,6915.944263696671,external_pbrs_seed321_t480k,external_pbrs,480000,0.62499375,0.95,0.95,0.0033897222368978,0.0010551679060881
2026-06-05T14:10:06.112964,282,301067,-442.0669999999983,-442.0669999999983,49,0.2959239130434782,5.17,0.19,17,19,-0.00364999215235,0.9866313636302948,0.386717639863491,0.0026075218755522,0.0156250005384208,0.0,0.0,4,9.541328643668127e-05,9.541328643668127e-05,1.0,ex,l2sq,6940.431145191193,external_pbrs_seed321_t480k,external_pbrs,480000,0.6272229166666666,0.95,0.85,0.00364999215235,0.0026075218755522
2026-06-05T14:10:26.966640,283,302110,-386.09424999999845,-414.0806249999984,54,0.2972826086956521,5.19,0.22,19,19,-0.0032876175449927,0.9733342379331588,0.3660847060382366,0.0026848079636693,0.0140625000058207,0.0,0.0,4,9.539420473352682e-05,9.539420473352682e-05,1.0,ex,l2sq,6961.284841060638,external_pbrs_seed321_t480k,external_pbrs,480000,0.6293958333333334,0.95,0.95,0.0032876175449927,0.0026848079636693
2026-06-05T14:10:59.545140,284,303172,-380.77812499999817,-380.77812499999817,64,0.2986413043478261,5.33,0.24,20,20,-0.0028415962704457,0.94295135140419,0.4059510454535484,-0.0006026780552133,0.0003906250058207,0.0,0.0,4,9.537989584131424e-05,9.537989584131424e-05,1.0,ex,l2sq,6993.863118886948,external_pbrs_seed321_t480k,external_pbrs,480000,0.6316083333333333,1.0,1.0,0.0028415962704457,0.0006026780552133
2026-06-05T14:11:22.892297,285,304310,-491.6741249999981,-436.22612499999815,53,0.2994565217391304,5.495,0.25,20,20,-0.0038635857868938,0.9419293254613876,0.3740095235407352,0.0025940665511143,0.0068359377328306,0.0,0.0,4,9.536558933383751e-05,9.536558933383751e-05,1.0,ex,l2sq,7017.210460186005,external_pbrs_seed321_t480k,external_pbrs,480000,0.6339791666666666,1.0,1.0,0.0038635857868938,0.0025940665511143
2026-06-05T14:11:50.138747,286,305369,-440.9347499999982,-440.9347499999982,52,0.2970108695652174,5.425,0.23,15,20,-0.0034475658962036,1.011100448668003,0.3907257467508316,0.0025488682343166,0.020703124886495,0.0,0.0,4,9.534651716962664e-05,9.534651716962664e-05,1.0,ex,l2sq,7044.456920623779,external_pbrs_seed321_t480k,external_pbrs,480000,0.6361854166666666,1.0,0.75,0.0034475658962036,0.0025488682343166
2026-06-05T14:12:12.284755,287,306424,-369.9721249999988,-405.4534374999985,58,0.2983695652173913,5.545,0.26,20,20,-0.0018383920672931,0.9870099425315856,0.39235720038414,0.000883300776536,0.0,0.0,0.0,4,9.53322154304294e-05,9.53322154304294e-05,1.0,ex,l2sq,7066.602934598923,external_pbrs_seed321_t480k,external_pbrs,480000,0.6383833333333333,1.0,1.0,0.0018383920672931,0.000883300776536
2026-06-05T14:12:35.998911,288,307457,-360.2933749999988,-360.2933749999988,62,0.2978260869565217,5.295,0.21,16,20,-0.0024938967369962,0.9635006189346312,0.3806770965456962,0.0018957971967893,0.0035156251396983,0.0,0.0,4,9.531791607477591e-05,9.531791607477591e-05,1.0,ex,l2sq,7090.317106485367,external_pbrs_seed321_t480k,external_pbrs,480000,0.6405354166666667,1.0,0.8,0.0024938967369962,0.0018957971967893
2026-06-05T14:12:58.597883,289,308584,-388.2101249999979,-374.2517499999983,61,0.2994565217391304,5.535,0.19,20,20,-0.0032362398836994,0.9591941088438034,0.3880431354045868,0.0004903344673493,0.0017578125261934,0.0,0.0,4,9.529885344474013e-05,9.529885344474013e-05,1.0,ex,l2sq,7112.916044950485,external_pbrs_seed321_t480k,external_pbrs,480000,0.6428833333333334,1.0,1.0,0.0032362398836994,0.0004903344673493
2026-06-05T14:13:23.866176,290,309634,-412.5561249999989,-412.5561249999989,55,0.3010869565217391,5.455,0.18,18,20,-0.002449426142266,0.9625082463026048,0.3773146271705627,0.0003664936059976,0.0070312499301508,0.0,0.0,4,9.528455885498246e-05,9.528455885498246e-05,1.0,ex,l2sq,7138.184309244156,external_pbrs_seed321_t480k,external_pbrs,480000,0.6450708333333334,1.0,0.9,0.002449426142266,0.0003664936059976
2026-06-05T14:13:43.824203,291,310613,-371.5771249999989,-392.0666249999989,52,0.2989130434782608,5.385,0.11,20,20,-0.0025690014270366,0.96761866658926,0.3703335151076317,0.001298110399739,0.0001953125029103,0.0,0.0,4,9.5270266647577e-05,9.5270266647577e-05,1.0,ex,l2sq,7158.142343044281,external_pbrs_seed321_t480k,external_pbrs,480000,0.6471104166666667,1.0,1.0,0.0025690014270366,0.001298110399739
2026-06-05T14:14:10.952323,292,311631,-429.47137499999855,-429.47137499999855,49,0.3008152173913043,5.21,0.12,17,20,-0.0027464479382617,0.967784821987152,0.3651280775666237,0.0010753755305813,0.0027343749534338,0.0,0.0,4,9.525597634576744e-05,9.525597634576744e-05,1.0,ex,l2sq,7185.270448207855,external_pbrs_seed321_t480k,external_pbrs,480000,0.64923125,1.0,0.85,0.0027464479382617,0.0010753755305813
2026-06-05T14:14:35.001834,293,312766,-497.27149999999824,-463.3714374999984,51,0.3005434782608696,5.11,0.16,20,20,-0.0034077433214406,0.9843987375497818,0.3775350525975227,0.0020184672974209,0.0042968750058207,0.0,0.0,4,9.524168842559544e-05,9.524168842559544e-05,1.0,ex,l2sq,7209.31994843483,external_pbrs_seed321_t480k,external_pbrs,480000,0.6515958333333334,1.0,1.0,0.0034077433214406,0.0020184672974209
2026-06-05T14:15:00.551927,294,313859,-419.6836249999986,-419.6836249999986,52,0.3019021739130434,5.29,0.18,15,20,-0.0026385408229543,0.9276924654841424,0.3743838854134083,0.0023867131494625,0.0101562503259629,0.0,0.0,4,9.522264104032722e-05,9.522264104032722e-05,1.0,ex,l2sq,7234.870080947876,external_pbrs_seed321_t480k,external_pbrs,480000,0.6538729166666667,1.0,0.75,0.0026385408229543,0.0023867131494625
2026-06-05T14:15:22.020226,295,314912,-410.1599999999981,-414.9218124999984,50,0.3,5.43,0.22,20,20,-0.0033504963124869,0.9737014025449752,0.3956542313098907,0.0002579461202003,0.0031250001047737,0.0,0.0,4,9.520359746434557e-05,9.520359746434557e-05,1.0,ex,l2sq,7256.338391542435,external_pbrs_seed321_t480k,external_pbrs,480000,0.6560666666666667,1.0,1.0,0.0033504963124869,0.0002579461202003
2026-06-05T14:15:49.692196,296,315946,-355.16987499999834,-355.16987499999834,50,0.2997282608695652,5.665,0.27,13,20,-0.0039080219750757,0.9988470375537872,0.3934631049633026,0.0002636563466694,0.0097656252328306,0.0,0.0,4,9.51893171627468e-05,9.51893171627468e-05,1.0,ex,l2sq,7284.010342597961,external_pbrs_seed321_t480k,external_pbrs,480000,0.6582208333333334,1.0,0.65,0.0039080219750757,0.0002636563466694
2026-06-05T14:16:14.848276,297,317027,-394.4899999999984,-374.8299374999984,55,0.297554347826087,5.695,0.22,20,20,-0.0035684766597113,0.9621925428509712,0.3805454708635807,0.0027452267806438,0.0240234376396983,0.0,0.0,4,9.517503924111898e-05,9.517503924111898e-05,1.0,ex,l2sq,7309.166441917419,external_pbrs_seed321_t480k,external_pbrs,480000,0.6604729166666666,1.0,1.0,0.0035684766597113,0.0027452267806438
2026-06-05T14:16:40.070774,298,318078,-309.6112499999992,-309.6112499999992,70,0.3019021739130434,5.625,0.26,17,20,-0.0045617424300871,0.979141429066658,0.3607664704322815,-0.0008014552378881,0.0183593747206032,0.0,0.0,4,9.51607632231823e-05,9.51607632231823e-05,1.0,ex,l2sq,7334.388959884644,external_pbrs_seed321_t480k,external_pbrs,480000,0.6626625,1.0,0.85,0.0045617424300871,0.0008014552378881
2026-06-05T14:17:00.173196,299,319067,-276.7952499999996,-293.20324999999934,72,0.3081521739130435,5.44,0.31,20,20,-0.0029456571355694,0.9431896582245828,0.3608020022511482,0.0012950053247322,0.0058593750291038,0.0,0.0,4,9.514648958450265e-05,9.514648958450265e-05,1.0,ex,l2sq,7354.491341352463,external_pbrs_seed321_t480k,external_pbrs,480000,0.6647229166666667,1.0,1.0,0.0029456571355694,0.0012950053247322
2026-06-05T14:17:24.798457,300,320075,-380.47287499999857,-380.47287499999857,60,0.3057065217391304,5.24,0.32,19,20,-0.0031985979963792,0.9987589716911316,0.3948505781590938,0.0024268778763598,0.0085937502444721,0.0,0.0,4,9.512746123805064e-05,9.512746123805064e-05,1.0,ex,l2sq,7379.116630554199,external_pbrs_seed321_t480k,external_pbrs,480000,0.6668229166666667,1.0,0.95,0.0031985979963792,0.0024268778763598
2026-06-05T14:17:46.440097,301,321156,-406.6957499999981,-393.5843124999983,59,0.3065217391304348,5.26,0.28,20,20,-0.002868684468558,0.8960744291543961,0.3602403104305267,0.0005871187882803,0.0050781251629814,0.0,0.0,4,9.511319235669548e-05,9.511319235669548e-05,1.0,ex,l2sq,7400.758261442184,external_pbrs_seed321_t480k,external_pbrs,480000,0.669075,1.0,1.0,0.002868684468558,0.0005871187882803
2026-06-05T14:18:10.194581,302,322181,-431.7492499999986,-431.7492499999986,53,0.3076086956521739,5.315,0.3,18,20,-0.0040763720637186,0.9713682234287262,0.3581140674650669,0.0014389895994781,0.016796875395812,0.0,0.0,4,9.509892585340794e-05,9.509892585340794e-05,1.0,ex,l2sq,7424.512788772583,external_pbrs_seed321_t480k,external_pbrs,480000,0.6712104166666667,1.0,0.9,0.0040763720637186,0.0014389895994781
2026-06-05T14:18:31.309161,303,323237,-427.3107499999984,-429.5299999999985,47,0.3057065217391304,5.41,0.25,20,20,-0.0020726606780954,0.9550272673368454,0.3565291278064251,0.0012060149167609,0.0027343750261934,0.0,0.0,4,9.507990701922652e-05,9.507990701922652e-05,1.0,ex,l2sq,7445.62735414505,external_pbrs_seed321_t480k,external_pbrs,480000,0.6734104166666667,1.0,1.0,0.0020726606780954,0.0012060149167609
2026-06-05T14:18:53.560592,304,324210,-324.7142499999987,-324.7142499999987,58,0.3040760869565217,5.22,0.23,17,20,-0.0021616816695315,0.9522455781698228,0.3596619740128517,0.0019283592051579,0.001953125,0.0,0.0,4,9.50656452708853e-05,9.50656452708853e-05,1.0,ex,l2sq,7467.878782749176,external_pbrs_seed321_t480k,external_pbrs,480000,0.6754375,1.0,0.85,0.0021616816695315,0.0019283592051579
2026-06-05T14:19:13.946627,305,325228,-373.94474999999886,-349.3294999999988,56,0.3048913043478261,5.1,0.25,20,20,-0.0029219968855613,0.9424974620342256,0.3670151829719543,0.0009741697333083,0.0066406251862645,0.0,0.0,4,9.505138589942289e-05,9.505138589942289e-05,1.0,ex,l2sq,7488.264832258224,external_pbrs_seed321_t480k,external_pbrs,480000,0.6775583333333334,1.0,1.0,0.0029219968855613,0.0009741697333083
2026-06-05T14:19:38.463718,306,326310,-436.1032499999987,-436.1032499999987,51,0.3046195652173913,5.19,0.22,18,20,-0.0021413467504318,0.9605868756771088,0.3517031446099281,1.0565607863111117e-05,0.0011718750465661,0.0,0.0,4,9.503712842917832e-05,9.503712842917832e-05,1.0,ex,l2sq,7512.781931400299,external_pbrs_seed321_t480k,external_pbrs,480000,0.6798125,1.0,0.9,0.0021413467504318,1.0565607863111117e-05
2026-06-05T14:20:00.468960,307,327401,-390.73287499999816,-413.4180624999984,59,0.3048913043478261,5.33,0.19,20,20,-0.0028851624738308,0.9783335700631142,0.3664337247610092,-0.0003324864559999,0.0035156250523868,0.0,0.0,4,9.50228733350996e-05,9.50228733350996e-05,1.0,ex,l2sq,7534.787112951279,external_pbrs_seed321_t480k,external_pbrs,480000,0.6820854166666667,1.0,1.0,0.0028851624738308,0.0003324864559999
2026-06-05T14:20:23.683987,308,328422,-330.0227499999989,-330.0227499999989,66,0.3059782608695652,5.405,0.14,18,20,-0.0017604623543774,0.952931359410286,0.3762992918491363,-7.735771941951713e-05,0.000585937523283,0.0,0.0,4,9.50038697106613e-05,9.50038697106613e-05,1.0,ex,l2sq,7558.002190113068,external_pbrs_seed321_t480k,external_pbrs,480000,0.6842125,1.0,0.9,0.0017604623543774,7.735771941951713e-05
2026-06-05T14:20:44.328203,309,329456,-394.22374999999846,-362.1232499999987,49,0.3027173913043478,5.41,0.13,20,20,-0.0038688125263434,0.9481915086507796,0.3586857542395592,0.0030233101496833,0.0046875001862645,0.0,0.0,4,9.498961936772624e-05,9.498961936772624e-05,1.0,ex,l2sq,7578.646396160126,external_pbrs_seed321_t480k,external_pbrs,480000,0.6863666666666667,1.0,1.0,0.0038688125263434,0.0030233101496833
2026-06-05T14:21:10.499106,310,330527,-455.388124999998,-455.388124999998,49,0.3010869565217391,5.43,0.12,18,20,-0.0032449242280565,0.9527870789170264,0.3615191206336021,0.0015257959750897,0.0166015625,0.0,0.0,4,9.49753713997692e-05,9.49753713997692e-05,1.0,ex,l2sq,7604.817280292511,external_pbrs_seed321_t480k,external_pbrs,480000,0.6885979166666667,1.0,0.9,0.0032449242280565,0.0015257959750897
2026-06-05T14:21:32.355466,311,331598,-475.71887499999855,-465.5534999999983,51,0.3008152173913043,5.52,0.11,20,20,-0.0034323723317356,0.9643377065658568,0.3488227650523186,0.0001861572592816,0.0011718750029103,0.0,0.0,4,9.495637727524296e-05,9.495637727524296e-05,1.0,ex,l2sq,7626.67360496521,external_pbrs_seed321_t480k,external_pbrs,480000,0.6908291666666667,1.0,1.0,0.0034323723317356,0.0001861572592816
2026-06-05T14:21:56.671439,312,332654,-378.5739999999987,-378.5739999999987,55,0.302445652173913,5.67,0.24,18,20,-0.0031071604054884,0.9207260012626648,0.3371222242712974,0.0012983582906599,0.0066406253026798,0.0,0.0,4,9.494213405605448e-05,9.494213405605448e-05,1.0,ex,l2sq,7650.989613056183,external_pbrs_seed321_t480k,external_pbrs,480000,0.6930291666666667,1.0,0.9,0.0031071604054884,0.0012983582906599
2026-06-05T14:22:18.035041,313,333695,-411.6703749999983,-395.1221874999985,49,0.3019021739130434,5.605,0.28,20,20,-0.0024392866354902,0.9542438387870787,0.3527814671397209,0.0005921102371757,0.0021484375029103,0.0,0.0,4,9.492789321065676e-05,9.492789321065676e-05,1.0,ex,l2sq,7672.353155136108,external_pbrs_seed321_t480k,external_pbrs,480000,0.6951979166666666,1.0,1.0,0.0024392866354902,0.0005921102371757
2026-06-05T14:22:55.778147,314,334733,-400.4013749999984,-400.4013749999984,55,0.3027173913043478,5.54,0.33,20,20,-0.0020967972151993,0.9498199447989464,0.3437612950801849,0.0002602202366688,0.0029296875,0.0,0.0,4,9.490890858129356e-05,9.490890858129356e-05,1.0,ex,l2sq,7710.096066236496,external_pbrs_seed321_t480k,external_pbrs,480000,0.6973604166666667,1.0,1.0,0.0020967972151993,0.0002602202366688
2026-06-05T14:23:19.051942,315,335835,-454.0414999999984,-427.2214374999984,53,0.3035326086956522,5.585,0.39,20,20,-0.0028514087840449,0.9859052300453186,0.3566201850771904,0.0022722898172105,0.007421875197906,0.0,0.0,4,9.489467248229048e-05,9.489467248229048e-05,1.0,ex,l2sq,7733.370087862015,external_pbrs_seed321_t480k,external_pbrs,480000,0.69965625,1.0,1.0,0.0028514087840449,0.0022722898172105
2026-06-05T14:23:51.130920,316,336894,-358.43837499999853,-358.43837499999853,67,0.3081521739130435,5.355,0.27,20,20,-0.0028297953424044,0.9255145862698556,0.3391667455434799,0.0016750819106846,0.0089843750465661,0.0,0.0,4,9.488043875589152e-05,9.488043875589152e-05,1.0,ex,l2sq,7765.4489023685455,external_pbrs_seed321_t480k,external_pbrs,480000,0.7018625,1.0,1.0,0.0028297953424044,0.0016750819106846
2026-06-05T14:24:13.140339,317,337970,-461.2467499999983,-409.8425624999984,50,0.3067934782608695,5.45,0.28,20,20,-0.0024516672405298,0.9502539336681366,0.3478415869176388,0.0011679518288019,0.0031250001193257,0.0,0.0,4,9.486146361694472e-05,9.486146361694472e-05,1.0,ex,l2sq,7787.458456039429,external_pbrs_seed321_t480k,external_pbrs,480000,0.7041041666666666,1.0,1.0,0.0024516672405298,0.0011679518288019
2026-06-05T14:24:37.507989,318,339035,-354.00849999999866,-354.00849999999866,60,0.3040760869565217,5.415,0.18,19,20,-0.0030186407733707,0.924974724650383,0.3311224356293678,0.0015594999362292,0.0109375002793967,0.0,0.0,4,9.48472346345677e-05,9.48472346345677e-05,1.0,ex,l2sq,7811.82618689537,external_pbrs_seed321_t480k,external_pbrs,480000,0.7063229166666667,1.0,0.95,0.0030186407733707,0.0015594999362292
2026-06-05T14:25:00.577221,319,340125,-411.2441249999986,-382.6263124999986,47,0.2972826086956521,5.365,0.15,20,20,-0.0028212733959662,1.0077612400054932,0.349905677139759,0.0009261833977234,0.0113281252124579,0.0,0.0,4,9.483300802360868e-05,9.483300802360868e-05,1.0,ex,l2sq,7834.895403623581,external_pbrs_seed321_t480k,external_pbrs,480000,0.70859375,1.0,1.0,0.0028212733959662,0.0009261833977234
2026-06-05T14:25:26.504165,320,341134,-367.6376249999988,-367.6376249999988,65,0.2986413043478261,5.36,0.19,19,20,-0.0032697991264285,0.9758446514606476,0.3446264378726482,0.0022771970707481,0.005859375,0.0,0.0,4,9.481404237033404e-05,9.481404237033404e-05,1.0,ex,l2sq,7860.822327375412,external_pbrs_seed321_t480k,external_pbrs,480000,0.7106958333333333,1.0,0.95,0.0032697991264285,0.0022771970707481
2026-06-05T14:25:47.819318,321,342200,-460.8759999999981,-414.2568124999984,47,0.2953804347826086,5.395,0.28,20,20,-0.0031325124378782,0.9379154443740844,0.3630475401878357,-0.0011709844739471,0.0089843749301508,0.0,0.0,4,9.479982050102544e-05,9.479982050102544e-05,1.0,ex,l2sq,7882.137475728989,external_pbrs_seed321_t480k,external_pbrs,480000,0.7129166666666666,1.0,1.0,0.0031325124378782,0.0011709844739471
2026-06-05T14:26:11.066975,322,343220,-388.027374999999,-388.027374999999,62,0.2978260869565217,5.375,0.33,19,20,-0.0019061713224801,0.961664117872715,0.3451517336070537,-0.0004754759815569,0.0019531250727595,0.0,0.0,4,9.47856010019494e-05,9.47856010019494e-05,1.0,ex,l2sq,7905.385180711746,external_pbrs_seed321_t480k,external_pbrs,480000,0.7150416666666667,1.0,0.95,0.0019061713224801,0.0004754759815569
2026-06-05T14:26:32.291828,323,344283,-389.9761249999988,-389.0017499999989,62,0.3019021739130434,5.325,0.29,20,20,-0.0021876879676709,0.9259237200021744,0.3520181328058243,0.0006802611054808,0.0058593752328306,0.0,0.0,4,9.477138339877496e-05,9.477138339877496e-05,1.0,ex,l2sq,7926.610012769699,external_pbrs_seed321_t480k,external_pbrs,480000,0.71725625,1.0,1.0,0.0021876879676709,0.0006802611054808
2026-06-05T14:26:56.205679,324,345335,-412.4446249999983,-412.4446249999983,50,0.2997282608695652,5.395,0.25,19,20,-0.0038288265670417,0.9804804250597954,0.3494314178824425,0.0022193385102127,0.0101562499185092,0.0,0.0,4,9.475716816512207e-05,9.475716816512207e-05,1.0,ex,l2sq,7950.523847103119,external_pbrs_seed321_t480k,external_pbrs,480000,0.7194479166666666,1.0,0.95,0.0038288265670417,0.0022193385102127
2026-06-05T14:27:17.103619,325,346381,-374.4051249999994,-393.4248749999989,59,0.3005434782608696,5.44,0.2,20,20,-0.0022034477486158,0.9563128277659416,0.3556927554309368,0.0008213449882077,0.0060546876920852,0.0,0.0,4,9.473821767906072e-05,9.473821767906072e-05,1.0,ex,l2sq,7971.421816349029,external_pbrs_seed321_t480k,external_pbrs,480000,0.7216270833333334,1.0,1.0,0.0022034477486158,0.0008213449882077
2026-06-05T14:27:41.527830,326,347450,-404.1181249999984,-404.1181249999984,48,0.2997282608695652,5.455,0.17,18,20,-0.0025149792840238,0.955473005771637,0.3576959818601608,0.0008404631764278,0.0035156250523868,0.0,0.0,4,9.472400718326628e-05,9.472400718326628e-05,1.0,ex,l2sq,7995.846031427383,external_pbrs_seed321_t480k,external_pbrs,480000,0.7238541666666667,1.0,0.9,0.0025149792840238,0.0008404631764278
2026-06-05T14:28:04.265139,327,348513,-350.9079999999984,-377.51306249999845,57,0.2991847826086956,5.57,0.24,20,20,-0.0029818747512763,0.939993180334568,0.3624356724321842,0.001896982684866,0.0078125001746229,0.0,0.0,4,9.470979905580882e-05,9.470979905580882e-05,1.0,ex,l2sq,8018.583288669586,external_pbrs_seed321_t480k,external_pbrs,480000,0.72606875,1.0,1.0,0.0029818747512763,0.001896982684866
2026-06-05T14:28:30.176200,328,349585,-432.0842499999982,-432.0842499999982,54,0.2959239130434782,5.53,0.22,18,20,-0.0027376804791856,0.979641191661358,0.3719207569956779,-0.0003641266725708,0.0033203125931322,0.0,0.0,4,9.469085804309564e-05,9.469085804309564e-05,1.0,ex,l2sq,8044.494401931763,external_pbrs_seed321_t480k,external_pbrs,480000,0.7283020833333333,1.0,0.9,0.0027376804791856,0.0003641266725708
2026-06-05T14:28:52.373854,329,350630,-447.5509999999986,-439.8176249999984,47,0.2953804347826086,5.495,0.27,20,20,-0.0027836263179779,0.9409849643707277,0.358210526406765,0.0014132174460428,0.0027343749534338,0.0,0.0,4,9.467665465112816e-05,9.467665465112816e-05,1.0,ex,l2sq,8066.692045211792,external_pbrs_seed321_t480k,external_pbrs,480000,0.7304791666666667,1.0,1.0,0.0027836263179779,0.0014132174460428
2026-06-05T14:29:25.896737,330,351666,-350.6152499999988,-350.6152499999988,60,0.2983695652173913,5.38,0.27,20,20,-0.0027981736464425,1.0063939541578293,0.3515253104269504,0.0011504848633421,0.0035156250960426,0.0,0.0,4,9.466245362631375e-05,9.466245362631375e-05,1.0,ex,l2sq,8100.214899301529,external_pbrs_seed321_t480k,external_pbrs,480000,0.7326375,1.0,1.0,0.0027981736464425,0.0011504848633421
2026-06-05T14:29:46.335531,331,352691,-337.5032499999989,-344.0592499999989,51,0.2983695652173913,5.165,0.25,20,20,-0.0023132697257096,1.0095470547676086,0.3417128063738346,0.0020371067038922,0.0056640625698491,0.0,0.0,4,9.464352208221304e-05,9.464352208221304e-05,1.0,ex,l2sq,8120.653718471527,external_pbrs_seed321_t480k,external_pbrs,480000,0.7347729166666667,1.0,1.0,0.0023132697257096,0.0020371067038922
2026-06-05T14:30:18.529428,332,353736,-357.4019999999991,-357.4019999999991,63,0.3005434782608696,5.175,0.25,20,20,-0.0023758352122964,0.9185042977333068,0.3614156097173691,0.0008895305913938,0.0027343749534338,0.0,0.0,4,9.462932579052134e-05,9.462932579052134e-05,1.0,ex,l2sq,8152.847408533096,external_pbrs_seed321_t480k,external_pbrs,480000,0.73695,1.0,1.0,0.0023758352122964,0.0008895305913938
2026-06-05T14:30:39.564776,333,354796,-412.3951249999987,-384.8985624999989,51,0.3010869565217391,5.175,0.17,20,20,-0.0028816990859922,0.9543514922261238,0.3619238100945949,0.0002432001842407,0.0056640625698491,0.0,0.0,4,9.46151318647994e-05,9.46151318647994e-05,1.0,ex,l2sq,8173.8829181194305,external_pbrs_seed321_t480k,external_pbrs,480000,0.7391583333333334,1.0,1.0,0.0028816990859922,0.0002432001842407
2026-06-05T14:31:05.526495,334,355836,-415.693499999998,-415.693499999998,52,0.3002717391304347,5.22,0.15,16,20,-0.0028294813237152,0.9768052399158478,0.3697467148303985,0.0021281362054651,0.017187500372529,0.0,0.0,4,9.460093983156934e-05,9.460093983156934e-05,1.0,ex,l2sq,8199.844680786133,external_pbrs_seed321_t480k,external_pbrs,480000,0.741325,1.0,0.8,0.0028294813237152,0.0021281362054651
2026-06-05T14:31:25.078984,335,356800,-373.6093749999986,-394.6514374999984,49,0.2991847826086956,4.97,0.12,20,20,-0.0027891129720958,0.99203372746706,0.3585200496017933,1.4328866768692494e-05,0.0056640626717126,0.0,0.0,4,9.458675016359932e-05,9.458675016359932e-05,1.0,ex,l2sq,8219.397150039673,external_pbrs_seed321_t480k,external_pbrs,480000,0.7433333333333333,1.0,1.0,0.0027891129720958,1.4328866768692494e-05
2026-06-05T14:31:49.568993,336,357856,-362.6581249999989,-362.6581249999989,59,0.2970108695652174,5.005,0.2,15,20,-0.0031478353250348,0.94160046428442,0.3537492416799068,0.0013696591185179,0.0087890626164153,0.0,0.0,4,9.45678337594341e-05,9.45678337594341e-05,1.0,ex,l2sq,8243.887170553207,external_pbrs_seed321_t480k,external_pbrs,480000,0.7455333333333334,1.0,0.75,0.0031478353250348,0.0013696591185179
2026-06-05T14:32:11.988454,337,358954,-424.2278749999983,-393.44299999999856,51,0.2972826086956521,5.28,0.23,20,20,-0.0045605169725604,0.9206031858921052,0.3753436207771301,0.0017754081723978,0.0132812501396983,0.0,0.0,4,9.455364882080158e-05,9.455364882080158e-05,1.0,ex,l2sq,8266.306616783142,external_pbrs_seed321_t480k,external_pbrs,480000,0.7478208333333334,1.0,1.0,0.0045605169725604,0.0017754081723978
2026-06-05T14:32:36.825820,338,360059,-445.4054999999981,-445.4054999999981,53,0.2953804347826086,5.36,0.21,19,20,-0.0028171763144201,0.942801758646965,0.3724216483533382,0.0013962708063445,0.0105468750116415,0.0,0.0,4,9.45394662462467e-05,9.45394662462467e-05,1.0,ex,l2sq,8291.144034385681,external_pbrs_seed321_t480k,external_pbrs,480000,0.7501229166666666,1.0,0.95,0.0028171763144201,0.0013962708063445
2026-06-05T14:32:57.240979,339,361082,-390.48524999999887,-417.9453749999985,52,0.2967391304347826,5.45,0.2,20,20,-0.0021350995535613,0.9787866696715356,0.3717472739517689,0.0011556481834304,0.002539062523283,0.0,0.0,4,9.452055929839211e-05,9.452055929839211e-05,1.0,ex,l2sq,8311.55916929245,external_pbrs_seed321_t480k,external_pbrs,480000,0.7522541666666667,1.0,1.0,0.0021350995535613,0.0011556481834304
2026-06-05T14:33:23.129672,340,362179,-460.89924999999744,-460.89924999999744,49,0.292391304347826,5.46,0.13,18,20,-0.0024760260770563,0.9533784091472626,0.3765218108892441,1.9570878703190075e-05,0.0007812500116415,0.0,0.0,4,9.45063814508106e-05,9.45063814508106e-05,1.0,ex,l2sq,8337.447832345963,external_pbrs_seed321_t480k,external_pbrs,480000,0.7545395833333334,1.0,0.9,0.0024760260770563,1.9570878703190075e-05
2026-06-05T14:33:44.561720,341,363261,-475.0332499999979,-467.9662499999977,53,0.2940217391304348,5.325,0.12,20,20,-0.0028139438712968,0.9834290444850922,0.3490716628730297,0.0009982583728287,0.0023437500058207,0.0,0.0,4,9.449220596612488e-05,9.449220596612488e-05,1.0,ex,l2sq,8358.879920959473,external_pbrs_seed321_t480k,external_pbrs,480000,0.75679375,1.0,1.0,0.0028139438712968,0.0009982583728287
2026-06-05T14:34:08.993473,342,364346,-475.2612499999982,-475.2612499999982,44,0.2891304347826087,5.36,0.24,17,20,-0.0020270448061637,0.9722488150000572,0.3622374720871448,0.0013544079240091,0.0042968751076841,0.0,0.0,4,9.44733084698537e-05,9.44733084698537e-05,1.0,ex,l2sq,8383.311670780182,external_pbrs_seed321_t480k,external_pbrs,480000,0.7590541666666667,1.0,0.85,0.0020270448061637,0.0013544079240091
2026-06-05T14:34:31.183740,343,365464,-413.14187499999855,-444.2015624999984,62,0.2891304347826087,5.455,0.27,20,20,-0.0028716863089357,0.9653600081801414,0.358938205987215,-0.0002696316886385,0.002539062523283,0.0,0.0,4,9.445441475289282e-05,9.445441475289282e-05,1.0,ex,l2sq,8405.501914262772,external_pbrs_seed321_t480k,external_pbrs,480000,0.7613833333333333,1.0,1.0,0.0028716863089357,0.0002696316886385
2026-06-05T14:34:56.025078,344,366560,-434.79937499999846,-434.79937499999846,45,0.2877717391304348,5.435,0.31,14,20,-0.0031242356577423,0.9615347683429718,0.3541483655571937,0.0006568811786564,0.0015625000523868,0.0,0.0,4,9.444024682682772e-05,9.444024682682772e-05,1.0,ex,l2sq,8430.343297481537,external_pbrs_seed321_t480k,external_pbrs,480000,0.7636666666666667,1.0,0.7,0.0031242356577423,0.0006568811786564
2026-06-05T14:35:17.098376,345,367625,-320.7448749999991,-377.7721249999988,71,0.2910326086956522,5.59,0.34,20,20,-0.0033126931433798,0.9427338242530824,0.3548838086426258,0.0012232403770212,0.0080078128085006,0.0,0.0,4,9.442608126200494e-05,9.442608126200494e-05,1.0,ex,l2sq,8451.416543960571,external_pbrs_seed321_t480k,external_pbrs,480000,0.7658854166666667,1.0,1.0,0.0033126931433798,0.0012232403770212
2026-06-05T14:35:40.457455,346,368646,-370.6493749999982,-370.6493749999982,54,0.2926630434782609,5.58,0.38,17,20,-0.0022491422365418,0.977347195148468,0.3620934337377548,0.0001445618560865,0.0009765625291038,0.0,0.0,4,9.440719699001336e-05,9.440719699001336e-05,1.0,ex,l2sq,8474.775652170181,external_pbrs_seed321_t480k,external_pbrs,480000,0.7680125,1.0,0.85,0.0022491422365418,0.0001445618560865
2026-06-05T14:36:01.577228,347,369702,-366.6864999999985,-368.6679374999984,64,0.2945652173913043,5.505,0.29,20,20,-0.0018743224092758,0.9430474191904068,0.341722309589386,0.0011438421061029,0.001562500023283,0.0,0.0,4,9.439303614649464e-05,9.439303614649464e-05,1.0,ex,l2sq,8495.895426034927,external_pbrs_seed321_t480k,external_pbrs,480000,0.7702125,1.0,1.0,0.0018743224092758,0.0011438421061029
2026-06-05T14:36:25.821865,348,370754,-382.0739999999983,-382.0739999999983,49,0.2932065217391304,5.57,0.25,12,20,-0.0033975371188717,0.9377879872918128,0.346355427056551,0.0008366569495592,0.0181640633381903,0.0,0.0,4,9.437887766303786e-05,9.437887766303786e-05,1.0,ex,l2sq,8520.140038013458,external_pbrs_seed321_t480k,external_pbrs,480000,0.7724041666666667,1.0,0.6,0.0033975371188717,0.0008366569495592
2026-06-05T14:36:46.476588,349,371779,-347.9968749999985,-365.0354374999984,58,0.296195652173913,5.565,0.16,20,20,-0.0018364638741332,0.9605894833803176,0.3670548871159553,0.0004483979144425,0.0011718750465661,0.0,0.0,4,9.43647210673474e-05,9.43647210673474e-05,1.0,ex,l2sq,8540.794793128967,external_pbrs_seed321_t480k,external_pbrs,480000,0.7745395833333333,1.0,1.0,0.0018364638741332,0.0004483979144425
2026-06-05T14:37:12.188702,350,372839,-393.45624999999785,-393.45624999999785,53,0.2942934782608695,5.73,0.19,14,20,-0.0022530367772559,0.927774243056774,0.3387460112571716,0.0003599619447868,0.0060546876629814,0.0,0.0,4,9.435056683101092e-05,9.435056683101092e-05,1.0,ex,l2sq,8566.506885290146,external_pbrs_seed321_t480k,external_pbrs,480000,0.7767479166666666,1.0,0.7,0.0022530367772559,0.0003599619447868
2026-06-05T14:37:33.504855,351,373904,-409.7017499999985,-401.5789999999982,53,0.2948369565217391,5.635,0.21,20,20,-0.0029163252649595,0.9789224341511726,0.3491873703896999,0.0009014249672418,0.0062500003259629,0.0,0.0,4,9.433169766115038e-05,9.433169766115038e-05,1.0,ex,l2sq,8587.823021650314,external_pbrs_seed321_t480k,external_pbrs,480000,0.7789666666666667,1.0,1.0,0.0029163252649595,0.0009014249672418
2026-06-05T14:37:57.970848,352,374982,-414.9079999999978,-414.9079999999978,55,0.2926630434782609,5.625,0.21,17,20,-0.0012791276341885,0.9646894186735152,0.3365236073732376,0.0004129191934225,0.0,0.0,0.0,4,9.431754814234224e-05,9.431754814234224e-05,1.0,ex,l2sq,8612.28904390335,external_pbrs_seed321_t480k,external_pbrs,480000,0.7812125,1.0,0.85,0.0012791276341885,0.0004129191934225
2026-06-05T14:38:19.819946,353,376068,-387.91649999999856,-401.41224999999815,61,0.2953804347826086,5.74,0.22,20,20,-0.002418902870704,0.9256511107087136,0.3353965580463409,0.0002171866008211,0.0031250000465661,0.0,0.0,4,9.430340098170862e-05,9.430340098170862e-05,1.0,ex,l2sq,8634.138145208359,external_pbrs_seed321_t480k,external_pbrs,480000,0.783475,1.0,1.0,0.002418902870704,0.0002171866008211
2026-06-05T14:38:43.893568,354,377136,-426.2997499999983,-426.2997499999983,52,0.2953804347826086,5.59,0.17,17,20,-0.0030225025024264,0.9450320228934288,0.3577777035534382,0.0005283246666294,0.0013671875494765,0.0,0.0,4,9.428454124454629e-05,9.428454124454629e-05,1.0,ex,l2sq,8658.211770534515,external_pbrs_seed321_t480k,external_pbrs,480000,0.7857,1.0,0.85,0.0030225025024264,0.0005283246666294
2026-06-05T14:39:04.284758,355,378164,-377.51587499999823,-401.9078124999983,52,0.296195652173913,5.635,0.16,20,20,-0.001889944160939,0.8851751387119293,0.3428719490766525,-0.0011585679510063,0.0070312502793967,0.0,0.0,4,9.427039879908276e-05,9.427039879908276e-05,1.0,ex,l2sq,8678.602946996689,external_pbrs_seed321_t480k,external_pbrs,480000,0.7878416666666667,1.0,1.0,0.001889944160939,0.0011585679510063
2026-06-05T14:39:28.926075,356,379171,-367.6537499999995,-367.6537499999995,55,0.2951086956521739,5.555,0.17,17,20,-0.0026016898540547,0.9762577041983604,0.340246956795454,0.0011177882630591,0.0021484374883584,0.0,0.0,4,9.425625871061488e-05,9.425625871061488e-05,1.0,ex,l2sq,8703.244276046753,external_pbrs_seed321_t480k,external_pbrs,480000,0.7899395833333334,1.0,0.85,0.0026016898540547,0.0011177882630591
2026-06-05T14:39:51.696245,357,380248,-356.6353749999992,-362.1445624999993,61,0.2978260869565217,5.535,0.21,20,20,-0.0027744038437958,0.9322120994329453,0.3506891913712024,0.001369188888293,0.0042968750058207,0.0,0.0,4,9.423740840143536e-05,9.423740840143536e-05,1.0,ex,l2sq,8726.014367103577,external_pbrs_seed321_t480k,external_pbrs,480000,0.7921833333333334,1.0,1.0,0.0027744038437958,0.001369188888293
2026-06-05T14:40:23.025899,358,381271,-376.8099999999988,-376.8099999999988,56,0.2986413043478261,5.47,0.22,20,20,-0.0022358999092828,1.023536056280136,0.370200477540493,0.0009146181891992,0.0003906250058207,0.0,0.0,4,9.422327302578045e-05,9.422327302578045e-05,1.0,ex,l2sq,8757.344079971313,external_pbrs_seed321_t480k,external_pbrs,480000,0.7943145833333334,1.0,1.0,0.0022358999092828,0.0009146181891992
2026-06-05T14:40:44.745545,359,382355,-350.79987499999834,-363.8049374999986,63,0.3016304347826087,5.635,0.18,20,20,-0.0037009616498835,0.9247541576623916,0.340763259679079,-0.0007677126512589,0.0125000001862645,0.0,0.0,4,9.420914000594296e-05,9.420914000594296e-05,1.0,ex,l2sq,8779.06372499466,external_pbrs_seed321_t480k,external_pbrs,480000,0.7965729166666666,1.0,1.0,0.0037009616498835,0.0007677126512589
2026-06-05T14:41:10.759170,360,383362,-338.81862499999863,-338.81862499999863,58,0.3040760869565217,5.4,0.14,17,20,-0.0027011856698664,0.9505951032042504,0.3787402175366878,0.0004005687686685,0.0025390625814907,0.0,0.0,4,9.419029912003316e-05,9.419029912003316e-05,1.0,ex,l2sq,8805.077318429947,external_pbrs_seed321_t480k,external_pbrs,480000,0.7986708333333333,1.0,0.85,0.0027011856698664,0.0004005687686685
2026-06-05T14:41:32.554444,361,384405,-375.0138749999989,-356.91624999999874,55,0.3046195652173913,5.295,0.15,20,20,-0.0028265580534935,0.9016518890857697,0.334412656724453,0.000754972521463,0.0003906250058207,0.0,0.0,4,9.417617081065266e-05,9.417617081065266e-05,1.0,ex,l2sq,8826.872624635696,external_pbrs_seed321_t480k,external_pbrs,480000,0.80084375,1.0,1.0,0.0028265580534935,0.000754972521463
2026-06-05T14:41:57.290414,362,385459,-260.72574999999915,-260.72574999999915,61,0.3092391304347826,5.405,0.17,18,20,-0.00270745161979,0.9373658373951912,0.337481964379549,-0.0002572401109318,0.0029296875291038,0.0,0.0,4,9.416204485591192e-05,9.416204485591192e-05,1.0,ex,l2sq,8851.608597278595,external_pbrs_seed321_t480k,external_pbrs,480000,0.8030395833333334,1.0,0.9,0.00270745161979,0.0002572401109318
2026-06-05T14:42:18.818234,363,386544,-377.7568749999984,-319.2413124999988,60,0.308695652173913,5.495,0.28,20,20,-0.0019834459308185,1.0620532035827637,0.3356393948197365,3.6095887912757085e-05,0.0,0.0,0.0,4,9.41479207846004e-05,9.41479207846004e-05,1.0,ex,l2sq,8873.136422395706,external_pbrs_seed321_t480k,external_pbrs,480000,0.8053,1.0,1.0,0.0019834459308185,3.6095887912757085e-05
2026-06-05T14:42:43.539342,364,387638,-390.84499999999815,-390.84499999999815,58,0.3122282608695652,5.555,0.33,17,20,-0.0028974109271076,0.9902144446969032,0.3410197272896766,-0.0005528783182853,0.0107421875291038,0.0,0.0,4,9.413379906722232e-05,9.413379906722232e-05,1.0,ex,l2sq,8897.857475280762,external_pbrs_seed321_t480k,external_pbrs,480000,0.8075791666666666,1.0,0.85,0.0028974109271076,0.0005528783182853
2026-06-05T14:43:04.115523,365,388678,-285.8549999999991,-338.34999999999866,67,0.3111413043478261,5.525,0.38,20,20,-0.003137401191634,0.9305335879325868,0.3359821401536464,0.0006670384846529,0.0060546875756699,0.0,0.0,4,9.411497324874688e-05,9.411497324874688e-05,1.0,ex,l2sq,8918.433686494827,external_pbrs_seed321_t480k,external_pbrs,480000,0.8097458333333334,1.0,1.0,0.003137401191634,0.0006670384846529
2026-06-05T14:43:28.733914,366,389766,-401.7151249999982,-401.7151249999982,59,0.3125,5.615,0.3,18,20,-0.0026636977301677,0.982344537973404,0.331314418464899,0.0008485556682444,0.0031250000756699,0.0,0.0,4,9.409615119524686e-05,9.409615119524686e-05,1.0,ex,l2sq,8943.052121400833,external_pbrs_seed321_t480k,external_pbrs,480000,0.8120125,1.0,0.9,0.0026636977301677,0.0008485556682444
2026-06-05T14:43:49.591584,367,390786,-352.1013749999987,-376.9082499999985,61,0.3116847826086956,5.285,0.22,20,20,-0.003368352353573,0.9544325619935988,0.3521737977862358,0.0001952000417759,0.0046875000116415,0.0,0.0,4,9.408203700781973e-05,9.408203700781973e-05,1.0,ex,l2sq,8963.909767150879,external_pbrs_seed321_t480k,external_pbrs,480000,0.8141375,1.0,1.0,0.003368352353573,0.0001952000417759
2026-06-05T14:44:16.204284,368,391885,-451.54024999999854,-451.54024999999854,57,0.3138586956521739,5.325,0.18,18,20,-0.0035370656230951,0.9316658228635788,0.3534837625920772,0.0031958670770336,0.0214843751891748,0.0,0.0,4,9.406792517267872e-05,9.406792517267872e-05,1.0,ex,l2sq,8990.522462129593,external_pbrs_seed321_t480k,external_pbrs,480000,0.8164270833333334,1.0,0.9,0.0035370656230951,0.0031958670770336
2026-06-05T14:44:38.386929,369,392959,-336.7419999999985,-394.1411249999985,66,0.3160326086956522,5.455,0.24,20,20,-0.0023287326417626,0.9182701706886292,0.3510091379284858,0.0011137168744426,0.002734375098953,0.0,0.0,4,9.40538152190844e-05,9.40538152190844e-05,1.0,ex,l2sq,9012.705096960068,external_pbrs_seed321_t480k,external_pbrs,480000,0.8186645833333334,1.0,1.0,0.0023287326417626,0.0011137168744426
2026-06-05T14:45:15.133085,370,394025,-408.9299999999985,-408.9299999999985,55,0.3165760869565217,5.48,0.24,20,20,-0.0037304981466149,0.9518337920308112,0.3397375643253326,0.0032351409886814,0.0095703129190951,0.0,0.0,4,9.40397076170706e-05,9.40397076170706e-05,1.0,ex,l2sq,9049.451266288756,external_pbrs_seed321_t480k,external_pbrs,480000,0.8208854166666667,1.0,1.0,0.0037304981466149,0.0032351409886814
2026-06-05T14:45:35.226760,371,395019,-314.93087499999854,-361.93043749999856,61,0.31875,5.565,0.21,20,20,-0.0022559315737453,0.9540879726409912,0.3443752937018871,6.843610829038171e-05,0.0013671875058207,0.0,0.0,4,9.402090061594426e-05,9.402090061594426e-05,1.0,ex,l2sq,9069.544919490814,external_pbrs_seed321_t480k,external_pbrs,480000,0.82295625,1.0,1.0,0.0022559315737453,6.843610829038171e-05
2026-06-05T14:46:07.265765,372,396040,-410.4994999999993,-410.4994999999993,59,0.3198369565217391,5.285,0.13,20,20,-0.0036351187329273,0.9132396429777144,0.3301257342100143,-0.0001164424551461,0.0019531250291038,0.0,0.0,4,9.400679771591587e-05,9.400679771591587e-05,1.0,ex,l2sq,9101.583704710009,external_pbrs_seed321_t480k,external_pbrs,480000,0.8250833333333333,1.0,1.0,0.0036351187329273,0.0001164424551461
2026-06-05T14:46:28.298428,373,397068,-350.0228749999982,-380.2611874999988,61,0.3198369565217391,5.24,0.12,20,20,-0.0020883031800622,0.9347481653094292,0.3195560500025749,-0.0001310763072979,0.0029296876018634,0.0,0.0,4,9.399269716629247e-05,9.399269716629247e-05,1.0,ex,l2sq,9122.616580963137,external_pbrs_seed321_t480k,external_pbrs,480000,0.827225,1.0,1.0,0.0020883031800622,0.0001310763072979
2026-06-05T14:47:02.639075,374,398180,-446.2069999999978,-446.2069999999978,59,0.3217391304347826,5.255,0.15,20,20,-0.0028717492765283,0.9780385941267014,0.3480193428695202,0.0005327182533619,0.0035156249796273,0.0,0.0,4,9.39738995667862e-05,9.39738995667862e-05,1.0,ex,l2sq,9156.957038640976,external_pbrs_seed321_t480k,external_pbrs,480000,0.8295416666666666,1.0,1.0,0.0028717492765283,0.0005327182533619
2026-06-05T14:47:23.357695,375,399216,-403.46237499999904,-424.8346874999984,57,0.3230978260869565,5.215,0.21,20,20,-0.0019269853932201,0.9852848947048188,0.3203432485461235,0.0007909324760476,0.0031250000465661,0.0,0.0,4,9.395980371679768e-05,9.395980371679768e-05,1.0,ex,l2sq,9177.675857305529,external_pbrs_seed321_t480k,external_pbrs,480000,0.8317,1.0,1.0,0.0019269853932201,0.0007909324760476
2026-06-05T14:48:01.722006,376,400280,-345.59287499999914,-345.59287499999914,61,0.3247282608695652,5.37,0.22,20,20,-0.0033543751080287,0.9676754921674728,0.3321569636464119,-5.777905657844418e-05,0.0117187503492459,0.0,0.0,4,9.394571021603916e-05,9.394571021603916e-05,1.0,ex,l2sq,9216.039877414703,external_pbrs_seed321_t480k,external_pbrs,480000,0.8339166666666666,1.0,1.0,0.0033543751080287,5.777905657844418e-05
2026-06-05T14:48:23.923591,377,401349,-431.9686249999986,-388.7807499999989,51,0.3220108695652174,5.545,0.27,20,20,-0.0027730927022275,0.9812035635113716,0.3347369953989982,0.0008322856793711,0.0126953128783497,0.0,0.0,4,9.392692201345306e-05,9.392692201345306e-05,1.0,ex,l2sq,9238.241686820984,external_pbrs_seed321_t480k,external_pbrs,480000,0.83614375,1.0,1.0,0.0027730927022275,0.0008322856793711
2026-06-05T14:48:49.222092,378,402421,-321.0284999999989,-321.0284999999989,67,0.325,5.595,0.25,19,20,-0.0025794596469495,0.9561783969402312,0.3211530968546867,0.0003138146606943,0.0050781251047737,0.0,0.0,4,9.391283320998007e-05,9.391283320998007e-05,1.0,ex,l2sq,9263.540299415588,external_pbrs_seed321_t480k,external_pbrs,480000,0.8383770833333334,1.0,0.95,0.0025794596469495,0.0003138146606943
2026-06-05T14:49:10.567004,379,403470,-361.9248749999993,-341.4766874999991,52,0.3220108695652174,5.725,0.2,20,20,-0.0024833694893459,0.9547952637076378,0.339610043913126,0.0017911117935227,0.0056640625116415,0.0,0.0,4,9.389874675456276e-05,9.389874675456276e-05,1.0,ex,l2sq,9284.885116815569,external_pbrs_seed321_t480k,external_pbrs,480000,0.8405625,1.0,1.0,0.0024833694893459,0.0017911117935227
2026-06-05T14:49:36.082642,380,404525,-454.8662499999989,-454.8662499999989,54,0.3209239130434783,5.63,0.16,17,20,-0.0022772938318668,0.9488275796175004,0.3180035278201103,0.0010255878114548,0.0009765625145519,0.0,0.0,4,9.38799679441993e-05,9.38799679441993e-05,1.0,ex,l2sq,9310.40082025528,external_pbrs_seed321_t480k,external_pbrs,480000,0.8427604166666667,1.0,0.85,0.0022772938318668,0.0010255878114548
2026-06-05T14:49:56.807412,381,405566,-387.6306249999984,-421.24843749999866,53,0.3203804347826087,5.56,0.11,20,20,-0.0030495334824081,0.920027196407318,0.33583914488554,0.0016661435309288,0.007421875197906,0.0,0.0,4,9.386588618371933e-05,9.386588618371933e-05,1.0,ex,l2sq,9331.125562429428,external_pbrs_seed321_t480k,external_pbrs,480000,0.8449291666666666,1.0,1.0,0.0030495334824081,0.0016661435309288
2026-06-05T14:50:20.805350,382,406615,-330.4042499999989,-330.4042499999989,65,0.3214673913043478,5.6,0.12,18,20,-0.002938604807423,0.9244806170463562,0.3339890912175178,0.0012090084752003,0.0109374999301508,0.0,0.0,4,9.38518067701212e-05,9.38518067701212e-05,1.0,ex,l2sq,9355.123523712158,external_pbrs_seed321_t480k,external_pbrs,480000,0.8471145833333333,1.0,0.9,0.002938604807423,0.0012090084752003
2026-06-05T14:50:42.358538,383,407691,-359.75437499999845,-345.07931249999865,65,0.3228260869565217,5.76,0.17,20,20,-0.0030799292086158,0.9066709727048874,0.3341175690293312,0.0009024799290955,0.0064453125960426,0.0,0.0,4,9.383303734728524e-05,9.383303734728524e-05,1.0,ex,l2sq,9376.676727056503,external_pbrs_seed321_t480k,external_pbrs,480000,0.84935625,1.0,1.0,0.0030799292086158,0.0009024799290955
2026-06-05T14:51:05.209361,384,408693,-376.3033749999988,-376.3033749999988,54,0.3217391304347826,5.64,0.16,18,20,-0.0033564343582836,0.9034731090068816,0.3224886804819107,0.0012649588240492,0.0046875001862645,0.0,0.0,4,9.381896262627748e-05,9.381896262627748e-05,1.0,ex,l2sq,9399.527563333511,external_pbrs_seed321_t480k,external_pbrs,480000,0.85144375,1.0,0.9,0.0033564343582836,0.0012649588240492
2026-06-05T14:51:25.830684,385,409732,-386.7666249999982,-381.5349999999985,56,0.31875,5.58,0.18,20,20,-0.0030503198911901,0.9666915386915208,0.3245188258588314,0.0006470393926065,0.0052734376658918,0.0,0.0,4,9.380489025097836e-05,9.380489025097836e-05,1.0,ex,l2sq,9420.148826122284,external_pbrs_seed321_t480k,external_pbrs,480000,0.8536083333333333,1.0,1.0,0.0030503198911901,0.0006470393926065
2026-06-05T14:51:51.559144,386,410811,-310.0494999999984,-310.0494999999984,66,0.3206521739130434,5.635,0.22,18,20,-0.0021090060676214,0.940738633275032,0.3501136153936386,0.0017193644544135,0.0031249999592546,0.0,0.0,4,9.379081975196468e-05,9.379081975196468e-05,1.0,ex,l2sq,9445.877351760864,external_pbrs_seed321_t480k,external_pbrs,480000,0.85585625,1.0,0.9,0.0021090060676214,0.0017193644544135
2026-06-05T14:52:12.411281,387,411812,-333.85674999999867,-321.9531249999985,59,0.3201086956521739,5.46,0.21,20,20,-0.004669360036496,0.9927503541111946,0.3223723992705345,0.0003867172768877,0.0138671875029103,0.0,0.0,4,9.377675159795596e-05,9.377675159795596e-05,1.0,ex,l2sq,9466.72945022583,external_pbrs_seed321_t480k,external_pbrs,480000,0.8579416666666667,1.0,1.0,0.004669360036496,0.0003867172768877
2026-06-05T14:52:37.531397,388,412864,-367.5982499999986,-367.5982499999986,60,0.3209239130434783,5.35,0.26,17,20,-0.0027073078439571,0.963282473385334,0.340900044888258,0.0014546215328664,0.0125000003026798,0.0,0.0,4,9.37579971854039e-05,9.37579971854039e-05,1.0,ex,l2sq,9491.849591255188,external_pbrs_seed321_t480k,external_pbrs,480000,0.8601333333333333,1.0,0.85,0.0027073078439571,0.0014546215328664
2026-06-05T14:52:59.249338,389,413924,-388.10762499999856,-377.8529374999986,56,0.3182065217391304,5.19,0.3,20,20,-0.0033113807905467,0.9461181163787842,0.3747962787747383,0.0005985968089589,0.0109375000465661,0.0,0.0,4,9.37439337202328e-05,9.37439337202328e-05,1.0,ex,l2sq,9513.567539930344,external_pbrs_seed321_t480k,external_pbrs,480000,0.8623416666666667,1.0,1.0,0.0033113807905467,0.0005985968089589
2026-06-05T14:53:26.333665,390,415011,-467.85674999999856,-467.85674999999856,51,0.3171195652173913,5.245,0.3,16,20,-0.0024065467150648,0.9472326934337616,0.3440301418304443,0.0004051191031976,0.0037109376862645,0.0,0.0,4,9.372987259889444e-05,9.372987259889444e-05,1.0,ex,l2sq,9540.651813030245,external_pbrs_seed321_t480k,external_pbrs,480000,0.86460625,1.0,0.8,0.0024065467150648,0.0004051191031976
2026-06-05T14:53:47.283643,391,416059,-397.6133749999985,-432.73506249999855,52,0.3146739130434782,5.415,0.26,20,20,-0.0033246815961319,0.8950468525290489,0.334419772028923,0.0014210530504669,0.0058593749126885,0.0,0.0,4,9.371112756167338e-05,9.371112756167338e-05,1.0,ex,l2sq,9561.601820468904,external_pbrs_seed321_t480k,external_pbrs,480000,0.8667895833333333,1.0,1.0,0.0033246815961319,0.0014210530504669
2026-06-05T14:54:15.104337,392,417088,-360.59924999999896,-360.59924999999896,54,0.3133152173913043,5.445,0.19,16,20,-0.0027408093854319,0.9376603662967682,0.3405730649828911,0.0015476425420274,0.0121093753259629,0.0,0.0,4,9.369707112682866e-05,9.369707112682866e-05,1.0,ex,l2sq,9589.42254304886,external_pbrs_seed321_t480k,external_pbrs,480000,0.8689333333333333,1.0,0.8,0.0027408093854319,0.0015476425420274
2026-06-05T14:54:36.681636,393,418137,-427.8842499999988,-394.2417499999989,47,0.3095108695652174,5.45,0.15,20,20,-0.001846502416447,0.9206546097993852,0.3224528655409813,0.0003808609016687,0.0037109374679857,0.0,0.0,4,9.3683017034645e-05,9.3683017034645e-05,1.0,ex,l2sq,9610.999788284302,external_pbrs_seed321_t480k,external_pbrs,480000,0.87111875,1.0,1.0,0.001846502416447,0.0003808609016687
2026-06-05T14:55:02.686955,394,419183,-373.49624999999867,-373.49624999999867,56,0.308695652173913,5.62,0.22,12,20,-0.0022253968578298,0.8998351693153381,0.3530455753207207,0.0003748262362932,0.0003906250058207,0.0,0.0,4,9.366896481630908e-05,9.366896481630908e-05,1.0,ex,l2sq,9637.00514626503,external_pbrs_seed321_t480k,external_pbrs,480000,0.8732979166666667,1.0,0.6,0.0022253968578298,0.0003748262362932
2026-06-05T14:55:24.984454,395,420236,-379.1737499999992,-376.3349999999989,59,0.3092391304347826,5.585,0.27,20,20,-0.0037545965984463,0.9286881610751152,0.3363732434809208,0.0019561269973337,0.0132812501688022,0.0,0.0,4,9.365491493993144e-05,9.365491493993144e-05,1.0,ex,l2sq,9659.30262708664,external_pbrs_seed321_t480k,external_pbrs,480000,0.8754916666666667,1.0,1.0,0.0037545965984463,0.0019561269973337
2026-06-05T14:55:50.165587,396,421286,-292.3209999999988,-292.3209999999988,66,0.3105978260869565,5.56,0.23,15,20,-0.0033328377117868,0.9663409292697906,0.3286129832267761,-0.0006310735679107,0.0062500000058207,0.0,0.0,4,9.363618489349262e-05,9.363618489349262e-05,1.0,ex,l2sq,9684.48378610611,external_pbrs_seed321_t480k,external_pbrs,480000,0.8776791666666667,1.0,0.75,0.0033328377117868,0.0006310735679107
2026-06-05T14:56:12.920094,397,422349,-361.18874999999866,-326.7548749999987,61,0.3133152173913043,5.45,0.16,20,20,-0.0001354396314128,0.928997367620468,0.3285616710782051,0.0002397689442659,0.001562500023283,0.0,0.0,4,9.362213969986076e-05,9.362213969986076e-05,1.0,ex,l2sq,9707.23821902275,external_pbrs_seed321_t480k,external_pbrs,480000,0.87989375,1.0,1.0,0.0001354396314128,0.0002397689442659
2026-06-05T14:56:39.029279,398,423423,-344.62087499999825,-344.62087499999825,68,0.3135869565217391,5.48,0.17,14,20,-0.0031021290109493,0.941783294081688,0.3287649042904377,0.002511512111323,0.0070312501193257,0.0,0.0,4,9.360809684701648e-05,9.360809684701648e-05,1.0,ex,l2sq,9733.347453594208,external_pbrs_seed321_t480k,external_pbrs,480000,0.88213125,1.0,0.7,0.0031021290109493,0.002511512111323
2026-06-05T14:57:05.027598,399,424493,-398.1313749999982,-371.3761249999982,59,0.3154891304347826,5.58,0.15,20,20,-0.0034007199137705,0.9502123221755028,0.336465522646904,0.0004145707883253,0.0052734376513399,0.0,0.0,4,9.358937616372806e-05,9.358937616372806e-05,1.0,ex,l2sq,9759.345788955688,external_pbrs_seed321_t480k,external_pbrs,480000,0.8843604166666666,1.0,1.0,0.0034007199137705,0.0004145707883253
2026-06-05T14:57:30.289726,400,425533,-414.9183749999988,-414.9183749999988,47,0.3135869565217391,5.57,0.15,15,20,-0.0027094140823464,0.9554436206817628,0.3265730291604996,0.0022750401374651,0.0085937503026798,0.0,0.0,4,9.357533799128864e-05,9.357533799128864e-05,1.0,ex,l2sq,9784.607892513275,external_pbrs_seed321_t480k,external_pbrs,480000,0.8865270833333333,1.0,0.75,0.0027094140823464,0.0022750401374651
2026-06-05T14:57:50.916729,401,426560,-356.8147499999991,-385.86656249999896,64,0.3165760869565217,5.37,0.12,20,20,-0.003540458602947,0.9523473754525184,0.310039259493351,0.0003130549710022,0.0115234378317836,0.0,0.0,4,9.356130215846664e-05,9.356130215846664e-05,1.0,ex,l2sq,9805.23492527008,external_pbrs_seed321_t480k,external_pbrs,480000,0.8886666666666667,1.0,1.0,0.003540458602947,0.0003130549710022
2026-06-05T14:58:16.331619,402,427667,-426.6577499999983,-426.6577499999983,59,0.314945652173913,5.495,0.16,12,20,-0.0024496156634995,0.9820360839366912,0.3268359005451202,0.0010071197075603,0.0046874999825377,0.0,0.0,4,9.354259083364798e-05,9.354259083364798e-05,1.0,ex,l2sq,9830.64981675148,external_pbrs_seed321_t480k,external_pbrs,480000,0.8909729166666667,1.0,0.6,0.0024496156634995,0.0010071197075603
2026-06-05T14:58:38.474515,403,428739,-432.8422499999981,-429.7499999999982,49,0.3105978260869565,5.48,0.22,20,20,-0.0030919761687981,0.9251327365636826,0.3180739358067512,0.0021301148042994,0.0156250002328306,0.0,0.0,4,9.35285596788911e-05,9.35285596788911e-05,1.0,ex,l2sq,9852.792687892914,external_pbrs_seed321_t480k,external_pbrs,480000,0.89320625,1.0,1.0,0.0030919761687981,0.0021301148042994
2026-06-05T14:59:04.233261,404,429835,-416.72212499999847,-416.72212499999847,54,0.3105978260869565,5.805,0.26,12,20,-0.0024096511626339,0.901653841137886,0.3048393279314041,-0.0003168007906197,0.0027343750116415,0.0,0.0,4,9.351453086258206e-05,9.351453086258206e-05,1.0,ex,l2sq,9878.551426887512,external_pbrs_seed321_t480k,external_pbrs,480000,0.8954895833333333,1.0,0.6,0.0024096511626339,0.0003168007906197
2026-06-05T14:59:25.050913,405,430875,-420.166249999998,-418.44418749999824,48,0.3084239130434782,5.74,0.26,20,20,-0.0043090225371997,0.93510602414608,0.3326994851231575,0.002675681898836,0.0208984375931322,0.0,0.0,4,9.349582889155488e-05,9.349582889155488e-05,1.0,ex,l2sq,9899.36906027794,external_pbrs_seed321_t480k,external_pbrs,480000,0.89765625,1.0,1.0,0.0043090225371997,0.002675681898836
2026-06-05T14:59:49.252647,406,431918,-365.7713749999987,-365.7713749999987,61,0.3070652173913043,5.56,0.23,14,20,-0.0042478640680201,0.9537423402071,0.3116696402430534,0.0046841644852065,0.0187500002793967,0.0,0.0,4,9.34818047509724e-05,9.34818047509724e-05,1.0,ex,l2sq,9923.570851564407,external_pbrs_seed321_t480k,external_pbrs,480000,0.8998291666666667,1.0,0.7,0.0042478640680201,0.0046841644852065
2026-06-05T15:00:10.454979,407,432980,-395.9908749999989,-380.8811249999988,62,0.3078804347826087,5.335,0.25,20,20,-0.0025521604533423,0.948120504617691,0.3190214931964874,0.000337405373466,0.0037109376426087,0.0,0.0,4,9.346778294766877e-05,9.346778294766877e-05,1.0,ex,l2sq,9944.773159503937,external_pbrs_seed321_t480k,external_pbrs,480000,0.9020416666666666,1.0,1.0,0.0025521604533423,0.000337405373466
2026-06-05T15:00:34.206214,408,434026,-348.1558749999988,-348.1558749999988,55,0.3065217391304348,5.49,0.29,15,20,-0.0024031610038946,0.9832103922963142,0.3201467581093311,-0.0002349981053157,0.0048828125291038,0.0,0.0,4,9.344909032575708e-05,9.344909032575708e-05,1.0,ex,l2sq,9968.524401664734,external_pbrs_seed321_t480k,external_pbrs,480000,0.9042208333333334,1.0,0.75,0.0024031610038946,0.0002349981053157
2026-06-05T15:00:53.709143,409,435016,-324.217999999999,-336.18693749999886,65,0.3089673913043478,5.595,0.32,20,20,-0.0025207274185961,0.9225448668003082,0.3103684261441231,0.001880333004442,0.001562500023283,0.0,0.0,4,9.343507319584262e-05,9.343507319584262e-05,1.0,ex,l2sq,9988.027339696884,external_pbrs_seed321_t480k,external_pbrs,480000,0.9062833333333333,1.0,1.0,0.0025207274185961,0.001880333004442
2026-06-05T15:01:20.408601,410,436034,-372.6083749999985,-372.6083749999985,53,0.3095108695652174,5.49,0.25,13,20,-0.0034856644677345,0.96083402633667,0.3092084489762783,0.0028444598896499,0.0070312499883584,0.0,0.0,4,9.34210584020386e-05,9.34210584020386e-05,1.0,ex,l2sq,10014.72668671608,external_pbrs_seed321_t480k,external_pbrs,480000,0.9084041666666667,1.0,0.65,0.0034856644677345,0.0028444598896499
2026-06-05T15:01:41.259471,411,437043,-306.99612499999915,-339.8022499999988,61,0.3119565217391304,5.42,0.22,20,20,-0.0023255002161022,0.9399429112672806,0.2877135053277015,-0.0003637267629528,0.0082031250931322,0.0,0.0,4,9.340704547684264e-05,9.340704547684264e-05,1.0,ex,l2sq,10035.577579021454,external_pbrs_seed321_t480k,external_pbrs,480000,0.91050625,1.0,1.0,0.0023255002161022,0.0003637267629528
2026-06-05T15:02:06.170753,412,438132,-395.8921249999984,-395.8921249999984,52,0.3114130434782609,5.395,0.27,15,20,-0.0024937682173913,0.9637117981910706,0.3200631402432918,-0.0006092945372074,0.0035156250960426,0.0,0.0,4,9.339303488705634e-05,9.339303488705634e-05,1.0,ex,l2sq,10060.488932609558,external_pbrs_seed321_t480k,external_pbrs,480000,0.912775,1.0,0.75,0.0024937682173913,0.0006092945372074
2026-06-05T15:02:26.785287,413,439170,-338.9022499999986,-367.3971874999985,64,0.3160326086956522,5.24,0.27,20,20,-0.0022105269010352,0.9733831360936164,0.3200493864715099,0.0004817434241886,0.0007812500116415,0.0,0.0,4,9.337435721400929e-05,9.337435721400929e-05,1.0,ex,l2sq,10081.103460073473,external_pbrs_seed321_t480k,external_pbrs,480000,0.9149375,1.0,1.0,0.0022105269010352,0.0004817434241886
2026-06-05T15:02:51.170000,414,440213,-359.14199999999863,-359.14199999999863,55,0.3157608695652174,5.315,0.27,12,20,-0.0033249647240154,0.9310361742973328,0.3053486198186874,0.0018376813353825,0.0082031253259629,0.0,0.0,4,9.336035129387475e-05,9.336035129387475e-05,1.0,ex,l2sq,10105.4881772995,external_pbrs_seed321_t480k,external_pbrs,480000,0.9171104166666667,1.0,0.6,0.0033249647240154,0.0018376813353825
2026-06-05T15:03:12.856513,415,441274,-426.0046249999984,-392.5733124999985,53,0.3141304347826087,5.315,0.23,20,20,-0.0024668112411745,0.9387501552700996,0.3097463883459568,0.0014398365743545,0.0060546876629814,0.0,0.0,4,9.334634770798244e-05,9.334634770798244e-05,1.0,ex,l2sq,10127.17466044426,external_pbrs_seed321_t480k,external_pbrs,480000,0.9193208333333334,1.0,1.0,0.0024668112411745,0.0014398365743545
2026-06-05T15:03:35.889196,416,442271,-362.0226249999993,-362.0226249999993,51,0.3100543478260869,5.32,0.14,10,20,-0.0023068338894518,0.914491668343544,0.282335240393877,0.0002481299084138,0.0074218751105945,0.0,0.0,4,9.332767937190432e-05,9.332767937190432e-05,1.0,ex,l2sq,10150.20741057396,external_pbrs_seed321_t480k,external_pbrs,480000,0.9213979166666667,1.0,0.5,0.0023068338894518,0.0002481299084138
2026-06-05T15:03:56.488593,417,443315,-254.4914999999993,-308.25706249999934,71,0.3127717391304347,5.325,0.11,20,20,-0.0025919989682734,0.9245680570602416,0.3001559674739837,0.0001656929256568,0.0042968751513399,0.0,0.0,4,9.331368045332938e-05,9.331368045332938e-05,1.0,ex,l2sq,10170.80679345131,external_pbrs_seed321_t480k,external_pbrs,480000,0.9235729166666666,1.0,1.0,0.0025919989682734,0.0001656929256568
2026-06-05T15:04:20.646643,418,444348,-301.63699999999903,-301.63699999999903,69,0.3130434782608696,5.325,0.12,13,20,-0.0018200036352937,0.9141891747713088,0.295477069914341,0.0008373635353109,0.0005859375087311,0.0,0.0,4,9.32996838678298e-05,9.32996838678298e-05,1.0,ex,l2sq,10194.96482872963,external_pbrs_seed321_t480k,external_pbrs,480000,0.925725,1.0,0.65,0.0018200036352937,0.0008373635353109
2026-06-05T15:04:42.953410,419,445437,-281.9322499999991,-291.7846249999991,67,0.3152173913043478,5.575,0.21,20,20,-0.0024065837904343,0.9539513438940048,0.3031259179115295,0.0014279393504693,0.0007812500116415,0.0,0.0,4,9.328568914851049e-05,9.328568914851049e-05,1.0,ex,l2sq,10217.271575450895,external_pbrs_seed321_t480k,external_pbrs,480000,0.92799375,1.0,1.0,0.0024065837904343,0.0014279393504693
2026-06-05T15:05:10.901134,420,446557,-389.4264999999986,-389.4264999999986,67,0.3206521739130434,5.655,0.22,13,20,-0.0026585709754726,0.9359769821166992,0.2815846353769302,5.351528964187002e-05,0.0052734378259629,0.0,0.0,4,9.327169676156664e-05,9.327169676156664e-05,1.0,ex,l2sq,10245.219309329988,external_pbrs_seed321_t480k,external_pbrs,480000,0.9303270833333334,1.0,0.65,0.0026585709754726,5.351528964187002e-05
2026-06-05T15:05:32.581957,421,447596,-335.8444999999992,-362.6354999999989,60,0.3195652173913043,5.69,0.19,20,20,-0.0026102187403012,0.9138773009181024,0.2862560600042343,0.0011041028558679,0.0052734375058207,0.0,0.0,4,9.325304335493132e-05,9.325304335493132e-05,1.0,ex,l2sq,10266.900100708008,external_pbrs_seed321_t480k,external_pbrs,480000,0.9324916666666667,1.0,1.0,0.0026102187403012,0.0011041028558679
2026-06-05T15:05:57.688051,422,448633,-314.9564999999987,-314.9564999999987,63,0.3206521739130434,5.47,0.18,13,20,-0.0026775389851536,0.9817612022161484,0.3026525899767875,1.2332519872870762e-05,0.0003906250058207,0.0,0.0,4,9.323905563157237e-05,9.323905563157237e-05,1.0,ex,l2sq,10292.006234645844,external_pbrs_seed321_t480k,external_pbrs,480000,0.9346520833333334,1.0,0.65,0.0026775389851536,1.2332519872870762e-05
2026-06-05T15:06:19.648353,423,449682,-352.0793749999987,-333.5179374999987,54,0.3220108695652174,5.575,0.25,20,20,-0.0030373742221854,0.9642980098724364,0.2870021387934685,0.00139404507986,0.0085937499534338,0.0,0.0,4,9.32250702394229e-05,9.32250702394229e-05,1.0,ex,l2sq,10313.966532945631,external_pbrs_seed321_t480k,external_pbrs,480000,0.9368375,1.0,1.0,0.0030373742221854,0.00139404507986
2026-06-05T15:06:45.130550,424,450740,-461.8098749999984,-461.8098749999984,48,0.3203804347826087,5.54,0.25,10,20,-0.0023567025215016,0.9831144735217094,0.2772562764585018,0.0009006260884007,0.0082031252823071,0.0,0.0,4,9.320642615762572e-05,9.320642615762572e-05,1.0,ex,l2sq,10339.448704957962,external_pbrs_seed321_t480k,external_pbrs,480000,0.9390416666666667,1.0,0.5,0.0023567025215016,0.0009006260884007
2026-06-05T15:07:06.531821,425,451806,-350.6302499999992,-406.2200624999988,66,0.3252717391304348,5.53,0.23,20,20,-0.002751389198238,0.9883828610181808,0.293399304151535,0.0016013906195439,0.0035156250523868,0.0,0.0,4,9.31924454267298e-05,9.31924454267298e-05,1.0,ex,l2sq,10360.849965572355,external_pbrs_seed321_t480k,external_pbrs,480000,0.9412625,1.0,1.0,0.002751389198238,0.0016013906195439
2026-06-05T15:07:30.235377,426,452841,-379.9102499999987,-379.9102499999987,58,0.3244565217391304,5.615,0.19,12,20,-0.0025349286253913,0.9543493837118148,0.3039478361606598,0.000878939433187,0.003710937598953,0.0,0.0,4,9.3178467025878e-05,9.3178467025878e-05,1.0,ex,l2sq,10384.553564310074,external_pbrs_seed321_t480k,external_pbrs,480000,0.94341875,1.0,0.6,0.0025349286253913,0.000878939433187
2026-06-05T15:07:50.508655,427,453848,-338.3882499999989,-359.1492499999988,58,0.3233695652173913,5.57,0.13,20,20,-0.00262863416865,0.888964980840683,0.2949188500642776,0.0010954307460451,0.0023437499912688,0.0,0.0,4,9.31598322642575e-05,9.31598322642575e-05,1.0,ex,l2sq,10404.826832294464,external_pbrs_seed321_t480k,external_pbrs,480000,0.9455166666666667,1.0,1.0,0.00262863416865,0.0010954307460451
2026-06-05T15:08:13.581234,428,454836,-299.187499999999,-299.187499999999,64,0.3258152173913043,5.58,0.18,13,20,-0.0035224273917267,0.9469805657863616,0.29486945271492,-0.000152611516387,0.0078124999126885,0.0,0.0,4,9.314585852232908e-05,9.314585852232908e-05,1.0,ex,l2sq,10427.899420261385,external_pbrs_seed321_t480k,external_pbrs,480000,0.947575,1.0,0.65,0.0035224273917267,0.000152611516387
2026-06-05T15:08:33.317783,429,455828,-435.6692499999984,-367.4283749999987,39,0.31875,5.43,0.23,20,20,-0.0024350583800697,0.9694515839219092,0.3063204288482666,-0.0005976682062054,0.0019531250582076,0.0,0.0,4,9.313188710928004e-05,9.313188710928004e-05,1.0,ex,l2sq,10447.635936021805,external_pbrs_seed321_t480k,external_pbrs,480000,0.9496416666666667,1.0,1.0,0.0024350583800697,0.0005976682062054
2026-06-05T15:08:57.839685,430,456823,-275.75624999999945,-275.75624999999945,66,0.3222826086956522,5.135,0.19,14,20,-0.0025319584878161,0.9215554594993592,0.2837433591485023,0.000387351387144,0.0035156250523868,0.0,0.0,4,9.3117917559055e-05,9.3117917559055e-05,1.0,ex,l2sq,10472.15787100792,external_pbrs_seed321_t480k,external_pbrs,480000,0.9517145833333334,1.0,0.7,0.0025319584878161,0.000387351387144
2026-06-05T15:09:19.128571,431,457878,-431.2669999999988,-353.51162499999907,50,0.3192934782608695,5.15,0.16,20,20,-0.003588015961577,0.9150657504796982,0.2970025539398193,0.0001744186573887,0.0154296878026798,0.0,0.0,4,9.310395033701074e-05,9.310395033701074e-05,1.0,ex,l2sq,10493.446727514269,external_pbrs_seed321_t480k,external_pbrs,480000,0.9539125,1.0,1.0,0.003588015961577,0.0001744186573887
2026-06-05T15:09:44.443504,432,458927,-372.1743749999984,-372.1743749999984,64,0.3225543478260869,5.045,0.06,12,20,-0.0022279688921116,0.9252704977989196,0.2917739935219288,-0.0002741410848784,0.0046875001426087,0.0,0.0,4,9.308533047798284e-05,9.308533047798284e-05,1.0,ex,l2sq,10518.761694908142,external_pbrs_seed321_t480k,external_pbrs,480000,0.9560979166666667,1.0,0.6,0.0022279688921116,0.0002741410848784
2026-06-05T15:10:06.782780,433,459983,-408.9103749999982,-390.5423749999983,57,0.3206521739130434,5.165,0.1,20,20,-0.0026972436520735,0.9570013582706453,0.3234457448124885,0.0013939939675765,0.0054687501396983,0.0,0.0,4,9.30713679111361e-05,9.30713679111361e-05,1.0,ex,l2sq,10541.100963115692,external_pbrs_seed321_t480k,external_pbrs,480000,0.9582979166666666,1.0,1.0,0.0026972436520735,0.0013939939675765
2026-06-05T15:10:31.935910,434,461047,-372.2387499999984,-372.2387499999984,63,0.3228260869565217,5.33,0.14,14,20,-0.0021734252615715,0.9306330606341362,0.3013853691518307,0.0008598696496392,0.0027343750116415,0.0,0.0,4,9.305740767130629e-05,9.305740767130629e-05,1.0,ex,l2sq,10566.254015684128,external_pbrs_seed321_t480k,external_pbrs,480000,0.9605145833333333,1.0,0.7,0.0021734252615715,0.0008598696496392
2026-06-05T15:10:55.485640,435,462090,-347.02699999999925,-359.6328749999988,65,0.3260869565217391,5.44,0.14,20,20,-0.0020730303771415,0.93829645216465,0.2838052287697792,0.0010216140427701,0.0009765625,0.0,0.0,4,9.303879712034607e-05,9.303879712034607e-05,1.0,ex,l2sq,10589.803619384766,external_pbrs_seed321_t480k,external_pbrs,480000,0.9626875,1.0,1.0,0.0020730303771415,0.0010216140427701
2026-06-05T15:11:20.826738,436,463154,-435.3603749999982,-435.3603749999982,49,0.3255434782608695,5.415,0.17,14,20,-0.0022222787811188,1.0326542258262634,0.3320663049817085,0.0017016838972267,0.001953125,0.0,0.0,4,9.302484153338666e-05,9.302484153338666e-05,1.0,ex,l2sq,10615.144872188568,external_pbrs_seed321_t480k,external_pbrs,480000,0.9649041666666667,1.0,0.7,0.0022222787811188,0.0017016838972267
2026-06-05T15:11:42.585617,437,464213,-331.3447499999992,-383.3525624999987,56,0.3214673913043478,5.5,0.12,20,20,-0.0025955252887797,0.9063836708664894,0.2861717045307159,0.0008548823314754,0.0009765625145519,0.0,0.0,4,9.301088827228086e-05,9.301088827228086e-05,1.0,ex,l2sq,10636.903747320175,external_pbrs_seed321_t480k,external_pbrs,480000,0.9671104166666666,1.0,1.0,0.0025955252887797,0.0008548823314754
2026-06-05T15:12:09.314403,438,465300,-363.05562499999854,-363.05562499999854,65,0.3203804347826087,5.585,0.1,13,20,-0.0025281973663368,0.9336686953902243,0.2890248075127601,0.001486209160771,0.0054687499214196,0.0,0.0,4,9.29922870247353e-05,9.29922870247353e-05,1.0,ex,l2sq,10663.63256597519,external_pbrs_seed321_t480k,external_pbrs,480000,0.969375,1.0,0.65,0.0025281973663368,0.001486209160771
2026-06-05T15:12:30.741506,439,466329,-366.8122499999989,-364.9339374999987,60,0.3184782608695652,5.59,0.13,20,20,-0.0016273018874928,0.9389593452215196,0.2914040610194206,0.0013296289846039,0.001953125,0.0,0.0,4,9.297833841417392e-05,9.297833841417392e-05,1.0,ex,l2sq,10685.059607505798,external_pbrs_seed321_t480k,external_pbrs,480000,0.97151875,1.0,1.0,0.0016273018874928,0.0013296289846039
2026-06-05T15:12:56.198264,440,467341,-360.9227499999993,-360.9227499999993,57,0.3157608695652174,5.475,0.09,15,20,-0.0023734249480185,0.9366561472415924,0.287409245967865,0.0009312502938883,0.0013671875494765,0.0,0.0,4,9.29643921283035e-05,9.29643921283035e-05,1.0,ex,l2sq,10710.516418457031,external_pbrs_seed321_t480k,external_pbrs,480000,0.9736270833333334,1.0,0.75,0.0023734249480185,0.0009312502938883
2026-06-05T15:13:16.448880,441,468354,-290.41324999999864,-325.667999999999,72,0.3190217391304348,5.215,0.15,20,20,-0.0028034523129463,0.933673620223999,0.2910851985216141,5.244194308029471e-05,0.01171875,0.0,0.0,4,9.295044770190686e-05,9.295044770190686e-05,1.0,ex,l2sq,10730.76701259613,external_pbrs_seed321_t480k,external_pbrs,480000,0.9757375,1.0,1.0,0.0028034523129463,5.244194308029471e-05
2026-06-05T15:13:41.080861,442,469418,-359.63574999999935,-359.63574999999935,57,0.3173913043478261,5.24,0.2,13,20,-0.0024550721471313,0.9291733130812644,0.2814844697713852,0.0009724911717057,0.0015625000087311,0.0,0.0,4,9.29365055995038e-05,9.29365055995038e-05,1.0,ex,l2sq,10755.399066209791,external_pbrs_seed321_t480k,external_pbrs,480000,0.9779541666666667,1.0,0.65,0.0024550721471313,0.0009724911717057
2026-06-05T15:14:02.493237,443,470461,-362.6857499999991,-361.1607499999992,57,0.3182065217391304,5.425,0.21,20,20,-0.0032923646911513,0.9196993857622148,0.3021674454212188,0.0003558304121725,0.0048828125727595,0.0,0.0,4,9.291791922774898e-05,9.291791922774898e-05,1.0,ex,l2sq,10776.811367750168,external_pbrs_seed321_t480k,external_pbrs,480000,0.9801270833333333,1.0,1.0,0.0032923646911513,0.0003558304121725
2026-06-05T15:14:26.618291,444,471490,-364.4489999999993,-364.4489999999993,58,0.3209239130434783,5.66,0.27,12,20,-0.0034000352723522,1.003647297620773,0.3001344949007034,0.0025623315584198,0.015625,0.0,0.0,4,9.290398177217122e-05,9.290398177217122e-05,1.0,ex,l2sq,10800.936500549316,external_pbrs_seed321_t480k,external_pbrs,480000,0.9822708333333333,1.0,0.6,0.0034000352723522,0.0025623315584198
2026-06-05T15:14:46.862614,445,472508,-355.3173749999993,-359.8831874999993,64,0.3203804347826087,5.505,0.29,20,20,-0.0032259226049064,0.9183006882667542,0.2810094468295574,0.0013417872955869,0.0087890625,0.0,0.0,4,9.28900466394253e-05,9.28900466394253e-05,1.0,ex,l2sq,10821.180806398392,external_pbrs_seed321_t480k,external_pbrs,480000,0.9843916666666667,1.0,1.0,0.0032259226049064,0.0013417872955869
2026-06-05T15:15:11.620661,446,473543,-392.6304999999983,-392.6304999999983,54,0.3192934782608695,5.52,0.27,16,20,-0.003349591884762,0.957357183098793,0.3012367188930511,0.0020344527320048,0.0187500001920852,0.0,0.0,4,9.287611336466612e-05,9.287611336466612e-05,1.0,ex,l2sq,10845.938841819763,external_pbrs_seed321_t480k,external_pbrs,480000,0.9865479166666666,1.0,0.8,0.003349591884762,0.0020344527320048
2026-06-05T15:15:33.717489,447,474606,-391.7182499999986,-392.17437499999846,53,0.3179347826086957,5.335,0.23,20,20,-0.0029671271127881,0.9266579747200012,0.3032709248363971,-0.0002612826907806,0.0078125001164153,0.0,0.0,4,9.2862182412042e-05,9.2862182412042e-05,1.0,ex,l2sq,10868.035648822784,external_pbrs_seed321_t480k,external_pbrs,480000,0.9887625,1.0,1.0,0.0029671271127881,0.0002612826907806
2026-06-05T15:15:58.152800,448,475660,-350.03049999999865,-350.03049999999865,67,0.31875,5.31,0.14,13,20,-0.0026385903649497,0.9214210882782936,0.3048432543873787,0.0013614827314058,0.0082031249767169,0.0,0.0,4,9.28436109041814e-05,9.28436109041814e-05,1.0,ex,l2sq,10892.470999479294,external_pbrs_seed321_t480k,external_pbrs,480000,0.9909583333333334,1.0,0.65,0.0026385903649497,0.0013614827314058
2026-06-05T15:16:18.844125,449,476692,-388.2712499999982,-369.1508749999985,53,0.3225543478260869,5.37,0.17,20,20,-0.0032221019850111,0.944652572274208,0.3036313205957412,0.0001369361658362,0.0082031253259629,0.0,0.0,4,9.28296845946664e-05,9.28296845946664e-05,1.0,ex,l2sq,10913.162317991257,external_pbrs_seed321_t480k,external_pbrs,480000,0.9931083333333334,1.0,1.0,0.0032221019850111,0.0001369361658362
2026-06-05T15:16:45.965783,450,477772,-398.553374999998,-398.553374999998,58,0.3203804347826087,5.45,0.2,14,20,-0.001924505153147,0.9154090732336044,0.2979541718959808,0.0005928143461005,0.0001953125029103,0.0,0.0,4,9.281576060612563e-05,9.281576060612563e-05,1.0,ex,l2sq,10940.283959388731,external_pbrs_seed321_t480k,external_pbrs,480000,0.9953583333333333,1.0,0.7,0.001924505153147,0.0005928143461005
2026-06-05T15:17:08.740780,451,478857,-381.0117499999985,-389.7825624999983,59,0.3228260869565217,5.515,0.19,20,20,-0.0025191076536429,0.9664478600025176,0.3077755719423294,0.0004479704030928,0.0037109376426087,0.0,0.0,4,9.279719838216204e-05,9.279719838216204e-05,1.0,ex,l2sq,10963.058907270432,external_pbrs_seed321_t480k,external_pbrs,480000,0.99761875,1.0,1.0,0.0025191076536429,0.0004479704030928
2026-06-05T15:17:34.981708,452,479937,-361.60587499999855,-361.60587499999855,63,0.3225543478260869,5.63,0.24,16,20,-0.0029735088988672,0.9449301064014436,0.3044341206550598,0.0015277597514852,0.0074218751396983,0.0,0.0,4,9.27832790344093e-05,9.27832790344093e-05,1.0,ex,l2sq,10989.299915790558,external_pbrs_seed321_t480k,external_pbrs,480000,0.99986875,1.0,0.8,0.0029735088988672,0.0015277597514852
2026-06-05T15:17:36.322024,453,480001,-17.439499999999995,-189.52268749999928,4,0.3081521739130435,5.61,0.23,20,20,-0.0020710424578282,0.9623631238937378,0.2915621027350425,0.0019844862030368,0.0039062500582076,0.0,0.0,4,9.277400070650586e-05,9.277400070650586e-05,1.0,ex,l2sq,10990.640233278276,external_pbrs_seed321_t480k,external_pbrs,480000,1.0,1.0,1.0,0.0020710424578282,0.0019844862030368
2026-06-05T12:15:13.373493,0,1090,-376.20627052641913,-376.20627052641913,16,0.0869565217391304,2.625,1.125,1,1,-0.0053778978646732,1.020382359623909,1.1398320496082306,0.0011227526818402,0.0,0.0,0.0,4,9.999e-05,9.999e-05,1.0,in,l2sq,42.93590497970581,linear_gate_no_pbrs_seed321_t480k,linear_gate_no_pbrs,480000,0.0022708333333333335,0.05,0.05,0.0053778978646732,0.0011227526818402
2026-06-05T12:15:36.729925,1,2194,-406.6831807646727,-391.44472564554593,21,0.1005434782608695,2.675675675675676,1.027027027027027,1,1,-0.0025268063225667,0.9923077076673508,1.1553204357624054,4.2739133414226686e-05,0.0,0.0,0.0,4,9.997500199995e-05,9.997500199995e-05,1.0,in,l2sq,66.29254245758057,linear_gate_no_pbrs_seed321_t480k,linear_gate_no_pbrs,480000,0.004570833333333333,0.05,0.05,0.0025268063225667,4.2739133414226686e-05
2026-06-05T12:16:11.016602,2,3355,-400.7838266123486,-400.7838266123486,19,0.1014492753623188,2.9642857142857144,1.1071428571428572,5,5,-0.0023913478798931,0.9724016264081,1.1371277421712875,-0.0001722712070659,0.0,0.0,0.0,4,9.995500799930004e-05,9.995500799930004e-05,1.0,in,l2sq,100.57912254333496,linear_gate_no_pbrs_seed321_t480k,linear_gate_no_pbrs,480000,0.006989583333333334,0.25,0.25,0.0023913478798931,0.0001722712070659
2026-06-05T12:16:35.441040,3,4489,-377.903076748786,-389.34345168056734,19,0.1019021739130434,2.893333333333333,1.0133333333333334,5,5,-0.0014195103698512,0.9975004643201828,1.1240891814231873,0.0006055948102584,0.0,0.0,0.0,4,9.993501799725028e-05,9.993501799725028e-05,1.0,in,l2sq,125.00371384620668,linear_gate_no_pbrs_seed321_t480k,linear_gate_no_pbrs,480000,0.009352083333333334,0.25,0.25,0.0014195103698512,0.0006055948102584
2026-06-05T12:17:02.044082,4,5559,-354.5560114219017,-354.5560114219017,20,0.1032608695652173,2.957894736842105,1.0736842105263158,4,5,-0.0018278420146089,1.015967279672623,1.1128512620925903,-0.0003927766985725,0.0,0.0,0.0,4,9.992002799440072e-05,9.992002799440072e-05,1.0,in,l2sq,151.60680437088013,linear_gate_no_pbrs_seed321_t480k,linear_gate_no_pbrs,480000,0.01158125,0.25,0.2,0.0018278420146089,0.0003927766985725
2026-06-05T12:17:24.145442,5,6690,-424.4843921290268,-389.5202017754642,17,0.1014492753623188,3.258928571428572,1.2857142857142858,5,5,-0.0013695806774194,0.9816947057843208,1.1045113801956177,-0.0007015039308498,0.0,0.0,0.0,4,9.990504048980172e-05,9.990504048980172e-05,1.0,in,l2sq,173.70810079574585,linear_gate_no_pbrs_seed321_t480k,linear_gate_no_pbrs,480000,0.0139375,0.25,0.25,0.0013695806774194,0.0007015039308498
2026-06-05T12:17:50.829801,6,7841,-391.00795375464605,-391.00795375464605,18,0.1009316770186335,3.246153846153846,1.2923076923076924,4,5,-0.0018913066611275,0.9651333913207054,1.0962672978639605,0.0007392979773612,0.0,0.0,0.0,4,9.988506048075416e-05,9.988506048075416e-05,1.0,in,l2sq,200.39251041412356,linear_gate_no_pbrs_seed321_t480k,linear_gate_no_pbrs,480000,0.016335416666666668,0.25,0.2,0.0018913066611275,0.0007392979773612
2026-06-05T12:18:12.680020,7,8928,-356.2486317049396,-373.62829272979286,21,0.1025815217391304,3.298013245033113,1.3112582781456954,5,5,-0.0019849911448545,0.9820918887853622,1.088719666004181,-0.0005188743394683,0.0,0.0,0.0,4,9.987007797140718e-05,9.987007797140718e-05,1.0,in,l2sq,222.2427189350128,linear_gate_no_pbrs_seed321_t480k,linear_gate_no_pbrs,480000,0.0186,0.25,0.25,0.0019849911448545,0.0005188743394683
2026-06-05T12:18:53.469922,8,10011,-331.2351260707752,-331.2351260707752,22,0.1044685990338164,3.3121387283237,1.260115606936416,7,7,-0.0017190930055222,0.995010994374752,1.0806636065244677,0.0004386029300803,0.0,0.0,0.0,4,9.985509795906184e-05,9.985509795906184e-05,1.0,in,l2sq,263.0324013233185,linear_gate_no_pbrs_seed321_t480k,linear_gate_no_pbrs,480000,0.02085625,0.35,0.35,0.0017190930055222,0.0004386029300803
2026-06-05T12:19:15.097770,9,11051,-343.7901626368139,-337.51264435379454,22,0.1059782608695652,3.282051282051282,1.2615384615384615,7,7,-0.0015937582051264,0.9291340559720992,1.077370822429657,0.0003043780925509,0.0,0.0,0.0,4,9.983512793802104e-05,9.983512793802104e-05,1.0,in,l2sq,284.6604354381561,linear_gate_no_pbrs_seed321_t480k,linear_gate_no_pbrs,480000,0.023022916666666667,0.35,0.35,0.0015937582051264,0.0003043780925509
2026-06-05T12:19:40.709037,10,12118,-303.83209074674267,-303.83209074674267,22,0.1072134387351778,3.33,1.21,6,7,-0.0031033040140755,0.9756967276334764,1.098303705453873,-0.0006272583152167,0.0,0.0,0.0,4,9.982015291843063e-05,9.982015291843063e-05,1.0,in,l2sq,310.2717487812042,linear_gate_no_pbrs_seed321_t480k,linear_gate_no_pbrs,480000,0.025245833333333332,0.35,0.3,0.0031033040140755,0.0006272583152167
2026-06-05T12:20:03.073263,11,13229,-333.4836919159987,-318.6578913313707,21,0.1077898550724637,3.445,1.24,7,7,-0.0009478950978518,0.982893832027912,1.099199652671814,0.0004504678219745,0.0,0.0,0.0,4,9.980518039459364e-05,9.980518039459364e-05,1.0,in,l2sq,332.63591837883,linear_gate_no_pbrs_seed321_t480k,linear_gate_no_pbrs,480000,0.027560416666666667,0.35,0.35,0.0009478950978518,0.0004504678219745
2026-06-05T12:20:28.630905,12,14315,-264.44311640095475,-264.44311640095475,29,0.1116220735785953,3.585,1.3,4,7,-0.001793471055862,0.9823964834213256,1.1093931049108503,0.0001715876962407,0.0,0.0,0.0,4,9.978522035656652e-05,9.978522035656652e-05,1.0,in,l2sq,358.193598985672,linear_gate_no_pbrs_seed321_t480k,linear_gate_no_pbrs,480000,0.029822916666666668,0.35,0.2,0.001793471055862,0.0001715876962407
2026-06-05T12:20:50.726602,13,15412,-298.2487766810732,-281.345946541014,29,0.1149068322981366,3.535,1.18,7,7,-0.0013631094365336,0.9445109143853188,1.0950710475444794,-6.694992298439395e-05,0.0,0.0,0.0,4,9.976526431034742e-05,9.976526431034742e-05,1.0,in,l2sq,380.2892785072327,linear_gate_no_pbrs_seed321_t480k,linear_gate_no_pbrs,480000,0.032108333333333336,0.35,0.35,0.0013631094365336,6.694992298439395e-05
2026-06-05T12:21:16.462818,14,16470,-274.7693562362219,-274.7693562362219,29,0.1177536231884057,3.425,1.04,3,7,-0.0018979803164258,0.9891390353441238,1.107238084077835,-0.0006505693250801,0.0,0.0,0.0,4,9.97502997701265e-05,9.97502997701265e-05,1.0,in,l2sq,406.0254695415497,linear_gate_no_pbrs_seed321_t480k,linear_gate_no_pbrs,480000,0.0343125,0.35,0.15,0.0018979803164258,0.0006505693250801
2026-06-05T12:21:41.893141,15,17572,-346.4305889403547,-310.5999725882883,19,0.1168478260869565,3.45,1.06,7,7,-0.0017662067373748,0.9464304745197296,1.094890221953392,7.320765116672345e-05,0.0,0.0,0.0,4,9.973533772391248e-05,9.973533772391248e-05,1.0,in,l2sq,431.4558415412903,linear_gate_no_pbrs_seed321_t480k,linear_gate_no_pbrs,480000,0.03660833333333333,0.35,0.35,0.0017662067373748,7.320765116672345e-05
2026-06-05T12:22:07.382956,16,18593,-225.1875684803748,-225.1875684803748,27,0.1186061381074168,3.385,0.95,2,7,-0.0014543956127454,0.9493857622146606,1.105848714709282,-0.0009782790235476,0.0,0.0,0.0,4,9.971539165372108e-05,9.971539165372108e-05,1.0,in,l2sq,456.94565200805664,linear_gate_no_pbrs_seed321_t480k,linear_gate_no_pbrs,480000,0.03873541666666667,0.35,0.1,0.0014543956127454,0.0009782790235476
2026-06-05T12:22:29.029718,17,19673,-299.62258984021844,-262.4050791602966,20,0.1180555555555555,3.355,0.94,7,7,-0.0015522673842496,0.9917485117912292,1.0942333936691284,-0.0002491828825441,0.0,0.0,0.0,4,9.970043459427396e-05,9.970043459427396e-05,1.0,in,l2sq,478.5924444198608,linear_gate_no_pbrs_seed321_t480k,linear_gate_no_pbrs,480000,0.04098541666666667,0.35,0.35,0.0015522673842496,0.0002491828825441
2026-06-05T12:22:54.308722,18,20761,-256.5563110816876,-256.5563110816876,33,0.1212814645308924,3.385,0.94,0,7,-0.0013406902799033,0.9715954884886742,1.076005518436432,6.25223921815743e-05,0.0,0.0,0.0,4,9.9685480027587e-05,9.9685480027587e-05,1.0,in,l2sq,503.87141704559326,linear_gate_no_pbrs_seed321_t480k,linear_gate_no_pbrs,480000,0.04325208333333333,0.35,0.0,0.0013406902799033,6.25223921815743e-05
2026-06-05T12:23:22.379148,19,21917,-350.1367493659528,-303.3465302238202,19,0.1203804347826087,3.345,0.99,7,7,-0.0012724794862151,0.92093675583601,1.091567263007164,-0.0003042876331164,0.0,0.0,0.0,4,9.966554392843628e-05,9.966554392843628e-05,1.0,in,l2sq,531.9418482780457,linear_gate_no_pbrs_seed321_t480k,linear_gate_no_pbrs,480000,0.04566041666666667,0.35,0.35,0.0012724794862151,0.0003042876331164
2026-06-05T12:23:49.107344,20,22982,-251.91148039604724,-251.91148039604724,27,0.1233695652173913,3.25,0.94,0,7,-0.002421829191735,0.9610242992639542,1.0547507405281067,0.0017114776215748,0.0,0.0,0.0,4,9.965059434602332e-05,9.965059434602332e-05,1.0,in,l2sq,558.6700353622437,linear_gate_no_pbrs_seed321_t480k,linear_gate_no_pbrs,480000,0.04787916666666667,0.35,0.0,0.002421829191735,0.0017114776215748
2026-06-05T12:24:11.047320,21,24092,-333.25445568816616,-292.5829680421067,18,0.1225543478260869,3.22,0.99,7,7,-0.0007615216092744,0.9530040398240088,1.0605569034814837,0.0005346881902369,0.0,0.0,0.0,4,9.96356472551244e-05,9.96356472551244e-05,1.0,in,l2sq,580.609979391098,linear_gate_no_pbrs_seed321_t480k,linear_gate_no_pbrs,480000,0.05019166666666667,0.35,0.35,0.0007615216092744,0.0005346881902369
2026-06-05T12:24:36.798728,22,25184,-266.4075573073777,-266.4075573073777,29,0.1252717391304348,3.29,0.98,0,7,-0.0021053717078756,0.9903353974223136,1.0694717168807983,-8.827226047286585e-05,0.0,0.0,0.0,4,9.961572112202983e-05,9.961572112202983e-05,1.0,in,l2sq,606.3614645004272,linear_gate_no_pbrs_seed321_t480k,linear_gate_no_pbrs,480000,0.05246666666666667,0.35,0.0,0.0021053717078756,8.827226047286585e-05
2026-06-05T12:24:57.493399,23,26243,-254.0788743384431,-260.24321582291043,22,0.1260869565217391,3.385,1.01,7,7,-0.0015783328759425,0.9058677777647972,1.0660206377506256,0.0005387478180182,0.0,0.0,0.0,4,9.959579897396266e-05,9.959579897396266e-05,1.0,in,l2sq,627.0560712814331,linear_gate_no_pbrs_seed321_t480k,linear_gate_no_pbrs,480000,0.05467291666666667,0.35,0.35,0.0015783328759425,0.0005387478180182
2026-06-05T12:25:22.501179,24,27337,-240.68271642403332,-240.68271642403332,29,0.1285326086956521,3.435,1.05,0,7,-0.0015291720599635,1.048578441143036,1.0725370645523071,0.0005641347517666,0.0,0.0,0.0,4,9.958085985311852e-05,9.958085985311852e-05,1.0,in,l2sq,652.0639204978943,linear_gate_no_pbrs_seed321_t480k,linear_gate_no_pbrs,480000,0.056952083333333334,0.35,0.0,0.0015291720599635,0.0005641347517666
2026-06-05T12:25:43.420368,25,28411,-233.30663774539545,-236.9946770847144,27,0.13125,3.59,1.08,7,7,-0.0024862346137524,0.979651279747486,1.0341310650110245,0.0004021688539069,0.0,0.0,0.0,4,9.956592322204485e-05,9.956592322204485e-05,1.0,in,l2sq,672.9830901622772,linear_gate_no_pbrs_seed321_t480k,linear_gate_no_pbrs,480000,0.05918958333333333,0.35,0.35,0.0024862346137524,0.0004021688539069
2026-06-05T12:26:08.338001,26,29499,-263.34737603854427,-263.34737603854427,25,0.1331521739130435,3.695,1.11,1,7,-0.0029074520440189,0.9162649139761924,1.0180796459317207,0.0004554689101496,0.0,0.0,0.0,4,9.954601103305968e-05,9.954601103305968e-05,1.0,in,l2sq,697.9007248878479,linear_gate_no_pbrs_seed321_t480k,linear_gate_no_pbrs,480000,0.06145625,0.35,0.05,0.0029074520440189,0.0004554689101496
2026-06-05T12:26:33.303171,27,30559,-264.76743453309933,-264.0574052858218,27,0.1347826086956521,3.635,1.0,7,7,-0.0027968972979579,1.0469895601272583,0.9879855215549468,0.0021277946478221,0.00390625,0.0,0.0,4,9.95310793802822e-05,9.95310793802822e-05,1.0,in,l2sq,722.8658587932587,linear_gate_no_pbrs_seed321_t480k,linear_gate_no_pbrs,480000,0.06366458333333333,0.35,0.35,0.0027968972979579,0.0021277946478221
2026-06-05T12:26:59.674383,28,31607,-239.8320131019256,-239.8320131019256,30,0.1369565217391304,3.715,0.91,1,7,-0.0029917278268838,0.9337154552340508,0.9864146411418916,-0.0004197462912998,0.0011718750174622,0.0,0.0,4,9.951615021603056e-05,9.951615021603056e-05,1.0,in,l2sq,749.237076997757,linear_gate_no_pbrs_seed321_t480k,linear_gate_no_pbrs,480000,0.06584791666666667,0.35,0.05,0.0029917278268838,0.0004197462912998
2026-06-05T12:27:21.200724,29,32707,-276.7209577103505,-258.276485406138,22,0.1369565217391304,3.735,0.87,7,7,-0.0014922574089724,0.9185064285993576,0.9891564846038818,0.0004638416477973,0.0,0.0,0.0,4,9.949624798114884e-05,9.949624798114884e-05,1.0,in,l2sq,770.7634592056274,linear_gate_no_pbrs_seed321_t480k,linear_gate_no_pbrs,480000,0.06813958333333334,0.35,0.35,0.0014922574089724,0.0004638416477973
2026-06-05T12:27:47.260719,30,33752,-217.8432123501941,-217.8432123501941,33,0.139945652173913,3.74,0.89,2,7,-0.002244874832104,0.9768116921186448,0.968813329935074,0.000623070786969,0.0,0.0,0.0,4,9.948132379270474e-05,9.948132379270474e-05,1.0,in,l2sq,796.8233938217163,linear_gate_no_pbrs_seed321_t480k,linear_gate_no_pbrs,480000,0.07031666666666667,0.35,0.1,0.002244874832104,0.000623070786969
2026-06-05T12:28:09.199297,31,34830,-286.6681439680531,-252.2556781591236,21,0.139945652173913,3.7,0.87,7,7,-0.0032247401948552,0.9825319945812224,0.9895570948719978,0.0005462717644605,0.0,0.0,0.0,4,9.946640209154246e-05,9.946640209154246e-05,1.0,in,l2sq,818.7619559764862,linear_gate_no_pbrs_seed321_t480k,linear_gate_no_pbrs,480000,0.0725625,0.35,0.35,0.0032247401948552,0.0005462717644605
2026-06-05T12:28:34.450613,32,35922,-256.28764568888147,-256.28764568888147,22,0.1380434782608695,3.75,0.85,0,7,-0.0027077049373474,0.9649607613682748,0.9841522723436356,0.0002367166393014,0.001562500023283,0.0,0.0,4,9.944650980578818e-05,9.944650980578818e-05,1.0,in,l2sq,844.0133438110352,linear_gate_no_pbrs_seed321_t480k,linear_gate_no_pbrs,480000,0.0748375,0.35,0.0,0.0027077049373474,0.0002367166393014
2026-06-05T12:28:56.655358,33,37027,-235.8077360507872,-246.04769086983435,25,0.1369565217391304,3.555,0.8,7,7,-0.0030287862871773,1.004681959748268,1.0015486776828766,-0.0001416799763319,0.0,0.0,0.0,4,9.943159307794602e-05,9.943159307794602e-05,1.0,in,l2sq,866.2180771827698,linear_gate_no_pbrs_seed321_t480k,linear_gate_no_pbrs,480000,0.07713958333333333,0.35,0.35,0.0030287862871773,0.0001416799763319
2026-06-05T12:29:22.864289,34,38127,-270.1622719229856,-270.1622719229856,25,0.1358695652173913,3.54,0.77,0,7,-0.0028968932660065,0.9881554469466208,0.982889786362648,0.001428782802759,0.0003906250058207,0.0,0.0,4,9.94166788361423e-05,9.94166788361423e-05,1.0,in,l2sq,892.4270181655884,linear_gate_no_pbrs_seed321_t480k,linear_gate_no_pbrs,480000,0.07943125,0.35,0.0,0.0028968932660065,0.001428782802759
2026-06-05T12:29:43.928149,35,39157,-213.69941213013743,-241.93084202656155,28,0.1383152173913043,3.45,0.73,7,7,-0.0030743718962185,0.9494027495384216,0.9654026851058006,0.0015161928955421,0.0011718750029103,0.0,0.0,4,9.939679649454188e-05,9.939679649454188e-05,1.0,in,l2sq,913.49081492424,linear_gate_no_pbrs_seed321_t480k,linear_gate_no_pbrs,480000,0.08157708333333333,0.35,0.35,0.0030743718962185,0.0015161928955421
2026-06-05T12:30:09.832358,36,40240,-237.880792689142,-237.880792689142,30,0.1391304347826087,3.59,0.79,0,7,-0.0022642672149233,0.9843059480190276,0.9542022347450256,0.0005049165716627,0.0,0.0,0.0,4,9.938188722357208e-05,9.938188722357208e-05,1.0,in,l2sq,939.395031929016,linear_gate_no_pbrs_seed321_t480k,linear_gate_no_pbrs,480000,0.08383333333333333,0.35,0.0,0.0022642672149233,0.0005049165716627
2026-06-05T12:30:30.816211,37,41295,-187.6989422110496,-212.78986745009576,34,0.1429347826086956,3.615,0.78,7,7,-0.0024766255985014,0.9502814561128616,0.9510266035795212,-0.0005923684209847,0.0001953125029103,0.0,0.0,4,9.9366980437398e-05,9.9366980437398e-05,1.0,in,l2sq,960.3788816928864,linear_gate_no_pbrs_seed321_t480k,linear_gate_no_pbrs,480000,0.08603125,0.35,0.35,0.0024766255985014,0.0005923684209847
2026-06-05T12:30:56.410017,38,42398,-245.29324997638423,-245.29324997638423,26,0.1410326086956521,3.59,0.83,0,7,-0.0025820486713201,0.9943374320864676,0.919043444097042,0.0016902377494261,0.0001953125029103,0.0,0.0,4,9.934710803498032e-05,9.934710803498032e-05,1.0,in,l2sq,985.9727325439452,linear_gate_no_pbrs_seed321_t480k,linear_gate_no_pbrs,480000,0.08832916666666667,0.35,0.0,0.0025820486713201,0.0016902377494261
2026-06-05T12:31:18.513645,39,43515,-261.44651544129835,-253.3698827088413,26,0.1429347826086956,3.67,0.84,7,7,-0.0013830877855069,0.866973415017128,0.9339072853326796,0.0030003139865584,0.0,0.0,0.0,4,9.933220621715528e-05,9.933220621715528e-05,1.0,in,l2sq,1008.0763251781464,linear_gate_no_pbrs_seed321_t480k,linear_gate_no_pbrs,480000,0.09065625,0.35,0.35,0.0013830877855069,0.0030003139865584
2026-06-05T12:31:44.464453,40,44552,-221.04331478166597,-221.04331478166597,29,0.1434782608695652,3.615,0.8,2,7,-0.0021167136874282,0.9442296624183656,0.924830861389637,0.0009701873692392,0.0,0.0,0.0,4,9.931730688288371e-05,9.931730688288371e-05,1.0,in,l2sq,1034.0271036624908,linear_gate_no_pbrs_seed321_t480k,linear_gate_no_pbrs,480000,0.09281666666666667,0.35,0.1,0.0021167136874282,0.0009701873692392
2026-06-05T12:32:05.949670,41,45627,-173.98820585162716,-197.51576031664652,35,0.1480978260869565,3.76,0.86,7,7,-0.0021051585674285,0.9700411185622216,0.9178401231765748,0.0012918217476908,0.0,0.0,0.0,4,9.929744441468022e-05,9.929744441468022e-05,1.0,in,l2sq,1055.512335538864,linear_gate_no_pbrs_seed321_t480k,linear_gate_no_pbrs,480000,0.09505625,0.35,0.35,0.0021051585674285,0.0012918217476908
2026-06-05T12:32:31.597753,42,46700,-221.87957124747587,-221.87957124747587,26,0.1472826086956521,3.795,0.89,1,7,-0.0031733989424536,0.914112150669098,0.9342589378356934,0.0001339790113888,0.0,0.0,0.0,4,9.928255004627403e-05,9.928255004627403e-05,1.0,in,l2sq,1081.1604843139648,linear_gate_no_pbrs_seed321_t480k,linear_gate_no_pbrs,480000,0.09729166666666667,0.35,0.05,0.0031733989424536,0.0001339790113888
2026-06-05T12:32:52.750795,43,47774,-199.65182514073464,-210.76569819410523,31,0.1497282608695652,3.775,0.8,7,7,-0.0020006783714052,0.9440353885293008,0.9320875033736228,0.0017668513624812,0.0003906250058207,0.0,0.0,4,9.926765816017986e-05,9.926765816017986e-05,1.0,in,l2sq,1102.313527584076,linear_gate_no_pbrs_seed321_t480k,linear_gate_no_pbrs,480000,0.09952916666666667,0.35,0.35,0.0020006783714052,0.0017668513624812
2026-06-05T12:33:16.872256,44,48810,-197.6583255081723,-197.6583255081723,21,0.1475543478260869,3.775,0.84,2,7,-0.0028885647858259,0.977771818637848,0.94636370241642,0.0001806904671411,0.0029296875,0.0,0.0,4,9.92478056212244e-05,9.92478056212244e-05,1.0,in,l2sq,1126.4349768161774,linear_gate_no_pbrs_seed321_t480k,linear_gate_no_pbrs,480000,0.1016875,0.35,0.1,0.0028885647858259,0.0001806904671411
2026-06-05T12:33:38.599161,45,49904,-198.4181164648412,-198.0382209865068,22,0.146195652173913,3.775,0.73,7,7,-0.0026770129741637,1.0010942667722702,0.9406273365020752,0.0012732114322716,0.0003906250058207,0.0,0.0,4,9.923291869851317e-05,9.923291869851317e-05,1.0,in,l2sq,1148.1618847846985,linear_gate_no_pbrs_seed321_t480k,linear_gate_no_pbrs,480000,0.10396666666666667,0.35,0.35,0.0026770129741637,0.0012732114322716
2026-06-05T12:34:03.718814,46,50982,-224.3417400139272,-224.3417400139272,27,0.1467391304347826,3.895,0.86,1,7,-0.0032902868668316,0.9800882190465928,0.9368733838200568,0.0029332895195693,0.0007812500116415,0.0,0.0,4,9.921803425687298e-05,9.921803425687298e-05,1.0,in,l2sq,1173.2815432548523,linear_gate_no_pbrs_seed321_t480k,linear_gate_no_pbrs,480000,0.1062125,0.35,0.05,0.0032902868668316,0.0029332895195693
2026-06-05T12:34:25.952539,47,52094,-257.90144060614944,-241.1215903100383,24,0.1459239130434782,3.885,0.87,7,7,-0.0026054852030938,1.0144859701395037,0.9407196566462516,0.0017875144108984,0.0025390625523868,0.0,0.0,4,9.919819164220197e-05,9.919819164220197e-05,1.0,in,l2sq,1195.5152559280396,linear_gate_no_pbrs_seed321_t480k,linear_gate_no_pbrs,480000,0.10852916666666666,0.35,0.35,0.0026054852030938,0.0017875144108984
2026-06-05T12:34:50.360933,48,53137,-216.2288315297044,-216.2288315297044,24,0.1442934782608695,3.905,0.9,0,7,-0.0036185909644698,0.9447387009859084,0.920456789433956,-0.0002459595742038,0.0027343750698491,0.0,0.0,4,9.917835299585544e-05,9.917835299585544e-05,1.0,in,l2sq,1219.923660516739,linear_gate_no_pbrs_seed321_t480k,linear_gate_no_pbrs,480000,0.11070208333333334,0.35,0.0,0.0036185909644698,0.0002459595742038
2026-06-05T12:35:11.462477,49,54205,-190.37899500689667,-203.30391326830053,18,0.1432065217391304,3.955,0.88,7,7,-0.0024359687871765,1.0102683901786804,0.9243171364068984,0.0009935130197846,0.0007812500116415,0.0,0.0,4,9.916347649086434e-05,9.916347649086434e-05,1.0,in,l2sq,1241.0251774787905,linear_gate_no_pbrs_seed321_t480k,linear_gate_no_pbrs,480000,0.11292708333333333,0.35,0.35,0.0024359687871765,0.0009935130197846
2026-06-05T12:35:42.686712,50,55315,-246.55302151343952,-246.55302151343952,20,0.1396739130434782,4.05,0.9,0,7,-0.0019173842501914,0.9607425257563592,0.9224275052547456,0.0004695749248639,0.0,0.0,0.0,4,9.91486024652081e-05,9.91486024652081e-05,1.0,in,l2sq,1272.2493977546692,linear_gate_no_pbrs_seed321_t480k,linear_gate_no_pbrs,480000,0.11523958333333334,0.35,0.0,0.0019173842501914,0.0004695749248639
2026-06-05T12:36:07.315232,51,56415,-193.7696525147832,-220.16133701411135,27,0.1413043478260869,4.1,1.01,7,7,-0.0020602684759069,0.9560631588101388,0.8959351480007172,0.0014510869574678,0.0003906250058207,0.0,0.0,4,9.912877373620108e-05,9.912877373620108e-05,1.0,in,l2sq,1296.8779146671295,linear_gate_no_pbrs_seed321_t480k,linear_gate_no_pbrs,480000,0.11753125,0.35,0.35,0.0020602684759069,0.0014510869574678
2026-06-05T12:36:32.356346,52,57455,-229.74427496228856,-229.74427496228856,23,0.1415760869565217,4.17,1.06,0,7,-0.0021241486479993,0.959704726934433,0.9032282680273056,0.0007393417174171,0.0,0.0,0.0,4,9.911390466797496e-05,9.911390466797496e-05,1.0,in,l2sq,1321.919067621231,linear_gate_no_pbrs_seed321_t480k,linear_gate_no_pbrs,480000,0.11969791666666667,0.35,0.0,0.0021241486479993,0.0007393417174171
2026-06-05T12:36:54.447730,53,58579,-186.97104597685728,-208.3576604695729,29,0.1426630434782608,4.165,1.07,7,7,-0.003109556446725,0.980583094060421,0.912063792347908,-0.0002510287406039,0.0058593751891748,0.0,0.0,4,9.90990380778443e-05,9.90990380778443e-05,1.0,in,l2sq,1344.0104520320892,linear_gate_no_pbrs_seed321_t480k,linear_gate_no_pbrs,480000,0.12203958333333334,0.35,0.35,0.003109556446725,0.0002510287406039
2026-06-05T12:37:20.176128,54,59705,-206.11318540062248,-206.11318540062248,23,0.1421195652173913,4.18,1.03,1,7,-0.0022349529215716,0.9481125250458716,0.8960934579372406,-0.0005208635400776,0.0,0.0,0.0,4,9.907921926121912e-05,9.907921926121912e-05,1.0,in,l2sq,1369.7388389110563,linear_gate_no_pbrs_seed321_t480k,linear_gate_no_pbrs,480000,0.12438541666666666,0.35,0.05,0.0022349529215716,0.0005208635400776
2026-06-05T12:37:40.880028,55,60769,-175.38420737795025,-190.74869638928635,32,0.1432065217391304,4.305,0.97,7,7,-0.0011028260050807,0.9473449289798735,0.8972373157739639,-0.0007967310608364,0.0,0.0,0.0,4,9.906435762604037e-05,9.906435762604037e-05,1.0,in,l2sq,1390.4427587985992,linear_gate_no_pbrs_seed321_t480k,linear_gate_no_pbrs,480000,0.12660208333333334,0.35,0.35,0.0011028260050807,0.0007967310608364
2026-06-05T12:38:04.698905,56,61793,-178.89703499687224,-178.89703499687224,31,0.1434782608695652,4.21,0.9,1,7,-0.0020722473214845,0.9854803457856178,0.8828308284282684,0.0005702431216832,0.0,0.0,0.0,4,9.904949846771824e-05,9.904949846771824e-05,1.0,in,l2sq,1414.2616219520569,linear_gate_no_pbrs_seed321_t480k,linear_gate_no_pbrs,480000,0.12873541666666666,0.35,0.05,0.0020722473214845,0.0005702431216832
2026-06-05T12:38:24.828703,57,62819,-171.78691219254316,-175.3419735947077,27,0.1415760869565217,4.11,0.84,7,7,-0.0032732548512285,0.963336244225502,0.8911498636007309,-0.0001809439448152,0.0037109375698491,0.0,0.0,4,9.902968955851968e-05,9.902968955851968e-05,1.0,in,l2sq,1434.3913938999176,linear_gate_no_pbrs_seed321_t480k,linear_gate_no_pbrs,480000,0.13087291666666667,0.35,0.35,0.0032732548512285,0.0001809439448152
2026-06-05T12:38:49.669819,58,63904,-199.2459007320429,-199.2459007320429,26,0.1415760869565217,3.945,0.71,0,7,-0.0010416422323031,0.9655114263296128,0.8594233095645905,-0.0011723579300451,0.0,0.0,0.0,4,9.901483535267252e-05,9.901483535267252e-05,1.0,in,l2sq,1459.2325584888458,linear_gate_no_pbrs_seed321_t480k,linear_gate_no_pbrs,480000,0.13313333333333333,0.35,0.0,0.0010416422323031,0.0011723579300451
2026-06-05T12:39:09.850861,59,64923,-169.9754142114669,-184.6106574717549,32,0.1432065217391304,3.805,0.64,7,7,-0.0025413803945412,1.0281871557235718,0.858728364109993,0.0014954393955122,0.0,0.0,0.0,4,9.89999836224438e-05,9.89999836224438e-05,1.0,in,l2sq,1479.4135446548462,linear_gate_no_pbrs_seed321_t480k,linear_gate_no_pbrs,480000,0.13525625,0.35,0.35,0.0025413803945412,0.0014954393955122
2026-06-05T12:39:36.266659,60,66022,-121.23809460880877,-121.23809460880877,38,0.1456521739130434,3.98,0.61,2,7,-0.0036603855900466,0.919248603284359,0.8814472854137421,0.001047613333867,0.004492187523283,0.0,0.0,4,9.898018461571916e-05,9.898018461571916e-05,1.0,in,l2sq,1505.829360485077,linear_gate_no_pbrs_seed321_t480k,linear_gate_no_pbrs,480000,0.13754583333333334,0.35,0.1,0.0036603855900466,0.001047613333867
2026-06-05T12:39:56.653475,61,67055,-126.70326178969944,-123.97067819925412,39,0.1467391304347826,3.855,0.62,7,7,-0.003976050869096,0.992807999253273,0.8667297214269638,0.0013106499551213,0.011328125372529,0.0,0.0,4,9.896533783548964e-05,9.896533783548964e-05,1.0,in,l2sq,1526.2161588668823,linear_gate_no_pbrs_seed321_t480k,linear_gate_no_pbrs,480000,0.13969791666666667,0.35,0.35,0.003976050869096,0.0013106499551213
2026-06-05T12:40:20.717405,62,68087,-151.45453242939956,-151.45453242939956,32,0.1483695652173913,3.84,0.63,2,7,-0.0015798114774952,0.966715395450592,0.8605995029211044,0.0005830902140587,0.0,0.0,0.0,4,9.8950493529641e-05,9.8950493529641e-05,1.0,in,l2sq,1550.2800960540771,linear_gate_no_pbrs_seed321_t480k,linear_gate_no_pbrs,480000,0.14184791666666666,0.35,0.1,0.0015798114774952,0.0005830902140587
2026-06-05T12:40:44.429030,63,69222,-196.06351271907013,-173.75902257423485,22,0.1459239130434782,3.98,0.66,7,7,-0.0022083391129854,0.949506625533104,0.8418691232800484,-0.0001065327129253,0.0,0.0,0.0,4,9.893070442044005e-05,9.893070442044005e-05,1.0,in,l2sq,1573.9917514324188,linear_gate_no_pbrs_seed321_t480k,linear_gate_no_pbrs,480000,0.1442125,0.35,0.35,0.0022083391129854,0.0001065327129253
2026-06-05T12:41:10.515168,64,70324,-202.4090267432683,-202.4090267432683,26,0.1472826086956521,4.14,0.69,3,7,-0.0033183039573486,0.9568439573049544,0.8223345279693604,0.0013925637045759,0.0,0.0,0.0,4,9.89158650621161e-05,9.89158650621161e-05,1.0,in,l2sq,1600.0778877735138,linear_gate_no_pbrs_seed321_t480k,linear_gate_no_pbrs,480000,0.14650833333333332,0.35,0.15,0.0033183039573486,0.0013925637045759
2026-06-05T12:41:33.593428,65,71425,-178.04906810598828,-190.22904742462828,28,0.1489130434782608,4.385,0.71,7,7,-0.0032218240899964,0.9871963188052176,0.8296210020780563,0.0025324194262793,0.001953125,0.0,0.0,4,9.89010281769361e-05,9.89010281769361e-05,1.0,in,l2sq,1623.1561205387115,linear_gate_no_pbrs_seed321_t480k,linear_gate_no_pbrs,480000,0.14880208333333333,0.35,0.35,0.0032218240899964,0.0025324194262793
2026-06-05T12:41:58.996930,66,72481,-185.85672981676723,-185.85672981676723,23,0.1478260869565217,4.46,0.78,1,7,-0.0020569428890667,0.9855168983340264,0.832508035004139,0.0007396296845399,0.0005859375087311,0.0,0.0,4,9.8881248960311e-05,9.8881248960311e-05,1.0,in,l2sq,1648.559637069702,linear_gate_no_pbrs_seed321_t480k,linear_gate_no_pbrs,480000,0.15100208333333334,0.35,0.05,0.0020569428890667,0.0007396296845399
2026-06-05T12:42:20.424436,67,73548,-146.6206352299729,-166.23868252337007,35,0.1508152173913043,4.29,0.76,7,7,-0.002308174961945,1.025619626045227,0.8652324080467224,-0.0003884506470058,0.0007812500116415,0.0,0.0,4,9.886641702018244e-05,9.886641702018244e-05,1.0,in,l2sq,1669.987139225006,linear_gate_no_pbrs_seed321_t480k,linear_gate_no_pbrs,480000,0.153225,0.35,0.35,0.002308174961945,0.0003884506470058
2026-06-05T12:42:45.149320,68,74617,-137.2834582863823,-137.2834582863823,30,0.152445652173913,4.365,0.72,4,7,-0.0023830628080759,0.934311866760254,0.8347963616251945,0.0003533787206834,0.0001953125029103,0.0,0.0,4,9.885158755196148e-05,9.885158755196148e-05,1.0,in,l2sq,1694.712026596069,linear_gate_no_pbrs_seed321_t480k,linear_gate_no_pbrs,480000,0.15545208333333332,0.35,0.2,0.0023830628080759,0.0003533787206834
2026-06-05T12:43:05.857956,69,75645,-163.6999736008049,-150.4917159435936,29,0.1554347826086956,4.41,0.72,7,7,-0.0027736716161598,0.9897387400269508,0.8202153444290161,0.0007178162056334,0.0007812500116415,0.0,0.0,4,9.883181822296698e-05,9.883181822296698e-05,1.0,in,l2sq,1715.420664310455,linear_gate_no_pbrs_seed321_t480k,linear_gate_no_pbrs,480000,0.15759375,0.35,0.35,0.0027736716161598,0.0007178162056334
2026-06-05T12:43:31.153136,70,76656,-107.07909572362404,-107.07909572362404,37,0.1600543478260869,4.21,0.74,4,7,-0.001641391281737,0.9691602736711502,0.8082855492830276,-0.001570528630691,0.00390625,0.0,0.0,4,9.881699369732544e-05,9.881699369732544e-05,1.0,in,l2sq,1740.715840101242,linear_gate_no_pbrs_seed321_t480k,linear_gate_no_pbrs,480000,0.1597,0.35,0.2,0.001641391281737,0.001570528630691
2026-06-05T12:43:52.526163,71,77728,-154.99881494335108,-131.03895533348756,33,0.1616847826086956,4.095,0.7,7,7,-0.0018650047757545,0.9808624610304832,0.7883116453886032,3.1399967701864484e-05,0.0,0.0,0.0,4,9.88021716423558e-05,9.88021716423558e-05,1.0,in,l2sq,1762.0888314247131,linear_gate_no_pbrs_seed321_t480k,linear_gate_no_pbrs,480000,0.16193333333333335,0.35,0.35,0.0018650047757545,3.1399967701864484e-05
2026-06-05T12:44:17.143903,72,78802,-139.68389718274037,-139.68389718274037,27,0.1627717391304347,4.015,0.59,1,7,-0.0027612766658421,0.943072959780693,0.8076113015413284,0.0016753502830397,0.0060546877793967,0.0,0.0,4,9.878241219604904e-05,9.878241219604904e-05,1.0,in,l2sq,1786.7066395282743,linear_gate_no_pbrs_seed321_t480k,linear_gate_no_pbrs,480000,0.16417083333333332,0.35,0.05,0.0027612766658421,0.0016753502830397
2026-06-05T12:44:37.916342,73,79868,-133.17096218600136,-136.42742968437085,32,0.1635869565217391,4.095,0.56,7,7,-0.0020570956461597,0.9607989192008972,0.7626302242279053,-0.000277851284045,0.0,0.0,0.0,4,9.876759508118805e-05,9.876759508118805e-05,1.0,in,l2sq,1807.4790234565733,linear_gate_no_pbrs_seed321_t480k,linear_gate_no_pbrs,480000,0.16639166666666666,0.35,0.35,0.0020570956461597,0.000277851284045
2026-06-05T12:45:05.189198,74,80981,-136.89561149494114,-136.89561149494114,27,0.1646739130434782,4.16,0.54,3,7,-0.0033579100389034,0.959646075963974,0.7968809306621552,0.0009184331815959,0.0,0.0,0.0,4,9.875278043576384e-05,9.875278043576384e-05,1.0,in,l2sq,1834.7519180774689,linear_gate_no_pbrs_seed321_t480k,linear_gate_no_pbrs,480000,0.16871041666666667,0.35,0.15,0.0033579100389034,0.0009184331815959
2026-06-05T12:45:30.890429,75,82040,-150.14807295593397,-143.52184222543755,34,0.1652173913043478,4.175,0.47,7,7,-0.0019147508661263,0.9045347273349762,0.7908680140972137,0.0009120406586589,0.0,0.0,0.0,4,9.87330308672045e-05,9.87330308672045e-05,1.0,in,l2sq,1860.4531025886536,linear_gate_no_pbrs_seed321_t480k,linear_gate_no_pbrs,480000,0.17091666666666666,0.35,0.35,0.0019147508661263,0.0009120406586589
2026-06-05T12:45:57.621183,76,83127,-136.380004629858,-136.380004629858,38,0.1671195652173913,4.295,0.47,3,7,-0.0030431181250605,0.9450354278087616,0.762921541929245,-0.0003179995459504,0.0007812500116415,0.0,0.0,4,9.871822115941934e-05,9.871822115941934e-05,1.0,in,l2sq,1887.1839187145235,linear_gate_no_pbrs_seed321_t480k,linear_gate_no_pbrs,480000,0.17318125,0.35,0.15,0.0030431181250605,0.0003179995459504
2026-06-05T12:46:18.329505,77,84168,-111.92034194639588,-124.15017328812696,43,0.1714673913043478,4.405,0.39,7,7,-0.0024188813069486,0.9955745711922646,0.7706329375505447,0.0011698307127517,0.001953125,0.0,0.0,4,9.870341391983654e-05,9.870341391983654e-05,1.0,in,l2sq,1907.8921625614169,linear_gate_no_pbrs_seed321_t480k,linear_gate_no_pbrs,480000,0.17535,0.35,0.35,0.0024188813069486,0.0011698307127517
2026-06-05T12:46:52.126302,78,85229,-83.85545018268151,-83.85545018268151,46,0.1769021739130434,4.395,0.42,7,7,-0.0023912504948384,0.9877339452505112,0.7801325991749763,0.0008227960793192,0.0001953125029103,0.0,0.0,4,9.868367422408672e-05,9.868367422408672e-05,1.0,in,l2sq,1941.688844203949,linear_gate_no_pbrs_seed321_t480k,linear_gate_no_pbrs,480000,0.17756041666666667,0.35,0.35,0.0023912504948384,0.0008227960793192
2026-06-05T12:47:12.933579,79,86270,-83.6751225478452,-83.76528636526336,30,0.1763586956521739,4.44,0.38,7,7,-0.0029422912804872,0.963175728917122,0.7540842145681381,0.002991251728963,0.0031250000465661,0.0,0.0,4,9.866887191967462e-05,9.866887191967462e-05,1.0,in,l2sq,1962.4962430000303,linear_gate_no_pbrs_seed321_t480k,linear_gate_no_pbrs,480000,0.17972916666666666,0.35,0.35,0.0029422912804872,0.002991251728963
2026-06-05T12:47:48.230282,80,87358,-84.38072377204908,-84.38072377204908,41,0.1771739130434782,4.695,0.42,8,8,-0.0037544526087002,0.9694760367274284,0.7573965042829514,0.0009453532249608,0.0039062499563442,0.0,0.0,4,9.865407208223103e-05,9.865407208223103e-05,1.0,in,l2sq,1997.79296875,linear_gate_no_pbrs_seed321_t480k,linear_gate_no_pbrs,480000,0.18199583333333333,0.4,0.4,0.0037544526087002,0.0009453532249608
2026-06-05T12:48:10.648373,81,88467,-158.15162488158057,-121.26617432681482,28,0.1741847826086956,4.67,0.41,8,8,-0.0019961532801972,0.9619133695960044,0.7873978912830353,0.0013047749591351,0.0007812500116415,0.0,0.0,4,9.863434225435531e-05,9.863434225435531e-05,1.0,in,l2sq,2020.211065769196,linear_gate_no_pbrs_seed321_t480k,linear_gate_no_pbrs,480000,0.18430625,0.4,0.4,0.0019961532801972,0.0013047749591351
2026-06-05T12:48:43.763432,82,89548,-101.15928904856764,-101.15928904856764,38,0.1758152173913043,4.705,0.43,10,10,-0.0034730136569123,0.9438418298959732,0.7659611999988556,0.0009139134330325,0.0,0.0,0.0,4,9.861954734961534e-05,9.861954734961534e-05,1.0,in,l2sq,2053.325886964798,linear_gate_no_pbrs_seed321_t480k,linear_gate_no_pbrs,480000,0.18655833333333333,0.5,0.5,0.0034730136569123,0.0009139134330325
2026-06-05T12:49:04.895141,83,90556,-67.93542381992447,-84.54735643424604,41,0.1809782608695652,4.59,0.31,10,10,-0.0026305154417059,0.9809205755591393,0.7399471402168274,-9.107470282290751e-05,0.0009765625145519,0.0,0.0,4,9.860475491061065e-05,9.860475491061065e-05,1.0,in,l2sq,2074.4577746391296,linear_gate_no_pbrs_seed321_t480k,linear_gate_no_pbrs,480000,0.18865833333333334,0.5,0.5,0.0026305154417059,9.107470282290751e-05
2026-06-05T12:49:38.392637,84,91666,-59.166516852195166,-59.166516852195166,48,0.1869565217391304,4.62,0.34,12,12,-0.0017384257356752,1.0182389318943024,0.76884326338768,0.0002626100475026,0.0,0.0,0.0,4,9.858503494567608e-05,9.858503494567608e-05,1.0,in,l2sq,2107.955052375793,linear_gate_no_pbrs_seed321_t480k,linear_gate_no_pbrs,480000,0.19097083333333334,0.6,0.6,0.0017384257356752,0.0002626100475026
2026-06-05T12:49:59.636135,85,92754,-93.41116094450918,-76.28883889835217,41,0.1904891304347826,4.705,0.34,12,12,-0.0034467481949832,0.952420011162758,0.703898012638092,-8.390614602837854e-05,0.0003906250058207,0.0,0.0,4,9.857024743690914e-05,9.857024743690914e-05,1.0,in,l2sq,2129.1988139152527,linear_gate_no_pbrs_seed321_t480k,linear_gate_no_pbrs,480000,0.1932375,0.6,0.6,0.0034467481949832,8.390614602837854e-05
2026-06-05T12:50:31.222010,86,93801,-88.14762450016045,-88.14762450016045,49,0.1975543478260869,4.705,0.35,13,13,-0.0022255480893363,0.9797752648591996,0.7173740193247795,0.0009727983800985,0.0001953125029103,0.0,0.0,4,9.855546239264484e-05,9.855546239264484e-05,1.0,in,l2sq,2160.7845599651337,linear_gate_no_pbrs_seed321_t480k,linear_gate_no_pbrs,480000,0.19541875,0.65,0.65,0.0022255480893363,0.0009727983800985
2026-06-05T12:50:53.005125,87,94886,-108.8381051002966,-98.49286480022852,39,0.1986413043478261,4.8,0.43,13,13,-0.0027941171385463,0.9643642231822014,0.6939627081155777,0.0001666756132181,0.0003906250058207,0.0,0.0,4,9.853575228572096e-05,9.853575228572096e-05,1.0,in,l2sq,2182.567788362503,linear_gate_no_pbrs_seed321_t480k,linear_gate_no_pbrs,480000,0.19767916666666666,0.65,0.65,0.0027941171385463,0.0001666756132181
2026-06-05T12:51:25.563668,88,95903,-95.77463348672046,-95.77463348672046,27,0.1978260869565217,4.78,0.47,13,13,-0.0034687251609284,0.9872556924819946,0.7032496482133865,-0.0005927838356001,0.0058593749126885,0.0,0.0,4,9.85209721692298e-05,9.85209721692298e-05,1.0,in,l2sq,2215.1262109279637,linear_gate_no_pbrs_seed321_t480k,linear_gate_no_pbrs,480000,0.19979791666666666,0.65,0.65,0.0034687251609284,0.0005927838356001
2026-06-05T12:51:45.904846,89,96920,-79.81448595207438,-87.79455971939743,40,0.2008152173913043,4.65,0.42,13,13,-0.0023252964849236,0.9722926542162896,0.6738075613975525,0.0007387430650851,0.000585937523283,0.0,0.0,4,9.850619451600928e-05,9.850619451600928e-05,1.0,in,l2sq,2235.467541694641,linear_gate_no_pbrs_seed321_t480k,linear_gate_no_pbrs,480000,0.20191666666666666,0.65,0.65,0.0023252964849236,0.0007387430650851
2026-06-05T12:52:12.422969,90,98002,-30.99154002081867,-30.99154002081867,50,0.2043478260869565,4.64,0.43,11,13,-0.0045325990009587,0.9599660336971284,0.6805388629436493,0.0007413247017211,0.0142578126396983,0.0,0.0,4,9.848649426216802e-05,9.848649426216802e-05,1.0,in,l2sq,2261.985669851303,linear_gate_no_pbrs_seed321_t480k,linear_gate_no_pbrs,480000,0.20417083333333333,0.65,0.55,0.0045325990009587,0.0007413247017211
2026-06-05T12:52:33.516904,91,99048,-145.51406519933548,-88.25280261007707,31,0.2038043478260869,4.6,0.4,13,13,-0.002386704829405,0.9397137314081192,0.6905410438776016,0.0001218463719852,0.0054687499068677,0.0,0.0,4,9.847172153425724e-05,9.847172153425724e-05,1.0,in,l2sq,2283.0796308517456,linear_gate_no_pbrs_seed321_t480k,linear_gate_no_pbrs,480000,0.20635,0.65,0.65,0.002386704829405,0.0001218463719852
2026-06-05T12:52:59.645354,92,100174,-131.95307889352517,-131.95307889352517,39,0.2070652173913043,4.48,0.32,11,13,-0.0024727363866986,0.9875448346138,0.6656482964754105,0.0003869233855766,0.001562500023283,0.0,0.0,4,9.845695126838573e-05,9.845695126838573e-05,1.0,in,l2sq,2309.208057165146,linear_gate_no_pbrs_seed321_t480k,linear_gate_no_pbrs,480000,0.20869583333333333,0.65,0.55,0.0024727363866986,0.0003869233855766
2026-06-05T12:53:21.581137,93,101260,-76.1125652511542,-104.03282207233968,45,0.2105978260869565,4.595,0.31,13,13,-0.0030404164426727,0.9722826704382896,0.6794768124818802,-0.0001238552620634,0.0033203125494765,0.0,0.0,4,9.843726086270156e-05,9.843726086270156e-05,1.0,in,l2sq,2331.1438601017,linear_gate_no_pbrs_seed321_t480k,linear_gate_no_pbrs,480000,0.21095833333333333,0.65,0.65,0.0030404164426727,0.0001238552620634
2026-06-05T12:53:45.969683,94,102338,-140.09957902855442,-140.09957902855442,34,0.2125,4.675,0.33,8,13,-0.0015578046601149,1.0256023705005646,0.6723888963460922,0.0017591474141227,0.0011718750465661,0.0,0.0,4,9.842249551967762e-05,9.842249551967762e-05,1.0,in,l2sq,2355.5323882102966,linear_gate_no_pbrs_seed321_t480k,linear_gate_no_pbrs,480000,0.21320416666666667,0.65,0.4,0.0015578046601149,0.0017591474141227
2026-06-05T12:54:08.581334,95,103482,-112.06867151031398,-126.0841252694342,39,0.2138586956521739,4.665,0.32,13,13,-0.0024267040833364,0.950469307601452,0.6539753302931786,0.0014322231119876,0.0001953125029103,0.0,0.0,4,9.840773263746215e-05,9.840773263746215e-05,1.0,in,l2sq,2378.144036769867,linear_gate_no_pbrs_seed321_t480k,linear_gate_no_pbrs,480000,0.2155875,0.65,0.65,0.0024267040833364,0.0014322231119876
2026-06-05T12:54:33.791403,96,104593,-125.1994378735151,-125.1994378735151,36,0.2133152173913043,4.7,0.31,12,13,-0.002746348115761,0.9270546063780783,0.6664484813809395,0.0005127785840158,0.0042968750494765,0.0,0.0,4,9.838805207501198e-05,9.838805207501198e-05,1.0,in,l2sq,2403.3541100025177,linear_gate_no_pbrs_seed321_t480k,linear_gate_no_pbrs,480000,0.21790208333333333,0.65,0.6,0.002746348115761,0.0005127785840158
2026-06-05T12:54:54.979790,97,105648,-54.74310086468107,-89.97126936909808,45,0.2138586956521739,4.8,0.34,13,13,-0.0024399236412137,0.9880946800112724,0.626976415514946,0.0008718023846085,0.0,0.0,0.0,4,9.83683754484775e-05,9.83683754484775e-05,1.0,in,l2sq,2424.542469263077,linear_gate_no_pbrs_seed321_t480k,linear_gate_no_pbrs,480000,0.2201,0.65,0.65,0.0024399236412137,0.0008718023846085
2026-06-05T12:55:28.149676,98,106730,-43.36058384608987,-43.36058384608987,49,0.2146739130434782,4.82,0.34,13,13,-0.0022412143967812,0.9698066413402556,0.6001570075750351,0.0008647246711916,0.0,0.0,0.0,4,9.835362043809348e-05,9.835362043809348e-05,1.0,in,l2sq,2457.7121303081512,linear_gate_no_pbrs_seed321_t480k,linear_gate_no_pbrs,480000,0.22235416666666666,0.65,0.65,0.0022412143967812,0.0008647246711916
2026-06-05T12:55:49.428101,99,107707,-88.679260657733,-66.01992225191142,42,0.2179347826086956,4.81,0.36,13,13,-0.0041356210887897,0.9985138326883316,0.6380099505186081,0.0002445755228109,0.011523437759024,0.0,0.0,4,9.833886788679586e-05,9.833886788679586e-05,1.0,in,l2sq,2478.990758895874,linear_gate_no_pbrs_seed321_t480k,linear_gate_no_pbrs,480000,0.22438958333333334,0.65,0.65,0.0041356210887897,0.0002445755228109
2026-06-05T12:56:22.026890,100,108746,-127.57090646516046,-127.57090646516046,40,0.2176630434782608,4.78,0.37,13,13,-0.0035519347642547,0.9820275008678436,0.6495465487241745,0.0048223485948255,0.0238281260244548,0.0,0.0,4,9.83241173024723e-05,9.83241173024723e-05,1.0,in,l2sq,2511.589518547058,linear_gate_no_pbrs_seed321_t480k,linear_gate_no_pbrs,480000,0.22655416666666667,0.65,0.65,0.0035519347642547,0.0048223485948255
2026-06-05T12:56:42.998473,101,109815,-97.01575887109357,-112.29333266812702,52,0.2241847826086956,5.025,0.32,13,13,-0.0024360264400455,0.9879838675260544,0.5866197794675827,0.0007388035694361,0.0007812500116415,0.0,0.0,4,9.830936917649752e-05,9.830936917649752e-05,1.0,in,l2sq,2532.5611538887024,linear_gate_no_pbrs_seed321_t480k,linear_gate_no_pbrs,480000,0.22878125,0.65,0.65,0.0024360264400455,0.0007388035694361
2026-06-05T12:57:16.305863,102,110905,-92.24353548516592,-92.24353548516592,53,0.2282608695652173,5.0,0.28,13,13,-0.0025482583863777,0.9682244509458542,0.6100111082196236,-0.0009015816012833,0.0,0.0,0.0,4,9.82897082857559e-05,9.82897082857559e-05,1.0,in,l2sq,2565.8683881759644,linear_gate_no_pbrs_seed321_t480k,linear_gate_no_pbrs,480000,0.23105208333333332,0.65,0.65,0.0025482583863777,0.0009015816012833
2026-06-05T12:57:37.403392,103,111946,-128.9510254386119,-110.59728046188891,38,0.227445652173913,5.09,0.25,13,13,-0.0023583069560118,0.9307795017957688,0.6443093419075012,0.0008961395582446,0.0,0.0,0.0,4,9.82749650752496e-05,9.82749650752496e-05,1.0,in,l2sq,2586.9660482406616,linear_gate_no_pbrs_seed321_t480k,linear_gate_no_pbrs,480000,0.23322083333333332,0.65,0.65,0.0023583069560118,0.0008961395582446
2026-06-05T12:58:09.560779,104,112996,-108.64120271559568,-108.64120271559568,49,0.2277173913043478,5.12,0.26,14,14,-0.0031411490082973,0.9558972269296646,0.607578456401825,0.0001376541064018,0.0021484375029103,0.0,0.0,4,9.826022432186314e-05,9.826022432186314e-05,1.0,in,l2sq,2619.122918844223,linear_gate_no_pbrs_seed321_t480k,linear_gate_no_pbrs,480000,0.23540833333333333,0.7,0.7,0.0031411490082973,0.0001376541064018
2026-06-05T12:58:31.268090,105,114038,-85.21075192604727,-96.92597732082146,46,0.2290760869565217,5.145,0.36,14,14,-0.0031184800289338,0.9615901559591292,0.5915497466921806,0.0014499833360787,0.0037109374679857,0.0,0.0,4,9.8240573259601e-05,9.8240573259601e-05,1.0,in,l2sq,2640.830789327621,linear_gate_no_pbrs_seed321_t480k,linear_gate_no_pbrs,480000,0.23757916666666667,0.7,0.7,0.0031184800289338,0.0014499833360787
2026-06-05T12:58:54.772434,106,115050,-43.791623854302,-43.791623854302,47,0.2285326086956521,4.91,0.38,12,14,-0.0042306132789235,0.9855040162801744,0.5669287294149399,-0.0004156733935815,0.001953125,0.0,0.0,4,9.82258374192258e-05,9.82258374192258e-05,1.0,in,l2sq,2664.335131883621,linear_gate_no_pbrs_seed321_t480k,linear_gate_no_pbrs,480000,0.2396875,0.7,0.6,0.0042306132789235,0.0004156733935815
2026-06-05T12:59:16.358756,107,116129,-129.230158938711,-86.5108913965065,35,0.227445652173913,4.985,0.4,14,14,-0.0024481991582432,0.969206929206848,0.587110199034214,0.0013463791182857,0.005273437796859,0.0,0.0,4,9.82111040347421e-05,9.82111040347421e-05,1.0,in,l2sq,2685.9213955402374,linear_gate_no_pbrs_seed321_t480k,linear_gate_no_pbrs,480000,0.24193541666666665,0.7,0.7,0.0024481991582432,0.0013463791182857
2026-06-05T12:59:48.513159,108,117197,-103.36076636832978,-103.36076636832978,43,0.2317934782608695,5.095,0.46,15,15,-0.0036403235979378,1.0246287137269974,0.5686637908220291,0.0027495787971929,0.0087890625145519,0.0,0.0,4,9.81914627960462e-05,9.81914627960462e-05,1.0,in,l2sq,2718.0756940841675,linear_gate_no_pbrs_seed321_t480k,linear_gate_no_pbrs,480000,0.24416041666666666,0.75,0.75,0.0036403235979378,0.0027495787971929
2026-06-05T13:00:11.464730,109,118252,-79.50461785195284,-91.43269211014132,51,0.2347826086956521,5.14,0.45,15,15,-0.0007291853486094,0.9897266179323196,0.5781479924917221,3.2434690737659366e-05,0.0,0.0,0.0,4,9.817673432211772e-05,9.817673432211772e-05,1.0,in,l2sq,2741.027365207672,linear_gate_no_pbrs_seed321_t480k,linear_gate_no_pbrs,480000,0.24635833333333335,0.75,0.75,0.0007291853486094,3.2434690737659366e-05
2026-06-05T13:00:40.082999,110,119315,-64.33111355122688,-64.33111355122688,45,0.2334239130434782,5.015,0.37,14,15,-0.0026808888578671,0.984351322054863,0.571892574429512,0.0005679439500455,0.0007812500261934,0.0,0.0,4,9.816200830285306e-05,9.816200830285306e-05,1.0,in,l2sq,2769.645707845688,linear_gate_no_pbrs_seed321_t480k,linear_gate_no_pbrs,480000,0.24857291666666667,0.75,0.7,0.0026808888578671,0.0005679439500455
2026-06-05T13:01:01.252126,111,120383,-42.75382830037181,-53.54247092579934,48,0.2380434782608695,5.27,0.44,15,15,-0.0032086730294395,0.9553649947047234,0.5868418887257576,0.0018808229435307,0.0031249999592546,0.0,0.0,4,9.814237688281258e-05,9.814237688281258e-05,1.0,in,l2sq,2790.8148217201237,linear_gate_no_pbrs_seed321_t480k,linear_gate_no_pbrs,480000,0.2507979166666667,0.75,0.75,0.0032086730294395,0.0018808229435307
2026-06-05T13:01:37.713513,112,121441,-55.37717195312203,-55.37717195312203,49,0.2407608695652174,5.305,0.34,15,15,-0.0017751813167763,0.9826711267232896,0.5660649538040161,0.0004627302703738,0.0,0.0,0.0,4,9.812765577164836e-05,9.812765577164836e-05,1.0,in,l2sq,2827.2760198116302,linear_gate_no_pbrs_seed321_t480k,linear_gate_no_pbrs,480000,0.25300208333333335,0.75,0.75,0.0017751813167763,0.0004627302703738
2026-06-05T13:01:58.703616,113,122485,-69.98653062498099,-62.68185128905151,42,0.239945652173913,5.255,0.38,15,15,-0.0026212823053355,0.9767831712961196,0.5741920098662376,0.0008866009058692,0.0,0.0,0.0,4,9.811293711392093e-05,9.811293711392093e-05,1.0,in,l2sq,2848.2662963867188,linear_gate_no_pbrs_seed321_t480k,linear_gate_no_pbrs,480000,0.25517708333333333,0.75,0.75,0.0026212823053355,0.0008866009058692
2026-06-05T13:02:23.061064,114,123552,-61.11219089417914,-61.11219089417914,46,0.2432065217391304,5.32,0.39,12,15,-0.0028308039414696,0.9592939168214798,0.6020042821764946,0.0008079322091361,0.0005859375087311,0.0,0.0,4,9.80933155076275e-05,9.80933155076275e-05,1.0,in,l2sq,2872.6237852573395,linear_gate_no_pbrs_seed321_t480k,linear_gate_no_pbrs,480000,0.2574,0.75,0.6,0.0028308039414696,0.0008079322091361
2026-06-05T13:02:44.795979,115,124630,-88.9473504373258,-75.02977066575247,45,0.2448369565217391,5.185,0.39,15,15,-0.0047138072084633,0.9796766042709352,0.5625969767570496,-0.0005871310484508,0.0050781252793967,0.0,0.0,4,9.80786017555469e-05,9.80786017555469e-05,1.0,in,l2sq,2894.358695745468,linear_gate_no_pbrs_seed321_t480k,linear_gate_no_pbrs,480000,0.25964583333333335,0.75,0.75,0.0047138072084633,0.0005871310484508
2026-06-05T13:03:10.484502,116,125741,-98.86318086708104,-98.86318086708104,44,0.2470108695652174,5.035,0.38,13,15,-0.002157654666007,0.9976229146122932,0.5924259051680565,0.0019577261364247,0.0015625000523868,0.0,0.0,4,9.806389045567656e-05,9.806389045567656e-05,1.0,in,l2sq,2920.0471653938293,linear_gate_no_pbrs_seed321_t480k,linear_gate_no_pbrs,480000,0.26196041666666664,0.75,0.65,0.002157654666007,0.0019577261364247
2026-06-05T13:03:33.168459,117,126857,-45.1512653092867,-72.00722308818388,43,0.2464673913043478,5.16,0.37,15,15,-0.0023688335626502,0.9410069659352304,0.5674557909369469,0.0012824157622162,0.0037109375698491,0.0,0.0,4,9.804427865822436e-05,9.804427865822436e-05,1.0,in,l2sq,2942.7310962677,linear_gate_no_pbrs_seed321_t480k,linear_gate_no_pbrs,480000,0.26428541666666666,0.75,0.75,0.0023688335626502,0.0012824157622162
2026-06-05T13:03:56.642991,118,127880,-85.26033994500845,-85.26033994500845,37,0.2432065217391304,4.925,0.31,9,15,-0.0023332067532466,0.9470261484384536,0.5844817757606506,0.0006897545594256,0.0003906250058207,0.0,0.0,4,9.802957226154857e-05,9.802957226154857e-05,1.0,in,l2sq,2966.2056748867035,linear_gate_no_pbrs_seed321_t480k,linear_gate_no_pbrs,480000,0.2664166666666667,0.75,0.45,0.0023332067532466,0.0006897545594256
2026-06-05T13:04:17.817848,119,128961,-90.29903387339417,-87.7796869092013,40,0.2426630434782608,4.82,0.27,15,15,-0.0031147732021054,0.9586930125951768,0.592267207801342,2.9335000181159032e-05,0.0009765625,0.0,0.0,4,9.80148683158572e-05,9.80148683158572e-05,1.0,in,l2sq,2987.380537033081,linear_gate_no_pbrs_seed321_t480k,linear_gate_no_pbrs,480000,0.26866875,0.75,0.75,0.0031147732021054,2.9335000181159032e-05
2026-06-05T13:04:44.146901,120,130045,-64.0909291118186,-64.0909291118186,49,0.2451086956521739,4.87,0.3,7,15,-0.0031922112997562,0.9852313175797462,0.572772204875946,0.0010782045769701,0.0095703126862645,0.0,0.0,4,9.79952663223427e-05,9.79952663223427e-05,1.0,in,l2sq,3013.7095816135406,linear_gate_no_pbrs_seed321_t480k,linear_gate_no_pbrs,480000,0.2709270833333333,0.75,0.35,0.0031922112997562,0.0010782045769701
2026-06-05T13:05:05.301889,121,131120,-11.522029371510088,-37.80647924166434,52,0.2451086956521739,5.05,0.31,15,15,-0.0037628762656822,0.9737979769706726,0.569023609161377,0.0032729494349041,0.0113281248195562,0.0,0.0,4,9.798056727739478e-05,9.798056727739478e-05,1.0,in,l2sq,3034.8645544052124,linear_gate_no_pbrs_seed321_t480k,linear_gate_no_pbrs,480000,0.27316666666666667,0.75,0.75,0.0037628762656822,0.0032729494349041
2026-06-05T13:05:29.218425,122,132157,-45.14179757725477,-45.14179757725477,46,0.2432065217391304,4.995,0.32,9,15,-0.0032401813863543,0.9381456822156906,0.5941266268491745,0.0012982015472517,0.0029296875145519,0.0,0.0,4,9.7965870682206e-05,9.7965870682206e-05,1.0,in,l2sq,3058.78114938736,linear_gate_no_pbrs_seed321_t480k,linear_gate_no_pbrs,480000,0.27532708333333333,0.75,0.45,0.0032401813863543,0.0012982015472517
2026-06-05T13:05:51.015849,123,133258,-102.7734742197719,-73.95763589851333,42,0.2442934782608695,5.155,0.39,15,15,-0.0027109564165583,0.9685034677386284,0.5852000936865807,0.000285830001394,0.0005859375087311,0.0,0.0,4,9.794627848772828e-05,9.794627848772828e-05,1.0,in,l2sq,3080.5785303115845,linear_gate_no_pbrs_seed321_t480k,linear_gate_no_pbrs,480000,0.2776208333333333,0.75,0.75,0.0027109564165583,0.000285830001394
2026-06-05T13:06:14.678867,124,134289,-45.03073851266268,-45.03073851266268,50,0.2445652173913043,5.03,0.34,9,15,-0.0016199842677906,0.8673451542854309,0.5699602663516998,0.0015302322084607,0.0,0.0,0.0,4,9.793158679083304e-05,9.793158679083304e-05,1.0,in,l2sq,3104.2415935993195,linear_gate_no_pbrs_seed321_t480k,linear_gate_no_pbrs,480000,0.27976875,0.75,0.45,0.0016199842677906,0.0015302322084607
2026-06-05T13:06:36.506355,125,135369,-87.48863243468111,-66.2596854736719,41,0.2432065217391304,4.84,0.26,15,15,-0.0029286891425727,0.9356826096773148,0.5796305313706398,0.0002937415010819,0.005468750023283,0.0,0.0,4,9.791689754247235e-05,9.791689754247235e-05,1.0,in,l2sq,3126.0690405368805,linear_gate_no_pbrs_seed321_t480k,linear_gate_no_pbrs,480000,0.28201875,0.75,0.75,0.0029286891425727,0.0002937415010819
2026-06-05T13:07:01.382562,126,136451,-45.3157244768268,-45.3157244768268,53,0.2448369565217391,5.135,0.3,10,15,-0.0031015586617286,0.9264061152935028,0.5578901842236519,0.001092816462733,0.0029296876018634,0.0,0.0,4,9.789731514213284e-05,9.789731514213284e-05,1.0,in,l2sq,3150.945281028748,linear_gate_no_pbrs_seed321_t480k,linear_gate_no_pbrs,480000,0.28427291666666665,0.75,0.5,0.0031015586617286,0.001092816462733
2026-06-05T13:07:22.358755,127,137523,-73.33623454549921,-59.325979511163005,46,0.2478260869565217,5.11,0.34,15,15,-0.0045851141912862,0.9793941676616668,0.5677708685398102,0.0024535409669624,0.0335937514901161,0.0,0.0,4,9.788263078961706e-05,9.788263078961706e-05,1.0,in,l2sq,3171.921478748321,linear_gate_no_pbrs_seed321_t480k,linear_gate_no_pbrs,480000,0.28650625,0.75,0.75,0.0045851141912862,0.0024535409669624
2026-06-05T13:07:45.347111,128,138531,-67.0962272874541,-67.0962272874541,40,0.2470108695652174,4.93,0.3,8,15,-0.0022881143406266,0.9160413518548012,0.5457715019583702,0.0009903786042514,0.0027343751426087,0.0,0.0,4,9.786794888441176e-05,9.786794888441176e-05,1.0,in,l2sq,3194.909847736358,linear_gate_no_pbrs_seed321_t480k,linear_gate_no_pbrs,480000,0.28860625,0.75,0.4,0.0022881143406266,0.0009903786042514
2026-06-05T13:08:06.206862,129,139580,-14.16867941264575,-40.63245335004992,50,0.2467391304347826,5.225,0.36,15,15,-0.0032878124300622,0.9682821109890938,0.5584298446774483,-0.0002702525734094,0.0064453128579771,0.0,0.0,4,9.78483762733144e-05,9.78483762733144e-05,1.0,in,l2sq,3215.769577026367,linear_gate_no_pbrs_seed321_t480k,linear_gate_no_pbrs,480000,0.29079166666666667,0.75,0.75,0.0032878124300622,0.0002702525734094
2026-06-05T13:08:31.763740,130,140638,-30.315127576430733,-30.315127576430733,50,0.2480978260869565,5.09,0.3,10,15,-0.0058262945967726,0.9676802456378936,0.5405334532260895,0.004450723683476,0.0191406260710209,0.0,0.0,4,9.783369926150656e-05,9.783369926150656e-05,1.0,in,l2sq,3241.326438188553,linear_gate_no_pbrs_seed321_t480k,linear_gate_no_pbrs,480000,0.29299583333333334,0.75,0.5,0.0058262945967726,0.004450723683476
2026-06-05T13:08:52.223941,131,141665,-23.417185124330437,-26.866156350380585,46,0.2475543478260869,5.05,0.27,15,15,-0.0013709023594855,0.9854299053549768,0.5538238734006882,-0.0010901414137151,0.0058593748835846,0.0,0.0,4,9.781902469578584e-05,9.781902469578584e-05,1.0,in,l2sq,3261.786597013473,linear_gate_no_pbrs_seed321_t480k,linear_gate_no_pbrs,480000,0.29513541666666665,0.75,0.75,0.0013709023594855,0.0010901414137151
2026-06-05T13:09:18.003112,132,142736,-62.91091218653815,-62.91091218653815,41,0.2453804347826087,5.24,0.28,12,15,-0.0036809931683819,0.9301872104406356,0.5671980530023575,0.0035019642597035,0.0212890632683411,0.0,0.0,4,9.779946186903694e-05,9.779946186903694e-05,1.0,in,l2sq,3287.565850019455,linear_gate_no_pbrs_seed321_t480k,linear_gate_no_pbrs,480000,0.29736666666666667,0.75,0.6,0.0036809931683819,0.0035019642597035
2026-06-05T13:09:40.006765,133,143787,-2.0638823796710746,-32.48739728310461,54,0.248641304347826,5.02,0.23,15,15,-0.001921257354843,0.9261679202318192,0.5534793585538864,-0.0003024399066816,0.0003906250058207,0.0,0.0,4,9.778479219426746e-05,9.778479219426746e-05,1.0,in,l2sq,3309.569454908371,linear_gate_no_pbrs_seed321_t480k,linear_gate_no_pbrs,480000,0.29955625,0.75,0.75,0.001921257354843,0.0003024399066816
2026-06-05T13:10:05.634391,134,144863,-3.637488573442039,-3.637488573442039,48,0.2491847826086956,5.03,0.23,12,15,-0.0025201343014487,0.9188126996159554,0.5454390197992325,5.831134121763587e-05,0.0003906250058207,0.0,0.0,4,9.777012496436228e-05,9.777012496436228e-05,1.0,in,l2sq,3335.1970970630646,linear_gate_no_pbrs_seed321_t480k,linear_gate_no_pbrs,480000,0.30179791666666667,0.75,0.6,0.0025201343014487,5.831134121763587e-05
2026-06-05T13:10:26.635488,135,145896,0.4597521270437683,-1.5888682231991351,46,0.2494565217391304,5.165,0.25,15,15,-0.0029915615799835,0.9805067032575608,0.5221019089221954,0.0020775606430106,0.0,0.0,0.0,4,9.775545969005516e-05,9.775545969005516e-05,1.0,in,l2sq,3356.1982085704803,linear_gate_no_pbrs_seed321_t480k,linear_gate_no_pbrs,480000,0.30395,0.75,0.75,0.0029915615799835,0.0020775606430106
2026-06-05T13:10:52.981687,136,147015,-15.329535284809902,-15.329535284809902,52,0.2516304347826087,5.175,0.31,12,15,-0.0023597151732246,0.917062908411026,0.5098202973604202,0.0010806056118554,0.0033203125058207,0.0,0.0,4,9.774079685987895e-05,9.774079685987895e-05,1.0,in,l2sq,3382.544413805008,linear_gate_no_pbrs_seed321_t480k,linear_gate_no_pbrs,480000,0.30628125,0.75,0.6,0.0023597151732246,0.0010806056118554
2026-06-05T13:11:13.962610,137,148072,-69.8293548887597,-42.5794450867848,43,0.2516304347826087,5.32,0.42,15,15,-0.0035359215020436,0.8954465687274933,0.5267515480518341,-0.0003886359193302,0.0007812500261934,0.0,0.0,4,9.772124967791496e-05,9.772124967791496e-05,1.0,in,l2sq,3403.525339126587,linear_gate_no_pbrs_seed321_t480k,linear_gate_no_pbrs,480000,0.30848333333333333,0.75,0.75,0.0035359215020436,0.0003886359193302
2026-06-05T13:11:38.914621,138,149155,-2.8503771606859125,-2.8503771606859125,54,0.25625,5.325,0.4,11,15,-0.0015956983712385,0.9281943887472152,0.5258401483297348,-0.0003091946109634,0.0001953125029103,0.0,0.0,4,9.770170640519187e-05,9.770170640519187e-05,1.0,in,l2sq,3428.477329969406,linear_gate_no_pbrs_seed321_t480k,linear_gate_no_pbrs,480000,0.31073958333333335,0.75,0.55,0.0015956983712385,0.0003091946109634
2026-06-05T13:12:00.188644,139,150198,12.350945049643416,4.750283944478752,54,0.2600543478260869,5.33,0.35,15,15,-0.0032320567814168,0.9993882477283478,0.5081457048654556,0.0013199606231865,0.0027343749534338,0.0,0.0,4,9.768705139349756e-05,9.768705139349756e-05,1.0,in,l2sq,3449.7513024806976,linear_gate_no_pbrs_seed321_t480k,linear_gate_no_pbrs,480000,0.3129125,0.75,0.75,0.0032320567814168,0.0013199606231865
2026-06-05T13:12:25.268392,140,151230,-18.162868333779382,-18.162868333779382,60,0.2630434782608695,5.05,0.28,10,15,-0.002986720255285,1.0124776661396029,0.521148718893528,0.0019326008074131,0.0037109374825377,0.0,0.0,4,9.767239882422382e-05,9.767239882422382e-05,1.0,in,l2sq,3474.8310668468475,linear_gate_no_pbrs_seed321_t480k,linear_gate_no_pbrs,480000,0.3150625,0.75,0.5,0.002986720255285,0.0019326008074131
2026-06-05T13:12:46.369176,141,152302,-3.110878895379765,-10.636873614579576,52,0.2630434782608695,5.0,0.23,15,15,-0.0040539526846259,0.961175173521042,0.5309502929449081,0.0007550437267127,0.0160156250931322,0.0,0.0,4,9.765774820859338e-05,9.765774820859338e-05,1.0,in,l2sq,3495.931815862656,linear_gate_no_pbrs_seed321_t480k,linear_gate_no_pbrs,480000,0.31729583333333333,0.75,0.75,0.0040539526846259,0.0007550437267127
2026-06-05T13:13:11.507384,142,153414,-82.05331913754836,-82.05331913754836,37,0.2605978260869565,5.095,0.23,11,15,-0.0024879218122805,0.965944156050682,0.5224122032523155,-0.0001414389352248,0.0011718750029103,0.0,0.0,4,9.764310003465084e-05,9.764310003465084e-05,1.0,in,l2sq,3521.070108652115,linear_gate_no_pbrs_seed321_t480k,linear_gate_no_pbrs,480000,0.3196125,0.75,0.55,0.0024879218122805,0.0001414389352248
2026-06-05T13:13:32.818369,143,154493,-25.017473177835505,-53.535396157691935,44,0.261141304347826,4.935,0.26,15,15,-0.0033202566031832,0.9478146955370904,0.5263658761978149,0.0005015880684368,0.0181640627561137,0.0,0.0,4,9.762357239107492e-05,9.762357239107492e-05,1.0,in,l2sq,3542.3810245990758,linear_gate_no_pbrs_seed321_t480k,linear_gate_no_pbrs,480000,0.32186041666666665,0.75,0.75,0.0033202566031832,0.0005015880684368
2026-06-05T13:13:57.399437,144,155534,-4.508179159956825,-4.508179159956825,53,0.2619565217391304,5.065,0.29,8,15,-0.0022935681226954,0.9732925593852996,0.5045862086117268,0.001192647447533,0.0025390625814907,0.0,0.0,4,9.76040486528324e-05,9.76040486528324e-05,1.0,in,l2sq,3566.9621443748474,linear_gate_no_pbrs_seed321_t480k,linear_gate_no_pbrs,480000,0.32402916666666665,0.75,0.4,0.0022935681226954,0.001192647447533
2026-06-05T13:14:18.401117,145,156583,-24.919325476018223,-14.713752317987524,48,0.2638586956521739,5.13,0.27,15,15,-0.0035254658141639,0.9664716720581056,0.495976559817791,0.0006734643364325,0.0058593749126885,0.0,0.0,4,9.758940828955682e-05,9.758940828955682e-05,1.0,in,l2sq,3587.9637908935547,linear_gate_no_pbrs_seed321_t480k,linear_gate_no_pbrs,480000,0.3262145833333333,0.75,0.75,0.0035254658141639,0.0006734643364325
2026-06-05T13:14:42.473745,146,157638,0.8134807046029767,0.8134807046029767,51,0.2633152173913043,5.02,0.29,11,15,-0.0051550379779655,0.9687112495303154,0.5087702423334122,0.0057871531854288,0.0287109372438862,0.0,0.0,4,9.757477036626045e-05,9.757477036626045e-05,1.0,in,l2sq,3612.036463499069,linear_gate_no_pbrs_seed321_t480k,linear_gate_no_pbrs,480000,0.3284125,0.75,0.55,0.0051550379779655,0.0057871531854288
2026-06-05T13:15:03.219337,147,158694,-11.078535277406528,-5.132527286401775,45,0.2630434782608695,5.135,0.3,15,15,-0.0015056908028782,0.9576632976531982,0.5013071447610855,-0.0004398920214953,0.0007812500116415,0.0,0.0,4,9.75601343946546e-05,9.75601343946546e-05,1.0,in,l2sq,3632.782050132752,linear_gate_no_pbrs_seed321_t480k,linear_gate_no_pbrs,480000,0.3306125,0.75,0.75,0.0015056908028782,0.0004398920214953
2026-06-05T13:15:34.899884,148,159757,13.14531019270154,13.14531019270154,48,0.2652173913043478,5.19,0.34,15,15,-0.0027906939896638,0.9866570308804512,0.5036475881934166,-0.0004325906941971,0.0001953125029103,0.0,0.0,4,9.754550086229608e-05,9.754550086229608e-05,1.0,in,l2sq,3664.4623923301697,linear_gate_no_pbrs_seed321_t480k,linear_gate_no_pbrs,480000,0.33282708333333333,0.75,0.75,0.0027906939896638,0.0004325906941971
2026-06-05T13:15:54.915916,149,160769,5.356812129743253,9.251061161222395,46,0.2641304347826086,5.29,0.38,15,15,-0.0033972896897468,0.9045202508568764,0.5231060832738876,0.0029017231362559,0.0136718757566995,0.0,0.0,4,9.752599273757864e-05,9.752599273757864e-05,1.0,in,l2sq,3684.478585481644,linear_gate_no_pbrs_seed321_t480k,linear_gate_no_pbrs,480000,0.33493541666666665,0.75,0.75,0.0033972896897468,0.0029017231362559
2026-06-05T13:16:21.161328,150,161854,-71.99860634881276,-71.99860634881276,44,0.2625,5.235,0.37,11,15,-0.0024127275595674,1.0027760863304138,0.5565881282091141,0.0014338463719468,0.0078125002910383,0.0,0.0,4,9.751136408249516e-05,9.751136408249516e-05,1.0,in,l2sq,3710.724027395248,linear_gate_no_pbrs_seed321_t480k,linear_gate_no_pbrs,480000,0.3371958333333333,0.75,0.55,0.0024127275595674,0.0014338463719468
2026-06-05T13:16:43.663030,151,162947,-95.50591135792946,-83.7522588533711,41,0.261141304347826,5.205,0.34,15,15,-0.0030808635550783,0.9545692205429076,0.5058659054338932,-0.00018793411773,0.0064453125523868,0.0,0.0,4,9.749673786543962e-05,9.749673786543962e-05,1.0,in,l2sq,3733.22565984726,linear_gate_no_pbrs_seed321_t480k,linear_gate_no_pbrs,480000,0.3394729166666667,0.75,0.75,0.0030808635550783,0.00018793411773
2026-06-05T13:17:26.799056,152,164016,-27.8123446074229,-27.8123446074229,45,0.2622282608695652,5.12,0.34,15,15,-0.003005169366952,0.9493491947650908,0.5100842006504536,0.0006619947484068,0.0121093754423782,0.0,0.0,4,9.747723949283392e-05,9.747723949283392e-05,1.0,in,l2sq,3776.3615679740906,linear_gate_no_pbrs_seed321_t480k,linear_gate_no_pbrs,480000,0.3417,0.75,0.75,0.003005169366952,0.0006619947484068
2026-06-05T13:17:47.782902,153,165090,-2.612623512057148,-15.212484059740024,54,0.2622282608695652,5.055,0.36,15,15,-0.0033875287685077,0.9176182746887208,0.5253404527902603,-0.0003190728861227,0.001953125,0.0,0.0,4,9.746261815061529e-05,9.746261815061529e-05,1.0,in,l2sq,3797.3456094264975,linear_gate_no_pbrs_seed321_t480k,linear_gate_no_pbrs,480000,0.3439375,0.75,0.75,0.0033875287685077,0.0003190728861227
2026-06-05T13:18:11.291808,154,166127,-41.13544900253934,-41.13544900253934,44,0.261141304347826,5.0,0.24,14,15,-0.0027781192504334,0.9110294803977012,0.4964095614850521,0.0004785190152688,0.0019531250145519,0.0,0.0,4,9.74479992452058e-05,9.74479992452058e-05,1.0,in,l2sq,3820.854539394378,linear_gate_no_pbrs_seed321_t480k,linear_gate_no_pbrs,480000,0.34609791666666667,0.75,0.7,0.0027781192504334,0.0004785190152688
2026-06-05T13:18:32.931344,155,167222,-2.7381800094819657,-21.93681450601065,52,0.2627717391304348,5.25,0.26,15,15,-0.0031289819984522,0.950577512383461,0.5110776387155056,0.0009953982233128,0.0019531250727595,0.0,0.0,4,9.742851061983674e-05,9.742851061983674e-05,1.0,in,l2sq,3842.4940617084494,linear_gate_no_pbrs_seed321_t480k,linear_gate_no_pbrs,480000,0.3483791666666667,0.75,0.75,0.0031289819984522,0.0009953982233128
2026-06-05T13:19:03.817017,156,168231,-15.10998763837431,-15.10998763837431,44,0.2605978260869565,5.33,0.29,15,15,-0.0024371431150939,0.955580860376358,0.4796165972948074,0.000917195736838,0.0,0.0,0.0,4,9.741389658682724e-05,9.741389658682724e-05,1.0,in,l2sq,3873.379535675049,linear_gate_no_pbrs_seed321_t480k,linear_gate_no_pbrs,480000,0.35048125,0.75,0.75,0.0024371431150939,0.000917195736838
2026-06-05T13:19:25.287115,157,169297,-82.49900876581171,-48.80449820209301,38,0.2592391304347826,5.305,0.21,15,15,-0.0025236114524886,0.904208078980446,0.5095296278595924,0.0009889727294648,0.0046875000698491,0.0,0.0,4,9.73992849894087e-05,9.73992849894087e-05,1.0,in,l2sq,3894.849773168564,linear_gate_no_pbrs_seed321_t480k,linear_gate_no_pbrs,480000,0.35270208333333336,0.75,0.75,0.0025236114524886,0.0009889727294648
2026-06-05T13:19:50.004333,158,170387,-56.07783460109704,-56.07783460109704,46,0.2570652173913043,5.38,0.19,13,15,-0.003329589222267,0.8911905586719513,0.4987765774130821,0.0009835123955781,0.0041015626193257,0.0,0.0,4,9.737980610640366e-05,9.737980610640366e-05,1.0,in,l2sq,3919.567048549652,linear_gate_no_pbrs_seed321_t480k,linear_gate_no_pbrs,480000,0.3549729166666667,0.75,0.65,0.003329589222267,0.0009835123955781
2026-06-05T13:20:10.294628,159,171416,-28.06338520801821,-42.07060990455763,45,0.2546195652173913,5.295,0.21,15,15,-0.0028322086611296,0.9142091125249864,0.5070444494485855,0.0033277039055974,0.0101562500931322,0.0,0.0,4,9.73651993789494e-05,9.73651993789494e-05,1.0,in,l2sq,3939.857314109802,linear_gate_no_pbrs_seed321_t480k,linear_gate_no_pbrs,480000,0.3571166666666667,0.75,0.75,0.0028322086611296,0.0033277039055974
2026-06-05T13:20:37.317364,160,172531,-85.18707195878032,-85.18707195878032,46,0.2508152173913043,5.315,0.25,13,15,-0.0028846972330938,0.9137203171849252,0.4866507016122341,0.0017856198981462,0.0041015625756699,0.0,0.0,4,9.735059508586856e-05,9.735059508586856e-05,1.0,in,l2sq,3966.880059957504,linear_gate_no_pbrs_seed321_t480k,linear_gate_no_pbrs,480000,0.3594395833333333,0.75,0.65,0.0028846972330938,0.0017856198981462
2026-06-05T13:20:59.045727,161,173631,-35.13341170567786,-60.16024183222909,44,0.248641304347826,5.41,0.27,15,15,-0.0020628128491809,0.898806206882,0.4964444749057293,-6.267210460464412e-05,0.0003906250058207,0.0,0.0,4,9.733112594035733e-05,9.733112594035733e-05,1.0,in,l2sq,3988.608387470245,linear_gate_no_pbrs_seed321_t480k,linear_gate_no_pbrs,480000,0.36173125,0.75,0.75,0.0020628128491809,6.267210460464412e-05
2026-06-05T13:21:31.284661,162,174696,30.92149126546072,30.92149126546072,57,0.2540760869565217,5.44,0.27,15,15,-0.0037117452011443,0.9465754628181458,0.5005947276949883,0.0016112839770358,0.009765625,0.0,0.0,4,9.731652651480626e-05,9.731652651480626e-05,1.0,in,l2sq,4020.847179889679,linear_gate_no_pbrs_seed321_t480k,linear_gate_no_pbrs,480000,0.36395,0.75,0.75,0.0037117452011443,0.0016112839770358
2026-06-05T13:21:52.776856,163,175753,30.722355792179552,30.821923528820136,58,0.2578804347826087,5.505,0.28,15,15,-0.0029963922133902,0.9175454750657082,0.4748970456421375,0.0026257082773497,0.008007812735741,0.0,0.0,4,9.730192952241167e-05,9.730192952241167e-05,1.0,in,l2sq,4042.339533090592,linear_gate_no_pbrs_seed321_t480k,linear_gate_no_pbrs,480000,0.3661520833333333,0.75,0.75,0.0029963922133902,0.0026257082773497
2026-06-05T13:22:24.943202,164,176806,13.022498757277758,13.022498757277758,57,0.2589673913043478,5.26,0.25,15,15,-0.0024416841675702,0.9651836454868316,0.4748750776052475,0.0012324771594649,0.0037109375698491,0.0,0.0,4,9.72824701095265e-05,9.72824701095265e-05,1.0,in,l2sq,4074.505713224411,linear_gate_no_pbrs_seed321_t480k,linear_gate_no_pbrs,480000,0.3683458333333333,0.75,0.75,0.0024416841675702,0.0012324771594649
2026-06-05T13:22:44.810522,165,177818,-51.8821780923184,-19.42983966752032,46,0.2584239130434783,5.005,0.24,15,15,-0.0042221912124658,0.9658196270465852,0.4526401907205581,0.0008322252151629,0.0101562505587935,0.0,0.0,4,9.72678779822284e-05,9.72678779822284e-05,1.0,in,l2sq,4094.373220682144,linear_gate_no_pbrs_seed321_t480k,linear_gate_no_pbrs,480000,0.37045416666666664,0.75,0.75,0.0042221912124658,0.0008322252151629
2026-06-05T13:23:09.198107,166,178885,-28.17340533400589,-28.17340533400589,49,0.2578804347826087,5.085,0.25,10,15,-0.0025088470894844,0.9742254614830016,0.4654761627316475,0.0007423492359522,0.0093750000960426,0.0,0.0,4,9.725328828687046e-05,9.725328828687046e-05,1.0,in,l2sq,4118.760809659958,linear_gate_no_pbrs_seed321_t480k,linear_gate_no_pbrs,480000,0.3726770833333333,0.75,0.5,0.0025088470894844,0.0007423492359522
2026-06-05T13:23:29.603998,167,179922,5.8954848752616265,-11.138960229372133,54,0.2603260869565217,5.075,0.22,15,15,-0.002765598995029,0.9094128608703612,0.4801701419055462,0.0005182604960282,0.0068359376018634,0.0,0.0,4,9.723383860174596e-05,9.723383860174596e-05,1.0,in,l2sq,4139.166695833206,linear_gate_no_pbrs_seed321_t480k,linear_gate_no_pbrs,480000,0.3748375,0.75,0.75,0.002765598995029,0.0005182604960282
2026-06-05T13:23:52.920421,168,180948,1.6339249795698922,1.6339249795698922,49,0.2605978260869565,5.075,0.17,11,15,-0.0042966603999956,1.0379348695278168,0.5124535411596298,0.0009961681502317,0.0121093752095475,0.0,0.0,4,9.721925376905246e-05,9.721925376905246e-05,1.0,in,l2sq,4162.48314166069,linear_gate_no_pbrs_seed321_t480k,linear_gate_no_pbrs,480000,0.376975,0.75,0.55,0.0042966603999956,0.0009961681502317
2026-06-05T13:24:14.969333,169,182024,-5.815019987891241,-2.0905475041606745,48,0.261141304347826,5.28,0.17,15,15,-0.001857661579561,0.9273900762200356,0.4809697866439819,0.0005739257754157,0.0013671875203726,0.0,0.0,4,9.720467136708336e-05,9.720467136708336e-05,1.0,in,l2sq,4184.532006978989,linear_gate_no_pbrs_seed321_t480k,linear_gate_no_pbrs,480000,0.37921666666666665,0.75,0.75,0.001857661579561,0.0005739257754157
2026-06-05T13:24:40.842470,170,183103,-59.8449106945223,-59.8449106945223,53,0.2635869565217391,5.125,0.21,10,15,-0.0024740972337895,0.9212281331419944,0.4717556424438953,0.0004530016509761,0.0009765625291038,0.0,0.0,4,9.718523140485667e-05,9.718523140485667e-05,1.0,in,l2sq,4210.4051423072815,linear_gate_no_pbrs_seed321_t480k,linear_gate_no_pbrs,480000,0.38146458333333333,0.75,0.5,0.0024740972337895,0.0004530016509761
2026-06-05T13:25:02.621872,171,184208,-56.07470088573808,-57.95980579013019,44,0.2644021739130435,5.055,0.22,15,15,-0.0021201372233918,0.9603668749332428,0.5129664838314056,0.0018067615752443,0.0,0.0,0.0,4,9.717065386312118e-05,9.717065386312118e-05,1.0,in,l2sq,4232.184595584869,linear_gate_no_pbrs_seed321_t480k,linear_gate_no_pbrs,480000,0.38376666666666664,0.75,0.75,0.0021201372233918,0.0018067615752443
2026-06-05T13:25:27.450781,172,185303,-60.34773804592344,-60.34773804592344,52,0.266304347826087,5.145,0.33,12,15,-0.0035552841014578,0.9482229724526404,0.492369957268238,0.0016426008864983,0.0044921876688022,0.0,0.0,4,9.715607875089498e-05,9.715607875089498e-05,1.0,in,l2sq,4257.0134398937225,linear_gate_no_pbrs_seed321_t480k,linear_gate_no_pbrs,480000,0.38604791666666666,0.75,0.6,0.0035552841014578,0.0016426008864983
2026-06-05T13:25:47.438114,173,186316,6.439476684582615,-26.95413068067041,56,0.2668478260869565,4.895,0.34,15,15,-0.0018916052213172,0.8822906464338303,0.4964178055524826,0.0015143850770073,0.0050781251920852,0.0,0.0,4,9.71366485067056e-05,9.71366485067056e-05,1.0,in,l2sq,4277.000807523727,linear_gate_no_pbrs_seed321_t480k,linear_gate_no_pbrs,480000,0.3881583333333333,0.75,0.75,0.0018916052213172,0.0015143850770073
2026-06-05T13:26:10.898412,174,187345,26.19875326308596,26.19875326308596,64,0.2722826086956522,4.935,0.39,11,15,-0.0015797480999024,0.9847152084112168,0.4570363834500313,0.0013086503178783,0.002734375098953,0.0,0.0,4,9.712207825228337e-05,9.712207825228337e-05,1.0,in,l2sq,4300.461137294769,linear_gate_no_pbrs_seed321_t480k,linear_gate_no_pbrs,480000,0.3903020833333333,0.75,0.55,0.0015797480999024,0.0013086503178783
2026-06-05T13:26:30.588361,175,188345,-6.1175926926410025,10.04058028522248,53,0.2725543478260869,4.815,0.37,15,15,-0.0033133485063445,0.9671612530946732,0.460116446018219,0.0008312705018397,0.0060546876920852,0.0,0.0,4,9.71075104261559e-05,9.71075104261559e-05,1.0,in,l2sq,4320.1509964466095,linear_gate_no_pbrs_seed321_t480k,linear_gate_no_pbrs,480000,0.39238541666666665,0.75,0.75,0.0033133485063445,0.0008312705018397
2026-06-05T13:26:55.381849,176,189424,-6.874352062555743,-6.874352062555743,54,0.2752717391304348,4.935,0.36,14,15,-0.0035718202940189,0.9165456593036652,0.4871820211410522,0.0003868014820909,0.006640625098953,0.0,0.0,4,9.709294454237288e-05,9.709294454237288e-05,1.0,in,l2sq,4344.944578170776,linear_gate_no_pbrs_seed321_t480k,linear_gate_no_pbrs,480000,0.39463333333333334,0.75,0.7,0.0035718202940189,0.0003868014820909
2026-06-05T13:27:14.762952,177,190419,14.469363244257782,3.7975055908510194,55,0.2798913043478261,5.25,0.31,15,15,-0.0035577075817855,0.9110046103596688,0.4711728133261204,0.0027891278072275,0.0128906251920852,0.0,0.0,4,9.707838108615626e-05,9.707838108615626e-05,1.0,in,l2sq,4364.325672864914,linear_gate_no_pbrs_seed321_t480k,linear_gate_no_pbrs,480000,0.39670625,0.75,0.75,0.0035577075817855,0.0027891278072275
2026-06-05T13:27:37.910997,178,191440,-26.69737093914314,-26.69737093914314,47,0.2801630434782609,5.225,0.28,10,15,-0.0025583699927667,0.9396486803889276,0.4664460532367229,0.0002330049015199,0.006445312697906,0.0,0.0,4,9.705896638072285e-05,9.705896638072285e-05,1.0,in,l2sq,4387.473709106445,linear_gate_no_pbrs_seed321_t480k,linear_gate_no_pbrs,480000,0.3988333333333333,0.75,0.5,0.0025583699927667,0.0002330049015199
2026-06-05T13:27:57.868880,179,192467,9.255739952718065,-8.720815493212537,49,0.28125,5.175,0.29,15,15,-0.0024047114886345,0.9579550921916962,0.4809294417500496,0.0015287133965102,0.0003906250058207,0.0,0.0,4,9.704440777842529e-05,9.704440777842529e-05,1.0,in,l2sq,4407.431588411331,linear_gate_no_pbrs_seed321_t480k,linear_gate_no_pbrs,480000,0.4009729166666667,0.75,0.75,0.0024047114886345,0.0015287133965102
2026-06-05T13:28:23.245931,180,193516,-57.79317518143117,-57.79317518143117,47,0.2815217391304347,5.055,0.26,8,15,-0.0029207978775957,0.9922074899077415,0.4655481874942779,0.0007436161458826,0.0029296875,0.0,0.0,4,9.702985160248056e-05,9.702985160248056e-05,1.0,in,l2sq,4432.8086450099945,linear_gate_no_pbrs_seed321_t480k,linear_gate_no_pbrs,480000,0.40315833333333334,0.75,0.4,0.0029207978775957,0.0007436161458826
2026-06-05T13:28:44.364259,181,194597,-52.7940154972526,-55.29359533934189,50,0.2831521739130435,4.96,0.26,15,15,-0.0019957989708926,0.9111642837524414,0.4693367332220077,0.0008043717383771,0.0005859375087311,0.0,0.0,4,9.701044660245858e-05,9.701044660245858e-05,1.0,in,l2sq,4453.926953077316,linear_gate_no_pbrs_seed321_t480k,linear_gate_no_pbrs,480000,0.40541041666666666,0.75,0.75,0.0019957989708926,0.0008043717383771
2026-06-05T13:29:08.051628,182,195641,21.52157091528164,21.52157091528164,51,0.2815217391304347,5.085,0.23,11,15,-0.004106034542201,0.939190313220024,0.4405105262994766,0.0022981640355283,0.0085937500116415,0.0,0.0,4,9.699589527800646e-05,9.699589527800646e-05,1.0,in,l2sq,4477.614375591278,linear_gate_no_pbrs_seed321_t480k,linear_gate_no_pbrs,480000,0.40758541666666664,0.75,0.55,0.004106034542201,0.0022981640355283
2026-06-05T13:29:27.869278,183,196656,44.283644421418366,32.90260766835,58,0.2815217391304347,5.195,0.24,15,15,-0.0026723738556029,0.9146223291754724,0.4438629634678364,0.0016851551406034,0.0080078126629814,0.0,0.0,4,9.698134637869424e-05,9.698134637869424e-05,1.0,in,l2sq,4497.4319949150085,linear_gate_no_pbrs_seed321_t480k,linear_gate_no_pbrs,480000,0.4097,0.75,0.75,0.0026723738556029,0.0016851551406034
2026-06-05T13:29:51.887163,184,197725,-19.43154980479938,-19.43154980479938,51,0.2798913043478261,5.385,0.23,14,15,-0.0014360346074682,0.9238701313734056,0.4519861340522766,0.0007070868567098,0.0003906250058207,0.0,0.0,4,9.696679941920292e-05,9.696679941920292e-05,1.0,in,l2sq,4521.449885845184,linear_gate_no_pbrs_seed321_t480k,linear_gate_no_pbrs,480000,0.41192708333333333,0.75,0.7,0.0014360346074682,0.0007070868567098
2026-06-05T13:30:13.494208,185,198830,-3.479347600360877,-11.45544870258013,54,0.2820652173913043,5.425,0.24,15,15,-0.0030490242454106,0.9035703167319298,0.4443240240216255,0.0019383010011552,0.0037109374679857,0.0,0.0,4,9.695225488412404e-05,9.695225488412404e-05,1.0,in,l2sq,4543.056930541992,linear_gate_no_pbrs_seed321_t480k,linear_gate_no_pbrs,480000,0.41422916666666665,0.75,0.75,0.0030490242454106,0.0019383010011552
2026-06-05T13:30:38.573570,186,199952,-22.15022376921047,-22.15022376921047,44,0.2807065217391304,5.485,0.25,13,15,-0.0025213323860953,0.9224070012569427,0.448638591915369,0.000108741794429,0.0017578125698491,0.0,0.0,4,9.69328654026698e-05,9.69328654026698e-05,1.0,in,l2sq,4568.136254072189,linear_gate_no_pbrs_seed321_t480k,linear_gate_no_pbrs,480000,0.41656666666666664,0.75,0.65,0.0025213323860953,0.000108741794429
2026-06-05T13:30:58.812098,187,200988,-11.31304277980097,-16.731633274505718,53,0.2804347826086956,5.365,0.26,15,15,-0.0024383004492847,0.8751481771469116,0.4538492783904075,0.0001500535845934,0.0003906250058207,0.0,0.0,4,9.691347979891792e-05,9.691347979891792e-05,1.0,in,l2sq,4588.374801874161,linear_gate_no_pbrs_seed321_t480k,linear_gate_no_pbrs,480000,0.418725,0.75,0.75,0.0024383004492847,0.0001500535845934
2026-06-05T13:31:22.592020,188,202052,9.308991006096072,9.308991006096072,57,0.2826086956521739,5.145,0.32,14,15,-0.0037264716869686,0.9699621796607972,0.4421883523464203,6.17148198216455e-05,0.0046875001862645,0.0,0.0,4,9.689894301924388e-05,9.689894301924388e-05,1.0,in,l2sq,4612.154761791229,linear_gate_no_pbrs_seed321_t480k,linear_gate_no_pbrs,480000,0.42094166666666666,0.75,0.7,0.0037264716869686,6.17148198216455e-05
2026-06-05T13:31:43.890455,189,203143,-81.18185523445675,-35.936432114180334,33,0.2785326086956521,5.26,0.32,15,15,-0.0023254402127349,0.9118381291627884,0.4709566496312618,0.0029117252146534,0.006445312523283,0.0,0.0,4,9.688440866228572e-05,9.688440866228572e-05,1.0,in,l2sq,4633.453132390976,linear_gate_no_pbrs_seed321_t480k,linear_gate_no_pbrs,480000,0.42321458333333334,0.75,0.75,0.0023254402127349,0.0029117252146534
2026-06-05T13:32:08.754683,190,204183,8.993961622652744,8.993961622652744,44,0.2760869565217391,5.09,0.28,12,15,-0.0032490608165971,1.0159146189689636,0.457678273320198,0.0017470354660872,0.0128906251047737,0.0,0.0,4,9.686503274939737e-05,9.686503274939737e-05,1.0,in,l2sq,4658.31738448143,linear_gate_no_pbrs_seed321_t480k,linear_gate_no_pbrs,480000,0.42538125,0.75,0.6,0.0032490608165971,0.0017470354660872
2026-06-05T13:32:29.958697,191,205270,49.86286917184529,29.42841539724902,51,0.2779891304347826,5.125,0.29,15,15,-0.0016896009383344,0.9690482020378112,0.4787786826491356,0.0009324813981947,0.0011718750465661,0.0,0.0,4,9.685050323665964e-05,9.685050323665964e-05,1.0,in,l2sq,4679.521369457245,linear_gate_no_pbrs_seed321_t480k,linear_gate_no_pbrs,480000,0.42764583333333334,0.75,0.75,0.0016896009383344,0.0009324813981947
2026-06-05T13:32:53.425794,192,206313,-8.510065433671224,-8.510065433671224,49,0.2771739130434782,4.995,0.28,14,15,-0.0027515069203218,0.9163200408220292,0.4706992357969284,0.0006697209022604,0.0003906250058207,0.0,0.0,4,9.683597614542665e-05,9.683597614542665e-05,1.0,in,l2sq,4702.988531827927,linear_gate_no_pbrs_seed321_t480k,linear_gate_no_pbrs,480000,0.42981875,0.75,0.7,0.0027515069203218,0.0006697209022604
2026-06-05T13:33:13.472510,193,207343,-5.206895912227697,-6.858480672949461,57,0.277445652173913,5.0,0.29,15,15,-0.0032476623950059,0.8832148313522339,0.4472288489341736,0.0007223391514344,0.0003906250058207,0.0,0.0,4,9.682145099110689e-05,9.682145099110689e-05,1.0,in,l2sq,4723.035181522369,linear_gate_no_pbrs_seed321_t480k,linear_gate_no_pbrs,480000,0.4319645833333333,0.75,0.75,0.0032476623950059,0.0007223391514344
2026-06-05T13:33:45.958449,194,208403,28.25571761836837,28.25571761836837,61,0.2766304347826087,5.105,0.29,15,15,-0.0029567376011983,0.9187955856323242,0.4614412821829319,0.0024515032222552,0.0101562503259629,0.0,0.0,4,9.680692825756548e-05,9.680692825756548e-05,1.0,in,l2sq,4755.520944356918,linear_gate_no_pbrs_seed321_t480k,linear_gate_no_pbrs,480000,0.4341729166666667,0.75,0.75,0.0029567376011983,0.0024515032222552
2026-06-05T13:34:06.455814,195,209450,26.77378842871372,27.514753023541047,55,0.2771739130434782,5.205,0.25,15,15,-0.0021110129004228,0.8909377232193947,0.4544151909649372,0.0010542448101659,0.0035156250523868,0.0,0.0,4,9.678756783998324e-05,9.678756783998324e-05,1.0,in,l2sq,4776.018486976624,linear_gate_no_pbrs_seed321_t480k,linear_gate_no_pbrs,480000,0.43635416666666665,0.75,0.75,0.0021110129004228,0.0010542448101659
2026-06-05T13:34:39.783562,196,210555,-72.99282905346664,-72.99282905346664,50,0.2760869565217391,5.305,0.24,17,17,-0.002785112062702,0.9860065281391144,0.466700054705143,0.0011454103248979,0.0,0.0,0.0,4,9.677304994678829e-05,9.677304994678829e-05,1.0,in,l2sq,4809.346083641052,linear_gate_no_pbrs_seed321_t480k,linear_gate_no_pbrs,480000,0.43865625,0.85,0.85,0.002785112062702,0.0011454103248979
2026-06-05T13:35:01.911211,197,211603,20.009012730305283,-26.491908161580675,57,0.2766304347826087,5.445,0.22,17,17,-0.0027782921770267,0.9612679407000542,0.4718546122312546,0.0002333654573704,0.0011718750465661,0.0,0.0,4,9.675853447316151e-05,9.675853447316151e-05,1.0,in,l2sq,4831.473890781403,linear_gate_no_pbrs_seed321_t480k,linear_gate_no_pbrs,480000,0.44083958333333334,0.85,0.85,0.0027782921770267,0.0002333654573704
2026-06-05T13:35:34.783045,198,212641,13.827850851282347,13.827850851282347,52,0.2779891304347826,5.325,0.25,18,18,-0.0029334369595744,0.9275836646556854,0.4798973985016346,0.0009166794738007,0.0007812500261934,0.0,0.0,4,9.673918373385224e-05,9.673918373385224e-05,1.0,in,l2sq,4864.345582008362,linear_gate_no_pbrs_seed321_t480k,linear_gate_no_pbrs,480000,0.44300208333333335,0.9,0.9,0.0029334369595744,0.0009166794738007
2026-06-05T13:35:57.717573,199,213737,-51.36390093190479,-18.76802504031122,45,0.2769021739130435,5.395,0.27,18,18,-0.0028156526328529,1.0355181694030762,0.4684300422668457,0.0022130576675408,0.0007812500116415,0.0,0.0,4,9.67246730981522e-05,9.67246730981522e-05,1.0,in,l2sq,4887.280296564102,linear_gate_no_pbrs_seed321_t480k,linear_gate_no_pbrs,480000,0.44528541666666666,0.9,0.9,0.0028156526328529,0.0022130576675408
2026-06-05T13:36:24.191514,200,214787,34.76929154210273,34.76929154210273,62,0.2809782608695652,5.265,0.25,15,18,-0.0020975612984329,0.9344428405165672,0.4555651359260082,0.0007229325093703,0.0021484375320142,0.0,0.0,4,9.671016488081084e-05,9.671016488081084e-05,1.0,in,l2sq,4913.754155397415,linear_gate_no_pbrs_seed321_t480k,linear_gate_no_pbrs,480000,0.44747291666666666,0.9,0.75,0.0020975612984329,0.0007229325093703
2026-06-05T13:36:46.048928,201,215832,-20.485752588138137,7.141769476982296,50,0.2809782608695652,5.145,0.23,18,18,-0.0033588056801817,0.9134129211306572,0.4872297719120979,0.0007596405295317,0.0003906250058207,0.0,0.0,4,9.669082381493632e-05,9.669082381493632e-05,1.0,in,l2sq,4935.6116099357605,linear_gate_no_pbrs_seed321_t480k,linear_gate_no_pbrs,480000,0.44965,0.9,0.9,0.0033588056801817,0.0007596405295317
2026-06-05T13:37:18.869388,202,216875,15.036139641448711,15.036139641448711,55,0.2820652173913043,5.305,0.28,18,18,-0.0031700268387794,0.9109772145748138,0.4520377814769745,-0.0001260938570795,0.0027343749534338,0.0,0.0,4,9.667632043310324e-05,9.667632043310324e-05,1.0,in,l2sq,4968.43185544014,linear_gate_no_pbrs_seed321_t480k,linear_gate_no_pbrs,480000,0.4518229166666667,0.9,0.9,0.0031700268387794,0.0001260938570795
2026-06-05T13:37:41.683569,203,217963,-47.30115775037075,-16.132509054461018,46,0.2788043478260869,5.25,0.27,18,18,-0.0036082990882277,0.95926783233881,0.4439483135938644,0.0011111569685453,0.0119140624301508,0.0,0.0,4,9.666181946841988e-05,9.666181946841988e-05,1.0,in,l2sq,4991.246192455292,linear_gate_no_pbrs_seed321_t480k,linear_gate_no_pbrs,480000,0.4540895833333333,0.9,0.9,0.0036082990882277,0.0011111569685453
2026-06-05T13:38:18.360722,204,218989,30.429116817340173,30.429116817340173,52,0.2790760869565217,5.31,0.28,18,18,-0.0018155858138925,0.9819285199046136,0.4512247368693352,0.0002247805393608,0.0,0.0,0.0,4,9.66424880711444e-05,9.66424880711444e-05,1.0,in,l2sq,5027.92325258255,linear_gate_no_pbrs_seed321_t480k,linear_gate_no_pbrs,480000,0.45622708333333334,0.9,0.9,0.0018155858138925,0.0002247805393608
2026-06-05T13:38:39.320959,205,219985,78.4325690443937,54.43084293086694,61,0.2809782608695652,5.4,0.35,18,18,-0.0037684025010094,0.9293968826532364,0.4504132270812988,-6.252344464874326e-05,0.0105468748370185,0.0,0.0,4,9.662799193955202e-05,9.662799193955202e-05,1.0,in,l2sq,5048.883641719818,linear_gate_no_pbrs_seed321_t480k,linear_gate_no_pbrs,480000,0.45830208333333333,0.9,0.9,0.0037684025010094,6.252344464874326e-05
2026-06-05T13:39:12.608804,206,221022,34.474124123481346,34.474124123481346,55,0.2839673913043478,5.52,0.26,18,18,-0.0036245853843865,0.9700726941227912,0.4512757621705532,0.0002120665125402,0.007421875197906,0.0,0.0,4,9.661349822390104e-05,9.661349822390104e-05,1.0,in,l2sq,5082.171284675598,linear_gate_no_pbrs_seed321_t480k,linear_gate_no_pbrs,480000,0.4604625,0.9,0.9,0.0036245853843865,0.0002120665125402
2026-06-05T13:39:33.985361,207,222054,16.015351126164077,25.24473762482271,53,0.2839673913043478,5.475,0.25,18,18,-0.0032975793117657,0.975193202495575,0.4529189616441726,0.0021436338014609,0.0265625016763806,0.0,0.0,4,9.659900644071328e-05,9.659900644071328e-05,1.0,in,l2sq,5103.547958374023,linear_gate_no_pbrs_seed321_t480k,linear_gate_no_pbrs,480000,0.4626125,0.9,0.9,0.0032975793117657,0.0021436338014609
2026-06-05T13:39:58.505194,208,223078,-19.729081121954003,-19.729081121954003,46,0.2809782608695652,5.54,0.24,17,18,-0.00257097769354,0.9278424084186554,0.4309299550950527,-0.0011920332590761,0.0019531250727595,0.0,0.0,4,9.65845170727422e-05,9.65845170727422e-05,1.0,in,l2sq,5128.067865848541,linear_gate_no_pbrs_seed321_t480k,linear_gate_no_pbrs,480000,0.46474583333333336,0.9,0.85,0.00257097769354,0.0011920332590761
2026-06-05T13:40:20.747756,209,224154,26.241752536475506,3.256335707260749,54,0.2866847826086957,5.56,0.2,18,18,-0.0034644064740859,0.901787281036377,0.4515750408172607,0.0017276084201057,0.0095703128026798,0.0,0.0,4,9.656520113517282e-05,9.656520113517282e-05,1.0,in,l2sq,5150.310441017151,linear_gate_no_pbrs_seed321_t480k,linear_gate_no_pbrs,480000,0.4669875,0.9,0.9,0.0034644064740859,0.0017276084201057
2026-06-05T13:40:53.268990,210,225184,35.07950575740373,35.07950575740373,56,0.289945652173913,5.4,0.16,16,18,-0.0020928845508025,0.8978348076343536,0.4568509757518768,0.0008459418930214,0.0093749999068677,0.0,0.0,4,9.655071659642764e-05,9.655071659642764e-05,1.0,in,l2sq,5182.831664085388,linear_gate_no_pbrs_seed321_t480k,linear_gate_no_pbrs,480000,0.46913333333333335,0.9,0.8,0.0020928845508025,0.0008459418930214
2026-06-05T13:41:13.541587,211,226220,20.398984993109945,27.73924537525684,61,0.2926630434782609,5.305,0.2,18,18,-0.002781484312436,0.9042393490672112,0.4326032549142837,0.0012407372973484,0.0060546875465661,0.0,0.0,4,9.653623447169176e-05,9.653623447169176e-05,1.0,in,l2sq,5203.104269504547,linear_gate_no_pbrs_seed321_t480k,linear_gate_no_pbrs,480000,0.47129166666666666,0.9,0.9,0.002781484312436,0.0012407372973484
2026-06-05T13:41:36.845850,212,227258,41.19719722847627,41.19719722847627,57,0.2948369565217391,5.15,0.22,16,18,-0.002822240475507,0.9560364484786988,0.4760377556085586,0.0009139816213973,0.0044921874796273,0.0,0.0,4,9.651692819015976e-05,9.651692819015976e-05,1.0,in,l2sq,5226.408560037613,linear_gate_no_pbrs_seed321_t480k,linear_gate_no_pbrs,480000,0.4734541666666667,0.9,0.8,0.002822240475507,0.0009139816213973
2026-06-05T13:41:56.437517,213,228267,32.910767976529726,37.053982602503,56,0.2945652173913043,4.975,0.26,18,18,-0.0029067903640678,0.8676977604627609,0.4601053446531296,0.0015472865185074,0.0007812500116415,0.0,0.0,4,9.65024508922356e-05,9.65024508922356e-05,1.0,in,l2sq,5246.000238895416,linear_gate_no_pbrs_seed321_t480k,linear_gate_no_pbrs,480000,0.47555625,0.9,0.9,0.0029067903640678,0.0015472865185074
2026-06-05T13:42:24.414848,214,229329,78.52808955022691,78.52808955022691,63,0.2951086956521739,5.025,0.27,15,18,-0.0031080436834599,0.9714683368802072,0.4556473381817341,0.0028927249737534,0.0087890628492459,0.0,0.0,4,9.648797600711402e-05,9.648797600711402e-05,1.0,in,l2sq,5273.977548837662,linear_gate_no_pbrs_seed321_t480k,linear_gate_no_pbrs,480000,0.47776875,0.9,0.75,0.0031080436834599,0.0028927249737534
2026-06-05T13:42:44.820692,215,230366,38.366118821399766,58.44710418581334,59,0.296195652173913,4.945,0.22,18,18,-0.002592590462882,0.8926369398832321,0.4530328288674354,0.0021855093182239,0.0007812500116415,0.0,0.0,4,9.647350305194496e-05,9.647350305194496e-05,1.0,in,l2sq,5294.383343696594,linear_gate_no_pbrs_seed321_t480k,linear_gate_no_pbrs,480000,0.4799291666666667,0.9,0.9,0.002592590462882,0.0021855093182239
2026-06-05T13:43:07.609131,216,231368,33.82779691369075,33.82779691369075,51,0.2964673913043478,5.045,0.27,15,18,-0.0025976859848015,0.8993776142597198,0.4524160176515579,0.0004938544983815,0.0017578124825377,0.0,0.0,4,9.64590325088547e-05,9.64590325088547e-05,1.0,in,l2sq,5317.171839475632,linear_gate_no_pbrs_seed321_t480k,linear_gate_no_pbrs,480000,0.48201666666666665,0.9,0.75,0.0025976859848015,0.0004938544983815
2026-06-05T13:43:28.122228,217,232405,-13.139298238679888,10.344249337505431,46,0.2934782608695652,5.015,0.25,18,18,-0.0034395563357976,0.9309102818369864,0.4486908987164497,7.648820883332519e-06,0.0087890626891748,0.0,0.0,4,9.643974166694326e-05,9.643974166694326e-05,1.0,in,l2sq,5337.684885978699,linear_gate_no_pbrs_seed321_t480k,linear_gate_no_pbrs,480000,0.4841770833333333,0.9,0.9,0.0034395563357976,7.648820883332519e-06
2026-06-05T13:43:53.330111,218,233480,71.67267609813553,71.67267609813553,59,0.2953804347826086,5.1,0.23,16,18,-0.0020848148240473,0.9740421772003174,0.444926768541336,0.001503821627557,0.0039062500582076,0.0,0.0,4,9.642527594680464e-05,9.642527594680464e-05,1.0,in,l2sq,5362.89284825325,linear_gate_no_pbrs_seed321_t480k,linear_gate_no_pbrs,480000,0.48641666666666666,0.9,0.8,0.0020848148240473,0.001503821627557
2026-06-05T13:44:14.480117,219,234557,13.846798850404596,42.75973747427006,47,0.2959239130434782,5.305,0.26,18,18,-0.002227468307683,0.93177580088377,0.4569949321448803,0.000395547514654,0.0003906250058207,0.0,0.0,4,9.6410812637539e-05,9.6410812637539e-05,1.0,in,l2sq,5384.042790651321,linear_gate_no_pbrs_seed321_t480k,linear_gate_no_pbrs,480000,0.48866041666666665,0.9,0.9,0.002227468307683,0.000395547514654
2026-06-05T13:44:40.525954,220,235660,10.725724594811457,10.725724594811457,60,0.2953804347826086,5.5,0.21,15,18,-0.0037476782192242,0.91245486587286,0.4446533694863319,0.0016299155105343,0.0138671874592546,0.0,0.0,4,9.639153143911962e-05,9.639153143911962e-05,1.0,in,l2sq,5410.088658094406,linear_gate_no_pbrs_seed321_t480k,linear_gate_no_pbrs,480000,0.49095833333333333,0.9,0.75,0.0037476782192242,0.0016299155105343
2026-06-05T13:45:02.805869,221,236744,-44.43770394967507,-16.855989677431808,48,0.2948369565217391,5.55,0.23,18,18,-0.0024662352967425,0.918892428278923,0.4577298760414123,-0.0004325748799601,0.0,0.0,0.0,4,9.637707295039464e-05,9.637707295039464e-05,1.0,in,l2sq,5432.367866277695,linear_gate_no_pbrs_seed321_t480k,linear_gate_no_pbrs,480000,0.4932166666666667,0.9,0.9,0.0024662352967425,0.0004325748799601
2026-06-05T13:45:28.054405,222,237798,36.94355229582377,36.94355229582377,53,0.2942934782608695,5.405,0.25,14,18,-0.0027452163616544,0.9279519841074944,0.4426975771784782,0.0015210128591206,0.0050781249592546,0.0,0.0,4,9.636261687133744e-05,9.636261687133744e-05,1.0,in,l2sq,5457.617112874985,linear_gate_no_pbrs_seed321_t480k,linear_gate_no_pbrs,480000,0.4954125,0.9,0.7,0.0027452163616544,0.0015210128591206
2026-06-05T13:45:54.075313,223,238817,33.27427620985587,35.108914252839824,53,0.296195652173913,5.295,0.27,18,18,-0.0028019693680108,0.8678269013762474,0.4512191452085972,0.0011723683109267,0.0044921876396983,0.0,0.0,4,9.634334531158934e-05,9.634334531158934e-05,1.0,in,l2sq,5483.638005971909,linear_gate_no_pbrs_seed321_t480k,linear_gate_no_pbrs,480000,0.4975354166666667,0.9,0.9,0.0028019693680108,0.0011723683109267
2026-06-05T13:46:20.066741,224,239921,-27.8125346555885,-27.8125346555885,46,0.2945652173913043,5.19,0.24,16,18,-0.0036980808072257,0.9625328481197356,0.4418373480439186,0.0025209569666913,0.0070312501920852,0.0,0.0,4,9.6328894050663e-05,9.6328894050663e-05,1.0,in,l2sq,5509.629437685013,linear_gate_no_pbrs_seed321_t480k,linear_gate_no_pbrs,480000,0.49983541666666664,0.9,0.8,0.0036980808072257,0.0025209569666913
2026-06-05T13:46:41.408601,225,240981,3.6975855833936393,-12.05747453609743,56,0.2932065217391304,5.225,0.21,18,18,-0.0030168850906192,0.9141594991087914,0.4536785744130611,0.0010478461262664,0.0033203125931322,0.0,0.0,4,9.631444519819988e-05,9.631444519819988e-05,1.0,in,l2sq,5530.971270561218,linear_gate_no_pbrs_seed321_t480k,linear_gate_no_pbrs,480000,0.50204375,0.9,0.9,0.0030168850906192,0.0010478461262664
2026-06-05T13:47:05.201973,226,242017,-0.1921075408882431,-0.1921075408882431,48,0.2913043478260869,5.22,0.21,13,18,-0.0031433969415957,0.9507365822792052,0.452093243598938,0.0024726045906163,0.0125000001862645,0.0,0.0,4,9.62951832723047e-05,9.62951832723047e-05,1.0,in,l2sq,5554.764703035355,linear_gate_no_pbrs_seed321_t480k,linear_gate_no_pbrs,480000,0.5042020833333334,0.9,0.65,0.0031433969415957,0.0024726045906163
2026-06-05T13:47:25.585848,227,243056,69.86906724874417,34.838479853927964,55,0.2918478260869565,5.11,0.19,18,18,-0.002683001855621,0.9707123935222626,0.4409928023815155,0.0010045933297079,0.0191406249068677,0.0,0.0,4,9.628073923556384e-05,9.628073923556384e-05,1.0,in,l2sq,5575.148528814316,linear_gate_no_pbrs_seed321_t480k,linear_gate_no_pbrs,480000,0.5063666666666666,0.9,0.9,0.002683001855621,0.0010045933297079
2026-06-05T13:47:49.955428,228,244135,47.918652741139006,47.918652741139006,59,0.2953804347826086,5.245,0.2,16,18,-0.0028053787042153,0.9706387221813202,0.438111986964941,0.0002945541286862,0.0060546877502929,0.0,0.0,4,9.62662976060822e-05,9.62662976060822e-05,1.0,in,l2sq,5599.518133640289,linear_gate_no_pbrs_seed321_t480k,linear_gate_no_pbrs,480000,0.5086145833333333,0.9,0.8,0.0028053787042153,0.0002945541286862
2026-06-05T13:48:09.966799,229,245150,85.34130601620413,66.62997937867156,69,0.2994565217391304,5.1,0.21,18,18,-0.0022125460876851,0.8812308087944984,0.4357105605304241,0.0006076149717046,0.0048828126164153,0.0,0.0,4,9.624704530922396e-05,9.624704530922396e-05,1.0,in,l2sq,5619.529518842697,linear_gate_no_pbrs_seed321_t480k,linear_gate_no_pbrs,480000,0.5107291666666667,0.9,0.9,0.0022125460876851,0.0006076149717046
2026-06-05T13:48:35.105220,230,246215,83.78089047951245,83.78089047951245,65,0.3019021739130434,5.3,0.23,16,18,-0.0025073275523027,0.9171344488859176,0.4283038154244423,0.0002100080380841,0.0011718750465661,0.0,0.0,4,9.623260849305723e-05,9.623260849305723e-05,1.0,in,l2sq,5644.6678240299225,linear_gate_no_pbrs_seed321_t480k,linear_gate_no_pbrs,480000,0.5129479166666666,0.9,0.8,0.0025073275523027,0.0002100080380841
2026-06-05T13:48:55.051688,231,247234,26.78177023871477,55.28133035911361,53,0.2997282608695652,5.235,0.25,18,18,-0.0043305134036927,0.9283941835165024,0.4400636702775955,0.0029029828290731,0.0154296879918547,0.0,0.0,4,9.621817408294632e-05,9.621817408294632e-05,1.0,in,l2sq,5664.614380836487,linear_gate_no_pbrs_seed321_t480k,linear_gate_no_pbrs,480000,0.5150708333333334,0.9,0.9,0.0043305134036927,0.0029029828290731
2026-06-05T13:49:26.668206,232,248262,29.748760079669324,29.748760079669324,60,0.3005434782608696,5.285,0.31,20,20,-0.0027186490886378,0.9146931171417236,0.4276996329426765,0.0003806146303759,0.0011718750465661,0.0,0.0,4,9.620374159739134e-05,9.620374159739134e-05,1.0,in,l2sq,5696.230736494064,linear_gate_no_pbrs_seed321_t480k,linear_gate_no_pbrs,480000,0.5172125,1.0,1.0,0.0027186490886378,0.0003806146303759
2026-06-05T13:49:47.299011,233,249270,24.08201128833978,26.91538568400455,59,0.3013586956521739,5.21,0.24,20,20,-0.0029725544794929,0.8881716057658195,0.4333625845611095,0.0014994772465797,0.007031250061118,0.0,0.0,4,9.618931151717044e-05,9.618931151717044e-05,1.0,in,l2sq,5716.8616688251495,linear_gate_no_pbrs_seed321_t480k,linear_gate_no_pbrs,480000,0.5193125,1.0,1.0,0.0029725544794929,0.0014994772465797
2026-06-05T13:50:12.390354,234,250327,46.270087489798485,46.270087489798485,61,0.3008152173913043,5.04,0.2,19,20,-0.0027726490872737,1.0021504387259483,0.4441215954720974,0.0015995382776054,0.0023437500349245,0.0,0.0,4,9.617007461676011e-05,9.617007461676011e-05,1.0,in,l2sq,5741.953072071075,linear_gate_no_pbrs_seed321_t480k,linear_gate_no_pbrs,480000,0.5215145833333333,1.0,0.95,0.0027726490872737,0.0015995382776054
2026-06-05T13:50:32.707869,235,251361,-38.17343552301338,4.048325983392552,46,0.2972826086956521,5.03,0.19,20,20,-0.0031009596772492,0.9401824325323104,0.4374698624014854,0.0022801047914981,0.0171875006053596,0.0,0.0,4,9.61556493460048e-05,9.61556493460048e-05,1.0,in,l2sq,5762.270588874817,linear_gate_no_pbrs_seed321_t480k,linear_gate_no_pbrs,480000,0.52366875,1.0,1.0,0.0031009596772492,0.0022801047914981
2026-06-05T13:50:56.531199,236,252435,27.98844669735668,27.98844669735668,53,0.2978260869565217,4.895,0.19,18,20,-0.0028587244625667,0.9318842738866806,0.4241155236959457,0.001393849483702,0.0041015625465661,0.0,0.0,4,9.614122647938116e-05,9.614122647938116e-05,1.0,in,l2sq,5786.093928575516,linear_gate_no_pbrs_seed321_t480k,linear_gate_no_pbrs,480000,0.52590625,1.0,0.9,0.0028587244625667,0.001393849483702
2026-06-05T13:51:18.687209,237,253557,-22.59953692015772,2.6944548885994823,55,0.3002717391304347,5.08,0.26,20,20,-0.0023447121624485,0.931912437081337,0.4412095434963703,0.0016038175048379,0.002734375098953,0.0,0.0,4,9.612199919549754e-05,9.612199919549754e-05,1.0,in,l2sq,5808.249927282333,linear_gate_no_pbrs_seed321_t480k,linear_gate_no_pbrs,480000,0.52824375,1.0,1.0,0.0023447121624485,0.0016038175048379
2026-06-05T13:51:42.221608,238,254585,54.17888927635783,54.17888927635783,60,0.3005434782608696,5.185,0.26,18,20,-0.0040472276043146,0.9923313111066818,0.4555064439773559,0.0022069024156735,0.0140625002095475,0.0,0.0,4,9.610758113593524e-05,9.610758113593524e-05,1.0,in,l2sq,5831.784324169159,linear_gate_no_pbrs_seed321_t480k,linear_gate_no_pbrs,480000,0.5303854166666667,1.0,0.9,0.0040472276043146,0.0022069024156735
2026-06-05T13:52:04.020969,239,255620,45.75207270621246,49.96548099128515,55,0.3027173913043478,5.35,0.29,20,20,-0.0033829645108197,0.8927538096904755,0.4219716787338257,0.0027099366804577,0.0097656248835846,0.0,0.0,4,9.609316547930276e-05,9.609316547930276e-05,1.0,in,l2sq,5853.583680391312,linear_gate_no_pbrs_seed321_t480k,linear_gate_no_pbrs,480000,0.5325416666666667,1.0,1.0,0.0033829645108197,0.0027099366804577
2026-06-05T13:52:37.741728,240,256641,46.39102493161697,46.39102493161697,57,0.3019021739130434,5.335,0.23,20,20,-0.0035691187324118,0.8565951362252235,0.4369302317500114,0.0011858905394547,0.0138671874592546,0.0,0.0,4,9.607394780713856e-05,9.607394780713856e-05,1.0,in,l2sq,5887.304394483566,linear_gate_no_pbrs_seed321_t480k,linear_gate_no_pbrs,480000,0.53466875,1.0,1.0,0.0035691187324118,0.0011858905394547
2026-06-05T13:53:01.882273,241,257697,71.59054340773302,58.990784169675,65,0.3065217391304348,5.63,0.24,20,20,-0.0016849921172252,0.9085548967123032,0.4260272234678268,0.0007919319829852,0.0007812500116415,0.0,0.0,4,9.605953695516436e-05,9.605953695516436e-05,1.0,in,l2sq,5911.444837093353,linear_gate_no_pbrs_seed321_t480k,linear_gate_no_pbrs,480000,0.53686875,1.0,1.0,0.0016849921172252,0.0007919319829852
2026-06-05T13:53:27.356513,242,258737,32.68860768372555,32.68860768372555,57,0.3076086956521739,5.53,0.26,18,20,-0.0032743141695391,0.8821821287274361,0.4376894421875477,0.0012175478081644,0.0015624999796273,0.0,0.0,4,9.60451285049188e-05,9.60451285049188e-05,1.0,in,l2sq,5936.919235467911,linear_gate_no_pbrs_seed321_t480k,linear_gate_no_pbrs,480000,0.5390354166666667,1.0,0.9,0.0032743141695391,0.0012175478081644
2026-06-05T13:53:48.802619,243,259775,-32.85949268453586,-0.0854425004051542,43,0.3048913043478261,5.345,0.24,20,20,-0.0022080503142205,0.9345382004976271,0.4682183861732483,0.001530558070408,0.0003906250058207,0.0,0.0,4,9.603072197576788e-05,9.603072197576788e-05,1.0,in,l2sq,5958.365298032761,linear_gate_no_pbrs_seed321_t480k,linear_gate_no_pbrs,480000,0.5411979166666666,1.0,1.0,0.0022080503142205,0.001530558070408
2026-06-05T13:54:13.639098,244,260810,42.88302584094045,42.88302584094045,64,0.3097826086956521,5.195,0.29,14,20,-0.0041233941592508,0.9662877172231674,0.4429710730910301,0.0011476273385596,0.011914062735741,0.0,0.0,4,9.601631784762512e-05,9.601631784762512e-05,1.0,in,l2sq,5983.201822757721,linear_gate_no_pbrs_seed321_t480k,linear_gate_no_pbrs,480000,0.5433541666666667,1.0,0.7,0.0041233941592508,0.0011476273385596
2026-06-05T13:54:36.659958,245,261914,61.50255560006191,52.19279072050118,60,0.3108695652173913,5.23,0.29,20,20,-0.0031261531286871,0.9539120495319366,0.4310544431209564,0.0001111919522827,0.0058593751891748,0.0,0.0,4,9.599711554421876e-05,9.599711554421876e-05,1.0,in,l2sq,6006.222631931305,linear_gate_no_pbrs_seed321_t480k,linear_gate_no_pbrs,480000,0.5456541666666667,1.0,1.0,0.0031261531286871,0.0001111919522827
2026-06-05T13:55:01.933856,246,262966,30.44692202614981,30.44692202614981,53,0.3122282608695652,5.305,0.33,13,20,-0.0043466180795803,0.9194053709506989,0.4094795659184456,0.003902966448004,0.0085937500116415,0.0,0.0,4,9.598271621689192e-05,9.598271621689192e-05,1.0,in,l2sq,6031.49657201767,linear_gate_no_pbrs_seed321_t480k,linear_gate_no_pbrs,480000,0.5478458333333334,1.0,0.65,0.0043466180795803,0.003902966448004
2026-06-05T13:55:24.115274,247,264064,91.11045617150516,60.77868909882748,72,0.3168478260869565,5.65,0.35,20,20,-0.0044289606070377,0.934518240392208,0.4400792904198169,0.0024132231561679,0.0167968746973201,0.0,0.0,4,9.596831928937298e-05,9.596831928937298e-05,1.0,in,l2sq,6053.677984952927,linear_gate_no_pbrs_seed321_t480k,linear_gate_no_pbrs,480000,0.5501333333333334,1.0,1.0,0.0044289606070377,0.0024132231561679
2026-06-05T13:55:48.569187,248,265157,101.47672012452014,101.47672012452014,65,0.3184782608695652,5.705,0.3,15,20,-0.0033263318997342,0.8669136688113213,0.4322157464921474,9.690900262743218e-05,0.0152343757508788,0.0,0.0,4,9.594912658519828e-05,9.594912658519828e-05,1.0,in,l2sq,6078.131892204285,linear_gate_no_pbrs_seed321_t480k,linear_gate_no_pbrs,480000,0.5524104166666667,1.0,0.75,0.0033263318997342,9.690900262743218e-05
2026-06-05T13:56:08.662336,249,266182,18.012604294838884,59.74466220967951,52,0.3138586956521739,5.725,0.28,20,20,-0.0030001582519617,0.9126332402229308,0.4451971054077148,0.0011933706027775,0.0046875001862645,0.0,0.0,4,9.593473445609531e-05,9.593473445609531e-05,1.0,in,l2sq,6098.2250072956085,linear_gate_no_pbrs_seed321_t480k,linear_gate_no_pbrs,480000,0.5545458333333333,1.0,1.0,0.0030001582519617,0.0011933706027775
2026-06-05T13:56:35.483000,250,267264,57.343497734812274,57.343497734812274,53,0.3105978260869565,5.65,0.21,17,20,-0.0030443620402366,0.9151818305253984,0.4260463342070579,0.0004316555204695,0.0050781250756699,0.0,0.0,4,9.59203447256006e-05,9.59203447256006e-05,1.0,in,l2sq,6125.045667648315,linear_gate_no_pbrs_seed321_t480k,linear_gate_no_pbrs,480000,0.5568,1.0,0.85,0.0030443620402366,0.0004316555204695
2026-06-05T13:56:56.932654,251,268328,7.583946341375373,32.46372203809382,56,0.3114130434782609,5.62,0.16,20,20,-0.0022081770359363,0.8802988305687904,0.4179865233600139,0.0001125193967709,0.0015625000523868,0.0,0.0,4,9.590116161585892e-05,9.590116161585892e-05,1.0,in,l2sq,6146.495247602463,linear_gate_no_pbrs_seed321_t480k,linear_gate_no_pbrs,480000,0.5590166666666667,1.0,1.0,0.0022081770359363,0.0001125193967709
2026-06-05T13:57:21.097729,252,269378,56.74752600825819,56.74752600825819,63,0.3122282608695652,5.295,0.2,16,20,-0.0021090179798193,0.8987147808074951,0.4650636315345764,-0.0003036384707229,0.0023437500058207,0.0,0.0,4,9.588677668138144e-05,9.588677668138144e-05,1.0,in,l2sq,6170.660437583923,linear_gate_no_pbrs_seed321_t480k,linear_gate_no_pbrs,480000,0.5612041666666666,1.0,0.8,0.0021090179798193,0.0003036384707229
2026-06-05T13:57:43.571317,253,270490,-5.549527599680098,25.598999204289047,51,0.3100543478260869,5.345,0.22,20,20,-0.0013826441027049,0.9130178540945052,0.427250474691391,-5.261491787700301e-06,0.0001953125029103,0.0,0.0,4,9.587239414431311e-05,9.587239414431311e-05,1.0,in,l2sq,6193.134024620056,linear_gate_no_pbrs_seed321_t480k,linear_gate_no_pbrs,480000,0.5635208333333334,1.0,1.0,0.0013826441027049,5.261491787700301e-06
2026-06-05T13:58:07.646802,254,271492,15.210205620172012,15.210205620172012,50,0.3070652173913043,5.075,0.22,17,20,-0.0029516387614421,0.9247948601841928,0.427121177315712,0.0004282814559246,0.0025390625087311,0.0,0.0,4,9.585322062420818e-05,9.585322062420818e-05,1.0,in,l2sq,6217.209506750107,linear_gate_no_pbrs_seed321_t480k,linear_gate_no_pbrs,480000,0.5656083333333334,1.0,0.85,0.0029516387614421,0.0004282814559246
2026-06-05T13:58:30.143621,255,272567,13.963810193178404,14.587007906675208,51,0.3084239130434782,5.225,0.26,20,20,-0.0030735910753718,0.9728171229362488,0.4193993061780929,0.0021351482928366,0.0074218749068677,0.0,0.0,4,9.58388428807596e-05,9.58388428807596e-05,1.0,in,l2sq,6239.706300020218,linear_gate_no_pbrs_seed321_t480k,linear_gate_no_pbrs,480000,0.5678479166666667,1.0,1.0,0.0030735910753718,0.0021351482928366
2026-06-05T13:58:56.821538,256,273686,34.31289473581304,34.31289473581304,67,0.3122282608695652,5.35,0.31,16,20,-0.001989655584839,0.9438157305121422,0.430198922753334,0.001235219308819,0.0003906250058207,0.0,0.0,4,9.58244675335217e-05,9.58244675335217e-05,1.0,in,l2sq,6266.384267568588,linear_gate_no_pbrs_seed321_t480k,linear_gate_no_pbrs,480000,0.5701791666666667,1.0,0.8,0.001989655584839,0.001235219308819
2026-06-05T13:59:17.360989,257,274683,112.92973165494692,73.62131319537998,59,0.3133152173913043,5.4,0.26,20,20,-0.0027648292889351,0.915893256664276,0.4238108433783054,0.0015693642052156,0.0011718750029103,0.0,0.0,4,9.580530359825969e-05,9.580530359825969e-05,1.0,in,l2sq,6286.923664331436,linear_gate_no_pbrs_seed321_t480k,linear_gate_no_pbrs,480000,0.57225625,1.0,1.0,0.0027648292889351,0.0015693642052156
2026-06-05T13:59:42.616892,258,275770,22.260373589523024,22.260373589523024,52,0.3111413043478261,5.365,0.27,16,20,-0.0029806018283125,0.9371056109666824,0.4152144640684128,0.0015910425581751,0.0023437500931322,0.0,0.0,4,9.579093304224517e-05,9.579093304224517e-05,1.0,in,l2sq,6312.179574966431,linear_gate_no_pbrs_seed321_t480k,linear_gate_no_pbrs,480000,0.5745208333333334,1.0,0.8,0.0029806018283125,0.0015910425581751
2026-06-05T14:00:06.850581,259,276799,-6.982754832362272,7.638809378580376,50,0.3097826086956521,5.235,0.2,20,20,-0.0023698382254226,0.9363151490688324,0.4195075631141662,0.0010925166722245,0.0029296876455191,0.0,0.0,4,9.577656488124348e-05,9.577656488124348e-05,1.0,in,l2sq,6336.413282871246,linear_gate_no_pbrs_seed321_t480k,linear_gate_no_pbrs,480000,0.5766645833333334,1.0,1.0,0.0023698382254226,0.0010925166722245
2026-06-05T14:00:31.086358,260,277804,-8.018773394435756,-8.018773394435756,46,0.3067934782608695,5.145,0.25,15,20,-0.0024042692486545,0.8827966377139091,0.4107543900609016,0.0004931868662425,0.001953124985448,0.0,0.0,4,9.57574105260329e-05,9.57574105260329e-05,1.0,in,l2sq,6360.649037599564,linear_gate_no_pbrs_seed321_t480k,linear_gate_no_pbrs,480000,0.5787583333333334,1.0,0.75,0.0024042692486545,0.0004931868662425
2026-06-05T14:00:52.697298,261,278886,43.1084724583202,17.544849531942223,54,0.3038043478260869,5.305,0.26,20,20,-0.0033008039579727,0.9960838854312896,0.4314950034022331,0.000184784490375,0.0046875000116415,0.0,0.0,4,9.574304715385948e-05,9.574304715385948e-05,1.0,in,l2sq,6382.259988069534,linear_gate_no_pbrs_seed321_t480k,linear_gate_no_pbrs,480000,0.5810125,1.0,1.0,0.0033008039579727,0.000184784490375
2026-06-05T14:01:18.524128,262,279955,-70.74317225426945,-70.74317225426945,41,0.2994565217391304,5.24,0.25,15,20,-0.0020385720512422,0.8402089029550552,0.4091255068778991,0.0005710839398034,0.0003906250058207,0.0,0.0,4,9.572868617550163e-05,9.572868617550163e-05,1.0,in,l2sq,6408.086803197861,linear_gate_no_pbrs_seed321_t480k,linear_gate_no_pbrs,480000,0.5832395833333334,1.0,0.75,0.0020385720512422,0.0005710839398034
2026-06-05T14:01:44.854449,263,280984,9.177758603381513,-30.78270682544397,57,0.3032608695652174,5.39,0.28,20,20,-0.0038872570759849,0.9900151565670968,0.4027212336659431,0.0026255272368871,0.0115234379190951,0.0,0.0,4,9.570954139555342e-05,9.570954139555342e-05,1.0,in,l2sq,6434.417105674744,linear_gate_no_pbrs_seed321_t480k,linear_gate_no_pbrs,480000,0.5853833333333334,1.0,1.0,0.0038872570759849,0.0026255272368871
2026-06-05T14:02:11.854707,264,282077,29.23321227893469,29.23321227893469,61,0.302445652173913,5.695,0.32,16,20,-0.0035265223064925,0.93814218044281,0.4084267094731331,0.0031850372178268,0.0097656252328306,0.0,0.0,4,9.569518520362992e-05,9.569518520362992e-05,1.0,in,l2sq,6461.417419195175,linear_gate_no_pbrs_seed321_t480k,linear_gate_no_pbrs,480000,0.5876604166666667,1.0,0.8,0.0035265223064925,0.0031850372178268
2026-06-05T14:02:34.149007,265,283141,44.60929831504812,36.92125529699141,59,0.3021739130434782,5.615,0.32,20,20,-0.0033227794483536,0.9385222345590593,0.4233699552714824,0.0016174405669516,0.0066406253026798,0.0,0.0,4,9.56808314043253e-05,9.56808314043253e-05,1.0,in,l2sq,6483.711725234985,linear_gate_no_pbrs_seed321_t480k,linear_gate_no_pbrs,480000,0.5898770833333333,1.0,1.0,0.0033227794483536,0.0016174405669516
2026-06-05T14:03:00.219069,266,284231,29.813577618621142,29.813577618621142,51,0.3016304347826087,5.61,0.27,17,20,-0.0026089564329596,0.8992810547351837,0.4111199676990509,0.0014413804734886,0.0027343750698491,0.0,0.0,4,9.566169619485276e-05,9.566169619485276e-05,1.0,in,l2sq,6509.781745195389,linear_gate_no_pbrs_seed321_t480k,linear_gate_no_pbrs,480000,0.5921479166666667,1.0,0.85,0.0026089564329596,0.0014413804734886
2026-06-05T14:03:20.498570,267,285256,87.23096660901844,58.52227211381979,65,0.2997282608695652,5.44,0.2,20,20,-0.0027058586187195,0.929438665509224,0.4212156385183334,0.0005129447896251,0.0062500003259629,0.0,0.0,4,9.564734717958972e-05,9.564734717958972e-05,1.0,in,l2sq,6530.061295986176,linear_gate_no_pbrs_seed321_t480k,linear_gate_no_pbrs,480000,0.5942833333333334,1.0,1.0,0.0027058586187195,0.0005129447896251
2026-06-05T14:03:47.913470,268,286310,51.04997149480369,51.04997149480369,58,0.2978260869565217,5.265,0.21,16,20,-0.0034982048644451,0.8932548090815544,0.4166432209312916,6.88412403633265e-05,0.002734375098953,0.0,0.0,4,9.563300055574952e-05,9.563300055574952e-05,1.0,in,l2sq,6557.476135253906,linear_gate_no_pbrs_seed321_t480k,linear_gate_no_pbrs,480000,0.5964791666666667,1.0,0.8,0.0034982048644451,6.88412403633265e-05
2026-06-05T14:04:11.621529,269,287319,66.40751163292913,58.72874156386641,57,0.2991847826086956,5.135,0.17,20,20,-0.0023067962349159,0.85078264772892,0.4190624803304672,0.0011404236673114,0.0042968751513399,0.0,0.0,4,9.56186558447606e-05,9.56186558447606e-05,1.0,in,l2sq,6581.184189558029,linear_gate_no_pbrs_seed321_t480k,linear_gate_no_pbrs,480000,0.59858125,1.0,1.0,0.0023067962349159,0.0011404236673114
2026-06-05T14:04:44.073890,270,288351,27.22009542476869,27.22009542476869,52,0.2989130434782608,5.035,0.17,15,20,-0.0030481313355267,0.9958225190639496,0.4218962490558624,0.0019095588938398,0.0123046881053596,0.0,0.0,4,9.56043135244772e-05,9.56043135244772e-05,1.0,in,l2sq,6613.636516571045,linear_gate_no_pbrs_seed321_t480k,linear_gate_no_pbrs,480000,0.60073125,1.0,0.75,0.0030481313355267,0.0019095588938398
2026-06-05T14:05:05.357482,271,289424,27.225966819092484,27.22303112193059,51,0.297554347826087,4.96,0.17,20,20,-0.0028690193139481,0.8831303492188454,0.4223687127232551,0.0009359162985674,0.0044921876396983,0.0,0.0,4,9.55851936178154e-05,9.55851936178154e-05,1.0,in,l2sq,6634.920144081116,linear_gate_no_pbrs_seed321_t480k,linear_gate_no_pbrs,480000,0.6029666666666667,1.0,1.0,0.0028690193139481,0.0009359162985674
2026-06-05T14:05:28.875593,272,290441,10.17689842767256,10.17689842767256,45,0.2926630434782609,4.88,0.19,18,20,-0.00439921207726,0.9530993551015854,0.4112077131867409,0.0018655648145795,0.0273437495343387,0.0,0.0,4,9.557085607774768e-05,9.557085607774768e-05,1.0,in,l2sq,6658.438316106796,linear_gate_no_pbrs_seed321_t480k,linear_gate_no_pbrs,480000,0.6050854166666667,1.0,0.9,0.00439921207726,0.0018655648145795
2026-06-05T14:05:48.320905,273,291426,1.6646602628030924,5.920779345237826,50,0.292391304347826,4.76,0.2,20,20,-0.0037067309895065,0.8912947699427605,0.4175440035760402,0.0027597598711054,0.0154296874534338,0.0,0.0,4,9.555652092719028e-05,9.555652092719028e-05,1.0,in,l2sq,6677.883613109589,linear_gate_no_pbrs_seed321_t480k,linear_gate_no_pbrs,480000,0.6071375,1.0,1.0,0.0037067309895065,0.0027597598711054
2026-06-05T14:06:11.087161,274,292419,32.78214515703159,32.78214515703159,55,0.29375,4.825,0.25,18,20,-0.0014735460870722,0.8834940493106842,0.4258454442024231,-5.4127365456208e-05,0.001562500023283,0.0,0.0,4,9.554218768795444e-05,9.554218768795444e-05,1.0,in,l2sq,6700.649893045425,linear_gate_no_pbrs_seed321_t480k,linear_gate_no_pbrs,480000,0.60920625,1.0,0.9,0.0014735460870722,5.4127365456208e-05
2026-06-05T14:06:32.591669,275,293474,55.31580193103338,44.04897354403249,66,0.2978260869565217,4.805,0.28,20,20,-0.0033545834186952,0.927309662103653,0.4215983748435974,0.0004770965616898,0.0044921876688022,0.0,0.0,4,9.55278568375122e-05,9.55278568375122e-05,1.0,in,l2sq,6722.154309988022,linear_gate_no_pbrs_seed321_t480k,linear_gate_no_pbrs,480000,0.6114041666666666,1.0,1.0,0.0033545834186952,0.0004770965616898
2026-06-05T14:06:56.094962,276,294523,31.74023303772248,31.74023303772248,52,0.29375,5.095,0.26,18,20,-0.0027120568483951,0.918260522186756,0.4126225523650646,0.0008496988823026,0.0025390625378349,0.0,0.0,4,9.550875222142326e-05,9.550875222142326e-05,1.0,in,l2sq,6745.657694101334,linear_gate_no_pbrs_seed321_t480k,linear_gate_no_pbrs,480000,0.6135895833333334,1.0,0.9,0.0027120568483951,0.0008496988823026
2026-06-05T14:07:16.581439,277,295559,56.447524514655136,44.09387877618881,57,0.2932065217391304,5.12,0.26,20,20,-0.0030740998743567,0.878096416592598,0.4196618199348449,-0.0004850017965054,0.0109375005122274,0.0,0.0,4,9.549442614737388e-05,9.549442614737388e-05,1.0,in,l2sq,6766.144136428833,linear_gate_no_pbrs_seed321_t480k,linear_gate_no_pbrs,480000,0.6157479166666666,1.0,1.0,0.0030740998743567,0.0004850017965054
2026-06-05T14:07:42.553716,278,296680,-4.776190424593926,-4.776190424593926,51,0.2929347826086956,5.35,0.26,16,20,-0.0035641231195766,0.9630519077181816,0.4229677021503448,0.0025557288553045,0.0212890632974449,0.0,0.0,4,9.548010246092391e-05,9.548010246092391e-05,1.0,in,l2sq,6792.116425991058,linear_gate_no_pbrs_seed321_t480k,linear_gate_no_pbrs,480000,0.6180833333333333,1.0,0.8,0.0035641231195766,0.0025557288553045
2026-06-05T14:08:03.452848,279,297707,0.5000345482626131,-2.1380779381656563,49,0.2926630434782609,5.425,0.24,20,20,-0.0023547813703771,0.9455414414405824,0.4201763607561588,0.0013689505277398,0.0035156250960426,0.0,0.0,4,9.546100739523274e-05,9.546100739523274e-05,1.0,in,l2sq,6813.015529155731,linear_gate_no_pbrs_seed321_t480k,linear_gate_no_pbrs,480000,0.6202229166666666,1.0,1.0,0.0023547813703771,0.0013689505277398
2026-06-05T14:08:29.573635,280,298742,78.90045940415045,78.90045940415045,62,0.2970108695652174,5.495,0.27,17,20,-0.0024495006160577,1.0562436282634735,0.4120738208293915,-8.650697618584058e-05,0.0031250000465661,0.0,0.0,4,9.54466884827879e-05,9.54466884827879e-05,1.0,in,l2sq,6839.136341810226,linear_gate_no_pbrs_seed321_t480k,linear_gate_no_pbrs,480000,0.6223791666666667,1.0,0.85,0.0024495006160577,8.650697618584058e-05
2026-06-05T14:08:50.060801,281,299788,-8.384503971397985,35.25797771637623,48,0.2953804347826086,5.46,0.27,20,20,-0.0029910384648246,0.8759192079305649,0.422110952436924,0.0010398758914106,0.0048828126164153,0.0,0.0,4,9.543237195674892e-05,9.543237195674892e-05,1.0,in,l2sq,6859.623460531235,linear_gate_no_pbrs_seed321_t480k,linear_gate_no_pbrs,480000,0.6245583333333333,1.0,1.0,0.0029910384648246,0.0010398758914106
2026-06-05T14:09:14.554686,282,300877,31.98264116147889,31.98264116147889,51,0.2980978260869565,5.22,0.24,17,20,-0.0033779074030462,0.913813218474388,0.4101568832993507,0.0022022219557584,0.0041015625029103,0.0,0.0,4,9.541328643668127e-05,9.541328643668127e-05,1.0,in,l2sq,6884.117416143417,linear_gate_no_pbrs_seed321_t480k,linear_gate_no_pbrs,480000,0.6268270833333334,1.0,0.85,0.0033779074030462,0.0022022219557584
2026-06-05T14:09:35.537300,283,301938,16.09912192279336,24.040881542136127,48,0.2956521739130435,5.325,0.23,20,20,-0.0006505638259113,1.0077020227909088,0.4118125066161155,0.000493178466695,0.0023437500931322,0.0,0.0,4,9.539897468226094e-05,9.539897468226094e-05,1.0,in,l2sq,6905.100019693375,linear_gate_no_pbrs_seed321_t480k,linear_gate_no_pbrs,480000,0.6290375,1.0,1.0,0.0006505638259113,0.000493178466695
2026-06-05T14:10:00.186921,284,303043,-15.954721516984346,-15.954721516984346,56,0.2942934782608695,5.535,0.25,17,20,-0.0023256451218913,0.8762754574418068,0.3998891077935695,0.0012751937766097,0.00390625,0.0,0.0,4,9.538466531305348e-05,9.538466531305348e-05,1.0,in,l2sq,6929.749631881714,linear_gate_no_pbrs_seed321_t480k,linear_gate_no_pbrs,480000,0.6313395833333333,1.0,0.85,0.0023256451218913,0.0012751937766097
2026-06-05T14:10:21.773458,285,304145,103.33643207873648,43.69085528087607,73,0.2980978260869565,5.7,0.28,20,20,-0.0033012767409673,0.9332228004932404,0.3974392190575599,0.0020805636848308,0.0044921875960426,0.0,0.0,4,9.536558933383751e-05,9.536558933383751e-05,1.0,in,l2sq,6951.336163043976,linear_gate_no_pbrs_seed321_t480k,linear_gate_no_pbrs,480000,0.6336354166666667,1.0,1.0,0.0033012767409673,0.0020805636848308
2026-06-05T14:10:45.230557,286,305198,45.31076957726959,45.31076957726959,60,0.3005434782608696,5.58,0.31,17,20,-0.0030619726807344,0.9218901097774506,0.4059365764260292,0.0016419622126704,0.0117187505820766,0.0,0.0,4,9.535128473386332e-05,9.535128473386332e-05,1.0,in,l2sq,6974.79328083992,linear_gate_no_pbrs_seed321_t480k,linear_gate_no_pbrs,480000,0.6358291666666667,1.0,0.85,0.0030619726807344,0.0016419622126704
2026-06-05T14:11:05.598183,287,306237,79.10711338622106,62.20894148174533,55,0.2978260869565217,5.395,0.29,20,20,-0.0035151265910825,0.9130020812153816,0.3921449407935142,-0.0001027410383358,0.011523437598953,0.0,0.0,4,9.533698251790968e-05,9.533698251790968e-05,1.0,in,l2sq,6995.160907506943,linear_gate_no_pbrs_seed321_t480k,linear_gate_no_pbrs,480000,0.63799375,1.0,1.0,0.0035151265910825,0.0001027410383358
2026-06-05T14:11:28.759014,288,307266,38.01966319823499,38.01966319823499,53,0.2964673913043478,5.23,0.28,16,20,-0.0022248233100981,0.8593213111162186,0.4137325622141361,0.000951099247004,0.0021484375756699,0.0,0.0,4,9.531791607477591e-05,9.531791607477591e-05,1.0,in,l2sq,7018.3217096328735,linear_gate_no_pbrs_seed321_t480k,linear_gate_no_pbrs,480000,0.6401375,1.0,0.8,0.0022248233100981,0.000951099247004
2026-06-05T14:11:51.010592,289,308397,13.756586197356231,25.88812469779561,54,0.2956521739130435,5.34,0.23,20,20,-0.0030565321620086,0.9503945410251616,0.3882022872567177,0.0004466395512281,0.0082031249185092,0.0,0.0,4,9.53036186256714e-05,9.53036186256714e-05,1.0,in,l2sq,7040.573309183121,linear_gate_no_pbrs_seed321_t480k,linear_gate_no_pbrs,480000,0.64249375,1.0,1.0,0.0030565321620086,0.0004466395512281
2026-06-05T14:12:17.266027,290,309464,-33.06794276132949,-33.06794276132949,42,0.2929347826086956,5.225,0.2,13,20,-0.0027860418282216,0.9533239230513572,0.3897562548518181,-0.0002200932195136,0.0078125000582076,0.0,0.0,4,9.528932355939564e-05,9.528932355939564e-05,1.0,in,l2sq,7066.828613042831,linear_gate_no_pbrs_seed321_t480k,linear_gate_no_pbrs,480000,0.6447166666666667,1.0,0.65,0.0027860418282216,0.0002200932195136
2026-06-05T14:12:38.471092,291,310457,-13.12421738257769,-23.09608007195359,47,0.2918478260869565,5.205,0.18,20,20,-0.0033314266329398,0.8476560190320015,0.405373677611351,0.0004488606205086,0.0093750000523868,0.0,0.0,4,9.5270266647577e-05,9.5270266647577e-05,1.0,in,l2sq,7088.033731222153,linear_gate_no_pbrs_seed321_t480k,linear_gate_no_pbrs,480000,0.6467854166666667,1.0,1.0,0.0033314266329398,0.0004488606205086
2026-06-05T14:13:03.666134,292,311481,-3.7821099160190825,-3.7821099160190825,47,0.292391304347826,5.15,0.18,16,20,-0.0054775751545094,0.9277761727571489,0.389143705368042,0.0021458186268318,0.0148437500465661,0.0,0.0,4,9.525597634576744e-05,9.525597634576744e-05,1.0,in,l2sq,7113.228835821152,linear_gate_no_pbrs_seed321_t480k,linear_gate_no_pbrs,480000,0.64891875,1.0,0.8,0.0054775751545094,0.0021458186268318
2026-06-05T14:13:27.161692,293,312616,-32.21417563728754,-17.99814277665331,48,0.2918478260869565,5.14,0.28,20,20,-0.0031601734895958,0.9322103559970856,0.4284686185419559,0.0025732670006164,0.0150390625931322,0.0,0.0,4,9.524168842559544e-05,9.524168842559544e-05,1.0,in,l2sq,7136.724397182465,linear_gate_no_pbrs_seed321_t480k,linear_gate_no_pbrs,480000,0.6512833333333333,1.0,1.0,0.0031601734895958,0.0025732670006164
2026-06-05T14:13:51.992773,294,313685,24.509879132831973,24.509879132831973,51,0.2907608695652174,5.04,0.28,17,20,-0.0039613630870009,0.9224400147795676,0.4290868379175663,0.003578014345021,0.0179687504278263,0.0,0.0,4,9.522264104032722e-05,9.522264104032722e-05,1.0,in,l2sq,7161.555482625961,linear_gate_no_pbrs_seed321_t480k,linear_gate_no_pbrs,480000,0.6535104166666666,1.0,0.85,0.0039613630870009,0.003578014345021
2026-06-05T14:14:12.915201,295,314744,52.09500143592789,38.302440284379934,54,0.2875,5.205,0.29,20,20,-0.0028389215178321,0.9643623381853104,0.4353376924991607,0.0021769225586467,0.0109374998137354,0.0,0.0,4,9.520835788223969e-05,9.520835788223969e-05,1.0,in,l2sq,7182.477889060974,linear_gate_no_pbrs_seed321_t480k,linear_gate_no_pbrs,480000,0.6557166666666666,1.0,1.0,0.0028389215178321,0.0021769225586467
2026-06-05T14:14:36.682270,296,315756,121.83248862454292,121.83248862454292,65,0.2910326086956522,5.4,0.3,18,20,-0.0028128073274275,0.9593114629387856,0.3959370777010917,8.605400471423108e-05,0.009960938070435,0.0,0.0,4,9.519407710459912e-05,9.519407710459912e-05,1.0,in,l2sq,7206.244999408722,linear_gate_no_pbrs_seed321_t480k,linear_gate_no_pbrs,480000,0.657825,1.0,0.9,0.0028128073274275,8.605400471423108e-05
2026-06-05T14:14:58.993635,297,316822,97.41826362832369,109.6253761264333,66,0.2934782608695652,5.72,0.27,20,20,-0.0035677105508512,0.8971172049641609,0.404824785888195,0.0020607417643987,0.0125000005355104,0.0,0.0,4,9.517503924111898e-05,9.517503924111898e-05,1.0,in,l2sq,7228.556301832199,linear_gate_no_pbrs_seed321_t480k,linear_gate_no_pbrs,480000,0.6600458333333333,1.0,1.0,0.0035677105508512,0.0020607417643987
2026-06-05T14:15:23.270007,298,317876,92.6038527311211,92.6038527311211,63,0.2967391304347826,5.705,0.24,17,20,-0.0030764177208766,0.9098674803972244,0.3795400559902191,0.0019142815914164,0.0031250000465661,0.0,0.0,4,9.51607632231823e-05,9.51607632231823e-05,1.0,in,l2sq,7252.832732200623,linear_gate_no_pbrs_seed321_t480k,linear_gate_no_pbrs,480000,0.6622416666666666,1.0,0.85,0.0030764177208766,0.0019142815914164
2026-06-05T14:15:43.792247,299,318916,37.18501120352482,64.89443196732296,55,0.2983695652173913,5.635,0.25,20,20,-0.0036491848411969,0.9225988686084748,0.3715039007365703,0.0022923019639165,0.0191406254889443,0.0,0.0,4,9.514648958450265e-05,9.514648958450265e-05,1.0,in,l2sq,7273.354862213135,linear_gate_no_pbrs_seed321_t480k,linear_gate_no_pbrs,480000,0.6644083333333334,1.0,1.0,0.0036491848411969,0.0022923019639165
2026-06-05T14:16:07.631878,300,319918,34.689394210696136,34.689394210696136,61,0.2980978260869565,5.39,0.26,18,20,-0.0028025977953802,0.9348739236593246,0.4160898700356483,0.0005478285826029,0.007421875023283,0.0,0.0,4,9.513221784894308e-05,9.513221784894308e-05,1.0,in,l2sq,7297.194550991058,linear_gate_no_pbrs_seed321_t480k,linear_gate_no_pbrs,480000,0.6664958333333333,1.0,0.9,0.0028025977953802,0.0005478285826029
2026-06-05T14:16:28.760409,301,320991,45.90459415943904,40.29699418506759,64,0.302445652173913,5.395,0.32,20,20,-0.0042843782954151,0.9147796258330344,0.417756013572216,-0.0001048472255206,0.0185546881548361,0.0,0.0,4,9.511794849192684e-05,9.511794849192684e-05,1.0,in,l2sq,7318.323116064072,linear_gate_no_pbrs_seed321_t480k,linear_gate_no_pbrs,480000,0.66873125,1.0,1.0,0.0042843782954151,0.0001048472255206
2026-06-05T14:16:51.907422,302,322027,21.3661975893774,21.3661975893774,61,0.3051630434782608,5.3,0.29,16,20,-0.0033398032333934,0.9078519642353058,0.3675951808691025,0.0022753467634402,0.0183593748370185,0.0,0.0,4,9.509892585340794e-05,9.509892585340794e-05,1.0,in,l2sq,7341.470122098923,linear_gate_no_pbrs_seed321_t480k,linear_gate_no_pbrs,480000,0.6708895833333334,1.0,0.8,0.0033398032333934,0.0022753467634402
2026-06-05T14:17:12.469483,303,323070,18.80451089427607,20.08535424182673,53,0.3065217391304348,5.39,0.27,20,20,-0.0029641725297553,0.9158568978309632,0.3805538043379783,0.0004136454621403,0.0046875001862645,0.0,0.0,4,9.508466125228912e-05,9.508466125228912e-05,1.0,in,l2sq,7362.032136678696,linear_gate_no_pbrs_seed321_t480k,linear_gate_no_pbrs,480000,0.6730625,1.0,1.0,0.0029641725297553,0.0004136454621403
2026-06-05T14:17:35.073044,304,324076,19.470906925546476,19.470906925546476,52,0.3054347826086956,5.265,0.23,16,20,-0.0036496008920949,0.9227603152394296,0.3843530714511871,0.0012245130208611,0.0136718751455191,0.0,0.0,4,9.50703990285246e-05,9.50703990285246e-05,1.0,in,l2sq,7384.635776996613,linear_gate_no_pbrs_seed321_t480k,linear_gate_no_pbrs,480000,0.6751583333333333,1.0,0.8,0.0036496008920949,0.0012245130208611
2026-06-05T14:17:55.002235,305,325093,37.87747460061547,28.67419076308097,53,0.3,5.215,0.23,20,20,-0.0028793275938369,1.0170575976371763,0.3942097797989845,0.0014113506433204,0.0050781252793967,0.0,0.0,4,9.50561387063582e-05,9.50561387063582e-05,1.0,in,l2sq,7404.564904689789,linear_gate_no_pbrs_seed321_t480k,linear_gate_no_pbrs,480000,0.6772770833333334,1.0,1.0,0.0028793275938369,0.0014113506433204
2026-06-05T14:18:28.465153,306,326132,83.65991996312118,83.65991996312118,69,0.302445652173913,5.265,0.17,20,20,-0.0033458114776294,0.9107001945376396,0.3806663453578949,0.003292364135359,0.011914062895812,0.0,0.0,4,9.504188076083296e-05,9.504188076083296e-05,1.0,in,l2sq,7438.027494192123,linear_gate_no_pbrs_seed321_t480k,linear_gate_no_pbrs,480000,0.6794416666666667,1.0,1.0,0.0033458114776294,0.003292364135359
2026-06-05T14:18:49.644572,307,327214,76.23257829309485,79.94624912810801,63,0.3046195652173913,5.405,0.19,20,20,-0.0027886082039912,0.95563705265522,0.3927416354417801,0.0016931569990674,0.0031250000465661,0.0,0.0,4,9.50228733350996e-05,9.50228733350996e-05,1.0,in,l2sq,7459.207293748856,linear_gate_no_pbrs_seed321_t480k,linear_gate_no_pbrs,480000,0.6816958333333333,1.0,1.0,0.0027886082039912,0.0016931569990674
2026-06-05T14:19:12.969351,308,328263,13.971561475612075,13.971561475612075,54,0.3048913043478261,5.53,0.19,18,20,-0.0024334111134521,0.898107722401619,0.3728187009692192,0.0006139145180896,0.001953125,0.0,0.0,4,9.50086201416684e-05,9.50086201416684e-05,1.0,in,l2sq,7482.532081604004,linear_gate_no_pbrs_seed321_t480k,linear_gate_no_pbrs,480000,0.68388125,1.0,0.9,0.0024334111134521,0.0006139145180896
2026-06-05T14:19:33.341725,309,329307,-12.811664331267425,0.5799485721723263,49,0.3035326086956522,5.53,0.16,20,20,-0.0030708470061654,0.8698874041438103,0.3755233734846115,0.0009319972340336,0.0089843753376044,0.0,0.0,4,9.499436932369023e-05,9.499436932369023e-05,1.0,in,l2sq,7502.904408693314,linear_gate_no_pbrs_seed321_t480k,linear_gate_no_pbrs,480000,0.68605625,1.0,1.0,0.0030708470061654,0.0009319972340336
2026-06-05T14:20:01.038933,310,330378,32.495709352681914,32.495709352681914,60,0.3084239130434782,5.58,0.2,18,20,-0.0035234467504778,0.9195070415735244,0.3740071021020412,0.002206767569919,0.014843750745058,0.0,0.0,4,9.49753713997692e-05,9.49753713997692e-05,1.0,in,l2sq,7530.601603507996,linear_gate_no_pbrs_seed321_t480k,linear_gate_no_pbrs,480000,0.6882875,1.0,0.9,0.0035234467504778,0.002206767569919
2026-06-05T14:20:25.475625,311,331469,-13.058413438111664,9.718647957285125,45,0.3078804347826087,5.54,0.15,20,20,-0.0027026713534723,0.8938672691583633,0.3633559718728065,0.0049418701415561,0.015625,0.0,0.0,4,9.496112533150954e-05,9.496112533150954e-05,1.0,in,l2sq,7555.038282871246,linear_gate_no_pbrs_seed321_t480k,linear_gate_no_pbrs,480000,0.6905604166666667,1.0,1.0,0.0027026713534723,0.0049418701415561
2026-06-05T14:20:49.052859,312,332506,70.10729210172833,70.10729210172833,63,0.3122282608695652,5.54,0.16,17,20,-0.0032167330893572,0.9491321370005608,0.3691831715404987,0.003164917401682,0.0095703124534338,0.0,0.0,4,9.494688163751544e-05,9.494688163751544e-05,1.0,in,l2sq,7578.615583181381,linear_gate_no_pbrs_seed321_t480k,linear_gate_no_pbrs,480000,0.6927208333333333,1.0,0.85,0.0032167330893572,0.003164917401682
2026-06-05T14:21:09.327222,313,333544,62.92417091609028,66.51573150890931,60,0.3154891304347826,5.58,0.23,20,20,-0.0031034264480694,0.8996594920754433,0.3629114329814911,0.0021743303330367,0.0144531251862645,0.0,0.0,4,9.492789321065676e-05,9.492789321065676e-05,1.0,in,l2sq,7598.889937639236,linear_gate_no_pbrs_seed321_t480k,linear_gate_no_pbrs,480000,0.6948833333333333,1.0,1.0,0.0031034264480694,0.0021743303330367
2026-06-05T14:21:32.520920,314,334580,87.56836306602744,87.56836306602744,56,0.3168478260869565,5.58,0.24,18,20,-0.0036990770255216,0.9271206855773926,0.3657917082309723,0.0030105844803983,0.0074218752852175,0.0,0.0,4,9.491365426400676e-05,9.491365426400676e-05,1.0,in,l2sq,7622.0836391448975,linear_gate_no_pbrs_seed321_t480k,linear_gate_no_pbrs,480000,0.6970416666666667,1.0,0.9,0.0036990770255216,0.0030105844803983
2026-06-05T14:21:54.195557,315,335664,57.65805385296283,72.61320845949514,59,0.3182065217391304,5.7,0.24,20,20,-0.0025989733738243,0.8804031014442444,0.3698333352804184,0.0013508951860785,0.0060546874301508,0.0,0.0,4,9.489941769043542e-05,9.489941769043542e-05,1.0,in,l2sq,7643.758246660232,linear_gate_no_pbrs_seed321_t480k,linear_gate_no_pbrs,480000,0.6993,1.0,1.0,0.0025989733738243,0.0013508951860785
2026-06-05T14:22:18.392984,316,336709,91.0755324948403,91.0755324948403,63,0.3176630434782608,5.385,0.19,19,20,-0.0025826547745965,0.9151373356580734,0.3782018758356571,0.0010682539941626,0.0048828125,0.0,0.0,4,9.488043875589152e-05,9.488043875589152e-05,1.0,in,l2sq,7667.9554097652435,linear_gate_no_pbrs_seed321_t480k,linear_gate_no_pbrs,480000,0.7014770833333334,1.0,0.95,0.0025826547745965,0.0010682539941626
2026-06-05T14:22:39.971897,317,337781,-9.465485021285817,40.80502373677725,44,0.3116847826086956,5.265,0.16,20,20,-0.0010997258061249,0.9559172838926316,0.3568683490157127,0.0008619625819846,0.0011718750174622,0.0,0.0,4,9.486620692729108e-05,9.486620692729108e-05,1.0,in,l2sq,7689.534571886063,linear_gate_no_pbrs_seed321_t480k,linear_gate_no_pbrs,480000,0.7037104166666667,1.0,1.0,0.0010997258061249,0.0008619625819846
2026-06-05T14:23:17.157230,318,338855,76.86433622007551,76.86433622007551,58,0.3103260869565217,5.335,0.15,20,20,-0.0026213780773104,0.8726354464888573,0.3788349702954292,0.0008896494513464,0.0021484375320142,0.0,0.0,4,9.485197747058303e-05,9.485197747058303e-05,1.0,in,l2sq,7726.719727754593,linear_gate_no_pbrs_seed321_t480k,linear_gate_no_pbrs,480000,0.7059479166666667,1.0,1.0,0.0026213780773104,0.0008896494513464
2026-06-05T14:23:39.353593,319,339907,100.37953749834246,88.62193685920899,60,0.3116847826086956,5.365,0.14,20,20,-0.0032004084961954,0.849558100104332,0.3583423905074596,0.0007916546073488,0.0095703125261934,0.0,0.0,4,9.483300802360868e-05,9.483300802360868e-05,1.0,in,l2sq,7748.916271686554,linear_gate_no_pbrs_seed321_t480k,linear_gate_no_pbrs,480000,0.7081395833333334,1.0,1.0,0.0032004084961954,0.0007916546073488
2026-06-05T14:24:03.762756,320,340932,41.51415994257219,41.51415994257219,65,0.3127717391304347,5.525,0.19,18,20,-0.0026386648300104,0.911886230111122,0.3668247386813164,-0.0012910997317704,0.0113281256053596,0.0,0.0,4,9.481878330949952e-05,9.481878330949952e-05,1.0,in,l2sq,7773.325456857681,linear_gate_no_pbrs_seed321_t480k,linear_gate_no_pbrs,480000,0.710275,1.0,0.9,0.0026386648300104,0.0012910997317704
2026-06-05T14:24:24.145951,321,341974,12.382810899202902,26.948485420887547,51,0.3092391304347826,5.44,0.22,20,20,-0.0029080898064421,0.9800386354327202,0.3635802529752254,0.0018625679823344,0.0117187503492459,0.0,0.0,4,9.480456096609702e-05,9.480456096609702e-05,1.0,in,l2sq,7793.708617448807,linear_gate_no_pbrs_seed321_t480k,linear_gate_no_pbrs,480000,0.7124458333333333,1.0,1.0,0.0029080898064421,0.0018625679823344
2026-06-05T14:24:54.788445,322,342964,65.702696704169,65.702696704169,65,0.3103260869565217,5.245,0.2,20,20,-0.0029640406835824,0.863207995891571,0.3774689510464668,0.0013318734250787,0.0058593752910383,0.0,0.0,4,9.479034051897535e-05,9.479034051897535e-05,1.0,in,l2sq,7824.351144790649,linear_gate_no_pbrs_seed321_t480k,linear_gate_no_pbrs,480000,0.7145083333333333,1.0,1.0,0.0029640406835824,0.0013318734250787
2026-06-05T14:25:16.354341,323,344033,5.72761094222701,35.71515382319801,55,0.3108695652173913,5.225,0.21,20,20,-0.0025540039685438,0.8656823933124542,0.3558403179049492,0.001262778154114,0.0060546875756699,0.0,0.0,4,9.477612244184922e-05,9.477612244184922e-05,1.0,in,l2sq,7845.917017459869,linear_gate_no_pbrs_seed321_t480k,linear_gate_no_pbrs,480000,0.7167354166666666,1.0,1.0,0.0025540039685438,0.001262778154114
2026-06-05T14:25:39.119551,324,345042,70.12485411444543,70.12485411444543,61,0.3133152173913043,5.255,0.19,19,20,-0.0022680895533996,0.9449720084667206,0.3583453893661499,0.0002175042966882,0.0009765625291038,0.0,0.0,4,9.475716816512207e-05,9.475716816512207e-05,1.0,in,l2sq,7868.682280063629,linear_gate_no_pbrs_seed321_t480k,linear_gate_no_pbrs,480000,0.7188375,1.0,0.95,0.0022680895533996,0.0002175042966882
2026-06-05T14:25:59.940689,325,346083,78.5964269328365,74.36064052364097,63,0.3160326086956522,5.25,0.16,20,20,-0.0013472140039083,0.9035262912511826,0.3480735719203949,0.0003797643064899,0.0082031250931322,0.0,0.0,4,9.474295482680208e-05,9.474295482680208e-05,1.0,in,l2sq,7889.503310203552,linear_gate_no_pbrs_seed321_t480k,linear_gate_no_pbrs,480000,0.72100625,1.0,1.0,0.0013472140039083,0.0003797643064899
2026-06-05T14:26:24.124326,326,347154,14.075362309167666,14.075362309167666,47,0.3100543478260869,5.235,0.16,19,20,-0.0033093728648965,0.9620045199990273,0.3514470607042312,0.001163445023576,0.0074218750960426,0.0,0.0,4,9.472874385729282e-05,9.472874385729282e-05,1.0,in,l2sq,7913.68705368042,linear_gate_no_pbrs_seed321_t480k,linear_gate_no_pbrs,480000,0.7232375,1.0,0.95,0.0033093728648965,0.001163445023576
2026-06-05T14:26:44.725336,327,348192,85.41391953780993,49.7446409234888,61,0.3095108695652174,5.275,0.18,20,20,-0.0027036979954573,0.8983228877186775,0.3678700439631939,0.0008494105003137,0.0035156250960426,0.0,0.0,4,9.470979905580882e-05,9.470979905580882e-05,1.0,in,l2sq,7934.288010835648,linear_gate_no_pbrs_seed321_t480k,linear_gate_no_pbrs,480000,0.7254,1.0,1.0,0.0027036979954573,0.0008494105003137
2026-06-05T14:27:08.769649,328,349261,44.88461481960357,44.88461481960357,59,0.3108695652173913,5.27,0.18,19,20,-0.0019960642646765,0.8572200536727905,0.3560128062963485,0.000280712039148,0.0031250001047737,0.0,0.0,4,9.469559282273678e-05,9.469559282273678e-05,1.0,in,l2sq,7958.332381486893,linear_gate_no_pbrs_seed321_t480k,linear_gate_no_pbrs,480000,0.7276270833333334,1.0,0.95,0.0019960642646765,0.000280712039148
2026-06-05T14:27:29.532836,329,350281,90.11714067081353,67.50087774520854,59,0.3135869565217391,5.455,0.19,20,20,-0.0036290245800047,0.9674980640411376,0.3640172146260738,0.0015197135300695,0.0048828126455191,0.0,0.0,4,9.468138895729134e-05,9.468138895729134e-05,1.0,in,l2sq,7979.095493078232,linear_gate_no_pbrs_seed321_t480k,linear_gate_no_pbrs,480000,0.7297520833333333,1.0,1.0,0.0036290245800047,0.0015197135300695
2026-06-05T14:27:55.353161,330,351317,114.21284892998632,114.21284892998632,74,0.3173913043478261,5.555,0.23,18,20,-0.0030230641947127,0.8531406670808792,0.3601089343428612,0.0024674024612977,0.0195312503783497,0.0,0.0,4,9.466718698566304e-05,9.466718698566304e-05,1.0,in,l2sq,8004.915784835815,linear_gate_no_pbrs_seed321_t480k,linear_gate_no_pbrs,480000,0.7319104166666667,1.0,0.9,0.0030230641947127,0.0024674024612977
2026-06-05T14:28:16.834976,331,352360,76.6286046541878,95.42072679208704,50,0.31875,5.45,0.3,20,20,-0.0022139746768516,0.9489235207438468,0.3276253193616867,0.0006884478307256,0.0009765625291038,0.0,0.0,4,9.465298738095112e-05,9.465298738095112e-05,1.0,in,l2sq,8026.397676467895,linear_gate_no_pbrs_seed321_t480k,linear_gate_no_pbrs,480000,0.7340833333333333,1.0,1.0,0.0022139746768516,0.0006884478307256
2026-06-05T14:28:41.145853,332,353394,75.946637394376,75.946637394376,62,0.3184782608695652,5.29,0.34,18,20,-0.002405305616412,0.9089984148740768,0.3424545675516128,0.0015184203091621,0.0013671875494765,0.0,0.0,4,9.463405773000482e-05,9.463405773000482e-05,1.0,in,l2sq,8050.708499193191,linear_gate_no_pbrs_seed321_t480k,linear_gate_no_pbrs,480000,0.7362375,1.0,0.9,0.002405305616412,0.0015184203091621
2026-06-05T14:29:02.666945,333,354448,45.6721552136986,60.80939630403729,55,0.3171195652173913,5.285,0.4,20,20,-0.0021974050177959,0.8754589408636093,0.3288124352693558,0.0018781883114571,0.0011718750465661,0.0,0.0,4,9.461986285794228e-05,9.461986285794228e-05,1.0,in,l2sq,8072.229620695114,linear_gate_no_pbrs_seed321_t480k,linear_gate_no_pbrs,480000,0.7384333333333334,1.0,1.0,0.0021974050177959,0.0018781883114571
2026-06-05T14:29:34.413510,334,355481,106.24708278568824,106.24708278568824,66,0.3198369565217391,5.405,0.36,20,20,-0.0031771206849953,0.963600642979145,0.343393113464117,-0.0010675622932012,0.0091796875931322,0.0,0.0,4,9.460567035161292e-05,9.460567035161292e-05,1.0,in,l2sq,8103.975954771042,linear_gate_no_pbrs_seed321_t480k,linear_gate_no_pbrs,480000,0.7405854166666667,1.0,1.0,0.0031771206849953,0.0010675622932012
2026-06-05T14:29:54.415339,335,356441,67.8946940239791,87.07088840483368,57,0.3192934782608695,5.22,0.3,20,20,-0.0037169584538787,0.9782595485448836,0.3485678285360336,0.0010519161851334,0.0062500003259629,0.0,0.0,4,9.459147973758618e-05,9.459147973758618e-05,1.0,in,l2sq,8123.978014707565,linear_gate_no_pbrs_seed321_t480k,linear_gate_no_pbrs,480000,0.7425854166666667,1.0,1.0,0.0037169584538787,0.0010519161851334
2026-06-05T14:30:19.000368,336,357493,71.13749053738508,71.13749053738508,61,0.31875,5.45,0.31,19,20,-0.0039401793677825,0.9342823773622512,0.3434236831963062,0.003307858824769,0.0158203129249159,0.0,0.0,4,9.457729148858294e-05,9.457729148858294e-05,1.0,in,l2sq,8148.563092708588,linear_gate_no_pbrs_seed321_t480k,linear_gate_no_pbrs,480000,0.7447770833333334,1.0,0.95,0.0039401793677825,0.003307858824769
2026-06-05T14:30:40.316832,337,358568,23.42936077133301,47.28342565435904,53,0.321195652173913,5.4,0.31,20,20,-0.0018309574850718,0.9256055876612664,0.3574590645730495,0.000248489596106,0.0035156249796273,0.0,0.0,4,9.455837697605816e-05,9.455837697605816e-05,1.0,in,l2sq,8169.879552125931,linear_gate_no_pbrs_seed321_t480k,linear_gate_no_pbrs,480000,0.7470166666666667,1.0,1.0,0.0018309574850718,0.000248489596106
2026-06-05T14:31:04.960296,338,359659,54.67906799046933,54.67906799046933,62,0.3222826086956522,5.54,0.31,18,20,-0.0034178109548519,0.9540435522794724,0.3630653843283653,1.877033696473518e-05,0.0007812500116415,0.0,0.0,4,9.45441934559195e-05,9.45441934559195e-05,1.0,in,l2sq,8194.5230281353,linear_gate_no_pbrs_seed321_t480k,linear_gate_no_pbrs,480000,0.7492895833333333,1.0,0.9,0.0034178109548519,1.877033696473518e-05
2026-06-05T14:31:25.153499,339,360681,28.394281847953643,41.536674919211485,48,0.3190217391304348,5.395,0.33,20,20,-0.003698651160812,0.9007092863321304,0.3524620532989502,-0.0004795962238404,0.0091796873894054,0.0,0.0,4,9.453001229962209e-05,9.453001229962209e-05,1.0,in,l2sq,8214.716192483902,linear_gate_no_pbrs_seed321_t480k,linear_gate_no_pbrs,480000,0.75141875,1.0,1.0,0.003698651160812,0.0004795962238404
2026-06-05T14:31:50.885053,340,361767,2.3488114581504096,2.3488114581504096,52,0.3154891304347826,5.34,0.27,18,20,-0.0018364526415097,0.902031809091568,0.3402699045836925,0.0001606632840094,0.0087890625727595,0.0,0.0,4,9.451110724246228e-05,9.451110724246228e-05,1.0,in,l2sq,8240.447758436203,linear_gate_no_pbrs_seed321_t480k,linear_gate_no_pbrs,480000,0.75368125,1.0,0.9,0.0018364526415097,0.0001606632840094
2026-06-05T14:32:11.950164,341,362833,72.02790362925313,37.18835754370177,68,0.3201086956521739,5.245,0.23,20,20,-0.0026667654514316,0.9950935244560242,0.3512565344572067,-5.093631953062561e-05,0.0050781251629814,0.0,0.0,4,9.449693081266552e-05,9.449693081266552e-05,1.0,in,l2sq,8261.512830495834,linear_gate_no_pbrs_seed321_t480k,linear_gate_no_pbrs,480000,0.7559020833333333,1.0,1.0,0.0026667654514316,5.093631953062561e-05
2026-06-05T14:32:35.601915,342,363883,65.37731040213488,65.37731040213488,50,0.3160326086956522,5.27,0.28,18,20,-0.0021100088801175,1.003463789820671,0.3422087728977203,0.0006025551947232,0.0023437499767169,0.0,0.0,4,9.448275674552826e-05,9.448275674552826e-05,1.0,in,l2sq,8285.164649963379,linear_gate_no_pbrs_seed321_t480k,linear_gate_no_pbrs,480000,0.7580895833333333,1.0,0.9,0.0021100088801175,0.0006025551947232
2026-06-05T14:32:58.390909,343,365019,-8.989199052289345,28.19405567492277,56,0.3163043478260869,5.24,0.27,20,20,-0.0024285905899887,0.9019224643707277,0.3464912995696068,0.0018677226373028,0.0005859375087311,0.0,0.0,4,9.446386113900672e-05,9.446386113900672e-05,1.0,in,l2sq,8307.953580379486,linear_gate_no_pbrs_seed321_t480k,linear_gate_no_pbrs,480000,0.76045625,1.0,1.0,0.0024285905899887,0.0018677226373028
2026-06-05T14:33:22.497225,344,366097,46.072338096635946,46.072338096635946,53,0.3141304347826087,5.255,0.28,18,20,-0.0022241063095861,0.8455313071608543,0.3486946821212768,0.0001018367648611,0.0027343750698491,0.0,0.0,4,9.444496931141754e-05,9.444496931141754e-05,1.0,in,l2sq,8332.059952497482,linear_gate_no_pbrs_seed321_t480k,linear_gate_no_pbrs,480000,0.7627020833333333,1.0,0.9,0.0022241063095861,0.0001018367648611
2026-06-05T14:33:44.545255,345,367165,112.79215251821756,79.43224530742674,69,0.3157608695652174,5.465,0.3,20,20,-0.0036556795879733,0.9571834951639177,0.3473607897758484,-0.0002026049347477,0.0078124999126885,0.0,0.0,4,9.443080280214504e-05,9.443080280214504e-05,1.0,in,l2sq,8354.107916355133,linear_gate_no_pbrs_seed321_t480k,linear_gate_no_pbrs,480000,0.7649270833333334,1.0,1.0,0.0036556795879733,0.0002026049347477
2026-06-05T14:34:08.466188,346,368168,79.9912183110292,79.9912183110292,55,0.3179347826086957,5.415,0.26,18,20,-0.0018836256269424,0.9631647393107414,0.3450815267860889,0.0021898989441467,0.0037109375261934,0.0,0.0,4,9.441663865387876e-05,9.441663865387876e-05,1.0,in,l2sq,8378.028908014297,linear_gate_no_pbrs_seed321_t480k,linear_gate_no_pbrs,480000,0.7670166666666667,1.0,0.9,0.0018836256269424,0.0021898989441467
2026-06-05T14:34:30.326627,347,369228,94.7180323743695,87.35462534269935,64,0.31875,5.38,0.2,20,20,-0.0036179602728225,0.8900384157896042,0.3356741815805435,0.0016693992661203,0.0031249999592546,0.0,0.0,4,9.440247639413408e-05,9.440247639413408e-05,1.0,in,l2sq,8399.88928604126,linear_gate_no_pbrs_seed321_t480k,linear_gate_no_pbrs,480000,0.769225,1.0,1.0,0.0036179602728225,0.0016693992661203
2026-06-05T14:34:54.163830,348,370285,84.0427466153104,84.0427466153104,55,0.3176630434782608,5.715,0.19,16,20,-0.002753882863908,0.9151329770684242,0.3360620141029358,0.0013222590755049,0.0048828125291038,0.0,0.0,4,9.438831649468732e-05,9.438831649468732e-05,1.0,in,l2sq,8423.726534128189,linear_gate_no_pbrs_seed321_t480k,linear_gate_no_pbrs,480000,0.7714270833333333,1.0,0.8,0.002753882863908,0.0013222590755049
2026-06-05T14:35:14.574910,349,371324,72.2146021155018,78.12867436540611,57,0.3171195652173913,5.69,0.12,20,20,-0.0029617265827255,0.888197548687458,0.340223591774702,0.0022611719826272,0.0054687503143213,0.0,0.0,4,9.436943977527156e-05,9.436943977527156e-05,1.0,in,l2sq,8444.137629508972,linear_gate_no_pbrs_seed321_t480k,linear_gate_no_pbrs,480000,0.7735916666666667,1.0,1.0,0.0029617265827255,0.0022611719826272
2026-06-05T14:35:39.677536,350,372381,58.22296426538611,58.22296426538611,47,0.3097826086956521,5.83,0.12,16,20,-0.0023790606239346,0.8554374277591705,0.3424340710043907,-0.0007669900965993,0.0078125001164153,0.0,0.0,4,9.435528459524068e-05,9.435528459524068e-05,1.0,in,l2sq,8469.240212202072,linear_gate_no_pbrs_seed321_t480k,linear_gate_no_pbrs,480000,0.77579375,1.0,0.8,0.0023790606239346,0.0007669900965993
2026-06-05T14:36:00.471432,351,373438,8.06701581344245,33.14499003941428,51,0.3100543478260869,5.63,0.11,20,20,-0.0026477486651856,0.9237282872200012,0.3278278671205044,0.0014630456495297,0.0042968750931322,0.0,0.0,4,9.434113177432782e-05,9.434113177432782e-05,1.0,in,l2sq,8490.034009695053,linear_gate_no_pbrs_seed321_t480k,linear_gate_no_pbrs,480000,0.7779958333333333,1.0,1.0,0.0026477486651856,0.0014630456495297
2026-06-05T14:36:24.207315,352,374493,84.57250247665722,84.57250247665722,62,0.3100543478260869,5.45,0.14,15,20,-0.0034977328235982,0.9738024845719336,0.3382600881159305,0.0002972805337321,0.0095703125698491,0.0,0.0,4,9.432226449138426e-05,9.432226449138426e-05,1.0,in,l2sq,8513.7700278759,linear_gate_no_pbrs_seed321_t480k,linear_gate_no_pbrs,480000,0.78019375,1.0,0.75,0.0034977328235982,0.0002972805337321
2026-06-05T14:36:45.521649,353,375578,66.35607097888477,75.464286727771,60,0.3114130434782609,5.41,0.12,20,20,-0.0027787894476205,0.8450723141431808,0.3128930926322937,0.001220785499936,0.0058593749126885,0.0,0.0,4,9.4308116387528e-05,9.4308116387528e-05,1.0,in,l2sq,8535.084343910217,linear_gate_no_pbrs_seed321_t480k,linear_gate_no_pbrs,480000,0.7824541666666667,1.0,1.0,0.0027787894476205,0.001220785499936
2026-06-05T14:37:09.620686,354,376640,48.82831168262894,48.82831168262894,56,0.308695652173913,5.365,0.12,15,20,-0.0031843813922023,0.9630966559052468,0.3375659845769405,-0.0006657341627033,0.0136718752328306,0.0,0.0,4,9.429397064161044e-05,9.429397064161044e-05,1.0,in,l2sq,8559.183420419693,linear_gate_no_pbrs_seed321_t480k,linear_gate_no_pbrs,480000,0.7846666666666666,1.0,0.75,0.0031843813922023,0.0006657341627033
2026-06-05T14:37:30.000395,355,377675,38.49723766971371,43.66277467617133,54,0.3078804347826087,5.485,0.11,20,20,-0.0023188360271886,0.9158071205019952,0.3308796733617782,0.0009541369990756,0.0011718750029103,0.0,0.0,4,9.427511279042185e-05,9.427511279042185e-05,1.0,in,l2sq,8579.563077926636,linear_gate_no_pbrs_seed321_t480k,linear_gate_no_pbrs,480000,0.7868229166666667,1.0,1.0,0.0023188360271886,0.0009541369990756
2026-06-05T14:37:52.515265,356,378678,67.62879921273388,67.62879921273388,58,0.3070652173913043,5.4,0.16,16,20,-0.0018728971503154,0.9008073210716248,0.3444067984819412,0.0007346803406108,0.0011718750465661,0.0,0.0,4,9.426097175920285e-05,9.426097175920285e-05,1.0,in,l2sq,8602.078002691269,linear_gate_no_pbrs_seed321_t480k,linear_gate_no_pbrs,480000,0.7889125,1.0,0.8,0.0018728971503154,0.0007346803406108
2026-06-05T14:38:13.767084,357,379765,69.878368945668,68.75358407920095,53,0.3070652173913043,5.43,0.21,20,20,-0.0032753765728557,0.924135223031044,0.3136842437088489,0.0009602259511211,0.0054687502561137,0.0,0.0,4,9.424683308474384e-05,9.424683308474384e-05,1.0,in,l2sq,8623.329795837402,linear_gate_no_pbrs_seed321_t480k,linear_gate_no_pbrs,480000,0.7911770833333334,1.0,1.0,0.0032753765728557,0.0009602259511211
2026-06-05T14:38:36.208180,358,380768,105.3154262490768,105.3154262490768,61,0.3067934782608695,5.34,0.24,17,20,-0.0025254250242141,0.8878952711820602,0.3236046209931373,-4.162320151407384e-05,0.001953125,0.0,0.0,4,9.423269629540998e-05,9.423269629540998e-05,1.0,in,l2sq,8645.770919084549,linear_gate_no_pbrs_seed321_t480k,linear_gate_no_pbrs,480000,0.7932666666666667,1.0,0.85,0.0025254250242141,4.162320151407384e-05
2026-06-05T14:38:57.878540,359,381875,45.51981520464258,75.4176207268597,56,0.3089673913043478,5.56,0.25,20,20,-0.0019479115173454,0.906860925257206,0.330056369304657,0.0006898023010421,0.0001953125029103,0.0,0.0,4,9.421856186212914e-05,9.421856186212914e-05,1.0,in,l2sq,8667.441260099411,linear_gate_no_pbrs_seed321_t480k,linear_gate_no_pbrs,480000,0.7955729166666666,1.0,1.0,0.0019479115173454,0.0006898023010421
2026-06-05T14:39:22.009780,360,382890,115.00147259002416,115.00147259002416,65,0.3125,5.54,0.21,16,20,-0.0041175688413205,0.8991274982690811,0.3571880012750625,0.0021487411981979,0.0099609380849869,0.0,0.0,4,9.419971909194236e-05,9.419971909194236e-05,1.0,in,l2sq,8691.572474718094,linear_gate_no_pbrs_seed321_t480k,linear_gate_no_pbrs,480000,0.7976875,1.0,0.8,0.0041175688413205,0.0021487411981979
2026-06-05T14:39:42.858746,361,383952,38.15624294051019,76.57885776526717,57,0.3095108695652174,5.59,0.18,20,20,-0.0014188170862325,0.8887174129486084,0.321490116417408,-0.0006199433017172,0.0011718750174622,0.0,0.0,4,9.418558936958962e-05,9.418558936958962e-05,1.0,in,l2sq,8712.421411514282,linear_gate_no_pbrs_seed321_t480k,linear_gate_no_pbrs,480000,0.7999,1.0,1.0,0.0014188170862325,0.0006199433017172
2026-06-05T14:40:07.175348,362,385013,104.31383066183577,104.31383066183577,59,0.3119565217391304,5.695,0.18,17,20,-0.0027663804823533,0.9135380908846856,0.3222886063158512,0.0011766603156956,0.0037109376280568,0.0,0.0,4,9.417146200211212e-05,9.417146200211212e-05,1.0,in,l2sq,8736.738020896912,linear_gate_no_pbrs_seed321_t480k,linear_gate_no_pbrs,480000,0.8021104166666667,1.0,0.85,0.0027663804823533,0.0011766603156956
2026-06-05T14:40:28.647101,363,386088,55.30619103569527,79.81001084876551,56,0.3119565217391304,5.635,0.24,20,20,-0.0030943070101784,0.8894771337509155,0.329810582101345,0.0017415538603472,0.0097656252328306,0.0,0.0,4,9.415262865142631e-05,9.415262865142631e-05,1.0,in,l2sq,8758.209769248962,linear_gate_no_pbrs_seed321_t480k,linear_gate_no_pbrs,480000,0.80435,1.0,1.0,0.0030943070101784,0.0017415538603472
2026-06-05T14:40:53.672082,364,387191,78.84570478024821,78.84570478024821,61,0.3141304347826087,5.635,0.29,16,20,-0.0027866989665198,0.9341634511947632,0.3437909111380577,5.609565696432228e-05,0.0003906250058207,0.0,0.0,4,9.413850599252196e-05,9.413850599252196e-05,1.0,in,l2sq,8783.234810590744,linear_gate_no_pbrs_seed321_t480k,linear_gate_no_pbrs,480000,0.8066479166666667,1.0,0.8,0.0027866989665198,5.609565696432228e-05
2026-06-05T14:41:15.774347,365,388229,132.4882428354,105.6669738078241,64,0.3127717391304347,5.535,0.29,20,20,-0.0032255974423606,0.8613005578517914,0.3325325027108192,0.0007482373730454,0.0062500001658918,0.0,0.0,4,9.412438568731562e-05,9.412438568731562e-05,1.0,in,l2sq,8805.337031364441,linear_gate_no_pbrs_seed321_t480k,linear_gate_no_pbrs,480000,0.8088104166666666,1.0,1.0,0.0032255974423606,0.0007482373730454
2026-06-05T14:41:41.189937,366,389329,98.4763555764182,98.4763555764182,58,0.3135869565217391,5.59,0.27,15,20,-0.0031541137199382,0.9294024035334588,0.346667543053627,0.0009100433604998,0.0068359378492459,0.0,0.0,4,9.4105561751422e-05,9.4105561751422e-05,1.0,in,l2sq,8830.752640247345,linear_gate_no_pbrs_seed321_t480k,linear_gate_no_pbrs,480000,0.8111020833333333,1.0,0.75,0.0031541137199382,0.0009100433604998
2026-06-05T14:42:01.470281,367,390361,95.97600810083486,97.22618183862652,60,0.3125,5.385,0.22,20,20,-0.0034046770306304,0.8945441395044327,0.3294504061341285,0.0007159694919209,0.0023437500931322,0.0,0.0,4,9.409144615243496e-05,9.409144615243496e-05,1.0,in,l2sq,8851.032978773117,linear_gate_no_pbrs_seed321_t480k,linear_gate_no_pbrs,480000,0.8132520833333333,1.0,1.0,0.0034046770306304,0.0007159694919209
2026-06-05T14:42:26.193834,368,391463,-3.8389296814676266,-3.8389296814676266,55,0.3125,5.385,0.2,18,20,-0.0023253223269419,0.9029641821980476,0.3355757631361484,0.0006422961707585,0.0037109376280568,0.0,0.0,4,9.407733290596933e-05,9.407733290596933e-05,1.0,in,l2sq,8875.756563186646,linear_gate_no_pbrs_seed321_t480k,linear_gate_no_pbrs,480000,0.8155479166666667,1.0,0.9,0.0023253223269419,0.0006422961707585
2026-06-05T14:42:47.298299,369,392512,101.34736151514193,48.75421591683715,64,0.3144021739130435,5.425,0.22,20,20,-0.0027727223918191,0.929490365087986,0.349642027169466,0.0001443951462534,0.0041015625029103,0.0,0.0,4,9.405851838016144e-05,9.405851838016144e-05,1.0,in,l2sq,8896.860999584198,linear_gate_no_pbrs_seed321_t480k,linear_gate_no_pbrs,480000,0.8177333333333333,1.0,1.0,0.0027727223918191,0.0001443951462534
2026-06-05T14:43:13.166888,370,393586,7.075532262109149,7.075532262109149,52,0.3157608695652174,5.34,0.21,19,20,-0.0042523505049758,0.9374512583017348,0.3430028110742569,0.0065031908154878,0.0292968759313225,0.0,0.0,4,9.404440983756248e-05,9.404440983756248e-05,1.0,in,l2sq,8922.729600667953,linear_gate_no_pbrs_seed321_t480k,linear_gate_no_pbrs,480000,0.8199708333333333,1.0,0.95,0.0042523505049758,0.0065031908154878
2026-06-05T14:43:33.860598,371,394614,74.41508242993788,40.74530734602352,59,0.3179347826086957,5.515,0.21,20,20,-0.0024474990263115,0.9061468690633774,0.3360339850187301,0.0008085059531595,0.0033203125494765,0.0,0.0,4,9.40303036463089e-05,9.40303036463089e-05,1.0,in,l2sq,8943.423210382462,linear_gate_no_pbrs_seed321_t480k,linear_gate_no_pbrs,480000,0.8221125,1.0,1.0,0.0024474990263115,0.0008085059531595
2026-06-05T14:43:57.238971,372,395653,34.904399884732925,34.904399884732925,50,0.3146739130434782,5.39,0.2,18,20,-0.0024095013794067,0.9274243637919426,0.35604427754879,0.0025507276800453,0.0054687499796273,0.0,0.0,4,9.401149852588268e-05,9.401149852588268e-05,1.0,in,l2sq,8966.801694869995,linear_gate_no_pbrs_seed321_t480k,linear_gate_no_pbrs,480000,0.8242770833333334,1.0,0.9,0.0024095013794067,0.0025507276800453
2026-06-05T14:44:17.556619,373,396694,35.38554000785184,35.14496994629238,55,0.3133152173913043,5.395,0.22,20,20,-0.003019766579382,1.002423420548439,0.3591520860791206,0.0017944841056305,0.0046875001862645,0.0,0.0,4,9.399739703614428e-05,9.399739703614428e-05,1.0,in,l2sq,8987.119347810745,linear_gate_no_pbrs_seed321_t480k,linear_gate_no_pbrs,480000,0.8264458333333333,1.0,1.0,0.003019766579382,0.0017944841056305
2026-06-05T14:44:49.258394,374,397764,94.1413121895963,94.1413121895963,65,0.3157608695652174,5.355,0.24,20,20,-0.002201323256304,0.8921611234545708,0.3484374433755874,0.0017461259519336,0.0037109376426087,0.0,0.0,4,9.398329789657584e-05,9.398329789657584e-05,1.0,in,l2sq,9018.820905208588,linear_gate_no_pbrs_seed321_t480k,linear_gate_no_pbrs,480000,0.828675,1.0,1.0,0.002201323256304,0.0017461259519336
2026-06-05T14:45:10.023970,375,398808,6.931814260512458,50.53656322505438,55,0.3160326086956522,5.14,0.23,20,20,-0.0031986579910152,0.9308249056339264,0.364453449845314,-4.3705662255838496e-05,0.0039062500291038,0.0,0.0,4,9.396450217682952e-05,9.396450217682952e-05,1.0,in,l2sq,9039.586674928663,linear_gate_no_pbrs_seed321_t480k,linear_gate_no_pbrs,480000,0.83085,1.0,1.0,0.0031986579910152,4.3705662255838496e-05
2026-06-05T14:45:33.915812,376,399887,84.3943512206622,84.3943512206622,51,0.3141304347826087,5.17,0.19,19,20,-0.0021582961286186,0.8941592276096344,0.3359882980585098,0.0004107813982044,0.0011718750465661,0.0,0.0,4,9.3950407736426e-05,9.3950407736426e-05,1.0,in,l2sq,9063.478548049929,linear_gate_no_pbrs_seed321_t480k,linear_gate_no_pbrs,480000,0.8330979166666667,1.0,0.95,0.0021582961286186,0.0004107813982044
2026-06-05T14:45:54.526562,377,400943,76.78287383703633,80.58861252884927,60,0.3160326086956522,5.38,0.22,20,20,-0.0030105606711003,0.9394980892539024,0.3505424372851848,0.0009904687304697,0.002539062523283,0.0,0.0,4,9.393631564501756e-05,9.393631564501756e-05,1.0,in,l2sq,9084.089280843737,linear_gate_no_pbrs_seed321_t480k,linear_gate_no_pbrs,480000,0.8352979166666666,1.0,1.0,0.0030105606711003,0.0009904687304697
2026-06-05T14:46:18.378792,378,402012,138.69540727866925,138.69540727866925,67,0.3176630434782608,5.53,0.23,19,20,-0.0028486650699051,0.9043509066104888,0.3312718234956264,-0.0003899292011851,0.0089843750465661,0.0,0.0,4,9.391752932125172e-05,9.391752932125172e-05,1.0,in,l2sq,9107.941527605057,linear_gate_no_pbrs_seed321_t480k,linear_gate_no_pbrs,480000,0.837525,1.0,0.95,0.0028486650699051,0.0003899292011851
2026-06-05T14:46:38.537791,379,403045,86.79642457848779,112.74591592857853,52,0.3165760869565217,5.42,0.2,20,20,-0.0027066127368016,0.9701530635356904,0.3307552188634872,0.000428381306483,0.0011718750465661,0.0,0.0,4,9.390344192665908e-05,9.390344192665908e-05,1.0,in,l2sq,9128.100474834442,linear_gate_no_pbrs_seed321_t480k,linear_gate_no_pbrs,480000,0.8396770833333334,1.0,1.0,0.0027066127368016,0.000428381306483
2026-06-05T14:47:02.625704,380,404061,61.70459327344825,61.70459327344825,58,0.3146739130434782,5.27,0.19,18,20,-0.0030264419081504,0.9631896167993546,0.3456186354160309,0.0007208164106032,0.0091796877095475,0.0,0.0,4,9.388935687988728e-05,9.388935687988728e-05,1.0,in,l2sq,9152.188411951063,linear_gate_no_pbrs_seed321_t480k,linear_gate_no_pbrs,480000,0.84179375,1.0,0.9,0.0030264419081504,0.0007208164106032
2026-06-05T14:47:22.814804,381,405090,82.92942202317202,72.31700764831014,61,0.3157608695652174,5.16,0.19,20,20,-0.0034249797812662,0.8797513395547867,0.3260194957256317,0.0011354419889357,0.009765625,0.0,0.0,4,9.387527371109045e-05,9.387527371109045e-05,1.0,in,l2sq,9172.377505540848,linear_gate_no_pbrs_seed321_t480k,linear_gate_no_pbrs,480000,0.8439375,1.0,1.0,0.0034249797812662,0.0011354419889357
2026-06-05T14:47:46.605554,382,406146,97.55158935153716,97.55158935153716,61,0.3163043478260869,5.475,0.17,17,20,-0.0032856712845387,0.9183303043246268,0.333950724452734,0.0014694261009935,0.0097656249126885,0.0,0.0,4,9.386119288941012e-05,9.386119288941012e-05,1.0,in,l2sq,9196.168286323547,linear_gate_no_pbrs_seed321_t480k,linear_gate_no_pbrs,480000,0.8461375,1.0,0.85,0.0032856712845387,0.0014694261009935
2026-06-05T14:48:07.738850,383,407220,57.47747285734601,77.51453110444159,59,0.3171195652173913,5.53,0.16,20,20,-0.0021678425822756,0.8991723954677582,0.3423273116350174,0.0012761868532493,0.0025390625960426,0.0,0.0,4,9.38424215894442e-05,9.38424215894442e-05,1.0,in,l2sq,9217.301537275314,linear_gate_no_pbrs_seed321_t480k,linear_gate_no_pbrs,480000,0.848375,1.0,1.0,0.0021678425822756,0.0012761868532493
2026-06-05T14:48:30.242102,384,408232,81.6157688575734,81.6157688575734,57,0.3160326086956522,5.525,0.09,19,20,-0.0022018329240381,0.9159677475690842,0.3214267343282699,0.0006597803406748,0.0023437500931322,0.0,0.0,4,9.382834546082356e-05,9.382834546082356e-05,1.0,in,l2sq,9239.804839134216,linear_gate_no_pbrs_seed321_t480k,linear_gate_no_pbrs,480000,0.8504833333333334,1.0,0.95,0.0022018329240381,0.0006597803406748
2026-06-05T14:48:50.917379,385,409284,16.455478159442425,49.03562350850791,52,0.3127717391304347,5.52,0.06,20,20,-0.0029771522415102,0.933202601969242,0.3487376682460308,0.0008473128951209,0.0005859375087311,0.0,0.0,4,9.381427167814616e-05,9.381427167814616e-05,1.0,in,l2sq,9260.480085849762,linear_gate_no_pbrs_seed321_t480k,linear_gate_no_pbrs,480000,0.852675,1.0,1.0,0.0029771522415102,0.0008473128951209
2026-06-05T14:49:14.782939,386,410350,130.67885545892008,130.67885545892008,62,0.3138586956521739,5.495,0.13,19,20,-0.0030963548197177,0.8841753304004669,0.3412833884358406,0.0003446938750584,0.0054687499796273,0.0,0.0,4,9.379550976195326e-05,9.379550976195326e-05,1.0,in,l2sq,9284.345663547516,linear_gate_no_pbrs_seed321_t480k,linear_gate_no_pbrs,480000,0.8548958333333333,1.0,0.95,0.0030963548197177,0.0003446938750584
2026-06-05T14:49:35.104659,387,411383,76.53312227545928,103.60598886718968,60,0.3138586956521739,5.545,0.15,20,20,-0.0029875174630433,0.9867036044597626,0.3296101465821266,0.0012167407436209,0.005468750197906,0.0,0.0,4,9.378144066998947e-05,9.378144066998947e-05,1.0,in,l2sq,9304.667358875276,linear_gate_no_pbrs_seed321_t480k,linear_gate_no_pbrs,480000,0.8570479166666667,1.0,1.0,0.0029875174630433,0.0012167407436209
2026-06-05T14:49:59.801897,388,412441,63.37947577512256,63.37947577512256,57,0.3144021739130435,5.485,0.17,19,20,-0.003008511304506,0.9354091435670852,0.3362053595483303,0.0009911659991302,0.0015625000087311,0.0,0.0,4,9.376737392279618e-05,9.376737392279618e-05,1.0,in,l2sq,9329.36331987381,linear_gate_no_pbrs_seed321_t480k,linear_gate_no_pbrs,480000,0.8592520833333334,1.0,0.95,0.003008511304506,0.0009911659991302
2026-06-05T14:50:20.500877,389,413491,58.668621677189925,61.02404872615624,60,0.3133152173913043,5.24,0.15,20,20,-0.0028644078032812,0.9194305688142776,0.346355989575386,-0.0005190466861677,0.0060546875465661,0.0,0.0,4,9.374862138568536e-05,9.374862138568536e-05,1.0,in,l2sq,9350.063596963882,linear_gate_no_pbrs_seed321_t480k,linear_gate_no_pbrs,480000,0.8614395833333334,1.0,1.0,0.0028644078032812,0.0005190466861677
2026-06-05T14:50:46.073453,390,414560,30.41170704860229,30.41170704860229,50,0.3127717391304347,5.195,0.17,18,20,-0.003078719950281,0.9152407497167588,0.3667167127132416,0.0016125057967655,0.0093750001396983,0.0,0.0,4,9.373455932686078e-05,9.373455932686078e-05,1.0,in,l2sq,9375.636157035828,linear_gate_no_pbrs_seed321_t480k,linear_gate_no_pbrs,480000,0.8636666666666667,1.0,0.9,0.003078719950281,0.0016125057967655
2026-06-05T14:51:06.102926,391,415585,76.1240965465008,53.267901797551545,60,0.3130434782608696,5.13,0.14,20,20,-0.0033362754082191,0.8556525111198425,0.3405363894999027,0.0021844973862699,0.0054687501251464,0.0,0.0,4,9.372049961163457e-05,9.372049961163457e-05,1.0,in,l2sq,9395.665632724762,linear_gate_no_pbrs_seed321_t480k,linear_gate_no_pbrs,480000,0.8658020833333333,1.0,1.0,0.0033362754082191,0.0021844973862699
2026-06-05T14:51:28.600000,392,416593,73.15396195600914,73.15396195600914,58,0.3152173913043478,5.15,0.13,18,20,-0.003392404463375,0.8311410695314407,0.3258697316050529,0.0015543774457908,0.0046875001862645,0.0,0.0,4,9.370644177100576e-05,9.370644177100576e-05,1.0,in,l2sq,9418.162728071213,linear_gate_no_pbrs_seed321_t480k,linear_gate_no_pbrs,480000,0.8679020833333333,1.0,0.9,0.003392404463375,0.0015543774457908
2026-06-05T14:51:48.921560,393,417633,35.340068689244355,54.24701532262675,49,0.3135869565217391,5.2,0.16,20,20,-0.0033901967544807,0.8966043666005135,0.3032417595386505,0.0029657603944997,0.0167968750465661,0.0,0.0,4,9.369238627327232e-05,9.369238627327232e-05,1.0,in,l2sq,9438.484273910522,linear_gate_no_pbrs_seed321_t480k,linear_gate_no_pbrs,480000,0.87006875,1.0,1.0,0.0033901967544807,0.0029657603944997
2026-06-05T14:52:11.752494,394,418646,127.24770368190848,127.24770368190848,68,0.3144021739130435,5.355,0.17,18,20,-0.0027455769610241,0.946844294667244,0.3259242884814739,0.001019341016945,0.0009765625145519,0.0,0.0,4,9.367364873294152e-05,9.367364873294152e-05,1.0,in,l2sq,9461.315210342407,linear_gate_no_pbrs_seed321_t480k,linear_gate_no_pbrs,480000,0.8721791666666666,1.0,0.9,0.0027455769610241,0.001019341016945
2026-06-05T14:52:31.947249,395,419683,116.22230325974267,121.7350034708256,63,0.3165760869565217,5.305,0.21,20,20,-0.0032905564177783,0.8846030831336975,0.3335348814725876,-0.0001224992468451,0.0085937501862645,0.0,0.0,4,9.365959791982744e-05,9.365959791982744e-05,1.0,in,l2sq,9481.509960889816,linear_gate_no_pbrs_seed321_t480k,linear_gate_no_pbrs,480000,0.8743395833333333,1.0,1.0,0.0032905564177783,0.0001224992468451
2026-06-05T14:52:55.460082,396,420738,156.33056058831522,156.33056058831522,63,0.3198369565217391,5.51,0.23,18,20,-0.0036460617353441,0.8865627646446228,0.3199753016233444,0.002504948670139,0.0054687500960426,0.0,0.0,4,9.364554944843746e-05,9.364554944843746e-05,1.0,in,l2sq,9505.022802591324,linear_gate_no_pbrs_seed321_t480k,linear_gate_no_pbrs,480000,0.8765375,1.0,0.9,0.0036460617353441,0.002504948670139
2026-06-05T14:53:16.358669,397,421808,93.91118826118584,125.12087442475053,64,0.3209239130434783,5.52,0.18,20,20,-0.0027027588941563,0.8901353478431702,0.3115042522549629,0.001521798068893,0.0089843753085006,0.0,0.0,4,9.362682127500327e-05,9.362682127500327e-05,1.0,in,l2sq,9525.921384096146,linear_gate_no_pbrs_seed321_t480k,linear_gate_no_pbrs,480000,0.8787666666666667,1.0,1.0,0.0027027588941563,0.001521798068893
2026-06-05T14:53:40.529726,398,422867,126.496008066299,126.496008066299,66,0.3206521739130434,5.47,0.18,16,20,-0.0037367955665104,0.9540085196495056,0.3076205253601074,0.0017219701215708,0.0285156248137354,0.0,0.0,4,9.361277748589078e-05,9.361277748589078e-05,1.0,in,l2sq,9550.09244132042,linear_gate_no_pbrs_seed321_t480k,linear_gate_no_pbrs,480000,0.8809729166666667,1.0,0.8,0.0037367955665104,0.0017219701215708
2026-06-05T14:54:03.289261,399,423936,39.67545426387076,83.0857311650849,49,0.3198369565217391,5.46,0.12,20,20,-0.0025995690448326,0.9464320316910744,0.3154406994581222,0.0007895598387221,0.004492187523283,0.0,0.0,4,9.35987360373318e-05,9.35987360373318e-05,1.0,in,l2sq,9572.851930141447,linear_gate_no_pbrs_seed321_t480k,linear_gate_no_pbrs,480000,0.8832,1.0,1.0,0.0025995690448326,0.0007895598387221
2026-06-05T14:54:29.060059,400,424939,77.60388289110358,77.60388289110358,57,0.3195652173913043,5.305,0.08,17,20,-0.001607946207514,0.8750746995210648,0.2984164729714393,7.138069595385987e-05,0.0007812500116415,0.0,0.0,4,9.358469646093472e-05,9.358469646093472e-05,1.0,in,l2sq,9598.62273478508,linear_gate_no_pbrs_seed321_t480k,linear_gate_no_pbrs,480000,0.8852895833333333,1.0,0.85,0.001607946207514,7.138069595385987e-05
2026-06-05T14:54:51.242297,401,425983,53.91974280353123,65.7618128473174,56,0.3182065217391304,5.325,0.12,20,20,-0.0028891280846436,0.904830016195774,0.310082770884037,0.001585062065169,0.0060546874301508,0.0,0.0,4,9.357065922438908e-05,9.357065922438908e-05,1.0,in,l2sq,9620.80497765541,linear_gate_no_pbrs_seed321_t480k,linear_gate_no_pbrs,480000,0.8874645833333333,1.0,1.0,0.0028891280846436,0.001585062065169
2026-06-05T14:55:16.115783,402,427081,103.25412417173128,103.25412417173128,63,0.31875,5.37,0.13,16,20,-0.0025420151869184,0.9447898715734482,0.3112587332725525,-0.0003932969738116,0.0048828125727595,0.0,0.0,4,9.35519460282508e-05,9.35519460282508e-05,1.0,in,l2sq,9645.678484678268,linear_gate_no_pbrs_seed321_t480k,linear_gate_no_pbrs,480000,0.8897520833333333,1.0,0.8,0.0025420151869184,0.0003932969738116
2026-06-05T14:55:36.967720,403,428132,65.7849788863881,84.5195515290597,57,0.3182065217391304,5.55,0.17,20,20,-0.0037646780314389,0.9001541286706924,0.3151225596666336,0.0007421870369853,0.009375000372529,0.0,0.0,4,9.353791347023813e-05,9.353791347023813e-05,1.0,in,l2sq,9666.530423402786,linear_gate_no_pbrs_seed321_t480k,linear_gate_no_pbrs,480000,0.8919416666666666,1.0,1.0,0.0037646780314389,0.0007421870369853
2026-06-05T14:56:01.460059,404,429221,76.07948534618798,76.07948534618798,57,0.3182065217391304,5.73,0.22,17,20,-0.0013648435451614,0.90027816593647,0.3287395425140857,0.0017586010736522,0.0054687501396983,0.0,0.0,4,9.352388325090717e-05,9.352388325090717e-05,1.0,in,l2sq,9691.022787809372,linear_gate_no_pbrs_seed321_t480k,linear_gate_no_pbrs,480000,0.8942104166666667,1.0,0.85,0.0013648435451614,0.0017586010736522
2026-06-05T14:56:22.203577,405,430267,30.83870332572596,53.45909433595697,49,0.3173913043478261,5.705,0.23,20,20,-0.0029434480748021,0.8576805219054222,0.3230185471475124,0.0003200493858912,0.0023437500058207,0.0,0.0,4,9.35051794094958e-05,9.35051794094958e-05,1.0,in,l2sq,9711.76628446579,linear_gate_no_pbrs_seed321_t480k,linear_gate_no_pbrs,480000,0.8963895833333333,1.0,1.0,0.0029434480748021,0.0003200493858912
2026-06-05T14:56:46.897883,406,431325,49.98359642679726,49.98359642679726,59,0.3165760869565217,5.59,0.26,18,20,-0.0029932522273156,0.913013517856598,0.3309172242879867,0.0002764307764664,0.0035156250523868,0.0,0.0,4,9.349115386635904e-05,9.349115386635904e-05,1.0,in,l2sq,9736.460594415665,linear_gate_no_pbrs_seed321_t480k,linear_gate_no_pbrs,480000,0.89859375,1.0,0.9,0.0029932522273156,0.0002764307764664
2026-06-05T14:57:07.599182,407,432361,91.99584155395372,70.98971899037548,71,0.3195652173913043,5.255,0.27,20,20,-0.0026063334429637,0.8922104761004448,0.3309595994651317,0.0007899698541336,0.0031250001193257,0.0,0.0,4,9.347713066073484e-05,9.347713066073484e-05,1.0,in,l2sq,9757.161901474,linear_gate_no_pbrs_seed321_t480k,linear_gate_no_pbrs,480000,0.9007520833333333,1.0,1.0,0.0026063334429637,0.0007899698541336
2026-06-05T14:57:30.616135,408,433381,119.39820198029012,119.39820198029012,63,0.321195652173913,5.23,0.3,17,20,-0.0027925246249652,0.855596236884594,0.3126341253519058,0.0027130928850511,0.0087890624126885,0.0,0.0,4,9.3458436169374e-05,9.3458436169374e-05,1.0,in,l2sq,9780.178872823715,linear_gate_no_pbrs_seed321_t480k,linear_gate_no_pbrs,480000,0.9028770833333334,1.0,0.85,0.0027925246249652,0.0027130928850511
2026-06-05T14:57:50.197336,409,434381,57.06590728434407,88.2320546323171,56,0.3201086956521739,5.355,0.29,20,20,-0.0018474884855095,0.8903343975543976,0.3017145171761513,0.0007499838313378,0.0023437500058207,0.0,0.0,4,9.344441763760638e-05,9.344441763760638e-05,1.0,in,l2sq,9799.760012626648,linear_gate_no_pbrs_seed321_t480k,linear_gate_no_pbrs,480000,0.9049604166666667,1.0,1.0,0.0018474884855095,0.0007499838313378
2026-06-05T14:58:14.418414,410,435403,81.43875474734848,81.43875474734848,57,0.3220108695652174,5.325,0.24,17,20,-0.0037633691914379,0.9150616601109504,0.3247207701206207,0.0001353063336636,0.015820312735741,0.0,0.0,4,9.343040144218285e-05,9.343040144218285e-05,1.0,in,l2sq,9823.981095790865,linear_gate_no_pbrs_seed321_t480k,linear_gate_no_pbrs,480000,0.9070895833333333,1.0,0.85,0.0037633691914379,0.0001353063336636
2026-06-05T14:58:34.973441,411,436414,139.60480043222748,110.52177758978796,69,0.3244565217391304,5.31,0.19,20,20,-0.0038482234929686,0.9026498198509216,0.2878539934754371,0.0016388978649501,0.0082031253259629,0.0,0.0,4,9.34163871155542e-05,9.34163871155542e-05,1.0,in,l2sq,9844.536148071287,linear_gate_no_pbrs_seed321_t480k,linear_gate_no_pbrs,480000,0.9091958333333333,1.0,1.0,0.0038482234929686,0.0016388978649501
2026-06-05T14:58:59.739169,412,437515,23.979938340172065,23.979938340172065,55,0.323641304347826,5.275,0.12,17,20,-0.0037137036299099,0.9466728791594504,0.3028885871171951,0.0019051344808304,0.007226562462165,0.0,0.0,4,9.34023751245688e-05,9.34023751245688e-05,1.0,in,l2sq,9869.301890134811,linear_gate_no_pbrs_seed321_t480k,linear_gate_no_pbrs,480000,0.9114895833333333,1.0,0.85,0.0037137036299099,0.0019051344808304
2026-06-05T14:59:19.878112,413,438543,88.85855344482249,56.41924589249728,63,0.327445652173913,5.15,0.13,20,20,-0.0026121091897948,0.8782948851585388,0.3133633732795715,0.0002466610632495,0.0027343750261934,0.0,0.0,4,9.338369558356764e-05,9.338369558356764e-05,1.0,in,l2sq,9889.440811872482,linear_gate_no_pbrs_seed321_t480k,linear_gate_no_pbrs,480000,0.91363125,1.0,1.0,0.0026121091897948,0.0002466610632495
2026-06-05T14:59:43.109969,414,439577,119.06746221867932,119.06746221867932,67,0.3271739130434782,5.165,0.15,17,20,-0.0031603485986124,0.9196715801954268,0.3122219815850258,0.0021142141484687,0.0093749999068677,0.0,0.0,4,9.336968826270104e-05,9.336968826270104e-05,1.0,in,l2sq,9912.672689199448,linear_gate_no_pbrs_seed321_t480k,linear_gate_no_pbrs,480000,0.9157854166666667,1.0,0.85,0.0031603485986124,0.0021142141484687
2026-06-05T15:00:04.083156,415,440638,90.69082573003811,104.87914397435873,67,0.3282608695652174,5.325,0.19,20,20,-0.0035981814071418,0.967975877225399,0.3127094022929668,0.0028009363539468,0.0251953129190951,0.0,0.0,4,9.335568327631006e-05,9.335568327631006e-05,1.0,in,l2sq,9933.645867347715,linear_gate_no_pbrs_seed321_t480k,linear_gate_no_pbrs,480000,0.9179958333333333,1.0,1.0,0.0035981814071418,0.0028009363539468
2026-06-05T15:00:26.629955,416,441633,94.76146022628492,94.76146022628492,57,0.3266304347826086,5.3,0.2,19,20,-0.0027157970151166,0.9398961812257768,0.3091594353318214,-7.788230018376807e-05,0.0013671875349245,0.0,0.0,4,9.333701307321164e-05,9.333701307321164e-05,1.0,in,l2sq,9956.192686796188,linear_gate_no_pbrs_seed321_t480k,linear_gate_no_pbrs,480000,0.92006875,1.0,0.95,0.0027157970151166,7.788230018376807e-05
2026-06-05T15:00:47.369844,417,442684,141.4246815601736,118.09307089322924,63,0.3263586956521739,5.34,0.21,20,20,-0.0035684231901541,0.9630739390850068,0.2991281971335411,0.0004727139059468,0.0035156250523868,0.0,0.0,4,9.332301275460484e-05,9.332301275460484e-05,1.0,in,l2sq,9976.932505846024,linear_gate_no_pbrs_seed321_t480k,linear_gate_no_pbrs,480000,0.9222583333333333,1.0,1.0,0.0035684231901541,0.0004727139059468
2026-06-05T15:01:10.613062,418,443718,119.46514066489276,119.46514066489276,67,0.3266304347826086,5.21,0.15,19,20,-0.0038258653657976,0.8748766705393791,0.3012474402785301,0.0027817446703466,0.0146484380820766,0.0,0.0,4,9.33090147693067e-05,9.33090147693067e-05,1.0,in,l2sq,10000.175793886185,linear_gate_no_pbrs_seed321_t480k,linear_gate_no_pbrs,480000,0.9244125,1.0,0.95,0.0038258653657976,0.0027817446703466
2026-06-05T15:01:32.039233,419,444800,150.0176543379723,134.74139750143252,70,0.3323369565217391,5.47,0.15,20,20,-0.00251787379093,0.907435081899166,0.3020947612822056,0.0021891762430641,0.0066406252444721,0.0,0.0,4,9.3290353899443e-05,9.3290353899443e-05,1.0,in,l2sq,10021.60194826126,linear_gate_no_pbrs_seed321_t480k,linear_gate_no_pbrs,480000,0.9266666666666666,1.0,1.0,0.00251787379093,0.0021891762430641
2026-06-05T15:01:57.862382,420,445899,70.59647552136565,70.59647552136565,64,0.3342391304347826,5.595,0.12,19,20,-0.0039190710929686,0.8729715347290039,0.3084083572030067,0.0029783837680952,0.0070312501920852,0.0,0.0,4,9.327636057959563e-05,9.327636057959563e-05,1.0,in,l2sq,10047.425081968307,linear_gate_no_pbrs_seed321_t480k,linear_gate_no_pbrs,480000,0.92895625,1.0,0.95,0.0039190710929686,0.0029783837680952
2026-06-05T15:02:19.099588,421,446949,101.5226275894418,86.05955155540371,55,0.3339673913043478,5.66,0.18,20,20,-0.0026228540154988,0.9127368852496148,0.32322483882308,0.0019164878735637,0.003906250160071,0.0,0.0,4,9.32623695918905e-05,9.32623695918905e-05,1.0,in,l2sq,10068.66224861145,linear_gate_no_pbrs_seed321_t480k,linear_gate_no_pbrs,480000,0.93114375,1.0,1.0,0.0026228540154988,0.0019164878735637
2026-06-05T15:02:43.428474,422,447991,72.05745928450908,72.05745928450908,59,0.3328804347826087,5.515,0.21,18,20,-0.00384532904136,0.9659209549427032,0.3644047975540161,-0.001144127219959,0.0070312501047737,0.0,0.0,4,9.324838046961932e-05,9.324838046961932e-05,1.0,in,l2sq,10092.991161346436,linear_gate_no_pbrs_seed321_t480k,linear_gate_no_pbrs,480000,0.9333145833333333,1.0,0.9,0.00384532904136,0.001144127219959
2026-06-05T15:03:04.499601,423,449030,90.5504999870384,81.30397963577374,60,0.333695652173913,5.755,0.27,20,20,-0.0040653211064635,0.9278872609138488,0.3299215920269489,0.0021281518659293,0.0134765625698491,0.0,0.0,4,9.323439367879076e-05,9.323439367879076e-05,1.0,in,l2sq,10114.062271118164,linear_gate_no_pbrs_seed321_t480k,linear_gate_no_pbrs,480000,0.9354791666666666,1.0,1.0,0.0040653211064635,0.0021281518659293
2026-06-05T15:03:28.422775,424,450093,16.69439506987968,16.69439506987968,52,0.3323369565217391,5.74,0.27,18,20,-0.0035447963251499,0.9291548728942872,0.316403791308403,-5.409966704522651e-05,0.0091796876513399,0.0,0.0,4,9.321574773239896e-05,9.321574773239896e-05,1.0,in,l2sq,10137.98548913002,linear_gate_no_pbrs_seed321_t480k,linear_gate_no_pbrs,480000,0.93769375,1.0,0.9,0.0035447963251499,5.409966704522651e-05
2026-06-05T15:03:49.988815,425,451183,104.6362826430052,60.66533885644243,64,0.3364130434782608,5.78,0.23,20,20,-0.0038104430306704,0.9095229506492616,0.2950911000370979,0.0045880486652094,0.0222656247206032,0.0,0.0,4,9.320176560329012e-05,9.320176560329012e-05,1.0,in,l2sq,10159.551513671877,linear_gate_no_pbrs_seed321_t480k,linear_gate_no_pbrs,480000,0.9399645833333333,1.0,1.0,0.0038104430306704,0.0045880486652094
2026-06-05T15:04:13.947999,426,452242,74.13390673319984,74.13390673319984,54,0.3350543478260869,5.75,0.2,17,20,-0.0038755580986616,0.9494271650910378,0.312421802431345,0.001558223580696,0.0083984377561137,0.0,0.0,4,9.318778580445844e-05,9.318778580445844e-05,1.0,in,l2sq,10183.510704994202,linear_gate_no_pbrs_seed321_t480k,linear_gate_no_pbrs,480000,0.9421708333333333,1.0,0.85,0.0038755580986616,0.001558223580696
2026-06-05T15:04:33.628254,427,453251,92.43953483348328,83.28672078334156,61,0.3323369565217391,5.74,0.22,20,20,-0.0026693091727793,0.8796754777431488,0.3221242763102054,-3.4262936651208165e-06,0.0125000000116415,0.0,0.0,4,9.316914917917544e-05,9.316914917917544e-05,1.0,in,l2sq,10203.190937757492,linear_gate_no_pbrs_seed321_t480k,linear_gate_no_pbrs,480000,0.9442729166666667,1.0,1.0,0.0026693091727793,3.4262936651208165e-06
2026-06-05T15:04:56.468295,428,454265,58.533638219651856,58.533638219651856,51,0.3290760869565217,5.62,0.22,17,20,-0.0026206821203231,0.9499849826097488,0.3355707749724388,0.0015741909711323,0.0062499999185092,0.0,0.0,4,9.315517403973306e-05,9.315517403973306e-05,1.0,in,l2sq,10226.031031608582,linear_gate_no_pbrs_seed321_t480k,linear_gate_no_pbrs,480000,0.9463854166666666,1.0,0.85,0.0026206821203231,0.0015741909711323
2026-06-05T15:05:17.639441,429,455248,-13.545382075575631,22.494128072038112,44,0.3258152173913043,5.25,0.22,20,20,-0.0033405810972908,0.9083595499396324,0.3379653133451938,0.0021758574154717,0.0082031250931322,0.0,0.0,4,9.314120122940295e-05,9.314120122940295e-05,1.0,in,l2sq,10247.20207619667,linear_gate_no_pbrs_seed321_t480k,linear_gate_no_pbrs,480000,0.9484333333333334,1.0,1.0,0.0033405810972908,0.0021758574154717
2026-06-05T15:05:50.177473,430,456260,109.21633517858878,109.21633517858878,67,0.3285326086956521,5.09,0.18,17,20,-0.002206398625276,0.905867636203766,0.3157911300659179,0.0007130320471333,0.0042968750931322,0.0,0.0,4,9.312723028208322e-05,9.312723028208322e-05,1.0,in,l2sq,10279.74012184143,linear_gate_no_pbrs_seed321_t480k,linear_gate_no_pbrs,480000,0.9505416666666666,1.0,0.85,0.002206398625276,0.0007130320471333
2026-06-05T15:06:11.299219,431,457322,33.24997597787516,71.23315557823197,55,0.3247282608695652,5.205,0.22,20,20,-0.003783193649724,0.8727806955575943,0.3208358250558376,0.000270626346014,0.0105468751280568,0.0,0.0,4,9.311326166317703e-05,9.311326166317703e-05,1.0,in,l2sq,10300.861913442612,linear_gate_no_pbrs_seed321_t480k,linear_gate_no_pbrs,480000,0.9527541666666667,1.0,1.0,0.003783193649724,0.000270626346014
2026-06-05T15:06:35.269447,432,458396,47.236745956418304,47.236745956418304,55,0.3247282608695652,5.33,0.22,19,20,-0.0035964274080469,0.9182777926325798,0.3264517821371555,0.0037562993565188,0.0265625004685716,0.0,0.0,4,9.309463994197704e-05,9.309463994197704e-05,1.0,in,l2sq,10324.832168102264,linear_gate_no_pbrs_seed321_t480k,linear_gate_no_pbrs,480000,0.9549916666666667,1.0,0.95,0.0035964274080469,0.0037562993565188
2026-06-05T15:06:56.390878,433,459456,37.86876946053146,42.552757708474886,53,0.3220108695652174,5.39,0.26,20,20,-0.0042817608686164,0.9113064855337144,0.3418533951044082,0.0040285256093739,0.019140625372529,0.0,0.0,4,9.308067597873398e-05,9.308067597873398e-05,1.0,in,l2sq,10345.953538179398,linear_gate_no_pbrs_seed321_t480k,linear_gate_no_pbrs,480000,0.9572,1.0,1.0,0.0042817608686164,0.0040285256093739
2026-06-05T15:07:21.491218,434,460514,109.29380648696656,109.29380648696656,68,0.3222826086956522,5.475,0.26,18,20,-0.0031121585925574,0.9235461056232452,0.314140260219574,0.0009321558429292,0.0091796875494765,0.0,0.0,4,9.306671434274057e-05,9.306671434274057e-05,1.0,in,l2sq,10371.053943872452,linear_gate_no_pbrs_seed321_t480k,linear_gate_no_pbrs,480000,0.9594041666666666,1.0,0.9,0.0031121585925574,0.0009321558429292
2026-06-05T15:07:42.807278,435,461562,87.54300050814446,98.41840349755552,57,0.3195652173913043,5.505,0.22,20,20,-0.0021439114789244,0.9401322081685066,0.324259091168642,0.0015631699228606,0.0044921876688022,0.0,0.0,4,9.304810193053914e-05,9.304810193053914e-05,1.0,in,l2sq,10392.369960546494,linear_gate_no_pbrs_seed321_t480k,linear_gate_no_pbrs,480000,0.9615875,1.0,1.0,0.0021439114789244,0.0015631699228606
2026-06-05T15:08:07.121143,436,462642,23.016654996303096,23.016654996303096,54,0.31875,5.57,0.32,19,20,-0.0034110248787328,0.9504861980676652,0.3404483944177627,0.0002715039303439,0.0171875008381903,0.0,0.0,4,9.303414494788145e-05,9.303414494788145e-05,1.0,in,l2sq,10416.683865308762,linear_gate_no_pbrs_seed321_t480k,linear_gate_no_pbrs,480000,0.9638375,1.0,0.95,0.0034110248787328,0.0002715039303439
2026-06-05T15:08:27.953519,437,463698,80.33723760778446,51.676946302043774,56,0.3168478260869565,5.755,0.29,20,20,-0.0023694079558482,0.9053480550646782,0.3202645815908909,0.000474919075259,0.0080078125174622,0.0,0.0,4,9.302019029131e-05,9.302019029131e-05,1.0,in,l2sq,10437.516212701796,linear_gate_no_pbrs_seed321_t480k,linear_gate_no_pbrs,480000,0.9660375,1.0,1.0,0.0023694079558482,0.000474919075259
2026-06-05T15:08:52.550646,438,464786,45.86912299932774,45.86912299932774,59,0.3146739130434782,5.815,0.27,19,20,-0.0039989086391868,0.908148132264614,0.3219001889228821,0.0020870558252681,0.0189453125931322,0.0,0.0,4,9.300158718345363e-05,9.300158718345363e-05,1.0,in,l2sq,10462.113373279572,linear_gate_no_pbrs_seed321_t480k,linear_gate_no_pbrs,480000,0.9683041666666666,1.0,0.95,0.0039989086391868,0.0020870558252681
2026-06-05T15:09:14.084276,439,465852,-18.032766653269636,13.918178173029055,45,0.3078804347826087,5.755,0.24,20,20,-0.0027695701050105,0.9245394617319108,0.3168639838695526,0.000308686992912,0.0183593756519258,0.0,0.0,4,9.298763717789172e-05,9.298763717789172e-05,1.0,in,l2sq,10483.64695572853,linear_gate_no_pbrs_seed321_t480k,linear_gate_no_pbrs,480000,0.970525,1.0,1.0,0.0027695701050105,0.000308686992912
2026-06-05T15:09:38.992845,440,466842,140.10339809167124,140.10339809167124,67,0.308695652173913,5.51,0.24,18,20,-0.0031226837250869,0.9652594029903412,0.32447549700737,0.0007830710590496,0.0031250001193257,0.0,0.0,4,9.297368949725322e-05,9.297368949725322e-05,1.0,in,l2sq,10508.55554819107,linear_gate_no_pbrs_seed321_t480k,linear_gate_no_pbrs,480000,0.9725875,1.0,0.9,0.0031226837250869,0.0007830710590496
2026-06-05T15:09:59.753736,441,467867,101.4441890232934,120.77379355748232,66,0.3116847826086956,5.265,0.28,20,20,-0.0025742019322933,0.8615710213780403,0.315489087253809,0.0013639573009641,0.007617187598953,0.0,0.0,4,9.295509568909066e-05,9.295509568909066e-05,1.0,in,l2sq,10529.316379070282,linear_gate_no_pbrs_seed321_t480k,linear_gate_no_pbrs,480000,0.9747229166666667,1.0,1.0,0.0025742019322933,0.0013639573009641
2026-06-05T15:10:23.823649,442,468932,82.53462240184588,82.53462240184588,54,0.3103260869565217,5.32,0.34,19,20,-0.0036132336535956,0.9605251550674438,0.3248111382126808,0.0032391691530392,0.004687500098953,0.0,0.0,4,9.294115265713668e-05,9.294115265713668e-05,1.0,in,l2sq,10553.386357307434,linear_gate_no_pbrs_seed321_t480k,linear_gate_no_pbrs,480000,0.9769416666666667,1.0,0.95,0.0036132336535956,0.0032391691530392
2026-06-05T15:10:44.607475,443,469977,72.92091013521197,77.72776626852892,53,0.3084239130434782,5.42,0.27,20,20,-0.0024799241320579,0.91537157446146,0.3120997846126556,0.0011520117570398,0.0083984376396983,0.0,0.0,4,9.292721194894388e-05,9.292721194894388e-05,1.0,in,l2sq,10574.170115232468,linear_gate_no_pbrs_seed321_t480k,linear_gate_no_pbrs,480000,0.97911875,1.0,1.0,0.0024799241320579,0.0011520117570398
2026-06-05T15:11:08.420134,444,471011,86.3406359715162,86.3406359715162,52,0.3084239130434782,5.74,0.21,18,20,-0.0033026510383935,0.9459625333547592,0.3117874637246132,0.0002623071962716,0.0054687499068677,0.0,0.0,4,9.291327309948118e-05,9.291327309948118e-05,1.0,in,l2sq,10597.982840061188,linear_gate_no_pbrs_seed321_t480k,linear_gate_no_pbrs,480000,0.9812729166666667,1.0,0.9,0.0033026510383935,0.0002623071962716
2026-06-05T15:11:30.775048,445,472039,92.65051919239494,89.49557758195557,62,0.3078804347826087,5.63,0.19,20,20,-0.0030087303806793,0.8551360294222832,0.294873084872961,-1.8817327099879263e-05,0.0167968750465661,0.0,0.0,4,9.289933657308262e-05,9.289933657308262e-05,1.0,in,l2sq,10620.337723731996,linear_gate_no_pbrs_seed321_t480k,linear_gate_no_pbrs,480000,0.9834145833333333,1.0,1.0,0.0030087303806793,1.8817327099879263e-05
2026-06-05T15:11:54.414500,446,473074,68.62091094448157,68.62091094448157,53,0.3076086956521739,5.735,0.17,19,20,-0.0033932843914954,0.8798136338591576,0.3008755035698414,0.0002685544770088,0.0134765626426087,0.0,0.0,4,9.288075763476136e-05,9.288075763476136e-05,1.0,in,l2sq,10643.977200508118,linear_gate_no_pbrs_seed321_t480k,linear_gate_no_pbrs,480000,0.9855708333333333,1.0,0.95,0.0033932843914954,0.0002685544770088
2026-06-05T15:12:15.418857,447,474136,43.47786645682643,56.049388700654,52,0.3051630434782608,5.6,0.19,20,20,-0.0031365439004731,0.9378967732191086,0.3148387223482132,0.0015659104854421,0.0035156251396983,0.0,0.0,4,9.286682575332966e-05,9.286682575332966e-05,1.0,in,l2sq,10664.98154592514,linear_gate_no_pbrs_seed321_t480k,linear_gate_no_pbrs,480000,0.9877833333333333,1.0,1.0,0.0031365439004731,0.0015659104854421
2026-06-05T15:12:39.620660,448,475213,102.60284093113737,102.60284093113737,64,0.308695652173913,5.555,0.24,19,20,-0.0025125902815489,0.9214095696806908,0.3094255551695823,-0.0004739200556059,0.0039062500291038,0.0,0.0,4,9.28528961938008e-05,9.28528961938008e-05,1.0,in,l2sq,10689.183389663696,linear_gate_no_pbrs_seed321_t480k,linear_gate_no_pbrs,480000,0.9900270833333333,1.0,0.95,0.0025125902815489,0.0004739200556059
2026-06-05T15:12:59.709904,449,476230,30.50555820748196,66.55419956930966,55,0.3116847826086956,5.425,0.26,20,20,-0.0036218030945747,0.9225285202264786,0.3026705607771873,0.0007336695495723,0.0125000001426087,0.0,0.0,4,9.2834326543091e-05,9.2834326543091e-05,1.0,in,l2sq,10709.27260875702,linear_gate_no_pbrs_seed321_t480k,linear_gate_no_pbrs,480000,0.9921458333333333,1.0,1.0,0.0036218030945747,0.0007336695495723
2026-06-05T15:13:25.770846,450,477309,110.39725620850663,110.39725620850663,65,0.3111413043478261,5.405,0.29,17,20,-0.0016095743136248,0.9128414392471312,0.2831445336341858,-0.0008496044245475,0.0058593751164153,0.0,0.0,4,9.282040162620696e-05,9.282040162620696e-05,1.0,in,l2sq,10735.333518981934,linear_gate_no_pbrs_seed321_t480k,linear_gate_no_pbrs,480000,0.99439375,1.0,0.85,0.0016095743136248,0.0008496044245475
2026-06-05T15:13:48.241204,451,478407,106.90982685181476,108.6535415301607,62,0.3130434782608696,5.505,0.24,20,20,-0.0028103216463932,0.9148113429546356,0.297604214400053,0.0018292274922714,0.0062500001513399,0.0,0.0,4,9.280647903006504e-05,9.280647903006504e-05,1.0,in,l2sq,10757.803866624832,linear_gate_no_pbrs_seed321_t480k,linear_gate_no_pbrs,480000,0.99668125,1.0,1.0,0.0028103216463932,0.0018292274922714
2026-06-05T15:14:12.534670,452,479479,121.42570107220834,121.42570107220834,67,0.3163043478260869,5.52,0.27,17,20,-0.0028495428297901,0.8555140420794487,0.2938215918838978,-0.0001476954284043,0.0039062500291038,0.0,0.0,4,9.278791866232382e-05,9.278791866232382e-05,1.0,in,l2sq,10782.097382545471,linear_gate_no_pbrs_seed321_t480k,linear_gate_no_pbrs,480000,0.9989145833333334,1.0,0.85,0.0028495428297901,0.0001476954284043
2026-06-05T15:14:22.849455,453,480001,32.585324167105014,77.00551261965668,27,0.3092391304347826,5.485,0.25,20,20,-0.0032542110013309,0.8679418712854385,0.3225051909685135,-0.0008146382540871,0.0031250001047737,0.0,0.0,4,9.277400070650586e-05,9.277400070650586e-05,1.0,in,l2sq,10792.412150621414,linear_gate_no_pbrs_seed321_t480k,linear_gate_no_pbrs,480000,1.0,1.0,1.0,0.0032542110013309,0.0008146382540871
2026-06-05T12:15:33.255837,0,1090,-369.9255205264184,-369.9255205264184,16,0.0869565217391304,2.625,1.125,1,1,-0.005387109646108,1.0203830003738403,1.13984352350235,0.0011367620434612,0.0,0.0,0.0,4,9.999e-05,9.999e-05,1.0,in,l2sq,52.99514555931091,proposed_linear_gate_pbrs_seed321_t480k,proposed_linear_gate_pbrs,480000,0.0022708333333333335,0.05,0.05,0.005387109646108,0.0011367620434612
2026-06-05T12:15:55.587718,1,2194,-399.8316807646724,-384.8786006455454,21,0.1005434782608695,2.675675675675676,1.027027027027027,1,1,-0.0025274668718339,0.992092914879322,1.1553692817687988,4.459600922928492e-05,0.0,0.0,0.0,4,9.997500199995e-05,9.997500199995e-05,1.0,in,l2sq,75.32704901695251,proposed_linear_gate_pbrs_seed321_t480k,proposed_linear_gate_pbrs,480000,0.004570833333333333,0.05,0.05,0.0025274668718339,4.459600922928492e-05
2026-06-05T12:16:33.659144,2,3355,-393.73040616049127,-393.73040616049127,19,0.1014492753623188,2.9642857142857144,1.1071428571428572,5,5,-0.0024192674958612,0.972218282520771,1.137544497847557,-0.0002122318333022,0.0,0.0,0.0,4,9.995500799930004e-05,9.995500799930004e-05,1.0,in,l2sq,113.39817118644714,proposed_linear_gate_pbrs_seed321_t480k,proposed_linear_gate_pbrs,480000,0.006989583333333334,0.25,0.25,0.0024192674958612,0.0002122318333022
2026-06-05T12:16:55.562386,3,4489,-365.9765543895491,-379.85348027502016,19,0.1019021739130434,2.893333333333333,1.0133333333333334,5,5,-0.0014583647352538,1.0005436018109322,1.1240843385457993,0.0006200366518896,0.0,0.0,0.0,4,9.993501799725028e-05,9.993501799725028e-05,1.0,in,l2sq,135.3017222881317,proposed_linear_gate_pbrs_seed321_t480k,proposed_linear_gate_pbrs,480000,0.009352083333333334,0.25,0.25,0.0014583647352538,0.0006200366518896
2026-06-05T12:17:19.636066,4,5559,-343.71941425379333,-343.71941425379333,20,0.1032608695652173,2.957894736842105,1.0736842105263158,4,5,-0.001798017413239,1.0151734948158264,1.1124272346496582,-0.0002394017428741,0.0,0.0,0.0,4,9.992002799440072e-05,9.992002799440072e-05,1.0,in,l2sq,159.37547397613525,proposed_linear_gate_pbrs_seed321_t480k,proposed_linear_gate_pbrs,480000,0.01158125,0.25,0.2,0.001798017413239,0.0002394017428741
2026-06-05T12:17:41.281719,5,6690,-409.3188564327032,-376.5191353432483,17,0.1014492753623188,3.258928571428572,1.2857142857142858,5,5,-0.0013198435503,0.9840238615870476,1.1023547500371933,-0.0006029096620295,0.0,0.0,0.0,4,9.990504048980172e-05,9.990504048980172e-05,1.0,in,l2sq,181.02113389968872,proposed_linear_gate_pbrs_seed321_t480k,proposed_linear_gate_pbrs,480000,0.0139375,0.25,0.25,0.0013198435503,0.0006029096620295
2026-06-05T12:18:14.684569,6,7842,-383.04597699992894,-383.04597699992894,23,0.1048136645962733,3.3925925925925924,1.3185185185185184,6,6,-0.0029745526902843,0.973432794213295,1.0943569988012314,0.00120581578376,0.0,0.0,0.0,4,9.988506048075416e-05,9.988506048075416e-05,1.0,in,l2sq,214.4237596988678,proposed_linear_gate_pbrs_seed321_t480k,proposed_linear_gate_pbrs,480000,0.0163375,0.3,0.3,0.0029745526902843,0.00120581578376
2026-06-05T12:18:35.376791,7,8920,-320.41658963478085,-351.7312833173549,29,0.1114130434782608,3.3963414634146343,1.329268292682927,6,6,-0.0011509508098243,0.9103654474020004,1.0595690608024595,1.7217809727299027e-05,0.0,0.0,0.0,4,9.987007797140718e-05,9.987007797140718e-05,1.0,in,l2sq,235.11618947982788,proposed_linear_gate_pbrs_seed321_t480k,proposed_linear_gate_pbrs,480000,0.018583333333333334,0.3,0.3,0.0011509508098243,1.7217809727299027e-05
2026-06-05T12:18:59.850774,8,10014,-351.0583658657575,-351.0583658657575,20,0.1111111111111111,3.385869565217391,1.315217391304348,5,6,-0.0013533279427064,1.0056858584284782,1.0437260568141935,0.0007844538476092,0.0,0.0,0.0,4,9.985509795906184e-05,9.985509795906184e-05,1.0,in,l2sq,259.59019351005554,proposed_linear_gate_pbrs_seed321_t480k,proposed_linear_gate_pbrs,480000,0.0208625,0.3,0.25,0.0013533279427064,0.0007844538476092
2026-06-05T12:19:20.129418,9,11067,-320.06991968056474,-335.5641427731611,26,0.1141304347826086,3.455,1.32,6,6,-0.0010942105509457,0.964827425777912,1.0789913535118103,-0.0001848203509325,0.0,0.0,0.0,4,9.983512793802104e-05,9.983512793802104e-05,1.0,in,l2sq,279.86880016326904,proposed_linear_gate_pbrs_seed321_t480k,proposed_linear_gate_pbrs,480000,0.02305625,0.3,0.3,0.0010942105509457,0.0001848203509325
2026-06-05T12:19:51.187570,10,12144,-315.5095351443288,-315.5095351443288,23,0.1151185770750988,3.61,1.37,3,6,-0.0021941811370198,0.9936835020780564,1.0714691877365112,0.0001159223735157,0.0,0.0,0.0,4,9.982015291843063e-05,9.982015291843063e-05,1.0,in,l2sq,310.92693185806274,proposed_linear_gate_pbrs_seed321_t480k,proposed_linear_gate_pbrs,480000,0.0253,0.3,0.15,0.0021941811370198,0.0001159223735157
2026-06-05T12:20:13.236422,11,13278,-371.2362588889996,-343.3728970166642,15,0.1123188405797101,3.59,1.37,6,6,-0.0012138169418903,0.9757143035531044,1.073502317070961,0.0005232064688698,0.0,0.0,0.0,4,9.980518039459364e-05,9.980518039459364e-05,1.0,in,l2sq,332.9758222103119,proposed_linear_gate_pbrs_seed321_t480k,proposed_linear_gate_pbrs,480000,0.0276625,0.3,0.3,0.0012138169418903,0.0005232064688698
2026-06-05T12:20:36.855843,12,14338,-275.3274030728384,-275.3274030728384,29,0.1158026755852842,3.665,1.43,5,6,-0.0013135410932591,0.9663983136415482,1.0838284939527512,-1.4028959412812347e-05,0.0,0.0,0.0,4,9.978522035656652e-05,9.978522035656652e-05,1.0,in,l2sq,356.59525418281555,proposed_linear_gate_pbrs_seed321_t480k,proposed_linear_gate_pbrs,480000,0.029870833333333333,0.3,0.25,0.0013135410932591,1.4028959412812347e-05
2026-06-05T12:20:59.009324,13,15467,-322.8128880188714,-299.07014554585487,22,0.1160714285714285,3.78,1.42,6,6,-0.0016933404011069,0.9725485891103745,1.079644739627838,6.739645923516807e-05,0.0,0.0,0.0,4,9.976526431034742e-05,9.976526431034742e-05,1.0,in,l2sq,378.7487044334412,proposed_linear_gate_pbrs_seed321_t480k,proposed_linear_gate_pbrs,480000,0.032222916666666664,0.3,0.3,0.0016933404011069,6.739645923516807e-05
2026-06-05T12:21:32.098077,14,16549,-299.4286100616929,-299.4286100616929,20,0.1155797101449275,3.585,1.26,6,6,-0.0027980536979157,0.9867935478687286,1.0832613110542295,0.0023775332490913,0.0,0.0,0.0,4,9.97502997701265e-05,9.97502997701265e-05,1.0,in,l2sq,411.8372964859009,proposed_linear_gate_pbrs_seed321_t480k,proposed_linear_gate_pbrs,480000,0.03447708333333333,0.3,0.3,0.0027980536979157,0.0023775332490913
2026-06-05T12:21:52.852508,15,17625,-321.80612633389296,-310.617368197793,27,0.1175271739130434,3.625,1.22,6,6,-0.0033241231663851,0.9515906050801276,1.0356755703687668,0.0010205233615067,0.0,0.0,0.0,4,9.973533772391248e-05,9.973533772391248e-05,1.0,in,l2sq,432.5908606052399,proposed_linear_gate_pbrs_seed321_t480k,proposed_linear_gate_pbrs,480000,0.03671875,0.3,0.3,0.0033241231663851,0.0010205233615067
2026-06-05T12:22:16.267625,16,18664,-277.2228313222919,-277.2228313222919,26,0.118925831202046,3.625,1.12,4,6,-0.0031618596083717,0.9319631606340408,1.00236514210701,0.0020509175603365,0.0,0.0,0.0,4,9.971539165372108e-05,9.971539165372108e-05,1.0,in,l2sq,456.0070300102234,proposed_linear_gate_pbrs_seed321_t480k,proposed_linear_gate_pbrs,480000,0.03888333333333333,0.3,0.2,0.0031618596083717,0.0020509175603365
2026-06-05T12:22:36.945219,17,19752,-318.33290631607696,-297.7778688191844,17,0.117451690821256,3.585,1.1,6,6,-0.0022124958049971,0.9677660316228868,0.9785141944885254,0.0021405732608399,0.0,0.0,0.0,4,9.970043459427396e-05,9.970043459427396e-05,1.0,in,l2sq,476.6845922470093,proposed_linear_gate_pbrs_seed321_t480k,proposed_linear_gate_pbrs,480000,0.04115,0.3,0.3,0.0022124958049971,0.0021405732608399
2026-06-05T12:23:02.046965,18,20894,-329.8748004068539,-329.8748004068539,26,0.1187070938215103,3.67,1.02,3,6,-0.0010808333789099,0.9882889091968536,0.9496102631092072,0.0001652588141041,0.0,0.0,0.0,4,9.9685480027587e-05,9.9685480027587e-05,1.0,in,l2sq,501.7863948345184,proposed_linear_gate_pbrs_seed321_t480k,proposed_linear_gate_pbrs,480000,0.04352916666666667,0.3,0.15,0.0010808333789099,0.0001652588141041
2026-06-05T12:23:23.383773,19,22020,-341.62438457768604,-335.74959249227,25,0.1195652173913043,3.6,0.91,6,6,-0.0009478964034997,0.9517271965742112,0.892106220126152,-0.0003755837494281,0.0,0.0,0.0,4,9.966554392843628e-05,9.966554392843628e-05,1.0,in,l2sq,523.1231436729431,proposed_linear_gate_pbrs_seed321_t480k,proposed_linear_gate_pbrs,480000,0.045875,0.3,0.3,0.0009478964034997,0.0003755837494281
2026-06-05T12:23:49.087231,20,23108,-306.57313176793616,-306.57313176793616,21,0.1209239130434782,3.61,0.86,3,6,-0.0016683420530171,0.9486469328403472,0.8968187570571899,0.0003058141303199,0.0,0.0,0.0,4,9.964561181630604e-05,9.964561181630604e-05,1.0,in,l2sq,548.8266386985779,proposed_linear_gate_pbrs_seed321_t480k,proposed_linear_gate_pbrs,480000,0.048141666666666666,0.3,0.15,0.0016683420530171,0.0003058141303199
2026-06-05T12:24:10.446658,21,24189,-305.2223279240724,-305.89772984600427,25,0.1220108695652174,3.76,0.87,6,6,-0.0008852779879816,0.9359314143657684,0.9096565395593644,0.0005980005633318,0.0,0.0,0.0,4,9.963066522366009e-05,9.963066522366009e-05,1.0,in,l2sq,570.1860764026642,proposed_linear_gate_pbrs_seed321_t480k,proposed_linear_gate_pbrs,480000,0.05039375,0.3,0.3,0.0008852779879816,0.0005980005633318
2026-06-05T12:24:34.001059,22,25223,-170.5847165694057,-170.5847165694057,45,0.1290760869565217,3.695,0.8,3,6,-0.0012627765740035,0.9718653485178947,0.8999260887503624,0.0005176114181267,0.0,0.0,0.0,4,9.961572112202983e-05,9.961572112202983e-05,1.0,in,l2sq,593.7404515743256,proposed_linear_gate_pbrs_seed321_t480k,proposed_linear_gate_pbrs,480000,0.052547916666666666,0.3,0.15,0.0012627765740035,0.0005176114181267
2026-06-05T12:24:54.041593,23,26275,-275.4893507329967,-223.0370336512012,23,0.1301630434782608,3.745,0.79,6,6,-0.0013171648736716,0.962300442159176,0.920952744781971,-6.258802250136419e-06,0.0,0.0,0.0,4,9.959579897396266e-05,9.959579897396266e-05,1.0,in,l2sq,613.7810175418854,proposed_linear_gate_pbrs_seed321_t480k,proposed_linear_gate_pbrs,480000,0.054739583333333335,0.3,0.3,0.0013171648736716,6.258802250136419e-06
2026-06-05T12:25:18.757794,24,27388,-289.14647094002106,-289.14647094002106,30,0.1328804347826087,3.83,0.83,2,6,-0.0032052338065113,0.9214122742414474,0.9277180135250092,0.0008108187568723,0.0,0.0,0.0,4,9.958085985311852e-05,9.958085985311852e-05,1.0,in,l2sq,638.4971697330475,proposed_linear_gate_pbrs_seed321_t480k,proposed_linear_gate_pbrs,480000,0.057058333333333336,0.3,0.1,0.0032052338065113,0.0008108187568723
2026-06-05T12:25:39.255867,25,28464,-252.8974520709482,-271.0219615054846,27,0.1355978260869565,3.79,0.81,6,6,-0.0014121771411737,0.9737895205616952,0.9184364676475524,-0.0003266049818194,0.0,0.0,0.0,4,9.956592322204485e-05,9.956592322204485e-05,1.0,in,l2sq,658.9952816963196,proposed_linear_gate_pbrs_seed321_t480k,proposed_linear_gate_pbrs,480000,0.0593,0.3,0.3,0.0014121771411737,0.0003266049818194
2026-06-05T12:26:03.804044,26,29568,-288.0665640107965,-288.0665640107965,19,0.1345108695652173,3.76,0.79,4,6,-0.0021776199995656,0.9054779186844826,0.9323828294873238,0.0001680174864304,0.0,0.0,0.0,4,9.954601103305968e-05,9.954601103305968e-05,1.0,in,l2sq,683.5434610843658,proposed_linear_gate_pbrs_seed321_t480k,proposed_linear_gate_pbrs,480000,0.0616,0.3,0.2,0.0021776199995656,0.0001680174864304
2026-06-05T12:26:24.201804,27,30641,-262.2872565895313,-275.1769103001639,26,0.133695652173913,3.79,0.78,6,6,-0.0019053444848395,0.9623046964406968,0.9405301958322524,0.0011673831235384,0.0,0.0,0.0,4,9.95310793802822e-05,9.95310793802822e-05,1.0,in,l2sq,703.9412243366241,proposed_linear_gate_pbrs_seed321_t480k,proposed_linear_gate_pbrs,480000,0.06383541666666667,0.3,0.3,0.0019053444848395,0.0011673831235384
2026-06-05T12:26:47.882429,28,31696,-274.054552593564,-274.054552593564,29,0.1361413043478261,3.73,0.75,2,6,-0.0020151269896814,0.8915155455470085,0.9392853379249572,-0.0004301700348151,0.0,0.0,0.0,4,9.951615021603056e-05,9.951615021603056e-05,1.0,in,l2sq,727.6218266487122,proposed_linear_gate_pbrs_seed321_t480k,proposed_linear_gate_pbrs,480000,0.06603333333333333,0.3,0.1,0.0020151269896814,0.0004301700348151
2026-06-05T12:27:08.431951,29,32775,-260.2844921521293,-267.16952237284664,27,0.1364130434782608,3.715,0.71,6,6,-0.0017716966773149,0.984088234603405,0.951408475637436,0.0001221764548972,0.0,0.0,0.0,4,9.949624798114884e-05,9.949624798114884e-05,1.0,in,l2sq,748.1713733673096,proposed_linear_gate_pbrs_seed321_t480k,proposed_linear_gate_pbrs,480000,0.06828125,0.3,0.3,0.0017716966773149,0.0001221764548972
2026-06-05T12:27:33.248110,30,33833,-230.21295226006168,-230.21295226006168,30,0.1383152173913043,3.64,0.75,2,6,-0.0020280524797273,0.9733371585607528,0.9613194763660432,5.7241211834480055e-05,0.0,0.0,0.0,4,9.948132379270474e-05,9.948132379270474e-05,1.0,in,l2sq,772.98748087883,proposed_linear_gate_pbrs_seed321_t480k,proposed_linear_gate_pbrs,480000,0.07048541666666666,0.3,0.1,0.0020280524797273,5.7241211834480055e-05
2026-06-05T12:27:53.924233,31,34918,-269.4653065267823,-249.839129393422,22,0.1402173913043478,3.555,0.72,6,6,-0.0019746424855838,0.9703249633312224,0.9591730907559396,0.0014831188629614,0.0,0.0,0.0,4,9.946640209154246e-05,9.946640209154246e-05,1.0,in,l2sq,793.6636533737183,proposed_linear_gate_pbrs_seed321_t480k,proposed_linear_gate_pbrs,480000,0.07274583333333333,0.3,0.3,0.0019746424855838,0.0014831188629614
2026-06-05T12:28:18.422523,32,36014,-272.25911614994146,-272.25911614994146,24,0.1388586956521739,3.7,0.73,5,6,-0.0011302530940156,0.9783572629094124,0.9312489107251168,-0.00018115557109,0.0,0.0,0.0,4,9.944650980578818e-05,9.944650980578818e-05,1.0,in,l2sq,818.1619298458099,proposed_linear_gate_pbrs_seed321_t480k,proposed_linear_gate_pbrs,480000,0.07502916666666666,0.3,0.25,0.0011302530940156,0.00018115557109
2026-06-05T12:28:40.153966,33,37134,-321.2560172261397,-296.7575666880406,20,0.1383152173913043,3.605,0.67,6,6,-0.002688697783742,0.947653740644455,0.951959863305092,0.0002229944036798,0.0001953125029103,0.0,0.0,4,9.942662149829211e-05,9.942662149829211e-05,1.0,in,l2sq,839.893388748169,proposed_linear_gate_pbrs_seed321_t480k,proposed_linear_gate_pbrs,480000,0.0773625,0.3,0.3,0.002688697783742,0.0002229944036798
2026-06-05T12:29:04.431489,34,38227,-264.3400143569555,-264.3400143569555,27,0.1402173913043478,3.645,0.68,3,6,-0.0018396221188595,0.9408271610736848,0.9376489222049712,0.0015279322367859,0.0,0.0,0.0,4,9.941170775364635e-05,9.941170775364635e-05,1.0,in,l2sq,864.1708889007568,proposed_linear_gate_pbrs_seed321_t480k,proposed_linear_gate_pbrs,480000,0.07963958333333333,0.3,0.15,0.0018396221188595,0.0015279322367859
2026-06-05T12:29:24.412031,35,39276,-268.39446883098753,-266.3672415939715,24,0.1394021739130434,3.535,0.65,6,6,-0.0022733085352228,0.9582989066839218,0.9289653673768044,0.0014405122114112,0.0,0.0,0.0,4,9.939679649454188e-05,9.939679649454188e-05,1.0,in,l2sq,884.1514360904694,proposed_linear_gate_pbrs_seed321_t480k,proposed_linear_gate_pbrs,480000,0.081825,0.3,0.3,0.0022733085352228,0.0014405122114112
2026-06-05T12:29:49.109453,36,40380,-259.0795590772823,-259.0795590772823,21,0.1380434782608695,3.6,0.71,0,6,-0.0032883769483305,0.9764148518443108,0.9524380043148994,-0.0003485171227111,0.0056640628026798,0.0,0.0,4,9.937691812921092e-05,9.937691812921092e-05,1.0,in,l2sq,908.848875761032,proposed_linear_gate_pbrs_seed321_t480k,proposed_linear_gate_pbrs,480000,0.084125,0.3,0.0,0.0032883769483305,0.0003485171227111
2026-06-05T12:30:09.645458,37,41459,-221.36936511452487,-240.2244620959036,26,0.1404891304347826,3.645,0.78,6,6,-0.0004235431515553,1.0049364864826202,0.9280826449394226,0.0012007833342067,0.0,0.0,0.0,4,9.936201183994623e-05,9.936201183994623e-05,1.0,in,l2sq,929.3848366737366,proposed_linear_gate_pbrs_seed321_t480k,proposed_linear_gate_pbrs,480000,0.08637291666666666,0.3,0.3,0.0004235431515553,0.0012007833342067
2026-06-05T12:30:34.116536,38,42556,-225.27845977261092,-225.27845977261092,27,0.1407608695652173,3.77,0.76,2,6,-0.0026031695626443,0.9207076132297516,0.9544110000133514,0.0010115415338987,0.0,0.0,0.0,4,9.934710803498032e-05,9.934710803498032e-05,1.0,in,l2sq,953.8559515476228,proposed_linear_gate_pbrs_seed321_t480k,proposed_linear_gate_pbrs,480000,0.08865833333333334,0.3,0.1,0.0026031695626443,0.0010115415338987
2026-06-05T12:30:55.299690,39,43668,-269.43724554937813,-247.35785266099447,23,0.1402173913043478,3.83,0.76,6,6,-0.0032163136194867,0.9518155232071877,0.9566772058606148,0.0010373143602919,0.0017578125698491,0.0,0.0,4,9.93272396068444e-05,9.93272396068444e-05,1.0,in,l2sq,975.0391116142272,proposed_linear_gate_pbrs_seed321_t480k,proposed_linear_gate_pbrs,480000,0.090975,0.3,0.3,0.0032163136194867,0.0010373143602919
2026-06-05T12:31:20.138641,40,44710,-212.69851554231556,-212.69851554231556,26,0.1415760869565217,3.82,0.8,1,6,-0.0011528365546835,0.938293606042862,0.944660261273384,0.0022781637089792,0.0054687499068677,0.0,0.0,4,9.93123407692339e-05,9.93123407692339e-05,1.0,in,l2sq,999.8780586719512,proposed_linear_gate_pbrs_seed321_t480k,proposed_linear_gate_pbrs,480000,0.09314583333333333,0.3,0.05,0.0011528365546835,0.0022781637089792
2026-06-05T12:31:40.565180,41,45780,-210.28131113057796,-211.48991333644676,30,0.1429347826086956,3.725,0.81,6,6,-0.0024114084182656,0.966524749994278,0.9464055597782136,0.0009388695474626,0.0,0.0,0.0,4,9.929744441468022e-05,9.929744441468022e-05,1.0,in,l2sq,1020.304545879364,proposed_linear_gate_pbrs_seed321_t480k,proposed_linear_gate_pbrs,480000,0.095375,0.3,0.3,0.0024114084182656,0.0009388695474626
2026-06-05T12:32:04.617135,42,46852,-233.54618283796765,-233.54618283796765,24,0.1372282608695652,3.745,0.87,1,6,-0.0013758160404905,0.99315132945776,0.9348891526460648,-0.000200007980402,0.0,0.0,0.0,4,9.927758591877174e-05,9.927758591877174e-05,1.0,in,l2sq,1044.3565700054169,proposed_linear_gate_pbrs_seed321_t480k,proposed_linear_gate_pbrs,480000,0.09760833333333334,0.3,0.05,0.0013758160404905,0.000200007980402
2026-06-05T12:32:25.437941,43,47947,-235.9674368533906,-234.75680984567916,25,0.1377717391304347,3.815,0.98,6,6,-0.0022961691895033,0.9296543300151824,0.9186434149742126,-0.0005218800069997,0.0,0.0,0.0,4,9.92626945290903e-05,9.92626945290903e-05,1.0,in,l2sq,1065.1773557662964,proposed_linear_gate_pbrs_seed321_t480k,proposed_linear_gate_pbrs,480000,0.09988958333333334,0.3,0.3,0.0022961691895033,0.0005218800069997
2026-06-05T12:32:49.504684,44,49004,-263.86249591732707,-263.86249591732707,21,0.1353260869565217,3.815,0.95,0,6,-0.0032426178600871,0.9803767129778862,0.9331748113036156,0.0012164648407633,0.0025390626396983,0.0,0.0,4,9.92478056212244e-05,9.92478056212244e-05,1.0,in,l2sq,1089.2440931797028,proposed_linear_gate_pbrs_seed321_t480k,proposed_linear_gate_pbrs,480000,0.10209166666666666,0.3,0.0,0.0032426178600871,0.0012164648407633
2026-06-05T12:33:10.055640,45,50083,-221.7489430490629,-242.80571948319496,24,0.1345108695652173,3.8,0.88,6,6,-0.0012962360171513,0.9646121636033058,0.939923755824566,5.461659966385368e-05,0.0,0.0,0.0,4,9.922795705257824e-05,9.922795705257824e-05,1.0,in,l2sq,1109.7950551509855,proposed_linear_gate_pbrs_seed321_t480k,proposed_linear_gate_pbrs,480000,0.10433958333333333,0.3,0.3,0.0012962360171513,5.461659966385368e-05
2026-06-05T12:33:34.619971,46,51171,-251.98445051164128,-251.98445051164128,25,0.1361413043478261,3.775,0.98,0,6,-0.0037574889080134,0.9791800826787947,0.9257694631814956,0.0008348800838575,0.0,0.0,0.0,4,9.921307310710263e-05,9.921307310710263e-05,1.0,in,l2sq,1134.3594086170197,proposed_linear_gate_pbrs_seed321_t480k,proposed_linear_gate_pbrs,480000,0.10660625,0.3,0.0,0.0037574889080134,0.0008348800838575
2026-06-05T12:33:55.536985,47,52269,-223.17534389317228,-237.5798972024068,24,0.1355978260869565,3.67,0.95,6,6,-0.0039044678575009,0.9566534385085106,0.9359164983034134,0.0003781093355428,0.0078125001164153,0.0,0.0,4,9.919819164220197e-05,9.919819164220197e-05,1.0,in,l2sq,1155.2763738632202,proposed_linear_gate_pbrs_seed321_t480k,proposed_linear_gate_pbrs,480000,0.10889375,0.3,0.3,0.0039044678575009,0.0003781093355428
2026-06-05T12:34:19.277728,48,53324,-208.0946880423053,-208.0946880423053,20,0.1331521739130435,3.665,0.96,0,6,-0.003973406323348,0.9994580075144768,0.8703877851366997,0.002285218777979,0.0082031250931322,0.0,0.0,4,9.917835299585544e-05,9.917835299585544e-05,1.0,in,l2sq,1179.017147541046,proposed_linear_gate_pbrs_seed321_t480k,proposed_linear_gate_pbrs,480000,0.11109166666666667,0.3,0.0,0.003973406323348,0.002285218777979
2026-06-05T12:34:39.273568,49,54375,-212.4956659201152,-210.29517698121023,17,0.1304347826086956,3.545,0.87,6,6,-0.0022176087310071,0.894769012928009,0.8527635931968689,0.0002894638992074,0.0,0.0,0.0,4,9.916347649086434e-05,9.916347649086434e-05,1.0,in,l2sq,1199.0129897594452,proposed_linear_gate_pbrs_seed321_t480k,proposed_linear_gate_pbrs,480000,0.11328125,0.3,0.3,0.0022176087310071,0.0002894638992074
2026-06-05T12:35:05.292589,50,55488,-298.8722582150571,-298.8722582150571,17,0.1269021739130434,3.64,0.91,1,6,-0.0023696929478319,0.9539770260453224,0.8436620682477951,0.0014384014698407,0.0011718750465661,0.0,0.0,4,9.91486024652081e-05,9.91486024652081e-05,1.0,in,l2sq,1225.0319728851318,proposed_linear_gate_pbrs_seed321_t480k,proposed_linear_gate_pbrs,480000,0.1156,0.3,0.05,0.0023696929478319,0.0014384014698407
2026-06-05T12:35:26.293121,51,56588,-245.378624179281,-272.12544119716904,22,0.1269021739130434,3.545,0.82,6,6,-0.0022727847775966,0.905266135931015,0.8331015110015869,0.0006135599134722,0.0,0.0,0.0,4,9.912877373620108e-05,9.912877373620108e-05,1.0,in,l2sq,1246.0325348377228,proposed_linear_gate_pbrs_seed321_t480k,proposed_linear_gate_pbrs,480000,0.11789166666666667,0.3,0.3,0.0022727847775966,0.0006135599134722
2026-06-05T12:35:49.636662,52,57610,-199.02485770598977,-199.02485770598977,25,0.1271739130434782,3.515,0.72,1,6,-0.0027655821468214,0.949913389980793,0.8234383836388588,-0.0005724687820475,0.0033203125931322,0.0,0.0,4,9.910894897274156e-05,9.910894897274156e-05,1.0,in,l2sq,1269.376061916351,proposed_linear_gate_pbrs_seed321_t480k,proposed_linear_gate_pbrs,480000,0.12002083333333333,0.3,0.05,0.0027655821468214,0.0005724687820475
2026-06-05T12:36:11.050323,53,58719,-235.43942435157248,-217.23214102878111,30,0.1298913043478261,3.5,0.61,6,6,-0.0009662643195043,0.9900698959827424,0.7905413955450058,-0.0005458728803205,0.0,0.0,0.0,4,9.909408287818044e-05,9.909408287818044e-05,1.0,in,l2sq,1290.7897346019745,proposed_linear_gate_pbrs_seed321_t480k,proposed_linear_gate_pbrs,480000,0.12233125,0.3,0.3,0.0009662643195043,0.0005458728803205
2026-06-05T12:36:35.464983,54,59811,-126.4981112168183,-126.4981112168183,39,0.1331521739130435,3.635,0.58,2,6,-0.0019569951968151,0.9949080273509026,0.7979509383440018,0.0017073888055165,0.0,0.0,0.0,4,9.907921926121912e-05,9.907921926121912e-05,1.0,in,l2sq,1315.2044043540957,proposed_linear_gate_pbrs_seed321_t480k,proposed_linear_gate_pbrs,480000,0.12460625,0.3,0.1,0.0019569951968151,0.0017073888055165
2026-06-05T12:36:55.815289,55,60875,-180.78662695473875,-153.6423690857785,29,0.1345108695652173,3.695,0.6,6,6,-0.0029140946135157,0.8987527266144753,0.7960824891924858,0.0012230810047185,0.0001953125029103,0.0,0.0,4,9.905940440815906e-05,9.905940440815906e-05,1.0,in,l2sq,1335.554708480835,proposed_linear_gate_pbrs_seed321_t480k,proposed_linear_gate_pbrs,480000,0.12682291666666667,0.3,0.3,0.0029140946135157,0.0012230810047185
2026-06-05T12:37:19.080712,56,61915,-208.84469579234687,-208.84469579234687,29,0.1366847826086956,3.76,0.59,2,6,-0.0028486832859926,0.8572330176830292,0.7728085368871689,0.0025353415010613,0.0109374998137354,0.0,0.0,4,9.904454574515874e-05,9.904454574515874e-05,1.0,in,l2sq,1358.8201236724854,proposed_linear_gate_pbrs_seed321_t480k,proposed_linear_gate_pbrs,480000,0.12898958333333332,0.3,0.1,0.0028486832859926,0.0025353415010613
2026-06-05T12:37:38.537858,57,62941,-194.83233126615715,-201.838513529252,24,0.1361413043478261,3.84,0.57,6,6,-0.0019693911279319,0.98384028673172,0.7779911756515503,0.0008918943141907,0.000585937523283,0.0,0.0,4,9.902968955851968e-05,9.902968955851968e-05,1.0,in,l2sq,1378.277268409729,proposed_linear_gate_pbrs_seed321_t480k,proposed_linear_gate_pbrs,480000,0.13112708333333334,0.3,0.3,0.0019693911279319,0.0008918943141907
2026-06-05T12:38:02.593603,58,64031,-219.19271084811237,-219.19271084811237,29,0.1366847826086956,3.96,0.58,5,6,-0.0025496989357635,0.9260592684149742,0.7470201179385185,0.000317739998718,0.0,0.0,0.0,4,9.900988461090489e-05,9.900988461090489e-05,1.0,in,l2sq,1402.3330161571505,proposed_linear_gate_pbrs_seed321_t480k,proposed_linear_gate_pbrs,480000,0.13339791666666667,0.3,0.25,0.0025496989357635,0.000317739998718
2026-06-05T12:38:22.289047,59,65071,-239.57827157863207,-229.3854912133722,29,0.1383152173913043,4.075,0.61,6,6,-0.0016771823604357,0.945037230849266,0.7285847663879395,0.0018256238399771,0.0003906250058207,0.0,0.0,4,9.899503337575036e-05,9.899503337575036e-05,1.0,in,l2sq,1422.0284593105316,proposed_linear_gate_pbrs_seed321_t480k,proposed_linear_gate_pbrs,480000,0.13556458333333332,0.3,0.3,0.0016771823604357,0.0018256238399771
2026-06-05T12:38:55.654088,60,66176,-213.31605896759493,-213.31605896759493,29,0.1391304347826087,4.1,0.68,7,7,-0.0014316912944196,0.9567515254020692,0.7183324173092842,0.0003722782956174,0.0,0.0,0.0,4,9.898018461571916e-05,9.898018461571916e-05,1.0,in,l2sq,1455.393476486206,proposed_linear_gate_pbrs_seed321_t480k,proposed_linear_gate_pbrs,480000,0.13786666666666667,0.35,0.35,0.0014316912944196,0.0003722782956174
2026-06-05T12:39:15.528339,61,67223,-175.1102951287651,-194.21317704818,35,0.1404891304347826,4.1,0.69,7,7,-0.0018220748970633,0.9026448279619216,0.7044802531599998,-0.0003428862117288,0.0,0.0,0.0,4,9.896038956859788e-05,9.896038956859788e-05,1.0,in,l2sq,1475.2677381038666,proposed_linear_gate_pbrs_seed321_t480k,proposed_linear_gate_pbrs,480000,0.14004791666666666,0.35,0.35,0.0018220748970633,0.0003428862117288
2026-06-05T12:39:39.177016,62,68289,-201.6003336421373,-201.6003336421373,32,0.1426630434782608,4.31,0.63,3,7,-0.0020209223206624,1.0081925094127655,0.7039634138345718,8.014635277503457e-05,0.0,0.0,0.0,4,9.894554575757591e-05,9.894554575757591e-05,1.0,in,l2sq,1498.9164142608645,proposed_linear_gate_pbrs_seed321_t480k,proposed_linear_gate_pbrs,480000,0.14226875,0.35,0.15,0.0020209223206624,8.014635277503457e-05
2026-06-05T12:40:00.846615,63,69430,-278.37590536436625,-239.98811950325177,22,0.1418478260869565,4.345,0.6,7,7,-0.0017454885091865,0.8866463154554367,0.7234024107456207,0.0005399773195676,0.0,0.0,0.0,4,9.893070442044005e-05,9.893070442044005e-05,1.0,in,l2sq,1520.5860216617584,proposed_linear_gate_pbrs_seed321_t480k,proposed_linear_gate_pbrs,480000,0.14464583333333333,0.35,0.35,0.0017454885091865,0.0005399773195676
2026-06-05T12:40:24.984867,64,70519,-220.6482049682757,-220.6482049682757,25,0.1429347826086956,4.4,0.6,5,7,-0.0019669485205668,0.9838309437036514,0.7212737873196602,0.0011850125261844,0.0003906250058207,0.0,0.0,4,9.8910919268863e-05,9.8910919268863e-05,1.0,in,l2sq,1544.72429728508,proposed_linear_gate_pbrs_seed321_t480k,proposed_linear_gate_pbrs,480000,0.14691458333333332,0.35,0.25,0.0019669485205668,0.0011850125261844
2026-06-05T12:40:45.523603,65,71602,-202.46750787816404,-211.55785642321987,32,0.1451086956521739,4.355,0.56,7,7,-0.0028538152517283,0.9099460691213608,0.7374468743801117,0.0013771089892543,0.0,0.0,0.0,4,9.889608287826231e-05,9.889608287826231e-05,1.0,in,l2sq,1565.2629899978638,proposed_linear_gate_pbrs_seed321_t480k,proposed_linear_gate_pbrs,480000,0.14917083333333334,0.35,0.35,0.0028538152517283,0.0013771089892543
2026-06-05T12:41:08.361485,66,72623,-193.1394838076427,-193.1394838076427,35,0.1478260869565217,4.31,0.47,6,7,-0.0012598160734342,0.9449690505862236,0.7131911218166351,0.000413903898152,0.0,0.0,0.0,4,9.8881248960311e-05,9.8881248960311e-05,1.0,in,l2sq,1588.1008944511414,proposed_linear_gate_pbrs_seed321_t480k,proposed_linear_gate_pbrs,480000,0.15129791666666667,0.35,0.3,0.0012598160734342,0.000413903898152
2026-06-05T12:41:28.969452,67,73709,-218.15439660865263,-205.64694020814767,31,0.1497282608695652,4.425,0.47,7,7,-0.0038552067882847,0.9310463890433311,0.7304782196879387,0.0007223134398373,0.004687500098953,0.0,0.0,4,9.886147369933144e-05,9.886147369933144e-05,1.0,in,l2sq,1608.7088384628296,proposed_linear_gate_pbrs_seed321_t480k,proposed_linear_gate_pbrs,480000,0.15356041666666667,0.35,0.35,0.0038552067882847,0.0007223134398373
2026-06-05T12:42:00.991451,68,74792,-229.06918802730988,-229.06918802730988,25,0.1510869565217391,4.43,0.43,7,7,-0.005631876073312,0.958573281764984,0.7269204705953598,0.0025641360523878,0.0187499996391125,0.0,0.0,4,9.884664472544256e-05,9.884664472544256e-05,1.0,in,l2sq,1640.7306115627289,proposed_linear_gate_pbrs_seed321_t480k,proposed_linear_gate_pbrs,480000,0.15581666666666666,0.35,0.35,0.005631876073312,0.0025641360523878
2026-06-05T12:42:21.936394,69,75852,-225.5341949106204,-227.30169146896512,23,0.1527173913043478,4.38,0.43,7,7,-0.001429754345736,0.9580963253974916,0.717363566160202,0.0002662820435944,0.0044921874650754,0.0,0.0,4,9.883181822296698e-05,9.883181822296698e-05,1.0,in,l2sq,1661.675796031952,proposed_linear_gate_pbrs_seed321_t480k,proposed_linear_gate_pbrs,480000,0.158025,0.35,0.35,0.001429754345736,0.0002662820435944
2026-06-05T12:42:47.212195,70,76893,-150.94050412653613,-150.94050412653613,35,0.1576086956521739,4.275,0.46,6,7,-0.0021187517835642,0.9428567513823508,0.7123321369290352,0.0016142273598234,0.0021484375756699,0.0,0.0,4,9.881205284764056e-05,9.881205284764056e-05,1.0,in,l2sq,1686.9516010284424,proposed_linear_gate_pbrs_seed321_t480k,proposed_linear_gate_pbrs,480000,0.16019375,0.35,0.3,0.0021187517835642,0.0016142273598234
2026-06-05T12:43:08.420778,71,77959,-163.46408177470883,-157.20229295062248,38,0.1619565217391304,4.255,0.5,7,7,-0.0011503145273309,0.9628727436065674,0.7198261916637421,0.0010020323337812,0.0,0.0,0.0,4,9.879723128675592e-05,9.879723128675592e-05,1.0,in,l2sq,1708.1601450443268,proposed_linear_gate_pbrs_seed321_t480k,proposed_linear_gate_pbrs,480000,0.16241458333333333,0.35,0.35,0.0011503145273309,0.0010020323337812
2026-06-05T12:43:33.119743,72,79038,-186.18686653003812,-186.18686653003812,26,0.1622282608695652,4.265,0.51,6,7,-0.0021897740894929,0.9646777659654616,0.7459543198347092,-3.243745236428813e-05,0.0,0.0,0.0,4,9.878241219604904e-05,9.878241219604904e-05,1.0,in,l2sq,1732.8591468334198,proposed_linear_gate_pbrs_seed321_t480k,proposed_linear_gate_pbrs,480000,0.1646625,0.35,0.3,0.0021897740894929,3.243745236428813e-05
2026-06-05T12:43:54.577649,73,80124,-212.4008023036964,-199.29383441686724,20,0.1595108695652174,4.26,0.56,7,7,-0.0015192829538136,0.996295601129532,0.7588739320635796,0.0001692092206212,0.0,0.0,0.0,4,9.876265670143396e-05,9.876265670143396e-05,1.0,in,l2sq,1754.317020893097,proposed_linear_gate_pbrs_seed321_t480k,proposed_linear_gate_pbrs,480000,0.166925,0.35,0.35,0.0015192829538136,0.0001692092206212
2026-06-05T12:44:20.249514,74,81251,-218.1348404958661,-218.1348404958661,24,0.1554347826086956,4.335,0.61,6,7,-0.0023801848874427,0.9367770999670028,0.7066350430250168,0.0009253588352294,0.0,0.0,0.0,4,9.874784254984776e-05,9.874784254984776e-05,1.0,in,l2sq,1779.988943815231,proposed_linear_gate_pbrs_seed321_t480k,proposed_linear_gate_pbrs,480000,0.16927291666666666,0.35,0.3,0.0023801848874427,0.0009253588352294
2026-06-05T12:44:41.460875,75,82326,-170.6237470345346,-194.37929376520037,31,0.1559782608695652,4.415,0.68,7,7,-0.0012894362385849,0.9694229513406754,0.7242058739066124,-0.0001219262499944,0.0,0.0,0.0,4,9.87330308672045e-05,9.87330308672045e-05,1.0,in,l2sq,1801.200246334076,proposed_linear_gate_pbrs_seed321_t480k,proposed_linear_gate_pbrs,480000,0.1715125,0.35,0.35,0.0012894362385849,0.0001219262499944
2026-06-05T12:45:06.088284,76,83391,-107.59400471863924,-107.59400471863924,42,0.1595108695652174,4.165,0.69,5,7,-0.003840340784518,0.9798395857214928,0.7391334027051926,0.0007551421640527,0.0054687500960426,0.0,0.0,4,9.871328524836136e-05,9.871328524836136e-05,1.0,in,l2sq,1825.827712059021,proposed_linear_gate_pbrs_seed321_t480k,proposed_linear_gate_pbrs,480000,0.17373125,0.35,0.25,0.003840340784518,0.0007551421640527
2026-06-05T12:45:26.868364,77,84445,-168.42154563621423,-138.00777517742674,35,0.1625,4.13,0.65,7,7,-0.0026788771676364,0.870440736413002,0.7787937670946121,0.0030725897420779,0.001562500023283,0.0,0.0,4,9.869847850236968e-05,9.869847850236968e-05,1.0,in,l2sq,1846.6077241897583,proposed_linear_gate_pbrs_seed321_t480k,proposed_linear_gate_pbrs,480000,0.17592708333333335,0.35,0.35,0.0026788771676364,0.0030725897420779
2026-06-05T12:45:51.915347,78,85526,-135.8868592274959,-135.8868592274959,32,0.1633152173913043,4.2,0.73,3,7,-0.0034349583220317,0.9853294566273688,0.7837862446904182,0.003849296948465,0.0083984373195562,0.0,0.0,4,9.868367422408672e-05,9.868367422408672e-05,1.0,in,l2sq,1871.6547508239744,proposed_linear_gate_pbrs_seed321_t480k,proposed_linear_gate_pbrs,480000,0.17817916666666667,0.35,0.15,0.0034349583220317,0.003849296948465
2026-06-05T12:46:12.609783,79,86574,-116.60733204756944,-126.24709563753268,26,0.1625,4.13,0.7,7,7,-0.0022149540440296,1.0096654295921326,0.7536417692899704,0.0010124719759915,0.0005859375087311,0.0,0.0,4,9.866393847607864e-05,9.866393847607864e-05,1.0,in,l2sq,1892.349199295044,proposed_linear_gate_pbrs_seed321_t480k,proposed_linear_gate_pbrs,480000,0.1803625,0.35,0.35,0.0022149540440296,0.0010124719759915
2026-06-05T12:46:38.710860,80,87654,-151.6374135985274,-151.6374135985274,31,0.1630434782608695,4.015,0.68,4,7,-0.0017008245617033,1.012357771396637,0.7807262092828751,0.001828756697796,0.0,0.0,0.0,4,9.86491391319794e-05,9.86491391319794e-05,1.0,in,l2sq,1918.4502687454224,proposed_linear_gate_pbrs_seed321_t480k,proposed_linear_gate_pbrs,480000,0.1826125,0.35,0.2,0.0017008245617033,0.001828756697796
2026-06-05T12:47:00.078672,81,88739,-119.98127591787296,-135.80934475820018,34,0.1627717391304347,3.845,0.52,7,7,-0.0027316086168865,0.9878805056214331,0.7614516168832779,-0.0001281228080188,0.0037109374534338,0.0,0.0,4,9.863434225435531e-05,9.863434225435531e-05,1.0,in,l2sq,1939.8180527687075,proposed_linear_gate_pbrs_seed321_t480k,proposed_linear_gate_pbrs,480000,0.18487291666666666,0.35,0.35,0.0027316086168865,0.0001281228080188
2026-06-05T12:47:25.062940,82,89828,-210.32087767562484,-210.32087767562484,23,0.1603260869565217,3.89,0.51,6,7,-0.0030525624577422,0.9398216232657431,0.742676317691803,0.000244215220664,0.0011718750465661,0.0,0.0,4,9.861461637224784e-05,9.861461637224784e-05,1.0,in,l2sq,1964.802302122116,proposed_linear_gate_pbrs_seed321_t480k,proposed_linear_gate_pbrs,480000,0.18714166666666668,0.35,0.3,0.0030525624577422,0.000244215220664
2026-06-05T12:47:46.112121,83,90886,-125.28523670829584,-167.8030571919603,30,0.1625,4.035,0.55,7,7,-0.0030335147486767,0.9249535650014876,0.7076654061675072,0.0018943436018162,0.0041015624301508,0.0,0.0,4,9.859489443511958e-05,9.859489443511958e-05,1.0,in,l2sq,1985.8514921665192,proposed_linear_gate_pbrs_seed321_t480k,proposed_linear_gate_pbrs,480000,0.18934583333333332,0.35,0.35,0.0030335147486767,0.0018943436018162
2026-06-05T12:48:28.530639,84,92020,-122.2044587021148,-122.2044587021148,43,0.1673913043478261,4.21,0.46,7,7,-0.0026019766984974,1.0246915221214294,0.6828136742115021,0.0006088648049626,0.0027343749534338,0.0,0.0,4,9.858010544745388e-05,9.858010544745388e-05,1.0,in,l2sq,2028.269790649414,proposed_linear_gate_pbrs_seed321_t480k,proposed_linear_gate_pbrs,480000,0.19170833333333334,0.35,0.35,0.0026019766984974,0.0006088648049626
2026-06-05T12:48:51.285434,85,93151,-202.05947635159328,-162.13196752685403,21,0.1644021739130435,4.4,0.46,7,7,-0.0022798426729422,0.9678062945604324,0.6854605674743652,0.0008229692797613,0.0017578125698491,0.0,0.0,4,9.85653189245373e-05,9.85653189245373e-05,1.0,in,l2sq,2051.024820804596,proposed_linear_gate_pbrs_seed321_t480k,proposed_linear_gate_pbrs,480000,0.19406458333333335,0.35,0.35,0.0022798426729422,0.0008229692797613
2026-06-05T12:49:15.925958,86,94207,-97.76141573679952,-97.76141573679952,46,0.1673913043478261,4.485,0.49,6,7,-0.0047451075079153,0.8715665563941002,0.7256657406687737,0.0007309710548725,0.0064453127852175,0.0,0.0,4,9.854560684640558e-05,9.854560684640558e-05,1.0,in,l2sq,2075.665335893631,proposed_linear_gate_pbrs_seed321_t480k,proposed_linear_gate_pbrs,480000,0.19626458333333333,0.35,0.3,0.0047451075079153,0.0007309710548725
2026-06-05T12:49:36.929434,87,95298,-136.44445094816382,-117.10293334248166,30,0.1671195652173913,4.665,0.52,7,7,-0.0018154383607906,0.9459281861782074,0.6682066917419434,0.0008685299999569,0.0031250000465661,0.0,0.0,4,9.853082525175496e-05,9.853082525175496e-05,1.0,in,l2sq,2096.6688237190247,proposed_linear_gate_pbrs_seed321_t480k,proposed_linear_gate_pbrs,480000,0.1985375,0.35,0.35,0.0018154383607906,0.0008685299999569
2026-06-05T12:49:59.126056,88,96285,-120.74565468299886,-120.74565468299886,31,0.16875,4.53,0.51,5,7,-0.0025228425918613,0.9299747496843338,0.6850581169128418,0.0007996515362719,0.0009765625145519,0.0,0.0,4,9.851604612062134e-05,9.851604612062134e-05,1.0,in,l2sq,2118.8654839992523,proposed_linear_gate_pbrs_seed321_t480k,proposed_linear_gate_pbrs,480000,0.20059375,0.35,0.25,0.0025228425918613,0.0007996515362719
2026-06-05T12:50:18.889040,89,97328,-113.89446053421268,-117.32005760860577,32,0.171195652173913,4.455,0.47,7,7,-0.0035857304203091,0.9341975823044776,0.7037712410092354,0.0004405435227454,0.0093750001542503,0.0,0.0,4,9.849634389655767e-05,9.849634389655767e-05,1.0,in,l2sq,2138.62842297554,proposed_linear_gate_pbrs_seed321_t480k,proposed_linear_gate_pbrs,480000,0.20276666666666668,0.35,0.35,0.0035857304203091,0.0004405435227454
2026-06-05T12:50:43.639986,90,98393,-133.60389627717691,-133.60389627717691,40,0.1725543478260869,4.24,0.43,5,7,-0.0002481751216691,0.9323956519365312,0.7106193155050278,-7.880797238613013e-05,0.0,0.0,0.0,4,9.848156969122636e-05,9.848156969122636e-05,1.0,in,l2sq,2163.379395723343,proposed_linear_gate_pbrs_seed321_t480k,proposed_linear_gate_pbrs,480000,0.20498541666666667,0.35,0.25,0.0002481751216691,7.880797238613013e-05
2026-06-05T12:51:03.377935,91,99426,-128.03535284868616,-130.81962456293155,39,0.1728260869565217,4.33,0.51,7,7,-0.0019777957437328,0.9764462485909462,0.7174341678619385,0.0009757546890795,0.0,0.0,0.0,4,9.846679794818054e-05,9.846679794818054e-05,1.0,in,l2sq,2183.1173071861267,proposed_linear_gate_pbrs_seed321_t480k,proposed_linear_gate_pbrs,480000,0.2071375,0.35,0.35,0.0019777957437328,0.0009757546890795
2026-06-05T12:51:29.434663,92,100557,-179.16069475463502,-179.16069475463502,32,0.1744565217391304,4.125,0.46,3,7,-0.0043047652114183,0.99356722086668,0.7071839421987534,0.0031326083602834,0.0105468754190951,0.0,0.0,4,9.844710557325888e-05,9.844710557325888e-05,1.0,in,l2sq,2209.174063682556,proposed_linear_gate_pbrs_seed321_t480k,proposed_linear_gate_pbrs,480000,0.20949375,0.35,0.15,0.0043047652114183,0.0031326083602834
2026-06-05T12:51:50.668839,93,101634,-97.15982466163749,-138.16025970813627,40,0.179891304347826,4.09,0.52,7,7,-0.0016169775859452,0.998452216386795,0.7088733911514282,-0.0020748735267261,0.0125000001862645,0.0,0.0,4,9.843233875355295e-05,9.843233875355295e-05,1.0,in,l2sq,2230.40819978714,proposed_linear_gate_pbrs_seed321_t480k,proposed_linear_gate_pbrs,480000,0.2117375,0.35,0.35,0.0016169775859452,0.0020748735267261
2026-06-05T12:52:15.085594,94,102715,-127.36160968876877,-127.36160968876877,26,0.1804347826086956,4.18,0.49,4,7,-0.0020465969952057,0.9596817567944528,0.7202692031860352,0.0008171422008672,0.0007812500116415,0.0,0.0,4,9.841757439490164e-05,9.841757439490164e-05,1.0,in,l2sq,2254.824983358383,proposed_linear_gate_pbrs_seed321_t480k,proposed_linear_gate_pbrs,480000,0.21398958333333334,0.35,0.2,0.0020465969952057,0.0008171422008672
2026-06-05T12:52:37.195214,95,103871,-142.3723308029075,-134.86697024583813,29,0.179891304347826,4.265,0.49,7,7,-0.0021100383430166,0.9451226964592934,0.6711574420332909,0.0003330737379428,0.001562500023283,0.0,0.0,4,9.83978918641984e-05,9.83978918641984e-05,1.0,in,l2sq,2276.9346346855164,proposed_linear_gate_pbrs_seed321_t480k,proposed_linear_gate_pbrs,480000,0.21639791666666666,0.35,0.35,0.0021100383430166,0.0003330737379428
2026-06-05T12:53:01.983623,96,105001,-163.48531414651578,-163.48531414651578,29,0.1763586956521739,4.31,0.58,6,7,-0.0022872984656714,0.9145066291093826,0.7093043103814125,0.00072824798699,0.0,0.0,0.0,4,9.837821326980448e-05,9.837821326980448e-05,1.0,in,l2sq,2301.7230191230774,proposed_linear_gate_pbrs_seed321_t480k,proposed_linear_gate_pbrs,480000,0.21875208333333335,0.35,0.3,0.0022872984656714,0.00072824798699
2026-06-05T12:53:22.129689,97,106060,-92.86306822467616,-128.17419118559596,41,0.1779891304347826,4.35,0.56,7,7,-0.0034463511838112,0.9896983206272124,0.665496900677681,-0.0008053609461057,0.0003906250058207,0.0,0.0,4,9.836345678377184e-05,9.836345678377184e-05,1.0,in,l2sq,2321.8690848350525,proposed_linear_gate_pbrs_seed321_t480k,proposed_linear_gate_pbrs,480000,0.22095833333333334,0.35,0.35,0.0034463511838112,0.0008053609461057
2026-06-05T12:53:46.240165,98,107150,-110.4155530879153,-110.4155530879153,40,0.1801630434782608,4.38,0.51,5,7,-0.0014560500567312,0.9783753529191016,0.6820775419473648,0.0003209354021237,0.0,0.0,0.0,4,9.834870275707156e-05,9.834870275707156e-05,1.0,in,l2sq,2345.9795954227448,proposed_linear_gate_pbrs_seed321_t480k,proposed_linear_gate_pbrs,480000,0.22322916666666667,0.35,0.25,0.0014560500567312,0.0003209354021237
2026-06-05T12:54:04.962843,99,108144,-138.6953432824284,-124.55544818517184,30,0.18125,4.405,0.5,7,7,-0.0032267154310829,0.9320479482412338,0.7385351061820984,0.0002727954686633,0.001953125,0.0,0.0,4,9.833395069754206e-05,9.833395069754206e-05,1.0,in,l2sq,2364.7021996974945,proposed_linear_gate_pbrs_seed321_t480k,proposed_linear_gate_pbrs,480000,0.2253,0.35,0.35,0.0032267154310829,0.0002727954686633
2026-06-05T12:54:29.892347,100,109212,-121.8168654234236,-121.8168654234236,36,0.1826086956521739,4.48,0.57,4,7,-0.0019993737689218,0.924680583178997,0.7026602402329445,0.0007563606025541,0.0001953125029103,0.0,0.0,4,9.831920109660716e-05,9.831920109660716e-05,1.0,in,l2sq,2389.631735086441,proposed_linear_gate_pbrs_seed321_t480k,proposed_linear_gate_pbrs,480000,0.227525,0.35,0.2,0.0019993737689218,0.0007563606025541
2026-06-05T12:54:51.472918,101,110310,-93.63733615947778,-107.7271007914507,39,0.1839673913043478,4.56,0.57,7,7,-0.002158399122709,0.922944277524948,0.6879964768886566,0.0001189860246086,0.0,0.0,0.0,4,9.829953823957986e-05,9.829953823957986e-05,1.0,in,l2sq,2411.2123329639435,proposed_linear_gate_pbrs_seed321_t480k,proposed_linear_gate_pbrs,480000,0.2298125,0.35,0.35,0.002158399122709,0.0001189860246086
2026-06-05T12:55:16.954204,102,111419,-115.40996362007432,-115.40996362007432,33,0.1866847826086956,4.61,0.58,5,7,-0.0040698159311432,0.9606121480464936,0.7042624056339264,0.0015401503058456,0.0107421875,0.0,0.0,4,9.827987931492732e-05,9.827987931492732e-05,1.0,in,l2sq,2436.693606853485,proposed_linear_gate_pbrs_seed321_t480k,proposed_linear_gate_pbrs,480000,0.23212291666666668,0.35,0.25,0.0040698159311432,0.0015401503058456
2026-06-05T12:55:37.623913,103,112468,-96.5734677869454,-105.99171570350984,33,0.1875,4.6,0.54,7,7,-0.0026686088298446,0.9754470735788344,0.7054254859685898,-0.0003002723411555,0.0031250000465661,0.0,0.0,4,9.826513757874208e-05,9.826513757874208e-05,1.0,in,l2sq,2457.3632798194885,proposed_linear_gate_pbrs_seed321_t480k,proposed_linear_gate_pbrs,480000,0.23430833333333334,0.35,0.35,0.0026686088298446,0.0003002723411555
2026-06-05T12:56:01.717715,104,113529,-103.67719280524312,-103.67719280524312,37,0.1858695652173913,4.735,0.55,6,7,-0.0018928796136606,0.9558723121881484,0.6646766439080238,-6.044973383720342e-05,0.0011718750465661,0.0,0.0,4,9.825039829943096e-05,9.825039829943096e-05,1.0,in,l2sq,2481.457120656967,proposed_linear_gate_pbrs_seed321_t480k,proposed_linear_gate_pbrs,480000,0.23651875,0.35,0.3,0.0018928796136606,6.044973383720342e-05
2026-06-05T12:56:21.430441,105,114563,-48.20147924673087,-75.93933602598699,41,0.1913043478260869,4.69,0.47,7,7,-0.0038922318257391,0.9401612654328346,0.6799215525388718,0.0012364035552309,0.0064453127852175,0.0,0.0,4,9.823074920227503e-05,9.823074920227503e-05,1.0,in,l2sq,2501.1698610782623,proposed_linear_gate_pbrs_seed321_t480k,proposed_linear_gate_pbrs,480000,0.23867291666666668,0.35,0.35,0.0038922318257391,0.0012364035552309
2026-06-05T12:56:51.888075,106,115569,-42.69048503031851,-42.69048503031851,43,0.1904891304347826,4.41,0.39,7,7,-0.0029854930646252,0.9991444945335388,0.6390131562948227,0.0006248789404708,0.0062500000931322,0.0,0.0,4,9.821601483548388e-05,9.821601483548388e-05,1.0,in,l2sq,2531.627455949784,proposed_linear_gate_pbrs_seed321_t480k,proposed_linear_gate_pbrs,480000,0.24076875,0.35,0.35,0.0029854930646252,0.0006248789404708
2026-06-05T12:57:12.194105,107,116635,-65.00117549411962,-53.84583026221907,38,0.1926630434782608,4.245,0.34,7,7,-0.0021984655722918,0.9722226858139038,0.6693892851471901,0.0014691299336845,0.0009765625,0.0,0.0,4,9.820128292433862e-05,9.820128292433862e-05,1.0,in,l2sq,2551.93350148201,proposed_linear_gate_pbrs_seed321_t480k,proposed_linear_gate_pbrs,480000,0.24298958333333334,0.35,0.35,0.0021984655722918,0.0014691299336845
2026-06-05T12:57:36.469035,108,117718,-62.26988373764357,-62.26988373764357,32,0.1929347826086956,4.275,0.35,5,7,-0.0038149193685967,0.926590010523796,0.6605385988950729,0.0023892038334452,0.0078125,0.0,0.0,4,9.818655297741546e-05,9.818655297741546e-05,1.0,in,l2sq,2576.208468198776,proposed_linear_gate_pbrs_seed321_t480k,proposed_linear_gate_pbrs,480000,0.24524583333333333,0.35,0.25,0.0038149193685967,0.0023892038334452
2026-06-05T12:57:56.453692,109,118769,-99.0972898289264,-80.683586783285,43,0.1959239130434782,4.22,0.35,7,7,-0.0019654283583805,0.93233884871006,0.6433596536517143,0.0017790853740734,0.0068359376164153,0.0,0.0,4,9.81718254854016e-05,9.81718254854016e-05,1.0,in,l2sq,2596.19308423996,proposed_linear_gate_pbrs_seed321_t480k,proposed_linear_gate_pbrs,480000,0.24743541666666666,0.35,0.35,0.0019654283583805,0.0017790853740734
2026-06-05T12:58:21.396784,110,119837,-48.80361757101639,-48.80361757101639,47,0.1978260869565217,4.31,0.39,5,7,-0.0031562067742925,0.9541252702474594,0.6379210576415062,0.0002323259285959,0.0015625000523868,0.0,0.0,4,9.815219210202278e-05,9.815219210202278e-05,1.0,in,l2sq,2621.136176109314,proposed_linear_gate_pbrs_seed321_t480k,proposed_linear_gate_pbrs,480000,0.24966041666666666,0.35,0.25,0.0031562067742925,0.0002323259285959
2026-06-05T12:58:41.727641,111,120907,-101.80208004387006,-75.30284880744323,38,0.1975543478260869,4.465,0.47,7,7,-0.0039611973217688,0.9522689282894136,0.6520428210496902,0.0009857531666057,0.0023437500931322,0.0,0.0,4,9.813746951860024e-05,9.813746951860024e-05,1.0,in,l2sq,2641.467065811157,proposed_linear_gate_pbrs_seed321_t480k,proposed_linear_gate_pbrs,480000,0.25188958333333333,0.35,0.35,0.0039611973217688,0.0009857531666057
2026-06-05T12:59:05.575750,112,121981,-115.6494257257681,-115.6494257257681,36,0.1986413043478261,4.64,0.47,6,7,-0.0020985924093112,0.9929074347019196,0.6460872143507004,0.0002512882139853,0.0039062501455191,0.0,0.0,4,9.81227493888598e-05,9.81227493888598e-05,1.0,in,l2sq,2665.315139532089,proposed_linear_gate_pbrs_seed321_t480k,proposed_linear_gate_pbrs,480000,0.25412708333333334,0.35,0.3,0.0020985924093112,0.0002512882139853
2026-06-05T12:59:24.814039,113,122993,5.795759510149344,-54.92683310780938,45,0.2,4.535,0.48,7,7,-0.0026728321565315,0.9196989759802818,0.6442801132798195,0.0002487185589416,0.005468750023283,0.0,0.0,4,9.810312582020952e-05,9.810312582020952e-05,1.0,in,l2sq,2684.553423166275,proposed_linear_gate_pbrs_seed321_t480k,proposed_linear_gate_pbrs,480000,0.25623541666666666,0.35,0.35,0.0026728321565315,0.0002487185589416
2026-06-05T12:59:48.566617,114,124063,-41.81806525347409,-41.81806525347409,48,0.2059782608695652,4.58,0.49,5,7,-0.0030500233697239,1.0211908519268036,0.6219524592161179,8.348966662197199e-05,0.0,0.0,0.0,4,9.808841059660656e-05,9.808841059660656e-05,1.0,in,l2sq,2708.306055545807,proposed_linear_gate_pbrs_seed321_t480k,proposed_linear_gate_pbrs,480000,0.25846458333333333,0.35,0.25,0.0030500233697239,8.348966662197199e-05
2026-06-05T13:00:09.087124,115,125138,-70.2983794090425,-56.05822233125829,38,0.2084239130434782,4.7,0.43,7,7,-0.0018487894241843,0.9561582952737808,0.6184128597378731,0.0011479220897854,0.000585937523283,0.0,0.0,4,9.807369782545911e-05,9.807369782545911e-05,1.0,in,l2sq,2728.826489210129,proposed_linear_gate_pbrs_seed321_t480k,proposed_linear_gate_pbrs,480000,0.2607041666666667,0.35,0.35,0.0018487894241843,0.0011479220897854
2026-06-05T13:00:43.259933,116,126254,-110.40383314540972,-110.40383314540972,40,0.2114130434782608,4.675,0.43,7,7,-0.003590946647455,0.9203582033514977,0.6427701562643051,0.0012025398760556,0.0050781251629814,0.0,0.0,4,9.8054084066631e-05,9.8054084066631e-05,1.0,in,l2sq,2762.9991619586945,proposed_linear_gate_pbrs_seed321_t480k,proposed_linear_gate_pbrs,480000,0.26302916666666665,0.35,0.35,0.003590946647455,0.0012025398760556
2026-06-05T13:01:04.410567,117,127369,-105.01680811970684,-107.7103206325583,34,0.2095108695652174,4.71,0.41,7,7,-0.0019483860670334,0.9446161463856696,0.6366688907146454,0.0007765543723508,0.0009765625,0.0,0.0,4,9.803447423035852e-05,9.803447423035852e-05,1.0,in,l2sq,2784.1499950885773,proposed_linear_gate_pbrs_seed321_t480k,proposed_linear_gate_pbrs,480000,0.2653520833333333,0.35,0.35,0.0019483860670334,0.0007765543723508
2026-06-05T13:01:39.843865,118,128407,-66.58725155067461,-66.58725155067461,41,0.2097826086956521,4.79,0.51,8,8,-0.0024969935941043,1.009075939655304,0.6216481626033783,0.0015036988646898,0.007421875197906,0.0,0.0,4,9.80197693043224e-05,9.80197693043224e-05,1.0,in,l2sq,2819.583108186722,proposed_linear_gate_pbrs_seed321_t480k,proposed_linear_gate_pbrs,480000,0.26751458333333333,0.4,0.4,0.0024969935941043,0.0015036988646898
2026-06-05T13:02:01.220296,119,129516,-128.40130773411423,-97.49427964239442,30,0.2097826086956521,4.865,0.52,8,8,-0.0030133873689919,0.9231428429484368,0.610618382692337,0.0022566046833162,0.009765625,0.0,0.0,4,9.80050668290256e-05,9.80050668290256e-05,1.0,in,l2sq,2840.9596796035767,proposed_linear_gate_pbrs_seed321_t480k,proposed_linear_gate_pbrs,480000,0.269825,0.4,0.4,0.0030133873689919,0.0022566046833162
2026-06-05T13:02:34.365755,120,130601,-116.32158282620738,-116.32158282620738,35,0.2095108695652174,4.66,0.55,8,8,-0.0028700583541649,0.9975233674049376,0.6069830656051636,0.0008919293637518,0.0060546877939486,0.0,0.0,4,9.798546679571047e-05,9.798546679571047e-05,1.0,in,l2sq,2874.1051564216614,proposed_linear_gate_pbrs_seed321_t480k,proposed_linear_gate_pbrs,480000,0.2720854166666667,0.4,0.4,0.0028700583541649,0.0008919293637518
2026-06-05T13:02:54.753541,121,131680,-90.57904811053994,-103.45031546837366,48,0.2119565217391304,4.83,0.61,8,8,-0.0050138533930295,1.025539547204971,0.6206104904413223,0.0051284675380884,0.0144531250116415,0.0,0.0,4,9.797076922066703e-05,9.797076922066703e-05,1.0,in,l2sq,2894.492897748947,proposed_linear_gate_pbrs_seed321_t480k,proposed_linear_gate_pbrs,480000,0.2743333333333333,0.4,0.4,0.0050138533930295,0.0051284675380884
2026-06-05T13:03:18.204610,122,132741,-130.57271033815294,-130.57271033815294,32,0.2116847826086956,4.8,0.62,6,8,-0.0023231953629875,1.0225939974188805,0.6191211342811584,0.0016926535288803,0.007421875023283,0.0,0.0,4,9.79560740951378e-05,9.79560740951378e-05,1.0,in,l2sq,2917.9440286159515,proposed_linear_gate_pbrs_seed321_t480k,proposed_linear_gate_pbrs,480000,0.27654375,0.4,0.3,0.0023231953629875,0.0016926535288803
2026-06-05T13:03:39.185162,123,133845,-121.92619600881136,-126.24945317348217,38,0.2130434782608695,4.78,0.62,8,8,-0.003990658375551,0.8696455582976341,0.6095235273241997,0.0014442879290982,0.0054687500960426,0.0,0.0,4,9.793648385987952e-05,9.793648385987952e-05,1.0,in,l2sq,2938.924583673477,proposed_linear_gate_pbrs_seed321_t480k,proposed_linear_gate_pbrs,480000,0.27884375,0.4,0.4,0.003990658375551,0.0014442879290982
2026-06-05T13:04:02.104834,124,134879,-36.02705081314121,-36.02705081314121,42,0.2144021739130434,4.63,0.47,5,8,-0.0040556117426602,1.0136409401893616,0.5719450563192368,0.003030953095731,0.0199218750931322,0.0,0.0,4,9.792179363215396e-05,9.792179363215396e-05,1.0,in,l2sq,2961.8442125320435,proposed_linear_gate_pbrs_seed321_t480k,proposed_linear_gate_pbrs,480000,0.2809979166666667,0.4,0.25,0.0040556117426602,0.003030953095731
2026-06-05T13:04:22.641034,125,135961,-96.7160655202197,-66.37155816668046,37,0.2133152173913043,4.675,0.37,8,8,-0.0050672307290369,0.9394500404596328,0.6022985130548477,0.0027160308130987,0.0136718749563442,0.0,0.0,4,9.790710585271812e-05,9.790710585271812e-05,1.0,in,l2sq,2982.3804228305817,proposed_linear_gate_pbrs_seed321_t480k,proposed_linear_gate_pbrs,480000,0.28325208333333335,0.4,0.4,0.0050672307290369,0.0027160308130987
2026-06-05T13:04:55.186414,126,137077,-158.01300992034595,-158.01300992034595,37,0.2116847826086956,4.68,0.32,9,9,-0.004590551945148,0.9153204560279846,0.5753170102834702,0.0014935530207367,0.0109375003521563,0.0,0.0,4,9.788752541061864e-05,9.788752541061864e-05,1.0,in,l2sq,3014.925636768341,proposed_linear_gate_pbrs_seed321_t480k,proposed_linear_gate_pbrs,480000,0.2855770833333333,0.45,0.45,0.004590551945148,0.0014935530207367
2026-06-05T13:05:15.105347,127,138130,-62.58732927460735,-110.30016959747664,43,0.2130434782608695,4.675,0.28,9,9,0.0002412289439235,0.9813957959413528,0.5802304893732071,0.0005118639975989,0.0,0.0,0.0,4,9.78728425265381e-05,9.78728425265381e-05,1.0,in,l2sq,3034.8447592258453,proposed_linear_gate_pbrs_seed321_t480k,proposed_linear_gate_pbrs,480000,0.2877708333333333,0.45,0.45,0.0002412289439235,0.0005118639975989
2026-06-05T13:05:37.568608,128,139144,-57.6822370838302,-57.6822370838302,37,0.2144021739130434,4.64,0.27,7,9,-0.0036911093775415,0.9811017736792564,0.5646001622080803,0.0015184900711574,0.0031250000320142,0.0,0.0,4,9.785816208952332e-05,9.785816208952332e-05,1.0,in,l2sq,3057.308012485504,proposed_linear_gate_pbrs_seed321_t480k,proposed_linear_gate_pbrs,480000,0.2898833333333333,0.45,0.35,0.0036911093775415,0.0015184900711574
2026-06-05T13:05:57.287429,129,140188,20.92604304004939,-18.378097021890405,53,0.2171195652173913,4.81,0.35,9,9,-0.0034136560338083,0.9528513178229332,0.5690338760614395,0.0012222600817494,0.0105468751862645,0.0,0.0,4,9.783859143568704e-05,9.783859143568704e-05,1.0,in,l2sq,3077.026844739914,proposed_linear_gate_pbrs_seed321_t480k,proposed_linear_gate_pbrs,480000,0.2920583333333333,0.45,0.45,0.0034136560338083,0.0012222600817494
2026-06-05T13:06:21.926811,130,141259,-21.463601333387416,-21.463601333387416,45,0.2165760869565217,4.85,0.35,8,9,-0.0037870378117077,0.9878023862838744,0.5414792597293854,0.0013342390666366,0.0050781252793967,0.0,0.0,4,9.782391589158042e-05,9.782391589158042e-05,1.0,in,l2sq,3101.666223526001,proposed_linear_gate_pbrs_seed321_t480k,proposed_linear_gate_pbrs,480000,0.2942895833333333,0.45,0.4,0.0037870378117077,0.0013342390666366
2026-06-05T13:06:41.831257,131,142313,-20.84546952829281,-21.154535430840117,47,0.2190217391304348,5.035,0.38,9,9,-0.0021516413031349,0.973885715007782,0.5437643080949783,0.0002503102815353,0.005468750197906,0.0,0.0,4,9.780924279331628e-05,9.780924279331628e-05,1.0,in,l2sq,3121.5706310272217,proposed_linear_gate_pbrs_seed321_t480k,proposed_linear_gate_pbrs,480000,0.29648541666666667,0.45,0.45,0.0021516413031349,0.0002503102815353
2026-06-05T13:07:04.850167,132,143360,-45.02975953845952,-45.02975953845952,45,0.2214673913043478,5.25,0.4,8,9,-0.0023349591210717,0.928414523601532,0.5504214018583298,0.0003126989161955,0.0,0.0,0.0,4,9.778968192285004e-05,9.778968192285004e-05,1.0,in,l2sq,3144.589588403702,proposed_linear_gate_pbrs_seed321_t480k,proposed_linear_gate_pbrs,480000,0.2986666666666667,0.45,0.4,0.0023349591210717,0.0003126989161955
2026-06-05T13:07:25.173709,133,144417,-62.16692826841808,-53.5983439034388,42,0.2206521739130434,5.195,0.4,9,9,-0.0029582262970506,0.9581677317619324,0.5106427222490311,0.0009190120063067,0.0,0.0,0.0,4,9.777501371504804e-05,9.777501371504804e-05,1.0,in,l2sq,3164.9130775928497,proposed_linear_gate_pbrs_seed321_t480k,proposed_linear_gate_pbrs,480000,0.30086875,0.45,0.45,0.0029582262970506,0.0009190120063067
2026-06-05T13:07:58.256786,134,145508,-84.36334050397834,-84.36334050397834,37,0.2176630434782608,5.09,0.32,11,11,-0.0032466509961522,0.9072376415133476,0.5395888611674309,0.0017033003585311,0.0035156250523868,0.0,0.0,4,9.776034795186585e-05,9.776034795186585e-05,1.0,in,l2sq,3197.996145486832,proposed_linear_gate_pbrs_seed321_t480k,proposed_linear_gate_pbrs,480000,0.30314166666666664,0.55,0.55,0.0032466509961522,0.0017033003585311
2026-06-05T13:08:18.595886,135,146559,-49.18565329542772,-66.77449689970302,40,0.2182065217391304,5.17,0.25,11,11,-0.0018936395848871,0.9995922893285752,0.5186489075422287,0.0015410466716275,0.0003906250058207,0.0,0.0,4,9.774568414408616e-05,9.774568414408616e-05,1.0,in,l2sq,3218.3352601528168,proposed_linear_gate_pbrs_seed321_t480k,proposed_linear_gate_pbrs,480000,0.30533125,0.55,0.55,0.0018936395848871,0.0015410466716275
2026-06-05T13:08:52.117187,136,147691,-110.34791089712088,-110.34791089712088,44,0.2192934782608695,5.21,0.2,12,12,-0.0031421505351317,0.930918037891388,0.5131385177373886,0.0002118588221491,0.0064453125523868,0.0,0.0,4,9.773102278019298e-05,9.773102278019298e-05,1.0,in,l2sq,3251.8565435409546,proposed_linear_gate_pbrs_seed321_t480k,proposed_linear_gate_pbrs,480000,0.30768958333333335,0.6,0.6,0.0031421505351317,0.0002118588221491
2026-06-05T13:09:12.899506,137,148770,-162.7406845908488,-136.54429774398483,32,0.21875,5.22,0.26,12,12,-0.0024223092015746,0.9655098617076874,0.5378389060497284,0.0013935553793999,0.0056640626862645,0.0,0.0,4,9.771147755294717e-05,9.771147755294717e-05,1.0,in,l2sq,3272.638901472092,proposed_linear_gate_pbrs_seed321_t480k,proposed_linear_gate_pbrs,480000,0.3099375,0.6,0.6,0.0024223092015746,0.0013935553793999
2026-06-05T13:09:36.399440,138,149828,-8.925530901288171,-8.925530901288171,52,0.2217391304347826,5.31,0.26,11,12,-0.0019342728333868,0.9685292318463326,0.4922123849391937,0.0012985130336346,0.0009765625,0.0,0.0,4,9.769193623455136e-05,9.769193623455136e-05,1.0,in,l2sq,3296.1388232707977,proposed_linear_gate_pbrs_seed321_t480k,proposed_linear_gate_pbrs,480000,0.31214166666666665,0.6,0.55,0.0019342728333868,0.0012985130336346
2026-06-05T13:09:57.213421,139,150912,-48.92309228432194,-28.92431159280505,47,0.2263586956521739,5.32,0.31,12,12,-0.0016706668335246,0.9925619661808014,0.5113392025232315,0.0004670180831453,0.0,0.0,0.0,4,9.767728268835824e-05,9.767728268835824e-05,1.0,in,l2sq,3316.9528017044067,proposed_linear_gate_pbrs_seed321_t480k,proposed_linear_gate_pbrs,480000,0.3144,0.6,0.6,0.0016706668335246,0.0004670180831453
2026-06-05T13:10:23.103558,140,151997,-123.533286938538,-123.533286938538,41,0.2279891304347826,5.19,0.38,10,12,-0.0039746370573994,1.003321297466755,0.5018878541886806,0.0013396509011045,0.0058593752910383,0.0,0.0,4,9.76626315843414e-05,9.76626315843414e-05,1.0,in,l2sq,3342.84286904335,proposed_linear_gate_pbrs_seed321_t480k,proposed_linear_gate_pbrs,480000,0.31666041666666667,0.6,0.5,0.0039746370573994,0.0013396509011045
2026-06-05T13:10:44.053357,141,153057,12.739994771701395,-55.396646083418304,61,0.2315217391304347,5.18,0.3,12,12,-0.002367172463073,0.9165821522474288,0.5026169568300247,0.0014282741590705,0.010351562872529,0.0,0.0,4,9.764310003465084e-05,9.764310003465084e-05,1.0,in,l2sq,3363.792697429657,proposed_linear_gate_pbrs_seed321_t480k,proposed_linear_gate_pbrs,480000,0.31886875,0.6,0.6,0.002367172463073,0.0014282741590705
2026-06-05T13:11:16.977702,142,154166,-48.38331647232941,-48.38331647232941,41,0.2339673913043478,5.33,0.31,13,13,-0.0030626149149611,0.9575323164463044,0.4573274478316307,0.0021623954802634,0.004687500098953,0.0,0.0,4,9.76284538137656e-05,9.76284538137656e-05,1.0,in,l2sq,3396.7170825004578,proposed_linear_gate_pbrs_seed321_t480k,proposed_linear_gate_pbrs,480000,0.3211791666666667,0.65,0.65,0.0030626149149611,0.0021623954802634
2026-06-05T13:11:38.389814,143,155237,-37.54491744779572,-42.96411696006257,42,0.2350543478260869,5.16,0.29,13,13,-0.0021371644725149,0.8910232335329056,0.4901439659297466,0.0013461516728966,0.0011718750465661,0.0,0.0,4,9.76138100338358e-05,9.76138100338358e-05,1.0,in,l2sq,3418.129200220108,proposed_linear_gate_pbrs_seed321_t480k,proposed_linear_gate_pbrs,480000,0.32341041666666664,0.65,0.65,0.0021371644725149,0.0013461516728966
2026-06-05T13:12:03.207295,144,156318,-58.24489418831247,-58.24489418831247,45,0.2358695652173913,5.145,0.27,12,13,-0.001939800386026,1.0283100679516792,0.4816037304699421,-8.05121089797467e-05,0.0048828124126885,0.0,0.0,4,9.759428824796714e-05,9.759428824796714e-05,1.0,in,l2sq,3442.946658849716,proposed_linear_gate_pbrs_seed321_t480k,proposed_linear_gate_pbrs,480000,0.3256625,0.65,0.6,0.001939800386026,8.05121089797467e-05
2026-06-05T13:12:24.570618,145,157392,-77.28679721034581,-67.76584569932913,43,0.2375,5.325,0.29,13,13,-0.0020685374765889,0.954148530960083,0.4774806499481201,0.0012172404124612,0.0,0.0,0.0,4,9.757964934872786e-05,9.757964934872786e-05,1.0,in,l2sq,3464.310009002685,proposed_linear_gate_pbrs_seed321_t480k,proposed_linear_gate_pbrs,480000,0.3279,0.65,0.65,0.0020685374765889,0.0012172404124612
2026-06-05T13:12:48.675556,146,158434,5.174689445820727,5.174689445820727,49,0.2407608695652174,5.23,0.29,9,13,-0.0028469048731494,1.00963294506073,0.4741243533790111,-0.0001654590074622,0.0023437500931322,0.0,0.0,4,9.75650128892238e-05,9.75650128892238e-05,1.0,in,l2sq,3488.414983510971,proposed_linear_gate_pbrs_seed321_t480k,proposed_linear_gate_pbrs,480000,0.3300708333333333,0.65,0.45,0.0028469048731494,0.0001654590074622
2026-06-05T13:13:09.722765,147,159503,-32.57667812764422,-13.700994340911748,45,0.2413043478260869,5.31,0.33,13,13,-0.0031360344350105,0.9485172852873802,0.4779025837779045,0.0004749674724735,0.0046875001862645,0.0,0.0,4,9.754550086229608e-05,9.754550086229608e-05,1.0,in,l2sq,3509.4621534347534,proposed_linear_gate_pbrs_seed321_t480k,proposed_linear_gate_pbrs,480000,0.3322979166666667,0.65,0.65,0.0031360344350105,0.0004749674724735
2026-06-05T13:13:40.726688,148,160547,-11.774389153815957,-11.774389153815957,50,0.2448369565217391,5.275,0.28,14,14,-0.0030095458205323,0.9951002150774002,0.4490838125348091,0.0007362977441516,0.00390625,0.0,0.0,4,9.753086928104268e-05,9.753086928104268e-05,1.0,in,l2sq,3540.465878009796,proposed_linear_gate_pbrs_seed321_t480k,proposed_linear_gate_pbrs,480000,0.3344729166666667,0.7,0.7,0.0030095458205323,0.0007362977441516
2026-06-05T13:14:00.701397,149,161586,-34.02666959681139,-22.900529375313678,44,0.242391304347826,5.33,0.26,14,14,-0.0030473009333945,0.9427312090992928,0.47708560526371,0.0014457758978096,0.0068359375727595,0.0,0.0,4,9.751624013830488e-05,9.751624013830488e-05,1.0,in,l2sq,3560.4407846927643,proposed_linear_gate_pbrs_seed321_t480k,proposed_linear_gate_pbrs,480000,0.3366375,0.7,0.7,0.0030473009333945,0.0014457758978096
2026-06-05T13:14:34.255249,150,162663,-69.30761205833669,-69.30761205833669,43,0.2418478260869565,5.325,0.31,15,15,-0.0031739902333356,0.938925564289093,0.4724135063588619,0.001758079629053,0.0042968750640284,0.0,0.0,4,9.749673786543962e-05,9.749673786543962e-05,1.0,in,l2sq,3593.994594812393,proposed_linear_gate_pbrs_seed321_t480k,proposed_linear_gate_pbrs,480000,0.33888125,0.75,0.75,0.0031739902333356,0.001758079629053
2026-06-05T13:14:55.310131,151,163762,-111.73422180574605,-90.52091693204136,36,0.2388586956521739,5.265,0.33,15,15,-0.0022362411546055,0.9844983965158464,0.4688602536916733,0.0019389143020817,0.0023437500058207,0.0,0.0,4,9.748211359851384e-05,9.748211359851384e-05,1.0,in,l2sq,3615.0495371818542,proposed_linear_gate_pbrs_seed321_t480k,proposed_linear_gate_pbrs,480000,0.3411708333333333,0.75,0.75,0.0022362411546055,0.0019389143020817
2026-06-05T13:15:19.751702,152,164845,-43.87078408642133,-43.87078408642133,47,0.2394021739130434,5.1,0.36,14,15,-0.0022961052440222,0.9403963759541512,0.4717709869146347,0.0008148935427016,0.0017578125698491,0.0,0.0,4,9.746749176888464e-05,9.746749176888464e-05,1.0,in,l2sq,3639.491062641144,proposed_linear_gate_pbrs_seed321_t480k,proposed_linear_gate_pbrs,480000,0.3434270833333333,0.75,0.7,0.0022961052440222,0.0008148935427016
2026-06-05T13:15:41.255256,153,165906,-35.43404873453355,-39.65241641047744,50,0.2415760869565217,4.995,0.34,15,15,-0.0027591437581575,0.8992264121770859,0.4752427190542221,-0.0002234200600014,0.0025390624941792,0.0,0.0,4,9.74479992452058e-05,9.74479992452058e-05,1.0,in,l2sq,3660.994616270065,proposed_linear_gate_pbrs_seed321_t480k,proposed_linear_gate_pbrs,480000,0.3456375,0.75,0.75,0.0027591437581575,0.0002234200600014
2026-06-05T13:16:05.142031,154,166938,-16.424023464588064,-16.424023464588064,48,0.2445652173913043,4.905,0.31,14,15,-0.0045859932433813,0.8585930317640305,0.4698687940835953,0.0017971426601433,0.0218750007916241,0.0,0.0,4,9.74333822889512e-05,9.74333822889512e-05,1.0,in,l2sq,3684.881410598755,proposed_linear_gate_pbrs_seed321_t480k,proposed_linear_gate_pbrs,480000,0.3477875,0.75,0.7,0.0045859932433813,0.0017971426601433
2026-06-05T13:16:27.192176,155,168030,-59.45974821967391,-37.941885842130986,52,0.2478260869565217,5.14,0.35,15,15,-0.0029384695822954,0.9779318049550056,0.4681592248380184,0.0006167740433284,0.0058593749417923,0.0,0.0,4,9.741876776877477e-05,9.741876776877477e-05,1.0,in,l2sq,3706.9315841197968,proposed_linear_gate_pbrs_seed321_t480k,proposed_linear_gate_pbrs,480000,0.3500625,0.75,0.75,0.0029384695822954,0.0006167740433284
2026-06-05T13:17:05.281571,156,169053,-46.65805572833135,-46.65805572833135,47,0.248641304347826,5.325,0.3,16,16,-0.0021297269056958,0.9221487417817116,0.4816516302525997,0.0007350785992514,0.0029296876164153,0.0,0.0,4,9.73992849894087e-05,9.73992849894087e-05,1.0,in,l2sq,3745.0207324028015,proposed_linear_gate_pbrs_seed321_t480k,proposed_linear_gate_pbrs,480000,0.35219375,0.8,0.8,0.0021297269056958,0.0007350785992514
2026-06-05T13:17:26.315575,157,170101,-46.866542108590586,-46.76229891846097,41,0.2510869565217391,5.395,0.32,16,16,-0.0031678841332904,0.9000757187604904,0.4865734800696373,0.0012121315285185,0.0105468754190951,0.0,0.0,4,9.738467534017068e-05,9.738467534017068e-05,1.0,in,l2sq,3766.0549805164337,proposed_linear_gate_pbrs_seed321_t480k,proposed_linear_gate_pbrs,480000,0.35437708333333334,0.8,0.8,0.0031678841332904,0.0012121315285185
2026-06-05T13:17:50.499987,158,171190,-51.22018019324567,-51.22018019324567,42,0.2483695652173913,5.33,0.29,10,16,-0.0032882587373023,0.9659374952316284,0.5040048435330391,-0.0006519076720905,0.0166015636204974,0.0,0.0,4,9.737006812579304e-05,9.737006812579304e-05,1.0,in,l2sq,3790.2394156456,proposed_linear_gate_pbrs_seed321_t480k,proposed_linear_gate_pbrs,480000,0.35664583333333333,0.8,0.5,0.0032882587373023,0.0006519076720905
2026-06-05T13:18:10.514578,159,172230,-42.85063808159058,-47.03540913741813,39,0.246195652173913,5.165,0.26,16,16,-0.0028061604854884,0.9515790641307832,0.494522038847208,0.0004118575704524,0.0037109376426087,0.0,0.0,4,9.735059508586856e-05,9.735059508586856e-05,1.0,in,l2sq,3810.253972053528,proposed_linear_gate_pbrs_seed321_t480k,proposed_linear_gate_pbrs,480000,0.3588125,0.8,0.8,0.0028061604854884,0.0004118575704524
2026-06-05T13:18:35.973071,160,173328,-38.31063142253483,-38.31063142253483,48,0.2480978260869565,5.11,0.24,9,16,-0.0034431963402312,0.9149966686964036,0.526646077632904,0.0010541186367845,0.009765625,0.0,0.0,4,9.733599273999432e-05,9.733599273999432e-05,1.0,in,l2sq,3835.712461233139,proposed_linear_gate_pbrs_seed321_t480k,proposed_linear_gate_pbrs,480000,0.3611,0.8,0.45,0.0034431963402312,0.0010541186367845
2026-06-05T13:18:56.921802,161,174419,-17.584033224260036,-27.947332323397436,47,0.2442934782608695,5.15,0.26,16,16,-0.0026209913528874,0.9261543601751328,0.5015088729560375,0.0017175918395878,0.0111328123603016,0.0,0.0,4,9.732139282776328e-05,9.732139282776328e-05,1.0,in,l2sq,3856.6612210273743,proposed_linear_gate_pbrs_seed321_t480k,proposed_linear_gate_pbrs,480000,0.36337291666666666,0.8,0.8,0.0026209913528874,0.0017175918395878
2026-06-05T13:19:20.666994,162,175498,-26.563449992569943,-26.563449992569943,42,0.2445652173913043,5.16,0.25,14,16,-0.0029441777820466,0.9584415853023528,0.4817995019257068,0.000710188715459,0.0041015625320142,0.0,0.0,4,9.730192952241167e-05,9.730192952241167e-05,1.0,in,l2sq,3880.40643286705,proposed_linear_gate_pbrs_seed321_t480k,proposed_linear_gate_pbrs,480000,0.36562083333333334,0.8,0.7,0.0029441777820466,0.000710188715459
2026-06-05T13:19:41.505090,163,176586,-24.76750442442062,-25.66547720849528,50,0.2467391304347826,5.385,0.27,16,16,-0.0015136853107833,0.8741897791624069,0.4806076660752296,-0.0003372710170879,0.0,0.0,0.0,4,9.72873344762503e-05,9.72873344762503e-05,1.0,in,l2sq,3901.2444603443146,proposed_linear_gate_pbrs_seed321_t480k,proposed_linear_gate_pbrs,480000,0.3678875,0.8,0.8,0.0015136853107833,0.0003372710170879
2026-06-05T13:20:04.799724,164,177632,-2.074503526022243,-2.074503526022243,50,0.2480978260869565,5.415,0.26,11,16,-0.0038733050809241,0.9686096012592316,0.4809761233627796,0.0013426943293779,0.0083984375523868,0.0,0.0,4,9.727274186251554e-05,9.727274186251554e-05,1.0,in,l2sq,3924.539151906967,proposed_linear_gate_pbrs_seed321_t480k,proposed_linear_gate_pbrs,480000,0.37006666666666665,0.8,0.55,0.0038733050809241,0.0013426943293779
2026-06-05T13:20:24.158745,165,178641,-26.749867119642857,-14.412185322832553,51,0.2502717391304347,5.36,0.31,16,16,-0.0028203346242662,0.9504535347223282,0.479712288826704,0.0007498493517232,0.0054687499796273,0.0,0.0,4,9.725328828687046e-05,9.725328828687046e-05,1.0,in,l2sq,3943.898164272308,proposed_linear_gate_pbrs_seed321_t480k,proposed_linear_gate_pbrs,480000,0.37216875,0.8,0.8,0.0028203346242662,0.0007498493517232
2026-06-05T13:20:47.774882,166,179723,-27.657188531371755,-27.657188531371755,39,0.2475543478260869,5.36,0.31,12,16,-0.0041206807945854,0.9009425193071364,0.4735881760716438,0.0011242192986173,0.0105468751862645,0.0,0.0,4,9.723870053677282e-05,9.723870053677282e-05,1.0,in,l2sq,3967.514286756516,proposed_linear_gate_pbrs_seed321_t480k,proposed_linear_gate_pbrs,480000,0.37442291666666666,0.8,0.6,0.0041206807945854,0.0011242192986173
2026-06-05T13:21:07.473850,167,180757,-12.7989341895955,-20.22806136048363,49,0.248641304347826,5.155,0.36,16,16,-0.0035616058594314,0.9497023448348044,0.4719411805272102,0.0011242543932894,0.0068359375,0.0,0.0,4,9.72241152178858e-05,9.72241152178858e-05,1.0,in,l2sq,3987.213252067566,proposed_linear_gate_pbrs_seed321_t480k,proposed_linear_gate_pbrs,480000,0.37657708333333334,0.8,0.8,0.0035616058594314,0.0011242543932894
2026-06-05T13:21:30.988690,168,181825,-26.824199813810797,-26.824199813810797,41,0.246195652173913,5.12,0.37,9,16,-0.0023858156113419,0.9431615695357324,0.519729919731617,0.0011688346030496,0.0031250001629814,0.0,0.0,4,9.720467136708336e-05,9.720467136708336e-05,1.0,in,l2sq,4010.7281260490417,proposed_linear_gate_pbrs_seed321_t480k,proposed_linear_gate_pbrs,480000,0.3788020833333333,0.8,0.45,0.0023858156113419,0.0011688346030496
2026-06-05T13:21:51.493103,169,182895,-7.404682353163957,-17.114441083487375,43,0.2459239130434782,5.22,0.28,16,16,-0.0022749573516194,0.9401630014181136,0.513144388794899,0.0004683297303926,0.0003906250058207,0.0,0.0,4,9.719009090940214e-05,9.719009090940214e-05,1.0,in,l2sq,4031.2324833869934,proposed_linear_gate_pbrs_seed321_t480k,proposed_linear_gate_pbrs,480000,0.38103125,0.8,0.8,0.0022749573516194,0.0004683297303926
2026-06-05T13:22:17.953781,170,183973,9.270952349712235,9.270952349712235,59,0.2502717391304347,5.175,0.35,9,16,-0.0021740343843703,0.8814500048756599,0.4964884147047996,0.0011126664147013,0.0,0.0,0.0,4,9.71755128817162e-05,9.71755128817162e-05,1.0,in,l2sq,4057.6931846141815,proposed_linear_gate_pbrs_seed321_t480k,proposed_linear_gate_pbrs,480000,0.3832770833333333,0.8,0.45,0.0021740343843703,0.0011126664147013
2026-06-05T13:22:39.245843,171,185078,-80.3616318013149,-35.545339725801334,40,0.2513586956521739,5.18,0.4,16,16,-0.0030273609416326,0.8512452319264412,0.5404131338000298,0.0021666854774593,0.0023437500058207,0.0,0.0,4,9.715607875089498e-05,9.715607875089498e-05,1.0,in,l2sq,4078.985263824463,proposed_linear_gate_pbrs_seed321_t480k,proposed_linear_gate_pbrs,480000,0.38557916666666664,0.8,0.8,0.0030273609416326,0.0021666854774593
2026-06-05T13:23:02.428033,172,186142,-3.3485982408376174,-3.3485982408376174,55,0.2535326086956522,5.1,0.37,12,16,-0.0031532198598142,1.0817309021949768,0.4692048579454422,0.0037843994323338,0.0124999998370185,0.0,0.0,4,9.71415055819847e-05,9.71415055819847e-05,1.0,in,l2sq,4102.167432308197,proposed_linear_gate_pbrs_seed321_t480k,proposed_linear_gate_pbrs,480000,0.38779583333333334,0.8,0.6,0.0031532198598142,0.0037843994323338
2026-06-05T13:23:21.230812,173,187123,9.572996306381908,3.1121990327721454,52,0.2540760869565217,4.645,0.39,16,16,-0.002616719607613,0.9575126692652702,0.4780805073678493,0.0002666604978912,0.0031250001193257,0.0,0.0,4,9.712693484185492e-05,9.712693484185492e-05,1.0,in,l2sq,4120.970231771469,proposed_linear_gate_pbrs_seed321_t480k,proposed_linear_gate_pbrs,480000,0.38983958333333335,0.8,0.8,0.002616719607613,0.0002666604978912
2026-06-05T13:23:44.119278,174,188167,-4.028597786131185,-4.028597786131185,56,0.25625,4.5,0.31,14,16,-0.0040131508139893,0.9428751468658448,0.4863357208669185,0.0017516638833057,0.0132812503288732,0.0,0.0,4,9.71075104261559e-05,9.71075104261559e-05,1.0,in,l2sq,4143.858694076538,proposed_linear_gate_pbrs_seed321_t480k,proposed_linear_gate_pbrs,480000,0.39201458333333333,0.8,0.7,0.0040131508139893,0.0017516638833057
2026-06-05T13:24:02.697697,175,189143,72.4531853903456,34.212293802107204,56,0.2573369565217391,4.48,0.23,16,16,-0.0021627604903187,1.0107286274433136,0.5063001364469528,0.0040260703656713,0.021484375,0.0,0.0,4,9.709294454237288e-05,9.709294454237288e-05,1.0,in,l2sq,4162.437088727951,proposed_linear_gate_pbrs_seed321_t480k,proposed_linear_gate_pbrs,480000,0.39404791666666666,0.8,0.8,0.0021627604903187,0.0040260703656713
2026-06-05T13:24:25.949320,176,190214,15.479787048434018,15.479787048434018,51,0.2584239130434783,4.68,0.24,14,16,-0.0021395983547336,0.9046824797987938,0.4859271422028541,0.0004563859148902,0.0003906250058207,0.0,0.0,4,9.707838108615626e-05,9.707838108615626e-05,1.0,in,l2sq,4185.688745975494,proposed_linear_gate_pbrs_seed321_t480k,proposed_linear_gate_pbrs,480000,0.3962791666666667,0.8,0.7,0.0021395983547336,0.0004563859148902
2026-06-05T13:24:45.207582,177,191232,3.97274835416902,9.726267701301518,46,0.2597826086956522,4.895,0.21,16,16,-0.0043989793630316,0.9440049082040788,0.4726568907499313,0.0013913491051426,0.0042968750931322,0.0,0.0,4,9.706381957170144e-05,9.706381957170144e-05,1.0,in,l2sq,4204.946952581406,proposed_linear_gate_pbrs_seed321_t480k,proposed_linear_gate_pbrs,480000,0.3984,0.8,0.8,0.0043989793630316,0.0013913491051426
2026-06-05T13:25:09.109104,178,192276,-20.816649522769257,-20.816649522769257,43,0.2600543478260869,4.97,0.24,13,16,-0.0020371459439047,0.9392080083489418,0.4793571233749389,0.0012885262045529,0.0021484374883584,0.0,0.0,4,9.704926048408478e-05,9.704926048408478e-05,1.0,in,l2sq,4228.8485198020935,proposed_linear_gate_pbrs_seed321_t480k,proposed_linear_gate_pbrs,480000,0.400575,0.8,0.65,0.0020371459439047,0.0012885262045529
2026-06-05T13:25:29.121142,179,193282,25.65051595811524,2.416933217672991,54,0.2641304347826086,5.035,0.26,16,16,-0.002353342299466,0.9602543488144876,0.4775807671248913,0.0012999671697798,0.0015624999796273,0.0,0.0,4,9.702985160248056e-05,9.702985160248056e-05,1.0,in,l2sq,4248.860554933548,proposed_linear_gate_pbrs_seed321_t480k,proposed_linear_gate_pbrs,480000,0.4026708333333333,0.8,0.8,0.002353342299466,0.0012999671697798
2026-06-05T13:25:54.209091,180,194329,6.681778681290483,6.681778681290483,45,0.2633152173913043,4.945,0.26,14,16,-0.0033430457522627,0.9743545949459076,0.4639444872736931,0.00034075503645,0.0027343749534338,0.0,0.0,4,9.701529736732696e-05,9.701529736732696e-05,1.0,in,l2sq,4273.948477745056,proposed_linear_gate_pbrs_seed321_t480k,proposed_linear_gate_pbrs,480000,0.40485208333333333,0.8,0.7,0.0033430457522627,0.00034075503645
2026-06-05T13:26:15.662834,181,195407,40.96280875553167,23.822293718411075,65,0.2682065217391304,5.07,0.32,16,16,-0.0029634245875058,0.998365506529808,0.45853041857481,0.0005830660161791,0.0107421875291038,0.0,0.0,4,9.700074555779832e-05,9.700074555779832e-05,1.0,in,l2sq,4295.402225494385,proposed_linear_gate_pbrs_seed321_t480k,proposed_linear_gate_pbrs,480000,0.40709791666666667,0.8,0.8,0.0029634245875058,0.0005830660161791
2026-06-05T13:26:39.450831,182,196440,27.8671183072426,27.8671183072426,50,0.2703804347826087,5.17,0.26,12,16,-0.0054021374788133,0.915192574262619,0.438438132405281,0.0043284184164804,0.02734375,0.0,0.0,4,9.698619568847868e-05,9.698619568847868e-05,1.0,in,l2sq,4319.19025683403,proposed_linear_gate_pbrs_seed321_t480k,proposed_linear_gate_pbrs,480000,0.40925,0.8,0.6,0.0054021374788133,0.0043284184164804
2026-06-05T13:26:59.907237,183,197467,-18.16041441493997,4.853351946151314,41,0.2679347826086956,5.18,0.24,16,16,-0.0017810993071407,0.9301230236887932,0.4515889063477516,-3.01421830954246e-05,0.0005859375087311,0.0,0.0,4,9.697164824405638e-05,9.697164824405638e-05,1.0,in,l2sq,4339.6466109752655,proposed_linear_gate_pbrs_seed321_t480k,proposed_linear_gate_pbrs,480000,0.4113895833333333,0.8,0.8,0.0017810993071407,3.01421830954246e-05
2026-06-05T13:27:24.138271,184,198525,-0.9621204549200376,-0.9621204549200376,56,0.2695652173913043,5.195,0.18,13,16,-0.002164819536847,0.9139197692275048,0.4497877359390259,2.3972629469432016e-05,0.0011718750029103,0.0,0.0,4,9.695225488412404e-05,9.695225488412404e-05,1.0,in,l2sq,4363.877673864365,proposed_linear_gate_pbrs_seed321_t480k,proposed_linear_gate_pbrs,480000,0.41359375,0.8,0.65,0.002164819536847,2.3972629469432016e-05
2026-06-05T13:27:45.326248,185,199591,22.819785201375485,10.928832373227724,63,0.2728260869565217,5.18,0.12,16,16,-0.0033000156399793,0.9004255384206772,0.4326607957482338,0.0006917899343534,0.0011718750465661,0.0,0.0,4,9.69377122882842e-05,9.69377122882842e-05,1.0,in,l2sq,4385.065668582916,proposed_linear_gate_pbrs_seed321_t480k,proposed_linear_gate_pbrs,480000,0.4158145833333333,0.8,0.8,0.0033000156399793,0.0006917899343534
2026-06-05T13:28:10.058053,186,200673,14.63176989901546,14.63176989901546,55,0.2771739130434782,5.225,0.16,13,16,-0.0030755460116779,0.948773480951786,0.4478803016245365,0.0005901976674977,0.0031250000029103,0.0,0.0,4,9.692317211612952e-05,9.692317211612952e-05,1.0,in,l2sq,4409.797406435013,proposed_linear_gate_pbrs_seed321_t480k,proposed_linear_gate_pbrs,480000,0.41806875,0.8,0.65,0.0030755460116779,0.0005901976674977
2026-06-05T13:28:31.509822,187,201750,-26.07256247923795,-5.720396290111244,46,0.2763586956521739,5.235,0.15,16,16,-0.0038507733668665,0.9244362488389016,0.4493647143244743,0.00257825667004,0.0050781249592546,0.0,0.0,4,9.690378845093802e-05,9.690378845093802e-05,1.0,in,l2sq,4431.249242782593,proposed_linear_gate_pbrs_seed321_t480k,proposed_linear_gate_pbrs,480000,0.4203125,0.8,0.8,0.0038507733668665,0.00257825667004
2026-06-05T13:28:55.430945,188,202826,16.201880329660888,16.201880329660888,51,0.2790760869565217,5.01,0.24,14,16,-0.0028758514963556,1.0242523849010468,0.4686469361186027,0.0021550383608883,0.0050781251920852,0.0,0.0,4,9.688925312494196e-05,9.688925312494196e-05,1.0,in,l2sq,4455.170380353928,proposed_linear_gate_pbrs_seed321_t480k,proposed_linear_gate_pbrs,480000,0.4225541666666667,0.8,0.7,0.0028758514963556,0.0021550383608883
2026-06-05T13:29:16.119905,189,203910,-63.56667114046972,-23.682395405404414,39,0.2779891304347826,5.09,0.25,16,16,-0.0017900456093229,0.9118032529950142,0.4571292661130428,0.000801878343509,0.0031250001047737,0.0,0.0,4,9.68747202214195e-05,9.68747202214195e-05,1.0,in,l2sq,4475.859322547913,proposed_linear_gate_pbrs_seed321_t480k,proposed_linear_gate_pbrs,480000,0.4248125,0.8,0.8,0.0017900456093229,0.000801878343509
2026-06-05T13:29:40.624363,190,204967,32.17122293826422,32.17122293826422,52,0.2760869565217391,5.21,0.25,11,16,-0.002758291986538,0.9569083526730536,0.4630371853709221,0.0015984389323477,0.0031250000465661,0.0,0.0,4,9.685534624612242e-05,9.685534624612242e-05,1.0,in,l2sq,4500.363738298416,proposed_linear_gate_pbrs_seed321_t480k,proposed_linear_gate_pbrs,480000,0.4270145833333333,0.8,0.55,0.002758291986538,0.0015984389323477
2026-06-05T13:30:01.564353,191,206064,31.25105282479999,31.711137881532107,47,0.2779891304347826,5.21,0.27,16,16,-0.0038388335262424,0.9477616548538208,0.4597663953900337,0.0025342252010887,0.0160156250931322,0.0,0.0,4,9.684081818633596e-05,9.684081818633596e-05,1.0,in,l2sq,4521.303763866425,proposed_linear_gate_pbrs_seed321_t480k,proposed_linear_gate_pbrs,480000,0.4293,0.8,0.8,0.0038388335262424,0.0025342252010887
2026-06-05T13:30:25.135459,192,207119,-5.305599033495033,-5.305599033495033,53,0.277445652173913,5.25,0.23,14,16,-0.0031410300100105,0.9463038817048072,0.4667106084525585,0.0037633029781772,0.0109375000465661,0.0,0.0,4,9.682629254781212e-05,9.682629254781212e-05,1.0,in,l2sq,4544.874871253967,proposed_linear_gate_pbrs_seed321_t480k,proposed_linear_gate_pbrs,480000,0.43149791666666665,0.8,0.7,0.0031410300100105,0.0037633029781772
2026-06-05T13:30:46.663254,193,208183,-47.71686554029359,-26.511232286894312,44,0.2752717391304348,5.23,0.3,16,16,-0.0025734678158187,0.9525228813290596,0.4507551901042461,-0.0004368541872281,0.0033203124767169,0.0,0.0,4,9.680692825756548e-05,9.680692825756548e-05,1.0,in,l2sq,4566.402632474899,proposed_linear_gate_pbrs_seed321_t480k,proposed_linear_gate_pbrs,480000,0.43371458333333335,0.8,0.8,0.0025734678158187,0.0004368541872281
2026-06-05T13:31:11.429948,194,209254,4.048028976137233,4.048028976137233,54,0.2747282608695652,5.3,0.38,12,16,-0.0041780412546359,0.8997917622327805,0.45255958288908,0.0018781660513923,0.0066406251862645,0.0,0.0,4,9.679240746035629e-05,9.679240746035629e-05,1.0,in,l2sq,4591.169372797012,proposed_linear_gate_pbrs_seed321_t480k,proposed_linear_gate_pbrs,480000,0.4359458333333333,0.8,0.6,0.0041780412546359,0.0018781660513923
2026-06-05T13:31:32.590547,195,210303,44.710313633066725,24.37917130460198,58,0.2752717391304348,5.18,0.43,16,16,-0.0024593554669991,0.9502820670604706,0.4557464979588985,0.0006558801515893,0.0015624999796273,0.0,0.0,4,9.677788908319925e-05,9.677788908319925e-05,1.0,in,l2sq,4612.329966545105,proposed_linear_gate_pbrs_seed321_t480k,proposed_linear_gate_pbrs,480000,0.43813125,0.8,0.8,0.0024593554669991,0.0006558801515893
2026-06-05T13:31:57.073756,196,211357,-16.577041717171888,-16.577041717171888,51,0.2752717391304348,5.12,0.37,13,16,-0.0027323226022418,0.9497010335326196,0.4608588777482509,0.0023593246677592,0.0060546876193257,0.0,0.0,4,9.675853447316151e-05,9.675853447316151e-05,1.0,in,l2sq,4636.813167333603,proposed_linear_gate_pbrs_seed321_t480k,proposed_linear_gate_pbrs,480000,0.4403270833333333,0.8,0.65,0.0027323226022418,0.0023593246677592
2026-06-05T13:32:18.176566,197,212417,13.431238940817408,-1.5729013881772396,50,0.2763586956521739,5.255,0.33,16,16,-0.0027211018139496,0.9691514670848846,0.4463149085640907,0.0003025941259693,0.0003906250058207,0.0,0.0,4,9.674402093489896e-05,9.674402093489896e-05,1.0,in,l2sq,4657.915964126587,proposed_linear_gate_pbrs_seed321_t480k,proposed_linear_gate_pbrs,480000,0.4425354166666667,0.8,0.8,0.0027211018139496,0.0003025941259693
2026-06-05T13:32:53.131441,198,213437,30.88892866630084,30.88892866630084,55,0.2796195652173913,4.865,0.26,19,19,-0.0041500621999148,0.9279879182577132,0.462310615926981,0.001607906836125,0.0128906254540197,0.0,0.0,4,9.672950981547884e-05,9.672950981547884e-05,1.0,in,l2sq,4692.870658397675,proposed_linear_gate_pbrs_seed321_t480k,proposed_linear_gate_pbrs,480000,0.44466041666666667,0.95,0.95,0.0041500621999148,0.001607906836125
2026-06-05T13:33:15.302616,199,214534,-25.81712130452221,2.5359036808893123,47,0.2777173913043478,5.01,0.21,19,19,-0.0023476876493077,0.9510394856333731,0.460888784378767,0.0005126439360537,0.0023437500058207,0.0,0.0,4,9.671016488081084e-05,9.671016488081084e-05,1.0,in,l2sq,4715.0419845581055,proposed_linear_gate_pbrs_seed321_t480k,proposed_linear_gate_pbrs,480000,0.4469458333333333,0.95,0.95,0.0023476876493077,0.0005126439360537
2026-06-05T13:33:41.072279,200,215600,67.3804347631954,67.3804347631954,63,0.2826086956521739,5.22,0.27,18,19,-0.0015527815201494,0.93277870118618,0.4667768105864525,9.315057068304268e-05,0.0,0.0,0.0,4,9.669565859786622e-05,9.669565859786622e-05,1.0,in,l2sq,4740.811669111252,proposed_linear_gate_pbrs_seed321_t480k,proposed_linear_gate_pbrs,480000,0.44916666666666666,0.95,0.9,0.0015527815201494,9.315057068304268e-05
2026-06-05T13:34:02.006111,201,216629,41.68809859651558,54.53426667985549,50,0.2785326086956521,5.165,0.24,19,19,-0.0034352115588262,0.918040432035923,0.4568367339670658,0.0017910290304825,0.0060546874592546,0.0,0.0,4,9.668115473255484e-05,9.668115473255484e-05,1.0,in,l2sq,4761.745524406433,proposed_linear_gate_pbrs_seed321_t480k,proposed_linear_gate_pbrs,480000,0.45131041666666666,0.95,0.95,0.0034352115588262,0.0017910290304825
2026-06-05T13:34:26.060930,202,217667,6.542298142234318,6.542298142234318,49,0.2782608695652174,5.305,0.31,17,19,-0.0032571908610407,0.9356360584497452,0.4339105561375618,0.0007585796734019,0.0039062500727595,0.0,0.0,4,9.666181946841988e-05,9.666181946841988e-05,1.0,in,l2sq,4785.800337314606,proposed_linear_gate_pbrs_seed321_t480k,proposed_linear_gate_pbrs,480000,0.45347291666666667,0.95,0.85,0.0032571908610407,0.0007585796734019
2026-06-05T13:34:48.163109,203,218763,-67.88450806009288,-30.671104958929284,39,0.2777173913043478,5.22,0.27,19,19,-0.0043206878472119,0.9786066710948944,0.4460078552365303,0.0013348329416658,0.0183593754190951,0.0,0.0,4,9.664732043716623e-05,9.664732043716623e-05,1.0,in,l2sq,4807.902523040772,proposed_linear_gate_pbrs_seed321_t480k,proposed_linear_gate_pbrs,480000,0.45575625,0.95,0.95,0.0043206878472119,0.0013348329416658
2026-06-05T13:35:12.194453,204,219807,-1.914439618185358,-1.914439618185358,50,0.2760869565217391,5.14,0.24,18,19,-0.0029221702730863,0.9770943522453308,0.4328777901828289,0.0003053540205655,0.0070312501920852,0.0,0.0,4,9.663282382233729e-05,9.663282382233729e-05,1.0,in,l2sq,4831.9338545799255,proposed_linear_gate_pbrs_seed321_t480k,proposed_linear_gate_pbrs,480000,0.45793125,0.95,0.9,0.0029221702730863,0.0003053540205655
2026-06-05T13:35:32.089892,205,220795,52.076232107321175,25.08089624456791,58,0.2747282608695652,5.385,0.32,19,19,-0.0037455677636899,0.9063278287649156,0.4362773001194,0.0039699825178104,0.0089843750465661,0.0,0.0,4,9.661832914035806e-05,9.661832914035806e-05,1.0,in,l2sq,4851.829304933548,proposed_linear_gate_pbrs_seed321_t480k,proposed_linear_gate_pbrs,480000,0.45998958333333334,0.95,0.95,0.0037455677636899,0.0039699825178104
2026-06-05T13:35:56.555209,206,221837,41.61632709773117,41.61632709773117,48,0.2728260869565217,5.5,0.3,14,19,-0.0026842765946639,0.9869325533509254,0.4426592402160167,0.0006523481431031,0.0074218750523868,0.0,0.0,4,9.660383687407864e-05,9.660383687407864e-05,1.0,in,l2sq,4876.294618368149,proposed_linear_gate_pbrs_seed321_t480k,proposed_linear_gate_pbrs,480000,0.4621604166666667,0.95,0.7,0.0026842765946639,0.0006523481431031
2026-06-05T13:36:16.834895,207,222843,82.62492342162122,62.1206252596762,59,0.2763586956521739,5.26,0.21,19,19,-0.0022926580844796,0.9603400751948356,0.432251863181591,-0.0002147200800209,0.0009765625,0.0,0.0,4,9.65845170727422e-05,9.65845170727422e-05,1.0,in,l2sq,4896.574292898178,proposed_linear_gate_pbrs_seed321_t480k,proposed_linear_gate_pbrs,480000,0.46425625,0.95,0.95,0.0022926580844796,0.0002147200800209
2026-06-05T13:36:40.487327,208,223859,-16.488352089934285,-16.488352089934285,47,0.2752717391304348,5.34,0.22,13,19,-0.0025385693385032,0.9058865457773208,0.4354701191186905,0.0001143784882515,0.0117187497671693,0.0,0.0,4,9.657002963665464e-05,9.657002963665464e-05,1.0,in,l2sq,4920.226749420166,proposed_linear_gate_pbrs_seed321_t480k,proposed_linear_gate_pbrs,480000,0.4663729166666667,0.95,0.65,0.0025385693385032,0.0001143784882515
2026-06-05T13:37:02.010781,209,224924,31.07541699135287,7.293532450709293,53,0.2790760869565217,5.22,0.14,19,19,-0.0031003197334938,0.9452091604471208,0.445073988288641,0.0023129993360271,0.009765625,0.0,0.0,4,9.655554461505932e-05,9.655554461505932e-05,1.0,in,l2sq,4941.7501745224,proposed_linear_gate_pbrs_seed321_t480k,proposed_linear_gate_pbrs,480000,0.4685916666666667,0.95,0.95,0.0031003197334938,0.0023129993360271
2026-06-05T13:37:27.401780,210,225963,13.590549985306748,13.590549985306748,51,0.2788043478260869,5.145,0.16,13,19,-0.0026749484728497,0.9148455336689948,0.4516546651721,0.0021470278170454,0.0089843750029103,0.0,0.0,4,9.653623447169176e-05,9.653623447169176e-05,1.0,in,l2sq,4967.14116358757,proposed_linear_gate_pbrs_seed321_t480k,proposed_linear_gate_pbrs,480000,0.47075625,0.95,0.65,0.0026749484728497,0.0021470278170454
2026-06-05T13:37:48.395837,211,226983,40.44880981402078,27.019679899663764,56,0.28125,5.035,0.19,19,19,-0.0027827166544738,0.9213324636220932,0.4179104343056679,0.000360978314984,0.001953125,0.0,0.0,4,9.652175427787365e-05,9.652175427787365e-05,1.0,in,l2sq,4988.135226011276,proposed_linear_gate_pbrs_seed321_t480k,proposed_linear_gate_pbrs,480000,0.47288125,0.95,0.95,0.0027827166544738,0.000360978314984
2026-06-05T13:38:11.793042,212,228004,25.929915079111677,25.929915079111677,51,0.2807065217391304,4.92,0.31,13,19,-0.0029760555160465,0.8952839076519012,0.4517143741250038,0.0011607463012751,0.0068359375727595,0.0,0.0,4,9.650727649734072e-05,9.650727649734072e-05,1.0,in,l2sq,5011.532468795776,proposed_linear_gate_pbrs_seed321_t480k,proposed_linear_gate_pbrs,480000,0.4750083333333333,0.95,0.65,0.0029760555160465,0.0011607463012751
2026-06-05T13:38:31.785025,213,229047,41.167569650227605,33.54874236466964,53,0.2831521739130435,4.875,0.4,19,19,-0.0029615194071084,0.9023081809282304,0.4613492041826248,0.0012521805354481,0.004687500098953,0.0,0.0,4,9.649280064714638e-05,9.649280064714638e-05,1.0,in,l2sq,5031.524398565292,proposed_linear_gate_pbrs_seed321_t480k,proposed_linear_gate_pbrs,480000,0.47718125,0.95,0.95,0.0029615194071084,0.0012521805354481
2026-06-05T13:38:55.933929,214,230116,83.23960267209976,83.23960267209976,58,0.2842391304347826,4.94,0.4,15,19,-0.0031164281368546,0.9068150520324708,0.4332261234521866,0.0018508120769183,0.0117187506111804,0.0,0.0,4,9.647832720951332e-05,9.647832720951332e-05,1.0,in,l2sq,5055.673342704773,proposed_linear_gate_pbrs_seed321_t480k,proposed_linear_gate_pbrs,480000,0.4794083333333333,0.95,0.75,0.0031164281368546,0.0018508120769183
2026-06-05T13:39:17.352298,215,231173,0.8732880181916045,42.05644534514568,51,0.2823369565217391,4.955,0.44,19,19,-0.003238157989108,0.9188062250614166,0.4368051327764988,0.0020690707537142,0.0111328125931322,0.0,0.0,4,9.64590325088547e-05,9.64590325088547e-05,1.0,in,l2sq,5077.0917201042175,proposed_linear_gate_pbrs_seed321_t480k,proposed_linear_gate_pbrs,480000,0.48161041666666665,0.95,0.95,0.003238157989108,0.0020690707537142
2026-06-05T13:39:40.343003,216,232158,56.391312469298434,56.391312469298434,54,0.2831521739130435,4.885,0.33,14,19,-0.0027912349498364,0.9432770609855652,0.4373689591884613,0.0018618965203131,0.009765625,0.0,0.0,4,9.644456389513802e-05,9.644456389513802e-05,1.0,in,l2sq,5100.082384109497,proposed_linear_gate_pbrs_seed321_t480k,proposed_linear_gate_pbrs,480000,0.4836625,0.95,0.7,0.0027912349498364,0.0018618965203131
2026-06-05T13:40:01.293066,217,233198,-5.559225302385988,25.416043583456226,42,0.2809782608695652,4.895,0.29,19,19,-0.0022845655985292,0.9800994098186492,0.4484217725694179,0.0006059649575035,0.0007812500261934,0.0,0.0,4,9.643009769277655e-05,9.643009769277655e-05,1.0,in,l2sq,5121.032485485077,proposed_linear_gate_pbrs_seed321_t480k,proposed_linear_gate_pbrs,480000,0.48582916666666665,0.95,0.95,0.0022845655985292,0.0006059649575035
2026-06-05T13:40:26.583351,218,234287,11.241505325602846,11.241505325602846,46,0.2785326086956521,4.82,0.3,12,19,-0.0032718401969759,0.9469747617840768,0.4322525337338447,0.0008405067419516,0.0035156250087311,0.0,0.0,4,9.6410812637539e-05,9.6410812637539e-05,1.0,in,l2sq,5146.322763681412,proposed_linear_gate_pbrs_seed321_t480k,proposed_linear_gate_pbrs,480000,0.4880979166666667,0.95,0.6,0.0032718401969759,0.0008405067419516
2026-06-05T13:40:47.336052,219,235358,38.188718923297806,24.715112124450325,46,0.2782608695652174,4.885,0.23,19,19,-0.0017596967794815,0.8875730037689209,0.4120522961020469,0.0014292704354375,0.0050781251047737,0.0,0.0,4,9.639635125668244e-05,9.639635125668244e-05,1.0,in,l2sq,5167.0754680633545,proposed_linear_gate_pbrs_seed321_t480k,proposed_linear_gate_pbrs,480000,0.49032916666666665,0.95,0.95,0.0017596967794815,0.0014292704354375
2026-06-05T13:41:12.932351,220,236468,-9.283284524160322,-9.283284524160322,52,0.2752717391304348,5.12,0.21,14,19,-0.0026682992203859,0.901115708053112,0.4371643587946892,0.0003865824182412,0.0056640625116415,0.0,0.0,4,9.638189228597572e-05,9.638189228597572e-05,1.0,in,l2sq,5192.671730041504,proposed_linear_gate_pbrs_seed321_t480k,proposed_linear_gate_pbrs,480000,0.49264166666666664,0.95,0.7,0.0026682992203859,0.0003865824182412
2026-06-05T13:41:33.590810,221,237552,-44.634007680369066,-26.95864610226469,46,0.2741847826086956,5.245,0.23,19,19,-0.0040660478989593,0.8745460212230682,0.4265546910464763,-0.0005091436144482,0.0134765623952262,0.0,0.0,4,9.636261687133744e-05,9.636261687133744e-05,1.0,in,l2sq,5213.33020067215,proposed_linear_gate_pbrs_seed321_t480k,proposed_linear_gate_pbrs,480000,0.4949,0.95,0.95,0.0040660478989593,0.0005091436144482
2026-06-05T13:41:57.093291,222,238628,15.376299367124664,15.376299367124664,48,0.2739130434782608,5.52,0.24,15,19,-0.002263332196162,0.8736991286277771,0.4277516081929207,0.0003627526210039,0.0,0.0,0.0,4,9.634816271972531e-05,9.634816271972531e-05,1.0,in,l2sq,5236.832720518112,proposed_linear_gate_pbrs_seed321_t480k,proposed_linear_gate_pbrs,480000,0.49714166666666665,0.95,0.75,0.002263332196162,0.0003627526210039
2026-06-05T13:42:20.190884,223,239634,33.81073207174465,24.593515719434656,54,0.2779891304347826,5.49,0.2,19,19,-0.0014651041590696,0.9166358038783072,0.4402794986963272,0.0005931953718572,0.0007812500116415,0.0,0.0,4,9.633371097705817e-05,9.633371097705817e-05,1.0,in,l2sq,5259.93029999733,proposed_linear_gate_pbrs_seed321_t480k,proposed_linear_gate_pbrs,480000,0.4992375,0.95,0.95,0.0014651041590696,0.0005931953718572
2026-06-05T13:42:43.667491,224,240716,26.156263579919766,26.156263579919766,48,0.277445652173913,5.475,0.29,15,19,-0.0029307473247172,0.8266812637448311,0.4364624433219433,-0.0003269928733516,0.0031249999592546,0.0,0.0,4,9.631444519819988e-05,9.631444519819988e-05,1.0,in,l2sq,5283.406879901886,proposed_linear_gate_pbrs_seed321_t480k,proposed_linear_gate_pbrs,480000,0.5014916666666667,0.95,0.75,0.0029307473247172,0.0003269928733516
2026-06-05T13:43:03.930707,225,241781,10.8409278072365,18.49859569357813,57,0.2771739130434782,5.355,0.28,19,19,-0.003423067962285,0.9568561911582948,0.4355793073773384,9.033988044393482e-05,0.008984375570435,0.0,0.0,4,9.62999982722183e-05,9.62999982722183e-05,1.0,in,l2sq,5303.670095443726,proposed_linear_gate_pbrs_seed321_t480k,proposed_linear_gate_pbrs,480000,0.5037104166666667,0.95,0.95,0.003423067962285,9.033988044393482e-05
2026-06-05T13:43:27.130442,226,242845,-23.67273061796546,-23.67273061796546,43,0.2758152173913043,5.215,0.29,14,19,-0.0024857209064066,0.8990546613931656,0.4378029704093933,0.0010478964435606,0.0023437500494765,0.0,0.0,4,9.628555375397746e-05,9.628555375397746e-05,1.0,in,l2sq,5326.86986374855,proposed_linear_gate_pbrs_seed321_t480k,proposed_linear_gate_pbrs,480000,0.5059270833333334,0.95,0.7,0.0024857209064066,0.0010478964435606
2026-06-05T13:43:47.129282,227,243896,51.7149129753011,14.02109117866782,54,0.2744565217391304,5.22,0.33,19,19,-0.0037615046778227,0.942179411649704,0.4291174300014972,5.819740622425851e-05,0.0126953129947651,0.0,0.0,4,9.62662976060822e-05,9.62662976060822e-05,1.0,in,l2sq,5346.868675231934,proposed_linear_gate_pbrs_seed321_t480k,proposed_linear_gate_pbrs,480000,0.5081166666666667,0.95,0.95,0.0037615046778227,5.819740622425851e-05
2026-06-05T13:44:10.941625,228,244989,-12.170457853993003,-12.170457853993003,42,0.2730978260869565,5.185,0.23,12,19,-0.0028079503332265,0.9280148893594742,0.4334820583462715,0.002394360872313,0.0042968751513399,0.0,0.0,4,9.625185790211908e-05,9.625185790211908e-05,1.0,in,l2sq,5370.681044340134,proposed_linear_gate_pbrs_seed321_t480k,proposed_linear_gate_pbrs,480000,0.51039375,0.95,0.6,0.0028079503332265,0.002394360872313
2026-06-05T13:44:31.104543,229,246049,41.345791788180456,14.587666967093725,56,0.2739130434782608,5.145,0.2,19,19,-0.0018363341965595,0.9658214524388312,0.4279586561024189,0.0004789245854226,0.0009765625,0.0,0.0,4,9.623742060469304e-05,9.623742060469304e-05,1.0,in,l2sq,5390.84391951561,proposed_linear_gate_pbrs_seed321_t480k,proposed_linear_gate_pbrs,480000,0.5126020833333333,0.95,0.95,0.0018363341965595,0.0004789245854226
2026-06-05T13:44:55.790721,230,247117,24.733474012372216,24.733474012372216,49,0.2733695652173913,5.29,0.23,11,19,-0.0031035363761475,0.8830341398715973,0.425031878054142,0.0007897845329352,0.0023437500931322,0.0,0.0,4,9.621817408294632e-05,9.621817408294632e-05,1.0,in,l2sq,5415.530128955841,proposed_linear_gate_pbrs_seed321_t480k,proposed_linear_gate_pbrs,480000,0.5148270833333334,0.95,0.55,0.0031035363761475,0.0007897845329352
2026-06-05T13:45:14.622714,231,248109,10.438415081118327,17.58594454674527,47,0.2709239130434782,5.11,0.2,19,19,-0.0054701708490029,0.9460565149784088,0.4123864695429802,0.002990295796917,0.0242187506519258,0.0,0.0,4,9.620374159739134e-05,9.620374159739134e-05,1.0,in,l2sq,5434.3621373176575,proposed_linear_gate_pbrs_seed321_t480k,proposed_linear_gate_pbrs,480000,0.51689375,0.95,0.95,0.0054701708490029,0.002990295796917
2026-06-05T13:45:38.043284,232,249179,-32.168131904202404,-32.168131904202404,54,0.2717391304347826,5.21,0.31,14,19,-0.0023993455397431,0.9004817306995392,0.4097278378903866,0.0006722910055031,0.0074218752561137,0.0,0.0,4,9.618931151717044e-05,9.618931151717044e-05,1.0,in,l2sq,5457.782690048218,proposed_linear_gate_pbrs_seed321_t480k,proposed_linear_gate_pbrs,480000,0.5191229166666667,0.95,0.7,0.0023993455397431,0.0006722910055031
2026-06-05T13:46:03.117900,233,250223,12.23970322485989,-9.964214339671258,49,0.2706521739130434,5.16,0.32,19,19,-0.0038424075813964,0.8844466656446457,0.4503708258271217,0.001735570211531,0.0105468749534338,0.0,0.0,4,9.617488336092817e-05,9.617488336092817e-05,1.0,in,l2sq,5482.85723400116,proposed_linear_gate_pbrs_seed321_t480k,proposed_linear_gate_pbrs,480000,0.5212979166666667,0.95,0.95,0.0038424075813964,0.001735570211531
2026-06-05T13:46:27.389558,234,251313,41.8122539238927,41.8122539238927,47,0.2676630434782608,5.14,0.31,13,19,-0.0026691287770518,0.9494958072900772,0.4253274649381637,0.0006991757256969,0.002734375098953,0.0,0.0,4,9.616045760929844e-05,9.616045760929844e-05,1.0,in,l2sq,5507.128979921341,proposed_linear_gate_pbrs_seed321_t480k,proposed_linear_gate_pbrs,480000,0.52356875,0.95,0.65,0.0026691287770518,0.0006991757256969
2026-06-05T13:46:47.720276,235,252320,34.662794327025416,38.23752412545906,59,0.2698369565217391,5.19,0.36,19,19,-0.0029883776049246,0.9462499171495438,0.4384743273258209,5.2075380608584965e-05,0.0046875001571606,0.0,0.0,4,9.614122647938116e-05,9.614122647938116e-05,1.0,in,l2sq,5527.45967912674,proposed_linear_gate_pbrs_seed321_t480k,proposed_linear_gate_pbrs,480000,0.5256666666666666,0.95,0.95,0.0029883776049246,5.2075380608584965e-05
2026-06-05T13:47:12.501190,236,253397,16.42120066580903,16.42120066580903,54,0.2698369565217391,5.16,0.3,15,19,-0.0047964000841602,0.9043095409870148,0.420499250292778,0.0011151953559419,0.0140624998603016,0.0,0.0,4,9.612680553577434e-05,9.612680553577434e-05,1.0,in,l2sq,5552.2405960559845,proposed_linear_gate_pbrs_seed321_t480k,proposed_linear_gate_pbrs,480000,0.5279104166666667,0.95,0.75,0.0047964000841602,0.0011151953559419
2026-06-05T13:47:34.769132,237,254492,-3.186461927448936,6.617369369180048,59,0.2744565217391304,5.24,0.34,19,19,-0.0024440095454337,0.879621222615242,0.4468914493918419,0.0013027629265252,0.0066406251862645,0.0,0.0,4,9.6112386995578e-05,9.6112386995578e-05,1.0,in,l2sq,5574.50851726532,proposed_linear_gate_pbrs_seed321_t480k,proposed_linear_gate_pbrs,480000,0.5301916666666666,0.95,0.95,0.0024440095454337,0.0013027629265252
2026-06-05T13:47:58.573506,238,255524,31.545147822089326,31.545147822089326,52,0.2760869565217391,5.1,0.3,16,19,-0.0045582739810925,0.9632327035069466,0.4360243454575538,0.0021676329162346,0.0179687498603016,0.0,0.0,4,9.609316547930276e-05,9.609316547930276e-05,1.0,in,l2sq,5598.312904834747,proposed_linear_gate_pbrs_seed321_t480k,proposed_linear_gate_pbrs,480000,0.5323416666666667,0.95,0.8,0.0045582739810925,0.0021676329162346
2026-06-05T13:48:19.508587,239,256565,59.38796370472743,45.46655576340838,46,0.2760869565217391,5.165,0.27,19,19,-0.0050865858211182,0.9339283108711244,0.4077768251299858,0.0009009535843688,0.0152343751396983,0.0,0.0,4,9.60787517447258e-05,9.60787517447258e-05,1.0,in,l2sq,5619.248004436493,proposed_linear_gate_pbrs_seed321_t480k,proposed_linear_gate_pbrs,480000,0.5345104166666667,0.95,0.95,0.0050865858211182,0.0009009535843688
2026-06-05T13:48:44.561509,240,257583,46.23647883573651,46.23647883573651,50,0.2755434782608695,5.085,0.22,16,19,-0.0009681966679636,0.9506394043564796,0.4243442118167877,0.0001620827952933,0.0017578125698491,0.0,0.0,4,9.606434041235784e-05,9.606434041235784e-05,1.0,in,l2sq,5644.300898551941,proposed_linear_gate_pbrs_seed321_t480k,proposed_linear_gate_pbrs,480000,0.53663125,0.95,0.8,0.0009681966679636,0.0001620827952933
2026-06-05T13:49:05.934332,241,258646,43.41416810555238,44.82532347064445,54,0.2777173913043478,5.265,0.16,19,19,-0.0028576672222697,0.8192208111286163,0.4243064559996128,8.342832665914068e-05,0.004687500098953,0.0,0.0,4,9.60451285049188e-05,9.60451285049188e-05,1.0,in,l2sq,5665.67369055748,proposed_linear_gate_pbrs_seed321_t480k,proposed_linear_gate_pbrs,480000,0.5388458333333334,0.95,0.95,0.0028576672222697,8.342832665914068e-05
2026-06-05T13:49:30.507170,242,259711,60.18422006722023,60.18422006722023,57,0.2801630434782609,5.515,0.18,14,19,-0.0028924003941936,0.9204454869031906,0.4563491493463516,0.0007086746863023,0.0007812500116415,0.0,0.0,4,9.603072197576788e-05,9.603072197576788e-05,1.0,in,l2sq,5690.246584177017,proposed_linear_gate_pbrs_seed321_t480k,proposed_linear_gate_pbrs,480000,0.5410645833333333,0.95,0.7,0.0028924003941936,0.0007086746863023
2026-06-05T13:49:50.645678,243,260735,12.136508716550772,36.1603643918855,49,0.2788043478260869,5.415,0.23,19,19,-0.0031041528272908,0.9454986304044724,0.4313245229423046,0.0011480695752652,0.0078125004220055,0.0,0.0,4,9.601631784762512e-05,9.601631784762512e-05,1.0,in,l2sq,5710.385096788406,proposed_linear_gate_pbrs_seed321_t480k,proposed_linear_gate_pbrs,480000,0.5431979166666666,0.95,0.95,0.0031041528272908,0.0011480695752652
2026-06-05T13:50:13.824540,244,261802,8.603186253366145,8.603186253366145,54,0.2804347826086956,5.41,0.27,15,19,-0.0033785366220399,0.9043116718530656,0.4121938087046146,0.0019894837158972,0.0068359376455191,0.0,0.0,4,9.599711554421876e-05,9.599711554421876e-05,1.0,in,l2sq,5733.563931703568,proposed_linear_gate_pbrs_seed321_t480k,proposed_linear_gate_pbrs,480000,0.5454208333333334,0.95,0.75,0.0033785366220399,0.0019894837158972
2026-06-05T13:50:34.348980,245,262882,100.92256833728632,54.76287729532624,61,0.2815217391304347,5.335,0.29,19,19,-0.0027080522093454,0.9952550530433656,0.4380006864666939,0.000919542088377,0.0136718754656612,0.0,0.0,4,9.598271621689192e-05,9.598271621689192e-05,1.0,in,l2sq,5754.088399410248,proposed_linear_gate_pbrs_seed321_t480k,proposed_linear_gate_pbrs,480000,0.5476708333333333,0.95,0.95,0.0027080522093454,0.000919542088377
2026-06-05T13:50:57.182990,246,263934,59.99173257594786,59.99173257594786,52,0.2839673913043478,5.23,0.32,18,19,-0.0023605227950611,0.9306286126375198,0.4089192450046539,0.0005619005288736,0.0044921875960426,0.0,0.0,4,9.596831928937298e-05,9.596831928937298e-05,1.0,in,l2sq,5776.922410011292,proposed_linear_gate_pbrs_seed321_t480k,proposed_linear_gate_pbrs,480000,0.5498625,0.95,0.9,0.0023605227950611,0.0005619005288736
2026-06-05T13:51:18.497381,247,265035,119.74130582660912,89.86651920127849,73,0.2891304347826087,5.59,0.32,19,19,-0.0030723483738256,0.9497544914484024,0.4119681566953659,0.0003235673132621,0.0017578125698491,0.0,0.0,4,9.594912658519828e-05,9.594912658519828e-05,1.0,in,l2sq,5798.236795902252,proposed_linear_gate_pbrs_seed321_t480k,proposed_linear_gate_pbrs,480000,0.55215625,0.95,0.95,0.0030723483738256,0.0003235673132621
2026-06-05T13:51:42.086378,248,266122,69.60624150954406,69.60624150954406,67,0.2959239130434782,5.55,0.34,18,19,-0.0061762845376507,1.013682246208191,0.4364564269781112,0.004708479328292,0.0328124994412064,0.0,0.0,4,9.593473445609531e-05,9.593473445609531e-05,1.0,in,l2sq,5821.825803995132,proposed_linear_gate_pbrs_seed321_t480k,proposed_linear_gate_pbrs,480000,0.5544208333333334,0.95,0.9,0.0061762845376507,0.004708479328292
2026-06-05T13:52:01.713510,249,267153,49.65236107260951,59.62930129107679,51,0.2945652173913043,5.605,0.33,19,19,-0.0032027744178776,0.8841129466891289,0.4301319792866707,0.000246092813586,0.0146484378055902,0.0,0.0,4,9.59203447256006e-05,9.59203447256006e-05,1.0,in,l2sq,5841.452865600586,proposed_linear_gate_pbrs_seed321_t480k,proposed_linear_gate_pbrs,480000,0.55656875,0.95,0.95,0.0032027744178776,0.000246092813586
2026-06-05T13:52:26.512645,250,268232,77.7111510340819,77.7111510340819,58,0.2970108695652174,5.585,0.3,14,19,-0.0043002707941922,0.9401602745056152,0.4228800050914287,0.0016984410615805,0.0169921879423782,0.0,0.0,4,9.590116161585892e-05,9.590116161585892e-05,1.0,in,l2sq,5866.252044200897,proposed_linear_gate_pbrs_seed321_t480k,proposed_linear_gate_pbrs,480000,0.5588166666666666,0.95,0.7,0.0043002707941922,0.0016984410615805
2026-06-05T13:52:46.671626,251,269293,23.15086058243836,50.431005808260124,57,0.2997282608695652,5.525,0.2,19,19,-0.0037798226228913,0.9225038439035416,0.4186780303716659,0.0003634982047515,0.017187500372529,0.0,0.0,4,9.588677668138144e-05,9.588677668138144e-05,1.0,in,l2sq,5886.411045074463,proposed_linear_gate_pbrs_seed321_t480k,proposed_linear_gate_pbrs,480000,0.5610270833333333,0.95,0.95,0.0037798226228913,0.0003634982047515
2026-06-05T13:53:11.389765,252,270354,38.713871227835305,38.713871227835305,61,0.3016304347826087,5.425,0.25,10,19,-0.0030359369789949,0.9196984693408012,0.4027749672532081,0.0009267934751278,0.0097656251164153,0.0,0.0,4,9.587239414431311e-05,9.587239414431311e-05,1.0,in,l2sq,5911.129158735275,proposed_linear_gate_pbrs_seed321_t480k,proposed_linear_gate_pbrs,480000,0.5632375,0.95,0.5,0.0030359369789949,0.0009267934751278
2026-06-05T13:53:33.583671,253,271439,88.57857539642082,63.64622331212806,65,0.3059782608695652,5.44,0.29,19,19,-0.0032078157499199,0.934274896979332,0.4195645935833454,0.001629310339831,0.0035156250960426,0.0,0.0,4,9.585322062420818e-05,9.585322062420818e-05,1.0,in,l2sq,5933.323067188263,proposed_linear_gate_pbrs_seed321_t480k,proposed_linear_gate_pbrs,480000,0.5654979166666667,0.95,0.95,0.0032078157499199,0.001629310339831
2026-06-05T13:53:57.150848,254,272459,-7.821338788459866,-7.821338788459866,48,0.30625,5.33,0.32,13,19,-0.004053771495819,0.9216532111167908,0.4154267236590385,-0.0018830360193533,0.0058593749126885,0.0,0.0,4,9.58388428807596e-05,9.58388428807596e-05,1.0,in,l2sq,5956.89025759697,proposed_linear_gate_pbrs_seed321_t480k,proposed_linear_gate_pbrs,480000,0.5676229166666666,0.95,0.65,0.004053771495819,0.0018830360193533
2026-06-05T13:54:17.520415,255,273494,63.53383297312741,27.85624709233377,57,0.3057065217391304,5.4,0.34,19,19,-0.0030231221520807,0.8831505700945854,0.4099506735801697,0.0008047544496548,0.0087890626891748,0.0,0.0,4,9.58244675335217e-05,9.58244675335217e-05,1.0,in,l2sq,5977.259828567505,proposed_linear_gate_pbrs_seed321_t480k,proposed_linear_gate_pbrs,480000,0.5697791666666666,0.95,0.95,0.0030231221520807,0.0008047544496548
2026-06-05T13:54:43.110933,256,274640,24.819027505710512,24.819027505710512,62,0.3078804347826087,5.595,0.31,17,19,-0.0028375178779242,0.8970672339200974,0.4009919539093971,0.0007405518815176,0.0072265624767169,0.0,0.0,4,9.580530359825969e-05,9.580530359825969e-05,1.0,in,l2sq,6002.850342273712,proposed_linear_gate_pbrs_seed321_t480k,proposed_linear_gate_pbrs,480000,0.5721666666666667,0.95,0.85,0.0028375178779242,0.0007405518815176
2026-06-05T13:55:02.631083,257,275626,96.43734990027288,60.6281887029917,59,0.3078804347826087,5.45,0.23,19,19,-0.0026417166460306,0.9495865553617476,0.4090912565588951,-0.0004701375572039,0.0066406250116415,0.0,0.0,4,9.579093304224517e-05,9.579093304224517e-05,1.0,in,l2sq,6022.37048459053,proposed_linear_gate_pbrs_seed321_t480k,proposed_linear_gate_pbrs,480000,0.5742208333333333,0.95,0.95,0.0026417166460306,0.0004701375572039
2026-06-05T13:55:26.973199,258,276714,50.68843452969657,50.68843452969657,54,0.3084239130434782,5.255,0.21,18,19,-0.0041729749937076,0.9443156570196152,0.4174479953944683,0.0013534891015297,0.0068359376309672,0.0,0.0,4,9.577656488124348e-05,9.577656488124348e-05,1.0,in,l2sq,6046.712631940842,proposed_linear_gate_pbrs_seed321_t480k,proposed_linear_gate_pbrs,480000,0.5764875,0.95,0.9,0.0041729749937076,0.0013534891015297
2026-06-05T13:55:47.358917,259,277751,-16.792986026803938,16.947724251446317,43,0.3076086956521739,4.95,0.18,19,19,-0.0026516364014241,0.973785012960434,0.4066527336835861,0.0011494333893097,0.0121093755587935,0.0,0.0,4,9.576219863596467e-05,9.576219863596467e-05,1.0,in,l2sq,6067.098343133926,proposed_linear_gate_pbrs_seed321_t480k,proposed_linear_gate_pbrs,480000,0.5786479166666667,0.95,0.95,0.0026516364014241,0.0011494333893097
2026-06-05T13:56:11.015685,260,278741,15.355824863192783,15.355824863192783,50,0.3076086956521739,4.835,0.16,18,19,-0.003591819255962,0.956885039806366,0.4113307222723961,0.0019762902409639,0.0064453124650754,0.0,0.0,4,9.57478347849803e-05,9.57478347849803e-05,1.0,in,l2sq,6090.755057096481,proposed_linear_gate_pbrs_seed321_t480k,proposed_linear_gate_pbrs,480000,0.5807104166666667,0.95,0.9,0.003591819255962,0.0019762902409639
2026-06-05T13:56:32.103416,261,279808,71.17988421665117,43.26785453992198,56,0.3081521739130435,5.045,0.21,19,19,-0.0030922779005777,0.9194359332323074,0.3961258307099342,0.0016823231795115,0.0119140628085006,0.0,0.0,4,9.572868617550163e-05,9.572868617550163e-05,1.0,in,l2sq,6111.842812538147,proposed_linear_gate_pbrs_seed321_t480k,proposed_linear_gate_pbrs,480000,0.5829333333333333,0.95,0.95,0.0030922779005777,0.0016823231795115
2026-06-05T13:56:56.129115,262,280879,-7.869522904026212,-7.869522904026212,42,0.3040760869565217,5.06,0.16,17,19,-0.0025013745354953,0.941469743847847,0.3719841912388801,0.0005189894618524,0.0105468749534338,0.0,0.0,4,9.5714327111909e-05,9.5714327111909e-05,1.0,in,l2sq,6135.868549823761,proposed_linear_gate_pbrs_seed321_t480k,proposed_linear_gate_pbrs,480000,0.5851645833333333,0.95,0.85,0.0025013745354953,0.0005189894618524
2026-06-05T13:57:16.296971,263,281900,43.53650882142758,17.833492958700685,52,0.3048913043478261,5.24,0.14,19,19,-0.0025101006554903,0.8974348306655884,0.4131983816623688,0.0014019727027175,0.0011718750174622,0.0,0.0,4,9.569997044141388e-05,9.569997044141388e-05,1.0,in,l2sq,6156.036350250244,proposed_linear_gate_pbrs_seed321_t480k,proposed_linear_gate_pbrs,480000,0.5872916666666667,0.95,0.95,0.0025101006554903,0.0014019727027175
2026-06-05T13:57:40.946494,264,282999,-0.3377845733540858,-0.3377845733540858,49,0.3035326086956522,5.46,0.25,16,19,-0.0030369624902959,0.9016759619116784,0.4083545655012131,0.0002679359020476,0.0052734374330611,0.0,0.0,4,9.56808314043253e-05,9.56808314043253e-05,1.0,in,l2sq,6180.685889720917,proposed_linear_gate_pbrs_seed321_t480k,proposed_linear_gate_pbrs,480000,0.58958125,0.95,0.8,0.0030369624902959,0.0002679359020476
2026-06-05T13:58:01.666225,265,284049,74.76731132641673,37.21476337653132,58,0.3027173913043478,5.375,0.25,19,19,-0.004437231423799,0.9607496857643129,0.3924568593502044,-0.0001499903328294,0.0062500000931322,0.0,0.0,4,9.566647951882869e-05,9.566647951882869e-05,1.0,in,l2sq,6201.405616521835,proposed_linear_gate_pbrs_seed321_t480k,proposed_linear_gate_pbrs,480000,0.59176875,0.95,0.95,0.004437231423799,0.0001499903328294
2026-06-05T13:58:26.152766,266,285130,63.37376343053563,63.37376343053563,56,0.3038043478260869,5.365,0.28,15,19,-0.0020761847503308,0.8793783932924271,0.381893876940012,0.0016351268952348,0.0019531250727595,0.0,0.0,4,9.565213002523324e-05,9.565213002523324e-05,1.0,in,l2sq,6225.89219212532,proposed_linear_gate_pbrs_seed321_t480k,proposed_linear_gate_pbrs,480000,0.5940208333333333,0.95,0.75,0.0020761847503308,0.0016351268952348
2026-06-05T13:58:46.521921,267,286189,22.12428330744785,42.74902336899174,51,0.2978260869565217,5.395,0.26,19,19,-0.0023251578364579,0.845249742269516,0.4406011551618576,0.0010641242011843,0.0035156251396983,0.0,0.0,4,9.563300055574952e-05,9.563300055574952e-05,1.0,in,l2sq,6246.26131439209,proposed_linear_gate_pbrs_seed321_t480k,proposed_linear_gate_pbrs,480000,0.5962270833333333,0.95,0.95,0.0023251578364579,0.0010641242011843
2026-06-05T13:59:10.233755,268,287272,-7.261539814231507,-7.261539814231507,46,0.2921195652173913,5.295,0.19,15,19,-0.0029920757864602,0.8604379743337631,0.3952221721410751,0.000216730437387,0.0078124999126885,0.0,0.0,4,9.56186558447606e-05,9.56186558447606e-05,1.0,in,l2sq,6269.973163366318,proposed_linear_gate_pbrs_seed321_t480k,proposed_linear_gate_pbrs,480000,0.5984833333333334,0.95,0.75,0.0029920757864602,0.000216730437387
2026-06-05T13:59:30.309408,269,288320,6.627275704232163,-0.3171320549996719,46,0.2907608695652174,5.255,0.2,19,19,-0.0021249540368445,0.9650040417909622,0.4160802625119686,-0.0009945277423867,0.0017578125261934,0.0,0.0,4,9.56043135244772e-05,9.56043135244772e-05,1.0,in,l2sq,6290.0488114357,proposed_linear_gate_pbrs_seed321_t480k,proposed_linear_gate_pbrs,480000,0.6006666666666667,0.95,0.95,0.0021249540368445,0.0009945277423867
2026-06-05T13:59:54.080922,270,289343,46.07457968175392,46.07457968175392,58,0.2907608695652174,5.185,0.21,16,19,-0.0029076610531774,0.9786324501037598,0.4141207858920097,0.0011147223023726,0.0072265626949956,0.0,0.0,4,9.55851936178154e-05,9.55851936178154e-05,1.0,in,l2sq,6313.820330619812,proposed_linear_gate_pbrs_seed321_t480k,proposed_linear_gate_pbrs,480000,0.6027979166666667,0.95,0.8,0.0029076610531774,0.0011147223023726
2026-06-05T14:00:14.300417,271,290402,46.80125152108549,46.4379156014197,51,0.2891304347826087,5.05,0.19,19,19,-0.003422421979485,0.8968615084886551,0.3888363912701607,0.0016548639188613,0.004687500098953,0.0,0.0,4,9.557085607774768e-05,9.557085607774768e-05,1.0,in,l2sq,6334.039797306061,proposed_linear_gate_pbrs_seed321_t480k,proposed_linear_gate_pbrs,480000,0.6050041666666667,0.95,0.95,0.003422421979485,0.0016548639188613
2026-06-05T14:00:36.845549,272,291426,26.96667140521337,26.96667140521337,51,0.2864130434782608,5.075,0.25,15,19,-0.0029077194718411,0.8417129069566727,0.3958233520388603,-0.0005436316085819,0.0125000002153683,0.0,0.0,4,9.555652092719028e-05,9.555652092719028e-05,1.0,in,l2sq,6356.584962844849,proposed_linear_gate_pbrs_seed321_t480k,proposed_linear_gate_pbrs,480000,0.6071375,0.95,0.75,0.0029077194718411,0.0005436316085819
2026-06-05T14:00:56.330834,273,292444,-46.86868869426127,-9.951008644523952,40,0.2796195652173913,4.98,0.21,19,19,-0.0038759679708164,0.9026912450790404,0.3898217678070068,-0.0008167864247298,0.0027343749534338,0.0,0.0,4,9.554218768795444e-05,9.554218768795444e-05,1.0,in,l2sq,6376.070255279541,proposed_linear_gate_pbrs_seed321_t480k,proposed_linear_gate_pbrs,480000,0.6092583333333333,0.95,0.95,0.0038759679708164,0.0008167864247298
2026-06-05T14:01:18.980153,274,293470,-3.4030230058533326,-3.4030230058533326,48,0.2796195652173913,5.1,0.25,15,19,-0.0026643694000085,0.884691871702671,0.4046764113008976,0.0019034986686052,0.0041015625465661,0.0,0.0,4,9.55278568375122e-05,9.55278568375122e-05,1.0,in,l2sq,6398.719571352005,proposed_linear_gate_pbrs_seed321_t480k,proposed_linear_gate_pbrs,480000,0.6113958333333334,0.95,0.75,0.0026643694000085,0.0019034986686052
2026-06-05T14:01:39.660783,275,294547,45.54735967641796,21.07216833528231,62,0.2809782608695652,5.025,0.26,19,19,-0.0026446797128301,0.9509374275803566,0.3708111494779587,0.0028440012472401,0.005859375,0.0,0.0,4,9.550875222142326e-05,9.550875222142326e-05,1.0,in,l2sq,6419.400171518326,proposed_linear_gate_pbrs_seed321_t480k,proposed_linear_gate_pbrs,480000,0.6136395833333333,0.95,0.95,0.0026446797128301,0.0028440012472401
2026-06-05T14:02:02.057706,276,295569,72.40293648672582,72.40293648672582,56,0.2793478260869565,5.005,0.21,16,19,-0.0048280688119121,1.01352921128273,0.381738469004631,0.0023612474593392,0.0085937500116415,0.0,0.0,4,9.549442614737388e-05,9.549442614737388e-05,1.0,in,l2sq,6441.7971312999725,proposed_linear_gate_pbrs_seed321_t480k,proposed_linear_gate_pbrs,480000,0.61576875,0.95,0.8,0.0048280688119121,0.0023612474593392
2026-06-05T14:02:21.302919,277,296576,91.36771880442384,81.88532764557483,65,0.2809782608695652,4.965,0.19,19,19,-0.0031509012333116,0.9892134815454484,0.3894340246915817,0.001808736154453,0.0140625003259629,0.0,0.0,4,9.548010246092391e-05,9.548010246092391e-05,1.0,in,l2sq,6461.042345285416,proposed_linear_gate_pbrs_seed321_t480k,proposed_linear_gate_pbrs,480000,0.6178666666666667,0.95,0.95,0.0031509012333116,0.001808736154453
2026-06-05T14:02:46.200967,278,297672,60.10355754725112,60.10355754725112,58,0.2820652173913043,5.1,0.19,18,19,-0.0024496998637915,0.8780739679932594,0.3978190906345844,0.0008028735654988,0.0029296875582076,0.0,0.0,4,9.546100739523274e-05,9.546100739523274e-05,1.0,in,l2sq,6485.940375804901,proposed_linear_gate_pbrs_seed321_t480k,proposed_linear_gate_pbrs,480000,0.62015,0.95,0.9,0.0024496998637915,0.0008028735654988
2026-06-05T14:03:06.304261,279,298673,24.671452714065516,42.38750513065832,45,0.2826086956521739,5.08,0.15,19,19,-0.0033865273580886,0.9633441120386124,0.3808314129710197,0.0036755268756678,0.0160156253259629,0.0,0.0,4,9.54466884827879e-05,9.54466884827879e-05,1.0,in,l2sq,6506.043650865555,proposed_linear_gate_pbrs_seed321_t480k,proposed_linear_gate_pbrs,480000,0.6222354166666667,0.95,0.95,0.0033865273580886,0.0036755268756678
2026-06-05T14:03:31.761194,280,299727,67.09283696718498,67.09283696718498,57,0.2845108695652174,5.25,0.17,16,19,-0.0029689517788937,0.9481129571795464,0.3939625695347786,0.0013598306737548,0.0113281250960426,0.0,0.0,4,9.543237195674892e-05,9.543237195674892e-05,1.0,in,l2sq,6531.500596523285,proposed_linear_gate_pbrs_seed321_t480k,proposed_linear_gate_pbrs,480000,0.62443125,0.95,0.8,0.0029689517788937,0.0013598306737548
2026-06-05T14:03:51.844563,281,300730,58.187534063132894,62.64018551515893,59,0.2853260869565217,5.215,0.11,19,19,-0.0029752105649094,0.9048092067241668,0.3884317800402641,0.0008558377372537,0.0023437500931322,0.0,0.0,4,9.541805733954828e-05,9.541805733954828e-05,1.0,in,l2sq,6551.583975791931,proposed_linear_gate_pbrs_seed321_t480k,proposed_linear_gate_pbrs,480000,0.6265208333333333,0.95,0.95,0.0029752105649094,0.0008558377372537
2026-06-05T14:04:16.805486,282,301821,37.96318636047318,37.96318636047318,45,0.2861413043478261,5.075,0.12,17,19,-0.0030300889513454,0.8835984766483307,0.3988749794661999,0.0009420826178938,0.0048828126455191,0.0,0.0,4,9.540374510803764e-05,9.540374510803764e-05,1.0,in,l2sq,6576.544897556305,proposed_linear_gate_pbrs_seed321_t480k,proposed_linear_gate_pbrs,480000,0.62879375,0.95,0.85,0.0030300889513454,0.0009420826178938
2026-06-05T14:04:37.930116,283,302857,67.60992116638249,52.78655376342783,53,0.2864130434782608,5.2,0.18,19,19,-0.0041244635533075,0.9267968013882636,0.3959630206227302,0.0025476386748778,0.013867187895812,0.0,0.0,4,9.538466531305348e-05,9.538466531305348e-05,1.0,in,l2sq,6597.669499158859,proposed_linear_gate_pbrs_seed321_t480k,proposed_linear_gate_pbrs,480000,0.6309520833333333,0.95,0.95,0.0041244635533075,0.0025476386748778
2026-06-05T14:05:02.824012,284,303943,-0.7702430341146489,-0.7702430341146489,54,0.2877717391304348,5.345,0.22,16,19,-0.0038694978225977,0.8715774863958359,0.3903475254774093,0.0039344880435237,0.0105468756519258,0.0,0.0,4,9.53703578517301e-05,9.53703578517301e-05,1.0,in,l2sq,6622.563441514969,proposed_linear_gate_pbrs_seed321_t480k,proposed_linear_gate_pbrs,480000,0.6332145833333334,0.95,0.8,0.0038694978225977,0.0039344880435237
2026-06-05T14:05:25.150348,285,305049,41.23742929708433,20.23359313148484,59,0.2880434782608695,5.47,0.22,19,19,-0.002545648130763,0.9379742220044136,0.3809969983994961,-0.0009187528850361,0.0093750003288732,0.0,0.0,4,9.535605277490412e-05,9.535605277490412e-05,1.0,in,l2sq,6644.88975071907,proposed_linear_gate_pbrs_seed321_t480k,proposed_linear_gate_pbrs,480000,0.63551875,0.95,0.95,0.002545648130763,0.0009187528850361
2026-06-05T14:05:49.822335,286,306124,13.204901088406482,13.204901088406482,51,0.2866847826086957,5.41,0.19,17,19,-0.0028669779057963,0.9391468465328217,0.3977344706654548,0.002498494269821,0.0111328130587935,0.0,0.0,4,9.533698251790968e-05,9.533698251790968e-05,1.0,in,l2sq,6669.561729431152,proposed_linear_gate_pbrs_seed321_t480k,proposed_linear_gate_pbrs,480000,0.6377583333333333,0.95,0.85,0.0028669779057963,0.002498494269821
2026-06-05T14:06:11.146036,287,307185,51.51628912315741,32.36059510578195,55,0.2877717391304348,5.58,0.24,19,19,-0.0030878611549269,0.9350322932004927,0.3695746064186096,0.0015053279676067,0.001562500023283,0.0,0.0,4,9.532268220888635e-05,9.532268220888635e-05,1.0,in,l2sq,6690.88541674614,proposed_linear_gate_pbrs_seed321_t480k,proposed_linear_gate_pbrs,480000,0.63996875,0.95,0.95,0.0030878611549269,0.0015053279676067
2026-06-05T14:06:35.899061,288,308248,76.10532638242582,76.10532638242582,54,0.289945652173913,5.44,0.23,17,19,-0.0030077916017035,0.9183131083846092,0.3938988037407398,0.0028435542210445,0.0041015625029103,0.0,0.0,4,9.530838428316844e-05,9.530838428316844e-05,1.0,in,l2sq,6715.638487577438,proposed_linear_gate_pbrs_seed321_t480k,proposed_linear_gate_pbrs,480000,0.6421833333333333,0.95,0.85,0.0030077916017035,0.0028435542210445
2026-06-05T14:06:58.796579,289,309381,44.81097349100042,60.45814993671311,56,0.2926630434782609,5.695,0.26,19,19,-0.0037005782593041,0.8767995983362198,0.3811342678964138,0.0020806801060644,0.0117187501746229,0.0,0.0,4,9.528932355939564e-05,9.528932355939564e-05,1.0,in,l2sq,6738.535959720612,proposed_linear_gate_pbrs_seed321_t480k,proposed_linear_gate_pbrs,480000,0.64454375,0.95,0.95,0.0037005782593041,0.0020806801060644
2026-06-05T14:07:24.333463,290,310435,10.641077026406734,10.641077026406734,50,0.2904891304347826,5.565,0.25,17,19,-0.0018901863106293,0.9655298516154288,0.3905366845428943,0.0010601192157992,0.0052734375058207,0.0,0.0,4,9.5270266647577e-05,9.5270266647577e-05,1.0,in,l2sq,6764.072831392288,proposed_linear_gate_pbrs_seed321_t480k,proposed_linear_gate_pbrs,480000,0.6467395833333334,0.95,0.85,0.0018901863106293,0.0010601192157992
2026-06-05T14:07:44.136241,291,311422,45.22844027145933,27.93475864893303,56,0.2918478260869565,5.38,0.23,19,19,-0.0018442616477841,0.9476356208324432,0.3749266117811203,0.0010105206436492,0.001953125,0.0,0.0,4,9.525597634576744e-05,9.525597634576744e-05,1.0,in,l2sq,6783.87565112114,proposed_linear_gate_pbrs_seed321_t480k,proposed_linear_gate_pbrs,480000,0.6487958333333333,0.95,0.95,0.0018442616477841,0.0010105206436492
2026-06-05T14:08:07.751716,292,312449,31.135612453085503,31.135612453085503,50,0.2915760869565217,5.185,0.21,18,19,-0.002473177045249,0.9216078296303748,0.3897398822009563,0.0007794738534357,0.0031250001629814,0.0,0.0,4,9.524168842559544e-05,9.524168842559544e-05,1.0,in,l2sq,6807.49112534523,proposed_linear_gate_pbrs_seed321_t480k,proposed_linear_gate_pbrs,480000,0.6509354166666667,0.95,0.9,0.002473177045249,0.0007794738534357
2026-06-05T14:08:30.843955,293,313590,-10.704157408898276,10.215727522093612,48,0.29375,5.07,0.24,19,19,-0.0019410788983804,0.988130584359169,0.4103584066033363,0.0009619162510716,0.0003906250058207,0.0,0.0,4,9.522740241044774e-05,9.522740241044774e-05,1.0,in,l2sq,6830.583363294601,proposed_linear_gate_pbrs_seed321_t480k,proposed_linear_gate_pbrs,480000,0.6533125,0.95,0.95,0.0019410788983804,0.0009619162510716
2026-06-05T14:08:55.585697,294,314671,108.6378137367838,108.6378137367838,57,0.296195652173913,5.305,0.29,18,19,-0.003912646480603,0.9375208914279938,0.4005336165428161,0.0021012232136854,0.0039062499563442,0.0,0.0,4,9.521311877622318e-05,9.521311877622318e-05,1.0,in,l2sq,6855.325120210648,proposed_linear_gate_pbrs_seed321_t480k,proposed_linear_gate_pbrs,480000,0.6555645833333333,0.95,0.9,0.003912646480603,0.0021012232136854
2026-06-05T14:09:16.893661,295,315726,44.51035283528741,76.57408328603562,50,0.2929347826086956,5.24,0.27,19,19,-0.0033107531286076,0.8815445527434349,0.385422732681036,0.001156164364329,0.0091796875931322,0.0,0.0,4,9.519407710459912e-05,9.519407710459912e-05,1.0,in,l2sq,6876.633035421372,proposed_linear_gate_pbrs_seed321_t480k,proposed_linear_gate_pbrs,480000,0.6577625,0.95,0.95,0.0033107531286076,0.001156164364329
2026-06-05T14:09:40.394424,296,316749,120.80309169319742,120.80309169319742,60,0.2940217391304348,5.515,0.27,18,19,-0.0020262301171897,0.93701171875,0.4037116393446922,0.0002355260658077,0.0093750001396983,0.0,0.0,4,9.517979823103051e-05,9.517979823103051e-05,1.0,in,l2sq,6900.133831739426,proposed_linear_gate_pbrs_seed321_t480k,proposed_linear_gate_pbrs,480000,0.65989375,0.95,0.9,0.0020262301171897,0.0002355260658077
2026-06-05T14:10:01.977556,297,317833,103.44213119336204,112.12261144327974,64,0.29375,5.67,0.25,19,19,-0.0027039647626224,0.8919811919331551,0.3688947856426239,0.0023164095632182,0.0054687500087311,0.0,0.0,4,9.516552173719488e-05,9.516552173719488e-05,1.0,in,l2sq,6921.716973543167,proposed_linear_gate_pbrs_seed321_t480k,proposed_linear_gate_pbrs,480000,0.6621520833333333,0.95,0.95,0.0027039647626224,0.0023164095632182
2026-06-05T14:10:34.240997,298,318906,79.14489408644765,79.14489408644765,61,0.2945652173913043,5.62,0.21,19,19,-0.0027252117579337,0.9410217553377151,0.3705573454499244,0.0001275933316718,0.0031250000465661,0.0,0.0,4,9.514648958450265e-05,9.514648958450265e-05,1.0,in,l2sq,6953.980190515518,proposed_linear_gate_pbrs_seed321_t480k,proposed_linear_gate_pbrs,480000,0.6643875,0.95,0.95,0.0027252117579337,0.0001275933316718
2026-06-05T14:10:54.852423,299,319913,112.21106313373382,95.67797861009072,71,0.3016304347826087,5.495,0.2,19,19,-0.0034462645417079,0.9359965324401855,0.377273865044117,0.0027206128953366,0.0089843749301508,0.0,0.0,4,9.513221784894308e-05,9.513221784894308e-05,1.0,in,l2sq,6974.591804265976,proposed_linear_gate_pbrs_seed321_t480k,proposed_linear_gate_pbrs,480000,0.6664854166666667,0.95,0.95,0.0034462645417079,0.0027206128953366
2026-06-05T14:11:28.191636,300,320946,2.383912007438353,2.383912007438353,54,0.3008152173913043,5.295,0.22,19,19,-0.0021806698547151,0.9653469920158386,0.4070201702415943,1.8625219718154676e-05,0.0052734377095475,0.0,0.0,4,9.511794849192684e-05,9.511794849192684e-05,1.0,in,l2sq,7007.931014537811,proposed_linear_gate_pbrs_seed321_t480k,proposed_linear_gate_pbrs,480000,0.6686375,0.95,0.95,0.0021806698547151,1.8625219718154676e-05
2026-06-05T14:11:49.683624,301,322011,86.66489268910614,44.52440234827225,63,0.3019021739130434,5.16,0.22,19,19,-0.0030881077283994,0.8503158465027809,0.4022867418825626,0.0005092251323275,0.0031250001629814,0.0,0.0,4,9.509892585340794e-05,9.509892585340794e-05,1.0,in,l2sq,7029.423039674759,proposed_linear_gate_pbrs_seed321_t480k,proposed_linear_gate_pbrs,480000,0.67085625,0.95,0.95,0.0030881077283994,0.0005092251323275
2026-06-05T14:12:22.149663,302,323017,83.66518208255356,83.66518208255356,65,0.3073369565217391,5.08,0.24,19,19,-0.0029397547070404,0.9503144770860672,0.3566768541932106,0.0019478425005217,0.001562500023283,0.0,0.0,4,9.508466125228912e-05,9.508466125228912e-05,1.0,in,l2sq,7061.889044284821,proposed_linear_gate_pbrs_seed321_t480k,proposed_linear_gate_pbrs,480000,0.6729520833333333,0.95,0.95,0.0029397547070404,0.0019478425005217
2026-06-05T14:12:41.782335,303,324048,33.56873662727555,58.61695935491456,54,0.3076086956521739,5.11,0.25,19,19,-0.0027836613517138,0.8874634206295013,0.375831838697195,0.000732967884187,0.0060546875320142,0.0,0.0,4,9.50703990285246e-05,9.50703990285246e-05,1.0,in,l2sq,7081.521699905396,proposed_linear_gate_pbrs_seed321_t480k,proposed_linear_gate_pbrs,480000,0.6751,0.95,0.95,0.0027836613517138,0.000732967884187
2026-06-05T14:13:02.909035,304,325010,77.35447591597071,77.35447591597071,62,0.3097826086956521,5.025,0.23,18,19,-0.0020638779416912,0.9600552767515182,0.3680669814348221,1.4159279999148566e-05,0.0039062501455191,0.0,0.0,4,9.50561387063582e-05,9.50561387063582e-05,1.0,in,l2sq,7102.648470163345,proposed_linear_gate_pbrs_seed321_t480k,proposed_linear_gate_pbrs,480000,0.6771041666666666,0.95,0.9,0.0020638779416912,1.4159279999148566e-05
2026-06-05T14:13:22.313929,305,326030,42.04326829738892,59.698872106679815,51,0.3076086956521739,4.965,0.24,19,19,-0.0029871188660763,0.9535927176475524,0.3650811985135078,0.0014730823581203,0.0052734374330611,0.0,0.0,4,9.504188076083296e-05,9.504188076083296e-05,1.0,in,l2sq,7122.0533401966095,proposed_linear_gate_pbrs_seed321_t480k,proposed_linear_gate_pbrs,480000,0.6792291666666667,0.95,0.95,0.0029871188660763,0.0014730823581203
2026-06-05T14:13:44.991382,306,327077,64.74516535719711,64.74516535719711,60,0.3100543478260869,5.25,0.21,17,19,-0.0022669248690362,0.9029516205191612,0.3691975548863411,0.0017905739841353,0.0003906250058207,0.0,0.0,4,9.50228733350996e-05,9.50228733350996e-05,1.0,in,l2sq,7144.730783700943,proposed_linear_gate_pbrs_seed321_t480k,proposed_linear_gate_pbrs,480000,0.6814104166666667,0.95,0.85,0.0022669248690362,0.0017905739841353
2026-06-05T14:14:06.216038,307,328146,79.4772018540227,72.11118360560991,62,0.3119565217391304,5.235,0.18,19,19,-0.0017427653860068,0.9357559382915496,0.373475432395935,0.001216229982765,0.0,0.0,0.0,4,9.50086201416684e-05,9.50086201416684e-05,1.0,in,l2sq,7165.955419063568,proposed_linear_gate_pbrs_seed321_t480k,proposed_linear_gate_pbrs,480000,0.6836375,0.95,0.95,0.0017427653860068,0.001216229982765
2026-06-05T14:14:29.035510,308,329187,104.8930854556584,104.8930854556584,63,0.3144021739130435,5.47,0.16,18,19,-0.0035792875802145,0.9565962553024292,0.3657549060881138,0.0021913432599831,0.0052734375058207,0.0,0.0,4,9.499436932369023e-05,9.499436932369023e-05,1.0,in,l2sq,7188.77494096756,proposed_linear_gate_pbrs_seed321_t480k,proposed_linear_gate_pbrs,480000,0.68580625,0.95,0.9,0.0035792875802145,0.0021913432599831
2026-06-05T14:14:48.414481,309,330202,72.06308428402971,88.47808486984405,55,0.3141304347826087,5.475,0.18,19,19,-0.0025626891176218,0.9121585935354232,0.3656328395009041,0.0001644864199078,0.0042968750931322,0.0,0.0,4,9.498012040578948e-05,9.498012040578948e-05,1.0,in,l2sq,7208.153898715973,proposed_linear_gate_pbrs_seed321_t480k,proposed_linear_gate_pbrs,480000,0.6879208333333333,0.95,0.95,0.0025626891176218,0.0001644864199078
2026-06-05T14:15:13.207708,310,331280,3.1628586539673726,3.1628586539673726,51,0.3144021739130435,5.625,0.2,17,19,-0.0027496136906847,0.8957750648260117,0.3726008869707584,0.0010761852246105,0.007617187759024,0.0,0.0,4,9.496587386262924e-05,9.496587386262924e-05,1.0,in,l2sq,7232.947111129761,proposed_linear_gate_pbrs_seed321_t480k,proposed_linear_gate_pbrs,480000,0.6901666666666667,0.95,0.85,0.0027496136906847,0.0010761852246105
2026-06-05T14:15:34.256395,311,332362,3.5258023140005723,3.3443304839839723,45,0.3114130434782609,5.575,0.18,19,19,-0.0025773801462491,0.9355218783020972,0.35853111743927,0.0015757697176923,0.0039062500582076,0.0,0.0,4,9.494688163751544e-05,9.494688163751544e-05,1.0,in,l2sq,7253.995769739151,proposed_linear_gate_pbrs_seed321_t480k,proposed_linear_gate_pbrs,480000,0.6924208333333334,0.95,0.95,0.0025773801462491,0.0015757697176923
2026-06-05T14:16:08.088322,312,333408,72.97852799511182,72.97852799511182,61,0.3144021739130435,5.61,0.22,19,19,-0.002552928723162,0.9714740514755248,0.3672146797180176,0.001054394366929,0.0003906250058207,0.0,0.0,4,9.493263984264888e-05,9.493263984264888e-05,1.0,in,l2sq,7287.827552318573,proposed_linear_gate_pbrs_seed321_t480k,proposed_linear_gate_pbrs,480000,0.6946,0.95,0.95,0.002552928723162,0.001054394366929
2026-06-05T14:16:28.619505,313,334426,87.94918028091385,80.46385413801283,57,0.3168478260869565,5.435,0.19,19,19,-0.0016591855041042,0.899940699338913,0.3505490757524967,-0.0002362106906729,0.0009765625,0.0,0.0,4,9.491840042133568e-05,9.491840042133568e-05,1.0,in,l2sq,7308.358903646469,proposed_linear_gate_pbrs_seed321_t480k,proposed_linear_gate_pbrs,480000,0.6967208333333333,0.95,0.95,0.0016591855041042,0.0002362106906729
2026-06-05T14:16:52.607561,314,335467,76.07684577602373,76.07684577602373,55,0.3163043478260869,5.34,0.21,18,19,-0.0026428817480337,0.9102037698030472,0.3632208667695522,-0.0005004662440114,0.0064453125814907,0.0,0.0,4,9.489941769043542e-05,9.489941769043542e-05,1.0,in,l2sq,7332.346968412399,proposed_linear_gate_pbrs_seed321_t480k,proposed_linear_gate_pbrs,480000,0.6988895833333333,0.95,0.9,0.0026428817480337,0.0005004662440114
2026-06-05T14:17:13.932118,315,336563,56.61571443872127,66.34628010737251,53,0.3171195652173913,5.42,0.21,19,19,-0.0024688869423699,0.906445413827896,0.3456417396664619,-0.0001626594375011,0.0003906250058207,0.0,0.0,4,9.488518301504226e-05,9.488518301504226e-05,1.0,in,l2sq,7353.671523094177,proposed_linear_gate_pbrs_seed321_t480k,proposed_linear_gate_pbrs,480000,0.7011729166666667,0.95,0.95,0.0024688869423699,0.0001626594375011
2026-06-05T14:17:36.663984,316,337614,95.74086704805714,95.74086704805714,63,0.3179347826086957,5.23,0.2,18,19,-0.0036729373183332,0.927468828856945,0.3580130338668823,0.0012008698901809,0.0042968750494765,0.0,0.0,4,9.487095071201593e-05,9.487095071201593e-05,1.0,in,l2sq,7376.403424739838,proposed_linear_gate_pbrs_seed321_t480k,proposed_linear_gate_pbrs,480000,0.7033625,0.95,0.9,0.0036729373183332,0.0012008698901809
2026-06-05T14:17:57.092389,317,338690,8.904502932034172,52.32268499004566,49,0.3138586956521739,5.22,0.17,19,19,-0.0024012052203034,0.8773910328745842,0.3569525778293609,-0.000442428275528,0.0029296876164153,0.0,0.0,4,9.485197747058303e-05,9.485197747058303e-05,1.0,in,l2sq,7396.8317885398865,proposed_linear_gate_pbrs_seed321_t480k,proposed_linear_gate_pbrs,480000,0.7056041666666667,0.95,0.95,0.0024012052203034,0.000442428275528
2026-06-05T14:18:20.817583,318,339785,65.37388892835106,65.37388892835106,58,0.3130434782608696,5.36,0.17,16,19,-0.003507597715361,0.853484645485878,0.368044726550579,-0.0006083526989641,0.0023437500931322,0.0,0.0,4,9.483774991110424e-05,9.483774991110424e-05,1.0,in,l2sq,7420.557000637054,proposed_linear_gate_pbrs_seed321_t480k,proposed_linear_gate_pbrs,480000,0.7078854166666667,0.95,0.8,0.003507597715361,0.0006083526989641
2026-06-05T14:18:40.835218,319,340841,111.54108783002182,88.45748837918644,61,0.3103260869565217,5.495,0.2,19,19,-0.0024214255157857,0.9102450236678123,0.3414442166686058,0.0007080371698066,0.0025390625960426,0.0,0.0,4,9.482352472280633e-05,9.482352472280633e-05,1.0,in,l2sq,7440.574609041214,proposed_linear_gate_pbrs_seed321_t480k,proposed_linear_gate_pbrs,480000,0.7100854166666667,0.95,0.95,0.0024214255157857,0.0007080371698066
2026-06-05T14:19:04.460641,320,341871,60.65436111812763,60.65436111812763,60,0.3119565217391304,5.545,0.25,17,19,-0.0021109239519319,0.9006151109933853,0.3582856059074402,0.001667118938667,0.0042968752823071,0.0,0.0,4,9.480456096609702e-05,9.480456096609702e-05,1.0,in,l2sq,7464.200052022934,proposed_linear_gate_pbrs_seed321_t480k,proposed_linear_gate_pbrs,480000,0.71223125,0.95,0.85,0.0021109239519319,0.001667118938667
2026-06-05T14:19:24.232807,321,342914,30.04114502087458,45.34775306950111,47,0.3076086956521739,5.38,0.23,19,19,-0.0028541281702928,0.9818865656852722,0.3529780358076095,0.0004573139343847,0.001562500023283,0.0,0.0,4,9.479034051897535e-05,9.479034051897535e-05,1.0,in,l2sq,7483.97222328186,proposed_linear_gate_pbrs_seed321_t480k,proposed_linear_gate_pbrs,480000,0.7144041666666666,0.95,0.95,0.0028541281702928,0.0004573139343847
2026-06-05T14:19:46.890923,322,343948,37.45261453734551,37.45261453734551,56,0.3051630434782608,5.41,0.24,17,19,-0.0023773563836583,0.9592095166444778,0.3635199889540672,0.002648080831318,0.0046874999825377,0.0,0.0,4,9.477612244184922e-05,9.477612244184922e-05,1.0,in,l2sq,7506.630328655243,proposed_linear_gate_pbrs_seed321_t480k,proposed_linear_gate_pbrs,480000,0.7165583333333333,0.95,0.85,0.0023773563836583,0.002648080831318
2026-06-05T14:20:07.089204,323,345007,54.74758978667085,46.10010216200818,58,0.30625,5.43,0.27,19,19,-0.0033139274164568,0.9534694999456406,0.3628710843622684,0.001358884677154,0.0074218752561137,0.0,0.0,4,9.475716816512207e-05,9.475716816512207e-05,1.0,in,l2sq,7526.828602552414,proposed_linear_gate_pbrs_seed321_t480k,proposed_linear_gate_pbrs,480000,0.7187645833333334,0.95,0.95,0.0033139274164568,0.001358884677154
2026-06-05T14:20:29.468981,324,346031,45.65917417612155,45.65917417612155,59,0.3054347826086956,5.42,0.25,15,19,-0.0039823562954552,0.9102153927087784,0.3406488746404648,0.0060774343317461,0.0316406263154931,0.0,0.0,4,9.474295482680208e-05,9.474295482680208e-05,1.0,in,l2sq,7549.208406448364,proposed_linear_gate_pbrs_seed321_t480k,proposed_linear_gate_pbrs,480000,0.7208979166666667,0.95,0.75,0.0039823562954552,0.0060774343317461
2026-06-05T14:20:48.897466,325,347055,81.9399224189294,63.79954829752548,61,0.3081521739130435,5.33,0.25,19,19,-0.0028239097562617,0.935851253569126,0.3434689901769161,0.0005903192063215,0.0025390624941792,0.0,0.0,4,9.472874385729282e-05,9.472874385729282e-05,1.0,in,l2sq,7568.636882543564,proposed_linear_gate_pbrs_seed321_t480k,proposed_linear_gate_pbrs,480000,0.72303125,0.95,0.95,0.0028239097562617,0.0005903192063215
2026-06-05T14:21:11.985076,326,348119,-7.810923168493024,-7.810923168493024,45,0.3040760869565217,5.33,0.25,15,19,-0.0022290826542303,0.8996903598308563,0.3366304114460945,0.0015379188030237,0.0042968751513399,0.0,0.0,4,9.471453478254796e-05,9.471453478254796e-05,1.0,in,l2sq,7591.724494695663,proposed_linear_gate_pbrs_seed321_t480k,proposed_linear_gate_pbrs,480000,0.7252479166666667,0.95,0.75,0.0022290826542303,0.0015379188030237
2026-06-05T14:21:31.711228,327,349160,101.76292898310462,46.9760029073058,68,0.3057065217391304,5.395,0.32,19,19,-0.0020770882183568,0.8946595340967178,0.3499637506902218,3.418490289277404e-05,0.0011718750465661,0.0,0.0,4,9.470032807590323e-05,9.470032807590323e-05,1.0,in,l2sq,7611.450650453567,proposed_linear_gate_pbrs_seed321_t480k,proposed_linear_gate_pbrs,480000,0.7274166666666667,0.95,0.95,0.0020770882183568,3.418490289277404e-05
2026-06-05T14:21:54.306033,328,350201,80.48014041563604,80.48014041563604,65,0.30625,5.325,0.26,16,19,-0.0029799331096,0.8875312432646751,0.3531861416995525,0.0017049260797421,0.0019531250291038,0.0,0.0,4,9.468138895729134e-05,9.468138895729134e-05,1.0,in,l2sq,7634.045451402664,proposed_linear_gate_pbrs_seed321_t480k,proposed_linear_gate_pbrs,480000,0.7295854166666667,0.95,0.8,0.0029799331096,0.0017049260797421
2026-06-05T14:22:13.769673,329,351225,72.60181490816164,76.54097766189884,51,0.3051630434782608,5.46,0.22,19,19,-0.0018483862048015,0.9897338002920152,0.3553067818284035,-0.0006017992713168,0.0023437500349245,0.0,0.0,4,9.466718698566304e-05,9.466718698566304e-05,1.0,in,l2sq,7653.509091615677,proposed_linear_gate_pbrs_seed321_t480k,proposed_linear_gate_pbrs,480000,0.73171875,0.95,0.95,0.0018483862048015,0.0006017992713168
2026-06-05T14:22:37.597594,330,352263,118.28873465375828,118.28873465375828,66,0.3092391304347826,5.42,0.19,16,19,-0.0030934710761357,0.9007468149065972,0.3660308793187141,0.0008749704092679,0.0033203125058207,0.0,0.0,4,9.465298738095112e-05,9.465298738095112e-05,1.0,in,l2sq,7677.337006568909,proposed_linear_gate_pbrs_seed321_t480k,proposed_linear_gate_pbrs,480000,0.73388125,0.95,0.8,0.0030934710761357,0.0008749704092679
2026-06-05T14:22:57.732456,331,353321,43.58578024058523,80.93725744717176,46,0.3095108695652174,5.3,0.25,19,19,-0.0031402618697028,0.9149786978960036,0.3535641096532345,-4.042749787942779e-06,0.0023437499767169,0.0,0.0,4,9.463405773000482e-05,9.463405773000482e-05,1.0,in,l2sq,7697.471865177154,proposed_linear_gate_pbrs_seed321_t480k,proposed_linear_gate_pbrs,480000,0.7360854166666667,0.95,0.95,0.0031402618697028,4.042749787942779e-06
2026-06-05T14:23:20.287294,332,354358,66.02419756673996,66.02419756673996,67,0.3111413043478261,5.39,0.27,15,19,-0.0027219057839831,0.9756578654050828,0.341081365942955,0.000326077165846,0.0007812500116415,0.0,0.0,4,9.461986285794228e-05,9.461986285794228e-05,1.0,in,l2sq,7720.026705026627,proposed_linear_gate_pbrs_seed321_t480k,proposed_linear_gate_pbrs,480000,0.7382458333333334,0.95,0.75,0.0027219057839831,0.000326077165846
2026-06-05T14:23:40.504228,333,355399,20.00580398752769,43.01500077713382,50,0.3092391304347826,5.355,0.29,19,19,-0.0022856019961182,0.9194948002696036,0.3520009219646454,0.0007969828963723,0.0080078125029103,0.0,0.0,4,9.460567035161292e-05,9.460567035161292e-05,1.0,in,l2sq,7740.243660211563,proposed_linear_gate_pbrs_seed321_t480k,proposed_linear_gate_pbrs,480000,0.7404145833333333,0.95,0.95,0.0022856019961182,0.0007969828963723
2026-06-05T14:24:03.734343,334,356472,13.726203069964852,13.726203069964852,52,0.3084239130434782,5.545,0.34,16,19,-0.0031276911846361,1.028599977493286,0.3698765337467193,-0.0018926738686787,0.0144531249534338,0.0,0.0,4,9.459147973758618e-05,9.459147973758618e-05,1.0,in,l2sq,7763.473774433136,proposed_linear_gate_pbrs_seed321_t480k,proposed_linear_gate_pbrs,480000,0.74265,0.95,0.8,0.0031276911846361,0.0018926738686787
2026-06-05T14:24:22.745036,335,357475,31.600212122460032,22.66320759621244,47,0.3067934782608695,5.38,0.32,19,19,-0.0023134264753025,0.9183533489704132,0.3595313690602779,0.0004156357004831,0.0058593750291038,0.0,0.0,4,9.457729148858294e-05,9.457729148858294e-05,1.0,in,l2sq,7782.484423875809,proposed_linear_gate_pbrs_seed321_t480k,proposed_linear_gate_pbrs,480000,0.7447395833333333,0.95,0.95,0.0023134264753025,0.0004156357004831
2026-06-05T14:24:45.759358,336,358534,72.7225940162016,72.7225940162016,59,0.3057065217391304,5.385,0.32,16,19,-0.0028847064560976,0.943507805466652,0.3441813252866268,-0.0005335757054126,0.0013671875058207,0.0,0.0,4,9.455837697605816e-05,9.455837697605816e-05,1.0,in,l2sq,7805.498786926269,proposed_linear_gate_pbrs_seed321_t480k,proposed_linear_gate_pbrs,480000,0.7469458333333333,0.95,0.8,0.0028847064560976,0.0005335757054126
2026-06-05T14:25:05.919672,337,359598,75.0497375793405,73.88616579777104,56,0.3076086956521739,5.485,0.28,19,19,-0.0029922485293354,0.901670828461647,0.3634144142270088,0.0022906541364137,0.0042968751513399,0.0,0.0,4,9.45441934559195e-05,9.45441934559195e-05,1.0,in,l2sq,7825.65905547142,proposed_linear_gate_pbrs_seed321_t480k,proposed_linear_gate_pbrs,480000,0.7491625,0.95,0.95,0.0029922485293354,0.0022906541364137
2026-06-05T14:25:29.525067,338,360684,69.76024889314657,69.76024889314657,57,0.3073369565217391,5.37,0.18,15,19,-0.0024190038682717,0.9382076039910316,0.3785921186208725,0.0009355862428378,0.0025390625523868,0.0,0.0,4,9.453001229962209e-05,9.453001229962209e-05,1.0,in,l2sq,7849.264505147934,proposed_linear_gate_pbrs_seed321_t480k,proposed_linear_gate_pbrs,480000,0.751425,0.95,0.75,0.0024190038682717,0.0009355862428378
2026-06-05T14:25:48.866107,339,361706,57.58131720687936,63.67078305001296,52,0.3048913043478261,5.185,0.13,19,19,-0.0043069562176243,0.9312751814723016,0.3592539094388485,0.0021570541379333,0.0117187499126885,0.0,0.0,4,9.451110724246228e-05,9.451110724246228e-05,1.0,in,l2sq,7868.6055123806,proposed_linear_gate_pbrs_seed321_t480k,proposed_linear_gate_pbrs,480000,0.7535541666666666,0.95,0.95,0.0043069562176243,0.0021570541379333
2026-06-05T14:26:13.278552,340,362780,68.53294243118897,68.53294243118897,55,0.3035326086956522,5.245,0.15,17,19,-0.0029714427888393,0.967038244009018,0.3440624624490738,-0.0004230430853567,0.0132812501396983,0.0,0.0,4,9.449693081266552e-05,9.449693081266552e-05,1.0,in,l2sq,7893.017935991287,proposed_linear_gate_pbrs_seed321_t480k,proposed_linear_gate_pbrs,480000,0.7557916666666666,0.95,0.85,0.0029714427888393,0.0004230430853567
2026-06-05T14:26:33.413683,341,363839,53.162681997728654,60.84781221445881,60,0.3070652173913043,5.065,0.17,19,19,-0.0037966952251735,0.9526077061891556,0.3553204052150249,0.0005957219945685,0.0138671879249159,0.0,0.0,4,9.448275674552826e-05,9.448275674552826e-05,1.0,in,l2sq,7913.153111696243,proposed_linear_gate_pbrs_seed321_t480k,proposed_linear_gate_pbrs,480000,0.7579979166666667,0.95,0.95,0.0037966952251735,0.0005957219945685
2026-06-05T14:26:56.248077,342,364892,37.80372502011787,37.80372502011787,47,0.3046195652173913,5.125,0.26,16,19,-0.0035321921110153,0.9248190447688104,0.3535468466579914,0.0019444185949168,0.0105468749825377,0.0,0.0,4,9.446386113900672e-05,9.446386113900672e-05,1.0,in,l2sq,7935.987515449524,proposed_linear_gate_pbrs_seed321_t480k,proposed_linear_gate_pbrs,480000,0.7601916666666667,0.95,0.8,0.0035321921110153,0.0019444185949168
2026-06-05T14:27:17.900461,343,366031,-3.22867896472926,17.287523027694302,51,0.3027173913043478,5.22,0.34,19,19,-0.0007832050527212,0.9329802244901656,0.3609045892953872,0.0004873352761933,0.0003906250058207,0.0,0.0,4,9.444969179600734e-05,9.444969179600734e-05,1.0,in,l2sq,7957.639849901199,proposed_linear_gate_pbrs_seed321_t480k,proposed_linear_gate_pbrs,480000,0.7625645833333333,0.95,0.95,0.0007832050527212,0.0004873352761933
2026-06-05T14:27:41.613112,344,367128,15.537844214796849,15.537844214796849,46,0.2991847826086956,5.21,0.29,16,19,-0.0023198057060653,0.8772122859954834,0.351633358746767,0.0004763660591379,0.0007812500116415,0.0,0.0,4,9.443552481448638e-05,9.443552481448638e-05,1.0,in,l2sq,7981.352535009384,proposed_linear_gate_pbrs_seed321_t480k,proposed_linear_gate_pbrs,480000,0.76485,0.95,0.8,0.0023198057060653,0.0004763660591379
2026-06-05T14:28:02.045570,345,368203,95.78975001302835,55.6637971139126,66,0.3005434782608696,5.415,0.34,19,19,-0.0033852906170067,0.9866876527667046,0.3661649487912655,0.001494994185748,0.0041015624592546,0.0,0.0,4,9.441663865387876e-05,9.441663865387876e-05,1.0,in,l2sq,8001.784984827042,proposed_linear_gate_pbrs_seed321_t480k,proposed_linear_gate_pbrs,480000,0.7670895833333333,0.95,0.95,0.0033852906170067,0.001494994185748
2026-06-05T14:28:23.831377,346,369206,67.23502878283195,67.23502878283195,45,0.3005434782608696,5.24,0.26,17,19,-0.0029216523165813,0.8317970037460327,0.3478440269827842,0.0012403415228618,0.0187500002793967,0.0,0.0,4,9.440247639413408e-05,9.440247639413408e-05,1.0,in,l2sq,8023.570805072784,proposed_linear_gate_pbrs_seed321_t480k,proposed_linear_gate_pbrs,480000,0.7691791666666666,0.95,0.85,0.0029216523165813,0.0012403415228618
2026-06-05T14:28:44.466471,347,370291,81.34889993765682,74.29196436024438,58,0.2978260869565217,5.34,0.25,19,19,-0.0034363974758889,0.90252373367548,0.3601249009370804,0.0012334682674463,0.0115234378317836,0.0,0.0,4,9.438831649468732e-05,9.438831649468732e-05,1.0,in,l2sq,8044.205859899521,proposed_linear_gate_pbrs_seed321_t480k,proposed_linear_gate_pbrs,480000,0.7714395833333333,0.95,0.95,0.0034363974758889,0.0012334682674463
2026-06-05T14:29:15.217644,348,371347,69.51605407178639,69.51605407178639,55,0.2951086956521739,5.585,0.23,20,20,-0.0033211909925739,0.8799395188689232,0.3477048464119434,0.0019970823891753,0.0166015624126885,0.0,0.0,4,9.436943977527156e-05,9.436943977527156e-05,1.0,in,l2sq,8074.956783294678,proposed_linear_gate_pbrs_seed321_t480k,proposed_linear_gate_pbrs,480000,0.7736395833333334,1.0,1.0,0.0033211909925739,0.0019970823891753
2026-06-05T14:29:34.656457,349,372371,48.61316468431281,59.0646093780496,59,0.2972826086956521,5.58,0.18,20,20,-0.0033252002205699,0.8705445230007172,0.369919128715992,0.0004660326476368,0.0242187506519258,0.0,0.0,4,9.435528459524068e-05,9.435528459524068e-05,1.0,in,l2sq,8094.395863294601,proposed_linear_gate_pbrs_seed321_t480k,proposed_linear_gate_pbrs,480000,0.7757729166666667,1.0,1.0,0.0033252002205699,0.0004660326476368
2026-06-05T14:30:11.777615,350,373412,84.0541412350931,84.0541412350931,49,0.2926630434782609,5.67,0.21,20,20,-0.002819119268679,0.800452321767807,0.3395496644079685,0.0013322446157417,0.0027343750698491,0.0,0.0,4,9.434113177432782e-05,9.434113177432782e-05,1.0,in,l2sq,8131.517021417618,proposed_linear_gate_pbrs_seed321_t480k,proposed_linear_gate_pbrs,480000,0.7779416666666666,1.0,1.0,0.002819119268679,0.0013322446157417
2026-06-05T14:30:31.771060,351,374463,74.2672594199799,79.16070032753649,54,0.2948369565217391,5.425,0.2,20,20,-0.0028979018854444,0.9370732456445694,0.3291118592023849,0.001186680446699,0.0062500001804437,0.0,0.0,4,9.432226449138426e-05,9.432226449138426e-05,1.0,in,l2sq,8151.510442972183,proposed_linear_gate_pbrs_seed321_t480k,proposed_linear_gate_pbrs,480000,0.78013125,1.0,1.0,0.0028979018854444,0.001186680446699
2026-06-05T14:30:54.637347,352,375525,48.96018350838346,48.96018350838346,63,0.29375,5.44,0.21,19,20,-0.0022372403298504,0.894026905298233,0.3189348727464676,0.0004936133593673,0.001562500023283,0.0,0.0,4,9.4308116387528e-05,9.4308116387528e-05,1.0,in,l2sq,8174.376778841019,proposed_linear_gate_pbrs_seed321_t480k,proposed_linear_gate_pbrs,480000,0.78234375,1.0,0.95,0.0022372403298504,0.0004936133593673
2026-06-05T14:31:14.872031,353,376591,102.63111369009287,75.79564859923818,65,0.2978260869565217,5.425,0.17,20,20,-0.0029301338188816,0.8727518767118454,0.3272057846188545,0.0020480052717175,0.0052734375058207,0.0,0.0,4,9.429397064161044e-05,9.429397064161044e-05,1.0,in,l2sq,8194.61145234108,proposed_linear_gate_pbrs_seed321_t480k,proposed_linear_gate_pbrs,480000,0.7845645833333333,1.0,1.0,0.0029301338188816,0.0020480052717175
2026-06-05T14:31:37.736059,354,377652,40.03228735172972,40.03228735172972,54,0.2983695652173913,5.39,0.18,19,20,-0.0030177090986398,0.8606969565153122,0.3478322401642799,0.0011788780660935,0.0093750000087311,0.0,0.0,4,9.427511279042185e-05,9.427511279042185e-05,1.0,in,l2sq,8217.475481510162,proposed_linear_gate_pbrs_seed321_t480k,proposed_linear_gate_pbrs,480000,0.786775,1.0,0.95,0.0030177090986398,0.0011788780660935
2026-06-05T14:31:57.234728,355,378681,73.9238168360862,56.97805209390796,55,0.3005434782608696,5.4,0.17,20,20,-0.0028479605680331,0.9136162549257278,0.3135928735136986,0.0011788224482189,0.0011718750465661,0.0,0.0,4,9.426097175920285e-05,9.426097175920285e-05,1.0,in,l2sq,8236.974151849747,proposed_linear_gate_pbrs_seed321_t480k,proposed_linear_gate_pbrs,480000,0.78891875,1.0,1.0,0.0028479605680331,0.0011788224482189
2026-06-05T14:32:18.505758,356,379657,113.20341396594776,113.20341396594776,62,0.3013586956521739,5.315,0.12,18,20,-0.0025472410183283,0.8916541039943695,0.3387725092470646,-0.0002588926014141,0.0066406251135049,0.0,0.0,4,9.424683308474384e-05,9.424683308474384e-05,1.0,in,l2sq,8258.245191335678,proposed_linear_gate_pbrs_seed321_t480k,proposed_linear_gate_pbrs,480000,0.7909520833333333,1.0,0.9,0.0025472410183283,0.0002588926014141
2026-06-05T14:32:38.654043,357,380719,129.58525282518792,121.39433339556784,62,0.3029891304347826,5.45,0.15,20,20,-0.0035534442169593,0.9338839501142502,0.3408312499523163,-5.411002257460496e-05,0.001562500023283,0.0,0.0,4,9.423269629540998e-05,9.423269629540998e-05,1.0,in,l2sq,8278.393414258957,proposed_linear_gate_pbrs_seed321_t480k,proposed_linear_gate_pbrs,480000,0.7931645833333333,1.0,1.0,0.0035534442169593,5.411002257460496e-05
2026-06-05T14:33:00.660253,358,381717,115.31783089315884,115.31783089315884,64,0.3048913043478261,5.455,0.2,16,20,-0.0024658233538504,0.8652915358543396,0.3289053775370121,0.0022185979633377,0.0056640625698491,0.0,0.0,4,9.421856186212914e-05,9.421856186212914e-05,1.0,in,l2sq,8300.399686574936,proposed_linear_gate_pbrs_seed321_t480k,proposed_linear_gate_pbrs,480000,0.79524375,1.0,0.8,0.0024658233538504,0.0022185979633377
2026-06-05T14:33:21.440009,359,382812,89.48135491969194,102.3995929064254,64,0.3081521739130435,5.565,0.19,20,20,-0.0030797675048233,0.9676450863480568,0.3213138468563556,0.0018723126771874,0.0091796879423782,0.0,0.0,4,9.419971909194236e-05,9.419971909194236e-05,1.0,in,l2sq,8321.179425239563,proposed_linear_gate_pbrs_seed321_t480k,proposed_linear_gate_pbrs,480000,0.797525,1.0,1.0,0.0030797675048233,0.0018723126771874
2026-06-05T14:33:44.720019,360,383822,110.27681954527874,110.27681954527874,60,0.3095108695652174,5.23,0.17,16,20,-0.0021075636846945,1.0119125843048096,0.3636753782629967,0.0006672282699583,0.0003906250058207,0.0,0.0,4,9.418558936958962e-05,9.418558936958962e-05,1.0,in,l2sq,8344.459392309189,proposed_linear_gate_pbrs_seed321_t480k,proposed_linear_gate_pbrs,480000,0.7996291666666666,1.0,0.8,0.0021075636846945,0.0006672282699583
2026-06-05T14:34:04.619869,361,384869,55.26176847501075,82.76929401014475,56,0.3084239130434782,5.17,0.15,20,20,-0.0033995457313721,0.8967109471559525,0.3367406763136387,0.0016093694870505,0.0027343750552972,0.0,0.0,4,9.417146200211212e-05,9.417146200211212e-05,1.0,in,l2sq,8364.35928940773,proposed_linear_gate_pbrs_seed321_t480k,proposed_linear_gate_pbrs,480000,0.8018104166666666,1.0,1.0,0.0033995457313721,0.0016093694870505
2026-06-05T14:34:28.339275,362,385950,82.66031377645814,82.66031377645814,53,0.3100543478260869,5.33,0.17,16,20,-0.0050158688682131,0.9333519786596298,0.3203232437372207,0.0016822680903715,0.0201171880617039,0.0,0.0,4,9.415262865142631e-05,9.415262865142631e-05,1.0,in,l2sq,8388.0787088871,proposed_linear_gate_pbrs_seed321_t480k,proposed_linear_gate_pbrs,480000,0.8040625,1.0,0.8,0.0050158688682131,0.0016822680903715
2026-06-05T14:34:48.874670,363,387030,22.395670190311783,52.527991983384965,47,0.3089673913043478,5.33,0.18,20,20,-0.0032437556888909,0.9283375591039658,0.3312209919095039,0.0011892032056494,0.0480468772584572,0.0,0.0,4,9.413850599252196e-05,9.413850599252196e-05,1.0,in,l2sq,8408.61409330368,proposed_linear_gate_pbrs_seed321_t480k,proposed_linear_gate_pbrs,480000,0.8063125,1.0,1.0,0.0032437556888909,0.0011892032056494
2026-06-05T14:35:12.479247,364,388125,121.52582236339876,121.52582236339876,64,0.3138586956521739,5.46,0.19,17,20,-0.0035572022898122,0.9334183931350708,0.3547170758247375,0.0024066551574833,0.0087890627910383,0.0,0.0,4,9.412438568731562e-05,9.412438568731562e-05,1.0,in,l2sq,8432.21867442131,proposed_linear_gate_pbrs_seed321_t480k,proposed_linear_gate_pbrs,480000,0.80859375,1.0,0.85,0.0035572022898122,0.0024066551574833
2026-06-05T14:35:32.238204,365,389161,134.61342220712692,128.06962228526285,70,0.314945652173913,5.29,0.21,20,20,-0.0036663667749963,0.8784491792321205,0.3310308568179607,0.0013007575722213,0.0119140624301508,0.0,0.0,4,9.4105561751422e-05,9.4105561751422e-05,1.0,in,l2sq,8451.977591276169,proposed_linear_gate_pbrs_seed321_t480k,proposed_linear_gate_pbrs,480000,0.8107520833333334,1.0,1.0,0.0036663667749963,0.0013007575722213
2026-06-05T14:35:56.052432,366,390261,116.96991958467902,116.96991958467902,62,0.3195652173913043,5.37,0.21,16,20,-0.0007579877914395,0.8946549594402313,0.3283989354968071,0.0008160815254996,0.0007812500116415,0.0,0.0,4,9.409144615243496e-05,9.409144615243496e-05,1.0,in,l2sq,8475.791854381561,proposed_linear_gate_pbrs_seed321_t480k,proposed_linear_gate_pbrs,480000,0.81304375,1.0,0.8,0.0007579877914395,0.0008160815254996
2026-06-05T14:36:15.645370,367,391285,114.60529038944584,115.78760498706242,58,0.3195652173913043,5.24,0.16,20,20,-0.0030613325667218,0.9384978637099266,0.3301044516265392,0.0006586834495919,0.005664062598953,0.0,0.0,4,9.407733290596933e-05,9.407733290596933e-05,1.0,in,l2sq,8495.38478565216,proposed_linear_gate_pbrs_seed321_t480k,proposed_linear_gate_pbrs,480000,0.8151770833333334,1.0,1.0,0.0030613325667218,0.0006586834495919
2026-06-05T14:36:39.644751,368,392382,42.163072886444425,42.163072886444425,63,0.3217391304347826,5.43,0.21,16,20,-0.0031668640905991,0.849702388048172,0.3589543551206589,0.0011923209863425,0.0080078128812601,0.0,0.0,4,9.405851838016144e-05,9.405851838016144e-05,1.0,in,l2sq,8519.384160041809,proposed_linear_gate_pbrs_seed321_t480k,proposed_linear_gate_pbrs,480000,0.8174625,1.0,0.8,0.0031668640905991,0.0011923209863425
2026-06-05T14:37:00.019194,369,393438,123.17872936895968,82.67090112770205,65,0.3233695652173913,5.36,0.18,20,20,-0.001996228157077,1.0226291418075562,0.358831524848938,0.0015307035048863,0.0054687499068677,0.0,0.0,4,9.404440983756248e-05,9.404440983756248e-05,1.0,in,l2sq,8539.758558034897,proposed_linear_gate_pbrs_seed321_t480k,proposed_linear_gate_pbrs,480000,0.8196625,1.0,1.0,0.001996228157077,0.0015307035048863
2026-06-05T14:37:24.663614,370,394516,-9.426480329523663,-9.426480329523663,51,0.3239130434782609,5.445,0.23,18,20,-0.0027869804180227,0.9025127217173576,0.3517629392445087,0.001600304559588,0.003320312622236,0.0,0.0,4,9.40303036463089e-05,9.40303036463089e-05,1.0,in,l2sq,8564.403023719788,proposed_linear_gate_pbrs_seed321_t480k,proposed_linear_gate_pbrs,480000,0.8219083333333334,1.0,0.9,0.0027869804180227,0.001600304559588
2026-06-05T14:37:43.594535,371,395512,117.5178248785807,54.04567227452851,62,0.3260869565217391,5.4,0.28,20,20,-0.0031293242995161,1.002652928233147,0.3433665633201599,0.0008995375326776,0.0070312501047737,0.0,0.0,4,9.401619933584946e-05,9.401619933584946e-05,1.0,in,l2sq,8583.333933591843,proposed_linear_gate_pbrs_seed321_t480k,proposed_linear_gate_pbrs,480000,0.8239833333333333,1.0,1.0,0.0031293242995161,0.0008995375326776
2026-06-05T14:38:06.155194,372,396546,78.31388306176393,78.31388306176393,57,0.3244565217391304,5.335,0.24,18,20,-0.0020430662319995,0.9353004544973372,0.3338968008756637,0.0005244571143521,0.0054687501251464,0.0,0.0,4,9.400209737603008e-05,9.400209737603008e-05,1.0,in,l2sq,8605.894605875015,proposed_linear_gate_pbrs_seed321_t480k,proposed_linear_gate_pbrs,480000,0.8261375,1.0,0.9,0.0020430662319995,0.0005244571143521
2026-06-05T14:38:25.448456,373,397559,93.35476053110249,85.83432179643322,58,0.3225543478260869,5.155,0.17,20,20,-0.0032668909727362,0.9283723458647728,0.3396165333688259,-0.0001938255993536,0.0089843751047737,0.0,0.0,4,9.398329789657584e-05,9.398329789657584e-05,1.0,in,l2sq,8625.18786907196,proposed_linear_gate_pbrs_seed321_t480k,proposed_linear_gate_pbrs,480000,0.8282479166666666,1.0,1.0,0.0032668909727362,0.0001938255993536
2026-06-05T14:38:49.175610,374,398657,77.68877318942774,77.68877318942774,67,0.3260869565217391,5.27,0.21,18,20,-0.0020498217025305,0.9488329589366912,0.3351442888379097,0.0010271555721373,0.0019531250291038,0.0,0.0,4,9.396920063686135e-05,9.396920063686135e-05,1.0,in,l2sq,8648.915017604828,proposed_linear_gate_pbrs_seed321_t480k,proposed_linear_gate_pbrs,480000,0.8305354166666666,1.0,0.9,0.0020498217025305,0.0010271555721373
2026-06-05T14:39:09.098452,375,399703,6.711911230856948,42.20034221014234,51,0.325,5.175,0.16,20,20,-0.0031928286131006,0.8968907967209816,0.3498194962739944,-0.0012079931167136,0.0109375001920852,0.0,0.0,4,9.395510572661184e-05,9.395510572661184e-05,1.0,in,l2sq,8668.837865114212,proposed_linear_gate_pbrs_seed321_t480k,proposed_linear_gate_pbrs,480000,0.8327145833333334,1.0,1.0,0.0031928286131006,0.0012079931167136
2026-06-05T14:39:32.183400,376,400768,157.45779246224458,157.45779246224458,59,0.3241847826086956,5.41,0.22,18,20,-0.002979172131745,0.9280844256281852,0.3375852778553962,0.0023893489339911,0.0099609377793967,0.0,0.0,4,9.393631564501756e-05,9.393631564501756e-05,1.0,in,l2sq,8691.922820091248,proposed_linear_gate_pbrs_seed321_t480k,proposed_linear_gate_pbrs,480000,0.8349333333333333,1.0,0.9,0.002979172131745,0.0023893489339911
2026-06-05T14:39:52.140548,377,401813,81.02567630631951,119.24173438428204,58,0.3230978260869565,5.55,0.22,20,20,-0.0035655156127176,0.9110690951347352,0.3622209131717682,0.0009811287642151,0.0117187502328306,0.0,0.0,4,9.392222543252334e-05,9.392222543252334e-05,1.0,in,l2sq,8711.87990307808,proposed_linear_gate_pbrs_seed321_t480k,proposed_linear_gate_pbrs,480000,0.8371104166666666,1.0,1.0,0.0035655156127176,0.0009811287642151
2026-06-05T14:40:15.553901,378,402890,126.29944076727811,126.29944076727811,64,0.3230978260869565,5.595,0.24,17,20,-0.0031154180789598,0.9587673544883728,0.3284484334290027,0.0016562318930027,0.006640625098953,0.0,0.0,4,9.390813756831958e-05,9.390813756831958e-05,1.0,in,l2sq,8735.29331946373,proposed_linear_gate_pbrs_seed321_t480k,proposed_linear_gate_pbrs,480000,0.8393541666666666,1.0,0.85,0.0031154180789598,0.0016562318930027
2026-06-05T14:40:35.441795,379,403931,60.09109685641751,93.1952688118478,49,0.3190217391304348,5.555,0.22,20,20,-0.0021168202474656,0.9167165458202362,0.3488582149147987,0.0012109967951289,0.0001953125029103,0.0,0.0,4,9.388935687988728e-05,9.388935687988728e-05,1.0,in,l2sq,8755.181225776672,proposed_linear_gate_pbrs_seed321_t480k,proposed_linear_gate_pbrs,480000,0.8415229166666667,1.0,1.0,0.0021168202474656,0.0012109967951289
2026-06-05T14:40:59.233210,380,404967,35.16836915156474,35.16836915156474,54,0.3173913043478261,5.495,0.22,18,20,-0.0011567622594155,0.9164400696754456,0.3202074840664863,0.0016595853714533,0.0027343749534338,0.0,0.0,4,9.387527371109045e-05,9.387527371109045e-05,1.0,in,l2sq,8778.972574234009,proposed_linear_gate_pbrs_seed321_t480k,proposed_linear_gate_pbrs,480000,0.84368125,1.0,0.9,0.0011567622594155,0.0016595853714533
2026-06-05T14:41:19.372000,381,406021,27.59467576816157,31.38152245986316,47,0.314945652173913,5.465,0.2,20,20,-0.0020087697004783,0.858007401227951,0.3291652388870716,0.0005858147286744,0.0005859375087311,0.0,0.0,4,9.386119288941012e-05,9.386119288941012e-05,1.0,in,l2sq,8799.111391067505,proposed_linear_gate_pbrs_seed321_t480k,proposed_linear_gate_pbrs,480000,0.8458770833333333,1.0,1.0,0.0020087697004783,0.0005858147286744
2026-06-05T14:41:42.373144,382,407077,122.81721488022292,122.81721488022292,61,0.3171195652173913,5.595,0.17,18,20,-0.003675179334823,0.9719202890992164,0.3273734375834465,0.0022136420599508,0.0087890625,0.0,0.0,4,9.38424215894442e-05,9.38424215894442e-05,1.0,in,l2sq,8822.112563371658,proposed_linear_gate_pbrs_seed321_t480k,proposed_linear_gate_pbrs,480000,0.8480770833333333,1.0,0.9,0.003675179334823,0.0022136420599508
2026-06-05T14:42:02.891540,383,408152,113.87480152665567,118.3460082034393,67,0.3225543478260869,5.57,0.13,20,20,-0.0026041240489576,0.8479417115449905,0.3162107020616531,0.0020426457657777,0.0050781251629814,0.0,0.0,4,9.382834546082356e-05,9.382834546082356e-05,1.0,in,l2sq,8842.63095498085,proposed_linear_gate_pbrs_seed321_t480k,proposed_linear_gate_pbrs,480000,0.8503166666666667,1.0,1.0,0.0026041240489576,0.0020426457657777
2026-06-05T14:42:24.327113,384,409131,73.51035107072677,73.51035107072677,58,0.3209239130434783,5.43,0.11,18,20,-0.0026801817468368,0.8988219350576401,0.3140274621546268,-0.0004103284186385,0.0009765625291038,0.0,0.0,4,9.381427167814616e-05,9.381427167814616e-05,1.0,in,l2sq,8864.06654381752,proposed_linear_gate_pbrs_seed321_t480k,proposed_linear_gate_pbrs,480000,0.85235625,1.0,0.9,0.0026801817468368,0.0004103284186385
2026-06-05T14:42:44.244838,385,410179,55.39877680541054,64.45456393806866,52,0.3160326086956522,5.48,0.15,20,20,-0.0029056131897959,0.9146888554096222,0.3110319525003433,0.0016650655557896,0.0011718750465661,0.0,0.0,4,9.380019977194186e-05,9.380019977194186e-05,1.0,in,l2sq,8883.984212398529,proposed_linear_gate_pbrs_seed321_t480k,proposed_linear_gate_pbrs,480000,0.8545395833333334,1.0,1.0,0.0029056131897959,0.0016650655557896
2026-06-05T14:43:07.291725,386,411243,116.92019874231744,116.92019874231744,63,0.3163043478260869,5.455,0.22,18,20,-0.0027718868106602,0.8608111888170242,0.3196160420775413,0.0014721661209932,0.0078125003783497,0.0,0.0,4,9.378613021097706e-05,9.378613021097706e-05,1.0,in,l2sq,8907.031144857407,proposed_linear_gate_pbrs_seed321_t480k,proposed_linear_gate_pbrs,480000,0.85675625,1.0,0.9,0.0027718868106602,0.0014721661209932
2026-06-05T14:43:26.793575,387,412266,103.57897607037644,110.24958740634692,61,0.3171195652173913,5.45,0.24,20,20,-0.0024557378768803,0.9316265657544136,0.3223424553871155,0.0010435368769321,0.0017578125698491,0.0,0.0,4,9.376737392279618e-05,9.376737392279618e-05,1.0,in,l2sq,8926.53297829628,proposed_linear_gate_pbrs_seed321_t480k,proposed_linear_gate_pbrs,480000,0.8588875,1.0,1.0,0.0024557378768803,0.0010435368769321
2026-06-05T14:43:50.306563,388,413326,91.02639199396948,91.02639199396948,61,0.3165760869565217,5.46,0.3,16,20,-0.0019112803973257,0.9233107417821884,0.3093610480427742,0.001669170640298,0.0011718750465661,0.0,0.0,4,9.375330905113792e-05,9.375330905113792e-05,1.0,in,l2sq,8950.045985937119,proposed_linear_gate_pbrs_seed321_t480k,proposed_linear_gate_pbrs,480000,0.8610958333333333,1.0,0.8,0.0019112803973257,0.001669170640298
2026-06-05T14:44:10.931577,389,414362,101.8408104769487,96.4336012354591,62,0.3157608695652174,5.165,0.25,20,20,-0.0029267891310155,0.951387755572796,0.3231139332056045,0.0007661886509595,0.0025390625814907,0.0,0.0,4,9.37392465235468e-05,9.37392465235468e-05,1.0,in,l2sq,8970.670955181122,proposed_linear_gate_pbrs_seed321_t480k,proposed_linear_gate_pbrs,480000,0.8632541666666667,1.0,1.0,0.0029267891310155,0.0007661886509595
2026-06-05T14:44:35.967414,390,415427,49.79442303869595,49.79442303869595,56,0.3171195652173913,5.17,0.26,18,20,-0.0034694250694883,0.9111605137586594,0.3186779990792274,0.0022002556490406,0.0101562500931322,0.0,0.0,4,9.372049961163457e-05,9.372049961163457e-05,1.0,in,l2sq,8995.706809043884,proposed_linear_gate_pbrs_seed321_t480k,proposed_linear_gate_pbrs,480000,0.8654729166666667,1.0,0.9,0.0034694250694883,0.0022002556490406
2026-06-05T14:44:55.605387,391,416458,69.40629452838982,59.60035878354289,59,0.3163043478260869,5.155,0.25,20,20,-0.0026265523920301,0.9278405159711838,0.3295345082879066,-0.0001025770052365,0.0066406253026798,0.0,0.0,4,9.370644177100576e-05,9.370644177100576e-05,1.0,in,l2sq,9015.344793319702,proposed_linear_gate_pbrs_seed321_t480k,proposed_linear_gate_pbrs,480000,0.8676208333333333,1.0,1.0,0.0026265523920301,0.0001025770052365
2026-06-05T14:45:17.778571,392,417476,48.079203593288575,48.079203593288575,54,0.3154891304347826,5.135,0.22,19,20,-0.0029640688095241,0.8424645140767097,0.3074337393045425,0.0013900953282927,0.0078125001164153,0.0,0.0,4,9.369238627327232e-05,9.369238627327232e-05,1.0,in,l2sq,9037.517984867096,proposed_linear_gate_pbrs_seed321_t480k,proposed_linear_gate_pbrs,480000,0.8697416666666666,1.0,0.95,0.0029640688095241,0.0013900953282927
2026-06-05T14:45:36.953733,393,418480,47.01284402783189,47.54602381056023,54,0.3144021739130435,5.005,0.16,20,20,-0.0021200403672994,0.9619533717632294,0.3206758052110672,0.0009836579307375,0.0003906250058207,0.0,0.0,4,9.367833264957402e-05,9.367833264957402e-05,1.0,in,l2sq,9056.693156003952,proposed_linear_gate_pbrs_seed321_t480k,proposed_linear_gate_pbrs,480000,0.8718333333333333,1.0,1.0,0.0021200403672994,0.0009836579307375
2026-06-05T14:45:59.259675,394,419507,73.15854629904265,73.15854629904265,56,0.3114130434782609,5.11,0.13,19,20,-0.0030719794827745,0.9006548523902893,0.3273937925696373,0.0012937864466152,0.0093750000523868,0.0,0.0,4,9.366428136806824e-05,9.366428136806824e-05,1.0,in,l2sq,9078.999096632004,proposed_linear_gate_pbrs_seed321_t480k,proposed_linear_gate_pbrs,480000,0.8739729166666667,1.0,0.95,0.0030719794827745,0.0012937864466152
2026-06-05T14:46:19.264253,395,420555,136.4100285596598,104.78428742935122,66,0.3154891304347826,5.155,0.14,20,20,-0.0030988063925178,0.8917965888977051,0.3146512918174267,0.0018489673785097,0.0044921875814907,0.0,0.0,4,9.364554944843746e-05,9.364554944843746e-05,1.0,in,l2sq,9099.003673315048,proposed_linear_gate_pbrs_seed321_t480k,proposed_linear_gate_pbrs,480000,0.87615625,1.0,1.0,0.0030988063925178,0.0018489673785097
2026-06-05T14:46:41.831092,396,421596,170.7034908258243,170.7034908258243,69,0.3182065217391304,5.455,0.21,19,20,-0.0018942982540466,0.865207850933075,0.3085693493485451,0.0001601414867309,0.001562500023283,0.0,0.0,4,9.363150285014576e-05,9.363150285014576e-05,1.0,in,l2sq,9121.570524692535,proposed_linear_gate_pbrs_seed321_t480k,proposed_linear_gate_pbrs,480000,0.878325,1.0,0.95,0.0018942982540466,0.0001601414867309
2026-06-05T14:47:02.215815,397,422664,109.2177447024035,139.9606177641139,67,0.3206521739130434,5.47,0.2,20,20,-0.0019328879759995,0.8982215896248817,0.2928583547472954,0.0014259276864777,0.0041015625465661,0.0,0.0,4,9.361745859287576e-05,9.361745859287576e-05,1.0,in,l2sq,9141.955189228058,proposed_linear_gate_pbrs_seed321_t480k,proposed_linear_gate_pbrs,480000,0.88055,1.0,1.0,0.0019328879759995,0.0014259276864777
2026-06-05T14:47:25.354417,398,423727,141.98401992258908,141.98401992258908,69,0.3220108695652174,5.58,0.22,19,20,-0.0028712725747026,0.8909043371677399,0.3277013935148716,-0.0006511726854796,0.0015625000087311,0.0,0.0,4,9.35987360373318e-05,9.35987360373318e-05,1.0,in,l2sq,9165.093812942505,proposed_linear_gate_pbrs_seed321_t480k,proposed_linear_gate_pbrs,480000,0.8827645833333333,1.0,0.95,0.0028712725747026,0.0006511726854796
2026-06-05T14:47:46.064260,399,424814,22.75946286586652,82.3717413942278,52,0.3228260869565217,5.7,0.22,20,20,-0.0048447162960656,0.9594058692455292,0.3025095090270042,0.0011805356900139,0.0140625003259629,0.0,0.0,4,9.358469646093472e-05,9.358469646093472e-05,1.0,in,l2sq,9185.803675174711,proposed_linear_gate_pbrs_seed321_t480k,proposed_linear_gate_pbrs,480000,0.8850291666666666,1.0,1.0,0.0048447162960656,0.0011805356900139
2026-06-05T14:48:09.849827,400,425848,30.34494783507519,30.34494783507519,47,0.3209239130434783,5.62,0.19,19,20,-0.0030720548122189,0.890709899365902,0.294809315353632,-6.50247902744816e-06,0.0058593750727595,0.0,0.0,4,9.357065922438908e-05,9.357065922438908e-05,1.0,in,l2sq,9209.589238405228,proposed_linear_gate_pbrs_seed321_t480k,proposed_linear_gate_pbrs,480000,0.8871833333333333,1.0,0.95,0.0030720548122189,6.50247902744816e-06
2026-06-05T14:48:29.096030,401,426860,89.99599839107181,60.1704731130735,63,0.3252717391304348,5.515,0.23,20,20,-0.0046138810226694,0.8522132486104965,0.3216649293899536,0.0029304564617632,0.0167968752793967,0.0,0.0,4,9.355662385944376e-05,9.355662385944376e-05,1.0,in,l2sq,9228.835397958755,proposed_linear_gate_pbrs_seed321_t480k,proposed_linear_gate_pbrs,480000,0.8892916666666667,1.0,1.0,0.0046138810226694,0.0029304564617632
2026-06-05T14:49:00.397493,402,427941,122.5628481264188,122.5628481264188,64,0.3260869565217391,5.56,0.2,20,20,-0.0028169982077089,0.945730835199356,0.3007706627249717,0.0013428489354964,0.0066406248952262,0.0,0.0,4,9.354259083364798e-05,9.354259083364798e-05,1.0,in,l2sq,9260.136713266373,proposed_linear_gate_pbrs_seed321_t480k,proposed_linear_gate_pbrs,480000,0.89154375,1.0,1.0,0.0028169982077089,0.0013428489354964
2026-06-05T14:49:20.469074,403,428993,57.76001410811378,90.16143111726628,54,0.3225543478260869,5.5,0.2,20,20,-0.002939254269404,0.9220449477434158,0.3264495357871055,0.0018213642111504,0.0111328125931322,0.0,0.0,4,9.352388325090717e-05,9.352388325090717e-05,1.0,in,l2sq,9280.20846581459,proposed_linear_gate_pbrs_seed321_t480k,proposed_linear_gate_pbrs,480000,0.8937354166666667,1.0,1.0,0.002939254269404,0.0018213642111504
2026-06-05T14:49:43.855336,404,430074,46.56474911101879,46.56474911101879,56,0.3220108695652174,5.685,0.17,19,20,-0.0020439289859495,0.7960590571165085,0.3123970925807953,9.235986171907128e-05,0.0070312499301508,0.0,0.0,4,9.350985490224092e-05,9.350985490224092e-05,1.0,in,l2sq,9303.594761610031,proposed_linear_gate_pbrs_seed321_t480k,proposed_linear_gate_pbrs,480000,0.8959875,1.0,0.95,0.0020439289859495,9.235986171907128e-05
2026-06-05T14:50:03.592490,405,431109,73.33239872957249,59.94857392029565,54,0.3225543478260869,5.515,0.24,20,20,-0.002284213367602,0.9464883059263228,0.3115683421492576,0.0008615519901013,0.0015624999796273,0.0,0.0,4,9.349582889155488e-05,9.349582889155488e-05,1.0,in,l2sq,9323.331893920898,proposed_linear_gate_pbrs_seed321_t480k,proposed_linear_gate_pbrs,480000,0.89814375,1.0,1.0,0.002284213367602,0.0008615519901013
2026-06-05T14:50:26.546891,406,432165,66.42897850610039,66.42897850610039,61,0.3220108695652174,5.525,0.38,19,20,-0.0029559613089077,0.875231146812439,0.317585427314043,0.0004880083949956,0.0048828125291038,0.0,0.0,4,9.347713066073484e-05,9.347713066073484e-05,1.0,in,l2sq,9346.286301136017,proposed_linear_gate_pbrs_seed321_t480k,proposed_linear_gate_pbrs,480000,0.90034375,1.0,0.95,0.0029559613089077,0.0004880083949956
2026-06-05T14:50:47.011979,407,433241,30.648423187742445,48.538700846921415,56,0.3206521739130434,5.335,0.42,20,20,-0.003798319492489,0.925772786140442,0.3189897686243057,0.002586002487442,0.014843750745058,0.0,0.0,4,9.346310932484025e-05,9.346310932484025e-05,1.0,in,l2sq,9366.751383781431,proposed_linear_gate_pbrs_seed321_t480k,proposed_linear_gate_pbrs,480000,0.9025854166666667,1.0,1.0,0.003798319492489,0.002586002487442
2026-06-05T14:51:09.285498,408,434261,162.2705963021617,162.2705963021617,60,0.3203804347826087,5.43,0.38,19,20,-0.002270896740083,0.891321025788784,0.3221837840974331,0.0009109976410854,0.0023437500494765,0.0,0.0,4,9.344909032575708e-05,9.344909032575708e-05,1.0,in,l2sq,9389.024927139282,proposed_linear_gate_pbrs_seed321_t480k,proposed_linear_gate_pbrs,480000,0.9047104166666666,1.0,0.95,0.002270896740083,0.0009109976410854
2026-06-05T14:51:28.089249,409,435249,90.10937884403988,126.18998757310078,57,0.3190217391304348,5.3,0.23,20,20,-0.0028065041376977,0.9120831787586212,0.3161274380981922,0.0008215662232487,0.001562500023283,0.0,0.0,4,9.343040144218285e-05,9.343040144218285e-05,1.0,in,l2sq,9407.828669786451,proposed_linear_gate_pbrs_seed321_t480k,proposed_linear_gate_pbrs,480000,0.90676875,1.0,1.0,0.0028065041376977,0.0008215662232487
2026-06-05T14:51:51.368985,410,436260,125.67081371763592,125.67081371763592,57,0.3192934782608695,5.155,0.23,19,20,-0.0028085224126699,0.8748667538166046,0.3356201574206352,0.0012879635518401,0.001562500023283,0.0,0.0,4,9.34163871155542e-05,9.34163871155542e-05,1.0,in,l2sq,9431.108372449877,proposed_linear_gate_pbrs_seed321_t480k,proposed_linear_gate_pbrs,480000,0.908875,1.0,0.95,0.0028085224126699,0.0012879635518401
2026-06-05T14:52:11.153131,411,437284,133.87252079627402,129.77166725695497,63,0.3203804347826087,5.32,0.23,20,20,-0.0032919300807408,0.9444184377789496,0.3153365850448608,0.0009251016719702,0.0132812500814907,0.0,0.0,4,9.34023751245688e-05,9.34023751245688e-05,1.0,in,l2sq,9450.892540693285,proposed_linear_gate_pbrs_seed321_t480k,proposed_linear_gate_pbrs,480000,0.9110083333333333,1.0,1.0,0.0032919300807408,0.0009251016719702
2026-06-05T14:52:34.795599,412,438379,55.98147260016926,55.98147260016926,53,0.3201086956521739,5.35,0.21,19,20,-0.0029120541817975,0.8938488960266113,0.2990185692906379,0.0012082013286317,0.0050781251047737,0.0,0.0,4,9.338836500181772e-05,9.338836500181772e-05,1.0,in,l2sq,9474.535026550291,proposed_linear_gate_pbrs_seed321_t480k,proposed_linear_gate_pbrs,480000,0.9132895833333333,1.0,0.95,0.0029120541817975,0.0012082013286317
2026-06-05T14:52:54.094422,413,439391,124.52521540479344,90.25334400248134,70,0.3244565217391304,5.265,0.19,20,20,-0.0046131076203892,0.8978429809212685,0.3164432160556316,0.0022896321573625,0.0091796876076841,0.0,0.0,4,9.337435721400929e-05,9.337435721400929e-05,1.0,in,l2sq,9493.833822965622,proposed_linear_gate_pbrs_seed321_t480k,proposed_linear_gate_pbrs,480000,0.9153979166666667,1.0,1.0,0.0046131076203892,0.0022896321573625
2026-06-05T14:53:16.764597,414,440432,90.42044652626892,90.42044652626892,53,0.323641304347826,5.21,0.15,18,20,-0.0030760496825676,0.9204453378915788,0.3027117550373077,0.0018709304674302,0.0138671876629814,0.0,0.0,4,9.335568327631006e-05,9.335568327631006e-05,1.0,in,l2sq,9516.504026174543,proposed_linear_gate_pbrs_seed321_t480k,proposed_linear_gate_pbrs,480000,0.9175666666666666,1.0,0.9,0.0030760496825676,0.0018709304674302
2026-06-05T14:53:37.235594,415,441507,29.84019263741602,60.13031958184247,52,0.3198369565217391,5.285,0.2,20,20,-0.0021923661362961,0.9859495162963868,0.3005169481039047,-0.000470492011027,0.0023437500931322,0.0,0.0,4,9.334168015721949e-05,9.334168015721949e-05,1.0,in,l2sq,9536.974972963331,proposed_linear_gate_pbrs_seed321_t480k,proposed_linear_gate_pbrs,480000,0.91980625,1.0,1.0,0.0021923661362961,0.000470492011027
2026-06-05T14:53:59.140848,416,442506,68.55114377732302,68.55114377732302,51,0.314945652173913,5.275,0.18,17,20,-0.0032023458363255,0.894589938223362,0.3171638250350952,0.0013068996598576,0.0113281250814907,0.0,0.0,4,9.332767937190432e-05,9.332767937190432e-05,1.0,in,l2sq,9558.880269289017,proposed_linear_gate_pbrs_seed321_t480k,proposed_linear_gate_pbrs,480000,0.9218875,1.0,0.85,0.0032023458363255,0.0013068996598576
2026-06-05T14:54:19.464069,417,443555,173.05762955677994,120.80438666705147,69,0.3154891304347826,5.51,0.16,20,20,-0.0023551788734038,0.9089282676577568,0.3014265447854996,0.0002057074673131,0.0011718750320142,0.0,0.0,4,9.33090147693067e-05,9.33090147693067e-05,1.0,in,l2sq,9579.203487873076,proposed_linear_gate_pbrs_seed321_t480k,proposed_linear_gate_pbrs,480000,0.9240729166666667,1.0,1.0,0.0023551788734038,0.0002057074673131
2026-06-05T14:54:42.484724,418,444615,74.18486316310592,74.18486316310592,61,0.3133152173913043,5.51,0.24,19,20,-0.0043647230020722,0.934361293911934,0.3070160672068596,0.0020619918519514,0.0109374998137354,0.0,0.0,4,9.329501865037552e-05,9.329501865037552e-05,1.0,in,l2sq,9602.224156856537,proposed_linear_gate_pbrs_seed321_t480k,proposed_linear_gate_pbrs,480000,0.92628125,1.0,0.95,0.0043647230020722,0.0020619918519514
2026-06-05T14:55:03.115548,419,445695,168.6958187230053,121.4403409430556,75,0.3195652173913043,5.695,0.23,20,20,-0.0036640976613853,0.8666519373655319,0.3127695843577385,0.002340911915553,0.0058593751164153,0.0,0.0,4,9.328102486405304e-05,9.328102486405304e-05,1.0,in,l2sq,9622.854929685593,proposed_linear_gate_pbrs_seed321_t480k,proposed_linear_gate_pbrs,480000,0.92853125,1.0,1.0,0.0036640976613853,0.002340911915553
2026-06-05T14:55:28.592405,420,446811,100.14559441110974,100.14559441110974,61,0.3233695652173913,5.8,0.21,19,20,-0.0031526089704129,0.8941449224948883,0.2921587340533733,0.0011323146316954,0.0103515624068677,0.0,0.0,4,9.32623695918905e-05,9.32623695918905e-05,1.0,in,l2sq,9648.331797361374,proposed_linear_gate_pbrs_seed321_t480k,proposed_linear_gate_pbrs,480000,0.93085625,1.0,0.95,0.0031526089704129,0.0011323146316954
2026-06-05T14:55:48.411534,421,447852,125.952544403615,113.04906940736235,61,0.3228260869565217,5.815,0.14,20,20,-0.0041274346993304,0.8563575148582458,0.3082126900553703,0.0028887167631183,0.0195312499126885,0.0,0.0,4,9.324838046961932e-05,9.324838046961932e-05,1.0,in,l2sq,9668.150953292848,proposed_linear_gate_pbrs_seed321_t480k,proposed_linear_gate_pbrs,480000,0.933025,1.0,1.0,0.0041274346993304,0.0028887167631183
2026-06-05T14:56:11.699175,422,448923,29.90918707463617,29.90918707463617,44,0.3173913043478261,5.71,0.18,18,20,-0.0024626262907986,0.9698021709918976,0.316221535205841,0.0008114826825931,0.001953125,0.0,0.0,4,9.323439367879076e-05,9.323439367879076e-05,1.0,in,l2sq,9691.438605308533,proposed_linear_gate_pbrs_seed321_t480k,proposed_linear_gate_pbrs,480000,0.93525625,1.0,0.9,0.0024626262907986,0.0008114826825931
2026-06-05T14:56:31.074258,423,449940,116.93719059667497,73.42318883565557,57,0.3182065217391304,5.815,0.22,20,20,-0.0027660273510263,0.8979179710149765,0.3005102500319481,0.0016698449171599,0.0039062500727595,0.0,0.0,4,9.321574773239896e-05,9.321574773239896e-05,1.0,in,l2sq,9710.813677549362,proposed_linear_gate_pbrs_seed321_t480k,proposed_linear_gate_pbrs,480000,0.937375,1.0,1.0,0.0027660273510263,0.0016698449171599
2026-06-05T14:56:53.985112,424,450995,16.434434281028633,16.434434281028633,53,0.3173913043478261,5.64,0.23,18,20,-0.0026504338427912,0.9400856345891953,0.3198668211698532,-0.001214622912812,0.0042968751513399,0.0,0.0,4,9.320176560329012e-05,9.320176560329012e-05,1.0,in,l2sq,9733.724524736404,proposed_linear_gate_pbrs_seed321_t480k,proposed_linear_gate_pbrs,480000,0.9395729166666666,1.0,0.9,0.0026504338427912,0.001214622912812
2026-06-05T14:57:14.304559,425,452059,144.68450633291909,80.55947030697386,75,0.3230978260869565,5.605,0.21,20,20,-0.0034397662908305,0.974755361676216,0.3353207483887672,0.0007339177905122,0.0119140628085006,0.0,0.0,4,9.318778580445844e-05,9.318778580445844e-05,1.0,in,l2sq,9754.043972730637,proposed_linear_gate_pbrs_seed321_t480k,proposed_linear_gate_pbrs,480000,0.9417895833333333,1.0,1.0,0.0034397662908305,0.0007339177905122
2026-06-05T14:57:37.299571,426,453119,62.81271816168201,62.81271816168201,56,0.3217391304347826,5.73,0.23,19,20,-0.0039833992836064,0.8824741542339325,0.3131476640701294,-0.0001236158006349,0.0070312500465661,0.0,0.0,4,9.31738078695689e-05,9.31738078695689e-05,1.0,in,l2sq,9777.038997650146,proposed_linear_gate_pbrs_seed321_t480k,proposed_linear_gate_pbrs,480000,0.9439979166666667,1.0,0.95,0.0039833992836064,0.0001236158006349
2026-06-05T14:57:56.228852,427,454099,156.3921769043901,109.60244753303606,66,0.3244565217391304,5.76,0.23,20,20,-0.0026992630693711,0.8483907952904701,0.3030924424529075,0.0015169326551017,0.0023437500785803,0.0,0.0,4,9.31598322642575e-05,9.31598322642575e-05,1.0,in,l2sq,9795.968178510666,proposed_linear_gate_pbrs_seed321_t480k,proposed_linear_gate_pbrs,480000,0.9460395833333334,1.0,1.0,0.0026992630693711,0.0015169326551017
2026-06-05T14:58:19.371860,428,455119,46.80379113525881,46.80379113525881,49,0.3214673913043478,5.735,0.23,17,20,-0.0035305243960465,0.857084833085537,0.33259092643857,0.0006707126627588,0.006250000296859,0.0,0.0,4,9.314120122940295e-05,9.314120122940295e-05,1.0,in,l2sq,9819.11125612259,proposed_linear_gate_pbrs_seed321_t480k,proposed_linear_gate_pbrs,480000,0.9481645833333333,1.0,0.85,0.0035305243960465,0.0006707126627588
2026-06-05T14:58:38.846940,429,456110,4.913023768352774,25.858407451805792,45,0.3182065217391304,5.47,0.18,20,20,-0.0046762190759181,0.911116659641266,0.3235103487968445,0.0021748730058789,0.0218750000931322,0.0,0.0,4,9.312723028208322e-05,9.312723028208322e-05,1.0,in,l2sq,9838.586291074753,proposed_linear_gate_pbrs_seed321_t480k,proposed_linear_gate_pbrs,480000,0.9502291666666667,1.0,1.0,0.0046762190759181,0.0021748730058789
2026-06-05T14:59:02.911868,430,457120,78.24417026779304,78.24417026779304,58,0.3184782608695652,5.265,0.15,19,20,-0.0029469916742527,0.8584860637784004,0.3242753222584724,0.0014081675230499,0.0142578129889443,0.0,0.0,4,9.311326166317703e-05,9.311326166317703e-05,1.0,in,l2sq,9862.651242017746,proposed_linear_gate_pbrs_seed321_t480k,proposed_linear_gate_pbrs,480000,0.9523333333333334,1.0,0.95,0.0029469916742527,0.0014081675230499
2026-06-05T14:59:23.729034,431,458177,21.58354150722899,49.91385588751101,51,0.3152173913043478,5.255,0.17,20,20,-0.0020994529448217,0.8926403373479843,0.3261397629976272,-0.000174802757283,0.003515625023283,0.0,0.0,4,9.309929490672236e-05,9.309929490672236e-05,1.0,in,l2sq,9883.468431711197,proposed_linear_gate_pbrs_seed321_t480k,proposed_linear_gate_pbrs,480000,0.9545354166666666,1.0,1.0,0.0020994529448217,0.000174802757283
2026-06-05T14:59:47.850907,432,459252,55.240665958180784,55.240665958180784,58,0.3165760869565217,5.17,0.14,19,20,-0.0030851223214997,0.8994536697864532,0.3219038695096969,-5.8420692732819024e-05,0.0044921876688022,0.0,0.0,4,9.308533047798284e-05,9.308533047798284e-05,1.0,in,l2sq,9907.590288877487,proposed_linear_gate_pbrs_seed321_t480k,proposed_linear_gate_pbrs,480000,0.956775,1.0,0.95,0.0030851223214997,5.8420692732819024e-05
2026-06-05T15:00:08.412783,433,460289,98.26732143919156,76.75399369868617,67,0.3157608695652174,5.155,0.21,20,20,-0.0028880060068331,0.9388497099280356,0.3316746056079864,0.0027596156505751,0.0072265624912688,0.0,0.0,4,9.306671434274057e-05,9.306671434274057e-05,1.0,in,l2sq,9928.152185440063,proposed_linear_gate_pbrs_seed321_t480k,proposed_linear_gate_pbrs,480000,0.9589354166666667,1.0,1.0,0.0028880060068331,0.0027596156505751
2026-06-05T15:00:32.122956,434,461351,81.07829269124801,81.07829269124801,64,0.31875,5.225,0.24,19,20,-0.0050659255473872,0.8653888404369354,0.3031577616930008,0.0013751511367445,0.0230468749068677,0.0,0.0,4,9.305275456826756e-05,9.305275456826756e-05,1.0,in,l2sq,9951.862371206284,proposed_linear_gate_pbrs_seed321_t480k,proposed_linear_gate_pbrs,480000,0.9611479166666667,1.0,0.95,0.0050659255473872,0.0013751511367445
2026-06-05T15:00:52.406894,435,462381,106.33332332625712,93.70580800875256,56,0.3198369565217391,5.2,0.21,20,20,-0.0031836219161051,0.9703414738178252,0.3162360489368438,0.0004788589584677,0.0087890627328306,0.0,0.0,4,9.303879712034607e-05,9.303879712034607e-05,1.0,in,l2sq,9972.146299123764,proposed_linear_gate_pbrs_seed321_t480k,proposed_linear_gate_pbrs,480000,0.96329375,1.0,1.0,0.0031836219161051,0.0004788589584677
2026-06-05T15:01:16.087678,436,463442,19.339199074059486,19.339199074059486,52,0.3201086956521739,5.205,0.17,18,20,-0.0021962809129035,0.943680875003338,0.3472215346992016,0.0008692641388279,0.0017578125698491,0.0,0.0,4,9.302019029131e-05,9.302019029131e-05,1.0,in,l2sq,9995.827102422714,proposed_linear_gate_pbrs_seed321_t480k,proposed_linear_gate_pbrs,480000,0.9655041666666667,1.0,0.9,0.0021962809129035,0.0008692641388279
2026-06-05T15:01:36.917421,437,464500,98.55837421656152,58.948786645310506,57,0.3168478260869565,5.37,0.12,20,20,-0.0032961131248157,0.8733593821525574,0.3136283382773399,0.0021338368810347,0.0082031252095475,0.0,0.0,4,9.30062374953284e-05,9.30062374953284e-05,1.0,in,l2sq,10016.65676522255,proposed_linear_gate_pbrs_seed321_t480k,proposed_linear_gate_pbrs,480000,0.9677083333333333,1.0,1.0,0.0032961131248157,0.0021338368810347
2026-06-05T15:02:00.455070,438,465594,57.12581225502218,57.12581225502218,58,0.3160326086956522,5.65,0.13,19,20,-0.0036664731742348,0.9012727960944176,0.3220429606735706,-0.0007530099946052,0.0234375004656612,0.0,0.0,4,9.29922870247353e-05,9.29922870247353e-05,1.0,in,l2sq,10040.194483995438,proposed_linear_gate_pbrs_seed321_t480k,proposed_linear_gate_pbrs,480000,0.9699875,1.0,0.95,0.0036664731742348,0.0007530099946052
2026-06-05T15:02:20.834735,439,466639,61.611719011485405,59.368765633253794,58,0.3114130434782609,5.755,0.21,20,20,-0.003837425650272,0.9161912351846696,0.3312662132084369,0.0003393482885713,0.0128906256431946,0.0,0.0,4,9.297368949725322e-05,9.297368949725322e-05,1.0,in,l2sq,10060.574147224426,proposed_linear_gate_pbrs_seed321_t480k,proposed_linear_gate_pbrs,480000,0.9721645833333333,1.0,1.0,0.003837425650272,0.0003393482885713
2026-06-05T15:02:52.382108,440,467648,127.48820351437236,127.48820351437236,64,0.3122282608695652,5.615,0.31,20,20,-0.0022078536159826,0.9625415503978728,0.3314571976661682,0.0008103502731501,0.0007812500116415,0.0,0.0,4,9.295974367627448e-05,9.295974367627448e-05,1.0,in,l2sq,10092.121506214142,proposed_linear_gate_pbrs_seed321_t480k,proposed_linear_gate_pbrs,480000,0.9742666666666666,1.0,1.0,0.0022078536159826,0.0008103502731501
2026-06-05T15:03:12.299088,441,468690,95.43901789690788,111.46361070564012,61,0.3122282608695652,5.505,0.29,20,20,-0.0032741186078055,0.9021224528551102,0.330668106675148,0.000734951168215,0.003320312462165,0.0,0.0,4,9.294580017952178e-05,9.294580017952178e-05,1.0,in,l2sq,10112.038476705551,proposed_linear_gate_pbrs_seed321_t480k,proposed_linear_gate_pbrs,480000,0.9764375,1.0,1.0,0.0032741186078055,0.000734951168215
2026-06-05T15:03:43.848574,442,469773,84.0788203466086,84.0788203466086,53,0.3146739130434782,5.55,0.28,20,20,-0.0030954406422097,0.9124944731593132,0.3278574123978615,0.0013179632564515,0.0085937501426087,0.0,0.0,4,9.292721194894388e-05,9.292721194894388e-05,1.0,in,l2sq,10143.58773779869,proposed_linear_gate_pbrs_seed321_t480k,proposed_linear_gate_pbrs,480000,0.97869375,1.0,1.0,0.0030954406422097,0.0013179632564515
2026-06-05T15:04:05.078698,443,470839,42.07469105945755,63.07675570303307,50,0.3127717391304347,5.68,0.22,20,20,-0.0038668237975798,0.8843408077955246,0.3081816136837005,0.0006684775536086,0.0050781252793967,0.0,0.0,4,9.291327309948118e-05,9.291327309948118e-05,1.0,in,l2sq,10164.818055868149,proposed_linear_gate_pbrs_seed321_t480k,proposed_linear_gate_pbrs,480000,0.9809145833333334,1.0,1.0,0.0038668237975798,0.0006684775536086
2026-06-05T15:04:28.508600,444,471871,105.1173747614871,105.1173747614871,62,0.3152173913043478,5.935,0.27,19,20,-0.0036924984829966,0.9518301412463188,0.3233991414308548,-0.0013268226435684,0.0146484376455191,0.0,0.0,4,9.289933657308262e-05,9.289933657308262e-05,1.0,in,l2sq,10188.248029470444,proposed_linear_gate_pbrs_seed321_t480k,proposed_linear_gate_pbrs,480000,0.9830645833333334,1.0,0.95,0.0036924984829966,0.0013268226435684
2026-06-05T15:04:48.839565,445,472894,91.38338347667452,98.2503791190808,65,0.3125,5.725,0.32,20,20,-0.0023682356579228,0.8094451129436493,0.3206593319773674,0.0022784318854064,0.009765625,0.0,0.0,4,9.28854019048566e-05,9.28854019048566e-05,1.0,in,l2sq,10208.57898569107,proposed_linear_gate_pbrs_seed321_t480k,proposed_linear_gate_pbrs,480000,0.9851958333333334,1.0,1.0,0.0023682356579228,0.0022784318854064
2026-06-05T15:05:20.131194,446,473928,84.11421462569868,84.11421462569868,57,0.3127717391304347,5.645,0.3,20,20,-0.0030872225615894,0.8950721621513367,0.3272719532251358,0.0018554562562712,0.0050781251047737,0.0,0.0,4,9.28714695589979e-05,9.28714695589979e-05,1.0,in,l2sq,10239.870571136476,proposed_linear_gate_pbrs_seed321_t480k,proposed_linear_gate_pbrs,480000,0.98735,1.0,1.0,0.0030872225615894,0.0018554562562712
2026-06-05T15:05:41.175273,447,474983,34.925603090946616,59.51990885832265,56,0.3100543478260869,5.415,0.23,20,20,-0.0022312164393496,0.8775299862027168,0.3236065879464149,0.0017511000353351,0.0054687501396983,0.0,0.0,4,9.28528961938008e-05,9.28528961938008e-05,1.0,in,l2sq,10260.914686441422,proposed_linear_gate_pbrs_seed321_t480k,proposed_linear_gate_pbrs,480000,0.9895479166666666,1.0,1.0,0.0022312164393496,0.0017511000353351
2026-06-05T15:06:12.484021,448,476033,136.34415294267976,136.34415294267976,72,0.3163043478260869,5.42,0.24,20,20,-0.0026625008147673,0.919299691915512,0.3200164586305618,-8.684206959519436e-05,0.0050781251920852,0.0,0.0,4,9.283896849151556e-05,9.283896849151556e-05,1.0,in,l2sq,10292.223261833193,proposed_linear_gate_pbrs_seed321_t480k,proposed_linear_gate_pbrs,480000,0.9917354166666666,1.0,1.0,0.0026625008147673,8.684206959519436e-05
2026-06-05T15:06:31.683866,449,477023,135.49378248236067,135.9189677125202,72,0.323641304347826,5.355,0.23,20,20,-0.0021429794818685,0.9199569821357728,0.3301548548042774,0.0010209102837961,0.0001953125029103,0.0,0.0,4,9.282504311043668e-05,9.282504311043668e-05,1.0,in,l2sq,10311.423214673996,proposed_linear_gate_pbrs_seed321_t480k,proposed_linear_gate_pbrs,480000,0.9937979166666666,1.0,1.0,0.0021429794818685,0.0010209102837961
2026-06-05T15:07:05.866860,450,478114,89.74348984043776,89.74348984043776,59,0.3239130434782609,5.51,0.25,20,20,-0.0029764734674245,0.8898525983095169,0.3163793757557869,0.0006840428262876,0.0044921876688022,0.0,0.0,4,9.280647903006504e-05,9.280647903006504e-05,1.0,in,l2sq,10345.606232881546,proposed_linear_gate_pbrs_seed321_t480k,proposed_linear_gate_pbrs,480000,0.9960708333333333,1.0,1.0,0.0029764734674245,0.0006840428262876
2026-06-05T15:07:27.994023,451,479214,141.26085600925202,115.5021729248449,63,0.3271739130434782,5.615,0.23,20,20,-0.0017669991240838,0.9525019228458405,0.3113896325230598,0.0020604783646376,0.0140624998603016,0.0,0.0,4,9.279255829023831e-05,9.279255829023831e-05,1.0,in,l2sq,10367.733443021774,proposed_linear_gate_pbrs_seed321_t480k,proposed_linear_gate_pbrs,480000,0.9983625,1.0,1.0,0.0017669991240838,0.0020604783646376
2026-06-05T15:07:46.000563,452,480001,64.52605593479153,64.52605593479153,47,0.3241847826086956,5.845,0.27,19,20,-0.0022712391175445,0.9146336242556572,0.3206219971179962,0.0015906111471963,0.0056640625116415,0.0,0.0,4,9.277863987045758e-05,9.277863987045758e-05,1.0,in,l2sq,10385.73999428749,proposed_linear_gate_pbrs_seed321_t480k,proposed_linear_gate_pbrs,480000,1.0,1.0,0.95,0.0022712391175445,0.0015906111471963
