timestamp,episode,time_step,current_ep_reward,rolling_avg_reward,episode_successes,rolling_success_ratio,avg_steps_recent,avg_deviation_recent,val_success,best_val_success,policy_loss,value_loss,entropy,approx_kl,clip_fraction,oracle_bc_loss,sil_loss,update_epochs_ran,actor_lr,critic_lr,reward_factor,reward_mode,progress_metric,elapsed_sec
2026-05-20T06:52:27.097449,0,1090,560.9573534131049,560.9573534131049,16,0.08695652173913043,2.625,1.125,0,0,-0.006835362501442455,0.9789198637008667,1.1401380598545074,-0.0005465188762173064,0.0,0.0,0.0,4,9.999000000000001e-05,9.999000000000001e-05,1.0,intrinsic_only,l2sq,63.713282108306885
2026-05-20T06:53:00.560708,1,2194,553.7147893309592,557.336071372032,24,0.10869565217391304,2.625,0.8,0,0,-0.002607742781401523,0.9771161079406738,1.1300266981124878,-0.00042806949641088776,0.0,0.0,0.0,4,9.997500199995001e-05,9.997500199995001e-05,1.0,intrinsic_only,l2sq,97.21452617645264
2026-05-20T06:54:00.210779,2,3374,603.5431164503096,603.5431164503096,22,0.11231884057971014,3.1451612903225805,1.096774193548387,0,0,-0.0018108696254784395,0.900744117796421,1.1190033704042435,0.0007085014200129136,0.0,0.0,0.0,4,9.995500799930005e-05,9.995500799930005e-05,1.0,intrinsic_only,l2sq,156.86467027664185
2026-05-20T06:54:34.247421,3,4517,599.363315463066,601.4532159566878,22,0.11413043478260869,3.2976190476190474,1.119047619047619,0,0,-0.002035239346150741,0.9551903679966927,1.1086389273405075,0.0004870110966294222,0.0,0.0,0.0,4,9.993501799725028e-05,9.993501799725028e-05,1.0,intrinsic_only,l2sq,190.9012689590454
2026-05-20T06:55:24.181849,4,5593,548.4725789427756,548.4725789427756,17,0.10978260869565218,3.3564356435643563,1.108910891089109,3,3,-0.0004389166990221849,0.8732010871171951,1.0998741686344147,0.0005731645345804226,0.0,0.0,0.0,4,9.992002799440073e-05,9.992002799440073e-05,1.0,intrinsic_only,l2sq,240.83550691604614
2026-05-20T06:55:58.572729,5,6714,569.8715649247168,559.1720719337462,18,0.10778985507246377,3.4453781512605044,1.1764705882352942,3,3,-0.0015077999429193856,0.8794632703065872,1.0985262989997864,0.00018539497645234104,0.0,0.0,0.0,4,9.990504048980171e-05,9.990504048980171e-05,1.0,intrinsic_only,l2sq,275.22657442092896
2026-05-20T06:56:40.144928,6,7884,589.2974904179572,589.2974904179572,18,0.1063664596273292,3.4671532846715327,1.2262773722627738,2,3,-0.0012584906293340303,0.9030492752790451,1.0962313413619995,0.00010948604867735967,0.0,0.0,0.0,4,9.988506048075416e-05,9.988506048075416e-05,1.0,intrinsic_only,l2sq,316.7988109588623
2026-05-20T06:57:13.030235,7,8974,553.4593164920806,571.3784034550189,17,0.10461956521739131,3.409090909090909,1.2207792207792207,3,3,-0.0019027956106583699,0.8203043714165688,1.0974544435739517,0.0005200619685638286,0.0,0.0,0.0,4,9.986508446750861e-05,9.986508446750861e-05,1.0,intrinsic_only,l2sq,349.68404173851013
2026-05-20T06:57:59.463097,8,10061,548.6174031496047,548.6174031496047,25,0.10809178743961352,3.446927374301676,1.2625698324022345,3,3,-0.0013216674502474213,0.8884723335504532,1.0723769962787628,0.0005236550205154344,0.0,0.0,0.0,4,9.985010495451368e-05,9.985010495451368e-05,1.0,intrinsic_only,l2sq,396.1169309616089
2026-05-20T06:58:31.539227,9,11133,539.9284791350364,544.2729411423205,19,0.10760869565217392,3.474747474747475,1.3131313131313131,3,3,-0.001826441280718405,0.9317430779337883,1.091475009918213,-6.456342998717424e-05,0.0,0.0,0.0,4,9.983512793802104e-05,9.983512793802104e-05,1.0,intrinsic_only,l2sq,428.1930911540985
2026-05-20T06:59:08.835731,10,12197,558.1890531182288,558.1890531182288,19,0.10721343873517787,3.505,1.33,0,3,-0.0012201845681828472,0.9350224658846855,1.0965833514928818,0.0008098949459963492,0.0,0.0,0.0,4,9.981516191078471e-05,9.981516191078471e-05,1.0,intrinsic_only,l2sq,465.48961544036865
2026-05-20T06:59:41.495190,11,13299,566.3458498716353,562.2674514949321,26,0.11005434782608696,3.545,1.41,3,3,-0.00029725768390553853,0.8605066984891891,1.0797144174575806,-0.00077715036750306,0.0,0.0,0.0,4,9.980018988604848e-05,9.980018988604848e-05,1.0,intrinsic_only,l2sq,498.14908957481384
2026-05-20T07:00:20.834660,12,14407,568.8180393576621,568.8180393576621,17,0.10869565217391304,3.565,1.45,0,3,-0.0007590394572616899,0.9418704658746719,1.0863890647888184,0.00037153235898585574,0.0,0.0,0.0,4,9.978522035656652e-05,9.978522035656652e-05,1.0,intrinsic_only,l2sq,537.4885363578796
2026-05-20T07:00:54.827525,13,15544,579.3078481554984,574.0629437565802,11,0.10520186335403726,3.57,1.48,3,3,-0.0017948020482435878,0.8581931442022324,1.073580041527748,-0.00014989992268962804,0.0,0.0,0.0,4,9.976526431034742e-05,9.976526431034742e-05,1.0,intrinsic_only,l2sq,571.4813585281372
2026-05-20T07:01:33.378174,14,16636,573.5622867345809,573.5622867345809,20,0.10543478260869565,3.43,1.41,0,3,-0.0020713225472718255,0.8378784358501434,1.0385171175003052,0.0011228922667214647,0.0,0.0,0.0,4,9.97502997701265e-05,9.97502997701265e-05,1.0,intrinsic_only,l2sq,610.0320863723755
2026-05-20T07:02:05.532948,15,17717,547.4390248656272,560.500655800104,22,0.10631793478260869,3.38,1.41,3,3,-0.0006926733025438003,0.8692209050059319,1.0202478766441345,0.0005160085775060136,0.0,0.0,0.0,4,9.973533772391248e-05,9.973533772391248e-05,1.0,intrinsic_only,l2sq,642.1868207454681
2026-05-20T07:02:43.447072,16,18795,550.7220972180365,550.7220972180365,13,0.10421994884910486,3.28,1.35,0,3,-0.0006157575269923332,0.9357519075274467,1.012366071343422,0.0002265942865051357,0.0,0.0,0.0,4,9.971539165372108e-05,9.971539165372108e-05,1.0,intrinsic_only,l2sq,680.1010086536407
2026-05-20T07:03:15.787037,17,19886,562.5852234363555,556.653660327196,13,0.10235507246376811,3.285,1.36,3,3,-0.0012515392321802432,0.7472857534885406,1.0121366456151009,0.00030445078209592746,0.0,0.0,0.0,4,9.969544957254424e-05,9.969544957254424e-05,1.0,intrinsic_only,l2sq,712.4124283790588
2026-05-20T07:03:55.956463,18,21035,592.4531071186065,592.4531071186065,14,0.10097254004576658,3.285,1.36,0,3,-0.0006460517746745831,0.9693443328142166,0.9655186235904694,0.0006117823082604779,0.0,0.0,0.0,4,9.968049550435946e-05,9.968049550435946e-05,1.0,intrinsic_only,l2sq,752.6103920936584
2026-05-20T07:04:30.153958,19,22179,592.2287880182265,592.3409475684165,16,0.10027173913043479,3.235,1.32,3,3,-0.0010472335165103708,0.8918625116348267,0.9783551916480064,-0.00028872850002703565,0.0,0.0,0.0,4,9.966554392843628e-05,9.966554392843628e-05,1.0,intrinsic_only,l2sq,786.8077983856201
2026-05-20T07:05:07.518491,20,23236,538.0027078986167,538.0027078986167,28,0.10353260869565217,3.15,1.29,0,3,-0.0011856488908961182,0.8465428501367569,0.9930441007018089,-0.0007606976723764196,0.0,0.0,0.0,4,9.964561181630603e-05,9.964561181630603e-05,1.0,intrinsic_only,l2sq,824.1724057197571
2026-05-20T07:05:39.745457,21,24319,560.1649976372718,549.0838527679442,22,0.10298913043478261,3.11,1.23,3,3,-0.0005250886287285761,1.1395759284496307,1.0049624741077423,4.5077059894205185e-06,0.0,0.0,0.0,4,9.963066522366007e-05,9.963066522366007e-05,1.0,intrinsic_only,l2sq,856.3993625640869
2026-05-20T07:06:17.464740,22,25388,553.2980682253836,553.2980682253836,22,0.10298913043478261,2.985,1.11,0,3,-0.0012644793940125854,0.9880314394831657,1.014469750225544,0.0002477280908351198,0.0,0.0,0.0,4,9.961572112202985e-05,9.961572112202985e-05,1.0,intrinsic_only,l2sq,894.118646144867
2026-05-20T07:06:49.024607,23,26441,550.0070268511771,551.6525475382804,21,0.10271739130434783,2.905,1.03,3,3,-0.0012496922194259186,0.8836037963628769,1.0353025197982788,4.2423891483150955e-05,0.0,0.0,0.0,4,9.959579897396266e-05,9.959579897396266e-05,1.0,intrinsic_only,l2sq,925.6784534454346
2026-05-20T07:07:28.415473,24,27563,555.4375174045562,555.4375174045562,19,0.10326086956521739,2.955,1.07,0,3,-0.0015443466822034346,0.8770849630236626,1.0289783328771591,0.0006829513593402236,0.0,0.0,0.0,4,9.957588081012587e-05,9.957588081012587e-05,1.0,intrinsic_only,l2sq,965.0693869590759
2026-05-20T07:07:59.893495,25,28624,536.1127628087996,545.7751401066779,25,0.10516304347826087,3.055,1.15,3,3,-0.00011133253447037639,1.0163395404815674,1.0467242896556854,0.00044833718857262284,0.0,0.0,0.0,4,9.95609446769565e-05,9.95609446769565e-05,1.0,intrinsic_only,l2sq,996.5473926067352
2026-05-20T07:08:38.136026,26,29708,546.4938305616378,546.4938305616378,21,0.10597826086956522,3.05,1.11,0,3,-0.0011139154652483052,0.9460319429636002,1.0559889823198318,2.4486472102583368e-05,0.0,0.0,0.0,4,9.954601103305968e-05,9.954601103305968e-05,1.0,intrinsic_only,l2sq,1034.7899346351624
2026-05-20T07:09:10.083802,27,30782,549.8169802427291,548.1554054021834,20,0.10679347826086956,3.03,1.11,3,3,-0.0015887417284830008,0.8517260178923607,1.071268543601036,0.0005676277880411335,0.0,0.0,0.0,4,9.952610282631317e-05,9.952610282631317e-05,1.0,intrinsic_only,l2sq,1066.73770403862
2026-05-20T07:09:47.297298,28,31839,540.3605585694312,540.3605585694312,25,0.10679347826086956,3.03,1.09,0,3,-0.0023339588893577234,0.9292410165071487,1.0830803215503693,-0.00030957392445996046,0.0,0.0,0.0,4,9.951117415971694e-05,9.951117415971694e-05,1.0,intrinsic_only,l2sq,1103.9512128829956
2026-05-20T07:10:20.231104,29,32947,560.4641512632369,550.412354916334,19,0.10679347826086956,3.045,1.05,3,3,-0.000781512280445873,0.9149998426437378,1.0917886048555374,6.9189678469985805e-06,0.0,0.0,0.0,4,9.949624798114885e-05,9.949624798114885e-05,1.0,intrinsic_only,l2sq,1136.884996175766
2026-05-20T07:10:57.814087,30,34012,539.7911792993544,539.7911792993544,22,0.10760869565217392,2.965,1.03,0,3,-0.0013636700889037567,0.7873727232217789,1.0960881859064102,4.556789499474134e-05,0.0,0.0,0.0,4,9.947634972651512e-05,9.947634972651512e-05,1.0,intrinsic_only,l2sq,1174.4679934978485
2026-05-20T07:11:31.042334,31,35120,564.3341339230536,552.062656611204,14,0.10434782608695652,2.98,1.04,3,3,-0.0014325968804769218,0.9304875284433365,1.0889311134815216,-0.00018942680544570267,0.0,0.0,0.0,4,9.946142852275945e-05,9.946142852275945e-05,1.0,intrinsic_only,l2sq,1207.6962339878082
2026-05-20T07:12:10.351686,32,36239,564.5271452069281,564.5271452069281,14,0.10353260869565217,3.14,1.12,0,3,-0.0010375179379479849,0.8533360511064529,1.0821209996938705,0.00026763550104079437,0.0,0.0,0.0,4,9.944650980578818e-05,9.944650980578818e-05,1.0,intrinsic_only,l2sq,1247.0055904388428
2026-05-20T07:12:43.818413,33,37360,584.7437928318976,574.6354690194129,20,0.10597826086956522,3.175,1.15,3,3,-0.0010800946562086189,0.9382301792502403,1.083155244588852,-0.000485173580818829,0.0,0.0,0.0,4,9.942662149829213e-05,9.942662149829213e-05,1.0,intrinsic_only,l2sq,1280.4723172187805
2026-05-20T07:13:22.944770,34,38475,570.9208646416663,570.9208646416663,14,0.10434782608695652,3.16,1.15,0,3,-0.001200652864645324,0.9591824933886528,1.0696410685777664,0.00014011890880283318,0.0,0.0,0.0,4,9.940673716825869e-05,9.940673716825869e-05,1.0,intrinsic_only,l2sq,1319.5986773967743
2026-05-20T07:13:54.417961,35,39536,534.2651931643485,552.5930289030074,17,0.10298913043478261,3.005,1.09,3,3,-0.001418893798836529,0.9261560589075089,1.0645288825035095,-0.000638651287590615,0.0,0.0,0.0,4,9.939182640621272e-05,9.939182640621272e-05,1.0,intrinsic_only,l2sq,1351.0718717575073
2026-05-20T07:14:33.153623,36,40636,549.908183813095,549.908183813095,18,0.10434782608695652,2.98,1.09,0,3,-0.0015972540248185285,0.9233617335557938,1.0664077997207642,0.00040528976805945943,0.0,0.0,0.0,4,9.937691812921092e-05,9.937691812921092e-05,1.0,intrinsic_only,l2sq,1389.8075244426727
2026-05-20T07:15:05.198473,37,41706,543.4554275870322,546.6818057000636,27,0.10815217391304348,3.01,1.12,3,3,-0.0005681142323737398,0.8809366747736931,1.069051519036293,-0.00022653400837952496,0.0,0.0,0.0,4,9.935704373935425e-05,9.935704373935425e-05,1.0,intrinsic_only,l2sq,1421.8523442745209
2026-05-20T07:15:43.949223,38,42808,561.2117203474044,561.2117203474044,21,0.11005434782608696,3.035,1.09,0,3,-0.0014406360685823572,0.9019418507814407,1.0511019825935364,-0.0002789327021673893,0.0,0.0,0.0,4,9.934214043119838e-05,9.934214043119838e-05,1.0,intrinsic_only,l2sq,1460.6031608581543
2026-05-20T07:16:17.485131,39,43932,564.8781995773314,563.0449599623679,17,0.11032608695652174,3.04,1.12,3,3,-0.0016416316910181639,0.861531026661396,1.0620662420988083,0.0008361866155610076,0.0,0.0,0.0,4,9.932723960684441e-05,9.932723960684441e-05,1.0,intrinsic_only,l2sq,1494.1389780044556
2026-05-20T07:16:53.445821,40,44946,521.6946648359298,521.6946648359298,25,0.1095108695652174,3.0,1.09,0,3,-0.0008171543664501346,0.8126588016748428,1.0479725748300552,-0.00037465242385220643,0.0,0.0,0.0,4,9.930737515219544e-05,9.930737515219544e-05,1.0,intrinsic_only,l2sq,1530.0997569561005
2026-05-20T07:17:26.098283,41,46045,561.6401593685149,541.6674121022223,17,0.10815217391304348,3.06,1.13,3,3,-0.0019127767853206468,0.8984507471323013,1.0305607318878174,4.0967721724904926e-05,0.0,0.0,0.0,4,9.929247929420347e-05,9.929247929420347e-05,1.0,intrinsic_only,l2sq,1562.7521545886993
2026-05-20T07:18:04.196432,42,47126,550.1916475296019,550.1916475296019,19,0.10733695652173914,3.115,1.19,0,3,-0.0007305232724320598,0.9765410050749779,1.0255281031131744,0.00022443938532886723,0.0,0.0,0.0,4,9.927758591877174e-05,9.927758591877174e-05,1.0,intrinsic_only,l2sq,1600.8503594398499
2026-05-20T07:18:36.806009,43,48223,552.1658041477202,551.1787258386611,19,0.10679347826086956,3.0,1.11,3,3,-0.0013141118193744639,0.8692337423563004,1.034187987446785,0.0003856616895064058,0.0,0.0,0.0,4,9.925773139436384e-05,9.925773139436384e-05,1.0,intrinsic_only,l2sq,1633.4598972797394
2026-05-20T07:19:14.180248,44,49279,530.2498821616172,530.2498821616172,19,0.10679347826086956,2.95,1.05,0,3,-0.0010082174383569953,0.9228639602661133,1.0377304553985596,-0.00031868104852038337,0.0,0.0,0.0,4,9.924284298281143e-05,9.924284298281143e-05,1.0,intrinsic_only,l2sq,1670.834146976471
2026-05-20T07:19:46.815815,45,50375,567.5743154883384,548.9120988249778,24,0.10652173913043478,3.15,1.13,3,3,-0.002707877708599038,0.8899708911776543,1.0315244942903519,0.0015951401263009646,0.0,0.0,0.0,4,9.922795705257824e-05,9.922795705257824e-05,1.0,intrinsic_only,l2sq,1703.4697105884552
2026-05-20T07:20:25.676887,46,51470,563.6626175045966,563.6626175045966,21,0.10652173913043478,3.21,1.22,0,3,-0.0012442577739420757,0.8723370283842087,1.025023192167282,0.0012772746005794144,0.0,0.0,0.0,4,9.920811245344729e-05,9.920811245344729e-05,1.0,intrinsic_only,l2sq,1742.330782175064
2026-05-20T07:20:58.959344,47,52584,577.2183113098143,570.4404644072055,20,0.10652173913043478,3.24,1.22,3,3,-0.0009631149579947262,0.8642790243029594,0.9924932196736336,0.0002801965931666789,0.0,0.0,0.0,4,9.918827182303774e-05,9.918827182303774e-05,1.0,intrinsic_only,l2sq,1775.6132452487946
2026-05-20T07:21:36.564733,48,53652,553.8963246941565,553.8963246941565,15,0.10380434782608695,3.29,1.31,0,3,-0.0016554817324504478,0.999387264251709,0.9880411326885223,-0.00014201291323839849,0.0,0.0,0.0,4,9.917339383024737e-05,9.917339383024737e-05,1.0,intrinsic_only,l2sq,1813.2186748981476
2026-05-20T07:22:08.412714,49,54721,558.7389733195304,556.3176490068435,14,0.10244565217391305,3.345,1.31,3,3,-0.001935317034076442,0.9220854863524437,1.0056274011731148,-0.00017932454211404963,0.0,0.0,0.0,4,9.91585183170398e-05,9.91585183170398e-05,1.0,intrinsic_only,l2sq,1845.066600561142
2026-05-20T07:22:49.618118,50,55855,591.1479695439338,591.1479695439338,14,0.10027173913043479,3.47,1.36,0,3,-0.0017179526796098354,0.8383157625794411,1.0330828875303268,-9.89567510259852e-05,0.0,0.0,0.0,4,9.913868760496157e-05,9.913868760496157e-05,1.0,intrinsic_only,l2sq,1886.2719931602478
2026-05-20T07:23:28.812294,51,56955,564.6907943487166,577.9193819463252,18,0.10135869565217391,3.405,1.33,3,3,-0.0018189058348072606,0.7558527141809464,1.008520096540451,0.0020537257893011307,0.0,0.0,0.0,4,9.912381704967994e-05,9.912381704967994e-05,1.0,intrinsic_only,l2sq,1925.4661886692047
2026-05-20T07:24:05.847867,52,58007,545.6739830374717,545.6739830374717,17,0.10217391304347827,3.44,1.37,0,3,-0.0009938970553776683,0.9162238463759422,0.9995945170521736,-3.152736917400034e-05,0.0,0.0,0.0,4,9.910894897274157e-05,9.910894897274157e-05,1.0,intrinsic_only,l2sq,1962.5017704963684
2026-05-20T07:24:41.420334,53,59175,597.8953910470008,571.7846870422362,21,0.10244565217391305,3.41,1.36,3,3,-0.0011399109331250712,0.8577740490436554,0.9801259413361549,-0.00010311654309588802,0.0,0.0,0.0,4,9.908912817403653e-05,9.908912817403653e-05,1.0,intrinsic_only,l2sq,1998.0741806030273
2026-05-20T07:25:21.278500,54,60293,572.9918769598006,572.9918769598006,23,0.10489130434782609,3.425,1.39,0,3,-0.0011402491662010628,0.7089787200093269,0.9519841074943542,0.00018553445715953354,0.0,0.0,0.0,4,9.906931133929299e-05,9.906931133929299e-05,1.0,intrinsic_only,l2sq,2037.9323930740356
2026-05-20T07:25:53.894031,55,61377,569.2997251749038,571.1458010673522,15,0.10434782608695652,3.42,1.37,3,3,-0.001652371912496342,0.8069721758365631,0.9473590105772018,0.0008065307891229057,0.0,0.0,0.0,4,9.905445119027776e-05,9.905445119027776e-05,1.0,intrinsic_only,l2sq,2070.547880411148
2026-05-20T07:26:32.393512,56,62438,545.6306589841842,545.6306589841842,17,0.10407608695652174,3.305,1.26,0,3,-0.0006540209175001088,0.8121165037155151,0.9787453711032867,0.0002262114235349888,0.0,0.0,0.0,4,9.903959351787147e-05,9.903959351787147e-05,1.0,intrinsic_only,l2sq,2109.0474276542664
2026-05-20T07:27:02.627248,57,63447,529.5609192848204,537.5957891345023,24,0.10326086956521739,3.19,1.18,3,3,-0.0019618295125836127,0.825020469725132,0.985544852912426,0.0001012028605145987,0.0,0.0,0.0,4,9.901978658956384e-05,9.901978658956384e-05,1.0,intrinsic_only,l2sq,2139.2811181545258
2026-05-20T07:27:41.080155,58,64524,542.2335704565047,542.2335704565047,21,0.10326086956521739,3.17,1.15,0,3,-0.0010375857455073856,0.9412164241075516,1.001379519701004,0.0012568896025186571,0.0,0.0,0.0,4,9.900493386913726e-05,9.900493386913726e-05,1.0,intrinsic_only,l2sq,2177.7340874671936
2026-05-20T07:28:13.256327,59,65607,555.7567537426947,548.9951620995997,18,0.10353260869565217,3.115,1.07,3,3,-0.0007502228181692772,1.0062759965658188,0.9730534851551056,0.00028016216326703924,0.0,0.0,0.0,4,9.899008362408156e-05,9.899008362408156e-05,1.0,intrinsic_only,l2sq,2209.910182237625
2026-05-20T07:28:52.245435,60,66721,583.8098927140235,583.8098927140235,24,0.10326086956521739,2.935,0.93,0,3,-0.0011562068124476854,0.8299988508224487,0.9858649894595146,0.00036464923359744855,0.0,0.0,0.0,4,9.89702865972576e-05,9.89702865972576e-05,1.0,intrinsic_only,l2sq,2248.8993504047394
2026-05-20T07:29:23.361234,61,67773,542.3440268039702,563.0769597589968,21,0.10434782608695652,2.985,0.99,3,3,-0.0010008644312620163,0.8745657354593277,0.958663672208786,3.0942476860224e-05,0.0,0.0,0.0,4,9.895544130170609e-05,9.895544130170609e-05,1.0,intrinsic_only,l2sq,2280.0151505470276
2026-05-20T07:30:00.313393,62,68826,528.6525953412055,528.6525953412055,22,0.10516304347826087,2.95,0.94,0,3,-0.0011639937882137186,0.9592370912432671,0.9755305126309395,0.00039061648240024116,0.0,0.0,0.0,4,9.894059848028806e-05,9.894059848028806e-05,1.0,intrinsic_only,l2sq,2316.9672949314117
2026-05-20T07:30:34.598260,63,69970,573.690685212612,551.1716402769088,13,0.10353260869565217,2.95,0.92,3,3,-0.0010318298038328455,0.9167597144842148,0.9681451693177223,-0.00024376328337893938,0.0,0.0,0.0,4,9.892081134999799e-05,9.892081134999799e-05,1.0,intrinsic_only,l2sq,2351.2521755695343
2026-05-20T07:31:13.281164,64,71070,554.2118531465529,554.2118531465529,17,0.10298913043478261,2.87,0.84,0,3,-0.0022837498705484127,0.8859523013234138,0.9483869671821594,-0.0005450789296446365,0.0,0.0,0.0,4,9.89010281769361e-05,9.89010281769361e-05,1.0,intrinsic_only,l2sq,2389.9350612163544
2026-05-20T07:31:46.860850,65,72184,561.4553599357604,557.8336065411567,18,0.10135869565217391,2.9,0.88,3,3,-0.0011937946343096861,0.9655047506093979,0.9605327248573303,0.0012037097738357427,0.0,0.0,0.0,4,9.88861932699745e-05,9.88861932699745e-05,1.0,intrinsic_only,l2sq,2423.5146894454956
2026-05-20T07:32:24.384416,66,73231,530.1179319024085,530.1179319024085,16,0.1,2.88,0.87,0,3,-0.0021860793669475354,0.9271766170859337,0.9373681619763374,0.0008921782075049095,0.0,0.0,0.0,4,9.887136083541497e-05,9.887136083541497e-05,1.0,intrinsic_only,l2sq,2461.03831076622
2026-05-20T07:32:56.509388,67,74300,542.970470368862,536.5442011356353,22,0.10054347826086957,2.9,0.87,3,3,-0.0015655633425922244,0.806111752986908,0.9222633987665176,-0.00018577010614818923,0.0,0.0,0.0,4,9.885158755196149e-05,9.885158755196149e-05,1.0,intrinsic_only,l2sq,2493.1632277965546
2026-05-20T07:33:36.193814,68,75420,580.5373120307921,580.5373120307921,15,0.10054347826086957,2.85,0.86,0,3,-0.001253671955782909,0.9398161917924881,0.94663105905056,0.00017224240546059866,0.0,0.0,0.0,4,9.883676006097003e-05,9.883676006097003e-05,1.0,intrinsic_only,l2sq,2532.8477375507355
2026-05-20T07:34:07.299347,69,76471,537.5700981616973,559.0537050962447,18,0.10163043478260869,3.0,0.98,3,3,-0.0015797205458512042,0.8736661747097969,0.9259587228298187,-0.00021357834143600346,0.0,0.0,0.0,4,9.882193504114469e-05,9.882193504114469e-05,1.0,intrinsic_only,l2sq,2563.9532001018524
2026-05-20T07:34:44.732004,70,77531,536.1791652441024,536.1791652441024,24,0.10434782608695652,3.01,1.03,0,3,-0.0017063691717339666,0.9207770600914955,0.9265448302030563,-0.00039046509446051536,0.0,0.0,0.0,4,9.880217164235581e-05,9.880217164235581e-05,1.0,intrinsic_only,l2sq,2601.385921239853
2026-05-20T07:35:10.549709,71,78614,541.4661118984221,538.8226385712622,22,0.10543478260869565,2.975,0.97,3,3,-0.0006910089308802547,1.0765676200389862,0.9170786142349243,-0.00024368010999753498,0.0,0.0,0.0,4,9.878735156362724e-05,9.878735156362724e-05,1.0,intrinsic_only,l2sq,2627.2035632133484
2026-05-20T07:35:55.693069,72,79701,572.1161221861838,572.1161221861838,15,0.10489130434782609,3.025,0.99,0,3,-0.002144571095413994,0.8860062956809998,0.9253316894173622,-0.00037044781711302317,0.0,0.0,0.0,4,9.877253395482946e-05,9.877253395482946e-05,1.0,intrinsic_only,l2sq,2672.3469705581665
2026-05-20T07:36:27.735677,73,80765,546.0994802713393,559.1078012287616,13,0.10271739130434783,2.99,0.98,3,3,-0.0009929478546837345,0.7876974269747734,0.8941393047571182,0.00013273161548568724,0.0,0.0,0.0,4,9.875278043576383e-05,9.875278043576383e-05,1.0,intrinsic_only,l2sq,2704.389588832855
2026-05-20T07:37:07.843937,74,81886,558.9382524490355,558.9382524490355,15,0.10054347826086957,2.945,0.98,0,3,-0.0013760522444499768,0.8481582403182983,0.8848543763160706,0.0006524190437630917,0.0,0.0,0.0,4,9.873796776559277e-05,9.873796776559277e-05,1.0,intrinsic_only,l2sq,2744.497843980789
2026-05-20T07:37:39.122392,75,82938,543.9330139160155,551.4356331825255,23,0.10271739130434783,2.915,1.0,3,3,-0.0012602403934578454,0.8679689019918442,0.8798154965043068,-0.0008426029278780223,0.0,0.0,0.0,4,9.872315756411778e-05,9.872315756411778e-05,1.0,intrinsic_only,l2sq,2775.7762653827667
2026-05-20T07:38:19.163111,76,84082,577.577150940895,577.577150940895,18,0.10298913043478261,2.96,1.03,0,3,-0.0010852761712158154,0.8777225092053413,0.864351212978363,0.00016595117194810605,0.0,0.0,0.0,4,9.870341391983654e-05,9.870341391983654e-05,1.0,intrinsic_only,l2sq,2815.8170261383057
2026-05-20T07:38:52.580822,77,85199,587.1542721390723,582.3657115399836,12,0.09972826086956521,2.955,1.05,3,3,-0.0014015890949394816,0.8606332540512085,0.8585149347782135,0.0005234966125499674,0.0,0.0,0.0,4,9.868367422408671e-05,9.868367422408671e-05,1.0,intrinsic_only,l2sq,2849.234723329544
2026-05-20T07:39:31.820221,78,86311,569.9356901049613,569.9356901049613,14,0.09782608695652174,2.89,1.04,0,3,-0.000764015338791113,0.9188876897096634,0.8412455916404724,-0.0002971249778056517,0.0,0.0,0.0,4,9.866887191967462e-05,9.866887191967462e-05,1.0,intrinsic_only,l2sq,2888.474115371704
2026-05-20T07:40:02.587009,79,87380,560.2298926115035,565.0827913582324,14,0.0967391304347826,2.98,1.11,3,3,-0.0008920416221371852,0.8983826637268066,0.8396947830915451,-0.00023581494124300106,0.0,0.0,0.0,4,9.865407208223103e-05,9.865407208223103e-05,1.0,intrinsic_only,l2sq,2919.1496891975403
2026-05-20T07:40:37.155079,80,88431,540.3851322531699,540.3851322531699,22,0.09619565217391304,2.77,0.96,0,3,-0.0016420375788584463,0.8440570905804634,0.8283081129193306,-0.0002845601185981761,0.0,0.0,0.0,4,9.863434225435531e-05,9.863434225435531e-05,1.0,intrinsic_only,l2sq,2953.809004306793
2026-05-20T07:41:11.331601,81,89580,577.9330273270606,559.1590797901152,10,0.09320652173913044,2.735,0.95,3,3,-0.0008703030995094174,0.8713103085756302,0.8354938626289368,-0.00027736632036978737,0.0,0.0,0.0,4,9.861954734961534e-05,9.861954734961534e-05,1.0,intrinsic_only,l2sq,2987.985503435135
2026-05-20T07:41:47.114943,82,90680,575.0707587599753,575.0707587599753,17,0.09184782608695652,2.745,0.96,0,3,-0.0010628864562022278,0.8635406866669655,0.8327452689409256,-0.00023127256608855562,0.0,0.0,0.0,4,9.860475491061063e-05,9.860475491061063e-05,1.0,intrinsic_only,l2sq,3023.7688517570496
2026-05-20T07:42:19.152063,83,91762,543.8358348011969,559.4532967805861,14,0.0921195652173913,2.8,1.06,3,3,-0.0014590457285521552,0.8218151107430458,0.815817728638649,0.0005772536975200693,0.0,0.0,0.0,4,9.858503494567607e-05,9.858503494567607e-05,1.0,intrinsic_only,l2sq,3055.8059797286987
2026-05-20T07:43:00.229725,84,92935,590.8092660307883,590.8092660307883,16,0.09184782608695652,2.765,1.06,0,3,-0.001608544642658638,0.7792020812630653,0.7858307138085365,-7.896141778473975e-05,0.0,0.0,0.0,4,9.85653189245373e-05,9.85653189245373e-05,1.0,intrinsic_only,l2sq,3096.883627176285
2026-05-20T07:43:33.697849,85,94058,569.6140832304953,580.2116746306418,13,0.09048913043478261,2.78,1.09,3,3,-0.0016761869803303409,0.8303135484457016,0.7844242453575134,-4.600018000927575e-05,0.0,0.0,0.0,4,9.855053437312424e-05,9.855053437312424e-05,1.0,intrinsic_only,l2sq,3130.3517606258392
2026-05-20T07:44:12.969753,86,95172,577.1374400258063,577.1374400258063,17,0.0907608695652174,2.785,1.12,0,3,-0.000310899690566635,0.8543777316808701,0.7552544623613358,-6.683426197472142e-05,0.0,0.0,0.0,4,9.853575228572095e-05,9.853575228572095e-05,1.0,intrinsic_only,l2sq,3169.623658180237
2026-05-20T07:44:46.186775,87,96289,564.6306427717208,570.8840413987635,15,0.08885869565217391,2.8,1.12,3,3,-0.000891155209319594,0.9627804160118103,0.7516377046704292,-0.00028491720040620117,0.0,0.0,0.0,4,9.851604612062134e-05,9.851604612062134e-05,1.0,intrinsic_only,l2sq,3202.8406829833984
2026-05-20T07:45:22.016038,88,97305,512.2605441212653,512.2605441212653,19,0.08994565217391304,2.78,1.12,0,3,-0.0015982993121726463,0.6840569376945496,0.7610307335853577,0.0003988276699601473,0.0,0.0,0.0,4,9.849634389655767e-05,9.849634389655767e-05,1.0,intrinsic_only,l2sq,3238.669958114624
2026-05-20T07:45:54.179375,89,98390,557.6623240113257,534.9614340662955,18,0.08994565217391304,2.705,1.13,3,3,-0.0006182417462694545,0.8949240148067474,0.7772246748209,0.0006920165644260234,0.0,0.0,0.0,4,9.848156969122637e-05,9.848156969122637e-05,1.0,intrinsic_only,l2sq,3270.8332793712616
2026-05-20T07:46:30.436142,90,99486,556.7939714789389,556.7939714789389,19,0.08858695652173913,2.745,1.16,0,3,-0.0008314732551297777,0.8275266885757446,0.7512656599283218,0.00018689649314182488,0.0,0.0,0.0,4,9.846679794818054e-05,9.846679794818054e-05,1.0,intrinsic_only,l2sq,3307.0900642871857
2026-05-20T07:47:02.512283,91,100567,546.7855320572852,551.7897517681121,13,0.08614130434782609,2.695,1.12,3,3,-0.0013337485790543835,0.7378986701369286,0.7557225972414017,0.00013437739162895646,0.0,0.0,0.0,4,9.844710557325889e-05,9.844710557325889e-05,1.0,intrinsic_only,l2sq,3339.166157245636
2026-05-20T07:47:41.597617,92,101724,589.2431076765059,589.2431076765059,17,0.08668478260869565,2.715,1.12,0,3,-0.0007602542740642315,0.8877436518669128,0.7301045656204224,0.0009668223006883969,0.0,0.0,0.0,4,9.843233875355297e-05,9.843233875355297e-05,1.0,intrinsic_only,l2sq,3378.2515420913696
2026-05-20T07:48:12.963005,93,102872,587.3334318995475,588.2882697880267,12,0.08641304347826087,2.805,1.21,3,3,-0.0005815722321129702,0.8925986438989639,0.701658621430397,0.0002986761769534496,0.0,0.0,0.0,4,9.841757439490163e-05,9.841757439490163e-05,1.0,intrinsic_only,l2sq,3409.616869688034
2026-05-20T07:48:52.663588,94,104002,571.9710284471511,571.9710284471511,11,0.08532608695652173,2.745,1.16,0,3,-0.0007771227654302659,0.8977289497852325,0.6962695494294167,-0.00011039246710423112,0.0,0.0,0.0,4,9.83978918641984e-05,9.83978918641984e-05,1.0,intrinsic_only,l2sq,3449.317527294159
2026-05-20T07:49:27.098387,95,105178,594.5517636537551,583.2613960504531,10,0.08179347826086956,2.71,1.16,3,3,-0.0009566594191710576,0.8664843514561653,0.6955989599227905,-2.460896375850591e-05,0.0,0.0,0.0,4,9.837821326980448e-05,9.837821326980448e-05,1.0,intrinsic_only,l2sq,3483.752176761627
2026-05-20T07:50:06.920756,96,106293,564.3938797712325,564.3938797712325,18,0.08179347826086956,2.56,1.02,0,3,-0.0013740673821303062,0.7630318179726601,0.6747869327664375,0.00048745968997537803,0.0,0.0,0.0,4,9.835853861093266e-05,9.835853861093266e-05,1.0,intrinsic_only,l2sq,3523.574645280838
2026-05-20T07:50:38.053053,97,107396,567.3135445117949,565.8537121415137,14,0.08233695652173913,2.64,1.06,3,3,-0.00025908797961160523,0.9821843057870865,0.6732141822576523,-0.00043245719716651643,0.0,0.0,0.0,4,9.834378507604966e-05,9.834378507604966e-05,1.0,intrinsic_only,l2sq,3554.706885099411
2026-05-20T07:51:19.044253,98,108558,585.9131889939307,585.9131889939307,8,0.08070652173913044,2.66,1.09,0,3,-0.0010381154774221635,0.8786558210849762,0.6641616001725197,0.0006629206418438116,0.0,0.0,0.0,4,9.832903400000718e-05,9.832903400000718e-05,1.0,intrinsic_only,l2sq,3595.6981291770935
2026-05-20T07:51:48.486398,99,109562,515.7367329597472,550.824960976839,17,0.08152173913043478,2.565,1.01,3,3,-0.0006202012533321477,0.9094673991203308,0.660569354891777,0.00010824185173987505,0.0,0.0,0.0,4,9.830936917649752e-05,9.830936917649752e-05,1.0,intrinsic_only,l2sq,3625.140263557434
2026-05-20T07:52:26.768178,100,110630,551.330055952072,551.330055952072,20,0.08097826086956522,2.505,0.99,0,3,-0.0004192739945210189,0.855368435382843,0.6417322158813477,-2.964668710773999e-05,0.0,0.0,0.0,4,9.829462301690675e-05,9.829462301690675e-05,1.0,intrinsic_only,l2sq,3663.422000646591
2026-05-20T07:53:01.183577,101,111769,575.4391338229178,563.3845948874949,12,0.08152173913043478,2.475,0.95,3,3,-0.000956871574453455,0.8537623211741447,0.6520344987511635,0.0003983412236493629,0.0,0.0,0.0,4,9.827987931492732e-05,9.827987931492732e-05,1.0,intrinsic_only,l2sq,3697.837438583374
2026-05-20T07:53:39.198123,102,112912,567.898469030857,567.898469030857,15,0.08097826086956522,2.445,0.94,0,3,-0.0008747913052501444,0.8849877119064331,0.6417808309197426,0.00046902632493582216,0.0,0.0,0.0,4,9.826022432186314e-05,9.826022432186314e-05,1.0,intrinsic_only,l2sq,3735.852054834366
2026-05-20T07:54:11.808555,103,114007,541.2662443518637,554.5823566913604,9,0.0796195652173913,2.5,0.99,3,3,-0.0008835088541672698,0.8527635782957077,0.6220596879720688,0.00020377767286847148,0.0,0.0,0.0,4,9.824057325960101e-05,9.824057325960101e-05,1.0,intrinsic_only,l2sq,3768.462404727936
2026-05-20T07:54:47.064504,104,115079,538.6558156609534,538.6558156609534,17,0.07989130434782608,2.45,0.96,0,3,-0.0012576930370413741,0.8265422731637955,0.6036290228366852,0.0012118515776819438,0.0,0.0,0.0,4,9.822583741922579e-05,9.822583741922579e-05,1.0,intrinsic_only,l2sq,3803.7184212207794
2026-05-20T07:55:19.812453,105,116166,558.8487380146979,548.7522768378257,11,0.07934782608695652,2.445,0.96,3,3,-0.0015532376521149582,0.9282080382108688,0.6177479848265648,0.0008219614144763833,0.0,0.0,0.0,4,9.82111040347421e-05,9.82111040347421e-05,1.0,intrinsic_only,l2sq,3836.4662902355194
2026-05-20T07:55:58.547378,106,117259,558.4315670132636,558.4315670132636,9,0.07717391304347826,2.445,0.95,0,3,-0.0012602441380296092,0.7683689296245575,0.551427073776722,0.00022193752010932905,0.0,0.0,0.0,4,9.819146279604619e-05,9.819146279604619e-05,1.0,intrinsic_only,l2sq,3875.2013013362885
2026-05-20T07:56:30.516682,107,118381,575.8880224227904,567.159794718027,11,0.07608695652173914,2.435,0.94,3,3,-0.0007175758510129526,0.8107521831989288,0.5364816784858704,0.0005140509696502718,0.0,0.0,0.0,4,9.817673432211771e-05,9.817673432211771e-05,1.0,intrinsic_only,l2sq,3907.170566558838
2026-05-20T07:57:09.138217,108,119479,569.4751653671264,569.4751653671264,17,0.07554347826086956,2.42,0.91,0,3,-0.000742039836768571,0.7786065712571144,0.5066585093736649,0.0016448873937406454,0.0,0.0,0.0,4,9.816200830285306e-05,9.816200830285306e-05,1.0,intrinsic_only,l2sq,3945.792151451111
2026-05-20T07:57:40.604381,109,120576,554.1513680815696,561.813266724348,12,0.07391304347826087,2.435,0.94,3,3,-0.00042136685860896805,0.9108370617032051,0.49899645522236824,8.457238270692669e-05,0.0,0.0,0.0,4,9.814237688281258e-05,9.814237688281258e-05,1.0,intrinsic_only,l2sq,3977.215855360031
2026-05-20T07:58:19.802432,110,121694,565.7578012943267,565.7578012943267,15,0.07282608695652174,2.48,0.97,0,3,-0.0012590527556312903,0.7514250576496124,0.4892791472375393,0.00018502971024647596,0.0,0.0,0.0,4,9.81227493888598e-05,9.81227493888598e-05,1.0,intrinsic_only,l2sq,4016.456356048584
2026-05-20T07:58:51.098461,111,122817,574.9389097690581,570.3483555316924,7,0.07119565217391305,2.48,0.97,3,3,-0.0005640298200888516,0.8164166063070297,0.4801110327243805,-0.00032307744477289013,0.0,0.0,0.0,4,9.81080312217706e-05,9.81080312217706e-05,1.0,intrinsic_only,l2sq,4047.7523448467255
2026-05-20T07:59:30.861590,112,123925,570.225608408451,570.225608408451,15,0.07065217391304347,2.395,0.91,0,3,-0.00019923858425852092,0.8336821794509888,0.5093024894595146,-1.662667182245406e-05,0.0,0.0,0.0,4,9.80933155076275e-05,9.80933155076275e-05,1.0,intrinsic_only,l2sq,4087.515511035919
2026-05-20T08:00:02.931709,113,124996,555.7737038731574,562.9996561408042,16,0.07173913043478261,2.32,0.85,3,3,-0.0006564706502104611,0.8725218623876572,0.5210539028048515,-0.000123271038137307,0.0,0.0,0.0,4,9.807369782545913e-05,9.807369782545913e-05,1.0,intrinsic_only,l2sq,4119.585562705994
2026-05-20T08:00:40.136202,114,126093,544.4111605882644,544.4111605882644,17,0.07336956521739131,2.35,0.84,0,3,-0.0007335257036175657,0.7389109805226326,0.4805765338242054,7.698555409665908e-05,0.0,0.0,0.0,4,9.805408406663101e-05,9.805408406663101e-05,1.0,intrinsic_only,l2sq,4156.790130138397
2026-05-20T08:01:13.967798,115,127226,575.2701923847197,559.840676486492,9,0.07309782608695652,2.375,0.85,3,3,-0.0006190180909468879,0.9813678562641144,0.4741532504558563,0.000323636861867288,0.0,0.0,0.0,4,9.803937619916848e-05,9.803937619916848e-05,1.0,intrinsic_only,l2sq,4190.621674776077
2026-05-20T08:01:54.815744,116,128401,596.9609928131102,596.9609928131102,11,0.07119565217391305,2.375,0.85,0,3,-0.0007795311619701595,0.8658597990870476,0.49414634704589844,0.00013794666429021302,0.0,0.0,0.0,4,9.802467078293549e-05,9.802467078293549e-05,1.0,intrinsic_only,l2sq,4231.469682693481
2026-05-20T08:02:29.280730,117,129563,597.6262449622153,597.2936188876628,7,0.06929347826086957,2.415,0.88,3,3,-0.001961741659033553,0.7851890549063683,0.5149405859410763,0.0007805286427355895,0.0,0.0,0.0,4,9.800506682902561e-05,9.800506682902561e-05,1.0,intrinsic_only,l2sq,4265.934613227844
2026-05-20T08:03:07.552513,118,130651,554.5271340608596,554.5271340608596,16,0.07146739130434783,2.435,0.91,0,3,-0.0007124356961866196,0.7826463654637337,0.5514435991644859,0.0006792276573833189,0.0,0.0,0.0,4,9.798546679571049e-05,9.798546679571049e-05,1.0,intrinsic_only,l2sq,4304.20641207695
2026-05-20T08:03:40.866244,119,131771,566.478757560253,560.5029458105563,13,0.07038043478260869,2.36,0.85,3,3,-0.0007406562654068694,0.9629414677619934,0.5384202599525452,0.00019522328111631904,0.0,0.0,0.0,4,9.797076922066705e-05,9.797076922066705e-05,1.0,intrinsic_only,l2sq,4337.520130634308
2026-05-20T08:04:20.381949,120,132900,585.7475443482398,585.7475443482398,13,0.06847826086956521,2.415,0.87,0,3,-0.0009227130787621274,0.8528272807598114,0.541846290230751,0.0008394650456466258,0.0,0.0,0.0,4,9.79560740951378e-05,9.79560740951378e-05,1.0,intrinsic_only,l2sq,4377.03586268425
2026-05-20T08:04:53.195917,121,134004,543.3097981214522,564.528671234846,12,0.06847826086956521,2.495,0.94,3,3,-0.0011286694492810279,0.8388475924730301,0.5462949201464653,-0.000435515659137381,0.0,0.0,0.0,4,9.793648385987951e-05,9.793648385987951e-05,1.0,intrinsic_only,l2sq,4409.849809646606
2026-05-20T08:05:31.345864,122,135090,564.8598257899283,564.8598257899283,14,0.06820652173913043,2.46,0.91,0,3,-0.0014460467402386823,0.7782332599163055,0.5645803213119507,0.0007665994211492888,0.0,0.0,0.0,4,9.791689754247237e-05,9.791689754247237e-05,1.0,intrinsic_only,l2sq,4447.999789953232
2026-05-20T08:06:04.739357,123,136216,570.3918893337249,567.6258575618266,13,0.06929347826086957,2.47,0.93,3,3,-0.001220376789569766,0.92619189620018,0.5417069345712662,0.0020304445890360484,0.0,0.0,0.0,4,9.790221025264548e-05,9.790221025264548e-05,1.0,intrinsic_only,l2sq,4481.393221139908
2026-05-20T08:06:43.072259,124,137311,568.0012634396552,568.0012634396552,11,0.06766304347826087,2.425,0.9,0,3,-0.0011516355414642188,0.8551817536354065,0.5157989524304867,0.0007109813110219021,0.0,0.0,0.0,4,9.788752541061864e-05,9.788752541061864e-05,1.0,intrinsic_only,l2sq,4519.726189613342
2026-05-20T08:07:16.474822,125,138437,575.875556886196,571.9384101629256,14,0.06847826086956521,2.46,0.91,3,3,-0.0006860867397335824,0.8530992716550827,0.5182893052697182,0.0002756303118076342,0.0,0.0,0.0,4,9.786794888441176e-05,9.786794888441176e-05,1.0,intrinsic_only,l2sq,4553.12869644165
2026-05-20T08:07:55.667569,126,139557,569.2663052678107,569.2663052678107,16,0.07038043478260869,2.505,0.91,0,3,-0.0012091309341485945,0.7244185581803322,0.5169684439897537,0.0003122914449704972,0.0,0.0,0.0,4,9.784837627331439e-05,9.784837627331439e-05,1.0,intrinsic_only,l2sq,4592.321484327316
2026-05-20T08:08:26.775717,127,140698,597.3280383348464,583.2971718013285,9,0.06983695652173913,2.475,0.89,3,3,-0.000698634251602881,0.7975383251905441,0.5035418570041656,-0.0002481637078745047,0.0,0.0,0.0,4,9.783369926150656e-05,9.783369926150656e-05,1.0,intrinsic_only,l2sq,4623.429617643356
2026-05-20T08:09:03.530047,128,141746,538.177399098873,538.177399098873,20,0.07065217391304347,2.56,0.94,0,3,-0.0008028380732866824,0.8797446340322495,0.5299466028809547,0.00027742923484767174,0.0,0.0,0.0,4,9.781902469578584e-05,9.781902469578584e-05,1.0,intrinsic_only,l2sq,4660.183958292007
2026-05-20T08:09:35.766028,129,142832,542.1053100824355,540.1413545906543,14,0.07119565217391305,2.67,1.02,3,3,-0.0012183494989586041,0.816309429705143,0.5378280505537987,0.0006858265025584953,0.0,0.0,0.0,4,9.779946186903694e-05,9.779946186903694e-05,1.0,intrinsic_only,l2sq,4692.419937133789
2026-05-20T08:10:14.215625,130,143929,549.9607061743735,549.9607061743735,15,0.07119565217391305,2.7,1.04,0,3,0.00017794074083221645,0.7567182183265686,0.5478094965219498,0.00014966153394191384,0.0,0.0,0.0,4,9.778479219426746e-05,9.778479219426746e-05,1.0,intrinsic_only,l2sq,4730.869534730911
2026-05-20T08:10:47.230537,131,145036,552.3182558417319,551.1394810080527,8,0.07146739130434783,2.65,1.02,3,3,-0.0007204722665846708,0.8753110468387604,0.5443341806530952,-8.6924180322967e-05,0.0,0.0,0.0,4,9.777012496436228e-05,9.777012496436228e-05,1.0,intrinsic_only,l2sq,4763.884428262711
2026-05-20T08:11:25.561195,132,146123,565.3907557725905,565.3907557725905,13,0.07092391304347827,2.56,0.97,0,3,-0.001074606576003112,0.8580463901162148,0.522936511784792,8.635738179237767e-05,0.0,0.0,0.0,4,9.775057191707066e-05,9.775057191707066e-05,1.0,intrinsic_only,l2sq,4802.215100288391
2026-05-20T08:11:58.836252,133,147247,582.7097948193549,574.0502752959727,7,0.06847826086956521,2.535,0.94,3,3,-0.0006953790827536332,0.8039627149701118,0.4948853775858879,-0.00015592632421429845,0.0,0.0,0.0,4,9.773102278019298e-05,9.773102278019298e-05,1.0,intrinsic_only,l2sq,4835.4901530742645
2026-05-20T08:12:38.463141,134,148374,575.0772389173507,575.0772389173507,10,0.06657608695652174,2.505,0.9,0,3,-0.0008345022957655657,0.8334079831838608,0.4810658246278763,0.00013787902926196138,0.0,0.0,0.0,4,9.771636337111572e-05,9.771636337111572e-05,1.0,intrinsic_only,l2sq,4875.117061376572
2026-05-20T08:13:11.325111,135,149453,555.6943960785865,565.3858174979686,11,0.0671195652173913,2.475,0.87,3,3,-0.0006662011153821812,0.8199044167995453,0.4605666771531105,-0.00022021528293408865,0.0,0.0,0.0,4,9.770170640519187e-05,9.770170640519187e-05,1.0,intrinsic_only,l2sq,4907.978937387466
2026-05-20T08:13:53.005515,136,150619,592.4804328083991,592.4804328083991,13,0.06766304347826087,2.47,0.88,0,3,-0.002714045933680631,0.7412480562925339,0.47380436584353447,0.00049234414473176,0.0009765625,0.0,0.0,4,9.76821670409279e-05,9.76821670409279e-05,1.0,intrinsic_only,l2sq,4949.659400224686
2026-05-20T08:14:26.021303,137,151717,551.8832889795302,572.1818608939647,13,0.06929347826086957,2.435,0.85,3,3,-0.0009796075733902176,0.841473400592804,0.4852553643286228,3.9234576797747556e-05,0.00019531250291038305,0.0,0.0,4,9.766263158434139e-05,9.766263158434139e-05,1.0,intrinsic_only,l2sq,4982.675148963928
2026-05-20T08:15:06.560562,138,152863,569.4699223041533,569.4699223041533,9,0.06739130434782609,2.55,0.94,0,3,0.00015206412026591565,0.8238072544336319,0.46195513010025024,-0.0002288772193423938,0.0,0.0,0.0,4,9.764798243377253e-05,9.764798243377253e-05,1.0,intrinsic_only,l2sq,5023.214487552643
2026-05-20T08:15:40.734226,139,153993,580.8442863821982,575.1571043431758,12,0.0671195652173913,2.57,0.98,3,3,-0.0009274221964006291,0.8286800011992455,0.4796565920114517,0.00015159576250881046,0.0,0.0,0.0,4,9.763333572464737e-05,9.763333572464737e-05,1.0,intrinsic_only,l2sq,5057.388090133667
2026-05-20T08:16:19.718806,140,155090,534.5700239539145,534.5700239539145,17,0.06820652173913043,2.6,1.0,0,3,-0.000487884874746658,0.8837117180228233,0.47461045160889626,0.0001527163442006374,0.0,0.0,0.0,4,9.76138100338358e-05,9.76138100338358e-05,1.0,intrinsic_only,l2sq,5096.3727288246155
2026-05-20T08:16:53.739064,141,156219,571.9064291119574,553.238226532936,11,0.06793478260869565,2.585,1.01,3,3,-0.0009562473656842541,0.7917434126138687,0.45618821308016777,0.00013513057247110938,0.0,0.0,0.0,4,9.759428824796714e-05,9.759428824796714e-05,1.0,intrinsic_only,l2sq,5130.392963886261
2026-05-20T08:17:32.559947,142,157365,578.6945302486419,578.6945302486419,4,0.06521739130434782,2.55,0.98,0,3,-7.684901884186246e-05,1.018713802099228,0.45889052003622055,-4.9770505029300693e-05,0.0,0.0,0.0,4,9.757964934872786e-05,9.757964934872786e-05,1.0,intrinsic_only,l2sq,5169.21385717392
2026-05-20T08:18:06.349755,143,158488,585.6382015943526,582.1663659214972,10,0.06440217391304348,2.49,0.96,3,3,-0.0003486760047963777,0.8573289066553116,0.45860834419727325,-3.26168603351322e-05,0.0,0.0,0.0,4,9.756501288922379e-05,9.756501288922379e-05,1.0,intrinsic_only,l2sq,5203.003593921661
2026-05-20T08:18:47.192009,144,159629,588.925315260887,588.925315260887,12,0.06467391304347826,2.42,0.93,0,3,-0.000558131196157774,0.8405224904417992,0.4483304135501385,0.00024901282581596407,0.0,0.0,0.0,4,9.754550086229607e-05,9.754550086229607e-05,1.0,intrinsic_only,l2sq,5243.845940351486
2026-05-20T08:19:20.491275,145,160740,563.5045759081839,576.2149455845355,11,0.06385869565217392,2.375,0.92,3,3,-0.0013469957077177908,0.8475780412554741,0.43980851396918297,0.00118189359709504,0.0,0.0,0.0,4,9.752599273757864e-05,9.752599273757864e-05,1.0,intrinsic_only,l2sq,5277.145151376724
2026-05-20T08:20:00.500371,146,161884,574.7797368764876,574.7797368764876,9,0.06195652173913044,2.355,0.92,0,3,-0.0034553051344119456,0.9037221223115921,0.4028514176607132,0.0005162575137547254,0.001953125,0.0,0.0,4,9.751136408249517e-05,9.751136408249517e-05,1.0,intrinsic_only,l2sq,5317.154272079468
2026-05-20T08:20:33.589154,147,162996,573.744464457035,574.2621006667613,7,0.06141304347826087,2.345,0.91,3,3,2.008416095111709e-05,0.8207226172089577,0.4199197515845299,-0.00021077473093100707,0.0,0.0,0.0,4,9.749673786543962e-05,9.749673786543962e-05,1.0,intrinsic_only,l2sq,5350.243035078049
2026-05-20T08:21:12.929159,148,164115,575.0054927468299,575.0054927468299,9,0.058423913043478264,2.25,0.85,0,3,-0.00036121569605707116,0.818927451968193,0.4011445865035057,0.0002803114120979444,0.0,0.0,0.0,4,9.747723949283392e-05,9.747723949283392e-05,1.0,intrinsic_only,l2sq,5389.5830755233765
2026-05-20T08:21:44.442731,149,165179,538.711933672428,556.858713209629,11,0.057608695652173914,2.26,0.86,3,3,-0.0012496322597144172,0.8167033717036247,0.42581450566649437,-6.53581514598045e-05,0.0,0.0,0.0,4,9.745774501970775e-05,9.745774501970775e-05,1.0,intrinsic_only,l2sq,5421.096606254578
2026-05-20T08:22:25.019657,150,166304,570.0379508733748,570.0379508733748,13,0.057065217391304345,2.27,0.85,0,3,0.00025352686643598243,0.984851524233818,0.42987237870693207,-0.0005638923459628103,0.0,0.0,0.0,4,9.744312660161135e-05,9.744312660161135e-05,1.0,intrinsic_only,l2sq,5461.673584461212
2026-05-20T08:22:58.604785,151,167431,581.0688530802726,575.5534019768237,11,0.057880434782608695,2.285,0.85,3,3,-0.0002570398140960828,0.8933574110269547,0.43411916494369507,0.0005977675844405853,0.0,0.0,0.0,4,9.742851061983674e-05,9.742851061983674e-05,1.0,intrinsic_only,l2sq,5495.258634328842
2026-05-20T08:23:35.932745,152,168574,580.0576341748236,580.0576341748236,13,0.057880434782608695,2.365,0.9,0,3,-0.0006600096867260263,0.784660667181015,0.42647234722971916,-9.158594561997635e-05,0.0,0.0,0.0,4,9.740902589199788e-05,9.740902589199788e-05,1.0,intrinsic_only,l2sq,5532.58668589592
2026-05-20T08:24:04.809247,153,169706,560.3875558972358,570.2225950360297,9,0.058423913043478264,2.35,0.9,3,3,-0.0009417448360182212,0.7946285754442215,0.4234963618218899,0.00022618315315413307,0.0,0.0,0.0,4,9.738954506090975e-05,9.738954506090975e-05,1.0,intrinsic_only,l2sq,5561.463116645813
2026-05-20T08:24:36.939013,154,170799,548.8328606486319,548.8328606486319,7,0.057608695652173914,2.395,0.92,0,3,-0.0003264008192218615,0.7707156091928482,0.4051628112792969,8.388846542856099e-05,0.0,0.0,0.0,4,9.737493687263666e-05,9.737493687263666e-05,1.0,intrinsic_only,l2sq,5593.592945098877
2026-05-20T08:25:11.074848,155,171947,589.9001703262328,569.3665154874324,13,0.058152173913043476,2.35,0.89,3,3,-0.0003709003443873038,0.915871761739254,0.39666320383548737,-0.00010933081521214989,0.0,0.0,0.0,4,9.736033111898045e-05,9.736033111898045e-05,1.0,intrinsic_only,l2sq,5627.728749513626
2026-05-20T08:25:48.261254,156,173007,519.5558720827102,519.5558720827102,7,0.05652173913043478,2.3,0.85,0,3,-0.0006860310259070301,0.8407320752739906,0.40268678590655327,-0.00018951036346378722,0.0,0.0,0.0,4,9.734086002635996e-05,9.734086002635996e-05,1.0,intrinsic_only,l2sq,5664.915163516998
2026-05-20T08:26:20.580519,157,174089,537.8561734557151,528.7060227692126,15,0.057065217391304345,2.185,0.75,3,3,-0.0008327357516463851,0.9114905595779419,0.3992554284632206,9.180506749545403e-05,0.0,0.0,0.0,4,9.732139282776329e-05,9.732139282776329e-05,1.0,intrinsic_only,l2sq,5697.23440861702
2026-05-20T08:26:58.640300,158,175244,591.133475601673,591.133475601673,10,0.05733695652173913,2.19,0.75,0,3,-0.00026095511493617884,0.8583841919898987,0.3939334750175476,0.0001544324077372046,0.0,0.0,0.0,4,9.730679486215478e-05,9.730679486215478e-05,1.0,intrinsic_only,l2sq,5735.294225931168
2026-05-20T08:27:31.357844,159,176337,558.3488309979438,574.7411532998084,9,0.05652173913043478,2.19,0.75,3,3,-0.001546276407316416,0.8624880462884903,0.391298059374094,-0.00014283436951252615,0.0,0.0,0.0,4,9.729219932945944e-05,9.729219932945944e-05,1.0,intrinsic_only,l2sq,5768.011719465256
2026-05-20T08:28:10.182804,160,177490,592.0180765390395,592.0180765390395,9,0.05434782608695652,2.14,0.71,0,3,-0.00033970550139200695,0.8913310840725899,0.4073955863714218,0.0006565654261066756,0.0,0.0,0.0,4,9.727274186251554e-05,9.727274186251554e-05,1.0,intrinsic_only,l2sq,5806.8367240428925
2026-05-20T08:28:44.979903,161,178650,580.3863123059272,586.2021944224833,4,0.052445652173913046,2.1,0.67,3,3,-0.0007748894724500244,0.7614779472351074,0.3789977766573429,8.58102794099036e-08,0.0,0.0,0.0,4,9.725328828687046e-05,9.725328828687046e-05,1.0,intrinsic_only,l2sq,5841.633754491806
2026-05-20T08:29:23.525361,162,179771,571.163908958435,571.163908958435,10,0.05407608695652174,2.105,0.66,0,3,-0.0007567346328869462,0.8814351111650467,0.3709169700741768,-0.00028879292476631513,0.0,0.0,0.0,4,9.723870053677282e-05,9.723870053677282e-05,1.0,intrinsic_only,l2sq,5880.179283857346
2026-05-20T08:29:55.160387,163,180892,570.7098348140715,570.9368718862532,9,0.05380434782608696,2.13,0.67,3,3,-0.0005168113793842244,0.8486925661563873,0.3729231730103493,0.0009951347673450156,0.0,0.0,0.0,4,9.72241152178858e-05,9.72241152178858e-05,1.0,intrinsic_only,l2sq,5911.814255475998
2026-05-20T08:30:34.564499,164,182013,569.7144041657447,569.7144041657447,10,0.05326086956521739,2.115,0.65,0,3,-0.0006144087878056648,0.8355618938803673,0.373054388910532,0.00014352508196679992,0.0,0.0,0.0,4,9.720467136708337e-05,9.720467136708337e-05,1.0,intrinsic_only,l2sq,5951.218415260315
2026-05-20T08:31:04.671519,165,183069,540.3415177464484,555.0279609560965,15,0.05434782608695652,2.09,0.61,3,3,-0.0009523302310298909,0.8199765235185623,0.37075041607022285,0.00016732773974014598,0.0,0.0,0.0,4,9.718523140485667e-05,9.718523140485667e-05,1.0,intrinsic_only,l2sq,5981.325416088104
2026-05-20T08:31:44.122354,166,184196,573.0485396981238,573.0485396981238,12,0.05516304347826087,2.11,0.62,0,3,-6.620735002771383e-05,0.9129171669483185,0.3829789459705353,3.9698000819043955e-05,0.0,0.0,0.0,4,9.717065386312118e-05,9.717065386312118e-05,1.0,intrinsic_only,l2sq,6020.776263713837
2026-05-20T08:32:15.381175,167,185304,563.5331538915633,568.2908467948436,11,0.05625,2.08,0.62,3,3,-0.00045824945391359506,0.9335683435201645,0.36473051458597183,0.00012170955023976804,0.0,0.0,0.0,4,9.715607875089498e-05,9.715607875089498e-05,1.0,intrinsic_only,l2sq,6052.035081863403
2026-05-20T08:32:53.403327,168,186390,565.0578473210334,565.0578473210334,11,0.05679347826086956,2.09,0.65,0,3,-0.0015332117596699169,0.6898811683058739,0.3761908821761608,-9.407962900239569e-05,0.0,0.0,0.0,4,9.71366485067056e-05,9.71366485067056e-05,1.0,intrinsic_only,l2sq,6090.057235240936
2026-05-20T08:33:27.115156,169,187522,572.4028634428977,568.7303553819655,8,0.05597826086956522,2.07,0.65,3,3,-0.002656713980832226,0.7994318976998329,0.35132306441664696,0.00040149962142096984,0.005078125192085281,0.0,0.0,4,9.711722214837074e-05,9.711722214837074e-05,1.0,intrinsic_only,l2sq,6123.769038915634
2026-05-20T08:34:06.560810,170,188647,567.366924881935,567.366924881935,16,0.05679347826086956,2.06,0.64,0,3,0.0005654722481267527,0.8961403220891953,0.33829857409000397,0.00010643122423061903,0.0,0.0,0.0,4,9.710265480785367e-05,9.710265480785367e-05,1.0,intrinsic_only,l2sq,6163.21475315094
2026-05-20T08:34:40.665422,171,189793,552.0990736484526,559.7329992651938,11,0.05679347826086956,2.04,0.61,3,3,-0.000897026433813064,0.8185510784387589,0.31804220005869865,0.000481111037242965,0.0,0.0,0.0,4,9.708808989514577e-05,9.708808989514577e-05,1.0,intrinsic_only,l2sq,6197.319263458252
2026-05-20T08:35:20.672239,172,190939,575.2472857832907,575.2472857832907,11,0.05625,2.02,0.6,0,3,-0.00016241148314299902,0.8543914556503296,0.33193160220980644,0.00024660722560838205,0.0,0.0,0.0,4,9.706867324804766e-05,9.706867324804766e-05,1.0,intrinsic_only,l2sq,6237.326137065887
2026-05-20T08:35:52.585546,173,192019,544.6910536289214,559.9691697061061,12,0.057065217391304345,1.985,0.57,3,3,-0.0008996710297651811,0.8121161833405495,0.337940264493227,-0.00028350497950668796,0.0,0.0,0.0,4,9.704926048408478e-05,9.704926048408478e-05,1.0,intrinsic_only,l2sq,6269.239441156387
2026-05-20T08:36:32.409609,174,193150,571.4771656394004,571.4771656394004,12,0.058423913043478264,2.025,0.58,0,3,-0.0005861468554939631,0.9028663039207458,0.3289567530155182,0.0009048249892657789,0.0,0.0,0.0,4,9.703470333764745e-05,9.703470333764745e-05,1.0,intrinsic_only,l2sq,6309.063527584076
2026-05-20T08:37:04.901368,175,194247,575.6353583335875,573.556261986494,7,0.05679347826086956,2.0,0.56,3,3,-0.00020539537108699157,0.8170757740736008,0.3317011073231697,0.000326278517559328,0.0,0.0,0.0,4,9.702014861732032e-05,9.702014861732032e-05,1.0,intrinsic_only,l2sq,6341.555268764496
2026-05-20T08:37:44.254024,176,195366,571.2060408592223,571.2060408592223,10,0.057608695652173914,1.995,0.57,0,3,-0.0010004416420997808,0.7907968387007713,0.34868937730789185,0.00019710399337782847,0.0,0.0,0.0,4,9.700074555779833e-05,9.700074555779833e-05,1.0,intrinsic_only,l2sq,6380.907936573029
2026-05-20T08:38:14.988827,177,196407,521.2345744371413,546.2203076481818,17,0.058152173913043476,1.96,0.54,3,3,-0.0007063832264975756,0.8413699716329575,0.3560670092701912,-0.0005180109368665975,0.0,0.0,0.0,4,9.698619568847867e-05,9.698619568847867e-05,1.0,intrinsic_only,l2sq,6411.642740488052
2026-05-20T08:38:53.995232,178,197513,558.4161166548728,558.4161166548728,10,0.058152173913043476,1.96,0.54,0,3,-0.0008743424149086909,0.8204158470034599,0.3472176268696785,0.00041813643783826515,0.0,0.0,0.0,4,9.697164824405638e-05,9.697164824405638e-05,1.0,intrinsic_only,l2sq,6450.649132490158
2026-05-20T08:39:26.522437,179,198609,563.9722685217856,561.1941925883292,9,0.058152173913043476,1.92,0.51,3,3,-0.00036692247076644535,0.8109785988926888,0.33578546717762947,0.00013088579178768822,0.0,0.0,0.0,4,9.695225488412405e-05,9.695225488412405e-05,1.0,intrinsic_only,l2sq,6483.176333904266
2026-05-20T08:40:05.462627,180,199718,560.7789682149886,560.7789682149886,11,0.058695652173913045,1.925,0.53,0,3,-0.0014548667379131186,0.7559673115611076,0.32500676810741425,0.00015680527667424893,0.0,0.0,0.0,4,9.693286540266979e-05,9.693286540266979e-05,1.0,intrinsic_only,l2sq,6522.116526126862
2026-05-20T08:40:39.407383,181,200853,563.1226995587348,561.9508338868617,13,0.06114130434782609,1.925,0.52,3,3,-0.0008477032388327643,0.8826296180486679,0.31781651079654694,-0.00011958321520069704,0.0,0.0,0.0,4,9.691832571520367e-05,9.691832571520367e-05,1.0,intrinsic_only,l2sq,6556.061290740967
2026-05-20T08:41:18.719622,182,201968,570.9979143738746,570.9979143738746,6,0.06005434782608696,1.915,0.52,0,3,-6.363951033572235e-05,0.9655219316482544,0.3303144499659538,0.00013865230757800773,0.0,0.0,0.0,4,9.690378845093802e-05,9.690378845093802e-05,1.0,intrinsic_only,l2sq,6595.37353849411
2026-05-20T08:41:51.403389,183,203064,558.25038087368,564.6241476237773,8,0.059782608695652176,1.955,0.54,3,3,-0.001208091167427483,0.7701661586761475,0.32312681153416634,0.0003605923048325965,0.0,0.0,0.0,4,9.688440866228572e-05,9.688440866228572e-05,1.0,intrinsic_only,l2sq,6628.057259559631
2026-05-20T08:42:31.719063,184,204190,576.5641574263572,576.5641574263572,11,0.06005434782608696,1.95,0.54,0,3,-0.0009306942039984389,0.8110136091709137,0.312580157071352,0.0010900978064455683,0.00019531250291038305,0.0,0.0,4,9.686503274939735e-05,9.686503274939735e-05,1.0,intrinsic_only,l2sq,6668.372974395752
2026-05-20T08:43:07.360344,185,205365,579.4428378343581,578.0034976303576,14,0.059782608695652176,1.93,0.51,3,3,2.9823183285759836e-05,0.8936789482831955,0.3047243282198906,-0.00024165138747775372,0.0,0.0,0.0,4,9.685050323665964e-05,9.685050323665964e-05,1.0,intrinsic_only,l2sq,6704.014222621918
2026-05-20T08:43:48.083659,186,206509,588.2714470028876,588.2714470028876,11,0.059510869565217395,1.92,0.5,0,3,-0.0006202463147928494,0.8806046172976494,0.3211735673248768,0.00012258021442901335,0.0,0.0,0.0,4,9.683597614542665e-05,9.683597614542665e-05,1.0,intrinsic_only,l2sq,6744.73756980896
2026-05-20T08:44:22.043270,187,207630,567.6575477123259,577.9644973576068,8,0.058695652173913045,1.935,0.5,3,3,-0.0005048789127613529,0.8392494395375252,0.2941480055451393,0.0001215848271272045,0.0,0.0,0.0,4,9.681660991855734e-05,9.681660991855734e-05,1.0,intrinsic_only,l2sq,6778.697140216827
2026-05-20T08:45:02.747995,188,208770,578.1853038072585,578.1853038072585,12,0.058967391304347826,1.885,0.45,0,3,-0.00047320166740977276,0.7636150941252708,0.2661183439195156,-5.242169654590123e-05,0.0,0.0,0.0,4,9.679724756473973e-05,9.679724756473973e-05,1.0,intrinsic_only,l2sq,6819.401916265488
2026-05-20T08:45:35.006581,189,209883,555.297763109207,566.7415334582328,6,0.058423913043478264,1.915,0.47,3,3,-0.0003803156338108016,0.8885246068239212,0.2686368152499199,4.1450506068962945e-05,0.0,0.0,0.0,4,9.678272821961023e-05,9.678272821961023e-05,1.0,intrinsic_only,l2sq,6851.660489320755
2026-05-20T08:46:14.216991,190,210977,544.3915935158728,544.3915935158728,11,0.057065217391304345,1.91,0.48,0,3,-0.000828179734162382,0.8423716425895691,0.29769282788038254,-0.0001504655816006728,0.0,0.0,0.0,4,9.676821129429093e-05,9.676821129429093e-05,1.0,intrinsic_only,l2sq,6890.870895862579
2026-05-20T08:46:49.936417,191,212150,609.2595509290694,576.8255722224711,6,0.05570652173913043,1.91,0.48,3,3,-0.00044043437592333756,0.8866550028324127,0.27141155302524567,8.619708087281852e-05,0.0,0.0,0.0,4,9.674885861971419e-05,9.674885861971419e-05,1.0,intrinsic_only,l2sq,6926.590248346329
2026-05-20T08:47:30.022009,192,213276,565.9412215352057,565.9412215352057,13,0.05625,1.925,0.5,0,3,-0.0004915006576994008,0.6714942306280136,0.28531713783741,0.0002014182287893903,0.0,0.0,0.0,4,9.672950981547883e-05,9.672950981547883e-05,1.0,intrinsic_only,l2sq,6966.675929307938
2026-05-20T08:48:03.419441,193,214380,558.0567004084586,561.9989609718322,15,0.057065217391304345,1.925,0.49,3,3,-0.00038735272210033145,0.7707921415567398,0.2884591072797775,0.00012005108510493301,0.0,0.0,0.0,4,9.671500063084238e-05,9.671500063084238e-05,1.0,intrinsic_only,l2sq,7000.073333501816
2026-05-20T08:48:44.038125,194,215519,573.9525021910666,573.9525021910666,8,0.05597826086956522,1.95,0.5,0,3,-0.00028169900833729944,0.9145703688263893,0.274360628798604,5.0601703173891455e-05,0.0,0.0,0.0,4,9.670049386432276e-05,9.670049386432276e-05,1.0,intrinsic_only,l2sq,7040.692029714584
2026-05-20T08:49:16.939637,195,216647,573.064661681652,573.5085819363593,10,0.05679347826086956,1.98,0.5,3,3,-0.00045618714648294756,0.8467328548431396,0.27828720211982727,0.00017634050127526835,0.0,0.0,0.0,4,9.668115473255483e-05,9.668115473255483e-05,1.0,intrinsic_only,l2sq,7073.593539953232
2026-05-20T08:49:56.321625,196,217754,554.9502139687537,554.9502139687537,16,0.058423913043478264,1.935,0.48,0,3,-0.000993797199043911,0.8624819368124008,0.2746887393295765,0.0003447127195613589,0.0,0.0,0.0,4,9.666181946841988e-05,9.666181946841988e-05,1.0,intrinsic_only,l2sq,7112.975481748581
2026-05-20T08:50:29.812968,197,218878,561.708649277687,558.3294316232203,6,0.05543478260869565,1.94,0.48,3,3,-0.0006379053054843542,0.7667829096317291,0.32441728562116623,6.177032973939123e-05,0.0,0.0,0.0,4,9.664732043716625e-05,9.664732043716625e-05,1.0,intrinsic_only,l2sq,7146.466816902161
2026-05-20T08:51:08.162869,198,219966,570.2164960503577,570.2164960503577,17,0.05733695652173913,2.005,0.48,0,3,-0.00035449304452869757,0.9113357961177826,0.30671582370996475,-0.0002639121265474373,0.0,0.0,0.0,4,9.663282382233727e-05,9.663282382233727e-05,1.0,intrinsic_only,l2sq,7184.816762685776
2026-05-20T08:51:42.582005,199,221114,581.0102427601813,575.6133694052695,9,0.05733695652173913,2.035,0.5,3,3,-0.0010326152765628427,0.8052114397287369,0.3230859041213989,-3.355039116286623e-05,0.0,0.0,0.0,4,9.661349822390105e-05,9.661349822390105e-05,1.0,intrinsic_only,l2sq,7219.235890626907
2026-05-20T08:52:23.779116,200,222249,567.4560925364493,567.4560925364493,13,0.057880434782608695,2.07,0.52,0,3,-0.0004997070909665835,0.7618175223469734,0.3320019952952862,0.00027609789221968994,0.0,0.0,0.0,4,9.659417649039123e-05,9.659417649039123e-05,1.0,intrinsic_only,l2sq,7260.4330241680145
2026-05-20T08:52:56.398610,201,223350,555.6874356865882,561.5717641115187,11,0.05733695652173913,2.07,0.53,3,3,-0.0018090934172505513,0.7092097401618958,0.3253510966897011,0.000555965567946258,0.0,0.0,0.0,4,9.657968760541519e-05,9.657968760541519e-05,1.0,intrinsic_only,l2sq,7293.05250453949
2026-05-20T08:53:35.241553,202,224452,548.1835847496985,548.1835847496985,8,0.057880434782608695,2.105,0.57,0,3,-0.000604647422733251,0.7016463354229927,0.3666052296757698,0.00035380680515118,0.0013671874767169356,0.0,0.0,4,9.656520113517282e-05,9.656520113517282e-05,1.0,intrinsic_only,l2sq,7331.895487546921
2026-05-20T08:54:09.601894,203,225597,593.792794048786,570.9881893992423,7,0.057608695652173914,2.115,0.59,3,3,-0.0003590691941099955,0.8312563598155975,0.34605083614587784,0.0002935955030807305,0.0,0.0,0.0,4,9.654588906059781e-05,9.654588906059781e-05,1.0,intrinsic_only,l2sq,7366.255740404129
2026-05-20T08:54:48.004723,204,226684,558.7271266579627,558.7271266579627,13,0.058152173913043476,2.125,0.59,0,3,-0.0005608171206517854,0.8362264484167099,0.3797334171831608,-2.817107679223274e-05,0.0,0.0,0.0,4,9.652658084824457e-05,9.652658084824457e-05,1.0,intrinsic_only,l2sq,7404.658659219742
2026-05-20T08:55:19.471189,205,227743,547.5162427425383,553.1216847002505,9,0.05679347826086956,2.155,0.62,3,3,-0.0004393398681714622,0.9703802764415741,0.3805805817246437,-5.8171384989647024e-05,0.0,0.0,0.0,4,9.651210210244586e-05,9.651210210244586e-05,1.0,intrinsic_only,l2sq,7436.125066041946
2026-05-20T08:55:58.098925,206,228838,559.7465708851813,559.7465708851813,9,0.05625,2.115,0.59,0,3,-0.0004618778915757016,0.8374950513243675,0.35685280337929726,-0.00013715096620214862,0.0,0.0,0.0,4,9.6497625769691e-05,9.6497625769691e-05,1.0,intrinsic_only,l2sq,7474.752848863602
2026-05-20T08:56:31.131860,207,229950,562.3498674631118,561.0482191741465,11,0.057065217391304345,2.2,0.68,3,3,-0.0005052404605521421,0.887542687356472,0.3690076507627964,-0.00013529946882046007,0.0,0.0,0.0,4,9.647832720951333e-05,9.647832720951333e-05,1.0,intrinsic_only,l2sq,7507.785758733749
2026-05-20T08:57:09.085891,208,231029,544.2337961792945,544.2337961792945,10,0.05652173913043478,2.225,0.71,0,3,-0.0007398530971842732,0.8176805078983307,0.3799416720867157,0.00029106252741251115,0.0,0.0,0.0,4,9.646385570163978e-05,9.646385570163978e-05,1.0,intrinsic_only,l2sq,7545.73979473114
2026-05-20T08:57:42.737254,209,232156,566.2817212343215,555.257758706808,8,0.057065217391304345,2.21,0.71,3,3,-0.0003322318259960655,0.8204116746783257,0.37660275772213936,0.00011172568392794902,0.0,0.0,0.0,4,9.644938660560382e-05,9.644938660560382e-05,1.0,intrinsic_only,l2sq,7579.391158342361
2026-05-20T08:58:21.393071,210,233255,566.6338371038436,566.6338371038436,11,0.057065217391304345,2.165,0.69,0,3,-0.0007709789941147405,0.8295539990067482,0.3914549686014652,-6.014855648570072e-05,0.0,0.0,0.0,4,9.643009769277657e-05,9.643009769277657e-05,1.0,intrinsic_only,l2sq,7618.0469698905945
2026-05-20T08:58:54.984610,211,234380,563.495171368122,565.0645042359828,8,0.057608695652173914,2.195,0.72,3,3,-0.0006763607452739961,0.7759969532489777,0.38846156001091003,0.00024962412990131577,0.0,0.0,0.0,4,9.6410812637539e-05,9.6410812637539e-05,1.0,intrinsic_only,l2sq,7651.638513088226
2026-05-20T08:59:34.880756,212,235518,568.1778830885886,568.1778830885886,9,0.05652173913043478,2.195,0.71,0,3,-0.000520262134523275,0.7979625314474106,0.3748678043484688,0.00017323604333796538,0.0,0.0,0.0,4,9.639635125668245e-05,9.639635125668245e-05,1.0,intrinsic_only,l2sq,7691.534670591354
2026-05-20T09:00:06.860633,213,236595,558.3371328711509,563.2575079798697,16,0.05679347826086956,2.175,0.73,3,3,-0.0008360706486201241,0.810309499502182,0.3465355485677719,0.00023232363491840213,0.0,0.0,0.0,4,9.638189228597571e-05,9.638189228597571e-05,1.0,intrinsic_only,l2sq,7723.514524459839
2026-05-20T09:00:48.243133,214,237757,603.3111300468444,603.3111300468444,8,0.05679347826086956,2.15,0.73,0,3,-0.0005295790844684345,0.8421745300292969,0.33707983419299126,5.830424634037379e-05,0.0,0.0,0.0,4,9.636261687133743e-05,9.636261687133743e-05,1.0,intrinsic_only,l2sq,7764.896995067596
2026-05-20T09:01:22.940923,215,238903,576.034434556961,589.6727823019027,9,0.05652173913043478,2.165,0.73,3,3,-0.0004761954871128071,0.766369067132473,0.32659586891531944,-0.00031021305371722874,0.0,0.0,0.0,4,9.634334531158934e-05,9.634334531158934e-05,1.0,intrinsic_only,l2sq,7799.594755411148
2026-05-20T09:02:01.675652,216,239982,541.1506913900374,541.1506913900374,13,0.05570652173913043,2.175,0.72,0,3,-0.00047583730483891085,0.8526657968759537,0.30550050735473633,8.333642726932045e-05,0.0,0.0,0.0,4,9.6328894050663e-05,9.6328894050663e-05,1.0,intrinsic_only,l2sq,7838.329560041428
2026-05-20T09:02:34.207333,217,241063,552.2710339426993,546.7108626663684,11,0.057065217391304345,2.19,0.72,3,3,-0.0003883946727001042,0.8747053518891335,0.31703242659568787,0.00024939776722021634,0.0,0.0,0.0,4,9.631444519819988e-05,9.631444519819988e-05,1.0,intrinsic_only,l2sq,7870.861168146133
2026-05-20T09:03:15.042694,218,242208,580.87206274271,580.87206274271,12,0.05570652173913043,2.185,0.75,0,3,-0.0005313648505761437,0.91747085750103,0.3102273941040039,-0.00010947957364351724,0.0,0.0,0.0,4,9.62951832723047e-05,9.62951832723047e-05,1.0,intrinsic_only,l2sq,7911.696629285812
2026-05-20T09:03:48.344186,219,243311,561.248882472515,571.0604726076125,8,0.05543478260869565,2.105,0.72,3,3,-0.0005126120660861599,0.9544433951377869,0.3248305022716522,-1.7065834231277943e-05,0.0,0.0,0.0,4,9.627592519860207e-05,9.627592519860207e-05,1.0,intrinsic_only,l2sq,7944.99805021286
2026-05-20T09:04:30.615578,220,244502,601.689894914627,601.689894914627,10,0.0546195652173913,2.08,0.7,0,3,-0.00100163745082682,0.789435587823391,0.31916140392422676,-0.00013145798332062086,0.0,0.0,0.0,4,9.62566709763216e-05,9.62566709763216e-05,1.0,intrinsic_only,l2sq,7987.269493341446
2026-05-20T09:05:04.456439,221,245620,578.7963012456893,590.2430980801581,12,0.05489130434782609,2.065,0.66,3,3,-0.0004235595537465109,0.9214977473020554,0.2997269555926323,0.0003112410267931409,0.0,0.0,0.0,4,9.624223271632886e-05,9.624223271632886e-05,1.0,intrinsic_only,l2sq,8021.110269546509
2026-05-20T09:05:43.444926,222,246711,539.1678948402404,539.1678948402404,16,0.057065217391304345,2.045,0.65,0,3,-0.0007437564563588239,0.8066746518015862,0.3092036694288254,0.00030312769272315687,0.0,0.0,0.0,4,9.622779686263257e-05,9.622779686263257e-05,1.0,intrinsic_only,l2sq,8060.098846435547
2026-05-20T09:06:15.623787,223,247778,538.480144381523,538.8240196108817,12,0.058423913043478264,2.05,0.65,3,3,-0.0007029827942460765,0.7925368323922157,0.2942655347287655,-4.1831374869613636e-05,0.0,0.0,0.0,4,9.620855226553801e-05,9.620855226553801e-05,1.0,intrinsic_only,l2sq,8092.277647018433
2026-05-20T09:06:55.625096,224,248944,583.7852038145064,583.7852038145064,8,0.057065217391304345,2.05,0.64,0,3,-0.001531788741704121,0.8369656056165695,0.31276673823595047,0.0010437207922222996,0.0,0.0,0.0,4,9.61941212232316e-05,9.61941212232316e-05,1.0,intrinsic_only,l2sq,8132.2790360450745
2026-05-20T09:07:28.669530,225,250051,545.1246454715728,564.4549246430396,18,0.059510869565217395,2.05,0.59,3,3,-0.0009587332519004343,0.8535740748047829,0.27972766384482384,0.000300433625898211,0.0,0.0,0.0,4,9.617969258601873e-05,9.617969258601873e-05,1.0,intrinsic_only,l2sq,8165.323399782181
2026-05-20T09:08:07.701909,226,251163,569.5953586101531,569.5953586101531,10,0.059782608695652176,2.035,0.54,0,3,-0.00021559857232211765,0.8362205177545547,0.26417480036616325,0.00020042537416882847,0.0,0.0,0.0,4,9.616045760929844e-05,9.616045760929844e-05,1.0,intrinsic_only,l2sq,8204.355824947357
2026-05-20T09:08:40.715584,227,252272,558.7935699820517,564.1944642961024,14,0.06059782608695652,2.05,0.52,3,3,-0.0011280156846623646,0.7998919561505318,0.2809823378920555,0.0006965017365473496,0.0,0.0,0.0,4,9.614122647938115e-05,9.614122647938115e-05,1.0,intrinsic_only,l2sq,8237.369403839111
2026-05-20T09:09:20.743378,228,253425,566.6824323534964,566.6824323534964,8,0.06005434782608696,2.025,0.49,0,3,-0.0006086438981582898,0.872086301445961,0.29089805483818054,0.00032055829506133504,0.0,0.0,0.0,4,9.612680553577434e-05,9.612680553577434e-05,1.0,intrinsic_only,l2sq,8277.397182703018
2026-05-20T09:09:56.107072,229,254583,586.2814260125159,576.4819291830062,8,0.06005434782608696,1.99,0.47,3,3,-0.0002894118451649552,0.8159929662942886,0.2920623943209648,0.00023084823022827966,0.0,0.0,0.0,4,9.6112386995578e-05,9.6112386995578e-05,1.0,intrinsic_only,l2sq,8312.76071715355
2026-05-20T09:10:34.777848,230,255702,580.6552465558051,580.6552465558051,9,0.059510869565217395,2.015,0.5,0,3,-0.00022586826471515664,0.9034709259867668,0.29205458611249924,9.882470152433598e-06,0.0,0.0,0.0,4,9.609316547930276e-05,9.609316547930276e-05,1.0,intrinsic_only,l2sq,8351.431745052338
2026-05-20T09:11:08.075171,231,256799,554.1832512021064,567.4192488789557,5,0.058695652173913045,2.015,0.5,3,3,-0.0006970871312659832,0.7510667443275452,0.2972726710140705,0.00012638473946254003,0.0,0.0,0.0,4,9.607394780713856e-05,9.607394780713856e-05,1.0,intrinsic_only,l2sq,8384.728997707367
2026-05-20T09:11:48.370782,232,257924,558.9576330780982,558.9576330780982,8,0.058423913043478264,2.035,0.49,0,3,-0.00038692280313623595,0.8661933541297913,0.27900272607803345,-0.00010358413140920675,0.0,0.0,0.0,4,9.605473397831661e-05,9.605473397831661e-05,1.0,intrinsic_only,l2sq,8425.024709701538
2026-05-20T09:12:20.713370,233,258993,544.5027987957,551.7302159368991,16,0.058423913043478264,2.07,0.54,3,3,-0.0010881684895139299,0.9781875461339951,0.27252792567014694,0.000569461147097175,0.0,0.0,0.0,4,9.60403260083687e-05,9.60403260083687e-05,1.0,intrinsic_only,l2sq,8457.367190599442
2026-05-20T09:12:59.496560,234,260132,569.1744225025176,569.1744225025176,10,0.058967391304347826,2.04,0.53,0,3,-0.00025147423293669924,0.8067028373479843,0.26888885349035263,-0.0002675328223631368,0.0,0.0,0.0,4,9.602592043966908e-05,9.602592043966908e-05,1.0,intrinsic_only,l2sq,8496.150491714478
2026-05-20T09:13:31.780749,235,261220,548.7345079183577,558.9544652104377,15,0.06059782608695652,2.035,0.54,3,3,-0.0006090123257308511,0.7605642303824425,0.2699746787548065,0.00019149805102643136,0.0,0.0,0.0,4,9.600671621584035e-05,9.600671621584035e-05,1.0,intrinsic_only,l2sq,8528.43460893631
2026-05-20T09:14:10.173509,236,262349,559.0087040066718,559.0087040066718,11,0.06005434782608696,2.06,0.56,0,3,-0.00048797726267402197,0.8055975437164307,0.25826118141412735,-6.716330299244566e-05,0.0,0.0,0.0,4,9.599231544843677e-05,9.599231544843677e-05,1.0,intrinsic_only,l2sq,8566.827423334122
2026-05-20T09:14:44.411001,237,263503,566.5746869444846,562.7916954755782,16,0.06141304347826087,2.08,0.57,3,3,-0.0008234139866544754,0.9448539540171623,0.25293397158384323,0.000422004513075086,0.0,0.0,0.0,4,9.597791708108107e-05,9.597791708108107e-05,1.0,intrinsic_only,l2sq,8601.06483578682
2026-05-20T09:15:23.777195,238,264625,556.0370924472808,556.0370924472808,21,0.06385869565217392,2.135,0.62,0,3,-0.00045491662644961406,0.8411251530051231,0.2255041804164648,-4.9815418105933484e-05,0.0,0.0,0.0,4,9.595872245744404e-05,9.595872245744404e-05,1.0,intrinsic_only,l2sq,8640.431122303009
2026-05-20T09:15:54.218481,239,265695,532.4145951867102,544.2258438169955,10,0.06440217391304348,2.06,0.55,3,3,-0.0005606807779258705,0.8536352813243866,0.22668359987437725,-1.8570085353535742e-05,0.0,0.0,0.0,4,9.593953167253978e-05,9.593953167253978e-05,1.0,intrinsic_only,l2sq,8670.872322320938
2026-05-20T09:16:32.085341,240,266775,546.5135592222213,546.5135592222213,14,0.0654891304347826,2.06,0.54,0,3,-0.0005668826408509187,0.8122259378433228,0.24518337845802307,0.00023684607695029225,0.0,0.0,0.0,4,9.592514098264972e-05,9.592514098264972e-05,1.0,intrinsic_only,l2sq,8708.739259958267
2026-05-20T09:17:04.347917,241,267879,562.229458272457,554.3715087473391,10,0.06494565217391304,2.06,0.55,3,3,-0.0005411107147665906,0.9023150056600571,0.24267607554793358,0.0002034468989222521,0.0,0.0,0.0,4,9.591075269112803e-05,9.591075269112803e-05,1.0,intrinsic_only,l2sq,8741.001817464828
2026-05-20T09:17:42.009218,242,268970,538.6823711991309,538.6823711991309,18,0.0654891304347826,2.065,0.57,0,3,-0.0009164530980342867,0.7343499064445496,0.23966356925666332,-0.00021612368018394945,0.0,0.0,0.0,4,9.589157149969733e-05,9.589157149969733e-05,1.0,intrinsic_only,l2sq,8778.663119077682
2026-05-20T09:18:14.564930,243,270067,569.356583893299,554.019477546215,11,0.06521739130434782,2.015,0.56,3,3,-0.0017936319549334279,0.7472556680440903,0.19430864974856377,0.001339113872381864,0.0,0.0,0.0,4,9.58771880037133e-05,9.58771880037133e-05,1.0,intrinsic_only,l2sq,8811.21884560585
2026-05-20T09:18:49.920583,244,271167,555.181574821472,555.181574821472,15,0.0671195652173913,2.0,0.53,0,3,-0.00021803378331253231,0.8275436460971832,0.19263743236660957,0.0002566178226743321,0.0,0.0,0.0,4,9.586280690489869e-05,9.586280690489869e-05,1.0,intrinsic_only,l2sq,8846.574305772781
2026-05-20T09:19:25.051793,245,272322,579.2381557822226,567.2098653018473,9,0.06467391304347826,1.94,0.48,3,3,-0.0004686601510911492,0.8222632184624672,0.20559466257691383,3.731191281969304e-06,0.0,0.0,0.0,4,9.584363530214577e-05,9.584363530214577e-05,1.0,intrinsic_only,l2sq,8881.705317020416
2026-05-20T09:20:03.755003,246,273424,554.6284606456755,554.6284606456755,10,0.06467391304347826,1.975,0.47,0,3,-0.0005260530855593082,0.8053994700312614,0.18840328976511955,5.167110896309168e-05,0.0,0.0,0.0,4,9.58244675335217e-05,9.58244675335217e-05,1.0,intrinsic_only,l2sq,8920.408877849579
2026-05-20T09:20:39.129675,247,274608,590.0226889848708,572.3255748152732,6,0.0625,1.97,0.45,3,3,-0.0005095064676424732,0.8392655774950981,0.16755345277488232,-0.0001301539404266923,0.0,0.0,0.0,4,9.580530359825967e-05,9.580530359825967e-05,1.0,intrinsic_only,l2sq,8955.78350019455
2026-05-20T09:21:20.051395,248,275789,573.3736075162886,573.3736075162886,8,0.0625,2.0,0.46,0,3,-0.00023481547905257472,0.9442609399557114,0.18011678755283356,8.166147526935709e-05,0.0,0.0,0.0,4,9.579093304224517e-05,9.579093304224517e-05,1.0,intrinsic_only,l2sq,8996.705313920975
2026-05-20T09:21:53.211383,249,276884,552.3871833086013,562.880395412445,9,0.06277173913043478,2.035,0.47,3,3,-0.0003537215371579583,0.77036202698946,0.16735603287816048,8.313192325318242e-05,0.00019531250291038305,0.0,0.0,4,9.577656488124349e-05,9.577656488124349e-05,1.0,intrinsic_only,l2sq,9029.86520910263
2026-05-20T09:22:33.604533,250,277996,565.4364978671073,565.4364978671073,12,0.06358695652173912,2.04,0.42,0,3,-0.00027563832609298067,0.8678686991333961,0.15999987162649632,-8.361876680283709e-05,0.0,0.0,0.0,4,9.57574105260329e-05,9.57574105260329e-05,1.0,intrinsic_only,l2sq,9070.258439540863
2026-05-20T09:23:05.606150,251,279108,548.9569597840308,557.196728825569,13,0.06576086956521739,2.105,0.43,3,3,-0.00024044253241306546,0.7036613672971725,0.15334602445363998,-1.3754961446454939e-05,0.0,0.0,0.0,4,9.57382600015018e-05,9.57382600015018e-05,1.0,intrinsic_only,l2sq,9102.26000714302
2026-05-20T09:23:45.609506,252,280226,553.486758828163,553.486758828163,13,0.0671195652173913,2.065,0.39,0,3,-0.00043017568314107635,0.9516194760799408,0.1632782630622387,-1.4396229198607863e-05,0.0,0.0,0.0,4,9.572389950185919e-05,9.572389950185919e-05,1.0,intrinsic_only,l2sq,9142.263417243958
2026-05-20T09:24:20.933247,253,281397,588.5653264522551,571.0260426402091,12,0.06603260869565217,2.08,0.37,3,3,-0.0005161143875739294,0.9222205430269241,0.17193913273513317,-0.0001421379662133286,0.0,0.0,0.0,4,9.570954139555342e-05,9.570954139555342e-05,1.0,intrinsic_only,l2sq,9177.587107419968
2026-05-20T09:24:58.585342,254,282453,536.9666041135787,536.9666041135787,16,0.06766304347826087,2.045,0.35,0,3,-0.00024359301478393824,0.7731559798121452,0.16430379077792168,0.00041897351502484526,0.0,0.0,0.0,4,9.569040044436972e-05,9.569040044436972e-05,1.0,intrinsic_only,l2sq,9215.239255905151
2026-05-20T09:25:31.742321,255,283570,563.5144933462142,550.2405487298964,7,0.0654891304347826,2.0,0.3,3,3,-0.0001742973952787441,0.8036202043294907,0.16492578946053982,-8.979946235285197e-05,0.0,0.0,0.0,4,9.567126332118487e-05,9.567126332118487e-05,1.0,intrinsic_only,l2sq,9248.396191835403
2026-05-20T09:26:13.916018,256,284770,589.8063674569129,589.8063674569129,12,0.06576086956521739,2.045,0.31,0,3,-0.0009255141529136424,0.9087043106555939,0.20950762555003166,-0.0005358017573598769,0.0,0.0,0.0,4,9.56569128708768e-05,9.56569128708768e-05,1.0,intrinsic_only,l2sq,9290.56993985176
2026-05-20T09:26:45.319329,257,285830,533.4823322296141,561.6443498432635,14,0.06521739130434782,2.07,0.31,3,3,-0.00048898458799157,0.7694731652736664,0.20481374114751816,0.00016343677052640948,0.0,0.0,0.0,4,9.564256481223073e-05,9.564256481223073e-05,1.0,intrinsic_only,l2sq,9321.973217487335
2026-05-20T09:27:25.211247,258,286968,555.37921077013,555.37921077013,15,0.06358695652173912,2.08,0.3,0,3,-0.0010280095099005626,0.8503143712878227,0.20112977735698223,-1.9676202646201624e-05,0.00019531250291038305,0.0,0.0,4,9.562343725569395e-05,9.562343725569395e-05,1.0,intrinsic_only,l2sq,9361.86515879631
2026-05-20T09:27:57.056140,259,288066,560.7258472442626,558.0525290071963,11,0.06385869565217392,2.1,0.32,3,3,-0.00046312679714899385,0.8250678181648254,0.21803950890898705,0.00025825912389335764,0.0,0.0,0.0,4,9.560431352447719e-05,9.560431352447719e-05,1.0,intrinsic_only,l2sq,9393.710001945496
2026-05-20T09:28:33.904557,260,289093,511.8294423222541,511.8294423222541,16,0.06440217391304348,2.145,0.36,0,3,-0.00016734973252141572,0.8761546313762665,0.23008905351161957,6.266442269398098e-05,0.0,0.0,0.0,4,9.558997311647124e-05,9.558997311647124e-05,1.0,intrinsic_only,l2sq,9430.558498859406
2026-05-20T09:29:05.745612,261,290215,576.7046713232993,544.2670568227767,11,0.06467391304347826,2.16,0.37,3,3,-0.0007929593375592958,0.876641295850277,0.23639098927378654,-0.0003040996533854468,0.0,0.0,0.0,4,9.557563509845364e-05,9.557563509845364e-05,1.0,intrinsic_only,l2sq,9462.399440526962
2026-05-20T09:29:44.709447,262,291328,558.934893965721,558.934893965721,10,0.0625,2.185,0.37,0,3,-0.00048417115531262933,0.8199831619858742,0.24452003464102745,3.759548339985451e-05,0.0,0.0,0.0,4,9.555652092719029e-05,9.555652092719029e-05,1.0,intrinsic_only,l2sq,9501.363369226456
2026-05-20T09:30:13.789784,263,292366,527.574476957321,543.254685461521,14,0.06331521739130434,2.165,0.38,3,3,-0.0007055506037431658,0.8125098794698715,0.2741246223449707,4.294667251092399e-05,0.0,0.0,0.0,4,9.554218768795445e-05,9.554218768795445e-05,1.0,intrinsic_only,l2sq,9530.44364476204
2026-05-20T09:30:54.308039,264,293523,588.1459116339682,588.1459116339682,10,0.06195652173913044,2.125,0.36,0,3,-0.001295677594316702,1.0125598162412643,0.2676880955696106,0.0002826282883233999,0.0005859375232830644,0.0,0.0,4,9.552785683751219e-05,9.552785683751219e-05,1.0,intrinsic_only,l2sq,9570.961964130402
2026-05-20T09:31:26.185062,265,294645,576.6065289974212,582.3762203156947,10,0.06222826086956522,2.065,0.36,3,3,-0.0012270510786038247,0.819630391895771,0.2782834731042385,-0.0007691974618865005,0.0005859375232830644,0.0,0.0,4,9.550875222142326e-05,9.550875222142326e-05,1.0,intrinsic_only,l2sq,9602.838916063309
2026-05-20T09:32:05.916540,266,295770,572.7795383334159,572.7795383334159,14,0.06331521739130434,2.04,0.38,0,3,-0.0007069563705044413,0.814104475080967,0.32310155406594276,0.0005638877811861565,0.00019531250291038305,0.0,0.0,4,9.548965142606651e-05,9.548965142606651e-05,1.0,intrinsic_only,l2sq,9642.570460319519
2026-05-20T09:32:39.430946,267,296897,565.3438016176223,569.0616699755191,7,0.06358695652173912,2.05,0.39,3,3,-3.74764214939316e-05,1.0650343298912048,0.3425406888127327,-0.0006755582484402056,0.0,0.0,0.0,4,9.547532821708867e-05,9.547532821708867e-05,1.0,intrinsic_only,l2sq,9676.084809303284
2026-05-20T09:33:18.784919,268,298022,571.2494176626204,571.2494176626204,11,0.06440217391304348,1.97,0.38,0,3,-0.0006088901518523926,0.8447094261646271,0.36398082226514816,-3.0618365417470206e-05,0.0,0.0,0.0,4,9.546100739523274e-05,9.546100739523274e-05,1.0,intrinsic_only,l2sq,9715.438837051392
2026-05-20T09:33:50.644534,269,299098,543.2565013766288,557.2529595196246,18,0.06684782608695652,2.01,0.44,3,3,-0.0010559066373387882,0.7870324552059174,0.3535739742219448,5.664992713150241e-06,0.0,0.0,0.0,4,9.544191614836377e-05,9.544191614836377e-05,1.0,intrinsic_only,l2sq,9747.29840373993
2026-05-20T09:34:29.490738,270,300206,565.2522770166396,565.2522770166396,10,0.06630434782608696,2.045,0.47,0,3,-0.0010385803769169533,0.7640772387385368,0.35758300870656967,0.00046715450887402366,0.0,0.0,0.0,4,9.542282871955325e-05,9.542282871955325e-05,1.0,intrinsic_only,l2sq,9786.144633054733
2026-05-20T09:35:02.328661,271,301310,562.6804526448249,563.9663648307322,11,0.06576086956521739,2.06,0.48,3,3,-0.00044806209298275945,0.8272993117570877,0.36737900972366333,0.0009939464373928952,0.0,0.0,0.0,4,9.540851553381432e-05,9.540851553381432e-05,1.0,intrinsic_only,l2sq,9818.982570886612
2026-05-20T09:35:39.405634,272,302360,542.7736103534697,542.7736103534697,12,0.0654891304347826,2.015,0.47,0,3,-0.0004400231084672468,0.8518741056323051,0.3271970935165882,-9.84339125807282e-05,0.0,0.0,0.0,4,9.539420473352682e-05,9.539420473352682e-05,1.0,intrinsic_only,l2sq,9856.059534788132
2026-05-20T09:36:10.394509,273,303404,536.9133888483046,539.8434996008872,12,0.0654891304347826,1.98,0.47,3,3,-0.000954173510035683,0.6595730558037758,0.30284878611564636,-5.419858725871918e-05,0.00019531250291038305,0.0,0.0,4,9.537512684652216e-05,9.537512684652216e-05,1.0,intrinsic_only,l2sq,9887.048379659653
2026-05-20T09:36:48.489065,274,304477,542.6585034132003,542.6585034132003,15,0.06521739130434782,1.965,0.49,0,3,0.00015374162248915635,0.908464714884758,0.3247794881463051,-0.00016819803495315977,0.0,0.0,0.0,4,9.536082081594493e-05,9.536082081594493e-05,1.0,intrinsic_only,l2sq,9925.142986774445
2026-05-20T09:37:23.453640,275,305621,578.2434471249579,560.4509752690791,13,0.06684782608695652,1.905,0.45,3,3,-0.0007406013282887924,0.7965392470359802,0.3331383541226387,4.742884721053303e-05,0.0,0.0,0.0,4,9.534651716962664e-05,9.534651716962664e-05,1.0,intrinsic_only,l2sq,9960.10747718811
2026-05-20T09:38:03.323434,276,306730,576.1616595387458,576.1616595387458,8,0.06576086956521739,1.85,0.39,0,3,-0.0009759139211383827,0.8101411983370781,0.3101233169436455,5.000968094464025e-05,0.0,0.0,0.0,4,9.532744881965789e-05,9.532744881965789e-05,1.0,intrinsic_only,l2sq,9999.97733616829
2026-05-20T09:38:36.904604,277,307838,564.6742582917212,570.4179589152335,8,0.0641304347826087,1.88,0.41,3,3,-0.0005818739649838811,0.8633342832326889,0.29839205741882324,-0.0002023220491537414,0.0,0.0,0.0,4,9.531314994066547e-05,9.531314994066547e-05,1.0,intrinsic_only,l2sq,10033.558458566666
2026-05-20T09:39:18.490311,278,308996,596.0980460643767,596.0980460643767,11,0.06304347826086956,1.88,0.42,0,3,-0.0012731321388855243,0.7656081914901733,0.34063125774264336,0.0006158885092190812,0.0005859375087311491,0.0,0.0,4,9.529885344474013e-05,9.529885344474013e-05,1.0,intrinsic_only,l2sq,10075.14421749115
2026-05-20T09:39:51.184862,279,310069,543.4822854995726,569.7901657819747,11,0.06304347826086956,1.915,0.46,3,3,-0.001261093488210463,0.8319347053766251,0.3436172902584076,0.0008010111902308353,0.00019531250291038305,0.0,0.0,4,9.527979462703971e-05,9.527979462703971e-05,1.0,intrinsic_only,l2sq,10107.838738441467
2026-05-20T09:40:31.749389,280,311199,572.3602518439292,572.3602518439292,10,0.06141304347826087,1.95,0.47,0,3,-0.0016313132360664673,0.8529758229851723,0.3428306579589844,0.0002678674606954659,0.0,0.0,0.0,4,9.526073962091224e-05,9.526073962091224e-05,1.0,intrinsic_only,l2sq,10148.403275251389
2026-05-20T09:41:04.960419,281,312292,563.9022055864333,568.1312287151812,6,0.06005434782608696,1.95,0.48,3,3,-0.0011261791252763498,0.721162423491478,0.36344651877880096,0.000193625675274256,0.001953125,0.0,0.0,4,9.524645074813286e-05,9.524645074813286e-05,1.0,intrinsic_only,l2sq,10181.614260435104
2026-05-20T09:41:45.486679,282,313424,574.7458642125129,574.7458642125129,9,0.059782608695652176,1.97,0.51,0,3,-0.0012856923232902884,0.9741596207022667,0.3864857219159603,0.00013213975839790337,0.0005859375232830644,0.0,0.0,4,9.523216425675289e-05,9.523216425675289e-05,1.0,intrinsic_only,l2sq,10222.14058804512
2026-05-20T09:42:18.893692,283,314521,569.8655756711959,572.3057199418544,14,0.059782608695652176,2.035,0.57,3,3,-0.0005450646372991974,0.8715718314051628,0.39230892062187195,-6.512868617392087e-05,0.0,0.0,0.0,4,9.521311877622318e-05,9.521311877622318e-05,1.0,intrinsic_only,l2sq,10255.54756474495
2026-05-20T09:43:00.311384,284,315674,590.6004888415335,590.6004888415335,9,0.059510869565217395,2.05,0.58,0,3,-0.001868987111083742,0.7316431179642677,0.3852933868765831,0.00023091185985322366,0.0,0.0,0.0,4,9.519407710459912e-05,9.519407710459912e-05,1.0,intrinsic_only,l2sq,10296.965265274048
2026-05-20T09:43:36.496688,285,316854,602.5184699892997,596.5594794154166,13,0.06032608695652174,2.06,0.6,3,3,-0.0009854994925262428,0.7434735670685768,0.3754098191857338,0.0013605142167762117,0.0007812500261934474,0.0,0.0,4,9.517503924111898e-05,9.517503924111898e-05,1.0,intrinsic_only,l2sq,10333.150579214096
2026-05-20T09:44:17.006667,286,317982,561.2926245331763,561.2926245331763,15,0.06059782608695652,2.135,0.67,0,3,-0.0009953488042810932,0.9437956213951111,0.39382608234882355,0.00035385734227022514,0.0,0.0,0.0,4,9.51607632231823e-05,9.51607632231823e-05,1.0,intrinsic_only,l2sq,10373.660575389862
2026-05-20T09:44:50.353208,287,319080,570.9834367632865,566.1380306482314,11,0.06168478260869565,2.06,0.63,3,3,-0.0007487028999094425,0.90828737616539,0.3788893036544323,3.408291163396748e-05,0.00019531250291038305,0.0,0.0,4,9.514648958450263e-05,9.514648958450263e-05,1.0,intrinsic_only,l2sq,10407.007092952728
2026-05-20T09:45:30.535735,288,320197,567.5157763957976,567.5157763957976,9,0.06114130434782609,2.035,0.62,0,3,-0.0011501955304993317,0.7910470440983772,0.3935960978269577,0.00016321404727930727,0.0005859375087311491,0.0,0.0,4,9.512746123805063e-05,9.512746123805063e-05,1.0,intrinsic_only,l2sq,10447.18965125084
2026-05-20T09:46:07.012925,289,321387,593.4033688902854,580.4595726430415,6,0.057880434782608695,2.075,0.66,3,3,-0.0015665020924644502,0.8554996401071548,0.397864431142807,0.0005052832866340173,0.0,0.0,0.0,4,9.510843669707764e-05,9.510843669707764e-05,1.0,intrinsic_only,l2sq,10483.666763782501
2026-05-20T09:46:45.714370,290,322503,579.8306093811988,579.8306093811988,13,0.058695652173913045,2.17,0.74,0,3,-0.000957639524131082,0.8981229364871979,0.4085284546017647,-0.0004383632067401777,0.0003906250058207661,0.0,0.0,4,9.509417066935607e-05,9.509417066935607e-05,1.0,intrinsic_only,l2sq,10522.36827993393
2026-05-20T09:47:17.955895,291,323566,555.9909779429435,567.9107936620711,9,0.058152173913043476,2.17,0.73,3,3,-0.002462326876411597,1.0157695561647415,0.42744410037994385,6.557008327944805e-05,0.0031250000465661287,0.0,0.0,4,9.507990701922652e-05,9.507990701922652e-05,1.0,intrinsic_only,l2sq,10554.609755277634
2026-05-20T09:47:57.006918,292,324651,558.373520374298,558.373520374298,10,0.057608695652173914,2.255,0.81,0,3,-0.0011424169155361819,0.8052904978394508,0.41533465310931206,-8.168852066318955e-05,0.0021484375465661287,0.0,0.0,4,9.506089198862175e-05,9.506089198862175e-05,1.0,intrinsic_only,l2sq,10593.660801649094
2026-05-20T09:48:33.480191,293,325841,608.3374607563018,583.3554905652999,10,0.057065217391304345,2.275,0.84,3,3,-0.0013814769816236083,0.725340262055397,0.4279659315943718,0.00013438910054898445,0.0009765625145519152,0.0,0.0,4,9.504188076083295e-05,9.504188076083295e-05,1.0,intrinsic_only,l2sq,10630.134036540985
2026-05-20T09:49:14.353202,294,326981,580.7577088475226,580.7577088475226,9,0.05543478260869565,2.29,0.85,0,3,-0.0019056835211812562,0.8913961052894592,0.4337414279580116,-0.0006819912912760795,0.001953125,0.0,0.0,4,9.502762471633541e-05,9.502762471633541e-05,1.0,intrinsic_only,l2sq,10671.007123708725
2026-05-20T09:49:47.876512,295,328082,563.5330478549002,572.1453783512114,11,0.05489130434782609,2.385,0.92,3,3,-0.0009706415392428669,0.7471711561083794,0.44547755643725395,0.0003462714930037719,0.00019531250291038305,0.0,0.0,4,9.501337104776607e-05,9.501337104776607e-05,1.0,intrinsic_only,l2sq,10704.530366659164
2026-05-20T09:50:26.945223,296,329164,562.8954070210456,562.8954070210456,12,0.05597826086956522,2.405,0.96,0,3,-0.0020448084003874545,0.9428486973047256,0.42921993136405945,0.0016118463360726351,0.0005859375232830644,0.0,0.0,4,9.499436932369023e-05,9.499436932369023e-05,1.0,intrinsic_only,l2sq,10743.599123716354
2026-05-20T09:51:01.864065,297,330306,585.9728025794028,574.4341048002242,13,0.05733695652173913,2.45,0.96,3,3,-0.0022687908829538694,0.7411142960190773,0.45079581439495087,0.0001369812776374664,0.0037109375261934474,0.0,0.0,4,9.497537139976919e-05,9.497537139976919e-05,1.0,intrinsic_only,l2sq,10778.517939090729
2026-05-20T09:51:41.769665,298,331421,560.0072535872458,560.0072535872458,17,0.058967391304347826,2.555,1.04,0,3,-0.0008465498671285099,0.8745686113834381,0.456596277654171,0.00104127555969169,0.0,0.0,0.0,4,9.496112533150954e-05,9.496112533150954e-05,1.0,intrinsic_only,l2sq,10818.42356300354
2026-05-20T09:52:14.741590,299,332504,562.0261812806128,561.0167174339293,15,0.06005434782608696,2.59,1.03,3,3,-0.001476513419765929,0.9480963572859764,0.47199246659874916,0.0001487081443883654,0.0,0.0,0.0,4,9.494688163751543e-05,9.494688163751543e-05,1.0,intrinsic_only,l2sq,10851.395416259766
2026-05-20T09:52:53.937939,300,333583,555.2138145565985,555.2138145565985,16,0.06168478260869565,2.595,1.01,0,3,-0.0027155157833476107,0.732649527490139,0.46005653589963913,1.4451084553007351e-05,0.00019531250291038305,0.0,0.0,4,9.492789321065675e-05,9.492789321065675e-05,1.0,intrinsic_only,l2sq,10890.591846227646
2026-05-20T09:53:27.850157,301,334726,572.5244024991988,563.8691085278987,12,0.06331521739130434,2.645,1.04,3,3,-0.0015623748968209283,0.7846329659223557,0.46451133489608765,0.0013799696506339443,0.0015625000232830644,0.0,0.0,4,9.490890858129356e-05,9.490890858129356e-05,1.0,intrinsic_only,l2sq,10924.50404214859
2026-05-20T09:54:05.847057,302,335808,544.1554974913596,544.1554974913596,13,0.06440217391304348,2.645,1.03,0,3,-0.0027401090192142874,0.9344596564769745,0.4715254083275795,0.0021802895505970143,0.0011718750465661287,0.0,0.0,4,9.489467248229049e-05,9.489467248229049e-05,1.0,intrinsic_only,l2sq,10962.50096988678
2026-05-20T09:54:38.241405,303,336901,552.9731521606444,548.564324826002,15,0.06467391304347826,2.61,0.99,3,3,-0.0014874287247950146,0.7877271994948387,0.4360227473080158,0.0003220494628749168,0.00019531250291038305,0.0,0.0,4,9.488043875589151e-05,9.488043875589151e-05,1.0,intrinsic_only,l2sq,10994.89526438713
2026-05-20T09:55:15.276584,304,337963,543.2891430854796,543.2891430854796,9,0.06467391304347826,2.63,0.99,0,3,-0.003174093784764437,0.8226095736026764,0.4529121667146683,0.0009901019350763499,0.006445312654250301,0.0,0.0,4,9.486146361694472e-05,9.486146361694472e-05,1.0,intrinsic_only,l2sq,11031.930491685867
2026-05-20T09:55:45.436664,305,339019,550.0138599872588,546.6515015363692,14,0.06494565217391304,2.58,0.93,3,3,-0.0021753587061539292,1.0619677007198334,0.48571863025426865,0.000670126072509436,0.0007812500116415322,0.0,0.0,4,9.48472346345677e-05,9.48472346345677e-05,1.0,intrinsic_only,l2sq,11062.090542793274
2026-05-20T09:56:24.705834,306,340129,551.4013755321502,551.4013755321502,13,0.06440217391304348,2.52,0.9,0,3,-0.0012227177758178387,0.8811975196003914,0.4468828998506069,0.00046072719519543726,0.00019531250291038305,0.0,0.0,4,9.483300802360869e-05,9.483300802360869e-05,1.0,intrinsic_only,l2sq,11101.359755516052
2026-05-20T09:56:57.449151,307,341275,573.7901420593261,562.5957587957381,11,0.06440217391304348,2.57,0.94,3,3,-0.0037905838689766824,0.8152303099632263,0.464002288877964,0.00051583976614894,0.005468750168802217,0.0,0.0,4,9.481404237033404e-05,9.481404237033404e-05,1.0,intrinsic_only,l2sq,11134.103053092957
2026-05-20T09:57:36.533516,308,342397,568.9803718924521,568.9803718924521,7,0.06385869565217392,2.545,0.91,0,3,-0.0013269633578602003,0.5963342785835266,0.42141304165124893,0.0019544439503079714,0.003515625139698386,0.0,0.0,4,9.479982050102545e-05,9.479982050102545e-05,1.0,intrinsic_only,l2sq,11173.187414884567
2026-05-20T09:58:08.657583,309,343494,550.4892131090163,559.7347925007342,11,0.06521739130434782,2.49,0.83,3,3,-0.0011625237894805074,0.8834167644381523,0.40044594928622246,-2.54279781529837e-05,0.0,0.0,0.0,4,9.478560100194941e-05,9.478560100194941e-05,1.0,intrinsic_only,l2sq,11205.311483860016
2026-05-20T09:58:46.581908,310,344604,584.5414143800734,584.5414143800734,12,0.06494565217391304,2.49,0.84,0,3,-0.0014977168160839882,0.9911175295710564,0.39270537719130516,-0.00032771764435893247,0.0011718750465661287,0.0,0.0,4,9.476664482960503e-05,9.476664482960503e-05,1.0,intrinsic_only,l2sq,11243.23580622673
2026-05-20T09:59:20.120671,311,345751,591.3465201258658,587.9439672529696,7,0.06440217391304348,2.43,0.81,3,3,-0.0017201863716763688,0.6358848437666893,0.4025716371834278,0.0001205911386250487,0.0,0.0,0.0,4,9.474769244830557e-05,9.474769244830557e-05,1.0,intrinsic_only,l2sq,11276.774546146393
2026-05-20T09:59:58.096986,312,346853,560.6479793190955,560.6479793190955,15,0.06576086956521739,2.41,0.78,0,3,-0.0015945852122967175,0.7997226417064667,0.4360775202512741,7.479201676685587e-05,0.0,0.0,0.0,4,9.47334805313194e-05,9.47334805313194e-05,1.0,intrinsic_only,l2sq,11314.75091958046
2026-05-20T10:00:29.779717,313,347926,539.347206711769,549.9975930154322,15,0.0671195652173913,2.36,0.8,3,3,-0.0014552362670656183,0.785125270485878,0.41706508025527,0.0011870561083014708,0.0,0.0,0.0,4,9.47192709829071e-05,9.47192709829071e-05,1.0,intrinsic_only,l2sq,11346.433559179306
2026-05-20T10:01:09.217546,314,349057,576.0567737817763,576.0567737817763,10,0.06739130434782609,2.32,0.78,0,3,-0.0015128886658204443,0.9814190417528152,0.3890496492385864,0.0008542556466636514,0.0011718750465661287,0.0,0.0,4,9.470032807590323e-05,9.470032807590323e-05,1.0,intrinsic_only,l2sq,11385.871478796005
2026-05-20T10:01:43.543184,315,350212,584.1983580589293,580.1275659203528,9,0.06684782608695652,2.26,0.78,3,3,-0.0036812748585361987,0.6871538162231445,0.40069882571697235,0.0023273202978089935,0.010742187922005542,0.0,0.0,4,9.468138895729134e-05,9.468138895729134e-05,1.0,intrinsic_only,l2sq,11420.19704413414
2026-05-20T10:02:22.734192,316,351337,573.115500807762,573.115500807762,11,0.06657608695652174,2.25,0.77,0,3,-0.002426710707368329,0.9031550288200378,0.42197591066360474,0.0014720979898356634,0.006250000209547579,0.0,0.0,4,9.466718698566304e-05,9.466718698566304e-05,1.0,intrinsic_only,l2sq,11459.388110160828
2026-05-20T10:02:53.648787,317,352418,544.398997247219,558.7572490274905,19,0.06820652173913043,2.21,0.75,3,3,-0.0014294280161266104,0.7829196378588676,0.4348354861140251,0.0005045025618983373,0.0005859375087311491,0.0,0.0,4,9.465298738095113e-05,9.465298738095113e-05,1.0,intrinsic_only,l2sq,11490.302675485611
2026-05-20T10:03:33.740941,318,353574,592.6971576809882,592.6971576809882,10,0.06630434782608696,2.225,0.77,0,3,-0.0013118982546076463,0.902317188680172,0.38846297934651375,0.0012015737187539705,0.0,0.0,0.0,4,9.463405773000482e-05,9.463405773000482e-05,1.0,intrinsic_only,l2sq,11530.394824266434
2026-05-20T10:04:06.828581,319,354702,570.026973247528,581.3620654642581,7,0.0641304347826087,2.2,0.76,3,3,-0.002221112768165723,0.7269929498434067,0.409600343555212,-0.0003180784899086686,0.0003906250058207661,0.0,0.0,4,9.46151318647994e-05,9.46151318647994e-05,1.0,intrinsic_only,l2sq,11563.482476711273
2026-05-20T10:04:44.116057,320,355788,523.4239269495009,523.4239269495009,15,0.06385869565217392,2.205,0.75,0,3,-0.004511137399822451,0.7086952179670334,0.4146467372775078,0.0031942470320245747,0.005078125279396772,0.0,0.0,4,9.460093983156934e-05,9.460093983156934e-05,1.0,intrinsic_only,l2sq,11600.76997423172
2026-05-20T10:05:16.472788,321,356885,566.0423963665961,544.7331616580485,7,0.0625,2.25,0.77,3,3,-0.0011125449153041589,0.9097857251763344,0.4058990627527237,-2.804855248544902e-05,0.0013671875494765118,0.0,0.0,4,9.458675016359931e-05,9.458675016359931e-05,1.0,intrinsic_only,l2sq,11633.126670598984
2026-05-20T10:05:52.894008,322,357961,564.6612535119056,564.6612535119056,14,0.06277173913043478,2.23,0.75,0,3,-0.0015265338355676117,0.9094047397375107,0.369505200535059,9.41573654927308e-05,0.0,0.0,0.0,4,9.45678337594341e-05,9.45678337594341e-05,1.0,intrinsic_only,l2sq,11669.547922372818
2026-05-20T10:06:26.951685,323,359104,577.232532262802,570.9468928873538,8,0.06086956521739131,2.305,0.8,3,3,-0.002282883218140408,0.7207790538668633,0.35626062005758286,0.0010265003974836429,0.001757812569849193,0.0,0.0,4,9.454892113836054e-05,9.454892113836054e-05,1.0,intrinsic_only,l2sq,11703.605523824692
2026-05-20T10:07:03.134817,324,360182,555.0552592277526,555.0552592277526,13,0.06195652173913044,2.34,0.8,0,3,-0.0012569248647196218,0.8901092261075974,0.34074580669403076,-0.00015266174505085273,0.0,0.0,0.0,4,9.453473903657391e-05,9.453473903657391e-05,1.0,intrinsic_only,l2sq,11739.78872871399
2026-05-20T10:07:35.680430,325,361277,558.0438402295111,556.5495497286319,9,0.06059782608695652,2.315,0.78,3,3,-0.0016775232201326207,0.7590077891945839,0.37042826786637306,0.0015893969601961794,0.0007812500116415322,0.0,0.0,4,9.452055929839211e-05,9.452055929839211e-05,1.0,intrinsic_only,l2sq,11772.334263801575
2026-05-20T10:08:14.659237,326,362395,559.4712707996367,559.4712707996367,10,0.059782608695652176,2.29,0.78,0,3,-0.001642487977369489,0.7378766536712646,0.35933151468634605,0.00047906586864883416,0.00019531250291038305,0.0,0.0,4,9.450165613173805e-05,9.450165613173805e-05,1.0,intrinsic_only,l2sq,11811.313172101974
2026-05-20T10:08:47.941085,327,363518,567.7517665028571,563.6115186512469,9,0.05923913043478261,2.305,0.79,3,3,-0.0026470787473954482,0.890382245182991,0.356272429227829,0.00010885370102187153,0.0027343749534338713,0.0,0.0,4,9.448748111958424e-05,9.448748111958424e-05,1.0,intrinsic_only,l2sq,11844.594961881638
2026-05-20T10:09:27.723791,328,364644,574.8492373228072,574.8492373228072,14,0.06114130434782609,2.385,0.86,0,3,-0.001566379153518982,0.8861166387796402,0.36415037512779236,0.00013311912434799816,0.0005859375232830644,0.0,0.0,4,9.44733084698537e-05,9.44733084698537e-05,1.0,intrinsic_only,l2sq,11884.377635478973
2026-05-20T10:10:00.634995,329,365731,557.1331974267958,565.9912173748015,8,0.06032608695652174,2.37,0.84,3,3,-0.001298043363931356,0.8478923588991165,0.3602118194103241,-0.0003761837549973446,0.00019531250291038305,0.0,0.0,4,9.445441475289282e-05,9.445441475289282e-05,1.0,intrinsic_only,l2sq,11917.288806915283
2026-05-20T10:10:39.987339,330,366828,578.8147830367087,578.8147830367087,13,0.06059782608695652,2.315,0.79,0,3,-0.0009570237212755961,0.7838889136910439,0.34256088361144066,-0.00014061937376938505,0.0,0.0,0.0,4,9.443552481448638e-05,9.443552481448638e-05,1.0,intrinsic_only,l2sq,11956.641211748123
2026-05-20T10:11:13.484290,331,367930,576.674327790737,577.7445554137229,14,0.0625,2.315,0.78,3,3,-0.0022681385220493233,0.7968169897794724,0.34314828366041183,-0.0009608558883883456,0.0003906250058207661,0.0,0.0,4,9.442135972186484e-05,9.442135972186484e-05,1.0,intrinsic_only,l2sq,11990.138142585754
2026-05-20T10:11:53.737550,332,369047,566.9314789175986,566.9314789175986,9,0.06086956521739131,2.24,0.72,0,3,-0.0017435191723052523,0.7782115340232849,0.34452808275818825,0.0007529604297360493,0.0011718750174622983,0.0,0.0,4,9.440719699001336e-05,9.440719699001336e-05,1.0,intrinsic_only,l2sq,12030.391453027725
2026-05-20T10:12:28.038200,333,370165,561.0573569536208,563.9944179356097,9,0.05923913043478261,2.185,0.68,3,3,-0.0010263987024474175,0.8481948971748352,0.34322483465075493,0.00011042265641661442,0.0,0.0,0.0,4,9.438831649468733e-05,9.438831649468733e-05,1.0,intrinsic_only,l2sq,12064.692029714584
2026-05-20T10:13:09.536036,334,371320,587.1182742714881,587.1182742714881,3,0.05733695652173913,2.18,0.67,0,3,-0.0014303122188721318,0.6551312208175659,0.3368545062839985,0.0004806356305607565,0.0,0.0,0.0,4,9.436943977527156e-05,9.436943977527156e-05,1.0,intrinsic_only,l2sq,12106.189946174622
2026-05-20T10:13:40.557623,335,372345,502.1529403328895,544.6356073021888,13,0.058423913043478264,2.195,0.68,3,3,-0.0023516490880866048,0.8733247369527817,0.34631258249282837,0.00024953910710789895,0.0003906250058207661,0.0,0.0,4,9.435528459524067e-05,9.435528459524067e-05,1.0,intrinsic_only,l2sq,12137.211476802826
2026-05-20T10:14:20.141640,336,373444,574.5860885381697,574.5860885381697,13,0.058967391304347826,2.195,0.7,0,3,-0.0023667462432058195,0.8431525006890297,0.3168417848646641,-6.393633475454408e-05,0.0013671874767169356,0.0,0.0,4,9.434113177432782e-05,9.434113177432782e-05,1.0,intrinsic_only,l2sq,12176.795555114746
2026-05-20T10:14:54.816446,337,374578,579.0937622189521,576.8399253785609,10,0.05652173913043478,2.165,0.69,3,3,-0.0006615586677071739,0.9206007644534111,0.29367316514253616,-0.00037289066450512526,0.0,0.0,0.0,4,9.432226449138426e-05,9.432226449138426e-05,1.0,intrinsic_only,l2sq,12211.470277786255
2026-05-20T10:15:36.513575,338,375739,603.5635353326796,603.5635353326796,7,0.05570652173913043,2.205,0.73,0,3,-0.0007725719391600272,0.8557030111551285,0.3000928945839405,-0.00016414843212260162,0.0,0.0,0.0,4,9.430340098170862e-05,9.430340098170862e-05,1.0,intrinsic_only,l2sq,12253.167479753494
2026-05-20T10:16:09.326526,339,376818,549.4966961741446,576.5301157534121,12,0.057065217391304345,2.145,0.71,3,3,-0.0005675315878761467,0.9142253398895264,0.2968045547604561,-0.00030938737672842054,0.0,0.0,0.0,4,9.428925570733166e-05,9.428925570733166e-05,1.0,intrinsic_only,l2sq,12285.980380535126
2026-05-20T10:16:50.654947,340,377971,588.0932698249816,588.0932698249816,8,0.05516304347826087,2.07,0.66,0,3,-0.0006239796137379044,0.8663122355937958,0.2836068980395794,-0.0001853519306223364,0.0,0.0,0.0,4,9.427511279042183e-05,9.427511279042183e-05,1.0,intrinsic_only,l2sq,12327.30884885788
2026-05-20T10:17:24.496442,341,379084,577.3229581713675,582.7081139981746,19,0.058423913043478264,2.035,0.66,3,3,-0.0019601673469878955,0.8388674706220627,0.28479714319109917,0.00018032465468423298,0.0,0.0,0.0,4,9.425625871061489e-05,9.425625871061489e-05,1.0,intrinsic_only,l2sq,12361.150332689285
2026-05-20T10:18:04.249354,342,380195,576.0586012601851,576.0586012601851,12,0.057880434782608695,2.06,0.69,0,3,-0.00233521390910027,0.6950355246663094,0.27336225286126137,0.0011015052501534336,0.0035156249650754035,0.0,0.0,4,9.423740840143535e-05,9.423740840143535e-05,1.0,intrinsic_only,l2sq,12400.903264045715
2026-05-20T10:18:40.075795,343,381376,601.2979490756987,588.6782751679419,11,0.058695652173913045,2.02,0.64,3,3,-0.0012831255968194233,0.940734475851059,0.2721976786851883,-0.00012787164487237934,0.0007812500116415322,0.0,0.0,4,9.422327302578043e-05,9.422327302578043e-05,1.0,intrinsic_only,l2sq,12436.729645729065
2026-05-20T10:19:20.246036,344,382524,582.0838618874549,582.0838618874549,9,0.057608695652173914,2.025,0.64,0,3,-0.000858311365300346,0.7571889981627464,0.26415183022618294,-0.0002619512711987543,0.0,0.0,0.0,4,9.420914000594295e-05,9.420914000594295e-05,1.0,intrinsic_only,l2sq,12476.899959564209
2026-05-20T10:19:54.973632,345,383684,605.623276233673,593.8535690605639,12,0.058423913043478264,2.065,0.7,3,3,-0.001189154230087322,0.7901132181286812,0.25131529569625854,0.00017334504220795077,0.0,0.0,0.0,4,9.419029912003315e-05,9.419029912003315e-05,1.0,intrinsic_only,l2sq,12511.62750196457
2026-05-20T10:20:32.702179,346,384748,553.367401242256,553.367401242256,11,0.058695652173913045,2.055,0.69,0,3,-0.0016738459467887656,0.917177103459835,0.2570660747587681,0.00048130142813535004,0.0007812500116415322,0.0,0.0,4,9.417146200211213e-05,9.417146200211213e-05,1.0,intrinsic_only,l2sq,12549.35609292984
2026-05-20T10:21:08.372813,347,385908,598.9781889319419,576.172795087099,5,0.057608695652173914,2.06,0.7,3,3,-0.0005495667595822873,0.918055847287178,0.26249251514673233,0.0002279071721204562,0.0,0.0,0.0,4,9.415733651825224e-05,9.415733651825224e-05,1.0,intrinsic_only,l2sq,12585.02670621872
2026-05-20T10:21:48.118496,348,387026,563.0059427618979,563.0059427618979,9,0.05625,2.055,0.7,0,3,-0.000868120051200072,0.8446987420320511,0.2889214754104614,0.0008826075158594737,0.0,0.0,0.0,4,9.414321338856118e-05,9.414321338856118e-05,1.0,intrinsic_only,l2sq,12624.772384643555
2026-05-20T10:22:20.892053,349,388130,569.0999923944472,566.0529675781726,6,0.05570652173913043,2.055,0.71,3,3,-0.0007452085686964205,0.7971773222088814,0.2661583237349987,0.00013910571897214619,0.0,0.0,0.0,4,9.412438568731562e-05,9.412438568731562e-05,1.0,intrinsic_only,l2sq,12657.545951128006
2026-05-20T10:23:01.126109,350,389239,570.1136459708213,570.1136459708213,7,0.05407608695652174,2.07,0.73,0,3,-0.0010923488211119492,0.7816880568861961,0.2720608711242676,4.716493774026276e-05,0.0,0.0,0.0,4,9.4105561751422e-05,9.4105561751422e-05,1.0,intrinsic_only,l2sq,12697.77999663353
2026-05-20T10:23:32.654531,351,390313,526.5237744450568,548.318710207939,16,0.0546195652173913,2.055,0.71,3,3,-0.0018658638815396422,0.8274989426136017,0.27879129350185394,0.0001421552773763768,0.0,0.0,0.0,4,9.409144615243496e-05,9.409144615243496e-05,1.0,intrinsic_only,l2sq,12729.30838727951
2026-05-20T10:24:11.906327,352,391432,573.5700376629828,573.5700376629828,13,0.05570652173913043,2.115,0.75,0,3,-0.001307011600874819,0.8895233646035194,0.2652632109820843,0.00040320679149772557,0.00019531250291038305,0.0,0.0,4,9.407733290596931e-05,9.407733290596931e-05,1.0,intrinsic_only,l2sq,12768.560236692429
2026-05-20T10:24:45.890931,353,392571,577.9276036024092,575.748820632696,11,0.05625,2.105,0.76,3,3,-0.0010519433715671656,0.8024285733699799,0.23870340175926685,0.000586923718003618,0.0003906250058207661,0.0,0.0,4,9.405851838016145e-05,9.405851838016145e-05,1.0,intrinsic_only,l2sq,12802.544774532318
2026-05-20T10:25:24.482776,354,393673,552.6199229955672,552.6199229955672,13,0.058967391304347826,2.135,0.79,0,3,-0.001569159919745211,0.7160927280783653,0.2514460440725088,-0.00020878904233539303,0.0005859375087311491,0.0,0.0,4,9.40397076170706e-05,9.40397076170706e-05,1.0,intrinsic_only,l2sq,12841.13671040535
2026-05-20T10:25:57.185800,355,394775,564.7963380217551,558.7081305086612,8,0.057608695652173914,2.155,0.79,3,3,-0.0011709601094480604,0.858438640832901,0.26233958452939987,-0.0005485679881076094,0.0015625000232830644,0.0,0.0,4,9.402560189603907e-05,9.402560189603907e-05,1.0,intrinsic_only,l2sq,12873.839679002762
2026-05-20T10:26:35.159235,356,395855,539.862878024578,539.862878024578,8,0.05625,2.175,0.81,0,3,-0.0004490897114010073,0.928213968873024,0.25969960168004036,0.00010052432954807937,0.0,0.0,0.0,4,9.401149852588268e-05,9.401149852588268e-05,1.0,intrinsic_only,l2sq,12911.813152551651
2026-05-20T10:27:08.896404,357,396988,568.7380850911139,554.300481557846,10,0.05625,2.12,0.74,3,3,-0.0012292184052057897,0.7427155300974846,0.24317261949181557,-0.0003786567010252151,0.0,0.0,0.0,4,9.399269716629249e-05,9.399269716629249e-05,1.0,intrinsic_only,l2sq,12945.550246953964
2026-05-20T10:27:47.011010,358,398075,535.5972718596457,535.5972718596457,10,0.057065217391304345,2.13,0.73,0,3,-0.001108286570524808,0.7589119672775269,0.22951272130012512,0.00027178531599925115,0.0007812500116415322,0.0,0.0,4,9.397859849671104e-05,9.397859849671104e-05,1.0,intrinsic_only,l2sq,12983.664937734604
2026-05-20T10:28:22.440966,359,399262,615.2279194593428,575.4125956594943,6,0.05543478260869565,2.19,0.78,3,3,-0.0022091068734880204,0.8245564848184586,0.2252956684678793,0.0005504235001012603,0.004101562619325705,0.0,0.0,4,9.396450217682952e-05,9.396450217682952e-05,1.0,intrinsic_only,l2sq,13019.094814538956
2026-05-20T10:29:00.810232,360,400359,552.3874270319938,552.3874270319938,12,0.05652173913043478,2.17,0.76,0,3,-0.0006159238519103383,0.839498907327652,0.23069763742387295,4.8765316546448e-05,0.0,0.0,0.0,4,9.394571021603917e-05,9.394571021603917e-05,1.0,intrinsic_only,l2sq,13057.464165210724
2026-05-20T10:29:34.843121,361,401505,584.250324487686,568.3188757598399,3,0.05217391304347826,2.185,0.76,3,3,-0.0007965322689416077,0.8170178085565567,0.24067229591310024,-0.00015066137433450422,0.0,0.0,0.0,4,9.392692201345306e-05,9.392692201345306e-05,1.0,intrinsic_only,l2sq,13091.497001171112
2026-05-20T10:30:14.185039,362,402631,579.7582442760466,579.7582442760466,4,0.05,2.195,0.76,0,3,-0.0017557751787535547,0.7174631133675575,0.22961583361029625,-6.830404805668877e-05,0.0,0.0,0.0,4,9.390813756831958e-05,9.390813756831958e-05,1.0,intrinsic_only,l2sq,13130.838932275772
2026-05-20T10:30:48.838914,363,403796,579.8643270134925,579.8112856447696,9,0.049456521739130434,2.25,0.78,3,3,-0.0006951808827579953,0.8770531266927719,0.22895248606801033,0.00010612359201334076,0.0,0.0,0.0,4,9.389405158246641e-05,9.389405158246641e-05,1.0,intrinsic_only,l2sq,13165.492799758911
2026-05-20T10:31:29.922847,364,404961,596.352785527706,596.352785527706,5,0.0483695652173913,2.185,0.73,0,3,-0.001320735398257944,0.841747097671032,0.23063300736248493,0.00040412635530630986,0.0003906250058207661,0.0,0.0,4,9.38799679441993e-05,9.38799679441993e-05,1.0,intrinsic_only,l2sq,13206.576742887497
2026-05-20T10:32:04.677321,365,406101,575.1429691910743,585.7478773593901,7,0.04701086956521739,2.17,0.74,3,3,-0.0008053012497840628,0.8178177699446678,0.23986535891890526,0.000453026508228066,0.0,0.0,0.0,4,9.386119288941013e-05,9.386119288941013e-05,1.0,intrinsic_only,l2sq,13241.331170082092
2026-05-20T10:32:46.204414,366,407283,623.9209213256835,623.9209213256835,7,0.04592391304347826,2.175,0.74,0,3,-0.00081060382135556,0.84114158898592,0.21971522457897663,0.0002442290392764279,0.0,0.0,0.0,4,9.38424215894442e-05,9.38424215894442e-05,1.0,intrinsic_only,l2sq,13282.858283519745
2026-05-20T10:33:18.361538,367,408362,534.3108375668525,579.115879446268,11,0.04755434782608696,2.14,0.72,3,3,-0.0011903468774108195,0.6979606077075005,0.23501171171665192,-0.00031794174360583183,0.0,0.0,0.0,4,9.382365404355052e-05,9.382365404355052e-05,1.0,intrinsic_only,l2sq,13315.015398025513
2026-05-20T10:33:59.046445,368,409522,597.3791152238845,597.3791152238845,11,0.04809782608695652,2.185,0.76,0,3,-0.0007798105638356922,0.8953608721494675,0.21209828928112984,-0.0010601921327179353,0.0,0.0,0.0,4,9.380958073001485e-05,9.380958073001485e-05,1.0,intrinsic_only,l2sq,13355.700318813324
2026-05-20T10:34:33.151270,369,410666,581.0055037140845,589.1923094689845,6,0.04809782608695652,2.17,0.75,3,3,-0.00112287328229288,0.9019638225436211,0.21217891201376915,0.00011171783849025368,0.0,0.0,0.0,4,9.379550976195326e-05,9.379550976195326e-05,1.0,intrinsic_only,l2sq,13389.805139780045
2026-05-20T10:35:12.896436,370,411796,551.7488437891005,551.7488437891005,10,0.04891304347826087,2.17,0.73,0,3,-0.0004572398966047331,0.7706410512328148,0.22945576906204224,0.0003639200858060465,0.0,0.0,0.0,4,9.377675159795597e-05,9.377675159795597e-05,1.0,intrinsic_only,l2sq,13429.550359010696
2026-05-20T10:35:46.224584,371,412908,577.3181318640708,564.5334878265857,8,0.04673913043478261,2.17,0.73,3,3,-0.00093627278256464,0.8476400300860405,0.22012632712721825,-3.262287268628039e-05,0.0,0.0,0.0,4,9.37579971854039e-05,9.37579971854039e-05,1.0,intrinsic_only,l2sq,13462.878387928009
2026-05-20T10:36:24.852695,372,413994,567.0708359479903,567.0708359479903,14,0.04701086956521739,2.17,0.73,0,3,-0.0009787053269973978,0.9259676784276962,0.2344752587378025,-0.0002789131757708341,0.0,0.0,0.0,4,9.37439337202328e-05,9.37439337202328e-05,1.0,intrinsic_only,l2sq,13501.506627559662
2026-05-20T10:36:57.909926,373,415099,560.1222246885299,563.5965303182601,9,0.04646739130434783,2.165,0.74,3,3,-0.0007749468031761353,0.8539257198572159,0.21305734291672707,-8.633264878879499e-05,0.0,0.0,0.0,4,9.372987259889444e-05,9.372987259889444e-05,1.0,intrinsic_only,l2sq,13534.563787937164
2026-05-20T10:37:39.154367,374,416262,586.184718966484,586.184718966484,7,0.04483695652173913,2.155,0.73,0,3,-0.0005960103179404319,0.7813858315348625,0.19111159071326256,-0.00014570785780279247,0.0,0.0,0.0,4,9.371112756167338e-05,9.371112756167338e-05,1.0,intrinsic_only,l2sq,13575.808278799057
2026-05-20T10:38:11.536998,375,417342,567.2016251087188,576.6931720376014,18,0.04755434782608696,2.12,0.68,3,3,-0.0008453443944745065,0.7393171936273575,0.21712590008974075,-0.00022805172748122798,0.0,0.0,0.0,4,9.369238627327233e-05,9.369238627327233e-05,1.0,intrinsic_only,l2sq,13608.190883159637
2026-05-20T10:38:52.775205,376,418507,597.696180641651,597.696180641651,4,0.04646739130434783,2.18,0.72,0,3,-0.0009295597512393172,1.0162098407745361,0.18132399022579193,0.00020695180228358367,0.0,0.0,0.0,4,9.367833264957402e-05,9.367833264957402e-05,1.0,intrinsic_only,l2sq,13649.42908859253
2026-05-20T10:39:25.385291,377,419605,573.3065707087516,585.5013756752013,7,0.04565217391304348,2.18,0.7,3,3,-0.0007112965060513954,0.6922083124518394,0.2175214309245348,0.00033086850735344897,0.0,0.0,0.0,4,9.366428136806825e-05,9.366428136806825e-05,1.0,intrinsic_only,l2sq,13682.03917145729
2026-05-20T10:40:06.147824,378,420769,589.5329256653785,589.5329256653785,5,0.044293478260869566,2.125,0.65,0,3,-0.0007690440885197436,0.8593825697898865,0.21725321002304554,7.786944352120018e-05,0.0,0.0,0.0,4,9.364554944843746e-05,9.364554944843746e-05,1.0,intrinsic_only,l2sq,13722.801711320877
2026-05-20T10:40:39.253297,379,421882,565.8363870382308,577.6846563518046,9,0.045108695652173916,2.1,0.64,3,3,-0.0011999257061689472,0.6707561686635017,0.20812669582664967,-0.00010527837646350652,0.0,0.0,0.0,4,9.362682127500327e-05,9.362682127500327e-05,1.0,intrinsic_only,l2sq,13755.907176733017
2026-05-20T10:41:18.556929,380,423004,575.3365167379378,575.3365167379378,10,0.04456521739130435,2.06,0.61,0,3,-0.0006907477945787832,1.05592742562294,0.2039031982421875,0.00046643580044472555,0.0,0.0,0.0,4,9.361277748589078e-05,9.361277748589078e-05,1.0,intrinsic_only,l2sq,13795.21086359024
2026-05-20T10:41:51.951891,381,424125,568.522742807865,571.9296297729014,5,0.045108695652173916,2.045,0.61,3,3,-0.0003404930272153939,0.8314922600984573,0.2022242620587349,0.00013790842233447898,0.0,0.0,0.0,4,9.35987360373318e-05,9.35987360373318e-05,1.0,intrinsic_only,l2sq,13828.605725288391
2026-05-20T10:42:30.525759,382,425221,553.2299862504004,553.2299862504004,14,0.04782608695652174,2.06,0.61,0,3,-0.001471460848551931,0.8736791387200356,0.21914604678750038,0.0017400463991862208,0.0,0.0,0.0,4,9.358001722611169e-05,9.358001722611169e-05,1.0,intrinsic_only,l2sq,13867.179692268372
2026-05-20T10:43:04.297201,383,426353,588.1860443353652,570.7080152928828,11,0.0483695652173913,2.02,0.58,3,3,-0.0016307428413711023,0.7633988335728645,0.23425311222672462,0.0012494072855588623,0.0011718750174622983,0.0,0.0,4,9.356130215846664e-05,9.356130215846664e-05,1.0,intrinsic_only,l2sq,13900.95106959343
2026-05-20T10:43:42.314409,384,427430,542.3065423369407,542.3065423369407,11,0.05,2.08,0.64,0,3,-0.0012433528900146484,0.8592090904712677,0.25753922015428543,-0.00012363855898911424,0.0,0.0,0.0,4,9.354726819705783e-05,9.354726819705783e-05,1.0,intrinsic_only,l2sq,13938.968322753906
2026-05-20T10:44:14.714942,385,428523,555.7923707962035,549.0494565665721,12,0.051358695652173915,2.01,0.62,3,3,-0.0007623113719090746,0.8272814303636551,0.2149693313986063,-0.0002482333447005741,0.0,0.0,0.0,4,9.353323657456461e-05,9.353323657456461e-05,1.0,intrinsic_only,l2sq,13971.368776798248
2026-05-20T10:44:54.196676,386,429656,567.4148241281508,567.4148241281508,9,0.05190217391304348,1.965,0.59,0,3,-0.0014127271344477887,0.8997170701622963,0.22716070711612701,0.001120898869453435,0.0,0.0,0.0,4,9.351453086258206e-05,9.351453086258206e-05,1.0,intrinsic_only,l2sq,14010.850599050522
2026-05-20T10:45:26.610338,387,430750,558.206300318241,562.8105622231959,13,0.052445652173913046,1.92,0.55,3,3,-0.001280411755578803,0.8452645987272263,0.223873320966959,0.0005192859587396237,0.0,0.0,0.0,4,9.349582889155487e-05,9.349582889155487e-05,1.0,intrinsic_only,l2sq,14043.264212846756
2026-05-20T10:46:07.272260,388,431894,593.7572504878043,593.7572504878043,4,0.050543478260869565,1.89,0.53,0,3,-0.001476892872597113,0.8905466198921204,0.20693980902433395,-0.0006071583086850289,0.0,0.0,0.0,4,9.34818047509724e-05,9.34818047509724e-05,1.0,intrinsic_only,l2sq,14083.926192998886
2026-05-20T10:46:40.889968,389,433016,561.5705829262732,577.6639167070388,14,0.05271739130434783,1.845,0.49,3,3,-0.00039145722994360366,0.9455427303910255,0.19730517268180847,-0.00013944639031251982,0.00019531250291038305,0.0,0.0,4,9.346778294766877e-05,9.346778294766877e-05,1.0,intrinsic_only,l2sq,14117.543843746185
2026-05-20T10:47:22.018024,390,434163,586.3870116472243,586.3870116472243,15,0.05407608695652174,1.91,0.56,0,3,-0.0008528076334187729,0.883593276143074,0.18659175373613834,-0.00034022900706532494,0.0,0.0,0.0,4,9.344909032575708e-05,9.344909032575708e-05,1.0,intrinsic_only,l2sq,14158.671920061111
2026-05-20T10:47:56.008951,391,435278,563.8304796814917,575.108745664358,12,0.05516304347826087,1.87,0.53,3,3,-0.001231891681527486,0.7712138667702675,0.19327083975076675,0.0005912122693189532,0.0007812500261934474,0.0,0.0,4,9.343040144218283e-05,9.343040144218283e-05,1.0,intrinsic_only,l2sq,14192.662841320038
2026-05-20T10:48:35.019217,392,436369,560.7799605727195,560.7799605727195,9,0.05380434782608696,1.9,0.55,0,3,-0.0012938588813993235,0.805886760354042,0.2212219201028347,0.00046619289551019794,0.0,0.0,0.0,4,9.341638711555419e-05,9.341638711555419e-05,1.0,intrinsic_only,l2sq,14231.673103094101
2026-05-20T10:49:08.267920,393,437467,564.6740812659262,562.7270209193229,11,0.05434782608695652,1.85,0.51,3,3,-0.0007127076398319998,0.9099472463130951,0.18619083426892757,-0.0002864151690346317,0.00019531250291038305,0.0,0.0,4,9.34023751245688e-05,9.34023751245688e-05,1.0,intrinsic_only,l2sq,14264.92179274559
2026-05-20T10:49:46.568983,394,438557,547.3427349328994,547.3427349328994,9,0.05489130434782609,1.84,0.51,0,3,-0.0006383776717484024,0.7160362303256989,0.19354950822889805,0.00023676821449498953,0.0,0.0,0.0,4,9.338369558356764e-05,9.338369558356764e-05,1.0,intrinsic_only,l2sq,14303.2228910923
2026-05-20T10:50:20.088474,395,439685,569.5086315870284,558.4256832599639,9,0.052445652173913046,1.84,0.51,3,3,-0.0007210471074358682,0.7790032625198364,0.17988160997629166,-0.00011059527123507412,0.00019531250291038305,0.0,0.0,4,9.336501977828789e-05,9.336501977828789e-05,1.0,intrinsic_only,l2sq,14336.742349863052
2026-05-20T10:50:59.616293,396,440819,587.5718017220496,587.5718017220496,8,0.05353260869565218,1.85,0.51,0,3,-0.0003740861986443189,0.888802096247673,0.18362851440906525,1.8347139939589585e-05,0.0,0.0,0.0,4,9.335101525874537e-05,9.335101525874537e-05,1.0,intrinsic_only,l2sq,14376.270205020905
2026-05-20T10:51:35.163652,397,442007,599.0284717679023,593.3001367449759,7,0.05353260869565218,1.785,0.47,3,3,-0.00044237375313960214,0.8880550339818001,0.16943970881402493,-3.3740727189979225e-06,0.0,0.0,0.0,4,9.333701307321163e-05,9.333701307321163e-05,1.0,intrinsic_only,l2sq,14411.817546844482
2026-05-20T10:52:14.937073,398,443153,563.7084541916846,563.7084541916846,9,0.0546195652173913,1.785,0.47,0,3,-0.000748481257687672,0.8220572620630264,0.18055857345461845,0.000112805480443956,0.0,0.0,0.0,4,9.33183466039671e-05,9.33183466039671e-05,1.0,intrinsic_only,l2sq,14451.590986251831
2026-05-20T10:52:48.910135,399,444295,567.1656152009963,565.4370346963404,12,0.05543478260869565,1.765,0.45,3,3,-0.0010909410681051723,0.8246308341622353,0.19106008671224117,0.00019305139148854955,0.00019531250291038305,0.0,0.0,4,9.329968386782979e-05,9.329968386782979e-05,1.0,intrinsic_only,l2sq,14485.563995838165
2026-05-20T10:53:28.367781,400,445380,551.123795211315,551.123795211315,12,0.05597826086956522,1.785,0.45,0,3,-0.0009398877649801074,0.8344502151012421,0.18950298056006432,2.6746325875137006e-05,0.0,0.0,0.0,4,9.328568914851049e-05,9.328568914851049e-05,1.0,intrinsic_only,l2sq,14525.021681785583
2026-05-20T10:54:01.741178,401,446498,563.7590897679328,557.4414424896239,11,0.057608695652173914,1.81,0.47,3,3,-0.000483184228596667,0.8501735106110573,0.18007350899279118,0.0005161379279798152,0.00019531250291038305,0.0,0.0,4,9.327169676156665e-05,9.327169676156665e-05,1.0,intrinsic_only,l2sq,14558.39504981041
2026-05-20T10:54:41.994232,402,447641,589.4079709649085,589.4079709649085,13,0.05733695652173913,1.785,0.41,0,3,-0.0008894257325663957,0.8042152002453804,0.17984862253069878,7.721084500645833e-05,0.0,0.0,0.0,4,9.325304335493132e-05,9.325304335493132e-05,1.0,intrinsic_only,l2sq,14598.648100614548
2026-05-20T10:55:16.278117,403,448760,565.158301770687,577.2831363677977,10,0.057065217391304345,1.72,0.37,3,3,-0.0011081390504840694,0.807271882891655,0.17756684683263302,0.0006329209665523194,0.0015625000232830644,0.0,0.0,4,9.323439367879077e-05,9.323439367879077e-05,1.0,intrinsic_only,l2sq,14632.931950092316
2026-05-20T10:55:58.270747,404,449940,595.2865248918532,595.2865248918532,5,0.05543478260869565,1.735,0.36,0,3,-0.0010872468592424411,0.7481733113527298,0.18430397473275661,0.00021223334069871494,0.0,0.0,0.0,4,9.321574773239896e-05,9.321574773239896e-05,1.0,intrinsic_only,l2sq,14674.924638986588
2026-05-20T10:56:31.473371,405,451028,553.939449250698,574.6129870712756,10,0.05489130434782609,1.74,0.36,3,3,-0.0009164117596810462,0.936697393655777,0.17335700243711472,0.0005007199161809611,0.0007812500116415322,0.0,0.0,4,9.320176560329012e-05,9.320176560329012e-05,1.0,intrinsic_only,l2sq,14708.12720489502
2026-05-20T10:57:12.505464,406,452180,594.1428446173667,594.1428446173667,7,0.05434782608695652,1.78,0.41,0,3,-0.0016257036717434725,0.8808127194643021,0.1868212167173624,0.0011952304389638013,0.001757812569849193,0.0,0.0,4,9.318778580445845e-05,9.318778580445845e-05,1.0,intrinsic_only,l2sq,14749.159355640411
2026-05-20T10:57:47.474849,407,453324,591.1245210766791,592.6336828470229,12,0.05407608695652174,1.78,0.42,3,3,-0.001101293062674813,0.8050791621208191,0.17794368974864483,0.0007562473462485175,0.0013671875494765118,0.0,0.0,4,9.316914917917543e-05,9.316914917917543e-05,1.0,intrinsic_only,l2sq,14784.128677845001
2026-05-20T10:58:25.308123,408,454415,557.2260637283324,557.2260637283324,9,0.05543478260869565,1.795,0.43,0,3,-0.0017705500125884677,0.7803245410323143,0.1955922618508339,0.001131409555591746,0.004687500069849193,0.0,0.0,4,9.315051628103107e-05,9.315051628103107e-05,1.0,intrinsic_only,l2sq,14821.962043762207
2026-05-20T10:58:58.138566,409,455501,550.9979112148284,554.1119874715804,9,0.05407608695652174,1.8,0.43,3,3,-0.001147944483091079,0.923504576086998,0.19143865630030632,-0.0017889306740471594,0.003906250145519152,0.0,0.0,4,9.313654393647686e-05,9.313654393647686e-05,1.0,intrinsic_only,l2sq,14854.79240655899
2026-05-20T10:59:37.342706,410,456600,557.6193459630011,557.6193459630011,10,0.05271739130434783,1.81,0.43,0,3,-0.000377422200290356,0.8778902143239975,0.20316562242805958,0.000888306435444991,0.0,0.0,0.0,4,9.312257392056912e-05,9.312257392056912e-05,1.0,intrinsic_only,l2sq,14893.996568918228
2026-05-20T11:00:10.215928,411,457688,551.8762398362159,554.7477928996085,5,0.050815217391304346,1.79,0.41,3,3,-0.0016974121317616941,0.6940453350543976,0.19182806834578514,0.0006039471742724338,0.0046875002881279215,0.0,0.0,4,9.310395033701074e-05,9.310395033701074e-05,1.0,intrinsic_only,l2sq,14926.869766235352
2026-05-20T11:00:50.131763,412,458851,581.5666026473044,581.5666026473044,11,0.051358695652173915,1.82,0.43,0,3,-0.0030427545600104633,0.8653465956449509,0.2067073918879032,-0.0007102672739165428,0.003515625139698386,0.0,0.0,4,9.30899849772317e-05,9.30899849772317e-05,1.0,intrinsic_only,l2sq,14966.78566813469
2026-05-20T11:01:24.154919,413,459977,567.912297964096,574.7394503057002,8,0.050543478260869565,1.83,0.44,3,3,-0.0022954877815209163,0.8165472745895386,0.2108161710202694,0.0001160012330956306,0.010351562785217538,0.0,0.0,4,9.307602194493503e-05,9.307602194493503e-05,1.0,intrinsic_only,l2sq,15000.808750629425
2026-05-20T11:02:02.557650,414,461085,569.0347695946692,569.0347695946692,12,0.051358695652173915,1.83,0.44,0,3,-0.00044071525371680575,0.9015427753329277,0.20549453236162663,0.0003903237526174108,0.0009765625,0.0,0.0,4,9.305740767130627e-05,9.305740767130627e-05,1.0,intrinsic_only,l2sq,15039.211579084396
2026-05-20T11:02:36.876978,415,462217,585.5585502982138,577.2966599464415,7,0.050815217391304346,1.83,0.44,3,3,-0.0012677580416493583,0.7697788774967194,0.21235414780676365,-0.00012883152596712688,0.0,0.0,0.0,4,9.303879712034609e-05,9.303879712034609e-05,1.0,intrinsic_only,l2sq,15073.530803203583
2026-05-20T11:03:13.387003,416,463297,547.9881355166434,547.9881355166434,14,0.052445652173913046,1.825,0.44,0,3,-0.0019594102865085894,0.8451673835515976,0.2181892991065979,0.001347449987406435,0.0015625000232830644,0.0,0.0,4,9.302484153338666e-05,9.302484153338666e-05,1.0,intrinsic_only,l2sq,15110.040927886963
2026-05-20T11:03:46.987949,417,464426,572.4524747133254,560.2203051149844,13,0.05407608695652174,1.805,0.43,3,3,-0.0007689878344536161,0.9578045904636383,0.20435544475913048,3.13397606532817e-05,0.0017578125261934474,0.0,0.0,4,9.301088827228086e-05,9.301088827228086e-05,1.0,intrinsic_only,l2sq,15143.64181637764
2026-05-20T11:04:25.971839,418,465536,572.5952064990996,572.5952064990996,16,0.05597826086956522,1.79,0.43,0,3,-0.0011580646307265963,0.8833001628518105,0.20976077020168304,0.000694004462820863,0.0007812500261934474,0.0,0.0,4,9.29922870247353e-05,9.29922870247353e-05,1.0,intrinsic_only,l2sq,15182.625762462616
2026-05-20T11:04:59.554011,419,466705,576.4847915172576,574.5399990081786,10,0.05543478260869565,1.805,0.44,3,3,-0.0012165271121375998,0.6985689401626587,0.20318200066685677,-0.00018093680082529456,0.002539062639698386,0.0,0.0,4,9.297368949725322e-05,9.297368949725322e-05,1.0,intrinsic_only,l2sq,15216.207937002182
2026-05-20T11:05:33.692573,420,467872,597.3505424857138,597.3505424857138,7,0.05407608695652174,1.79,0.44,0,3,-0.0008643236264106458,0.6946892812848091,0.20470700412988663,0.000381684658827916,0.0,0.0,0.0,4,9.295509568909066e-05,9.295509568909066e-05,1.0,intrinsic_only,l2sq,15250.34647989273
2026-05-20T11:06:00.902387,421,468961,547.1390302777289,572.2447863817214,11,0.05407608695652174,1.755,0.42,3,3,-0.0010936133563519412,0.8138446658849716,0.19062386825680733,-0.00020162849828014862,0.0003906250058207661,0.0,0.0,4,9.294115265713668e-05,9.294115265713668e-05,1.0,intrinsic_only,l2sq,15277.556295871735
2026-05-20T11:06:33.671442,422,470082,561.8268878459929,561.8268878459929,8,0.05271739130434783,1.75,0.43,0,3,-0.0007025018516743087,0.8741635158658028,0.21767517365515232,9.680049142843372e-05,0.0,0.0,0.0,4,9.292721194894387e-05,9.292721194894387e-05,1.0,intrinsic_only,l2sq,15310.32534122467
2026-05-20T11:07:00.812678,423,471171,555.8010970354079,558.8139924407004,10,0.05271739130434783,1.77,0.45,3,3,-0.001956471807716298,0.803235836327076,0.2115769311785698,0.00043886324610861727,0.0029296875,0.0,0.0,4,9.29086274358262e-05,9.29086274358262e-05,1.0,intrinsic_only,l2sq,15337.466560840607
2026-05-20T11:07:32.151593,424,472306,557.081077992916,557.081077992916,3,0.05217391304347826,1.77,0.45,0,3,0.00018815547300621294,0.861526146531105,0.20391160622239113,4.9853667974275595e-05,0.0,0.0,0.0,4,9.289469137399401e-05,9.289469137399401e-05,1.0,intrinsic_only,l2sq,15368.80552983284
2026-05-20T11:08:01.347123,425,473474,587.7661458253859,572.423611909151,8,0.051630434782608696,1.785,0.48,3,3,-0.0009661153271736111,0.7620872259140015,0.19990257360041142,0.00016606331203661284,0.00019531250291038305,0.0,0.0,4,9.288075763476137e-05,9.288075763476137e-05,1.0,intrinsic_only,l2sq,15398.000988006592
2026-05-20T11:08:31.615725,426,474564,557.9545906186103,557.9545906186103,11,0.05271739130434783,1.78,0.48,0,3,-0.0008254334612501912,0.8396201059222221,0.18933073803782463,0.0005887476126190429,0.0,0.0,0.0,4,9.2862182412042e-05,9.2862182412042e-05,1.0,intrinsic_only,l2sq,15428.26963353157
2026-05-20T11:08:58.270812,427,475628,543.6846606731414,550.8196256458758,14,0.05326086956521739,1.74,0.43,3,3,-0.0006353918473905595,0.6761898249387741,0.1877093967050314,9.76251415607983e-05,0.0,0.0,0.0,4,9.284361090418141e-05,9.284361090418141e-05,1.0,intrinsic_only,l2sq,15454.924724578857
2026-05-20T11:09:30.114171,428,476707,542.8045814037322,542.8045814037322,6,0.052445652173913046,1.77,0.45,0,3,-0.0006123438732175135,0.9113913625478745,0.1935947760939598,0.0004174331395915831,0.0,0.0,0.0,4,9.282968459466641e-05,9.282968459466641e-05,1.0,intrinsic_only,l2sq,15486.768088579178
2026-05-20T11:09:55.708313,429,477732,520.200111567974,531.5023464858531,15,0.05407608695652174,1.735,0.42,3,3,-0.0009796060716324995,0.7367063462734222,0.18476128205657005,0.00040299201409654123,0.0003906250058207661,0.0,0.0,4,9.281576060612563e-05,9.281576060612563e-05,1.0,intrinsic_only,l2sq,15512.362191677094
2026-05-20T11:10:27.392991,430,478801,546.6756655573844,546.6756655573844,8,0.05353260869565218,1.655,0.35,0,3,-0.0004112638596779905,0.9648572877049446,0.19422591105103493,0.00036330115326563966,0.0,0.0,0.0,4,9.279719838216203e-05,9.279719838216203e-05,1.0,intrinsic_only,l2sq,15544.04692697525
2026-05-20T11:10:55.400184,431,479914,565.037248790264,555.8564571738242,10,0.05489130434782609,1.625,0.34,3,3,-0.0007209472372778913,0.8639082759618759,0.18392562121152878,-0.00011995929035038544,0.0,0.0,0.0,4,9.27832790344093e-05,9.27832790344093e-05,1.0,intrinsic_only,l2sq,15572.054027080536
2026-05-20T11:11:02.536243,432,480001,43.3671828508377,43.3671828508377,0,0.05190217391304348,1.625,0.34,0,3,-0.0008901603592675889,0.8120820075273514,0.19930196925997734,-3.989557717409831e-06,0.0,0.0,0.0,4,9.277400070650586e-05,9.277400070650586e-05,1.0,intrinsic_only,l2sq,15579.190177679062
