method,checkpoint,dataset,img_idx,distance,start,goal,final,success,final_distance,traj,actions,reward_trace,path_length,case_id,optimal_steps,detour_steps
GeoExplorer-anchor0624,/root/geoexplorer/results/checkpoint/algo_ablation_anchor0624_20260515/masa_plus_mmgag_anchor0624_component_ablation_seed321_480k_gpu01/g1_p1_e1_v1_seed321_t480k/geoexplorer.pt,swissviewmonuments,0,4,8,0,22,False,6,"[8, 7, 6, 11, 16, 21, 20, 15, 20, 21, 22]","[""left"", ""left"", ""down"", ""down"", ""down"", ""left"", ""up"", ""down"", ""right"", ""right""]","[1.0, 1.0, -1.0, -1.0, -1.0, 1.0, 1.0, -1.0, -1.0, -1.0]",10,img000_d4_s08_g00_r0,4,6
GeoExplorer-anchor0624,/root/geoexplorer/results/checkpoint/algo_ablation_anchor0624_20260515/masa_plus_mmgag_anchor0624_component_ablation_seed321_480k_gpu01/g1_p1_e1_v1_seed321_t480k/geoexplorer.pt,swissviewmonuments,0,6,14,0,10,False,2,"[14, 13, 12, 11, 6, 11, 10, 5, 10, 5, 10]","[""left"", ""left"", ""left"", ""up"", ""down"", ""left"", ""up"", ""down"", ""up"", ""down""]","[1.0, 1.0, 1.0, 1.0, -1.0, 1.0, 1.0, -1.0, 1.0, -1.0]",10,img000_d6_s14_g00_r0,6,4
GeoExplorer-anchor0624,/root/geoexplorer/results/checkpoint/algo_ablation_anchor0624_20260515/masa_plus_mmgag_anchor0624_component_ablation_seed321_480k_gpu01/g1_p1_e1_v1_seed321_t480k/geoexplorer.pt,swissviewmonuments,0,8,24,0,0,True,0,"[24, 19, 18, 13, 12, 11, 6, 5, 0]","[""up"", ""left"", ""up"", ""left"", ""left"", ""up"", ""left"", ""up""]","[1.0, 1.0, 1.0, 1.0, 1.0, 1.0, 1.0, 1.0]",8,img000_d8_s24_g00_r0,8,0
GeoExplorer-anchor0624,/root/geoexplorer/results/checkpoint/algo_ablation_anchor0624_20260515/masa_plus_mmgag_anchor0624_component_ablation_seed321_480k_gpu01/g1_p1_e1_v1_seed321_t480k/geoexplorer.pt,swissviewmonuments,1,4,21,1,19,False,6,"[21, 22, 17, 18, 13, 8, 3, 4, 9, 14, 19]","[""right"", ""up"", ""right"", ""up"", ""up"", ""up"", ""right"", ""down"", ""down"", ""down""]","[-1.0, 1.0, -1.0, 1.0, 1.0, 1.0, -1.0, -1.0, -1.0, -1.0]",10,img001_d4_s21_g01_r0,4,6
GeoExplorer-anchor0624,/root/geoexplorer/results/checkpoint/algo_ablation_anchor0624_20260515/masa_plus_mmgag_anchor0624_component_ablation_seed321_480k_gpu01/g1_p1_e1_v1_seed321_t480k/geoexplorer.pt,swissviewmonuments,1,6,19,1,1,True,0,"[19, 14, 13, 12, 11, 6, 5, 0, 1]","[""up"", ""left"", ""left"", ""left"", ""up"", ""left"", ""up"", ""right""]","[1.0, 1.0, 1.0, 1.0, 1.0, -1.0, 1.0, 1.0]",8,img001_d6_s19_g01_r0,6,2
GeoExplorer-anchor0624,/root/geoexplorer/results/checkpoint/algo_ablation_anchor0624_20260515/masa_plus_mmgag_anchor0624_component_ablation_seed321_480k_gpu01/g1_p1_e1_v1_seed321_t480k/geoexplorer.pt,swissviewmonuments,2,4,14,2,6,False,2,"[14, 13, 12, 11, 6, 5, 10, 5, 10, 5, 6]","[""left"", ""left"", ""left"", ""up"", ""left"", ""down"", ""up"", ""down"", ""up"", ""right""]","[1.0, 1.0, -1.0, 1.0, -1.0, -1.0, 1.0, -1.0, 1.0, 1.0]",10,img002_d4_s14_g02_r0,4,6
GeoExplorer-anchor0624,/root/geoexplorer/results/checkpoint/algo_ablation_anchor0624_20260515/masa_plus_mmgag_anchor0624_component_ablation_seed321_480k_gpu01/g1_p1_e1_v1_seed321_t480k/geoexplorer.pt,swissviewmonuments,2,6,20,2,4,False,2,"[20, 15, 10, 5, 6, 7, 8, 9, 4, 3, 4]","[""up"", ""up"", ""up"", ""right"", ""right"", ""right"", ""right"", ""up"", ""left"", ""right""]","[1.0, 1.0, 1.0, 1.0, 1.0, -1.0, -1.0, 1.0, 1.0, -1.0]",10,img002_d6_s20_g02_r0,6,4
GeoExplorer-anchor0624,/root/geoexplorer/results/checkpoint/algo_ablation_anchor0624_20260515/masa_plus_mmgag_anchor0624_component_ablation_seed321_480k_gpu01/g1_p1_e1_v1_seed321_t480k/geoexplorer.pt,swissviewmonuments,3,4,23,3,5,False,4,"[23, 18, 13, 8, 7, 6, 5, 0, 1, 0, 5]","[""up"", ""up"", ""up"", ""left"", ""left"", ""left"", ""up"", ""right"", ""left"", ""down""]","[1.0, 1.0, 1.0, -1.0, -1.0, -1.0, 1.0, 1.0, -1.0, -1.0]",10,img003_d4_s23_g03_r0,4,6
GeoExplorer-anchor0624,/root/geoexplorer/results/checkpoint/algo_ablation_anchor0624_20260515/masa_plus_mmgag_anchor0624_component_ablation_seed321_480k_gpu01/g1_p1_e1_v1_seed321_t480k/geoexplorer.pt,swissviewmonuments,3,6,21,3,3,True,0,"[21, 22, 17, 12, 7, 8, 9, 4, 3]","[""right"", ""up"", ""up"", ""up"", ""right"", ""right"", ""up"", ""left""]","[1.0, 1.0, 1.0, 1.0, 1.0, -1.0, 1.0, 1.0]",8,img003_d6_s21_g03_r0,6,2
GeoExplorer-anchor0624,/root/geoexplorer/results/checkpoint/algo_ablation_anchor0624_20260515/masa_plus_mmgag_anchor0624_component_ablation_seed321_480k_gpu01/g1_p1_e1_v1_seed321_t480k/geoexplorer.pt,swissviewmonuments,4,4,6,4,24,False,4,"[6, 7, 8, 13, 18, 23, 24, 23, 24, 19, 24]","[""right"", ""right"", ""down"", ""down"", ""down"", ""right"", ""left"", ""right"", ""up"", ""down""]","[1.0, 1.0, -1.0, -1.0, -1.0, 1.0, -1.0, 1.0, 1.0, -1.0]",10,img004_d4_s06_g04_r0,4,6
GeoExplorer-anchor0624,/root/geoexplorer/results/checkpoint/algo_ablation_anchor0624_20260515/masa_plus_mmgag_anchor0624_component_ablation_seed321_480k_gpu01/g1_p1_e1_v1_seed321_t480k/geoexplorer.pt,swissviewmonuments,4,6,10,4,24,False,4,"[10, 11, 12, 13, 18, 19, 24, 19, 24, 23, 24]","[""right"", ""right"", ""right"", ""down"", ""right"", ""down"", ""up"", ""down"", ""left"", ""right""]","[1.0, 1.0, 1.0, -1.0, 1.0, -1.0, 1.0, -1.0, -1.0, 1.0]",10,img004_d6_s10_g04_r0,6,4
GeoExplorer-anchor0624,/root/geoexplorer/results/checkpoint/algo_ablation_anchor0624_20260515/masa_plus_mmgag_anchor0624_component_ablation_seed321_480k_gpu01/g1_p1_e1_v1_seed321_t480k/geoexplorer.pt,swissviewmonuments,4,8,20,4,4,True,0,"[20, 15, 10, 11, 12, 13, 8, 3, 4]","[""up"", ""up"", ""right"", ""right"", ""right"", ""up"", ""up"", ""right""]","[1.0, 1.0, 1.0, 1.0, 1.0, 1.0, 1.0, 1.0]",8,img004_d8_s20_g04_r0,8,0
GeoExplorer-anchor0624,/root/geoexplorer/results/checkpoint/algo_ablation_anchor0624_20260515/masa_plus_mmgag_anchor0624_component_ablation_seed321_480k_gpu01/g1_p1_e1_v1_seed321_t480k/geoexplorer.pt,swissviewmonuments,5,4,21,5,19,False,6,"[21, 22, 23, 18, 13, 8, 9, 14, 19, 14, 19]","[""right"", ""right"", ""up"", ""up"", ""up"", ""right"", ""down"", ""down"", ""up"", ""down""]","[-1.0, -1.0, 1.0, 1.0, 1.0, -1.0, -1.0, -1.0, 1.0, -1.0]",10,img005_d4_s21_g05_r0,4,6
GeoExplorer-anchor0624,/root/geoexplorer/results/checkpoint/algo_ablation_anchor0624_20260515/masa_plus_mmgag_anchor0624_component_ablation_seed321_480k_gpu01/g1_p1_e1_v1_seed321_t480k/geoexplorer.pt,swissviewmonuments,5,6,19,5,5,True,0,"[19, 18, 17, 12, 7, 6, 1, 0, 1, 0, 5]","[""left"", ""left"", ""up"", ""up"", ""left"", ""up"", ""left"", ""right"", ""left"", ""down""]","[1.0, 1.0, 1.0, 1.0, 1.0, -1.0, 1.0, -1.0, 1.0, 1.0]",10,img005_d6_s19_g05_r0,6,4
GeoExplorer-anchor0624,/root/geoexplorer/results/checkpoint/algo_ablation_anchor0624_20260515/masa_plus_mmgag_anchor0624_component_ablation_seed321_480k_gpu01/g1_p1_e1_v1_seed321_t480k/geoexplorer.pt,swissviewmonuments,6,4,20,6,8,False,2,"[20, 21, 16, 11, 12, 13, 14, 9, 4, 9, 8]","[""right"", ""up"", ""up"", ""right"", ""right"", ""right"", ""up"", ""up"", ""down"", ""left""]","[1.0, 1.0, 1.0, -1.0, -1.0, -1.0, 1.0, -1.0, 1.0, 1.0]",10,img006_d4_s20_g06_r0,4,6
GeoExplorer-anchor0624,/root/geoexplorer/results/checkpoint/algo_ablation_anchor0624_20260515/masa_plus_mmgag_anchor0624_component_ablation_seed321_480k_gpu01/g1_p1_e1_v1_seed321_t480k/geoexplorer.pt,swissviewmonuments,6,6,24,6,6,True,0,"[24, 19, 14, 9, 8, 7, 6]","[""up"", ""up"", ""up"", ""left"", ""left"", ""left""]","[1.0, 1.0, 1.0, 1.0, 1.0, 1.0]",6,img006_d6_s24_g06_r0,6,0
GeoExplorer-anchor0624,/root/geoexplorer/results/checkpoint/algo_ablation_anchor0624_20260515/masa_plus_mmgag_anchor0624_component_ablation_seed321_480k_gpu01/g1_p1_e1_v1_seed321_t480k/geoexplorer.pt,swissviewmonuments,7,4,19,7,3,False,2,"[19, 14, 13, 12, 11, 6, 1, 0, 1, 2, 3]","[""up"", ""left"", ""left"", ""left"", ""up"", ""up"", ""left"", ""right"", ""right"", ""right""]","[1.0, 1.0, 1.0, -1.0, 1.0, -1.0, -1.0, 1.0, 1.0, -1.0]",10,img007_d4_s19_g07_r0,4,6
GeoExplorer-anchor0624,/root/geoexplorer/results/checkpoint/algo_ablation_anchor0624_20260515/masa_plus_mmgag_anchor0624_component_ablation_seed321_480k_gpu01/g1_p1_e1_v1_seed321_t480k/geoexplorer.pt,swissviewmonuments,8,4,24,8,0,False,4,"[24, 19, 14, 13, 12, 11, 6, 1, 0, 1, 0]","[""up"", ""up"", ""left"", ""left"", ""left"", ""up"", ""up"", ""left"", ""right"", ""left""]","[1.0, 1.0, 1.0, -1.0, -1.0, 1.0, -1.0, -1.0, 1.0, -1.0]",10,img008_d4_s24_g08_r0,4,6
GeoExplorer-anchor0624,/root/geoexplorer/results/checkpoint/algo_ablation_anchor0624_20260515/masa_plus_mmgag_anchor0624_component_ablation_seed321_480k_gpu01/g1_p1_e1_v1_seed321_t480k/geoexplorer.pt,swissviewmonuments,8,6,20,8,2,False,2,"[20, 15, 10, 5, 0, 1, 2, 3, 2, 1, 2]","[""up"", ""up"", ""up"", ""up"", ""right"", ""right"", ""right"", ""left"", ""left"", ""right""]","[1.0, 1.0, 1.0, -1.0, 1.0, 1.0, 1.0, -1.0, -1.0, 1.0]",10,img008_d6_s20_g08_r0,6,4
GeoExplorer-anchor0624,/root/geoexplorer/results/checkpoint/algo_ablation_anchor0624_20260515/masa_plus_mmgag_anchor0624_component_ablation_seed321_480k_gpu01/g1_p1_e1_v1_seed321_t480k/geoexplorer.pt,swissviewmonuments,9,4,23,9,1,False,4,"[23, 22, 17, 12, 7, 2, 1, 0, 5, 0, 1]","[""left"", ""up"", ""up"", ""up"", ""up"", ""left"", ""left"", ""down"", ""up"", ""right""]","[-1.0, 1.0, 1.0, 1.0, -1.0, -1.0, -1.0, 1.0, -1.0, 1.0]",10,img009_d4_s23_g09_r0,4,6
GeoExplorer-anchor0624,/root/geoexplorer/results/checkpoint/algo_ablation_anchor0624_20260515/masa_plus_mmgag_anchor0624_component_ablation_seed321_480k_gpu01/g1_p1_e1_v1_seed321_t480k/geoexplorer.pt,swissviewmonuments,9,6,15,9,9,True,0,"[15, 16, 17, 12, 13, 8, 9]","[""right"", ""right"", ""up"", ""right"", ""up"", ""right""]","[1.0, 1.0, 1.0, 1.0, 1.0, 1.0]",6,img009_d6_s15_g09_r0,6,0
GeoExplorer-anchor0624,/root/geoexplorer/results/checkpoint/algo_ablation_anchor0624_20260515/masa_plus_mmgag_anchor0624_component_ablation_seed321_480k_gpu01/g1_p1_e1_v1_seed321_t480k/geoexplorer.pt,swissviewmonuments,10,4,18,10,4,False,6,"[18, 13, 12, 7, 6, 1, 0, 1, 2, 3, 4]","[""up"", ""left"", ""up"", ""left"", ""up"", ""left"", ""right"", ""right"", ""right"", ""right""]","[1.0, 1.0, -1.0, 1.0, -1.0, 1.0, -1.0, -1.0, -1.0, -1.0]",10,img010_d4_s18_g10_r0,4,6
GeoExplorer-anchor0624,/root/geoexplorer/results/checkpoint/algo_ablation_anchor0624_20260515/masa_plus_mmgag_anchor0624_component_ablation_seed321_480k_gpu01/g1_p1_e1_v1_seed321_t480k/geoexplorer.pt,swissviewmonuments,10,6,24,10,0,False,2,"[24, 23, 22, 17, 12, 7, 6, 1, 0, 5, 0]","[""left"", ""left"", ""up"", ""up"", ""up"", ""left"", ""up"", ""left"", ""down"", ""up""]","[1.0, 1.0, 1.0, 1.0, -1.0, 1.0, -1.0, 1.0, 1.0, -1.0]",10,img010_d6_s24_g10_r0,6,4
GeoExplorer-anchor0624,/root/geoexplorer/results/checkpoint/algo_ablation_anchor0624_20260515/masa_plus_mmgag_anchor0624_component_ablation_seed321_480k_gpu01/g1_p1_e1_v1_seed321_t480k/geoexplorer.pt,swissviewmonuments,11,4,3,11,11,True,0,"[3, 2, 1, 6, 11]","[""left"", ""left"", ""down"", ""down""]","[1.0, 1.0, 1.0, 1.0]",4,img011_d4_s03_g11_r0,4,0
GeoExplorer-anchor0624,/root/geoexplorer/results/checkpoint/algo_ablation_anchor0624_20260515/masa_plus_mmgag_anchor0624_component_ablation_seed321_480k_gpu01/g1_p1_e1_v1_seed321_t480k/geoexplorer.pt,swissviewmonuments,12,4,4,12,18,False,2,"[4, 3, 2, 1, 6, 1, 6, 7, 8, 13, 18]","[""left"", ""left"", ""left"", ""down"", ""up"", ""down"", ""right"", ""right"", ""down"", ""down""]","[1.0, 1.0, -1.0, 1.0, -1.0, 1.0, 1.0, -1.0, 1.0, -1.0]",10,img012_d4_s04_g12_r0,4,6
GeoExplorer-anchor0624,/root/geoexplorer/results/checkpoint/algo_ablation_anchor0624_20260515/masa_plus_mmgag_anchor0624_component_ablation_seed321_480k_gpu01/g1_p1_e1_v1_seed321_t480k/geoexplorer.pt,swissviewmonuments,13,4,1,13,13,True,0,"[1, 2, 7, 8, 13]","[""right"", ""down"", ""right"", ""down""]","[1.0, 1.0, 1.0, 1.0]",4,img013_d4_s01_g13_r0,4,0
GeoExplorer-anchor0624,/root/geoexplorer/results/checkpoint/algo_ablation_anchor0624_20260515/masa_plus_mmgag_anchor0624_component_ablation_seed321_480k_gpu01/g1_p1_e1_v1_seed321_t480k/geoexplorer.pt,swissviewmonuments,14,4,10,14,18,False,2,"[10, 11, 12, 13, 18, 23, 24, 19, 24, 19, 18]","[""right"", ""right"", ""right"", ""down"", ""down"", ""right"", ""up"", ""down"", ""up"", ""left""]","[1.0, 1.0, 1.0, -1.0, -1.0, 1.0, 1.0, -1.0, 1.0, -1.0]",10,img014_d4_s10_g14_r0,4,6
GeoExplorer-anchor0624,/root/geoexplorer/results/checkpoint/algo_ablation_anchor0624_20260515/masa_plus_mmgag_anchor0624_component_ablation_seed321_480k_gpu01/g1_p1_e1_v1_seed321_t480k/geoexplorer.pt,swissviewmonuments,14,6,0,14,24,False,2,"[0, 1, 6, 7, 8, 13, 18, 23, 24, 23, 24]","[""right"", ""down"", ""right"", ""right"", ""down"", ""down"", ""down"", ""right"", ""left"", ""right""]","[1.0, 1.0, 1.0, 1.0, 1.0, -1.0, -1.0, 1.0, -1.0, 1.0]",10,img014_d6_s00_g14_r0,6,4
GeoExplorer-anchor0624,/root/geoexplorer/results/checkpoint/algo_ablation_anchor0624_20260515/masa_plus_mmgag_anchor0624_component_ablation_seed321_480k_gpu01/g1_p1_e1_v1_seed321_t480k/geoexplorer.pt,swissviewmonuments,15,4,1,15,21,False,2,"[1, 6, 7, 8, 13, 18, 23, 22, 21, 22, 21]","[""down"", ""right"", ""right"", ""down"", ""down"", ""down"", ""left"", ""left"", ""right"", ""left""]","[1.0, -1.0, -1.0, 1.0, 1.0, -1.0, 1.0, 1.0, -1.0, 1.0]",10,img015_d4_s01_g15_r0,4,6
GeoExplorer-anchor0624,/root/geoexplorer/results/checkpoint/algo_ablation_anchor0624_20260515/masa_plus_mmgag_anchor0624_component_ablation_seed321_480k_gpu01/g1_p1_e1_v1_seed321_t480k/geoexplorer.pt,swissviewmonuments,15,6,9,15,21,False,2,"[9, 8, 7, 6, 11, 16, 21, 20, 21, 22, 21]","[""left"", ""left"", ""left"", ""down"", ""down"", ""down"", ""left"", ""right"", ""right"", ""left""]","[1.0, 1.0, 1.0, 1.0, 1.0, -1.0, 1.0, -1.0, -1.0, 1.0]",10,img015_d6_s09_g15_r0,6,4
GeoExplorer-anchor0624,/root/geoexplorer/results/checkpoint/algo_ablation_anchor0624_20260515/masa_plus_mmgag_anchor0624_component_ablation_seed321_480k_gpu01/g1_p1_e1_v1_seed321_t480k/geoexplorer.pt,swissviewmonuments,16,4,14,16,0,False,4,"[14, 13, 12, 11, 6, 5, 0, 1, 0, 5, 0]","[""left"", ""left"", ""left"", ""up"", ""left"", ""up"", ""right"", ""left"", ""down"", ""up""]","[1.0, 1.0, 1.0, -1.0, -1.0, -1.0, 1.0, -1.0, 1.0, -1.0]",10,img016_d4_s14_g16_r0,4,6
GeoExplorer-anchor0624,/root/geoexplorer/results/checkpoint/algo_ablation_anchor0624_20260515/masa_plus_mmgag_anchor0624_component_ablation_seed321_480k_gpu01/g1_p1_e1_v1_seed321_t480k/geoexplorer.pt,swissviewmonuments,16,6,4,16,20,False,2,"[4, 3, 8, 13, 12, 11, 6, 5, 10, 15, 20]","[""left"", ""down"", ""down"", ""left"", ""left"", ""up"", ""left"", ""down"", ""down"", ""down""]","[1.0, 1.0, 1.0, 1.0, 1.0, -1.0, -1.0, 1.0, 1.0, -1.0]",10,img016_d6_s04_g16_r0,6,4
GeoExplorer-anchor0624,/root/geoexplorer/results/checkpoint/algo_ablation_anchor0624_20260515/masa_plus_mmgag_anchor0624_component_ablation_seed321_480k_gpu01/g1_p1_e1_v1_seed321_t480k/geoexplorer.pt,swissviewmonuments,17,4,9,17,5,False,4,"[9, 8, 7, 6, 1, 0, 5, 0, 5, 0, 5]","[""left"", ""left"", ""left"", ""up"", ""left"", ""down"", ""up"", ""down"", ""up"", ""down""]","[1.0, 1.0, -1.0, -1.0, -1.0, 1.0, -1.0, 1.0, -1.0, 1.0]",10,img017_d4_s09_g17_r0,4,6
GeoExplorer-anchor0624,/root/geoexplorer/results/checkpoint/algo_ablation_anchor0624_20260515/masa_plus_mmgag_anchor0624_component_ablation_seed321_480k_gpu01/g1_p1_e1_v1_seed321_t480k/geoexplorer.pt,swissviewmonuments,18,4,6,18,22,False,2,"[6, 7, 8, 9, 14, 19, 24, 23, 24, 23, 22]","[""right"", ""right"", ""right"", ""down"", ""down"", ""down"", ""left"", ""right"", ""left"", ""left""]","[1.0, 1.0, -1.0, 1.0, 1.0, -1.0, 1.0, -1.0, 1.0, -1.0]",10,img018_d4_s06_g18_r0,4,6
GeoExplorer-anchor0624,/root/geoexplorer/results/checkpoint/algo_ablation_anchor0624_20260515/masa_plus_mmgag_anchor0624_component_ablation_seed321_480k_gpu01/g1_p1_e1_v1_seed321_t480k/geoexplorer.pt,swissviewmonuments,18,6,0,18,18,True,0,"[0, 1, 2, 3, 8, 13, 18]","[""right"", ""right"", ""right"", ""down"", ""down"", ""down""]","[1.0, 1.0, 1.0, 1.0, 1.0, 1.0]",6,img018_d6_s00_g18_r0,6,0
GeoExplorer-anchor0624,/root/geoexplorer/results/checkpoint/algo_ablation_anchor0624_20260515/masa_plus_mmgag_anchor0624_component_ablation_seed321_480k_gpu01/g1_p1_e1_v1_seed321_t480k/geoexplorer.pt,swissviewmonuments,19,4,3,19,21,False,4,"[3, 8, 13, 12, 11, 16, 21, 20, 21, 20, 21]","[""down"", ""down"", ""left"", ""left"", ""down"", ""down"", ""left"", ""right"", ""left"", ""right""]","[1.0, 1.0, -1.0, -1.0, 1.0, -1.0, -1.0, 1.0, -1.0, 1.0]",10,img019_d4_s03_g19_r0,4,6
GeoExplorer-anchor0624,/root/geoexplorer/results/checkpoint/algo_ablation_anchor0624_20260515/masa_plus_mmgag_anchor0624_component_ablation_seed321_480k_gpu01/g1_p1_e1_v1_seed321_t480k/geoexplorer.pt,swissviewmonuments,19,6,1,19,19,True,0,"[1, 6, 11, 16, 17, 22, 23, 24, 19]","[""down"", ""down"", ""down"", ""right"", ""down"", ""right"", ""right"", ""up""]","[1.0, 1.0, 1.0, 1.0, -1.0, 1.0, 1.0, 1.0]",8,img019_d6_s01_g19_r0,6,2
GeoExplorer-anchor0624,/root/geoexplorer/results/checkpoint/algo_ablation_anchor0624_20260515/masa_plus_mmgag_anchor0624_component_ablation_seed321_480k_gpu01/g1_p1_e1_v1_seed321_t480k/geoexplorer.pt,swissviewmonuments,20,4,18,20,2,False,6,"[18, 17, 12, 7, 6, 1, 0, 5, 0, 1, 2]","[""left"", ""up"", ""up"", ""left"", ""up"", ""left"", ""down"", ""up"", ""right"", ""right""]","[1.0, -1.0, -1.0, 1.0, -1.0, 1.0, 1.0, -1.0, -1.0, -1.0]",10,img020_d4_s18_g20_r0,4,6
GeoExplorer-anchor0624,/root/geoexplorer/results/checkpoint/algo_ablation_anchor0624_20260515/masa_plus_mmgag_anchor0624_component_ablation_seed321_480k_gpu01/g1_p1_e1_v1_seed321_t480k/geoexplorer.pt,swissviewmonuments,20,6,2,20,18,False,4,"[2, 7, 12, 17, 22, 23, 24, 23, 18, 23, 18]","[""down"", ""down"", ""down"", ""down"", ""right"", ""right"", ""left"", ""up"", ""down"", ""up""]","[1.0, 1.0, 1.0, 1.0, -1.0, -1.0, 1.0, -1.0, 1.0, -1.0]",10,img020_d6_s02_g20_r0,6,4
GeoExplorer-anchor0624,/root/geoexplorer/results/checkpoint/algo_ablation_anchor0624_20260515/masa_plus_mmgag_anchor0624_component_ablation_seed321_480k_gpu01/g1_p1_e1_v1_seed321_t480k/geoexplorer.pt,swissviewmonuments,20,8,4,20,20,True,0,"[4, 9, 8, 7, 6, 11, 16, 21, 20]","[""down"", ""left"", ""left"", ""left"", ""down"", ""down"", ""down"", ""left""]","[1.0, 1.0, 1.0, 1.0, 1.0, 1.0, 1.0, 1.0]",8,img020_d8_s04_g20_r0,8,0
GeoExplorer-anchor0624,/root/geoexplorer/results/checkpoint/algo_ablation_anchor0624_20260515/masa_plus_mmgag_anchor0624_component_ablation_seed321_480k_gpu01/g1_p1_e1_v1_seed321_t480k/geoexplorer.pt,swissviewmonuments,21,4,13,21,5,False,4,"[13, 8, 7, 6, 1, 0, 5, 10, 5, 0, 5]","[""up"", ""left"", ""left"", ""up"", ""left"", ""down"", ""down"", ""up"", ""up"", ""down""]","[-1.0, 1.0, 1.0, -1.0, -1.0, 1.0, 1.0, -1.0, -1.0, 1.0]",10,img021_d4_s13_g21_r0,4,6
GeoExplorer-anchor0624,/root/geoexplorer/results/checkpoint/algo_ablation_anchor0624_20260515/masa_plus_mmgag_anchor0624_component_ablation_seed321_480k_gpu01/g1_p1_e1_v1_seed321_t480k/geoexplorer.pt,swissviewmonuments,21,6,3,21,21,True,0,"[3, 8, 13, 18, 17, 16, 21]","[""down"", ""down"", ""down"", ""left"", ""left"", ""down""]","[1.0, 1.0, 1.0, 1.0, 1.0, 1.0]",6,img021_d6_s03_g21_r0,6,0
GeoExplorer-anchor0624,/root/geoexplorer/results/checkpoint/algo_ablation_anchor0624_20260515/masa_plus_mmgag_anchor0624_component_ablation_seed321_480k_gpu01/g1_p1_e1_v1_seed321_t480k/geoexplorer.pt,swissviewmonuments,22,4,8,22,20,False,2,"[8, 7, 6, 11, 16, 21, 20, 21, 20, 21, 20]","[""left"", ""left"", ""down"", ""down"", ""down"", ""left"", ""right"", ""left"", ""right"", ""left""]","[1.0, -1.0, 1.0, 1.0, 1.0, -1.0, 1.0, -1.0, 1.0, -1.0]",10,img022_d4_s08_g22_r0,4,6
GeoExplorer-anchor0624,/root/geoexplorer/results/checkpoint/algo_ablation_anchor0624_20260515/masa_plus_mmgag_anchor0624_component_ablation_seed321_480k_gpu01/g1_p1_e1_v1_seed321_t480k/geoexplorer.pt,swissviewmonuments,22,6,0,22,24,False,2,"[0, 1, 6, 7, 8, 13, 18, 23, 24, 23, 24]","[""right"", ""down"", ""right"", ""right"", ""down"", ""down"", ""down"", ""right"", ""left"", ""right""]","[1.0, 1.0, 1.0, -1.0, 1.0, 1.0, 1.0, -1.0, 1.0, -1.0]",10,img022_d6_s00_g22_r0,6,4
GeoExplorer-anchor0624,/root/geoexplorer/results/checkpoint/algo_ablation_anchor0624_20260515/masa_plus_mmgag_anchor0624_component_ablation_seed321_480k_gpu01/g1_p1_e1_v1_seed321_t480k/geoexplorer.pt,swissviewmonuments,23,4,15,23,3,False,4,"[15, 16, 17, 12, 13, 8, 9, 4, 3, 4, 3]","[""right"", ""right"", ""up"", ""right"", ""up"", ""right"", ""up"", ""left"", ""right"", ""left""]","[1.0, 1.0, -1.0, 1.0, -1.0, -1.0, -1.0, 1.0, -1.0, 1.0]",10,img023_d4_s15_g23_r0,4,6
GeoExplorer-anchor0624,/root/geoexplorer/results/checkpoint/algo_ablation_anchor0624_20260515/masa_plus_mmgag_anchor0624_component_ablation_seed321_480k_gpu01/g1_p1_e1_v1_seed321_t480k/geoexplorer.pt,swissviewmonuments,23,6,1,23,23,True,0,"[1, 2, 7, 8, 13, 18, 23]","[""right"", ""down"", ""right"", ""down"", ""down"", ""down""]","[1.0, 1.0, 1.0, 1.0, 1.0, 1.0]",6,img023_d6_s01_g23_r0,6,0
GeoExplorer-anchor0624,/root/geoexplorer/results/checkpoint/algo_ablation_anchor0624_20260515/masa_plus_mmgag_anchor0624_component_ablation_seed321_480k_gpu01/g1_p1_e1_v1_seed321_t480k/geoexplorer.pt,swissviewmonuments,24,4,4,24,16,False,4,"[4, 3, 2, 1, 6, 11, 16, 21, 20, 21, 16]","[""left"", ""left"", ""left"", ""down"", ""down"", ""down"", ""down"", ""left"", ""right"", ""up""]","[-1.0, -1.0, -1.0, 1.0, 1.0, 1.0, 1.0, -1.0, 1.0, -1.0]",10,img024_d4_s04_g24_r0,4,6
GeoExplorer-anchor0624,/root/geoexplorer/results/checkpoint/algo_ablation_anchor0624_20260515/masa_plus_mmgag_anchor0624_component_ablation_seed321_480k_gpu01/g1_p1_e1_v1_seed321_t480k/geoexplorer.pt,swissviewmonuments,24,6,2,24,16,False,4,"[2, 3, 8, 13, 18, 23, 22, 21, 20, 21, 16]","[""right"", ""down"", ""down"", ""down"", ""down"", ""left"", ""left"", ""left"", ""right"", ""up""]","[1.0, 1.0, 1.0, 1.0, 1.0, -1.0, -1.0, -1.0, 1.0, -1.0]",10,img024_d6_s02_g24_r0,6,4
GeoExplorer-anchor0624,/root/geoexplorer/results/checkpoint/algo_ablation_anchor0624_20260515/masa_plus_mmgag_anchor0624_component_ablation_seed321_480k_gpu01/g1_p1_e1_v1_seed321_t480k/geoexplorer.pt,swissviewmonuments,24,8,0,24,24,True,0,"[0, 1, 6, 11, 16, 21, 22, 23, 24]","[""right"", ""down"", ""down"", ""down"", ""down"", ""right"", ""right"", ""right""]","[1.0, 1.0, 1.0, 1.0, 1.0, 1.0, 1.0, 1.0]",8,img024_d8_s00_g24_r0,8,0
GeoExplorer-anchor0624,/root/geoexplorer/results/checkpoint/algo_ablation_anchor0624_20260515/masa_plus_mmgag_anchor0624_component_ablation_seed321_480k_gpu01/g1_p1_e1_v1_seed321_t480k/geoexplorer.pt,swissviewmonuments,25,4,12,0,24,False,8,"[12, 7, 8, 9, 14, 19, 24, 23, 24, 23, 24]","[""up"", ""right"", ""right"", ""down"", ""down"", ""down"", ""left"", ""right"", ""left"", ""right""]","[1.0, -1.0, -1.0, -1.0, -1.0, -1.0, 1.0, -1.0, 1.0, -1.0]",10,img025_d4_s12_g00_r0,4,6
GeoExplorer-anchor0624,/root/geoexplorer/results/checkpoint/algo_ablation_anchor0624_20260515/masa_plus_mmgag_anchor0624_component_ablation_seed321_480k_gpu01/g1_p1_e1_v1_seed321_t480k/geoexplorer.pt,swissviewmonuments,25,6,14,0,0,True,0,"[14, 13, 12, 11, 6, 5, 6, 1, 0]","[""left"", ""left"", ""left"", ""up"", ""left"", ""right"", ""up"", ""left""]","[1.0, 1.0, 1.0, 1.0, 1.0, -1.0, 1.0, 1.0]",8,img025_d6_s14_g00_r0,6,2
GeoExplorer-anchor0624,/root/geoexplorer/results/checkpoint/algo_ablation_anchor0624_20260515/masa_plus_mmgag_anchor0624_component_ablation_seed321_480k_gpu01/g1_p1_e1_v1_seed321_t480k/geoexplorer.pt,swissviewmonuments,25,8,24,0,0,True,0,"[24, 19, 14, 13, 8, 7, 6, 5, 6, 1, 0]","[""up"", ""up"", ""left"", ""up"", ""left"", ""left"", ""left"", ""right"", ""up"", ""left""]","[1.0, 1.0, 1.0, 1.0, 1.0, 1.0, 1.0, -1.0, 1.0, 1.0]",10,img025_d8_s24_g00_r0,8,2
GeoExplorer-anchor0624,/root/geoexplorer/results/checkpoint/algo_ablation_anchor0624_20260515/masa_plus_mmgag_anchor0624_component_ablation_seed321_480k_gpu01/g1_p1_e1_v1_seed321_t480k/geoexplorer.pt,swissviewmonuments,26,4,15,1,1,True,0,"[15, 10, 5, 0, 1]","[""up"", ""up"", ""up"", ""right""]","[1.0, 1.0, 1.0, 1.0]",4,img026_d4_s15_g01_r0,4,0
GeoExplorer-anchor0624,/root/geoexplorer/results/checkpoint/algo_ablation_anchor0624_20260515/masa_plus_mmgag_anchor0624_component_ablation_seed321_480k_gpu01/g1_p1_e1_v1_seed321_t480k/geoexplorer.pt,swissviewmonuments,26,6,19,1,7,False,2,"[19, 14, 13, 12, 11, 6, 7, 6, 7, 6, 7]","[""up"", ""left"", ""left"", ""left"", ""up"", ""right"", ""left"", ""right"", ""left"", ""right""]","[1.0, 1.0, 1.0, 1.0, 1.0, -1.0, 1.0, -1.0, 1.0, -1.0]",10,img026_d6_s19_g01_r0,6,4
GeoExplorer-anchor0624,/root/geoexplorer/results/checkpoint/algo_ablation_anchor0624_20260515/masa_plus_mmgag_anchor0624_component_ablation_seed321_480k_gpu01/g1_p1_e1_v1_seed321_t480k/geoexplorer.pt,swissviewmonuments,27,4,10,2,8,False,2,"[10, 11, 12, 13, 8, 9, 4, 9, 8, 7, 8]","[""right"", ""right"", ""right"", ""up"", ""right"", ""up"", ""down"", ""left"", ""left"", ""right""]","[1.0, 1.0, -1.0, 1.0, -1.0, 1.0, -1.0, 1.0, 1.0, -1.0]",10,img027_d4_s10_g02_r0,4,6
GeoExplorer-anchor0624,/root/geoexplorer/results/checkpoint/algo_ablation_anchor0624_20260515/masa_plus_mmgag_anchor0624_component_ablation_seed321_480k_gpu01/g1_p1_e1_v1_seed321_t480k/geoexplorer.pt,swissviewmonuments,27,6,20,2,8,False,2,"[20, 15, 10, 11, 6, 7, 8, 9, 4, 9, 8]","[""up"", ""up"", ""right"", ""up"", ""right"", ""right"", ""right"", ""up"", ""down"", ""left""]","[1.0, 1.0, 1.0, 1.0, 1.0, -1.0, -1.0, 1.0, -1.0, 1.0]",10,img027_d6_s20_g02_r0,6,4
GeoExplorer-anchor0624,/root/geoexplorer/results/checkpoint/algo_ablation_anchor0624_20260515/masa_plus_mmgag_anchor0624_component_ablation_seed321_480k_gpu01/g1_p1_e1_v1_seed321_t480k/geoexplorer.pt,swissviewmonuments,28,4,11,3,23,False,4,"[11, 12, 13, 18, 23, 24, 19, 24, 23, 22, 23]","[""right"", ""right"", ""down"", ""down"", ""right"", ""up"", ""down"", ""left"", ""left"", ""right""]","[1.0, 1.0, -1.0, -1.0, -1.0, 1.0, -1.0, 1.0, -1.0, 1.0]",10,img028_d4_s11_g03_r0,4,6
GeoExplorer-anchor0624,/root/geoexplorer/results/checkpoint/algo_ablation_anchor0624_20260515/masa_plus_mmgag_anchor0624_component_ablation_seed321_480k_gpu01/g1_p1_e1_v1_seed321_t480k/geoexplorer.pt,swissviewmonuments,28,6,15,3,3,True,0,"[15, 10, 11, 12, 13, 8, 9, 4, 3]","[""up"", ""right"", ""right"", ""right"", ""up"", ""right"", ""up"", ""left""]","[1.0, 1.0, 1.0, 1.0, 1.0, -1.0, 1.0, 1.0]",8,img028_d6_s15_g03_r0,6,2
GeoExplorer-anchor0624,/root/geoexplorer/results/checkpoint/algo_ablation_anchor0624_20260515/masa_plus_mmgag_anchor0624_component_ablation_seed321_480k_gpu01/g1_p1_e1_v1_seed321_t480k/geoexplorer.pt,swissviewmonuments,29,4,24,4,2,False,2,"[24, 19, 14, 9, 8, 7, 6, 5, 0, 1, 2]","[""up"", ""up"", ""up"", ""left"", ""left"", ""left"", ""left"", ""up"", ""right"", ""right""]","[1.0, 1.0, 1.0, -1.0, -1.0, -1.0, -1.0, 1.0, 1.0, 1.0]",10,img029_d4_s24_g04_r0,4,6
GeoExplorer-anchor0624,/root/geoexplorer/results/checkpoint/algo_ablation_anchor0624_20260515/masa_plus_mmgag_anchor0624_component_ablation_seed321_480k_gpu01/g1_p1_e1_v1_seed321_t480k/geoexplorer.pt,swissviewmonuments,29,6,22,4,4,True,0,"[22, 17, 12, 7, 8, 3, 4]","[""up"", ""up"", ""up"", ""right"", ""up"", ""right""]","[1.0, 1.0, 1.0, 1.0, 1.0, 1.0]",6,img029_d6_s22_g04_r0,6,0
GeoExplorer-anchor0624,/root/geoexplorer/results/checkpoint/algo_ablation_anchor0624_20260515/masa_plus_mmgag_anchor0624_component_ablation_seed321_480k_gpu01/g1_p1_e1_v1_seed321_t480k/geoexplorer.pt,swissviewmonuments,29,8,20,4,4,True,0,"[20, 21, 22, 17, 12, 13, 8, 3, 4]","[""right"", ""right"", ""up"", ""up"", ""right"", ""up"", ""up"", ""right""]","[1.0, 1.0, 1.0, 1.0, 1.0, 1.0, 1.0, 1.0]",8,img029_d8_s20_g04_r0,8,0
GeoExplorer-anchor0624,/root/geoexplorer/results/checkpoint/algo_ablation_anchor0624_20260515/masa_plus_mmgag_anchor0624_component_ablation_seed321_480k_gpu01/g1_p1_e1_v1_seed321_t480k/geoexplorer.pt,swissviewmonuments,30,4,17,5,19,False,6,"[17, 16, 11, 12, 13, 14, 19, 24, 19, 24, 19]","[""left"", ""up"", ""right"", ""right"", ""right"", ""down"", ""down"", ""up"", ""down"", ""up""]","[1.0, 1.0, -1.0, -1.0, -1.0, -1.0, -1.0, 1.0, -1.0, 1.0]",10,img030_d4_s17_g05_r0,4,6
GeoExplorer-anchor0624,/root/geoexplorer/results/checkpoint/algo_ablation_anchor0624_20260515/masa_plus_mmgag_anchor0624_component_ablation_seed321_480k_gpu01/g1_p1_e1_v1_seed321_t480k/geoexplorer.pt,swissviewmonuments,30,6,19,5,11,False,2,"[19, 14, 13, 12, 11, 10, 15, 10, 11, 10, 11]","[""up"", ""left"", ""left"", ""left"", ""left"", ""down"", ""up"", ""right"", ""left"", ""right""]","[1.0, 1.0, 1.0, 1.0, 1.0, -1.0, 1.0, -1.0, 1.0, -1.0]",10,img030_d6_s19_g05_r0,6,4
GeoExplorer-anchor0624,/root/geoexplorer/results/checkpoint/algo_ablation_anchor0624_20260515/masa_plus_mmgag_anchor0624_component_ablation_seed321_480k_gpu01/g1_p1_e1_v1_seed321_t480k/geoexplorer.pt,swissviewmonuments,31,4,20,6,8,False,2,"[20, 15, 16, 17, 18, 13, 14, 9, 8, 9, 8]","[""up"", ""right"", ""right"", ""right"", ""up"", ""right"", ""up"", ""left"", ""right"", ""left""]","[1.0, 1.0, -1.0, -1.0, 1.0, -1.0, 1.0, 1.0, -1.0, 1.0]",10,img031_d4_s20_g06_r0,4,6
GeoExplorer-anchor0624,/root/geoexplorer/results/checkpoint/algo_ablation_anchor0624_20260515/masa_plus_mmgag_anchor0624_component_ablation_seed321_480k_gpu01/g1_p1_e1_v1_seed321_t480k/geoexplorer.pt,swissviewmonuments,31,6,24,6,6,True,0,"[24, 19, 14, 13, 12, 11, 10, 5, 0, 1, 6]","[""up"", ""up"", ""left"", ""left"", ""left"", ""left"", ""up"", ""up"", ""right"", ""down""]","[1.0, 1.0, 1.0, 1.0, 1.0, -1.0, 1.0, -1.0, 1.0, 1.0]",10,img031_d6_s24_g06_r0,6,4
GeoExplorer-anchor0624,/root/geoexplorer/results/checkpoint/algo_ablation_anchor0624_20260515/masa_plus_mmgag_anchor0624_component_ablation_seed321_480k_gpu01/g1_p1_e1_v1_seed321_t480k/geoexplorer.pt,swissviewmonuments,32,4,23,7,5,False,2,"[23, 18, 13, 12, 11, 10, 5, 6, 1, 6, 5]","[""up"", ""up"", ""left"", ""left"", ""left"", ""up"", ""right"", ""up"", ""down"", ""left""]","[1.0, 1.0, 1.0, -1.0, -1.0, 1.0, 1.0, -1.0, 1.0, -1.0]",10,img032_d4_s23_g07_r0,4,6
GeoExplorer-anchor0624,/root/geoexplorer/results/checkpoint/algo_ablation_anchor0624_20260515/masa_plus_mmgag_anchor0624_component_ablation_seed321_480k_gpu01/g1_p1_e1_v1_seed321_t480k/geoexplorer.pt,swissviewmonuments,33,4,0,8,24,False,4,"[0, 5, 10, 11, 16, 17, 18, 19, 24, 23, 24]","[""down"", ""down"", ""right"", ""down"", ""right"", ""right"", ""right"", ""down"", ""left"", ""right""]","[1.0, -1.0, 1.0, -1.0, 1.0, 1.0, -1.0, -1.0, 1.0, -1.0]",10,img033_d4_s00_g08_r0,4,6
GeoExplorer-anchor0624,/root/geoexplorer/results/checkpoint/algo_ablation_anchor0624_20260515/masa_plus_mmgag_anchor0624_component_ablation_seed321_480k_gpu01/g1_p1_e1_v1_seed321_t480k/geoexplorer.pt,swissviewmonuments,33,6,20,8,4,False,2,"[20, 15, 16, 11, 12, 13, 14, 9, 4, 9, 4]","[""up"", ""right"", ""up"", ""right"", ""right"", ""right"", ""up"", ""up"", ""down"", ""up""]","[1.0, 1.0, 1.0, 1.0, 1.0, -1.0, 1.0, -1.0, 1.0, -1.0]",10,img033_d6_s20_g08_r0,6,4
GeoExplorer-anchor0624,/root/geoexplorer/results/checkpoint/algo_ablation_anchor0624_20260515/masa_plus_mmgag_anchor0624_component_ablation_seed321_480k_gpu01/g1_p1_e1_v1_seed321_t480k/geoexplorer.pt,swissviewmonuments,34,4,23,9,7,False,2,"[23, 18, 13, 8, 7, 8, 7, 8, 7, 8, 7]","[""up"", ""up"", ""up"", ""left"", ""right"", ""left"", ""right"", ""left"", ""right"", ""left""]","[1.0, 1.0, 1.0, -1.0, 1.0, -1.0, 1.0, -1.0, 1.0, -1.0]",10,img034_d4_s23_g09_r0,4,6
GeoExplorer-anchor0624,/root/geoexplorer/results/checkpoint/algo_ablation_anchor0624_20260515/masa_plus_mmgag_anchor0624_component_ablation_seed321_480k_gpu01/g1_p1_e1_v1_seed321_t480k/geoexplorer.pt,swissviewmonuments,34,6,15,9,9,True,0,"[15, 16, 17, 18, 13, 8, 3, 4, 9]","[""right"", ""right"", ""right"", ""up"", ""up"", ""up"", ""right"", ""down""]","[1.0, 1.0, 1.0, 1.0, 1.0, -1.0, 1.0, 1.0]",8,img034_d6_s15_g09_r0,6,2
GeoExplorer-anchor0624,/root/geoexplorer/results/checkpoint/algo_ablation_anchor0624_20260515/masa_plus_mmgag_anchor0624_component_ablation_seed321_480k_gpu01/g1_p1_e1_v1_seed321_t480k/geoexplorer.pt,swissviewmonuments,35,4,2,10,24,False,6,"[2, 7, 12, 17, 22, 23, 24, 19, 24, 19, 24]","[""down"", ""down"", ""down"", ""down"", ""right"", ""right"", ""up"", ""down"", ""up"", ""down""]","[1.0, 1.0, -1.0, -1.0, -1.0, -1.0, 1.0, -1.0, 1.0, -1.0]",10,img035_d4_s02_g10_r0,4,6
GeoExplorer-anchor0624,/root/geoexplorer/results/checkpoint/algo_ablation_anchor0624_20260515/masa_plus_mmgag_anchor0624_component_ablation_seed321_480k_gpu01/g1_p1_e1_v1_seed321_t480k/geoexplorer.pt,swissviewmonuments,35,6,4,10,20,False,2,"[4, 9, 8, 13, 12, 11, 16, 21, 20, 15, 20]","[""down"", ""left"", ""down"", ""left"", ""left"", ""down"", ""down"", ""left"", ""up"", ""down""]","[1.0, 1.0, 1.0, 1.0, 1.0, -1.0, -1.0, 1.0, 1.0, -1.0]",10,img035_d6_s04_g10_r0,6,4
GeoExplorer-anchor0624,/root/geoexplorer/results/checkpoint/algo_ablation_anchor0624_20260515/masa_plus_mmgag_anchor0624_component_ablation_seed321_480k_gpu01/g1_p1_e1_v1_seed321_t480k/geoexplorer.pt,swissviewmonuments,36,4,19,11,23,False,4,"[19, 24, 23, 22, 21, 16, 21, 16, 21, 22, 23]","[""down"", ""left"", ""left"", ""left"", ""up"", ""down"", ""up"", ""down"", ""right"", ""right""]","[-1.0, 1.0, 1.0, 1.0, 1.0, -1.0, 1.0, -1.0, -1.0, -1.0]",10,img036_d4_s19_g11_r0,4,6
GeoExplorer-anchor0624,/root/geoexplorer/results/checkpoint/algo_ablation_anchor0624_20260515/masa_plus_mmgag_anchor0624_component_ablation_seed321_480k_gpu01/g1_p1_e1_v1_seed321_t480k/geoexplorer.pt,swissviewmonuments,37,4,24,12,12,True,0,"[24, 19, 18, 13, 12]","[""up"", ""left"", ""up"", ""left""]","[1.0, 1.0, 1.0, 1.0]",4,img037_d4_s24_g12_r0,4,0
GeoExplorer-anchor0624,/root/geoexplorer/results/checkpoint/algo_ablation_anchor0624_20260515/masa_plus_mmgag_anchor0624_component_ablation_seed321_480k_gpu01/g1_p1_e1_v1_seed321_t480k/geoexplorer.pt,swissviewmonuments,38,4,5,13,23,False,2,"[5, 6, 11, 16, 17, 18, 19, 24, 19, 24, 23]","[""right"", ""down"", ""down"", ""right"", ""right"", ""right"", ""down"", ""up"", ""down"", ""left""]","[1.0, 1.0, -1.0, 1.0, 1.0, -1.0, -1.0, 1.0, -1.0, 1.0]",10,img038_d4_s05_g13_r0,4,6
GeoExplorer-anchor0624,/root/geoexplorer/results/checkpoint/algo_ablation_anchor0624_20260515/masa_plus_mmgag_anchor0624_component_ablation_seed321_480k_gpu01/g1_p1_e1_v1_seed321_t480k/geoexplorer.pt,swissviewmonuments,39,4,6,14,24,False,2,"[6, 11, 16, 21, 22, 23, 24, 19, 24, 23, 24]","[""down"", ""down"", ""down"", ""right"", ""right"", ""right"", ""up"", ""down"", ""left"", ""right""]","[1.0, -1.0, -1.0, 1.0, 1.0, 1.0, 1.0, -1.0, -1.0, 1.0]",10,img039_d4_s06_g14_r0,4,6
GeoExplorer-anchor0624,/root/geoexplorer/results/checkpoint/algo_ablation_anchor0624_20260515/masa_plus_mmgag_anchor0624_component_ablation_seed321_480k_gpu01/g1_p1_e1_v1_seed321_t480k/geoexplorer.pt,swissviewmonuments,39,6,20,14,14,True,0,"[20, 21, 16, 17, 12, 7, 8, 9, 14]","[""right"", ""up"", ""right"", ""up"", ""up"", ""right"", ""right"", ""down""]","[1.0, 1.0, 1.0, 1.0, -1.0, 1.0, 1.0, 1.0]",8,img039_d6_s20_g14_r0,6,2
GeoExplorer-anchor0624,/root/geoexplorer/results/checkpoint/algo_ablation_anchor0624_20260515/masa_plus_mmgag_anchor0624_component_ablation_seed321_480k_gpu01/g1_p1_e1_v1_seed321_t480k/geoexplorer.pt,swissviewmonuments,40,4,23,15,5,False,2,"[23, 18, 13, 8, 3, 2, 1, 0, 5, 0, 5]","[""up"", ""up"", ""up"", ""up"", ""left"", ""left"", ""left"", ""down"", ""up"", ""down""]","[1.0, -1.0, -1.0, -1.0, 1.0, 1.0, 1.0, 1.0, -1.0, 1.0]",10,img040_d4_s23_g15_r0,4,6
GeoExplorer-anchor0624,/root/geoexplorer/results/checkpoint/algo_ablation_anchor0624_20260515/masa_plus_mmgag_anchor0624_component_ablation_seed321_480k_gpu01/g1_p1_e1_v1_seed321_t480k/geoexplorer.pt,swissviewmonuments,40,6,9,15,21,False,2,"[9, 14, 13, 12, 17, 22, 21, 20, 21, 20, 21]","[""down"", ""left"", ""left"", ""down"", ""down"", ""left"", ""left"", ""right"", ""left"", ""right""]","[1.0, 1.0, 1.0, 1.0, -1.0, 1.0, 1.0, -1.0, 1.0, -1.0]",10,img040_d6_s09_g15_r0,6,4
GeoExplorer-anchor0624,/root/geoexplorer/results/checkpoint/algo_ablation_anchor0624_20260515/masa_plus_mmgag_anchor0624_component_ablation_seed321_480k_gpu01/g1_p1_e1_v1_seed321_t480k/geoexplorer.pt,swissviewmonuments,41,4,14,16,16,True,0,"[14, 13, 18, 17, 16]","[""left"", ""down"", ""left"", ""left""]","[1.0, 1.0, 1.0, 1.0]",4,img041_d4_s14_g16_r0,4,0
GeoExplorer-anchor0624,/root/geoexplorer/results/checkpoint/algo_ablation_anchor0624_20260515/masa_plus_mmgag_anchor0624_component_ablation_seed321_480k_gpu01/g1_p1_e1_v1_seed321_t480k/geoexplorer.pt,swissviewmonuments,41,6,4,16,16,True,0,"[4, 9, 14, 13, 12, 17, 16]","[""down"", ""down"", ""left"", ""left"", ""down"", ""left""]","[1.0, 1.0, 1.0, 1.0, 1.0, 1.0]",6,img041_d6_s04_g16_r0,6,0
GeoExplorer-anchor0624,/root/geoexplorer/results/checkpoint/algo_ablation_anchor0624_20260515/masa_plus_mmgag_anchor0624_component_ablation_seed321_480k_gpu01/g1_p1_e1_v1_seed321_t480k/geoexplorer.pt,swissviewmonuments,42,4,5,17,23,False,2,"[5, 10, 15, 20, 21, 22, 23, 24, 23, 24, 23]","[""down"", ""down"", ""down"", ""right"", ""right"", ""right"", ""right"", ""left"", ""right"", ""left""]","[1.0, 1.0, -1.0, 1.0, 1.0, -1.0, -1.0, 1.0, -1.0, 1.0]",10,img042_d4_s05_g17_r0,4,6
GeoExplorer-anchor0624,/root/geoexplorer/results/checkpoint/algo_ablation_anchor0624_20260515/masa_plus_mmgag_anchor0624_component_ablation_seed321_480k_gpu01/g1_p1_e1_v1_seed321_t480k/geoexplorer.pt,swissviewmonuments,43,4,4,18,18,True,0,"[4, 9, 14, 19, 18]","[""down"", ""down"", ""down"", ""left""]","[1.0, 1.0, 1.0, 1.0]",4,img043_d4_s04_g18_r0,4,0
GeoExplorer-anchor0624,/root/geoexplorer/results/checkpoint/algo_ablation_anchor0624_20260515/masa_plus_mmgag_anchor0624_component_ablation_seed321_480k_gpu01/g1_p1_e1_v1_seed321_t480k/geoexplorer.pt,swissviewmonuments,43,6,0,18,24,False,2,"[0, 5, 10, 11, 16, 21, 22, 23, 24, 19, 24]","[""down"", ""down"", ""right"", ""down"", ""down"", ""right"", ""right"", ""right"", ""up"", ""down""]","[1.0, 1.0, 1.0, 1.0, -1.0, 1.0, 1.0, -1.0, 1.0, -1.0]",10,img043_d6_s00_g18_r0,6,4
GeoExplorer-anchor0624,/root/geoexplorer/results/checkpoint/algo_ablation_anchor0624_20260515/masa_plus_mmgag_anchor0624_component_ablation_seed321_480k_gpu01/g1_p1_e1_v1_seed321_t480k/geoexplorer.pt,swissviewmonuments,44,4,7,19,19,True,0,"[7, 8, 13, 18, 23, 24, 23, 24, 19]","[""right"", ""down"", ""down"", ""down"", ""right"", ""left"", ""right"", ""up""]","[1.0, 1.0, 1.0, -1.0, 1.0, -1.0, 1.0, 1.0]",8,img044_d4_s07_g19_r0,4,4
GeoExplorer-anchor0624,/root/geoexplorer/results/checkpoint/algo_ablation_anchor0624_20260515/masa_plus_mmgag_anchor0624_component_ablation_seed321_480k_gpu01/g1_p1_e1_v1_seed321_t480k/geoexplorer.pt,swissviewmonuments,44,6,1,19,19,True,0,"[1, 6, 11, 12, 17, 22, 23, 24, 19]","[""down"", ""down"", ""right"", ""down"", ""down"", ""right"", ""right"", ""up""]","[1.0, 1.0, 1.0, 1.0, -1.0, 1.0, 1.0, 1.0]",8,img044_d6_s01_g19_r0,6,2
GeoExplorer-anchor0624,/root/geoexplorer/results/checkpoint/algo_ablation_anchor0624_20260515/masa_plus_mmgag_anchor0624_component_ablation_seed321_480k_gpu01/g1_p1_e1_v1_seed321_t480k/geoexplorer.pt,swissviewmonuments,45,4,6,20,24,False,4,"[6, 7, 8, 13, 18, 23, 24, 23, 24, 19, 24]","[""right"", ""right"", ""down"", ""down"", ""down"", ""right"", ""left"", ""right"", ""up"", ""down""]","[-1.0, -1.0, 1.0, 1.0, 1.0, -1.0, 1.0, -1.0, -1.0, 1.0]",10,img045_d4_s06_g20_r0,4,6
GeoExplorer-anchor0624,/root/geoexplorer/results/checkpoint/algo_ablation_anchor0624_20260515/masa_plus_mmgag_anchor0624_component_ablation_seed321_480k_gpu01/g1_p1_e1_v1_seed321_t480k/geoexplorer.pt,swissviewmonuments,45,6,8,20,24,False,4,"[8, 7, 6, 11, 16, 21, 22, 23, 24, 19, 24]","[""left"", ""left"", ""down"", ""down"", ""down"", ""right"", ""right"", ""right"", ""up"", ""down""]","[1.0, 1.0, 1.0, 1.0, 1.0, -1.0, -1.0, -1.0, -1.0, 1.0]",10,img045_d6_s08_g20_r0,6,4
GeoExplorer-anchor0624,/root/geoexplorer/results/checkpoint/algo_ablation_anchor0624_20260515/masa_plus_mmgag_anchor0624_component_ablation_seed321_480k_gpu01/g1_p1_e1_v1_seed321_t480k/geoexplorer.pt,swissviewmonuments,45,8,4,20,20,True,0,"[4, 9, 14, 13, 18, 17, 16, 15, 20]","[""down"", ""down"", ""left"", ""down"", ""left"", ""left"", ""left"", ""down""]","[1.0, 1.0, 1.0, 1.0, 1.0, 1.0, 1.0, 1.0]",8,img045_d8_s04_g20_r0,8,0
GeoExplorer-anchor0624,/root/geoexplorer/results/checkpoint/algo_ablation_anchor0624_20260515/masa_plus_mmgag_anchor0624_component_ablation_seed321_480k_gpu01/g1_p1_e1_v1_seed321_t480k/geoexplorer.pt,swissviewmonuments,46,4,7,21,17,False,2,"[7, 8, 13, 18, 23, 24, 19, 24, 19, 18, 17]","[""right"", ""down"", ""down"", ""down"", ""right"", ""up"", ""down"", ""up"", ""left"", ""left""]","[-1.0, 1.0, 1.0, 1.0, -1.0, -1.0, 1.0, -1.0, 1.0, 1.0]",10,img046_d4_s07_g21_r0,4,6
GeoExplorer-anchor0624,/root/geoexplorer/results/checkpoint/algo_ablation_anchor0624_20260515/masa_plus_mmgag_anchor0624_component_ablation_seed321_480k_gpu01/g1_p1_e1_v1_seed321_t480k/geoexplorer.pt,swissviewmonuments,46,6,9,21,15,False,2,"[9, 8, 13, 12, 17, 16, 15, 20, 15, 20, 15]","[""left"", ""down"", ""left"", ""down"", ""left"", ""left"", ""down"", ""up"", ""down"", ""up""]","[1.0, 1.0, 1.0, 1.0, 1.0, -1.0, 1.0, -1.0, 1.0, -1.0]",10,img046_d6_s09_g21_r0,6,4
GeoExplorer-anchor0624,/root/geoexplorer/results/checkpoint/algo_ablation_anchor0624_20260515/masa_plus_mmgag_anchor0624_component_ablation_seed321_480k_gpu01/g1_p1_e1_v1_seed321_t480k/geoexplorer.pt,swissviewmonuments,47,4,8,22,22,True,0,"[8, 13, 18, 23, 22]","[""down"", ""down"", ""down"", ""left""]","[1.0, 1.0, 1.0, 1.0]",4,img047_d4_s08_g22_r0,4,0
GeoExplorer-anchor0624,/root/geoexplorer/results/checkpoint/algo_ablation_anchor0624_20260515/masa_plus_mmgag_anchor0624_component_ablation_seed321_480k_gpu01/g1_p1_e1_v1_seed321_t480k/geoexplorer.pt,swissviewmonuments,47,6,0,22,24,False,2,"[0, 1, 6, 7, 8, 13, 18, 23, 24, 23, 24]","[""right"", ""down"", ""right"", ""right"", ""down"", ""down"", ""down"", ""right"", ""left"", ""right""]","[1.0, 1.0, 1.0, -1.0, 1.0, 1.0, 1.0, -1.0, 1.0, -1.0]",10,img047_d6_s00_g22_r0,6,4
GeoExplorer-anchor0624,/root/geoexplorer/results/checkpoint/algo_ablation_anchor0624_20260515/masa_plus_mmgag_anchor0624_component_ablation_seed321_480k_gpu01/g1_p1_e1_v1_seed321_t480k/geoexplorer.pt,swissviewmonuments,48,4,9,23,15,False,4,"[9, 14, 13, 12, 11, 16, 21, 20, 21, 20, 15]","[""down"", ""left"", ""left"", ""left"", ""down"", ""down"", ""left"", ""right"", ""left"", ""up""]","[1.0, 1.0, -1.0, -1.0, 1.0, 1.0, -1.0, 1.0, -1.0, -1.0]",10,img048_d4_s09_g23_r0,4,6
GeoExplorer-anchor0624,/root/geoexplorer/results/checkpoint/algo_ablation_anchor0624_20260515/masa_plus_mmgag_anchor0624_component_ablation_seed321_480k_gpu01/g1_p1_e1_v1_seed321_t480k/geoexplorer.pt,swissviewmonuments,48,6,1,23,23,True,0,"[1, 2, 7, 8, 13, 18, 23]","[""right"", ""down"", ""right"", ""down"", ""down"", ""down""]","[1.0, 1.0, 1.0, 1.0, 1.0, 1.0]",6,img048_d6_s01_g23_r0,6,0
GeoExplorer-anchor0624,/root/geoexplorer/results/checkpoint/algo_ablation_anchor0624_20260515/masa_plus_mmgag_anchor0624_component_ablation_seed321_480k_gpu01/g1_p1_e1_v1_seed321_t480k/geoexplorer.pt,swissviewmonuments,49,4,12,24,24,True,0,"[12, 13, 14, 19, 24]","[""right"", ""right"", ""down"", ""down""]","[1.0, 1.0, 1.0, 1.0]",4,img049_d4_s12_g24_r0,4,0
GeoExplorer-anchor0624,/root/geoexplorer/results/checkpoint/algo_ablation_anchor0624_20260515/masa_plus_mmgag_anchor0624_component_ablation_seed321_480k_gpu01/g1_p1_e1_v1_seed321_t480k/geoexplorer.pt,swissviewmonuments,49,6,6,24,24,True,0,"[6, 7, 8, 13, 18, 23, 24]","[""right"", ""right"", ""down"", ""down"", ""down"", ""right""]","[1.0, 1.0, 1.0, 1.0, 1.0, 1.0]",6,img049_d6_s06_g24_r0,6,0
GeoExplorer-anchor0624,/root/geoexplorer/results/checkpoint/algo_ablation_anchor0624_20260515/masa_plus_mmgag_anchor0624_component_ablation_seed321_480k_gpu01/g1_p1_e1_v1_seed321_t480k/geoexplorer.pt,swissviewmonuments,49,8,0,24,24,True,0,"[0, 1, 6, 7, 8, 13, 18, 23, 24]","[""right"", ""down"", ""right"", ""right"", ""down"", ""down"", ""down"", ""right""]","[1.0, 1.0, 1.0, 1.0, 1.0, 1.0, 1.0, 1.0]",8,img049_d8_s00_g24_r0,8,0
GeoExplorer-anchor0624,/root/geoexplorer/results/checkpoint/algo_ablation_anchor0624_20260515/masa_plus_mmgag_anchor0624_component_ablation_seed321_480k_gpu01/g1_p1_e1_v1_seed321_t480k/geoexplorer.pt,swissviewmonuments,50,4,16,0,24,False,8,"[16, 17, 22, 23, 24, 19, 24, 19, 24, 19, 24]","[""right"", ""down"", ""right"", ""right"", ""up"", ""down"", ""up"", ""down"", ""up"", ""down""]","[-1.0, -1.0, -1.0, -1.0, 1.0, -1.0, 1.0, -1.0, 1.0, -1.0]",10,img050_d4_s16_g00_r0,4,6
GeoExplorer-anchor0624,/root/geoexplorer/results/checkpoint/algo_ablation_anchor0624_20260515/masa_plus_mmgag_anchor0624_component_ablation_seed321_480k_gpu01/g1_p1_e1_v1_seed321_t480k/geoexplorer.pt,swissviewmonuments,50,6,14,0,24,False,8,"[14, 13, 12, 11, 16, 21, 20, 21, 22, 23, 24]","[""left"", ""left"", ""left"", ""down"", ""down"", ""left"", ""right"", ""right"", ""right"", ""right""]","[1.0, 1.0, 1.0, -1.0, -1.0, 1.0, -1.0, -1.0, -1.0, -1.0]",10,img050_d6_s14_g00_r0,6,4
GeoExplorer-anchor0624,/root/geoexplorer/results/checkpoint/algo_ablation_anchor0624_20260515/masa_plus_mmgag_anchor0624_component_ablation_seed321_480k_gpu01/g1_p1_e1_v1_seed321_t480k/geoexplorer.pt,swissviewmonuments,50,8,24,0,0,True,0,"[24, 19, 14, 13, 12, 11, 6, 5, 0]","[""up"", ""up"", ""left"", ""left"", ""left"", ""up"", ""left"", ""up""]","[1.0, 1.0, 1.0, 1.0, 1.0, 1.0, 1.0, 1.0]",8,img050_d8_s24_g00_r0,8,0
GeoExplorer-anchor0624,/root/geoexplorer/results/checkpoint/algo_ablation_anchor0624_20260515/masa_plus_mmgag_anchor0624_component_ablation_seed321_480k_gpu01/g1_p1_e1_v1_seed321_t480k/geoexplorer.pt,swissviewmonuments,51,4,17,1,23,False,6,"[17, 18, 23, 24, 19, 24, 19, 24, 19, 18, 23]","[""right"", ""down"", ""right"", ""up"", ""down"", ""up"", ""down"", ""up"", ""left"", ""down""]","[-1.0, -1.0, -1.0, 1.0, -1.0, 1.0, -1.0, 1.0, 1.0, -1.0]",10,img051_d4_s17_g01_r0,4,6
GeoExplorer-anchor0624,/root/geoexplorer/results/checkpoint/algo_ablation_anchor0624_20260515/masa_plus_mmgag_anchor0624_component_ablation_seed321_480k_gpu01/g1_p1_e1_v1_seed321_t480k/geoexplorer.pt,swissviewmonuments,51,6,19,1,21,False,4,"[19, 24, 23, 22, 21, 16, 21, 20, 15, 20, 21]","[""down"", ""left"", ""left"", ""left"", ""up"", ""down"", ""left"", ""up"", ""down"", ""right""]","[-1.0, 1.0, 1.0, 1.0, 1.0, -1.0, -1.0, 1.0, -1.0, 1.0]",10,img051_d6_s19_g01_r0,6,4
GeoExplorer-anchor0624,/root/geoexplorer/results/checkpoint/algo_ablation_anchor0624_20260515/masa_plus_mmgag_anchor0624_component_ablation_seed321_480k_gpu01/g1_p1_e1_v1_seed321_t480k/geoexplorer.pt,swissviewmonuments,52,4,14,2,22,False,4,"[14, 13, 12, 17, 16, 21, 20, 15, 20, 21, 22]","[""left"", ""left"", ""down"", ""left"", ""down"", ""left"", ""up"", ""down"", ""right"", ""right""]","[1.0, 1.0, -1.0, -1.0, -1.0, -1.0, 1.0, -1.0, 1.0, 1.0]",10,img052_d4_s14_g02_r0,4,6
GeoExplorer-anchor0624,/root/geoexplorer/results/checkpoint/algo_ablation_anchor0624_20260515/masa_plus_mmgag_anchor0624_component_ablation_seed321_480k_gpu01/g1_p1_e1_v1_seed321_t480k/geoexplorer.pt,swissviewmonuments,52,6,24,2,8,False,2,"[24, 19, 14, 13, 14, 13, 14, 13, 14, 9, 8]","[""up"", ""up"", ""left"", ""right"", ""left"", ""right"", ""left"", ""right"", ""up"", ""left""]","[1.0, 1.0, 1.0, -1.0, 1.0, -1.0, 1.0, -1.0, 1.0, 1.0]",10,img052_d6_s24_g02_r0,6,4
GeoExplorer-anchor0624,/root/geoexplorer/results/checkpoint/algo_ablation_anchor0624_20260515/masa_plus_mmgag_anchor0624_component_ablation_seed321_480k_gpu01/g1_p1_e1_v1_seed321_t480k/geoexplorer.pt,swissviewmonuments,53,4,23,3,1,False,2,"[23, 18, 17, 16, 11, 6, 1, 0, 5, 0, 1]","[""up"", ""left"", ""left"", ""up"", ""up"", ""up"", ""left"", ""down"", ""up"", ""right""]","[1.0, -1.0, -1.0, 1.0, 1.0, 1.0, -1.0, -1.0, 1.0, 1.0]",10,img053_d4_s23_g03_r0,4,6
GeoExplorer-anchor0624,/root/geoexplorer/results/checkpoint/algo_ablation_anchor0624_20260515/masa_plus_mmgag_anchor0624_component_ablation_seed321_480k_gpu01/g1_p1_e1_v1_seed321_t480k/geoexplorer.pt,swissviewmonuments,53,6,15,3,19,False,4,"[15, 16, 17, 18, 13, 14, 19, 24, 19, 24, 19]","[""right"", ""right"", ""right"", ""up"", ""right"", ""down"", ""down"", ""up"", ""down"", ""up""]","[1.0, 1.0, 1.0, 1.0, -1.0, -1.0, -1.0, 1.0, -1.0, 1.0]",10,img053_d6_s15_g03_r0,6,4
GeoExplorer-anchor0624,/root/geoexplorer/results/checkpoint/algo_ablation_anchor0624_20260515/masa_plus_mmgag_anchor0624_component_ablation_seed321_480k_gpu01/g1_p1_e1_v1_seed321_t480k/geoexplorer.pt,swissviewmonuments,54,4,12,4,18,False,4,"[12, 13, 14, 19, 24, 19, 24, 23, 24, 19, 18]","[""right"", ""right"", ""down"", ""down"", ""up"", ""down"", ""left"", ""right"", ""up"", ""left""]","[1.0, 1.0, -1.0, -1.0, 1.0, -1.0, -1.0, 1.0, 1.0, -1.0]",10,img054_d4_s12_g04_r0,4,6
GeoExplorer-anchor0624,/root/geoexplorer/results/checkpoint/algo_ablation_anchor0624_20260515/masa_plus_mmgag_anchor0624_component_ablation_seed321_480k_gpu01/g1_p1_e1_v1_seed321_t480k/geoexplorer.pt,swissviewmonuments,54,6,10,4,24,False,4,"[10, 11, 12, 13, 14, 19, 24, 19, 24, 19, 24]","[""right"", ""right"", ""right"", ""right"", ""down"", ""down"", ""up"", ""down"", ""up"", ""down""]","[1.0, 1.0, 1.0, 1.0, -1.0, -1.0, 1.0, -1.0, 1.0, -1.0]",10,img054_d6_s10_g04_r0,6,4
GeoExplorer-anchor0624,/root/geoexplorer/results/checkpoint/algo_ablation_anchor0624_20260515/masa_plus_mmgag_anchor0624_component_ablation_seed321_480k_gpu01/g1_p1_e1_v1_seed321_t480k/geoexplorer.pt,swissviewmonuments,54,8,20,4,24,False,4,"[20, 21, 22, 23, 18, 23, 24, 19, 24, 19, 24]","[""right"", ""right"", ""right"", ""up"", ""down"", ""right"", ""up"", ""down"", ""up"", ""down""]","[1.0, 1.0, 1.0, 1.0, -1.0, 1.0, 1.0, -1.0, 1.0, -1.0]",10,img054_d8_s20_g04_r0,8,2
GeoExplorer-anchor0624,/root/geoexplorer/results/checkpoint/algo_ablation_anchor0624_20260515/masa_plus_mmgag_anchor0624_component_ablation_seed321_480k_gpu01/g1_p1_e1_v1_seed321_t480k/geoexplorer.pt,swissviewmonuments,55,4,21,5,19,False,6,"[21, 22, 23, 24, 19, 24, 19, 24, 19, 24, 19]","[""right"", ""right"", ""right"", ""up"", ""down"", ""up"", ""down"", ""up"", ""down"", ""up""]","[-1.0, -1.0, -1.0, 1.0, -1.0, 1.0, -1.0, 1.0, -1.0, 1.0]",10,img055_d4_s21_g05_r0,4,6
GeoExplorer-anchor0624,/root/geoexplorer/results/checkpoint/algo_ablation_anchor0624_20260515/masa_plus_mmgag_anchor0624_component_ablation_seed321_480k_gpu01/g1_p1_e1_v1_seed321_t480k/geoexplorer.pt,swissviewmonuments,55,6,19,5,21,False,4,"[19, 24, 23, 22, 21, 20, 15, 20, 15, 20, 21]","[""down"", ""left"", ""left"", ""left"", ""left"", ""up"", ""down"", ""up"", ""down"", ""right""]","[-1.0, 1.0, 1.0, 1.0, 1.0, 1.0, -1.0, 1.0, -1.0, -1.0]",10,img055_d6_s19_g05_r0,6,4
GeoExplorer-anchor0624,/root/geoexplorer/results/checkpoint/algo_ablation_anchor0624_20260515/masa_plus_mmgag_anchor0624_component_ablation_seed321_480k_gpu01/g1_p1_e1_v1_seed321_t480k/geoexplorer.pt,swissviewmonuments,56,4,14,6,20,False,4,"[14, 13, 12, 11, 16, 21, 20, 15, 20, 15, 20]","[""left"", ""left"", ""left"", ""down"", ""down"", ""left"", ""up"", ""down"", ""up"", ""down""]","[1.0, 1.0, 1.0, -1.0, -1.0, -1.0, 1.0, -1.0, 1.0, -1.0]",10,img056_d4_s14_g06_r0,4,6
GeoExplorer-anchor0624,/root/geoexplorer/results/checkpoint/algo_ablation_anchor0624_20260515/masa_plus_mmgag_anchor0624_component_ablation_seed321_480k_gpu01/g1_p1_e1_v1_seed321_t480k/geoexplorer.pt,swissviewmonuments,56,6,24,6,6,True,0,"[24, 19, 18, 13, 12, 11, 6]","[""up"", ""left"", ""up"", ""left"", ""left"", ""up""]","[1.0, 1.0, 1.0, 1.0, 1.0, 1.0]",6,img056_d6_s24_g06_r0,6,0
GeoExplorer-anchor0624,/root/geoexplorer/results/checkpoint/algo_ablation_anchor0624_20260515/masa_plus_mmgag_anchor0624_component_ablation_seed321_480k_gpu01/g1_p1_e1_v1_seed321_t480k/geoexplorer.pt,swissviewmonuments,57,4,21,7,9,False,2,"[21, 22, 17, 12, 13, 8, 9, 4, 9, 4, 9]","[""right"", ""up"", ""up"", ""right"", ""up"", ""right"", ""up"", ""down"", ""up"", ""down""]","[1.0, 1.0, 1.0, -1.0, 1.0, -1.0, -1.0, 1.0, -1.0, 1.0]",10,img057_d4_s21_g07_r0,4,6
GeoExplorer-anchor0624,/root/geoexplorer/results/checkpoint/algo_ablation_anchor0624_20260515/masa_plus_mmgag_anchor0624_component_ablation_seed321_480k_gpu01/g1_p1_e1_v1_seed321_t480k/geoexplorer.pt,swissviewmonuments,58,4,16,8,8,True,0,"[16, 11, 12, 7, 8]","[""up"", ""right"", ""up"", ""right""]","[1.0, 1.0, 1.0, 1.0]",4,img058_d4_s16_g08_r0,4,0
GeoExplorer-anchor0624,/root/geoexplorer/results/checkpoint/algo_ablation_anchor0624_20260515/masa_plus_mmgag_anchor0624_component_ablation_seed321_480k_gpu01/g1_p1_e1_v1_seed321_t480k/geoexplorer.pt,swissviewmonuments,58,6,20,8,8,True,0,"[20, 21, 16, 11, 6, 7, 8]","[""right"", ""up"", ""up"", ""up"", ""right"", ""right""]","[1.0, 1.0, 1.0, 1.0, 1.0, 1.0]",6,img058_d6_s20_g08_r0,6,0
GeoExplorer-anchor0624,/root/geoexplorer/results/checkpoint/algo_ablation_anchor0624_20260515/masa_plus_mmgag_anchor0624_component_ablation_seed321_480k_gpu01/g1_p1_e1_v1_seed321_t480k/geoexplorer.pt,swissviewmonuments,59,4,5,9,9,True,0,"[5, 6, 7, 8, 9]","[""right"", ""right"", ""right"", ""right""]","[1.0, 1.0, 1.0, 1.0]",4,img059_d4_s05_g09_r0,4,0
GeoExplorer-anchor0624,/root/geoexplorer/results/checkpoint/algo_ablation_anchor0624_20260515/masa_plus_mmgag_anchor0624_component_ablation_seed321_480k_gpu01/g1_p1_e1_v1_seed321_t480k/geoexplorer.pt,swissviewmonuments,59,6,15,9,9,True,0,"[15, 16, 11, 12, 7, 8, 9]","[""right"", ""up"", ""right"", ""up"", ""right"", ""right""]","[1.0, 1.0, 1.0, 1.0, 1.0, 1.0]",6,img059_d6_s15_g09_r0,6,0
GeoExplorer-anchor0624,/root/geoexplorer/results/checkpoint/algo_ablation_anchor0624_20260515/masa_plus_mmgag_anchor0624_component_ablation_seed321_480k_gpu01/g1_p1_e1_v1_seed321_t480k/geoexplorer.pt,swissviewmonuments,60,4,8,10,18,False,4,"[8, 7, 6, 11, 16, 21, 22, 23, 22, 23, 18]","[""left"", ""left"", ""down"", ""down"", ""down"", ""right"", ""right"", ""left"", ""right"", ""up""]","[1.0, 1.0, 1.0, -1.0, -1.0, -1.0, -1.0, 1.0, -1.0, 1.0]",10,img060_d4_s08_g10_r0,4,6
GeoExplorer-anchor0624,/root/geoexplorer/results/checkpoint/algo_ablation_anchor0624_20260515/masa_plus_mmgag_anchor0624_component_ablation_seed321_480k_gpu01/g1_p1_e1_v1_seed321_t480k/geoexplorer.pt,swissviewmonuments,60,6,4,10,22,False,4,"[4, 3, 2, 1, 6, 11, 16, 21, 22, 23, 22]","[""left"", ""left"", ""left"", ""down"", ""down"", ""down"", ""down"", ""right"", ""right"", ""left""]","[1.0, 1.0, 1.0, 1.0, 1.0, -1.0, -1.0, -1.0, -1.0, 1.0]",10,img060_d6_s04_g10_r0,6,4
GeoExplorer-anchor0624,/root/geoexplorer/results/checkpoint/algo_ablation_anchor0624_20260515/masa_plus_mmgag_anchor0624_component_ablation_seed321_480k_gpu01/g1_p1_e1_v1_seed321_t480k/geoexplorer.pt,swissviewmonuments,61,4,9,11,11,True,0,"[9, 8, 7, 6, 11]","[""left"", ""left"", ""left"", ""down""]","[1.0, 1.0, 1.0, 1.0]",4,img061_d4_s09_g11_r0,4,0
GeoExplorer-anchor0624,/root/geoexplorer/results/checkpoint/algo_ablation_anchor0624_20260515/masa_plus_mmgag_anchor0624_component_ablation_seed321_480k_gpu01/g1_p1_e1_v1_seed321_t480k/geoexplorer.pt,swissviewmonuments,62,4,24,12,12,True,0,"[24, 23, 22, 17, 12]","[""left"", ""left"", ""up"", ""up""]","[1.0, 1.0, 1.0, 1.0]",4,img062_d4_s24_g12_r0,4,0
GeoExplorer-anchor0624,/root/geoexplorer/results/checkpoint/algo_ablation_anchor0624_20260515/masa_plus_mmgag_anchor0624_component_ablation_seed321_480k_gpu01/g1_p1_e1_v1_seed321_t480k/geoexplorer.pt,swissviewmonuments,63,4,5,13,13,True,0,"[5, 6, 7, 8, 13]","[""right"", ""right"", ""right"", ""down""]","[1.0, 1.0, 1.0, 1.0]",4,img063_d4_s05_g13_r0,4,0
GeoExplorer-anchor0624,/root/geoexplorer/results/checkpoint/algo_ablation_anchor0624_20260515/masa_plus_mmgag_anchor0624_component_ablation_seed321_480k_gpu01/g1_p1_e1_v1_seed321_t480k/geoexplorer.pt,swissviewmonuments,64,4,22,14,6,False,4,"[22, 17, 12, 7, 2, 1, 2, 1, 2, 1, 6]","[""up"", ""up"", ""up"", ""up"", ""left"", ""right"", ""left"", ""right"", ""left"", ""down""]","[1.0, 1.0, -1.0, -1.0, -1.0, 1.0, -1.0, 1.0, -1.0, 1.0]",10,img064_d4_s22_g14_r0,4,6
GeoExplorer-anchor0624,/root/geoexplorer/results/checkpoint/algo_ablation_anchor0624_20260515/masa_plus_mmgag_anchor0624_component_ablation_seed321_480k_gpu01/g1_p1_e1_v1_seed321_t480k/geoexplorer.pt,swissviewmonuments,64,6,0,14,24,False,2,"[0, 1, 2, 7, 12, 17, 22, 23, 24, 19, 24]","[""right"", ""right"", ""down"", ""down"", ""down"", ""down"", ""right"", ""right"", ""up"", ""down""]","[1.0, 1.0, 1.0, 1.0, -1.0, -1.0, 1.0, 1.0, 1.0, -1.0]",10,img064_d6_s00_g14_r0,6,4
GeoExplorer-anchor0624,/root/geoexplorer/results/checkpoint/algo_ablation_anchor0624_20260515/masa_plus_mmgag_anchor0624_component_ablation_seed321_480k_gpu01/g1_p1_e1_v1_seed321_t480k/geoexplorer.pt,swissviewmonuments,65,4,19,15,15,True,0,"[19, 18, 17, 16, 11, 6, 5, 10, 15]","[""left"", ""left"", ""left"", ""up"", ""up"", ""left"", ""down"", ""down""]","[1.0, 1.0, 1.0, -1.0, -1.0, 1.0, 1.0, 1.0]",8,img065_d4_s19_g15_r0,4,4
GeoExplorer-anchor0624,/root/geoexplorer/results/checkpoint/algo_ablation_anchor0624_20260515/masa_plus_mmgag_anchor0624_component_ablation_seed321_480k_gpu01/g1_p1_e1_v1_seed321_t480k/geoexplorer.pt,swissviewmonuments,65,6,3,15,23,False,4,"[3, 2, 1, 6, 11, 16, 21, 22, 21, 22, 23]","[""left"", ""left"", ""down"", ""down"", ""down"", ""down"", ""right"", ""left"", ""right"", ""right""]","[1.0, 1.0, 1.0, 1.0, 1.0, -1.0, -1.0, 1.0, -1.0, -1.0]",10,img065_d6_s03_g15_r0,6,4
GeoExplorer-anchor0624,/root/geoexplorer/results/checkpoint/algo_ablation_anchor0624_20260515/masa_plus_mmgag_anchor0624_component_ablation_seed321_480k_gpu01/g1_p1_e1_v1_seed321_t480k/geoexplorer.pt,swissviewmonuments,66,4,2,16,20,False,2,"[2, 3, 8, 13, 18, 23, 22, 21, 20, 15, 20]","[""right"", ""down"", ""down"", ""down"", ""down"", ""left"", ""left"", ""left"", ""up"", ""down""]","[-1.0, 1.0, 1.0, 1.0, -1.0, 1.0, 1.0, -1.0, 1.0, -1.0]",10,img066_d4_s02_g16_r0,4,6
GeoExplorer-anchor0624,/root/geoexplorer/results/checkpoint/algo_ablation_anchor0624_20260515/masa_plus_mmgag_anchor0624_component_ablation_seed321_480k_gpu01/g1_p1_e1_v1_seed321_t480k/geoexplorer.pt,swissviewmonuments,66,6,4,16,16,True,0,"[4, 3, 2, 1, 6, 11, 16]","[""left"", ""left"", ""left"", ""down"", ""down"", ""down""]","[1.0, 1.0, 1.0, 1.0, 1.0, 1.0]",6,img066_d6_s04_g16_r0,6,0
GeoExplorer-anchor0624,/root/geoexplorer/results/checkpoint/algo_ablation_anchor0624_20260515/masa_plus_mmgag_anchor0624_component_ablation_seed321_480k_gpu01/g1_p1_e1_v1_seed321_t480k/geoexplorer.pt,swissviewmonuments,67,4,3,17,15,False,2,"[3, 2, 1, 6, 11, 16, 21, 20, 15, 20, 15]","[""left"", ""left"", ""down"", ""down"", ""down"", ""down"", ""left"", ""up"", ""down"", ""up""]","[1.0, -1.0, 1.0, 1.0, 1.0, -1.0, -1.0, 1.0, -1.0, 1.0]",10,img067_d4_s03_g17_r0,4,6
GeoExplorer-anchor0624,/root/geoexplorer/results/checkpoint/algo_ablation_anchor0624_20260515/masa_plus_mmgag_anchor0624_component_ablation_seed321_480k_gpu01/g1_p1_e1_v1_seed321_t480k/geoexplorer.pt,swissviewmonuments,68,4,4,18,20,False,4,"[4, 3, 2, 7, 12, 11, 16, 15, 20, 15, 20]","[""left"", ""left"", ""down"", ""down"", ""left"", ""down"", ""left"", ""down"", ""up"", ""down""]","[1.0, -1.0, 1.0, 1.0, -1.0, 1.0, -1.0, -1.0, 1.0, -1.0]",10,img068_d4_s04_g18_r0,4,6
GeoExplorer-anchor0624,/root/geoexplorer/results/checkpoint/algo_ablation_anchor0624_20260515/masa_plus_mmgag_anchor0624_component_ablation_seed321_480k_gpu01/g1_p1_e1_v1_seed321_t480k/geoexplorer.pt,swissviewmonuments,68,6,0,18,18,True,0,"[0, 1, 6, 7, 12, 13, 18]","[""right"", ""down"", ""right"", ""down"", ""right"", ""down""]","[1.0, 1.0, 1.0, 1.0, 1.0, 1.0]",6,img068_d6_s00_g18_r0,6,0
GeoExplorer-anchor0624,/root/geoexplorer/results/checkpoint/algo_ablation_anchor0624_20260515/masa_plus_mmgag_anchor0624_component_ablation_seed321_480k_gpu01/g1_p1_e1_v1_seed321_t480k/geoexplorer.pt,swissviewmonuments,69,4,21,19,7,False,4,"[21, 16, 11, 12, 13, 14, 9, 8, 7, 8, 7]","[""up"", ""up"", ""right"", ""right"", ""right"", ""up"", ""left"", ""left"", ""right"", ""left""]","[1.0, -1.0, 1.0, 1.0, 1.0, -1.0, -1.0, -1.0, 1.0, -1.0]",10,img069_d4_s21_g19_r0,4,6
GeoExplorer-anchor0624,/root/geoexplorer/results/checkpoint/algo_ablation_anchor0624_20260515/masa_plus_mmgag_anchor0624_component_ablation_seed321_480k_gpu01/g1_p1_e1_v1_seed321_t480k/geoexplorer.pt,swissviewmonuments,69,6,1,19,19,True,0,"[1, 2, 7, 8, 13, 18, 23, 24, 23, 24, 19]","[""right"", ""down"", ""right"", ""down"", ""down"", ""down"", ""right"", ""left"", ""right"", ""up""]","[1.0, 1.0, 1.0, 1.0, 1.0, -1.0, 1.0, -1.0, 1.0, 1.0]",10,img069_d6_s01_g19_r0,6,4
GeoExplorer-anchor0624,/root/geoexplorer/results/checkpoint/algo_ablation_anchor0624_20260515/masa_plus_mmgag_anchor0624_component_ablation_seed321_480k_gpu01/g1_p1_e1_v1_seed321_t480k/geoexplorer.pt,swissviewmonuments,70,4,12,20,20,True,0,"[12, 11, 16, 21, 20]","[""left"", ""down"", ""down"", ""left""]","[1.0, 1.0, 1.0, 1.0]",4,img070_d4_s12_g20_r0,4,0
GeoExplorer-anchor0624,/root/geoexplorer/results/checkpoint/algo_ablation_anchor0624_20260515/masa_plus_mmgag_anchor0624_component_ablation_seed321_480k_gpu01/g1_p1_e1_v1_seed321_t480k/geoexplorer.pt,swissviewmonuments,70,6,8,20,20,True,0,"[8, 7, 6, 11, 16, 21, 20]","[""left"", ""left"", ""down"", ""down"", ""down"", ""left""]","[1.0, 1.0, 1.0, 1.0, 1.0, 1.0]",6,img070_d6_s08_g20_r0,6,0
GeoExplorer-anchor0624,/root/geoexplorer/results/checkpoint/algo_ablation_anchor0624_20260515/masa_plus_mmgag_anchor0624_component_ablation_seed321_480k_gpu01/g1_p1_e1_v1_seed321_t480k/geoexplorer.pt,swissviewmonuments,70,8,4,20,20,True,0,"[4, 9, 8, 7, 6, 11, 16, 21, 20]","[""down"", ""left"", ""left"", ""left"", ""down"", ""down"", ""down"", ""left""]","[1.0, 1.0, 1.0, 1.0, 1.0, 1.0, 1.0, 1.0]",8,img070_d8_s04_g20_r0,8,0
GeoExplorer-anchor0624,/root/geoexplorer/results/checkpoint/algo_ablation_anchor0624_20260515/masa_plus_mmgag_anchor0624_component_ablation_seed321_480k_gpu01/g1_p1_e1_v1_seed321_t480k/geoexplorer.pt,swissviewmonuments,71,4,5,21,23,False,2,"[5, 6, 11, 12, 13, 18, 23, 24, 19, 24, 23]","[""right"", ""down"", ""right"", ""right"", ""down"", ""down"", ""right"", ""up"", ""down"", ""left""]","[1.0, 1.0, -1.0, -1.0, 1.0, 1.0, -1.0, -1.0, 1.0, 1.0]",10,img071_d4_s05_g21_r0,4,6
GeoExplorer-anchor0624,/root/geoexplorer/results/checkpoint/algo_ablation_anchor0624_20260515/masa_plus_mmgag_anchor0624_component_ablation_seed321_480k_gpu01/g1_p1_e1_v1_seed321_t480k/geoexplorer.pt,swissviewmonuments,71,6,3,21,21,True,0,"[3, 8, 7, 6, 11, 16, 21]","[""down"", ""left"", ""left"", ""down"", ""down"", ""down""]","[1.0, 1.0, 1.0, 1.0, 1.0, 1.0]",6,img071_d6_s03_g21_r0,6,0
GeoExplorer-anchor0624,/root/geoexplorer/results/checkpoint/algo_ablation_anchor0624_20260515/masa_plus_mmgag_anchor0624_component_ablation_seed321_480k_gpu01/g1_p1_e1_v1_seed321_t480k/geoexplorer.pt,swissviewmonuments,72,4,14,22,20,False,2,"[14, 13, 12, 11, 16, 15, 20, 15, 20, 15, 20]","[""left"", ""left"", ""left"", ""down"", ""left"", ""down"", ""up"", ""down"", ""up"", ""down""]","[1.0, 1.0, -1.0, 1.0, -1.0, 1.0, -1.0, 1.0, -1.0, 1.0]",10,img072_d4_s14_g22_r0,4,6
GeoExplorer-anchor0624,/root/geoexplorer/results/checkpoint/algo_ablation_anchor0624_20260515/masa_plus_mmgag_anchor0624_component_ablation_seed321_480k_gpu01/g1_p1_e1_v1_seed321_t480k/geoexplorer.pt,swissviewmonuments,72,6,0,22,22,True,0,"[0, 5, 10, 15, 16, 17, 22]","[""down"", ""down"", ""down"", ""right"", ""right"", ""down""]","[1.0, 1.0, 1.0, 1.0, 1.0, 1.0]",6,img072_d6_s00_g22_r0,6,0
GeoExplorer-anchor0624,/root/geoexplorer/results/checkpoint/algo_ablation_anchor0624_20260515/masa_plus_mmgag_anchor0624_component_ablation_seed321_480k_gpu01/g1_p1_e1_v1_seed321_t480k/geoexplorer.pt,swissviewmonuments,73,4,3,23,21,False,2,"[3, 8, 13, 12, 11, 16, 21, 20, 15, 20, 21]","[""down"", ""down"", ""left"", ""left"", ""down"", ""down"", ""left"", ""up"", ""down"", ""right""]","[1.0, 1.0, -1.0, -1.0, 1.0, 1.0, -1.0, -1.0, 1.0, 1.0]",10,img073_d4_s03_g23_r0,4,6
GeoExplorer-anchor0624,/root/geoexplorer/results/checkpoint/algo_ablation_anchor0624_20260515/masa_plus_mmgag_anchor0624_component_ablation_seed321_480k_gpu01/g1_p1_e1_v1_seed321_t480k/geoexplorer.pt,swissviewmonuments,73,6,5,23,23,True,0,"[5, 6, 11, 16, 17, 18, 23]","[""right"", ""down"", ""down"", ""right"", ""right"", ""down""]","[1.0, 1.0, 1.0, 1.0, 1.0, 1.0]",6,img073_d6_s05_g23_r0,6,0
GeoExplorer-anchor0624,/root/geoexplorer/results/checkpoint/algo_ablation_anchor0624_20260515/masa_plus_mmgag_anchor0624_component_ablation_seed321_480k_gpu01/g1_p1_e1_v1_seed321_t480k/geoexplorer.pt,swissviewmonuments,74,4,8,24,24,True,0,"[8, 7, 6, 11, 16, 21, 22, 23, 24]","[""left"", ""left"", ""down"", ""down"", ""down"", ""right"", ""right"", ""right""]","[-1.0, -1.0, 1.0, 1.0, 1.0, 1.0, 1.0, 1.0]",8,img074_d4_s08_g24_r0,4,4
GeoExplorer-anchor0624,/root/geoexplorer/results/checkpoint/algo_ablation_anchor0624_20260515/masa_plus_mmgag_anchor0624_component_ablation_seed321_480k_gpu01/g1_p1_e1_v1_seed321_t480k/geoexplorer.pt,swissviewmonuments,74,6,10,24,24,True,0,"[10, 11, 12, 13, 18, 19, 24]","[""right"", ""right"", ""right"", ""down"", ""right"", ""down""]","[1.0, 1.0, 1.0, 1.0, 1.0, 1.0]",6,img074_d6_s10_g24_r0,6,0
GeoExplorer-anchor0624,/root/geoexplorer/results/checkpoint/algo_ablation_anchor0624_20260515/masa_plus_mmgag_anchor0624_component_ablation_seed321_480k_gpu01/g1_p1_e1_v1_seed321_t480k/geoexplorer.pt,swissviewmonuments,74,8,0,24,24,True,0,"[0, 1, 6, 7, 8, 13, 18, 23, 24]","[""right"", ""down"", ""right"", ""right"", ""down"", ""down"", ""down"", ""right""]","[1.0, 1.0, 1.0, 1.0, 1.0, 1.0, 1.0, 1.0]",8,img074_d8_s00_g24_r0,8,0
GeoExplorer-anchor0624,/root/geoexplorer/results/checkpoint/algo_ablation_anchor0624_20260515/masa_plus_mmgag_anchor0624_component_ablation_seed321_480k_gpu01/g1_p1_e1_v1_seed321_t480k/geoexplorer.pt,swissviewmonuments,75,4,12,0,24,False,8,"[12, 7, 8, 9, 14, 19, 24, 23, 24, 19, 24]","[""up"", ""right"", ""right"", ""down"", ""down"", ""down"", ""left"", ""right"", ""up"", ""down""]","[1.0, -1.0, -1.0, -1.0, -1.0, -1.0, 1.0, -1.0, 1.0, -1.0]",10,img075_d4_s12_g00_r0,4,6
GeoExplorer-anchor0624,/root/geoexplorer/results/checkpoint/algo_ablation_anchor0624_20260515/masa_plus_mmgag_anchor0624_component_ablation_seed321_480k_gpu01/g1_p1_e1_v1_seed321_t480k/geoexplorer.pt,swissviewmonuments,75,6,22,0,2,False,2,"[22, 17, 12, 7, 8, 9, 4, 3, 2, 1, 2]","[""up"", ""up"", ""up"", ""right"", ""right"", ""up"", ""left"", ""left"", ""left"", ""right""]","[1.0, 1.0, 1.0, -1.0, -1.0, 1.0, 1.0, 1.0, 1.0, -1.0]",10,img075_d6_s22_g00_r0,6,4
GeoExplorer-anchor0624,/root/geoexplorer/results/checkpoint/algo_ablation_anchor0624_20260515/masa_plus_mmgag_anchor0624_component_ablation_seed321_480k_gpu01/g1_p1_e1_v1_seed321_t480k/geoexplorer.pt,swissviewmonuments,75,8,24,0,6,False,2,"[24, 19, 14, 13, 12, 11, 6, 7, 6, 7, 6]","[""up"", ""up"", ""left"", ""left"", ""left"", ""up"", ""right"", ""left"", ""right"", ""left""]","[1.0, 1.0, 1.0, 1.0, 1.0, 1.0, -1.0, 1.0, -1.0, 1.0]",10,img075_d8_s24_g00_r0,8,2
GeoExplorer-anchor0624,/root/geoexplorer/results/checkpoint/algo_ablation_anchor0624_20260515/masa_plus_mmgag_anchor0624_component_ablation_seed321_480k_gpu01/g1_p1_e1_v1_seed321_t480k/geoexplorer.pt,swissviewmonuments,76,4,9,1,21,False,4,"[9, 8, 7, 6, 11, 16, 21, 20, 21, 20, 21]","[""left"", ""left"", ""left"", ""down"", ""down"", ""down"", ""left"", ""right"", ""left"", ""right""]","[1.0, 1.0, 1.0, -1.0, -1.0, -1.0, -1.0, 1.0, -1.0, 1.0]",10,img076_d4_s09_g01_r0,4,6
GeoExplorer-anchor0624,/root/geoexplorer/results/checkpoint/algo_ablation_anchor0624_20260515/masa_plus_mmgag_anchor0624_component_ablation_seed321_480k_gpu01/g1_p1_e1_v1_seed321_t480k/geoexplorer.pt,swissviewmonuments,76,6,23,1,1,True,0,"[23, 18, 13, 12, 11, 6, 1]","[""up"", ""up"", ""left"", ""left"", ""up"", ""up""]","[1.0, 1.0, 1.0, 1.0, 1.0, 1.0]",6,img076_d6_s23_g01_r0,6,0
GeoExplorer-anchor0624,/root/geoexplorer/results/checkpoint/algo_ablation_anchor0624_20260515/masa_plus_mmgag_anchor0624_component_ablation_seed321_480k_gpu01/g1_p1_e1_v1_seed321_t480k/geoexplorer.pt,swissviewmonuments,77,4,22,2,8,False,2,"[22, 17, 12, 7, 8, 9, 4, 9, 4, 9, 8]","[""up"", ""up"", ""up"", ""right"", ""right"", ""up"", ""down"", ""up"", ""down"", ""left""]","[1.0, 1.0, 1.0, -1.0, -1.0, 1.0, -1.0, 1.0, -1.0, 1.0]",10,img077_d4_s22_g02_r0,4,6
GeoExplorer-anchor0624,/root/geoexplorer/results/checkpoint/algo_ablation_anchor0624_20260515/masa_plus_mmgag_anchor0624_component_ablation_seed321_480k_gpu01/g1_p1_e1_v1_seed321_t480k/geoexplorer.pt,swissviewmonuments,77,6,24,2,2,True,0,"[24, 19, 14, 13, 12, 11, 6, 1, 0, 1, 2]","[""up"", ""up"", ""left"", ""left"", ""left"", ""up"", ""up"", ""left"", ""right"", ""right""]","[1.0, 1.0, 1.0, 1.0, -1.0, 1.0, 1.0, -1.0, 1.0, 1.0]",10,img077_d6_s24_g02_r0,6,4
GeoExplorer-anchor0624,/root/geoexplorer/results/checkpoint/algo_ablation_anchor0624_20260515/masa_plus_mmgag_anchor0624_component_ablation_seed321_480k_gpu01/g1_p1_e1_v1_seed321_t480k/geoexplorer.pt,swissviewmonuments,78,4,19,3,1,False,2,"[19, 14, 13, 12, 11, 6, 1, 0, 1, 0, 1]","[""up"", ""left"", ""left"", ""left"", ""up"", ""up"", ""left"", ""right"", ""left"", ""right""]","[1.0, 1.0, -1.0, -1.0, 1.0, 1.0, -1.0, 1.0, -1.0, 1.0]",10,img078_d4_s19_g03_r0,4,6
GeoExplorer-anchor0624,/root/geoexplorer/results/checkpoint/algo_ablation_anchor0624_20260515/masa_plus_mmgag_anchor0624_component_ablation_seed321_480k_gpu01/g1_p1_e1_v1_seed321_t480k/geoexplorer.pt,swissviewmonuments,78,6,15,3,3,True,0,"[15, 16, 11, 12, 13, 8, 3]","[""right"", ""up"", ""right"", ""right"", ""up"", ""up""]","[1.0, 1.0, 1.0, 1.0, 1.0, 1.0]",6,img078_d6_s15_g03_r0,6,0
GeoExplorer-anchor0624,/root/geoexplorer/results/checkpoint/algo_ablation_anchor0624_20260515/masa_plus_mmgag_anchor0624_component_ablation_seed321_480k_gpu01/g1_p1_e1_v1_seed321_t480k/geoexplorer.pt,swissviewmonuments,79,4,6,4,24,False,4,"[6, 7, 8, 13, 14, 19, 24, 23, 24, 23, 24]","[""right"", ""right"", ""down"", ""right"", ""down"", ""down"", ""left"", ""right"", ""left"", ""right""]","[1.0, 1.0, -1.0, 1.0, -1.0, -1.0, -1.0, 1.0, -1.0, 1.0]",10,img079_d4_s06_g04_r0,4,6
GeoExplorer-anchor0624,/root/geoexplorer/results/checkpoint/algo_ablation_anchor0624_20260515/masa_plus_mmgag_anchor0624_component_ablation_seed321_480k_gpu01/g1_p1_e1_v1_seed321_t480k/geoexplorer.pt,swissviewmonuments,79,6,16,4,18,False,4,"[16, 17, 18, 13, 14, 19, 24, 19, 14, 19, 18]","[""right"", ""right"", ""up"", ""right"", ""down"", ""down"", ""up"", ""up"", ""down"", ""left""]","[1.0, 1.0, 1.0, 1.0, -1.0, -1.0, 1.0, 1.0, -1.0, -1.0]",10,img079_d6_s16_g04_r0,6,4
GeoExplorer-anchor0624,/root/geoexplorer/results/checkpoint/algo_ablation_anchor0624_20260515/masa_plus_mmgag_anchor0624_component_ablation_seed321_480k_gpu01/g1_p1_e1_v1_seed321_t480k/geoexplorer.pt,swissviewmonuments,79,8,20,4,4,True,0,"[20, 21, 22, 17, 12, 13, 8, 3, 4]","[""right"", ""right"", ""up"", ""up"", ""right"", ""up"", ""up"", ""right""]","[1.0, 1.0, 1.0, 1.0, 1.0, 1.0, 1.0, 1.0]",8,img079_d8_s20_g04_r0,8,0
GeoExplorer-anchor0624,/root/geoexplorer/results/checkpoint/algo_ablation_anchor0624_20260515/masa_plus_mmgag_anchor0624_component_ablation_seed321_480k_gpu01/g1_p1_e1_v1_seed321_t480k/geoexplorer.pt,swissviewmonuments,80,4,3,5,21,False,4,"[3, 8, 7, 6, 11, 16, 21, 20, 21, 20, 21]","[""down"", ""left"", ""left"", ""down"", ""down"", ""down"", ""left"", ""right"", ""left"", ""right""]","[1.0, 1.0, 1.0, -1.0, -1.0, -1.0, 1.0, -1.0, 1.0, -1.0]",10,img080_d4_s03_g05_r0,4,6
GeoExplorer-anchor0624,/root/geoexplorer/results/checkpoint/algo_ablation_anchor0624_20260515/masa_plus_mmgag_anchor0624_component_ablation_seed321_480k_gpu01/g1_p1_e1_v1_seed321_t480k/geoexplorer.pt,swissviewmonuments,80,6,23,5,5,True,0,"[23, 18, 17, 12, 7, 6, 1, 0, 5]","[""up"", ""left"", ""up"", ""up"", ""left"", ""up"", ""left"", ""down""]","[1.0, 1.0, 1.0, 1.0, 1.0, -1.0, 1.0, 1.0]",8,img080_d6_s23_g05_r0,6,2
GeoExplorer-anchor0624,/root/geoexplorer/results/checkpoint/algo_ablation_anchor0624_20260515/masa_plus_mmgag_anchor0624_component_ablation_seed321_480k_gpu01/g1_p1_e1_v1_seed321_t480k/geoexplorer.pt,swissviewmonuments,81,4,4,6,20,False,4,"[4, 3, 8, 13, 12, 11, 16, 15, 20, 21, 20]","[""left"", ""down"", ""down"", ""left"", ""left"", ""down"", ""left"", ""down"", ""right"", ""left""]","[1.0, 1.0, -1.0, 1.0, 1.0, -1.0, -1.0, -1.0, 1.0, -1.0]",10,img081_d4_s04_g06_r0,4,6
GeoExplorer-anchor0624,/root/geoexplorer/results/checkpoint/algo_ablation_anchor0624_20260515/masa_plus_mmgag_anchor0624_component_ablation_seed321_480k_gpu01/g1_p1_e1_v1_seed321_t480k/geoexplorer.pt,swissviewmonuments,81,6,24,6,6,True,0,"[24, 19, 18, 17, 12, 7, 6]","[""up"", ""left"", ""left"", ""up"", ""up"", ""left""]","[1.0, 1.0, 1.0, 1.0, 1.0, 1.0]",6,img081_d6_s24_g06_r0,6,0
GeoExplorer-anchor0624,/root/geoexplorer/results/checkpoint/algo_ablation_anchor0624_20260515/masa_plus_mmgag_anchor0624_component_ablation_seed321_480k_gpu01/g1_p1_e1_v1_seed321_t480k/geoexplorer.pt,swissviewmonuments,82,4,15,7,23,False,4,"[15, 10, 11, 12, 13, 8, 9, 14, 19, 24, 23]","[""up"", ""right"", ""right"", ""right"", ""up"", ""right"", ""down"", ""down"", ""down"", ""left""]","[1.0, 1.0, 1.0, -1.0, 1.0, -1.0, -1.0, -1.0, -1.0, 1.0]",10,img082_d4_s15_g07_r0,4,6
GeoExplorer-anchor0624,/root/geoexplorer/results/checkpoint/algo_ablation_anchor0624_20260515/masa_plus_mmgag_anchor0624_component_ablation_seed321_480k_gpu01/g1_p1_e1_v1_seed321_t480k/geoexplorer.pt,swissviewmonuments,83,4,16,8,18,False,2,"[16, 11, 12, 13, 14, 9, 14, 19, 18, 19, 18]","[""up"", ""right"", ""right"", ""right"", ""up"", ""down"", ""down"", ""left"", ""right"", ""left""]","[1.0, 1.0, 1.0, -1.0, 1.0, -1.0, -1.0, 1.0, -1.0, 1.0]",10,img083_d4_s16_g08_r0,4,6
GeoExplorer-anchor0624,/root/geoexplorer/results/checkpoint/algo_ablation_anchor0624_20260515/masa_plus_mmgag_anchor0624_component_ablation_seed321_480k_gpu01/g1_p1_e1_v1_seed321_t480k/geoexplorer.pt,swissviewmonuments,83,6,20,8,8,True,0,"[20, 15, 10, 5, 6, 7, 8]","[""up"", ""up"", ""up"", ""right"", ""right"", ""right""]","[1.0, 1.0, 1.0, 1.0, 1.0, 1.0]",6,img083_d6_s20_g08_r0,6,0
GeoExplorer-anchor0624,/root/geoexplorer/results/checkpoint/algo_ablation_anchor0624_20260515/masa_plus_mmgag_anchor0624_component_ablation_seed321_480k_gpu01/g1_p1_e1_v1_seed321_t480k/geoexplorer.pt,swissviewmonuments,84,4,17,9,9,True,0,"[17, 12, 7, 8, 3, 4, 9]","[""up"", ""up"", ""right"", ""up"", ""right"", ""down""]","[1.0, 1.0, 1.0, -1.0, 1.0, 1.0]",6,img084_d4_s17_g09_r0,4,2
GeoExplorer-anchor0624,/root/geoexplorer/results/checkpoint/algo_ablation_anchor0624_20260515/masa_plus_mmgag_anchor0624_component_ablation_seed321_480k_gpu01/g1_p1_e1_v1_seed321_t480k/geoexplorer.pt,swissviewmonuments,84,6,15,9,9,True,0,"[15, 16, 11, 6, 7, 8, 9]","[""right"", ""up"", ""up"", ""right"", ""right"", ""right""]","[1.0, 1.0, 1.0, 1.0, 1.0, 1.0]",6,img084_d6_s15_g09_r0,6,0
GeoExplorer-anchor0624,/root/geoexplorer/results/checkpoint/algo_ablation_anchor0624_20260515/masa_plus_mmgag_anchor0624_component_ablation_seed321_480k_gpu01/g1_p1_e1_v1_seed321_t480k/geoexplorer.pt,swissviewmonuments,85,4,8,10,20,False,2,"[8, 7, 12, 17, 22, 21, 20, 15, 20, 15, 20]","[""left"", ""down"", ""down"", ""down"", ""left"", ""left"", ""up"", ""down"", ""up"", ""down""]","[1.0, 1.0, -1.0, -1.0, 1.0, 1.0, 1.0, -1.0, 1.0, -1.0]",10,img085_d4_s08_g10_r0,4,6
GeoExplorer-anchor0624,/root/geoexplorer/results/checkpoint/algo_ablation_anchor0624_20260515/masa_plus_mmgag_anchor0624_component_ablation_seed321_480k_gpu01/g1_p1_e1_v1_seed321_t480k/geoexplorer.pt,swissviewmonuments,85,6,4,10,20,False,2,"[4, 3, 2, 7, 12, 17, 22, 21, 20, 15, 20]","[""left"", ""left"", ""down"", ""down"", ""down"", ""down"", ""left"", ""left"", ""up"", ""down""]","[1.0, 1.0, 1.0, 1.0, -1.0, -1.0, 1.0, 1.0, 1.0, -1.0]",10,img085_d6_s04_g10_r0,6,4
GeoExplorer-anchor0624,/root/geoexplorer/results/checkpoint/algo_ablation_anchor0624_20260515/masa_plus_mmgag_anchor0624_component_ablation_seed321_480k_gpu01/g1_p1_e1_v1_seed321_t480k/geoexplorer.pt,swissviewmonuments,86,4,9,11,11,True,0,"[9, 8, 13, 12, 11]","[""left"", ""down"", ""left"", ""left""]","[1.0, 1.0, 1.0, 1.0]",4,img086_d4_s09_g11_r0,4,0
GeoExplorer-anchor0624,/root/geoexplorer/results/checkpoint/algo_ablation_anchor0624_20260515/masa_plus_mmgag_anchor0624_component_ablation_seed321_480k_gpu01/g1_p1_e1_v1_seed321_t480k/geoexplorer.pt,swissviewmonuments,87,4,24,12,12,True,0,"[24, 23, 22, 17, 12]","[""left"", ""left"", ""up"", ""up""]","[1.0, 1.0, 1.0, 1.0]",4,img087_d4_s24_g12_r0,4,0
GeoExplorer-anchor0624,/root/geoexplorer/results/checkpoint/algo_ablation_anchor0624_20260515/masa_plus_mmgag_anchor0624_component_ablation_seed321_480k_gpu01/g1_p1_e1_v1_seed321_t480k/geoexplorer.pt,swissviewmonuments,88,4,5,13,13,True,0,"[5, 6, 7, 8, 13]","[""right"", ""right"", ""right"", ""down""]","[1.0, 1.0, 1.0, 1.0]",4,img088_d4_s05_g13_r0,4,0
GeoExplorer-anchor0624,/root/geoexplorer/results/checkpoint/algo_ablation_anchor0624_20260515/masa_plus_mmgag_anchor0624_component_ablation_seed321_480k_gpu01/g1_p1_e1_v1_seed321_t480k/geoexplorer.pt,swissviewmonuments,89,4,16,14,24,False,2,"[16, 17, 22, 23, 24, 19, 24, 19, 24, 19, 24]","[""right"", ""down"", ""right"", ""right"", ""up"", ""down"", ""up"", ""down"", ""up"", ""down""]","[1.0, -1.0, 1.0, 1.0, 1.0, -1.0, 1.0, -1.0, 1.0, -1.0]",10,img089_d4_s16_g14_r0,4,6
GeoExplorer-anchor0624,/root/geoexplorer/results/checkpoint/algo_ablation_anchor0624_20260515/masa_plus_mmgag_anchor0624_component_ablation_seed321_480k_gpu01/g1_p1_e1_v1_seed321_t480k/geoexplorer.pt,swissviewmonuments,89,6,20,14,4,False,2,"[20, 21, 16, 17, 18, 13, 8, 9, 4, 9, 4]","[""right"", ""up"", ""right"", ""right"", ""up"", ""up"", ""right"", ""up"", ""down"", ""up""]","[1.0, 1.0, 1.0, 1.0, 1.0, -1.0, 1.0, -1.0, 1.0, -1.0]",10,img089_d6_s20_g14_r0,6,4
GeoExplorer-anchor0624,/root/geoexplorer/results/checkpoint/algo_ablation_anchor0624_20260515/masa_plus_mmgag_anchor0624_component_ablation_seed321_480k_gpu01/g1_p1_e1_v1_seed321_t480k/geoexplorer.pt,swissviewmonuments,90,4,19,15,1,False,4,"[19, 14, 13, 12, 7, 6, 1, 0, 5, 0, 1]","[""up"", ""left"", ""left"", ""up"", ""left"", ""up"", ""left"", ""down"", ""up"", ""right""]","[-1.0, 1.0, 1.0, -1.0, 1.0, -1.0, 1.0, 1.0, -1.0, -1.0]",10,img090_d4_s19_g15_r0,4,6
GeoExplorer-anchor0624,/root/geoexplorer/results/checkpoint/algo_ablation_anchor0624_20260515/masa_plus_mmgag_anchor0624_component_ablation_seed321_480k_gpu01/g1_p1_e1_v1_seed321_t480k/geoexplorer.pt,swissviewmonuments,90,6,9,15,15,True,0,"[9, 4, 3, 2, 1, 6, 1, 0, 5, 10, 15]","[""up"", ""left"", ""left"", ""left"", ""down"", ""up"", ""left"", ""down"", ""down"", ""down""]","[-1.0, 1.0, 1.0, 1.0, 1.0, -1.0, 1.0, 1.0, 1.0, 1.0]",10,img090_d6_s09_g15_r0,6,4
GeoExplorer-anchor0624,/root/geoexplorer/results/checkpoint/algo_ablation_anchor0624_20260515/masa_plus_mmgag_anchor0624_component_ablation_seed321_480k_gpu01/g1_p1_e1_v1_seed321_t480k/geoexplorer.pt,swissviewmonuments,91,4,14,16,16,True,0,"[14, 13, 12, 11, 16]","[""left"", ""left"", ""left"", ""down""]","[1.0, 1.0, 1.0, 1.0]",4,img091_d4_s14_g16_r0,4,0
GeoExplorer-anchor0624,/root/geoexplorer/results/checkpoint/algo_ablation_anchor0624_20260515/masa_plus_mmgag_anchor0624_component_ablation_seed321_480k_gpu01/g1_p1_e1_v1_seed321_t480k/geoexplorer.pt,swissviewmonuments,91,6,4,16,16,True,0,"[4, 9, 8, 7, 6, 11, 16]","[""down"", ""left"", ""left"", ""left"", ""down"", ""down""]","[1.0, 1.0, 1.0, 1.0, 1.0, 1.0]",6,img091_d6_s04_g16_r0,6,0
GeoExplorer-anchor0624,/root/geoexplorer/results/checkpoint/algo_ablation_anchor0624_20260515/masa_plus_mmgag_anchor0624_component_ablation_seed321_480k_gpu01/g1_p1_e1_v1_seed321_t480k/geoexplorer.pt,swissviewmonuments,92,4,9,17,21,False,2,"[9, 8, 7, 6, 11, 16, 15, 20, 15, 20, 21]","[""left"", ""left"", ""left"", ""down"", ""down"", ""left"", ""down"", ""up"", ""down"", ""right""]","[1.0, 1.0, -1.0, 1.0, 1.0, -1.0, -1.0, 1.0, -1.0, 1.0]",10,img092_d4_s09_g17_r0,4,6
GeoExplorer-anchor0624,/root/geoexplorer/results/checkpoint/algo_ablation_anchor0624_20260515/masa_plus_mmgag_anchor0624_component_ablation_seed321_480k_gpu01/g1_p1_e1_v1_seed321_t480k/geoexplorer.pt,swissviewmonuments,93,4,20,18,4,False,4,"[20, 21, 16, 11, 12, 13, 14, 9, 4, 9, 4]","[""right"", ""up"", ""up"", ""right"", ""right"", ""right"", ""up"", ""up"", ""down"", ""up""]","[1.0, 1.0, -1.0, 1.0, 1.0, -1.0, -1.0, -1.0, 1.0, -1.0]",10,img093_d4_s20_g18_r0,4,6
GeoExplorer-anchor0624,/root/geoexplorer/results/checkpoint/algo_ablation_anchor0624_20260515/masa_plus_mmgag_anchor0624_component_ablation_seed321_480k_gpu01/g1_p1_e1_v1_seed321_t480k/geoexplorer.pt,swissviewmonuments,93,6,0,18,18,True,0,"[0, 5, 10, 11, 12, 13, 18]","[""down"", ""down"", ""right"", ""right"", ""right"", ""down""]","[1.0, 1.0, 1.0, 1.0, 1.0, 1.0]",6,img093_d6_s00_g18_r0,6,0
GeoExplorer-anchor0624,/root/geoexplorer/results/checkpoint/algo_ablation_anchor0624_20260515/masa_plus_mmgag_anchor0624_component_ablation_seed321_480k_gpu01/g1_p1_e1_v1_seed321_t480k/geoexplorer.pt,swissviewmonuments,94,4,3,19,23,False,2,"[3, 8, 7, 6, 11, 16, 21, 22, 23, 18, 23]","[""down"", ""left"", ""left"", ""down"", ""down"", ""down"", ""right"", ""right"", ""up"", ""down""]","[1.0, -1.0, -1.0, 1.0, 1.0, -1.0, 1.0, 1.0, 1.0, -1.0]",10,img094_d4_s03_g19_r0,4,6
GeoExplorer-anchor0624,/root/geoexplorer/results/checkpoint/algo_ablation_anchor0624_20260515/masa_plus_mmgag_anchor0624_component_ablation_seed321_480k_gpu01/g1_p1_e1_v1_seed321_t480k/geoexplorer.pt,swissviewmonuments,94,6,1,19,19,True,0,"[1, 6, 11, 16, 17, 18, 23, 24, 19]","[""down"", ""down"", ""down"", ""right"", ""right"", ""down"", ""right"", ""up""]","[1.0, 1.0, 1.0, 1.0, 1.0, -1.0, 1.0, 1.0]",8,img094_d6_s01_g19_r0,6,2
GeoExplorer-anchor0624,/root/geoexplorer/results/checkpoint/algo_ablation_anchor0624_20260515/masa_plus_mmgag_anchor0624_component_ablation_seed321_480k_gpu01/g1_p1_e1_v1_seed321_t480k/geoexplorer.pt,swissviewmonuments,95,4,24,20,0,False,4,"[24, 19, 18, 13, 12, 11, 6, 1, 0, 1, 0]","[""up"", ""left"", ""up"", ""left"", ""left"", ""up"", ""up"", ""left"", ""right"", ""left""]","[-1.0, 1.0, -1.0, 1.0, 1.0, -1.0, -1.0, 1.0, -1.0, 1.0]",10,img095_d4_s24_g20_r0,4,6
GeoExplorer-anchor0624,/root/geoexplorer/results/checkpoint/algo_ablation_anchor0624_20260515/masa_plus_mmgag_anchor0624_component_ablation_seed321_480k_gpu01/g1_p1_e1_v1_seed321_t480k/geoexplorer.pt,swissviewmonuments,95,6,14,20,0,False,4,"[14, 13, 12, 11, 6, 1, 0, 5, 0, 5, 0]","[""left"", ""left"", ""left"", ""up"", ""up"", ""left"", ""down"", ""up"", ""down"", ""up""]","[1.0, 1.0, 1.0, -1.0, -1.0, 1.0, 1.0, -1.0, 1.0, -1.0]",10,img095_d6_s14_g20_r0,6,4
GeoExplorer-anchor0624,/root/geoexplorer/results/checkpoint/algo_ablation_anchor0624_20260515/masa_plus_mmgag_anchor0624_component_ablation_seed321_480k_gpu01/g1_p1_e1_v1_seed321_t480k/geoexplorer.pt,swissviewmonuments,95,8,4,20,20,True,0,"[4, 9, 8, 7, 6, 11, 16, 21, 20]","[""down"", ""left"", ""left"", ""left"", ""down"", ""down"", ""down"", ""left""]","[1.0, 1.0, 1.0, 1.0, 1.0, 1.0, 1.0, 1.0]",8,img095_d8_s04_g20_r0,8,0
GeoExplorer-anchor0624,/root/geoexplorer/results/checkpoint/algo_ablation_anchor0624_20260515/masa_plus_mmgag_anchor0624_component_ablation_seed321_480k_gpu01/g1_p1_e1_v1_seed321_t480k/geoexplorer.pt,swissviewmonuments,96,4,19,21,1,False,4,"[19, 18, 17, 16, 11, 6, 1, 0, 5, 0, 1]","[""left"", ""left"", ""left"", ""up"", ""up"", ""up"", ""left"", ""down"", ""up"", ""right""]","[1.0, 1.0, 1.0, -1.0, -1.0, -1.0, -1.0, 1.0, -1.0, 1.0]",10,img096_d4_s19_g21_r0,4,6
GeoExplorer-anchor0624,/root/geoexplorer/results/checkpoint/algo_ablation_anchor0624_20260515/masa_plus_mmgag_anchor0624_component_ablation_seed321_480k_gpu01/g1_p1_e1_v1_seed321_t480k/geoexplorer.pt,swissviewmonuments,96,6,9,21,21,True,0,"[9, 8, 7, 12, 17, 22, 21]","[""left"", ""left"", ""down"", ""down"", ""down"", ""left""]","[1.0, 1.0, 1.0, 1.0, 1.0, 1.0]",6,img096_d6_s09_g21_r0,6,0
GeoExplorer-anchor0624,/root/geoexplorer/results/checkpoint/algo_ablation_anchor0624_20260515/masa_plus_mmgag_anchor0624_component_ablation_seed321_480k_gpu01/g1_p1_e1_v1_seed321_t480k/geoexplorer.pt,swissviewmonuments,97,4,6,22,22,True,0,"[6, 7, 12, 17, 22]","[""right"", ""down"", ""down"", ""down""]","[1.0, 1.0, 1.0, 1.0]",4,img097_d4_s06_g22_r0,4,0
GeoExplorer-anchor0624,/root/geoexplorer/results/checkpoint/algo_ablation_anchor0624_20260515/masa_plus_mmgag_anchor0624_component_ablation_seed321_480k_gpu01/g1_p1_e1_v1_seed321_t480k/geoexplorer.pt,swissviewmonuments,97,6,4,22,22,True,0,"[4, 9, 14, 13, 12, 11, 16, 15, 20, 21, 22]","[""down"", ""down"", ""left"", ""left"", ""left"", ""down"", ""left"", ""down"", ""right"", ""right""]","[1.0, 1.0, 1.0, 1.0, -1.0, 1.0, -1.0, 1.0, 1.0, 1.0]",10,img097_d6_s04_g22_r0,6,4
GeoExplorer-anchor0624,/root/geoexplorer/results/checkpoint/algo_ablation_anchor0624_20260515/masa_plus_mmgag_anchor0624_component_ablation_seed321_480k_gpu01/g1_p1_e1_v1_seed321_t480k/geoexplorer.pt,swissviewmonuments,98,4,9,23,15,False,4,"[9, 8, 13, 12, 11, 16, 15, 20, 21, 20, 15]","[""left"", ""down"", ""left"", ""left"", ""down"", ""left"", ""down"", ""right"", ""left"", ""up""]","[1.0, 1.0, -1.0, -1.0, 1.0, -1.0, 1.0, 1.0, -1.0, -1.0]",10,img098_d4_s09_g23_r0,4,6
GeoExplorer-anchor0624,/root/geoexplorer/results/checkpoint/algo_ablation_anchor0624_20260515/masa_plus_mmgag_anchor0624_component_ablation_seed321_480k_gpu01/g1_p1_e1_v1_seed321_t480k/geoexplorer.pt,swissviewmonuments,98,6,1,23,23,True,0,"[1, 6, 7, 12, 17, 18, 23]","[""down"", ""right"", ""down"", ""down"", ""right"", ""down""]","[1.0, 1.0, 1.0, 1.0, 1.0, 1.0]",6,img098_d6_s01_g23_r0,6,0
GeoExplorer-anchor0624,/root/geoexplorer/results/checkpoint/algo_ablation_anchor0624_20260515/masa_plus_mmgag_anchor0624_component_ablation_seed321_480k_gpu01/g1_p1_e1_v1_seed321_t480k/geoexplorer.pt,swissviewmonuments,99,4,20,24,4,False,4,"[20, 15, 10, 11, 12, 13, 8, 9, 4, 3, 4]","[""up"", ""up"", ""right"", ""right"", ""right"", ""up"", ""right"", ""up"", ""left"", ""right""]","[-1.0, -1.0, 1.0, 1.0, 1.0, -1.0, 1.0, -1.0, -1.0, 1.0]",10,img099_d4_s20_g24_r0,4,6
GeoExplorer-anchor0624,/root/geoexplorer/results/checkpoint/algo_ablation_anchor0624_20260515/masa_plus_mmgag_anchor0624_component_ablation_seed321_480k_gpu01/g1_p1_e1_v1_seed321_t480k/geoexplorer.pt,swissviewmonuments,99,6,2,24,24,True,0,"[2, 7, 8, 13, 18, 23, 24]","[""down"", ""right"", ""down"", ""down"", ""down"", ""right""]","[1.0, 1.0, 1.0, 1.0, 1.0, 1.0]",6,img099_d6_s02_g24_r0,6,0
GeoExplorer-anchor0624,/root/geoexplorer/results/checkpoint/algo_ablation_anchor0624_20260515/masa_plus_mmgag_anchor0624_component_ablation_seed321_480k_gpu01/g1_p1_e1_v1_seed321_t480k/geoexplorer.pt,swissviewmonuments,99,8,0,24,24,True,0,"[0, 5, 10, 11, 10, 15, 20, 21, 22, 23, 24]","[""down"", ""down"", ""right"", ""left"", ""down"", ""down"", ""right"", ""right"", ""right"", ""right""]","[1.0, 1.0, 1.0, -1.0, 1.0, 1.0, 1.0, 1.0, 1.0, 1.0]",10,img099_d8_s00_g24_r0,8,2
GeoExplorer-anchor0624,/root/geoexplorer/results/checkpoint/algo_ablation_anchor0624_20260515/masa_plus_mmgag_anchor0624_component_ablation_seed321_480k_gpu01/g1_p1_e1_v1_seed321_t480k/geoexplorer.pt,swissviewmonuments,100,4,16,0,4,False,4,"[16, 17, 18, 13, 8, 9, 4, 3, 4, 9, 4]","[""right"", ""right"", ""up"", ""up"", ""right"", ""up"", ""left"", ""right"", ""down"", ""up""]","[-1.0, -1.0, 1.0, 1.0, -1.0, 1.0, 1.0, -1.0, -1.0, 1.0]",10,img100_d4_s16_g00_r0,4,6
GeoExplorer-anchor0624,/root/geoexplorer/results/checkpoint/algo_ablation_anchor0624_20260515/masa_plus_mmgag_anchor0624_component_ablation_seed321_480k_gpu01/g1_p1_e1_v1_seed321_t480k/geoexplorer.pt,swissviewmonuments,100,6,14,0,0,True,0,"[14, 13, 12, 11, 6, 1, 0]","[""left"", ""left"", ""left"", ""up"", ""up"", ""left""]","[1.0, 1.0, 1.0, 1.0, 1.0, 1.0]",6,img100_d6_s14_g00_r0,6,0
GeoExplorer-anchor0624,/root/geoexplorer/results/checkpoint/algo_ablation_anchor0624_20260515/masa_plus_mmgag_anchor0624_component_ablation_seed321_480k_gpu01/g1_p1_e1_v1_seed321_t480k/geoexplorer.pt,swissviewmonuments,100,8,24,0,0,True,0,"[24, 19, 14, 13, 12, 11, 6, 1, 0]","[""up"", ""up"", ""left"", ""left"", ""left"", ""up"", ""up"", ""left""]","[1.0, 1.0, 1.0, 1.0, 1.0, 1.0, 1.0, 1.0]",8,img100_d8_s24_g00_r0,8,0
GeoExplorer-anchor0624,/root/geoexplorer/results/checkpoint/algo_ablation_anchor0624_20260515/masa_plus_mmgag_anchor0624_component_ablation_seed321_480k_gpu01/g1_p1_e1_v1_seed321_t480k/geoexplorer.pt,swissviewmonuments,101,4,15,1,19,False,6,"[15, 16, 11, 12, 13, 14, 19, 14, 19, 14, 19]","[""right"", ""up"", ""right"", ""right"", ""right"", ""down"", ""up"", ""down"", ""up"", ""down""]","[1.0, 1.0, -1.0, -1.0, -1.0, -1.0, 1.0, -1.0, 1.0, -1.0]",10,img101_d4_s15_g01_r0,4,6
GeoExplorer-anchor0624,/root/geoexplorer/results/checkpoint/algo_ablation_anchor0624_20260515/masa_plus_mmgag_anchor0624_component_ablation_seed321_480k_gpu01/g1_p1_e1_v1_seed321_t480k/geoexplorer.pt,swissviewmonuments,101,6,19,1,5,False,2,"[19, 18, 13, 12, 11, 6, 5, 0, 5, 0, 5]","[""left"", ""up"", ""left"", ""left"", ""up"", ""left"", ""up"", ""down"", ""up"", ""down""]","[1.0, 1.0, 1.0, 1.0, 1.0, -1.0, 1.0, -1.0, 1.0, -1.0]",10,img101_d6_s19_g01_r0,6,4
GeoExplorer-anchor0624,/root/geoexplorer/results/checkpoint/algo_ablation_anchor0624_20260515/masa_plus_mmgag_anchor0624_component_ablation_seed321_480k_gpu01/g1_p1_e1_v1_seed321_t480k/geoexplorer.pt,swissviewmonuments,102,4,18,2,2,True,0,"[18, 17, 12, 7, 2]","[""left"", ""up"", ""up"", ""up""]","[1.0, 1.0, 1.0, 1.0]",4,img102_d4_s18_g02_r0,4,0
GeoExplorer-anchor0624,/root/geoexplorer/results/checkpoint/algo_ablation_anchor0624_20260515/masa_plus_mmgag_anchor0624_component_ablation_seed321_480k_gpu01/g1_p1_e1_v1_seed321_t480k/geoexplorer.pt,swissviewmonuments,102,6,24,2,0,False,2,"[24, 19, 18, 17, 12, 7, 6, 5, 0, 1, 0]","[""up"", ""left"", ""left"", ""up"", ""up"", ""left"", ""left"", ""up"", ""right"", ""left""]","[1.0, 1.0, 1.0, 1.0, 1.0, -1.0, -1.0, 1.0, 1.0, -1.0]",10,img102_d6_s24_g02_r0,6,4
GeoExplorer-anchor0624,/root/geoexplorer/results/checkpoint/algo_ablation_anchor0624_20260515/masa_plus_mmgag_anchor0624_component_ablation_seed321_480k_gpu01/g1_p1_e1_v1_seed321_t480k/geoexplorer.pt,swissviewmonuments,103,4,5,3,19,False,4,"[5, 6, 7, 8, 13, 18, 23, 24, 19, 24, 19]","[""right"", ""right"", ""right"", ""down"", ""down"", ""down"", ""right"", ""up"", ""down"", ""up""]","[1.0, 1.0, 1.0, -1.0, -1.0, -1.0, -1.0, 1.0, -1.0, 1.0]",10,img103_d4_s05_g03_r0,4,6
GeoExplorer-anchor0624,/root/geoexplorer/results/checkpoint/algo_ablation_anchor0624_20260515/masa_plus_mmgag_anchor0624_component_ablation_seed321_480k_gpu01/g1_p1_e1_v1_seed321_t480k/geoexplorer.pt,swissviewmonuments,103,6,21,3,3,True,0,"[21, 22, 23, 18, 13, 8, 3]","[""right"", ""right"", ""up"", ""up"", ""up"", ""up""]","[1.0, 1.0, 1.0, 1.0, 1.0, 1.0]",6,img103_d6_s21_g03_r0,6,0
GeoExplorer-anchor0624,/root/geoexplorer/results/checkpoint/algo_ablation_anchor0624_20260515/masa_plus_mmgag_anchor0624_component_ablation_seed321_480k_gpu01/g1_p1_e1_v1_seed321_t480k/geoexplorer.pt,swissviewmonuments,104,4,24,4,0,False,4,"[24, 19, 18, 13, 8, 7, 6, 1, 0, 5, 0]","[""up"", ""left"", ""up"", ""up"", ""left"", ""left"", ""up"", ""left"", ""down"", ""up""]","[1.0, -1.0, 1.0, 1.0, -1.0, -1.0, 1.0, -1.0, -1.0, 1.0]",10,img104_d4_s24_g04_r0,4,6
GeoExplorer-anchor0624,/root/geoexplorer/results/checkpoint/algo_ablation_anchor0624_20260515/masa_plus_mmgag_anchor0624_component_ablation_seed321_480k_gpu01/g1_p1_e1_v1_seed321_t480k/geoexplorer.pt,swissviewmonuments,104,6,22,4,10,False,6,"[22, 23, 18, 13, 8, 7, 6, 1, 0, 5, 10]","[""right"", ""up"", ""up"", ""up"", ""left"", ""left"", ""up"", ""left"", ""down"", ""down""]","[1.0, 1.0, 1.0, 1.0, -1.0, -1.0, 1.0, -1.0, -1.0, -1.0]",10,img104_d6_s22_g04_r0,6,4
GeoExplorer-anchor0624,/root/geoexplorer/results/checkpoint/algo_ablation_anchor0624_20260515/masa_plus_mmgag_anchor0624_component_ablation_seed321_480k_gpu01/g1_p1_e1_v1_seed321_t480k/geoexplorer.pt,swissviewmonuments,104,8,20,4,4,True,0,"[20, 15, 10, 5, 6, 7, 8, 9, 4]","[""up"", ""up"", ""up"", ""right"", ""right"", ""right"", ""right"", ""up""]","[1.0, 1.0, 1.0, 1.0, 1.0, 1.0, 1.0, 1.0]",8,img104_d8_s20_g04_r0,8,0
GeoExplorer-anchor0624,/root/geoexplorer/results/checkpoint/algo_ablation_anchor0624_20260515/masa_plus_mmgag_anchor0624_component_ablation_seed321_480k_gpu01/g1_p1_e1_v1_seed321_t480k/geoexplorer.pt,swissviewmonuments,105,4,17,5,1,False,2,"[17, 18, 13, 8, 7, 2, 1, 0, 1, 6, 1]","[""right"", ""up"", ""up"", ""left"", ""up"", ""left"", ""left"", ""right"", ""down"", ""up""]","[-1.0, 1.0, 1.0, 1.0, -1.0, 1.0, 1.0, -1.0, 1.0, -1.0]",10,img105_d4_s17_g05_r0,4,6
GeoExplorer-anchor0624,/root/geoexplorer/results/checkpoint/algo_ablation_anchor0624_20260515/masa_plus_mmgag_anchor0624_component_ablation_seed321_480k_gpu01/g1_p1_e1_v1_seed321_t480k/geoexplorer.pt,swissviewmonuments,105,6,19,5,5,True,0,"[19, 18, 17, 12, 7, 6, 1, 0, 1, 0, 5]","[""left"", ""left"", ""up"", ""up"", ""left"", ""up"", ""left"", ""right"", ""left"", ""down""]","[1.0, 1.0, 1.0, 1.0, 1.0, -1.0, 1.0, -1.0, 1.0, 1.0]",10,img105_d6_s19_g05_r0,6,4
GeoExplorer-anchor0624,/root/geoexplorer/results/checkpoint/algo_ablation_anchor0624_20260515/masa_plus_mmgag_anchor0624_component_ablation_seed321_480k_gpu01/g1_p1_e1_v1_seed321_t480k/geoexplorer.pt,swissviewmonuments,106,4,14,6,6,True,0,"[14, 13, 12, 11, 6]","[""left"", ""left"", ""left"", ""up""]","[1.0, 1.0, 1.0, 1.0]",4,img106_d4_s14_g06_r0,4,0
GeoExplorer-anchor0624,/root/geoexplorer/results/checkpoint/algo_ablation_anchor0624_20260515/masa_plus_mmgag_anchor0624_component_ablation_seed321_480k_gpu01/g1_p1_e1_v1_seed321_t480k/geoexplorer.pt,swissviewmonuments,106,6,24,6,6,True,0,"[24, 19, 18, 13, 12, 11, 6]","[""up"", ""left"", ""up"", ""left"", ""left"", ""up""]","[1.0, 1.0, 1.0, 1.0, 1.0, 1.0]",6,img106_d6_s24_g06_r0,6,0
GeoExplorer-anchor0624,/root/geoexplorer/results/checkpoint/algo_ablation_anchor0624_20260515/masa_plus_mmgag_anchor0624_component_ablation_seed321_480k_gpu01/g1_p1_e1_v1_seed321_t480k/geoexplorer.pt,swissviewmonuments,107,4,23,7,1,False,2,"[23, 18, 13, 12, 11, 10, 5, 0, 1, 0, 1]","[""up"", ""up"", ""left"", ""left"", ""left"", ""up"", ""up"", ""right"", ""left"", ""right""]","[1.0, 1.0, 1.0, -1.0, -1.0, 1.0, -1.0, 1.0, -1.0, 1.0]",10,img107_d4_s23_g07_r0,4,6
GeoExplorer-anchor0624,/root/geoexplorer/results/checkpoint/algo_ablation_anchor0624_20260515/masa_plus_mmgag_anchor0624_component_ablation_seed321_480k_gpu01/g1_p1_e1_v1_seed321_t480k/geoexplorer.pt,swissviewmonuments,108,4,0,8,24,False,4,"[0, 5, 10, 15, 16, 17, 22, 23, 24, 19, 24]","[""down"", ""down"", ""down"", ""right"", ""right"", ""down"", ""right"", ""right"", ""up"", ""down""]","[1.0, -1.0, -1.0, 1.0, 1.0, -1.0, 1.0, -1.0, 1.0, -1.0]",10,img108_d4_s00_g08_r0,4,6
GeoExplorer-anchor0624,/root/geoexplorer/results/checkpoint/algo_ablation_anchor0624_20260515/masa_plus_mmgag_anchor0624_component_ablation_seed321_480k_gpu01/g1_p1_e1_v1_seed321_t480k/geoexplorer.pt,swissviewmonuments,108,6,20,8,8,True,0,"[20, 15, 10, 5, 6, 7, 8]","[""up"", ""up"", ""up"", ""right"", ""right"", ""right""]","[1.0, 1.0, 1.0, 1.0, 1.0, 1.0]",6,img108_d6_s20_g08_r0,6,0
GeoExplorer-anchor0624,/root/geoexplorer/results/checkpoint/algo_ablation_anchor0624_20260515/masa_plus_mmgag_anchor0624_component_ablation_seed321_480k_gpu01/g1_p1_e1_v1_seed321_t480k/geoexplorer.pt,swissviewmonuments,109,4,1,9,19,False,2,"[1, 0, 5, 10, 15, 20, 21, 22, 23, 24, 19]","[""left"", ""down"", ""down"", ""down"", ""down"", ""right"", ""right"", ""right"", ""right"", ""up""]","[-1.0, 1.0, -1.0, -1.0, -1.0, 1.0, 1.0, 1.0, 1.0, 1.0]",10,img109_d4_s01_g09_r0,4,6
GeoExplorer-anchor0624,/root/geoexplorer/results/checkpoint/algo_ablation_anchor0624_20260515/masa_plus_mmgag_anchor0624_component_ablation_seed321_480k_gpu01/g1_p1_e1_v1_seed321_t480k/geoexplorer.pt,swissviewmonuments,109,6,21,9,9,True,0,"[21, 22, 17, 12, 13, 8, 3, 4, 9]","[""right"", ""up"", ""up"", ""right"", ""up"", ""up"", ""right"", ""down""]","[1.0, 1.0, 1.0, 1.0, 1.0, -1.0, 1.0, 1.0]",8,img109_d6_s21_g09_r0,6,2
GeoExplorer-anchor0624,/root/geoexplorer/results/checkpoint/algo_ablation_anchor0624_20260515/masa_plus_mmgag_anchor0624_component_ablation_seed321_480k_gpu01/g1_p1_e1_v1_seed321_t480k/geoexplorer.pt,swissviewmonuments,110,4,18,10,0,False,2,"[18, 13, 12, 11, 6, 5, 0, 1, 0, 1, 0]","[""up"", ""left"", ""left"", ""up"", ""left"", ""up"", ""right"", ""left"", ""right"", ""left""]","[1.0, 1.0, 1.0, -1.0, 1.0, -1.0, -1.0, 1.0, -1.0, 1.0]",10,img110_d4_s18_g10_r0,4,6
GeoExplorer-anchor0624,/root/geoexplorer/results/checkpoint/algo_ablation_anchor0624_20260515/masa_plus_mmgag_anchor0624_component_ablation_seed321_480k_gpu01/g1_p1_e1_v1_seed321_t480k/geoexplorer.pt,swissviewmonuments,110,6,24,10,0,False,2,"[24, 23, 18, 13, 12, 11, 6, 1, 0, 1, 0]","[""left"", ""up"", ""up"", ""left"", ""left"", ""up"", ""up"", ""left"", ""right"", ""left""]","[1.0, 1.0, 1.0, 1.0, 1.0, -1.0, -1.0, 1.0, -1.0, 1.0]",10,img110_d6_s24_g10_r0,6,4
GeoExplorer-anchor0624,/root/geoexplorer/results/checkpoint/algo_ablation_anchor0624_20260515/masa_plus_mmgag_anchor0624_component_ablation_seed321_480k_gpu01/g1_p1_e1_v1_seed321_t480k/geoexplorer.pt,swissviewmonuments,111,4,9,11,11,True,0,"[9, 8, 7, 6, 11]","[""left"", ""left"", ""left"", ""down""]","[1.0, 1.0, 1.0, 1.0]",4,img111_d4_s09_g11_r0,4,0
GeoExplorer-anchor0624,/root/geoexplorer/results/checkpoint/algo_ablation_anchor0624_20260515/masa_plus_mmgag_anchor0624_component_ablation_seed321_480k_gpu01/g1_p1_e1_v1_seed321_t480k/geoexplorer.pt,swissviewmonuments,112,4,20,12,4,False,4,"[20, 21, 16, 11, 6, 7, 8, 9, 4, 9, 4]","[""right"", ""up"", ""up"", ""up"", ""right"", ""right"", ""right"", ""up"", ""down"", ""up""]","[1.0, 1.0, 1.0, -1.0, 1.0, -1.0, -1.0, -1.0, 1.0, -1.0]",10,img112_d4_s20_g12_r0,4,6
GeoExplorer-anchor0624,/root/geoexplorer/results/checkpoint/algo_ablation_anchor0624_20260515/masa_plus_mmgag_anchor0624_component_ablation_seed321_480k_gpu01/g1_p1_e1_v1_seed321_t480k/geoexplorer.pt,swissviewmonuments,113,4,21,13,13,True,0,"[21, 22, 23, 24, 19, 14, 19, 14, 13]","[""right"", ""right"", ""right"", ""up"", ""up"", ""down"", ""up"", ""left""]","[1.0, 1.0, -1.0, 1.0, 1.0, -1.0, 1.0, 1.0]",8,img113_d4_s21_g13_r0,4,4
GeoExplorer-anchor0624,/root/geoexplorer/results/checkpoint/algo_ablation_anchor0624_20260515/masa_plus_mmgag_anchor0624_component_ablation_seed321_480k_gpu01/g1_p1_e1_v1_seed321_t480k/geoexplorer.pt,swissviewmonuments,114,4,16,14,14,True,0,"[16, 11, 12, 13, 14]","[""up"", ""right"", ""right"", ""right""]","[1.0, 1.0, 1.0, 1.0]",4,img114_d4_s16_g14_r0,4,0
GeoExplorer-anchor0624,/root/geoexplorer/results/checkpoint/algo_ablation_anchor0624_20260515/masa_plus_mmgag_anchor0624_component_ablation_seed321_480k_gpu01/g1_p1_e1_v1_seed321_t480k/geoexplorer.pt,swissviewmonuments,114,6,20,14,14,True,0,"[20, 15, 16, 11, 12, 7, 8, 9, 4, 9, 14]","[""up"", ""right"", ""up"", ""right"", ""up"", ""right"", ""right"", ""up"", ""down"", ""down""]","[1.0, 1.0, 1.0, 1.0, -1.0, 1.0, 1.0, -1.0, 1.0, 1.0]",10,img114_d6_s20_g14_r0,6,4
GeoExplorer-anchor0624,/root/geoexplorer/results/checkpoint/algo_ablation_anchor0624_20260515/masa_plus_mmgag_anchor0624_component_ablation_seed321_480k_gpu01/g1_p1_e1_v1_seed321_t480k/geoexplorer.pt,swissviewmonuments,115,4,23,15,11,False,2,"[23, 18, 13, 12, 7, 6, 1, 0, 5, 6, 11]","[""up"", ""up"", ""left"", ""up"", ""left"", ""up"", ""left"", ""down"", ""right"", ""down""]","[1.0, -1.0, 1.0, -1.0, 1.0, -1.0, 1.0, 1.0, -1.0, 1.0]",10,img115_d4_s23_g15_r0,4,6
GeoExplorer-anchor0624,/root/geoexplorer/results/checkpoint/algo_ablation_anchor0624_20260515/masa_plus_mmgag_anchor0624_component_ablation_seed321_480k_gpu01/g1_p1_e1_v1_seed321_t480k/geoexplorer.pt,swissviewmonuments,115,6,9,15,21,False,2,"[9, 8, 7, 6, 11, 16, 21, 20, 21, 16, 21]","[""left"", ""left"", ""left"", ""down"", ""down"", ""down"", ""left"", ""right"", ""up"", ""down""]","[1.0, 1.0, 1.0, 1.0, 1.0, -1.0, 1.0, -1.0, 1.0, -1.0]",10,img115_d6_s09_g15_r0,6,4
GeoExplorer-anchor0624,/root/geoexplorer/results/checkpoint/algo_ablation_anchor0624_20260515/masa_plus_mmgag_anchor0624_component_ablation_seed321_480k_gpu01/g1_p1_e1_v1_seed321_t480k/geoexplorer.pt,swissviewmonuments,116,4,2,16,16,True,0,"[2, 1, 6, 11, 16]","[""left"", ""down"", ""down"", ""down""]","[1.0, 1.0, 1.0, 1.0]",4,img116_d4_s02_g16_r0,4,0
GeoExplorer-anchor0624,/root/geoexplorer/results/checkpoint/algo_ablation_anchor0624_20260515/masa_plus_mmgag_anchor0624_component_ablation_seed321_480k_gpu01/g1_p1_e1_v1_seed321_t480k/geoexplorer.pt,swissviewmonuments,116,6,4,16,16,True,0,"[4, 9, 14, 19, 18, 17, 16]","[""down"", ""down"", ""down"", ""left"", ""left"", ""left""]","[1.0, 1.0, 1.0, 1.0, 1.0, 1.0]",6,img116_d6_s04_g16_r0,6,0
GeoExplorer-anchor0624,/root/geoexplorer/results/checkpoint/algo_ablation_anchor0624_20260515/masa_plus_mmgag_anchor0624_component_ablation_seed321_480k_gpu01/g1_p1_e1_v1_seed321_t480k/geoexplorer.pt,swissviewmonuments,117,4,3,17,21,False,2,"[3, 2, 7, 6, 11, 16, 21, 20, 21, 16, 21]","[""left"", ""down"", ""left"", ""down"", ""down"", ""down"", ""left"", ""right"", ""up"", ""down""]","[1.0, 1.0, -1.0, 1.0, 1.0, -1.0, -1.0, 1.0, 1.0, -1.0]",10,img117_d4_s03_g17_r0,4,6
GeoExplorer-anchor0624,/root/geoexplorer/results/checkpoint/algo_ablation_anchor0624_20260515/masa_plus_mmgag_anchor0624_component_ablation_seed321_480k_gpu01/g1_p1_e1_v1_seed321_t480k/geoexplorer.pt,swissviewmonuments,118,4,2,18,18,True,0,"[2, 3, 8, 13, 18]","[""right"", ""down"", ""down"", ""down""]","[1.0, 1.0, 1.0, 1.0]",4,img118_d4_s02_g18_r0,4,0
GeoExplorer-anchor0624,/root/geoexplorer/results/checkpoint/algo_ablation_anchor0624_20260515/masa_plus_mmgag_anchor0624_component_ablation_seed321_480k_gpu01/g1_p1_e1_v1_seed321_t480k/geoexplorer.pt,swissviewmonuments,118,6,0,18,18,True,0,"[0, 1, 6, 7, 8, 13, 18]","[""right"", ""down"", ""right"", ""right"", ""down"", ""down""]","[1.0, 1.0, 1.0, 1.0, 1.0, 1.0]",6,img118_d6_s00_g18_r0,6,0
GeoExplorer-anchor0624,/root/geoexplorer/results/checkpoint/algo_ablation_anchor0624_20260515/masa_plus_mmgag_anchor0624_component_ablation_seed321_480k_gpu01/g1_p1_e1_v1_seed321_t480k/geoexplorer.pt,swissviewmonuments,119,4,21,19,3,False,4,"[21, 16, 11, 12, 13, 8, 9, 4, 3, 4, 3]","[""up"", ""up"", ""right"", ""right"", ""up"", ""right"", ""up"", ""left"", ""right"", ""left""]","[1.0, -1.0, 1.0, 1.0, -1.0, 1.0, -1.0, -1.0, 1.0, -1.0]",10,img119_d4_s21_g19_r0,4,6
GeoExplorer-anchor0624,/root/geoexplorer/results/checkpoint/algo_ablation_anchor0624_20260515/masa_plus_mmgag_anchor0624_component_ablation_seed321_480k_gpu01/g1_p1_e1_v1_seed321_t480k/geoexplorer.pt,swissviewmonuments,119,6,1,19,19,True,0,"[1, 2, 7, 12, 17, 22, 23, 24, 19]","[""right"", ""down"", ""down"", ""down"", ""down"", ""right"", ""right"", ""up""]","[1.0, 1.0, 1.0, 1.0, -1.0, 1.0, 1.0, 1.0]",8,img119_d6_s01_g19_r0,6,2
GeoExplorer-anchor0624,/root/geoexplorer/results/checkpoint/algo_ablation_anchor0624_20260515/masa_plus_mmgag_anchor0624_component_ablation_seed321_480k_gpu01/g1_p1_e1_v1_seed321_t480k/geoexplorer.pt,swissviewmonuments,120,4,12,20,18,False,4,"[12, 11, 16, 21, 22, 23, 18, 23, 18, 23, 18]","[""left"", ""down"", ""down"", ""right"", ""right"", ""up"", ""down"", ""up"", ""down"", ""up""]","[1.0, 1.0, 1.0, -1.0, -1.0, -1.0, 1.0, -1.0, 1.0, -1.0]",10,img120_d4_s12_g20_r0,4,6
GeoExplorer-anchor0624,/root/geoexplorer/results/checkpoint/algo_ablation_anchor0624_20260515/masa_plus_mmgag_anchor0624_component_ablation_seed321_480k_gpu01/g1_p1_e1_v1_seed321_t480k/geoexplorer.pt,swissviewmonuments,120,6,14,20,20,True,0,"[14, 13, 12, 11, 16, 21, 20]","[""left"", ""left"", ""left"", ""down"", ""down"", ""left""]","[1.0, 1.0, 1.0, 1.0, 1.0, 1.0]",6,img120_d6_s14_g20_r0,6,0
GeoExplorer-anchor0624,/root/geoexplorer/results/checkpoint/algo_ablation_anchor0624_20260515/masa_plus_mmgag_anchor0624_component_ablation_seed321_480k_gpu01/g1_p1_e1_v1_seed321_t480k/geoexplorer.pt,swissviewmonuments,120,8,4,20,20,True,0,"[4, 9, 8, 13, 18, 23, 22, 21, 20]","[""down"", ""left"", ""down"", ""down"", ""down"", ""left"", ""left"", ""left""]","[1.0, 1.0, 1.0, 1.0, 1.0, 1.0, 1.0, 1.0]",8,img120_d8_s04_g20_r0,8,0
GeoExplorer-anchor0624,/root/geoexplorer/results/checkpoint/algo_ablation_anchor0624_20260515/masa_plus_mmgag_anchor0624_component_ablation_seed321_480k_gpu01/g1_p1_e1_v1_seed321_t480k/geoexplorer.pt,swissviewmonuments,121,4,1,21,23,False,2,"[1, 2, 7, 8, 13, 18, 23, 24, 19, 24, 23]","[""right"", ""down"", ""right"", ""down"", ""down"", ""down"", ""right"", ""up"", ""down"", ""left""]","[-1.0, 1.0, -1.0, 1.0, 1.0, 1.0, -1.0, -1.0, 1.0, 1.0]",10,img121_d4_s01_g21_r0,4,6
GeoExplorer-anchor0624,/root/geoexplorer/results/checkpoint/algo_ablation_anchor0624_20260515/masa_plus_mmgag_anchor0624_component_ablation_seed321_480k_gpu01/g1_p1_e1_v1_seed321_t480k/geoexplorer.pt,swissviewmonuments,121,6,9,21,21,True,0,"[9, 8, 7, 6, 11, 16, 21]","[""left"", ""left"", ""left"", ""down"", ""down"", ""down""]","[1.0, 1.0, 1.0, 1.0, 1.0, 1.0]",6,img121_d6_s09_g21_r0,6,0
GeoExplorer-anchor0624,/root/geoexplorer/results/checkpoint/algo_ablation_anchor0624_20260515/masa_plus_mmgag_anchor0624_component_ablation_seed321_480k_gpu01/g1_p1_e1_v1_seed321_t480k/geoexplorer.pt,swissviewmonuments,122,4,10,22,24,False,2,"[10, 11, 12, 13, 18, 23, 24, 19, 24, 19, 24]","[""right"", ""right"", ""right"", ""down"", ""down"", ""right"", ""up"", ""down"", ""up"", ""down""]","[1.0, 1.0, -1.0, 1.0, 1.0, -1.0, -1.0, 1.0, -1.0, 1.0]",10,img122_d4_s10_g22_r0,4,6
GeoExplorer-anchor0624,/root/geoexplorer/results/checkpoint/algo_ablation_anchor0624_20260515/masa_plus_mmgag_anchor0624_component_ablation_seed321_480k_gpu01/g1_p1_e1_v1_seed321_t480k/geoexplorer.pt,swissviewmonuments,122,6,0,22,24,False,2,"[0, 1, 6, 7, 12, 13, 18, 23, 24, 19, 24]","[""right"", ""down"", ""right"", ""down"", ""right"", ""down"", ""down"", ""right"", ""up"", ""down""]","[1.0, 1.0, 1.0, 1.0, -1.0, 1.0, 1.0, -1.0, -1.0, 1.0]",10,img122_d6_s00_g22_r0,6,4
GeoExplorer-anchor0624,/root/geoexplorer/results/checkpoint/algo_ablation_anchor0624_20260515/masa_plus_mmgag_anchor0624_component_ablation_seed321_480k_gpu01/g1_p1_e1_v1_seed321_t480k/geoexplorer.pt,swissviewmonuments,123,4,7,23,23,True,0,"[7, 8, 13, 18, 23]","[""right"", ""down"", ""down"", ""down""]","[1.0, 1.0, 1.0, 1.0]",4,img123_d4_s07_g23_r0,4,0
GeoExplorer-anchor0624,/root/geoexplorer/results/checkpoint/algo_ablation_anchor0624_20260515/masa_plus_mmgag_anchor0624_component_ablation_seed321_480k_gpu01/g1_p1_e1_v1_seed321_t480k/geoexplorer.pt,swissviewmonuments,123,6,5,23,23,True,0,"[5, 6, 7, 8, 13, 18, 23]","[""right"", ""right"", ""right"", ""down"", ""down"", ""down""]","[1.0, 1.0, 1.0, 1.0, 1.0, 1.0]",6,img123_d6_s05_g23_r0,6,0
GeoExplorer-anchor0624,/root/geoexplorer/results/checkpoint/algo_ablation_anchor0624_20260515/masa_plus_mmgag_anchor0624_component_ablation_seed321_480k_gpu01/g1_p1_e1_v1_seed321_t480k/geoexplorer.pt,swissviewmonuments,124,4,16,24,4,False,4,"[16, 17, 12, 7, 8, 3, 4, 9, 4, 9, 4]","[""right"", ""up"", ""up"", ""right"", ""up"", ""right"", ""down"", ""up"", ""down"", ""up""]","[1.0, -1.0, -1.0, 1.0, -1.0, 1.0, 1.0, -1.0, 1.0, -1.0]",10,img124_d4_s16_g24_r0,4,6
GeoExplorer-anchor0624,/root/geoexplorer/results/checkpoint/algo_ablation_anchor0624_20260515/masa_plus_mmgag_anchor0624_component_ablation_seed321_480k_gpu01/g1_p1_e1_v1_seed321_t480k/geoexplorer.pt,swissviewmonuments,124,6,6,24,24,True,0,"[6, 7, 8, 13, 18, 23, 24]","[""right"", ""right"", ""down"", ""down"", ""down"", ""right""]","[1.0, 1.0, 1.0, 1.0, 1.0, 1.0]",6,img124_d6_s06_g24_r0,6,0
GeoExplorer-anchor0624,/root/geoexplorer/results/checkpoint/algo_ablation_anchor0624_20260515/masa_plus_mmgag_anchor0624_component_ablation_seed321_480k_gpu01/g1_p1_e1_v1_seed321_t480k/geoexplorer.pt,swissviewmonuments,124,8,0,24,24,True,0,"[0, 1, 6, 7, 8, 13, 18, 23, 24]","[""right"", ""down"", ""right"", ""right"", ""down"", ""down"", ""down"", ""right""]","[1.0, 1.0, 1.0, 1.0, 1.0, 1.0, 1.0, 1.0]",8,img124_d8_s00_g24_r0,8,0
GeoExplorer-anchor0624,/root/geoexplorer/results/checkpoint/algo_ablation_anchor0624_20260515/masa_plus_mmgag_anchor0624_component_ablation_seed321_480k_gpu01/g1_p1_e1_v1_seed321_t480k/geoexplorer.pt,swissviewmonuments,125,4,8,0,20,False,4,"[8, 7, 12, 17, 22, 21, 20, 15, 20, 21, 20]","[""left"", ""down"", ""down"", ""down"", ""left"", ""left"", ""up"", ""down"", ""right"", ""left""]","[1.0, -1.0, -1.0, -1.0, 1.0, 1.0, 1.0, -1.0, -1.0, 1.0]",10,img125_d4_s08_g00_r0,4,6
GeoExplorer-anchor0624,/root/geoexplorer/results/checkpoint/algo_ablation_anchor0624_20260515/masa_plus_mmgag_anchor0624_component_ablation_seed321_480k_gpu01/g1_p1_e1_v1_seed321_t480k/geoexplorer.pt,swissviewmonuments,125,6,18,0,0,True,0,"[18, 13, 12, 7, 6, 5, 0]","[""up"", ""left"", ""up"", ""left"", ""left"", ""up""]","[1.0, 1.0, 1.0, 1.0, 1.0, 1.0]",6,img125_d6_s18_g00_r0,6,0
GeoExplorer-anchor0624,/root/geoexplorer/results/checkpoint/algo_ablation_anchor0624_20260515/masa_plus_mmgag_anchor0624_component_ablation_seed321_480k_gpu01/g1_p1_e1_v1_seed321_t480k/geoexplorer.pt,swissviewmonuments,125,8,24,0,0,True,0,"[24, 19, 14, 13, 12, 11, 6, 5, 0]","[""up"", ""up"", ""left"", ""left"", ""left"", ""up"", ""left"", ""up""]","[1.0, 1.0, 1.0, 1.0, 1.0, 1.0, 1.0, 1.0]",8,img125_d8_s24_g00_r0,8,0
GeoExplorer-anchor0624,/root/geoexplorer/results/checkpoint/algo_ablation_anchor0624_20260515/masa_plus_mmgag_anchor0624_component_ablation_seed321_480k_gpu01/g1_p1_e1_v1_seed321_t480k/geoexplorer.pt,swissviewmonuments,126,4,13,1,5,False,2,"[13, 12, 7, 6, 5, 0, 5, 0, 5, 6, 5]","[""left"", ""up"", ""left"", ""left"", ""up"", ""down"", ""up"", ""down"", ""right"", ""left""]","[1.0, 1.0, 1.0, -1.0, 1.0, -1.0, 1.0, -1.0, 1.0, -1.0]",10,img126_d4_s13_g01_r0,4,6
GeoExplorer-anchor0624,/root/geoexplorer/results/checkpoint/algo_ablation_anchor0624_20260515/masa_plus_mmgag_anchor0624_component_ablation_seed321_480k_gpu01/g1_p1_e1_v1_seed321_t480k/geoexplorer.pt,swissviewmonuments,126,6,19,1,5,False,2,"[19, 14, 13, 12, 7, 6, 5, 0, 5, 0, 5]","[""up"", ""left"", ""left"", ""up"", ""left"", ""left"", ""up"", ""down"", ""up"", ""down""]","[1.0, 1.0, 1.0, 1.0, 1.0, -1.0, 1.0, -1.0, 1.0, -1.0]",10,img126_d6_s19_g01_r0,6,4
GeoExplorer-anchor0624,/root/geoexplorer/results/checkpoint/algo_ablation_anchor0624_20260515/masa_plus_mmgag_anchor0624_component_ablation_seed321_480k_gpu01/g1_p1_e1_v1_seed321_t480k/geoexplorer.pt,swissviewmonuments,127,4,14,2,20,False,6,"[14, 13, 12, 11, 16, 21, 20, 15, 20, 15, 20]","[""left"", ""left"", ""left"", ""down"", ""down"", ""left"", ""up"", ""down"", ""up"", ""down""]","[1.0, 1.0, -1.0, -1.0, -1.0, -1.0, 1.0, -1.0, 1.0, -1.0]",10,img127_d4_s14_g02_r0,4,6
GeoExplorer-anchor0624,/root/geoexplorer/results/checkpoint/algo_ablation_anchor0624_20260515/masa_plus_mmgag_anchor0624_component_ablation_seed321_480k_gpu01/g1_p1_e1_v1_seed321_t480k/geoexplorer.pt,swissviewmonuments,127,6,24,2,0,False,2,"[24, 19, 18, 13, 12, 11, 6, 1, 0, 5, 0]","[""up"", ""left"", ""up"", ""left"", ""left"", ""up"", ""up"", ""left"", ""down"", ""up""]","[1.0, 1.0, 1.0, 1.0, -1.0, 1.0, 1.0, -1.0, -1.0, 1.0]",10,img127_d6_s24_g02_r0,6,4
GeoExplorer-anchor0624,/root/geoexplorer/results/checkpoint/algo_ablation_anchor0624_20260515/masa_plus_mmgag_anchor0624_component_ablation_seed321_480k_gpu01/g1_p1_e1_v1_seed321_t480k/geoexplorer.pt,swissviewmonuments,128,4,23,3,5,False,4,"[23, 18, 13, 12, 7, 6, 5, 0, 5, 0, 5]","[""up"", ""up"", ""left"", ""up"", ""left"", ""left"", ""up"", ""down"", ""up"", ""down""]","[1.0, 1.0, -1.0, 1.0, -1.0, -1.0, 1.0, -1.0, 1.0, -1.0]",10,img128_d4_s23_g03_r0,4,6
GeoExplorer-anchor0624,/root/geoexplorer/results/checkpoint/algo_ablation_anchor0624_20260515/masa_plus_mmgag_anchor0624_component_ablation_seed321_480k_gpu01/g1_p1_e1_v1_seed321_t480k/geoexplorer.pt,swissviewmonuments,128,6,21,3,9,False,2,"[21, 16, 11, 12, 7, 8, 9, 4, 9, 4, 9]","[""up"", ""up"", ""right"", ""up"", ""right"", ""right"", ""up"", ""down"", ""up"", ""down""]","[1.0, 1.0, 1.0, 1.0, 1.0, -1.0, 1.0, -1.0, 1.0, -1.0]",10,img128_d6_s21_g03_r0,6,4
GeoExplorer-anchor0624,/root/geoexplorer/results/checkpoint/algo_ablation_anchor0624_20260515/masa_plus_mmgag_anchor0624_component_ablation_seed321_480k_gpu01/g1_p1_e1_v1_seed321_t480k/geoexplorer.pt,swissviewmonuments,129,4,0,4,24,False,4,"[0, 5, 10, 15, 20, 21, 22, 23, 24, 19, 24]","[""down"", ""down"", ""down"", ""down"", ""right"", ""right"", ""right"", ""right"", ""up"", ""down""]","[-1.0, -1.0, -1.0, -1.0, 1.0, 1.0, 1.0, 1.0, 1.0, -1.0]",10,img129_d4_s00_g04_r0,4,6
GeoExplorer-anchor0624,/root/geoexplorer/results/checkpoint/algo_ablation_anchor0624_20260515/masa_plus_mmgag_anchor0624_component_ablation_seed321_480k_gpu01/g1_p1_e1_v1_seed321_t480k/geoexplorer.pt,swissviewmonuments,129,6,22,4,4,True,0,"[22, 17, 12, 7, 8, 3, 4]","[""up"", ""up"", ""up"", ""right"", ""up"", ""right""]","[1.0, 1.0, 1.0, 1.0, 1.0, 1.0]",6,img129_d6_s22_g04_r0,6,0
GeoExplorer-anchor0624,/root/geoexplorer/results/checkpoint/algo_ablation_anchor0624_20260515/masa_plus_mmgag_anchor0624_component_ablation_seed321_480k_gpu01/g1_p1_e1_v1_seed321_t480k/geoexplorer.pt,swissviewmonuments,129,8,20,4,4,True,0,"[20, 15, 10, 5, 6, 5, 6, 1, 2, 3, 4]","[""up"", ""up"", ""up"", ""right"", ""left"", ""right"", ""up"", ""right"", ""right"", ""right""]","[1.0, 1.0, 1.0, 1.0, -1.0, 1.0, 1.0, 1.0, 1.0, 1.0]",10,img129_d8_s20_g04_r0,8,2
GeoExplorer-anchor0624,/root/geoexplorer/results/checkpoint/algo_ablation_anchor0624_20260515/masa_plus_mmgag_anchor0624_component_ablation_seed321_480k_gpu01/g1_p1_e1_v1_seed321_t480k/geoexplorer.pt,swissviewmonuments,130,4,3,5,15,False,2,"[3, 8, 13, 12, 11, 10, 15, 20, 21, 20, 15]","[""down"", ""down"", ""left"", ""left"", ""left"", ""down"", ""down"", ""right"", ""left"", ""up""]","[1.0, -1.0, 1.0, 1.0, 1.0, -1.0, -1.0, -1.0, 1.0, 1.0]",10,img130_d4_s03_g05_r0,4,6
GeoExplorer-anchor0624,/root/geoexplorer/results/checkpoint/algo_ablation_anchor0624_20260515/masa_plus_mmgag_anchor0624_component_ablation_seed321_480k_gpu01/g1_p1_e1_v1_seed321_t480k/geoexplorer.pt,swissviewmonuments,130,6,19,5,5,True,0,"[19, 14, 13, 12, 11, 6, 1, 0, 5]","[""up"", ""left"", ""left"", ""left"", ""up"", ""up"", ""left"", ""down""]","[1.0, 1.0, 1.0, 1.0, 1.0, -1.0, 1.0, 1.0]",8,img130_d6_s19_g05_r0,6,2
GeoExplorer-anchor0624,/root/geoexplorer/results/checkpoint/algo_ablation_anchor0624_20260515/masa_plus_mmgag_anchor0624_component_ablation_seed321_480k_gpu01/g1_p1_e1_v1_seed321_t480k/geoexplorer.pt,swissviewmonuments,131,4,4,6,20,False,4,"[4, 9, 8, 13, 12, 11, 16, 15, 20, 21, 20]","[""down"", ""left"", ""down"", ""left"", ""left"", ""down"", ""left"", ""down"", ""right"", ""left""]","[1.0, 1.0, -1.0, 1.0, 1.0, -1.0, -1.0, -1.0, 1.0, -1.0]",10,img131_d4_s04_g06_r0,4,6
GeoExplorer-anchor0624,/root/geoexplorer/results/checkpoint/algo_ablation_anchor0624_20260515/masa_plus_mmgag_anchor0624_component_ablation_seed321_480k_gpu01/g1_p1_e1_v1_seed321_t480k/geoexplorer.pt,swissviewmonuments,131,6,24,6,6,True,0,"[24, 19, 18, 13, 12, 7, 6]","[""up"", ""left"", ""up"", ""left"", ""up"", ""left""]","[1.0, 1.0, 1.0, 1.0, 1.0, 1.0]",6,img131_d6_s24_g06_r0,6,0
GeoExplorer-anchor0624,/root/geoexplorer/results/checkpoint/algo_ablation_anchor0624_20260515/masa_plus_mmgag_anchor0624_component_ablation_seed321_480k_gpu01/g1_p1_e1_v1_seed321_t480k/geoexplorer.pt,swissviewmonuments,132,4,23,7,5,False,2,"[23, 18, 13, 12, 11, 6, 5, 0, 1, 0, 5]","[""up"", ""up"", ""left"", ""left"", ""up"", ""left"", ""up"", ""right"", ""left"", ""down""]","[1.0, 1.0, 1.0, -1.0, 1.0, -1.0, -1.0, 1.0, -1.0, 1.0]",10,img132_d4_s23_g07_r0,4,6
GeoExplorer-anchor0624,/root/geoexplorer/results/checkpoint/algo_ablation_anchor0624_20260515/masa_plus_mmgag_anchor0624_component_ablation_seed321_480k_gpu01/g1_p1_e1_v1_seed321_t480k/geoexplorer.pt,swissviewmonuments,133,4,24,8,0,False,4,"[24, 19, 18, 17, 12, 7, 6, 1, 0, 5, 0]","[""up"", ""left"", ""left"", ""up"", ""up"", ""left"", ""up"", ""left"", ""down"", ""up""]","[1.0, 1.0, -1.0, 1.0, 1.0, -1.0, -1.0, -1.0, 1.0, -1.0]",10,img133_d4_s24_g08_r0,4,6
GeoExplorer-anchor0624,/root/geoexplorer/results/checkpoint/algo_ablation_anchor0624_20260515/masa_plus_mmgag_anchor0624_component_ablation_seed321_480k_gpu01/g1_p1_e1_v1_seed321_t480k/geoexplorer.pt,swissviewmonuments,133,6,20,8,8,True,0,"[20, 15, 16, 17, 12, 7, 8]","[""up"", ""right"", ""right"", ""up"", ""up"", ""right""]","[1.0, 1.0, 1.0, 1.0, 1.0, 1.0]",6,img133_d6_s20_g08_r0,6,0
GeoExplorer-anchor0624,/root/geoexplorer/results/checkpoint/algo_ablation_anchor0624_20260515/masa_plus_mmgag_anchor0624_component_ablation_seed321_480k_gpu01/g1_p1_e1_v1_seed321_t480k/geoexplorer.pt,swissviewmonuments,134,4,23,9,1,False,4,"[23, 18, 13, 8, 7, 6, 5, 0, 5, 0, 1]","[""up"", ""up"", ""up"", ""left"", ""left"", ""left"", ""up"", ""down"", ""up"", ""right""]","[1.0, 1.0, 1.0, -1.0, -1.0, -1.0, -1.0, 1.0, -1.0, 1.0]",10,img134_d4_s23_g09_r0,4,6
GeoExplorer-anchor0624,/root/geoexplorer/results/checkpoint/algo_ablation_anchor0624_20260515/masa_plus_mmgag_anchor0624_component_ablation_seed321_480k_gpu01/g1_p1_e1_v1_seed321_t480k/geoexplorer.pt,swissviewmonuments,134,6,21,9,9,True,0,"[21, 16, 11, 6, 7, 8, 9]","[""up"", ""up"", ""up"", ""right"", ""right"", ""right""]","[1.0, 1.0, 1.0, 1.0, 1.0, 1.0]",6,img134_d6_s21_g09_r0,6,0
GeoExplorer-anchor0624,/root/geoexplorer/results/checkpoint/algo_ablation_anchor0624_20260515/masa_plus_mmgag_anchor0624_component_ablation_seed321_480k_gpu01/g1_p1_e1_v1_seed321_t480k/geoexplorer.pt,swissviewmonuments,135,4,22,10,6,False,2,"[22, 17, 12, 7, 2, 1, 6, 1, 2, 1, 6]","[""up"", ""up"", ""up"", ""up"", ""left"", ""down"", ""up"", ""right"", ""left"", ""down""]","[1.0, 1.0, -1.0, -1.0, 1.0, 1.0, -1.0, -1.0, 1.0, 1.0]",10,img135_d4_s22_g10_r0,4,6
GeoExplorer-anchor0624,/root/geoexplorer/results/checkpoint/algo_ablation_anchor0624_20260515/masa_plus_mmgag_anchor0624_component_ablation_seed321_480k_gpu01/g1_p1_e1_v1_seed321_t480k/geoexplorer.pt,swissviewmonuments,135,6,24,10,0,False,2,"[24, 23, 18, 17, 12, 7, 2, 1, 0, 5, 0]","[""left"", ""up"", ""left"", ""up"", ""up"", ""up"", ""left"", ""left"", ""down"", ""up""]","[1.0, 1.0, 1.0, 1.0, -1.0, -1.0, 1.0, 1.0, 1.0, -1.0]",10,img135_d6_s24_g10_r0,6,4
GeoExplorer-anchor0624,/root/geoexplorer/results/checkpoint/algo_ablation_anchor0624_20260515/masa_plus_mmgag_anchor0624_component_ablation_seed321_480k_gpu01/g1_p1_e1_v1_seed321_t480k/geoexplorer.pt,swissviewmonuments,136,4,23,11,3,False,4,"[23, 18, 13, 8, 7, 6, 1, 0, 1, 2, 3]","[""up"", ""up"", ""up"", ""left"", ""left"", ""up"", ""left"", ""right"", ""right"", ""right""]","[1.0, 1.0, -1.0, 1.0, 1.0, -1.0, -1.0, 1.0, -1.0, -1.0]",10,img136_d4_s23_g11_r0,4,6
GeoExplorer-anchor0624,/root/geoexplorer/results/checkpoint/algo_ablation_anchor0624_20260515/masa_plus_mmgag_anchor0624_component_ablation_seed321_480k_gpu01/g1_p1_e1_v1_seed321_t480k/geoexplorer.pt,swissviewmonuments,137,4,24,12,0,False,4,"[24, 19, 14, 13, 8, 7, 6, 1, 0, 1, 0]","[""up"", ""up"", ""left"", ""up"", ""left"", ""left"", ""up"", ""left"", ""right"", ""left""]","[1.0, 1.0, 1.0, -1.0, 1.0, -1.0, -1.0, -1.0, 1.0, -1.0]",10,img137_d4_s24_g12_r0,4,6
GeoExplorer-anchor0624,/root/geoexplorer/results/checkpoint/algo_ablation_anchor0624_20260515/masa_plus_mmgag_anchor0624_component_ablation_seed321_480k_gpu01/g1_p1_e1_v1_seed321_t480k/geoexplorer.pt,swissviewmonuments,138,4,1,13,19,False,2,"[1, 6, 11, 16, 21, 22, 23, 24, 19, 24, 19]","[""down"", ""down"", ""down"", ""down"", ""right"", ""right"", ""right"", ""up"", ""down"", ""up""]","[1.0, 1.0, -1.0, -1.0, 1.0, 1.0, -1.0, 1.0, -1.0, 1.0]",10,img138_d4_s01_g13_r0,4,6
GeoExplorer-anchor0624,/root/geoexplorer/results/checkpoint/algo_ablation_anchor0624_20260515/masa_plus_mmgag_anchor0624_component_ablation_seed321_480k_gpu01/g1_p1_e1_v1_seed321_t480k/geoexplorer.pt,swissviewmonuments,139,4,2,14,24,False,2,"[2, 7, 12, 17, 22, 23, 24, 19, 24, 23, 24]","[""down"", ""down"", ""down"", ""down"", ""right"", ""right"", ""up"", ""down"", ""left"", ""right""]","[1.0, 1.0, -1.0, -1.0, 1.0, 1.0, 1.0, -1.0, -1.0, 1.0]",10,img139_d4_s02_g14_r0,4,6
GeoExplorer-anchor0624,/root/geoexplorer/results/checkpoint/algo_ablation_anchor0624_20260515/masa_plus_mmgag_anchor0624_component_ablation_seed321_480k_gpu01/g1_p1_e1_v1_seed321_t480k/geoexplorer.pt,swissviewmonuments,139,6,20,14,4,False,2,"[20, 21, 22, 17, 12, 7, 8, 9, 4, 9, 4]","[""right"", ""right"", ""up"", ""up"", ""up"", ""right"", ""right"", ""up"", ""down"", ""up""]","[1.0, 1.0, 1.0, 1.0, -1.0, 1.0, 1.0, -1.0, 1.0, -1.0]",10,img139_d6_s20_g14_r0,6,4
GeoExplorer-anchor0624,/root/geoexplorer/results/checkpoint/algo_ablation_anchor0624_20260515/masa_plus_mmgag_anchor0624_component_ablation_seed321_480k_gpu01/g1_p1_e1_v1_seed321_t480k/geoexplorer.pt,swissviewmonuments,140,4,1,15,23,False,4,"[1, 2, 7, 12, 17, 18, 23, 24, 19, 24, 23]","[""right"", ""down"", ""down"", ""down"", ""right"", ""down"", ""right"", ""up"", ""down"", ""left""]","[-1.0, 1.0, 1.0, 1.0, -1.0, -1.0, -1.0, 1.0, -1.0, 1.0]",10,img140_d4_s01_g15_r0,4,6
GeoExplorer-anchor0624,/root/geoexplorer/results/checkpoint/algo_ablation_anchor0624_20260515/masa_plus_mmgag_anchor0624_component_ablation_seed321_480k_gpu01/g1_p1_e1_v1_seed321_t480k/geoexplorer.pt,swissviewmonuments,140,6,9,15,15,True,0,"[9, 8, 13, 12, 11, 10, 15]","[""left"", ""down"", ""left"", ""left"", ""left"", ""down""]","[1.0, 1.0, 1.0, 1.0, 1.0, 1.0]",6,img140_d6_s09_g15_r0,6,0
GeoExplorer-anchor0624,/root/geoexplorer/results/checkpoint/algo_ablation_anchor0624_20260515/masa_plus_mmgag_anchor0624_component_ablation_seed321_480k_gpu01/g1_p1_e1_v1_seed321_t480k/geoexplorer.pt,swissviewmonuments,141,4,14,16,16,True,0,"[14, 13, 12, 11, 16]","[""left"", ""left"", ""left"", ""down""]","[1.0, 1.0, 1.0, 1.0]",4,img141_d4_s14_g16_r0,4,0
GeoExplorer-anchor0624,/root/geoexplorer/results/checkpoint/algo_ablation_anchor0624_20260515/masa_plus_mmgag_anchor0624_component_ablation_seed321_480k_gpu01/g1_p1_e1_v1_seed321_t480k/geoexplorer.pt,swissviewmonuments,141,6,4,16,16,True,0,"[4, 3, 8, 13, 12, 11, 16]","[""left"", ""down"", ""down"", ""left"", ""left"", ""down""]","[1.0, 1.0, 1.0, 1.0, 1.0, 1.0]",6,img141_d6_s04_g16_r0,6,0
GeoExplorer-anchor0624,/root/geoexplorer/results/checkpoint/algo_ablation_anchor0624_20260515/masa_plus_mmgag_anchor0624_component_ablation_seed321_480k_gpu01/g1_p1_e1_v1_seed321_t480k/geoexplorer.pt,swissviewmonuments,142,4,3,17,17,True,0,"[3, 8, 13, 18, 17]","[""down"", ""down"", ""down"", ""left""]","[1.0, 1.0, 1.0, 1.0]",4,img142_d4_s03_g17_r0,4,0
GeoExplorer-anchor0624,/root/geoexplorer/results/checkpoint/algo_ablation_anchor0624_20260515/masa_plus_mmgag_anchor0624_component_ablation_seed321_480k_gpu01/g1_p1_e1_v1_seed321_t480k/geoexplorer.pt,swissviewmonuments,143,4,10,18,18,True,0,"[10, 11, 12, 13, 18]","[""right"", ""right"", ""right"", ""down""]","[1.0, 1.0, 1.0, 1.0]",4,img143_d4_s10_g18_r0,4,0
GeoExplorer-anchor0624,/root/geoexplorer/results/checkpoint/algo_ablation_anchor0624_20260515/masa_plus_mmgag_anchor0624_component_ablation_seed321_480k_gpu01/g1_p1_e1_v1_seed321_t480k/geoexplorer.pt,swissviewmonuments,143,6,0,18,18,True,0,"[0, 1, 6, 7, 8, 13, 18]","[""right"", ""down"", ""right"", ""right"", ""down"", ""down""]","[1.0, 1.0, 1.0, 1.0, 1.0, 1.0]",6,img143_d6_s00_g18_r0,6,0
GeoExplorer-anchor0624,/root/geoexplorer/results/checkpoint/algo_ablation_anchor0624_20260515/masa_plus_mmgag_anchor0624_component_ablation_seed321_480k_gpu01/g1_p1_e1_v1_seed321_t480k/geoexplorer.pt,swissviewmonuments,144,4,21,19,9,False,2,"[21, 22, 17, 18, 13, 8, 9, 4, 9, 4, 9]","[""right"", ""up"", ""right"", ""up"", ""up"", ""right"", ""up"", ""down"", ""up"", ""down""]","[1.0, 1.0, 1.0, -1.0, -1.0, 1.0, -1.0, 1.0, -1.0, 1.0]",10,img144_d4_s21_g19_r0,4,6
GeoExplorer-anchor0624,/root/geoexplorer/results/checkpoint/algo_ablation_anchor0624_20260515/masa_plus_mmgag_anchor0624_component_ablation_seed321_480k_gpu01/g1_p1_e1_v1_seed321_t480k/geoexplorer.pt,swissviewmonuments,144,6,5,19,19,True,0,"[5, 6, 7, 8, 13, 18, 23, 24, 19]","[""right"", ""right"", ""right"", ""down"", ""down"", ""down"", ""right"", ""up""]","[1.0, 1.0, 1.0, 1.0, 1.0, -1.0, 1.0, 1.0]",8,img144_d6_s05_g19_r0,6,2
GeoExplorer-anchor0624,/root/geoexplorer/results/checkpoint/algo_ablation_anchor0624_20260515/masa_plus_mmgag_anchor0624_component_ablation_seed321_480k_gpu01/g1_p1_e1_v1_seed321_t480k/geoexplorer.pt,swissviewmonuments,145,4,24,20,0,False,4,"[24, 23, 18, 17, 16, 11, 6, 1, 0, 1, 0]","[""left"", ""up"", ""left"", ""left"", ""up"", ""up"", ""up"", ""left"", ""right"", ""left""]","[1.0, -1.0, 1.0, 1.0, -1.0, -1.0, -1.0, 1.0, -1.0, 1.0]",10,img145_d4_s24_g20_r0,4,6
GeoExplorer-anchor0624,/root/geoexplorer/results/checkpoint/algo_ablation_anchor0624_20260515/masa_plus_mmgag_anchor0624_component_ablation_seed321_480k_gpu01/g1_p1_e1_v1_seed321_t480k/geoexplorer.pt,swissviewmonuments,145,6,8,20,18,False,4,"[8, 7, 6, 11, 16, 21, 22, 23, 18, 23, 18]","[""left"", ""left"", ""down"", ""down"", ""down"", ""right"", ""right"", ""up"", ""down"", ""up""]","[1.0, 1.0, 1.0, 1.0, 1.0, -1.0, -1.0, -1.0, 1.0, -1.0]",10,img145_d6_s08_g20_r0,6,4
GeoExplorer-anchor0624,/root/geoexplorer/results/checkpoint/algo_ablation_anchor0624_20260515/masa_plus_mmgag_anchor0624_component_ablation_seed321_480k_gpu01/g1_p1_e1_v1_seed321_t480k/geoexplorer.pt,swissviewmonuments,145,8,4,20,20,True,0,"[4, 3, 8, 7, 6, 11, 16, 21, 20]","[""left"", ""down"", ""left"", ""left"", ""down"", ""down"", ""down"", ""left""]","[1.0, 1.0, 1.0, 1.0, 1.0, 1.0, 1.0, 1.0]",8,img145_d8_s04_g20_r0,8,0
GeoExplorer-anchor0624,/root/geoexplorer/results/checkpoint/algo_ablation_anchor0624_20260515/masa_plus_mmgag_anchor0624_component_ablation_seed321_480k_gpu01/g1_p1_e1_v1_seed321_t480k/geoexplorer.pt,swissviewmonuments,146,4,13,21,17,False,2,"[13, 12, 11, 6, 11, 16, 15, 20, 15, 16, 17]","[""left"", ""left"", ""up"", ""down"", ""down"", ""left"", ""down"", ""up"", ""right"", ""right""]","[1.0, 1.0, -1.0, 1.0, 1.0, -1.0, 1.0, -1.0, 1.0, -1.0]",10,img146_d4_s13_g21_r0,4,6
GeoExplorer-anchor0624,/root/geoexplorer/results/checkpoint/algo_ablation_anchor0624_20260515/masa_plus_mmgag_anchor0624_component_ablation_seed321_480k_gpu01/g1_p1_e1_v1_seed321_t480k/geoexplorer.pt,swissviewmonuments,146,6,3,21,21,True,0,"[3, 8, 7, 6, 11, 16, 21]","[""down"", ""left"", ""left"", ""down"", ""down"", ""down""]","[1.0, 1.0, 1.0, 1.0, 1.0, 1.0]",6,img146_d6_s03_g21_r0,6,0
GeoExplorer-anchor0624,/root/geoexplorer/results/checkpoint/algo_ablation_anchor0624_20260515/masa_plus_mmgag_anchor0624_component_ablation_seed321_480k_gpu01/g1_p1_e1_v1_seed321_t480k/geoexplorer.pt,swissviewmonuments,147,4,14,22,20,False,2,"[14, 13, 12, 11, 16, 21, 20, 15, 20, 15, 20]","[""left"", ""left"", ""left"", ""down"", ""down"", ""left"", ""up"", ""down"", ""up"", ""down""]","[1.0, 1.0, -1.0, 1.0, 1.0, -1.0, -1.0, 1.0, -1.0, 1.0]",10,img147_d4_s14_g22_r0,4,6
GeoExplorer-anchor0624,/root/geoexplorer/results/checkpoint/algo_ablation_anchor0624_20260515/masa_plus_mmgag_anchor0624_component_ablation_seed321_480k_gpu01/g1_p1_e1_v1_seed321_t480k/geoexplorer.pt,swissviewmonuments,147,6,0,22,22,True,0,"[0, 5, 6, 11, 16, 21, 22]","[""down"", ""right"", ""down"", ""down"", ""down"", ""right""]","[1.0, 1.0, 1.0, 1.0, 1.0, 1.0]",6,img147_d6_s00_g22_r0,6,0
GeoExplorer-anchor0624,/root/geoexplorer/results/checkpoint/algo_ablation_anchor0624_20260515/masa_plus_mmgag_anchor0624_component_ablation_seed321_480k_gpu01/g1_p1_e1_v1_seed321_t480k/geoexplorer.pt,swissviewmonuments,148,4,7,23,23,True,0,"[7, 12, 17, 22, 23]","[""down"", ""down"", ""down"", ""right""]","[1.0, 1.0, 1.0, 1.0]",4,img148_d4_s07_g23_r0,4,0
GeoExplorer-anchor0624,/root/geoexplorer/results/checkpoint/algo_ablation_anchor0624_20260515/masa_plus_mmgag_anchor0624_component_ablation_seed321_480k_gpu01/g1_p1_e1_v1_seed321_t480k/geoexplorer.pt,swissviewmonuments,148,6,5,23,23,True,0,"[5, 6, 7, 12, 17, 22, 23]","[""right"", ""right"", ""down"", ""down"", ""down"", ""right""]","[1.0, 1.0, 1.0, 1.0, 1.0, 1.0]",6,img148_d6_s05_g23_r0,6,0
GeoExplorer-anchor0624,/root/geoexplorer/results/checkpoint/algo_ablation_anchor0624_20260515/masa_plus_mmgag_anchor0624_component_ablation_seed321_480k_gpu01/g1_p1_e1_v1_seed321_t480k/geoexplorer.pt,swissviewmonuments,149,4,12,24,24,True,0,"[12, 7, 8, 3, 4, 9, 14, 19, 24]","[""up"", ""right"", ""up"", ""right"", ""down"", ""down"", ""down"", ""down""]","[-1.0, 1.0, -1.0, 1.0, 1.0, 1.0, 1.0, 1.0]",8,img149_d4_s12_g24_r0,4,4
GeoExplorer-anchor0624,/root/geoexplorer/results/checkpoint/algo_ablation_anchor0624_20260515/masa_plus_mmgag_anchor0624_component_ablation_seed321_480k_gpu01/g1_p1_e1_v1_seed321_t480k/geoexplorer.pt,swissviewmonuments,149,6,6,24,24,True,0,"[6, 7, 8, 13, 18, 23, 24]","[""right"", ""right"", ""down"", ""down"", ""down"", ""right""]","[1.0, 1.0, 1.0, 1.0, 1.0, 1.0]",6,img149_d6_s06_g24_r0,6,0
GeoExplorer-anchor0624,/root/geoexplorer/results/checkpoint/algo_ablation_anchor0624_20260515/masa_plus_mmgag_anchor0624_component_ablation_seed321_480k_gpu01/g1_p1_e1_v1_seed321_t480k/geoexplorer.pt,swissviewmonuments,149,8,0,24,24,True,0,"[0, 1, 6, 11, 12, 17, 18, 23, 24]","[""right"", ""down"", ""down"", ""right"", ""down"", ""right"", ""down"", ""right""]","[1.0, 1.0, 1.0, 1.0, 1.0, 1.0, 1.0, 1.0]",8,img149_d8_s00_g24_r0,8,0
GeoExplorer-anchor0624,/root/geoexplorer/results/checkpoint/algo_ablation_anchor0624_20260515/masa_plus_mmgag_anchor0624_component_ablation_seed321_480k_gpu01/g1_p1_e1_v1_seed321_t480k/geoexplorer.pt,swissviewmonuments,150,4,8,0,24,False,8,"[8, 7, 12, 17, 22, 21, 16, 21, 22, 23, 24]","[""left"", ""down"", ""down"", ""down"", ""left"", ""up"", ""down"", ""right"", ""right"", ""right""]","[1.0, -1.0, -1.0, -1.0, 1.0, 1.0, -1.0, -1.0, -1.0, -1.0]",10,img150_d4_s08_g00_r0,4,6
GeoExplorer-anchor0624,/root/geoexplorer/results/checkpoint/algo_ablation_anchor0624_20260515/masa_plus_mmgag_anchor0624_component_ablation_seed321_480k_gpu01/g1_p1_e1_v1_seed321_t480k/geoexplorer.pt,swissviewmonuments,150,6,14,0,16,False,4,"[14, 13, 12, 11, 16, 21, 16, 21, 22, 21, 16]","[""left"", ""left"", ""left"", ""down"", ""down"", ""up"", ""down"", ""right"", ""left"", ""up""]","[1.0, 1.0, 1.0, -1.0, -1.0, 1.0, -1.0, -1.0, 1.0, 1.0]",10,img150_d6_s14_g00_r0,6,4
GeoExplorer-anchor0624,/root/geoexplorer/results/checkpoint/algo_ablation_anchor0624_20260515/masa_plus_mmgag_anchor0624_component_ablation_seed321_480k_gpu01/g1_p1_e1_v1_seed321_t480k/geoexplorer.pt,swissviewmonuments,150,8,24,0,2,False,2,"[24, 19, 14, 9, 8, 7, 2, 3, 2, 3, 2]","[""up"", ""up"", ""up"", ""left"", ""left"", ""up"", ""right"", ""left"", ""right"", ""left""]","[1.0, 1.0, 1.0, 1.0, 1.0, 1.0, -1.0, 1.0, -1.0, 1.0]",10,img150_d8_s24_g00_r0,8,2
GeoExplorer-anchor0624,/root/geoexplorer/results/checkpoint/algo_ablation_anchor0624_20260515/masa_plus_mmgag_anchor0624_component_ablation_seed321_480k_gpu01/g1_p1_e1_v1_seed321_t480k/geoexplorer.pt,swissviewmonuments,151,4,15,1,9,False,4,"[15, 16, 17, 18, 13, 14, 9, 4, 9, 4, 9]","[""right"", ""right"", ""right"", ""up"", ""right"", ""up"", ""up"", ""down"", ""up"", ""down""]","[1.0, -1.0, -1.0, 1.0, -1.0, 1.0, 1.0, -1.0, 1.0, -1.0]",10,img151_d4_s15_g01_r0,4,6
GeoExplorer-anchor0624,/root/geoexplorer/results/checkpoint/algo_ablation_anchor0624_20260515/masa_plus_mmgag_anchor0624_component_ablation_seed321_480k_gpu01/g1_p1_e1_v1_seed321_t480k/geoexplorer.pt,swissviewmonuments,151,6,23,1,1,True,0,"[23, 18, 13, 12, 11, 6, 1]","[""up"", ""up"", ""left"", ""left"", ""up"", ""up""]","[1.0, 1.0, 1.0, 1.0, 1.0, 1.0]",6,img151_d6_s23_g01_r0,6,0
GeoExplorer-anchor0624,/root/geoexplorer/results/checkpoint/algo_ablation_anchor0624_20260515/masa_plus_mmgag_anchor0624_component_ablation_seed321_480k_gpu01/g1_p1_e1_v1_seed321_t480k/geoexplorer.pt,swissviewmonuments,152,4,18,2,0,False,2,"[18, 13, 8, 7, 6, 1, 0, 5, 0, 5, 0]","[""up"", ""up"", ""left"", ""left"", ""up"", ""left"", ""down"", ""up"", ""down"", ""up""]","[1.0, 1.0, 1.0, -1.0, 1.0, -1.0, -1.0, 1.0, -1.0, 1.0]",10,img152_d4_s18_g02_r0,4,6
GeoExplorer-anchor0624,/root/geoexplorer/results/checkpoint/algo_ablation_anchor0624_20260515/masa_plus_mmgag_anchor0624_component_ablation_seed321_480k_gpu01/g1_p1_e1_v1_seed321_t480k/geoexplorer.pt,swissviewmonuments,152,6,24,2,6,False,2,"[24, 19, 14, 13, 12, 11, 6, 1, 0, 1, 6]","[""up"", ""up"", ""left"", ""left"", ""left"", ""up"", ""up"", ""left"", ""right"", ""down""]","[1.0, 1.0, 1.0, 1.0, -1.0, 1.0, 1.0, -1.0, 1.0, -1.0]",10,img152_d6_s24_g02_r0,6,4
GeoExplorer-anchor0624,/root/geoexplorer/results/checkpoint/algo_ablation_anchor0624_20260515/masa_plus_mmgag_anchor0624_component_ablation_seed321_480k_gpu01/g1_p1_e1_v1_seed321_t480k/geoexplorer.pt,swissviewmonuments,153,4,11,3,19,False,4,"[11, 12, 13, 18, 23, 24, 19, 24, 19, 14, 19]","[""right"", ""right"", ""down"", ""down"", ""right"", ""up"", ""down"", ""up"", ""up"", ""down""]","[1.0, 1.0, -1.0, -1.0, -1.0, 1.0, -1.0, 1.0, 1.0, -1.0]",10,img153_d4_s11_g03_r0,4,6
GeoExplorer-anchor0624,/root/geoexplorer/results/checkpoint/algo_ablation_anchor0624_20260515/masa_plus_mmgag_anchor0624_component_ablation_seed321_480k_gpu01/g1_p1_e1_v1_seed321_t480k/geoexplorer.pt,swissviewmonuments,153,6,15,3,9,False,2,"[15, 16, 11, 6, 7, 8, 9, 4, 9, 4, 9]","[""right"", ""up"", ""up"", ""right"", ""right"", ""right"", ""up"", ""down"", ""up"", ""down""]","[1.0, 1.0, 1.0, 1.0, 1.0, -1.0, 1.0, -1.0, 1.0, -1.0]",10,img153_d6_s15_g03_r0,6,4
GeoExplorer-anchor0624,/root/geoexplorer/results/checkpoint/algo_ablation_anchor0624_20260515/masa_plus_mmgag_anchor0624_component_ablation_seed321_480k_gpu01/g1_p1_e1_v1_seed321_t480k/geoexplorer.pt,swissviewmonuments,154,4,6,4,24,False,4,"[6, 7, 8, 13, 18, 23, 24, 19, 24, 19, 24]","[""right"", ""right"", ""down"", ""down"", ""down"", ""right"", ""up"", ""down"", ""up"", ""down""]","[1.0, 1.0, -1.0, -1.0, -1.0, 1.0, 1.0, -1.0, 1.0, -1.0]",10,img154_d4_s06_g04_r0,4,6
GeoExplorer-anchor0624,/root/geoexplorer/results/checkpoint/algo_ablation_anchor0624_20260515/masa_plus_mmgag_anchor0624_component_ablation_seed321_480k_gpu01/g1_p1_e1_v1_seed321_t480k/geoexplorer.pt,swissviewmonuments,154,6,10,4,24,False,4,"[10, 11, 16, 17, 18, 23, 24, 19, 24, 19, 24]","[""right"", ""down"", ""right"", ""right"", ""down"", ""right"", ""up"", ""down"", ""up"", ""down""]","[1.0, -1.0, 1.0, 1.0, -1.0, 1.0, 1.0, -1.0, 1.0, -1.0]",10,img154_d6_s10_g04_r0,6,4
GeoExplorer-anchor0624,/root/geoexplorer/results/checkpoint/algo_ablation_anchor0624_20260515/masa_plus_mmgag_anchor0624_component_ablation_seed321_480k_gpu01/g1_p1_e1_v1_seed321_t480k/geoexplorer.pt,swissviewmonuments,154,8,20,4,4,True,0,"[20, 15, 10, 5, 6, 1, 2, 3, 4]","[""up"", ""up"", ""up"", ""right"", ""up"", ""right"", ""right"", ""right""]","[1.0, 1.0, 1.0, 1.0, 1.0, 1.0, 1.0, 1.0]",8,img154_d8_s20_g04_r0,8,0
GeoExplorer-anchor0624,/root/geoexplorer/results/checkpoint/algo_ablation_anchor0624_20260515/masa_plus_mmgag_anchor0624_component_ablation_seed321_480k_gpu01/g1_p1_e1_v1_seed321_t480k/geoexplorer.pt,swissviewmonuments,155,4,3,5,21,False,4,"[3, 8, 13, 12, 17, 16, 21, 20, 15, 20, 21]","[""down"", ""down"", ""left"", ""down"", ""left"", ""down"", ""left"", ""up"", ""down"", ""right""]","[1.0, -1.0, 1.0, -1.0, 1.0, -1.0, 1.0, 1.0, -1.0, -1.0]",10,img155_d4_s03_g05_r0,4,6
GeoExplorer-anchor0624,/root/geoexplorer/results/checkpoint/algo_ablation_anchor0624_20260515/masa_plus_mmgag_anchor0624_component_ablation_seed321_480k_gpu01/g1_p1_e1_v1_seed321_t480k/geoexplorer.pt,swissviewmonuments,155,6,19,5,5,True,0,"[19, 14, 9, 8, 7, 2, 1, 0, 5]","[""up"", ""up"", ""left"", ""left"", ""up"", ""left"", ""left"", ""down""]","[1.0, 1.0, 1.0, 1.0, -1.0, 1.0, 1.0, 1.0]",8,img155_d6_s19_g05_r0,6,2
GeoExplorer-anchor0624,/root/geoexplorer/results/checkpoint/algo_ablation_anchor0624_20260515/masa_plus_mmgag_anchor0624_component_ablation_seed321_480k_gpu01/g1_p1_e1_v1_seed321_t480k/geoexplorer.pt,swissviewmonuments,156,4,22,6,4,False,4,"[22, 17, 12, 7, 8, 3, 4, 9, 4, 3, 4]","[""up"", ""up"", ""up"", ""right"", ""up"", ""right"", ""down"", ""up"", ""left"", ""right""]","[1.0, 1.0, 1.0, -1.0, -1.0, -1.0, 1.0, -1.0, 1.0, -1.0]",10,img156_d4_s22_g06_r0,4,6
GeoExplorer-anchor0624,/root/geoexplorer/results/checkpoint/algo_ablation_anchor0624_20260515/masa_plus_mmgag_anchor0624_component_ablation_seed321_480k_gpu01/g1_p1_e1_v1_seed321_t480k/geoexplorer.pt,swissviewmonuments,156,6,24,6,0,False,2,"[24, 19, 14, 9, 8, 3, 2, 1, 0, 5, 0]","[""up"", ""up"", ""up"", ""left"", ""up"", ""left"", ""left"", ""left"", ""down"", ""up""]","[1.0, 1.0, 1.0, 1.0, -1.0, 1.0, 1.0, -1.0, 1.0, -1.0]",10,img156_d6_s24_g06_r0,6,4
GeoExplorer-anchor0624,/root/geoexplorer/results/checkpoint/algo_ablation_anchor0624_20260515/masa_plus_mmgag_anchor0624_component_ablation_seed321_480k_gpu01/g1_p1_e1_v1_seed321_t480k/geoexplorer.pt,swissviewmonuments,157,4,19,7,5,False,2,"[19, 14, 9, 4, 3, 2, 1, 0, 5, 0, 5]","[""up"", ""up"", ""up"", ""left"", ""left"", ""left"", ""left"", ""down"", ""up"", ""down""]","[1.0, 1.0, -1.0, 1.0, 1.0, -1.0, -1.0, 1.0, -1.0, 1.0]",10,img157_d4_s19_g07_r0,4,6
GeoExplorer-anchor0624,/root/geoexplorer/results/checkpoint/algo_ablation_anchor0624_20260515/masa_plus_mmgag_anchor0624_component_ablation_seed321_480k_gpu01/g1_p1_e1_v1_seed321_t480k/geoexplorer.pt,swissviewmonuments,158,4,16,8,18,False,2,"[16, 21, 22, 23, 18, 23, 18, 23, 18, 23, 18]","[""down"", ""right"", ""right"", ""up"", ""down"", ""up"", ""down"", ""up"", ""down"", ""up""]","[-1.0, 1.0, 1.0, 1.0, -1.0, 1.0, -1.0, 1.0, -1.0, 1.0]",10,img158_d4_s16_g08_r0,4,6
GeoExplorer-anchor0624,/root/geoexplorer/results/checkpoint/algo_ablation_anchor0624_20260515/masa_plus_mmgag_anchor0624_component_ablation_seed321_480k_gpu01/g1_p1_e1_v1_seed321_t480k/geoexplorer.pt,swissviewmonuments,158,6,20,8,14,False,2,"[20, 15, 10, 5, 0, 1, 2, 3, 4, 9, 14]","[""up"", ""up"", ""up"", ""up"", ""right"", ""right"", ""right"", ""right"", ""down"", ""down""]","[1.0, 1.0, 1.0, -1.0, 1.0, 1.0, 1.0, -1.0, 1.0, -1.0]",10,img158_d6_s20_g08_r0,6,4
GeoExplorer-anchor0624,/root/geoexplorer/results/checkpoint/algo_ablation_anchor0624_20260515/masa_plus_mmgag_anchor0624_component_ablation_seed321_480k_gpu01/g1_p1_e1_v1_seed321_t480k/geoexplorer.pt,swissviewmonuments,159,4,11,9,19,False,2,"[11, 16, 21, 22, 23, 24, 19, 24, 19, 24, 19]","[""down"", ""down"", ""right"", ""right"", ""right"", ""up"", ""down"", ""up"", ""down"", ""up""]","[-1.0, -1.0, 1.0, 1.0, 1.0, 1.0, -1.0, 1.0, -1.0, 1.0]",10,img159_d4_s11_g09_r0,4,6
GeoExplorer-anchor0624,/root/geoexplorer/results/checkpoint/algo_ablation_anchor0624_20260515/masa_plus_mmgag_anchor0624_component_ablation_seed321_480k_gpu01/g1_p1_e1_v1_seed321_t480k/geoexplorer.pt,swissviewmonuments,159,6,15,9,9,True,0,"[15, 16, 17, 12, 13, 8, 9]","[""right"", ""right"", ""up"", ""right"", ""up"", ""right""]","[1.0, 1.0, 1.0, 1.0, 1.0, 1.0]",6,img159_d6_s15_g09_r0,6,0
GeoExplorer-anchor0624,/root/geoexplorer/results/checkpoint/algo_ablation_anchor0624_20260515/masa_plus_mmgag_anchor0624_component_ablation_seed321_480k_gpu01/g1_p1_e1_v1_seed321_t480k/geoexplorer.pt,swissviewmonuments,160,4,2,10,24,False,6,"[2, 7, 12, 17, 22, 21, 20, 21, 22, 23, 24]","[""down"", ""down"", ""down"", ""down"", ""left"", ""left"", ""right"", ""right"", ""right"", ""right""]","[1.0, 1.0, -1.0, -1.0, 1.0, 1.0, -1.0, -1.0, -1.0, -1.0]",10,img160_d4_s02_g10_r0,4,6
GeoExplorer-anchor0624,/root/geoexplorer/results/checkpoint/algo_ablation_anchor0624_20260515/masa_plus_mmgag_anchor0624_component_ablation_seed321_480k_gpu01/g1_p1_e1_v1_seed321_t480k/geoexplorer.pt,swissviewmonuments,160,6,24,10,0,False,2,"[24, 19, 14, 9, 8, 7, 2, 1, 0, 5, 0]","[""up"", ""up"", ""up"", ""left"", ""left"", ""up"", ""left"", ""left"", ""down"", ""up""]","[1.0, 1.0, -1.0, 1.0, 1.0, -1.0, 1.0, 1.0, 1.0, -1.0]",10,img160_d6_s24_g10_r0,6,4
GeoExplorer-anchor0624,/root/geoexplorer/results/checkpoint/algo_ablation_anchor0624_20260515/masa_plus_mmgag_anchor0624_component_ablation_seed321_480k_gpu01/g1_p1_e1_v1_seed321_t480k/geoexplorer.pt,swissviewmonuments,161,4,9,11,15,False,2,"[9, 8, 7, 12, 17, 22, 21, 20, 15, 20, 15]","[""left"", ""left"", ""down"", ""down"", ""down"", ""left"", ""left"", ""up"", ""down"", ""up""]","[1.0, 1.0, 1.0, -1.0, -1.0, 1.0, -1.0, 1.0, -1.0, 1.0]",10,img161_d4_s09_g11_r0,4,6
GeoExplorer-anchor0624,/root/geoexplorer/results/checkpoint/algo_ablation_anchor0624_20260515/masa_plus_mmgag_anchor0624_component_ablation_seed321_480k_gpu01/g1_p1_e1_v1_seed321_t480k/geoexplorer.pt,swissviewmonuments,162,4,20,12,12,True,0,"[20, 21, 16, 11, 12]","[""right"", ""up"", ""up"", ""right""]","[1.0, 1.0, 1.0, 1.0]",4,img162_d4_s20_g12_r0,4,0
GeoExplorer-anchor0624,/root/geoexplorer/results/checkpoint/algo_ablation_anchor0624_20260515/masa_plus_mmgag_anchor0624_component_ablation_seed321_480k_gpu01/g1_p1_e1_v1_seed321_t480k/geoexplorer.pt,swissviewmonuments,163,4,15,13,23,False,2,"[15, 16, 21, 22, 23, 18, 23, 24, 19, 24, 23]","[""right"", ""down"", ""right"", ""right"", ""up"", ""down"", ""right"", ""up"", ""down"", ""left""]","[1.0, -1.0, 1.0, 1.0, 1.0, -1.0, -1.0, 1.0, -1.0, 1.0]",10,img163_d4_s15_g13_r0,4,6
GeoExplorer-anchor0624,/root/geoexplorer/results/checkpoint/algo_ablation_anchor0624_20260515/masa_plus_mmgag_anchor0624_component_ablation_seed321_480k_gpu01/g1_p1_e1_v1_seed321_t480k/geoexplorer.pt,swissviewmonuments,164,4,22,14,8,False,2,"[22, 17, 12, 7, 8, 9, 4, 3, 2, 7, 8]","[""up"", ""up"", ""up"", ""right"", ""right"", ""up"", ""left"", ""left"", ""down"", ""right""]","[1.0, 1.0, -1.0, 1.0, 1.0, -1.0, -1.0, -1.0, 1.0, 1.0]",10,img164_d4_s22_g14_r0,4,6
GeoExplorer-anchor0624,/root/geoexplorer/results/checkpoint/algo_ablation_anchor0624_20260515/masa_plus_mmgag_anchor0624_component_ablation_seed321_480k_gpu01/g1_p1_e1_v1_seed321_t480k/geoexplorer.pt,swissviewmonuments,164,6,20,14,14,True,0,"[20, 15, 10, 11, 12, 13, 14]","[""up"", ""up"", ""right"", ""right"", ""right"", ""right""]","[1.0, 1.0, 1.0, 1.0, 1.0, 1.0]",6,img164_d6_s20_g14_r0,6,0
GeoExplorer-anchor0624,/root/geoexplorer/results/checkpoint/algo_ablation_anchor0624_20260515/masa_plus_mmgag_anchor0624_component_ablation_seed321_480k_gpu01/g1_p1_e1_v1_seed321_t480k/geoexplorer.pt,swissviewmonuments,165,4,13,15,21,False,2,"[13, 12, 7, 6, 11, 16, 21, 20, 21, 16, 21]","[""left"", ""up"", ""left"", ""down"", ""down"", ""down"", ""left"", ""right"", ""up"", ""down""]","[1.0, -1.0, 1.0, 1.0, 1.0, -1.0, 1.0, -1.0, 1.0, -1.0]",10,img165_d4_s13_g15_r0,4,6
GeoExplorer-anchor0624,/root/geoexplorer/results/checkpoint/algo_ablation_anchor0624_20260515/masa_plus_mmgag_anchor0624_component_ablation_seed321_480k_gpu01/g1_p1_e1_v1_seed321_t480k/geoexplorer.pt,swissviewmonuments,165,6,9,15,15,True,0,"[9, 8, 13, 12, 17, 16, 21, 20, 15]","[""left"", ""down"", ""left"", ""down"", ""left"", ""down"", ""left"", ""up""]","[1.0, 1.0, 1.0, 1.0, 1.0, -1.0, 1.0, 1.0]",8,img165_d6_s09_g15_r0,6,2
GeoExplorer-anchor0624,/root/geoexplorer/results/checkpoint/algo_ablation_anchor0624_20260515/masa_plus_mmgag_anchor0624_component_ablation_seed321_480k_gpu01/g1_p1_e1_v1_seed321_t480k/geoexplorer.pt,swissviewmonuments,166,4,2,16,24,False,4,"[2, 7, 12, 17, 22, 23, 24, 19, 24, 19, 24]","[""down"", ""down"", ""down"", ""down"", ""right"", ""right"", ""up"", ""down"", ""up"", ""down""]","[1.0, 1.0, 1.0, -1.0, -1.0, -1.0, 1.0, -1.0, 1.0, -1.0]",10,img166_d4_s02_g16_r0,4,6
GeoExplorer-anchor0624,/root/geoexplorer/results/checkpoint/algo_ablation_anchor0624_20260515/masa_plus_mmgag_anchor0624_component_ablation_seed321_480k_gpu01/g1_p1_e1_v1_seed321_t480k/geoexplorer.pt,swissviewmonuments,166,6,4,16,16,True,0,"[4, 3, 2, 1, 6, 11, 16]","[""left"", ""left"", ""left"", ""down"", ""down"", ""down""]","[1.0, 1.0, 1.0, 1.0, 1.0, 1.0]",6,img166_d6_s04_g16_r0,6,0
GeoExplorer-anchor0624,/root/geoexplorer/results/checkpoint/algo_ablation_anchor0624_20260515/masa_plus_mmgag_anchor0624_component_ablation_seed321_480k_gpu01/g1_p1_e1_v1_seed321_t480k/geoexplorer.pt,swissviewmonuments,167,4,3,17,15,False,2,"[3, 8, 7, 12, 11, 16, 21, 20, 21, 20, 15]","[""down"", ""left"", ""down"", ""left"", ""down"", ""down"", ""left"", ""right"", ""left"", ""up""]","[1.0, 1.0, 1.0, -1.0, 1.0, -1.0, -1.0, 1.0, -1.0, 1.0]",10,img167_d4_s03_g17_r0,4,6
GeoExplorer-anchor0624,/root/geoexplorer/results/checkpoint/algo_ablation_anchor0624_20260515/masa_plus_mmgag_anchor0624_component_ablation_seed321_480k_gpu01/g1_p1_e1_v1_seed321_t480k/geoexplorer.pt,swissviewmonuments,168,4,6,18,24,False,2,"[6, 7, 8, 13, 14, 19, 24, 23, 24, 23, 24]","[""right"", ""right"", ""down"", ""right"", ""down"", ""down"", ""left"", ""right"", ""left"", ""right""]","[1.0, 1.0, 1.0, -1.0, 1.0, -1.0, 1.0, -1.0, 1.0, -1.0]",10,img168_d4_s06_g18_r0,4,6
GeoExplorer-anchor0624,/root/geoexplorer/results/checkpoint/algo_ablation_anchor0624_20260515/masa_plus_mmgag_anchor0624_component_ablation_seed321_480k_gpu01/g1_p1_e1_v1_seed321_t480k/geoexplorer.pt,swissviewmonuments,168,6,0,18,24,False,2,"[0, 1, 6, 7, 8, 13, 14, 19, 24, 23, 24]","[""right"", ""down"", ""right"", ""right"", ""down"", ""right"", ""down"", ""down"", ""left"", ""right""]","[1.0, 1.0, 1.0, 1.0, 1.0, -1.0, 1.0, -1.0, 1.0, -1.0]",10,img168_d6_s00_g18_r0,6,4
GeoExplorer-anchor0624,/root/geoexplorer/results/checkpoint/algo_ablation_anchor0624_20260515/masa_plus_mmgag_anchor0624_component_ablation_seed321_480k_gpu01/g1_p1_e1_v1_seed321_t480k/geoexplorer.pt,swissviewmonuments,169,4,7,19,21,False,4,"[7, 8, 13, 18, 17, 16, 21, 20, 15, 20, 21]","[""right"", ""down"", ""down"", ""left"", ""left"", ""down"", ""left"", ""up"", ""down"", ""right""]","[1.0, 1.0, 1.0, -1.0, -1.0, -1.0, -1.0, 1.0, -1.0, 1.0]",10,img169_d4_s07_g19_r0,4,6
GeoExplorer-anchor0624,/root/geoexplorer/results/checkpoint/algo_ablation_anchor0624_20260515/masa_plus_mmgag_anchor0624_component_ablation_seed321_480k_gpu01/g1_p1_e1_v1_seed321_t480k/geoexplorer.pt,swissviewmonuments,169,6,1,19,19,True,0,"[1, 2, 7, 12, 17, 22, 23, 24, 19]","[""right"", ""down"", ""down"", ""down"", ""down"", ""right"", ""right"", ""up""]","[1.0, 1.0, 1.0, 1.0, -1.0, 1.0, 1.0, 1.0]",8,img169_d6_s01_g19_r0,6,2
GeoExplorer-anchor0624,/root/geoexplorer/results/checkpoint/algo_ablation_anchor0624_20260515/masa_plus_mmgag_anchor0624_component_ablation_seed321_480k_gpu01/g1_p1_e1_v1_seed321_t480k/geoexplorer.pt,swissviewmonuments,170,4,0,20,24,False,4,"[0, 1, 2, 3, 8, 13, 18, 23, 24, 19, 24]","[""right"", ""right"", ""right"", ""down"", ""down"", ""down"", ""down"", ""right"", ""up"", ""down""]","[-1.0, -1.0, -1.0, 1.0, 1.0, 1.0, 1.0, -1.0, -1.0, 1.0]",10,img170_d4_s00_g20_r0,4,6
GeoExplorer-anchor0624,/root/geoexplorer/results/checkpoint/algo_ablation_anchor0624_20260515/masa_plus_mmgag_anchor0624_component_ablation_seed321_480k_gpu01/g1_p1_e1_v1_seed321_t480k/geoexplorer.pt,swissviewmonuments,170,6,2,20,24,False,4,"[2, 7, 12, 17, 22, 23, 22, 23, 24, 19, 24]","[""down"", ""down"", ""down"", ""down"", ""right"", ""left"", ""right"", ""right"", ""up"", ""down""]","[1.0, 1.0, 1.0, 1.0, -1.0, 1.0, -1.0, -1.0, -1.0, 1.0]",10,img170_d6_s02_g20_r0,6,4
GeoExplorer-anchor0624,/root/geoexplorer/results/checkpoint/algo_ablation_anchor0624_20260515/masa_plus_mmgag_anchor0624_component_ablation_seed321_480k_gpu01/g1_p1_e1_v1_seed321_t480k/geoexplorer.pt,swissviewmonuments,170,8,4,20,20,True,0,"[4, 9, 8, 7, 6, 11, 16, 21, 20]","[""down"", ""left"", ""left"", ""left"", ""down"", ""down"", ""down"", ""left""]","[1.0, 1.0, 1.0, 1.0, 1.0, 1.0, 1.0, 1.0]",8,img170_d8_s04_g20_r0,8,0
GeoExplorer-anchor0624,/root/geoexplorer/results/checkpoint/algo_ablation_anchor0624_20260515/masa_plus_mmgag_anchor0624_component_ablation_seed321_480k_gpu01/g1_p1_e1_v1_seed321_t480k/geoexplorer.pt,swissviewmonuments,171,4,1,21,19,False,4,"[1, 2, 7, 12, 13, 18, 23, 24, 23, 24, 19]","[""right"", ""down"", ""down"", ""right"", ""down"", ""down"", ""right"", ""left"", ""right"", ""up""]","[-1.0, 1.0, 1.0, -1.0, 1.0, 1.0, -1.0, 1.0, -1.0, -1.0]",10,img171_d4_s01_g21_r0,4,6
GeoExplorer-anchor0624,/root/geoexplorer/results/checkpoint/algo_ablation_anchor0624_20260515/masa_plus_mmgag_anchor0624_component_ablation_seed321_480k_gpu01/g1_p1_e1_v1_seed321_t480k/geoexplorer.pt,swissviewmonuments,171,6,3,21,21,True,0,"[3, 8, 13, 18, 23, 22, 21]","[""down"", ""down"", ""down"", ""down"", ""left"", ""left""]","[1.0, 1.0, 1.0, 1.0, 1.0, 1.0]",6,img171_d6_s03_g21_r0,6,0
GeoExplorer-anchor0624,/root/geoexplorer/results/checkpoint/algo_ablation_anchor0624_20260515/masa_plus_mmgag_anchor0624_component_ablation_seed321_480k_gpu01/g1_p1_e1_v1_seed321_t480k/geoexplorer.pt,swissviewmonuments,172,4,14,22,20,False,2,"[14, 13, 12, 11, 16, 21, 20, 15, 20, 15, 20]","[""left"", ""left"", ""left"", ""down"", ""down"", ""left"", ""up"", ""down"", ""up"", ""down""]","[1.0, 1.0, -1.0, 1.0, 1.0, -1.0, -1.0, 1.0, -1.0, 1.0]",10,img172_d4_s14_g22_r0,4,6
GeoExplorer-anchor0624,/root/geoexplorer/results/checkpoint/algo_ablation_anchor0624_20260515/masa_plus_mmgag_anchor0624_component_ablation_seed321_480k_gpu01/g1_p1_e1_v1_seed321_t480k/geoexplorer.pt,swissviewmonuments,172,6,0,22,24,False,2,"[0, 1, 6, 7, 8, 13, 18, 23, 24, 19, 24]","[""right"", ""down"", ""right"", ""right"", ""down"", ""down"", ""down"", ""right"", ""up"", ""down""]","[1.0, 1.0, 1.0, -1.0, 1.0, 1.0, 1.0, -1.0, -1.0, 1.0]",10,img172_d6_s00_g22_r0,6,4
GeoExplorer-anchor0624,/root/geoexplorer/results/checkpoint/algo_ablation_anchor0624_20260515/masa_plus_mmgag_anchor0624_component_ablation_seed321_480k_gpu01/g1_p1_e1_v1_seed321_t480k/geoexplorer.pt,swissviewmonuments,173,4,11,23,23,True,0,"[11, 12, 13, 18, 19, 24, 19, 24, 23]","[""right"", ""right"", ""down"", ""right"", ""down"", ""up"", ""down"", ""left""]","[1.0, 1.0, 1.0, -1.0, 1.0, -1.0, 1.0, 1.0]",8,img173_d4_s11_g23_r0,4,4
GeoExplorer-anchor0624,/root/geoexplorer/results/checkpoint/algo_ablation_anchor0624_20260515/masa_plus_mmgag_anchor0624_component_ablation_seed321_480k_gpu01/g1_p1_e1_v1_seed321_t480k/geoexplorer.pt,swissviewmonuments,173,6,5,23,23,True,0,"[5, 6, 7, 8, 13, 18, 23]","[""right"", ""right"", ""right"", ""down"", ""down"", ""down""]","[1.0, 1.0, 1.0, 1.0, 1.0, 1.0]",6,img173_d6_s05_g23_r0,6,0
GeoExplorer-anchor0624,/root/geoexplorer/results/checkpoint/algo_ablation_anchor0624_20260515/masa_plus_mmgag_anchor0624_component_ablation_seed321_480k_gpu01/g1_p1_e1_v1_seed321_t480k/geoexplorer.pt,swissviewmonuments,174,4,20,24,4,False,4,"[20, 21, 22, 17, 12, 7, 8, 9, 4, 9, 4]","[""right"", ""right"", ""up"", ""up"", ""up"", ""right"", ""right"", ""up"", ""down"", ""up""]","[1.0, 1.0, -1.0, -1.0, -1.0, 1.0, 1.0, -1.0, 1.0, -1.0]",10,img174_d4_s20_g24_r0,4,6
GeoExplorer-anchor0624,/root/geoexplorer/results/checkpoint/algo_ablation_anchor0624_20260515/masa_plus_mmgag_anchor0624_component_ablation_seed321_480k_gpu01/g1_p1_e1_v1_seed321_t480k/geoexplorer.pt,swissviewmonuments,174,6,2,24,22,False,2,"[2, 3, 8, 13, 18, 23, 22, 21, 20, 21, 22]","[""right"", ""down"", ""down"", ""down"", ""down"", ""left"", ""left"", ""left"", ""right"", ""right""]","[1.0, 1.0, 1.0, 1.0, 1.0, -1.0, -1.0, -1.0, 1.0, 1.0]",10,img174_d6_s02_g24_r0,6,4
GeoExplorer-anchor0624,/root/geoexplorer/results/checkpoint/algo_ablation_anchor0624_20260515/masa_plus_mmgag_anchor0624_component_ablation_seed321_480k_gpu01/g1_p1_e1_v1_seed321_t480k/geoexplorer.pt,swissviewmonuments,174,8,0,24,24,True,0,"[0, 1, 2, 7, 12, 13, 18, 23, 24]","[""right"", ""right"", ""down"", ""down"", ""right"", ""down"", ""down"", ""right""]","[1.0, 1.0, 1.0, 1.0, 1.0, 1.0, 1.0, 1.0]",8,img174_d8_s00_g24_r0,8,0
GeoExplorer-anchor0624,/root/geoexplorer/results/checkpoint/algo_ablation_anchor0624_20260515/masa_plus_mmgag_anchor0624_component_ablation_seed321_480k_gpu01/g1_p1_e1_v1_seed321_t480k/geoexplorer.pt,swissviewmonuments,175,4,16,0,4,False,4,"[16, 17, 12, 7, 2, 3, 4, 9, 4, 9, 4]","[""right"", ""up"", ""up"", ""up"", ""right"", ""right"", ""down"", ""up"", ""down"", ""up""]","[-1.0, 1.0, 1.0, 1.0, -1.0, -1.0, -1.0, 1.0, -1.0, 1.0]",10,img175_d4_s16_g00_r0,4,6
GeoExplorer-anchor0624,/root/geoexplorer/results/checkpoint/algo_ablation_anchor0624_20260515/masa_plus_mmgag_anchor0624_component_ablation_seed321_480k_gpu01/g1_p1_e1_v1_seed321_t480k/geoexplorer.pt,swissviewmonuments,175,6,22,0,8,False,4,"[22, 17, 12, 7, 2, 1, 6, 1, 2, 3, 8]","[""up"", ""up"", ""up"", ""up"", ""left"", ""down"", ""up"", ""right"", ""right"", ""down""]","[1.0, 1.0, 1.0, 1.0, 1.0, -1.0, 1.0, -1.0, -1.0, -1.0]",10,img175_d6_s22_g00_r0,6,4
GeoExplorer-anchor0624,/root/geoexplorer/results/checkpoint/algo_ablation_anchor0624_20260515/masa_plus_mmgag_anchor0624_component_ablation_seed321_480k_gpu01/g1_p1_e1_v1_seed321_t480k/geoexplorer.pt,swissviewmonuments,175,8,24,0,0,True,0,"[24, 19, 14, 13, 12, 11, 6, 1, 0]","[""up"", ""up"", ""left"", ""left"", ""left"", ""up"", ""up"", ""left""]","[1.0, 1.0, 1.0, 1.0, 1.0, 1.0, 1.0, 1.0]",8,img175_d8_s24_g00_r0,8,0
GeoExplorer-anchor0624,/root/geoexplorer/results/checkpoint/algo_ablation_anchor0624_20260515/masa_plus_mmgag_anchor0624_component_ablation_seed321_480k_gpu01/g1_p1_e1_v1_seed321_t480k/geoexplorer.pt,swissviewmonuments,176,4,15,1,9,False,4,"[15, 16, 11, 12, 7, 2, 3, 4, 9, 4, 9]","[""right"", ""up"", ""right"", ""up"", ""up"", ""right"", ""right"", ""down"", ""up"", ""down""]","[1.0, 1.0, -1.0, 1.0, 1.0, -1.0, -1.0, -1.0, 1.0, -1.0]",10,img176_d4_s15_g01_r0,4,6
GeoExplorer-anchor0624,/root/geoexplorer/results/checkpoint/algo_ablation_anchor0624_20260515/masa_plus_mmgag_anchor0624_component_ablation_seed321_480k_gpu01/g1_p1_e1_v1_seed321_t480k/geoexplorer.pt,swissviewmonuments,176,6,23,1,1,True,0,"[23, 18, 13, 8, 7, 2, 1]","[""up"", ""up"", ""up"", ""left"", ""up"", ""left""]","[1.0, 1.0, 1.0, 1.0, 1.0, 1.0]",6,img176_d6_s23_g01_r0,6,0
GeoExplorer-anchor0624,/root/geoexplorer/results/checkpoint/algo_ablation_anchor0624_20260515/masa_plus_mmgag_anchor0624_component_ablation_seed321_480k_gpu01/g1_p1_e1_v1_seed321_t480k/geoexplorer.pt,swissviewmonuments,177,4,16,2,4,False,2,"[16, 17, 12, 13, 8, 3, 4, 9, 4, 9, 4]","[""right"", ""up"", ""right"", ""up"", ""up"", ""right"", ""down"", ""up"", ""down"", ""up""]","[1.0, 1.0, -1.0, 1.0, 1.0, -1.0, -1.0, 1.0, -1.0, 1.0]",10,img177_d4_s16_g02_r0,4,6
GeoExplorer-anchor0624,/root/geoexplorer/results/checkpoint/algo_ablation_anchor0624_20260515/masa_plus_mmgag_anchor0624_component_ablation_seed321_480k_gpu01/g1_p1_e1_v1_seed321_t480k/geoexplorer.pt,swissviewmonuments,177,6,24,2,6,False,2,"[24, 19, 18, 17, 12, 7, 6, 1, 0, 1, 6]","[""up"", ""left"", ""left"", ""up"", ""up"", ""left"", ""up"", ""left"", ""right"", ""down""]","[1.0, 1.0, 1.0, 1.0, 1.0, -1.0, 1.0, -1.0, 1.0, -1.0]",10,img177_d6_s24_g02_r0,6,4
GeoExplorer-anchor0624,/root/geoexplorer/results/checkpoint/algo_ablation_anchor0624_20260515/masa_plus_mmgag_anchor0624_component_ablation_seed321_480k_gpu01/g1_p1_e1_v1_seed321_t480k/geoexplorer.pt,swissviewmonuments,178,4,19,3,5,False,4,"[19, 18, 13, 12, 7, 2, 1, 0, 1, 0, 5]","[""left"", ""up"", ""left"", ""up"", ""up"", ""left"", ""left"", ""right"", ""left"", ""down""]","[1.0, 1.0, -1.0, 1.0, 1.0, -1.0, -1.0, 1.0, -1.0, -1.0]",10,img178_d4_s19_g03_r0,4,6
GeoExplorer-anchor0624,/root/geoexplorer/results/checkpoint/algo_ablation_anchor0624_20260515/masa_plus_mmgag_anchor0624_component_ablation_seed321_480k_gpu01/g1_p1_e1_v1_seed321_t480k/geoexplorer.pt,swissviewmonuments,178,6,21,3,3,True,0,"[21, 16, 17, 12, 7, 2, 3]","[""up"", ""right"", ""up"", ""up"", ""up"", ""right""]","[1.0, 1.0, 1.0, 1.0, 1.0, 1.0]",6,img178_d6_s21_g03_r0,6,0
GeoExplorer-anchor0624,/root/geoexplorer/results/checkpoint/algo_ablation_anchor0624_20260515/masa_plus_mmgag_anchor0624_component_ablation_seed321_480k_gpu01/g1_p1_e1_v1_seed321_t480k/geoexplorer.pt,swissviewmonuments,179,4,6,4,22,False,6,"[6, 7, 8, 13, 18, 23, 24, 23, 24, 23, 22]","[""right"", ""right"", ""down"", ""down"", ""down"", ""right"", ""left"", ""right"", ""left"", ""left""]","[1.0, 1.0, -1.0, -1.0, -1.0, 1.0, -1.0, 1.0, -1.0, -1.0]",10,img179_d4_s06_g04_r0,4,6
GeoExplorer-anchor0624,/root/geoexplorer/results/checkpoint/algo_ablation_anchor0624_20260515/masa_plus_mmgag_anchor0624_component_ablation_seed321_480k_gpu01/g1_p1_e1_v1_seed321_t480k/geoexplorer.pt,swissviewmonuments,179,6,10,4,22,False,6,"[10, 11, 12, 13, 18, 19, 24, 23, 22, 23, 22]","[""right"", ""right"", ""right"", ""down"", ""right"", ""down"", ""left"", ""left"", ""right"", ""left""]","[1.0, 1.0, 1.0, -1.0, 1.0, -1.0, -1.0, -1.0, 1.0, -1.0]",10,img179_d6_s10_g04_r0,6,4
GeoExplorer-anchor0624,/root/geoexplorer/results/checkpoint/algo_ablation_anchor0624_20260515/masa_plus_mmgag_anchor0624_component_ablation_seed321_480k_gpu01/g1_p1_e1_v1_seed321_t480k/geoexplorer.pt,swissviewmonuments,179,8,20,4,4,True,0,"[20, 21, 16, 11, 12, 13, 14, 9, 4]","[""right"", ""up"", ""up"", ""right"", ""right"", ""right"", ""up"", ""up""]","[1.0, 1.0, 1.0, 1.0, 1.0, 1.0, 1.0, 1.0]",8,img179_d8_s20_g04_r0,8,0
GeoExplorer-anchor0624,/root/geoexplorer/results/checkpoint/algo_ablation_anchor0624_20260515/masa_plus_mmgag_anchor0624_component_ablation_seed321_480k_gpu01/g1_p1_e1_v1_seed321_t480k/geoexplorer.pt,swissviewmonuments,180,4,13,5,5,True,0,"[13, 8, 7, 6, 5]","[""up"", ""left"", ""left"", ""left""]","[1.0, 1.0, 1.0, 1.0]",4,img180_d4_s13_g05_r0,4,0
GeoExplorer-anchor0624,/root/geoexplorer/results/checkpoint/algo_ablation_anchor0624_20260515/masa_plus_mmgag_anchor0624_component_ablation_seed321_480k_gpu01/g1_p1_e1_v1_seed321_t480k/geoexplorer.pt,swissviewmonuments,180,6,23,5,5,True,0,"[23, 18, 13, 8, 7, 6, 5]","[""up"", ""up"", ""up"", ""left"", ""left"", ""left""]","[1.0, 1.0, 1.0, 1.0, 1.0, 1.0]",6,img180_d6_s23_g05_r0,6,0
GeoExplorer-anchor0624,/root/geoexplorer/results/checkpoint/algo_ablation_anchor0624_20260515/masa_plus_mmgag_anchor0624_component_ablation_seed321_480k_gpu01/g1_p1_e1_v1_seed321_t480k/geoexplorer.pt,swissviewmonuments,181,4,20,6,6,True,0,"[20, 15, 10, 5, 6]","[""up"", ""up"", ""up"", ""right""]","[1.0, 1.0, 1.0, 1.0]",4,img181_d4_s20_g06_r0,4,0
GeoExplorer-anchor0624,/root/geoexplorer/results/checkpoint/algo_ablation_anchor0624_20260515/masa_plus_mmgag_anchor0624_component_ablation_seed321_480k_gpu01/g1_p1_e1_v1_seed321_t480k/geoexplorer.pt,swissviewmonuments,181,6,24,6,6,True,0,"[24, 19, 14, 13, 12, 7, 6]","[""up"", ""up"", ""left"", ""left"", ""up"", ""left""]","[1.0, 1.0, 1.0, 1.0, 1.0, 1.0]",6,img181_d6_s24_g06_r0,6,0
GeoExplorer-anchor0624,/root/geoexplorer/results/checkpoint/algo_ablation_anchor0624_20260515/masa_plus_mmgag_anchor0624_component_ablation_seed321_480k_gpu01/g1_p1_e1_v1_seed321_t480k/geoexplorer.pt,swissviewmonuments,182,4,15,7,7,True,0,"[15, 16, 11, 6, 7]","[""right"", ""up"", ""up"", ""right""]","[1.0, 1.0, 1.0, 1.0]",4,img182_d4_s15_g07_r0,4,0
GeoExplorer-anchor0624,/root/geoexplorer/results/checkpoint/algo_ablation_anchor0624_20260515/masa_plus_mmgag_anchor0624_component_ablation_seed321_480k_gpu01/g1_p1_e1_v1_seed321_t480k/geoexplorer.pt,swissviewmonuments,183,4,24,8,8,True,0,"[24, 23, 18, 13, 8]","[""left"", ""up"", ""up"", ""up""]","[1.0, 1.0, 1.0, 1.0]",4,img183_d4_s24_g08_r0,4,0
GeoExplorer-anchor0624,/root/geoexplorer/results/checkpoint/algo_ablation_anchor0624_20260515/masa_plus_mmgag_anchor0624_component_ablation_seed321_480k_gpu01/g1_p1_e1_v1_seed321_t480k/geoexplorer.pt,swissviewmonuments,183,6,20,8,8,True,0,"[20, 21, 16, 11, 6, 7, 8]","[""right"", ""up"", ""up"", ""up"", ""right"", ""right""]","[1.0, 1.0, 1.0, 1.0, 1.0, 1.0]",6,img183_d6_s20_g08_r0,6,0
GeoExplorer-anchor0624,/root/geoexplorer/results/checkpoint/algo_ablation_anchor0624_20260515/masa_plus_mmgag_anchor0624_component_ablation_seed321_480k_gpu01/g1_p1_e1_v1_seed321_t480k/geoexplorer.pt,swissviewmonuments,184,4,11,9,19,False,2,"[11, 12, 13, 18, 19, 24, 19, 24, 23, 24, 19]","[""right"", ""right"", ""down"", ""right"", ""down"", ""up"", ""down"", ""left"", ""right"", ""up""]","[1.0, 1.0, -1.0, 1.0, -1.0, 1.0, -1.0, -1.0, 1.0, 1.0]",10,img184_d4_s11_g09_r0,4,6
GeoExplorer-anchor0624,/root/geoexplorer/results/checkpoint/algo_ablation_anchor0624_20260515/masa_plus_mmgag_anchor0624_component_ablation_seed321_480k_gpu01/g1_p1_e1_v1_seed321_t480k/geoexplorer.pt,swissviewmonuments,184,6,15,9,9,True,0,"[15, 16, 17, 12, 7, 8, 3, 4, 9]","[""right"", ""right"", ""up"", ""up"", ""right"", ""up"", ""right"", ""down""]","[1.0, 1.0, 1.0, 1.0, 1.0, -1.0, 1.0, 1.0]",8,img184_d6_s15_g09_r0,6,2
GeoExplorer-anchor0624,/root/geoexplorer/results/checkpoint/algo_ablation_anchor0624_20260515/masa_plus_mmgag_anchor0624_component_ablation_seed321_480k_gpu01/g1_p1_e1_v1_seed321_t480k/geoexplorer.pt,swissviewmonuments,185,4,22,10,4,False,6,"[22, 17, 12, 7, 8, 3, 4, 9, 4, 3, 4]","[""up"", ""up"", ""up"", ""right"", ""up"", ""right"", ""down"", ""up"", ""left"", ""right""]","[1.0, 1.0, -1.0, -1.0, -1.0, -1.0, 1.0, -1.0, 1.0, -1.0]",10,img185_d4_s22_g10_r0,4,6
GeoExplorer-anchor0624,/root/geoexplorer/results/checkpoint/algo_ablation_anchor0624_20260515/masa_plus_mmgag_anchor0624_component_ablation_seed321_480k_gpu01/g1_p1_e1_v1_seed321_t480k/geoexplorer.pt,swissviewmonuments,185,6,24,10,0,False,2,"[24, 19, 14, 13, 12, 11, 6, 1, 0, 1, 0]","[""up"", ""up"", ""left"", ""left"", ""left"", ""up"", ""up"", ""left"", ""right"", ""left""]","[1.0, 1.0, 1.0, 1.0, 1.0, -1.0, -1.0, 1.0, -1.0, 1.0]",10,img185_d6_s24_g10_r0,6,4
GeoExplorer-anchor0624,/root/geoexplorer/results/checkpoint/algo_ablation_anchor0624_20260515/masa_plus_mmgag_anchor0624_component_ablation_seed321_480k_gpu01/g1_p1_e1_v1_seed321_t480k/geoexplorer.pt,swissviewmonuments,186,4,9,11,11,True,0,"[9, 8, 7, 6, 11]","[""left"", ""left"", ""left"", ""down""]","[1.0, 1.0, 1.0, 1.0]",4,img186_d4_s09_g11_r0,4,0
GeoExplorer-anchor0624,/root/geoexplorer/results/checkpoint/algo_ablation_anchor0624_20260515/masa_plus_mmgag_anchor0624_component_ablation_seed321_480k_gpu01/g1_p1_e1_v1_seed321_t480k/geoexplorer.pt,swissviewmonuments,187,4,20,12,12,True,0,"[20, 15, 10, 11, 12]","[""up"", ""up"", ""right"", ""right""]","[1.0, 1.0, 1.0, 1.0]",4,img187_d4_s20_g12_r0,4,0
GeoExplorer-anchor0624,/root/geoexplorer/results/checkpoint/algo_ablation_anchor0624_20260515/masa_plus_mmgag_anchor0624_component_ablation_seed321_480k_gpu01/g1_p1_e1_v1_seed321_t480k/geoexplorer.pt,swissviewmonuments,188,4,21,13,9,False,2,"[21, 16, 11, 12, 7, 8, 9, 4, 9, 4, 9]","[""up"", ""up"", ""right"", ""up"", ""right"", ""right"", ""up"", ""down"", ""up"", ""down""]","[1.0, 1.0, 1.0, -1.0, 1.0, -1.0, -1.0, 1.0, -1.0, 1.0]",10,img188_d4_s21_g13_r0,4,6
GeoExplorer-anchor0624,/root/geoexplorer/results/checkpoint/algo_ablation_anchor0624_20260515/masa_plus_mmgag_anchor0624_component_ablation_seed321_480k_gpu01/g1_p1_e1_v1_seed321_t480k/geoexplorer.pt,swissviewmonuments,189,4,6,14,24,False,2,"[6, 7, 12, 17, 22, 23, 24, 19, 24, 19, 24]","[""right"", ""down"", ""down"", ""down"", ""right"", ""right"", ""up"", ""down"", ""up"", ""down""]","[1.0, 1.0, -1.0, -1.0, 1.0, 1.0, 1.0, -1.0, 1.0, -1.0]",10,img189_d4_s06_g14_r0,4,6
GeoExplorer-anchor0624,/root/geoexplorer/results/checkpoint/algo_ablation_anchor0624_20260515/masa_plus_mmgag_anchor0624_component_ablation_seed321_480k_gpu01/g1_p1_e1_v1_seed321_t480k/geoexplorer.pt,swissviewmonuments,189,6,20,14,14,True,0,"[20, 21, 22, 17, 12, 7, 8, 3, 4, 9, 14]","[""right"", ""right"", ""up"", ""up"", ""up"", ""right"", ""up"", ""right"", ""down"", ""down""]","[1.0, 1.0, 1.0, 1.0, -1.0, 1.0, -1.0, 1.0, 1.0, 1.0]",10,img189_d6_s20_g14_r0,6,4
GeoExplorer-anchor0624,/root/geoexplorer/results/checkpoint/algo_ablation_anchor0624_20260515/masa_plus_mmgag_anchor0624_component_ablation_seed321_480k_gpu01/g1_p1_e1_v1_seed321_t480k/geoexplorer.pt,swissviewmonuments,190,4,23,15,1,False,4,"[23, 24, 19, 14, 13, 12, 11, 6, 5, 6, 1]","[""right"", ""up"", ""up"", ""left"", ""left"", ""left"", ""up"", ""left"", ""right"", ""up""]","[-1.0, 1.0, -1.0, 1.0, 1.0, 1.0, -1.0, 1.0, -1.0, -1.0]",10,img190_d4_s23_g15_r0,4,6
GeoExplorer-anchor0624,/root/geoexplorer/results/checkpoint/algo_ablation_anchor0624_20260515/masa_plus_mmgag_anchor0624_component_ablation_seed321_480k_gpu01/g1_p1_e1_v1_seed321_t480k/geoexplorer.pt,swissviewmonuments,190,6,3,15,15,True,0,"[3, 8, 9, 14, 13, 12, 11, 16, 15]","[""down"", ""right"", ""down"", ""left"", ""left"", ""left"", ""down"", ""left""]","[1.0, -1.0, 1.0, 1.0, 1.0, 1.0, 1.0, 1.0]",8,img190_d6_s03_g15_r0,6,2
GeoExplorer-anchor0624,/root/geoexplorer/results/checkpoint/algo_ablation_anchor0624_20260515/masa_plus_mmgag_anchor0624_component_ablation_seed321_480k_gpu01/g1_p1_e1_v1_seed321_t480k/geoexplorer.pt,swissviewmonuments,191,4,24,16,6,False,2,"[24, 19, 18, 17, 12, 11, 6, 5, 0, 1, 6]","[""up"", ""left"", ""left"", ""up"", ""left"", ""up"", ""left"", ""up"", ""right"", ""down""]","[1.0, 1.0, 1.0, -1.0, 1.0, -1.0, -1.0, -1.0, 1.0, 1.0]",10,img191_d4_s24_g16_r0,4,6
GeoExplorer-anchor0624,/root/geoexplorer/results/checkpoint/algo_ablation_anchor0624_20260515/masa_plus_mmgag_anchor0624_component_ablation_seed321_480k_gpu01/g1_p1_e1_v1_seed321_t480k/geoexplorer.pt,swissviewmonuments,191,6,4,16,16,True,0,"[4, 9, 8, 7, 6, 11, 16]","[""down"", ""left"", ""left"", ""left"", ""down"", ""down""]","[1.0, 1.0, 1.0, 1.0, 1.0, 1.0]",6,img191_d6_s04_g16_r0,6,0
GeoExplorer-anchor0624,/root/geoexplorer/results/checkpoint/algo_ablation_anchor0624_20260515/masa_plus_mmgag_anchor0624_component_ablation_seed321_480k_gpu01/g1_p1_e1_v1_seed321_t480k/geoexplorer.pt,swissviewmonuments,192,4,3,17,17,True,0,"[3, 8, 13, 12, 17]","[""down"", ""down"", ""left"", ""down""]","[1.0, 1.0, 1.0, 1.0]",4,img192_d4_s03_g17_r0,4,0
GeoExplorer-anchor0624,/root/geoexplorer/results/checkpoint/algo_ablation_anchor0624_20260515/masa_plus_mmgag_anchor0624_component_ablation_seed321_480k_gpu01/g1_p1_e1_v1_seed321_t480k/geoexplorer.pt,swissviewmonuments,193,4,20,18,14,False,2,"[20, 21, 16, 11, 12, 7, 8, 9, 14, 9, 14]","[""right"", ""up"", ""up"", ""right"", ""up"", ""right"", ""right"", ""down"", ""up"", ""down""]","[1.0, 1.0, -1.0, 1.0, -1.0, 1.0, -1.0, 1.0, -1.0, 1.0]",10,img193_d4_s20_g18_r0,4,6
GeoExplorer-anchor0624,/root/geoexplorer/results/checkpoint/algo_ablation_anchor0624_20260515/masa_plus_mmgag_anchor0624_component_ablation_seed321_480k_gpu01/g1_p1_e1_v1_seed321_t480k/geoexplorer.pt,swissviewmonuments,193,6,0,18,18,True,0,"[0, 1, 6, 7, 8, 13, 18]","[""right"", ""down"", ""right"", ""right"", ""down"", ""down""]","[1.0, 1.0, 1.0, 1.0, 1.0, 1.0]",6,img193_d6_s00_g18_r0,6,0
GeoExplorer-anchor0624,/root/geoexplorer/results/checkpoint/algo_ablation_anchor0624_20260515/masa_plus_mmgag_anchor0624_component_ablation_seed321_480k_gpu01/g1_p1_e1_v1_seed321_t480k/geoexplorer.pt,swissviewmonuments,194,4,3,19,21,False,4,"[3, 8, 13, 18, 23, 22, 21, 16, 21, 22, 21]","[""down"", ""down"", ""down"", ""down"", ""left"", ""left"", ""up"", ""down"", ""right"", ""left""]","[1.0, 1.0, 1.0, -1.0, -1.0, -1.0, 1.0, -1.0, 1.0, -1.0]",10,img194_d4_s03_g19_r0,4,6
GeoExplorer-anchor0624,/root/geoexplorer/results/checkpoint/algo_ablation_anchor0624_20260515/masa_plus_mmgag_anchor0624_component_ablation_seed321_480k_gpu01/g1_p1_e1_v1_seed321_t480k/geoexplorer.pt,swissviewmonuments,194,6,5,19,19,True,0,"[5, 6, 7, 8, 13, 18, 23, 24, 19]","[""right"", ""right"", ""right"", ""down"", ""down"", ""down"", ""right"", ""up""]","[1.0, 1.0, 1.0, 1.0, 1.0, -1.0, 1.0, 1.0]",8,img194_d6_s05_g19_r0,6,2
GeoExplorer-anchor0624,/root/geoexplorer/results/checkpoint/algo_ablation_anchor0624_20260515/masa_plus_mmgag_anchor0624_component_ablation_seed321_480k_gpu01/g1_p1_e1_v1_seed321_t480k/geoexplorer.pt,swissviewmonuments,195,4,18,20,6,False,4,"[18, 13, 12, 11, 10, 5, 0, 1, 0, 5, 6]","[""up"", ""left"", ""left"", ""left"", ""up"", ""up"", ""right"", ""left"", ""down"", ""right""]","[-1.0, 1.0, 1.0, 1.0, -1.0, -1.0, -1.0, 1.0, 1.0, -1.0]",10,img195_d4_s18_g20_r0,4,6
GeoExplorer-anchor0624,/root/geoexplorer/results/checkpoint/algo_ablation_anchor0624_20260515/masa_plus_mmgag_anchor0624_component_ablation_seed321_480k_gpu01/g1_p1_e1_v1_seed321_t480k/geoexplorer.pt,swissviewmonuments,195,6,8,20,24,False,4,"[8, 7, 12, 17, 22, 23, 24, 19, 24, 19, 24]","[""left"", ""down"", ""down"", ""down"", ""right"", ""right"", ""up"", ""down"", ""up"", ""down""]","[1.0, 1.0, 1.0, 1.0, -1.0, -1.0, -1.0, 1.0, -1.0, 1.0]",10,img195_d6_s08_g20_r0,6,4
GeoExplorer-anchor0624,/root/geoexplorer/results/checkpoint/algo_ablation_anchor0624_20260515/masa_plus_mmgag_anchor0624_component_ablation_seed321_480k_gpu01/g1_p1_e1_v1_seed321_t480k/geoexplorer.pt,swissviewmonuments,195,8,4,20,20,True,0,"[4, 9, 8, 7, 6, 11, 16, 21, 20]","[""down"", ""left"", ""left"", ""left"", ""down"", ""down"", ""down"", ""left""]","[1.0, 1.0, 1.0, 1.0, 1.0, 1.0, 1.0, 1.0]",8,img195_d8_s04_g20_r0,8,0
GeoExplorer-anchor0624,/root/geoexplorer/results/checkpoint/algo_ablation_anchor0624_20260515/masa_plus_mmgag_anchor0624_component_ablation_seed321_480k_gpu01/g1_p1_e1_v1_seed321_t480k/geoexplorer.pt,swissviewmonuments,196,4,1,21,23,False,2,"[1, 2, 7, 12, 17, 22, 23, 24, 19, 24, 23]","[""right"", ""down"", ""down"", ""down"", ""down"", ""right"", ""right"", ""up"", ""down"", ""left""]","[-1.0, 1.0, 1.0, 1.0, 1.0, -1.0, -1.0, -1.0, 1.0, 1.0]",10,img196_d4_s01_g21_r0,4,6
GeoExplorer-anchor0624,/root/geoexplorer/results/checkpoint/algo_ablation_anchor0624_20260515/masa_plus_mmgag_anchor0624_component_ablation_seed321_480k_gpu01/g1_p1_e1_v1_seed321_t480k/geoexplorer.pt,swissviewmonuments,196,6,9,21,21,True,0,"[9, 8, 7, 6, 11, 16, 21]","[""left"", ""left"", ""left"", ""down"", ""down"", ""down""]","[1.0, 1.0, 1.0, 1.0, 1.0, 1.0]",6,img196_d6_s09_g21_r0,6,0
GeoExplorer-anchor0624,/root/geoexplorer/results/checkpoint/algo_ablation_anchor0624_20260515/masa_plus_mmgag_anchor0624_component_ablation_seed321_480k_gpu01/g1_p1_e1_v1_seed321_t480k/geoexplorer.pt,swissviewmonuments,197,4,8,22,20,False,2,"[8, 13, 18, 17, 16, 21, 20, 15, 20, 15, 20]","[""down"", ""down"", ""left"", ""left"", ""down"", ""left"", ""up"", ""down"", ""up"", ""down""]","[1.0, 1.0, 1.0, -1.0, 1.0, -1.0, -1.0, 1.0, -1.0, 1.0]",10,img197_d4_s08_g22_r0,4,6
GeoExplorer-anchor0624,/root/geoexplorer/results/checkpoint/algo_ablation_anchor0624_20260515/masa_plus_mmgag_anchor0624_component_ablation_seed321_480k_gpu01/g1_p1_e1_v1_seed321_t480k/geoexplorer.pt,swissviewmonuments,197,6,0,22,22,True,0,"[0, 5, 10, 11, 12, 17, 22]","[""down"", ""down"", ""right"", ""right"", ""down"", ""down""]","[1.0, 1.0, 1.0, 1.0, 1.0, 1.0]",6,img197_d6_s00_g22_r0,6,0
GeoExplorer-anchor0624,/root/geoexplorer/results/checkpoint/algo_ablation_anchor0624_20260515/masa_plus_mmgag_anchor0624_component_ablation_seed321_480k_gpu01/g1_p1_e1_v1_seed321_t480k/geoexplorer.pt,swissviewmonuments,198,4,9,23,21,False,2,"[9, 14, 13, 12, 11, 16, 15, 20, 21, 20, 21]","[""down"", ""left"", ""left"", ""left"", ""down"", ""left"", ""down"", ""right"", ""left"", ""right""]","[1.0, 1.0, -1.0, -1.0, 1.0, -1.0, 1.0, 1.0, -1.0, 1.0]",10,img198_d4_s09_g23_r0,4,6
GeoExplorer-anchor0624,/root/geoexplorer/results/checkpoint/algo_ablation_anchor0624_20260515/masa_plus_mmgag_anchor0624_component_ablation_seed321_480k_gpu01/g1_p1_e1_v1_seed321_t480k/geoexplorer.pt,swissviewmonuments,198,6,5,23,23,True,0,"[5, 10, 15, 16, 15, 20, 21, 22, 23]","[""down"", ""down"", ""right"", ""left"", ""down"", ""right"", ""right"", ""right""]","[1.0, 1.0, 1.0, -1.0, 1.0, 1.0, 1.0, 1.0]",8,img198_d6_s05_g23_r0,6,2
GeoExplorer-anchor0624,/root/geoexplorer/results/checkpoint/algo_ablation_anchor0624_20260515/masa_plus_mmgag_anchor0624_component_ablation_seed321_480k_gpu01/g1_p1_e1_v1_seed321_t480k/geoexplorer.pt,swissviewmonuments,199,4,20,24,4,False,4,"[20, 21, 16, 11, 6, 7, 2, 3, 4, 9, 4]","[""right"", ""up"", ""up"", ""up"", ""right"", ""up"", ""right"", ""right"", ""down"", ""up""]","[1.0, -1.0, -1.0, -1.0, 1.0, -1.0, 1.0, 1.0, 1.0, -1.0]",10,img199_d4_s20_g24_r0,4,6
GeoExplorer-anchor0624,/root/geoexplorer/results/checkpoint/algo_ablation_anchor0624_20260515/masa_plus_mmgag_anchor0624_component_ablation_seed321_480k_gpu01/g1_p1_e1_v1_seed321_t480k/geoexplorer.pt,swissviewmonuments,199,6,6,24,24,True,0,"[6, 11, 16, 21, 22, 23, 24]","[""down"", ""down"", ""down"", ""right"", ""right"", ""right""]","[1.0, 1.0, 1.0, 1.0, 1.0, 1.0]",6,img199_d6_s06_g24_r0,6,0
GeoExplorer-anchor0624,/root/geoexplorer/results/checkpoint/algo_ablation_anchor0624_20260515/masa_plus_mmgag_anchor0624_component_ablation_seed321_480k_gpu01/g1_p1_e1_v1_seed321_t480k/geoexplorer.pt,swissviewmonuments,199,8,0,24,24,True,0,"[0, 1, 6, 11, 16, 21, 22, 23, 24]","[""right"", ""down"", ""down"", ""down"", ""down"", ""right"", ""right"", ""right""]","[1.0, 1.0, 1.0, 1.0, 1.0, 1.0, 1.0, 1.0]",8,img199_d8_s00_g24_r0,8,0
GeoExplorer-anchor0624,/root/geoexplorer/results/checkpoint/algo_ablation_anchor0624_20260515/masa_plus_mmgag_anchor0624_component_ablation_seed321_480k_gpu01/g1_p1_e1_v1_seed321_t480k/geoexplorer.pt,swissviewmonuments,200,4,16,0,24,False,8,"[16, 21, 22, 23, 18, 23, 18, 19, 24, 19, 24]","[""down"", ""right"", ""right"", ""up"", ""down"", ""up"", ""right"", ""down"", ""up"", ""down""]","[-1.0, -1.0, -1.0, 1.0, -1.0, 1.0, -1.0, -1.0, 1.0, -1.0]",10,img200_d4_s16_g00_r0,4,6
GeoExplorer-anchor0624,/root/geoexplorer/results/checkpoint/algo_ablation_anchor0624_20260515/masa_plus_mmgag_anchor0624_component_ablation_seed321_480k_gpu01/g1_p1_e1_v1_seed321_t480k/geoexplorer.pt,swissviewmonuments,200,6,22,0,4,False,4,"[22, 17, 12, 7, 2, 3, 4, 9, 4, 3, 4]","[""up"", ""up"", ""up"", ""up"", ""right"", ""right"", ""down"", ""up"", ""left"", ""right""]","[1.0, 1.0, 1.0, 1.0, -1.0, -1.0, -1.0, 1.0, 1.0, -1.0]",10,img200_d6_s22_g00_r0,6,4
GeoExplorer-anchor0624,/root/geoexplorer/results/checkpoint/algo_ablation_anchor0624_20260515/masa_plus_mmgag_anchor0624_component_ablation_seed321_480k_gpu01/g1_p1_e1_v1_seed321_t480k/geoexplorer.pt,swissviewmonuments,200,8,24,0,0,True,0,"[24, 19, 18, 17, 12, 7, 2, 1, 0]","[""up"", ""left"", ""left"", ""up"", ""up"", ""up"", ""left"", ""left""]","[1.0, 1.0, 1.0, 1.0, 1.0, 1.0, 1.0, 1.0]",8,img200_d8_s24_g00_r0,8,0
GeoExplorer-anchor0624,/root/geoexplorer/results/checkpoint/algo_ablation_anchor0624_20260515/masa_plus_mmgag_anchor0624_component_ablation_seed321_480k_gpu01/g1_p1_e1_v1_seed321_t480k/geoexplorer.pt,swissviewmonuments,201,4,13,1,19,False,6,"[13, 12, 11, 16, 15, 20, 21, 22, 23, 24, 19]","[""left"", ""left"", ""down"", ""left"", ""down"", ""right"", ""right"", ""right"", ""right"", ""up""]","[1.0, 1.0, -1.0, -1.0, -1.0, 1.0, -1.0, -1.0, -1.0, 1.0]",10,img201_d4_s13_g01_r0,4,6
GeoExplorer-anchor0624,/root/geoexplorer/results/checkpoint/algo_ablation_anchor0624_20260515/masa_plus_mmgag_anchor0624_component_ablation_seed321_480k_gpu01/g1_p1_e1_v1_seed321_t480k/geoexplorer.pt,swissviewmonuments,201,6,23,1,1,True,0,"[23, 24, 19, 24, 19, 18, 17, 16, 11, 6, 1]","[""right"", ""up"", ""down"", ""up"", ""left"", ""left"", ""left"", ""up"", ""up"", ""up""]","[-1.0, 1.0, -1.0, 1.0, 1.0, 1.0, 1.0, 1.0, 1.0, 1.0]",10,img201_d6_s23_g01_r0,6,4
GeoExplorer-anchor0624,/root/geoexplorer/results/checkpoint/algo_ablation_anchor0624_20260515/masa_plus_mmgag_anchor0624_component_ablation_seed321_480k_gpu01/g1_p1_e1_v1_seed321_t480k/geoexplorer.pt,swissviewmonuments,202,4,18,2,6,False,2,"[18, 17, 12, 7, 6, 5, 0, 5, 6, 7, 6]","[""left"", ""up"", ""up"", ""left"", ""left"", ""up"", ""down"", ""right"", ""right"", ""left""]","[1.0, 1.0, 1.0, -1.0, -1.0, 1.0, -1.0, 1.0, 1.0, -1.0]",10,img202_d4_s18_g02_r0,4,6
GeoExplorer-anchor0624,/root/geoexplorer/results/checkpoint/algo_ablation_anchor0624_20260515/masa_plus_mmgag_anchor0624_component_ablation_seed321_480k_gpu01/g1_p1_e1_v1_seed321_t480k/geoexplorer.pt,swissviewmonuments,202,6,20,2,14,False,4,"[20, 21, 16, 11, 6, 7, 8, 9, 4, 9, 14]","[""right"", ""up"", ""up"", ""up"", ""right"", ""right"", ""right"", ""up"", ""down"", ""down""]","[1.0, 1.0, 1.0, 1.0, 1.0, -1.0, -1.0, 1.0, -1.0, -1.0]",10,img202_d6_s20_g02_r0,6,4
GeoExplorer-anchor0624,/root/geoexplorer/results/checkpoint/algo_ablation_anchor0624_20260515/masa_plus_mmgag_anchor0624_component_ablation_seed321_480k_gpu01/g1_p1_e1_v1_seed321_t480k/geoexplorer.pt,swissviewmonuments,203,4,23,3,5,False,4,"[23, 18, 13, 12, 7, 6, 5, 0, 1, 0, 5]","[""up"", ""up"", ""left"", ""up"", ""left"", ""left"", ""up"", ""right"", ""left"", ""down""]","[1.0, 1.0, -1.0, 1.0, -1.0, -1.0, 1.0, 1.0, -1.0, -1.0]",10,img203_d4_s23_g03_r0,4,6
GeoExplorer-anchor0624,/root/geoexplorer/results/checkpoint/algo_ablation_anchor0624_20260515/masa_plus_mmgag_anchor0624_component_ablation_seed321_480k_gpu01/g1_p1_e1_v1_seed321_t480k/geoexplorer.pt,swissviewmonuments,203,6,15,3,23,False,4,"[15, 16, 17, 18, 23, 18, 23, 18, 23, 18, 23]","[""right"", ""right"", ""right"", ""down"", ""up"", ""down"", ""up"", ""down"", ""up"", ""down""]","[1.0, 1.0, 1.0, -1.0, 1.0, -1.0, 1.0, -1.0, 1.0, -1.0]",10,img203_d6_s15_g03_r0,6,4
GeoExplorer-anchor0624,/root/geoexplorer/results/checkpoint/algo_ablation_anchor0624_20260515/masa_plus_mmgag_anchor0624_component_ablation_seed321_480k_gpu01/g1_p1_e1_v1_seed321_t480k/geoexplorer.pt,swissviewmonuments,204,4,12,4,0,False,4,"[12, 11, 6, 5, 0, 5, 0, 1, 0, 5, 0]","[""left"", ""up"", ""left"", ""up"", ""down"", ""up"", ""right"", ""left"", ""down"", ""up""]","[-1.0, 1.0, -1.0, 1.0, -1.0, 1.0, 1.0, -1.0, -1.0, 1.0]",10,img204_d4_s12_g04_r0,4,6
GeoExplorer-anchor0624,/root/geoexplorer/results/checkpoint/algo_ablation_anchor0624_20260515/masa_plus_mmgag_anchor0624_component_ablation_seed321_480k_gpu01/g1_p1_e1_v1_seed321_t480k/geoexplorer.pt,swissviewmonuments,204,6,22,4,0,False,4,"[22, 17, 12, 11, 6, 5, 0, 1, 0, 1, 0]","[""up"", ""up"", ""left"", ""up"", ""left"", ""up"", ""right"", ""left"", ""right"", ""left""]","[1.0, 1.0, -1.0, 1.0, -1.0, 1.0, 1.0, -1.0, 1.0, -1.0]",10,img204_d6_s22_g04_r0,6,4
GeoExplorer-anchor0624,/root/geoexplorer/results/checkpoint/algo_ablation_anchor0624_20260515/masa_plus_mmgag_anchor0624_component_ablation_seed321_480k_gpu01/g1_p1_e1_v1_seed321_t480k/geoexplorer.pt,swissviewmonuments,204,8,20,4,18,False,4,"[20, 21, 22, 17, 18, 23, 18, 23, 18, 23, 18]","[""right"", ""right"", ""up"", ""right"", ""down"", ""up"", ""down"", ""up"", ""down"", ""up""]","[1.0, 1.0, 1.0, 1.0, -1.0, 1.0, -1.0, 1.0, -1.0, 1.0]",10,img204_d8_s20_g04_r0,8,2
GeoExplorer-anchor0624,/root/geoexplorer/results/checkpoint/algo_ablation_anchor0624_20260515/masa_plus_mmgag_anchor0624_component_ablation_seed321_480k_gpu01/g1_p1_e1_v1_seed321_t480k/geoexplorer.pt,swissviewmonuments,205,4,21,5,9,False,4,"[21, 16, 11, 12, 7, 8, 9, 4, 3, 4, 9]","[""up"", ""up"", ""right"", ""up"", ""right"", ""right"", ""up"", ""left"", ""right"", ""down""]","[1.0, 1.0, -1.0, 1.0, -1.0, -1.0, -1.0, 1.0, -1.0, 1.0]",10,img205_d4_s21_g05_r0,4,6
GeoExplorer-anchor0624,/root/geoexplorer/results/checkpoint/algo_ablation_anchor0624_20260515/masa_plus_mmgag_anchor0624_component_ablation_seed321_480k_gpu01/g1_p1_e1_v1_seed321_t480k/geoexplorer.pt,swissviewmonuments,205,6,23,5,5,True,0,"[23, 18, 13, 12, 7, 6, 1, 0, 5]","[""up"", ""up"", ""left"", ""up"", ""left"", ""up"", ""left"", ""down""]","[1.0, 1.0, 1.0, 1.0, 1.0, -1.0, 1.0, 1.0]",8,img205_d6_s23_g05_r0,6,2
GeoExplorer-anchor0624,/root/geoexplorer/results/checkpoint/algo_ablation_anchor0624_20260515/masa_plus_mmgag_anchor0624_component_ablation_seed321_480k_gpu01/g1_p1_e1_v1_seed321_t480k/geoexplorer.pt,swissviewmonuments,206,4,22,6,6,True,0,"[22, 17, 12, 7, 2, 1, 6]","[""up"", ""up"", ""up"", ""up"", ""left"", ""down""]","[1.0, 1.0, 1.0, -1.0, 1.0, 1.0]",6,img206_d4_s22_g06_r0,4,2
GeoExplorer-anchor0624,/root/geoexplorer/results/checkpoint/algo_ablation_anchor0624_20260515/masa_plus_mmgag_anchor0624_component_ablation_seed321_480k_gpu01/g1_p1_e1_v1_seed321_t480k/geoexplorer.pt,swissviewmonuments,206,6,24,6,6,True,0,"[24, 19, 18, 13, 8, 7, 2, 1, 6]","[""up"", ""left"", ""up"", ""up"", ""left"", ""up"", ""left"", ""down""]","[1.0, 1.0, 1.0, 1.0, 1.0, -1.0, 1.0, 1.0]",8,img206_d6_s24_g06_r0,6,2
GeoExplorer-anchor0624,/root/geoexplorer/results/checkpoint/algo_ablation_anchor0624_20260515/masa_plus_mmgag_anchor0624_component_ablation_seed321_480k_gpu01/g1_p1_e1_v1_seed321_t480k/geoexplorer.pt,swissviewmonuments,207,4,23,7,7,True,0,"[23, 18, 17, 12, 7]","[""up"", ""left"", ""up"", ""up""]","[1.0, 1.0, 1.0, 1.0]",4,img207_d4_s23_g07_r0,4,0
GeoExplorer-anchor0624,/root/geoexplorer/results/checkpoint/algo_ablation_anchor0624_20260515/masa_plus_mmgag_anchor0624_component_ablation_seed321_480k_gpu01/g1_p1_e1_v1_seed321_t480k/geoexplorer.pt,swissviewmonuments,208,4,16,8,8,True,0,"[16, 17, 12, 13, 8]","[""right"", ""up"", ""right"", ""up""]","[1.0, 1.0, 1.0, 1.0]",4,img208_d4_s16_g08_r0,4,0
GeoExplorer-anchor0624,/root/geoexplorer/results/checkpoint/algo_ablation_anchor0624_20260515/masa_plus_mmgag_anchor0624_component_ablation_seed321_480k_gpu01/g1_p1_e1_v1_seed321_t480k/geoexplorer.pt,swissviewmonuments,208,6,20,8,8,True,0,"[20, 21, 16, 17, 12, 13, 8]","[""right"", ""up"", ""right"", ""up"", ""right"", ""up""]","[1.0, 1.0, 1.0, 1.0, 1.0, 1.0]",6,img208_d6_s20_g08_r0,6,0
GeoExplorer-anchor0624,/root/geoexplorer/results/checkpoint/algo_ablation_anchor0624_20260515/masa_plus_mmgag_anchor0624_component_ablation_seed321_480k_gpu01/g1_p1_e1_v1_seed321_t480k/geoexplorer.pt,swissviewmonuments,209,4,11,9,19,False,2,"[11, 12, 13, 18, 23, 24, 19, 24, 23, 24, 19]","[""right"", ""right"", ""down"", ""down"", ""right"", ""up"", ""down"", ""left"", ""right"", ""up""]","[1.0, 1.0, -1.0, -1.0, 1.0, 1.0, -1.0, -1.0, 1.0, 1.0]",10,img209_d4_s11_g09_r0,4,6
GeoExplorer-anchor0624,/root/geoexplorer/results/checkpoint/algo_ablation_anchor0624_20260515/masa_plus_mmgag_anchor0624_component_ablation_seed321_480k_gpu01/g1_p1_e1_v1_seed321_t480k/geoexplorer.pt,swissviewmonuments,209,6,21,9,9,True,0,"[21, 22, 17, 18, 13, 8, 9]","[""right"", ""up"", ""right"", ""up"", ""up"", ""right""]","[1.0, 1.0, 1.0, 1.0, 1.0, 1.0]",6,img209_d6_s21_g09_r0,6,0
GeoExplorer-anchor0624,/root/geoexplorer/results/checkpoint/algo_ablation_anchor0624_20260515/masa_plus_mmgag_anchor0624_component_ablation_seed321_480k_gpu01/g1_p1_e1_v1_seed321_t480k/geoexplorer.pt,swissviewmonuments,210,4,8,10,18,False,4,"[8, 7, 6, 11, 16, 21, 16, 21, 22, 23, 18]","[""left"", ""left"", ""down"", ""down"", ""down"", ""up"", ""down"", ""right"", ""right"", ""up""]","[1.0, 1.0, 1.0, -1.0, -1.0, 1.0, -1.0, -1.0, -1.0, 1.0]",10,img210_d4_s08_g10_r0,4,6
GeoExplorer-anchor0624,/root/geoexplorer/results/checkpoint/algo_ablation_anchor0624_20260515/masa_plus_mmgag_anchor0624_component_ablation_seed321_480k_gpu01/g1_p1_e1_v1_seed321_t480k/geoexplorer.pt,swissviewmonuments,210,6,4,10,16,False,2,"[4, 9, 8, 7, 12, 17, 22, 21, 16, 21, 16]","[""down"", ""left"", ""left"", ""down"", ""down"", ""down"", ""left"", ""up"", ""down"", ""up""]","[1.0, 1.0, 1.0, 1.0, -1.0, -1.0, 1.0, 1.0, -1.0, 1.0]",10,img210_d6_s04_g10_r0,6,4
GeoExplorer-anchor0624,/root/geoexplorer/results/checkpoint/algo_ablation_anchor0624_20260515/masa_plus_mmgag_anchor0624_component_ablation_seed321_480k_gpu01/g1_p1_e1_v1_seed321_t480k/geoexplorer.pt,swissviewmonuments,211,4,19,11,5,False,2,"[19, 18, 13, 8, 7, 6, 1, 0, 5, 0, 5]","[""left"", ""up"", ""up"", ""left"", ""left"", ""up"", ""left"", ""down"", ""up"", ""down""]","[1.0, 1.0, -1.0, 1.0, 1.0, -1.0, -1.0, 1.0, -1.0, 1.0]",10,img211_d4_s19_g11_r0,4,6
GeoExplorer-anchor0624,/root/geoexplorer/results/checkpoint/algo_ablation_anchor0624_20260515/masa_plus_mmgag_anchor0624_component_ablation_seed321_480k_gpu01/g1_p1_e1_v1_seed321_t480k/geoexplorer.pt,swissviewmonuments,212,4,24,12,12,True,0,"[24, 19, 18, 17, 12]","[""up"", ""left"", ""left"", ""up""]","[1.0, 1.0, 1.0, 1.0]",4,img212_d4_s24_g12_r0,4,0
GeoExplorer-anchor0624,/root/geoexplorer/results/checkpoint/algo_ablation_anchor0624_20260515/masa_plus_mmgag_anchor0624_component_ablation_seed321_480k_gpu01/g1_p1_e1_v1_seed321_t480k/geoexplorer.pt,swissviewmonuments,213,4,1,13,19,False,2,"[1, 6, 11, 16, 17, 22, 23, 24, 19, 24, 19]","[""down"", ""down"", ""down"", ""right"", ""down"", ""right"", ""right"", ""up"", ""down"", ""up""]","[1.0, 1.0, -1.0, 1.0, -1.0, 1.0, -1.0, 1.0, -1.0, 1.0]",10,img213_d4_s01_g13_r0,4,6
GeoExplorer-anchor0624,/root/geoexplorer/results/checkpoint/algo_ablation_anchor0624_20260515/masa_plus_mmgag_anchor0624_component_ablation_seed321_480k_gpu01/g1_p1_e1_v1_seed321_t480k/geoexplorer.pt,swissviewmonuments,214,4,6,14,24,False,2,"[6, 11, 16, 17, 18, 23, 24, 19, 24, 23, 24]","[""down"", ""down"", ""right"", ""right"", ""down"", ""right"", ""up"", ""down"", ""left"", ""right""]","[1.0, -1.0, 1.0, 1.0, -1.0, 1.0, 1.0, -1.0, -1.0, 1.0]",10,img214_d4_s06_g14_r0,4,6
GeoExplorer-anchor0624,/root/geoexplorer/results/checkpoint/algo_ablation_anchor0624_20260515/masa_plus_mmgag_anchor0624_component_ablation_seed321_480k_gpu01/g1_p1_e1_v1_seed321_t480k/geoexplorer.pt,swissviewmonuments,214,6,20,14,14,True,0,"[20, 15, 10, 5, 6, 7, 8, 3, 4, 9, 14]","[""up"", ""up"", ""up"", ""right"", ""right"", ""right"", ""up"", ""right"", ""down"", ""down""]","[1.0, 1.0, -1.0, 1.0, 1.0, 1.0, -1.0, 1.0, 1.0, 1.0]",10,img214_d6_s20_g14_r0,6,4
GeoExplorer-anchor0624,/root/geoexplorer/results/checkpoint/algo_ablation_anchor0624_20260515/masa_plus_mmgag_anchor0624_component_ablation_seed321_480k_gpu01/g1_p1_e1_v1_seed321_t480k/geoexplorer.pt,swissviewmonuments,215,4,1,15,19,False,4,"[1, 6, 11, 16, 21, 22, 23, 24, 19, 24, 19]","[""down"", ""down"", ""down"", ""down"", ""right"", ""right"", ""right"", ""up"", ""down"", ""up""]","[1.0, 1.0, 1.0, -1.0, -1.0, -1.0, -1.0, 1.0, -1.0, 1.0]",10,img215_d4_s01_g15_r0,4,6
GeoExplorer-anchor0624,/root/geoexplorer/results/checkpoint/algo_ablation_anchor0624_20260515/masa_plus_mmgag_anchor0624_component_ablation_seed321_480k_gpu01/g1_p1_e1_v1_seed321_t480k/geoexplorer.pt,swissviewmonuments,215,6,9,15,21,False,2,"[9, 14, 13, 12, 11, 16, 21, 16, 21, 16, 21]","[""down"", ""left"", ""left"", ""left"", ""down"", ""down"", ""up"", ""down"", ""up"", ""down""]","[1.0, 1.0, 1.0, 1.0, 1.0, -1.0, 1.0, -1.0, 1.0, -1.0]",10,img215_d6_s09_g15_r0,6,4
GeoExplorer-anchor0624,/root/geoexplorer/results/checkpoint/algo_ablation_anchor0624_20260515/masa_plus_mmgag_anchor0624_component_ablation_seed321_480k_gpu01/g1_p1_e1_v1_seed321_t480k/geoexplorer.pt,swissviewmonuments,216,4,8,16,16,True,0,"[8, 7, 6, 11, 16]","[""left"", ""left"", ""down"", ""down""]","[1.0, 1.0, 1.0, 1.0]",4,img216_d4_s08_g16_r0,4,0
GeoExplorer-anchor0624,/root/geoexplorer/results/checkpoint/algo_ablation_anchor0624_20260515/masa_plus_mmgag_anchor0624_component_ablation_seed321_480k_gpu01/g1_p1_e1_v1_seed321_t480k/geoexplorer.pt,swissviewmonuments,216,6,4,16,16,True,0,"[4, 9, 14, 13, 12, 11, 16]","[""down"", ""down"", ""left"", ""left"", ""left"", ""down""]","[1.0, 1.0, 1.0, 1.0, 1.0, 1.0]",6,img216_d6_s04_g16_r0,6,0
GeoExplorer-anchor0624,/root/geoexplorer/results/checkpoint/algo_ablation_anchor0624_20260515/masa_plus_mmgag_anchor0624_component_ablation_seed321_480k_gpu01/g1_p1_e1_v1_seed321_t480k/geoexplorer.pt,swissviewmonuments,217,4,5,17,17,True,0,"[5, 10, 15, 16, 17]","[""down"", ""down"", ""right"", ""right""]","[1.0, 1.0, 1.0, 1.0]",4,img217_d4_s05_g17_r0,4,0
GeoExplorer-anchor0624,/root/geoexplorer/results/checkpoint/algo_ablation_anchor0624_20260515/masa_plus_mmgag_anchor0624_component_ablation_seed321_480k_gpu01/g1_p1_e1_v1_seed321_t480k/geoexplorer.pt,swissviewmonuments,218,4,20,18,4,False,4,"[20, 21, 22, 17, 12, 7, 8, 3, 4, 9, 4]","[""right"", ""right"", ""up"", ""up"", ""up"", ""right"", ""up"", ""right"", ""down"", ""up""]","[1.0, 1.0, 1.0, -1.0, -1.0, 1.0, -1.0, -1.0, 1.0, -1.0]",10,img218_d4_s20_g18_r0,4,6
GeoExplorer-anchor0624,/root/geoexplorer/results/checkpoint/algo_ablation_anchor0624_20260515/masa_plus_mmgag_anchor0624_component_ablation_seed321_480k_gpu01/g1_p1_e1_v1_seed321_t480k/geoexplorer.pt,swissviewmonuments,218,6,0,18,18,True,0,"[0, 5, 10, 11, 12, 13, 18]","[""down"", ""down"", ""right"", ""right"", ""right"", ""down""]","[1.0, 1.0, 1.0, 1.0, 1.0, 1.0]",6,img218_d6_s00_g18_r0,6,0
GeoExplorer-anchor0624,/root/geoexplorer/results/checkpoint/algo_ablation_anchor0624_20260515/masa_plus_mmgag_anchor0624_component_ablation_seed321_480k_gpu01/g1_p1_e1_v1_seed321_t480k/geoexplorer.pt,swissviewmonuments,219,4,11,19,19,True,0,"[11, 12, 13, 18, 19]","[""right"", ""right"", ""down"", ""right""]","[1.0, 1.0, 1.0, 1.0]",4,img219_d4_s11_g19_r0,4,0
GeoExplorer-anchor0624,/root/geoexplorer/results/checkpoint/algo_ablation_anchor0624_20260515/masa_plus_mmgag_anchor0624_component_ablation_seed321_480k_gpu01/g1_p1_e1_v1_seed321_t480k/geoexplorer.pt,swissviewmonuments,219,6,1,19,19,True,0,"[1, 6, 11, 16, 21, 22, 23, 24, 19]","[""down"", ""down"", ""down"", ""down"", ""right"", ""right"", ""right"", ""up""]","[1.0, 1.0, 1.0, -1.0, 1.0, 1.0, 1.0, 1.0]",8,img219_d6_s01_g19_r0,6,2
GeoExplorer-anchor0624,/root/geoexplorer/results/checkpoint/algo_ablation_anchor0624_20260515/masa_plus_mmgag_anchor0624_component_ablation_seed321_480k_gpu01/g1_p1_e1_v1_seed321_t480k/geoexplorer.pt,swissviewmonuments,220,4,6,20,24,False,4,"[6, 11, 16, 21, 22, 23, 24, 19, 24, 19, 24]","[""down"", ""down"", ""down"", ""right"", ""right"", ""right"", ""up"", ""down"", ""up"", ""down""]","[1.0, 1.0, 1.0, -1.0, -1.0, -1.0, -1.0, 1.0, -1.0, 1.0]",10,img220_d4_s06_g20_r0,4,6
GeoExplorer-anchor0624,/root/geoexplorer/results/checkpoint/algo_ablation_anchor0624_20260515/masa_plus_mmgag_anchor0624_component_ablation_seed321_480k_gpu01/g1_p1_e1_v1_seed321_t480k/geoexplorer.pt,swissviewmonuments,220,6,8,20,16,False,2,"[8, 7, 12, 17, 22, 21, 16, 21, 16, 21, 16]","[""left"", ""down"", ""down"", ""down"", ""left"", ""up"", ""down"", ""up"", ""down"", ""up""]","[1.0, 1.0, 1.0, 1.0, 1.0, -1.0, 1.0, -1.0, 1.0, -1.0]",10,img220_d6_s08_g20_r0,6,4
GeoExplorer-anchor0624,/root/geoexplorer/results/checkpoint/algo_ablation_anchor0624_20260515/masa_plus_mmgag_anchor0624_component_ablation_seed321_480k_gpu01/g1_p1_e1_v1_seed321_t480k/geoexplorer.pt,swissviewmonuments,220,8,4,20,16,False,2,"[4, 9, 8, 13, 12, 17, 16, 21, 16, 21, 16]","[""down"", ""left"", ""down"", ""left"", ""down"", ""left"", ""down"", ""up"", ""down"", ""up""]","[1.0, 1.0, 1.0, 1.0, 1.0, 1.0, 1.0, -1.0, 1.0, -1.0]",10,img220_d8_s04_g20_r0,8,2
GeoExplorer-anchor0624,/root/geoexplorer/results/checkpoint/algo_ablation_anchor0624_20260515/masa_plus_mmgag_anchor0624_component_ablation_seed321_480k_gpu01/g1_p1_e1_v1_seed321_t480k/geoexplorer.pt,swissviewmonuments,221,4,19,21,5,False,4,"[19, 14, 13, 8, 7, 6, 1, 0, 5, 0, 5]","[""up"", ""left"", ""up"", ""left"", ""left"", ""up"", ""left"", ""down"", ""up"", ""down""]","[-1.0, 1.0, -1.0, 1.0, 1.0, -1.0, -1.0, 1.0, -1.0, 1.0]",10,img221_d4_s19_g21_r0,4,6
GeoExplorer-anchor0624,/root/geoexplorer/results/checkpoint/algo_ablation_anchor0624_20260515/masa_plus_mmgag_anchor0624_component_ablation_seed321_480k_gpu01/g1_p1_e1_v1_seed321_t480k/geoexplorer.pt,swissviewmonuments,221,6,3,21,21,True,0,"[3, 8, 13, 12, 11, 16, 21]","[""down"", ""down"", ""left"", ""left"", ""down"", ""down""]","[1.0, 1.0, 1.0, 1.0, 1.0, 1.0]",6,img221_d6_s03_g21_r0,6,0
GeoExplorer-anchor0624,/root/geoexplorer/results/checkpoint/algo_ablation_anchor0624_20260515/masa_plus_mmgag_anchor0624_component_ablation_seed321_480k_gpu01/g1_p1_e1_v1_seed321_t480k/geoexplorer.pt,swissviewmonuments,222,4,2,22,22,True,0,"[2, 7, 12, 17, 22]","[""down"", ""down"", ""down"", ""down""]","[1.0, 1.0, 1.0, 1.0]",4,img222_d4_s02_g22_r0,4,0
GeoExplorer-anchor0624,/root/geoexplorer/results/checkpoint/algo_ablation_anchor0624_20260515/masa_plus_mmgag_anchor0624_component_ablation_seed321_480k_gpu01/g1_p1_e1_v1_seed321_t480k/geoexplorer.pt,swissviewmonuments,222,6,4,22,20,False,2,"[4, 9, 14, 19, 18, 17, 16, 21, 20, 15, 20]","[""down"", ""down"", ""down"", ""left"", ""left"", ""left"", ""down"", ""left"", ""up"", ""down""]","[1.0, 1.0, 1.0, 1.0, 1.0, -1.0, 1.0, -1.0, -1.0, 1.0]",10,img222_d6_s04_g22_r0,6,4
GeoExplorer-anchor0624,/root/geoexplorer/results/checkpoint/algo_ablation_anchor0624_20260515/masa_plus_mmgag_anchor0624_component_ablation_seed321_480k_gpu01/g1_p1_e1_v1_seed321_t480k/geoexplorer.pt,swissviewmonuments,223,4,11,23,23,True,0,"[11, 10, 15, 20, 21, 22, 23]","[""left"", ""down"", ""down"", ""right"", ""right"", ""right""]","[-1.0, 1.0, 1.0, 1.0, 1.0, 1.0]",6,img223_d4_s11_g23_r0,4,2
GeoExplorer-anchor0624,/root/geoexplorer/results/checkpoint/algo_ablation_anchor0624_20260515/masa_plus_mmgag_anchor0624_component_ablation_seed321_480k_gpu01/g1_p1_e1_v1_seed321_t480k/geoexplorer.pt,swissviewmonuments,223,6,1,23,23,True,0,"[1, 6, 7, 12, 17, 22, 23]","[""down"", ""right"", ""down"", ""down"", ""down"", ""right""]","[1.0, 1.0, 1.0, 1.0, 1.0, 1.0]",6,img223_d6_s01_g23_r0,6,0
GeoExplorer-anchor0624,/root/geoexplorer/results/checkpoint/algo_ablation_anchor0624_20260515/masa_plus_mmgag_anchor0624_component_ablation_seed321_480k_gpu01/g1_p1_e1_v1_seed321_t480k/geoexplorer.pt,swissviewmonuments,224,4,12,24,18,False,2,"[12, 13, 14, 19, 18, 19, 18, 19, 18, 17, 18]","[""right"", ""right"", ""down"", ""left"", ""right"", ""left"", ""right"", ""left"", ""left"", ""right""]","[1.0, 1.0, 1.0, -1.0, 1.0, -1.0, 1.0, -1.0, -1.0, 1.0]",10,img224_d4_s12_g24_r0,4,6
GeoExplorer-anchor0624,/root/geoexplorer/results/checkpoint/algo_ablation_anchor0624_20260515/masa_plus_mmgag_anchor0624_component_ablation_seed321_480k_gpu01/g1_p1_e1_v1_seed321_t480k/geoexplorer.pt,swissviewmonuments,224,6,6,24,24,True,0,"[6, 7, 8, 13, 14, 19, 24]","[""right"", ""right"", ""down"", ""right"", ""down"", ""down""]","[1.0, 1.0, 1.0, 1.0, 1.0, 1.0]",6,img224_d6_s06_g24_r0,6,0
GeoExplorer-anchor0624,/root/geoexplorer/results/checkpoint/algo_ablation_anchor0624_20260515/masa_plus_mmgag_anchor0624_component_ablation_seed321_480k_gpu01/g1_p1_e1_v1_seed321_t480k/geoexplorer.pt,swissviewmonuments,224,8,0,24,24,True,0,"[0, 5, 6, 7, 8, 13, 18, 19, 24]","[""down"", ""right"", ""right"", ""right"", ""down"", ""down"", ""right"", ""down""]","[1.0, 1.0, 1.0, 1.0, 1.0, 1.0, 1.0, 1.0]",8,img224_d8_s00_g24_r0,8,0
GeoExplorer-anchor0624,/root/geoexplorer/results/checkpoint/algo_ablation_anchor0624_20260515/masa_plus_mmgag_anchor0624_component_ablation_seed321_480k_gpu01/g1_p1_e1_v1_seed321_t480k/geoexplorer.pt,swissviewmonuments,225,4,4,0,20,False,4,"[4, 9, 14, 13, 12, 11, 10, 15, 20, 21, 20]","[""down"", ""down"", ""left"", ""left"", ""left"", ""left"", ""down"", ""down"", ""right"", ""left""]","[-1.0, -1.0, 1.0, 1.0, 1.0, 1.0, -1.0, -1.0, -1.0, 1.0]",10,img225_d4_s04_g00_r0,4,6
GeoExplorer-anchor0624,/root/geoexplorer/results/checkpoint/algo_ablation_anchor0624_20260515/masa_plus_mmgag_anchor0624_component_ablation_seed321_480k_gpu01/g1_p1_e1_v1_seed321_t480k/geoexplorer.pt,swissviewmonuments,225,6,18,0,0,True,0,"[18, 13, 12, 11, 6, 1, 0]","[""up"", ""left"", ""left"", ""up"", ""up"", ""left""]","[1.0, 1.0, 1.0, 1.0, 1.0, 1.0]",6,img225_d6_s18_g00_r0,6,0
GeoExplorer-anchor0624,/root/geoexplorer/results/checkpoint/algo_ablation_anchor0624_20260515/masa_plus_mmgag_anchor0624_component_ablation_seed321_480k_gpu01/g1_p1_e1_v1_seed321_t480k/geoexplorer.pt,swissviewmonuments,225,8,24,0,0,True,0,"[24, 23, 22, 17, 12, 7, 2, 1, 0]","[""left"", ""left"", ""up"", ""up"", ""up"", ""up"", ""left"", ""left""]","[1.0, 1.0, 1.0, 1.0, 1.0, 1.0, 1.0, 1.0]",8,img225_d8_s24_g00_r0,8,0
GeoExplorer-anchor0624,/root/geoexplorer/results/checkpoint/algo_ablation_anchor0624_20260515/masa_plus_mmgag_anchor0624_component_ablation_seed321_480k_gpu01/g1_p1_e1_v1_seed321_t480k/geoexplorer.pt,swissviewmonuments,226,4,13,1,15,False,4,"[13, 12, 11, 16, 21, 20, 15, 20, 15, 20, 15]","[""left"", ""left"", ""down"", ""down"", ""left"", ""up"", ""down"", ""up"", ""down"", ""up""]","[1.0, 1.0, -1.0, -1.0, -1.0, 1.0, -1.0, 1.0, -1.0, 1.0]",10,img226_d4_s13_g01_r0,4,6
GeoExplorer-anchor0624,/root/geoexplorer/results/checkpoint/algo_ablation_anchor0624_20260515/masa_plus_mmgag_anchor0624_component_ablation_seed321_480k_gpu01/g1_p1_e1_v1_seed321_t480k/geoexplorer.pt,swissviewmonuments,226,6,23,1,1,True,0,"[23, 18, 13, 8, 7, 6, 5, 0, 1]","[""up"", ""up"", ""up"", ""left"", ""left"", ""left"", ""up"", ""right""]","[1.0, 1.0, 1.0, 1.0, 1.0, -1.0, 1.0, 1.0]",8,img226_d6_s23_g01_r0,6,2
GeoExplorer-anchor0624,/root/geoexplorer/results/checkpoint/algo_ablation_anchor0624_20260515/masa_plus_mmgag_anchor0624_component_ablation_seed321_480k_gpu01/g1_p1_e1_v1_seed321_t480k/geoexplorer.pt,swissviewmonuments,227,4,10,2,24,False,6,"[10, 11, 12, 13, 14, 9, 14, 19, 24, 23, 24]","[""right"", ""right"", ""right"", ""right"", ""up"", ""down"", ""down"", ""down"", ""left"", ""right""]","[1.0, 1.0, -1.0, -1.0, 1.0, -1.0, -1.0, -1.0, 1.0, -1.0]",10,img227_d4_s10_g02_r0,4,6
GeoExplorer-anchor0624,/root/geoexplorer/results/checkpoint/algo_ablation_anchor0624_20260515/masa_plus_mmgag_anchor0624_component_ablation_seed321_480k_gpu01/g1_p1_e1_v1_seed321_t480k/geoexplorer.pt,swissviewmonuments,227,6,20,2,4,False,2,"[20, 21, 16, 11, 12, 13, 8, 9, 4, 9, 4]","[""right"", ""up"", ""up"", ""right"", ""right"", ""up"", ""right"", ""up"", ""down"", ""up""]","[1.0, 1.0, 1.0, 1.0, -1.0, 1.0, -1.0, 1.0, -1.0, 1.0]",10,img227_d6_s20_g02_r0,6,4
GeoExplorer-anchor0624,/root/geoexplorer/results/checkpoint/algo_ablation_anchor0624_20260515/masa_plus_mmgag_anchor0624_component_ablation_seed321_480k_gpu01/g1_p1_e1_v1_seed321_t480k/geoexplorer.pt,swissviewmonuments,228,4,11,3,13,False,2,"[11, 12, 13, 14, 9, 14, 13, 14, 13, 12, 13]","[""right"", ""right"", ""right"", ""up"", ""down"", ""left"", ""right"", ""left"", ""left"", ""right""]","[1.0, 1.0, -1.0, 1.0, -1.0, 1.0, -1.0, 1.0, -1.0, 1.0]",10,img228_d4_s11_g03_r0,4,6
GeoExplorer-anchor0624,/root/geoexplorer/results/checkpoint/algo_ablation_anchor0624_20260515/masa_plus_mmgag_anchor0624_component_ablation_seed321_480k_gpu01/g1_p1_e1_v1_seed321_t480k/geoexplorer.pt,swissviewmonuments,228,6,21,3,3,True,0,"[21, 16, 17, 12, 13, 8, 3]","[""up"", ""right"", ""up"", ""right"", ""up"", ""up""]","[1.0, 1.0, 1.0, 1.0, 1.0, 1.0]",6,img228_d6_s21_g03_r0,6,0
GeoExplorer-anchor0624,/root/geoexplorer/results/checkpoint/algo_ablation_anchor0624_20260515/masa_plus_mmgag_anchor0624_component_ablation_seed321_480k_gpu01/g1_p1_e1_v1_seed321_t480k/geoexplorer.pt,swissviewmonuments,229,4,0,4,24,False,4,"[0, 1, 6, 7, 8, 13, 18, 23, 24, 19, 24]","[""right"", ""down"", ""right"", ""right"", ""down"", ""down"", ""down"", ""right"", ""up"", ""down""]","[1.0, -1.0, 1.0, 1.0, -1.0, -1.0, -1.0, 1.0, 1.0, -1.0]",10,img229_d4_s00_g04_r0,4,6
GeoExplorer-anchor0624,/root/geoexplorer/results/checkpoint/algo_ablation_anchor0624_20260515/masa_plus_mmgag_anchor0624_component_ablation_seed321_480k_gpu01/g1_p1_e1_v1_seed321_t480k/geoexplorer.pt,swissviewmonuments,229,6,10,4,4,True,0,"[10, 11, 12, 13, 14, 9, 4]","[""right"", ""right"", ""right"", ""right"", ""up"", ""up""]","[1.0, 1.0, 1.0, 1.0, 1.0, 1.0]",6,img229_d6_s10_g04_r0,6,0
GeoExplorer-anchor0624,/root/geoexplorer/results/checkpoint/algo_ablation_anchor0624_20260515/masa_plus_mmgag_anchor0624_component_ablation_seed321_480k_gpu01/g1_p1_e1_v1_seed321_t480k/geoexplorer.pt,swissviewmonuments,229,8,20,4,4,True,0,"[20, 15, 10, 11, 12, 13, 14, 9, 4]","[""up"", ""up"", ""right"", ""right"", ""right"", ""right"", ""up"", ""up""]","[1.0, 1.0, 1.0, 1.0, 1.0, 1.0, 1.0, 1.0]",8,img229_d8_s20_g04_r0,8,0
GeoExplorer-anchor0624,/root/geoexplorer/results/checkpoint/algo_ablation_anchor0624_20260515/masa_plus_mmgag_anchor0624_component_ablation_seed321_480k_gpu01/g1_p1_e1_v1_seed321_t480k/geoexplorer.pt,swissviewmonuments,230,4,21,5,9,False,4,"[21, 16, 11, 12, 13, 14, 9, 4, 9, 4, 9]","[""up"", ""up"", ""right"", ""right"", ""right"", ""up"", ""up"", ""down"", ""up"", ""down""]","[1.0, 1.0, -1.0, -1.0, -1.0, 1.0, -1.0, 1.0, -1.0, 1.0]",10,img230_d4_s21_g05_r0,4,6
GeoExplorer-anchor0624,/root/geoexplorer/results/checkpoint/algo_ablation_anchor0624_20260515/masa_plus_mmgag_anchor0624_component_ablation_seed321_480k_gpu01/g1_p1_e1_v1_seed321_t480k/geoexplorer.pt,swissviewmonuments,230,6,23,5,3,False,4,"[23, 18, 17, 12, 7, 6, 1, 2, 3, 8, 3]","[""up"", ""left"", ""up"", ""up"", ""left"", ""up"", ""right"", ""right"", ""down"", ""up""]","[1.0, 1.0, 1.0, 1.0, 1.0, -1.0, -1.0, -1.0, 1.0, -1.0]",10,img230_d6_s23_g05_r0,6,4
GeoExplorer-anchor0624,/root/geoexplorer/results/checkpoint/algo_ablation_anchor0624_20260515/masa_plus_mmgag_anchor0624_component_ablation_seed321_480k_gpu01/g1_p1_e1_v1_seed321_t480k/geoexplorer.pt,swissviewmonuments,231,4,18,6,6,True,0,"[18, 13, 12, 7, 6]","[""up"", ""left"", ""up"", ""left""]","[1.0, 1.0, 1.0, 1.0]",4,img231_d4_s18_g06_r0,4,0
GeoExplorer-anchor0624,/root/geoexplorer/results/checkpoint/algo_ablation_anchor0624_20260515/masa_plus_mmgag_anchor0624_component_ablation_seed321_480k_gpu01/g1_p1_e1_v1_seed321_t480k/geoexplorer.pt,swissviewmonuments,231,6,24,6,6,True,0,"[24, 19, 18, 13, 8, 7, 6]","[""up"", ""left"", ""up"", ""up"", ""left"", ""left""]","[1.0, 1.0, 1.0, 1.0, 1.0, 1.0]",6,img231_d6_s24_g06_r0,6,0
GeoExplorer-anchor0624,/root/geoexplorer/results/checkpoint/algo_ablation_anchor0624_20260515/masa_plus_mmgag_anchor0624_component_ablation_seed321_480k_gpu01/g1_p1_e1_v1_seed321_t480k/geoexplorer.pt,swissviewmonuments,232,4,15,7,9,False,2,"[15, 16, 17, 18, 13, 8, 3, 4, 9, 14, 9]","[""right"", ""right"", ""right"", ""up"", ""up"", ""up"", ""right"", ""down"", ""down"", ""up""]","[1.0, 1.0, -1.0, 1.0, 1.0, -1.0, -1.0, 1.0, -1.0, 1.0]",10,img232_d4_s15_g07_r0,4,6
GeoExplorer-anchor0624,/root/geoexplorer/results/checkpoint/algo_ablation_anchor0624_20260515/masa_plus_mmgag_anchor0624_component_ablation_seed321_480k_gpu01/g1_p1_e1_v1_seed321_t480k/geoexplorer.pt,swissviewmonuments,233,4,24,8,0,False,4,"[24, 19, 18, 17, 12, 11, 6, 5, 0, 5, 0]","[""up"", ""left"", ""left"", ""up"", ""left"", ""up"", ""left"", ""up"", ""down"", ""up""]","[1.0, 1.0, -1.0, 1.0, -1.0, 1.0, -1.0, -1.0, 1.0, -1.0]",10,img233_d4_s24_g08_r0,4,6
GeoExplorer-anchor0624,/root/geoexplorer/results/checkpoint/algo_ablation_anchor0624_20260515/masa_plus_mmgag_anchor0624_component_ablation_seed321_480k_gpu01/g1_p1_e1_v1_seed321_t480k/geoexplorer.pt,swissviewmonuments,233,6,20,8,8,True,0,"[20, 15, 10, 11, 12, 7, 8]","[""up"", ""up"", ""right"", ""right"", ""up"", ""right""]","[1.0, 1.0, 1.0, 1.0, 1.0, 1.0]",6,img233_d6_s20_g08_r0,6,0
GeoExplorer-anchor0624,/root/geoexplorer/results/checkpoint/algo_ablation_anchor0624_20260515/masa_plus_mmgag_anchor0624_component_ablation_seed321_480k_gpu01/g1_p1_e1_v1_seed321_t480k/geoexplorer.pt,swissviewmonuments,234,4,11,9,9,True,0,"[11, 12, 13, 8, 9]","[""right"", ""right"", ""up"", ""right""]","[1.0, 1.0, 1.0, 1.0]",4,img234_d4_s11_g09_r0,4,0
GeoExplorer-anchor0624,/root/geoexplorer/results/checkpoint/algo_ablation_anchor0624_20260515/masa_plus_mmgag_anchor0624_component_ablation_seed321_480k_gpu01/g1_p1_e1_v1_seed321_t480k/geoexplorer.pt,swissviewmonuments,234,6,15,9,9,True,0,"[15, 16, 11, 12, 13, 8, 9]","[""right"", ""up"", ""right"", ""right"", ""up"", ""right""]","[1.0, 1.0, 1.0, 1.0, 1.0, 1.0]",6,img234_d6_s15_g09_r0,6,0
GeoExplorer-anchor0624,/root/geoexplorer/results/checkpoint/algo_ablation_anchor0624_20260515/masa_plus_mmgag_anchor0624_component_ablation_seed321_480k_gpu01/g1_p1_e1_v1_seed321_t480k/geoexplorer.pt,swissviewmonuments,235,4,18,10,10,True,0,"[18, 19, 14, 13, 12, 11, 10]","[""right"", ""up"", ""left"", ""left"", ""left"", ""left""]","[-1.0, 1.0, 1.0, 1.0, 1.0, 1.0]",6,img235_d4_s18_g10_r0,4,2
GeoExplorer-anchor0624,/root/geoexplorer/results/checkpoint/algo_ablation_anchor0624_20260515/masa_plus_mmgag_anchor0624_component_ablation_seed321_480k_gpu01/g1_p1_e1_v1_seed321_t480k/geoexplorer.pt,swissviewmonuments,235,6,4,10,20,False,2,"[4, 3, 2, 1, 6, 11, 16, 21, 20, 15, 20]","[""left"", ""left"", ""left"", ""down"", ""down"", ""down"", ""down"", ""left"", ""up"", ""down""]","[1.0, 1.0, 1.0, 1.0, 1.0, -1.0, -1.0, 1.0, 1.0, -1.0]",10,img235_d6_s04_g10_r0,6,4
GeoExplorer-anchor0624,/root/geoexplorer/results/checkpoint/algo_ablation_anchor0624_20260515/masa_plus_mmgag_anchor0624_component_ablation_seed321_480k_gpu01/g1_p1_e1_v1_seed321_t480k/geoexplorer.pt,swissviewmonuments,236,4,23,11,3,False,4,"[23, 18, 13, 12, 7, 6, 1, 0, 1, 2, 3]","[""up"", ""up"", ""left"", ""up"", ""left"", ""up"", ""left"", ""right"", ""right"", ""right""]","[1.0, 1.0, 1.0, -1.0, 1.0, -1.0, -1.0, 1.0, -1.0, -1.0]",10,img236_d4_s23_g11_r0,4,6
GeoExplorer-anchor0624,/root/geoexplorer/results/checkpoint/algo_ablation_anchor0624_20260515/masa_plus_mmgag_anchor0624_component_ablation_seed321_480k_gpu01/g1_p1_e1_v1_seed321_t480k/geoexplorer.pt,swissviewmonuments,237,4,24,12,12,True,0,"[24, 19, 14, 13, 12]","[""up"", ""up"", ""left"", ""left""]","[1.0, 1.0, 1.0, 1.0]",4,img237_d4_s24_g12_r0,4,0
GeoExplorer-anchor0624,/root/geoexplorer/results/checkpoint/algo_ablation_anchor0624_20260515/masa_plus_mmgag_anchor0624_component_ablation_seed321_480k_gpu01/g1_p1_e1_v1_seed321_t480k/geoexplorer.pt,swissviewmonuments,238,4,5,13,13,True,0,"[5, 6, 7, 8, 13]","[""right"", ""right"", ""right"", ""down""]","[1.0, 1.0, 1.0, 1.0]",4,img238_d4_s05_g13_r0,4,0
GeoExplorer-anchor0624,/root/geoexplorer/results/checkpoint/algo_ablation_anchor0624_20260515/masa_plus_mmgag_anchor0624_component_ablation_seed321_480k_gpu01/g1_p1_e1_v1_seed321_t480k/geoexplorer.pt,swissviewmonuments,239,4,6,14,24,False,2,"[6, 7, 8, 13, 18, 23, 24, 23, 24, 19, 24]","[""right"", ""right"", ""down"", ""down"", ""down"", ""right"", ""left"", ""right"", ""up"", ""down""]","[1.0, 1.0, 1.0, -1.0, -1.0, 1.0, -1.0, 1.0, 1.0, -1.0]",10,img239_d4_s06_g14_r0,4,6
GeoExplorer-anchor0624,/root/geoexplorer/results/checkpoint/algo_ablation_anchor0624_20260515/masa_plus_mmgag_anchor0624_component_ablation_seed321_480k_gpu01/g1_p1_e1_v1_seed321_t480k/geoexplorer.pt,swissviewmonuments,239,6,20,14,14,True,0,"[20, 21, 22, 17, 12, 7, 8, 3, 4, 9, 14]","[""right"", ""right"", ""up"", ""up"", ""up"", ""right"", ""up"", ""right"", ""down"", ""down""]","[1.0, 1.0, 1.0, 1.0, -1.0, 1.0, -1.0, 1.0, 1.0, 1.0]",10,img239_d6_s20_g14_r0,6,4
GeoExplorer-anchor0624,/root/geoexplorer/results/checkpoint/algo_ablation_anchor0624_20260515/masa_plus_mmgag_anchor0624_component_ablation_seed321_480k_gpu01/g1_p1_e1_v1_seed321_t480k/geoexplorer.pt,swissviewmonuments,240,4,19,15,1,False,4,"[19, 18, 17, 12, 7, 2, 1, 0, 5, 0, 1]","[""left"", ""left"", ""up"", ""up"", ""up"", ""left"", ""left"", ""down"", ""up"", ""right""]","[1.0, 1.0, -1.0, -1.0, -1.0, 1.0, 1.0, 1.0, -1.0, -1.0]",10,img240_d4_s19_g15_r0,4,6
GeoExplorer-anchor0624,/root/geoexplorer/results/checkpoint/algo_ablation_anchor0624_20260515/masa_plus_mmgag_anchor0624_component_ablation_seed321_480k_gpu01/g1_p1_e1_v1_seed321_t480k/geoexplorer.pt,swissviewmonuments,240,6,3,15,23,False,4,"[3, 8, 7, 12, 17, 22, 23, 24, 19, 24, 23]","[""down"", ""left"", ""down"", ""down"", ""down"", ""right"", ""right"", ""up"", ""down"", ""left""]","[1.0, 1.0, 1.0, 1.0, -1.0, -1.0, -1.0, 1.0, -1.0, 1.0]",10,img240_d6_s03_g15_r0,6,4
GeoExplorer-anchor0624,/root/geoexplorer/results/checkpoint/algo_ablation_anchor0624_20260515/masa_plus_mmgag_anchor0624_component_ablation_seed321_480k_gpu01/g1_p1_e1_v1_seed321_t480k/geoexplorer.pt,swissviewmonuments,241,4,0,16,24,False,4,"[0, 1, 2, 3, 8, 13, 18, 23, 24, 19, 24]","[""right"", ""right"", ""right"", ""down"", ""down"", ""down"", ""down"", ""right"", ""up"", ""down""]","[1.0, -1.0, -1.0, 1.0, 1.0, 1.0, -1.0, -1.0, 1.0, -1.0]",10,img241_d4_s00_g16_r0,4,6
GeoExplorer-anchor0624,/root/geoexplorer/results/checkpoint/algo_ablation_anchor0624_20260515/masa_plus_mmgag_anchor0624_component_ablation_seed321_480k_gpu01/g1_p1_e1_v1_seed321_t480k/geoexplorer.pt,swissviewmonuments,241,6,4,16,16,True,0,"[4, 3, 2, 1, 6, 11, 16]","[""left"", ""left"", ""left"", ""down"", ""down"", ""down""]","[1.0, 1.0, 1.0, 1.0, 1.0, 1.0]",6,img241_d6_s04_g16_r0,6,0
GeoExplorer-anchor0624,/root/geoexplorer/results/checkpoint/algo_ablation_anchor0624_20260515/masa_plus_mmgag_anchor0624_component_ablation_seed321_480k_gpu01/g1_p1_e1_v1_seed321_t480k/geoexplorer.pt,swissviewmonuments,242,4,5,17,23,False,2,"[5, 6, 7, 8, 13, 18, 23, 24, 19, 24, 23]","[""right"", ""right"", ""right"", ""down"", ""down"", ""down"", ""right"", ""up"", ""down"", ""left""]","[1.0, 1.0, -1.0, 1.0, 1.0, -1.0, -1.0, 1.0, -1.0, 1.0]",10,img242_d4_s05_g17_r0,4,6
GeoExplorer-anchor0624,/root/geoexplorer/results/checkpoint/algo_ablation_anchor0624_20260515/masa_plus_mmgag_anchor0624_component_ablation_seed321_480k_gpu01/g1_p1_e1_v1_seed321_t480k/geoexplorer.pt,swissviewmonuments,243,4,20,18,18,True,0,"[20, 21, 16, 17, 18]","[""right"", ""up"", ""right"", ""right""]","[1.0, 1.0, 1.0, 1.0]",4,img243_d4_s20_g18_r0,4,0
GeoExplorer-anchor0624,/root/geoexplorer/results/checkpoint/algo_ablation_anchor0624_20260515/masa_plus_mmgag_anchor0624_component_ablation_seed321_480k_gpu01/g1_p1_e1_v1_seed321_t480k/geoexplorer.pt,swissviewmonuments,243,6,0,18,18,True,0,"[0, 1, 2, 3, 8, 13, 18]","[""right"", ""right"", ""right"", ""down"", ""down"", ""down""]","[1.0, 1.0, 1.0, 1.0, 1.0, 1.0]",6,img243_d6_s00_g18_r0,6,0
GeoExplorer-anchor0624,/root/geoexplorer/results/checkpoint/algo_ablation_anchor0624_20260515/masa_plus_mmgag_anchor0624_component_ablation_seed321_480k_gpu01/g1_p1_e1_v1_seed321_t480k/geoexplorer.pt,swissviewmonuments,244,4,15,19,3,False,4,"[15, 10, 11, 12, 13, 8, 9, 4, 9, 4, 3]","[""up"", ""right"", ""right"", ""right"", ""up"", ""right"", ""up"", ""down"", ""up"", ""left""]","[-1.0, 1.0, 1.0, 1.0, -1.0, 1.0, -1.0, 1.0, -1.0, -1.0]",10,img244_d4_s15_g19_r0,4,6
GeoExplorer-anchor0624,/root/geoexplorer/results/checkpoint/algo_ablation_anchor0624_20260515/masa_plus_mmgag_anchor0624_component_ablation_seed321_480k_gpu01/g1_p1_e1_v1_seed321_t480k/geoexplorer.pt,swissviewmonuments,244,6,1,19,19,True,0,"[1, 2, 3, 8, 13, 18, 19]","[""right"", ""right"", ""down"", ""down"", ""down"", ""right""]","[1.0, 1.0, 1.0, 1.0, 1.0, 1.0]",6,img244_d6_s01_g19_r0,6,0
GeoExplorer-anchor0624,/root/geoexplorer/results/checkpoint/algo_ablation_anchor0624_20260515/masa_plus_mmgag_anchor0624_component_ablation_seed321_480k_gpu01/g1_p1_e1_v1_seed321_t480k/geoexplorer.pt,swissviewmonuments,245,4,24,20,4,False,8,"[24, 19, 18, 17, 12, 7, 2, 3, 4, 9, 4]","[""up"", ""left"", ""left"", ""up"", ""up"", ""up"", ""right"", ""right"", ""down"", ""up""]","[-1.0, 1.0, 1.0, -1.0, -1.0, -1.0, -1.0, -1.0, 1.0, -1.0]",10,img245_d4_s24_g20_r0,4,6
GeoExplorer-anchor0624,/root/geoexplorer/results/checkpoint/algo_ablation_anchor0624_20260515/masa_plus_mmgag_anchor0624_component_ablation_seed321_480k_gpu01/g1_p1_e1_v1_seed321_t480k/geoexplorer.pt,swissviewmonuments,245,6,2,20,22,False,2,"[2, 7, 8, 13, 18, 23, 24, 23, 24, 23, 22]","[""down"", ""right"", ""down"", ""down"", ""down"", ""right"", ""left"", ""right"", ""left"", ""left""]","[1.0, -1.0, 1.0, 1.0, 1.0, -1.0, 1.0, -1.0, 1.0, 1.0]",10,img245_d6_s02_g20_r0,6,4
GeoExplorer-anchor0624,/root/geoexplorer/results/checkpoint/algo_ablation_anchor0624_20260515/masa_plus_mmgag_anchor0624_component_ablation_seed321_480k_gpu01/g1_p1_e1_v1_seed321_t480k/geoexplorer.pt,swissviewmonuments,245,8,4,20,24,False,4,"[4, 9, 8, 7, 6, 11, 16, 21, 22, 23, 24]","[""down"", ""left"", ""left"", ""left"", ""down"", ""down"", ""down"", ""right"", ""right"", ""right""]","[1.0, 1.0, 1.0, 1.0, 1.0, 1.0, 1.0, -1.0, -1.0, -1.0]",10,img245_d8_s04_g20_r0,8,2
GeoExplorer-anchor0624,/root/geoexplorer/results/checkpoint/algo_ablation_anchor0624_20260515/masa_plus_mmgag_anchor0624_component_ablation_seed321_480k_gpu01/g1_p1_e1_v1_seed321_t480k/geoexplorer.pt,swissviewmonuments,246,4,1,21,23,False,2,"[1, 2, 7, 8, 13, 18, 23, 24, 23, 24, 23]","[""right"", ""down"", ""right"", ""down"", ""down"", ""down"", ""right"", ""left"", ""right"", ""left""]","[-1.0, 1.0, -1.0, 1.0, 1.0, 1.0, -1.0, 1.0, -1.0, 1.0]",10,img246_d4_s01_g21_r0,4,6
GeoExplorer-anchor0624,/root/geoexplorer/results/checkpoint/algo_ablation_anchor0624_20260515/masa_plus_mmgag_anchor0624_component_ablation_seed321_480k_gpu01/g1_p1_e1_v1_seed321_t480k/geoexplorer.pt,swissviewmonuments,246,6,9,21,21,True,0,"[9, 8, 13, 12, 11, 16, 15, 20, 21]","[""left"", ""down"", ""left"", ""left"", ""down"", ""left"", ""down"", ""right""]","[1.0, 1.0, 1.0, 1.0, 1.0, -1.0, 1.0, 1.0]",8,img246_d6_s09_g21_r0,6,2
GeoExplorer-anchor0624,/root/geoexplorer/results/checkpoint/algo_ablation_anchor0624_20260515/masa_plus_mmgag_anchor0624_component_ablation_seed321_480k_gpu01/g1_p1_e1_v1_seed321_t480k/geoexplorer.pt,swissviewmonuments,247,4,10,22,24,False,2,"[10, 11, 12, 13, 18, 23, 24, 19, 24, 23, 24]","[""right"", ""right"", ""right"", ""down"", ""down"", ""right"", ""up"", ""down"", ""left"", ""right""]","[1.0, 1.0, -1.0, 1.0, 1.0, -1.0, -1.0, 1.0, 1.0, -1.0]",10,img247_d4_s10_g22_r0,4,6
GeoExplorer-anchor0624,/root/geoexplorer/results/checkpoint/algo_ablation_anchor0624_20260515/masa_plus_mmgag_anchor0624_component_ablation_seed321_480k_gpu01/g1_p1_e1_v1_seed321_t480k/geoexplorer.pt,swissviewmonuments,247,6,0,22,24,False,2,"[0, 1, 2, 7, 8, 13, 18, 23, 24, 19, 24]","[""right"", ""right"", ""down"", ""right"", ""down"", ""down"", ""down"", ""right"", ""up"", ""down""]","[1.0, 1.0, 1.0, -1.0, 1.0, 1.0, 1.0, -1.0, -1.0, 1.0]",10,img247_d6_s00_g22_r0,6,4
GeoExplorer-anchor0624,/root/geoexplorer/results/checkpoint/algo_ablation_anchor0624_20260515/masa_plus_mmgag_anchor0624_component_ablation_seed321_480k_gpu01/g1_p1_e1_v1_seed321_t480k/geoexplorer.pt,swissviewmonuments,248,4,11,23,23,True,0,"[11, 12, 13, 18, 23]","[""right"", ""right"", ""down"", ""down""]","[1.0, 1.0, 1.0, 1.0]",4,img248_d4_s11_g23_r0,4,0
GeoExplorer-anchor0624,/root/geoexplorer/results/checkpoint/algo_ablation_anchor0624_20260515/masa_plus_mmgag_anchor0624_component_ablation_seed321_480k_gpu01/g1_p1_e1_v1_seed321_t480k/geoexplorer.pt,swissviewmonuments,248,6,5,23,23,True,0,"[5, 6, 7, 8, 13, 18, 23]","[""right"", ""right"", ""right"", ""down"", ""down"", ""down""]","[1.0, 1.0, 1.0, 1.0, 1.0, 1.0]",6,img248_d6_s05_g23_r0,6,0
GeoExplorer-anchor0624,/root/geoexplorer/results/checkpoint/algo_ablation_anchor0624_20260515/masa_plus_mmgag_anchor0624_component_ablation_seed321_480k_gpu01/g1_p1_e1_v1_seed321_t480k/geoexplorer.pt,swissviewmonuments,249,4,20,24,24,True,0,"[20, 21, 22, 23, 18, 13, 8, 9, 14, 19, 24]","[""right"", ""right"", ""right"", ""up"", ""up"", ""up"", ""right"", ""down"", ""down"", ""down""]","[1.0, 1.0, 1.0, -1.0, -1.0, -1.0, 1.0, 1.0, 1.0, 1.0]",10,img249_d4_s20_g24_r0,4,6
GeoExplorer-anchor0624,/root/geoexplorer/results/checkpoint/algo_ablation_anchor0624_20260515/masa_plus_mmgag_anchor0624_component_ablation_seed321_480k_gpu01/g1_p1_e1_v1_seed321_t480k/geoexplorer.pt,swissviewmonuments,249,6,6,24,24,True,0,"[6, 7, 8, 13, 18, 23, 24]","[""right"", ""right"", ""down"", ""down"", ""down"", ""right""]","[1.0, 1.0, 1.0, 1.0, 1.0, 1.0]",6,img249_d6_s06_g24_r0,6,0
GeoExplorer-anchor0624,/root/geoexplorer/results/checkpoint/algo_ablation_anchor0624_20260515/masa_plus_mmgag_anchor0624_component_ablation_seed321_480k_gpu01/g1_p1_e1_v1_seed321_t480k/geoexplorer.pt,swissviewmonuments,249,8,0,24,24,True,0,"[0, 1, 2, 7, 12, 17, 18, 23, 24]","[""right"", ""right"", ""down"", ""down"", ""down"", ""right"", ""down"", ""right""]","[1.0, 1.0, 1.0, 1.0, 1.0, 1.0, 1.0, 1.0]",8,img249_d8_s00_g24_r0,8,0
GeoExplorer-anchor0624,/root/geoexplorer/results/checkpoint/algo_ablation_anchor0624_20260515/masa_plus_mmgag_anchor0624_component_ablation_seed321_480k_gpu01/g1_p1_e1_v1_seed321_t480k/geoexplorer.pt,swissviewmonuments,250,4,20,0,4,False,4,"[20, 15, 10, 11, 12, 13, 14, 9, 4, 3, 4]","[""up"", ""up"", ""right"", ""right"", ""right"", ""right"", ""up"", ""up"", ""left"", ""right""]","[1.0, 1.0, -1.0, -1.0, -1.0, -1.0, 1.0, 1.0, 1.0, -1.0]",10,img250_d4_s20_g00_r0,4,6
GeoExplorer-anchor0624,/root/geoexplorer/results/checkpoint/algo_ablation_anchor0624_20260515/masa_plus_mmgag_anchor0624_component_ablation_seed321_480k_gpu01/g1_p1_e1_v1_seed321_t480k/geoexplorer.pt,swissviewmonuments,250,6,14,0,18,False,6,"[14, 13, 12, 11, 6, 7, 6, 7, 8, 13, 18]","[""left"", ""left"", ""left"", ""up"", ""right"", ""left"", ""right"", ""right"", ""down"", ""down""]","[1.0, 1.0, 1.0, 1.0, -1.0, 1.0, -1.0, -1.0, -1.0, -1.0]",10,img250_d6_s14_g00_r0,6,4
GeoExplorer-anchor0624,/root/geoexplorer/results/checkpoint/algo_ablation_anchor0624_20260515/masa_plus_mmgag_anchor0624_component_ablation_seed321_480k_gpu01/g1_p1_e1_v1_seed321_t480k/geoexplorer.pt,swissviewmonuments,250,8,24,0,6,False,2,"[24, 19, 14, 13, 8, 7, 6, 7, 6, 7, 6]","[""up"", ""up"", ""left"", ""up"", ""left"", ""left"", ""right"", ""left"", ""right"", ""left""]","[1.0, 1.0, 1.0, 1.0, 1.0, 1.0, -1.0, 1.0, -1.0, 1.0]",10,img250_d8_s24_g00_r0,8,2
GeoExplorer-anchor0624,/root/geoexplorer/results/checkpoint/algo_ablation_anchor0624_20260515/masa_plus_mmgag_anchor0624_component_ablation_seed321_480k_gpu01/g1_p1_e1_v1_seed321_t480k/geoexplorer.pt,swissviewmonuments,251,4,9,1,21,False,4,"[9, 8, 7, 6, 11, 16, 21, 20, 15, 20, 21]","[""left"", ""left"", ""left"", ""down"", ""down"", ""down"", ""left"", ""up"", ""down"", ""right""]","[1.0, 1.0, 1.0, -1.0, -1.0, -1.0, -1.0, 1.0, -1.0, 1.0]",10,img251_d4_s09_g01_r0,4,6
GeoExplorer-anchor0624,/root/geoexplorer/results/checkpoint/algo_ablation_anchor0624_20260515/masa_plus_mmgag_anchor0624_component_ablation_seed321_480k_gpu01/g1_p1_e1_v1_seed321_t480k/geoexplorer.pt,swissviewmonuments,251,6,19,1,7,False,2,"[19, 18, 13, 12, 7, 6, 5, 6, 7, 8, 7]","[""left"", ""up"", ""left"", ""up"", ""left"", ""left"", ""right"", ""right"", ""right"", ""left""]","[1.0, 1.0, 1.0, 1.0, 1.0, -1.0, 1.0, -1.0, -1.0, 1.0]",10,img251_d6_s19_g01_r0,6,4
GeoExplorer-anchor0624,/root/geoexplorer/results/checkpoint/algo_ablation_anchor0624_20260515/masa_plus_mmgag_anchor0624_component_ablation_seed321_480k_gpu01/g1_p1_e1_v1_seed321_t480k/geoexplorer.pt,swissviewmonuments,252,4,16,2,14,False,4,"[16, 11, 12, 13, 14, 9, 4, 9, 8, 9, 14]","[""up"", ""right"", ""right"", ""right"", ""up"", ""up"", ""down"", ""left"", ""right"", ""down""]","[1.0, 1.0, -1.0, -1.0, 1.0, 1.0, -1.0, 1.0, -1.0, -1.0]",10,img252_d4_s16_g02_r0,4,6
GeoExplorer-anchor0624,/root/geoexplorer/results/checkpoint/algo_ablation_anchor0624_20260515/masa_plus_mmgag_anchor0624_component_ablation_seed321_480k_gpu01/g1_p1_e1_v1_seed321_t480k/geoexplorer.pt,swissviewmonuments,252,6,24,2,10,False,4,"[24, 19, 14, 9, 8, 7, 6, 1, 0, 5, 10]","[""up"", ""up"", ""up"", ""left"", ""left"", ""left"", ""up"", ""left"", ""down"", ""down""]","[1.0, 1.0, 1.0, 1.0, 1.0, -1.0, 1.0, -1.0, -1.0, -1.0]",10,img252_d6_s24_g02_r0,6,4
GeoExplorer-anchor0624,/root/geoexplorer/results/checkpoint/algo_ablation_anchor0624_20260515/masa_plus_mmgag_anchor0624_component_ablation_seed321_480k_gpu01/g1_p1_e1_v1_seed321_t480k/geoexplorer.pt,swissviewmonuments,253,4,19,3,5,False,4,"[19, 14, 9, 8, 7, 6, 5, 0, 1, 0, 5]","[""up"", ""up"", ""left"", ""left"", ""left"", ""left"", ""up"", ""right"", ""left"", ""down""]","[1.0, 1.0, 1.0, -1.0, -1.0, -1.0, 1.0, 1.0, -1.0, -1.0]",10,img253_d4_s19_g03_r0,4,6
GeoExplorer-anchor0624,/root/geoexplorer/results/checkpoint/algo_ablation_anchor0624_20260515/masa_plus_mmgag_anchor0624_component_ablation_seed321_480k_gpu01/g1_p1_e1_v1_seed321_t480k/geoexplorer.pt,swissviewmonuments,253,6,15,3,3,True,0,"[15, 16, 11, 12, 13, 14, 9, 4, 3]","[""right"", ""up"", ""right"", ""right"", ""right"", ""up"", ""up"", ""left""]","[1.0, 1.0, 1.0, 1.0, -1.0, 1.0, 1.0, 1.0]",8,img253_d6_s15_g03_r0,6,2
GeoExplorer-anchor0624,/root/geoexplorer/results/checkpoint/algo_ablation_anchor0624_20260515/masa_plus_mmgag_anchor0624_component_ablation_seed321_480k_gpu01/g1_p1_e1_v1_seed321_t480k/geoexplorer.pt,swissviewmonuments,254,4,6,4,24,False,4,"[6, 7, 12, 13, 18, 23, 24, 23, 24, 19, 24]","[""right"", ""down"", ""right"", ""down"", ""down"", ""right"", ""left"", ""right"", ""up"", ""down""]","[1.0, -1.0, 1.0, -1.0, -1.0, 1.0, -1.0, 1.0, 1.0, -1.0]",10,img254_d4_s06_g04_r0,4,6
GeoExplorer-anchor0624,/root/geoexplorer/results/checkpoint/algo_ablation_anchor0624_20260515/masa_plus_mmgag_anchor0624_component_ablation_seed321_480k_gpu01/g1_p1_e1_v1_seed321_t480k/geoexplorer.pt,swissviewmonuments,254,6,16,4,4,True,0,"[16, 17, 12, 7, 8, 9, 4]","[""right"", ""up"", ""up"", ""right"", ""right"", ""up""]","[1.0, 1.0, 1.0, 1.0, 1.0, 1.0]",6,img254_d6_s16_g04_r0,6,0
GeoExplorer-anchor0624,/root/geoexplorer/results/checkpoint/algo_ablation_anchor0624_20260515/masa_plus_mmgag_anchor0624_component_ablation_seed321_480k_gpu01/g1_p1_e1_v1_seed321_t480k/geoexplorer.pt,swissviewmonuments,254,8,20,4,4,True,0,"[20, 15, 10, 11, 12, 7, 8, 9, 4]","[""up"", ""up"", ""right"", ""right"", ""up"", ""right"", ""right"", ""up""]","[1.0, 1.0, 1.0, 1.0, 1.0, 1.0, 1.0, 1.0]",8,img254_d8_s20_g04_r0,8,0
GeoExplorer-anchor0624,/root/geoexplorer/results/checkpoint/algo_ablation_anchor0624_20260515/masa_plus_mmgag_anchor0624_component_ablation_seed321_480k_gpu01/g1_p1_e1_v1_seed321_t480k/geoexplorer.pt,swissviewmonuments,255,4,21,5,9,False,4,"[21, 16, 11, 12, 13, 8, 9, 4, 3, 4, 9]","[""up"", ""up"", ""right"", ""right"", ""up"", ""right"", ""up"", ""left"", ""right"", ""down""]","[1.0, 1.0, -1.0, -1.0, 1.0, -1.0, -1.0, 1.0, -1.0, 1.0]",10,img255_d4_s21_g05_r0,4,6
GeoExplorer-anchor0624,/root/geoexplorer/results/checkpoint/algo_ablation_anchor0624_20260515/masa_plus_mmgag_anchor0624_component_ablation_seed321_480k_gpu01/g1_p1_e1_v1_seed321_t480k/geoexplorer.pt,swissviewmonuments,255,6,19,5,5,True,0,"[19, 14, 9, 8, 7, 6, 5]","[""up"", ""up"", ""left"", ""left"", ""left"", ""left""]","[1.0, 1.0, 1.0, 1.0, 1.0, 1.0]",6,img255_d6_s19_g05_r0,6,0
GeoExplorer-anchor0624,/root/geoexplorer/results/checkpoint/algo_ablation_anchor0624_20260515/masa_plus_mmgag_anchor0624_component_ablation_seed321_480k_gpu01/g1_p1_e1_v1_seed321_t480k/geoexplorer.pt,swissviewmonuments,256,4,20,6,6,True,0,"[20, 21, 16, 11, 6]","[""right"", ""up"", ""up"", ""up""]","[1.0, 1.0, 1.0, 1.0]",4,img256_d4_s20_g06_r0,4,0
GeoExplorer-anchor0624,/root/geoexplorer/results/checkpoint/algo_ablation_anchor0624_20260515/masa_plus_mmgag_anchor0624_component_ablation_seed321_480k_gpu01/g1_p1_e1_v1_seed321_t480k/geoexplorer.pt,swissviewmonuments,256,6,24,6,6,True,0,"[24, 19, 14, 9, 8, 7, 6]","[""up"", ""up"", ""up"", ""left"", ""left"", ""left""]","[1.0, 1.0, 1.0, 1.0, 1.0, 1.0]",6,img256_d6_s24_g06_r0,6,0
GeoExplorer-anchor0624,/root/geoexplorer/results/checkpoint/algo_ablation_anchor0624_20260515/masa_plus_mmgag_anchor0624_component_ablation_seed321_480k_gpu01/g1_p1_e1_v1_seed321_t480k/geoexplorer.pt,swissviewmonuments,257,4,19,7,1,False,2,"[19, 18, 17, 16, 11, 6, 5, 0, 1, 0, 1]","[""left"", ""left"", ""left"", ""up"", ""up"", ""left"", ""up"", ""right"", ""left"", ""right""]","[1.0, 1.0, -1.0, 1.0, 1.0, -1.0, -1.0, 1.0, -1.0, 1.0]",10,img257_d4_s19_g07_r0,4,6
GeoExplorer-anchor0624,/root/geoexplorer/results/checkpoint/algo_ablation_anchor0624_20260515/masa_plus_mmgag_anchor0624_component_ablation_seed321_480k_gpu01/g1_p1_e1_v1_seed321_t480k/geoexplorer.pt,swissviewmonuments,258,4,10,8,12,False,2,"[10, 11, 12, 13, 18, 13, 14, 19, 18, 13, 12]","[""right"", ""right"", ""right"", ""down"", ""up"", ""right"", ""down"", ""left"", ""up"", ""left""]","[1.0, 1.0, 1.0, -1.0, 1.0, -1.0, -1.0, 1.0, 1.0, -1.0]",10,img258_d4_s10_g08_r0,4,6
GeoExplorer-anchor0624,/root/geoexplorer/results/checkpoint/algo_ablation_anchor0624_20260515/masa_plus_mmgag_anchor0624_component_ablation_seed321_480k_gpu01/g1_p1_e1_v1_seed321_t480k/geoexplorer.pt,swissviewmonuments,258,6,20,8,8,True,0,"[20, 15, 10, 11, 12, 13, 8]","[""up"", ""up"", ""right"", ""right"", ""right"", ""up""]","[1.0, 1.0, 1.0, 1.0, 1.0, 1.0]",6,img258_d6_s20_g08_r0,6,0
GeoExplorer-anchor0624,/root/geoexplorer/results/checkpoint/algo_ablation_anchor0624_20260515/masa_plus_mmgag_anchor0624_component_ablation_seed321_480k_gpu01/g1_p1_e1_v1_seed321_t480k/geoexplorer.pt,swissviewmonuments,259,4,1,9,23,False,4,"[1, 2, 3, 8, 13, 18, 23, 24, 19, 24, 23]","[""right"", ""right"", ""down"", ""down"", ""down"", ""down"", ""right"", ""up"", ""down"", ""left""]","[1.0, 1.0, 1.0, -1.0, -1.0, -1.0, 1.0, 1.0, -1.0, -1.0]",10,img259_d4_s01_g09_r0,4,6
GeoExplorer-anchor0624,/root/geoexplorer/results/checkpoint/algo_ablation_anchor0624_20260515/masa_plus_mmgag_anchor0624_component_ablation_seed321_480k_gpu01/g1_p1_e1_v1_seed321_t480k/geoexplorer.pt,swissviewmonuments,259,6,21,9,9,True,0,"[21, 16, 11, 12, 13, 14, 9]","[""up"", ""up"", ""right"", ""right"", ""right"", ""up""]","[1.0, 1.0, 1.0, 1.0, 1.0, 1.0]",6,img259_d6_s21_g09_r0,6,0
GeoExplorer-anchor0624,/root/geoexplorer/results/checkpoint/algo_ablation_anchor0624_20260515/masa_plus_mmgag_anchor0624_component_ablation_seed321_480k_gpu01/g1_p1_e1_v1_seed321_t480k/geoexplorer.pt,swissviewmonuments,260,4,22,10,8,False,4,"[22, 17, 12, 7, 8, 9, 4, 3, 4, 9, 8]","[""up"", ""up"", ""up"", ""right"", ""right"", ""up"", ""left"", ""right"", ""down"", ""left""]","[1.0, 1.0, -1.0, -1.0, -1.0, -1.0, 1.0, -1.0, 1.0, 1.0]",10,img260_d4_s22_g10_r0,4,6
GeoExplorer-anchor0624,/root/geoexplorer/results/checkpoint/algo_ablation_anchor0624_20260515/masa_plus_mmgag_anchor0624_component_ablation_seed321_480k_gpu01/g1_p1_e1_v1_seed321_t480k/geoexplorer.pt,swissviewmonuments,260,6,4,10,22,False,4,"[4, 9, 8, 7, 12, 17, 22, 21, 20, 21, 22]","[""down"", ""left"", ""left"", ""down"", ""down"", ""down"", ""left"", ""left"", ""right"", ""right""]","[1.0, 1.0, 1.0, 1.0, -1.0, -1.0, 1.0, 1.0, -1.0, -1.0]",10,img260_d6_s04_g10_r0,6,4
GeoExplorer-anchor0624,/root/geoexplorer/results/checkpoint/algo_ablation_anchor0624_20260515/masa_plus_mmgag_anchor0624_component_ablation_seed321_480k_gpu01/g1_p1_e1_v1_seed321_t480k/geoexplorer.pt,swissviewmonuments,261,4,3,11,11,True,0,"[3, 8, 13, 12, 11]","[""down"", ""down"", ""left"", ""left""]","[1.0, 1.0, 1.0, 1.0]",4,img261_d4_s03_g11_r0,4,0
GeoExplorer-anchor0624,/root/geoexplorer/results/checkpoint/algo_ablation_anchor0624_20260515/masa_plus_mmgag_anchor0624_component_ablation_seed321_480k_gpu01/g1_p1_e1_v1_seed321_t480k/geoexplorer.pt,swissviewmonuments,262,4,20,12,12,True,0,"[20, 15, 10, 11, 12]","[""up"", ""up"", ""right"", ""right""]","[1.0, 1.0, 1.0, 1.0]",4,img262_d4_s20_g12_r0,4,0
GeoExplorer-anchor0624,/root/geoexplorer/results/checkpoint/algo_ablation_anchor0624_20260515/masa_plus_mmgag_anchor0624_component_ablation_seed321_480k_gpu01/g1_p1_e1_v1_seed321_t480k/geoexplorer.pt,swissviewmonuments,263,4,1,13,13,True,0,"[1, 2, 3, 8, 13]","[""right"", ""right"", ""down"", ""down""]","[1.0, 1.0, 1.0, 1.0]",4,img263_d4_s01_g13_r0,4,0
GeoExplorer-anchor0624,/root/geoexplorer/results/checkpoint/algo_ablation_anchor0624_20260515/masa_plus_mmgag_anchor0624_component_ablation_seed321_480k_gpu01/g1_p1_e1_v1_seed321_t480k/geoexplorer.pt,swissviewmonuments,264,4,22,14,8,False,2,"[22, 17, 12, 7, 8, 3, 4, 9, 4, 9, 8]","[""up"", ""up"", ""up"", ""right"", ""up"", ""right"", ""down"", ""up"", ""down"", ""left""]","[1.0, 1.0, -1.0, 1.0, -1.0, 1.0, 1.0, -1.0, 1.0, -1.0]",10,img264_d4_s22_g14_r0,4,6
GeoExplorer-anchor0624,/root/geoexplorer/results/checkpoint/algo_ablation_anchor0624_20260515/masa_plus_mmgag_anchor0624_component_ablation_seed321_480k_gpu01/g1_p1_e1_v1_seed321_t480k/geoexplorer.pt,swissviewmonuments,264,6,20,14,14,True,0,"[20, 15, 10, 11, 12, 13, 14]","[""up"", ""up"", ""right"", ""right"", ""right"", ""right""]","[1.0, 1.0, 1.0, 1.0, 1.0, 1.0]",6,img264_d6_s20_g14_r0,6,0
GeoExplorer-anchor0624,/root/geoexplorer/results/checkpoint/algo_ablation_anchor0624_20260515/masa_plus_mmgag_anchor0624_component_ablation_seed321_480k_gpu01/g1_p1_e1_v1_seed321_t480k/geoexplorer.pt,swissviewmonuments,265,4,1,15,19,False,4,"[1, 2, 7, 8, 13, 18, 23, 24, 19, 24, 19]","[""right"", ""down"", ""right"", ""down"", ""down"", ""down"", ""right"", ""up"", ""down"", ""up""]","[-1.0, 1.0, -1.0, 1.0, 1.0, -1.0, -1.0, 1.0, -1.0, 1.0]",10,img265_d4_s01_g15_r0,4,6
GeoExplorer-anchor0624,/root/geoexplorer/results/checkpoint/algo_ablation_anchor0624_20260515/masa_plus_mmgag_anchor0624_component_ablation_seed321_480k_gpu01/g1_p1_e1_v1_seed321_t480k/geoexplorer.pt,swissviewmonuments,265,6,9,15,19,False,4,"[9, 8, 7, 6, 11, 16, 21, 22, 23, 24, 19]","[""left"", ""left"", ""left"", ""down"", ""down"", ""down"", ""right"", ""right"", ""right"", ""up""]","[1.0, 1.0, 1.0, 1.0, 1.0, -1.0, -1.0, -1.0, -1.0, 1.0]",10,img265_d6_s09_g15_r0,6,4
GeoExplorer-anchor0624,/root/geoexplorer/results/checkpoint/algo_ablation_anchor0624_20260515/masa_plus_mmgag_anchor0624_component_ablation_seed321_480k_gpu01/g1_p1_e1_v1_seed321_t480k/geoexplorer.pt,swissviewmonuments,266,4,24,16,2,False,4,"[24, 19, 18, 13, 12, 11, 6, 1, 0, 1, 2]","[""up"", ""left"", ""up"", ""left"", ""left"", ""up"", ""up"", ""left"", ""right"", ""right""]","[1.0, 1.0, -1.0, 1.0, 1.0, -1.0, -1.0, -1.0, 1.0, -1.0]",10,img266_d4_s24_g16_r0,4,6
GeoExplorer-anchor0624,/root/geoexplorer/results/checkpoint/algo_ablation_anchor0624_20260515/masa_plus_mmgag_anchor0624_component_ablation_seed321_480k_gpu01/g1_p1_e1_v1_seed321_t480k/geoexplorer.pt,swissviewmonuments,266,6,4,16,16,True,0,"[4, 9, 8, 7, 12, 11, 16]","[""down"", ""left"", ""left"", ""down"", ""left"", ""down""]","[1.0, 1.0, 1.0, 1.0, 1.0, 1.0]",6,img266_d6_s04_g16_r0,6,0
GeoExplorer-anchor0624,/root/geoexplorer/results/checkpoint/algo_ablation_anchor0624_20260515/masa_plus_mmgag_anchor0624_component_ablation_seed321_480k_gpu01/g1_p1_e1_v1_seed321_t480k/geoexplorer.pt,swissviewmonuments,267,4,9,17,17,True,0,"[9, 8, 13, 12, 17]","[""left"", ""down"", ""left"", ""down""]","[1.0, 1.0, 1.0, 1.0]",4,img267_d4_s09_g17_r0,4,0
GeoExplorer-anchor0624,/root/geoexplorer/results/checkpoint/algo_ablation_anchor0624_20260515/masa_plus_mmgag_anchor0624_component_ablation_seed321_480k_gpu01/g1_p1_e1_v1_seed321_t480k/geoexplorer.pt,swissviewmonuments,268,4,4,18,20,False,4,"[4, 3, 8, 13, 12, 11, 16, 15, 20, 21, 20]","[""left"", ""down"", ""down"", ""left"", ""left"", ""down"", ""left"", ""down"", ""right"", ""left""]","[1.0, 1.0, 1.0, -1.0, -1.0, 1.0, -1.0, -1.0, 1.0, -1.0]",10,img268_d4_s04_g18_r0,4,6
GeoExplorer-anchor0624,/root/geoexplorer/results/checkpoint/algo_ablation_anchor0624_20260515/masa_plus_mmgag_anchor0624_component_ablation_seed321_480k_gpu01/g1_p1_e1_v1_seed321_t480k/geoexplorer.pt,swissviewmonuments,268,6,0,18,18,True,0,"[0, 1, 2, 3, 8, 13, 18]","[""right"", ""right"", ""right"", ""down"", ""down"", ""down""]","[1.0, 1.0, 1.0, 1.0, 1.0, 1.0]",6,img268_d6_s00_g18_r0,6,0
GeoExplorer-anchor0624,/root/geoexplorer/results/checkpoint/algo_ablation_anchor0624_20260515/masa_plus_mmgag_anchor0624_component_ablation_seed321_480k_gpu01/g1_p1_e1_v1_seed321_t480k/geoexplorer.pt,swissviewmonuments,269,4,21,19,13,False,2,"[21, 16, 11, 12, 13, 14, 9, 8, 9, 14, 13]","[""up"", ""up"", ""right"", ""right"", ""right"", ""up"", ""left"", ""right"", ""down"", ""left""]","[1.0, -1.0, 1.0, 1.0, 1.0, -1.0, -1.0, 1.0, 1.0, -1.0]",10,img269_d4_s21_g19_r0,4,6
GeoExplorer-anchor0624,/root/geoexplorer/results/checkpoint/algo_ablation_anchor0624_20260515/masa_plus_mmgag_anchor0624_component_ablation_seed321_480k_gpu01/g1_p1_e1_v1_seed321_t480k/geoexplorer.pt,swissviewmonuments,269,6,5,19,19,True,0,"[5, 6, 7, 12, 17, 22, 23, 24, 19]","[""right"", ""right"", ""down"", ""down"", ""down"", ""right"", ""right"", ""up""]","[1.0, 1.0, 1.0, 1.0, -1.0, 1.0, 1.0, 1.0]",8,img269_d6_s05_g19_r0,6,2
GeoExplorer-anchor0624,/root/geoexplorer/results/checkpoint/algo_ablation_anchor0624_20260515/masa_plus_mmgag_anchor0624_component_ablation_seed321_480k_gpu01/g1_p1_e1_v1_seed321_t480k/geoexplorer.pt,swissviewmonuments,270,4,12,20,22,False,2,"[12, 13, 18, 23, 24, 23, 24, 23, 18, 23, 22]","[""right"", ""down"", ""down"", ""right"", ""left"", ""right"", ""left"", ""up"", ""down"", ""left""]","[-1.0, 1.0, 1.0, -1.0, 1.0, -1.0, 1.0, -1.0, 1.0, 1.0]",10,img270_d4_s12_g20_r0,4,6
GeoExplorer-anchor0624,/root/geoexplorer/results/checkpoint/algo_ablation_anchor0624_20260515/masa_plus_mmgag_anchor0624_component_ablation_seed321_480k_gpu01/g1_p1_e1_v1_seed321_t480k/geoexplorer.pt,swissviewmonuments,270,6,14,20,20,True,0,"[14, 13, 12, 11, 16, 15, 20]","[""left"", ""left"", ""left"", ""down"", ""left"", ""down""]","[1.0, 1.0, 1.0, 1.0, 1.0, 1.0]",6,img270_d6_s14_g20_r0,6,0
GeoExplorer-anchor0624,/root/geoexplorer/results/checkpoint/algo_ablation_anchor0624_20260515/masa_plus_mmgag_anchor0624_component_ablation_seed321_480k_gpu01/g1_p1_e1_v1_seed321_t480k/geoexplorer.pt,swissviewmonuments,270,8,4,20,20,True,0,"[4, 9, 14, 13, 12, 11, 16, 21, 20]","[""down"", ""down"", ""left"", ""left"", ""left"", ""down"", ""down"", ""left""]","[1.0, 1.0, 1.0, 1.0, 1.0, 1.0, 1.0, 1.0]",8,img270_d8_s04_g20_r0,8,0
GeoExplorer-anchor0624,/root/geoexplorer/results/checkpoint/algo_ablation_anchor0624_20260515/masa_plus_mmgag_anchor0624_component_ablation_seed321_480k_gpu01/g1_p1_e1_v1_seed321_t480k/geoexplorer.pt,swissviewmonuments,271,4,7,21,21,True,0,"[7, 12, 17, 22, 21]","[""down"", ""down"", ""down"", ""left""]","[1.0, 1.0, 1.0, 1.0]",4,img271_d4_s07_g21_r0,4,0
GeoExplorer-anchor0624,/root/geoexplorer/results/checkpoint/algo_ablation_anchor0624_20260515/masa_plus_mmgag_anchor0624_component_ablation_seed321_480k_gpu01/g1_p1_e1_v1_seed321_t480k/geoexplorer.pt,swissviewmonuments,271,6,3,21,21,True,0,"[3, 8, 13, 12, 11, 16, 15, 20, 21]","[""down"", ""down"", ""left"", ""left"", ""down"", ""left"", ""down"", ""right""]","[1.0, 1.0, 1.0, 1.0, 1.0, -1.0, 1.0, 1.0]",8,img271_d6_s03_g21_r0,6,2
GeoExplorer-anchor0624,/root/geoexplorer/results/checkpoint/algo_ablation_anchor0624_20260515/masa_plus_mmgag_anchor0624_component_ablation_seed321_480k_gpu01/g1_p1_e1_v1_seed321_t480k/geoexplorer.pt,swissviewmonuments,272,4,8,22,20,False,2,"[8, 13, 12, 17, 16, 21, 20, 15, 20, 15, 20]","[""down"", ""left"", ""down"", ""left"", ""down"", ""left"", ""up"", ""down"", ""up"", ""down""]","[1.0, 1.0, 1.0, -1.0, 1.0, -1.0, -1.0, 1.0, -1.0, 1.0]",10,img272_d4_s08_g22_r0,4,6
GeoExplorer-anchor0624,/root/geoexplorer/results/checkpoint/algo_ablation_anchor0624_20260515/masa_plus_mmgag_anchor0624_component_ablation_seed321_480k_gpu01/g1_p1_e1_v1_seed321_t480k/geoexplorer.pt,swissviewmonuments,272,6,0,22,24,False,2,"[0, 1, 6, 7, 8, 13, 18, 23, 24, 19, 24]","[""right"", ""down"", ""right"", ""right"", ""down"", ""down"", ""down"", ""right"", ""up"", ""down""]","[1.0, 1.0, 1.0, -1.0, 1.0, 1.0, 1.0, -1.0, -1.0, 1.0]",10,img272_d6_s00_g22_r0,6,4
GeoExplorer-anchor0624,/root/geoexplorer/results/checkpoint/algo_ablation_anchor0624_20260515/masa_plus_mmgag_anchor0624_component_ablation_seed321_480k_gpu01/g1_p1_e1_v1_seed321_t480k/geoexplorer.pt,swissviewmonuments,273,4,7,23,23,True,0,"[7, 8, 13, 18, 19, 24, 23]","[""right"", ""down"", ""down"", ""right"", ""down"", ""left""]","[1.0, 1.0, 1.0, -1.0, 1.0, 1.0]",6,img273_d4_s07_g23_r0,4,2
GeoExplorer-anchor0624,/root/geoexplorer/results/checkpoint/algo_ablation_anchor0624_20260515/masa_plus_mmgag_anchor0624_component_ablation_seed321_480k_gpu01/g1_p1_e1_v1_seed321_t480k/geoexplorer.pt,swissviewmonuments,273,6,1,23,23,True,0,"[1, 6, 7, 8, 13, 18, 23]","[""down"", ""right"", ""right"", ""down"", ""down"", ""down""]","[1.0, 1.0, 1.0, 1.0, 1.0, 1.0]",6,img273_d6_s01_g23_r0,6,0
GeoExplorer-anchor0624,/root/geoexplorer/results/checkpoint/algo_ablation_anchor0624_20260515/masa_plus_mmgag_anchor0624_component_ablation_seed321_480k_gpu01/g1_p1_e1_v1_seed321_t480k/geoexplorer.pt,swissviewmonuments,274,4,12,24,16,False,4,"[12, 13, 18, 17, 22, 21, 20, 15, 20, 15, 16]","[""right"", ""down"", ""left"", ""down"", ""left"", ""left"", ""up"", ""down"", ""up"", ""right""]","[1.0, 1.0, -1.0, 1.0, -1.0, -1.0, -1.0, 1.0, -1.0, 1.0]",10,img274_d4_s12_g24_r0,4,6
GeoExplorer-anchor0624,/root/geoexplorer/results/checkpoint/algo_ablation_anchor0624_20260515/masa_plus_mmgag_anchor0624_component_ablation_seed321_480k_gpu01/g1_p1_e1_v1_seed321_t480k/geoexplorer.pt,swissviewmonuments,274,6,10,24,24,True,0,"[10, 11, 12, 13, 18, 23, 24]","[""right"", ""right"", ""right"", ""down"", ""down"", ""right""]","[1.0, 1.0, 1.0, 1.0, 1.0, 1.0]",6,img274_d6_s10_g24_r0,6,0
GeoExplorer-anchor0624,/root/geoexplorer/results/checkpoint/algo_ablation_anchor0624_20260515/masa_plus_mmgag_anchor0624_component_ablation_seed321_480k_gpu01/g1_p1_e1_v1_seed321_t480k/geoexplorer.pt,swissviewmonuments,274,8,0,24,24,True,0,"[0, 1, 6, 11, 12, 17, 22, 23, 24]","[""right"", ""down"", ""down"", ""right"", ""down"", ""down"", ""right"", ""right""]","[1.0, 1.0, 1.0, 1.0, 1.0, 1.0, 1.0, 1.0]",8,img274_d8_s00_g24_r0,8,0
GeoExplorer-anchor0624,/root/geoexplorer/results/checkpoint/algo_ablation_anchor0624_20260515/masa_plus_mmgag_anchor0624_component_ablation_seed321_480k_gpu01/g1_p1_e1_v1_seed321_t480k/geoexplorer.pt,swissviewmonuments,275,4,4,0,20,False,4,"[4, 3, 8, 7, 6, 11, 16, 21, 20, 21, 20]","[""left"", ""down"", ""left"", ""left"", ""down"", ""down"", ""down"", ""left"", ""right"", ""left""]","[1.0, -1.0, 1.0, 1.0, -1.0, -1.0, -1.0, 1.0, -1.0, 1.0]",10,img275_d4_s04_g00_r0,4,6
GeoExplorer-anchor0624,/root/geoexplorer/results/checkpoint/algo_ablation_anchor0624_20260515/masa_plus_mmgag_anchor0624_component_ablation_seed321_480k_gpu01/g1_p1_e1_v1_seed321_t480k/geoexplorer.pt,swissviewmonuments,275,6,14,0,20,False,4,"[14, 13, 12, 11, 16, 15, 20, 21, 20, 21, 20]","[""left"", ""left"", ""left"", ""down"", ""left"", ""down"", ""right"", ""left"", ""right"", ""left""]","[1.0, 1.0, 1.0, -1.0, 1.0, -1.0, -1.0, 1.0, -1.0, 1.0]",10,img275_d6_s14_g00_r0,6,4
GeoExplorer-anchor0624,/root/geoexplorer/results/checkpoint/algo_ablation_anchor0624_20260515/masa_plus_mmgag_anchor0624_component_ablation_seed321_480k_gpu01/g1_p1_e1_v1_seed321_t480k/geoexplorer.pt,swissviewmonuments,275,8,24,0,6,False,2,"[24, 23, 22, 17, 12, 7, 6, 1, 6, 1, 6]","[""left"", ""left"", ""up"", ""up"", ""up"", ""left"", ""up"", ""down"", ""up"", ""down""]","[1.0, 1.0, 1.0, 1.0, 1.0, 1.0, 1.0, -1.0, 1.0, -1.0]",10,img275_d8_s24_g00_r0,8,2
GeoExplorer-anchor0624,/root/geoexplorer/results/checkpoint/algo_ablation_anchor0624_20260515/masa_plus_mmgag_anchor0624_component_ablation_seed321_480k_gpu01/g1_p1_e1_v1_seed321_t480k/geoexplorer.pt,swissviewmonuments,276,4,9,1,21,False,4,"[9, 8, 7, 12, 17, 16, 21, 20, 15, 20, 21]","[""left"", ""left"", ""down"", ""down"", ""left"", ""down"", ""left"", ""up"", ""down"", ""right""]","[1.0, 1.0, -1.0, -1.0, 1.0, -1.0, -1.0, 1.0, -1.0, 1.0]",10,img276_d4_s09_g01_r0,4,6
GeoExplorer-anchor0624,/root/geoexplorer/results/checkpoint/algo_ablation_anchor0624_20260515/masa_plus_mmgag_anchor0624_component_ablation_seed321_480k_gpu01/g1_p1_e1_v1_seed321_t480k/geoexplorer.pt,swissviewmonuments,276,6,23,1,1,True,0,"[23, 18, 13, 12, 7, 8, 3, 2, 1]","[""up"", ""up"", ""left"", ""up"", ""right"", ""up"", ""left"", ""left""]","[1.0, 1.0, 1.0, 1.0, -1.0, 1.0, 1.0, 1.0]",8,img276_d6_s23_g01_r0,6,2
GeoExplorer-anchor0624,/root/geoexplorer/results/checkpoint/algo_ablation_anchor0624_20260515/masa_plus_mmgag_anchor0624_component_ablation_seed321_480k_gpu01/g1_p1_e1_v1_seed321_t480k/geoexplorer.pt,swissviewmonuments,277,4,14,2,22,False,4,"[14, 13, 12, 11, 16, 21, 20, 21, 22, 23, 22]","[""left"", ""left"", ""left"", ""down"", ""down"", ""left"", ""right"", ""right"", ""right"", ""left""]","[1.0, 1.0, -1.0, -1.0, -1.0, -1.0, 1.0, 1.0, -1.0, 1.0]",10,img277_d4_s14_g02_r0,4,6
GeoExplorer-anchor0624,/root/geoexplorer/results/checkpoint/algo_ablation_anchor0624_20260515/masa_plus_mmgag_anchor0624_component_ablation_seed321_480k_gpu01/g1_p1_e1_v1_seed321_t480k/geoexplorer.pt,swissviewmonuments,277,6,24,2,8,False,2,"[24, 23, 22, 17, 12, 7, 8, 3, 8, 7, 8]","[""left"", ""left"", ""up"", ""up"", ""up"", ""right"", ""up"", ""down"", ""left"", ""right""]","[1.0, 1.0, 1.0, 1.0, 1.0, -1.0, 1.0, -1.0, 1.0, -1.0]",10,img277_d6_s24_g02_r0,6,4
GeoExplorer-anchor0624,/root/geoexplorer/results/checkpoint/algo_ablation_anchor0624_20260515/masa_plus_mmgag_anchor0624_component_ablation_seed321_480k_gpu01/g1_p1_e1_v1_seed321_t480k/geoexplorer.pt,swissviewmonuments,278,4,11,3,23,False,4,"[11, 12, 13, 14, 19, 24, 19, 24, 23, 24, 23]","[""right"", ""right"", ""right"", ""down"", ""down"", ""up"", ""down"", ""left"", ""right"", ""left""]","[1.0, 1.0, -1.0, -1.0, -1.0, 1.0, -1.0, 1.0, -1.0, 1.0]",10,img278_d4_s11_g03_r0,4,6
GeoExplorer-anchor0624,/root/geoexplorer/results/checkpoint/algo_ablation_anchor0624_20260515/masa_plus_mmgag_anchor0624_component_ablation_seed321_480k_gpu01/g1_p1_e1_v1_seed321_t480k/geoexplorer.pt,swissviewmonuments,278,6,15,3,9,False,2,"[15, 16, 17, 18, 19, 24, 19, 14, 9, 4, 9]","[""right"", ""right"", ""right"", ""right"", ""down"", ""up"", ""up"", ""up"", ""up"", ""down""]","[1.0, 1.0, 1.0, -1.0, -1.0, 1.0, 1.0, 1.0, 1.0, -1.0]",10,img278_d6_s15_g03_r0,6,4
GeoExplorer-anchor0624,/root/geoexplorer/results/checkpoint/algo_ablation_anchor0624_20260515/masa_plus_mmgag_anchor0624_component_ablation_seed321_480k_gpu01/g1_p1_e1_v1_seed321_t480k/geoexplorer.pt,swissviewmonuments,279,4,0,4,24,False,4,"[0, 5, 10, 11, 12, 13, 14, 19, 24, 23, 24]","[""down"", ""down"", ""right"", ""right"", ""right"", ""right"", ""down"", ""down"", ""left"", ""right""]","[-1.0, -1.0, 1.0, 1.0, 1.0, 1.0, -1.0, -1.0, -1.0, 1.0]",10,img279_d4_s00_g04_r0,4,6
GeoExplorer-anchor0624,/root/geoexplorer/results/checkpoint/algo_ablation_anchor0624_20260515/masa_plus_mmgag_anchor0624_component_ablation_seed321_480k_gpu01/g1_p1_e1_v1_seed321_t480k/geoexplorer.pt,swissviewmonuments,279,6,16,4,24,False,4,"[16, 17, 18, 19, 24, 19, 24, 23, 24, 23, 24]","[""right"", ""right"", ""right"", ""down"", ""up"", ""down"", ""left"", ""right"", ""left"", ""right""]","[1.0, 1.0, 1.0, -1.0, 1.0, -1.0, -1.0, 1.0, -1.0, 1.0]",10,img279_d6_s16_g04_r0,6,4
GeoExplorer-anchor0624,/root/geoexplorer/results/checkpoint/algo_ablation_anchor0624_20260515/masa_plus_mmgag_anchor0624_component_ablation_seed321_480k_gpu01/g1_p1_e1_v1_seed321_t480k/geoexplorer.pt,swissviewmonuments,279,8,20,4,4,True,0,"[20, 15, 16, 17, 18, 13, 14, 9, 4]","[""up"", ""right"", ""right"", ""right"", ""up"", ""right"", ""up"", ""up""]","[1.0, 1.0, 1.0, 1.0, 1.0, 1.0, 1.0, 1.0]",8,img279_d8_s20_g04_r0,8,0
GeoExplorer-anchor0624,/root/geoexplorer/results/checkpoint/algo_ablation_anchor0624_20260515/masa_plus_mmgag_anchor0624_component_ablation_seed321_480k_gpu01/g1_p1_e1_v1_seed321_t480k/geoexplorer.pt,swissviewmonuments,280,4,21,5,9,False,4,"[21, 16, 11, 12, 13, 8, 3, 4, 9, 14, 9]","[""up"", ""up"", ""right"", ""right"", ""up"", ""up"", ""right"", ""down"", ""down"", ""up""]","[1.0, 1.0, -1.0, -1.0, 1.0, -1.0, -1.0, 1.0, -1.0, 1.0]",10,img280_d4_s21_g05_r0,4,6
GeoExplorer-anchor0624,/root/geoexplorer/results/checkpoint/algo_ablation_anchor0624_20260515/masa_plus_mmgag_anchor0624_component_ablation_seed321_480k_gpu01/g1_p1_e1_v1_seed321_t480k/geoexplorer.pt,swissviewmonuments,280,6,19,5,15,False,2,"[19, 24, 23, 22, 21, 16, 11, 10, 15, 10, 15]","[""down"", ""left"", ""left"", ""left"", ""up"", ""up"", ""left"", ""down"", ""up"", ""down""]","[-1.0, 1.0, 1.0, 1.0, 1.0, 1.0, 1.0, -1.0, 1.0, -1.0]",10,img280_d6_s19_g05_r0,6,4
GeoExplorer-anchor0624,/root/geoexplorer/results/checkpoint/algo_ablation_anchor0624_20260515/masa_plus_mmgag_anchor0624_component_ablation_seed321_480k_gpu01/g1_p1_e1_v1_seed321_t480k/geoexplorer.pt,swissviewmonuments,281,4,22,6,6,True,0,"[22, 17, 12, 7, 6]","[""up"", ""up"", ""up"", ""left""]","[1.0, 1.0, 1.0, 1.0]",4,img281_d4_s22_g06_r0,4,0
GeoExplorer-anchor0624,/root/geoexplorer/results/checkpoint/algo_ablation_anchor0624_20260515/masa_plus_mmgag_anchor0624_component_ablation_seed321_480k_gpu01/g1_p1_e1_v1_seed321_t480k/geoexplorer.pt,swissviewmonuments,281,6,24,6,6,True,0,"[24, 19, 14, 9, 8, 7, 6]","[""up"", ""up"", ""up"", ""left"", ""left"", ""left""]","[1.0, 1.0, 1.0, 1.0, 1.0, 1.0]",6,img281_d6_s24_g06_r0,6,0
GeoExplorer-anchor0624,/root/geoexplorer/results/checkpoint/algo_ablation_anchor0624_20260515/masa_plus_mmgag_anchor0624_component_ablation_seed321_480k_gpu01/g1_p1_e1_v1_seed321_t480k/geoexplorer.pt,swissviewmonuments,282,4,15,7,17,False,2,"[15, 10, 11, 12, 11, 12, 11, 12, 11, 12, 17]","[""up"", ""right"", ""right"", ""left"", ""right"", ""left"", ""right"", ""left"", ""right"", ""down""]","[1.0, 1.0, 1.0, -1.0, 1.0, -1.0, 1.0, -1.0, 1.0, -1.0]",10,img282_d4_s15_g07_r0,4,6
GeoExplorer-anchor0624,/root/geoexplorer/results/checkpoint/algo_ablation_anchor0624_20260515/masa_plus_mmgag_anchor0624_component_ablation_seed321_480k_gpu01/g1_p1_e1_v1_seed321_t480k/geoexplorer.pt,swissviewmonuments,283,4,16,8,8,True,0,"[16, 21, 22, 23, 18, 13, 12, 13, 8]","[""down"", ""right"", ""right"", ""up"", ""up"", ""left"", ""right"", ""up""]","[-1.0, 1.0, 1.0, 1.0, 1.0, -1.0, 1.0, 1.0]",8,img283_d4_s16_g08_r0,4,4
GeoExplorer-anchor0624,/root/geoexplorer/results/checkpoint/algo_ablation_anchor0624_20260515/masa_plus_mmgag_anchor0624_component_ablation_seed321_480k_gpu01/g1_p1_e1_v1_seed321_t480k/geoexplorer.pt,swissviewmonuments,283,6,20,8,8,True,0,"[20, 21, 22, 23, 18, 13, 8]","[""right"", ""right"", ""right"", ""up"", ""up"", ""up""]","[1.0, 1.0, 1.0, 1.0, 1.0, 1.0]",6,img283_d6_s20_g08_r0,6,0
GeoExplorer-anchor0624,/root/geoexplorer/results/checkpoint/algo_ablation_anchor0624_20260515/masa_plus_mmgag_anchor0624_component_ablation_seed321_480k_gpu01/g1_p1_e1_v1_seed321_t480k/geoexplorer.pt,swissviewmonuments,284,4,23,9,5,False,4,"[23, 22, 17, 12, 7, 6, 5, 0, 5, 0, 5]","[""left"", ""up"", ""up"", ""up"", ""left"", ""left"", ""up"", ""down"", ""up"", ""down""]","[-1.0, 1.0, 1.0, 1.0, -1.0, -1.0, -1.0, 1.0, -1.0, 1.0]",10,img284_d4_s23_g09_r0,4,6
GeoExplorer-anchor0624,/root/geoexplorer/results/checkpoint/algo_ablation_anchor0624_20260515/masa_plus_mmgag_anchor0624_component_ablation_seed321_480k_gpu01/g1_p1_e1_v1_seed321_t480k/geoexplorer.pt,swissviewmonuments,284,6,21,9,5,False,4,"[21, 22, 23, 18, 13, 8, 13, 8, 7, 6, 5]","[""right"", ""right"", ""up"", ""up"", ""up"", ""down"", ""up"", ""left"", ""left"", ""left""]","[1.0, 1.0, 1.0, 1.0, 1.0, -1.0, 1.0, -1.0, -1.0, -1.0]",10,img284_d6_s21_g09_r0,6,4
GeoExplorer-anchor0624,/root/geoexplorer/results/checkpoint/algo_ablation_anchor0624_20260515/masa_plus_mmgag_anchor0624_component_ablation_seed321_480k_gpu01/g1_p1_e1_v1_seed321_t480k/geoexplorer.pt,swissviewmonuments,285,4,18,10,10,True,0,"[18, 13, 8, 7, 6, 1, 0, 5, 10]","[""up"", ""up"", ""left"", ""left"", ""up"", ""left"", ""down"", ""down""]","[1.0, -1.0, 1.0, 1.0, -1.0, 1.0, 1.0, 1.0]",8,img285_d4_s18_g10_r0,4,4
GeoExplorer-anchor0624,/root/geoexplorer/results/checkpoint/algo_ablation_anchor0624_20260515/masa_plus_mmgag_anchor0624_component_ablation_seed321_480k_gpu01/g1_p1_e1_v1_seed321_t480k/geoexplorer.pt,swissviewmonuments,285,6,24,10,10,True,0,"[24, 19, 18, 13, 12, 7, 6, 1, 0, 5, 10]","[""up"", ""left"", ""up"", ""left"", ""up"", ""left"", ""up"", ""left"", ""down"", ""down""]","[1.0, 1.0, 1.0, 1.0, -1.0, 1.0, -1.0, 1.0, 1.0, 1.0]",10,img285_d6_s24_g10_r0,6,4
GeoExplorer-anchor0624,/root/geoexplorer/results/checkpoint/algo_ablation_anchor0624_20260515/masa_plus_mmgag_anchor0624_component_ablation_seed321_480k_gpu01/g1_p1_e1_v1_seed321_t480k/geoexplorer.pt,swissviewmonuments,286,4,19,11,15,False,2,"[19, 14, 13, 8, 7, 6, 5, 0, 5, 10, 15]","[""up"", ""left"", ""up"", ""left"", ""left"", ""left"", ""up"", ""down"", ""down"", ""down""]","[1.0, 1.0, -1.0, 1.0, 1.0, -1.0, -1.0, 1.0, 1.0, -1.0]",10,img286_d4_s19_g11_r0,4,6
GeoExplorer-anchor0624,/root/geoexplorer/results/checkpoint/algo_ablation_anchor0624_20260515/masa_plus_mmgag_anchor0624_component_ablation_seed321_480k_gpu01/g1_p1_e1_v1_seed321_t480k/geoexplorer.pt,swissviewmonuments,287,4,20,12,12,True,0,"[20, 21, 16, 11, 12]","[""right"", ""up"", ""up"", ""right""]","[1.0, 1.0, 1.0, 1.0]",4,img287_d4_s20_g12_r0,4,0
GeoExplorer-anchor0624,/root/geoexplorer/results/checkpoint/algo_ablation_anchor0624_20260515/masa_plus_mmgag_anchor0624_component_ablation_seed321_480k_gpu01/g1_p1_e1_v1_seed321_t480k/geoexplorer.pt,swissviewmonuments,288,4,1,13,19,False,2,"[1, 2, 7, 12, 17, 22, 23, 24, 19, 24, 19]","[""right"", ""down"", ""down"", ""down"", ""down"", ""right"", ""right"", ""up"", ""down"", ""up""]","[1.0, 1.0, 1.0, -1.0, -1.0, 1.0, -1.0, 1.0, -1.0, 1.0]",10,img288_d4_s01_g13_r0,4,6
GeoExplorer-anchor0624,/root/geoexplorer/results/checkpoint/algo_ablation_anchor0624_20260515/masa_plus_mmgag_anchor0624_component_ablation_seed321_480k_gpu01/g1_p1_e1_v1_seed321_t480k/geoexplorer.pt,swissviewmonuments,289,4,22,14,20,False,6,"[22, 17, 12, 7, 8, 7, 6, 11, 10, 15, 20]","[""up"", ""up"", ""up"", ""right"", ""left"", ""left"", ""down"", ""left"", ""down"", ""down""]","[1.0, 1.0, -1.0, 1.0, -1.0, -1.0, 1.0, -1.0, -1.0, -1.0]",10,img289_d4_s22_g14_r0,4,6
GeoExplorer-anchor0624,/root/geoexplorer/results/checkpoint/algo_ablation_anchor0624_20260515/masa_plus_mmgag_anchor0624_component_ablation_seed321_480k_gpu01/g1_p1_e1_v1_seed321_t480k/geoexplorer.pt,swissviewmonuments,289,6,20,14,14,True,0,"[20, 15, 16, 11, 12, 13, 14]","[""up"", ""right"", ""up"", ""right"", ""right"", ""right""]","[1.0, 1.0, 1.0, 1.0, 1.0, 1.0]",6,img289_d6_s20_g14_r0,6,0
GeoExplorer-anchor0624,/root/geoexplorer/results/checkpoint/algo_ablation_anchor0624_20260515/masa_plus_mmgag_anchor0624_component_ablation_seed321_480k_gpu01/g1_p1_e1_v1_seed321_t480k/geoexplorer.pt,swissviewmonuments,290,4,23,15,1,False,4,"[23, 24, 19, 14, 13, 12, 11, 10, 5, 0, 1]","[""right"", ""up"", ""up"", ""left"", ""left"", ""left"", ""left"", ""up"", ""up"", ""right""]","[-1.0, 1.0, -1.0, 1.0, 1.0, 1.0, 1.0, -1.0, -1.0, -1.0]",10,img290_d4_s23_g15_r0,4,6
GeoExplorer-anchor0624,/root/geoexplorer/results/checkpoint/algo_ablation_anchor0624_20260515/masa_plus_mmgag_anchor0624_component_ablation_seed321_480k_gpu01/g1_p1_e1_v1_seed321_t480k/geoexplorer.pt,swissviewmonuments,290,6,3,15,21,False,2,"[3, 2, 1, 6, 11, 16, 21, 20, 21, 20, 21]","[""left"", ""left"", ""down"", ""down"", ""down"", ""down"", ""left"", ""right"", ""left"", ""right""]","[1.0, 1.0, 1.0, 1.0, 1.0, -1.0, 1.0, -1.0, 1.0, -1.0]",10,img290_d6_s03_g15_r0,6,4
GeoExplorer-anchor0624,/root/geoexplorer/results/checkpoint/algo_ablation_anchor0624_20260515/masa_plus_mmgag_anchor0624_component_ablation_seed321_480k_gpu01/g1_p1_e1_v1_seed321_t480k/geoexplorer.pt,swissviewmonuments,291,4,24,16,10,False,2,"[24, 23, 18, 13, 8, 7, 6, 1, 0, 5, 10]","[""left"", ""up"", ""up"", ""up"", ""left"", ""left"", ""up"", ""left"", ""down"", ""down""]","[1.0, 1.0, -1.0, -1.0, 1.0, 1.0, -1.0, -1.0, 1.0, 1.0]",10,img291_d4_s24_g16_r0,4,6
GeoExplorer-anchor0624,/root/geoexplorer/results/checkpoint/algo_ablation_anchor0624_20260515/masa_plus_mmgag_anchor0624_component_ablation_seed321_480k_gpu01/g1_p1_e1_v1_seed321_t480k/geoexplorer.pt,swissviewmonuments,291,6,4,16,16,True,0,"[4, 9, 8, 7, 6, 11, 16]","[""down"", ""left"", ""left"", ""left"", ""down"", ""down""]","[1.0, 1.0, 1.0, 1.0, 1.0, 1.0]",6,img291_d6_s04_g16_r0,6,0
GeoExplorer-anchor0624,/root/geoexplorer/results/checkpoint/algo_ablation_anchor0624_20260515/masa_plus_mmgag_anchor0624_component_ablation_seed321_480k_gpu01/g1_p1_e1_v1_seed321_t480k/geoexplorer.pt,swissviewmonuments,292,4,3,17,21,False,2,"[3, 8, 13, 12, 11, 16, 21, 20, 15, 20, 21]","[""down"", ""down"", ""left"", ""left"", ""down"", ""down"", ""left"", ""up"", ""down"", ""right""]","[1.0, 1.0, 1.0, -1.0, 1.0, -1.0, -1.0, 1.0, -1.0, 1.0]",10,img292_d4_s03_g17_r0,4,6
GeoExplorer-anchor0624,/root/geoexplorer/results/checkpoint/algo_ablation_anchor0624_20260515/masa_plus_mmgag_anchor0624_component_ablation_seed321_480k_gpu01/g1_p1_e1_v1_seed321_t480k/geoexplorer.pt,swissviewmonuments,293,4,6,18,24,False,2,"[6, 7, 12, 17, 22, 23, 24, 23, 24, 19, 24]","[""right"", ""down"", ""down"", ""down"", ""right"", ""right"", ""left"", ""right"", ""up"", ""down""]","[1.0, 1.0, 1.0, -1.0, 1.0, -1.0, 1.0, -1.0, 1.0, -1.0]",10,img293_d4_s06_g18_r0,4,6
GeoExplorer-anchor0624,/root/geoexplorer/results/checkpoint/algo_ablation_anchor0624_20260515/masa_plus_mmgag_anchor0624_component_ablation_seed321_480k_gpu01/g1_p1_e1_v1_seed321_t480k/geoexplorer.pt,swissviewmonuments,293,6,0,18,18,True,0,"[0, 1, 6, 7, 12, 17, 18]","[""right"", ""down"", ""right"", ""down"", ""down"", ""right""]","[1.0, 1.0, 1.0, 1.0, 1.0, 1.0]",6,img293_d6_s00_g18_r0,6,0
GeoExplorer-anchor0624,/root/geoexplorer/results/checkpoint/algo_ablation_anchor0624_20260515/masa_plus_mmgag_anchor0624_component_ablation_seed321_480k_gpu01/g1_p1_e1_v1_seed321_t480k/geoexplorer.pt,swissviewmonuments,294,4,21,19,9,False,2,"[21, 22, 17, 12, 7, 2, 3, 4, 9, 4, 9]","[""right"", ""up"", ""up"", ""up"", ""up"", ""right"", ""right"", ""down"", ""up"", ""down""]","[1.0, 1.0, -1.0, -1.0, -1.0, 1.0, 1.0, 1.0, -1.0, 1.0]",10,img294_d4_s21_g19_r0,4,6
GeoExplorer-anchor0624,/root/geoexplorer/results/checkpoint/algo_ablation_anchor0624_20260515/masa_plus_mmgag_anchor0624_component_ablation_seed321_480k_gpu01/g1_p1_e1_v1_seed321_t480k/geoexplorer.pt,swissviewmonuments,294,6,5,19,23,False,2,"[5, 10, 11, 12, 13, 18, 23, 22, 23, 22, 23]","[""down"", ""right"", ""right"", ""right"", ""down"", ""down"", ""left"", ""right"", ""left"", ""right""]","[1.0, 1.0, 1.0, 1.0, 1.0, -1.0, -1.0, 1.0, -1.0, 1.0]",10,img294_d6_s05_g19_r0,6,4
GeoExplorer-anchor0624,/root/geoexplorer/results/checkpoint/algo_ablation_anchor0624_20260515/masa_plus_mmgag_anchor0624_component_ablation_seed321_480k_gpu01/g1_p1_e1_v1_seed321_t480k/geoexplorer.pt,swissviewmonuments,295,4,0,20,24,False,4,"[0, 1, 6, 7, 8, 13, 18, 23, 24, 23, 24]","[""right"", ""down"", ""right"", ""right"", ""down"", ""down"", ""down"", ""right"", ""left"", ""right""]","[-1.0, 1.0, -1.0, -1.0, 1.0, 1.0, 1.0, -1.0, 1.0, -1.0]",10,img295_d4_s00_g20_r0,4,6
GeoExplorer-anchor0624,/root/geoexplorer/results/checkpoint/algo_ablation_anchor0624_20260515/masa_plus_mmgag_anchor0624_component_ablation_seed321_480k_gpu01/g1_p1_e1_v1_seed321_t480k/geoexplorer.pt,swissviewmonuments,295,6,14,20,20,True,0,"[14, 13, 12, 11, 10, 15, 20]","[""left"", ""left"", ""left"", ""left"", ""down"", ""down""]","[1.0, 1.0, 1.0, 1.0, 1.0, 1.0]",6,img295_d6_s14_g20_r0,6,0
GeoExplorer-anchor0624,/root/geoexplorer/results/checkpoint/algo_ablation_anchor0624_20260515/masa_plus_mmgag_anchor0624_component_ablation_seed321_480k_gpu01/g1_p1_e1_v1_seed321_t480k/geoexplorer.pt,swissviewmonuments,295,8,4,20,20,True,0,"[4, 3, 8, 7, 6, 11, 16, 21, 20]","[""left"", ""down"", ""left"", ""left"", ""down"", ""down"", ""down"", ""left""]","[1.0, 1.0, 1.0, 1.0, 1.0, 1.0, 1.0, 1.0]",8,img295_d8_s04_g20_r0,8,0
GeoExplorer-anchor0624,/root/geoexplorer/results/checkpoint/algo_ablation_anchor0624_20260515/masa_plus_mmgag_anchor0624_component_ablation_seed321_480k_gpu01/g1_p1_e1_v1_seed321_t480k/geoexplorer.pt,swissviewmonuments,296,4,5,21,19,False,4,"[5, 6, 7, 8, 13, 18, 23, 24, 19, 24, 19]","[""right"", ""right"", ""right"", ""down"", ""down"", ""down"", ""right"", ""up"", ""down"", ""up""]","[1.0, -1.0, -1.0, 1.0, 1.0, 1.0, -1.0, -1.0, 1.0, -1.0]",10,img296_d4_s05_g21_r0,4,6
GeoExplorer-anchor0624,/root/geoexplorer/results/checkpoint/algo_ablation_anchor0624_20260515/masa_plus_mmgag_anchor0624_component_ablation_seed321_480k_gpu01/g1_p1_e1_v1_seed321_t480k/geoexplorer.pt,swissviewmonuments,296,6,9,21,21,True,0,"[9, 8, 7, 6, 11, 16, 21]","[""left"", ""left"", ""left"", ""down"", ""down"", ""down""]","[1.0, 1.0, 1.0, 1.0, 1.0, 1.0]",6,img296_d6_s09_g21_r0,6,0
GeoExplorer-anchor0624,/root/geoexplorer/results/checkpoint/algo_ablation_anchor0624_20260515/masa_plus_mmgag_anchor0624_component_ablation_seed321_480k_gpu01/g1_p1_e1_v1_seed321_t480k/geoexplorer.pt,swissviewmonuments,297,4,10,22,4,False,6,"[10, 11, 12, 17, 18, 13, 8, 9, 4, 9, 4]","[""right"", ""right"", ""down"", ""right"", ""up"", ""up"", ""right"", ""up"", ""down"", ""up""]","[1.0, 1.0, 1.0, -1.0, -1.0, -1.0, -1.0, -1.0, 1.0, -1.0]",10,img297_d4_s10_g22_r0,4,6
GeoExplorer-anchor0624,/root/geoexplorer/results/checkpoint/algo_ablation_anchor0624_20260515/masa_plus_mmgag_anchor0624_component_ablation_seed321_480k_gpu01/g1_p1_e1_v1_seed321_t480k/geoexplorer.pt,swissviewmonuments,297,6,0,22,24,False,2,"[0, 1, 6, 7, 8, 13, 18, 23, 24, 19, 24]","[""right"", ""down"", ""right"", ""right"", ""down"", ""down"", ""down"", ""right"", ""up"", ""down""]","[1.0, 1.0, 1.0, -1.0, 1.0, 1.0, 1.0, -1.0, -1.0, 1.0]",10,img297_d6_s00_g22_r0,6,4
GeoExplorer-anchor0624,/root/geoexplorer/results/checkpoint/algo_ablation_anchor0624_20260515/masa_plus_mmgag_anchor0624_component_ablation_seed321_480k_gpu01/g1_p1_e1_v1_seed321_t480k/geoexplorer.pt,swissviewmonuments,298,4,3,23,21,False,2,"[3, 8, 7, 6, 11, 16, 15, 20, 15, 20, 21]","[""down"", ""left"", ""left"", ""down"", ""down"", ""left"", ""down"", ""up"", ""down"", ""right""]","[1.0, -1.0, -1.0, 1.0, 1.0, -1.0, 1.0, -1.0, 1.0, 1.0]",10,img298_d4_s03_g23_r0,4,6
GeoExplorer-anchor0624,/root/geoexplorer/results/checkpoint/algo_ablation_anchor0624_20260515/masa_plus_mmgag_anchor0624_component_ablation_seed321_480k_gpu01/g1_p1_e1_v1_seed321_t480k/geoexplorer.pt,swissviewmonuments,298,6,1,23,23,True,0,"[1, 2, 3, 8, 13, 18, 23]","[""right"", ""right"", ""down"", ""down"", ""down"", ""down""]","[1.0, 1.0, 1.0, 1.0, 1.0, 1.0]",6,img298_d6_s01_g23_r0,6,0
GeoExplorer-anchor0624,/root/geoexplorer/results/checkpoint/algo_ablation_anchor0624_20260515/masa_plus_mmgag_anchor0624_component_ablation_seed321_480k_gpu01/g1_p1_e1_v1_seed321_t480k/geoexplorer.pt,swissviewmonuments,299,4,12,24,8,False,4,"[12, 11, 10, 5, 0, 1, 2, 3, 2, 3, 8]","[""left"", ""left"", ""up"", ""up"", ""right"", ""right"", ""right"", ""left"", ""right"", ""down""]","[-1.0, -1.0, -1.0, -1.0, 1.0, 1.0, 1.0, -1.0, 1.0, 1.0]",10,img299_d4_s12_g24_r0,4,6
GeoExplorer-anchor0624,/root/geoexplorer/results/checkpoint/algo_ablation_anchor0624_20260515/masa_plus_mmgag_anchor0624_component_ablation_seed321_480k_gpu01/g1_p1_e1_v1_seed321_t480k/geoexplorer.pt,swissviewmonuments,299,6,6,24,24,True,0,"[6, 7, 8, 13, 18, 23, 24]","[""right"", ""right"", ""down"", ""down"", ""down"", ""right""]","[1.0, 1.0, 1.0, 1.0, 1.0, 1.0]",6,img299_d6_s06_g24_r0,6,0
GeoExplorer-anchor0624,/root/geoexplorer/results/checkpoint/algo_ablation_anchor0624_20260515/masa_plus_mmgag_anchor0624_component_ablation_seed321_480k_gpu01/g1_p1_e1_v1_seed321_t480k/geoexplorer.pt,swissviewmonuments,299,8,0,24,24,True,0,"[0, 1, 2, 7, 8, 13, 18, 23, 24]","[""right"", ""right"", ""down"", ""right"", ""down"", ""down"", ""down"", ""right""]","[1.0, 1.0, 1.0, 1.0, 1.0, 1.0, 1.0, 1.0]",8,img299_d8_s00_g24_r0,8,0
GeoExplorer-anchor0624,/root/geoexplorer/results/checkpoint/algo_ablation_anchor0624_20260515/masa_plus_mmgag_anchor0624_component_ablation_seed321_480k_gpu01/g1_p1_e1_v1_seed321_t480k/geoexplorer.pt,swissviewmonuments,300,4,16,0,14,False,6,"[16, 17, 18, 13, 8, 9, 4, 3, 4, 9, 14]","[""right"", ""right"", ""up"", ""up"", ""right"", ""up"", ""left"", ""right"", ""down"", ""down""]","[-1.0, -1.0, 1.0, 1.0, -1.0, 1.0, 1.0, -1.0, -1.0, -1.0]",10,img300_d4_s16_g00_r0,4,6
GeoExplorer-anchor0624,/root/geoexplorer/results/checkpoint/algo_ablation_anchor0624_20260515/masa_plus_mmgag_anchor0624_component_ablation_seed321_480k_gpu01/g1_p1_e1_v1_seed321_t480k/geoexplorer.pt,swissviewmonuments,300,6,18,0,0,True,0,"[18, 17, 16, 15, 10, 5, 0]","[""left"", ""left"", ""left"", ""up"", ""up"", ""up""]","[1.0, 1.0, 1.0, 1.0, 1.0, 1.0]",6,img300_d6_s18_g00_r0,6,0
GeoExplorer-anchor0624,/root/geoexplorer/results/checkpoint/algo_ablation_anchor0624_20260515/masa_plus_mmgag_anchor0624_component_ablation_seed321_480k_gpu01/g1_p1_e1_v1_seed321_t480k/geoexplorer.pt,swissviewmonuments,300,8,24,0,0,True,0,"[24, 23, 18, 13, 8, 7, 6, 1, 0]","[""left"", ""up"", ""up"", ""up"", ""left"", ""left"", ""up"", ""left""]","[1.0, 1.0, 1.0, 1.0, 1.0, 1.0, 1.0, 1.0]",8,img300_d8_s24_g00_r0,8,0
GeoExplorer-anchor0624,/root/geoexplorer/results/checkpoint/algo_ablation_anchor0624_20260515/masa_plus_mmgag_anchor0624_component_ablation_seed321_480k_gpu01/g1_p1_e1_v1_seed321_t480k/geoexplorer.pt,swissviewmonuments,301,4,21,1,19,False,6,"[21, 22, 23, 24, 19, 24, 19, 24, 19, 18, 19]","[""right"", ""right"", ""right"", ""up"", ""down"", ""up"", ""down"", ""up"", ""left"", ""right""]","[-1.0, -1.0, -1.0, 1.0, -1.0, 1.0, -1.0, 1.0, 1.0, -1.0]",10,img301_d4_s21_g01_r0,4,6
GeoExplorer-anchor0624,/root/geoexplorer/results/checkpoint/algo_ablation_anchor0624_20260515/masa_plus_mmgag_anchor0624_component_ablation_seed321_480k_gpu01/g1_p1_e1_v1_seed321_t480k/geoexplorer.pt,swissviewmonuments,301,6,23,1,1,True,0,"[23, 22, 21, 16, 11, 6, 1]","[""left"", ""left"", ""up"", ""up"", ""up"", ""up""]","[1.0, 1.0, 1.0, 1.0, 1.0, 1.0]",6,img301_d6_s23_g01_r0,6,0
GeoExplorer-anchor0624,/root/geoexplorer/results/checkpoint/algo_ablation_anchor0624_20260515/masa_plus_mmgag_anchor0624_component_ablation_seed321_480k_gpu01/g1_p1_e1_v1_seed321_t480k/geoexplorer.pt,swissviewmonuments,302,4,18,2,0,False,2,"[18, 17, 12, 7, 6, 5, 0, 1, 0, 5, 0]","[""left"", ""up"", ""up"", ""left"", ""left"", ""up"", ""right"", ""left"", ""down"", ""up""]","[1.0, 1.0, 1.0, -1.0, -1.0, 1.0, 1.0, -1.0, -1.0, 1.0]",10,img302_d4_s18_g02_r0,4,6
GeoExplorer-anchor0624,/root/geoexplorer/results/checkpoint/algo_ablation_anchor0624_20260515/masa_plus_mmgag_anchor0624_component_ablation_seed321_480k_gpu01/g1_p1_e1_v1_seed321_t480k/geoexplorer.pt,swissviewmonuments,302,6,20,2,14,False,4,"[20, 21, 22, 17, 12, 13, 8, 3, 4, 9, 14]","[""right"", ""right"", ""up"", ""up"", ""right"", ""up"", ""up"", ""right"", ""down"", ""down""]","[1.0, 1.0, 1.0, 1.0, -1.0, 1.0, 1.0, -1.0, -1.0, -1.0]",10,img302_d6_s20_g02_r0,6,4
GeoExplorer-anchor0624,/root/geoexplorer/results/checkpoint/algo_ablation_anchor0624_20260515/masa_plus_mmgag_anchor0624_component_ablation_seed321_480k_gpu01/g1_p1_e1_v1_seed321_t480k/geoexplorer.pt,swissviewmonuments,303,4,17,3,3,True,0,"[17, 12, 11, 10, 5, 0, 1, 2, 3]","[""up"", ""left"", ""left"", ""up"", ""up"", ""right"", ""right"", ""right""]","[1.0, -1.0, -1.0, 1.0, 1.0, 1.0, 1.0, 1.0]",8,img303_d4_s17_g03_r0,4,4
GeoExplorer-anchor0624,/root/geoexplorer/results/checkpoint/algo_ablation_anchor0624_20260515/masa_plus_mmgag_anchor0624_component_ablation_seed321_480k_gpu01/g1_p1_e1_v1_seed321_t480k/geoexplorer.pt,swissviewmonuments,303,6,21,3,3,True,0,"[21, 22, 17, 12, 13, 8, 3]","[""right"", ""up"", ""up"", ""right"", ""up"", ""up""]","[1.0, 1.0, 1.0, 1.0, 1.0, 1.0]",6,img303_d6_s21_g03_r0,6,0
GeoExplorer-anchor0624,/root/geoexplorer/results/checkpoint/algo_ablation_anchor0624_20260515/masa_plus_mmgag_anchor0624_component_ablation_seed321_480k_gpu01/g1_p1_e1_v1_seed321_t480k/geoexplorer.pt,swissviewmonuments,304,4,6,4,24,False,4,"[6, 7, 8, 13, 18, 23, 24, 19, 24, 19, 24]","[""right"", ""right"", ""down"", ""down"", ""down"", ""right"", ""up"", ""down"", ""up"", ""down""]","[1.0, 1.0, -1.0, -1.0, -1.0, 1.0, 1.0, -1.0, 1.0, -1.0]",10,img304_d4_s06_g04_r0,4,6
GeoExplorer-anchor0624,/root/geoexplorer/results/checkpoint/algo_ablation_anchor0624_20260515/masa_plus_mmgag_anchor0624_component_ablation_seed321_480k_gpu01/g1_p1_e1_v1_seed321_t480k/geoexplorer.pt,swissviewmonuments,304,6,10,4,24,False,4,"[10, 11, 12, 13, 18, 23, 24, 19, 24, 19, 24]","[""right"", ""right"", ""right"", ""down"", ""down"", ""right"", ""up"", ""down"", ""up"", ""down""]","[1.0, 1.0, 1.0, -1.0, -1.0, 1.0, 1.0, -1.0, 1.0, -1.0]",10,img304_d6_s10_g04_r0,6,4
GeoExplorer-anchor0624,/root/geoexplorer/results/checkpoint/algo_ablation_anchor0624_20260515/masa_plus_mmgag_anchor0624_component_ablation_seed321_480k_gpu01/g1_p1_e1_v1_seed321_t480k/geoexplorer.pt,swissviewmonuments,304,8,20,4,4,True,0,"[20, 21, 22, 23, 18, 13, 8, 9, 4]","[""right"", ""right"", ""right"", ""up"", ""up"", ""up"", ""right"", ""up""]","[1.0, 1.0, 1.0, 1.0, 1.0, 1.0, 1.0, 1.0]",8,img304_d8_s20_g04_r0,8,0
GeoExplorer-anchor0624,/root/geoexplorer/results/checkpoint/algo_ablation_anchor0624_20260515/masa_plus_mmgag_anchor0624_component_ablation_seed321_480k_gpu01/g1_p1_e1_v1_seed321_t480k/geoexplorer.pt,swissviewmonuments,305,4,17,5,5,True,0,"[17, 12, 7, 6, 5]","[""up"", ""up"", ""left"", ""left""]","[1.0, 1.0, 1.0, 1.0]",4,img305_d4_s17_g05_r0,4,0
GeoExplorer-anchor0624,/root/geoexplorer/results/checkpoint/algo_ablation_anchor0624_20260515/masa_plus_mmgag_anchor0624_component_ablation_seed321_480k_gpu01/g1_p1_e1_v1_seed321_t480k/geoexplorer.pt,swissviewmonuments,305,6,19,5,5,True,0,"[19, 18, 13, 12, 11, 6, 5]","[""left"", ""up"", ""left"", ""left"", ""up"", ""left""]","[1.0, 1.0, 1.0, 1.0, 1.0, 1.0]",6,img305_d6_s19_g05_r0,6,0
GeoExplorer-anchor0624,/root/geoexplorer/results/checkpoint/algo_ablation_anchor0624_20260515/masa_plus_mmgag_anchor0624_component_ablation_seed321_480k_gpu01/g1_p1_e1_v1_seed321_t480k/geoexplorer.pt,swissviewmonuments,306,4,18,6,6,True,0,"[18, 17, 16, 11, 6]","[""left"", ""left"", ""up"", ""up""]","[1.0, 1.0, 1.0, 1.0]",4,img306_d4_s18_g06_r0,4,0
GeoExplorer-anchor0624,/root/geoexplorer/results/checkpoint/algo_ablation_anchor0624_20260515/masa_plus_mmgag_anchor0624_component_ablation_seed321_480k_gpu01/g1_p1_e1_v1_seed321_t480k/geoexplorer.pt,swissviewmonuments,306,6,24,6,0,False,2,"[24, 23, 22, 21, 16, 21, 20, 15, 10, 5, 0]","[""left"", ""left"", ""left"", ""up"", ""down"", ""left"", ""up"", ""up"", ""up"", ""up""]","[1.0, 1.0, 1.0, 1.0, -1.0, -1.0, 1.0, 1.0, 1.0, -1.0]",10,img306_d6_s24_g06_r0,6,4
GeoExplorer-anchor0624,/root/geoexplorer/results/checkpoint/algo_ablation_anchor0624_20260515/masa_plus_mmgag_anchor0624_component_ablation_seed321_480k_gpu01/g1_p1_e1_v1_seed321_t480k/geoexplorer.pt,swissviewmonuments,307,4,21,7,19,False,4,"[21, 22, 23, 24, 19, 24, 19, 24, 23, 24, 19]","[""right"", ""right"", ""right"", ""up"", ""down"", ""up"", ""down"", ""left"", ""right"", ""up""]","[1.0, -1.0, -1.0, 1.0, -1.0, 1.0, -1.0, 1.0, -1.0, 1.0]",10,img307_d4_s21_g07_r0,4,6
GeoExplorer-anchor0624,/root/geoexplorer/results/checkpoint/algo_ablation_anchor0624_20260515/masa_plus_mmgag_anchor0624_component_ablation_seed321_480k_gpu01/g1_p1_e1_v1_seed321_t480k/geoexplorer.pt,swissviewmonuments,308,4,16,8,24,False,4,"[16, 17, 18, 23, 24, 19, 24, 19, 24, 23, 24]","[""right"", ""right"", ""down"", ""right"", ""up"", ""down"", ""up"", ""down"", ""left"", ""right""]","[1.0, 1.0, -1.0, -1.0, 1.0, -1.0, 1.0, -1.0, 1.0, -1.0]",10,img308_d4_s16_g08_r0,4,6
GeoExplorer-anchor0624,/root/geoexplorer/results/checkpoint/algo_ablation_anchor0624_20260515/masa_plus_mmgag_anchor0624_component_ablation_seed321_480k_gpu01/g1_p1_e1_v1_seed321_t480k/geoexplorer.pt,swissviewmonuments,308,6,20,8,24,False,4,"[20, 21, 22, 23, 24, 19, 24, 19, 24, 19, 24]","[""right"", ""right"", ""right"", ""right"", ""up"", ""down"", ""up"", ""down"", ""up"", ""down""]","[1.0, 1.0, 1.0, -1.0, 1.0, -1.0, 1.0, -1.0, 1.0, -1.0]",10,img308_d6_s20_g08_r0,6,4
GeoExplorer-anchor0624,/root/geoexplorer/results/checkpoint/algo_ablation_anchor0624_20260515/masa_plus_mmgag_anchor0624_component_ablation_seed321_480k_gpu01/g1_p1_e1_v1_seed321_t480k/geoexplorer.pt,swissviewmonuments,309,4,5,9,19,False,2,"[5, 6, 7, 8, 13, 18, 17, 18, 23, 24, 19]","[""right"", ""right"", ""right"", ""down"", ""down"", ""left"", ""right"", ""down"", ""right"", ""up""]","[1.0, 1.0, 1.0, -1.0, -1.0, -1.0, 1.0, -1.0, 1.0, 1.0]",10,img309_d4_s05_g09_r0,4,6
GeoExplorer-anchor0624,/root/geoexplorer/results/checkpoint/algo_ablation_anchor0624_20260515/masa_plus_mmgag_anchor0624_component_ablation_seed321_480k_gpu01/g1_p1_e1_v1_seed321_t480k/geoexplorer.pt,swissviewmonuments,309,6,21,9,9,True,0,"[21, 16, 17, 18, 13, 8, 3, 4, 9]","[""up"", ""right"", ""right"", ""up"", ""up"", ""up"", ""right"", ""down""]","[1.0, 1.0, 1.0, 1.0, 1.0, -1.0, 1.0, 1.0]",8,img309_d6_s21_g09_r0,6,2
GeoExplorer-anchor0624,/root/geoexplorer/results/checkpoint/algo_ablation_anchor0624_20260515/masa_plus_mmgag_anchor0624_component_ablation_seed321_480k_gpu01/g1_p1_e1_v1_seed321_t480k/geoexplorer.pt,swissviewmonuments,310,4,14,10,22,False,4,"[14, 13, 12, 11, 16, 21, 20, 15, 20, 21, 22]","[""left"", ""left"", ""left"", ""down"", ""down"", ""left"", ""up"", ""down"", ""right"", ""right""]","[1.0, 1.0, 1.0, -1.0, -1.0, 1.0, 1.0, -1.0, -1.0, -1.0]",10,img310_d4_s14_g10_r0,4,6
GeoExplorer-anchor0624,/root/geoexplorer/results/checkpoint/algo_ablation_anchor0624_20260515/masa_plus_mmgag_anchor0624_component_ablation_seed321_480k_gpu01/g1_p1_e1_v1_seed321_t480k/geoexplorer.pt,swissviewmonuments,310,6,24,10,10,True,0,"[24, 19, 18, 17, 16, 11, 6, 1, 0, 5, 10]","[""up"", ""left"", ""left"", ""left"", ""up"", ""up"", ""up"", ""left"", ""down"", ""down""]","[1.0, 1.0, 1.0, 1.0, 1.0, -1.0, -1.0, 1.0, 1.0, 1.0]",10,img310_d6_s24_g10_r0,6,4
GeoExplorer-anchor0624,/root/geoexplorer/results/checkpoint/algo_ablation_anchor0624_20260515/masa_plus_mmgag_anchor0624_component_ablation_seed321_480k_gpu01/g1_p1_e1_v1_seed321_t480k/geoexplorer.pt,swissviewmonuments,311,4,23,11,5,False,2,"[23, 24, 19, 14, 13, 8, 7, 6, 1, 0, 5]","[""right"", ""up"", ""up"", ""left"", ""up"", ""left"", ""left"", ""up"", ""left"", ""down""]","[-1.0, 1.0, 1.0, 1.0, -1.0, 1.0, 1.0, -1.0, -1.0, 1.0]",10,img311_d4_s23_g11_r0,4,6
GeoExplorer-anchor0624,/root/geoexplorer/results/checkpoint/algo_ablation_anchor0624_20260515/masa_plus_mmgag_anchor0624_component_ablation_seed321_480k_gpu01/g1_p1_e1_v1_seed321_t480k/geoexplorer.pt,swissviewmonuments,312,4,0,12,12,True,0,"[0, 5, 6, 7, 12]","[""down"", ""right"", ""right"", ""down""]","[1.0, 1.0, 1.0, 1.0]",4,img312_d4_s00_g12_r0,4,0
GeoExplorer-anchor0624,/root/geoexplorer/results/checkpoint/algo_ablation_anchor0624_20260515/masa_plus_mmgag_anchor0624_component_ablation_seed321_480k_gpu01/g1_p1_e1_v1_seed321_t480k/geoexplorer.pt,swissviewmonuments,313,4,1,13,23,False,2,"[1, 2, 7, 12, 17, 22, 23, 24, 23, 24, 23]","[""right"", ""down"", ""down"", ""down"", ""down"", ""right"", ""right"", ""left"", ""right"", ""left""]","[1.0, 1.0, 1.0, -1.0, -1.0, 1.0, -1.0, 1.0, -1.0, 1.0]",10,img313_d4_s01_g13_r0,4,6
GeoExplorer-anchor0624,/root/geoexplorer/results/checkpoint/algo_ablation_anchor0624_20260515/masa_plus_mmgag_anchor0624_component_ablation_seed321_480k_gpu01/g1_p1_e1_v1_seed321_t480k/geoexplorer.pt,swissviewmonuments,314,4,16,14,24,False,2,"[16, 17, 18, 23, 24, 19, 24, 23, 24, 23, 24]","[""right"", ""right"", ""down"", ""right"", ""up"", ""down"", ""left"", ""right"", ""left"", ""right""]","[1.0, 1.0, -1.0, 1.0, 1.0, -1.0, -1.0, 1.0, -1.0, 1.0]",10,img314_d4_s16_g14_r0,4,6
GeoExplorer-anchor0624,/root/geoexplorer/results/checkpoint/algo_ablation_anchor0624_20260515/masa_plus_mmgag_anchor0624_component_ablation_seed321_480k_gpu01/g1_p1_e1_v1_seed321_t480k/geoexplorer.pt,swissviewmonuments,314,6,0,14,24,False,2,"[0, 5, 6, 7, 12, 17, 18, 23, 24, 23, 24]","[""down"", ""right"", ""right"", ""down"", ""down"", ""right"", ""down"", ""right"", ""left"", ""right""]","[1.0, 1.0, 1.0, 1.0, -1.0, 1.0, -1.0, 1.0, -1.0, 1.0]",10,img314_d6_s00_g14_r0,6,4
GeoExplorer-anchor0624,/root/geoexplorer/results/checkpoint/algo_ablation_anchor0624_20260515/masa_plus_mmgag_anchor0624_component_ablation_seed321_480k_gpu01/g1_p1_e1_v1_seed321_t480k/geoexplorer.pt,swissviewmonuments,315,4,19,15,15,True,0,"[19, 18, 17, 16, 21, 20, 15]","[""left"", ""left"", ""left"", ""down"", ""left"", ""up""]","[1.0, 1.0, 1.0, -1.0, 1.0, 1.0]",6,img315_d4_s19_g15_r0,4,2
GeoExplorer-anchor0624,/root/geoexplorer/results/checkpoint/algo_ablation_anchor0624_20260515/masa_plus_mmgag_anchor0624_component_ablation_seed321_480k_gpu01/g1_p1_e1_v1_seed321_t480k/geoexplorer.pt,swissviewmonuments,315,6,9,15,21,False,2,"[9, 14, 19, 18, 17, 16, 21, 20, 21, 20, 21]","[""down"", ""down"", ""left"", ""left"", ""left"", ""down"", ""left"", ""right"", ""left"", ""right""]","[1.0, 1.0, 1.0, 1.0, 1.0, -1.0, 1.0, -1.0, 1.0, -1.0]",10,img315_d6_s09_g15_r0,6,4
GeoExplorer-anchor0624,/root/geoexplorer/results/checkpoint/algo_ablation_anchor0624_20260515/masa_plus_mmgag_anchor0624_component_ablation_seed321_480k_gpu01/g1_p1_e1_v1_seed321_t480k/geoexplorer.pt,swissviewmonuments,316,4,14,16,16,True,0,"[14, 13, 12, 11, 16]","[""left"", ""left"", ""left"", ""down""]","[1.0, 1.0, 1.0, 1.0]",4,img316_d4_s14_g16_r0,4,0
GeoExplorer-anchor0624,/root/geoexplorer/results/checkpoint/algo_ablation_anchor0624_20260515/masa_plus_mmgag_anchor0624_component_ablation_seed321_480k_gpu01/g1_p1_e1_v1_seed321_t480k/geoexplorer.pt,swissviewmonuments,316,6,4,16,16,True,0,"[4, 9, 14, 13, 12, 11, 16]","[""down"", ""down"", ""left"", ""left"", ""left"", ""down""]","[1.0, 1.0, 1.0, 1.0, 1.0, 1.0]",6,img316_d6_s04_g16_r0,6,0
GeoExplorer-anchor0624,/root/geoexplorer/results/checkpoint/algo_ablation_anchor0624_20260515/masa_plus_mmgag_anchor0624_component_ablation_seed321_480k_gpu01/g1_p1_e1_v1_seed321_t480k/geoexplorer.pt,swissviewmonuments,317,4,3,17,21,False,2,"[3, 8, 13, 12, 11, 16, 15, 20, 21, 20, 21]","[""down"", ""down"", ""left"", ""left"", ""down"", ""left"", ""down"", ""right"", ""left"", ""right""]","[1.0, 1.0, 1.0, -1.0, 1.0, -1.0, -1.0, 1.0, -1.0, 1.0]",10,img317_d4_s03_g17_r0,4,6
GeoExplorer-anchor0624,/root/geoexplorer/results/checkpoint/algo_ablation_anchor0624_20260515/masa_plus_mmgag_anchor0624_component_ablation_seed321_480k_gpu01/g1_p1_e1_v1_seed321_t480k/geoexplorer.pt,swissviewmonuments,318,4,10,18,24,False,2,"[10, 11, 12, 13, 14, 19, 24, 23, 24, 19, 24]","[""right"", ""right"", ""right"", ""right"", ""down"", ""down"", ""left"", ""right"", ""up"", ""down""]","[1.0, 1.0, 1.0, -1.0, 1.0, -1.0, 1.0, -1.0, 1.0, -1.0]",10,img318_d4_s10_g18_r0,4,6
GeoExplorer-anchor0624,/root/geoexplorer/results/checkpoint/algo_ablation_anchor0624_20260515/masa_plus_mmgag_anchor0624_component_ablation_seed321_480k_gpu01/g1_p1_e1_v1_seed321_t480k/geoexplorer.pt,swissviewmonuments,318,6,0,18,18,True,0,"[0, 1, 6, 11, 12, 13, 18]","[""right"", ""down"", ""down"", ""right"", ""right"", ""down""]","[1.0, 1.0, 1.0, 1.0, 1.0, 1.0]",6,img318_d6_s00_g18_r0,6,0
GeoExplorer-anchor0624,/root/geoexplorer/results/checkpoint/algo_ablation_anchor0624_20260515/masa_plus_mmgag_anchor0624_component_ablation_seed321_480k_gpu01/g1_p1_e1_v1_seed321_t480k/geoexplorer.pt,swissviewmonuments,319,4,11,19,23,False,2,"[11, 12, 13, 18, 23, 24, 23, 24, 23, 24, 23]","[""right"", ""right"", ""down"", ""down"", ""right"", ""left"", ""right"", ""left"", ""right"", ""left""]","[1.0, 1.0, 1.0, -1.0, 1.0, -1.0, 1.0, -1.0, 1.0, -1.0]",10,img319_d4_s11_g19_r0,4,6
GeoExplorer-anchor0624,/root/geoexplorer/results/checkpoint/algo_ablation_anchor0624_20260515/masa_plus_mmgag_anchor0624_component_ablation_seed321_480k_gpu01/g1_p1_e1_v1_seed321_t480k/geoexplorer.pt,swissviewmonuments,319,6,5,19,23,False,2,"[5, 6, 7, 8, 13, 18, 23, 24, 23, 24, 23]","[""right"", ""right"", ""right"", ""down"", ""down"", ""down"", ""right"", ""left"", ""right"", ""left""]","[1.0, 1.0, 1.0, 1.0, 1.0, -1.0, 1.0, -1.0, 1.0, -1.0]",10,img319_d6_s05_g19_r0,6,4
GeoExplorer-anchor0624,/root/geoexplorer/results/checkpoint/algo_ablation_anchor0624_20260515/masa_plus_mmgag_anchor0624_component_ablation_seed321_480k_gpu01/g1_p1_e1_v1_seed321_t480k/geoexplorer.pt,swissviewmonuments,320,4,18,20,14,False,6,"[18, 17, 16, 11, 6, 1, 2, 3, 8, 9, 14]","[""left"", ""left"", ""up"", ""up"", ""up"", ""right"", ""right"", ""down"", ""right"", ""down""]","[1.0, 1.0, -1.0, -1.0, -1.0, -1.0, -1.0, 1.0, -1.0, 1.0]",10,img320_d4_s18_g20_r0,4,6
GeoExplorer-anchor0624,/root/geoexplorer/results/checkpoint/algo_ablation_anchor0624_20260515/masa_plus_mmgag_anchor0624_component_ablation_seed321_480k_gpu01/g1_p1_e1_v1_seed321_t480k/geoexplorer.pt,swissviewmonuments,320,6,8,20,20,True,0,"[8, 7, 6, 11, 16, 21, 20]","[""left"", ""left"", ""down"", ""down"", ""down"", ""left""]","[1.0, 1.0, 1.0, 1.0, 1.0, 1.0]",6,img320_d6_s08_g20_r0,6,0
GeoExplorer-anchor0624,/root/geoexplorer/results/checkpoint/algo_ablation_anchor0624_20260515/masa_plus_mmgag_anchor0624_component_ablation_seed321_480k_gpu01/g1_p1_e1_v1_seed321_t480k/geoexplorer.pt,swissviewmonuments,320,8,4,20,20,True,0,"[4, 9, 8, 7, 6, 11, 16, 21, 20]","[""down"", ""left"", ""left"", ""left"", ""down"", ""down"", ""down"", ""left""]","[1.0, 1.0, 1.0, 1.0, 1.0, 1.0, 1.0, 1.0]",8,img320_d8_s04_g20_r0,8,0
GeoExplorer-anchor0624,/root/geoexplorer/results/checkpoint/algo_ablation_anchor0624_20260515/masa_plus_mmgag_anchor0624_component_ablation_seed321_480k_gpu01/g1_p1_e1_v1_seed321_t480k/geoexplorer.pt,swissviewmonuments,321,4,7,21,23,False,2,"[7, 8, 13, 18, 23, 24, 19, 24, 23, 18, 23]","[""right"", ""down"", ""down"", ""down"", ""right"", ""up"", ""down"", ""left"", ""up"", ""down""]","[-1.0, 1.0, 1.0, 1.0, -1.0, -1.0, 1.0, 1.0, -1.0, 1.0]",10,img321_d4_s07_g21_r0,4,6
GeoExplorer-anchor0624,/root/geoexplorer/results/checkpoint/algo_ablation_anchor0624_20260515/masa_plus_mmgag_anchor0624_component_ablation_seed321_480k_gpu01/g1_p1_e1_v1_seed321_t480k/geoexplorer.pt,swissviewmonuments,321,6,9,21,21,True,0,"[9, 8, 7, 6, 11, 16, 21]","[""left"", ""left"", ""left"", ""down"", ""down"", ""down""]","[1.0, 1.0, 1.0, 1.0, 1.0, 1.0]",6,img321_d6_s09_g21_r0,6,0
GeoExplorer-anchor0624,/root/geoexplorer/results/checkpoint/algo_ablation_anchor0624_20260515/masa_plus_mmgag_anchor0624_component_ablation_seed321_480k_gpu01/g1_p1_e1_v1_seed321_t480k/geoexplorer.pt,swissviewmonuments,322,4,14,22,16,False,2,"[14, 13, 12, 11, 16, 21, 16, 15, 20, 21, 16]","[""left"", ""left"", ""left"", ""down"", ""down"", ""up"", ""left"", ""down"", ""right"", ""up""]","[1.0, 1.0, -1.0, 1.0, 1.0, -1.0, -1.0, 1.0, 1.0, -1.0]",10,img322_d4_s14_g22_r0,4,6
GeoExplorer-anchor0624,/root/geoexplorer/results/checkpoint/algo_ablation_anchor0624_20260515/masa_plus_mmgag_anchor0624_component_ablation_seed321_480k_gpu01/g1_p1_e1_v1_seed321_t480k/geoexplorer.pt,swissviewmonuments,322,6,0,22,22,True,0,"[0, 5, 10, 15, 16, 17, 22]","[""down"", ""down"", ""down"", ""right"", ""right"", ""down""]","[1.0, 1.0, 1.0, 1.0, 1.0, 1.0]",6,img322_d6_s00_g22_r0,6,0
GeoExplorer-anchor0624,/root/geoexplorer/results/checkpoint/algo_ablation_anchor0624_20260515/masa_plus_mmgag_anchor0624_component_ablation_seed321_480k_gpu01/g1_p1_e1_v1_seed321_t480k/geoexplorer.pt,swissviewmonuments,323,4,9,23,23,True,0,"[9, 8, 7, 6, 11, 16, 21, 22, 23]","[""left"", ""left"", ""left"", ""down"", ""down"", ""down"", ""right"", ""right""]","[1.0, -1.0, -1.0, 1.0, 1.0, 1.0, 1.0, 1.0]",8,img323_d4_s09_g23_r0,4,4
GeoExplorer-anchor0624,/root/geoexplorer/results/checkpoint/algo_ablation_anchor0624_20260515/masa_plus_mmgag_anchor0624_component_ablation_seed321_480k_gpu01/g1_p1_e1_v1_seed321_t480k/geoexplorer.pt,swissviewmonuments,323,6,1,23,23,True,0,"[1, 6, 11, 16, 17, 18, 23]","[""down"", ""down"", ""down"", ""right"", ""right"", ""down""]","[1.0, 1.0, 1.0, 1.0, 1.0, 1.0]",6,img323_d6_s01_g23_r0,6,0
GeoExplorer-anchor0624,/root/geoexplorer/results/checkpoint/algo_ablation_anchor0624_20260515/masa_plus_mmgag_anchor0624_component_ablation_seed321_480k_gpu01/g1_p1_e1_v1_seed321_t480k/geoexplorer.pt,swissviewmonuments,324,4,20,24,4,False,4,"[20, 21, 16, 17, 12, 7, 8, 9, 4, 9, 4]","[""right"", ""up"", ""right"", ""up"", ""up"", ""right"", ""right"", ""up"", ""down"", ""up""]","[1.0, -1.0, 1.0, -1.0, -1.0, 1.0, 1.0, -1.0, 1.0, -1.0]",10,img324_d4_s20_g24_r0,4,6
GeoExplorer-anchor0624,/root/geoexplorer/results/checkpoint/algo_ablation_anchor0624_20260515/masa_plus_mmgag_anchor0624_component_ablation_seed321_480k_gpu01/g1_p1_e1_v1_seed321_t480k/geoexplorer.pt,swissviewmonuments,324,6,6,24,24,True,0,"[6, 7, 8, 13, 18, 23, 24]","[""right"", ""right"", ""down"", ""down"", ""down"", ""right""]","[1.0, 1.0, 1.0, 1.0, 1.0, 1.0]",6,img324_d6_s06_g24_r0,6,0
GeoExplorer-anchor0624,/root/geoexplorer/results/checkpoint/algo_ablation_anchor0624_20260515/masa_plus_mmgag_anchor0624_component_ablation_seed321_480k_gpu01/g1_p1_e1_v1_seed321_t480k/geoexplorer.pt,swissviewmonuments,324,8,0,24,24,True,0,"[0, 5, 6, 7, 8, 13, 18, 23, 24]","[""down"", ""right"", ""right"", ""right"", ""down"", ""down"", ""down"", ""right""]","[1.0, 1.0, 1.0, 1.0, 1.0, 1.0, 1.0, 1.0]",8,img324_d8_s00_g24_r0,8,0
GeoExplorer-anchor0624,/root/geoexplorer/results/checkpoint/algo_ablation_anchor0624_20260515/masa_plus_mmgag_anchor0624_component_ablation_seed321_480k_gpu01/g1_p1_e1_v1_seed321_t480k/geoexplorer.pt,swissviewmonuments,325,4,20,0,18,False,6,"[20, 15, 16, 11, 12, 13, 14, 19, 24, 19, 18]","[""up"", ""right"", ""up"", ""right"", ""right"", ""right"", ""down"", ""down"", ""up"", ""left""]","[1.0, -1.0, 1.0, -1.0, -1.0, -1.0, -1.0, -1.0, 1.0, 1.0]",10,img325_d4_s20_g00_r0,4,6
GeoExplorer-anchor0624,/root/geoexplorer/results/checkpoint/algo_ablation_anchor0624_20260515/masa_plus_mmgag_anchor0624_component_ablation_seed321_480k_gpu01/g1_p1_e1_v1_seed321_t480k/geoexplorer.pt,swissviewmonuments,325,6,14,0,20,False,4,"[14, 13, 12, 11, 16, 21, 20, 15, 20, 15, 20]","[""left"", ""left"", ""left"", ""down"", ""down"", ""left"", ""up"", ""down"", ""up"", ""down""]","[1.0, 1.0, 1.0, -1.0, -1.0, 1.0, 1.0, -1.0, 1.0, -1.0]",10,img325_d6_s14_g00_r0,6,4
GeoExplorer-anchor0624,/root/geoexplorer/results/checkpoint/algo_ablation_anchor0624_20260515/masa_plus_mmgag_anchor0624_component_ablation_seed321_480k_gpu01/g1_p1_e1_v1_seed321_t480k/geoexplorer.pt,swissviewmonuments,325,8,24,0,0,True,0,"[24, 19, 18, 17, 16, 11, 6, 1, 0]","[""up"", ""left"", ""left"", ""left"", ""up"", ""up"", ""up"", ""left""]","[1.0, 1.0, 1.0, 1.0, 1.0, 1.0, 1.0, 1.0]",8,img325_d8_s24_g00_r0,8,0
GeoExplorer-anchor0624,/root/geoexplorer/results/checkpoint/algo_ablation_anchor0624_20260515/masa_plus_mmgag_anchor0624_component_ablation_seed321_480k_gpu01/g1_p1_e1_v1_seed321_t480k/geoexplorer.pt,swissviewmonuments,326,4,17,1,19,False,6,"[17, 12, 7, 8, 9, 14, 19, 24, 23, 24, 19]","[""up"", ""up"", ""right"", ""right"", ""down"", ""down"", ""down"", ""left"", ""right"", ""up""]","[1.0, 1.0, -1.0, -1.0, -1.0, -1.0, -1.0, 1.0, -1.0, 1.0]",10,img326_d4_s17_g01_r0,4,6
GeoExplorer-anchor0624,/root/geoexplorer/results/checkpoint/algo_ablation_anchor0624_20260515/masa_plus_mmgag_anchor0624_component_ablation_seed321_480k_gpu01/g1_p1_e1_v1_seed321_t480k/geoexplorer.pt,swissviewmonuments,326,6,23,1,5,False,2,"[23, 18, 17, 12, 7, 6, 5, 0, 5, 0, 5]","[""up"", ""left"", ""up"", ""up"", ""left"", ""left"", ""up"", ""down"", ""up"", ""down""]","[1.0, 1.0, 1.0, 1.0, 1.0, -1.0, 1.0, -1.0, 1.0, -1.0]",10,img326_d6_s23_g01_r0,6,4
GeoExplorer-anchor0624,/root/geoexplorer/results/checkpoint/algo_ablation_anchor0624_20260515/masa_plus_mmgag_anchor0624_component_ablation_seed321_480k_gpu01/g1_p1_e1_v1_seed321_t480k/geoexplorer.pt,swissviewmonuments,327,4,14,2,20,False,6,"[14, 13, 12, 11, 6, 5, 10, 15, 20, 21, 20]","[""left"", ""left"", ""left"", ""up"", ""left"", ""down"", ""down"", ""down"", ""right"", ""left""]","[1.0, 1.0, -1.0, 1.0, -1.0, -1.0, -1.0, -1.0, 1.0, -1.0]",10,img327_d4_s14_g02_r0,4,6
GeoExplorer-anchor0624,/root/geoexplorer/results/checkpoint/algo_ablation_anchor0624_20260515/masa_plus_mmgag_anchor0624_component_ablation_seed321_480k_gpu01/g1_p1_e1_v1_seed321_t480k/geoexplorer.pt,swissviewmonuments,327,6,20,2,14,False,4,"[20, 21, 16, 11, 6, 7, 8, 9, 14, 19, 14]","[""right"", ""up"", ""up"", ""up"", ""right"", ""right"", ""right"", ""down"", ""down"", ""up""]","[1.0, 1.0, 1.0, 1.0, 1.0, -1.0, -1.0, -1.0, -1.0, 1.0]",10,img327_d6_s20_g02_r0,6,4
GeoExplorer-anchor0624,/root/geoexplorer/results/checkpoint/algo_ablation_anchor0624_20260515/masa_plus_mmgag_anchor0624_component_ablation_seed321_480k_gpu01/g1_p1_e1_v1_seed321_t480k/geoexplorer.pt,swissviewmonuments,328,4,11,3,19,False,4,"[11, 12, 13, 18, 23, 24, 19, 24, 19, 24, 19]","[""right"", ""right"", ""down"", ""down"", ""right"", ""up"", ""down"", ""up"", ""down"", ""up""]","[1.0, 1.0, -1.0, -1.0, -1.0, 1.0, -1.0, 1.0, -1.0, 1.0]",10,img328_d4_s11_g03_r0,4,6
GeoExplorer-anchor0624,/root/geoexplorer/results/checkpoint/algo_ablation_anchor0624_20260515/masa_plus_mmgag_anchor0624_component_ablation_seed321_480k_gpu01/g1_p1_e1_v1_seed321_t480k/geoexplorer.pt,swissviewmonuments,328,6,21,3,9,False,2,"[21, 16, 11, 12, 13, 8, 9, 4, 9, 4, 9]","[""up"", ""up"", ""right"", ""right"", ""up"", ""right"", ""up"", ""down"", ""up"", ""down""]","[1.0, 1.0, 1.0, 1.0, 1.0, -1.0, 1.0, -1.0, 1.0, -1.0]",10,img328_d6_s21_g03_r0,6,4
GeoExplorer-anchor0624,/root/geoexplorer/results/checkpoint/algo_ablation_anchor0624_20260515/masa_plus_mmgag_anchor0624_component_ablation_seed321_480k_gpu01/g1_p1_e1_v1_seed321_t480k/geoexplorer.pt,swissviewmonuments,329,4,18,4,6,False,4,"[18, 13, 8, 7, 6, 1, 6, 1, 6, 1, 6]","[""up"", ""up"", ""left"", ""left"", ""up"", ""down"", ""up"", ""down"", ""up"", ""down""]","[1.0, 1.0, -1.0, -1.0, 1.0, -1.0, 1.0, -1.0, 1.0, -1.0]",10,img329_d4_s18_g04_r0,4,6
GeoExplorer-anchor0624,/root/geoexplorer/results/checkpoint/algo_ablation_anchor0624_20260515/masa_plus_mmgag_anchor0624_component_ablation_seed321_480k_gpu01/g1_p1_e1_v1_seed321_t480k/geoexplorer.pt,swissviewmonuments,329,6,16,4,8,False,2,"[16, 17, 12, 7, 8, 9, 14, 9, 14, 9, 8]","[""right"", ""up"", ""up"", ""right"", ""right"", ""down"", ""up"", ""down"", ""up"", ""left""]","[1.0, 1.0, 1.0, 1.0, 1.0, -1.0, 1.0, -1.0, 1.0, -1.0]",10,img329_d6_s16_g04_r0,6,4
GeoExplorer-anchor0624,/root/geoexplorer/results/checkpoint/algo_ablation_anchor0624_20260515/masa_plus_mmgag_anchor0624_component_ablation_seed321_480k_gpu01/g1_p1_e1_v1_seed321_t480k/geoexplorer.pt,swissviewmonuments,329,8,20,4,4,True,0,"[20, 15, 10, 11, 12, 7, 8, 9, 4]","[""up"", ""up"", ""right"", ""right"", ""up"", ""right"", ""right"", ""up""]","[1.0, 1.0, 1.0, 1.0, 1.0, 1.0, 1.0, 1.0]",8,img329_d8_s20_g04_r0,8,0
GeoExplorer-anchor0624,/root/geoexplorer/results/checkpoint/algo_ablation_anchor0624_20260515/masa_plus_mmgag_anchor0624_component_ablation_seed321_480k_gpu01/g1_p1_e1_v1_seed321_t480k/geoexplorer.pt,swissviewmonuments,330,4,9,5,21,False,4,"[9, 8, 13, 12, 11, 16, 21, 20, 21, 20, 21]","[""left"", ""down"", ""left"", ""left"", ""down"", ""down"", ""left"", ""right"", ""left"", ""right""]","[1.0, -1.0, 1.0, 1.0, -1.0, -1.0, 1.0, -1.0, 1.0, -1.0]",10,img330_d4_s09_g05_r0,4,6
GeoExplorer-anchor0624,/root/geoexplorer/results/checkpoint/algo_ablation_anchor0624_20260515/masa_plus_mmgag_anchor0624_component_ablation_seed321_480k_gpu01/g1_p1_e1_v1_seed321_t480k/geoexplorer.pt,swissviewmonuments,330,6,19,5,5,True,0,"[19, 18, 13, 12, 11, 6, 1, 0, 5]","[""left"", ""up"", ""left"", ""left"", ""up"", ""up"", ""left"", ""down""]","[1.0, 1.0, 1.0, 1.0, 1.0, -1.0, 1.0, 1.0]",8,img330_d6_s19_g05_r0,6,2
GeoExplorer-anchor0624,/root/geoexplorer/results/checkpoint/algo_ablation_anchor0624_20260515/masa_plus_mmgag_anchor0624_component_ablation_seed321_480k_gpu01/g1_p1_e1_v1_seed321_t480k/geoexplorer.pt,swissviewmonuments,331,4,22,6,8,False,2,"[22, 23, 18, 13, 8, 3, 4, 9, 4, 9, 8]","[""right"", ""up"", ""up"", ""up"", ""up"", ""right"", ""down"", ""up"", ""down"", ""left""]","[-1.0, 1.0, 1.0, 1.0, -1.0, -1.0, 1.0, -1.0, 1.0, 1.0]",10,img331_d4_s22_g06_r0,4,6
GeoExplorer-anchor0624,/root/geoexplorer/results/checkpoint/algo_ablation_anchor0624_20260515/masa_plus_mmgag_anchor0624_component_ablation_seed321_480k_gpu01/g1_p1_e1_v1_seed321_t480k/geoexplorer.pt,swissviewmonuments,331,6,24,6,6,True,0,"[24, 19, 18, 17, 16, 11, 6]","[""up"", ""left"", ""left"", ""left"", ""up"", ""up""]","[1.0, 1.0, 1.0, 1.0, 1.0, 1.0]",6,img331_d6_s24_g06_r0,6,0
GeoExplorer-anchor0624,/root/geoexplorer/results/checkpoint/algo_ablation_anchor0624_20260515/masa_plus_mmgag_anchor0624_component_ablation_seed321_480k_gpu01/g1_p1_e1_v1_seed321_t480k/geoexplorer.pt,swissviewmonuments,332,4,23,7,5,False,2,"[23, 18, 13, 12, 11, 6, 1, 0, 5, 0, 5]","[""up"", ""up"", ""left"", ""left"", ""up"", ""up"", ""left"", ""down"", ""up"", ""down""]","[1.0, 1.0, 1.0, -1.0, 1.0, -1.0, -1.0, 1.0, -1.0, 1.0]",10,img332_d4_s23_g07_r0,4,6
GeoExplorer-anchor0624,/root/geoexplorer/results/checkpoint/algo_ablation_anchor0624_20260515/masa_plus_mmgag_anchor0624_component_ablation_seed321_480k_gpu01/g1_p1_e1_v1_seed321_t480k/geoexplorer.pt,swissviewmonuments,333,4,10,8,24,False,4,"[10, 11, 12, 17, 18, 23, 24, 19, 24, 19, 24]","[""right"", ""right"", ""down"", ""right"", ""down"", ""right"", ""up"", ""down"", ""up"", ""down""]","[1.0, 1.0, -1.0, 1.0, -1.0, -1.0, 1.0, -1.0, 1.0, -1.0]",10,img333_d4_s10_g08_r0,4,6
GeoExplorer-anchor0624,/root/geoexplorer/results/checkpoint/algo_ablation_anchor0624_20260515/masa_plus_mmgag_anchor0624_component_ablation_seed321_480k_gpu01/g1_p1_e1_v1_seed321_t480k/geoexplorer.pt,swissviewmonuments,333,6,20,8,8,True,0,"[20, 21, 22, 17, 12, 7, 8]","[""right"", ""right"", ""up"", ""up"", ""up"", ""right""]","[1.0, 1.0, 1.0, 1.0, 1.0, 1.0]",6,img333_d6_s20_g08_r0,6,0
GeoExplorer-anchor0624,/root/geoexplorer/results/checkpoint/algo_ablation_anchor0624_20260515/masa_plus_mmgag_anchor0624_component_ablation_seed321_480k_gpu01/g1_p1_e1_v1_seed321_t480k/geoexplorer.pt,swissviewmonuments,334,4,17,9,15,False,6,"[17, 12, 13, 8, 13, 8, 13, 18, 17, 16, 15]","[""up"", ""right"", ""up"", ""down"", ""up"", ""down"", ""down"", ""left"", ""left"", ""left""]","[1.0, 1.0, 1.0, -1.0, 1.0, -1.0, -1.0, -1.0, -1.0, -1.0]",10,img334_d4_s17_g09_r0,4,6
GeoExplorer-anchor0624,/root/geoexplorer/results/checkpoint/algo_ablation_anchor0624_20260515/masa_plus_mmgag_anchor0624_component_ablation_seed321_480k_gpu01/g1_p1_e1_v1_seed321_t480k/geoexplorer.pt,swissviewmonuments,334,6,21,9,13,False,2,"[21, 22, 23, 18, 13, 8, 13, 18, 13, 18, 13]","[""right"", ""right"", ""up"", ""up"", ""up"", ""down"", ""down"", ""up"", ""down"", ""up""]","[1.0, 1.0, 1.0, 1.0, 1.0, -1.0, -1.0, 1.0, -1.0, 1.0]",10,img334_d6_s21_g09_r0,6,4
GeoExplorer-anchor0624,/root/geoexplorer/results/checkpoint/algo_ablation_anchor0624_20260515/masa_plus_mmgag_anchor0624_component_ablation_seed321_480k_gpu01/g1_p1_e1_v1_seed321_t480k/geoexplorer.pt,swissviewmonuments,335,4,18,10,0,False,2,"[18, 17, 12, 7, 2, 1, 0, 5, 0, 5, 0]","[""left"", ""up"", ""up"", ""up"", ""left"", ""left"", ""down"", ""up"", ""down"", ""up""]","[1.0, 1.0, -1.0, -1.0, 1.0, 1.0, 1.0, -1.0, 1.0, -1.0]",10,img335_d4_s18_g10_r0,4,6
GeoExplorer-anchor0624,/root/geoexplorer/results/checkpoint/algo_ablation_anchor0624_20260515/masa_plus_mmgag_anchor0624_component_ablation_seed321_480k_gpu01/g1_p1_e1_v1_seed321_t480k/geoexplorer.pt,swissviewmonuments,335,6,24,10,0,False,2,"[24, 19, 18, 17, 12, 7, 2, 1, 0, 5, 0]","[""up"", ""left"", ""left"", ""up"", ""up"", ""up"", ""left"", ""left"", ""down"", ""up""]","[1.0, 1.0, 1.0, 1.0, -1.0, -1.0, 1.0, 1.0, 1.0, -1.0]",10,img335_d6_s24_g10_r0,6,4
GeoExplorer-anchor0624,/root/geoexplorer/results/checkpoint/algo_ablation_anchor0624_20260515/masa_plus_mmgag_anchor0624_component_ablation_seed321_480k_gpu01/g1_p1_e1_v1_seed321_t480k/geoexplorer.pt,swissviewmonuments,336,4,9,11,15,False,2,"[9, 14, 13, 18, 17, 16, 21, 20, 15, 20, 15]","[""down"", ""left"", ""down"", ""left"", ""left"", ""down"", ""left"", ""up"", ""down"", ""up""]","[1.0, 1.0, -1.0, 1.0, 1.0, -1.0, -1.0, 1.0, -1.0, 1.0]",10,img336_d4_s09_g11_r0,4,6
GeoExplorer-anchor0624,/root/geoexplorer/results/checkpoint/algo_ablation_anchor0624_20260515/masa_plus_mmgag_anchor0624_component_ablation_seed321_480k_gpu01/g1_p1_e1_v1_seed321_t480k/geoexplorer.pt,swissviewmonuments,337,4,0,12,24,False,4,"[0, 5, 10, 15, 16, 21, 22, 23, 24, 19, 24]","[""down"", ""down"", ""down"", ""right"", ""down"", ""right"", ""right"", ""right"", ""up"", ""down""]","[1.0, 1.0, -1.0, 1.0, -1.0, 1.0, -1.0, -1.0, 1.0, -1.0]",10,img337_d4_s00_g12_r0,4,6
GeoExplorer-anchor0624,/root/geoexplorer/results/checkpoint/algo_ablation_anchor0624_20260515/masa_plus_mmgag_anchor0624_component_ablation_seed321_480k_gpu01/g1_p1_e1_v1_seed321_t480k/geoexplorer.pt,swissviewmonuments,338,4,1,13,19,False,2,"[1, 6, 11, 16, 17, 22, 23, 24, 19, 24, 19]","[""down"", ""down"", ""down"", ""right"", ""down"", ""right"", ""right"", ""up"", ""down"", ""up""]","[1.0, 1.0, -1.0, 1.0, -1.0, 1.0, -1.0, 1.0, -1.0, 1.0]",10,img338_d4_s01_g13_r0,4,6
GeoExplorer-anchor0624,/root/geoexplorer/results/checkpoint/algo_ablation_anchor0624_20260515/masa_plus_mmgag_anchor0624_component_ablation_seed321_480k_gpu01/g1_p1_e1_v1_seed321_t480k/geoexplorer.pt,swissviewmonuments,339,4,6,14,24,False,2,"[6, 11, 16, 17, 18, 23, 24, 19, 24, 23, 24]","[""down"", ""down"", ""right"", ""right"", ""down"", ""right"", ""up"", ""down"", ""left"", ""right""]","[1.0, -1.0, 1.0, 1.0, -1.0, 1.0, 1.0, -1.0, -1.0, 1.0]",10,img339_d4_s06_g14_r0,4,6
GeoExplorer-anchor0624,/root/geoexplorer/results/checkpoint/algo_ablation_anchor0624_20260515/masa_plus_mmgag_anchor0624_component_ablation_seed321_480k_gpu01/g1_p1_e1_v1_seed321_t480k/geoexplorer.pt,swissviewmonuments,339,6,0,14,24,False,2,"[0, 1, 6, 11, 16, 17, 18, 23, 24, 19, 24]","[""right"", ""down"", ""down"", ""down"", ""right"", ""right"", ""down"", ""right"", ""up"", ""down""]","[1.0, 1.0, 1.0, -1.0, 1.0, 1.0, -1.0, 1.0, 1.0, -1.0]",10,img339_d6_s00_g14_r0,6,4
GeoExplorer-anchor0624,/root/geoexplorer/results/checkpoint/algo_ablation_anchor0624_20260515/masa_plus_mmgag_anchor0624_component_ablation_seed321_480k_gpu01/g1_p1_e1_v1_seed321_t480k/geoexplorer.pt,swissviewmonuments,340,4,13,15,15,True,0,"[13, 12, 17, 22, 21, 20, 15]","[""left"", ""down"", ""down"", ""left"", ""left"", ""up""]","[1.0, 1.0, -1.0, 1.0, 1.0, 1.0]",6,img340_d4_s13_g15_r0,4,2
GeoExplorer-anchor0624,/root/geoexplorer/results/checkpoint/algo_ablation_anchor0624_20260515/masa_plus_mmgag_anchor0624_component_ablation_seed321_480k_gpu01/g1_p1_e1_v1_seed321_t480k/geoexplorer.pt,swissviewmonuments,340,6,9,15,21,False,2,"[9, 8, 7, 6, 11, 16, 21, 20, 21, 20, 21]","[""left"", ""left"", ""left"", ""down"", ""down"", ""down"", ""left"", ""right"", ""left"", ""right""]","[1.0, 1.0, 1.0, 1.0, 1.0, -1.0, 1.0, -1.0, 1.0, -1.0]",10,img340_d6_s09_g15_r0,6,4
GeoExplorer-anchor0624,/root/geoexplorer/results/checkpoint/algo_ablation_anchor0624_20260515/masa_plus_mmgag_anchor0624_component_ablation_seed321_480k_gpu01/g1_p1_e1_v1_seed321_t480k/geoexplorer.pt,swissviewmonuments,341,4,14,16,20,False,2,"[14, 13, 12, 7, 6, 5, 10, 15, 20, 15, 20]","[""left"", ""left"", ""up"", ""left"", ""left"", ""down"", ""down"", ""down"", ""up"", ""down""]","[1.0, 1.0, -1.0, 1.0, -1.0, 1.0, 1.0, -1.0, 1.0, -1.0]",10,img341_d4_s14_g16_r0,4,6
GeoExplorer-anchor0624,/root/geoexplorer/results/checkpoint/algo_ablation_anchor0624_20260515/masa_plus_mmgag_anchor0624_component_ablation_seed321_480k_gpu01/g1_p1_e1_v1_seed321_t480k/geoexplorer.pt,swissviewmonuments,341,6,4,16,20,False,2,"[4, 9, 8, 7, 12, 17, 22, 21, 20, 15, 20]","[""down"", ""left"", ""left"", ""down"", ""down"", ""down"", ""left"", ""left"", ""up"", ""down""]","[1.0, 1.0, 1.0, 1.0, 1.0, -1.0, 1.0, -1.0, 1.0, -1.0]",10,img341_d6_s04_g16_r0,6,4
GeoExplorer-anchor0624,/root/geoexplorer/results/checkpoint/algo_ablation_anchor0624_20260515/masa_plus_mmgag_anchor0624_component_ablation_seed321_480k_gpu01/g1_p1_e1_v1_seed321_t480k/geoexplorer.pt,swissviewmonuments,342,4,1,17,17,True,0,"[1, 6, 11, 16, 17]","[""down"", ""down"", ""down"", ""right""]","[1.0, 1.0, 1.0, 1.0]",4,img342_d4_s01_g17_r0,4,0
GeoExplorer-anchor0624,/root/geoexplorer/results/checkpoint/algo_ablation_anchor0624_20260515/masa_plus_mmgag_anchor0624_component_ablation_seed321_480k_gpu01/g1_p1_e1_v1_seed321_t480k/geoexplorer.pt,swissviewmonuments,343,4,2,18,24,False,2,"[2, 7, 12, 17, 22, 23, 24, 23, 24, 23, 24]","[""down"", ""down"", ""down"", ""down"", ""right"", ""right"", ""left"", ""right"", ""left"", ""right""]","[1.0, 1.0, 1.0, -1.0, 1.0, -1.0, 1.0, -1.0, 1.0, -1.0]",10,img343_d4_s02_g18_r0,4,6
GeoExplorer-anchor0624,/root/geoexplorer/results/checkpoint/algo_ablation_anchor0624_20260515/masa_plus_mmgag_anchor0624_component_ablation_seed321_480k_gpu01/g1_p1_e1_v1_seed321_t480k/geoexplorer.pt,swissviewmonuments,343,6,0,18,18,True,0,"[0, 5, 10, 11, 12, 13, 18]","[""down"", ""down"", ""right"", ""right"", ""right"", ""down""]","[1.0, 1.0, 1.0, 1.0, 1.0, 1.0]",6,img343_d6_s00_g18_r0,6,0
GeoExplorer-anchor0624,/root/geoexplorer/results/checkpoint/algo_ablation_anchor0624_20260515/masa_plus_mmgag_anchor0624_component_ablation_seed321_480k_gpu01/g1_p1_e1_v1_seed321_t480k/geoexplorer.pt,swissviewmonuments,344,4,3,19,21,False,4,"[3, 8, 13, 18, 23, 22, 21, 20, 21, 20, 21]","[""down"", ""down"", ""down"", ""down"", ""left"", ""left"", ""left"", ""right"", ""left"", ""right""]","[1.0, 1.0, 1.0, -1.0, -1.0, -1.0, -1.0, 1.0, -1.0, 1.0]",10,img344_d4_s03_g19_r0,4,6
GeoExplorer-anchor0624,/root/geoexplorer/results/checkpoint/algo_ablation_anchor0624_20260515/masa_plus_mmgag_anchor0624_component_ablation_seed321_480k_gpu01/g1_p1_e1_v1_seed321_t480k/geoexplorer.pt,swissviewmonuments,344,6,1,19,19,True,0,"[1, 6, 11, 16, 21, 22, 23, 24, 19]","[""down"", ""down"", ""down"", ""down"", ""right"", ""right"", ""right"", ""up""]","[1.0, 1.0, 1.0, -1.0, 1.0, 1.0, 1.0, 1.0]",8,img344_d6_s01_g19_r0,6,2
GeoExplorer-anchor0624,/root/geoexplorer/results/checkpoint/algo_ablation_anchor0624_20260515/masa_plus_mmgag_anchor0624_component_ablation_seed321_480k_gpu01/g1_p1_e1_v1_seed321_t480k/geoexplorer.pt,swissviewmonuments,345,4,12,20,24,False,4,"[12, 17, 22, 23, 24, 19, 24, 23, 24, 19, 24]","[""down"", ""down"", ""right"", ""right"", ""up"", ""down"", ""left"", ""right"", ""up"", ""down""]","[1.0, 1.0, -1.0, -1.0, -1.0, 1.0, 1.0, -1.0, -1.0, 1.0]",10,img345_d4_s12_g20_r0,4,6
GeoExplorer-anchor0624,/root/geoexplorer/results/checkpoint/algo_ablation_anchor0624_20260515/masa_plus_mmgag_anchor0624_component_ablation_seed321_480k_gpu01/g1_p1_e1_v1_seed321_t480k/geoexplorer.pt,swissviewmonuments,345,6,14,20,20,True,0,"[14, 13, 12, 11, 16, 21, 20]","[""left"", ""left"", ""left"", ""down"", ""down"", ""left""]","[1.0, 1.0, 1.0, 1.0, 1.0, 1.0]",6,img345_d6_s14_g20_r0,6,0
GeoExplorer-anchor0624,/root/geoexplorer/results/checkpoint/algo_ablation_anchor0624_20260515/masa_plus_mmgag_anchor0624_component_ablation_seed321_480k_gpu01/g1_p1_e1_v1_seed321_t480k/geoexplorer.pt,swissviewmonuments,345,8,4,20,20,True,0,"[4, 3, 2, 7, 12, 17, 22, 21, 20]","[""left"", ""left"", ""down"", ""down"", ""down"", ""down"", ""left"", ""left""]","[1.0, 1.0, 1.0, 1.0, 1.0, 1.0, 1.0, 1.0]",8,img345_d8_s04_g20_r0,8,0
GeoExplorer-anchor0624,/root/geoexplorer/results/checkpoint/algo_ablation_anchor0624_20260515/masa_plus_mmgag_anchor0624_component_ablation_seed321_480k_gpu01/g1_p1_e1_v1_seed321_t480k/geoexplorer.pt,swissviewmonuments,346,4,19,21,1,False,4,"[19, 14, 13, 12, 11, 10, 5, 0, 5, 0, 1]","[""up"", ""left"", ""left"", ""left"", ""left"", ""up"", ""up"", ""down"", ""up"", ""right""]","[-1.0, 1.0, 1.0, 1.0, -1.0, -1.0, -1.0, 1.0, -1.0, 1.0]",10,img346_d4_s19_g21_r0,4,6
GeoExplorer-anchor0624,/root/geoexplorer/results/checkpoint/algo_ablation_anchor0624_20260515/masa_plus_mmgag_anchor0624_component_ablation_seed321_480k_gpu01/g1_p1_e1_v1_seed321_t480k/geoexplorer.pt,swissviewmonuments,346,6,9,21,21,True,0,"[9, 8, 13, 12, 11, 16, 21]","[""left"", ""down"", ""left"", ""left"", ""down"", ""down""]","[1.0, 1.0, 1.0, 1.0, 1.0, 1.0]",6,img346_d6_s09_g21_r0,6,0
GeoExplorer-anchor0624,/root/geoexplorer/results/checkpoint/algo_ablation_anchor0624_20260515/masa_plus_mmgag_anchor0624_component_ablation_seed321_480k_gpu01/g1_p1_e1_v1_seed321_t480k/geoexplorer.pt,swissviewmonuments,347,4,10,22,22,True,0,"[10, 11, 12, 17, 22]","[""right"", ""right"", ""down"", ""down""]","[1.0, 1.0, 1.0, 1.0]",4,img347_d4_s10_g22_r0,4,0
GeoExplorer-anchor0624,/root/geoexplorer/results/checkpoint/algo_ablation_anchor0624_20260515/masa_plus_mmgag_anchor0624_component_ablation_seed321_480k_gpu01/g1_p1_e1_v1_seed321_t480k/geoexplorer.pt,swissviewmonuments,347,6,4,22,22,True,0,"[4, 9, 8, 13, 12, 17, 22]","[""down"", ""left"", ""down"", ""left"", ""down"", ""down""]","[1.0, 1.0, 1.0, 1.0, 1.0, 1.0]",6,img347_d6_s04_g22_r0,6,0
GeoExplorer-anchor0624,/root/geoexplorer/results/checkpoint/algo_ablation_anchor0624_20260515/masa_plus_mmgag_anchor0624_component_ablation_seed321_480k_gpu01/g1_p1_e1_v1_seed321_t480k/geoexplorer.pt,swissviewmonuments,348,4,15,23,9,False,4,"[15, 16, 17, 12, 13, 8, 9, 4, 9, 8, 9]","[""right"", ""right"", ""up"", ""right"", ""up"", ""right"", ""up"", ""down"", ""left"", ""right""]","[1.0, 1.0, -1.0, 1.0, -1.0, -1.0, -1.0, 1.0, 1.0, -1.0]",10,img348_d4_s15_g23_r0,4,6
GeoExplorer-anchor0624,/root/geoexplorer/results/checkpoint/algo_ablation_anchor0624_20260515/masa_plus_mmgag_anchor0624_component_ablation_seed321_480k_gpu01/g1_p1_e1_v1_seed321_t480k/geoexplorer.pt,swissviewmonuments,348,6,1,23,23,True,0,"[1, 6, 11, 16, 17, 18, 23]","[""down"", ""down"", ""down"", ""right"", ""right"", ""down""]","[1.0, 1.0, 1.0, 1.0, 1.0, 1.0]",6,img348_d6_s01_g23_r0,6,0
GeoExplorer-anchor0624,/root/geoexplorer/results/checkpoint/algo_ablation_anchor0624_20260515/masa_plus_mmgag_anchor0624_component_ablation_seed321_480k_gpu01/g1_p1_e1_v1_seed321_t480k/geoexplorer.pt,swissviewmonuments,349,4,20,24,4,False,4,"[20, 21, 16, 11, 6, 1, 2, 3, 8, 9, 4]","[""right"", ""up"", ""up"", ""up"", ""up"", ""right"", ""right"", ""down"", ""right"", ""up""]","[1.0, -1.0, -1.0, -1.0, -1.0, 1.0, 1.0, 1.0, 1.0, -1.0]",10,img349_d4_s20_g24_r0,4,6
GeoExplorer-anchor0624,/root/geoexplorer/results/checkpoint/algo_ablation_anchor0624_20260515/masa_plus_mmgag_anchor0624_component_ablation_seed321_480k_gpu01/g1_p1_e1_v1_seed321_t480k/geoexplorer.pt,swissviewmonuments,349,6,2,24,24,True,0,"[2, 7, 12, 17, 22, 23, 24]","[""down"", ""down"", ""down"", ""down"", ""right"", ""right""]","[1.0, 1.0, 1.0, 1.0, 1.0, 1.0]",6,img349_d6_s02_g24_r0,6,0
GeoExplorer-anchor0624,/root/geoexplorer/results/checkpoint/algo_ablation_anchor0624_20260515/masa_plus_mmgag_anchor0624_component_ablation_seed321_480k_gpu01/g1_p1_e1_v1_seed321_t480k/geoexplorer.pt,swissviewmonuments,349,8,0,24,24,True,0,"[0, 1, 6, 11, 16, 17, 18, 23, 24]","[""right"", ""down"", ""down"", ""down"", ""right"", ""right"", ""down"", ""right""]","[1.0, 1.0, 1.0, 1.0, 1.0, 1.0, 1.0, 1.0]",8,img349_d8_s00_g24_r0,8,0
GeoExplorer-anchor0624,/root/geoexplorer/results/checkpoint/algo_ablation_anchor0624_20260515/masa_plus_mmgag_anchor0624_component_ablation_seed321_480k_gpu01/g1_p1_e1_v1_seed321_t480k/geoexplorer.pt,swissviewmonuments,350,4,12,0,0,True,0,"[12, 7, 2, 1, 0]","[""up"", ""up"", ""left"", ""left""]","[1.0, 1.0, 1.0, 1.0]",4,img350_d4_s12_g00_r0,4,0
GeoExplorer-anchor0624,/root/geoexplorer/results/checkpoint/algo_ablation_anchor0624_20260515/masa_plus_mmgag_anchor0624_component_ablation_seed321_480k_gpu01/g1_p1_e1_v1_seed321_t480k/geoexplorer.pt,swissviewmonuments,350,6,18,0,0,True,0,"[18, 13, 12, 7, 2, 1, 0]","[""up"", ""left"", ""up"", ""up"", ""left"", ""left""]","[1.0, 1.0, 1.0, 1.0, 1.0, 1.0]",6,img350_d6_s18_g00_r0,6,0
GeoExplorer-anchor0624,/root/geoexplorer/results/checkpoint/algo_ablation_anchor0624_20260515/masa_plus_mmgag_anchor0624_component_ablation_seed321_480k_gpu01/g1_p1_e1_v1_seed321_t480k/geoexplorer.pt,swissviewmonuments,350,8,24,0,0,True,0,"[24, 19, 14, 9, 8, 7, 2, 1, 0]","[""up"", ""up"", ""up"", ""left"", ""left"", ""up"", ""left"", ""left""]","[1.0, 1.0, 1.0, 1.0, 1.0, 1.0, 1.0, 1.0]",8,img350_d8_s24_g00_r0,8,0
GeoExplorer-anchor0624,/root/geoexplorer/results/checkpoint/algo_ablation_anchor0624_20260515/masa_plus_mmgag_anchor0624_component_ablation_seed321_480k_gpu01/g1_p1_e1_v1_seed321_t480k/geoexplorer.pt,swissviewmonuments,351,4,13,1,1,True,0,"[13, 8, 3, 2, 1]","[""up"", ""up"", ""left"", ""left""]","[1.0, 1.0, 1.0, 1.0]",4,img351_d4_s13_g01_r0,4,0
GeoExplorer-anchor0624,/root/geoexplorer/results/checkpoint/algo_ablation_anchor0624_20260515/masa_plus_mmgag_anchor0624_component_ablation_seed321_480k_gpu01/g1_p1_e1_v1_seed321_t480k/geoexplorer.pt,swissviewmonuments,351,6,23,1,1,True,0,"[23, 18, 13, 8, 3, 2, 1]","[""up"", ""up"", ""up"", ""up"", ""left"", ""left""]","[1.0, 1.0, 1.0, 1.0, 1.0, 1.0]",6,img351_d6_s23_g01_r0,6,0
GeoExplorer-anchor0624,/root/geoexplorer/results/checkpoint/algo_ablation_anchor0624_20260515/masa_plus_mmgag_anchor0624_component_ablation_seed321_480k_gpu01/g1_p1_e1_v1_seed321_t480k/geoexplorer.pt,swissviewmonuments,352,4,16,2,14,False,4,"[16, 11, 6, 7, 8, 9, 4, 9, 4, 9, 14]","[""up"", ""up"", ""right"", ""right"", ""right"", ""up"", ""down"", ""up"", ""down"", ""down""]","[1.0, 1.0, 1.0, -1.0, -1.0, 1.0, -1.0, 1.0, -1.0, -1.0]",10,img352_d4_s16_g02_r0,4,6
GeoExplorer-anchor0624,/root/geoexplorer/results/checkpoint/algo_ablation_anchor0624_20260515/masa_plus_mmgag_anchor0624_component_ablation_seed321_480k_gpu01/g1_p1_e1_v1_seed321_t480k/geoexplorer.pt,swissviewmonuments,352,6,20,2,4,False,2,"[20, 15, 10, 11, 12, 13, 8, 9, 4, 3, 4]","[""up"", ""up"", ""right"", ""right"", ""right"", ""up"", ""right"", ""up"", ""left"", ""right""]","[1.0, 1.0, 1.0, 1.0, -1.0, 1.0, -1.0, 1.0, 1.0, -1.0]",10,img352_d6_s20_g02_r0,6,4
GeoExplorer-anchor0624,/root/geoexplorer/results/checkpoint/algo_ablation_anchor0624_20260515/masa_plus_mmgag_anchor0624_component_ablation_seed321_480k_gpu01/g1_p1_e1_v1_seed321_t480k/geoexplorer.pt,swissviewmonuments,353,4,5,3,3,True,0,"[5, 0, 1, 2, 3]","[""up"", ""right"", ""right"", ""right""]","[1.0, 1.0, 1.0, 1.0]",4,img353_d4_s05_g03_r0,4,0
GeoExplorer-anchor0624,/root/geoexplorer/results/checkpoint/algo_ablation_anchor0624_20260515/masa_plus_mmgag_anchor0624_component_ablation_seed321_480k_gpu01/g1_p1_e1_v1_seed321_t480k/geoexplorer.pt,swissviewmonuments,353,6,15,3,3,True,0,"[15, 10, 5, 6, 7, 8, 9, 4, 9, 4, 3]","[""up"", ""up"", ""right"", ""right"", ""right"", ""right"", ""up"", ""down"", ""up"", ""left""]","[1.0, 1.0, 1.0, 1.0, 1.0, -1.0, 1.0, -1.0, 1.0, 1.0]",10,img353_d6_s15_g03_r0,6,4
GeoExplorer-anchor0624,/root/geoexplorer/results/checkpoint/algo_ablation_anchor0624_20260515/masa_plus_mmgag_anchor0624_component_ablation_seed321_480k_gpu01/g1_p1_e1_v1_seed321_t480k/geoexplorer.pt,swissviewmonuments,354,4,6,4,22,False,6,"[6, 11, 16, 17, 18, 23, 24, 23, 22, 23, 22]","[""down"", ""down"", ""right"", ""right"", ""down"", ""right"", ""left"", ""left"", ""right"", ""left""]","[-1.0, -1.0, 1.0, 1.0, -1.0, 1.0, -1.0, -1.0, 1.0, -1.0]",10,img354_d4_s06_g04_r0,4,6
GeoExplorer-anchor0624,/root/geoexplorer/results/checkpoint/algo_ablation_anchor0624_20260515/masa_plus_mmgag_anchor0624_component_ablation_seed321_480k_gpu01/g1_p1_e1_v1_seed321_t480k/geoexplorer.pt,swissviewmonuments,354,6,10,4,18,False,4,"[10, 11, 12, 13, 18, 23, 22, 23, 22, 23, 18]","[""right"", ""right"", ""right"", ""down"", ""down"", ""left"", ""right"", ""left"", ""right"", ""up""]","[1.0, 1.0, 1.0, -1.0, -1.0, -1.0, 1.0, -1.0, 1.0, 1.0]",10,img354_d6_s10_g04_r0,6,4
GeoExplorer-anchor0624,/root/geoexplorer/results/checkpoint/algo_ablation_anchor0624_20260515/masa_plus_mmgag_anchor0624_component_ablation_seed321_480k_gpu01/g1_p1_e1_v1_seed321_t480k/geoexplorer.pt,swissviewmonuments,354,8,20,4,8,False,2,"[20, 15, 10, 5, 6, 7, 8, 9, 14, 13, 8]","[""up"", ""up"", ""up"", ""right"", ""right"", ""right"", ""right"", ""down"", ""left"", ""up""]","[1.0, 1.0, 1.0, 1.0, 1.0, 1.0, 1.0, -1.0, -1.0, 1.0]",10,img354_d8_s20_g04_r0,8,2
GeoExplorer-anchor0624,/root/geoexplorer/results/checkpoint/algo_ablation_anchor0624_20260515/masa_plus_mmgag_anchor0624_component_ablation_seed321_480k_gpu01/g1_p1_e1_v1_seed321_t480k/geoexplorer.pt,swissviewmonuments,355,4,13,5,23,False,6,"[13, 12, 11, 16, 15, 20, 21, 22, 23, 22, 23]","[""left"", ""left"", ""down"", ""left"", ""down"", ""right"", ""right"", ""right"", ""left"", ""right""]","[1.0, 1.0, -1.0, 1.0, -1.0, -1.0, -1.0, -1.0, 1.0, -1.0]",10,img355_d4_s13_g05_r0,4,6
GeoExplorer-anchor0624,/root/geoexplorer/results/checkpoint/algo_ablation_anchor0624_20260515/masa_plus_mmgag_anchor0624_component_ablation_seed321_480k_gpu01/g1_p1_e1_v1_seed321_t480k/geoexplorer.pt,swissviewmonuments,355,6,23,5,1,False,2,"[23, 18, 13, 12, 7, 6, 1, 0, 1, 0, 1]","[""up"", ""up"", ""left"", ""up"", ""left"", ""up"", ""left"", ""right"", ""left"", ""right""]","[1.0, 1.0, 1.0, 1.0, 1.0, -1.0, 1.0, -1.0, 1.0, -1.0]",10,img355_d6_s23_g05_r0,6,4
GeoExplorer-anchor0624,/root/geoexplorer/results/checkpoint/algo_ablation_anchor0624_20260515/masa_plus_mmgag_anchor0624_component_ablation_seed321_480k_gpu01/g1_p1_e1_v1_seed321_t480k/geoexplorer.pt,swissviewmonuments,356,4,22,6,6,True,0,"[22, 17, 12, 7, 6]","[""up"", ""up"", ""up"", ""left""]","[1.0, 1.0, 1.0, 1.0]",4,img356_d4_s22_g06_r0,4,0
GeoExplorer-anchor0624,/root/geoexplorer/results/checkpoint/algo_ablation_anchor0624_20260515/masa_plus_mmgag_anchor0624_component_ablation_seed321_480k_gpu01/g1_p1_e1_v1_seed321_t480k/geoexplorer.pt,swissviewmonuments,356,6,24,6,6,True,0,"[24, 19, 14, 13, 12, 7, 6]","[""up"", ""up"", ""left"", ""left"", ""up"", ""left""]","[1.0, 1.0, 1.0, 1.0, 1.0, 1.0]",6,img356_d6_s24_g06_r0,6,0
GeoExplorer-anchor0624,/root/geoexplorer/results/checkpoint/algo_ablation_anchor0624_20260515/masa_plus_mmgag_anchor0624_component_ablation_seed321_480k_gpu01/g1_p1_e1_v1_seed321_t480k/geoexplorer.pt,swissviewmonuments,357,4,15,7,3,False,2,"[15, 10, 11, 12, 13, 8, 9, 4, 9, 4, 3]","[""up"", ""right"", ""right"", ""right"", ""up"", ""right"", ""up"", ""down"", ""up"", ""left""]","[1.0, 1.0, 1.0, -1.0, 1.0, -1.0, -1.0, 1.0, -1.0, 1.0]",10,img357_d4_s15_g07_r0,4,6
GeoExplorer-anchor0624,/root/geoexplorer/results/checkpoint/algo_ablation_anchor0624_20260515/masa_plus_mmgag_anchor0624_component_ablation_seed321_480k_gpu01/g1_p1_e1_v1_seed321_t480k/geoexplorer.pt,swissviewmonuments,358,4,16,8,4,False,2,"[16, 11, 12, 13, 14, 9, 4, 3, 4, 9, 4]","[""up"", ""right"", ""right"", ""right"", ""up"", ""up"", ""left"", ""right"", ""down"", ""up""]","[1.0, 1.0, 1.0, -1.0, 1.0, -1.0, 1.0, -1.0, 1.0, -1.0]",10,img358_d4_s16_g08_r0,4,6
GeoExplorer-anchor0624,/root/geoexplorer/results/checkpoint/algo_ablation_anchor0624_20260515/masa_plus_mmgag_anchor0624_component_ablation_seed321_480k_gpu01/g1_p1_e1_v1_seed321_t480k/geoexplorer.pt,swissviewmonuments,358,6,20,8,4,False,2,"[20, 15, 10, 11, 12, 13, 14, 9, 4, 3, 4]","[""up"", ""up"", ""right"", ""right"", ""right"", ""right"", ""up"", ""up"", ""left"", ""right""]","[1.0, 1.0, 1.0, 1.0, 1.0, -1.0, 1.0, -1.0, 1.0, -1.0]",10,img358_d6_s20_g08_r0,6,4
GeoExplorer-anchor0624,/root/geoexplorer/results/checkpoint/algo_ablation_anchor0624_20260515/masa_plus_mmgag_anchor0624_component_ablation_seed321_480k_gpu01/g1_p1_e1_v1_seed321_t480k/geoexplorer.pt,swissviewmonuments,359,4,23,9,1,False,4,"[23, 18, 13, 12, 7, 6, 1, 0, 5, 0, 1]","[""up"", ""up"", ""left"", ""up"", ""left"", ""up"", ""left"", ""down"", ""up"", ""right""]","[1.0, 1.0, -1.0, 1.0, -1.0, -1.0, -1.0, 1.0, -1.0, 1.0]",10,img359_d4_s23_g09_r0,4,6
GeoExplorer-anchor0624,/root/geoexplorer/results/checkpoint/algo_ablation_anchor0624_20260515/masa_plus_mmgag_anchor0624_component_ablation_seed321_480k_gpu01/g1_p1_e1_v1_seed321_t480k/geoexplorer.pt,swissviewmonuments,359,6,15,9,9,True,0,"[15, 16, 21, 22, 23, 18, 13, 8, 9]","[""right"", ""down"", ""right"", ""right"", ""up"", ""up"", ""up"", ""right""]","[1.0, -1.0, 1.0, 1.0, 1.0, 1.0, 1.0, 1.0]",8,img359_d6_s15_g09_r0,6,2
GeoExplorer-anchor0624,/root/geoexplorer/results/checkpoint/algo_ablation_anchor0624_20260515/masa_plus_mmgag_anchor0624_component_ablation_seed321_480k_gpu01/g1_p1_e1_v1_seed321_t480k/geoexplorer.pt,swissviewmonuments,360,4,22,10,4,False,6,"[22, 17, 12, 7, 8, 9, 4, 3, 4, 9, 4]","[""up"", ""up"", ""up"", ""right"", ""right"", ""up"", ""left"", ""right"", ""down"", ""up""]","[1.0, 1.0, -1.0, -1.0, -1.0, -1.0, 1.0, -1.0, 1.0, -1.0]",10,img360_d4_s22_g10_r0,4,6
GeoExplorer-anchor0624,/root/geoexplorer/results/checkpoint/algo_ablation_anchor0624_20260515/masa_plus_mmgag_anchor0624_component_ablation_seed321_480k_gpu01/g1_p1_e1_v1_seed321_t480k/geoexplorer.pt,swissviewmonuments,360,6,24,10,0,False,2,"[24, 19, 14, 13, 8, 7, 6, 1, 0, 1, 0]","[""up"", ""up"", ""left"", ""up"", ""left"", ""left"", ""up"", ""left"", ""right"", ""left""]","[1.0, 1.0, 1.0, -1.0, 1.0, 1.0, -1.0, 1.0, -1.0, 1.0]",10,img360_d6_s24_g10_r0,6,4
GeoExplorer-anchor0624,/root/geoexplorer/results/checkpoint/algo_ablation_anchor0624_20260515/masa_plus_mmgag_anchor0624_component_ablation_seed321_480k_gpu01/g1_p1_e1_v1_seed321_t480k/geoexplorer.pt,swissviewmonuments,361,4,3,11,11,True,0,"[3, 2, 1, 6, 11]","[""left"", ""left"", ""down"", ""down""]","[1.0, 1.0, 1.0, 1.0]",4,img361_d4_s03_g11_r0,4,0
GeoExplorer-anchor0624,/root/geoexplorer/results/checkpoint/algo_ablation_anchor0624_20260515/masa_plus_mmgag_anchor0624_component_ablation_seed321_480k_gpu01/g1_p1_e1_v1_seed321_t480k/geoexplorer.pt,swissviewmonuments,362,4,0,12,24,False,4,"[0, 1, 2, 3, 8, 13, 18, 23, 24, 19, 24]","[""right"", ""right"", ""right"", ""down"", ""down"", ""down"", ""down"", ""right"", ""up"", ""down""]","[1.0, 1.0, -1.0, 1.0, 1.0, -1.0, -1.0, -1.0, 1.0, -1.0]",10,img362_d4_s00_g12_r0,4,6
GeoExplorer-anchor0624,/root/geoexplorer/results/checkpoint/algo_ablation_anchor0624_20260515/masa_plus_mmgag_anchor0624_component_ablation_seed321_480k_gpu01/g1_p1_e1_v1_seed321_t480k/geoexplorer.pt,swissviewmonuments,363,4,5,13,13,True,0,"[5, 6, 7, 8, 13]","[""right"", ""right"", ""right"", ""down""]","[1.0, 1.0, 1.0, 1.0]",4,img363_d4_s05_g13_r0,4,0
GeoExplorer-anchor0624,/root/geoexplorer/results/checkpoint/algo_ablation_anchor0624_20260515/masa_plus_mmgag_anchor0624_component_ablation_seed321_480k_gpu01/g1_p1_e1_v1_seed321_t480k/geoexplorer.pt,swissviewmonuments,364,4,16,14,4,False,2,"[16, 17, 18, 13, 8, 3, 4, 9, 4, 9, 4]","[""right"", ""right"", ""up"", ""up"", ""up"", ""right"", ""down"", ""up"", ""down"", ""up""]","[1.0, 1.0, 1.0, -1.0, -1.0, 1.0, 1.0, -1.0, 1.0, -1.0]",10,img364_d4_s16_g14_r0,4,6
GeoExplorer-anchor0624,/root/geoexplorer/results/checkpoint/algo_ablation_anchor0624_20260515/masa_plus_mmgag_anchor0624_component_ablation_seed321_480k_gpu01/g1_p1_e1_v1_seed321_t480k/geoexplorer.pt,swissviewmonuments,364,6,20,14,4,False,2,"[20, 21, 22, 23, 18, 13, 8, 3, 4, 9, 4]","[""right"", ""right"", ""right"", ""up"", ""up"", ""up"", ""up"", ""right"", ""down"", ""up""]","[1.0, 1.0, 1.0, 1.0, 1.0, -1.0, -1.0, 1.0, 1.0, -1.0]",10,img364_d6_s20_g14_r0,6,4
GeoExplorer-anchor0624,/root/geoexplorer/results/checkpoint/algo_ablation_anchor0624_20260515/masa_plus_mmgag_anchor0624_component_ablation_seed321_480k_gpu01/g1_p1_e1_v1_seed321_t480k/geoexplorer.pt,swissviewmonuments,365,4,7,15,23,False,4,"[7, 8, 13, 18, 23, 24, 23, 22, 23, 18, 23]","[""right"", ""down"", ""down"", ""down"", ""right"", ""left"", ""left"", ""right"", ""up"", ""down""]","[-1.0, 1.0, 1.0, -1.0, -1.0, 1.0, 1.0, -1.0, 1.0, -1.0]",10,img365_d4_s07_g15_r0,4,6
GeoExplorer-anchor0624,/root/geoexplorer/results/checkpoint/algo_ablation_anchor0624_20260515/masa_plus_mmgag_anchor0624_component_ablation_seed321_480k_gpu01/g1_p1_e1_v1_seed321_t480k/geoexplorer.pt,swissviewmonuments,365,6,9,15,15,True,0,"[9, 14, 13, 12, 11, 16, 21, 20, 15]","[""down"", ""left"", ""left"", ""left"", ""down"", ""down"", ""left"", ""up""]","[1.0, 1.0, 1.0, 1.0, 1.0, -1.0, 1.0, 1.0]",8,img365_d6_s09_g15_r0,6,2
GeoExplorer-anchor0624,/root/geoexplorer/results/checkpoint/algo_ablation_anchor0624_20260515/masa_plus_mmgag_anchor0624_component_ablation_seed321_480k_gpu01/g1_p1_e1_v1_seed321_t480k/geoexplorer.pt,swissviewmonuments,366,4,14,16,16,True,0,"[14, 13, 12, 11, 16]","[""left"", ""left"", ""left"", ""down""]","[1.0, 1.0, 1.0, 1.0]",4,img366_d4_s14_g16_r0,4,0
GeoExplorer-anchor0624,/root/geoexplorer/results/checkpoint/algo_ablation_anchor0624_20260515/masa_plus_mmgag_anchor0624_component_ablation_seed321_480k_gpu01/g1_p1_e1_v1_seed321_t480k/geoexplorer.pt,swissviewmonuments,366,6,4,16,16,True,0,"[4, 9, 14, 13, 12, 17, 16]","[""down"", ""down"", ""left"", ""left"", ""down"", ""left""]","[1.0, 1.0, 1.0, 1.0, 1.0, 1.0]",6,img366_d6_s04_g16_r0,6,0
GeoExplorer-anchor0624,/root/geoexplorer/results/checkpoint/algo_ablation_anchor0624_20260515/masa_plus_mmgag_anchor0624_component_ablation_seed321_480k_gpu01/g1_p1_e1_v1_seed321_t480k/geoexplorer.pt,swissviewmonuments,367,4,5,17,19,False,2,"[5, 6, 7, 8, 13, 18, 23, 24, 19, 24, 19]","[""right"", ""right"", ""right"", ""down"", ""down"", ""down"", ""right"", ""up"", ""down"", ""up""]","[1.0, 1.0, -1.0, 1.0, 1.0, -1.0, -1.0, 1.0, -1.0, 1.0]",10,img367_d4_s05_g17_r0,4,6
GeoExplorer-anchor0624,/root/geoexplorer/results/checkpoint/algo_ablation_anchor0624_20260515/masa_plus_mmgag_anchor0624_component_ablation_seed321_480k_gpu01/g1_p1_e1_v1_seed321_t480k/geoexplorer.pt,swissviewmonuments,368,4,10,18,18,True,0,"[10, 11, 12, 13, 18]","[""right"", ""right"", ""right"", ""down""]","[1.0, 1.0, 1.0, 1.0]",4,img368_d4_s10_g18_r0,4,0
GeoExplorer-anchor0624,/root/geoexplorer/results/checkpoint/algo_ablation_anchor0624_20260515/masa_plus_mmgag_anchor0624_component_ablation_seed321_480k_gpu01/g1_p1_e1_v1_seed321_t480k/geoexplorer.pt,swissviewmonuments,368,6,0,18,24,False,2,"[0, 1, 6, 7, 12, 17, 22, 23, 24, 19, 24]","[""right"", ""down"", ""right"", ""down"", ""down"", ""down"", ""right"", ""right"", ""up"", ""down""]","[1.0, 1.0, 1.0, 1.0, 1.0, -1.0, 1.0, -1.0, 1.0, -1.0]",10,img368_d6_s00_g18_r0,6,4
GeoExplorer-anchor0624,/root/geoexplorer/results/checkpoint/algo_ablation_anchor0624_20260515/masa_plus_mmgag_anchor0624_component_ablation_seed321_480k_gpu01/g1_p1_e1_v1_seed321_t480k/geoexplorer.pt,swissviewmonuments,369,4,21,19,19,True,0,"[21, 22, 17, 12, 7, 8, 9, 14, 19]","[""right"", ""up"", ""up"", ""up"", ""right"", ""right"", ""down"", ""down""]","[1.0, 1.0, -1.0, -1.0, 1.0, 1.0, 1.0, 1.0]",8,img369_d4_s21_g19_r0,4,4
GeoExplorer-anchor0624,/root/geoexplorer/results/checkpoint/algo_ablation_anchor0624_20260515/masa_plus_mmgag_anchor0624_component_ablation_seed321_480k_gpu01/g1_p1_e1_v1_seed321_t480k/geoexplorer.pt,swissviewmonuments,369,6,5,19,19,True,0,"[5, 6, 7, 8, 13, 18, 23, 24, 19]","[""right"", ""right"", ""right"", ""down"", ""down"", ""down"", ""right"", ""up""]","[1.0, 1.0, 1.0, 1.0, 1.0, -1.0, 1.0, 1.0]",8,img369_d6_s05_g19_r0,6,2
GeoExplorer-anchor0624,/root/geoexplorer/results/checkpoint/algo_ablation_anchor0624_20260515/masa_plus_mmgag_anchor0624_component_ablation_seed321_480k_gpu01/g1_p1_e1_v1_seed321_t480k/geoexplorer.pt,swissviewmonuments,370,4,12,20,18,False,4,"[12, 17, 16, 21, 22, 23, 18, 23, 18, 13, 18]","[""down"", ""left"", ""down"", ""right"", ""right"", ""up"", ""down"", ""up"", ""up"", ""down""]","[1.0, 1.0, 1.0, -1.0, -1.0, -1.0, 1.0, -1.0, -1.0, 1.0]",10,img370_d4_s12_g20_r0,4,6
GeoExplorer-anchor0624,/root/geoexplorer/results/checkpoint/algo_ablation_anchor0624_20260515/masa_plus_mmgag_anchor0624_component_ablation_seed321_480k_gpu01/g1_p1_e1_v1_seed321_t480k/geoexplorer.pt,swissviewmonuments,370,6,2,20,22,False,2,"[2, 7, 12, 17, 16, 21, 22, 23, 18, 23, 22]","[""down"", ""down"", ""down"", ""left"", ""down"", ""right"", ""right"", ""up"", ""down"", ""left""]","[1.0, 1.0, 1.0, 1.0, 1.0, -1.0, -1.0, -1.0, 1.0, 1.0]",10,img370_d6_s02_g20_r0,6,4
GeoExplorer-anchor0624,/root/geoexplorer/results/checkpoint/algo_ablation_anchor0624_20260515/masa_plus_mmgag_anchor0624_component_ablation_seed321_480k_gpu01/g1_p1_e1_v1_seed321_t480k/geoexplorer.pt,swissviewmonuments,370,8,4,20,20,True,0,"[4, 9, 14, 13, 12, 11, 16, 21, 20]","[""down"", ""down"", ""left"", ""left"", ""left"", ""down"", ""down"", ""left""]","[1.0, 1.0, 1.0, 1.0, 1.0, 1.0, 1.0, 1.0]",8,img370_d8_s04_g20_r0,8,0
GeoExplorer-anchor0624,/root/geoexplorer/results/checkpoint/algo_ablation_anchor0624_20260515/masa_plus_mmgag_anchor0624_component_ablation_seed321_480k_gpu01/g1_p1_e1_v1_seed321_t480k/geoexplorer.pt,swissviewmonuments,371,4,1,21,21,True,0,"[1, 6, 11, 16, 21]","[""down"", ""down"", ""down"", ""down""]","[1.0, 1.0, 1.0, 1.0]",4,img371_d4_s01_g21_r0,4,0
GeoExplorer-anchor0624,/root/geoexplorer/results/checkpoint/algo_ablation_anchor0624_20260515/masa_plus_mmgag_anchor0624_component_ablation_seed321_480k_gpu01/g1_p1_e1_v1_seed321_t480k/geoexplorer.pt,swissviewmonuments,371,6,3,21,21,True,0,"[3, 8, 13, 18, 17, 16, 21]","[""down"", ""down"", ""down"", ""left"", ""left"", ""down""]","[1.0, 1.0, 1.0, 1.0, 1.0, 1.0]",6,img371_d6_s03_g21_r0,6,0
GeoExplorer-anchor0624,/root/geoexplorer/results/checkpoint/algo_ablation_anchor0624_20260515/masa_plus_mmgag_anchor0624_component_ablation_seed321_480k_gpu01/g1_p1_e1_v1_seed321_t480k/geoexplorer.pt,swissviewmonuments,372,4,2,22,22,True,0,"[2, 7, 12, 17, 22]","[""down"", ""down"", ""down"", ""down""]","[1.0, 1.0, 1.0, 1.0]",4,img372_d4_s02_g22_r0,4,0
GeoExplorer-anchor0624,/root/geoexplorer/results/checkpoint/algo_ablation_anchor0624_20260515/masa_plus_mmgag_anchor0624_component_ablation_seed321_480k_gpu01/g1_p1_e1_v1_seed321_t480k/geoexplorer.pt,swissviewmonuments,372,6,4,22,20,False,2,"[4, 9, 14, 19, 18, 17, 16, 21, 20, 15, 20]","[""down"", ""down"", ""down"", ""left"", ""left"", ""left"", ""down"", ""left"", ""up"", ""down""]","[1.0, 1.0, 1.0, 1.0, 1.0, -1.0, 1.0, -1.0, -1.0, 1.0]",10,img372_d6_s04_g22_r0,6,4
GeoExplorer-anchor0624,/root/geoexplorer/results/checkpoint/algo_ablation_anchor0624_20260515/masa_plus_mmgag_anchor0624_component_ablation_seed321_480k_gpu01/g1_p1_e1_v1_seed321_t480k/geoexplorer.pt,swissviewmonuments,373,4,3,23,15,False,4,"[3, 8, 13, 12, 11, 16, 21, 20, 15, 20, 15]","[""down"", ""down"", ""left"", ""left"", ""down"", ""down"", ""left"", ""up"", ""down"", ""up""]","[1.0, 1.0, -1.0, -1.0, 1.0, 1.0, -1.0, -1.0, 1.0, -1.0]",10,img373_d4_s03_g23_r0,4,6
GeoExplorer-anchor0624,/root/geoexplorer/results/checkpoint/algo_ablation_anchor0624_20260515/masa_plus_mmgag_anchor0624_component_ablation_seed321_480k_gpu01/g1_p1_e1_v1_seed321_t480k/geoexplorer.pt,swissviewmonuments,373,6,5,23,23,True,0,"[5, 10, 15, 20, 21, 22, 23]","[""down"", ""down"", ""down"", ""right"", ""right"", ""right""]","[1.0, 1.0, 1.0, 1.0, 1.0, 1.0]",6,img373_d6_s05_g23_r0,6,0
GeoExplorer-anchor0624,/root/geoexplorer/results/checkpoint/algo_ablation_anchor0624_20260515/masa_plus_mmgag_anchor0624_component_ablation_seed321_480k_gpu01/g1_p1_e1_v1_seed321_t480k/geoexplorer.pt,swissviewmonuments,374,4,12,24,20,False,4,"[12, 17, 16, 21, 20, 15, 20, 15, 20, 15, 20]","[""down"", ""left"", ""down"", ""left"", ""up"", ""down"", ""up"", ""down"", ""up"", ""down""]","[1.0, -1.0, 1.0, -1.0, -1.0, 1.0, -1.0, 1.0, -1.0, 1.0]",10,img374_d4_s12_g24_r0,4,6
GeoExplorer-anchor0624,/root/geoexplorer/results/checkpoint/algo_ablation_anchor0624_20260515/masa_plus_mmgag_anchor0624_component_ablation_seed321_480k_gpu01/g1_p1_e1_v1_seed321_t480k/geoexplorer.pt,swissviewmonuments,374,6,6,24,24,True,0,"[6, 11, 16, 21, 22, 23, 24]","[""down"", ""down"", ""down"", ""right"", ""right"", ""right""]","[1.0, 1.0, 1.0, 1.0, 1.0, 1.0]",6,img374_d6_s06_g24_r0,6,0
GeoExplorer-anchor0624,/root/geoexplorer/results/checkpoint/algo_ablation_anchor0624_20260515/masa_plus_mmgag_anchor0624_component_ablation_seed321_480k_gpu01/g1_p1_e1_v1_seed321_t480k/geoexplorer.pt,swissviewmonuments,374,8,0,24,24,True,0,"[0, 5, 10, 11, 16, 21, 22, 23, 24]","[""down"", ""down"", ""right"", ""down"", ""down"", ""right"", ""right"", ""right""]","[1.0, 1.0, 1.0, 1.0, 1.0, 1.0, 1.0, 1.0]",8,img374_d8_s00_g24_r0,8,0
GOMAA-Geo,/root/src/compare_baselines_bundle_20260505_v2/compare_baselines_bundle/gomaa_geo_official/gomaa_geo/checkpoint/formal_ppo_seed42_t480k/formal_ppo.pt,swissviewmonuments,0,4,8,0,0,True,0,"[8, 3, 2, 1, 0]","[""up"", ""left"", ""left"", ""left""]","[1.0, 1.0, 1.0, 1.0]",4,img000_d4_s08_g00_r0,4,0
GOMAA-Geo,/root/src/compare_baselines_bundle_20260505_v2/compare_baselines_bundle/gomaa_geo_official/gomaa_geo/checkpoint/formal_ppo_seed42_t480k/formal_ppo.pt,swissviewmonuments,0,6,14,0,0,True,0,"[14, 9, 4, 3, 2, 1, 0]","[""up"", ""up"", ""left"", ""left"", ""left"", ""left""]","[1.0, 1.0, 1.0, 1.0, 1.0, 1.0]",6,img000_d6_s14_g00_r0,6,0
GOMAA-Geo,/root/src/compare_baselines_bundle_20260505_v2/compare_baselines_bundle/gomaa_geo_official/gomaa_geo/checkpoint/formal_ppo_seed42_t480k/formal_ppo.pt,swissviewmonuments,0,8,24,0,0,True,0,"[24, 19, 14, 9, 4, 3, 2, 1, 0]","[""up"", ""up"", ""up"", ""up"", ""left"", ""left"", ""left"", ""left""]","[1.0, 1.0, 1.0, 1.0, 1.0, 1.0, 1.0, 1.0]",8,img000_d8_s24_g00_r0,8,0
GOMAA-Geo,/root/src/compare_baselines_bundle_20260505_v2/compare_baselines_bundle/gomaa_geo_official/gomaa_geo/checkpoint/formal_ppo_seed42_t480k/formal_ppo.pt,swissviewmonuments,1,4,21,1,3,False,2,"[21, 22, 23, 18, 13, 8, 3, 4, 9, 4, 3]","[""right"", ""right"", ""up"", ""up"", ""up"", ""up"", ""right"", ""down"", ""up"", ""left""]","[-1.0, -1.0, 1.0, 1.0, 1.0, 1.0, -1.0, -1.0, 1.0, 1.0]",10,img001_d4_s21_g01_r0,4,6
GOMAA-Geo,/root/src/compare_baselines_bundle_20260505_v2/compare_baselines_bundle/gomaa_geo_official/gomaa_geo/checkpoint/formal_ppo_seed42_t480k/formal_ppo.pt,swissviewmonuments,1,6,19,1,1,True,0,"[19, 14, 9, 4, 3, 2, 1]","[""up"", ""up"", ""up"", ""left"", ""left"", ""left""]","[1.0, 1.0, 1.0, 1.0, 1.0, 1.0]",6,img001_d6_s19_g01_r0,6,0
GOMAA-Geo,/root/src/compare_baselines_bundle_20260505_v2/compare_baselines_bundle/gomaa_geo_official/gomaa_geo/checkpoint/formal_ppo_seed42_t480k/formal_ppo.pt,swissviewmonuments,2,4,14,2,20,False,6,"[14, 9, 8, 7, 6, 5, 10, 15, 20, 21, 20]","[""up"", ""left"", ""left"", ""left"", ""left"", ""down"", ""down"", ""down"", ""right"", ""left""]","[1.0, 1.0, 1.0, -1.0, -1.0, -1.0, -1.0, -1.0, 1.0, -1.0]",10,img002_d4_s14_g02_r0,4,6
GOMAA-Geo,/root/src/compare_baselines_bundle_20260505_v2/compare_baselines_bundle/gomaa_geo_official/gomaa_geo/checkpoint/formal_ppo_seed42_t480k/formal_ppo.pt,swissviewmonuments,2,6,20,2,2,True,0,"[20, 15, 10, 5, 0, 1, 2]","[""up"", ""up"", ""up"", ""up"", ""right"", ""right""]","[1.0, 1.0, 1.0, 1.0, 1.0, 1.0]",6,img002_d6_s20_g02_r0,6,0
GOMAA-Geo,/root/src/compare_baselines_bundle_20260505_v2/compare_baselines_bundle/gomaa_geo_official/gomaa_geo/checkpoint/formal_ppo_seed42_t480k/formal_ppo.pt,swissviewmonuments,3,4,23,3,1,False,2,"[23, 22, 21, 16, 11, 6, 1, 0, 1, 0, 1]","[""left"", ""left"", ""up"", ""up"", ""up"", ""up"", ""left"", ""right"", ""left"", ""right""]","[-1.0, -1.0, 1.0, 1.0, 1.0, 1.0, -1.0, 1.0, -1.0, 1.0]",10,img003_d4_s23_g03_r0,4,6
GOMAA-Geo,/root/src/compare_baselines_bundle_20260505_v2/compare_baselines_bundle/gomaa_geo_official/gomaa_geo/checkpoint/formal_ppo_seed42_t480k/formal_ppo.pt,swissviewmonuments,3,6,21,3,3,True,0,"[21, 22, 23, 18, 13, 8, 7, 8, 3]","[""right"", ""right"", ""up"", ""up"", ""up"", ""left"", ""right"", ""up""]","[1.0, 1.0, 1.0, 1.0, 1.0, -1.0, 1.0, 1.0]",8,img003_d6_s21_g03_r0,6,2
GOMAA-Geo,/root/src/compare_baselines_bundle_20260505_v2/compare_baselines_bundle/gomaa_geo_official/gomaa_geo/checkpoint/formal_ppo_seed42_t480k/formal_ppo.pt,swissviewmonuments,4,4,6,4,4,True,0,"[6, 11, 12, 13, 18, 19, 24, 19, 14, 9, 4]","[""down"", ""right"", ""right"", ""down"", ""right"", ""down"", ""up"", ""up"", ""up"", ""up""]","[-1.0, 1.0, 1.0, -1.0, 1.0, -1.0, 1.0, 1.0, 1.0, 1.0]",10,img004_d4_s06_g04_r0,4,6
GOMAA-Geo,/root/src/compare_baselines_bundle_20260505_v2/compare_baselines_bundle/gomaa_geo_official/gomaa_geo/checkpoint/formal_ppo_seed42_t480k/formal_ppo.pt,swissviewmonuments,4,6,10,4,4,True,0,"[10, 5, 0, 1, 2, 3, 4]","[""up"", ""up"", ""right"", ""right"", ""right"", ""right""]","[1.0, 1.0, 1.0, 1.0, 1.0, 1.0]",6,img004_d6_s10_g04_r0,6,0
GOMAA-Geo,/root/src/compare_baselines_bundle_20260505_v2/compare_baselines_bundle/gomaa_geo_official/gomaa_geo/checkpoint/formal_ppo_seed42_t480k/formal_ppo.pt,swissviewmonuments,4,8,20,4,4,True,0,"[20, 21, 22, 23, 18, 13, 8, 3, 4]","[""right"", ""right"", ""right"", ""up"", ""up"", ""up"", ""up"", ""right""]","[1.0, 1.0, 1.0, 1.0, 1.0, 1.0, 1.0, 1.0]",8,img004_d8_s20_g04_r0,8,0
GOMAA-Geo,/root/src/compare_baselines_bundle_20260505_v2/compare_baselines_bundle/gomaa_geo_official/gomaa_geo/checkpoint/formal_ppo_seed42_t480k/formal_ppo.pt,swissviewmonuments,5,4,21,5,5,True,0,"[21, 20, 15, 10, 5]","[""left"", ""up"", ""up"", ""up""]","[1.0, 1.0, 1.0, 1.0]",4,img005_d4_s21_g05_r0,4,0
GOMAA-Geo,/root/src/compare_baselines_bundle_20260505_v2/compare_baselines_bundle/gomaa_geo_official/gomaa_geo/checkpoint/formal_ppo_seed42_t480k/formal_ppo.pt,swissviewmonuments,5,6,19,5,5,True,0,"[19, 14, 9, 4, 3, 2, 1, 0, 5]","[""up"", ""up"", ""up"", ""left"", ""left"", ""left"", ""left"", ""down""]","[1.0, 1.0, -1.0, 1.0, 1.0, 1.0, 1.0, 1.0]",8,img005_d6_s19_g05_r0,6,2
GOMAA-Geo,/root/src/compare_baselines_bundle_20260505_v2/compare_baselines_bundle/gomaa_geo_official/gomaa_geo/checkpoint/formal_ppo_seed42_t480k/formal_ppo.pt,swissviewmonuments,6,4,20,6,4,False,4,"[20, 15, 10, 5, 0, 1, 2, 3, 4, 3, 4]","[""up"", ""up"", ""up"", ""up"", ""right"", ""right"", ""right"", ""right"", ""left"", ""right""]","[1.0, 1.0, 1.0, -1.0, 1.0, -1.0, -1.0, -1.0, 1.0, -1.0]",10,img006_d4_s20_g06_r0,4,6
GOMAA-Geo,/root/src/compare_baselines_bundle_20260505_v2/compare_baselines_bundle/gomaa_geo_official/gomaa_geo/checkpoint/formal_ppo_seed42_t480k/formal_ppo.pt,swissviewmonuments,6,6,24,6,6,True,0,"[24, 19, 14, 9, 8, 7, 6]","[""up"", ""up"", ""up"", ""left"", ""left"", ""left""]","[1.0, 1.0, 1.0, 1.0, 1.0, 1.0]",6,img006_d6_s24_g06_r0,6,0
GOMAA-Geo,/root/src/compare_baselines_bundle_20260505_v2/compare_baselines_bundle/gomaa_geo_official/gomaa_geo/checkpoint/formal_ppo_seed42_t480k/formal_ppo.pt,swissviewmonuments,7,4,19,7,5,False,2,"[19, 14, 9, 4, 3, 2, 1, 0, 5, 0, 5]","[""up"", ""up"", ""up"", ""left"", ""left"", ""left"", ""left"", ""down"", ""up"", ""down""]","[1.0, 1.0, -1.0, 1.0, 1.0, -1.0, -1.0, 1.0, -1.0, 1.0]",10,img007_d4_s19_g07_r0,4,6
GOMAA-Geo,/root/src/compare_baselines_bundle_20260505_v2/compare_baselines_bundle/gomaa_geo_official/gomaa_geo/checkpoint/formal_ppo_seed42_t480k/formal_ppo.pt,swissviewmonuments,8,4,24,8,0,False,4,"[24, 23, 22, 21, 20, 15, 10, 5, 0, 5, 0]","[""left"", ""left"", ""left"", ""left"", ""up"", ""up"", ""up"", ""up"", ""down"", ""up""]","[1.0, -1.0, -1.0, -1.0, 1.0, 1.0, 1.0, -1.0, 1.0, -1.0]",10,img008_d4_s24_g08_r0,4,6
GOMAA-Geo,/root/src/compare_baselines_bundle_20260505_v2/compare_baselines_bundle/gomaa_geo_official/gomaa_geo/checkpoint/formal_ppo_seed42_t480k/formal_ppo.pt,swissviewmonuments,8,6,20,8,8,True,0,"[20, 21, 22, 23, 18, 13, 8]","[""right"", ""right"", ""right"", ""up"", ""up"", ""up""]","[1.0, 1.0, 1.0, 1.0, 1.0, 1.0]",6,img008_d6_s20_g08_r0,6,0
GOMAA-Geo,/root/src/compare_baselines_bundle_20260505_v2/compare_baselines_bundle/gomaa_geo_official/gomaa_geo/checkpoint/formal_ppo_seed42_t480k/formal_ppo.pt,swissviewmonuments,9,4,23,9,5,False,4,"[23, 22, 21, 20, 15, 10, 5, 0, 1, 0, 5]","[""left"", ""left"", ""left"", ""up"", ""up"", ""up"", ""up"", ""right"", ""left"", ""down""]","[-1.0, -1.0, -1.0, 1.0, 1.0, 1.0, -1.0, 1.0, -1.0, 1.0]",10,img009_d4_s23_g09_r0,4,6
GOMAA-Geo,/root/src/compare_baselines_bundle_20260505_v2/compare_baselines_bundle/gomaa_geo_official/gomaa_geo/checkpoint/formal_ppo_seed42_t480k/formal_ppo.pt,swissviewmonuments,9,6,15,9,9,True,0,"[15, 10, 5, 0, 1, 2, 3, 4, 9]","[""up"", ""up"", ""up"", ""right"", ""right"", ""right"", ""right"", ""down""]","[1.0, 1.0, -1.0, 1.0, 1.0, 1.0, 1.0, 1.0]",8,img009_d6_s15_g09_r0,6,2
GOMAA-Geo,/root/src/compare_baselines_bundle_20260505_v2/compare_baselines_bundle/gomaa_geo_official/gomaa_geo/checkpoint/formal_ppo_seed42_t480k/formal_ppo.pt,swissviewmonuments,10,4,18,10,0,False,2,"[18, 13, 8, 7, 6, 1, 0, 5, 0, 5, 0]","[""up"", ""up"", ""left"", ""left"", ""up"", ""left"", ""down"", ""up"", ""down"", ""up""]","[1.0, -1.0, 1.0, 1.0, -1.0, 1.0, 1.0, -1.0, 1.0, -1.0]",10,img010_d4_s18_g10_r0,4,6
GOMAA-Geo,/root/src/compare_baselines_bundle_20260505_v2/compare_baselines_bundle/gomaa_geo_official/gomaa_geo/checkpoint/formal_ppo_seed42_t480k/formal_ppo.pt,swissviewmonuments,10,6,24,10,0,False,2,"[24, 19, 14, 9, 8, 7, 6, 5, 0, 5, 0]","[""up"", ""up"", ""up"", ""left"", ""left"", ""left"", ""left"", ""up"", ""down"", ""up""]","[1.0, 1.0, -1.0, 1.0, 1.0, 1.0, 1.0, -1.0, 1.0, -1.0]",10,img010_d6_s24_g10_r0,6,4
GOMAA-Geo,/root/src/compare_baselines_bundle_20260505_v2/compare_baselines_bundle/gomaa_geo_official/gomaa_geo/checkpoint/formal_ppo_seed42_t480k/formal_ppo.pt,swissviewmonuments,11,4,3,11,5,False,2,"[3, 2, 1, 6, 1, 6, 1, 6, 5, 10, 5]","[""left"", ""left"", ""down"", ""up"", ""down"", ""up"", ""down"", ""left"", ""down"", ""up""]","[1.0, 1.0, 1.0, -1.0, 1.0, -1.0, 1.0, -1.0, 1.0, -1.0]",10,img011_d4_s03_g11_r0,4,6
GOMAA-Geo,/root/src/compare_baselines_bundle_20260505_v2/compare_baselines_bundle/gomaa_geo_official/gomaa_geo/checkpoint/formal_ppo_seed42_t480k/formal_ppo.pt,swissviewmonuments,12,4,4,12,0,False,4,"[4, 9, 14, 19, 18, 17, 16, 15, 10, 5, 0]","[""down"", ""down"", ""down"", ""left"", ""left"", ""left"", ""left"", ""up"", ""up"", ""up""]","[1.0, 1.0, -1.0, 1.0, 1.0, -1.0, -1.0, 1.0, -1.0, -1.0]",10,img012_d4_s04_g12_r0,4,6
GOMAA-Geo,/root/src/compare_baselines_bundle_20260505_v2/compare_baselines_bundle/gomaa_geo_official/gomaa_geo/checkpoint/formal_ppo_seed42_t480k/formal_ppo.pt,swissviewmonuments,13,4,1,13,13,True,0,"[1, 2, 3, 8, 13]","[""right"", ""right"", ""down"", ""down""]","[1.0, 1.0, 1.0, 1.0]",4,img013_d4_s01_g13_r0,4,0
GOMAA-Geo,/root/src/compare_baselines_bundle_20260505_v2/compare_baselines_bundle/gomaa_geo_official/gomaa_geo/checkpoint/formal_ppo_seed42_t480k/formal_ppo.pt,swissviewmonuments,14,4,10,14,14,True,0,"[10, 5, 0, 1, 2, 3, 4, 9, 14]","[""up"", ""up"", ""right"", ""right"", ""right"", ""right"", ""down"", ""down""]","[-1.0, -1.0, 1.0, 1.0, 1.0, 1.0, 1.0, 1.0]",8,img014_d4_s10_g14_r0,4,4
GOMAA-Geo,/root/src/compare_baselines_bundle_20260505_v2/compare_baselines_bundle/gomaa_geo_official/gomaa_geo/checkpoint/formal_ppo_seed42_t480k/formal_ppo.pt,swissviewmonuments,14,6,0,14,24,False,2,"[0, 5, 10, 15, 20, 21, 22, 23, 24, 19, 24]","[""down"", ""down"", ""down"", ""down"", ""right"", ""right"", ""right"", ""right"", ""up"", ""down""]","[1.0, 1.0, -1.0, -1.0, 1.0, 1.0, 1.0, 1.0, 1.0, -1.0]",10,img014_d6_s00_g14_r0,6,4
GOMAA-Geo,/root/src/compare_baselines_bundle_20260505_v2/compare_baselines_bundle/gomaa_geo_official/gomaa_geo/checkpoint/formal_ppo_seed42_t480k/formal_ppo.pt,swissviewmonuments,15,4,1,15,23,False,4,"[1, 2, 3, 4, 9, 14, 19, 24, 19, 24, 23]","[""right"", ""right"", ""right"", ""down"", ""down"", ""down"", ""down"", ""up"", ""down"", ""left""]","[-1.0, -1.0, -1.0, 1.0, 1.0, 1.0, -1.0, 1.0, -1.0, 1.0]",10,img015_d4_s01_g15_r0,4,6
GOMAA-Geo,/root/src/compare_baselines_bundle_20260505_v2/compare_baselines_bundle/gomaa_geo_official/gomaa_geo/checkpoint/formal_ppo_seed42_t480k/formal_ppo.pt,swissviewmonuments,15,6,9,15,5,False,2,"[9, 4, 3, 2, 1, 0, 5, 10, 5, 10, 5]","[""up"", ""left"", ""left"", ""left"", ""left"", ""down"", ""down"", ""up"", ""down"", ""up""]","[-1.0, 1.0, 1.0, 1.0, 1.0, 1.0, 1.0, -1.0, 1.0, -1.0]",10,img015_d6_s09_g15_r0,6,4
GOMAA-Geo,/root/src/compare_baselines_bundle_20260505_v2/compare_baselines_bundle/gomaa_geo_official/gomaa_geo/checkpoint/formal_ppo_seed42_t480k/formal_ppo.pt,swissviewmonuments,16,4,14,16,10,False,2,"[14, 9, 4, 3, 2, 1, 0, 5, 0, 5, 10]","[""up"", ""up"", ""left"", ""left"", ""left"", ""left"", ""down"", ""up"", ""down"", ""down""]","[-1.0, -1.0, 1.0, 1.0, 1.0, -1.0, 1.0, -1.0, 1.0, 1.0]",10,img016_d4_s14_g16_r0,4,6
GOMAA-Geo,/root/src/compare_baselines_bundle_20260505_v2/compare_baselines_bundle/gomaa_geo_official/gomaa_geo/checkpoint/formal_ppo_seed42_t480k/formal_ppo.pt,swissviewmonuments,16,6,4,16,6,False,2,"[4, 3, 2, 1, 6, 11, 6, 11, 6, 11, 6]","[""left"", ""left"", ""left"", ""down"", ""down"", ""up"", ""down"", ""up"", ""down"", ""up""]","[1.0, 1.0, 1.0, 1.0, 1.0, -1.0, 1.0, -1.0, 1.0, -1.0]",10,img016_d6_s04_g16_r0,6,4
GOMAA-Geo,/root/src/compare_baselines_bundle_20260505_v2/compare_baselines_bundle/gomaa_geo_official/gomaa_geo/checkpoint/formal_ppo_seed42_t480k/formal_ppo.pt,swissviewmonuments,17,4,9,17,15,False,2,"[9, 14, 19, 24, 23, 22, 21, 20, 21, 20, 15]","[""down"", ""down"", ""down"", ""left"", ""left"", ""left"", ""left"", ""right"", ""left"", ""up""]","[1.0, 1.0, -1.0, 1.0, 1.0, -1.0, -1.0, 1.0, -1.0, 1.0]",10,img017_d4_s09_g17_r0,4,6
GOMAA-Geo,/root/src/compare_baselines_bundle_20260505_v2/compare_baselines_bundle/gomaa_geo_official/gomaa_geo/checkpoint/formal_ppo_seed42_t480k/formal_ppo.pt,swissviewmonuments,18,4,6,18,18,True,0,"[6, 11, 16, 17, 18]","[""down"", ""down"", ""right"", ""right""]","[1.0, 1.0, 1.0, 1.0]",4,img018_d4_s06_g18_r0,4,0
GOMAA-Geo,/root/src/compare_baselines_bundle_20260505_v2/compare_baselines_bundle/gomaa_geo_official/gomaa_geo/checkpoint/formal_ppo_seed42_t480k/formal_ppo.pt,swissviewmonuments,18,6,0,18,18,True,0,"[0, 5, 10, 15, 16, 17, 18]","[""down"", ""down"", ""down"", ""right"", ""right"", ""right""]","[1.0, 1.0, 1.0, 1.0, 1.0, 1.0]",6,img018_d6_s00_g18_r0,6,0
GOMAA-Geo,/root/src/compare_baselines_bundle_20260505_v2/compare_baselines_bundle/gomaa_geo_official/gomaa_geo/checkpoint/formal_ppo_seed42_t480k/formal_ppo.pt,swissviewmonuments,19,4,3,19,15,False,4,"[3, 2, 1, 0, 5, 10, 15, 20, 15, 20, 15]","[""left"", ""left"", ""left"", ""down"", ""down"", ""down"", ""down"", ""up"", ""down"", ""up""]","[-1.0, -1.0, -1.0, 1.0, 1.0, 1.0, -1.0, 1.0, -1.0, 1.0]",10,img019_d4_s03_g19_r0,4,6
GOMAA-Geo,/root/src/compare_baselines_bundle_20260505_v2/compare_baselines_bundle/gomaa_geo_official/gomaa_geo/checkpoint/formal_ppo_seed42_t480k/formal_ppo.pt,swissviewmonuments,19,6,1,19,19,True,0,"[1, 2, 3, 4, 9, 14, 19]","[""right"", ""right"", ""right"", ""down"", ""down"", ""down""]","[1.0, 1.0, 1.0, 1.0, 1.0, 1.0]",6,img019_d6_s01_g19_r0,6,0
GOMAA-Geo,/root/src/compare_baselines_bundle_20260505_v2/compare_baselines_bundle/gomaa_geo_official/gomaa_geo/checkpoint/formal_ppo_seed42_t480k/formal_ppo.pt,swissviewmonuments,20,4,18,20,0,False,4,"[18, 17, 12, 7, 6, 1, 0, 5, 0, 5, 0]","[""left"", ""up"", ""up"", ""left"", ""up"", ""left"", ""down"", ""up"", ""down"", ""up""]","[1.0, -1.0, -1.0, 1.0, -1.0, 1.0, 1.0, -1.0, 1.0, -1.0]",10,img020_d4_s18_g20_r0,4,6
GOMAA-Geo,/root/src/compare_baselines_bundle_20260505_v2/compare_baselines_bundle/gomaa_geo_official/gomaa_geo/checkpoint/formal_ppo_seed42_t480k/formal_ppo.pt,swissviewmonuments,20,6,2,20,20,True,0,"[2, 1, 0, 5, 10, 15, 20]","[""left"", ""left"", ""down"", ""down"", ""down"", ""down""]","[1.0, 1.0, 1.0, 1.0, 1.0, 1.0]",6,img020_d6_s02_g20_r0,6,0
GOMAA-Geo,/root/src/compare_baselines_bundle_20260505_v2/compare_baselines_bundle/gomaa_geo_official/gomaa_geo/checkpoint/formal_ppo_seed42_t480k/formal_ppo.pt,swissviewmonuments,20,8,4,20,10,False,2,"[4, 3, 2, 1, 0, 5, 10, 15, 10, 15, 10]","[""left"", ""left"", ""left"", ""left"", ""down"", ""down"", ""down"", ""up"", ""down"", ""up""]","[1.0, 1.0, 1.0, 1.0, 1.0, 1.0, 1.0, -1.0, 1.0, -1.0]",10,img020_d8_s04_g20_r0,8,2
GOMAA-Geo,/root/src/compare_baselines_bundle_20260505_v2/compare_baselines_bundle/gomaa_geo_official/gomaa_geo/checkpoint/formal_ppo_seed42_t480k/formal_ppo.pt,swissviewmonuments,21,4,13,21,5,False,4,"[13, 8, 3, 2, 1, 0, 5, 0, 5, 0, 5]","[""up"", ""up"", ""left"", ""left"", ""left"", ""down"", ""up"", ""down"", ""up"", ""down""]","[-1.0, -1.0, 1.0, 1.0, -1.0, 1.0, -1.0, 1.0, -1.0, 1.0]",10,img021_d4_s13_g21_r0,4,6
GOMAA-Geo,/root/src/compare_baselines_bundle_20260505_v2/compare_baselines_bundle/gomaa_geo_official/gomaa_geo/checkpoint/formal_ppo_seed42_t480k/formal_ppo.pt,swissviewmonuments,21,6,3,21,5,False,4,"[3, 2, 1, 0, 5, 10, 5, 10, 5, 10, 5]","[""left"", ""left"", ""left"", ""down"", ""down"", ""up"", ""down"", ""up"", ""down"", ""up""]","[1.0, 1.0, -1.0, 1.0, 1.0, -1.0, 1.0, -1.0, 1.0, -1.0]",10,img021_d6_s03_g21_r0,6,4
GOMAA-Geo,/root/src/compare_baselines_bundle_20260505_v2/compare_baselines_bundle/gomaa_geo_official/gomaa_geo/checkpoint/formal_ppo_seed42_t480k/formal_ppo.pt,swissviewmonuments,22,4,8,22,10,False,4,"[8, 3, 2, 1, 0, 5, 10, 15, 20, 15, 10]","[""up"", ""left"", ""left"", ""left"", ""down"", ""down"", ""down"", ""down"", ""up"", ""up""]","[-1.0, 1.0, -1.0, -1.0, 1.0, 1.0, 1.0, 1.0, -1.0, -1.0]",10,img022_d4_s08_g22_r0,4,6
GOMAA-Geo,/root/src/compare_baselines_bundle_20260505_v2/compare_baselines_bundle/gomaa_geo_official/gomaa_geo/checkpoint/formal_ppo_seed42_t480k/formal_ppo.pt,swissviewmonuments,22,6,0,22,22,True,0,"[0, 5, 10, 15, 20, 21, 22]","[""down"", ""down"", ""down"", ""down"", ""right"", ""right""]","[1.0, 1.0, 1.0, 1.0, 1.0, 1.0]",6,img022_d6_s00_g22_r0,6,0
GOMAA-Geo,/root/src/compare_baselines_bundle_20260505_v2/compare_baselines_bundle/gomaa_geo_official/gomaa_geo/checkpoint/formal_ppo_seed42_t480k/formal_ppo.pt,swissviewmonuments,23,4,15,23,9,False,4,"[15, 10, 5, 0, 1, 2, 3, 4, 9, 14, 9]","[""up"", ""up"", ""up"", ""right"", ""right"", ""right"", ""right"", ""down"", ""down"", ""up""]","[-1.0, -1.0, -1.0, 1.0, 1.0, 1.0, -1.0, 1.0, 1.0, -1.0]",10,img023_d4_s15_g23_r0,4,6
GOMAA-Geo,/root/src/compare_baselines_bundle_20260505_v2/compare_baselines_bundle/gomaa_geo_official/gomaa_geo/checkpoint/formal_ppo_seed42_t480k/formal_ppo.pt,swissviewmonuments,23,6,1,23,23,True,0,"[1, 2, 3, 8, 13, 18, 23]","[""right"", ""right"", ""down"", ""down"", ""down"", ""down""]","[1.0, 1.0, 1.0, 1.0, 1.0, 1.0]",6,img023_d6_s01_g23_r0,6,0
GOMAA-Geo,/root/src/compare_baselines_bundle_20260505_v2/compare_baselines_bundle/gomaa_geo_official/gomaa_geo/checkpoint/formal_ppo_seed42_t480k/formal_ppo.pt,swissviewmonuments,24,4,4,24,24,True,0,"[4, 9, 14, 19, 24]","[""down"", ""down"", ""down"", ""down""]","[1.0, 1.0, 1.0, 1.0]",4,img024_d4_s04_g24_r0,4,0
GOMAA-Geo,/root/src/compare_baselines_bundle_20260505_v2/compare_baselines_bundle/gomaa_geo_official/gomaa_geo/checkpoint/formal_ppo_seed42_t480k/formal_ppo.pt,swissviewmonuments,24,6,2,24,24,True,0,"[2, 1, 0, 5, 10, 15, 20, 21, 22, 23, 24]","[""left"", ""left"", ""down"", ""down"", ""down"", ""down"", ""right"", ""right"", ""right"", ""right""]","[-1.0, -1.0, 1.0, 1.0, 1.0, 1.0, 1.0, 1.0, 1.0, 1.0]",10,img024_d6_s02_g24_r0,6,4
GOMAA-Geo,/root/src/compare_baselines_bundle_20260505_v2/compare_baselines_bundle/gomaa_geo_official/gomaa_geo/checkpoint/formal_ppo_seed42_t480k/formal_ppo.pt,swissviewmonuments,24,8,0,24,14,False,2,"[0, 5, 10, 15, 16, 17, 18, 19, 14, 19, 14]","[""down"", ""down"", ""down"", ""right"", ""right"", ""right"", ""right"", ""up"", ""down"", ""up""]","[1.0, 1.0, 1.0, 1.0, 1.0, 1.0, 1.0, -1.0, 1.0, -1.0]",10,img024_d8_s00_g24_r0,8,2
GOMAA-Geo,/root/src/compare_baselines_bundle_20260505_v2/compare_baselines_bundle/gomaa_geo_official/gomaa_geo/checkpoint/formal_ppo_seed42_t480k/formal_ppo.pt,swissviewmonuments,25,4,12,0,0,True,0,"[12, 7, 6, 1, 0]","[""up"", ""left"", ""up"", ""left""]","[1.0, 1.0, 1.0, 1.0]",4,img025_d4_s12_g00_r0,4,0
GOMAA-Geo,/root/src/compare_baselines_bundle_20260505_v2/compare_baselines_bundle/gomaa_geo_official/gomaa_geo/checkpoint/formal_ppo_seed42_t480k/formal_ppo.pt,swissviewmonuments,25,6,14,0,0,True,0,"[14, 9, 8, 7, 6, 1, 0]","[""up"", ""left"", ""left"", ""left"", ""up"", ""left""]","[1.0, 1.0, 1.0, 1.0, 1.0, 1.0]",6,img025_d6_s14_g00_r0,6,0
GOMAA-Geo,/root/src/compare_baselines_bundle_20260505_v2/compare_baselines_bundle/gomaa_geo_official/gomaa_geo/checkpoint/formal_ppo_seed42_t480k/formal_ppo.pt,swissviewmonuments,25,8,24,0,0,True,0,"[24, 19, 14, 9, 8, 7, 6, 5, 0]","[""up"", ""up"", ""up"", ""left"", ""left"", ""left"", ""left"", ""up""]","[1.0, 1.0, 1.0, 1.0, 1.0, 1.0, 1.0, 1.0]",8,img025_d8_s24_g00_r0,8,0
GOMAA-Geo,/root/src/compare_baselines_bundle_20260505_v2/compare_baselines_bundle/gomaa_geo_official/gomaa_geo/checkpoint/formal_ppo_seed42_t480k/formal_ppo.pt,swissviewmonuments,26,4,15,1,1,True,0,"[15, 10, 5, 0, 1]","[""up"", ""up"", ""up"", ""right""]","[1.0, 1.0, 1.0, 1.0]",4,img026_d4_s15_g01_r0,4,0
GOMAA-Geo,/root/src/compare_baselines_bundle_20260505_v2/compare_baselines_bundle/gomaa_geo_official/gomaa_geo/checkpoint/formal_ppo_seed42_t480k/formal_ppo.pt,swissviewmonuments,26,6,19,1,1,True,0,"[19, 14, 9, 8, 3, 2, 1]","[""up"", ""up"", ""left"", ""up"", ""left"", ""left""]","[1.0, 1.0, 1.0, 1.0, 1.0, 1.0]",6,img026_d6_s19_g01_r0,6,0
GOMAA-Geo,/root/src/compare_baselines_bundle_20260505_v2/compare_baselines_bundle/gomaa_geo_official/gomaa_geo/checkpoint/formal_ppo_seed42_t480k/formal_ppo.pt,swissviewmonuments,27,4,10,2,2,True,0,"[10, 5, 0, 1, 2]","[""up"", ""up"", ""right"", ""right""]","[1.0, 1.0, 1.0, 1.0]",4,img027_d4_s10_g02_r0,4,0
GOMAA-Geo,/root/src/compare_baselines_bundle_20260505_v2/compare_baselines_bundle/gomaa_geo_official/gomaa_geo/checkpoint/formal_ppo_seed42_t480k/formal_ppo.pt,swissviewmonuments,27,6,20,2,2,True,0,"[20, 15, 10, 5, 0, 1, 2]","[""up"", ""up"", ""up"", ""up"", ""right"", ""right""]","[1.0, 1.0, 1.0, 1.0, 1.0, 1.0]",6,img027_d6_s20_g02_r0,6,0
GOMAA-Geo,/root/src/compare_baselines_bundle_20260505_v2/compare_baselines_bundle/gomaa_geo_official/gomaa_geo/checkpoint/formal_ppo_seed42_t480k/formal_ppo.pt,swissviewmonuments,28,4,11,3,3,True,0,"[11, 6, 7, 8, 3]","[""up"", ""right"", ""right"", ""up""]","[1.0, 1.0, 1.0, 1.0]",4,img028_d4_s11_g03_r0,4,0
GOMAA-Geo,/root/src/compare_baselines_bundle_20260505_v2/compare_baselines_bundle/gomaa_geo_official/gomaa_geo/checkpoint/formal_ppo_seed42_t480k/formal_ppo.pt,swissviewmonuments,28,6,15,3,3,True,0,"[15, 10, 5, 0, 1, 2, 3]","[""up"", ""up"", ""up"", ""right"", ""right"", ""right""]","[1.0, 1.0, 1.0, 1.0, 1.0, 1.0]",6,img028_d6_s15_g03_r0,6,0
GOMAA-Geo,/root/src/compare_baselines_bundle_20260505_v2/compare_baselines_bundle/gomaa_geo_official/gomaa_geo/checkpoint/formal_ppo_seed42_t480k/formal_ppo.pt,swissviewmonuments,29,4,24,4,4,True,0,"[24, 19, 14, 9, 4]","[""up"", ""up"", ""up"", ""up""]","[1.0, 1.0, 1.0, 1.0]",4,img029_d4_s24_g04_r0,4,0
GOMAA-Geo,/root/src/compare_baselines_bundle_20260505_v2/compare_baselines_bundle/gomaa_geo_official/gomaa_geo/checkpoint/formal_ppo_seed42_t480k/formal_ppo.pt,swissviewmonuments,29,6,22,4,2,False,2,"[22, 21, 16, 11, 6, 1, 2, 3, 2, 1, 2]","[""left"", ""up"", ""up"", ""up"", ""up"", ""right"", ""right"", ""left"", ""left"", ""right""]","[-1.0, 1.0, 1.0, 1.0, 1.0, 1.0, 1.0, -1.0, -1.0, 1.0]",10,img029_d6_s22_g04_r0,6,4
GOMAA-Geo,/root/src/compare_baselines_bundle_20260505_v2/compare_baselines_bundle/gomaa_geo_official/gomaa_geo/checkpoint/formal_ppo_seed42_t480k/formal_ppo.pt,swissviewmonuments,29,8,20,4,2,False,2,"[20, 15, 10, 5, 0, 1, 2, 3, 2, 1, 2]","[""up"", ""up"", ""up"", ""up"", ""right"", ""right"", ""right"", ""left"", ""left"", ""right""]","[1.0, 1.0, 1.0, 1.0, 1.0, 1.0, 1.0, -1.0, -1.0, 1.0]",10,img029_d8_s20_g04_r0,8,2
GOMAA-Geo,/root/src/compare_baselines_bundle_20260505_v2/compare_baselines_bundle/gomaa_geo_official/gomaa_geo/checkpoint/formal_ppo_seed42_t480k/formal_ppo.pt,swissviewmonuments,30,4,17,5,5,True,0,"[17, 12, 7, 6, 5]","[""up"", ""up"", ""left"", ""left""]","[1.0, 1.0, 1.0, 1.0]",4,img030_d4_s17_g05_r0,4,0
GOMAA-Geo,/root/src/compare_baselines_bundle_20260505_v2/compare_baselines_bundle/gomaa_geo_official/gomaa_geo/checkpoint/formal_ppo_seed42_t480k/formal_ppo.pt,swissviewmonuments,30,6,19,5,5,True,0,"[19, 14, 9, 8, 7, 6, 5]","[""up"", ""up"", ""left"", ""left"", ""left"", ""left""]","[1.0, 1.0, 1.0, 1.0, 1.0, 1.0]",6,img030_d6_s19_g05_r0,6,0
GOMAA-Geo,/root/src/compare_baselines_bundle_20260505_v2/compare_baselines_bundle/gomaa_geo_official/gomaa_geo/checkpoint/formal_ppo_seed42_t480k/formal_ppo.pt,swissviewmonuments,31,4,20,6,0,False,2,"[20, 15, 10, 5, 0, 1, 0, 1, 0, 1, 0]","[""up"", ""up"", ""up"", ""up"", ""right"", ""left"", ""right"", ""left"", ""right"", ""left""]","[1.0, 1.0, 1.0, -1.0, 1.0, -1.0, 1.0, -1.0, 1.0, -1.0]",10,img031_d4_s20_g06_r0,4,6
GOMAA-Geo,/root/src/compare_baselines_bundle_20260505_v2/compare_baselines_bundle/gomaa_geo_official/gomaa_geo/checkpoint/formal_ppo_seed42_t480k/formal_ppo.pt,swissviewmonuments,31,6,24,6,0,False,2,"[24, 23, 22, 21, 20, 15, 10, 5, 0, 1, 0]","[""left"", ""left"", ""left"", ""left"", ""up"", ""up"", ""up"", ""up"", ""right"", ""left""]","[1.0, 1.0, 1.0, -1.0, 1.0, 1.0, 1.0, -1.0, 1.0, -1.0]",10,img031_d6_s24_g06_r0,6,4
GOMAA-Geo,/root/src/compare_baselines_bundle_20260505_v2/compare_baselines_bundle/gomaa_geo_official/gomaa_geo/checkpoint/formal_ppo_seed42_t480k/formal_ppo.pt,swissviewmonuments,32,4,23,7,5,False,2,"[23, 22, 21, 16, 11, 6, 1, 0, 5, 0, 5]","[""left"", ""left"", ""up"", ""up"", ""up"", ""up"", ""left"", ""down"", ""up"", ""down""]","[1.0, -1.0, 1.0, 1.0, 1.0, -1.0, -1.0, 1.0, -1.0, 1.0]",10,img032_d4_s23_g07_r0,4,6
GOMAA-Geo,/root/src/compare_baselines_bundle_20260505_v2/compare_baselines_bundle/gomaa_geo_official/gomaa_geo/checkpoint/formal_ppo_seed42_t480k/formal_ppo.pt,swissviewmonuments,33,4,0,8,22,False,4,"[0, 5, 10, 15, 20, 21, 22, 23, 22, 23, 22]","[""down"", ""down"", ""down"", ""down"", ""right"", ""right"", ""right"", ""left"", ""right"", ""left""]","[1.0, -1.0, -1.0, -1.0, 1.0, 1.0, 1.0, -1.0, 1.0, -1.0]",10,img033_d4_s00_g08_r0,4,6
GOMAA-Geo,/root/src/compare_baselines_bundle_20260505_v2/compare_baselines_bundle/gomaa_geo_official/gomaa_geo/checkpoint/formal_ppo_seed42_t480k/formal_ppo.pt,swissviewmonuments,33,6,20,8,0,False,4,"[20, 15, 10, 5, 0, 1, 0, 1, 0, 5, 0]","[""up"", ""up"", ""up"", ""up"", ""right"", ""left"", ""right"", ""left"", ""down"", ""up""]","[1.0, 1.0, 1.0, -1.0, 1.0, -1.0, 1.0, -1.0, 1.0, -1.0]",10,img033_d6_s20_g08_r0,6,4
GOMAA-Geo,/root/src/compare_baselines_bundle_20260505_v2/compare_baselines_bundle/gomaa_geo_official/gomaa_geo/checkpoint/formal_ppo_seed42_t480k/formal_ppo.pt,swissviewmonuments,34,4,23,9,5,False,4,"[23, 22, 21, 20, 15, 10, 5, 0, 5, 0, 5]","[""left"", ""left"", ""left"", ""up"", ""up"", ""up"", ""up"", ""down"", ""up"", ""down""]","[-1.0, -1.0, -1.0, 1.0, 1.0, 1.0, -1.0, 1.0, -1.0, 1.0]",10,img034_d4_s23_g09_r0,4,6
GOMAA-Geo,/root/src/compare_baselines_bundle_20260505_v2/compare_baselines_bundle/gomaa_geo_official/gomaa_geo/checkpoint/formal_ppo_seed42_t480k/formal_ppo.pt,swissviewmonuments,34,6,15,9,5,False,4,"[15, 10, 5, 0, 1, 0, 1, 0, 1, 0, 5]","[""up"", ""up"", ""up"", ""right"", ""left"", ""right"", ""left"", ""right"", ""left"", ""down""]","[1.0, 1.0, -1.0, 1.0, -1.0, 1.0, -1.0, 1.0, -1.0, 1.0]",10,img034_d6_s15_g09_r0,6,4
GOMAA-Geo,/root/src/compare_baselines_bundle_20260505_v2/compare_baselines_bundle/gomaa_geo_official/gomaa_geo/checkpoint/formal_ppo_seed42_t480k/formal_ppo.pt,swissviewmonuments,35,4,2,10,24,False,6,"[2, 3, 4, 9, 14, 19, 24, 23, 24, 23, 24]","[""right"", ""right"", ""down"", ""down"", ""down"", ""down"", ""left"", ""right"", ""left"", ""right""]","[-1.0, -1.0, 1.0, 1.0, -1.0, -1.0, 1.0, -1.0, 1.0, -1.0]",10,img035_d4_s02_g10_r0,4,6
GOMAA-Geo,/root/src/compare_baselines_bundle_20260505_v2/compare_baselines_bundle/gomaa_geo_official/gomaa_geo/checkpoint/formal_ppo_seed42_t480k/formal_ppo.pt,swissviewmonuments,35,6,4,10,16,False,2,"[4, 9, 14, 19, 18, 17, 16, 17, 16, 17, 16]","[""down"", ""down"", ""down"", ""left"", ""left"", ""left"", ""right"", ""left"", ""right"", ""left""]","[1.0, 1.0, -1.0, 1.0, 1.0, 1.0, -1.0, 1.0, -1.0, 1.0]",10,img035_d6_s04_g10_r0,6,4
GOMAA-Geo,/root/src/compare_baselines_bundle_20260505_v2/compare_baselines_bundle/gomaa_geo_official/gomaa_geo/checkpoint/formal_ppo_seed42_t480k/formal_ppo.pt,swissviewmonuments,36,4,19,11,5,False,2,"[19, 14, 9, 8, 7, 6, 5, 0, 5, 0, 5]","[""up"", ""up"", ""left"", ""left"", ""left"", ""left"", ""up"", ""down"", ""up"", ""down""]","[1.0, -1.0, 1.0, 1.0, 1.0, -1.0, -1.0, 1.0, -1.0, 1.0]",10,img036_d4_s19_g11_r0,4,6
GOMAA-Geo,/root/src/compare_baselines_bundle_20260505_v2/compare_baselines_bundle/gomaa_geo_official/gomaa_geo/checkpoint/formal_ppo_seed42_t480k/formal_ppo.pt,swissviewmonuments,37,4,24,12,0,False,4,"[24, 19, 14, 9, 4, 3, 2, 1, 0, 5, 0]","[""up"", ""up"", ""up"", ""up"", ""left"", ""left"", ""left"", ""left"", ""down"", ""up""]","[1.0, 1.0, -1.0, -1.0, 1.0, 1.0, -1.0, -1.0, 1.0, -1.0]",10,img037_d4_s24_g12_r0,4,6
GOMAA-Geo,/root/src/compare_baselines_bundle_20260505_v2/compare_baselines_bundle/gomaa_geo_official/gomaa_geo/checkpoint/formal_ppo_seed42_t480k/formal_ppo.pt,swissviewmonuments,38,4,5,13,9,False,2,"[5, 0, 1, 2, 3, 4, 9, 4, 9, 4, 9]","[""up"", ""right"", ""right"", ""right"", ""right"", ""down"", ""up"", ""down"", ""up"", ""down""]","[-1.0, 1.0, 1.0, 1.0, -1.0, 1.0, -1.0, 1.0, -1.0, 1.0]",10,img038_d4_s05_g13_r0,4,6
GOMAA-Geo,/root/src/compare_baselines_bundle_20260505_v2/compare_baselines_bundle/gomaa_geo_official/gomaa_geo/checkpoint/formal_ppo_seed42_t480k/formal_ppo.pt,swissviewmonuments,39,4,6,14,4,False,2,"[6, 1, 2, 3, 4, 9, 4, 9, 4, 3, 4]","[""up"", ""right"", ""right"", ""right"", ""down"", ""up"", ""down"", ""up"", ""left"", ""right""]","[-1.0, 1.0, 1.0, 1.0, 1.0, -1.0, 1.0, -1.0, -1.0, 1.0]",10,img039_d4_s06_g14_r0,4,6
GOMAA-Geo,/root/src/compare_baselines_bundle_20260505_v2/compare_baselines_bundle/gomaa_geo_official/gomaa_geo/checkpoint/formal_ppo_seed42_t480k/formal_ppo.pt,swissviewmonuments,39,6,20,14,4,False,2,"[20, 15, 10, 5, 0, 1, 2, 3, 4, 3, 4]","[""up"", ""up"", ""up"", ""up"", ""right"", ""right"", ""right"", ""right"", ""left"", ""right""]","[1.0, 1.0, -1.0, -1.0, 1.0, 1.0, 1.0, 1.0, -1.0, 1.0]",10,img039_d6_s20_g14_r0,6,4
GOMAA-Geo,/root/src/compare_baselines_bundle_20260505_v2/compare_baselines_bundle/gomaa_geo_official/gomaa_geo/checkpoint/formal_ppo_seed42_t480k/formal_ppo.pt,swissviewmonuments,40,4,23,15,5,False,2,"[23, 22, 21, 16, 11, 6, 1, 0, 5, 0, 5]","[""left"", ""left"", ""up"", ""up"", ""up"", ""up"", ""left"", ""down"", ""up"", ""down""]","[1.0, 1.0, 1.0, -1.0, -1.0, -1.0, 1.0, 1.0, -1.0, 1.0]",10,img040_d4_s23_g15_r0,4,6
GOMAA-Geo,/root/src/compare_baselines_bundle_20260505_v2/compare_baselines_bundle/gomaa_geo_official/gomaa_geo/checkpoint/formal_ppo_seed42_t480k/formal_ppo.pt,swissviewmonuments,40,6,9,15,15,True,0,"[9, 8, 7, 6, 11, 16, 15]","[""left"", ""left"", ""left"", ""down"", ""down"", ""left""]","[1.0, 1.0, 1.0, 1.0, 1.0, 1.0]",6,img040_d6_s09_g15_r0,6,0
GOMAA-Geo,/root/src/compare_baselines_bundle_20260505_v2/compare_baselines_bundle/gomaa_geo_official/gomaa_geo/checkpoint/formal_ppo_seed42_t480k/formal_ppo.pt,swissviewmonuments,41,4,14,16,0,False,4,"[14, 9, 8, 7, 6, 1, 0, 5, 0, 5, 0]","[""up"", ""left"", ""left"", ""left"", ""up"", ""left"", ""down"", ""up"", ""down"", ""up""]","[-1.0, 1.0, 1.0, 1.0, -1.0, -1.0, 1.0, -1.0, 1.0, -1.0]",10,img041_d4_s14_g16_r0,4,6
GOMAA-Geo,/root/src/compare_baselines_bundle_20260505_v2/compare_baselines_bundle/gomaa_geo_official/gomaa_geo/checkpoint/formal_ppo_seed42_t480k/formal_ppo.pt,swissviewmonuments,41,6,4,16,0,False,4,"[4, 3, 2, 1, 0, 5, 0, 5, 0, 5, 0]","[""left"", ""left"", ""left"", ""left"", ""down"", ""up"", ""down"", ""up"", ""down"", ""up""]","[1.0, 1.0, 1.0, -1.0, 1.0, -1.0, 1.0, -1.0, 1.0, -1.0]",10,img041_d6_s04_g16_r0,6,4
GOMAA-Geo,/root/src/compare_baselines_bundle_20260505_v2/compare_baselines_bundle/gomaa_geo_official/gomaa_geo/checkpoint/formal_ppo_seed42_t480k/formal_ppo.pt,swissviewmonuments,42,4,5,17,3,False,4,"[5, 0, 1, 2, 3, 4, 9, 4, 3, 2, 3]","[""up"", ""right"", ""right"", ""right"", ""right"", ""down"", ""up"", ""left"", ""left"", ""right""]","[-1.0, 1.0, 1.0, -1.0, -1.0, 1.0, -1.0, 1.0, 1.0, -1.0]",10,img042_d4_s05_g17_r0,4,6
GOMAA-Geo,/root/src/compare_baselines_bundle_20260505_v2/compare_baselines_bundle/gomaa_geo_official/gomaa_geo/checkpoint/formal_ppo_seed42_t480k/formal_ppo.pt,swissviewmonuments,43,4,4,18,0,False,6,"[4, 3, 2, 1, 0, 5, 0, 5, 0, 5, 0]","[""left"", ""left"", ""left"", ""left"", ""down"", ""up"", ""down"", ""up"", ""down"", ""up""]","[1.0, -1.0, -1.0, -1.0, 1.0, -1.0, 1.0, -1.0, 1.0, -1.0]",10,img043_d4_s04_g18_r0,4,6
GOMAA-Geo,/root/src/compare_baselines_bundle_20260505_v2/compare_baselines_bundle/gomaa_geo_official/gomaa_geo/checkpoint/formal_ppo_seed42_t480k/formal_ppo.pt,swissviewmonuments,43,6,0,18,24,False,2,"[0, 5, 10, 15, 20, 21, 22, 23, 24, 23, 24]","[""down"", ""down"", ""down"", ""down"", ""right"", ""right"", ""right"", ""right"", ""left"", ""right""]","[1.0, 1.0, 1.0, -1.0, 1.0, 1.0, 1.0, -1.0, 1.0, -1.0]",10,img043_d6_s00_g18_r0,6,4
GOMAA-Geo,/root/src/compare_baselines_bundle_20260505_v2/compare_baselines_bundle/gomaa_geo_official/gomaa_geo/checkpoint/formal_ppo_seed42_t480k/formal_ppo.pt,swissviewmonuments,44,4,7,19,1,False,6,"[7, 12, 11, 16, 15, 20, 15, 10, 5, 0, 1]","[""down"", ""left"", ""down"", ""left"", ""down"", ""up"", ""up"", ""up"", ""up"", ""right""]","[1.0, -1.0, 1.0, -1.0, -1.0, 1.0, -1.0, -1.0, -1.0, 1.0]",10,img044_d4_s07_g19_r0,4,6
GOMAA-Geo,/root/src/compare_baselines_bundle_20260505_v2/compare_baselines_bundle/gomaa_geo_official/gomaa_geo/checkpoint/formal_ppo_seed42_t480k/formal_ppo.pt,swissviewmonuments,44,6,1,19,3,False,4,"[1, 2, 3, 4, 9, 14, 9, 4, 9, 4, 3]","[""right"", ""right"", ""right"", ""down"", ""down"", ""up"", ""up"", ""down"", ""up"", ""left""]","[1.0, 1.0, 1.0, 1.0, 1.0, -1.0, -1.0, 1.0, -1.0, -1.0]",10,img044_d6_s01_g19_r0,6,4
GOMAA-Geo,/root/src/compare_baselines_bundle_20260505_v2/compare_baselines_bundle/gomaa_geo_official/gomaa_geo/checkpoint/formal_ppo_seed42_t480k/formal_ppo.pt,swissviewmonuments,45,4,6,20,2,False,6,"[6, 7, 8, 3, 4, 9, 4, 9, 4, 3, 2]","[""right"", ""right"", ""up"", ""right"", ""down"", ""up"", ""down"", ""up"", ""left"", ""left""]","[-1.0, -1.0, -1.0, -1.0, 1.0, -1.0, 1.0, -1.0, 1.0, 1.0]",10,img045_d4_s06_g20_r0,4,6
GOMAA-Geo,/root/src/compare_baselines_bundle_20260505_v2/compare_baselines_bundle/gomaa_geo_official/gomaa_geo/checkpoint/formal_ppo_seed42_t480k/formal_ppo.pt,swissviewmonuments,45,6,8,20,0,False,4,"[8, 7, 6, 1, 0, 5, 0, 5, 0, 5, 0]","[""left"", ""left"", ""up"", ""left"", ""down"", ""up"", ""down"", ""up"", ""down"", ""up""]","[1.0, 1.0, -1.0, 1.0, 1.0, -1.0, 1.0, -1.0, 1.0, -1.0]",10,img045_d6_s08_g20_r0,6,4
GOMAA-Geo,/root/src/compare_baselines_bundle_20260505_v2/compare_baselines_bundle/gomaa_geo_official/gomaa_geo/checkpoint/formal_ppo_seed42_t480k/formal_ppo.pt,swissviewmonuments,45,8,4,20,0,False,4,"[4, 3, 2, 1, 0, 5, 0, 5, 0, 5, 0]","[""left"", ""left"", ""left"", ""left"", ""down"", ""up"", ""down"", ""up"", ""down"", ""up""]","[1.0, 1.0, 1.0, 1.0, 1.0, -1.0, 1.0, -1.0, 1.0, -1.0]",10,img045_d8_s04_g20_r0,8,2
GOMAA-Geo,/root/src/compare_baselines_bundle_20260505_v2/compare_baselines_bundle/gomaa_geo_official/gomaa_geo/checkpoint/formal_ppo_seed42_t480k/formal_ppo.pt,swissviewmonuments,46,4,7,21,9,False,6,"[7, 12, 17, 18, 19, 14, 9, 14, 19, 14, 9]","[""down"", ""down"", ""right"", ""right"", ""up"", ""up"", ""down"", ""down"", ""up"", ""up""]","[1.0, 1.0, -1.0, -1.0, -1.0, -1.0, 1.0, 1.0, -1.0, -1.0]",10,img046_d4_s07_g21_r0,4,6
GOMAA-Geo,/root/src/compare_baselines_bundle_20260505_v2/compare_baselines_bundle/gomaa_geo_official/gomaa_geo/checkpoint/formal_ppo_seed42_t480k/formal_ppo.pt,swissviewmonuments,46,6,9,21,21,True,0,"[9, 14, 19, 24, 23, 22, 21]","[""down"", ""down"", ""down"", ""left"", ""left"", ""left""]","[1.0, 1.0, 1.0, 1.0, 1.0, 1.0]",6,img046_d6_s09_g21_r0,6,0
GOMAA-Geo,/root/src/compare_baselines_bundle_20260505_v2/compare_baselines_bundle/gomaa_geo_official/gomaa_geo/checkpoint/formal_ppo_seed42_t480k/formal_ppo.pt,swissviewmonuments,47,4,8,22,20,False,2,"[8, 7, 6, 11, 16, 15, 20, 15, 20, 21, 20]","[""left"", ""left"", ""down"", ""down"", ""left"", ""down"", ""up"", ""down"", ""right"", ""left""]","[1.0, -1.0, 1.0, 1.0, -1.0, 1.0, -1.0, 1.0, 1.0, -1.0]",10,img047_d4_s08_g22_r0,4,6
GOMAA-Geo,/root/src/compare_baselines_bundle_20260505_v2/compare_baselines_bundle/gomaa_geo_official/gomaa_geo/checkpoint/formal_ppo_seed42_t480k/formal_ppo.pt,swissviewmonuments,47,6,0,22,20,False,2,"[0, 5, 10, 15, 20, 21, 20, 21, 20, 21, 20]","[""down"", ""down"", ""down"", ""down"", ""right"", ""left"", ""right"", ""left"", ""right"", ""left""]","[1.0, 1.0, 1.0, 1.0, 1.0, -1.0, 1.0, -1.0, 1.0, -1.0]",10,img047_d6_s00_g22_r0,6,4
GOMAA-Geo,/root/src/compare_baselines_bundle_20260505_v2/compare_baselines_bundle/gomaa_geo_official/gomaa_geo/checkpoint/formal_ppo_seed42_t480k/formal_ppo.pt,swissviewmonuments,48,4,9,23,1,False,6,"[9, 14, 19, 18, 17, 16, 15, 10, 5, 0, 1]","[""down"", ""down"", ""left"", ""left"", ""left"", ""left"", ""up"", ""up"", ""up"", ""right""]","[1.0, 1.0, 1.0, -1.0, -1.0, -1.0, -1.0, -1.0, -1.0, 1.0]",10,img048_d4_s09_g23_r0,4,6
GOMAA-Geo,/root/src/compare_baselines_bundle_20260505_v2/compare_baselines_bundle/gomaa_geo_official/gomaa_geo/checkpoint/formal_ppo_seed42_t480k/formal_ppo.pt,swissviewmonuments,48,6,1,23,23,True,0,"[1, 2, 3, 8, 13, 18, 23]","[""right"", ""right"", ""down"", ""down"", ""down"", ""down""]","[1.0, 1.0, 1.0, 1.0, 1.0, 1.0]",6,img048_d6_s01_g23_r0,6,0
GOMAA-Geo,/root/src/compare_baselines_bundle_20260505_v2/compare_baselines_bundle/gomaa_geo_official/gomaa_geo/checkpoint/formal_ppo_seed42_t480k/formal_ppo.pt,swissviewmonuments,49,4,12,24,0,False,8,"[12, 7, 6, 1, 0, 5, 0, 5, 0, 5, 0]","[""up"", ""left"", ""up"", ""left"", ""down"", ""up"", ""down"", ""up"", ""down"", ""up""]","[-1.0, -1.0, -1.0, -1.0, 1.0, -1.0, 1.0, -1.0, 1.0, -1.0]",10,img049_d4_s12_g24_r0,4,6
GOMAA-Geo,/root/src/compare_baselines_bundle_20260505_v2/compare_baselines_bundle/gomaa_geo_official/gomaa_geo/checkpoint/formal_ppo_seed42_t480k/formal_ppo.pt,swissviewmonuments,49,6,6,24,22,False,2,"[6, 11, 16, 17, 16, 15, 20, 21, 22, 23, 22]","[""down"", ""down"", ""right"", ""left"", ""left"", ""down"", ""right"", ""right"", ""right"", ""left""]","[1.0, 1.0, 1.0, -1.0, -1.0, 1.0, 1.0, 1.0, 1.0, -1.0]",10,img049_d6_s06_g24_r0,6,4
GOMAA-Geo,/root/src/compare_baselines_bundle_20260505_v2/compare_baselines_bundle/gomaa_geo_official/gomaa_geo/checkpoint/formal_ppo_seed42_t480k/formal_ppo.pt,swissviewmonuments,49,8,0,24,22,False,2,"[0, 5, 10, 15, 20, 21, 22, 21, 22, 21, 22]","[""down"", ""down"", ""down"", ""down"", ""right"", ""right"", ""left"", ""right"", ""left"", ""right""]","[1.0, 1.0, 1.0, 1.0, 1.0, 1.0, -1.0, 1.0, -1.0, 1.0]",10,img049_d8_s00_g24_r0,8,2
GOMAA-Geo,/root/src/compare_baselines_bundle_20260505_v2/compare_baselines_bundle/gomaa_geo_official/gomaa_geo/checkpoint/formal_ppo_seed42_t480k/formal_ppo.pt,swissviewmonuments,50,4,16,0,0,True,0,"[16, 11, 6, 5, 0]","[""up"", ""up"", ""left"", ""up""]","[1.0, 1.0, 1.0, 1.0]",4,img050_d4_s16_g00_r0,4,0
GOMAA-Geo,/root/src/compare_baselines_bundle_20260505_v2/compare_baselines_bundle/gomaa_geo_official/gomaa_geo/checkpoint/formal_ppo_seed42_t480k/formal_ppo.pt,swissviewmonuments,50,6,14,0,0,True,0,"[14, 9, 8, 7, 6, 1, 0]","[""up"", ""left"", ""left"", ""left"", ""up"", ""left""]","[1.0, 1.0, 1.0, 1.0, 1.0, 1.0]",6,img050_d6_s14_g00_r0,6,0
GOMAA-Geo,/root/src/compare_baselines_bundle_20260505_v2/compare_baselines_bundle/gomaa_geo_official/gomaa_geo/checkpoint/formal_ppo_seed42_t480k/formal_ppo.pt,swissviewmonuments,50,8,24,0,0,True,0,"[24, 23, 22, 21, 16, 11, 6, 1, 0]","[""left"", ""left"", ""left"", ""up"", ""up"", ""up"", ""up"", ""left""]","[1.0, 1.0, 1.0, 1.0, 1.0, 1.0, 1.0, 1.0]",8,img050_d8_s24_g00_r0,8,0
GOMAA-Geo,/root/src/compare_baselines_bundle_20260505_v2/compare_baselines_bundle/gomaa_geo_official/gomaa_geo/checkpoint/formal_ppo_seed42_t480k/formal_ppo.pt,swissviewmonuments,51,4,17,1,1,True,0,"[17, 12, 7, 6, 1]","[""up"", ""up"", ""left"", ""up""]","[1.0, 1.0, 1.0, 1.0]",4,img051_d4_s17_g01_r0,4,0
GOMAA-Geo,/root/src/compare_baselines_bundle_20260505_v2/compare_baselines_bundle/gomaa_geo_official/gomaa_geo/checkpoint/formal_ppo_seed42_t480k/formal_ppo.pt,swissviewmonuments,51,6,19,1,1,True,0,"[19, 14, 9, 4, 3, 2, 1]","[""up"", ""up"", ""up"", ""left"", ""left"", ""left""]","[1.0, 1.0, 1.0, 1.0, 1.0, 1.0]",6,img051_d6_s19_g01_r0,6,0
GOMAA-Geo,/root/src/compare_baselines_bundle_20260505_v2/compare_baselines_bundle/gomaa_geo_official/gomaa_geo/checkpoint/formal_ppo_seed42_t480k/formal_ppo.pt,swissviewmonuments,52,4,14,2,0,False,2,"[14, 9, 8, 7, 6, 1, 0, 5, 0, 5, 0]","[""up"", ""left"", ""left"", ""left"", ""up"", ""left"", ""down"", ""up"", ""down"", ""up""]","[1.0, 1.0, 1.0, -1.0, 1.0, -1.0, -1.0, 1.0, -1.0, 1.0]",10,img052_d4_s14_g02_r0,4,6
GOMAA-Geo,/root/src/compare_baselines_bundle_20260505_v2/compare_baselines_bundle/gomaa_geo_official/gomaa_geo/checkpoint/formal_ppo_seed42_t480k/formal_ppo.pt,swissviewmonuments,52,6,24,2,0,False,2,"[24, 23, 22, 21, 20, 15, 10, 5, 0, 5, 0]","[""left"", ""left"", ""left"", ""left"", ""up"", ""up"", ""up"", ""up"", ""down"", ""up""]","[1.0, 1.0, -1.0, -1.0, 1.0, 1.0, 1.0, 1.0, -1.0, 1.0]",10,img052_d6_s24_g02_r0,6,4
GOMAA-Geo,/root/src/compare_baselines_bundle_20260505_v2/compare_baselines_bundle/gomaa_geo_official/gomaa_geo/checkpoint/formal_ppo_seed42_t480k/formal_ppo.pt,swissviewmonuments,53,4,23,3,1,False,2,"[23, 22, 21, 20, 15, 10, 5, 0, 5, 0, 1]","[""left"", ""left"", ""left"", ""up"", ""up"", ""up"", ""up"", ""down"", ""up"", ""right""]","[-1.0, -1.0, -1.0, 1.0, 1.0, 1.0, 1.0, -1.0, 1.0, 1.0]",10,img053_d4_s23_g03_r0,4,6
GOMAA-Geo,/root/src/compare_baselines_bundle_20260505_v2/compare_baselines_bundle/gomaa_geo_official/gomaa_geo/checkpoint/formal_ppo_seed42_t480k/formal_ppo.pt,swissviewmonuments,53,6,15,3,3,True,0,"[15, 10, 5, 0, 1, 2, 3]","[""up"", ""up"", ""up"", ""right"", ""right"", ""right""]","[1.0, 1.0, 1.0, 1.0, 1.0, 1.0]",6,img053_d6_s15_g03_r0,6,0
GOMAA-Geo,/root/src/compare_baselines_bundle_20260505_v2/compare_baselines_bundle/gomaa_geo_official/gomaa_geo/checkpoint/formal_ppo_seed42_t480k/formal_ppo.pt,swissviewmonuments,54,4,12,4,0,False,4,"[12, 7, 6, 1, 0, 1, 0, 5, 0, 5, 0]","[""up"", ""left"", ""up"", ""left"", ""right"", ""left"", ""down"", ""up"", ""down"", ""up""]","[1.0, -1.0, 1.0, -1.0, 1.0, -1.0, -1.0, 1.0, -1.0, 1.0]",10,img054_d4_s12_g04_r0,4,6
GOMAA-Geo,/root/src/compare_baselines_bundle_20260505_v2/compare_baselines_bundle/gomaa_geo_official/gomaa_geo/checkpoint/formal_ppo_seed42_t480k/formal_ppo.pt,swissviewmonuments,54,6,10,4,4,True,0,"[10, 5, 0, 1, 2, 3, 4]","[""up"", ""up"", ""right"", ""right"", ""right"", ""right""]","[1.0, 1.0, 1.0, 1.0, 1.0, 1.0]",6,img054_d6_s10_g04_r0,6,0
GOMAA-Geo,/root/src/compare_baselines_bundle_20260505_v2/compare_baselines_bundle/gomaa_geo_official/gomaa_geo/checkpoint/formal_ppo_seed42_t480k/formal_ppo.pt,swissviewmonuments,54,8,20,4,4,True,0,"[20, 15, 10, 5, 0, 1, 2, 3, 4]","[""up"", ""up"", ""up"", ""up"", ""right"", ""right"", ""right"", ""right""]","[1.0, 1.0, 1.0, 1.0, 1.0, 1.0, 1.0, 1.0]",8,img054_d8_s20_g04_r0,8,0
GOMAA-Geo,/root/src/compare_baselines_bundle_20260505_v2/compare_baselines_bundle/gomaa_geo_official/gomaa_geo/checkpoint/formal_ppo_seed42_t480k/formal_ppo.pt,swissviewmonuments,55,4,21,5,3,False,4,"[21, 22, 23, 24, 19, 14, 9, 4, 3, 4, 3]","[""right"", ""right"", ""right"", ""up"", ""up"", ""up"", ""up"", ""left"", ""right"", ""left""]","[-1.0, -1.0, -1.0, 1.0, 1.0, 1.0, -1.0, 1.0, -1.0, 1.0]",10,img055_d4_s21_g05_r0,4,6
GOMAA-Geo,/root/src/compare_baselines_bundle_20260505_v2/compare_baselines_bundle/gomaa_geo_official/gomaa_geo/checkpoint/formal_ppo_seed42_t480k/formal_ppo.pt,swissviewmonuments,55,6,19,5,5,True,0,"[19, 14, 9, 8, 7, 6, 1, 0, 5]","[""up"", ""up"", ""left"", ""left"", ""left"", ""up"", ""left"", ""down""]","[1.0, 1.0, 1.0, 1.0, 1.0, -1.0, 1.0, 1.0]",8,img055_d6_s19_g05_r0,6,2
GOMAA-Geo,/root/src/compare_baselines_bundle_20260505_v2/compare_baselines_bundle/gomaa_geo_official/gomaa_geo/checkpoint/formal_ppo_seed42_t480k/formal_ppo.pt,swissviewmonuments,56,4,14,6,0,False,2,"[14, 9, 4, 3, 2, 1, 0, 5, 0, 5, 0]","[""up"", ""up"", ""left"", ""left"", ""left"", ""left"", ""down"", ""up"", ""down"", ""up""]","[1.0, -1.0, 1.0, 1.0, 1.0, -1.0, 1.0, -1.0, 1.0, -1.0]",10,img056_d4_s14_g06_r0,4,6
GOMAA-Geo,/root/src/compare_baselines_bundle_20260505_v2/compare_baselines_bundle/gomaa_geo_official/gomaa_geo/checkpoint/formal_ppo_seed42_t480k/formal_ppo.pt,swissviewmonuments,56,6,24,6,0,False,2,"[24, 23, 22, 21, 20, 15, 10, 5, 0, 5, 0]","[""left"", ""left"", ""left"", ""left"", ""up"", ""up"", ""up"", ""up"", ""down"", ""up""]","[1.0, 1.0, 1.0, -1.0, 1.0, 1.0, 1.0, -1.0, 1.0, -1.0]",10,img056_d6_s24_g06_r0,6,4
GOMAA-Geo,/root/src/compare_baselines_bundle_20260505_v2/compare_baselines_bundle/gomaa_geo_official/gomaa_geo/checkpoint/formal_ppo_seed42_t480k/formal_ppo.pt,swissviewmonuments,57,4,21,7,3,False,2,"[21, 22, 23, 18, 13, 8, 3, 2, 3, 2, 3]","[""right"", ""right"", ""up"", ""up"", ""up"", ""up"", ""left"", ""right"", ""left"", ""right""]","[1.0, -1.0, 1.0, 1.0, 1.0, -1.0, 1.0, -1.0, 1.0, -1.0]",10,img057_d4_s21_g07_r0,4,6
GOMAA-Geo,/root/src/compare_baselines_bundle_20260505_v2/compare_baselines_bundle/gomaa_geo_official/gomaa_geo/checkpoint/formal_ppo_seed42_t480k/formal_ppo.pt,swissviewmonuments,58,4,16,8,8,True,0,"[16, 11, 6, 7, 8]","[""up"", ""up"", ""right"", ""right""]","[1.0, 1.0, 1.0, 1.0]",4,img058_d4_s16_g08_r0,4,0
GOMAA-Geo,/root/src/compare_baselines_bundle_20260505_v2/compare_baselines_bundle/gomaa_geo_official/gomaa_geo/checkpoint/formal_ppo_seed42_t480k/formal_ppo.pt,swissviewmonuments,58,6,20,8,4,False,2,"[20, 21, 22, 23, 24, 19, 14, 9, 4, 3, 4]","[""right"", ""right"", ""right"", ""right"", ""up"", ""up"", ""up"", ""up"", ""left"", ""right""]","[1.0, 1.0, 1.0, -1.0, 1.0, 1.0, 1.0, -1.0, 1.0, -1.0]",10,img058_d6_s20_g08_r0,6,4
GOMAA-Geo,/root/src/compare_baselines_bundle_20260505_v2/compare_baselines_bundle/gomaa_geo_official/gomaa_geo/checkpoint/formal_ppo_seed42_t480k/formal_ppo.pt,swissviewmonuments,59,4,5,9,23,False,4,"[5, 10, 15, 16, 17, 18, 19, 24, 23, 24, 23]","[""down"", ""down"", ""right"", ""right"", ""right"", ""right"", ""down"", ""left"", ""right"", ""left""]","[-1.0, -1.0, 1.0, 1.0, 1.0, 1.0, -1.0, -1.0, 1.0, -1.0]",10,img059_d4_s05_g09_r0,4,6
GOMAA-Geo,/root/src/compare_baselines_bundle_20260505_v2/compare_baselines_bundle/gomaa_geo_official/gomaa_geo/checkpoint/formal_ppo_seed42_t480k/formal_ppo.pt,swissviewmonuments,59,6,15,9,3,False,2,"[15, 10, 5, 0, 1, 0, 1, 0, 1, 2, 3]","[""up"", ""up"", ""up"", ""right"", ""left"", ""right"", ""left"", ""right"", ""right"", ""right""]","[1.0, 1.0, -1.0, 1.0, -1.0, 1.0, -1.0, 1.0, 1.0, 1.0]",10,img059_d6_s15_g09_r0,6,4
GOMAA-Geo,/root/src/compare_baselines_bundle_20260505_v2/compare_baselines_bundle/gomaa_geo_official/gomaa_geo/checkpoint/formal_ppo_seed42_t480k/formal_ppo.pt,swissviewmonuments,60,4,8,10,20,False,2,"[8, 7, 6, 11, 16, 15, 20, 21, 20, 21, 20]","[""left"", ""left"", ""down"", ""down"", ""left"", ""down"", ""right"", ""left"", ""right"", ""left""]","[1.0, 1.0, 1.0, -1.0, 1.0, -1.0, -1.0, 1.0, -1.0, 1.0]",10,img060_d4_s08_g10_r0,4,6
GOMAA-Geo,/root/src/compare_baselines_bundle_20260505_v2/compare_baselines_bundle/gomaa_geo_official/gomaa_geo/checkpoint/formal_ppo_seed42_t480k/formal_ppo.pt,swissviewmonuments,60,6,4,10,20,False,2,"[4, 3, 2, 1, 6, 11, 16, 15, 20, 21, 20]","[""left"", ""left"", ""left"", ""down"", ""down"", ""down"", ""left"", ""down"", ""right"", ""left""]","[1.0, 1.0, 1.0, 1.0, 1.0, -1.0, 1.0, -1.0, -1.0, 1.0]",10,img060_d6_s04_g10_r0,6,4
GOMAA-Geo,/root/src/compare_baselines_bundle_20260505_v2/compare_baselines_bundle/gomaa_geo_official/gomaa_geo/checkpoint/formal_ppo_seed42_t480k/formal_ppo.pt,swissviewmonuments,61,4,9,11,11,True,0,"[9, 14, 13, 12, 11]","[""down"", ""left"", ""left"", ""left""]","[1.0, 1.0, 1.0, 1.0]",4,img061_d4_s09_g11_r0,4,0
GOMAA-Geo,/root/src/compare_baselines_bundle_20260505_v2/compare_baselines_bundle/gomaa_geo_official/gomaa_geo/checkpoint/formal_ppo_seed42_t480k/formal_ppo.pt,swissviewmonuments,62,4,24,12,0,False,4,"[24, 23, 22, 21, 20, 15, 10, 5, 0, 1, 0]","[""left"", ""left"", ""left"", ""left"", ""up"", ""up"", ""up"", ""up"", ""right"", ""left""]","[1.0, 1.0, -1.0, -1.0, 1.0, 1.0, -1.0, -1.0, 1.0, -1.0]",10,img062_d4_s24_g12_r0,4,6
GOMAA-Geo,/root/src/compare_baselines_bundle_20260505_v2/compare_baselines_bundle/gomaa_geo_official/gomaa_geo/checkpoint/formal_ppo_seed42_t480k/formal_ppo.pt,swissviewmonuments,63,4,5,13,23,False,2,"[5, 10, 15, 20, 21, 22, 23, 24, 23, 22, 23]","[""down"", ""down"", ""down"", ""right"", ""right"", ""right"", ""right"", ""left"", ""left"", ""right""]","[1.0, -1.0, -1.0, 1.0, 1.0, 1.0, -1.0, 1.0, -1.0, 1.0]",10,img063_d4_s05_g13_r0,4,6
GOMAA-Geo,/root/src/compare_baselines_bundle_20260505_v2/compare_baselines_bundle/gomaa_geo_official/gomaa_geo/checkpoint/formal_ppo_seed42_t480k/formal_ppo.pt,swissviewmonuments,64,4,22,14,0,False,6,"[22, 21, 20, 15, 10, 5, 0, 1, 0, 1, 0]","[""left"", ""left"", ""up"", ""up"", ""up"", ""up"", ""right"", ""left"", ""right"", ""left""]","[-1.0, -1.0, 1.0, 1.0, -1.0, -1.0, 1.0, -1.0, 1.0, -1.0]",10,img064_d4_s22_g14_r0,4,6
GOMAA-Geo,/root/src/compare_baselines_bundle_20260505_v2/compare_baselines_bundle/gomaa_geo_official/gomaa_geo/checkpoint/formal_ppo_seed42_t480k/formal_ppo.pt,swissviewmonuments,64,6,0,14,22,False,4,"[0, 1, 2, 3, 8, 13, 18, 23, 22, 23, 22]","[""right"", ""right"", ""right"", ""down"", ""down"", ""down"", ""down"", ""left"", ""right"", ""left""]","[1.0, 1.0, 1.0, 1.0, 1.0, -1.0, -1.0, -1.0, 1.0, -1.0]",10,img064_d6_s00_g14_r0,6,4
GOMAA-Geo,/root/src/compare_baselines_bundle_20260505_v2/compare_baselines_bundle/gomaa_geo_official/gomaa_geo/checkpoint/formal_ppo_seed42_t480k/formal_ppo.pt,swissviewmonuments,65,4,19,15,1,False,4,"[19, 14, 9, 4, 3, 2, 1, 0, 5, 0, 1]","[""up"", ""up"", ""up"", ""left"", ""left"", ""left"", ""left"", ""down"", ""up"", ""right""]","[-1.0, -1.0, -1.0, 1.0, 1.0, 1.0, 1.0, 1.0, -1.0, -1.0]",10,img065_d4_s19_g15_r0,4,6
GOMAA-Geo,/root/src/compare_baselines_bundle_20260505_v2/compare_baselines_bundle/gomaa_geo_official/gomaa_geo/checkpoint/formal_ppo_seed42_t480k/formal_ppo.pt,swissviewmonuments,65,6,3,15,15,True,0,"[3, 2, 1, 0, 5, 10, 15]","[""left"", ""left"", ""left"", ""down"", ""down"", ""down""]","[1.0, 1.0, 1.0, 1.0, 1.0, 1.0]",6,img065_d6_s03_g15_r0,6,0
GOMAA-Geo,/root/src/compare_baselines_bundle_20260505_v2/compare_baselines_bundle/gomaa_geo_official/gomaa_geo/checkpoint/formal_ppo_seed42_t480k/formal_ppo.pt,swissviewmonuments,66,4,2,16,22,False,2,"[2, 1, 0, 5, 10, 15, 20, 21, 22, 21, 22]","[""left"", ""left"", ""down"", ""down"", ""down"", ""down"", ""right"", ""right"", ""left"", ""right""]","[1.0, -1.0, 1.0, 1.0, 1.0, -1.0, 1.0, -1.0, 1.0, -1.0]",10,img066_d4_s02_g16_r0,4,6
GOMAA-Geo,/root/src/compare_baselines_bundle_20260505_v2/compare_baselines_bundle/gomaa_geo_official/gomaa_geo/checkpoint/formal_ppo_seed42_t480k/formal_ppo.pt,swissviewmonuments,66,6,4,16,16,True,0,"[4, 3, 2, 1, 6, 11, 16]","[""left"", ""left"", ""left"", ""down"", ""down"", ""down""]","[1.0, 1.0, 1.0, 1.0, 1.0, 1.0]",6,img066_d6_s04_g16_r0,6,0
GOMAA-Geo,/root/src/compare_baselines_bundle_20260505_v2/compare_baselines_bundle/gomaa_geo_official/gomaa_geo/checkpoint/formal_ppo_seed42_t480k/formal_ppo.pt,swissviewmonuments,67,4,3,17,23,False,2,"[3, 2, 1, 6, 11, 16, 21, 20, 21, 22, 23]","[""left"", ""left"", ""down"", ""down"", ""down"", ""down"", ""left"", ""right"", ""right"", ""right""]","[1.0, -1.0, 1.0, 1.0, 1.0, -1.0, -1.0, 1.0, 1.0, -1.0]",10,img067_d4_s03_g17_r0,4,6
GOMAA-Geo,/root/src/compare_baselines_bundle_20260505_v2/compare_baselines_bundle/gomaa_geo_official/gomaa_geo/checkpoint/formal_ppo_seed42_t480k/formal_ppo.pt,swissviewmonuments,68,4,4,18,10,False,4,"[4, 3, 2, 1, 6, 11, 16, 15, 10, 15, 10]","[""left"", ""left"", ""left"", ""down"", ""down"", ""down"", ""left"", ""up"", ""down"", ""up""]","[1.0, -1.0, -1.0, 1.0, 1.0, 1.0, -1.0, -1.0, 1.0, -1.0]",10,img068_d4_s04_g18_r0,4,6
GOMAA-Geo,/root/src/compare_baselines_bundle_20260505_v2/compare_baselines_bundle/gomaa_geo_official/gomaa_geo/checkpoint/formal_ppo_seed42_t480k/formal_ppo.pt,swissviewmonuments,68,6,0,18,18,True,0,"[0, 5, 10, 15, 16, 17, 18]","[""down"", ""down"", ""down"", ""right"", ""right"", ""right""]","[1.0, 1.0, 1.0, 1.0, 1.0, 1.0]",6,img068_d6_s00_g18_r0,6,0
GOMAA-Geo,/root/src/compare_baselines_bundle_20260505_v2/compare_baselines_bundle/gomaa_geo_official/gomaa_geo/checkpoint/formal_ppo_seed42_t480k/formal_ppo.pt,swissviewmonuments,69,4,21,19,19,True,0,"[21, 22, 23, 24, 19]","[""right"", ""right"", ""right"", ""up""]","[1.0, 1.0, 1.0, 1.0]",4,img069_d4_s21_g19_r0,4,0
GOMAA-Geo,/root/src/compare_baselines_bundle_20260505_v2/compare_baselines_bundle/gomaa_geo_official/gomaa_geo/checkpoint/formal_ppo_seed42_t480k/formal_ppo.pt,swissviewmonuments,69,6,1,19,19,True,0,"[1, 2, 3, 4, 9, 14, 19]","[""right"", ""right"", ""right"", ""down"", ""down"", ""down""]","[1.0, 1.0, 1.0, 1.0, 1.0, 1.0]",6,img069_d6_s01_g19_r0,6,0
GOMAA-Geo,/root/src/compare_baselines_bundle_20260505_v2/compare_baselines_bundle/gomaa_geo_official/gomaa_geo/checkpoint/formal_ppo_seed42_t480k/formal_ppo.pt,swissviewmonuments,70,4,12,20,0,False,4,"[12, 11, 6, 5, 0, 1, 0, 5, 0, 1, 0]","[""left"", ""up"", ""left"", ""up"", ""right"", ""left"", ""down"", ""up"", ""right"", ""left""]","[1.0, -1.0, 1.0, -1.0, -1.0, 1.0, 1.0, -1.0, -1.0, 1.0]",10,img070_d4_s12_g20_r0,4,6
GOMAA-Geo,/root/src/compare_baselines_bundle_20260505_v2/compare_baselines_bundle/gomaa_geo_official/gomaa_geo/checkpoint/formal_ppo_seed42_t480k/formal_ppo.pt,swissviewmonuments,70,6,8,20,20,True,0,"[8, 7, 6, 11, 16, 15, 20]","[""left"", ""left"", ""down"", ""down"", ""left"", ""down""]","[1.0, 1.0, 1.0, 1.0, 1.0, 1.0]",6,img070_d6_s08_g20_r0,6,0
GOMAA-Geo,/root/src/compare_baselines_bundle_20260505_v2/compare_baselines_bundle/gomaa_geo_official/gomaa_geo/checkpoint/formal_ppo_seed42_t480k/formal_ppo.pt,swissviewmonuments,70,8,4,20,20,True,0,"[4, 3, 2, 1, 0, 5, 10, 15, 20]","[""left"", ""left"", ""left"", ""left"", ""down"", ""down"", ""down"", ""down""]","[1.0, 1.0, 1.0, 1.0, 1.0, 1.0, 1.0, 1.0]",8,img070_d8_s04_g20_r0,8,0
GOMAA-Geo,/root/src/compare_baselines_bundle_20260505_v2/compare_baselines_bundle/gomaa_geo_official/gomaa_geo/checkpoint/formal_ppo_seed42_t480k/formal_ppo.pt,swissviewmonuments,71,4,5,21,21,True,0,"[5, 10, 15, 20, 21]","[""down"", ""down"", ""down"", ""right""]","[1.0, 1.0, 1.0, 1.0]",4,img071_d4_s05_g21_r0,4,0
GOMAA-Geo,/root/src/compare_baselines_bundle_20260505_v2/compare_baselines_bundle/gomaa_geo_official/gomaa_geo/checkpoint/formal_ppo_seed42_t480k/formal_ppo.pt,swissviewmonuments,71,6,3,21,21,True,0,"[3, 2, 1, 0, 5, 10, 15, 20, 21]","[""left"", ""left"", ""left"", ""down"", ""down"", ""down"", ""down"", ""right""]","[1.0, 1.0, -1.0, 1.0, 1.0, 1.0, 1.0, 1.0]",8,img071_d6_s03_g21_r0,6,2
GOMAA-Geo,/root/src/compare_baselines_bundle_20260505_v2/compare_baselines_bundle/gomaa_geo_official/gomaa_geo/checkpoint/formal_ppo_seed42_t480k/formal_ppo.pt,swissviewmonuments,72,4,14,22,10,False,4,"[14, 9, 8, 7, 6, 1, 0, 5, 10, 5, 10]","[""up"", ""left"", ""left"", ""left"", ""up"", ""left"", ""down"", ""down"", ""up"", ""down""]","[-1.0, 1.0, 1.0, -1.0, -1.0, -1.0, 1.0, 1.0, -1.0, 1.0]",10,img072_d4_s14_g22_r0,4,6
GOMAA-Geo,/root/src/compare_baselines_bundle_20260505_v2/compare_baselines_bundle/gomaa_geo_official/gomaa_geo/checkpoint/formal_ppo_seed42_t480k/formal_ppo.pt,swissviewmonuments,72,6,0,22,24,False,2,"[0, 1, 2, 3, 4, 9, 14, 19, 24, 23, 24]","[""right"", ""right"", ""right"", ""right"", ""down"", ""down"", ""down"", ""down"", ""left"", ""right""]","[1.0, 1.0, -1.0, -1.0, 1.0, 1.0, 1.0, 1.0, 1.0, -1.0]",10,img072_d6_s00_g22_r0,6,4
GOMAA-Geo,/root/src/compare_baselines_bundle_20260505_v2/compare_baselines_bundle/gomaa_geo_official/gomaa_geo/checkpoint/formal_ppo_seed42_t480k/formal_ppo.pt,swissviewmonuments,73,4,3,23,15,False,4,"[3, 2, 1, 0, 5, 10, 15, 10, 15, 10, 15]","[""left"", ""left"", ""left"", ""down"", ""down"", ""down"", ""up"", ""down"", ""up"", ""down""]","[-1.0, -1.0, -1.0, 1.0, 1.0, 1.0, -1.0, 1.0, -1.0, 1.0]",10,img073_d4_s03_g23_r0,4,6
GOMAA-Geo,/root/src/compare_baselines_bundle_20260505_v2/compare_baselines_bundle/gomaa_geo_official/gomaa_geo/checkpoint/formal_ppo_seed42_t480k/formal_ppo.pt,swissviewmonuments,73,6,5,23,23,True,0,"[5, 10, 15, 16, 17, 18, 19, 24, 23]","[""down"", ""down"", ""right"", ""right"", ""right"", ""right"", ""down"", ""left""]","[1.0, 1.0, 1.0, 1.0, 1.0, -1.0, 1.0, 1.0]",8,img073_d6_s05_g23_r0,6,2
GOMAA-Geo,/root/src/compare_baselines_bundle_20260505_v2/compare_baselines_bundle/gomaa_geo_official/gomaa_geo/checkpoint/formal_ppo_seed42_t480k/formal_ppo.pt,swissviewmonuments,74,4,8,24,20,False,4,"[8, 3, 2, 1, 0, 5, 10, 15, 20, 21, 20]","[""up"", ""left"", ""left"", ""left"", ""down"", ""down"", ""down"", ""down"", ""right"", ""left""]","[-1.0, -1.0, -1.0, -1.0, 1.0, 1.0, 1.0, 1.0, 1.0, -1.0]",10,img074_d4_s08_g24_r0,4,6
GOMAA-Geo,/root/src/compare_baselines_bundle_20260505_v2/compare_baselines_bundle/gomaa_geo_official/gomaa_geo/checkpoint/formal_ppo_seed42_t480k/formal_ppo.pt,swissviewmonuments,74,6,10,24,18,False,2,"[10, 5, 0, 1, 2, 3, 4, 9, 14, 19, 18]","[""up"", ""up"", ""right"", ""right"", ""right"", ""right"", ""down"", ""down"", ""down"", ""left""]","[-1.0, -1.0, 1.0, 1.0, 1.0, 1.0, 1.0, 1.0, 1.0, -1.0]",10,img074_d6_s10_g24_r0,6,4
GOMAA-Geo,/root/src/compare_baselines_bundle_20260505_v2/compare_baselines_bundle/gomaa_geo_official/gomaa_geo/checkpoint/formal_ppo_seed42_t480k/formal_ppo.pt,swissviewmonuments,74,8,0,24,24,True,0,"[0, 1, 2, 3, 4, 9, 14, 19, 24]","[""right"", ""right"", ""right"", ""right"", ""down"", ""down"", ""down"", ""down""]","[1.0, 1.0, 1.0, 1.0, 1.0, 1.0, 1.0, 1.0]",8,img074_d8_s00_g24_r0,8,0
GOMAA-Geo,/root/src/compare_baselines_bundle_20260505_v2/compare_baselines_bundle/gomaa_geo_official/gomaa_geo/checkpoint/formal_ppo_seed42_t480k/formal_ppo.pt,swissviewmonuments,75,4,12,0,0,True,0,"[12, 7, 6, 5, 0]","[""up"", ""left"", ""left"", ""up""]","[1.0, 1.0, 1.0, 1.0]",4,img075_d4_s12_g00_r0,4,0
GOMAA-Geo,/root/src/compare_baselines_bundle_20260505_v2/compare_baselines_bundle/gomaa_geo_official/gomaa_geo/checkpoint/formal_ppo_seed42_t480k/formal_ppo.pt,swissviewmonuments,75,6,22,0,0,True,0,"[22, 21, 20, 15, 10, 5, 0]","[""left"", ""left"", ""up"", ""up"", ""up"", ""up""]","[1.0, 1.0, 1.0, 1.0, 1.0, 1.0]",6,img075_d6_s22_g00_r0,6,0
GOMAA-Geo,/root/src/compare_baselines_bundle_20260505_v2/compare_baselines_bundle/gomaa_geo_official/gomaa_geo/checkpoint/formal_ppo_seed42_t480k/formal_ppo.pt,swissviewmonuments,75,8,24,0,0,True,0,"[24, 19, 14, 9, 4, 3, 2, 1, 0]","[""up"", ""up"", ""up"", ""up"", ""left"", ""left"", ""left"", ""left""]","[1.0, 1.0, 1.0, 1.0, 1.0, 1.0, 1.0, 1.0]",8,img075_d8_s24_g00_r0,8,0
GOMAA-Geo,/root/src/compare_baselines_bundle_20260505_v2/compare_baselines_bundle/gomaa_geo_official/gomaa_geo/checkpoint/formal_ppo_seed42_t480k/formal_ppo.pt,swissviewmonuments,76,4,9,1,1,True,0,"[9, 14, 19, 18, 17, 16, 15, 10, 5, 0, 1]","[""down"", ""down"", ""left"", ""left"", ""left"", ""left"", ""up"", ""up"", ""up"", ""right""]","[-1.0, -1.0, 1.0, 1.0, 1.0, -1.0, 1.0, 1.0, 1.0, 1.0]",10,img076_d4_s09_g01_r0,4,6
GOMAA-Geo,/root/src/compare_baselines_bundle_20260505_v2/compare_baselines_bundle/gomaa_geo_official/gomaa_geo/checkpoint/formal_ppo_seed42_t480k/formal_ppo.pt,swissviewmonuments,76,6,23,1,1,True,0,"[23, 22, 21, 20, 15, 10, 5, 0, 1]","[""left"", ""left"", ""left"", ""up"", ""up"", ""up"", ""up"", ""right""]","[1.0, 1.0, -1.0, 1.0, 1.0, 1.0, 1.0, 1.0]",8,img076_d6_s23_g01_r0,6,2
GOMAA-Geo,/root/src/compare_baselines_bundle_20260505_v2/compare_baselines_bundle/gomaa_geo_official/gomaa_geo/checkpoint/formal_ppo_seed42_t480k/formal_ppo.pt,swissviewmonuments,77,4,22,2,0,False,2,"[22, 21, 20, 15, 10, 5, 0, 1, 0, 1, 0]","[""left"", ""left"", ""up"", ""up"", ""up"", ""up"", ""right"", ""left"", ""right"", ""left""]","[-1.0, -1.0, 1.0, 1.0, 1.0, 1.0, 1.0, -1.0, 1.0, -1.0]",10,img077_d4_s22_g02_r0,4,6
GOMAA-Geo,/root/src/compare_baselines_bundle_20260505_v2/compare_baselines_bundle/gomaa_geo_official/gomaa_geo/checkpoint/formal_ppo_seed42_t480k/formal_ppo.pt,swissviewmonuments,77,6,24,2,0,False,2,"[24, 23, 22, 21, 20, 15, 10, 5, 0, 1, 0]","[""left"", ""left"", ""left"", ""left"", ""up"", ""up"", ""up"", ""up"", ""right"", ""left""]","[1.0, 1.0, -1.0, -1.0, 1.0, 1.0, 1.0, 1.0, 1.0, -1.0]",10,img077_d6_s24_g02_r0,6,4
GOMAA-Geo,/root/src/compare_baselines_bundle_20260505_v2/compare_baselines_bundle/gomaa_geo_official/gomaa_geo/checkpoint/formal_ppo_seed42_t480k/formal_ppo.pt,swissviewmonuments,78,4,19,3,1,False,2,"[19, 14, 13, 8, 7, 6, 5, 0, 1, 0, 1]","[""up"", ""left"", ""up"", ""left"", ""left"", ""left"", ""up"", ""right"", ""left"", ""right""]","[1.0, 1.0, 1.0, -1.0, -1.0, -1.0, 1.0, 1.0, -1.0, 1.0]",10,img078_d4_s19_g03_r0,4,6
GOMAA-Geo,/root/src/compare_baselines_bundle_20260505_v2/compare_baselines_bundle/gomaa_geo_official/gomaa_geo/checkpoint/formal_ppo_seed42_t480k/formal_ppo.pt,swissviewmonuments,78,6,15,3,3,True,0,"[15, 10, 5, 0, 1, 2, 3]","[""up"", ""up"", ""up"", ""right"", ""right"", ""right""]","[1.0, 1.0, 1.0, 1.0, 1.0, 1.0]",6,img078_d6_s15_g03_r0,6,0
GOMAA-Geo,/root/src/compare_baselines_bundle_20260505_v2/compare_baselines_bundle/gomaa_geo_official/gomaa_geo/checkpoint/formal_ppo_seed42_t480k/formal_ppo.pt,swissviewmonuments,79,4,6,4,24,False,4,"[6, 7, 8, 13, 18, 23, 24, 23, 24, 23, 24]","[""right"", ""right"", ""down"", ""down"", ""down"", ""right"", ""left"", ""right"", ""left"", ""right""]","[1.0, 1.0, -1.0, -1.0, -1.0, 1.0, -1.0, 1.0, -1.0, 1.0]",10,img079_d4_s06_g04_r0,4,6
GOMAA-Geo,/root/src/compare_baselines_bundle_20260505_v2/compare_baselines_bundle/gomaa_geo_official/gomaa_geo/checkpoint/formal_ppo_seed42_t480k/formal_ppo.pt,swissviewmonuments,79,6,16,4,4,True,0,"[16, 11, 12, 13, 8, 9, 4]","[""up"", ""right"", ""right"", ""up"", ""right"", ""up""]","[1.0, 1.0, 1.0, 1.0, 1.0, 1.0]",6,img079_d6_s16_g04_r0,6,0
GOMAA-Geo,/root/src/compare_baselines_bundle_20260505_v2/compare_baselines_bundle/gomaa_geo_official/gomaa_geo/checkpoint/formal_ppo_seed42_t480k/formal_ppo.pt,swissviewmonuments,79,8,20,4,4,True,0,"[20, 21, 22, 23, 24, 19, 14, 9, 4]","[""right"", ""right"", ""right"", ""right"", ""up"", ""up"", ""up"", ""up""]","[1.0, 1.0, 1.0, 1.0, 1.0, 1.0, 1.0, 1.0]",8,img079_d8_s20_g04_r0,8,0
GOMAA-Geo,/root/src/compare_baselines_bundle_20260505_v2/compare_baselines_bundle/gomaa_geo_official/gomaa_geo/checkpoint/formal_ppo_seed42_t480k/formal_ppo.pt,swissviewmonuments,80,4,3,5,5,True,0,"[3, 2, 1, 0, 5]","[""left"", ""left"", ""left"", ""down""]","[1.0, 1.0, 1.0, 1.0]",4,img080_d4_s03_g05_r0,4,0
GOMAA-Geo,/root/src/compare_baselines_bundle_20260505_v2/compare_baselines_bundle/gomaa_geo_official/gomaa_geo/checkpoint/formal_ppo_seed42_t480k/formal_ppo.pt,swissviewmonuments,80,6,23,5,1,False,2,"[23, 22, 21, 16, 11, 6, 1, 0, 1, 0, 1]","[""left"", ""left"", ""up"", ""up"", ""up"", ""up"", ""left"", ""right"", ""left"", ""right""]","[1.0, 1.0, 1.0, 1.0, 1.0, -1.0, 1.0, -1.0, 1.0, -1.0]",10,img080_d6_s23_g05_r0,6,4
GOMAA-Geo,/root/src/compare_baselines_bundle_20260505_v2/compare_baselines_bundle/gomaa_geo_official/gomaa_geo/checkpoint/formal_ppo_seed42_t480k/formal_ppo.pt,swissviewmonuments,81,4,4,6,10,False,2,"[4, 3, 2, 1, 0, 5, 0, 5, 0, 5, 10]","[""left"", ""left"", ""left"", ""left"", ""down"", ""up"", ""down"", ""up"", ""down"", ""down""]","[1.0, 1.0, 1.0, -1.0, 1.0, -1.0, 1.0, -1.0, 1.0, -1.0]",10,img081_d4_s04_g06_r0,4,6
GOMAA-Geo,/root/src/compare_baselines_bundle_20260505_v2/compare_baselines_bundle/gomaa_geo_official/gomaa_geo/checkpoint/formal_ppo_seed42_t480k/formal_ppo.pt,swissviewmonuments,81,6,24,6,0,False,2,"[24, 23, 22, 21, 20, 15, 10, 5, 0, 5, 0]","[""left"", ""left"", ""left"", ""left"", ""up"", ""up"", ""up"", ""up"", ""down"", ""up""]","[1.0, 1.0, 1.0, -1.0, 1.0, 1.0, 1.0, -1.0, 1.0, -1.0]",10,img081_d6_s24_g06_r0,6,4
GOMAA-Geo,/root/src/compare_baselines_bundle_20260505_v2/compare_baselines_bundle/gomaa_geo_official/gomaa_geo/checkpoint/formal_ppo_seed42_t480k/formal_ppo.pt,swissviewmonuments,82,4,15,7,3,False,2,"[15, 10, 5, 0, 1, 2, 3, 4, 3, 2, 3]","[""up"", ""up"", ""up"", ""right"", ""right"", ""right"", ""right"", ""left"", ""left"", ""right""]","[1.0, 1.0, -1.0, 1.0, 1.0, -1.0, -1.0, 1.0, 1.0, -1.0]",10,img082_d4_s15_g07_r0,4,6
GOMAA-Geo,/root/src/compare_baselines_bundle_20260505_v2/compare_baselines_bundle/gomaa_geo_official/gomaa_geo/checkpoint/formal_ppo_seed42_t480k/formal_ppo.pt,swissviewmonuments,83,4,16,8,2,False,2,"[16, 11, 6, 5, 0, 1, 2, 1, 2, 1, 2]","[""up"", ""up"", ""left"", ""up"", ""right"", ""right"", ""left"", ""right"", ""left"", ""right""]","[1.0, 1.0, -1.0, -1.0, 1.0, 1.0, -1.0, 1.0, -1.0, 1.0]",10,img083_d4_s16_g08_r0,4,6
GOMAA-Geo,/root/src/compare_baselines_bundle_20260505_v2/compare_baselines_bundle/gomaa_geo_official/gomaa_geo/checkpoint/formal_ppo_seed42_t480k/formal_ppo.pt,swissviewmonuments,83,6,20,8,2,False,2,"[20, 15, 10, 5, 0, 1, 2, 1, 2, 1, 2]","[""up"", ""up"", ""up"", ""up"", ""right"", ""right"", ""left"", ""right"", ""left"", ""right""]","[1.0, 1.0, 1.0, -1.0, 1.0, 1.0, -1.0, 1.0, -1.0, 1.0]",10,img083_d6_s20_g08_r0,6,4
GOMAA-Geo,/root/src/compare_baselines_bundle_20260505_v2/compare_baselines_bundle/gomaa_geo_official/gomaa_geo/checkpoint/formal_ppo_seed42_t480k/formal_ppo.pt,swissviewmonuments,84,4,17,9,3,False,2,"[17, 16, 11, 6, 1, 0, 1, 2, 3, 2, 3]","[""left"", ""up"", ""up"", ""up"", ""left"", ""right"", ""right"", ""right"", ""left"", ""right""]","[-1.0, 1.0, 1.0, -1.0, -1.0, 1.0, 1.0, 1.0, -1.0, 1.0]",10,img084_d4_s17_g09_r0,4,6
GOMAA-Geo,/root/src/compare_baselines_bundle_20260505_v2/compare_baselines_bundle/gomaa_geo_official/gomaa_geo/checkpoint/formal_ppo_seed42_t480k/formal_ppo.pt,swissviewmonuments,84,6,15,9,3,False,2,"[15, 10, 5, 0, 1, 2, 3, 2, 3, 2, 3]","[""up"", ""up"", ""up"", ""right"", ""right"", ""right"", ""left"", ""right"", ""left"", ""right""]","[1.0, 1.0, -1.0, 1.0, 1.0, 1.0, -1.0, 1.0, -1.0, 1.0]",10,img084_d6_s15_g09_r0,6,4
GOMAA-Geo,/root/src/compare_baselines_bundle_20260505_v2/compare_baselines_bundle/gomaa_geo_official/gomaa_geo/checkpoint/formal_ppo_seed42_t480k/formal_ppo.pt,swissviewmonuments,85,4,8,10,22,False,4,"[8, 7, 6, 11, 16, 21, 20, 15, 20, 21, 22]","[""left"", ""left"", ""down"", ""down"", ""down"", ""left"", ""up"", ""down"", ""right"", ""right""]","[1.0, 1.0, 1.0, -1.0, -1.0, 1.0, 1.0, -1.0, -1.0, -1.0]",10,img085_d4_s08_g10_r0,4,6
GOMAA-Geo,/root/src/compare_baselines_bundle_20260505_v2/compare_baselines_bundle/gomaa_geo_official/gomaa_geo/checkpoint/formal_ppo_seed42_t480k/formal_ppo.pt,swissviewmonuments,85,6,4,10,10,True,0,"[4, 3, 2, 1, 6, 11, 16, 21, 20, 15, 10]","[""left"", ""left"", ""left"", ""down"", ""down"", ""down"", ""down"", ""left"", ""up"", ""up""]","[1.0, 1.0, 1.0, 1.0, 1.0, -1.0, -1.0, 1.0, 1.0, 1.0]",10,img085_d6_s04_g10_r0,6,4
GOMAA-Geo,/root/src/compare_baselines_bundle_20260505_v2/compare_baselines_bundle/gomaa_geo_official/gomaa_geo/checkpoint/formal_ppo_seed42_t480k/formal_ppo.pt,swissviewmonuments,86,4,9,11,5,False,2,"[9, 14, 19, 18, 17, 16, 15, 10, 5, 0, 5]","[""down"", ""down"", ""left"", ""left"", ""left"", ""left"", ""up"", ""up"", ""up"", ""down""]","[1.0, -1.0, 1.0, 1.0, 1.0, -1.0, 1.0, -1.0, -1.0, 1.0]",10,img086_d4_s09_g11_r0,4,6
GOMAA-Geo,/root/src/compare_baselines_bundle_20260505_v2/compare_baselines_bundle/gomaa_geo_official/gomaa_geo/checkpoint/formal_ppo_seed42_t480k/formal_ppo.pt,swissviewmonuments,87,4,24,12,0,False,4,"[24, 23, 18, 13, 8, 7, 6, 1, 0, 5, 0]","[""left"", ""up"", ""up"", ""up"", ""left"", ""left"", ""up"", ""left"", ""down"", ""up""]","[1.0, 1.0, 1.0, -1.0, 1.0, -1.0, -1.0, -1.0, 1.0, -1.0]",10,img087_d4_s24_g12_r0,4,6
GOMAA-Geo,/root/src/compare_baselines_bundle_20260505_v2/compare_baselines_bundle/gomaa_geo_official/gomaa_geo/checkpoint/formal_ppo_seed42_t480k/formal_ppo.pt,swissviewmonuments,88,4,5,13,23,False,2,"[5, 10, 15, 16, 17, 18, 23, 22, 23, 22, 23]","[""down"", ""down"", ""right"", ""right"", ""right"", ""down"", ""left"", ""right"", ""left"", ""right""]","[1.0, -1.0, 1.0, 1.0, 1.0, -1.0, -1.0, 1.0, -1.0, 1.0]",10,img088_d4_s05_g13_r0,4,6
GOMAA-Geo,/root/src/compare_baselines_bundle_20260505_v2/compare_baselines_bundle/gomaa_geo_official/gomaa_geo/checkpoint/formal_ppo_seed42_t480k/formal_ppo.pt,swissviewmonuments,89,4,16,14,14,True,0,"[16, 11, 6, 7, 8, 3, 4, 9, 14]","[""up"", ""up"", ""right"", ""right"", ""up"", ""right"", ""down"", ""down""]","[1.0, -1.0, 1.0, 1.0, -1.0, 1.0, 1.0, 1.0]",8,img089_d4_s16_g14_r0,4,4
GOMAA-Geo,/root/src/compare_baselines_bundle_20260505_v2/compare_baselines_bundle/gomaa_geo_official/gomaa_geo/checkpoint/formal_ppo_seed42_t480k/formal_ppo.pt,swissviewmonuments,89,6,20,14,14,True,0,"[20, 21, 22, 23, 24, 19, 14]","[""right"", ""right"", ""right"", ""right"", ""up"", ""up""]","[1.0, 1.0, 1.0, 1.0, 1.0, 1.0]",6,img089_d6_s20_g14_r0,6,0
GOMAA-Geo,/root/src/compare_baselines_bundle_20260505_v2/compare_baselines_bundle/gomaa_geo_official/gomaa_geo/checkpoint/formal_ppo_seed42_t480k/formal_ppo.pt,swissviewmonuments,90,4,19,15,1,False,4,"[19, 14, 9, 4, 3, 2, 1, 0, 1, 2, 1]","[""up"", ""up"", ""up"", ""left"", ""left"", ""left"", ""left"", ""right"", ""right"", ""left""]","[-1.0, -1.0, -1.0, 1.0, 1.0, 1.0, 1.0, -1.0, -1.0, 1.0]",10,img090_d4_s19_g15_r0,4,6
GOMAA-Geo,/root/src/compare_baselines_bundle_20260505_v2/compare_baselines_bundle/gomaa_geo_official/gomaa_geo/checkpoint/formal_ppo_seed42_t480k/formal_ppo.pt,swissviewmonuments,90,6,9,15,15,True,0,"[9, 14, 19, 18, 17, 16, 15]","[""down"", ""down"", ""left"", ""left"", ""left"", ""left""]","[1.0, 1.0, 1.0, 1.0, 1.0, 1.0]",6,img090_d6_s09_g15_r0,6,0
GOMAA-Geo,/root/src/compare_baselines_bundle_20260505_v2/compare_baselines_bundle/gomaa_geo_official/gomaa_geo/checkpoint/formal_ppo_seed42_t480k/formal_ppo.pt,swissviewmonuments,91,4,14,16,10,False,2,"[14, 9, 4, 3, 2, 1, 0, 5, 10, 5, 10]","[""up"", ""up"", ""left"", ""left"", ""left"", ""left"", ""down"", ""down"", ""up"", ""down""]","[-1.0, -1.0, 1.0, 1.0, 1.0, -1.0, 1.0, 1.0, -1.0, 1.0]",10,img091_d4_s14_g16_r0,4,6
GOMAA-Geo,/root/src/compare_baselines_bundle_20260505_v2/compare_baselines_bundle/gomaa_geo_official/gomaa_geo/checkpoint/formal_ppo_seed42_t480k/formal_ppo.pt,swissviewmonuments,91,6,4,16,16,True,0,"[4, 9, 14, 19, 18, 17, 16]","[""down"", ""down"", ""down"", ""left"", ""left"", ""left""]","[1.0, 1.0, 1.0, 1.0, 1.0, 1.0]",6,img091_d6_s04_g16_r0,6,0
GOMAA-Geo,/root/src/compare_baselines_bundle_20260505_v2/compare_baselines_bundle/gomaa_geo_official/gomaa_geo/checkpoint/formal_ppo_seed42_t480k/formal_ppo.pt,swissviewmonuments,92,4,9,17,21,False,2,"[9, 4, 3, 2, 1, 0, 5, 10, 15, 20, 21]","[""up"", ""left"", ""left"", ""left"", ""left"", ""down"", ""down"", ""down"", ""down"", ""right""]","[-1.0, 1.0, 1.0, -1.0, -1.0, 1.0, 1.0, 1.0, -1.0, 1.0]",10,img092_d4_s09_g17_r0,4,6
GOMAA-Geo,/root/src/compare_baselines_bundle_20260505_v2/compare_baselines_bundle/gomaa_geo_official/gomaa_geo/checkpoint/formal_ppo_seed42_t480k/formal_ppo.pt,swissviewmonuments,93,4,20,18,18,True,0,"[20, 21, 22, 23, 18]","[""right"", ""right"", ""right"", ""up""]","[1.0, 1.0, 1.0, 1.0]",4,img093_d4_s20_g18_r0,4,0
GOMAA-Geo,/root/src/compare_baselines_bundle_20260505_v2/compare_baselines_bundle/gomaa_geo_official/gomaa_geo/checkpoint/formal_ppo_seed42_t480k/formal_ppo.pt,swissviewmonuments,93,6,0,18,24,False,2,"[0, 5, 10, 15, 20, 21, 22, 23, 24, 23, 24]","[""down"", ""down"", ""down"", ""down"", ""right"", ""right"", ""right"", ""right"", ""left"", ""right""]","[1.0, 1.0, 1.0, -1.0, 1.0, 1.0, 1.0, -1.0, 1.0, -1.0]",10,img093_d6_s00_g18_r0,6,4
GOMAA-Geo,/root/src/compare_baselines_bundle_20260505_v2/compare_baselines_bundle/gomaa_geo_official/gomaa_geo/checkpoint/formal_ppo_seed42_t480k/formal_ppo.pt,swissviewmonuments,94,4,3,19,21,False,4,"[3, 2, 1, 6, 11, 16, 21, 22, 21, 22, 21]","[""left"", ""left"", ""down"", ""down"", ""down"", ""down"", ""right"", ""left"", ""right"", ""left""]","[-1.0, -1.0, 1.0, 1.0, 1.0, -1.0, 1.0, -1.0, 1.0, -1.0]",10,img094_d4_s03_g19_r0,4,6
GOMAA-Geo,/root/src/compare_baselines_bundle_20260505_v2/compare_baselines_bundle/gomaa_geo_official/gomaa_geo/checkpoint/formal_ppo_seed42_t480k/formal_ppo.pt,swissviewmonuments,94,6,1,19,19,True,0,"[1, 2, 3, 8, 13, 18, 23, 24, 19]","[""right"", ""right"", ""down"", ""down"", ""down"", ""down"", ""right"", ""up""]","[1.0, 1.0, 1.0, 1.0, 1.0, -1.0, 1.0, 1.0]",8,img094_d6_s01_g19_r0,6,2
GOMAA-Geo,/root/src/compare_baselines_bundle_20260505_v2/compare_baselines_bundle/gomaa_geo_official/gomaa_geo/checkpoint/formal_ppo_seed42_t480k/formal_ppo.pt,swissviewmonuments,95,4,24,20,2,False,6,"[24, 19, 14, 9, 4, 3, 2, 3, 2, 3, 2]","[""up"", ""up"", ""up"", ""up"", ""left"", ""left"", ""right"", ""left"", ""right"", ""left""]","[-1.0, -1.0, -1.0, -1.0, 1.0, 1.0, -1.0, 1.0, -1.0, 1.0]",10,img095_d4_s24_g20_r0,4,6
GOMAA-Geo,/root/src/compare_baselines_bundle_20260505_v2/compare_baselines_bundle/gomaa_geo_official/gomaa_geo/checkpoint/formal_ppo_seed42_t480k/formal_ppo.pt,swissviewmonuments,95,6,14,20,20,True,0,"[14, 9, 8, 7, 6, 11, 16, 15, 20]","[""up"", ""left"", ""left"", ""left"", ""down"", ""down"", ""left"", ""down""]","[-1.0, 1.0, 1.0, 1.0, 1.0, 1.0, 1.0, 1.0]",8,img095_d6_s14_g20_r0,6,2
GOMAA-Geo,/root/src/compare_baselines_bundle_20260505_v2/compare_baselines_bundle/gomaa_geo_official/gomaa_geo/checkpoint/formal_ppo_seed42_t480k/formal_ppo.pt,swissviewmonuments,95,8,4,20,20,True,0,"[4, 9, 14, 19, 18, 17, 16, 15, 20]","[""down"", ""down"", ""down"", ""left"", ""left"", ""left"", ""left"", ""down""]","[1.0, 1.0, 1.0, 1.0, 1.0, 1.0, 1.0, 1.0]",8,img095_d8_s04_g20_r0,8,0
GOMAA-Geo,/root/src/compare_baselines_bundle_20260505_v2/compare_baselines_bundle/gomaa_geo_official/gomaa_geo/checkpoint/formal_ppo_seed42_t480k/formal_ppo.pt,swissviewmonuments,96,4,19,21,5,False,4,"[19, 14, 9, 4, 3, 2, 1, 0, 1, 0, 5]","[""up"", ""up"", ""up"", ""left"", ""left"", ""left"", ""left"", ""right"", ""left"", ""down""]","[-1.0, -1.0, -1.0, 1.0, 1.0, 1.0, -1.0, 1.0, -1.0, 1.0]",10,img096_d4_s19_g21_r0,4,6
GOMAA-Geo,/root/src/compare_baselines_bundle_20260505_v2/compare_baselines_bundle/gomaa_geo_official/gomaa_geo/checkpoint/formal_ppo_seed42_t480k/formal_ppo.pt,swissviewmonuments,96,6,9,21,1,False,4,"[9, 14, 19, 18, 17, 16, 15, 10, 5, 0, 1]","[""down"", ""down"", ""left"", ""left"", ""left"", ""left"", ""up"", ""up"", ""up"", ""right""]","[1.0, 1.0, 1.0, 1.0, 1.0, -1.0, -1.0, -1.0, -1.0, 1.0]",10,img096_d6_s09_g21_r0,6,4
GOMAA-Geo,/root/src/compare_baselines_bundle_20260505_v2/compare_baselines_bundle/gomaa_geo_official/gomaa_geo/checkpoint/formal_ppo_seed42_t480k/formal_ppo.pt,swissviewmonuments,97,4,6,22,22,True,0,"[6, 7, 8, 13, 18, 23, 22]","[""right"", ""right"", ""down"", ""down"", ""down"", ""left""]","[1.0, -1.0, 1.0, 1.0, 1.0, 1.0]",6,img097_d4_s06_g22_r0,4,2
GOMAA-Geo,/root/src/compare_baselines_bundle_20260505_v2/compare_baselines_bundle/gomaa_geo_official/gomaa_geo/checkpoint/formal_ppo_seed42_t480k/formal_ppo.pt,swissviewmonuments,97,6,4,22,22,True,0,"[4, 9, 14, 19, 24, 23, 22]","[""down"", ""down"", ""down"", ""down"", ""left"", ""left""]","[1.0, 1.0, 1.0, 1.0, 1.0, 1.0]",6,img097_d6_s04_g22_r0,6,0
GOMAA-Geo,/root/src/compare_baselines_bundle_20260505_v2/compare_baselines_bundle/gomaa_geo_official/gomaa_geo/checkpoint/formal_ppo_seed42_t480k/formal_ppo.pt,swissviewmonuments,98,4,9,23,21,False,2,"[9, 14, 19, 18, 17, 16, 21, 20, 21, 22, 21]","[""down"", ""down"", ""left"", ""left"", ""left"", ""down"", ""left"", ""right"", ""right"", ""left""]","[1.0, 1.0, 1.0, -1.0, -1.0, 1.0, -1.0, 1.0, 1.0, -1.0]",10,img098_d4_s09_g23_r0,4,6
GOMAA-Geo,/root/src/compare_baselines_bundle_20260505_v2/compare_baselines_bundle/gomaa_geo_official/gomaa_geo/checkpoint/formal_ppo_seed42_t480k/formal_ppo.pt,swissviewmonuments,98,6,1,23,23,True,0,"[1, 2, 3, 8, 13, 18, 23]","[""right"", ""right"", ""down"", ""down"", ""down"", ""down""]","[1.0, 1.0, 1.0, 1.0, 1.0, 1.0]",6,img098_d6_s01_g23_r0,6,0
GOMAA-Geo,/root/src/compare_baselines_bundle_20260505_v2/compare_baselines_bundle/gomaa_geo_official/gomaa_geo/checkpoint/formal_ppo_seed42_t480k/formal_ppo.pt,swissviewmonuments,99,4,20,24,4,False,4,"[20, 21, 22, 23, 18, 13, 8, 3, 4, 9, 4]","[""right"", ""right"", ""right"", ""up"", ""up"", ""up"", ""up"", ""right"", ""down"", ""up""]","[1.0, 1.0, 1.0, -1.0, -1.0, -1.0, -1.0, 1.0, 1.0, -1.0]",10,img099_d4_s20_g24_r0,4,6
GOMAA-Geo,/root/src/compare_baselines_bundle_20260505_v2/compare_baselines_bundle/gomaa_geo_official/gomaa_geo/checkpoint/formal_ppo_seed42_t480k/formal_ppo.pt,swissviewmonuments,99,6,2,24,22,False,2,"[2, 1, 6, 11, 16, 21, 20, 21, 20, 21, 22]","[""left"", ""down"", ""down"", ""down"", ""down"", ""left"", ""right"", ""left"", ""right"", ""right""]","[-1.0, 1.0, 1.0, 1.0, 1.0, -1.0, 1.0, -1.0, 1.0, 1.0]",10,img099_d6_s02_g24_r0,6,4
GOMAA-Geo,/root/src/compare_baselines_bundle_20260505_v2/compare_baselines_bundle/gomaa_geo_official/gomaa_geo/checkpoint/formal_ppo_seed42_t480k/formal_ppo.pt,swissviewmonuments,99,8,0,24,24,True,0,"[0, 1, 2, 3, 4, 9, 14, 19, 24]","[""right"", ""right"", ""right"", ""right"", ""down"", ""down"", ""down"", ""down""]","[1.0, 1.0, 1.0, 1.0, 1.0, 1.0, 1.0, 1.0]",8,img099_d8_s00_g24_r0,8,0
GOMAA-Geo,/root/src/compare_baselines_bundle_20260505_v2/compare_baselines_bundle/gomaa_geo_official/gomaa_geo/checkpoint/formal_ppo_seed42_t480k/formal_ppo.pt,swissviewmonuments,100,4,16,0,14,False,6,"[16, 11, 12, 13, 8, 9, 4, 3, 4, 9, 14]","[""up"", ""right"", ""right"", ""up"", ""right"", ""up"", ""left"", ""right"", ""down"", ""down""]","[1.0, -1.0, -1.0, 1.0, -1.0, 1.0, 1.0, -1.0, -1.0, -1.0]",10,img100_d4_s16_g00_r0,4,6
GOMAA-Geo,/root/src/compare_baselines_bundle_20260505_v2/compare_baselines_bundle/gomaa_geo_official/gomaa_geo/checkpoint/formal_ppo_seed42_t480k/formal_ppo.pt,swissviewmonuments,100,6,14,0,20,False,4,"[14, 9, 8, 7, 6, 11, 16, 15, 20, 21, 20]","[""up"", ""left"", ""left"", ""left"", ""down"", ""down"", ""left"", ""down"", ""right"", ""left""]","[1.0, 1.0, 1.0, 1.0, -1.0, -1.0, 1.0, -1.0, -1.0, 1.0]",10,img100_d6_s14_g00_r0,6,4
GOMAA-Geo,/root/src/compare_baselines_bundle_20260505_v2/compare_baselines_bundle/gomaa_geo_official/gomaa_geo/checkpoint/formal_ppo_seed42_t480k/formal_ppo.pt,swissviewmonuments,100,8,24,0,10,False,2,"[24, 19, 14, 9, 8, 7, 6, 5, 10, 5, 10]","[""up"", ""up"", ""up"", ""left"", ""left"", ""left"", ""left"", ""down"", ""up"", ""down""]","[1.0, 1.0, 1.0, 1.0, 1.0, 1.0, 1.0, -1.0, 1.0, -1.0]",10,img100_d8_s24_g00_r0,8,2
GOMAA-Geo,/root/src/compare_baselines_bundle_20260505_v2/compare_baselines_bundle/gomaa_geo_official/gomaa_geo/checkpoint/formal_ppo_seed42_t480k/formal_ppo.pt,swissviewmonuments,101,4,15,1,1,True,0,"[15, 10, 5, 0, 1]","[""up"", ""up"", ""up"", ""right""]","[1.0, 1.0, 1.0, 1.0]",4,img101_d4_s15_g01_r0,4,0
GOMAA-Geo,/root/src/compare_baselines_bundle_20260505_v2/compare_baselines_bundle/gomaa_geo_official/gomaa_geo/checkpoint/formal_ppo_seed42_t480k/formal_ppo.pt,swissviewmonuments,101,6,19,1,1,True,0,"[19, 14, 9, 4, 3, 2, 1]","[""up"", ""up"", ""up"", ""left"", ""left"", ""left""]","[1.0, 1.0, 1.0, 1.0, 1.0, 1.0]",6,img101_d6_s19_g01_r0,6,0
GOMAA-Geo,/root/src/compare_baselines_bundle_20260505_v2/compare_baselines_bundle/gomaa_geo_official/gomaa_geo/checkpoint/formal_ppo_seed42_t480k/formal_ppo.pt,swissviewmonuments,102,4,18,2,0,False,2,"[18, 13, 8, 7, 6, 1, 0, 5, 0, 5, 0]","[""up"", ""up"", ""left"", ""left"", ""up"", ""left"", ""down"", ""up"", ""down"", ""up""]","[1.0, 1.0, 1.0, -1.0, 1.0, -1.0, -1.0, 1.0, -1.0, 1.0]",10,img102_d4_s18_g02_r0,4,6
GOMAA-Geo,/root/src/compare_baselines_bundle_20260505_v2/compare_baselines_bundle/gomaa_geo_official/gomaa_geo/checkpoint/formal_ppo_seed42_t480k/formal_ppo.pt,swissviewmonuments,102,6,24,2,2,True,0,"[24, 19, 14, 9, 4, 3, 2]","[""up"", ""up"", ""up"", ""up"", ""left"", ""left""]","[1.0, 1.0, 1.0, 1.0, 1.0, 1.0]",6,img102_d6_s24_g02_r0,6,0
GOMAA-Geo,/root/src/compare_baselines_bundle_20260505_v2/compare_baselines_bundle/gomaa_geo_official/gomaa_geo/checkpoint/formal_ppo_seed42_t480k/formal_ppo.pt,swissviewmonuments,103,4,5,3,23,False,4,"[5, 10, 15, 20, 21, 22, 23, 22, 23, 22, 23]","[""down"", ""down"", ""down"", ""right"", ""right"", ""right"", ""left"", ""right"", ""left"", ""right""]","[-1.0, -1.0, -1.0, 1.0, 1.0, 1.0, -1.0, 1.0, -1.0, 1.0]",10,img103_d4_s05_g03_r0,4,6
GOMAA-Geo,/root/src/compare_baselines_bundle_20260505_v2/compare_baselines_bundle/gomaa_geo_official/gomaa_geo/checkpoint/formal_ppo_seed42_t480k/formal_ppo.pt,swissviewmonuments,103,6,21,3,3,True,0,"[21, 22, 23, 24, 19, 14, 9, 4, 3]","[""right"", ""right"", ""right"", ""up"", ""up"", ""up"", ""up"", ""left""]","[1.0, 1.0, -1.0, 1.0, 1.0, 1.0, 1.0, 1.0]",8,img103_d6_s21_g03_r0,6,2
GOMAA-Geo,/root/src/compare_baselines_bundle_20260505_v2/compare_baselines_bundle/gomaa_geo_official/gomaa_geo/checkpoint/formal_ppo_seed42_t480k/formal_ppo.pt,swissviewmonuments,104,4,24,4,4,True,0,"[24, 19, 14, 9, 4]","[""up"", ""up"", ""up"", ""up""]","[1.0, 1.0, 1.0, 1.0]",4,img104_d4_s24_g04_r0,4,0
GOMAA-Geo,/root/src/compare_baselines_bundle_20260505_v2/compare_baselines_bundle/gomaa_geo_official/gomaa_geo/checkpoint/formal_ppo_seed42_t480k/formal_ppo.pt,swissviewmonuments,104,6,22,4,4,True,0,"[22, 21, 16, 11, 6, 1, 2, 3, 4]","[""left"", ""up"", ""up"", ""up"", ""up"", ""right"", ""right"", ""right""]","[-1.0, 1.0, 1.0, 1.0, 1.0, 1.0, 1.0, 1.0]",8,img104_d6_s22_g04_r0,6,2
GOMAA-Geo,/root/src/compare_baselines_bundle_20260505_v2/compare_baselines_bundle/gomaa_geo_official/gomaa_geo/checkpoint/formal_ppo_seed42_t480k/formal_ppo.pt,swissviewmonuments,104,8,20,4,4,True,0,"[20, 15, 10, 5, 0, 1, 2, 3, 4]","[""up"", ""up"", ""up"", ""up"", ""right"", ""right"", ""right"", ""right""]","[1.0, 1.0, 1.0, 1.0, 1.0, 1.0, 1.0, 1.0]",8,img104_d8_s20_g04_r0,8,0
GOMAA-Geo,/root/src/compare_baselines_bundle_20260505_v2/compare_baselines_bundle/gomaa_geo_official/gomaa_geo/checkpoint/formal_ppo_seed42_t480k/formal_ppo.pt,swissviewmonuments,105,4,17,5,3,False,4,"[17, 18, 13, 8, 7, 6, 1, 2, 3, 2, 3]","[""right"", ""up"", ""up"", ""left"", ""left"", ""up"", ""right"", ""right"", ""left"", ""right""]","[-1.0, 1.0, 1.0, 1.0, 1.0, -1.0, -1.0, -1.0, 1.0, -1.0]",10,img105_d4_s17_g05_r0,4,6
GOMAA-Geo,/root/src/compare_baselines_bundle_20260505_v2/compare_baselines_bundle/gomaa_geo_official/gomaa_geo/checkpoint/formal_ppo_seed42_t480k/formal_ppo.pt,swissviewmonuments,105,6,19,5,5,True,0,"[19, 14, 9, 4, 3, 2, 1, 0, 5]","[""up"", ""up"", ""up"", ""left"", ""left"", ""left"", ""left"", ""down""]","[1.0, 1.0, -1.0, 1.0, 1.0, 1.0, 1.0, 1.0]",8,img105_d6_s19_g05_r0,6,2
GOMAA-Geo,/root/src/compare_baselines_bundle_20260505_v2/compare_baselines_bundle/gomaa_geo_official/gomaa_geo/checkpoint/formal_ppo_seed42_t480k/formal_ppo.pt,swissviewmonuments,106,4,14,6,6,True,0,"[14, 9, 8, 7, 6]","[""up"", ""left"", ""left"", ""left""]","[1.0, 1.0, 1.0, 1.0]",4,img106_d4_s14_g06_r0,4,0
GOMAA-Geo,/root/src/compare_baselines_bundle_20260505_v2/compare_baselines_bundle/gomaa_geo_official/gomaa_geo/checkpoint/formal_ppo_seed42_t480k/formal_ppo.pt,swissviewmonuments,106,6,24,6,6,True,0,"[24, 23, 22, 21, 16, 11, 6]","[""left"", ""left"", ""left"", ""up"", ""up"", ""up""]","[1.0, 1.0, 1.0, 1.0, 1.0, 1.0]",6,img106_d6_s24_g06_r0,6,0
GOMAA-Geo,/root/src/compare_baselines_bundle_20260505_v2/compare_baselines_bundle/gomaa_geo_official/gomaa_geo/checkpoint/formal_ppo_seed42_t480k/formal_ppo.pt,swissviewmonuments,107,4,23,7,3,False,2,"[23, 22, 21, 16, 11, 6, 1, 2, 3, 2, 3]","[""left"", ""left"", ""up"", ""up"", ""up"", ""up"", ""right"", ""right"", ""left"", ""right""]","[1.0, -1.0, 1.0, 1.0, 1.0, -1.0, 1.0, -1.0, 1.0, -1.0]",10,img107_d4_s23_g07_r0,4,6
GOMAA-Geo,/root/src/compare_baselines_bundle_20260505_v2/compare_baselines_bundle/gomaa_geo_official/gomaa_geo/checkpoint/formal_ppo_seed42_t480k/formal_ppo.pt,swissviewmonuments,108,4,0,8,22,False,4,"[0, 5, 10, 15, 20, 21, 22, 23, 24, 23, 22]","[""down"", ""down"", ""down"", ""down"", ""right"", ""right"", ""right"", ""right"", ""left"", ""left""]","[1.0, -1.0, -1.0, -1.0, 1.0, 1.0, 1.0, -1.0, 1.0, -1.0]",10,img108_d4_s00_g08_r0,4,6
GOMAA-Geo,/root/src/compare_baselines_bundle_20260505_v2/compare_baselines_bundle/gomaa_geo_official/gomaa_geo/checkpoint/formal_ppo_seed42_t480k/formal_ppo.pt,swissviewmonuments,108,6,20,8,14,False,2,"[20, 15, 10, 5, 0, 1, 2, 3, 4, 9, 14]","[""up"", ""up"", ""up"", ""up"", ""right"", ""right"", ""right"", ""right"", ""down"", ""down""]","[1.0, 1.0, 1.0, -1.0, 1.0, 1.0, 1.0, -1.0, 1.0, -1.0]",10,img108_d6_s20_g08_r0,6,4
GOMAA-Geo,/root/src/compare_baselines_bundle_20260505_v2/compare_baselines_bundle/gomaa_geo_official/gomaa_geo/checkpoint/formal_ppo_seed42_t480k/formal_ppo.pt,swissviewmonuments,109,4,1,9,9,True,0,"[1, 2, 3, 4, 9]","[""right"", ""right"", ""right"", ""down""]","[1.0, 1.0, 1.0, 1.0]",4,img109_d4_s01_g09_r0,4,0
GOMAA-Geo,/root/src/compare_baselines_bundle_20260505_v2/compare_baselines_bundle/gomaa_geo_official/gomaa_geo/checkpoint/formal_ppo_seed42_t480k/formal_ppo.pt,swissviewmonuments,109,6,21,9,9,True,0,"[21, 22, 23, 18, 13, 8, 3, 4, 3, 4, 9]","[""right"", ""right"", ""up"", ""up"", ""up"", ""up"", ""right"", ""left"", ""right"", ""down""]","[1.0, 1.0, 1.0, 1.0, 1.0, -1.0, 1.0, -1.0, 1.0, 1.0]",10,img109_d6_s21_g09_r0,6,4
GOMAA-Geo,/root/src/compare_baselines_bundle_20260505_v2/compare_baselines_bundle/gomaa_geo_official/gomaa_geo/checkpoint/formal_ppo_seed42_t480k/formal_ppo.pt,swissviewmonuments,110,4,18,10,0,False,2,"[18, 17, 12, 7, 6, 1, 0, 5, 0, 1, 0]","[""left"", ""up"", ""up"", ""left"", ""up"", ""left"", ""down"", ""up"", ""right"", ""left""]","[1.0, 1.0, -1.0, 1.0, -1.0, 1.0, 1.0, -1.0, -1.0, 1.0]",10,img110_d4_s18_g10_r0,4,6
GOMAA-Geo,/root/src/compare_baselines_bundle_20260505_v2/compare_baselines_bundle/gomaa_geo_official/gomaa_geo/checkpoint/formal_ppo_seed42_t480k/formal_ppo.pt,swissviewmonuments,110,6,24,10,0,False,2,"[24, 23, 22, 21, 16, 11, 6, 1, 0, 1, 0]","[""left"", ""left"", ""left"", ""up"", ""up"", ""up"", ""up"", ""left"", ""right"", ""left""]","[1.0, 1.0, 1.0, 1.0, 1.0, -1.0, -1.0, 1.0, -1.0, 1.0]",10,img110_d6_s24_g10_r0,6,4
GOMAA-Geo,/root/src/compare_baselines_bundle_20260505_v2/compare_baselines_bundle/gomaa_geo_official/gomaa_geo/checkpoint/formal_ppo_seed42_t480k/formal_ppo.pt,swissviewmonuments,111,4,9,11,1,False,2,"[9, 14, 19, 18, 17, 16, 15, 10, 5, 0, 1]","[""down"", ""down"", ""left"", ""left"", ""left"", ""left"", ""up"", ""up"", ""up"", ""right""]","[1.0, -1.0, 1.0, 1.0, 1.0, -1.0, 1.0, -1.0, -1.0, 1.0]",10,img111_d4_s09_g11_r0,4,6
GOMAA-Geo,/root/src/compare_baselines_bundle_20260505_v2/compare_baselines_bundle/gomaa_geo_official/gomaa_geo/checkpoint/formal_ppo_seed42_t480k/formal_ppo.pt,swissviewmonuments,112,4,20,12,14,False,2,"[20, 15, 10, 5, 0, 1, 2, 3, 4, 9, 14]","[""up"", ""up"", ""up"", ""up"", ""right"", ""right"", ""right"", ""right"", ""down"", ""down""]","[1.0, 1.0, -1.0, -1.0, 1.0, 1.0, -1.0, -1.0, 1.0, 1.0]",10,img112_d4_s20_g12_r0,4,6
GOMAA-Geo,/root/src/compare_baselines_bundle_20260505_v2/compare_baselines_bundle/gomaa_geo_official/gomaa_geo/checkpoint/formal_ppo_seed42_t480k/formal_ppo.pt,swissviewmonuments,113,4,21,13,3,False,2,"[21, 22, 23, 24, 19, 14, 9, 4, 3, 2, 3]","[""right"", ""right"", ""right"", ""up"", ""up"", ""up"", ""up"", ""left"", ""left"", ""right""]","[1.0, 1.0, -1.0, 1.0, 1.0, -1.0, -1.0, 1.0, -1.0, 1.0]",10,img113_d4_s21_g13_r0,4,6
GOMAA-Geo,/root/src/compare_baselines_bundle_20260505_v2/compare_baselines_bundle/gomaa_geo_official/gomaa_geo/checkpoint/formal_ppo_seed42_t480k/formal_ppo.pt,swissviewmonuments,114,4,16,14,4,False,2,"[16, 17, 18, 13, 8, 3, 4, 9, 4, 3, 4]","[""right"", ""right"", ""up"", ""up"", ""up"", ""right"", ""down"", ""up"", ""left"", ""right""]","[1.0, 1.0, 1.0, -1.0, -1.0, 1.0, 1.0, -1.0, -1.0, 1.0]",10,img114_d4_s16_g14_r0,4,6
GOMAA-Geo,/root/src/compare_baselines_bundle_20260505_v2/compare_baselines_bundle/gomaa_geo_official/gomaa_geo/checkpoint/formal_ppo_seed42_t480k/formal_ppo.pt,swissviewmonuments,114,6,20,14,14,True,0,"[20, 21, 22, 23, 24, 19, 14]","[""right"", ""right"", ""right"", ""right"", ""up"", ""up""]","[1.0, 1.0, 1.0, 1.0, 1.0, 1.0]",6,img114_d6_s20_g14_r0,6,0
GOMAA-Geo,/root/src/compare_baselines_bundle_20260505_v2/compare_baselines_bundle/gomaa_geo_official/gomaa_geo/checkpoint/formal_ppo_seed42_t480k/formal_ppo.pt,swissviewmonuments,115,4,23,15,3,False,6,"[23, 22, 21, 16, 11, 6, 5, 0, 1, 2, 3]","[""left"", ""left"", ""up"", ""up"", ""up"", ""left"", ""up"", ""right"", ""right"", ""right""]","[1.0, 1.0, 1.0, -1.0, -1.0, 1.0, -1.0, -1.0, -1.0, -1.0]",10,img115_d4_s23_g15_r0,4,6
GOMAA-Geo,/root/src/compare_baselines_bundle_20260505_v2/compare_baselines_bundle/gomaa_geo_official/gomaa_geo/checkpoint/formal_ppo_seed42_t480k/formal_ppo.pt,swissviewmonuments,115,6,9,15,15,True,0,"[9, 14, 19, 18, 17, 16, 15]","[""down"", ""down"", ""left"", ""left"", ""left"", ""left""]","[1.0, 1.0, 1.0, 1.0, 1.0, 1.0]",6,img115_d6_s09_g15_r0,6,0
GOMAA-Geo,/root/src/compare_baselines_bundle_20260505_v2/compare_baselines_bundle/gomaa_geo_official/gomaa_geo/checkpoint/formal_ppo_seed42_t480k/formal_ppo.pt,swissviewmonuments,116,4,2,16,24,False,4,"[2, 3, 4, 9, 14, 19, 24, 23, 24, 19, 24]","[""right"", ""right"", ""down"", ""down"", ""down"", ""down"", ""left"", ""right"", ""up"", ""down""]","[-1.0, -1.0, 1.0, 1.0, 1.0, -1.0, 1.0, -1.0, 1.0, -1.0]",10,img116_d4_s02_g16_r0,4,6
GOMAA-Geo,/root/src/compare_baselines_bundle_20260505_v2/compare_baselines_bundle/gomaa_geo_official/gomaa_geo/checkpoint/formal_ppo_seed42_t480k/formal_ppo.pt,swissviewmonuments,116,6,4,16,16,True,0,"[4, 9, 8, 7, 6, 11, 16]","[""down"", ""left"", ""left"", ""left"", ""down"", ""down""]","[1.0, 1.0, 1.0, 1.0, 1.0, 1.0]",6,img116_d6_s04_g16_r0,6,0
GOMAA-Geo,/root/src/compare_baselines_bundle_20260505_v2/compare_baselines_bundle/gomaa_geo_official/gomaa_geo/checkpoint/formal_ppo_seed42_t480k/formal_ppo.pt,swissviewmonuments,117,4,3,17,5,False,4,"[3, 2, 1, 0, 5, 10, 15, 20, 15, 10, 5]","[""left"", ""left"", ""left"", ""down"", ""down"", ""down"", ""down"", ""up"", ""up"", ""up""]","[1.0, -1.0, -1.0, 1.0, 1.0, 1.0, -1.0, 1.0, -1.0, -1.0]",10,img117_d4_s03_g17_r0,4,6
GOMAA-Geo,/root/src/compare_baselines_bundle_20260505_v2/compare_baselines_bundle/gomaa_geo_official/gomaa_geo/checkpoint/formal_ppo_seed42_t480k/formal_ppo.pt,swissviewmonuments,118,4,2,18,18,True,0,"[2, 1, 2, 3, 8, 13, 18]","[""left"", ""right"", ""right"", ""down"", ""down"", ""down""]","[-1.0, 1.0, 1.0, 1.0, 1.0, 1.0]",6,img118_d4_s02_g18_r0,4,2
GOMAA-Geo,/root/src/compare_baselines_bundle_20260505_v2/compare_baselines_bundle/gomaa_geo_official/gomaa_geo/checkpoint/formal_ppo_seed42_t480k/formal_ppo.pt,swissviewmonuments,118,6,0,18,18,True,0,"[0, 1, 2, 3, 8, 13, 18]","[""right"", ""right"", ""right"", ""down"", ""down"", ""down""]","[1.0, 1.0, 1.0, 1.0, 1.0, 1.0]",6,img118_d6_s00_g18_r0,6,0
GOMAA-Geo,/root/src/compare_baselines_bundle_20260505_v2/compare_baselines_bundle/gomaa_geo_official/gomaa_geo/checkpoint/formal_ppo_seed42_t480k/formal_ppo.pt,swissviewmonuments,119,4,21,19,19,True,0,"[21, 22, 23, 24, 19]","[""right"", ""right"", ""right"", ""up""]","[1.0, 1.0, 1.0, 1.0]",4,img119_d4_s21_g19_r0,4,0
GOMAA-Geo,/root/src/compare_baselines_bundle_20260505_v2/compare_baselines_bundle/gomaa_geo_official/gomaa_geo/checkpoint/formal_ppo_seed42_t480k/formal_ppo.pt,swissviewmonuments,119,6,1,19,19,True,0,"[1, 2, 3, 8, 13, 18, 23, 24, 23, 24, 19]","[""right"", ""right"", ""down"", ""down"", ""down"", ""down"", ""right"", ""left"", ""right"", ""up""]","[1.0, 1.0, 1.0, 1.0, 1.0, -1.0, 1.0, -1.0, 1.0, 1.0]",10,img119_d6_s01_g19_r0,6,4
GOMAA-Geo,/root/src/compare_baselines_bundle_20260505_v2/compare_baselines_bundle/gomaa_geo_official/gomaa_geo/checkpoint/formal_ppo_seed42_t480k/formal_ppo.pt,swissviewmonuments,120,4,12,20,24,False,4,"[12, 7, 8, 9, 14, 19, 24, 23, 24, 23, 24]","[""up"", ""right"", ""right"", ""down"", ""down"", ""down"", ""left"", ""right"", ""left"", ""right""]","[-1.0, -1.0, -1.0, 1.0, 1.0, 1.0, 1.0, -1.0, 1.0, -1.0]",10,img120_d4_s12_g20_r0,4,6
GOMAA-Geo,/root/src/compare_baselines_bundle_20260505_v2/compare_baselines_bundle/gomaa_geo_official/gomaa_geo/checkpoint/formal_ppo_seed42_t480k/formal_ppo.pt,swissviewmonuments,120,6,14,20,0,False,4,"[14, 9, 4, 3, 2, 1, 0, 5, 0, 1, 0]","[""up"", ""up"", ""left"", ""left"", ""left"", ""left"", ""down"", ""up"", ""right"", ""left""]","[-1.0, -1.0, 1.0, 1.0, 1.0, 1.0, 1.0, -1.0, -1.0, 1.0]",10,img120_d6_s14_g20_r0,6,4
GOMAA-Geo,/root/src/compare_baselines_bundle_20260505_v2/compare_baselines_bundle/gomaa_geo_official/gomaa_geo/checkpoint/formal_ppo_seed42_t480k/formal_ppo.pt,swissviewmonuments,120,8,4,20,20,True,0,"[4, 3, 2, 1, 6, 11, 16, 21, 20]","[""left"", ""left"", ""left"", ""down"", ""down"", ""down"", ""down"", ""left""]","[1.0, 1.0, 1.0, 1.0, 1.0, 1.0, 1.0, 1.0]",8,img120_d8_s04_g20_r0,8,0
GOMAA-Geo,/root/src/compare_baselines_bundle_20260505_v2/compare_baselines_bundle/gomaa_geo_official/gomaa_geo/checkpoint/formal_ppo_seed42_t480k/formal_ppo.pt,swissviewmonuments,121,4,1,21,23,False,2,"[1, 2, 3, 4, 9, 14, 19, 24, 23, 24, 23]","[""right"", ""right"", ""right"", ""down"", ""down"", ""down"", ""down"", ""left"", ""right"", ""left""]","[-1.0, -1.0, -1.0, 1.0, 1.0, 1.0, 1.0, 1.0, -1.0, 1.0]",10,img121_d4_s01_g21_r0,4,6
GOMAA-Geo,/root/src/compare_baselines_bundle_20260505_v2/compare_baselines_bundle/gomaa_geo_official/gomaa_geo/checkpoint/formal_ppo_seed42_t480k/formal_ppo.pt,swissviewmonuments,121,6,9,21,21,True,0,"[9, 14, 13, 12, 11, 16, 21]","[""down"", ""left"", ""left"", ""left"", ""down"", ""down""]","[1.0, 1.0, 1.0, 1.0, 1.0, 1.0]",6,img121_d6_s09_g21_r0,6,0
GOMAA-Geo,/root/src/compare_baselines_bundle_20260505_v2/compare_baselines_bundle/gomaa_geo_official/gomaa_geo/checkpoint/formal_ppo_seed42_t480k/formal_ppo.pt,swissviewmonuments,122,4,10,22,24,False,2,"[10, 5, 6, 7, 8, 9, 14, 19, 24, 23, 24]","[""up"", ""right"", ""right"", ""right"", ""right"", ""down"", ""down"", ""down"", ""left"", ""right""]","[-1.0, 1.0, 1.0, -1.0, -1.0, 1.0, 1.0, 1.0, 1.0, -1.0]",10,img122_d4_s10_g22_r0,4,6
GOMAA-Geo,/root/src/compare_baselines_bundle_20260505_v2/compare_baselines_bundle/gomaa_geo_official/gomaa_geo/checkpoint/formal_ppo_seed42_t480k/formal_ppo.pt,swissviewmonuments,122,6,0,22,24,False,2,"[0, 5, 6, 7, 8, 13, 18, 19, 24, 23, 24]","[""down"", ""right"", ""right"", ""right"", ""down"", ""down"", ""right"", ""down"", ""left"", ""right""]","[1.0, 1.0, 1.0, -1.0, 1.0, 1.0, -1.0, 1.0, 1.0, -1.0]",10,img122_d6_s00_g22_r0,6,4
GOMAA-Geo,/root/src/compare_baselines_bundle_20260505_v2/compare_baselines_bundle/gomaa_geo_official/gomaa_geo/checkpoint/formal_ppo_seed42_t480k/formal_ppo.pt,swissviewmonuments,123,4,7,23,7,False,4,"[7, 6, 11, 16, 17, 18, 13, 8, 7, 8, 7]","[""left"", ""down"", ""down"", ""right"", ""right"", ""up"", ""up"", ""left"", ""right"", ""left""]","[-1.0, 1.0, 1.0, 1.0, 1.0, -1.0, -1.0, -1.0, 1.0, -1.0]",10,img123_d4_s07_g23_r0,4,6
GOMAA-Geo,/root/src/compare_baselines_bundle_20260505_v2/compare_baselines_bundle/gomaa_geo_official/gomaa_geo/checkpoint/formal_ppo_seed42_t480k/formal_ppo.pt,swissviewmonuments,123,6,5,23,23,True,0,"[5, 0, 1, 2, 3, 4, 9, 14, 19, 24, 23]","[""up"", ""right"", ""right"", ""right"", ""right"", ""down"", ""down"", ""down"", ""down"", ""left""]","[-1.0, 1.0, 1.0, 1.0, -1.0, 1.0, 1.0, 1.0, 1.0, 1.0]",10,img123_d6_s05_g23_r0,6,4
GOMAA-Geo,/root/src/compare_baselines_bundle_20260505_v2/compare_baselines_bundle/gomaa_geo_official/gomaa_geo/checkpoint/formal_ppo_seed42_t480k/formal_ppo.pt,swissviewmonuments,124,4,16,24,24,True,0,"[16, 11, 6, 7, 8, 3, 4, 9, 14, 19, 24]","[""up"", ""up"", ""right"", ""right"", ""up"", ""right"", ""down"", ""down"", ""down"", ""down""]","[-1.0, -1.0, 1.0, 1.0, -1.0, 1.0, 1.0, 1.0, 1.0, 1.0]",10,img124_d4_s16_g24_r0,4,6
GOMAA-Geo,/root/src/compare_baselines_bundle_20260505_v2/compare_baselines_bundle/gomaa_geo_official/gomaa_geo/checkpoint/formal_ppo_seed42_t480k/formal_ppo.pt,swissviewmonuments,124,6,6,24,24,True,0,"[6, 11, 12, 13, 18, 23, 24]","[""down"", ""right"", ""right"", ""down"", ""down"", ""right""]","[1.0, 1.0, 1.0, 1.0, 1.0, 1.0]",6,img124_d6_s06_g24_r0,6,0
GOMAA-Geo,/root/src/compare_baselines_bundle_20260505_v2/compare_baselines_bundle/gomaa_geo_official/gomaa_geo/checkpoint/formal_ppo_seed42_t480k/formal_ppo.pt,swissviewmonuments,124,8,0,24,24,True,0,"[0, 5, 10, 15, 16, 17, 18, 19, 24]","[""down"", ""down"", ""down"", ""right"", ""right"", ""right"", ""right"", ""down""]","[1.0, 1.0, 1.0, 1.0, 1.0, 1.0, 1.0, 1.0]",8,img124_d8_s00_g24_r0,8,0
GOMAA-Geo,/root/src/compare_baselines_bundle_20260505_v2/compare_baselines_bundle/gomaa_geo_official/gomaa_geo/checkpoint/formal_ppo_seed42_t480k/formal_ppo.pt,swissviewmonuments,125,4,8,0,22,False,6,"[8, 7, 6, 11, 16, 21, 20, 21, 22, 21, 22]","[""left"", ""left"", ""down"", ""down"", ""down"", ""left"", ""right"", ""right"", ""left"", ""right""]","[1.0, 1.0, -1.0, -1.0, -1.0, 1.0, -1.0, -1.0, 1.0, -1.0]",10,img125_d4_s08_g00_r0,4,6
GOMAA-Geo,/root/src/compare_baselines_bundle_20260505_v2/compare_baselines_bundle/gomaa_geo_official/gomaa_geo/checkpoint/formal_ppo_seed42_t480k/formal_ppo.pt,swissviewmonuments,125,6,18,0,0,True,0,"[18, 13, 8, 7, 6, 5, 0]","[""up"", ""up"", ""left"", ""left"", ""left"", ""up""]","[1.0, 1.0, 1.0, 1.0, 1.0, 1.0]",6,img125_d6_s18_g00_r0,6,0
GOMAA-Geo,/root/src/compare_baselines_bundle_20260505_v2/compare_baselines_bundle/gomaa_geo_official/gomaa_geo/checkpoint/formal_ppo_seed42_t480k/formal_ppo.pt,swissviewmonuments,125,8,24,0,0,True,0,"[24, 23, 22, 21, 20, 15, 10, 5, 0]","[""left"", ""left"", ""left"", ""left"", ""up"", ""up"", ""up"", ""up""]","[1.0, 1.0, 1.0, 1.0, 1.0, 1.0, 1.0, 1.0]",8,img125_d8_s24_g00_r0,8,0
GOMAA-Geo,/root/src/compare_baselines_bundle_20260505_v2/compare_baselines_bundle/gomaa_geo_official/gomaa_geo/checkpoint/formal_ppo_seed42_t480k/formal_ppo.pt,swissviewmonuments,126,4,13,1,15,False,4,"[13, 8, 7, 6, 5, 10, 15, 10, 15, 10, 15]","[""up"", ""left"", ""left"", ""left"", ""down"", ""down"", ""up"", ""down"", ""up"", ""down""]","[1.0, 1.0, 1.0, -1.0, -1.0, -1.0, 1.0, -1.0, 1.0, -1.0]",10,img126_d4_s13_g01_r0,4,6
GOMAA-Geo,/root/src/compare_baselines_bundle_20260505_v2/compare_baselines_bundle/gomaa_geo_official/gomaa_geo/checkpoint/formal_ppo_seed42_t480k/formal_ppo.pt,swissviewmonuments,126,6,19,1,1,True,0,"[19, 14, 9, 4, 3, 2, 1]","[""up"", ""up"", ""up"", ""left"", ""left"", ""left""]","[1.0, 1.0, 1.0, 1.0, 1.0, 1.0]",6,img126_d6_s19_g01_r0,6,0
GOMAA-Geo,/root/src/compare_baselines_bundle_20260505_v2/compare_baselines_bundle/gomaa_geo_official/gomaa_geo/checkpoint/formal_ppo_seed42_t480k/formal_ppo.pt,swissviewmonuments,127,4,14,2,2,True,0,"[14, 9, 4, 3, 2]","[""up"", ""up"", ""left"", ""left""]","[1.0, 1.0, 1.0, 1.0]",4,img127_d4_s14_g02_r0,4,0
GOMAA-Geo,/root/src/compare_baselines_bundle_20260505_v2/compare_baselines_bundle/gomaa_geo_official/gomaa_geo/checkpoint/formal_ppo_seed42_t480k/formal_ppo.pt,swissviewmonuments,127,6,24,2,2,True,0,"[24, 23, 22, 21, 20, 15, 10, 5, 0, 1, 2]","[""left"", ""left"", ""left"", ""left"", ""up"", ""up"", ""up"", ""up"", ""right"", ""right""]","[1.0, 1.0, -1.0, -1.0, 1.0, 1.0, 1.0, 1.0, 1.0, 1.0]",10,img127_d6_s24_g02_r0,6,4
GOMAA-Geo,/root/src/compare_baselines_bundle_20260505_v2/compare_baselines_bundle/gomaa_geo_official/gomaa_geo/checkpoint/formal_ppo_seed42_t480k/formal_ppo.pt,swissviewmonuments,128,4,23,3,1,False,2,"[23, 22, 21, 20, 15, 10, 5, 0, 1, 0, 1]","[""left"", ""left"", ""left"", ""up"", ""up"", ""up"", ""up"", ""right"", ""left"", ""right""]","[-1.0, -1.0, -1.0, 1.0, 1.0, 1.0, 1.0, 1.0, -1.0, 1.0]",10,img128_d4_s23_g03_r0,4,6
GOMAA-Geo,/root/src/compare_baselines_bundle_20260505_v2/compare_baselines_bundle/gomaa_geo_official/gomaa_geo/checkpoint/formal_ppo_seed42_t480k/formal_ppo.pt,swissviewmonuments,128,6,21,3,3,True,0,"[21, 22, 23, 24, 19, 14, 9, 4, 3]","[""right"", ""right"", ""right"", ""up"", ""up"", ""up"", ""up"", ""left""]","[1.0, 1.0, -1.0, 1.0, 1.0, 1.0, 1.0, 1.0]",8,img128_d6_s21_g03_r0,6,2
GOMAA-Geo,/root/src/compare_baselines_bundle_20260505_v2/compare_baselines_bundle/gomaa_geo_official/gomaa_geo/checkpoint/formal_ppo_seed42_t480k/formal_ppo.pt,swissviewmonuments,129,4,0,4,14,False,2,"[0, 5, 10, 15, 16, 17, 18, 19, 14, 19, 14]","[""down"", ""down"", ""down"", ""right"", ""right"", ""right"", ""right"", ""up"", ""down"", ""up""]","[-1.0, -1.0, -1.0, 1.0, 1.0, 1.0, 1.0, 1.0, -1.0, 1.0]",10,img129_d4_s00_g04_r0,4,6
GOMAA-Geo,/root/src/compare_baselines_bundle_20260505_v2/compare_baselines_bundle/gomaa_geo_official/gomaa_geo/checkpoint/formal_ppo_seed42_t480k/formal_ppo.pt,swissviewmonuments,129,6,22,4,4,True,0,"[22, 21, 16, 11, 6, 1, 2, 3, 4]","[""left"", ""up"", ""up"", ""up"", ""up"", ""right"", ""right"", ""right""]","[-1.0, 1.0, 1.0, 1.0, 1.0, 1.0, 1.0, 1.0]",8,img129_d6_s22_g04_r0,6,2
GOMAA-Geo,/root/src/compare_baselines_bundle_20260505_v2/compare_baselines_bundle/gomaa_geo_official/gomaa_geo/checkpoint/formal_ppo_seed42_t480k/formal_ppo.pt,swissviewmonuments,129,8,20,4,4,True,0,"[20, 15, 10, 5, 0, 1, 2, 3, 4]","[""up"", ""up"", ""up"", ""up"", ""right"", ""right"", ""right"", ""right""]","[1.0, 1.0, 1.0, 1.0, 1.0, 1.0, 1.0, 1.0]",8,img129_d8_s20_g04_r0,8,0
GOMAA-Geo,/root/src/compare_baselines_bundle_20260505_v2/compare_baselines_bundle/gomaa_geo_official/gomaa_geo/checkpoint/formal_ppo_seed42_t480k/formal_ppo.pt,swissviewmonuments,130,4,3,5,21,False,4,"[3, 2, 1, 6, 11, 16, 15, 20, 21, 20, 21]","[""left"", ""left"", ""down"", ""down"", ""down"", ""left"", ""down"", ""right"", ""left"", ""right""]","[1.0, 1.0, 1.0, -1.0, -1.0, 1.0, -1.0, -1.0, 1.0, -1.0]",10,img130_d4_s03_g05_r0,4,6
GOMAA-Geo,/root/src/compare_baselines_bundle_20260505_v2/compare_baselines_bundle/gomaa_geo_official/gomaa_geo/checkpoint/formal_ppo_seed42_t480k/formal_ppo.pt,swissviewmonuments,130,6,19,5,1,False,2,"[19, 14, 9, 4, 3, 2, 1, 0, 1, 0, 1]","[""up"", ""up"", ""up"", ""left"", ""left"", ""left"", ""left"", ""right"", ""left"", ""right""]","[1.0, 1.0, -1.0, 1.0, 1.0, 1.0, 1.0, -1.0, 1.0, -1.0]",10,img130_d6_s19_g05_r0,6,4
GOMAA-Geo,/root/src/compare_baselines_bundle_20260505_v2/compare_baselines_bundle/gomaa_geo_official/gomaa_geo/checkpoint/formal_ppo_seed42_t480k/formal_ppo.pt,swissviewmonuments,131,4,4,6,20,False,4,"[4, 3, 2, 1, 0, 5, 10, 15, 20, 21, 20]","[""left"", ""left"", ""left"", ""left"", ""down"", ""down"", ""down"", ""down"", ""right"", ""left""]","[1.0, 1.0, 1.0, -1.0, 1.0, -1.0, -1.0, -1.0, 1.0, -1.0]",10,img131_d4_s04_g06_r0,4,6
GOMAA-Geo,/root/src/compare_baselines_bundle_20260505_v2/compare_baselines_bundle/gomaa_geo_official/gomaa_geo/checkpoint/formal_ppo_seed42_t480k/formal_ppo.pt,swissviewmonuments,131,6,24,6,0,False,2,"[24, 23, 22, 21, 20, 15, 10, 5, 0, 1, 0]","[""left"", ""left"", ""left"", ""left"", ""up"", ""up"", ""up"", ""up"", ""right"", ""left""]","[1.0, 1.0, 1.0, -1.0, 1.0, 1.0, 1.0, -1.0, 1.0, -1.0]",10,img131_d6_s24_g06_r0,6,4
GOMAA-Geo,/root/src/compare_baselines_bundle_20260505_v2/compare_baselines_bundle/gomaa_geo_official/gomaa_geo/checkpoint/formal_ppo_seed42_t480k/formal_ppo.pt,swissviewmonuments,132,4,23,7,5,False,2,"[23, 22, 21, 20, 15, 10, 5, 0, 1, 0, 5]","[""left"", ""left"", ""left"", ""up"", ""up"", ""up"", ""up"", ""right"", ""left"", ""down""]","[1.0, -1.0, -1.0, 1.0, 1.0, 1.0, -1.0, 1.0, -1.0, 1.0]",10,img132_d4_s23_g07_r0,4,6
GOMAA-Geo,/root/src/compare_baselines_bundle_20260505_v2/compare_baselines_bundle/gomaa_geo_official/gomaa_geo/checkpoint/formal_ppo_seed42_t480k/formal_ppo.pt,swissviewmonuments,133,4,24,8,0,False,4,"[24, 23, 22, 21, 20, 15, 10, 5, 0, 5, 0]","[""left"", ""left"", ""left"", ""left"", ""up"", ""up"", ""up"", ""up"", ""down"", ""up""]","[1.0, -1.0, -1.0, -1.0, 1.0, 1.0, 1.0, -1.0, 1.0, -1.0]",10,img133_d4_s24_g08_r0,4,6
GOMAA-Geo,/root/src/compare_baselines_bundle_20260505_v2/compare_baselines_bundle/gomaa_geo_official/gomaa_geo/checkpoint/formal_ppo_seed42_t480k/formal_ppo.pt,swissviewmonuments,133,6,20,8,8,True,0,"[20, 15, 16, 17, 18, 13, 8]","[""up"", ""right"", ""right"", ""right"", ""up"", ""up""]","[1.0, 1.0, 1.0, 1.0, 1.0, 1.0]",6,img133_d6_s20_g08_r0,6,0
GOMAA-Geo,/root/src/compare_baselines_bundle_20260505_v2/compare_baselines_bundle/gomaa_geo_official/gomaa_geo/checkpoint/formal_ppo_seed42_t480k/formal_ppo.pt,swissviewmonuments,134,4,23,9,1,False,4,"[23, 22, 21, 20, 15, 10, 5, 0, 1, 2, 1]","[""left"", ""left"", ""left"", ""up"", ""up"", ""up"", ""up"", ""right"", ""right"", ""left""]","[-1.0, -1.0, -1.0, 1.0, 1.0, 1.0, -1.0, 1.0, 1.0, -1.0]",10,img134_d4_s23_g09_r0,4,6
GOMAA-Geo,/root/src/compare_baselines_bundle_20260505_v2/compare_baselines_bundle/gomaa_geo_official/gomaa_geo/checkpoint/formal_ppo_seed42_t480k/formal_ppo.pt,swissviewmonuments,134,6,21,9,9,True,0,"[21, 22, 23, 24, 19, 14, 9]","[""right"", ""right"", ""right"", ""up"", ""up"", ""up""]","[1.0, 1.0, 1.0, 1.0, 1.0, 1.0]",6,img134_d6_s21_g09_r0,6,0
GOMAA-Geo,/root/src/compare_baselines_bundle_20260505_v2/compare_baselines_bundle/gomaa_geo_official/gomaa_geo/checkpoint/formal_ppo_seed42_t480k/formal_ppo.pt,swissviewmonuments,135,4,22,10,10,True,0,"[22, 23, 18, 13, 8, 7, 6, 11, 6, 11, 10]","[""right"", ""up"", ""up"", ""up"", ""left"", ""left"", ""down"", ""up"", ""down"", ""left""]","[-1.0, 1.0, 1.0, -1.0, 1.0, 1.0, 1.0, -1.0, 1.0, 1.0]",10,img135_d4_s22_g10_r0,4,6
GOMAA-Geo,/root/src/compare_baselines_bundle_20260505_v2/compare_baselines_bundle/gomaa_geo_official/gomaa_geo/checkpoint/formal_ppo_seed42_t480k/formal_ppo.pt,swissviewmonuments,135,6,24,10,10,True,0,"[24, 19, 14, 9, 8, 7, 6, 5, 10]","[""up"", ""up"", ""up"", ""left"", ""left"", ""left"", ""left"", ""down""]","[1.0, 1.0, -1.0, 1.0, 1.0, 1.0, 1.0, 1.0]",8,img135_d6_s24_g10_r0,6,2
GOMAA-Geo,/root/src/compare_baselines_bundle_20260505_v2/compare_baselines_bundle/gomaa_geo_official/gomaa_geo/checkpoint/formal_ppo_seed42_t480k/formal_ppo.pt,swissviewmonuments,136,4,23,11,1,False,2,"[23, 22, 21, 20, 15, 10, 5, 0, 1, 2, 1]","[""left"", ""left"", ""left"", ""up"", ""up"", ""up"", ""up"", ""right"", ""right"", ""left""]","[1.0, 1.0, -1.0, 1.0, 1.0, -1.0, -1.0, 1.0, -1.0, 1.0]",10,img136_d4_s23_g11_r0,4,6
GOMAA-Geo,/root/src/compare_baselines_bundle_20260505_v2/compare_baselines_bundle/gomaa_geo_official/gomaa_geo/checkpoint/formal_ppo_seed42_t480k/formal_ppo.pt,swissviewmonuments,137,4,24,12,2,False,2,"[24, 23, 22, 21, 20, 15, 10, 5, 0, 1, 2]","[""left"", ""left"", ""left"", ""left"", ""up"", ""up"", ""up"", ""up"", ""right"", ""right""]","[1.0, 1.0, -1.0, -1.0, 1.0, 1.0, -1.0, -1.0, 1.0, 1.0]",10,img137_d4_s24_g12_r0,4,6
GOMAA-Geo,/root/src/compare_baselines_bundle_20260505_v2/compare_baselines_bundle/gomaa_geo_official/gomaa_geo/checkpoint/formal_ppo_seed42_t480k/formal_ppo.pt,swissviewmonuments,138,4,1,13,13,True,0,"[1, 2, 3, 8, 13]","[""right"", ""right"", ""down"", ""down""]","[1.0, 1.0, 1.0, 1.0]",4,img138_d4_s01_g13_r0,4,0
GOMAA-Geo,/root/src/compare_baselines_bundle_20260505_v2/compare_baselines_bundle/gomaa_geo_official/gomaa_geo/checkpoint/formal_ppo_seed42_t480k/formal_ppo.pt,swissviewmonuments,139,4,2,14,24,False,2,"[2, 1, 6, 11, 16, 21, 22, 23, 24, 23, 24]","[""left"", ""down"", ""down"", ""down"", ""down"", ""right"", ""right"", ""right"", ""left"", ""right""]","[-1.0, 1.0, 1.0, -1.0, -1.0, 1.0, 1.0, 1.0, -1.0, 1.0]",10,img139_d4_s02_g14_r0,4,6
GOMAA-Geo,/root/src/compare_baselines_bundle_20260505_v2/compare_baselines_bundle/gomaa_geo_official/gomaa_geo/checkpoint/formal_ppo_seed42_t480k/formal_ppo.pt,swissviewmonuments,139,6,20,14,14,True,0,"[20, 21, 22, 23, 24, 19, 14]","[""right"", ""right"", ""right"", ""right"", ""up"", ""up""]","[1.0, 1.0, 1.0, 1.0, 1.0, 1.0]",6,img139_d6_s20_g14_r0,6,0
GOMAA-Geo,/root/src/compare_baselines_bundle_20260505_v2/compare_baselines_bundle/gomaa_geo_official/gomaa_geo/checkpoint/formal_ppo_seed42_t480k/formal_ppo.pt,swissviewmonuments,140,4,1,15,23,False,4,"[1, 2, 3, 4, 9, 14, 19, 24, 23, 24, 23]","[""right"", ""right"", ""right"", ""down"", ""down"", ""down"", ""down"", ""left"", ""right"", ""left""]","[-1.0, -1.0, -1.0, 1.0, 1.0, 1.0, -1.0, 1.0, -1.0, 1.0]",10,img140_d4_s01_g15_r0,4,6
GOMAA-Geo,/root/src/compare_baselines_bundle_20260505_v2/compare_baselines_bundle/gomaa_geo_official/gomaa_geo/checkpoint/formal_ppo_seed42_t480k/formal_ppo.pt,swissviewmonuments,140,6,9,15,15,True,0,"[9, 14, 19, 18, 17, 16, 15]","[""down"", ""down"", ""left"", ""left"", ""left"", ""left""]","[1.0, 1.0, 1.0, 1.0, 1.0, 1.0]",6,img140_d6_s09_g15_r0,6,0
GOMAA-Geo,/root/src/compare_baselines_bundle_20260505_v2/compare_baselines_bundle/gomaa_geo_official/gomaa_geo/checkpoint/formal_ppo_seed42_t480k/formal_ppo.pt,swissviewmonuments,141,4,14,16,0,False,4,"[14, 13, 12, 11, 6, 1, 0, 5, 0, 1, 0]","[""left"", ""left"", ""left"", ""up"", ""up"", ""left"", ""down"", ""up"", ""right"", ""left""]","[1.0, 1.0, 1.0, -1.0, -1.0, -1.0, 1.0, -1.0, 1.0, -1.0]",10,img141_d4_s14_g16_r0,4,6
GOMAA-Geo,/root/src/compare_baselines_bundle_20260505_v2/compare_baselines_bundle/gomaa_geo_official/gomaa_geo/checkpoint/formal_ppo_seed42_t480k/formal_ppo.pt,swissviewmonuments,141,6,4,16,10,False,2,"[4, 3, 2, 1, 0, 5, 10, 15, 10, 5, 10]","[""left"", ""left"", ""left"", ""left"", ""down"", ""down"", ""down"", ""up"", ""up"", ""down""]","[1.0, 1.0, 1.0, -1.0, 1.0, 1.0, 1.0, -1.0, -1.0, 1.0]",10,img141_d6_s04_g16_r0,6,4
GOMAA-Geo,/root/src/compare_baselines_bundle_20260505_v2/compare_baselines_bundle/gomaa_geo_official/gomaa_geo/checkpoint/formal_ppo_seed42_t480k/formal_ppo.pt,swissviewmonuments,142,4,3,17,21,False,2,"[3, 2, 1, 0, 5, 10, 15, 20, 15, 20, 21]","[""left"", ""left"", ""left"", ""down"", ""down"", ""down"", ""down"", ""up"", ""down"", ""right""]","[1.0, -1.0, -1.0, 1.0, 1.0, 1.0, -1.0, 1.0, -1.0, 1.0]",10,img142_d4_s03_g17_r0,4,6
GOMAA-Geo,/root/src/compare_baselines_bundle_20260505_v2/compare_baselines_bundle/gomaa_geo_official/gomaa_geo/checkpoint/formal_ppo_seed42_t480k/formal_ppo.pt,swissviewmonuments,143,4,10,18,24,False,2,"[10, 5, 6, 7, 8, 9, 14, 19, 24, 23, 24]","[""up"", ""right"", ""right"", ""right"", ""right"", ""down"", ""down"", ""down"", ""left"", ""right""]","[-1.0, 1.0, 1.0, 1.0, -1.0, 1.0, 1.0, -1.0, 1.0, -1.0]",10,img143_d4_s10_g18_r0,4,6
GOMAA-Geo,/root/src/compare_baselines_bundle_20260505_v2/compare_baselines_bundle/gomaa_geo_official/gomaa_geo/checkpoint/formal_ppo_seed42_t480k/formal_ppo.pt,swissviewmonuments,143,6,0,18,16,False,2,"[0, 5, 10, 15, 16, 17, 16, 17, 16, 17, 16]","[""down"", ""down"", ""down"", ""right"", ""right"", ""left"", ""right"", ""left"", ""right"", ""left""]","[1.0, 1.0, 1.0, 1.0, 1.0, -1.0, 1.0, -1.0, 1.0, -1.0]",10,img143_d6_s00_g18_r0,6,4
GOMAA-Geo,/root/src/compare_baselines_bundle_20260505_v2/compare_baselines_bundle/gomaa_geo_official/gomaa_geo/checkpoint/formal_ppo_seed42_t480k/formal_ppo.pt,swissviewmonuments,144,4,21,19,19,True,0,"[21, 22, 23, 24, 19]","[""right"", ""right"", ""right"", ""up""]","[1.0, 1.0, 1.0, 1.0]",4,img144_d4_s21_g19_r0,4,0
GOMAA-Geo,/root/src/compare_baselines_bundle_20260505_v2/compare_baselines_bundle/gomaa_geo_official/gomaa_geo/checkpoint/formal_ppo_seed42_t480k/formal_ppo.pt,swissviewmonuments,144,6,5,19,17,False,2,"[5, 10, 15, 16, 17, 18, 17, 18, 17, 18, 17]","[""down"", ""down"", ""right"", ""right"", ""right"", ""left"", ""right"", ""left"", ""right"", ""left""]","[1.0, 1.0, 1.0, 1.0, 1.0, -1.0, 1.0, -1.0, 1.0, -1.0]",10,img144_d6_s05_g19_r0,6,4
GOMAA-Geo,/root/src/compare_baselines_bundle_20260505_v2/compare_baselines_bundle/gomaa_geo_official/gomaa_geo/checkpoint/formal_ppo_seed42_t480k/formal_ppo.pt,swissviewmonuments,145,4,24,20,20,True,0,"[24, 23, 22, 21, 20]","[""left"", ""left"", ""left"", ""left""]","[1.0, 1.0, 1.0, 1.0]",4,img145_d4_s24_g20_r0,4,0
GOMAA-Geo,/root/src/compare_baselines_bundle_20260505_v2/compare_baselines_bundle/gomaa_geo_official/gomaa_geo/checkpoint/formal_ppo_seed42_t480k/formal_ppo.pt,swissviewmonuments,145,6,8,20,20,True,0,"[8, 7, 6, 11, 16, 15, 20]","[""left"", ""left"", ""down"", ""down"", ""left"", ""down""]","[1.0, 1.0, 1.0, 1.0, 1.0, 1.0]",6,img145_d6_s08_g20_r0,6,0
GOMAA-Geo,/root/src/compare_baselines_bundle_20260505_v2/compare_baselines_bundle/gomaa_geo_official/gomaa_geo/checkpoint/formal_ppo_seed42_t480k/formal_ppo.pt,swissviewmonuments,145,8,4,20,20,True,0,"[4, 3, 2, 1, 6, 11, 16, 15, 20]","[""left"", ""left"", ""left"", ""down"", ""down"", ""down"", ""left"", ""down""]","[1.0, 1.0, 1.0, 1.0, 1.0, 1.0, 1.0, 1.0]",8,img145_d8_s04_g20_r0,8,0
GOMAA-Geo,/root/src/compare_baselines_bundle_20260505_v2/compare_baselines_bundle/gomaa_geo_official/gomaa_geo/checkpoint/formal_ppo_seed42_t480k/formal_ppo.pt,swissviewmonuments,146,4,13,21,1,False,4,"[13, 8, 7, 6, 11, 16, 15, 10, 5, 0, 1]","[""up"", ""left"", ""left"", ""down"", ""down"", ""left"", ""up"", ""up"", ""up"", ""right""]","[-1.0, 1.0, 1.0, 1.0, 1.0, -1.0, -1.0, -1.0, -1.0, 1.0]",10,img146_d4_s13_g21_r0,4,6
GOMAA-Geo,/root/src/compare_baselines_bundle_20260505_v2/compare_baselines_bundle/gomaa_geo_official/gomaa_geo/checkpoint/formal_ppo_seed42_t480k/formal_ppo.pt,swissviewmonuments,146,6,3,21,21,True,0,"[3, 2, 1, 6, 11, 16, 21]","[""left"", ""left"", ""down"", ""down"", ""down"", ""down""]","[1.0, 1.0, 1.0, 1.0, 1.0, 1.0]",6,img146_d6_s03_g21_r0,6,0
GOMAA-Geo,/root/src/compare_baselines_bundle_20260505_v2/compare_baselines_bundle/gomaa_geo_official/gomaa_geo/checkpoint/formal_ppo_seed42_t480k/formal_ppo.pt,swissviewmonuments,147,4,14,22,10,False,4,"[14, 9, 8, 7, 6, 1, 0, 5, 10, 5, 10]","[""up"", ""left"", ""left"", ""left"", ""up"", ""left"", ""down"", ""down"", ""up"", ""down""]","[-1.0, 1.0, 1.0, -1.0, -1.0, -1.0, 1.0, 1.0, -1.0, 1.0]",10,img147_d4_s14_g22_r0,4,6
GOMAA-Geo,/root/src/compare_baselines_bundle_20260505_v2/compare_baselines_bundle/gomaa_geo_official/gomaa_geo/checkpoint/formal_ppo_seed42_t480k/formal_ppo.pt,swissviewmonuments,147,6,0,22,24,False,2,"[0, 5, 10, 15, 16, 17, 18, 19, 24, 23, 24]","[""down"", ""down"", ""down"", ""right"", ""right"", ""right"", ""right"", ""down"", ""left"", ""right""]","[1.0, 1.0, 1.0, 1.0, 1.0, -1.0, -1.0, 1.0, 1.0, -1.0]",10,img147_d6_s00_g22_r0,6,4
GOMAA-Geo,/root/src/compare_baselines_bundle_20260505_v2/compare_baselines_bundle/gomaa_geo_official/gomaa_geo/checkpoint/formal_ppo_seed42_t480k/formal_ppo.pt,swissviewmonuments,148,4,7,23,21,False,2,"[7, 6, 11, 16, 15, 20, 21, 20, 21, 20, 21]","[""left"", ""down"", ""down"", ""left"", ""down"", ""right"", ""left"", ""right"", ""left"", ""right""]","[-1.0, 1.0, 1.0, -1.0, 1.0, 1.0, -1.0, 1.0, -1.0, 1.0]",10,img148_d4_s07_g23_r0,4,6
GOMAA-Geo,/root/src/compare_baselines_bundle_20260505_v2/compare_baselines_bundle/gomaa_geo_official/gomaa_geo/checkpoint/formal_ppo_seed42_t480k/formal_ppo.pt,swissviewmonuments,148,6,5,23,23,True,0,"[5, 10, 15, 16, 17, 18, 19, 24, 23]","[""down"", ""down"", ""right"", ""right"", ""right"", ""right"", ""down"", ""left""]","[1.0, 1.0, 1.0, 1.0, 1.0, -1.0, 1.0, 1.0]",8,img148_d6_s05_g23_r0,6,2
GOMAA-Geo,/root/src/compare_baselines_bundle_20260505_v2/compare_baselines_bundle/gomaa_geo_official/gomaa_geo/checkpoint/formal_ppo_seed42_t480k/formal_ppo.pt,swissviewmonuments,149,4,12,24,22,False,2,"[12, 7, 6, 5, 10, 15, 20, 21, 20, 21, 22]","[""up"", ""left"", ""left"", ""down"", ""down"", ""down"", ""right"", ""left"", ""right"", ""right""]","[-1.0, -1.0, -1.0, 1.0, 1.0, 1.0, 1.0, -1.0, 1.0, 1.0]",10,img149_d4_s12_g24_r0,4,6
GOMAA-Geo,/root/src/compare_baselines_bundle_20260505_v2/compare_baselines_bundle/gomaa_geo_official/gomaa_geo/checkpoint/formal_ppo_seed42_t480k/formal_ppo.pt,swissviewmonuments,149,6,6,24,22,False,2,"[6, 5, 10, 15, 20, 21, 22, 21, 22, 21, 22]","[""left"", ""down"", ""down"", ""down"", ""right"", ""right"", ""left"", ""right"", ""left"", ""right""]","[-1.0, 1.0, 1.0, 1.0, 1.0, 1.0, -1.0, 1.0, -1.0, 1.0]",10,img149_d6_s06_g24_r0,6,4
GOMAA-Geo,/root/src/compare_baselines_bundle_20260505_v2/compare_baselines_bundle/gomaa_geo_official/gomaa_geo/checkpoint/formal_ppo_seed42_t480k/formal_ppo.pt,swissviewmonuments,149,8,0,24,24,True,0,"[0, 1, 2, 3, 8, 13, 18, 23, 24]","[""right"", ""right"", ""right"", ""down"", ""down"", ""down"", ""down"", ""right""]","[1.0, 1.0, 1.0, 1.0, 1.0, 1.0, 1.0, 1.0]",8,img149_d8_s00_g24_r0,8,0
GOMAA-Geo,/root/src/compare_baselines_bundle_20260505_v2/compare_baselines_bundle/gomaa_geo_official/gomaa_geo/checkpoint/formal_ppo_seed42_t480k/formal_ppo.pt,swissviewmonuments,150,4,8,0,10,False,2,"[8, 13, 18, 17, 16, 15, 10, 5, 10, 5, 10]","[""down"", ""down"", ""left"", ""left"", ""left"", ""up"", ""up"", ""down"", ""up"", ""down""]","[-1.0, -1.0, 1.0, 1.0, 1.0, 1.0, 1.0, -1.0, 1.0, -1.0]",10,img150_d4_s08_g00_r0,4,6
GOMAA-Geo,/root/src/compare_baselines_bundle_20260505_v2/compare_baselines_bundle/gomaa_geo_official/gomaa_geo/checkpoint/formal_ppo_seed42_t480k/formal_ppo.pt,swissviewmonuments,150,6,14,0,0,True,0,"[14, 9, 4, 3, 2, 1, 0]","[""up"", ""up"", ""left"", ""left"", ""left"", ""left""]","[1.0, 1.0, 1.0, 1.0, 1.0, 1.0]",6,img150_d6_s14_g00_r0,6,0
GOMAA-Geo,/root/src/compare_baselines_bundle_20260505_v2/compare_baselines_bundle/gomaa_geo_official/gomaa_geo/checkpoint/formal_ppo_seed42_t480k/formal_ppo.pt,swissviewmonuments,150,8,24,0,0,True,0,"[24, 23, 22, 21, 20, 15, 10, 5, 0]","[""left"", ""left"", ""left"", ""left"", ""up"", ""up"", ""up"", ""up""]","[1.0, 1.0, 1.0, 1.0, 1.0, 1.0, 1.0, 1.0]",8,img150_d8_s24_g00_r0,8,0
GOMAA-Geo,/root/src/compare_baselines_bundle_20260505_v2/compare_baselines_bundle/gomaa_geo_official/gomaa_geo/checkpoint/formal_ppo_seed42_t480k/formal_ppo.pt,swissviewmonuments,151,4,15,1,1,True,0,"[15, 10, 5, 0, 1]","[""up"", ""up"", ""up"", ""right""]","[1.0, 1.0, 1.0, 1.0]",4,img151_d4_s15_g01_r0,4,0
GOMAA-Geo,/root/src/compare_baselines_bundle_20260505_v2/compare_baselines_bundle/gomaa_geo_official/gomaa_geo/checkpoint/formal_ppo_seed42_t480k/formal_ppo.pt,swissviewmonuments,151,6,23,1,1,True,0,"[23, 22, 21, 20, 15, 10, 5, 0, 1]","[""left"", ""left"", ""left"", ""up"", ""up"", ""up"", ""up"", ""right""]","[1.0, 1.0, -1.0, 1.0, 1.0, 1.0, 1.0, 1.0]",8,img151_d6_s23_g01_r0,6,2
GOMAA-Geo,/root/src/compare_baselines_bundle_20260505_v2/compare_baselines_bundle/gomaa_geo_official/gomaa_geo/checkpoint/formal_ppo_seed42_t480k/formal_ppo.pt,swissviewmonuments,152,4,18,2,10,False,4,"[18, 13, 8, 7, 6, 1, 0, 5, 10, 5, 10]","[""up"", ""up"", ""left"", ""left"", ""up"", ""left"", ""down"", ""down"", ""up"", ""down""]","[1.0, 1.0, 1.0, -1.0, 1.0, -1.0, -1.0, -1.0, 1.0, -1.0]",10,img152_d4_s18_g02_r0,4,6
GOMAA-Geo,/root/src/compare_baselines_bundle_20260505_v2/compare_baselines_bundle/gomaa_geo_official/gomaa_geo/checkpoint/formal_ppo_seed42_t480k/formal_ppo.pt,swissviewmonuments,152,6,24,2,10,False,4,"[24, 23, 22, 21, 20, 15, 10, 5, 0, 5, 10]","[""left"", ""left"", ""left"", ""left"", ""up"", ""up"", ""up"", ""up"", ""down"", ""down""]","[1.0, 1.0, -1.0, -1.0, 1.0, 1.0, 1.0, 1.0, -1.0, -1.0]",10,img152_d6_s24_g02_r0,6,4
GOMAA-Geo,/root/src/compare_baselines_bundle_20260505_v2/compare_baselines_bundle/gomaa_geo_official/gomaa_geo/checkpoint/formal_ppo_seed42_t480k/formal_ppo.pt,swissviewmonuments,153,4,11,3,23,False,4,"[11, 6, 7, 8, 9, 14, 19, 24, 23, 24, 23]","[""up"", ""right"", ""right"", ""right"", ""down"", ""down"", ""down"", ""left"", ""right"", ""left""]","[1.0, 1.0, 1.0, -1.0, -1.0, -1.0, -1.0, 1.0, -1.0, 1.0]",10,img153_d4_s11_g03_r0,4,6
GOMAA-Geo,/root/src/compare_baselines_bundle_20260505_v2/compare_baselines_bundle/gomaa_geo_official/gomaa_geo/checkpoint/formal_ppo_seed42_t480k/formal_ppo.pt,swissviewmonuments,153,6,15,3,3,True,0,"[15, 10, 5, 0, 1, 0, 1, 0, 1, 2, 3]","[""up"", ""up"", ""up"", ""right"", ""left"", ""right"", ""left"", ""right"", ""right"", ""right""]","[1.0, 1.0, 1.0, 1.0, -1.0, 1.0, -1.0, 1.0, 1.0, 1.0]",10,img153_d6_s15_g03_r0,6,4
GOMAA-Geo,/root/src/compare_baselines_bundle_20260505_v2/compare_baselines_bundle/gomaa_geo_official/gomaa_geo/checkpoint/formal_ppo_seed42_t480k/formal_ppo.pt,swissviewmonuments,154,4,6,4,24,False,4,"[6, 11, 16, 17, 18, 19, 24, 23, 24, 23, 24]","[""down"", ""down"", ""right"", ""right"", ""right"", ""down"", ""left"", ""right"", ""left"", ""right""]","[-1.0, -1.0, 1.0, 1.0, 1.0, -1.0, -1.0, 1.0, -1.0, 1.0]",10,img154_d4_s06_g04_r0,4,6
GOMAA-Geo,/root/src/compare_baselines_bundle_20260505_v2/compare_baselines_bundle/gomaa_geo_official/gomaa_geo/checkpoint/formal_ppo_seed42_t480k/formal_ppo.pt,swissviewmonuments,154,6,10,4,24,False,4,"[10, 15, 20, 21, 22, 23, 24, 23, 24, 23, 24]","[""down"", ""down"", ""right"", ""right"", ""right"", ""right"", ""left"", ""right"", ""left"", ""right""]","[-1.0, -1.0, 1.0, 1.0, 1.0, 1.0, -1.0, 1.0, -1.0, 1.0]",10,img154_d6_s10_g04_r0,6,4
GOMAA-Geo,/root/src/compare_baselines_bundle_20260505_v2/compare_baselines_bundle/gomaa_geo_official/gomaa_geo/checkpoint/formal_ppo_seed42_t480k/formal_ppo.pt,swissviewmonuments,154,8,20,4,4,True,0,"[20, 15, 10, 5, 0, 1, 2, 1, 2, 3, 4]","[""up"", ""up"", ""up"", ""up"", ""right"", ""right"", ""left"", ""right"", ""right"", ""right""]","[1.0, 1.0, 1.0, 1.0, 1.0, 1.0, -1.0, 1.0, 1.0, 1.0]",10,img154_d8_s20_g04_r0,8,2
GOMAA-Geo,/root/src/compare_baselines_bundle_20260505_v2/compare_baselines_bundle/gomaa_geo_official/gomaa_geo/checkpoint/formal_ppo_seed42_t480k/formal_ppo.pt,swissviewmonuments,155,4,3,5,21,False,4,"[3, 2, 1, 6, 11, 16, 21, 20, 21, 22, 21]","[""left"", ""left"", ""down"", ""down"", ""down"", ""down"", ""left"", ""right"", ""right"", ""left""]","[1.0, 1.0, 1.0, -1.0, -1.0, -1.0, 1.0, -1.0, -1.0, 1.0]",10,img155_d4_s03_g05_r0,4,6
GOMAA-Geo,/root/src/compare_baselines_bundle_20260505_v2/compare_baselines_bundle/gomaa_geo_official/gomaa_geo/checkpoint/formal_ppo_seed42_t480k/formal_ppo.pt,swissviewmonuments,155,6,19,5,5,True,0,"[19, 14, 9, 4, 3, 2, 1, 0, 1, 0, 5]","[""up"", ""up"", ""up"", ""left"", ""left"", ""left"", ""left"", ""right"", ""left"", ""down""]","[1.0, 1.0, -1.0, 1.0, 1.0, 1.0, 1.0, -1.0, 1.0, 1.0]",10,img155_d6_s19_g05_r0,6,4
GOMAA-Geo,/root/src/compare_baselines_bundle_20260505_v2/compare_baselines_bundle/gomaa_geo_official/gomaa_geo/checkpoint/formal_ppo_seed42_t480k/formal_ppo.pt,swissviewmonuments,156,4,22,6,2,False,2,"[22, 23, 24, 19, 14, 9, 4, 3, 2, 3, 2]","[""right"", ""right"", ""up"", ""up"", ""up"", ""up"", ""left"", ""left"", ""right"", ""left""]","[-1.0, -1.0, 1.0, 1.0, 1.0, -1.0, 1.0, 1.0, -1.0, 1.0]",10,img156_d4_s22_g06_r0,4,6
GOMAA-Geo,/root/src/compare_baselines_bundle_20260505_v2/compare_baselines_bundle/gomaa_geo_official/gomaa_geo/checkpoint/formal_ppo_seed42_t480k/formal_ppo.pt,swissviewmonuments,156,6,24,6,0,False,2,"[24, 19, 14, 9, 4, 3, 2, 1, 0, 1, 0]","[""up"", ""up"", ""up"", ""up"", ""left"", ""left"", ""left"", ""left"", ""right"", ""left""]","[1.0, 1.0, 1.0, -1.0, 1.0, 1.0, 1.0, -1.0, 1.0, -1.0]",10,img156_d6_s24_g06_r0,6,4
GOMAA-Geo,/root/src/compare_baselines_bundle_20260505_v2/compare_baselines_bundle/gomaa_geo_official/gomaa_geo/checkpoint/formal_ppo_seed42_t480k/formal_ppo.pt,swissviewmonuments,157,4,19,7,5,False,2,"[19, 14, 9, 4, 3, 2, 1, 0, 5, 0, 5]","[""up"", ""up"", ""up"", ""left"", ""left"", ""left"", ""left"", ""down"", ""up"", ""down""]","[1.0, 1.0, -1.0, 1.0, 1.0, -1.0, -1.0, 1.0, -1.0, 1.0]",10,img157_d4_s19_g07_r0,4,6
GOMAA-Geo,/root/src/compare_baselines_bundle_20260505_v2/compare_baselines_bundle/gomaa_geo_official/gomaa_geo/checkpoint/formal_ppo_seed42_t480k/formal_ppo.pt,swissviewmonuments,158,4,16,8,8,True,0,"[16, 11, 6, 7, 8]","[""up"", ""up"", ""right"", ""right""]","[1.0, 1.0, 1.0, 1.0]",4,img158_d4_s16_g08_r0,4,0
GOMAA-Geo,/root/src/compare_baselines_bundle_20260505_v2/compare_baselines_bundle/gomaa_geo_official/gomaa_geo/checkpoint/formal_ppo_seed42_t480k/formal_ppo.pt,swissviewmonuments,158,6,20,8,4,False,2,"[20, 15, 10, 5, 0, 1, 2, 3, 4, 9, 4]","[""up"", ""up"", ""up"", ""up"", ""right"", ""right"", ""right"", ""right"", ""down"", ""up""]","[1.0, 1.0, 1.0, -1.0, 1.0, 1.0, 1.0, -1.0, 1.0, -1.0]",10,img158_d6_s20_g08_r0,6,4
GOMAA-Geo,/root/src/compare_baselines_bundle_20260505_v2/compare_baselines_bundle/gomaa_geo_official/gomaa_geo/checkpoint/formal_ppo_seed42_t480k/formal_ppo.pt,swissviewmonuments,159,4,11,9,23,False,4,"[11, 6, 7, 8, 13, 18, 19, 24, 19, 24, 23]","[""up"", ""right"", ""right"", ""down"", ""down"", ""right"", ""down"", ""up"", ""down"", ""left""]","[1.0, 1.0, 1.0, -1.0, -1.0, 1.0, -1.0, 1.0, -1.0, -1.0]",10,img159_d4_s11_g09_r0,4,6
GOMAA-Geo,/root/src/compare_baselines_bundle_20260505_v2/compare_baselines_bundle/gomaa_geo_official/gomaa_geo/checkpoint/formal_ppo_seed42_t480k/formal_ppo.pt,swissviewmonuments,159,6,15,9,9,True,0,"[15, 10, 5, 0, 1, 2, 3, 4, 9]","[""up"", ""up"", ""up"", ""right"", ""right"", ""right"", ""right"", ""down""]","[1.0, 1.0, -1.0, 1.0, 1.0, 1.0, 1.0, 1.0]",8,img159_d6_s15_g09_r0,6,2
GOMAA-Geo,/root/src/compare_baselines_bundle_20260505_v2/compare_baselines_bundle/gomaa_geo_official/gomaa_geo/checkpoint/formal_ppo_seed42_t480k/formal_ppo.pt,swissviewmonuments,160,4,2,10,24,False,6,"[2, 7, 6, 11, 16, 21, 22, 23, 24, 23, 24]","[""down"", ""left"", ""down"", ""down"", ""down"", ""right"", ""right"", ""right"", ""left"", ""right""]","[1.0, 1.0, 1.0, -1.0, -1.0, -1.0, -1.0, -1.0, 1.0, -1.0]",10,img160_d4_s02_g10_r0,4,6
GOMAA-Geo,/root/src/compare_baselines_bundle_20260505_v2/compare_baselines_bundle/gomaa_geo_official/gomaa_geo/checkpoint/formal_ppo_seed42_t480k/formal_ppo.pt,swissviewmonuments,160,6,24,10,0,False,2,"[24, 19, 14, 9, 4, 3, 2, 1, 0, 1, 0]","[""up"", ""up"", ""up"", ""up"", ""left"", ""left"", ""left"", ""left"", ""right"", ""left""]","[1.0, 1.0, -1.0, -1.0, 1.0, 1.0, 1.0, 1.0, -1.0, 1.0]",10,img160_d6_s24_g10_r0,6,4
GOMAA-Geo,/root/src/compare_baselines_bundle_20260505_v2/compare_baselines_bundle/gomaa_geo_official/gomaa_geo/checkpoint/formal_ppo_seed42_t480k/formal_ppo.pt,swissviewmonuments,161,4,9,11,15,False,2,"[9, 14, 19, 24, 23, 22, 21, 20, 15, 10, 15]","[""down"", ""down"", ""down"", ""left"", ""left"", ""left"", ""left"", ""up"", ""up"", ""down""]","[1.0, -1.0, -1.0, 1.0, 1.0, 1.0, -1.0, 1.0, 1.0, -1.0]",10,img161_d4_s09_g11_r0,4,6
GOMAA-Geo,/root/src/compare_baselines_bundle_20260505_v2/compare_baselines_bundle/gomaa_geo_official/gomaa_geo/checkpoint/formal_ppo_seed42_t480k/formal_ppo.pt,swissviewmonuments,162,4,20,12,4,False,4,"[20, 21, 22, 23, 24, 19, 14, 9, 4, 9, 4]","[""right"", ""right"", ""right"", ""right"", ""up"", ""up"", ""up"", ""up"", ""down"", ""up""]","[1.0, 1.0, -1.0, -1.0, 1.0, 1.0, -1.0, -1.0, 1.0, -1.0]",10,img162_d4_s20_g12_r0,4,6
GOMAA-Geo,/root/src/compare_baselines_bundle_20260505_v2/compare_baselines_bundle/gomaa_geo_official/gomaa_geo/checkpoint/formal_ppo_seed42_t480k/formal_ppo.pt,swissviewmonuments,163,4,15,13,9,False,2,"[15, 10, 5, 0, 1, 2, 3, 4, 9, 14, 9]","[""up"", ""up"", ""up"", ""right"", ""right"", ""right"", ""right"", ""down"", ""down"", ""up""]","[1.0, -1.0, -1.0, 1.0, 1.0, 1.0, -1.0, 1.0, 1.0, -1.0]",10,img163_d4_s15_g13_r0,4,6
GOMAA-Geo,/root/src/compare_baselines_bundle_20260505_v2/compare_baselines_bundle/gomaa_geo_official/gomaa_geo/checkpoint/formal_ppo_seed42_t480k/formal_ppo.pt,swissviewmonuments,164,4,22,14,4,False,2,"[22, 21, 16, 11, 6, 1, 2, 3, 4, 9, 4]","[""left"", ""up"", ""up"", ""up"", ""up"", ""right"", ""right"", ""right"", ""down"", ""up""]","[-1.0, 1.0, 1.0, -1.0, -1.0, 1.0, 1.0, 1.0, 1.0, -1.0]",10,img164_d4_s22_g14_r0,4,6
GOMAA-Geo,/root/src/compare_baselines_bundle_20260505_v2/compare_baselines_bundle/gomaa_geo_official/gomaa_geo/checkpoint/formal_ppo_seed42_t480k/formal_ppo.pt,swissviewmonuments,164,6,20,14,4,False,2,"[20, 15, 10, 5, 0, 1, 2, 3, 4, 9, 4]","[""up"", ""up"", ""up"", ""up"", ""right"", ""right"", ""right"", ""right"", ""down"", ""up""]","[1.0, 1.0, -1.0, -1.0, 1.0, 1.0, 1.0, 1.0, 1.0, -1.0]",10,img164_d6_s20_g14_r0,6,4
GOMAA-Geo,/root/src/compare_baselines_bundle_20260505_v2/compare_baselines_bundle/gomaa_geo_official/gomaa_geo/checkpoint/formal_ppo_seed42_t480k/formal_ppo.pt,swissviewmonuments,165,4,13,15,15,True,0,"[13, 8, 7, 6, 5, 10, 15]","[""up"", ""left"", ""left"", ""left"", ""down"", ""down""]","[-1.0, 1.0, 1.0, 1.0, 1.0, 1.0]",6,img165_d4_s13_g15_r0,4,2
GOMAA-Geo,/root/src/compare_baselines_bundle_20260505_v2/compare_baselines_bundle/gomaa_geo_official/gomaa_geo/checkpoint/formal_ppo_seed42_t480k/formal_ppo.pt,swissviewmonuments,165,6,9,15,15,True,0,"[9, 14, 19, 24, 23, 22, 21, 20, 21, 20, 15]","[""down"", ""down"", ""down"", ""left"", ""left"", ""left"", ""left"", ""right"", ""left"", ""up""]","[1.0, 1.0, -1.0, 1.0, 1.0, 1.0, 1.0, -1.0, 1.0, 1.0]",10,img165_d6_s09_g15_r0,6,4
GOMAA-Geo,/root/src/compare_baselines_bundle_20260505_v2/compare_baselines_bundle/gomaa_geo_official/gomaa_geo/checkpoint/formal_ppo_seed42_t480k/formal_ppo.pt,swissviewmonuments,166,4,2,16,20,False,2,"[2, 3, 8, 13, 18, 23, 22, 21, 20, 15, 20]","[""right"", ""down"", ""down"", ""down"", ""down"", ""left"", ""left"", ""left"", ""up"", ""down""]","[-1.0, 1.0, 1.0, 1.0, -1.0, 1.0, 1.0, -1.0, 1.0, -1.0]",10,img166_d4_s02_g16_r0,4,6
GOMAA-Geo,/root/src/compare_baselines_bundle_20260505_v2/compare_baselines_bundle/gomaa_geo_official/gomaa_geo/checkpoint/formal_ppo_seed42_t480k/formal_ppo.pt,swissviewmonuments,166,6,4,16,20,False,2,"[4, 9, 14, 19, 24, 23, 22, 21, 20, 21, 20]","[""down"", ""down"", ""down"", ""down"", ""left"", ""left"", ""left"", ""left"", ""right"", ""left""]","[1.0, 1.0, 1.0, -1.0, 1.0, 1.0, 1.0, -1.0, 1.0, -1.0]",10,img166_d6_s04_g16_r0,6,4
GOMAA-Geo,/root/src/compare_baselines_bundle_20260505_v2/compare_baselines_bundle/gomaa_geo_official/gomaa_geo/checkpoint/formal_ppo_seed42_t480k/formal_ppo.pt,swissviewmonuments,167,4,3,17,21,False,2,"[3, 2, 1, 6, 11, 16, 21, 22, 21, 22, 21]","[""left"", ""left"", ""down"", ""down"", ""down"", ""down"", ""right"", ""left"", ""right"", ""left""]","[1.0, -1.0, 1.0, 1.0, 1.0, -1.0, 1.0, -1.0, 1.0, -1.0]",10,img167_d4_s03_g17_r0,4,6
GOMAA-Geo,/root/src/compare_baselines_bundle_20260505_v2/compare_baselines_bundle/gomaa_geo_official/gomaa_geo/checkpoint/formal_ppo_seed42_t480k/formal_ppo.pt,swissviewmonuments,168,4,6,18,22,False,2,"[6, 1, 2, 3, 4, 9, 14, 19, 24, 23, 22]","[""up"", ""right"", ""right"", ""right"", ""down"", ""down"", ""down"", ""down"", ""left"", ""left""]","[-1.0, 1.0, 1.0, -1.0, 1.0, 1.0, 1.0, -1.0, 1.0, -1.0]",10,img168_d4_s06_g18_r0,4,6
GOMAA-Geo,/root/src/compare_baselines_bundle_20260505_v2/compare_baselines_bundle/gomaa_geo_official/gomaa_geo/checkpoint/formal_ppo_seed42_t480k/formal_ppo.pt,swissviewmonuments,168,6,0,18,18,True,0,"[0, 5, 10, 15, 16, 17, 18]","[""down"", ""down"", ""down"", ""right"", ""right"", ""right""]","[1.0, 1.0, 1.0, 1.0, 1.0, 1.0]",6,img168_d6_s00_g18_r0,6,0
GOMAA-Geo,/root/src/compare_baselines_bundle_20260505_v2/compare_baselines_bundle/gomaa_geo_official/gomaa_geo/checkpoint/formal_ppo_seed42_t480k/formal_ppo.pt,swissviewmonuments,169,4,7,19,23,False,2,"[7, 6, 11, 16, 21, 20, 21, 20, 21, 22, 23]","[""left"", ""down"", ""down"", ""down"", ""left"", ""right"", ""left"", ""right"", ""right"", ""right""]","[-1.0, 1.0, 1.0, -1.0, -1.0, 1.0, -1.0, 1.0, 1.0, 1.0]",10,img169_d4_s07_g19_r0,4,6
GOMAA-Geo,/root/src/compare_baselines_bundle_20260505_v2/compare_baselines_bundle/gomaa_geo_official/gomaa_geo/checkpoint/formal_ppo_seed42_t480k/formal_ppo.pt,swissviewmonuments,169,6,1,19,19,True,0,"[1, 2, 3, 4, 9, 14, 19]","[""right"", ""right"", ""right"", ""down"", ""down"", ""down""]","[1.0, 1.0, 1.0, 1.0, 1.0, 1.0]",6,img169_d6_s01_g19_r0,6,0
GOMAA-Geo,/root/src/compare_baselines_bundle_20260505_v2/compare_baselines_bundle/gomaa_geo_official/gomaa_geo/checkpoint/formal_ppo_seed42_t480k/formal_ppo.pt,swissviewmonuments,170,4,0,20,24,False,4,"[0, 1, 6, 11, 16, 21, 22, 23, 24, 19, 24]","[""right"", ""down"", ""down"", ""down"", ""down"", ""right"", ""right"", ""right"", ""up"", ""down""]","[-1.0, 1.0, 1.0, 1.0, 1.0, -1.0, -1.0, -1.0, -1.0, 1.0]",10,img170_d4_s00_g20_r0,4,6
GOMAA-Geo,/root/src/compare_baselines_bundle_20260505_v2/compare_baselines_bundle/gomaa_geo_official/gomaa_geo/checkpoint/formal_ppo_seed42_t480k/formal_ppo.pt,swissviewmonuments,170,6,2,20,20,True,0,"[2, 1, 6, 11, 16, 21, 20]","[""left"", ""down"", ""down"", ""down"", ""down"", ""left""]","[1.0, 1.0, 1.0, 1.0, 1.0, 1.0]",6,img170_d6_s02_g20_r0,6,0
GOMAA-Geo,/root/src/compare_baselines_bundle_20260505_v2/compare_baselines_bundle/gomaa_geo_official/gomaa_geo/checkpoint/formal_ppo_seed42_t480k/formal_ppo.pt,swissviewmonuments,170,8,4,20,20,True,0,"[4, 3, 2, 1, 6, 11, 16, 21, 20]","[""left"", ""left"", ""left"", ""down"", ""down"", ""down"", ""down"", ""left""]","[1.0, 1.0, 1.0, 1.0, 1.0, 1.0, 1.0, 1.0]",8,img170_d8_s04_g20_r0,8,0
GOMAA-Geo,/root/src/compare_baselines_bundle_20260505_v2/compare_baselines_bundle/gomaa_geo_official/gomaa_geo/checkpoint/formal_ppo_seed42_t480k/formal_ppo.pt,swissviewmonuments,171,4,1,21,23,False,2,"[1, 2, 7, 12, 17, 22, 23, 22, 23, 22, 23]","[""right"", ""down"", ""down"", ""down"", ""down"", ""right"", ""left"", ""right"", ""left"", ""right""]","[-1.0, 1.0, 1.0, 1.0, 1.0, -1.0, 1.0, -1.0, 1.0, -1.0]",10,img171_d4_s01_g21_r0,4,6
GOMAA-Geo,/root/src/compare_baselines_bundle_20260505_v2/compare_baselines_bundle/gomaa_geo_official/gomaa_geo/checkpoint/formal_ppo_seed42_t480k/formal_ppo.pt,swissviewmonuments,171,6,3,21,21,True,0,"[3, 2, 1, 6, 11, 16, 21]","[""left"", ""left"", ""down"", ""down"", ""down"", ""down""]","[1.0, 1.0, 1.0, 1.0, 1.0, 1.0]",6,img171_d6_s03_g21_r0,6,0
GOMAA-Geo,/root/src/compare_baselines_bundle_20260505_v2/compare_baselines_bundle/gomaa_geo_official/gomaa_geo/checkpoint/formal_ppo_seed42_t480k/formal_ppo.pt,swissviewmonuments,172,4,14,22,0,False,6,"[14, 13, 8, 3, 2, 1, 0, 5, 0, 5, 0]","[""left"", ""up"", ""up"", ""left"", ""left"", ""left"", ""down"", ""up"", ""down"", ""up""]","[1.0, -1.0, -1.0, 1.0, -1.0, -1.0, 1.0, -1.0, 1.0, -1.0]",10,img172_d4_s14_g22_r0,4,6
GOMAA-Geo,/root/src/compare_baselines_bundle_20260505_v2/compare_baselines_bundle/gomaa_geo_official/gomaa_geo/checkpoint/formal_ppo_seed42_t480k/formal_ppo.pt,swissviewmonuments,172,6,0,22,22,True,0,"[0, 1, 2, 3, 8, 13, 18, 23, 22]","[""right"", ""right"", ""right"", ""down"", ""down"", ""down"", ""down"", ""left""]","[1.0, 1.0, -1.0, 1.0, 1.0, 1.0, 1.0, 1.0]",8,img172_d6_s00_g22_r0,6,2
GOMAA-Geo,/root/src/compare_baselines_bundle_20260505_v2/compare_baselines_bundle/gomaa_geo_official/gomaa_geo/checkpoint/formal_ppo_seed42_t480k/formal_ppo.pt,swissviewmonuments,173,4,11,23,23,True,0,"[11, 6, 7, 8, 13, 18, 19, 24, 19, 24, 23]","[""up"", ""right"", ""right"", ""down"", ""down"", ""right"", ""down"", ""up"", ""down"", ""left""]","[-1.0, 1.0, 1.0, 1.0, 1.0, -1.0, 1.0, -1.0, 1.0, 1.0]",10,img173_d4_s11_g23_r0,4,6
GOMAA-Geo,/root/src/compare_baselines_bundle_20260505_v2/compare_baselines_bundle/gomaa_geo_official/gomaa_geo/checkpoint/formal_ppo_seed42_t480k/formal_ppo.pt,swissviewmonuments,173,6,5,23,23,True,0,"[5, 10, 15, 20, 21, 22, 23]","[""down"", ""down"", ""down"", ""right"", ""right"", ""right""]","[1.0, 1.0, 1.0, 1.0, 1.0, 1.0]",6,img173_d6_s05_g23_r0,6,0
GOMAA-Geo,/root/src/compare_baselines_bundle_20260505_v2/compare_baselines_bundle/gomaa_geo_official/gomaa_geo/checkpoint/formal_ppo_seed42_t480k/formal_ppo.pt,swissviewmonuments,174,4,20,24,4,False,4,"[20, 15, 10, 5, 0, 1, 2, 3, 4, 9, 4]","[""up"", ""up"", ""up"", ""up"", ""right"", ""right"", ""right"", ""right"", ""down"", ""up""]","[-1.0, -1.0, -1.0, -1.0, 1.0, 1.0, 1.0, 1.0, 1.0, -1.0]",10,img174_d4_s20_g24_r0,4,6
GOMAA-Geo,/root/src/compare_baselines_bundle_20260505_v2/compare_baselines_bundle/gomaa_geo_official/gomaa_geo/checkpoint/formal_ppo_seed42_t480k/formal_ppo.pt,swissviewmonuments,174,6,2,24,22,False,2,"[2, 1, 0, 5, 10, 15, 20, 21, 22, 21, 22]","[""left"", ""left"", ""down"", ""down"", ""down"", ""down"", ""right"", ""right"", ""left"", ""right""]","[-1.0, -1.0, 1.0, 1.0, 1.0, 1.0, 1.0, 1.0, -1.0, 1.0]",10,img174_d6_s02_g24_r0,6,4
GOMAA-Geo,/root/src/compare_baselines_bundle_20260505_v2/compare_baselines_bundle/gomaa_geo_official/gomaa_geo/checkpoint/formal_ppo_seed42_t480k/formal_ppo.pt,swissviewmonuments,174,8,0,24,22,False,2,"[0, 5, 10, 15, 20, 21, 22, 21, 22, 21, 22]","[""down"", ""down"", ""down"", ""down"", ""right"", ""right"", ""left"", ""right"", ""left"", ""right""]","[1.0, 1.0, 1.0, 1.0, 1.0, 1.0, -1.0, 1.0, -1.0, 1.0]",10,img174_d8_s00_g24_r0,8,2
GOMAA-Geo,/root/src/compare_baselines_bundle_20260505_v2/compare_baselines_bundle/gomaa_geo_official/gomaa_geo/checkpoint/formal_ppo_seed42_t480k/formal_ppo.pt,swissviewmonuments,175,4,16,0,4,False,4,"[16, 11, 6, 1, 2, 3, 4, 9, 4, 9, 4]","[""up"", ""up"", ""up"", ""right"", ""right"", ""right"", ""down"", ""up"", ""down"", ""up""]","[1.0, 1.0, 1.0, -1.0, -1.0, -1.0, -1.0, 1.0, -1.0, 1.0]",10,img175_d4_s16_g00_r0,4,6
GOMAA-Geo,/root/src/compare_baselines_bundle_20260505_v2/compare_baselines_bundle/gomaa_geo_official/gomaa_geo/checkpoint/formal_ppo_seed42_t480k/formal_ppo.pt,swissviewmonuments,175,6,22,0,0,True,0,"[22, 21, 16, 11, 6, 1, 0]","[""left"", ""up"", ""up"", ""up"", ""up"", ""left""]","[1.0, 1.0, 1.0, 1.0, 1.0, 1.0]",6,img175_d6_s22_g00_r0,6,0
GOMAA-Geo,/root/src/compare_baselines_bundle_20260505_v2/compare_baselines_bundle/gomaa_geo_official/gomaa_geo/checkpoint/formal_ppo_seed42_t480k/formal_ppo.pt,swissviewmonuments,175,8,24,0,0,True,0,"[24, 23, 22, 21, 16, 11, 6, 1, 0]","[""left"", ""left"", ""left"", ""up"", ""up"", ""up"", ""up"", ""left""]","[1.0, 1.0, 1.0, 1.0, 1.0, 1.0, 1.0, 1.0]",8,img175_d8_s24_g00_r0,8,0
GOMAA-Geo,/root/src/compare_baselines_bundle_20260505_v2/compare_baselines_bundle/gomaa_geo_official/gomaa_geo/checkpoint/formal_ppo_seed42_t480k/formal_ppo.pt,swissviewmonuments,176,4,15,1,1,True,0,"[15, 10, 5, 0, 1]","[""up"", ""up"", ""up"", ""right""]","[1.0, 1.0, 1.0, 1.0]",4,img176_d4_s15_g01_r0,4,0
GOMAA-Geo,/root/src/compare_baselines_bundle_20260505_v2/compare_baselines_bundle/gomaa_geo_official/gomaa_geo/checkpoint/formal_ppo_seed42_t480k/formal_ppo.pt,swissviewmonuments,176,6,23,1,1,True,0,"[23, 22, 21, 16, 11, 6, 1]","[""left"", ""left"", ""up"", ""up"", ""up"", ""up""]","[1.0, 1.0, 1.0, 1.0, 1.0, 1.0]",6,img176_d6_s23_g01_r0,6,0
GOMAA-Geo,/root/src/compare_baselines_bundle_20260505_v2/compare_baselines_bundle/gomaa_geo_official/gomaa_geo/checkpoint/formal_ppo_seed42_t480k/formal_ppo.pt,swissviewmonuments,177,4,16,2,14,False,4,"[16, 11, 6, 7, 8, 3, 4, 9, 14, 9, 14]","[""up"", ""up"", ""right"", ""right"", ""up"", ""right"", ""down"", ""down"", ""up"", ""down""]","[1.0, 1.0, 1.0, -1.0, 1.0, -1.0, -1.0, -1.0, 1.0, -1.0]",10,img177_d4_s16_g02_r0,4,6
GOMAA-Geo,/root/src/compare_baselines_bundle_20260505_v2/compare_baselines_bundle/gomaa_geo_official/gomaa_geo/checkpoint/formal_ppo_seed42_t480k/formal_ppo.pt,swissviewmonuments,177,6,24,2,2,True,0,"[24, 19, 14, 9, 4, 3, 2]","[""up"", ""up"", ""up"", ""up"", ""left"", ""left""]","[1.0, 1.0, 1.0, 1.0, 1.0, 1.0]",6,img177_d6_s24_g02_r0,6,0
GOMAA-Geo,/root/src/compare_baselines_bundle_20260505_v2/compare_baselines_bundle/gomaa_geo_official/gomaa_geo/checkpoint/formal_ppo_seed42_t480k/formal_ppo.pt,swissviewmonuments,178,4,19,3,3,True,0,"[19, 14, 9, 4, 3]","[""up"", ""up"", ""up"", ""left""]","[1.0, 1.0, 1.0, 1.0]",4,img178_d4_s19_g03_r0,4,0
GOMAA-Geo,/root/src/compare_baselines_bundle_20260505_v2/compare_baselines_bundle/gomaa_geo_official/gomaa_geo/checkpoint/formal_ppo_seed42_t480k/formal_ppo.pt,swissviewmonuments,178,6,21,3,9,False,2,"[21, 22, 23, 24, 19, 14, 9, 4, 9, 4, 9]","[""right"", ""right"", ""right"", ""up"", ""up"", ""up"", ""up"", ""down"", ""up"", ""down""]","[1.0, 1.0, -1.0, 1.0, 1.0, 1.0, 1.0, -1.0, 1.0, -1.0]",10,img178_d6_s21_g03_r0,6,4
GOMAA-Geo,/root/src/compare_baselines_bundle_20260505_v2/compare_baselines_bundle/gomaa_geo_official/gomaa_geo/checkpoint/formal_ppo_seed42_t480k/formal_ppo.pt,swissviewmonuments,179,4,6,4,24,False,4,"[6, 5, 10, 15, 20, 21, 22, 23, 24, 23, 24]","[""left"", ""down"", ""down"", ""down"", ""right"", ""right"", ""right"", ""right"", ""left"", ""right""]","[-1.0, -1.0, -1.0, -1.0, 1.0, 1.0, 1.0, 1.0, -1.0, 1.0]",10,img179_d4_s06_g04_r0,4,6
GOMAA-Geo,/root/src/compare_baselines_bundle_20260505_v2/compare_baselines_bundle/gomaa_geo_official/gomaa_geo/checkpoint/formal_ppo_seed42_t480k/formal_ppo.pt,swissviewmonuments,179,6,10,4,4,True,0,"[10, 5, 0, 1, 2, 3, 4]","[""up"", ""up"", ""right"", ""right"", ""right"", ""right""]","[1.0, 1.0, 1.0, 1.0, 1.0, 1.0]",6,img179_d6_s10_g04_r0,6,0
GOMAA-Geo,/root/src/compare_baselines_bundle_20260505_v2/compare_baselines_bundle/gomaa_geo_official/gomaa_geo/checkpoint/formal_ppo_seed42_t480k/formal_ppo.pt,swissviewmonuments,179,8,20,4,4,True,0,"[20, 15, 10, 5, 0, 1, 2, 3, 4]","[""up"", ""up"", ""up"", ""up"", ""right"", ""right"", ""right"", ""right""]","[1.0, 1.0, 1.0, 1.0, 1.0, 1.0, 1.0, 1.0]",8,img179_d8_s20_g04_r0,8,0
GOMAA-Geo,/root/src/compare_baselines_bundle_20260505_v2/compare_baselines_bundle/gomaa_geo_official/gomaa_geo/checkpoint/formal_ppo_seed42_t480k/formal_ppo.pt,swissviewmonuments,180,4,13,5,5,True,0,"[13, 12, 7, 6, 1, 0, 5]","[""left"", ""up"", ""left"", ""up"", ""left"", ""down""]","[1.0, 1.0, 1.0, -1.0, 1.0, 1.0]",6,img180_d4_s13_g05_r0,4,2
GOMAA-Geo,/root/src/compare_baselines_bundle_20260505_v2/compare_baselines_bundle/gomaa_geo_official/gomaa_geo/checkpoint/formal_ppo_seed42_t480k/formal_ppo.pt,swissviewmonuments,180,6,23,5,5,True,0,"[23, 22, 21, 16, 11, 6, 1, 0, 5]","[""left"", ""left"", ""up"", ""up"", ""up"", ""up"", ""left"", ""down""]","[1.0, 1.0, 1.0, 1.0, 1.0, -1.0, 1.0, 1.0]",8,img180_d6_s23_g05_r0,6,2
GOMAA-Geo,/root/src/compare_baselines_bundle_20260505_v2/compare_baselines_bundle/gomaa_geo_official/gomaa_geo/checkpoint/formal_ppo_seed42_t480k/formal_ppo.pt,swissviewmonuments,181,4,20,6,4,False,4,"[20, 15, 10, 5, 0, 1, 2, 3, 4, 9, 4]","[""up"", ""up"", ""up"", ""up"", ""right"", ""right"", ""right"", ""right"", ""down"", ""up""]","[1.0, 1.0, 1.0, -1.0, 1.0, -1.0, -1.0, -1.0, 1.0, -1.0]",10,img181_d4_s20_g06_r0,4,6
GOMAA-Geo,/root/src/compare_baselines_bundle_20260505_v2/compare_baselines_bundle/gomaa_geo_official/gomaa_geo/checkpoint/formal_ppo_seed42_t480k/formal_ppo.pt,swissviewmonuments,181,6,24,6,6,True,0,"[24, 23, 22, 21, 16, 11, 6]","[""left"", ""left"", ""left"", ""up"", ""up"", ""up""]","[1.0, 1.0, 1.0, 1.0, 1.0, 1.0]",6,img181_d6_s24_g06_r0,6,0
GOMAA-Geo,/root/src/compare_baselines_bundle_20260505_v2/compare_baselines_bundle/gomaa_geo_official/gomaa_geo/checkpoint/formal_ppo_seed42_t480k/formal_ppo.pt,swissviewmonuments,182,4,15,7,19,False,4,"[15, 10, 5, 0, 1, 2, 3, 4, 9, 14, 19]","[""up"", ""up"", ""up"", ""right"", ""right"", ""right"", ""right"", ""down"", ""down"", ""down""]","[1.0, 1.0, -1.0, 1.0, 1.0, -1.0, -1.0, 1.0, -1.0, -1.0]",10,img182_d4_s15_g07_r0,4,6
GOMAA-Geo,/root/src/compare_baselines_bundle_20260505_v2/compare_baselines_bundle/gomaa_geo_official/gomaa_geo/checkpoint/formal_ppo_seed42_t480k/formal_ppo.pt,swissviewmonuments,183,4,24,8,0,False,4,"[24, 23, 22, 17, 12, 7, 6, 1, 0, 5, 0]","[""left"", ""left"", ""up"", ""up"", ""up"", ""left"", ""up"", ""left"", ""down"", ""up""]","[1.0, -1.0, 1.0, 1.0, 1.0, -1.0, -1.0, -1.0, 1.0, -1.0]",10,img183_d4_s24_g08_r0,4,6
GOMAA-Geo,/root/src/compare_baselines_bundle_20260505_v2/compare_baselines_bundle/gomaa_geo_official/gomaa_geo/checkpoint/formal_ppo_seed42_t480k/formal_ppo.pt,swissviewmonuments,183,6,20,8,4,False,2,"[20, 15, 10, 5, 0, 1, 2, 3, 4, 9, 4]","[""up"", ""up"", ""up"", ""up"", ""right"", ""right"", ""right"", ""right"", ""down"", ""up""]","[1.0, 1.0, 1.0, -1.0, 1.0, 1.0, 1.0, -1.0, 1.0, -1.0]",10,img183_d6_s20_g08_r0,6,4
GOMAA-Geo,/root/src/compare_baselines_bundle_20260505_v2/compare_baselines_bundle/gomaa_geo_official/gomaa_geo/checkpoint/formal_ppo_seed42_t480k/formal_ppo.pt,swissviewmonuments,184,4,11,9,9,True,0,"[11, 6, 1, 2, 3, 4, 9]","[""up"", ""up"", ""right"", ""right"", ""right"", ""down""]","[1.0, -1.0, 1.0, 1.0, 1.0, 1.0]",6,img184_d4_s11_g09_r0,4,2
GOMAA-Geo,/root/src/compare_baselines_bundle_20260505_v2/compare_baselines_bundle/gomaa_geo_official/gomaa_geo/checkpoint/formal_ppo_seed42_t480k/formal_ppo.pt,swissviewmonuments,184,6,15,9,9,True,0,"[15, 10, 5, 0, 1, 2, 3, 4, 9]","[""up"", ""up"", ""up"", ""right"", ""right"", ""right"", ""right"", ""down""]","[1.0, 1.0, -1.0, 1.0, 1.0, 1.0, 1.0, 1.0]",8,img184_d6_s15_g09_r0,6,2
GOMAA-Geo,/root/src/compare_baselines_bundle_20260505_v2/compare_baselines_bundle/gomaa_geo_official/gomaa_geo/checkpoint/formal_ppo_seed42_t480k/formal_ppo.pt,swissviewmonuments,185,4,22,10,4,False,6,"[22, 21, 16, 11, 6, 1, 2, 1, 2, 3, 4]","[""left"", ""up"", ""up"", ""up"", ""up"", ""right"", ""left"", ""right"", ""right"", ""right""]","[1.0, 1.0, 1.0, -1.0, -1.0, -1.0, 1.0, -1.0, -1.0, -1.0]",10,img185_d4_s22_g10_r0,4,6
GOMAA-Geo,/root/src/compare_baselines_bundle_20260505_v2/compare_baselines_bundle/gomaa_geo_official/gomaa_geo/checkpoint/formal_ppo_seed42_t480k/formal_ppo.pt,swissviewmonuments,185,6,24,10,0,False,2,"[24, 23, 22, 21, 16, 11, 6, 1, 0, 5, 0]","[""left"", ""left"", ""left"", ""up"", ""up"", ""up"", ""up"", ""left"", ""down"", ""up""]","[1.0, 1.0, 1.0, 1.0, 1.0, -1.0, -1.0, 1.0, 1.0, -1.0]",10,img185_d6_s24_g10_r0,6,4
GOMAA-Geo,/root/src/compare_baselines_bundle_20260505_v2/compare_baselines_bundle/gomaa_geo_official/gomaa_geo/checkpoint/formal_ppo_seed42_t480k/formal_ppo.pt,swissviewmonuments,186,4,9,11,15,False,2,"[9, 14, 19, 18, 17, 16, 21, 20, 15, 20, 15]","[""down"", ""down"", ""left"", ""left"", ""left"", ""down"", ""left"", ""up"", ""down"", ""up""]","[1.0, -1.0, 1.0, 1.0, 1.0, -1.0, -1.0, 1.0, -1.0, 1.0]",10,img186_d4_s09_g11_r0,4,6
GOMAA-Geo,/root/src/compare_baselines_bundle_20260505_v2/compare_baselines_bundle/gomaa_geo_official/gomaa_geo/checkpoint/formal_ppo_seed42_t480k/formal_ppo.pt,swissviewmonuments,187,4,20,12,0,False,4,"[20, 15, 10, 5, 0, 1, 0, 1, 0, 1, 0]","[""up"", ""up"", ""up"", ""up"", ""right"", ""left"", ""right"", ""left"", ""right"", ""left""]","[1.0, 1.0, -1.0, -1.0, 1.0, -1.0, 1.0, -1.0, 1.0, -1.0]",10,img187_d4_s20_g12_r0,4,6
GOMAA-Geo,/root/src/compare_baselines_bundle_20260505_v2/compare_baselines_bundle/gomaa_geo_official/gomaa_geo/checkpoint/formal_ppo_seed42_t480k/formal_ppo.pt,swissviewmonuments,188,4,21,13,1,False,4,"[21, 16, 11, 6, 1, 2, 1, 2, 1, 2, 1]","[""up"", ""up"", ""up"", ""up"", ""right"", ""left"", ""right"", ""left"", ""right"", ""left""]","[1.0, 1.0, -1.0, -1.0, 1.0, -1.0, 1.0, -1.0, 1.0, -1.0]",10,img188_d4_s21_g13_r0,4,6
GOMAA-Geo,/root/src/compare_baselines_bundle_20260505_v2/compare_baselines_bundle/gomaa_geo_official/gomaa_geo/checkpoint/formal_ppo_seed42_t480k/formal_ppo.pt,swissviewmonuments,189,4,6,14,24,False,2,"[6, 11, 16, 15, 20, 21, 22, 23, 24, 19, 24]","[""down"", ""down"", ""left"", ""down"", ""right"", ""right"", ""right"", ""right"", ""up"", ""down""]","[1.0, -1.0, -1.0, -1.0, 1.0, 1.0, 1.0, 1.0, 1.0, -1.0]",10,img189_d4_s06_g14_r0,4,6
GOMAA-Geo,/root/src/compare_baselines_bundle_20260505_v2/compare_baselines_bundle/gomaa_geo_official/gomaa_geo/checkpoint/formal_ppo_seed42_t480k/formal_ppo.pt,swissviewmonuments,189,6,20,14,2,False,4,"[20, 15, 10, 5, 0, 1, 2, 3, 2, 3, 2]","[""up"", ""up"", ""up"", ""up"", ""right"", ""right"", ""right"", ""left"", ""right"", ""left""]","[1.0, 1.0, -1.0, -1.0, 1.0, 1.0, 1.0, -1.0, 1.0, -1.0]",10,img189_d6_s20_g14_r0,6,4
GOMAA-Geo,/root/src/compare_baselines_bundle_20260505_v2/compare_baselines_bundle/gomaa_geo_official/gomaa_geo/checkpoint/formal_ppo_seed42_t480k/formal_ppo.pt,swissviewmonuments,190,4,23,15,1,False,4,"[23, 22, 21, 16, 11, 6, 1, 0, 1, 0, 1]","[""left"", ""left"", ""up"", ""up"", ""up"", ""up"", ""left"", ""right"", ""left"", ""right""]","[1.0, 1.0, 1.0, -1.0, -1.0, -1.0, 1.0, -1.0, 1.0, -1.0]",10,img190_d4_s23_g15_r0,4,6
GOMAA-Geo,/root/src/compare_baselines_bundle_20260505_v2/compare_baselines_bundle/gomaa_geo_official/gomaa_geo/checkpoint/formal_ppo_seed42_t480k/formal_ppo.pt,swissviewmonuments,190,6,3,15,1,False,4,"[3, 2, 1, 0, 5, 0, 5, 0, 5, 0, 1]","[""left"", ""left"", ""left"", ""down"", ""up"", ""down"", ""up"", ""down"", ""up"", ""right""]","[1.0, 1.0, 1.0, 1.0, -1.0, 1.0, -1.0, 1.0, -1.0, -1.0]",10,img190_d6_s03_g15_r0,6,4
GOMAA-Geo,/root/src/compare_baselines_bundle_20260505_v2/compare_baselines_bundle/gomaa_geo_official/gomaa_geo/checkpoint/formal_ppo_seed42_t480k/formal_ppo.pt,swissviewmonuments,191,4,24,16,0,False,4,"[24, 19, 14, 9, 4, 3, 2, 1, 0, 5, 0]","[""up"", ""up"", ""up"", ""up"", ""left"", ""left"", ""left"", ""left"", ""down"", ""up""]","[1.0, -1.0, -1.0, -1.0, 1.0, 1.0, 1.0, -1.0, 1.0, -1.0]",10,img191_d4_s24_g16_r0,4,6
GOMAA-Geo,/root/src/compare_baselines_bundle_20260505_v2/compare_baselines_bundle/gomaa_geo_official/gomaa_geo/checkpoint/formal_ppo_seed42_t480k/formal_ppo.pt,swissviewmonuments,191,6,4,16,20,False,2,"[4, 9, 14, 19, 24, 23, 22, 21, 20, 15, 20]","[""down"", ""down"", ""down"", ""down"", ""left"", ""left"", ""left"", ""left"", ""up"", ""down""]","[1.0, 1.0, 1.0, -1.0, 1.0, 1.0, 1.0, -1.0, 1.0, -1.0]",10,img191_d6_s04_g16_r0,6,4
GOMAA-Geo,/root/src/compare_baselines_bundle_20260505_v2/compare_baselines_bundle/gomaa_geo_official/gomaa_geo/checkpoint/formal_ppo_seed42_t480k/formal_ppo.pt,swissviewmonuments,192,4,3,17,19,False,2,"[3, 2, 1, 6, 11, 16, 21, 22, 23, 24, 19]","[""left"", ""left"", ""down"", ""down"", ""down"", ""down"", ""right"", ""right"", ""right"", ""up""]","[1.0, -1.0, 1.0, 1.0, 1.0, -1.0, 1.0, -1.0, -1.0, 1.0]",10,img192_d4_s03_g17_r0,4,6
GOMAA-Geo,/root/src/compare_baselines_bundle_20260505_v2/compare_baselines_bundle/gomaa_geo_official/gomaa_geo/checkpoint/formal_ppo_seed42_t480k/formal_ppo.pt,swissviewmonuments,193,4,20,18,4,False,4,"[20, 15, 10, 5, 0, 1, 2, 3, 4, 9, 4]","[""up"", ""up"", ""up"", ""up"", ""right"", ""right"", ""right"", ""right"", ""down"", ""up""]","[1.0, -1.0, -1.0, -1.0, 1.0, 1.0, 1.0, -1.0, 1.0, -1.0]",10,img193_d4_s20_g18_r0,4,6
GOMAA-Geo,/root/src/compare_baselines_bundle_20260505_v2/compare_baselines_bundle/gomaa_geo_official/gomaa_geo/checkpoint/formal_ppo_seed42_t480k/formal_ppo.pt,swissviewmonuments,193,6,0,18,18,True,0,"[0, 1, 2, 3, 8, 13, 18]","[""right"", ""right"", ""right"", ""down"", ""down"", ""down""]","[1.0, 1.0, 1.0, 1.0, 1.0, 1.0]",6,img193_d6_s00_g18_r0,6,0
GOMAA-Geo,/root/src/compare_baselines_bundle_20260505_v2/compare_baselines_bundle/gomaa_geo_official/gomaa_geo/checkpoint/formal_ppo_seed42_t480k/formal_ppo.pt,swissviewmonuments,194,4,3,19,19,True,0,"[3, 4, 9, 14, 19]","[""right"", ""down"", ""down"", ""down""]","[1.0, 1.0, 1.0, 1.0]",4,img194_d4_s03_g19_r0,4,0
GOMAA-Geo,/root/src/compare_baselines_bundle_20260505_v2/compare_baselines_bundle/gomaa_geo_official/gomaa_geo/checkpoint/formal_ppo_seed42_t480k/formal_ppo.pt,swissviewmonuments,194,6,5,19,19,True,0,"[5, 10, 15, 20, 21, 22, 23, 24, 19]","[""down"", ""down"", ""down"", ""right"", ""right"", ""right"", ""right"", ""up""]","[1.0, 1.0, -1.0, 1.0, 1.0, 1.0, 1.0, 1.0]",8,img194_d6_s05_g19_r0,6,2
GOMAA-Geo,/root/src/compare_baselines_bundle_20260505_v2/compare_baselines_bundle/gomaa_geo_official/gomaa_geo/checkpoint/formal_ppo_seed42_t480k/formal_ppo.pt,swissviewmonuments,195,4,18,20,0,False,4,"[18, 17, 12, 7, 6, 1, 0, 5, 0, 5, 0]","[""left"", ""up"", ""up"", ""left"", ""up"", ""left"", ""down"", ""up"", ""down"", ""up""]","[1.0, -1.0, -1.0, 1.0, -1.0, 1.0, 1.0, -1.0, 1.0, -1.0]",10,img195_d4_s18_g20_r0,4,6
GOMAA-Geo,/root/src/compare_baselines_bundle_20260505_v2/compare_baselines_bundle/gomaa_geo_official/gomaa_geo/checkpoint/formal_ppo_seed42_t480k/formal_ppo.pt,swissviewmonuments,195,6,8,20,20,True,0,"[8, 7, 12, 17, 16, 21, 20]","[""left"", ""down"", ""down"", ""left"", ""down"", ""left""]","[1.0, 1.0, 1.0, 1.0, 1.0, 1.0]",6,img195_d6_s08_g20_r0,6,0
GOMAA-Geo,/root/src/compare_baselines_bundle_20260505_v2/compare_baselines_bundle/gomaa_geo_official/gomaa_geo/checkpoint/formal_ppo_seed42_t480k/formal_ppo.pt,swissviewmonuments,195,8,4,20,10,False,2,"[4, 9, 14, 19, 18, 17, 16, 15, 10, 5, 10]","[""down"", ""down"", ""down"", ""left"", ""left"", ""left"", ""left"", ""up"", ""up"", ""down""]","[1.0, 1.0, 1.0, 1.0, 1.0, 1.0, 1.0, -1.0, -1.0, 1.0]",10,img195_d8_s04_g20_r0,8,2
GOMAA-Geo,/root/src/compare_baselines_bundle_20260505_v2/compare_baselines_bundle/gomaa_geo_official/gomaa_geo/checkpoint/formal_ppo_seed42_t480k/formal_ppo.pt,swissviewmonuments,196,4,1,21,23,False,2,"[1, 2, 3, 4, 9, 14, 19, 24, 19, 24, 23]","[""right"", ""right"", ""right"", ""down"", ""down"", ""down"", ""down"", ""up"", ""down"", ""left""]","[-1.0, -1.0, -1.0, 1.0, 1.0, 1.0, 1.0, -1.0, 1.0, 1.0]",10,img196_d4_s01_g21_r0,4,6
GOMAA-Geo,/root/src/compare_baselines_bundle_20260505_v2/compare_baselines_bundle/gomaa_geo_official/gomaa_geo/checkpoint/formal_ppo_seed42_t480k/formal_ppo.pt,swissviewmonuments,196,6,9,21,21,True,0,"[9, 14, 19, 24, 23, 22, 21]","[""down"", ""down"", ""down"", ""left"", ""left"", ""left""]","[1.0, 1.0, 1.0, 1.0, 1.0, 1.0]",6,img196_d6_s09_g21_r0,6,0
GOMAA-Geo,/root/src/compare_baselines_bundle_20260505_v2/compare_baselines_bundle/gomaa_geo_official/gomaa_geo/checkpoint/formal_ppo_seed42_t480k/formal_ppo.pt,swissviewmonuments,197,4,8,22,22,True,0,"[8, 7, 6, 11, 16, 21, 20, 21, 22]","[""left"", ""left"", ""down"", ""down"", ""down"", ""left"", ""right"", ""right""]","[1.0, -1.0, 1.0, 1.0, 1.0, -1.0, 1.0, 1.0]",8,img197_d4_s08_g22_r0,4,4
GOMAA-Geo,/root/src/compare_baselines_bundle_20260505_v2/compare_baselines_bundle/gomaa_geo_official/gomaa_geo/checkpoint/formal_ppo_seed42_t480k/formal_ppo.pt,swissviewmonuments,197,6,0,22,18,False,2,"[0, 1, 2, 3, 8, 13, 18, 13, 18, 13, 18]","[""right"", ""right"", ""right"", ""down"", ""down"", ""down"", ""up"", ""down"", ""up"", ""down""]","[1.0, 1.0, -1.0, 1.0, 1.0, 1.0, -1.0, 1.0, -1.0, 1.0]",10,img197_d6_s00_g22_r0,6,4
GOMAA-Geo,/root/src/compare_baselines_bundle_20260505_v2/compare_baselines_bundle/gomaa_geo_official/gomaa_geo/checkpoint/formal_ppo_seed42_t480k/formal_ppo.pt,swissviewmonuments,198,4,9,23,21,False,2,"[9, 4, 3, 2, 1, 0, 5, 10, 15, 20, 21]","[""up"", ""left"", ""left"", ""left"", ""left"", ""down"", ""down"", ""down"", ""down"", ""right""]","[-1.0, 1.0, -1.0, -1.0, -1.0, 1.0, 1.0, 1.0, 1.0, 1.0]",10,img198_d4_s09_g23_r0,4,6
GOMAA-Geo,/root/src/compare_baselines_bundle_20260505_v2/compare_baselines_bundle/gomaa_geo_official/gomaa_geo/checkpoint/formal_ppo_seed42_t480k/formal_ppo.pt,swissviewmonuments,198,6,5,23,23,True,0,"[5, 6, 11, 16, 17, 18, 23]","[""right"", ""down"", ""down"", ""right"", ""right"", ""down""]","[1.0, 1.0, 1.0, 1.0, 1.0, 1.0]",6,img198_d6_s05_g23_r0,6,0
GOMAA-Geo,/root/src/compare_baselines_bundle_20260505_v2/compare_baselines_bundle/gomaa_geo_official/gomaa_geo/checkpoint/formal_ppo_seed42_t480k/formal_ppo.pt,swissviewmonuments,199,4,20,24,4,False,4,"[20, 15, 10, 5, 6, 7, 8, 13, 14, 9, 4]","[""up"", ""up"", ""up"", ""right"", ""right"", ""right"", ""down"", ""right"", ""up"", ""up""]","[-1.0, -1.0, -1.0, 1.0, 1.0, 1.0, 1.0, 1.0, -1.0, -1.0]",10,img199_d4_s20_g24_r0,4,6
GOMAA-Geo,/root/src/compare_baselines_bundle_20260505_v2/compare_baselines_bundle/gomaa_geo_official/gomaa_geo/checkpoint/formal_ppo_seed42_t480k/formal_ppo.pt,swissviewmonuments,199,6,6,24,24,True,0,"[6, 7, 8, 13, 18, 23, 24]","[""right"", ""right"", ""down"", ""down"", ""down"", ""right""]","[1.0, 1.0, 1.0, 1.0, 1.0, 1.0]",6,img199_d6_s06_g24_r0,6,0
GOMAA-Geo,/root/src/compare_baselines_bundle_20260505_v2/compare_baselines_bundle/gomaa_geo_official/gomaa_geo/checkpoint/formal_ppo_seed42_t480k/formal_ppo.pt,swissviewmonuments,199,8,0,24,24,True,0,"[0, 1, 2, 3, 8, 13, 18, 23, 24]","[""right"", ""right"", ""right"", ""down"", ""down"", ""down"", ""down"", ""right""]","[1.0, 1.0, 1.0, 1.0, 1.0, 1.0, 1.0, 1.0]",8,img199_d8_s00_g24_r0,8,0
GOMAA-Geo,/root/src/compare_baselines_bundle_20260505_v2/compare_baselines_bundle/gomaa_geo_official/gomaa_geo/checkpoint/formal_ppo_seed42_t480k/formal_ppo.pt,swissviewmonuments,200,4,16,0,24,False,8,"[16, 11, 12, 13, 8, 3, 4, 9, 14, 19, 24]","[""up"", ""right"", ""right"", ""up"", ""up"", ""right"", ""down"", ""down"", ""down"", ""down""]","[1.0, -1.0, -1.0, 1.0, 1.0, -1.0, -1.0, -1.0, -1.0, -1.0]",10,img200_d4_s16_g00_r0,4,6
GOMAA-Geo,/root/src/compare_baselines_bundle_20260505_v2/compare_baselines_bundle/gomaa_geo_official/gomaa_geo/checkpoint/formal_ppo_seed42_t480k/formal_ppo.pt,swissviewmonuments,200,6,22,0,0,True,0,"[22, 21, 16, 11, 6, 5, 0]","[""left"", ""up"", ""up"", ""up"", ""left"", ""up""]","[1.0, 1.0, 1.0, 1.0, 1.0, 1.0]",6,img200_d6_s22_g00_r0,6,0
GOMAA-Geo,/root/src/compare_baselines_bundle_20260505_v2/compare_baselines_bundle/gomaa_geo_official/gomaa_geo/checkpoint/formal_ppo_seed42_t480k/formal_ppo.pt,swissviewmonuments,200,8,24,0,0,True,0,"[24, 23, 22, 21, 16, 11, 6, 1, 0]","[""left"", ""left"", ""left"", ""up"", ""up"", ""up"", ""up"", ""left""]","[1.0, 1.0, 1.0, 1.0, 1.0, 1.0, 1.0, 1.0]",8,img200_d8_s24_g00_r0,8,0
GOMAA-Geo,/root/src/compare_baselines_bundle_20260505_v2/compare_baselines_bundle/gomaa_geo_official/gomaa_geo/checkpoint/formal_ppo_seed42_t480k/formal_ppo.pt,swissviewmonuments,201,4,13,1,1,True,0,"[13, 8, 7, 6, 5, 0, 5, 0, 1]","[""up"", ""left"", ""left"", ""left"", ""up"", ""down"", ""up"", ""right""]","[1.0, 1.0, 1.0, -1.0, 1.0, -1.0, 1.0, 1.0]",8,img201_d4_s13_g01_r0,4,4
GOMAA-Geo,/root/src/compare_baselines_bundle_20260505_v2/compare_baselines_bundle/gomaa_geo_official/gomaa_geo/checkpoint/formal_ppo_seed42_t480k/formal_ppo.pt,swissviewmonuments,201,6,23,1,1,True,0,"[23, 22, 21, 16, 11, 6, 1]","[""left"", ""left"", ""up"", ""up"", ""up"", ""up""]","[1.0, 1.0, 1.0, 1.0, 1.0, 1.0]",6,img201_d6_s23_g01_r0,6,0
GOMAA-Geo,/root/src/compare_baselines_bundle_20260505_v2/compare_baselines_bundle/gomaa_geo_official/gomaa_geo/checkpoint/formal_ppo_seed42_t480k/formal_ppo.pt,swissviewmonuments,202,4,18,2,0,False,2,"[18, 13, 12, 7, 6, 1, 0, 1, 0, 1, 0]","[""up"", ""left"", ""up"", ""left"", ""up"", ""left"", ""right"", ""left"", ""right"", ""left""]","[1.0, 1.0, 1.0, -1.0, 1.0, -1.0, 1.0, -1.0, 1.0, -1.0]",10,img202_d4_s18_g02_r0,4,6
GOMAA-Geo,/root/src/compare_baselines_bundle_20260505_v2/compare_baselines_bundle/gomaa_geo_official/gomaa_geo/checkpoint/formal_ppo_seed42_t480k/formal_ppo.pt,swissviewmonuments,202,6,20,2,4,False,2,"[20, 21, 22, 23, 18, 13, 8, 3, 4, 9, 4]","[""right"", ""right"", ""right"", ""up"", ""up"", ""up"", ""up"", ""right"", ""down"", ""up""]","[1.0, 1.0, -1.0, 1.0, 1.0, 1.0, 1.0, -1.0, -1.0, 1.0]",10,img202_d6_s20_g02_r0,6,4
GOMAA-Geo,/root/src/compare_baselines_bundle_20260505_v2/compare_baselines_bundle/gomaa_geo_official/gomaa_geo/checkpoint/formal_ppo_seed42_t480k/formal_ppo.pt,swissviewmonuments,203,4,23,3,1,False,2,"[23, 22, 21, 16, 11, 6, 1, 0, 1, 0, 1]","[""left"", ""left"", ""up"", ""up"", ""up"", ""up"", ""left"", ""right"", ""left"", ""right""]","[-1.0, -1.0, 1.0, 1.0, 1.0, 1.0, -1.0, 1.0, -1.0, 1.0]",10,img203_d4_s23_g03_r0,4,6
GOMAA-Geo,/root/src/compare_baselines_bundle_20260505_v2/compare_baselines_bundle/gomaa_geo_official/gomaa_geo/checkpoint/formal_ppo_seed42_t480k/formal_ppo.pt,swissviewmonuments,203,6,15,3,3,True,0,"[15, 10, 5, 0, 1, 0, 1, 2, 3]","[""up"", ""up"", ""up"", ""right"", ""left"", ""right"", ""right"", ""right""]","[1.0, 1.0, 1.0, 1.0, -1.0, 1.0, 1.0, 1.0]",8,img203_d6_s15_g03_r0,6,2
GOMAA-Geo,/root/src/compare_baselines_bundle_20260505_v2/compare_baselines_bundle/gomaa_geo_official/gomaa_geo/checkpoint/formal_ppo_seed42_t480k/formal_ppo.pt,swissviewmonuments,204,4,12,4,14,False,2,"[12, 11, 16, 21, 20, 21, 22, 23, 24, 19, 14]","[""left"", ""down"", ""down"", ""left"", ""right"", ""right"", ""right"", ""right"", ""up"", ""up""]","[-1.0, -1.0, -1.0, -1.0, 1.0, 1.0, 1.0, 1.0, 1.0, 1.0]",10,img204_d4_s12_g04_r0,4,6
GOMAA-Geo,/root/src/compare_baselines_bundle_20260505_v2/compare_baselines_bundle/gomaa_geo_official/gomaa_geo/checkpoint/formal_ppo_seed42_t480k/formal_ppo.pt,swissviewmonuments,204,6,22,4,0,False,4,"[22, 23, 18, 13, 8, 3, 2, 1, 0, 5, 0]","[""right"", ""up"", ""up"", ""up"", ""up"", ""left"", ""left"", ""left"", ""down"", ""up""]","[1.0, 1.0, 1.0, 1.0, 1.0, -1.0, -1.0, -1.0, -1.0, 1.0]",10,img204_d6_s22_g04_r0,6,4
GOMAA-Geo,/root/src/compare_baselines_bundle_20260505_v2/compare_baselines_bundle/gomaa_geo_official/gomaa_geo/checkpoint/formal_ppo_seed42_t480k/formal_ppo.pt,swissviewmonuments,204,8,20,4,4,True,0,"[20, 21, 22, 23, 24, 19, 14, 9, 4]","[""right"", ""right"", ""right"", ""right"", ""up"", ""up"", ""up"", ""up""]","[1.0, 1.0, 1.0, 1.0, 1.0, 1.0, 1.0, 1.0]",8,img204_d8_s20_g04_r0,8,0
GOMAA-Geo,/root/src/compare_baselines_bundle_20260505_v2/compare_baselines_bundle/gomaa_geo_official/gomaa_geo/checkpoint/formal_ppo_seed42_t480k/formal_ppo.pt,swissviewmonuments,205,4,21,5,3,False,4,"[21, 22, 23, 24, 19, 14, 9, 4, 3, 2, 3]","[""right"", ""right"", ""right"", ""up"", ""up"", ""up"", ""up"", ""left"", ""left"", ""right""]","[-1.0, -1.0, -1.0, 1.0, 1.0, 1.0, -1.0, 1.0, 1.0, -1.0]",10,img205_d4_s21_g05_r0,4,6
GOMAA-Geo,/root/src/compare_baselines_bundle_20260505_v2/compare_baselines_bundle/gomaa_geo_official/gomaa_geo/checkpoint/formal_ppo_seed42_t480k/formal_ppo.pt,swissviewmonuments,205,6,23,5,5,True,0,"[23, 22, 21, 20, 15, 10, 5]","[""left"", ""left"", ""left"", ""up"", ""up"", ""up""]","[1.0, 1.0, 1.0, 1.0, 1.0, 1.0]",6,img205_d6_s23_g05_r0,6,0
GOMAA-Geo,/root/src/compare_baselines_bundle_20260505_v2/compare_baselines_bundle/gomaa_geo_official/gomaa_geo/checkpoint/formal_ppo_seed42_t480k/formal_ppo.pt,swissviewmonuments,206,4,22,6,0,False,2,"[22, 21, 20, 15, 10, 5, 0, 1, 0, 1, 0]","[""left"", ""left"", ""up"", ""up"", ""up"", ""up"", ""right"", ""left"", ""right"", ""left""]","[1.0, -1.0, 1.0, 1.0, 1.0, -1.0, 1.0, -1.0, 1.0, -1.0]",10,img206_d4_s22_g06_r0,4,6
GOMAA-Geo,/root/src/compare_baselines_bundle_20260505_v2/compare_baselines_bundle/gomaa_geo_official/gomaa_geo/checkpoint/formal_ppo_seed42_t480k/formal_ppo.pt,swissviewmonuments,206,6,24,6,0,False,2,"[24, 23, 22, 21, 16, 15, 10, 5, 0, 5, 0]","[""left"", ""left"", ""left"", ""up"", ""left"", ""up"", ""up"", ""up"", ""down"", ""up""]","[1.0, 1.0, 1.0, 1.0, -1.0, 1.0, 1.0, -1.0, 1.0, -1.0]",10,img206_d6_s24_g06_r0,6,4
GOMAA-Geo,/root/src/compare_baselines_bundle_20260505_v2/compare_baselines_bundle/gomaa_geo_official/gomaa_geo/checkpoint/formal_ppo_seed42_t480k/formal_ppo.pt,swissviewmonuments,207,4,23,7,1,False,2,"[23, 22, 21, 16, 11, 6, 1, 0, 1, 0, 1]","[""left"", ""left"", ""up"", ""up"", ""up"", ""up"", ""left"", ""right"", ""left"", ""right""]","[1.0, -1.0, 1.0, 1.0, 1.0, -1.0, -1.0, 1.0, -1.0, 1.0]",10,img207_d4_s23_g07_r0,4,6
GOMAA-Geo,/root/src/compare_baselines_bundle_20260505_v2/compare_baselines_bundle/gomaa_geo_official/gomaa_geo/checkpoint/formal_ppo_seed42_t480k/formal_ppo.pt,swissviewmonuments,208,4,16,8,8,True,0,"[16, 11, 6, 7, 8]","[""up"", ""up"", ""right"", ""right""]","[1.0, 1.0, 1.0, 1.0]",4,img208_d4_s16_g08_r0,4,0
GOMAA-Geo,/root/src/compare_baselines_bundle_20260505_v2/compare_baselines_bundle/gomaa_geo_official/gomaa_geo/checkpoint/formal_ppo_seed42_t480k/formal_ppo.pt,swissviewmonuments,208,6,20,8,8,True,0,"[20, 21, 22, 23, 18, 13, 8]","[""right"", ""right"", ""right"", ""up"", ""up"", ""up""]","[1.0, 1.0, 1.0, 1.0, 1.0, 1.0]",6,img208_d6_s20_g08_r0,6,0
GOMAA-Geo,/root/src/compare_baselines_bundle_20260505_v2/compare_baselines_bundle/gomaa_geo_official/gomaa_geo/checkpoint/formal_ppo_seed42_t480k/formal_ppo.pt,swissviewmonuments,209,4,11,9,21,False,6,"[11, 6, 7, 8, 13, 18, 17, 16, 17, 16, 21]","[""up"", ""right"", ""right"", ""down"", ""down"", ""left"", ""left"", ""right"", ""left"", ""down""]","[1.0, 1.0, 1.0, -1.0, -1.0, -1.0, -1.0, 1.0, -1.0, -1.0]",10,img209_d4_s11_g09_r0,4,6
GOMAA-Geo,/root/src/compare_baselines_bundle_20260505_v2/compare_baselines_bundle/gomaa_geo_official/gomaa_geo/checkpoint/formal_ppo_seed42_t480k/formal_ppo.pt,swissviewmonuments,209,6,21,9,9,True,0,"[21, 22, 23, 24, 19, 14, 9]","[""right"", ""right"", ""right"", ""up"", ""up"", ""up""]","[1.0, 1.0, 1.0, 1.0, 1.0, 1.0]",6,img209_d6_s21_g09_r0,6,0
GOMAA-Geo,/root/src/compare_baselines_bundle_20260505_v2/compare_baselines_bundle/gomaa_geo_official/gomaa_geo/checkpoint/formal_ppo_seed42_t480k/formal_ppo.pt,swissviewmonuments,210,4,8,10,22,False,4,"[8, 7, 6, 11, 16, 15, 20, 21, 22, 23, 22]","[""left"", ""left"", ""down"", ""down"", ""left"", ""down"", ""right"", ""right"", ""right"", ""left""]","[1.0, 1.0, 1.0, -1.0, 1.0, -1.0, -1.0, -1.0, -1.0, 1.0]",10,img210_d4_s08_g10_r0,4,6
GOMAA-Geo,/root/src/compare_baselines_bundle_20260505_v2/compare_baselines_bundle/gomaa_geo_official/gomaa_geo/checkpoint/formal_ppo_seed42_t480k/formal_ppo.pt,swissviewmonuments,210,6,4,10,10,True,0,"[4, 3, 2, 1, 0, 5, 10]","[""left"", ""left"", ""left"", ""left"", ""down"", ""down""]","[1.0, 1.0, 1.0, 1.0, 1.0, 1.0]",6,img210_d6_s04_g10_r0,6,0
GOMAA-Geo,/root/src/compare_baselines_bundle_20260505_v2/compare_baselines_bundle/gomaa_geo_official/gomaa_geo/checkpoint/formal_ppo_seed42_t480k/formal_ppo.pt,swissviewmonuments,211,4,19,11,1,False,2,"[19, 14, 9, 8, 7, 6, 5, 0, 1, 0, 1]","[""up"", ""up"", ""left"", ""left"", ""left"", ""left"", ""up"", ""right"", ""left"", ""right""]","[1.0, -1.0, 1.0, 1.0, 1.0, -1.0, -1.0, 1.0, -1.0, 1.0]",10,img211_d4_s19_g11_r0,4,6
GOMAA-Geo,/root/src/compare_baselines_bundle_20260505_v2/compare_baselines_bundle/gomaa_geo_official/gomaa_geo/checkpoint/formal_ppo_seed42_t480k/formal_ppo.pt,swissviewmonuments,212,4,24,12,0,False,4,"[24, 19, 14, 9, 8, 7, 6, 5, 0, 1, 0]","[""up"", ""up"", ""up"", ""left"", ""left"", ""left"", ""left"", ""up"", ""right"", ""left""]","[1.0, 1.0, -1.0, 1.0, 1.0, -1.0, -1.0, -1.0, 1.0, -1.0]",10,img212_d4_s24_g12_r0,4,6
GOMAA-Geo,/root/src/compare_baselines_bundle_20260505_v2/compare_baselines_bundle/gomaa_geo_official/gomaa_geo/checkpoint/formal_ppo_seed42_t480k/formal_ppo.pt,swissviewmonuments,213,4,1,13,13,True,0,"[1, 2, 3, 8, 13]","[""right"", ""right"", ""down"", ""down""]","[1.0, 1.0, 1.0, 1.0]",4,img213_d4_s01_g13_r0,4,0
GOMAA-Geo,/root/src/compare_baselines_bundle_20260505_v2/compare_baselines_bundle/gomaa_geo_official/gomaa_geo/checkpoint/formal_ppo_seed42_t480k/formal_ppo.pt,swissviewmonuments,214,4,6,14,24,False,2,"[6, 11, 12, 13, 18, 23, 24, 23, 24, 23, 24]","[""down"", ""right"", ""right"", ""down"", ""down"", ""right"", ""left"", ""right"", ""left"", ""right""]","[1.0, 1.0, 1.0, -1.0, -1.0, 1.0, -1.0, 1.0, -1.0, 1.0]",10,img214_d4_s06_g14_r0,4,6
GOMAA-Geo,/root/src/compare_baselines_bundle_20260505_v2/compare_baselines_bundle/gomaa_geo_official/gomaa_geo/checkpoint/formal_ppo_seed42_t480k/formal_ppo.pt,swissviewmonuments,214,6,20,14,14,True,0,"[20, 21, 22, 23, 18, 13, 8, 3, 4, 9, 14]","[""right"", ""right"", ""right"", ""up"", ""up"", ""up"", ""up"", ""right"", ""down"", ""down""]","[1.0, 1.0, 1.0, 1.0, 1.0, -1.0, -1.0, 1.0, 1.0, 1.0]",10,img214_d6_s20_g14_r0,6,4
GOMAA-Geo,/root/src/compare_baselines_bundle_20260505_v2/compare_baselines_bundle/gomaa_geo_official/gomaa_geo/checkpoint/formal_ppo_seed42_t480k/formal_ppo.pt,swissviewmonuments,215,4,1,15,23,False,4,"[1, 2, 3, 4, 9, 14, 19, 24, 19, 24, 23]","[""right"", ""right"", ""right"", ""down"", ""down"", ""down"", ""down"", ""up"", ""down"", ""left""]","[-1.0, -1.0, -1.0, 1.0, 1.0, 1.0, -1.0, 1.0, -1.0, 1.0]",10,img215_d4_s01_g15_r0,4,6
GOMAA-Geo,/root/src/compare_baselines_bundle_20260505_v2/compare_baselines_bundle/gomaa_geo_official/gomaa_geo/checkpoint/formal_ppo_seed42_t480k/formal_ppo.pt,swissviewmonuments,215,6,9,15,15,True,0,"[9, 8, 13, 12, 11, 16, 15]","[""left"", ""down"", ""left"", ""left"", ""down"", ""left""]","[1.0, 1.0, 1.0, 1.0, 1.0, 1.0]",6,img215_d6_s09_g15_r0,6,0
GOMAA-Geo,/root/src/compare_baselines_bundle_20260505_v2/compare_baselines_bundle/gomaa_geo_official/gomaa_geo/checkpoint/formal_ppo_seed42_t480k/formal_ppo.pt,swissviewmonuments,216,4,8,16,16,True,0,"[8, 7, 6, 11, 16]","[""left"", ""left"", ""down"", ""down""]","[1.0, 1.0, 1.0, 1.0]",4,img216_d4_s08_g16_r0,4,0
GOMAA-Geo,/root/src/compare_baselines_bundle_20260505_v2/compare_baselines_bundle/gomaa_geo_official/gomaa_geo/checkpoint/formal_ppo_seed42_t480k/formal_ppo.pt,swissviewmonuments,216,6,4,16,10,False,2,"[4, 3, 2, 1, 0, 5, 10, 15, 10, 15, 10]","[""left"", ""left"", ""left"", ""left"", ""down"", ""down"", ""down"", ""up"", ""down"", ""up""]","[1.0, 1.0, 1.0, -1.0, 1.0, 1.0, 1.0, -1.0, 1.0, -1.0]",10,img216_d6_s04_g16_r0,6,4
GOMAA-Geo,/root/src/compare_baselines_bundle_20260505_v2/compare_baselines_bundle/gomaa_geo_official/gomaa_geo/checkpoint/formal_ppo_seed42_t480k/formal_ppo.pt,swissviewmonuments,217,4,5,17,23,False,2,"[5, 6, 7, 8, 13, 18, 19, 24, 23, 24, 23]","[""right"", ""right"", ""right"", ""down"", ""down"", ""right"", ""down"", ""left"", ""right"", ""left""]","[1.0, 1.0, -1.0, 1.0, 1.0, -1.0, -1.0, 1.0, -1.0, 1.0]",10,img217_d4_s05_g17_r0,4,6
GOMAA-Geo,/root/src/compare_baselines_bundle_20260505_v2/compare_baselines_bundle/gomaa_geo_official/gomaa_geo/checkpoint/formal_ppo_seed42_t480k/formal_ppo.pt,swissviewmonuments,218,4,20,18,4,False,4,"[20, 15, 10, 5, 0, 1, 2, 3, 4, 3, 4]","[""up"", ""up"", ""up"", ""up"", ""right"", ""right"", ""right"", ""right"", ""left"", ""right""]","[1.0, -1.0, -1.0, -1.0, 1.0, 1.0, 1.0, -1.0, 1.0, -1.0]",10,img218_d4_s20_g18_r0,4,6
GOMAA-Geo,/root/src/compare_baselines_bundle_20260505_v2/compare_baselines_bundle/gomaa_geo_official/gomaa_geo/checkpoint/formal_ppo_seed42_t480k/formal_ppo.pt,swissviewmonuments,218,6,0,18,24,False,2,"[0, 1, 2, 3, 4, 9, 14, 19, 24, 19, 24]","[""right"", ""right"", ""right"", ""right"", ""down"", ""down"", ""down"", ""down"", ""up"", ""down""]","[1.0, 1.0, 1.0, -1.0, 1.0, 1.0, 1.0, -1.0, 1.0, -1.0]",10,img218_d6_s00_g18_r0,6,4
GOMAA-Geo,/root/src/compare_baselines_bundle_20260505_v2/compare_baselines_bundle/gomaa_geo_official/gomaa_geo/checkpoint/formal_ppo_seed42_t480k/formal_ppo.pt,swissviewmonuments,219,4,11,19,19,True,0,"[11, 6, 7, 8, 13, 18, 19]","[""up"", ""right"", ""right"", ""down"", ""down"", ""right""]","[-1.0, 1.0, 1.0, 1.0, 1.0, 1.0]",6,img219_d4_s11_g19_r0,4,2
GOMAA-Geo,/root/src/compare_baselines_bundle_20260505_v2/compare_baselines_bundle/gomaa_geo_official/gomaa_geo/checkpoint/formal_ppo_seed42_t480k/formal_ppo.pt,swissviewmonuments,219,6,1,19,23,False,2,"[1, 2, 3, 8, 13, 18, 23, 24, 23, 24, 23]","[""right"", ""right"", ""down"", ""down"", ""down"", ""down"", ""right"", ""left"", ""right"", ""left""]","[1.0, 1.0, 1.0, 1.0, 1.0, -1.0, 1.0, -1.0, 1.0, -1.0]",10,img219_d6_s01_g19_r0,6,4
GOMAA-Geo,/root/src/compare_baselines_bundle_20260505_v2/compare_baselines_bundle/gomaa_geo_official/gomaa_geo/checkpoint/formal_ppo_seed42_t480k/formal_ppo.pt,swissviewmonuments,220,4,6,20,24,False,4,"[6, 7, 8, 13, 18, 19, 24, 19, 24, 23, 24]","[""right"", ""right"", ""down"", ""down"", ""right"", ""down"", ""up"", ""down"", ""left"", ""right""]","[-1.0, -1.0, 1.0, 1.0, -1.0, 1.0, -1.0, 1.0, 1.0, -1.0]",10,img220_d4_s06_g20_r0,4,6
GOMAA-Geo,/root/src/compare_baselines_bundle_20260505_v2/compare_baselines_bundle/gomaa_geo_official/gomaa_geo/checkpoint/formal_ppo_seed42_t480k/formal_ppo.pt,swissviewmonuments,220,6,8,20,20,True,0,"[8, 7, 6, 11, 16, 15, 20]","[""left"", ""left"", ""down"", ""down"", ""left"", ""down""]","[1.0, 1.0, 1.0, 1.0, 1.0, 1.0]",6,img220_d6_s08_g20_r0,6,0
GOMAA-Geo,/root/src/compare_baselines_bundle_20260505_v2/compare_baselines_bundle/gomaa_geo_official/gomaa_geo/checkpoint/formal_ppo_seed42_t480k/formal_ppo.pt,swissviewmonuments,220,8,4,20,10,False,2,"[4, 3, 2, 1, 0, 5, 10, 15, 10, 5, 10]","[""left"", ""left"", ""left"", ""left"", ""down"", ""down"", ""down"", ""up"", ""up"", ""down""]","[1.0, 1.0, 1.0, 1.0, 1.0, 1.0, 1.0, -1.0, -1.0, 1.0]",10,img220_d8_s04_g20_r0,8,2
GOMAA-Geo,/root/src/compare_baselines_bundle_20260505_v2/compare_baselines_bundle/gomaa_geo_official/gomaa_geo/checkpoint/formal_ppo_seed42_t480k/formal_ppo.pt,swissviewmonuments,221,4,19,21,3,False,6,"[19, 14, 9, 4, 3, 2, 1, 2, 1, 2, 3]","[""up"", ""up"", ""up"", ""left"", ""left"", ""left"", ""right"", ""left"", ""right"", ""right""]","[-1.0, -1.0, -1.0, 1.0, 1.0, 1.0, -1.0, 1.0, -1.0, -1.0]",10,img221_d4_s19_g21_r0,4,6
GOMAA-Geo,/root/src/compare_baselines_bundle_20260505_v2/compare_baselines_bundle/gomaa_geo_official/gomaa_geo/checkpoint/formal_ppo_seed42_t480k/formal_ppo.pt,swissviewmonuments,221,6,3,21,21,True,0,"[3, 2, 1, 6, 11, 16, 15, 20, 21]","[""left"", ""left"", ""down"", ""down"", ""down"", ""left"", ""down"", ""right""]","[1.0, 1.0, 1.0, 1.0, 1.0, -1.0, 1.0, 1.0]",8,img221_d6_s03_g21_r0,6,2
GOMAA-Geo,/root/src/compare_baselines_bundle_20260505_v2/compare_baselines_bundle/gomaa_geo_official/gomaa_geo/checkpoint/formal_ppo_seed42_t480k/formal_ppo.pt,swissviewmonuments,222,4,2,22,14,False,4,"[2, 1, 2, 3, 4, 9, 14, 19, 14, 9, 14]","[""left"", ""right"", ""right"", ""right"", ""down"", ""down"", ""down"", ""up"", ""up"", ""down""]","[-1.0, 1.0, -1.0, -1.0, 1.0, 1.0, 1.0, -1.0, -1.0, 1.0]",10,img222_d4_s02_g22_r0,4,6
GOMAA-Geo,/root/src/compare_baselines_bundle_20260505_v2/compare_baselines_bundle/gomaa_geo_official/gomaa_geo/checkpoint/formal_ppo_seed42_t480k/formal_ppo.pt,swissviewmonuments,222,6,4,22,6,False,4,"[4, 9, 14, 19, 18, 17, 16, 15, 10, 5, 6]","[""down"", ""down"", ""down"", ""left"", ""left"", ""left"", ""left"", ""up"", ""up"", ""right""]","[1.0, 1.0, 1.0, 1.0, 1.0, -1.0, -1.0, -1.0, -1.0, 1.0]",10,img222_d6_s04_g22_r0,6,4
GOMAA-Geo,/root/src/compare_baselines_bundle_20260505_v2/compare_baselines_bundle/gomaa_geo_official/gomaa_geo/checkpoint/formal_ppo_seed42_t480k/formal_ppo.pt,swissviewmonuments,223,4,11,23,19,False,2,"[11, 6, 7, 8, 9, 14, 19, 14, 19, 14, 19]","[""up"", ""right"", ""right"", ""right"", ""down"", ""down"", ""up"", ""down"", ""up"", ""down""]","[-1.0, 1.0, 1.0, -1.0, 1.0, 1.0, -1.0, 1.0, -1.0, 1.0]",10,img223_d4_s11_g23_r0,4,6
GOMAA-Geo,/root/src/compare_baselines_bundle_20260505_v2/compare_baselines_bundle/gomaa_geo_official/gomaa_geo/checkpoint/formal_ppo_seed42_t480k/formal_ppo.pt,swissviewmonuments,223,6,1,23,23,True,0,"[1, 2, 3, 8, 13, 18, 23]","[""right"", ""right"", ""down"", ""down"", ""down"", ""down""]","[1.0, 1.0, 1.0, 1.0, 1.0, 1.0]",6,img223_d6_s01_g23_r0,6,0
GOMAA-Geo,/root/src/compare_baselines_bundle_20260505_v2/compare_baselines_bundle/gomaa_geo_official/gomaa_geo/checkpoint/formal_ppo_seed42_t480k/formal_ppo.pt,swissviewmonuments,224,4,12,24,10,False,6,"[12, 7, 6, 5, 0, 5, 0, 1, 0, 5, 10]","[""up"", ""left"", ""left"", ""up"", ""down"", ""up"", ""right"", ""left"", ""down"", ""down""]","[-1.0, -1.0, -1.0, -1.0, 1.0, -1.0, 1.0, -1.0, 1.0, 1.0]",10,img224_d4_s12_g24_r0,4,6
GOMAA-Geo,/root/src/compare_baselines_bundle_20260505_v2/compare_baselines_bundle/gomaa_geo_official/gomaa_geo/checkpoint/formal_ppo_seed42_t480k/formal_ppo.pt,swissviewmonuments,224,6,6,24,24,True,0,"[6, 5, 10, 15, 20, 21, 22, 23, 24]","[""left"", ""down"", ""down"", ""down"", ""right"", ""right"", ""right"", ""right""]","[-1.0, 1.0, 1.0, 1.0, 1.0, 1.0, 1.0, 1.0]",8,img224_d6_s06_g24_r0,6,2
GOMAA-Geo,/root/src/compare_baselines_bundle_20260505_v2/compare_baselines_bundle/gomaa_geo_official/gomaa_geo/checkpoint/formal_ppo_seed42_t480k/formal_ppo.pt,swissviewmonuments,224,8,0,24,22,False,2,"[0, 1, 2, 3, 8, 13, 18, 23, 22, 23, 22]","[""right"", ""right"", ""right"", ""down"", ""down"", ""down"", ""down"", ""left"", ""right"", ""left""]","[1.0, 1.0, 1.0, 1.0, 1.0, 1.0, 1.0, -1.0, 1.0, -1.0]",10,img224_d8_s00_g24_r0,8,2
GOMAA-Geo,/root/src/compare_baselines_bundle_20260505_v2/compare_baselines_bundle/gomaa_geo_official/gomaa_geo/checkpoint/formal_ppo_seed42_t480k/formal_ppo.pt,swissviewmonuments,225,4,4,0,0,True,0,"[4, 3, 2, 1, 0]","[""left"", ""left"", ""left"", ""left""]","[1.0, 1.0, 1.0, 1.0]",4,img225_d4_s04_g00_r0,4,0
GOMAA-Geo,/root/src/compare_baselines_bundle_20260505_v2/compare_baselines_bundle/gomaa_geo_official/gomaa_geo/checkpoint/formal_ppo_seed42_t480k/formal_ppo.pt,swissviewmonuments,225,6,18,0,0,True,0,"[18, 13, 8, 7, 6, 1, 0]","[""up"", ""up"", ""left"", ""left"", ""up"", ""left""]","[1.0, 1.0, 1.0, 1.0, 1.0, 1.0]",6,img225_d6_s18_g00_r0,6,0
GOMAA-Geo,/root/src/compare_baselines_bundle_20260505_v2/compare_baselines_bundle/gomaa_geo_official/gomaa_geo/checkpoint/formal_ppo_seed42_t480k/formal_ppo.pt,swissviewmonuments,225,8,24,0,0,True,0,"[24, 23, 22, 21, 20, 15, 10, 5, 0]","[""left"", ""left"", ""left"", ""left"", ""up"", ""up"", ""up"", ""up""]","[1.0, 1.0, 1.0, 1.0, 1.0, 1.0, 1.0, 1.0]",8,img225_d8_s24_g00_r0,8,0
GOMAA-Geo,/root/src/compare_baselines_bundle_20260505_v2/compare_baselines_bundle/gomaa_geo_official/gomaa_geo/checkpoint/formal_ppo_seed42_t480k/formal_ppo.pt,swissviewmonuments,226,4,13,1,1,True,0,"[13, 8, 7, 6, 5, 0, 5, 0, 5, 0, 1]","[""up"", ""left"", ""left"", ""left"", ""up"", ""down"", ""up"", ""down"", ""up"", ""right""]","[1.0, 1.0, 1.0, -1.0, 1.0, -1.0, 1.0, -1.0, 1.0, 1.0]",10,img226_d4_s13_g01_r0,4,6
GOMAA-Geo,/root/src/compare_baselines_bundle_20260505_v2/compare_baselines_bundle/gomaa_geo_official/gomaa_geo/checkpoint/formal_ppo_seed42_t480k/formal_ppo.pt,swissviewmonuments,226,6,23,1,1,True,0,"[23, 22, 21, 20, 15, 10, 5, 0, 5, 0, 1]","[""left"", ""left"", ""left"", ""up"", ""up"", ""up"", ""up"", ""down"", ""up"", ""right""]","[1.0, 1.0, -1.0, 1.0, 1.0, 1.0, 1.0, -1.0, 1.0, 1.0]",10,img226_d6_s23_g01_r0,6,4
GOMAA-Geo,/root/src/compare_baselines_bundle_20260505_v2/compare_baselines_bundle/gomaa_geo_official/gomaa_geo/checkpoint/formal_ppo_seed42_t480k/formal_ppo.pt,swissviewmonuments,227,4,10,2,2,True,0,"[10, 5, 0, 1, 2]","[""up"", ""up"", ""right"", ""right""]","[1.0, 1.0, 1.0, 1.0]",4,img227_d4_s10_g02_r0,4,0
GOMAA-Geo,/root/src/compare_baselines_bundle_20260505_v2/compare_baselines_bundle/gomaa_geo_official/gomaa_geo/checkpoint/formal_ppo_seed42_t480k/formal_ppo.pt,swissviewmonuments,227,6,20,2,4,False,2,"[20, 21, 22, 23, 24, 19, 14, 9, 4, 3, 4]","[""right"", ""right"", ""right"", ""right"", ""up"", ""up"", ""up"", ""up"", ""left"", ""right""]","[1.0, 1.0, -1.0, -1.0, 1.0, 1.0, 1.0, 1.0, 1.0, -1.0]",10,img227_d6_s20_g02_r0,6,4
GOMAA-Geo,/root/src/compare_baselines_bundle_20260505_v2/compare_baselines_bundle/gomaa_geo_official/gomaa_geo/checkpoint/formal_ppo_seed42_t480k/formal_ppo.pt,swissviewmonuments,228,4,11,3,3,True,0,"[11, 6, 7, 8, 9, 4, 3]","[""up"", ""right"", ""right"", ""right"", ""up"", ""left""]","[1.0, 1.0, 1.0, -1.0, 1.0, 1.0]",6,img228_d4_s11_g03_r0,4,2
GOMAA-Geo,/root/src/compare_baselines_bundle_20260505_v2/compare_baselines_bundle/gomaa_geo_official/gomaa_geo/checkpoint/formal_ppo_seed42_t480k/formal_ppo.pt,swissviewmonuments,228,6,21,3,3,True,0,"[21, 22, 23, 24, 19, 14, 9, 4, 3]","[""right"", ""right"", ""right"", ""up"", ""up"", ""up"", ""up"", ""left""]","[1.0, 1.0, -1.0, 1.0, 1.0, 1.0, 1.0, 1.0]",8,img228_d6_s21_g03_r0,6,2
GOMAA-Geo,/root/src/compare_baselines_bundle_20260505_v2/compare_baselines_bundle/gomaa_geo_official/gomaa_geo/checkpoint/formal_ppo_seed42_t480k/formal_ppo.pt,swissviewmonuments,229,4,0,4,14,False,2,"[0, 5, 10, 15, 16, 17, 18, 19, 14, 19, 14]","[""down"", ""down"", ""down"", ""right"", ""right"", ""right"", ""right"", ""up"", ""down"", ""up""]","[-1.0, -1.0, -1.0, 1.0, 1.0, 1.0, 1.0, 1.0, -1.0, 1.0]",10,img229_d4_s00_g04_r0,4,6
GOMAA-Geo,/root/src/compare_baselines_bundle_20260505_v2/compare_baselines_bundle/gomaa_geo_official/gomaa_geo/checkpoint/formal_ppo_seed42_t480k/formal_ppo.pt,swissviewmonuments,229,6,10,4,2,False,2,"[10, 15, 16, 17, 18, 13, 8, 3, 2, 3, 2]","[""down"", ""right"", ""right"", ""right"", ""up"", ""up"", ""up"", ""left"", ""right"", ""left""]","[-1.0, 1.0, 1.0, 1.0, 1.0, 1.0, 1.0, -1.0, 1.0, -1.0]",10,img229_d6_s10_g04_r0,6,4
GOMAA-Geo,/root/src/compare_baselines_bundle_20260505_v2/compare_baselines_bundle/gomaa_geo_official/gomaa_geo/checkpoint/formal_ppo_seed42_t480k/formal_ppo.pt,swissviewmonuments,229,8,20,4,4,True,0,"[20, 15, 10, 5, 6, 7, 8, 9, 4]","[""up"", ""up"", ""up"", ""right"", ""right"", ""right"", ""right"", ""up""]","[1.0, 1.0, 1.0, 1.0, 1.0, 1.0, 1.0, 1.0]",8,img229_d8_s20_g04_r0,8,0
GOMAA-Geo,/root/src/compare_baselines_bundle_20260505_v2/compare_baselines_bundle/gomaa_geo_official/gomaa_geo/checkpoint/formal_ppo_seed42_t480k/formal_ppo.pt,swissviewmonuments,230,4,21,5,5,True,0,"[21, 20, 15, 10, 5]","[""left"", ""up"", ""up"", ""up""]","[1.0, 1.0, 1.0, 1.0]",4,img230_d4_s21_g05_r0,4,0
GOMAA-Geo,/root/src/compare_baselines_bundle_20260505_v2/compare_baselines_bundle/gomaa_geo_official/gomaa_geo/checkpoint/formal_ppo_seed42_t480k/formal_ppo.pt,swissviewmonuments,230,6,23,5,5,True,0,"[23, 22, 21, 16, 11, 6, 1, 0, 5]","[""left"", ""left"", ""up"", ""up"", ""up"", ""up"", ""left"", ""down""]","[1.0, 1.0, 1.0, 1.0, 1.0, -1.0, 1.0, 1.0]",8,img230_d6_s23_g05_r0,6,2
GOMAA-Geo,/root/src/compare_baselines_bundle_20260505_v2/compare_baselines_bundle/gomaa_geo_official/gomaa_geo/checkpoint/formal_ppo_seed42_t480k/formal_ppo.pt,swissviewmonuments,231,4,18,6,6,True,0,"[18, 13, 8, 7, 6]","[""up"", ""up"", ""left"", ""left""]","[1.0, 1.0, 1.0, 1.0]",4,img231_d4_s18_g06_r0,4,0
GOMAA-Geo,/root/src/compare_baselines_bundle_20260505_v2/compare_baselines_bundle/gomaa_geo_official/gomaa_geo/checkpoint/formal_ppo_seed42_t480k/formal_ppo.pt,swissviewmonuments,231,6,24,6,0,False,2,"[24, 19, 14, 9, 4, 3, 2, 1, 0, 5, 0]","[""up"", ""up"", ""up"", ""up"", ""left"", ""left"", ""left"", ""left"", ""down"", ""up""]","[1.0, 1.0, 1.0, -1.0, 1.0, 1.0, 1.0, -1.0, 1.0, -1.0]",10,img231_d6_s24_g06_r0,6,4
GOMAA-Geo,/root/src/compare_baselines_bundle_20260505_v2/compare_baselines_bundle/gomaa_geo_official/gomaa_geo/checkpoint/formal_ppo_seed42_t480k/formal_ppo.pt,swissviewmonuments,232,4,15,7,3,False,2,"[15, 10, 5, 0, 1, 2, 1, 2, 1, 2, 3]","[""up"", ""up"", ""up"", ""right"", ""right"", ""left"", ""right"", ""left"", ""right"", ""right""]","[1.0, 1.0, -1.0, 1.0, 1.0, -1.0, 1.0, -1.0, 1.0, -1.0]",10,img232_d4_s15_g07_r0,4,6
GOMAA-Geo,/root/src/compare_baselines_bundle_20260505_v2/compare_baselines_bundle/gomaa_geo_official/gomaa_geo/checkpoint/formal_ppo_seed42_t480k/formal_ppo.pt,swissviewmonuments,233,4,24,8,0,False,4,"[24, 23, 22, 21, 16, 11, 6, 1, 0, 5, 0]","[""left"", ""left"", ""left"", ""up"", ""up"", ""up"", ""up"", ""left"", ""down"", ""up""]","[1.0, -1.0, -1.0, 1.0, 1.0, 1.0, -1.0, -1.0, 1.0, -1.0]",10,img233_d4_s24_g08_r0,4,6
GOMAA-Geo,/root/src/compare_baselines_bundle_20260505_v2/compare_baselines_bundle/gomaa_geo_official/gomaa_geo/checkpoint/formal_ppo_seed42_t480k/formal_ppo.pt,swissviewmonuments,233,6,20,8,2,False,2,"[20, 15, 10, 5, 0, 1, 2, 3, 2, 3, 2]","[""up"", ""up"", ""up"", ""up"", ""right"", ""right"", ""right"", ""left"", ""right"", ""left""]","[1.0, 1.0, 1.0, -1.0, 1.0, 1.0, 1.0, -1.0, 1.0, -1.0]",10,img233_d6_s20_g08_r0,6,4
GOMAA-Geo,/root/src/compare_baselines_bundle_20260505_v2/compare_baselines_bundle/gomaa_geo_official/gomaa_geo/checkpoint/formal_ppo_seed42_t480k/formal_ppo.pt,swissviewmonuments,234,4,11,9,9,True,0,"[11, 6, 5, 0, 1, 2, 3, 4, 9]","[""up"", ""left"", ""up"", ""right"", ""right"", ""right"", ""right"", ""down""]","[1.0, -1.0, -1.0, 1.0, 1.0, 1.0, 1.0, 1.0]",8,img234_d4_s11_g09_r0,4,4
GOMAA-Geo,/root/src/compare_baselines_bundle_20260505_v2/compare_baselines_bundle/gomaa_geo_official/gomaa_geo/checkpoint/formal_ppo_seed42_t480k/formal_ppo.pt,swissviewmonuments,234,6,15,9,3,False,2,"[15, 10, 5, 0, 1, 2, 3, 4, 3, 4, 3]","[""up"", ""up"", ""up"", ""right"", ""right"", ""right"", ""right"", ""left"", ""right"", ""left""]","[1.0, 1.0, -1.0, 1.0, 1.0, 1.0, 1.0, -1.0, 1.0, -1.0]",10,img234_d6_s15_g09_r0,6,4
GOMAA-Geo,/root/src/compare_baselines_bundle_20260505_v2/compare_baselines_bundle/gomaa_geo_official/gomaa_geo/checkpoint/formal_ppo_seed42_t480k/formal_ppo.pt,swissviewmonuments,235,4,18,10,0,False,2,"[18, 13, 8, 7, 6, 1, 0, 5, 0, 1, 0]","[""up"", ""up"", ""left"", ""left"", ""up"", ""left"", ""down"", ""up"", ""right"", ""left""]","[1.0, -1.0, 1.0, 1.0, -1.0, 1.0, 1.0, -1.0, -1.0, 1.0]",10,img235_d4_s18_g10_r0,4,6
GOMAA-Geo,/root/src/compare_baselines_bundle_20260505_v2/compare_baselines_bundle/gomaa_geo_official/gomaa_geo/checkpoint/formal_ppo_seed42_t480k/formal_ppo.pt,swissviewmonuments,235,6,4,10,0,False,2,"[4, 3, 2, 1, 0, 5, 0, 5, 0, 5, 0]","[""left"", ""left"", ""left"", ""left"", ""down"", ""up"", ""down"", ""up"", ""down"", ""up""]","[1.0, 1.0, 1.0, 1.0, 1.0, -1.0, 1.0, -1.0, 1.0, -1.0]",10,img235_d6_s04_g10_r0,6,4
GOMAA-Geo,/root/src/compare_baselines_bundle_20260505_v2/compare_baselines_bundle/gomaa_geo_official/gomaa_geo/checkpoint/formal_ppo_seed42_t480k/formal_ppo.pt,swissviewmonuments,236,4,23,11,1,False,2,"[23, 22, 21, 20, 15, 10, 5, 0, 1, 0, 1]","[""left"", ""left"", ""left"", ""up"", ""up"", ""up"", ""up"", ""right"", ""left"", ""right""]","[1.0, 1.0, -1.0, 1.0, 1.0, -1.0, -1.0, 1.0, -1.0, 1.0]",10,img236_d4_s23_g11_r0,4,6
GOMAA-Geo,/root/src/compare_baselines_bundle_20260505_v2/compare_baselines_bundle/gomaa_geo_official/gomaa_geo/checkpoint/formal_ppo_seed42_t480k/formal_ppo.pt,swissviewmonuments,237,4,24,12,0,False,4,"[24, 23, 22, 21, 16, 11, 6, 1, 0, 1, 0]","[""left"", ""left"", ""left"", ""up"", ""up"", ""up"", ""up"", ""left"", ""right"", ""left""]","[1.0, 1.0, -1.0, 1.0, 1.0, -1.0, -1.0, -1.0, 1.0, -1.0]",10,img237_d4_s24_g12_r0,4,6
GOMAA-Geo,/root/src/compare_baselines_bundle_20260505_v2/compare_baselines_bundle/gomaa_geo_official/gomaa_geo/checkpoint/formal_ppo_seed42_t480k/formal_ppo.pt,swissviewmonuments,238,4,5,13,17,False,2,"[5, 10, 5, 6, 7, 6, 7, 6, 11, 16, 17]","[""down"", ""up"", ""right"", ""right"", ""left"", ""right"", ""left"", ""down"", ""down"", ""right""]","[1.0, -1.0, 1.0, 1.0, -1.0, 1.0, -1.0, 1.0, -1.0, 1.0]",10,img238_d4_s05_g13_r0,4,6
GOMAA-Geo,/root/src/compare_baselines_bundle_20260505_v2/compare_baselines_bundle/gomaa_geo_official/gomaa_geo/checkpoint/formal_ppo_seed42_t480k/formal_ppo.pt,swissviewmonuments,239,4,6,14,2,False,4,"[6, 5, 0, 1, 2, 3, 2, 1, 2, 3, 2]","[""left"", ""up"", ""right"", ""right"", ""right"", ""left"", ""left"", ""right"", ""right"", ""left""]","[-1.0, -1.0, 1.0, 1.0, 1.0, -1.0, -1.0, 1.0, 1.0, -1.0]",10,img239_d4_s06_g14_r0,4,6
GOMAA-Geo,/root/src/compare_baselines_bundle_20260505_v2/compare_baselines_bundle/gomaa_geo_official/gomaa_geo/checkpoint/formal_ppo_seed42_t480k/formal_ppo.pt,swissviewmonuments,239,6,20,14,2,False,4,"[20, 15, 10, 5, 0, 1, 2, 3, 2, 1, 2]","[""up"", ""up"", ""up"", ""up"", ""right"", ""right"", ""right"", ""left"", ""left"", ""right""]","[1.0, 1.0, -1.0, -1.0, 1.0, 1.0, 1.0, -1.0, -1.0, 1.0]",10,img239_d6_s20_g14_r0,6,4
GOMAA-Geo,/root/src/compare_baselines_bundle_20260505_v2/compare_baselines_bundle/gomaa_geo_official/gomaa_geo/checkpoint/formal_ppo_seed42_t480k/formal_ppo.pt,swissviewmonuments,240,4,19,15,5,False,2,"[19, 14, 9, 4, 3, 2, 1, 0, 1, 0, 5]","[""up"", ""up"", ""up"", ""left"", ""left"", ""left"", ""left"", ""right"", ""left"", ""down""]","[-1.0, -1.0, -1.0, 1.0, 1.0, 1.0, 1.0, -1.0, 1.0, 1.0]",10,img240_d4_s19_g15_r0,4,6
GOMAA-Geo,/root/src/compare_baselines_bundle_20260505_v2/compare_baselines_bundle/gomaa_geo_official/gomaa_geo/checkpoint/formal_ppo_seed42_t480k/formal_ppo.pt,swissviewmonuments,240,6,3,15,15,True,0,"[3, 2, 1, 0, 5, 10, 15]","[""left"", ""left"", ""left"", ""down"", ""down"", ""down""]","[1.0, 1.0, 1.0, 1.0, 1.0, 1.0]",6,img240_d6_s03_g15_r0,6,0
GOMAA-Geo,/root/src/compare_baselines_bundle_20260505_v2/compare_baselines_bundle/gomaa_geo_official/gomaa_geo/checkpoint/formal_ppo_seed42_t480k/formal_ppo.pt,swissviewmonuments,241,4,0,16,0,False,4,"[0, 5, 0, 1, 0, 5, 0, 1, 0, 5, 0]","[""down"", ""up"", ""right"", ""left"", ""down"", ""up"", ""right"", ""left"", ""down"", ""up""]","[1.0, -1.0, 1.0, -1.0, 1.0, -1.0, 1.0, -1.0, 1.0, -1.0]",10,img241_d4_s00_g16_r0,4,6
GOMAA-Geo,/root/src/compare_baselines_bundle_20260505_v2/compare_baselines_bundle/gomaa_geo_official/gomaa_geo/checkpoint/formal_ppo_seed42_t480k/formal_ppo.pt,swissviewmonuments,241,6,4,16,0,False,4,"[4, 3, 2, 1, 0, 5, 0, 5, 0, 5, 0]","[""left"", ""left"", ""left"", ""left"", ""down"", ""up"", ""down"", ""up"", ""down"", ""up""]","[1.0, 1.0, 1.0, -1.0, 1.0, -1.0, 1.0, -1.0, 1.0, -1.0]",10,img241_d6_s04_g16_r0,6,4
GOMAA-Geo,/root/src/compare_baselines_bundle_20260505_v2/compare_baselines_bundle/gomaa_geo_official/gomaa_geo/checkpoint/formal_ppo_seed42_t480k/formal_ppo.pt,swissviewmonuments,242,4,5,17,9,False,4,"[5, 0, 1, 2, 3, 4, 9, 14, 9, 14, 9]","[""up"", ""right"", ""right"", ""right"", ""right"", ""down"", ""down"", ""up"", ""down"", ""up""]","[-1.0, 1.0, 1.0, -1.0, -1.0, 1.0, 1.0, -1.0, 1.0, -1.0]",10,img242_d4_s05_g17_r0,4,6
GOMAA-Geo,/root/src/compare_baselines_bundle_20260505_v2/compare_baselines_bundle/gomaa_geo_official/gomaa_geo/checkpoint/formal_ppo_seed42_t480k/formal_ppo.pt,swissviewmonuments,243,4,20,18,2,False,4,"[20, 15, 10, 5, 0, 1, 0, 1, 0, 1, 2]","[""up"", ""up"", ""up"", ""up"", ""right"", ""left"", ""right"", ""left"", ""right"", ""right""]","[1.0, -1.0, -1.0, -1.0, 1.0, -1.0, 1.0, -1.0, 1.0, 1.0]",10,img243_d4_s20_g18_r0,4,6
GOMAA-Geo,/root/src/compare_baselines_bundle_20260505_v2/compare_baselines_bundle/gomaa_geo_official/gomaa_geo/checkpoint/formal_ppo_seed42_t480k/formal_ppo.pt,swissviewmonuments,243,6,0,18,14,False,2,"[0, 1, 2, 3, 4, 9, 14, 9, 14, 9, 14]","[""right"", ""right"", ""right"", ""right"", ""down"", ""down"", ""up"", ""down"", ""up"", ""down""]","[1.0, 1.0, 1.0, -1.0, 1.0, 1.0, -1.0, 1.0, -1.0, 1.0]",10,img243_d6_s00_g18_r0,6,4
GOMAA-Geo,/root/src/compare_baselines_bundle_20260505_v2/compare_baselines_bundle/gomaa_geo_official/gomaa_geo/checkpoint/formal_ppo_seed42_t480k/formal_ppo.pt,swissviewmonuments,244,4,15,19,1,False,6,"[15, 10, 5, 0, 1, 0, 1, 0, 1, 0, 1]","[""up"", ""up"", ""up"", ""right"", ""left"", ""right"", ""left"", ""right"", ""left"", ""right""]","[-1.0, -1.0, -1.0, 1.0, -1.0, 1.0, -1.0, 1.0, -1.0, 1.0]",10,img244_d4_s15_g19_r0,4,6
GOMAA-Geo,/root/src/compare_baselines_bundle_20260505_v2/compare_baselines_bundle/gomaa_geo_official/gomaa_geo/checkpoint/formal_ppo_seed42_t480k/formal_ppo.pt,swissviewmonuments,244,6,1,19,7,False,4,"[1, 0, 5, 10, 5, 6, 7, 6, 7, 6, 7]","[""left"", ""down"", ""down"", ""up"", ""right"", ""right"", ""left"", ""right"", ""left"", ""right""]","[-1.0, 1.0, 1.0, -1.0, 1.0, 1.0, -1.0, 1.0, -1.0, 1.0]",10,img244_d6_s01_g19_r0,6,4
GOMAA-Geo,/root/src/compare_baselines_bundle_20260505_v2/compare_baselines_bundle/gomaa_geo_official/gomaa_geo/checkpoint/formal_ppo_seed42_t480k/formal_ppo.pt,swissviewmonuments,245,4,24,20,0,False,4,"[24, 23, 22, 17, 16, 11, 6, 1, 0, 5, 0]","[""left"", ""left"", ""up"", ""left"", ""up"", ""up"", ""up"", ""left"", ""down"", ""up""]","[1.0, 1.0, -1.0, 1.0, -1.0, -1.0, -1.0, 1.0, 1.0, -1.0]",10,img245_d4_s24_g20_r0,4,6
GOMAA-Geo,/root/src/compare_baselines_bundle_20260505_v2/compare_baselines_bundle/gomaa_geo_official/gomaa_geo/checkpoint/formal_ppo_seed42_t480k/formal_ppo.pt,swissviewmonuments,245,6,2,20,20,True,0,"[2, 1, 0, 5, 10, 15, 20]","[""left"", ""left"", ""down"", ""down"", ""down"", ""down""]","[1.0, 1.0, 1.0, 1.0, 1.0, 1.0]",6,img245_d6_s02_g20_r0,6,0
GOMAA-Geo,/root/src/compare_baselines_bundle_20260505_v2/compare_baselines_bundle/gomaa_geo_official/gomaa_geo/checkpoint/formal_ppo_seed42_t480k/formal_ppo.pt,swissviewmonuments,245,8,4,20,20,True,0,"[4, 3, 2, 1, 0, 5, 10, 15, 20]","[""left"", ""left"", ""left"", ""left"", ""down"", ""down"", ""down"", ""down""]","[1.0, 1.0, 1.0, 1.0, 1.0, 1.0, 1.0, 1.0]",8,img245_d8_s04_g20_r0,8,0
GOMAA-Geo,/root/src/compare_baselines_bundle_20260505_v2/compare_baselines_bundle/gomaa_geo_official/gomaa_geo/checkpoint/formal_ppo_seed42_t480k/formal_ppo.pt,swissviewmonuments,246,4,1,21,3,False,6,"[1, 0, 5, 0, 1, 0, 1, 2, 1, 2, 3]","[""left"", ""down"", ""up"", ""right"", ""left"", ""right"", ""right"", ""left"", ""right"", ""right""]","[-1.0, 1.0, -1.0, 1.0, -1.0, 1.0, -1.0, 1.0, -1.0, -1.0]",10,img246_d4_s01_g21_r0,4,6
GOMAA-Geo,/root/src/compare_baselines_bundle_20260505_v2/compare_baselines_bundle/gomaa_geo_official/gomaa_geo/checkpoint/formal_ppo_seed42_t480k/formal_ppo.pt,swissviewmonuments,246,6,9,21,1,False,4,"[9, 8, 7, 6, 1, 0, 5, 0, 5, 0, 1]","[""left"", ""left"", ""left"", ""up"", ""left"", ""down"", ""up"", ""down"", ""up"", ""right""]","[1.0, 1.0, 1.0, -1.0, -1.0, 1.0, -1.0, 1.0, -1.0, 1.0]",10,img246_d6_s09_g21_r0,6,4
GOMAA-Geo,/root/src/compare_baselines_bundle_20260505_v2/compare_baselines_bundle/gomaa_geo_official/gomaa_geo/checkpoint/formal_ppo_seed42_t480k/formal_ppo.pt,swissviewmonuments,247,4,10,22,4,False,6,"[10, 5, 0, 1, 2, 3, 4, 3, 4, 9, 4]","[""up"", ""up"", ""right"", ""right"", ""right"", ""right"", ""left"", ""right"", ""down"", ""up""]","[-1.0, -1.0, 1.0, 1.0, -1.0, -1.0, 1.0, -1.0, 1.0, -1.0]",10,img247_d4_s10_g22_r0,4,6
GOMAA-Geo,/root/src/compare_baselines_bundle_20260505_v2/compare_baselines_bundle/gomaa_geo_official/gomaa_geo/checkpoint/formal_ppo_seed42_t480k/formal_ppo.pt,swissviewmonuments,247,6,0,22,2,False,4,"[0, 1, 2, 3, 4, 9, 4, 9, 4, 3, 2]","[""right"", ""right"", ""right"", ""right"", ""down"", ""up"", ""down"", ""up"", ""left"", ""left""]","[1.0, 1.0, -1.0, -1.0, 1.0, -1.0, 1.0, -1.0, 1.0, 1.0]",10,img247_d6_s00_g22_r0,6,4
GOMAA-Geo,/root/src/compare_baselines_bundle_20260505_v2/compare_baselines_bundle/gomaa_geo_official/gomaa_geo/checkpoint/formal_ppo_seed42_t480k/formal_ppo.pt,swissviewmonuments,248,4,11,23,3,False,4,"[11, 6, 5, 0, 1, 2, 3, 4, 9, 4, 3]","[""up"", ""left"", ""up"", ""right"", ""right"", ""right"", ""right"", ""down"", ""up"", ""left""]","[-1.0, -1.0, -1.0, 1.0, 1.0, 1.0, -1.0, 1.0, -1.0, 1.0]",10,img248_d4_s11_g23_r0,4,6
GOMAA-Geo,/root/src/compare_baselines_bundle_20260505_v2/compare_baselines_bundle/gomaa_geo_official/gomaa_geo/checkpoint/formal_ppo_seed42_t480k/formal_ppo.pt,swissviewmonuments,248,6,5,23,3,False,4,"[5, 0, 1, 2, 3, 4, 9, 4, 3, 4, 3]","[""up"", ""right"", ""right"", ""right"", ""right"", ""down"", ""up"", ""left"", ""right"", ""left""]","[-1.0, 1.0, 1.0, 1.0, -1.0, 1.0, -1.0, 1.0, -1.0, 1.0]",10,img248_d6_s05_g23_r0,6,4
GOMAA-Geo,/root/src/compare_baselines_bundle_20260505_v2/compare_baselines_bundle/gomaa_geo_official/gomaa_geo/checkpoint/formal_ppo_seed42_t480k/formal_ppo.pt,swissviewmonuments,249,4,20,24,4,False,4,"[20, 15, 10, 5, 0, 1, 2, 3, 4, 3, 4]","[""up"", ""up"", ""up"", ""up"", ""right"", ""right"", ""right"", ""right"", ""left"", ""right""]","[-1.0, -1.0, -1.0, -1.0, 1.0, 1.0, 1.0, 1.0, -1.0, 1.0]",10,img249_d4_s20_g24_r0,4,6
GOMAA-Geo,/root/src/compare_baselines_bundle_20260505_v2/compare_baselines_bundle/gomaa_geo_official/gomaa_geo/checkpoint/formal_ppo_seed42_t480k/formal_ppo.pt,swissviewmonuments,249,6,6,24,14,False,2,"[6, 5, 0, 5, 0, 1, 2, 3, 4, 9, 14]","[""left"", ""up"", ""down"", ""up"", ""right"", ""right"", ""right"", ""right"", ""down"", ""down""]","[-1.0, -1.0, 1.0, -1.0, 1.0, 1.0, 1.0, 1.0, 1.0, 1.0]",10,img249_d6_s06_g24_r0,6,4
GOMAA-Geo,/root/src/compare_baselines_bundle_20260505_v2/compare_baselines_bundle/gomaa_geo_official/gomaa_geo/checkpoint/formal_ppo_seed42_t480k/formal_ppo.pt,swissviewmonuments,249,8,0,24,6,False,6,"[0, 5, 10, 15, 16, 17, 18, 13, 8, 7, 6]","[""down"", ""down"", ""down"", ""right"", ""right"", ""right"", ""up"", ""up"", ""left"", ""left""]","[1.0, 1.0, 1.0, 1.0, 1.0, 1.0, -1.0, -1.0, -1.0, -1.0]",10,img249_d8_s00_g24_r0,8,2
GOMAA-Geo,/root/src/compare_baselines_bundle_20260505_v2/compare_baselines_bundle/gomaa_geo_official/gomaa_geo/checkpoint/formal_ppo_seed42_t480k/formal_ppo.pt,swissviewmonuments,250,4,20,0,0,True,0,"[20, 15, 10, 5, 0]","[""up"", ""up"", ""up"", ""up""]","[1.0, 1.0, 1.0, 1.0]",4,img250_d4_s20_g00_r0,4,0
GOMAA-Geo,/root/src/compare_baselines_bundle_20260505_v2/compare_baselines_bundle/gomaa_geo_official/gomaa_geo/checkpoint/formal_ppo_seed42_t480k/formal_ppo.pt,swissviewmonuments,250,6,14,0,0,True,0,"[14, 9, 8, 7, 6, 5, 0]","[""up"", ""left"", ""left"", ""left"", ""left"", ""up""]","[1.0, 1.0, 1.0, 1.0, 1.0, 1.0]",6,img250_d6_s14_g00_r0,6,0
GOMAA-Geo,/root/src/compare_baselines_bundle_20260505_v2/compare_baselines_bundle/gomaa_geo_official/gomaa_geo/checkpoint/formal_ppo_seed42_t480k/formal_ppo.pt,swissviewmonuments,250,8,24,0,0,True,0,"[24, 23, 22, 21, 16, 11, 6, 5, 0]","[""left"", ""left"", ""left"", ""up"", ""up"", ""up"", ""left"", ""up""]","[1.0, 1.0, 1.0, 1.0, 1.0, 1.0, 1.0, 1.0]",8,img250_d8_s24_g00_r0,8,0
GOMAA-Geo,/root/src/compare_baselines_bundle_20260505_v2/compare_baselines_bundle/gomaa_geo_official/gomaa_geo/checkpoint/formal_ppo_seed42_t480k/formal_ppo.pt,swissviewmonuments,251,4,9,1,5,False,2,"[9, 8, 7, 6, 5, 10, 5, 10, 5, 10, 5]","[""left"", ""left"", ""left"", ""left"", ""down"", ""up"", ""down"", ""up"", ""down"", ""up""]","[1.0, 1.0, 1.0, -1.0, -1.0, 1.0, -1.0, 1.0, -1.0, 1.0]",10,img251_d4_s09_g01_r0,4,6
GOMAA-Geo,/root/src/compare_baselines_bundle_20260505_v2/compare_baselines_bundle/gomaa_geo_official/gomaa_geo/checkpoint/formal_ppo_seed42_t480k/formal_ppo.pt,swissviewmonuments,251,6,19,1,1,True,0,"[19, 14, 9, 8, 7, 6, 5, 0, 5, 0, 1]","[""up"", ""up"", ""left"", ""left"", ""left"", ""left"", ""up"", ""down"", ""up"", ""right""]","[1.0, 1.0, 1.0, 1.0, 1.0, -1.0, 1.0, -1.0, 1.0, 1.0]",10,img251_d6_s19_g01_r0,6,4
GOMAA-Geo,/root/src/compare_baselines_bundle_20260505_v2/compare_baselines_bundle/gomaa_geo_official/gomaa_geo/checkpoint/formal_ppo_seed42_t480k/formal_ppo.pt,swissviewmonuments,252,4,16,2,0,False,2,"[16, 11, 10, 5, 0, 1, 0, 1, 0, 5, 0]","[""up"", ""left"", ""up"", ""up"", ""right"", ""left"", ""right"", ""left"", ""down"", ""up""]","[1.0, -1.0, 1.0, 1.0, 1.0, -1.0, 1.0, -1.0, -1.0, 1.0]",10,img252_d4_s16_g02_r0,4,6
GOMAA-Geo,/root/src/compare_baselines_bundle_20260505_v2/compare_baselines_bundle/gomaa_geo_official/gomaa_geo/checkpoint/formal_ppo_seed42_t480k/formal_ppo.pt,swissviewmonuments,252,6,24,2,0,False,2,"[24, 23, 22, 21, 20, 15, 10, 5, 0, 1, 0]","[""left"", ""left"", ""left"", ""left"", ""up"", ""up"", ""up"", ""up"", ""right"", ""left""]","[1.0, 1.0, -1.0, -1.0, 1.0, 1.0, 1.0, 1.0, 1.0, -1.0]",10,img252_d6_s24_g02_r0,6,4
GOMAA-Geo,/root/src/compare_baselines_bundle_20260505_v2/compare_baselines_bundle/gomaa_geo_official/gomaa_geo/checkpoint/formal_ppo_seed42_t480k/formal_ppo.pt,swissviewmonuments,253,4,19,3,5,False,4,"[19, 18, 17, 12, 11, 6, 5, 0, 5, 0, 5]","[""left"", ""left"", ""up"", ""left"", ""up"", ""left"", ""up"", ""down"", ""up"", ""down""]","[1.0, -1.0, 1.0, -1.0, 1.0, -1.0, 1.0, -1.0, 1.0, -1.0]",10,img253_d4_s19_g03_r0,4,6
GOMAA-Geo,/root/src/compare_baselines_bundle_20260505_v2/compare_baselines_bundle/gomaa_geo_official/gomaa_geo/checkpoint/formal_ppo_seed42_t480k/formal_ppo.pt,swissviewmonuments,253,6,15,3,3,True,0,"[15, 10, 5, 0, 1, 0, 1, 2, 3]","[""up"", ""up"", ""up"", ""right"", ""left"", ""right"", ""right"", ""right""]","[1.0, 1.0, 1.0, 1.0, -1.0, 1.0, 1.0, 1.0]",8,img253_d6_s15_g03_r0,6,2
GOMAA-Geo,/root/src/compare_baselines_bundle_20260505_v2/compare_baselines_bundle/gomaa_geo_official/gomaa_geo/checkpoint/formal_ppo_seed42_t480k/formal_ppo.pt,swissviewmonuments,254,4,6,4,22,False,6,"[6, 5, 10, 15, 20, 21, 22, 23, 22, 23, 22]","[""left"", ""down"", ""down"", ""down"", ""right"", ""right"", ""right"", ""left"", ""right"", ""left""]","[-1.0, -1.0, -1.0, -1.0, 1.0, 1.0, 1.0, -1.0, 1.0, -1.0]",10,img254_d4_s06_g04_r0,4,6
GOMAA-Geo,/root/src/compare_baselines_bundle_20260505_v2/compare_baselines_bundle/gomaa_geo_official/gomaa_geo/checkpoint/formal_ppo_seed42_t480k/formal_ppo.pt,swissviewmonuments,254,6,16,4,0,False,4,"[16, 15, 10, 5, 0, 1, 0, 1, 0, 5, 0]","[""left"", ""up"", ""up"", ""up"", ""right"", ""left"", ""right"", ""left"", ""down"", ""up""]","[-1.0, 1.0, 1.0, 1.0, 1.0, -1.0, 1.0, -1.0, -1.0, 1.0]",10,img254_d6_s16_g04_r0,6,4
GOMAA-Geo,/root/src/compare_baselines_bundle_20260505_v2/compare_baselines_bundle/gomaa_geo_official/gomaa_geo/checkpoint/formal_ppo_seed42_t480k/formal_ppo.pt,swissviewmonuments,254,8,20,4,4,True,0,"[20, 21, 22, 23, 24, 19, 14, 9, 4]","[""right"", ""right"", ""right"", ""right"", ""up"", ""up"", ""up"", ""up""]","[1.0, 1.0, 1.0, 1.0, 1.0, 1.0, 1.0, 1.0]",8,img254_d8_s20_g04_r0,8,0
GOMAA-Geo,/root/src/compare_baselines_bundle_20260505_v2/compare_baselines_bundle/gomaa_geo_official/gomaa_geo/checkpoint/formal_ppo_seed42_t480k/formal_ppo.pt,swissviewmonuments,255,4,21,5,1,False,2,"[21, 22, 23, 24, 19, 14, 9, 4, 3, 2, 1]","[""right"", ""right"", ""right"", ""up"", ""up"", ""up"", ""up"", ""left"", ""left"", ""left""]","[-1.0, -1.0, -1.0, 1.0, 1.0, 1.0, -1.0, 1.0, 1.0, 1.0]",10,img255_d4_s21_g05_r0,4,6
GOMAA-Geo,/root/src/compare_baselines_bundle_20260505_v2/compare_baselines_bundle/gomaa_geo_official/gomaa_geo/checkpoint/formal_ppo_seed42_t480k/formal_ppo.pt,swissviewmonuments,255,6,19,5,5,True,0,"[19, 14, 9, 8, 7, 6, 5]","[""up"", ""up"", ""left"", ""left"", ""left"", ""left""]","[1.0, 1.0, 1.0, 1.0, 1.0, 1.0]",6,img255_d6_s19_g05_r0,6,0
GOMAA-Geo,/root/src/compare_baselines_bundle_20260505_v2/compare_baselines_bundle/gomaa_geo_official/gomaa_geo/checkpoint/formal_ppo_seed42_t480k/formal_ppo.pt,swissviewmonuments,256,4,20,6,2,False,2,"[20, 21, 22, 23, 24, 19, 14, 9, 4, 3, 2]","[""right"", ""right"", ""right"", ""right"", ""up"", ""up"", ""up"", ""up"", ""left"", ""left""]","[1.0, -1.0, -1.0, -1.0, 1.0, 1.0, 1.0, -1.0, 1.0, 1.0]",10,img256_d4_s20_g06_r0,4,6
GOMAA-Geo,/root/src/compare_baselines_bundle_20260505_v2/compare_baselines_bundle/gomaa_geo_official/gomaa_geo/checkpoint/formal_ppo_seed42_t480k/formal_ppo.pt,swissviewmonuments,256,6,24,6,6,True,0,"[24, 23, 22, 21, 16, 11, 6]","[""left"", ""left"", ""left"", ""up"", ""up"", ""up""]","[1.0, 1.0, 1.0, 1.0, 1.0, 1.0]",6,img256_d6_s24_g06_r0,6,0
GOMAA-Geo,/root/src/compare_baselines_bundle_20260505_v2/compare_baselines_bundle/gomaa_geo_official/gomaa_geo/checkpoint/formal_ppo_seed42_t480k/formal_ppo.pt,swissviewmonuments,257,4,19,7,1,False,2,"[19, 14, 9, 8, 3, 2, 1, 0, 1, 0, 1]","[""up"", ""up"", ""left"", ""up"", ""left"", ""left"", ""left"", ""right"", ""left"", ""right""]","[1.0, 1.0, 1.0, -1.0, 1.0, -1.0, -1.0, 1.0, -1.0, 1.0]",10,img257_d4_s19_g07_r0,4,6
GOMAA-Geo,/root/src/compare_baselines_bundle_20260505_v2/compare_baselines_bundle/gomaa_geo_official/gomaa_geo/checkpoint/formal_ppo_seed42_t480k/formal_ppo.pt,swissviewmonuments,258,4,10,8,14,False,2,"[10, 5, 0, 1, 2, 3, 4, 9, 14, 19, 14]","[""up"", ""up"", ""right"", ""right"", ""right"", ""right"", ""down"", ""down"", ""down"", ""up""]","[1.0, -1.0, 1.0, 1.0, 1.0, -1.0, 1.0, -1.0, -1.0, 1.0]",10,img258_d4_s10_g08_r0,4,6
GOMAA-Geo,/root/src/compare_baselines_bundle_20260505_v2/compare_baselines_bundle/gomaa_geo_official/gomaa_geo/checkpoint/formal_ppo_seed42_t480k/formal_ppo.pt,swissviewmonuments,258,6,20,8,0,False,4,"[20, 15, 10, 5, 0, 1, 0, 1, 0, 1, 0]","[""up"", ""up"", ""up"", ""up"", ""right"", ""left"", ""right"", ""left"", ""right"", ""left""]","[1.0, 1.0, 1.0, -1.0, 1.0, -1.0, 1.0, -1.0, 1.0, -1.0]",10,img258_d6_s20_g08_r0,6,4
GOMAA-Geo,/root/src/compare_baselines_bundle_20260505_v2/compare_baselines_bundle/gomaa_geo_official/gomaa_geo/checkpoint/formal_ppo_seed42_t480k/formal_ppo.pt,swissviewmonuments,259,4,1,9,9,True,0,"[1, 2, 3, 4, 9]","[""right"", ""right"", ""right"", ""down""]","[1.0, 1.0, 1.0, 1.0]",4,img259_d4_s01_g09_r0,4,0
GOMAA-Geo,/root/src/compare_baselines_bundle_20260505_v2/compare_baselines_bundle/gomaa_geo_official/gomaa_geo/checkpoint/formal_ppo_seed42_t480k/formal_ppo.pt,swissviewmonuments,259,6,21,9,5,False,4,"[21, 20, 15, 10, 5, 0, 1, 0, 1, 0, 5]","[""left"", ""up"", ""up"", ""up"", ""up"", ""right"", ""left"", ""right"", ""left"", ""down""]","[-1.0, 1.0, 1.0, 1.0, -1.0, 1.0, -1.0, 1.0, -1.0, 1.0]",10,img259_d6_s21_g09_r0,6,4
GOMAA-Geo,/root/src/compare_baselines_bundle_20260505_v2/compare_baselines_bundle/gomaa_geo_official/gomaa_geo/checkpoint/formal_ppo_seed42_t480k/formal_ppo.pt,swissviewmonuments,260,4,22,10,10,True,0,"[22, 21, 20, 15, 10]","[""left"", ""left"", ""up"", ""up""]","[1.0, 1.0, 1.0, 1.0]",4,img260_d4_s22_g10_r0,4,0
GOMAA-Geo,/root/src/compare_baselines_bundle_20260505_v2/compare_baselines_bundle/gomaa_geo_official/gomaa_geo/checkpoint/formal_ppo_seed42_t480k/formal_ppo.pt,swissviewmonuments,260,6,4,10,20,False,2,"[4, 3, 2, 1, 6, 11, 16, 15, 20, 21, 20]","[""left"", ""left"", ""left"", ""down"", ""down"", ""down"", ""left"", ""down"", ""right"", ""left""]","[1.0, 1.0, 1.0, 1.0, 1.0, -1.0, 1.0, -1.0, -1.0, 1.0]",10,img260_d6_s04_g10_r0,6,4
GOMAA-Geo,/root/src/compare_baselines_bundle_20260505_v2/compare_baselines_bundle/gomaa_geo_official/gomaa_geo/checkpoint/formal_ppo_seed42_t480k/formal_ppo.pt,swissviewmonuments,261,4,3,11,11,True,0,"[3, 2, 1, 6, 11]","[""left"", ""left"", ""down"", ""down""]","[1.0, 1.0, 1.0, 1.0]",4,img261_d4_s03_g11_r0,4,0
GOMAA-Geo,/root/src/compare_baselines_bundle_20260505_v2/compare_baselines_bundle/gomaa_geo_official/gomaa_geo/checkpoint/formal_ppo_seed42_t480k/formal_ppo.pt,swissviewmonuments,262,4,20,12,4,False,4,"[20, 21, 22, 23, 24, 19, 14, 9, 4, 3, 4]","[""right"", ""right"", ""right"", ""right"", ""up"", ""up"", ""up"", ""up"", ""left"", ""right""]","[1.0, 1.0, -1.0, -1.0, 1.0, 1.0, -1.0, -1.0, 1.0, -1.0]",10,img262_d4_s20_g12_r0,4,6
GOMAA-Geo,/root/src/compare_baselines_bundle_20260505_v2/compare_baselines_bundle/gomaa_geo_official/gomaa_geo/checkpoint/formal_ppo_seed42_t480k/formal_ppo.pt,swissviewmonuments,263,4,1,13,21,False,4,"[1, 0, 5, 10, 15, 20, 21, 20, 21, 20, 21]","[""left"", ""down"", ""down"", ""down"", ""down"", ""right"", ""left"", ""right"", ""left"", ""right""]","[-1.0, 1.0, 1.0, -1.0, -1.0, 1.0, -1.0, 1.0, -1.0, 1.0]",10,img263_d4_s01_g13_r0,4,6
GOMAA-Geo,/root/src/compare_baselines_bundle_20260505_v2/compare_baselines_bundle/gomaa_geo_official/gomaa_geo/checkpoint/formal_ppo_seed42_t480k/formal_ppo.pt,swissviewmonuments,264,4,22,14,0,False,6,"[22, 21, 20, 15, 10, 5, 0, 1, 0, 5, 0]","[""left"", ""left"", ""up"", ""up"", ""up"", ""up"", ""right"", ""left"", ""down"", ""up""]","[-1.0, -1.0, 1.0, 1.0, -1.0, -1.0, 1.0, -1.0, 1.0, -1.0]",10,img264_d4_s22_g14_r0,4,6
GOMAA-Geo,/root/src/compare_baselines_bundle_20260505_v2/compare_baselines_bundle/gomaa_geo_official/gomaa_geo/checkpoint/formal_ppo_seed42_t480k/formal_ppo.pt,swissviewmonuments,264,6,20,14,14,True,0,"[20, 21, 22, 23, 24, 19, 14]","[""right"", ""right"", ""right"", ""right"", ""up"", ""up""]","[1.0, 1.0, 1.0, 1.0, 1.0, 1.0]",6,img264_d6_s20_g14_r0,6,0
GOMAA-Geo,/root/src/compare_baselines_bundle_20260505_v2/compare_baselines_bundle/gomaa_geo_official/gomaa_geo/checkpoint/formal_ppo_seed42_t480k/formal_ppo.pt,swissviewmonuments,265,4,1,15,23,False,4,"[1, 2, 3, 4, 9, 14, 19, 24, 23, 24, 23]","[""right"", ""right"", ""right"", ""down"", ""down"", ""down"", ""down"", ""left"", ""right"", ""left""]","[-1.0, -1.0, -1.0, 1.0, 1.0, 1.0, -1.0, 1.0, -1.0, 1.0]",10,img265_d4_s01_g15_r0,4,6
GOMAA-Geo,/root/src/compare_baselines_bundle_20260505_v2/compare_baselines_bundle/gomaa_geo_official/gomaa_geo/checkpoint/formal_ppo_seed42_t480k/formal_ppo.pt,swissviewmonuments,265,6,9,15,15,True,0,"[9, 14, 19, 18, 17, 16, 15]","[""down"", ""down"", ""left"", ""left"", ""left"", ""left""]","[1.0, 1.0, 1.0, 1.0, 1.0, 1.0]",6,img265_d6_s09_g15_r0,6,0
GOMAA-Geo,/root/src/compare_baselines_bundle_20260505_v2/compare_baselines_bundle/gomaa_geo_official/gomaa_geo/checkpoint/formal_ppo_seed42_t480k/formal_ppo.pt,swissviewmonuments,266,4,24,16,0,False,4,"[24, 23, 22, 21, 20, 15, 10, 5, 0, 5, 0]","[""left"", ""left"", ""left"", ""left"", ""up"", ""up"", ""up"", ""up"", ""down"", ""up""]","[1.0, 1.0, 1.0, -1.0, 1.0, -1.0, -1.0, -1.0, 1.0, -1.0]",10,img266_d4_s24_g16_r0,4,6
GOMAA-Geo,/root/src/compare_baselines_bundle_20260505_v2/compare_baselines_bundle/gomaa_geo_official/gomaa_geo/checkpoint/formal_ppo_seed42_t480k/formal_ppo.pt,swissviewmonuments,266,6,4,16,16,True,0,"[4, 3, 2, 1, 6, 11, 16]","[""left"", ""left"", ""left"", ""down"", ""down"", ""down""]","[1.0, 1.0, 1.0, 1.0, 1.0, 1.0]",6,img266_d6_s04_g16_r0,6,0
GOMAA-Geo,/root/src/compare_baselines_bundle_20260505_v2/compare_baselines_bundle/gomaa_geo_official/gomaa_geo/checkpoint/formal_ppo_seed42_t480k/formal_ppo.pt,swissviewmonuments,267,4,9,17,17,True,0,"[9, 14, 19, 18, 17]","[""down"", ""down"", ""left"", ""left""]","[1.0, 1.0, 1.0, 1.0]",4,img267_d4_s09_g17_r0,4,0
GOMAA-Geo,/root/src/compare_baselines_bundle_20260505_v2/compare_baselines_bundle/gomaa_geo_official/gomaa_geo/checkpoint/formal_ppo_seed42_t480k/formal_ppo.pt,swissviewmonuments,268,4,4,18,0,False,6,"[4, 3, 2, 1, 0, 5, 0, 5, 0, 5, 0]","[""left"", ""left"", ""left"", ""left"", ""down"", ""up"", ""down"", ""up"", ""down"", ""up""]","[1.0, -1.0, -1.0, -1.0, 1.0, -1.0, 1.0, -1.0, 1.0, -1.0]",10,img268_d4_s04_g18_r0,4,6
GOMAA-Geo,/root/src/compare_baselines_bundle_20260505_v2/compare_baselines_bundle/gomaa_geo_official/gomaa_geo/checkpoint/formal_ppo_seed42_t480k/formal_ppo.pt,swissviewmonuments,268,6,0,18,14,False,2,"[0, 1, 2, 3, 4, 9, 4, 9, 14, 9, 14]","[""right"", ""right"", ""right"", ""right"", ""down"", ""up"", ""down"", ""down"", ""up"", ""down""]","[1.0, 1.0, 1.0, -1.0, 1.0, -1.0, 1.0, 1.0, -1.0, 1.0]",10,img268_d6_s00_g18_r0,6,4
GOMAA-Geo,/root/src/compare_baselines_bundle_20260505_v2/compare_baselines_bundle/gomaa_geo_official/gomaa_geo/checkpoint/formal_ppo_seed42_t480k/formal_ppo.pt,swissviewmonuments,269,4,21,19,1,False,6,"[21, 20, 15, 10, 5, 0, 1, 2, 1, 2, 1]","[""left"", ""up"", ""up"", ""up"", ""up"", ""right"", ""right"", ""left"", ""right"", ""left""]","[-1.0, 1.0, -1.0, -1.0, -1.0, 1.0, 1.0, -1.0, 1.0, -1.0]",10,img269_d4_s21_g19_r0,4,6
GOMAA-Geo,/root/src/compare_baselines_bundle_20260505_v2/compare_baselines_bundle/gomaa_geo_official/gomaa_geo/checkpoint/formal_ppo_seed42_t480k/formal_ppo.pt,swissviewmonuments,269,6,5,19,19,True,0,"[5, 0, 1, 2, 3, 4, 9, 14, 19]","[""up"", ""right"", ""right"", ""right"", ""right"", ""down"", ""down"", ""down""]","[-1.0, 1.0, 1.0, 1.0, 1.0, 1.0, 1.0, 1.0]",8,img269_d6_s05_g19_r0,6,2
GOMAA-Geo,/root/src/compare_baselines_bundle_20260505_v2/compare_baselines_bundle/gomaa_geo_official/gomaa_geo/checkpoint/formal_ppo_seed42_t480k/formal_ppo.pt,swissviewmonuments,270,4,12,20,0,False,4,"[12, 11, 6, 1, 0, 1, 0, 5, 0, 1, 0]","[""left"", ""up"", ""up"", ""left"", ""right"", ""left"", ""down"", ""up"", ""right"", ""left""]","[1.0, -1.0, -1.0, 1.0, -1.0, 1.0, 1.0, -1.0, -1.0, 1.0]",10,img270_d4_s12_g20_r0,4,6
GOMAA-Geo,/root/src/compare_baselines_bundle_20260505_v2/compare_baselines_bundle/gomaa_geo_official/gomaa_geo/checkpoint/formal_ppo_seed42_t480k/formal_ppo.pt,swissviewmonuments,270,6,14,20,0,False,4,"[14, 9, 4, 3, 2, 1, 0, 5, 0, 5, 0]","[""up"", ""up"", ""left"", ""left"", ""left"", ""left"", ""down"", ""up"", ""down"", ""up""]","[-1.0, -1.0, 1.0, 1.0, 1.0, 1.0, 1.0, -1.0, 1.0, -1.0]",10,img270_d6_s14_g20_r0,6,4
GOMAA-Geo,/root/src/compare_baselines_bundle_20260505_v2/compare_baselines_bundle/gomaa_geo_official/gomaa_geo/checkpoint/formal_ppo_seed42_t480k/formal_ppo.pt,swissviewmonuments,270,8,4,20,0,False,4,"[4, 3, 2, 1, 0, 5, 0, 5, 0, 5, 0]","[""left"", ""left"", ""left"", ""left"", ""down"", ""up"", ""down"", ""up"", ""down"", ""up""]","[1.0, 1.0, 1.0, 1.0, 1.0, -1.0, 1.0, -1.0, 1.0, -1.0]",10,img270_d8_s04_g20_r0,8,2
GOMAA-Geo,/root/src/compare_baselines_bundle_20260505_v2/compare_baselines_bundle/gomaa_geo_official/gomaa_geo/checkpoint/formal_ppo_seed42_t480k/formal_ppo.pt,swissviewmonuments,271,4,7,21,21,True,0,"[7, 6, 11, 16, 21]","[""left"", ""down"", ""down"", ""down""]","[1.0, 1.0, 1.0, 1.0]",4,img271_d4_s07_g21_r0,4,0
GOMAA-Geo,/root/src/compare_baselines_bundle_20260505_v2/compare_baselines_bundle/gomaa_geo_official/gomaa_geo/checkpoint/formal_ppo_seed42_t480k/formal_ppo.pt,swissviewmonuments,271,6,3,21,21,True,0,"[3, 2, 1, 0, 5, 10, 15, 20, 15, 20, 21]","[""left"", ""left"", ""left"", ""down"", ""down"", ""down"", ""down"", ""up"", ""down"", ""right""]","[1.0, 1.0, -1.0, 1.0, 1.0, 1.0, 1.0, -1.0, 1.0, 1.0]",10,img271_d6_s03_g21_r0,6,4
GOMAA-Geo,/root/src/compare_baselines_bundle_20260505_v2/compare_baselines_bundle/gomaa_geo_official/gomaa_geo/checkpoint/formal_ppo_seed42_t480k/formal_ppo.pt,swissviewmonuments,272,4,8,22,20,False,2,"[8, 7, 6, 11, 16, 21, 20, 21, 20, 21, 20]","[""left"", ""left"", ""down"", ""down"", ""down"", ""left"", ""right"", ""left"", ""right"", ""left""]","[1.0, -1.0, 1.0, 1.0, 1.0, -1.0, 1.0, -1.0, 1.0, -1.0]",10,img272_d4_s08_g22_r0,4,6
GOMAA-Geo,/root/src/compare_baselines_bundle_20260505_v2/compare_baselines_bundle/gomaa_geo_official/gomaa_geo/checkpoint/formal_ppo_seed42_t480k/formal_ppo.pt,swissviewmonuments,272,6,0,22,22,True,0,"[0, 5, 10, 15, 20, 21, 22]","[""down"", ""down"", ""down"", ""down"", ""right"", ""right""]","[1.0, 1.0, 1.0, 1.0, 1.0, 1.0]",6,img272_d6_s00_g22_r0,6,0
GOMAA-Geo,/root/src/compare_baselines_bundle_20260505_v2/compare_baselines_bundle/gomaa_geo_official/gomaa_geo/checkpoint/formal_ppo_seed42_t480k/formal_ppo.pt,swissviewmonuments,273,4,7,23,21,False,2,"[7, 12, 17, 16, 15, 20, 21, 22, 21, 22, 21]","[""down"", ""down"", ""left"", ""left"", ""down"", ""right"", ""right"", ""left"", ""right"", ""left""]","[1.0, 1.0, -1.0, -1.0, 1.0, 1.0, 1.0, -1.0, 1.0, -1.0]",10,img273_d4_s07_g23_r0,4,6
GOMAA-Geo,/root/src/compare_baselines_bundle_20260505_v2/compare_baselines_bundle/gomaa_geo_official/gomaa_geo/checkpoint/formal_ppo_seed42_t480k/formal_ppo.pt,swissviewmonuments,273,6,1,23,23,True,0,"[1, 2, 3, 4, 9, 14, 19, 24, 23]","[""right"", ""right"", ""right"", ""down"", ""down"", ""down"", ""down"", ""left""]","[1.0, 1.0, -1.0, 1.0, 1.0, 1.0, 1.0, 1.0]",8,img273_d6_s01_g23_r0,6,2
GOMAA-Geo,/root/src/compare_baselines_bundle_20260505_v2/compare_baselines_bundle/gomaa_geo_official/gomaa_geo/checkpoint/formal_ppo_seed42_t480k/formal_ppo.pt,swissviewmonuments,274,4,12,24,10,False,6,"[12, 7, 6, 1, 0, 1, 0, 5, 10, 5, 10]","[""up"", ""left"", ""up"", ""left"", ""right"", ""left"", ""down"", ""down"", ""up"", ""down""]","[-1.0, -1.0, -1.0, -1.0, 1.0, -1.0, 1.0, 1.0, -1.0, 1.0]",10,img274_d4_s12_g24_r0,4,6
GOMAA-Geo,/root/src/compare_baselines_bundle_20260505_v2/compare_baselines_bundle/gomaa_geo_official/gomaa_geo/checkpoint/formal_ppo_seed42_t480k/formal_ppo.pt,swissviewmonuments,274,6,10,24,24,True,0,"[10, 5, 0, 1, 2, 3, 4, 9, 14, 19, 24]","[""up"", ""up"", ""right"", ""right"", ""right"", ""right"", ""down"", ""down"", ""down"", ""down""]","[-1.0, -1.0, 1.0, 1.0, 1.0, 1.0, 1.0, 1.0, 1.0, 1.0]",10,img274_d6_s10_g24_r0,6,4
GOMAA-Geo,/root/src/compare_baselines_bundle_20260505_v2/compare_baselines_bundle/gomaa_geo_official/gomaa_geo/checkpoint/formal_ppo_seed42_t480k/formal_ppo.pt,swissviewmonuments,274,8,0,24,22,False,2,"[0, 1, 2, 3, 8, 13, 18, 23, 22, 23, 22]","[""right"", ""right"", ""right"", ""down"", ""down"", ""down"", ""down"", ""left"", ""right"", ""left""]","[1.0, 1.0, 1.0, 1.0, 1.0, 1.0, 1.0, -1.0, 1.0, -1.0]",10,img274_d8_s00_g24_r0,8,2
GOMAA-Geo,/root/src/compare_baselines_bundle_20260505_v2/compare_baselines_bundle/gomaa_geo_official/gomaa_geo/checkpoint/formal_ppo_seed42_t480k/formal_ppo.pt,swissviewmonuments,275,4,4,0,0,True,0,"[4, 3, 2, 1, 0]","[""left"", ""left"", ""left"", ""left""]","[1.0, 1.0, 1.0, 1.0]",4,img275_d4_s04_g00_r0,4,0
GOMAA-Geo,/root/src/compare_baselines_bundle_20260505_v2/compare_baselines_bundle/gomaa_geo_official/gomaa_geo/checkpoint/formal_ppo_seed42_t480k/formal_ppo.pt,swissviewmonuments,275,6,14,0,0,True,0,"[14, 9, 4, 3, 2, 1, 0]","[""up"", ""up"", ""left"", ""left"", ""left"", ""left""]","[1.0, 1.0, 1.0, 1.0, 1.0, 1.0]",6,img275_d6_s14_g00_r0,6,0
GOMAA-Geo,/root/src/compare_baselines_bundle_20260505_v2/compare_baselines_bundle/gomaa_geo_official/gomaa_geo/checkpoint/formal_ppo_seed42_t480k/formal_ppo.pt,swissviewmonuments,275,8,24,0,0,True,0,"[24, 23, 22, 21, 20, 15, 10, 5, 0]","[""left"", ""left"", ""left"", ""left"", ""up"", ""up"", ""up"", ""up""]","[1.0, 1.0, 1.0, 1.0, 1.0, 1.0, 1.0, 1.0]",8,img275_d8_s24_g00_r0,8,0
GOMAA-Geo,/root/src/compare_baselines_bundle_20260505_v2/compare_baselines_bundle/gomaa_geo_official/gomaa_geo/checkpoint/formal_ppo_seed42_t480k/formal_ppo.pt,swissviewmonuments,276,4,9,1,1,True,0,"[9, 4, 3, 2, 1]","[""up"", ""left"", ""left"", ""left""]","[1.0, 1.0, 1.0, 1.0]",4,img276_d4_s09_g01_r0,4,0
GOMAA-Geo,/root/src/compare_baselines_bundle_20260505_v2/compare_baselines_bundle/gomaa_geo_official/gomaa_geo/checkpoint/formal_ppo_seed42_t480k/formal_ppo.pt,swissviewmonuments,276,6,23,1,1,True,0,"[23, 22, 21, 20, 15, 10, 5, 0, 1]","[""left"", ""left"", ""left"", ""up"", ""up"", ""up"", ""up"", ""right""]","[1.0, 1.0, -1.0, 1.0, 1.0, 1.0, 1.0, 1.0]",8,img276_d6_s23_g01_r0,6,2
GOMAA-Geo,/root/src/compare_baselines_bundle_20260505_v2/compare_baselines_bundle/gomaa_geo_official/gomaa_geo/checkpoint/formal_ppo_seed42_t480k/formal_ppo.pt,swissviewmonuments,277,4,14,2,2,True,0,"[14, 9, 4, 3, 2]","[""up"", ""up"", ""left"", ""left""]","[1.0, 1.0, 1.0, 1.0]",4,img277_d4_s14_g02_r0,4,0
GOMAA-Geo,/root/src/compare_baselines_bundle_20260505_v2/compare_baselines_bundle/gomaa_geo_official/gomaa_geo/checkpoint/formal_ppo_seed42_t480k/formal_ppo.pt,swissviewmonuments,277,6,24,2,0,False,2,"[24, 23, 22, 21, 20, 15, 10, 5, 0, 5, 0]","[""left"", ""left"", ""left"", ""left"", ""up"", ""up"", ""up"", ""up"", ""down"", ""up""]","[1.0, 1.0, -1.0, -1.0, 1.0, 1.0, 1.0, 1.0, -1.0, 1.0]",10,img277_d6_s24_g02_r0,6,4
GOMAA-Geo,/root/src/compare_baselines_bundle_20260505_v2/compare_baselines_bundle/gomaa_geo_official/gomaa_geo/checkpoint/formal_ppo_seed42_t480k/formal_ppo.pt,swissviewmonuments,278,4,11,3,3,True,0,"[11, 6, 1, 2, 3]","[""up"", ""up"", ""right"", ""right""]","[1.0, 1.0, 1.0, 1.0]",4,img278_d4_s11_g03_r0,4,0
GOMAA-Geo,/root/src/compare_baselines_bundle_20260505_v2/compare_baselines_bundle/gomaa_geo_official/gomaa_geo/checkpoint/formal_ppo_seed42_t480k/formal_ppo.pt,swissviewmonuments,278,6,15,3,3,True,0,"[15, 10, 5, 0, 1, 2, 3]","[""up"", ""up"", ""up"", ""right"", ""right"", ""right""]","[1.0, 1.0, 1.0, 1.0, 1.0, 1.0]",6,img278_d6_s15_g03_r0,6,0
GOMAA-Geo,/root/src/compare_baselines_bundle_20260505_v2/compare_baselines_bundle/gomaa_geo_official/gomaa_geo/checkpoint/formal_ppo_seed42_t480k/formal_ppo.pt,swissviewmonuments,279,4,0,4,4,True,0,"[0, 1, 2, 3, 4]","[""right"", ""right"", ""right"", ""right""]","[1.0, 1.0, 1.0, 1.0]",4,img279_d4_s00_g04_r0,4,0
GOMAA-Geo,/root/src/compare_baselines_bundle_20260505_v2/compare_baselines_bundle/gomaa_geo_official/gomaa_geo/checkpoint/formal_ppo_seed42_t480k/formal_ppo.pt,swissviewmonuments,279,6,16,4,0,False,4,"[16, 15, 10, 5, 0, 1, 0, 1, 0, 1, 0]","[""left"", ""up"", ""up"", ""up"", ""right"", ""left"", ""right"", ""left"", ""right"", ""left""]","[-1.0, 1.0, 1.0, 1.0, 1.0, -1.0, 1.0, -1.0, 1.0, -1.0]",10,img279_d6_s16_g04_r0,6,4
GOMAA-Geo,/root/src/compare_baselines_bundle_20260505_v2/compare_baselines_bundle/gomaa_geo_official/gomaa_geo/checkpoint/formal_ppo_seed42_t480k/formal_ppo.pt,swissviewmonuments,279,8,20,4,4,True,0,"[20, 21, 22, 23, 24, 19, 14, 9, 4]","[""right"", ""right"", ""right"", ""right"", ""up"", ""up"", ""up"", ""up""]","[1.0, 1.0, 1.0, 1.0, 1.0, 1.0, 1.0, 1.0]",8,img279_d8_s20_g04_r0,8,0
GOMAA-Geo,/root/src/compare_baselines_bundle_20260505_v2/compare_baselines_bundle/gomaa_geo_official/gomaa_geo/checkpoint/formal_ppo_seed42_t480k/formal_ppo.pt,swissviewmonuments,280,4,21,5,5,True,0,"[21, 20, 15, 10, 5]","[""left"", ""up"", ""up"", ""up""]","[1.0, 1.0, 1.0, 1.0]",4,img280_d4_s21_g05_r0,4,0
GOMAA-Geo,/root/src/compare_baselines_bundle_20260505_v2/compare_baselines_bundle/gomaa_geo_official/gomaa_geo/checkpoint/formal_ppo_seed42_t480k/formal_ppo.pt,swissviewmonuments,280,6,19,5,5,True,0,"[19, 14, 9, 8, 7, 6, 5]","[""up"", ""up"", ""left"", ""left"", ""left"", ""left""]","[1.0, 1.0, 1.0, 1.0, 1.0, 1.0]",6,img280_d6_s19_g05_r0,6,0
GOMAA-Geo,/root/src/compare_baselines_bundle_20260505_v2/compare_baselines_bundle/gomaa_geo_official/gomaa_geo/checkpoint/formal_ppo_seed42_t480k/formal_ppo.pt,swissviewmonuments,281,4,22,6,10,False,2,"[22, 21, 20, 15, 10, 5, 0, 1, 0, 5, 10]","[""left"", ""left"", ""up"", ""up"", ""up"", ""up"", ""right"", ""left"", ""down"", ""down""]","[1.0, -1.0, 1.0, 1.0, 1.0, -1.0, 1.0, -1.0, 1.0, -1.0]",10,img281_d4_s22_g06_r0,4,6
GOMAA-Geo,/root/src/compare_baselines_bundle_20260505_v2/compare_baselines_bundle/gomaa_geo_official/gomaa_geo/checkpoint/formal_ppo_seed42_t480k/formal_ppo.pt,swissviewmonuments,281,6,24,6,10,False,2,"[24, 23, 22, 21, 20, 15, 10, 5, 0, 5, 10]","[""left"", ""left"", ""left"", ""left"", ""up"", ""up"", ""up"", ""up"", ""down"", ""down""]","[1.0, 1.0, 1.0, -1.0, 1.0, 1.0, 1.0, -1.0, 1.0, -1.0]",10,img281_d6_s24_g06_r0,6,4
GOMAA-Geo,/root/src/compare_baselines_bundle_20260505_v2/compare_baselines_bundle/gomaa_geo_official/gomaa_geo/checkpoint/formal_ppo_seed42_t480k/formal_ppo.pt,swissviewmonuments,282,4,15,7,7,True,0,"[15, 10, 5, 6, 7]","[""up"", ""up"", ""right"", ""right""]","[1.0, 1.0, 1.0, 1.0]",4,img282_d4_s15_g07_r0,4,0
GOMAA-Geo,/root/src/compare_baselines_bundle_20260505_v2/compare_baselines_bundle/gomaa_geo_official/gomaa_geo/checkpoint/formal_ppo_seed42_t480k/formal_ppo.pt,swissviewmonuments,283,4,16,8,2,False,2,"[16, 15, 10, 5, 0, 1, 2, 1, 2, 3, 2]","[""left"", ""up"", ""up"", ""up"", ""right"", ""right"", ""left"", ""right"", ""right"", ""left""]","[-1.0, 1.0, 1.0, -1.0, 1.0, 1.0, -1.0, 1.0, 1.0, -1.0]",10,img283_d4_s16_g08_r0,4,6
GOMAA-Geo,/root/src/compare_baselines_bundle_20260505_v2/compare_baselines_bundle/gomaa_geo_official/gomaa_geo/checkpoint/formal_ppo_seed42_t480k/formal_ppo.pt,swissviewmonuments,283,6,20,8,2,False,2,"[20, 21, 22, 23, 24, 19, 14, 9, 4, 3, 2]","[""right"", ""right"", ""right"", ""right"", ""up"", ""up"", ""up"", ""up"", ""left"", ""left""]","[1.0, 1.0, 1.0, -1.0, 1.0, 1.0, 1.0, -1.0, 1.0, -1.0]",10,img283_d6_s20_g08_r0,6,4
GOMAA-Geo,/root/src/compare_baselines_bundle_20260505_v2/compare_baselines_bundle/gomaa_geo_official/gomaa_geo/checkpoint/formal_ppo_seed42_t480k/formal_ppo.pt,swissviewmonuments,284,4,23,9,5,False,4,"[23, 22, 21, 20, 15, 10, 5, 10, 5, 10, 5]","[""left"", ""left"", ""left"", ""up"", ""up"", ""up"", ""down"", ""up"", ""down"", ""up""]","[-1.0, -1.0, -1.0, 1.0, 1.0, 1.0, -1.0, 1.0, -1.0, 1.0]",10,img284_d4_s23_g09_r0,4,6
GOMAA-Geo,/root/src/compare_baselines_bundle_20260505_v2/compare_baselines_bundle/gomaa_geo_official/gomaa_geo/checkpoint/formal_ppo_seed42_t480k/formal_ppo.pt,swissviewmonuments,284,6,21,9,9,True,0,"[21, 20, 15, 10, 5, 0, 1, 2, 3, 4, 9]","[""left"", ""up"", ""up"", ""up"", ""up"", ""right"", ""right"", ""right"", ""right"", ""down""]","[-1.0, 1.0, 1.0, 1.0, -1.0, 1.0, 1.0, 1.0, 1.0, 1.0]",10,img284_d6_s21_g09_r0,6,4
GOMAA-Geo,/root/src/compare_baselines_bundle_20260505_v2/compare_baselines_bundle/gomaa_geo_official/gomaa_geo/checkpoint/formal_ppo_seed42_t480k/formal_ppo.pt,swissviewmonuments,285,4,18,10,10,True,0,"[18, 17, 16, 11, 6, 5, 0, 5, 10]","[""left"", ""left"", ""up"", ""up"", ""left"", ""up"", ""down"", ""down""]","[1.0, 1.0, 1.0, -1.0, 1.0, -1.0, 1.0, 1.0]",8,img285_d4_s18_g10_r0,4,4
GOMAA-Geo,/root/src/compare_baselines_bundle_20260505_v2/compare_baselines_bundle/gomaa_geo_official/gomaa_geo/checkpoint/formal_ppo_seed42_t480k/formal_ppo.pt,swissviewmonuments,285,6,24,10,10,True,0,"[24, 23, 22, 21, 20, 15, 10]","[""left"", ""left"", ""left"", ""left"", ""up"", ""up""]","[1.0, 1.0, 1.0, 1.0, 1.0, 1.0]",6,img285_d6_s24_g10_r0,6,0
GOMAA-Geo,/root/src/compare_baselines_bundle_20260505_v2/compare_baselines_bundle/gomaa_geo_official/gomaa_geo/checkpoint/formal_ppo_seed42_t480k/formal_ppo.pt,swissviewmonuments,286,4,19,11,5,False,2,"[19, 14, 9, 8, 7, 6, 5, 0, 5, 0, 5]","[""up"", ""up"", ""left"", ""left"", ""left"", ""left"", ""up"", ""down"", ""up"", ""down""]","[1.0, -1.0, 1.0, 1.0, 1.0, -1.0, -1.0, 1.0, -1.0, 1.0]",10,img286_d4_s19_g11_r0,4,6
GOMAA-Geo,/root/src/compare_baselines_bundle_20260505_v2/compare_baselines_bundle/gomaa_geo_official/gomaa_geo/checkpoint/formal_ppo_seed42_t480k/formal_ppo.pt,swissviewmonuments,287,4,20,12,14,False,2,"[20, 21, 22, 23, 24, 19, 14, 9, 14, 9, 14]","[""right"", ""right"", ""right"", ""right"", ""up"", ""up"", ""up"", ""down"", ""up"", ""down""]","[1.0, 1.0, -1.0, -1.0, 1.0, 1.0, -1.0, 1.0, -1.0, 1.0]",10,img287_d4_s20_g12_r0,4,6
GOMAA-Geo,/root/src/compare_baselines_bundle_20260505_v2/compare_baselines_bundle/gomaa_geo_official/gomaa_geo/checkpoint/formal_ppo_seed42_t480k/formal_ppo.pt,swissviewmonuments,288,4,1,13,23,False,2,"[1, 0, 5, 10, 15, 20, 21, 22, 23, 22, 23]","[""left"", ""down"", ""down"", ""down"", ""down"", ""right"", ""right"", ""right"", ""left"", ""right""]","[-1.0, 1.0, 1.0, -1.0, -1.0, 1.0, 1.0, 1.0, -1.0, 1.0]",10,img288_d4_s01_g13_r0,4,6
GOMAA-Geo,/root/src/compare_baselines_bundle_20260505_v2/compare_baselines_bundle/gomaa_geo_official/gomaa_geo/checkpoint/formal_ppo_seed42_t480k/formal_ppo.pt,swissviewmonuments,289,4,22,14,0,False,6,"[22, 21, 20, 15, 10, 5, 0, 1, 0, 5, 0]","[""left"", ""left"", ""up"", ""up"", ""up"", ""up"", ""right"", ""left"", ""down"", ""up""]","[-1.0, -1.0, 1.0, 1.0, -1.0, -1.0, 1.0, -1.0, 1.0, -1.0]",10,img289_d4_s22_g14_r0,4,6
GOMAA-Geo,/root/src/compare_baselines_bundle_20260505_v2/compare_baselines_bundle/gomaa_geo_official/gomaa_geo/checkpoint/formal_ppo_seed42_t480k/formal_ppo.pt,swissviewmonuments,289,6,20,14,24,False,2,"[20, 21, 22, 23, 24, 19, 24, 23, 24, 23, 24]","[""right"", ""right"", ""right"", ""right"", ""up"", ""down"", ""left"", ""right"", ""left"", ""right""]","[1.0, 1.0, 1.0, 1.0, 1.0, -1.0, -1.0, 1.0, -1.0, 1.0]",10,img289_d6_s20_g14_r0,6,4
GOMAA-Geo,/root/src/compare_baselines_bundle_20260505_v2/compare_baselines_bundle/gomaa_geo_official/gomaa_geo/checkpoint/formal_ppo_seed42_t480k/formal_ppo.pt,swissviewmonuments,290,4,23,15,1,False,4,"[23, 22, 21, 16, 11, 6, 1, 0, 1, 0, 1]","[""left"", ""left"", ""up"", ""up"", ""up"", ""up"", ""left"", ""right"", ""left"", ""right""]","[1.0, 1.0, 1.0, -1.0, -1.0, -1.0, 1.0, -1.0, 1.0, -1.0]",10,img290_d4_s23_g15_r0,4,6
GOMAA-Geo,/root/src/compare_baselines_bundle_20260505_v2/compare_baselines_bundle/gomaa_geo_official/gomaa_geo/checkpoint/formal_ppo_seed42_t480k/formal_ppo.pt,swissviewmonuments,290,6,3,15,5,False,2,"[3, 2, 1, 0, 5, 0, 5, 0, 1, 0, 5]","[""left"", ""left"", ""left"", ""down"", ""up"", ""down"", ""up"", ""right"", ""left"", ""down""]","[1.0, 1.0, 1.0, 1.0, -1.0, 1.0, -1.0, -1.0, 1.0, 1.0]",10,img290_d6_s03_g15_r0,6,4
GOMAA-Geo,/root/src/compare_baselines_bundle_20260505_v2/compare_baselines_bundle/gomaa_geo_official/gomaa_geo/checkpoint/formal_ppo_seed42_t480k/formal_ppo.pt,swissviewmonuments,291,4,24,16,0,False,4,"[24, 19, 14, 9, 8, 7, 6, 5, 0, 1, 0]","[""up"", ""up"", ""up"", ""left"", ""left"", ""left"", ""left"", ""up"", ""right"", ""left""]","[1.0, -1.0, -1.0, 1.0, 1.0, 1.0, -1.0, -1.0, 1.0, -1.0]",10,img291_d4_s24_g16_r0,4,6
GOMAA-Geo,/root/src/compare_baselines_bundle_20260505_v2/compare_baselines_bundle/gomaa_geo_official/gomaa_geo/checkpoint/formal_ppo_seed42_t480k/formal_ppo.pt,swissviewmonuments,291,6,4,16,10,False,2,"[4, 3, 2, 1, 0, 5, 0, 5, 0, 5, 10]","[""left"", ""left"", ""left"", ""left"", ""down"", ""up"", ""down"", ""up"", ""down"", ""down""]","[1.0, 1.0, 1.0, -1.0, 1.0, -1.0, 1.0, -1.0, 1.0, 1.0]",10,img291_d6_s04_g16_r0,6,4
GOMAA-Geo,/root/src/compare_baselines_bundle_20260505_v2/compare_baselines_bundle/gomaa_geo_official/gomaa_geo/checkpoint/formal_ppo_seed42_t480k/formal_ppo.pt,swissviewmonuments,292,4,3,17,21,False,2,"[3, 2, 1, 0, 5, 10, 15, 20, 15, 20, 21]","[""left"", ""left"", ""left"", ""down"", ""down"", ""down"", ""down"", ""up"", ""down"", ""right""]","[1.0, -1.0, -1.0, 1.0, 1.0, 1.0, -1.0, 1.0, -1.0, 1.0]",10,img292_d4_s03_g17_r0,4,6
GOMAA-Geo,/root/src/compare_baselines_bundle_20260505_v2/compare_baselines_bundle/gomaa_geo_official/gomaa_geo/checkpoint/formal_ppo_seed42_t480k/formal_ppo.pt,swissviewmonuments,293,4,6,18,18,True,0,"[6, 7, 12, 13, 18]","[""right"", ""down"", ""right"", ""down""]","[1.0, 1.0, 1.0, 1.0]",4,img293_d4_s06_g18_r0,4,0
GOMAA-Geo,/root/src/compare_baselines_bundle_20260505_v2/compare_baselines_bundle/gomaa_geo_official/gomaa_geo/checkpoint/formal_ppo_seed42_t480k/formal_ppo.pt,swissviewmonuments,293,6,0,18,14,False,2,"[0, 1, 2, 3, 4, 9, 14, 19, 24, 19, 14]","[""right"", ""right"", ""right"", ""right"", ""down"", ""down"", ""down"", ""down"", ""up"", ""up""]","[1.0, 1.0, 1.0, -1.0, 1.0, 1.0, 1.0, -1.0, 1.0, -1.0]",10,img293_d6_s00_g18_r0,6,4
GOMAA-Geo,/root/src/compare_baselines_bundle_20260505_v2/compare_baselines_bundle/gomaa_geo_official/gomaa_geo/checkpoint/formal_ppo_seed42_t480k/formal_ppo.pt,swissviewmonuments,294,4,21,19,19,True,0,"[21, 22, 23, 24, 19]","[""right"", ""right"", ""right"", ""up""]","[1.0, 1.0, 1.0, 1.0]",4,img294_d4_s21_g19_r0,4,0
GOMAA-Geo,/root/src/compare_baselines_bundle_20260505_v2/compare_baselines_bundle/gomaa_geo_official/gomaa_geo/checkpoint/formal_ppo_seed42_t480k/formal_ppo.pt,swissviewmonuments,294,6,5,19,19,True,0,"[5, 6, 11, 16, 17, 18, 19]","[""right"", ""down"", ""down"", ""right"", ""right"", ""right""]","[1.0, 1.0, 1.0, 1.0, 1.0, 1.0]",6,img294_d6_s05_g19_r0,6,0
GOMAA-Geo,/root/src/compare_baselines_bundle_20260505_v2/compare_baselines_bundle/gomaa_geo_official/gomaa_geo/checkpoint/formal_ppo_seed42_t480k/formal_ppo.pt,swissviewmonuments,295,4,0,20,24,False,4,"[0, 1, 2, 3, 8, 13, 18, 23, 24, 23, 24]","[""right"", ""right"", ""right"", ""down"", ""down"", ""down"", ""down"", ""right"", ""left"", ""right""]","[-1.0, -1.0, -1.0, 1.0, 1.0, 1.0, 1.0, -1.0, 1.0, -1.0]",10,img295_d4_s00_g20_r0,4,6
GOMAA-Geo,/root/src/compare_baselines_bundle_20260505_v2/compare_baselines_bundle/gomaa_geo_official/gomaa_geo/checkpoint/formal_ppo_seed42_t480k/formal_ppo.pt,swissviewmonuments,295,6,14,20,2,False,6,"[14, 9, 4, 3, 2, 3, 2, 3, 2, 3, 2]","[""up"", ""up"", ""left"", ""left"", ""right"", ""left"", ""right"", ""left"", ""right"", ""left""]","[-1.0, -1.0, 1.0, 1.0, -1.0, 1.0, -1.0, 1.0, -1.0, 1.0]",10,img295_d6_s14_g20_r0,6,4
GOMAA-Geo,/root/src/compare_baselines_bundle_20260505_v2/compare_baselines_bundle/gomaa_geo_official/gomaa_geo/checkpoint/formal_ppo_seed42_t480k/formal_ppo.pt,swissviewmonuments,295,8,4,20,10,False,2,"[4, 3, 2, 7, 6, 5, 10, 5, 10, 5, 10]","[""left"", ""left"", ""down"", ""left"", ""left"", ""down"", ""up"", ""down"", ""up"", ""down""]","[1.0, 1.0, 1.0, 1.0, 1.0, 1.0, -1.0, 1.0, -1.0, 1.0]",10,img295_d8_s04_g20_r0,8,2
GOMAA-Geo,/root/src/compare_baselines_bundle_20260505_v2/compare_baselines_bundle/gomaa_geo_official/gomaa_geo/checkpoint/formal_ppo_seed42_t480k/formal_ppo.pt,swissviewmonuments,296,4,5,21,19,False,4,"[5, 10, 15, 16, 17, 18, 19, 24, 23, 24, 19]","[""down"", ""down"", ""right"", ""right"", ""right"", ""right"", ""down"", ""left"", ""right"", ""up""]","[1.0, 1.0, 1.0, -1.0, -1.0, -1.0, 1.0, 1.0, -1.0, -1.0]",10,img296_d4_s05_g21_r0,4,6
GOMAA-Geo,/root/src/compare_baselines_bundle_20260505_v2/compare_baselines_bundle/gomaa_geo_official/gomaa_geo/checkpoint/formal_ppo_seed42_t480k/formal_ppo.pt,swissviewmonuments,296,6,9,21,5,False,4,"[9, 4, 3, 2, 1, 0, 5, 0, 1, 0, 5]","[""up"", ""left"", ""left"", ""left"", ""left"", ""down"", ""up"", ""right"", ""left"", ""down""]","[-1.0, 1.0, 1.0, 1.0, -1.0, 1.0, -1.0, 1.0, -1.0, 1.0]",10,img296_d6_s09_g21_r0,6,4
GOMAA-Geo,/root/src/compare_baselines_bundle_20260505_v2/compare_baselines_bundle/gomaa_geo_official/gomaa_geo/checkpoint/formal_ppo_seed42_t480k/formal_ppo.pt,swissviewmonuments,297,4,10,22,24,False,2,"[10, 5, 0, 1, 2, 3, 4, 9, 14, 19, 24]","[""up"", ""up"", ""right"", ""right"", ""right"", ""right"", ""down"", ""down"", ""down"", ""down""]","[-1.0, -1.0, 1.0, 1.0, -1.0, -1.0, 1.0, 1.0, 1.0, 1.0]",10,img297_d4_s10_g22_r0,4,6
GOMAA-Geo,/root/src/compare_baselines_bundle_20260505_v2/compare_baselines_bundle/gomaa_geo_official/gomaa_geo/checkpoint/formal_ppo_seed42_t480k/formal_ppo.pt,swissviewmonuments,297,6,0,22,22,True,0,"[0, 1, 2, 3, 4, 9, 14, 19, 24, 23, 22]","[""right"", ""right"", ""right"", ""right"", ""down"", ""down"", ""down"", ""down"", ""left"", ""left""]","[1.0, 1.0, -1.0, -1.0, 1.0, 1.0, 1.0, 1.0, 1.0, 1.0]",10,img297_d6_s00_g22_r0,6,4
GOMAA-Geo,/root/src/compare_baselines_bundle_20260505_v2/compare_baselines_bundle/gomaa_geo_official/gomaa_geo/checkpoint/formal_ppo_seed42_t480k/formal_ppo.pt,swissviewmonuments,298,4,3,23,21,False,2,"[3, 2, 1, 6, 11, 16, 15, 20, 21, 20, 21]","[""left"", ""left"", ""down"", ""down"", ""down"", ""left"", ""down"", ""right"", ""left"", ""right""]","[-1.0, -1.0, 1.0, 1.0, 1.0, -1.0, 1.0, 1.0, -1.0, 1.0]",10,img298_d4_s03_g23_r0,4,6
GOMAA-Geo,/root/src/compare_baselines_bundle_20260505_v2/compare_baselines_bundle/gomaa_geo_official/gomaa_geo/checkpoint/formal_ppo_seed42_t480k/formal_ppo.pt,swissviewmonuments,298,6,1,23,23,True,0,"[1, 2, 3, 4, 9, 14, 19, 24, 23]","[""right"", ""right"", ""right"", ""down"", ""down"", ""down"", ""down"", ""left""]","[1.0, 1.0, -1.0, 1.0, 1.0, 1.0, 1.0, 1.0]",8,img298_d6_s01_g23_r0,6,2
GOMAA-Geo,/root/src/compare_baselines_bundle_20260505_v2/compare_baselines_bundle/gomaa_geo_official/gomaa_geo/checkpoint/formal_ppo_seed42_t480k/formal_ppo.pt,swissviewmonuments,299,4,12,24,8,False,4,"[12, 11, 6, 7, 6, 11, 16, 17, 18, 13, 8]","[""left"", ""up"", ""right"", ""left"", ""down"", ""down"", ""right"", ""right"", ""up"", ""up""]","[-1.0, -1.0, 1.0, -1.0, 1.0, 1.0, 1.0, 1.0, -1.0, -1.0]",10,img299_d4_s12_g24_r0,4,6
GOMAA-Geo,/root/src/compare_baselines_bundle_20260505_v2/compare_baselines_bundle/gomaa_geo_official/gomaa_geo/checkpoint/formal_ppo_seed42_t480k/formal_ppo.pt,swissviewmonuments,299,6,6,24,24,True,0,"[6, 7, 8, 13, 18, 23, 24]","[""right"", ""right"", ""down"", ""down"", ""down"", ""right""]","[1.0, 1.0, 1.0, 1.0, 1.0, 1.0]",6,img299_d6_s06_g24_r0,6,0
GOMAA-Geo,/root/src/compare_baselines_bundle_20260505_v2/compare_baselines_bundle/gomaa_geo_official/gomaa_geo/checkpoint/formal_ppo_seed42_t480k/formal_ppo.pt,swissviewmonuments,299,8,0,24,24,True,0,"[0, 5, 10, 11, 12, 13, 18, 19, 24]","[""down"", ""down"", ""right"", ""right"", ""right"", ""down"", ""right"", ""down""]","[1.0, 1.0, 1.0, 1.0, 1.0, 1.0, 1.0, 1.0]",8,img299_d8_s00_g24_r0,8,0
GOMAA-Geo,/root/src/compare_baselines_bundle_20260505_v2/compare_baselines_bundle/gomaa_geo_official/gomaa_geo/checkpoint/formal_ppo_seed42_t480k/formal_ppo.pt,swissviewmonuments,300,4,16,0,14,False,6,"[16, 11, 12, 13, 8, 3, 4, 3, 4, 9, 14]","[""up"", ""right"", ""right"", ""up"", ""up"", ""right"", ""left"", ""right"", ""down"", ""down""]","[1.0, -1.0, -1.0, 1.0, 1.0, -1.0, 1.0, -1.0, -1.0, -1.0]",10,img300_d4_s16_g00_r0,4,6
GOMAA-Geo,/root/src/compare_baselines_bundle_20260505_v2/compare_baselines_bundle/gomaa_geo_official/gomaa_geo/checkpoint/formal_ppo_seed42_t480k/formal_ppo.pt,swissviewmonuments,300,6,18,0,0,True,0,"[18, 13, 12, 11, 10, 5, 0]","[""up"", ""left"", ""left"", ""left"", ""up"", ""up""]","[1.0, 1.0, 1.0, 1.0, 1.0, 1.0]",6,img300_d6_s18_g00_r0,6,0
GOMAA-Geo,/root/src/compare_baselines_bundle_20260505_v2/compare_baselines_bundle/gomaa_geo_official/gomaa_geo/checkpoint/formal_ppo_seed42_t480k/formal_ppo.pt,swissviewmonuments,300,8,24,0,0,True,0,"[24, 23, 22, 21, 20, 15, 10, 5, 0]","[""left"", ""left"", ""left"", ""left"", ""up"", ""up"", ""up"", ""up""]","[1.0, 1.0, 1.0, 1.0, 1.0, 1.0, 1.0, 1.0]",8,img300_d8_s24_g00_r0,8,0
GOMAA-Geo,/root/src/compare_baselines_bundle_20260505_v2/compare_baselines_bundle/gomaa_geo_official/gomaa_geo/checkpoint/formal_ppo_seed42_t480k/formal_ppo.pt,swissviewmonuments,301,4,21,1,1,True,0,"[21, 16, 11, 6, 1]","[""up"", ""up"", ""up"", ""up""]","[1.0, 1.0, 1.0, 1.0]",4,img301_d4_s21_g01_r0,4,0
GOMAA-Geo,/root/src/compare_baselines_bundle_20260505_v2/compare_baselines_bundle/gomaa_geo_official/gomaa_geo/checkpoint/formal_ppo_seed42_t480k/formal_ppo.pt,swissviewmonuments,301,6,23,1,1,True,0,"[23, 22, 21, 16, 11, 6, 1]","[""left"", ""left"", ""up"", ""up"", ""up"", ""up""]","[1.0, 1.0, 1.0, 1.0, 1.0, 1.0]",6,img301_d6_s23_g01_r0,6,0
GOMAA-Geo,/root/src/compare_baselines_bundle_20260505_v2/compare_baselines_bundle/gomaa_geo_official/gomaa_geo/checkpoint/formal_ppo_seed42_t480k/formal_ppo.pt,swissviewmonuments,302,4,18,2,10,False,4,"[18, 13, 8, 7, 6, 5, 0, 1, 0, 5, 10]","[""up"", ""up"", ""left"", ""left"", ""left"", ""up"", ""right"", ""left"", ""down"", ""down""]","[1.0, 1.0, 1.0, -1.0, -1.0, 1.0, 1.0, -1.0, -1.0, -1.0]",10,img302_d4_s18_g02_r0,4,6
GOMAA-Geo,/root/src/compare_baselines_bundle_20260505_v2/compare_baselines_bundle/gomaa_geo_official/gomaa_geo/checkpoint/formal_ppo_seed42_t480k/formal_ppo.pt,swissviewmonuments,302,6,20,2,14,False,4,"[20, 21, 22, 23, 24, 19, 14, 9, 4, 9, 14]","[""right"", ""right"", ""right"", ""right"", ""up"", ""up"", ""up"", ""up"", ""down"", ""down""]","[1.0, 1.0, -1.0, -1.0, 1.0, 1.0, 1.0, 1.0, -1.0, -1.0]",10,img302_d6_s20_g02_r0,6,4
GOMAA-Geo,/root/src/compare_baselines_bundle_20260505_v2/compare_baselines_bundle/gomaa_geo_official/gomaa_geo/checkpoint/formal_ppo_seed42_t480k/formal_ppo.pt,swissviewmonuments,303,4,17,3,3,True,0,"[17, 16, 11, 6, 1, 0, 1, 2, 3]","[""left"", ""up"", ""up"", ""up"", ""left"", ""right"", ""right"", ""right""]","[-1.0, 1.0, 1.0, 1.0, -1.0, 1.0, 1.0, 1.0]",8,img303_d4_s17_g03_r0,4,4
GOMAA-Geo,/root/src/compare_baselines_bundle_20260505_v2/compare_baselines_bundle/gomaa_geo_official/gomaa_geo/checkpoint/formal_ppo_seed42_t480k/formal_ppo.pt,swissviewmonuments,303,6,21,3,9,False,2,"[21, 22, 23, 24, 19, 14, 9, 4, 9, 14, 9]","[""right"", ""right"", ""right"", ""up"", ""up"", ""up"", ""up"", ""down"", ""down"", ""up""]","[1.0, 1.0, -1.0, 1.0, 1.0, 1.0, 1.0, -1.0, -1.0, 1.0]",10,img303_d6_s21_g03_r0,6,4
GOMAA-Geo,/root/src/compare_baselines_bundle_20260505_v2/compare_baselines_bundle/gomaa_geo_official/gomaa_geo/checkpoint/formal_ppo_seed42_t480k/formal_ppo.pt,swissviewmonuments,304,4,6,4,22,False,6,"[6, 7, 8, 13, 18, 23, 22, 23, 22, 21, 22]","[""right"", ""right"", ""down"", ""down"", ""down"", ""left"", ""right"", ""left"", ""left"", ""right""]","[1.0, 1.0, -1.0, -1.0, -1.0, -1.0, 1.0, -1.0, -1.0, 1.0]",10,img304_d4_s06_g04_r0,4,6
GOMAA-Geo,/root/src/compare_baselines_bundle_20260505_v2/compare_baselines_bundle/gomaa_geo_official/gomaa_geo/checkpoint/formal_ppo_seed42_t480k/formal_ppo.pt,swissviewmonuments,304,6,10,4,4,True,0,"[10, 5, 0, 1, 2, 3, 4]","[""up"", ""up"", ""right"", ""right"", ""right"", ""right""]","[1.0, 1.0, 1.0, 1.0, 1.0, 1.0]",6,img304_d6_s10_g04_r0,6,0
GOMAA-Geo,/root/src/compare_baselines_bundle_20260505_v2/compare_baselines_bundle/gomaa_geo_official/gomaa_geo/checkpoint/formal_ppo_seed42_t480k/formal_ppo.pt,swissviewmonuments,304,8,20,4,22,False,6,"[20, 21, 22, 23, 18, 23, 22, 23, 18, 23, 22]","[""right"", ""right"", ""right"", ""up"", ""down"", ""left"", ""right"", ""up"", ""down"", ""left""]","[1.0, 1.0, 1.0, 1.0, -1.0, -1.0, 1.0, 1.0, -1.0, -1.0]",10,img304_d8_s20_g04_r0,8,2
GOMAA-Geo,/root/src/compare_baselines_bundle_20260505_v2/compare_baselines_bundle/gomaa_geo_official/gomaa_geo/checkpoint/formal_ppo_seed42_t480k/formal_ppo.pt,swissviewmonuments,305,4,17,5,3,False,4,"[17, 16, 11, 6, 1, 2, 1, 2, 3, 2, 3]","[""left"", ""up"", ""up"", ""up"", ""right"", ""left"", ""right"", ""right"", ""left"", ""right""]","[1.0, 1.0, 1.0, -1.0, -1.0, 1.0, -1.0, -1.0, 1.0, -1.0]",10,img305_d4_s17_g05_r0,4,6
GOMAA-Geo,/root/src/compare_baselines_bundle_20260505_v2/compare_baselines_bundle/gomaa_geo_official/gomaa_geo/checkpoint/formal_ppo_seed42_t480k/formal_ppo.pt,swissviewmonuments,305,6,19,5,5,True,0,"[19, 14, 9, 8, 7, 6, 5]","[""up"", ""up"", ""left"", ""left"", ""left"", ""left""]","[1.0, 1.0, 1.0, 1.0, 1.0, 1.0]",6,img305_d6_s19_g05_r0,6,0
GOMAA-Geo,/root/src/compare_baselines_bundle_20260505_v2/compare_baselines_bundle/gomaa_geo_official/gomaa_geo/checkpoint/formal_ppo_seed42_t480k/formal_ppo.pt,swissviewmonuments,306,4,18,6,0,False,2,"[18, 17, 16, 15, 10, 5, 0, 1, 0, 1, 0]","[""left"", ""left"", ""left"", ""up"", ""up"", ""up"", ""right"", ""left"", ""right"", ""left""]","[1.0, 1.0, -1.0, 1.0, 1.0, -1.0, 1.0, -1.0, 1.0, -1.0]",10,img306_d4_s18_g06_r0,4,6
GOMAA-Geo,/root/src/compare_baselines_bundle_20260505_v2/compare_baselines_bundle/gomaa_geo_official/gomaa_geo/checkpoint/formal_ppo_seed42_t480k/formal_ppo.pt,swissviewmonuments,306,6,24,6,0,False,2,"[24, 23, 22, 21, 16, 15, 10, 5, 0, 1, 0]","[""left"", ""left"", ""left"", ""up"", ""left"", ""up"", ""up"", ""up"", ""right"", ""left""]","[1.0, 1.0, 1.0, 1.0, -1.0, 1.0, 1.0, -1.0, 1.0, -1.0]",10,img306_d6_s24_g06_r0,6,4
GOMAA-Geo,/root/src/compare_baselines_bundle_20260505_v2/compare_baselines_bundle/gomaa_geo_official/gomaa_geo/checkpoint/formal_ppo_seed42_t480k/formal_ppo.pt,swissviewmonuments,307,4,21,7,3,False,2,"[21, 16, 11, 6, 1, 2, 3, 4, 9, 4, 3]","[""up"", ""up"", ""up"", ""up"", ""right"", ""right"", ""right"", ""down"", ""up"", ""left""]","[1.0, 1.0, 1.0, -1.0, 1.0, -1.0, -1.0, 1.0, -1.0, 1.0]",10,img307_d4_s21_g07_r0,4,6
GOMAA-Geo,/root/src/compare_baselines_bundle_20260505_v2/compare_baselines_bundle/gomaa_geo_official/gomaa_geo/checkpoint/formal_ppo_seed42_t480k/formal_ppo.pt,swissviewmonuments,308,4,16,8,4,False,2,"[16, 11, 6, 1, 2, 3, 4, 3, 4, 9, 4]","[""up"", ""up"", ""up"", ""right"", ""right"", ""right"", ""left"", ""right"", ""down"", ""up""]","[1.0, 1.0, -1.0, 1.0, 1.0, -1.0, 1.0, -1.0, 1.0, -1.0]",10,img308_d4_s16_g08_r0,4,6
GOMAA-Geo,/root/src/compare_baselines_bundle_20260505_v2/compare_baselines_bundle/gomaa_geo_official/gomaa_geo/checkpoint/formal_ppo_seed42_t480k/formal_ppo.pt,swissviewmonuments,308,6,20,8,2,False,2,"[20, 15, 10, 5, 0, 1, 0, 1, 0, 1, 2]","[""up"", ""up"", ""up"", ""up"", ""right"", ""left"", ""right"", ""left"", ""right"", ""right""]","[1.0, 1.0, 1.0, -1.0, 1.0, -1.0, 1.0, -1.0, 1.0, 1.0]",10,img308_d6_s20_g08_r0,6,4
GOMAA-Geo,/root/src/compare_baselines_bundle_20260505_v2/compare_baselines_bundle/gomaa_geo_official/gomaa_geo/checkpoint/formal_ppo_seed42_t480k/formal_ppo.pt,swissviewmonuments,309,4,5,9,23,False,4,"[5, 10, 15, 20, 21, 22, 23, 24, 23, 24, 23]","[""down"", ""down"", ""down"", ""right"", ""right"", ""right"", ""right"", ""left"", ""right"", ""left""]","[-1.0, -1.0, -1.0, 1.0, 1.0, 1.0, 1.0, -1.0, 1.0, -1.0]",10,img309_d4_s05_g09_r0,4,6
GOMAA-Geo,/root/src/compare_baselines_bundle_20260505_v2/compare_baselines_bundle/gomaa_geo_official/gomaa_geo/checkpoint/formal_ppo_seed42_t480k/formal_ppo.pt,swissviewmonuments,309,6,21,9,9,True,0,"[21, 22, 23, 18, 13, 8, 3, 4, 3, 4, 9]","[""right"", ""right"", ""up"", ""up"", ""up"", ""up"", ""right"", ""left"", ""right"", ""down""]","[1.0, 1.0, 1.0, 1.0, 1.0, -1.0, 1.0, -1.0, 1.0, 1.0]",10,img309_d6_s21_g09_r0,6,4
GOMAA-Geo,/root/src/compare_baselines_bundle_20260505_v2/compare_baselines_bundle/gomaa_geo_official/gomaa_geo/checkpoint/formal_ppo_seed42_t480k/formal_ppo.pt,swissviewmonuments,310,4,14,10,0,False,2,"[14, 13, 8, 7, 6, 5, 0, 1, 0, 5, 0]","[""left"", ""up"", ""left"", ""left"", ""left"", ""up"", ""right"", ""left"", ""down"", ""up""]","[1.0, -1.0, 1.0, 1.0, 1.0, -1.0, -1.0, 1.0, 1.0, -1.0]",10,img310_d4_s14_g10_r0,4,6
GOMAA-Geo,/root/src/compare_baselines_bundle_20260505_v2/compare_baselines_bundle/gomaa_geo_official/gomaa_geo/checkpoint/formal_ppo_seed42_t480k/formal_ppo.pt,swissviewmonuments,310,6,24,10,10,True,0,"[24, 23, 22, 21, 20, 15, 10]","[""left"", ""left"", ""left"", ""left"", ""up"", ""up""]","[1.0, 1.0, 1.0, 1.0, 1.0, 1.0]",6,img310_d6_s24_g10_r0,6,0
GOMAA-Geo,/root/src/compare_baselines_bundle_20260505_v2/compare_baselines_bundle/gomaa_geo_official/gomaa_geo/checkpoint/formal_ppo_seed42_t480k/formal_ppo.pt,swissviewmonuments,311,4,23,11,11,True,0,"[23, 22, 21, 16, 11]","[""left"", ""left"", ""up"", ""up""]","[1.0, 1.0, 1.0, 1.0]",4,img311_d4_s23_g11_r0,4,0
GOMAA-Geo,/root/src/compare_baselines_bundle_20260505_v2/compare_baselines_bundle/gomaa_geo_official/gomaa_geo/checkpoint/formal_ppo_seed42_t480k/formal_ppo.pt,swissviewmonuments,312,4,0,12,20,False,4,"[0, 5, 10, 15, 20, 21, 20, 21, 20, 21, 20]","[""down"", ""down"", ""down"", ""down"", ""right"", ""left"", ""right"", ""left"", ""right"", ""left""]","[1.0, 1.0, -1.0, -1.0, 1.0, -1.0, 1.0, -1.0, 1.0, -1.0]",10,img312_d4_s00_g12_r0,4,6
GOMAA-Geo,/root/src/compare_baselines_bundle_20260505_v2/compare_baselines_bundle/gomaa_geo_official/gomaa_geo/checkpoint/formal_ppo_seed42_t480k/formal_ppo.pt,swissviewmonuments,313,4,1,13,21,False,4,"[1, 0, 5, 10, 15, 20, 21, 20, 21, 20, 21]","[""left"", ""down"", ""down"", ""down"", ""down"", ""right"", ""left"", ""right"", ""left"", ""right""]","[-1.0, 1.0, 1.0, -1.0, -1.0, 1.0, -1.0, 1.0, -1.0, 1.0]",10,img313_d4_s01_g13_r0,4,6
GOMAA-Geo,/root/src/compare_baselines_bundle_20260505_v2/compare_baselines_bundle/gomaa_geo_official/gomaa_geo/checkpoint/formal_ppo_seed42_t480k/formal_ppo.pt,swissviewmonuments,314,4,16,14,2,False,4,"[16, 11, 6, 5, 0, 1, 2, 3, 2, 1, 2]","[""up"", ""up"", ""left"", ""up"", ""right"", ""right"", ""right"", ""left"", ""left"", ""right""]","[1.0, -1.0, -1.0, -1.0, 1.0, 1.0, 1.0, -1.0, -1.0, 1.0]",10,img314_d4_s16_g14_r0,4,6
GOMAA-Geo,/root/src/compare_baselines_bundle_20260505_v2/compare_baselines_bundle/gomaa_geo_official/gomaa_geo/checkpoint/formal_ppo_seed42_t480k/formal_ppo.pt,swissviewmonuments,314,6,0,14,14,True,0,"[0, 1, 2, 3, 4, 9, 14]","[""right"", ""right"", ""right"", ""right"", ""down"", ""down""]","[1.0, 1.0, 1.0, 1.0, 1.0, 1.0]",6,img314_d6_s00_g14_r0,6,0
GOMAA-Geo,/root/src/compare_baselines_bundle_20260505_v2/compare_baselines_bundle/gomaa_geo_official/gomaa_geo/checkpoint/formal_ppo_seed42_t480k/formal_ppo.pt,swissviewmonuments,315,4,19,15,5,False,2,"[19, 18, 17, 12, 7, 6, 1, 0, 5, 0, 5]","[""left"", ""left"", ""up"", ""up"", ""left"", ""up"", ""left"", ""down"", ""up"", ""down""]","[1.0, 1.0, -1.0, -1.0, 1.0, -1.0, 1.0, 1.0, -1.0, 1.0]",10,img315_d4_s19_g15_r0,4,6
GOMAA-Geo,/root/src/compare_baselines_bundle_20260505_v2/compare_baselines_bundle/gomaa_geo_official/gomaa_geo/checkpoint/formal_ppo_seed42_t480k/formal_ppo.pt,swissviewmonuments,315,6,9,15,15,True,0,"[9, 8, 7, 6, 11, 16, 15]","[""left"", ""left"", ""left"", ""down"", ""down"", ""left""]","[1.0, 1.0, 1.0, 1.0, 1.0, 1.0]",6,img315_d6_s09_g15_r0,6,0
GOMAA-Geo,/root/src/compare_baselines_bundle_20260505_v2/compare_baselines_bundle/gomaa_geo_official/gomaa_geo/checkpoint/formal_ppo_seed42_t480k/formal_ppo.pt,swissviewmonuments,316,4,14,16,10,False,2,"[14, 13, 8, 7, 6, 5, 0, 5, 0, 5, 10]","[""left"", ""up"", ""left"", ""left"", ""left"", ""up"", ""down"", ""up"", ""down"", ""down""]","[1.0, -1.0, 1.0, 1.0, -1.0, -1.0, 1.0, -1.0, 1.0, 1.0]",10,img316_d4_s14_g16_r0,4,6
GOMAA-Geo,/root/src/compare_baselines_bundle_20260505_v2/compare_baselines_bundle/gomaa_geo_official/gomaa_geo/checkpoint/formal_ppo_seed42_t480k/formal_ppo.pt,swissviewmonuments,316,6,4,16,10,False,2,"[4, 3, 2, 1, 0, 5, 10, 5, 10, 5, 10]","[""left"", ""left"", ""left"", ""left"", ""down"", ""down"", ""up"", ""down"", ""up"", ""down""]","[1.0, 1.0, 1.0, -1.0, 1.0, 1.0, -1.0, 1.0, -1.0, 1.0]",10,img316_d6_s04_g16_r0,6,4
GOMAA-Geo,/root/src/compare_baselines_bundle_20260505_v2/compare_baselines_bundle/gomaa_geo_official/gomaa_geo/checkpoint/formal_ppo_seed42_t480k/formal_ppo.pt,swissviewmonuments,317,4,3,17,5,False,4,"[3, 2, 1, 0, 5, 0, 5, 0, 5, 0, 5]","[""left"", ""left"", ""left"", ""down"", ""up"", ""down"", ""up"", ""down"", ""up"", ""down""]","[1.0, -1.0, -1.0, 1.0, -1.0, 1.0, -1.0, 1.0, -1.0, 1.0]",10,img317_d4_s03_g17_r0,4,6
GOMAA-Geo,/root/src/compare_baselines_bundle_20260505_v2/compare_baselines_bundle/gomaa_geo_official/gomaa_geo/checkpoint/formal_ppo_seed42_t480k/formal_ppo.pt,swissviewmonuments,318,4,10,18,4,False,4,"[10, 5, 0, 1, 2, 3, 4, 9, 4, 9, 4]","[""up"", ""up"", ""right"", ""right"", ""right"", ""right"", ""down"", ""up"", ""down"", ""up""]","[-1.0, -1.0, 1.0, 1.0, 1.0, -1.0, 1.0, -1.0, 1.0, -1.0]",10,img318_d4_s10_g18_r0,4,6
GOMAA-Geo,/root/src/compare_baselines_bundle_20260505_v2/compare_baselines_bundle/gomaa_geo_official/gomaa_geo/checkpoint/formal_ppo_seed42_t480k/formal_ppo.pt,swissviewmonuments,318,6,0,18,4,False,4,"[0, 1, 2, 3, 4, 9, 14, 19, 14, 9, 4]","[""right"", ""right"", ""right"", ""right"", ""down"", ""down"", ""down"", ""up"", ""up"", ""up""]","[1.0, 1.0, 1.0, -1.0, 1.0, 1.0, 1.0, -1.0, -1.0, -1.0]",10,img318_d6_s00_g18_r0,6,4
GOMAA-Geo,/root/src/compare_baselines_bundle_20260505_v2/compare_baselines_bundle/gomaa_geo_official/gomaa_geo/checkpoint/formal_ppo_seed42_t480k/formal_ppo.pt,swissviewmonuments,319,4,11,19,11,False,4,"[11, 6, 7, 8, 7, 6, 7, 12, 17, 16, 11]","[""up"", ""right"", ""right"", ""left"", ""left"", ""right"", ""down"", ""down"", ""left"", ""up""]","[-1.0, 1.0, 1.0, -1.0, -1.0, 1.0, 1.0, 1.0, -1.0, -1.0]",10,img319_d4_s11_g19_r0,4,6
GOMAA-Geo,/root/src/compare_baselines_bundle_20260505_v2/compare_baselines_bundle/gomaa_geo_official/gomaa_geo/checkpoint/formal_ppo_seed42_t480k/formal_ppo.pt,swissviewmonuments,319,6,5,19,9,False,2,"[5, 0, 1, 2, 3, 4, 9, 14, 9, 14, 9]","[""up"", ""right"", ""right"", ""right"", ""right"", ""down"", ""down"", ""up"", ""down"", ""up""]","[-1.0, 1.0, 1.0, 1.0, 1.0, 1.0, 1.0, -1.0, 1.0, -1.0]",10,img319_d6_s05_g19_r0,6,4
GOMAA-Geo,/root/src/compare_baselines_bundle_20260505_v2/compare_baselines_bundle/gomaa_geo_official/gomaa_geo/checkpoint/formal_ppo_seed42_t480k/formal_ppo.pt,swissviewmonuments,320,4,18,20,0,False,4,"[18, 17, 16, 11, 6, 1, 0, 1, 0, 5, 0]","[""left"", ""left"", ""up"", ""up"", ""up"", ""left"", ""right"", ""left"", ""down"", ""up""]","[1.0, 1.0, -1.0, -1.0, -1.0, 1.0, -1.0, 1.0, 1.0, -1.0]",10,img320_d4_s18_g20_r0,4,6
GOMAA-Geo,/root/src/compare_baselines_bundle_20260505_v2/compare_baselines_bundle/gomaa_geo_official/gomaa_geo/checkpoint/formal_ppo_seed42_t480k/formal_ppo.pt,swissviewmonuments,320,6,8,20,20,True,0,"[8, 7, 12, 11, 16, 15, 20]","[""left"", ""down"", ""left"", ""down"", ""left"", ""down""]","[1.0, 1.0, 1.0, 1.0, 1.0, 1.0]",6,img320_d6_s08_g20_r0,6,0
GOMAA-Geo,/root/src/compare_baselines_bundle_20260505_v2/compare_baselines_bundle/gomaa_geo_official/gomaa_geo/checkpoint/formal_ppo_seed42_t480k/formal_ppo.pt,swissviewmonuments,320,8,4,20,20,True,0,"[4, 3, 2, 1, 0, 5, 10, 15, 20]","[""left"", ""left"", ""left"", ""left"", ""down"", ""down"", ""down"", ""down""]","[1.0, 1.0, 1.0, 1.0, 1.0, 1.0, 1.0, 1.0]",8,img320_d8_s04_g20_r0,8,0
GOMAA-Geo,/root/src/compare_baselines_bundle_20260505_v2/compare_baselines_bundle/gomaa_geo_official/gomaa_geo/checkpoint/formal_ppo_seed42_t480k/formal_ppo.pt,swissviewmonuments,321,4,7,21,21,True,0,"[7, 12, 17, 18, 17, 22, 21]","[""down"", ""down"", ""right"", ""left"", ""down"", ""left""]","[1.0, 1.0, -1.0, 1.0, 1.0, 1.0]",6,img321_d4_s07_g21_r0,4,2
GOMAA-Geo,/root/src/compare_baselines_bundle_20260505_v2/compare_baselines_bundle/gomaa_geo_official/gomaa_geo/checkpoint/formal_ppo_seed42_t480k/formal_ppo.pt,swissviewmonuments,321,6,9,21,21,True,0,"[9, 14, 19, 18, 17, 16, 21]","[""down"", ""down"", ""left"", ""left"", ""left"", ""down""]","[1.0, 1.0, 1.0, 1.0, 1.0, 1.0]",6,img321_d6_s09_g21_r0,6,0
GOMAA-Geo,/root/src/compare_baselines_bundle_20260505_v2/compare_baselines_bundle/gomaa_geo_official/gomaa_geo/checkpoint/formal_ppo_seed42_t480k/formal_ppo.pt,swissviewmonuments,322,4,14,22,10,False,4,"[14, 9, 4, 3, 2, 1, 0, 5, 10, 5, 10]","[""up"", ""up"", ""left"", ""left"", ""left"", ""left"", ""down"", ""down"", ""up"", ""down""]","[-1.0, -1.0, 1.0, 1.0, -1.0, -1.0, 1.0, 1.0, -1.0, 1.0]",10,img322_d4_s14_g22_r0,4,6
GOMAA-Geo,/root/src/compare_baselines_bundle_20260505_v2/compare_baselines_bundle/gomaa_geo_official/gomaa_geo/checkpoint/formal_ppo_seed42_t480k/formal_ppo.pt,swissviewmonuments,322,6,0,22,22,True,0,"[0, 5, 10, 15, 20, 21, 22]","[""down"", ""down"", ""down"", ""down"", ""right"", ""right""]","[1.0, 1.0, 1.0, 1.0, 1.0, 1.0]",6,img322_d6_s00_g22_r0,6,0
GOMAA-Geo,/root/src/compare_baselines_bundle_20260505_v2/compare_baselines_bundle/gomaa_geo_official/gomaa_geo/checkpoint/formal_ppo_seed42_t480k/formal_ppo.pt,swissviewmonuments,323,4,9,23,23,True,0,"[9, 14, 19, 24, 23]","[""down"", ""down"", ""down"", ""left""]","[1.0, 1.0, 1.0, 1.0]",4,img323_d4_s09_g23_r0,4,0
GOMAA-Geo,/root/src/compare_baselines_bundle_20260505_v2/compare_baselines_bundle/gomaa_geo_official/gomaa_geo/checkpoint/formal_ppo_seed42_t480k/formal_ppo.pt,swissviewmonuments,323,6,1,23,23,True,0,"[1, 2, 3, 4, 9, 14, 19, 24, 23]","[""right"", ""right"", ""right"", ""down"", ""down"", ""down"", ""down"", ""left""]","[1.0, 1.0, -1.0, 1.0, 1.0, 1.0, 1.0, 1.0]",8,img323_d6_s01_g23_r0,6,2
GOMAA-Geo,/root/src/compare_baselines_bundle_20260505_v2/compare_baselines_bundle/gomaa_geo_official/gomaa_geo/checkpoint/formal_ppo_seed42_t480k/formal_ppo.pt,swissviewmonuments,324,4,20,24,4,False,4,"[20, 15, 10, 5, 0, 1, 2, 3, 4, 3, 4]","[""up"", ""up"", ""up"", ""up"", ""right"", ""right"", ""right"", ""right"", ""left"", ""right""]","[-1.0, -1.0, -1.0, -1.0, 1.0, 1.0, 1.0, 1.0, -1.0, 1.0]",10,img324_d4_s20_g24_r0,4,6
GOMAA-Geo,/root/src/compare_baselines_bundle_20260505_v2/compare_baselines_bundle/gomaa_geo_official/gomaa_geo/checkpoint/formal_ppo_seed42_t480k/formal_ppo.pt,swissviewmonuments,324,6,6,24,24,True,0,"[6, 11, 16, 21, 22, 23, 24]","[""down"", ""down"", ""down"", ""right"", ""right"", ""right""]","[1.0, 1.0, 1.0, 1.0, 1.0, 1.0]",6,img324_d6_s06_g24_r0,6,0
GOMAA-Geo,/root/src/compare_baselines_bundle_20260505_v2/compare_baselines_bundle/gomaa_geo_official/gomaa_geo/checkpoint/formal_ppo_seed42_t480k/formal_ppo.pt,swissviewmonuments,324,8,0,24,16,False,4,"[0, 5, 10, 15, 16, 17, 18, 13, 12, 11, 16]","[""down"", ""down"", ""down"", ""right"", ""right"", ""right"", ""up"", ""left"", ""left"", ""down""]","[1.0, 1.0, 1.0, 1.0, 1.0, 1.0, -1.0, -1.0, -1.0, 1.0]",10,img324_d8_s00_g24_r0,8,2
GOMAA-Geo,/root/src/compare_baselines_bundle_20260505_v2/compare_baselines_bundle/gomaa_geo_official/gomaa_geo/checkpoint/formal_ppo_seed42_t480k/formal_ppo.pt,swissviewmonuments,325,4,20,0,4,False,4,"[20, 21, 22, 23, 24, 19, 14, 9, 4, 9, 4]","[""right"", ""right"", ""right"", ""right"", ""up"", ""up"", ""up"", ""up"", ""down"", ""up""]","[-1.0, -1.0, -1.0, -1.0, 1.0, 1.0, 1.0, 1.0, -1.0, 1.0]",10,img325_d4_s20_g00_r0,4,6
GOMAA-Geo,/root/src/compare_baselines_bundle_20260505_v2/compare_baselines_bundle/gomaa_geo_official/gomaa_geo/checkpoint/formal_ppo_seed42_t480k/formal_ppo.pt,swissviewmonuments,325,6,14,0,0,True,0,"[14, 9, 4, 3, 2, 1, 0]","[""up"", ""up"", ""left"", ""left"", ""left"", ""left""]","[1.0, 1.0, 1.0, 1.0, 1.0, 1.0]",6,img325_d6_s14_g00_r0,6,0
GOMAA-Geo,/root/src/compare_baselines_bundle_20260505_v2/compare_baselines_bundle/gomaa_geo_official/gomaa_geo/checkpoint/formal_ppo_seed42_t480k/formal_ppo.pt,swissviewmonuments,325,8,24,0,0,True,0,"[24, 23, 22, 21, 20, 15, 10, 5, 0]","[""left"", ""left"", ""left"", ""left"", ""up"", ""up"", ""up"", ""up""]","[1.0, 1.0, 1.0, 1.0, 1.0, 1.0, 1.0, 1.0]",8,img325_d8_s24_g00_r0,8,0
GOMAA-Geo,/root/src/compare_baselines_bundle_20260505_v2/compare_baselines_bundle/gomaa_geo_official/gomaa_geo/checkpoint/formal_ppo_seed42_t480k/formal_ppo.pt,swissviewmonuments,326,4,17,1,1,True,0,"[17, 16, 11, 6, 1]","[""left"", ""up"", ""up"", ""up""]","[1.0, 1.0, 1.0, 1.0]",4,img326_d4_s17_g01_r0,4,0
GOMAA-Geo,/root/src/compare_baselines_bundle_20260505_v2/compare_baselines_bundle/gomaa_geo_official/gomaa_geo/checkpoint/formal_ppo_seed42_t480k/formal_ppo.pt,swissviewmonuments,326,6,23,1,1,True,0,"[23, 22, 21, 20, 15, 10, 5, 0, 1]","[""left"", ""left"", ""left"", ""up"", ""up"", ""up"", ""up"", ""right""]","[1.0, 1.0, -1.0, 1.0, 1.0, 1.0, 1.0, 1.0]",8,img326_d6_s23_g01_r0,6,2
GOMAA-Geo,/root/src/compare_baselines_bundle_20260505_v2/compare_baselines_bundle/gomaa_geo_official/gomaa_geo/checkpoint/formal_ppo_seed42_t480k/formal_ppo.pt,swissviewmonuments,327,4,14,2,20,False,6,"[14, 13, 8, 7, 6, 11, 16, 15, 20, 15, 20]","[""left"", ""up"", ""left"", ""left"", ""down"", ""down"", ""left"", ""down"", ""up"", ""down""]","[1.0, 1.0, 1.0, -1.0, -1.0, -1.0, -1.0, -1.0, 1.0, -1.0]",10,img327_d4_s14_g02_r0,4,6
GOMAA-Geo,/root/src/compare_baselines_bundle_20260505_v2/compare_baselines_bundle/gomaa_geo_official/gomaa_geo/checkpoint/formal_ppo_seed42_t480k/formal_ppo.pt,swissviewmonuments,327,6,20,2,24,False,6,"[20, 21, 22, 23, 24, 19, 24, 19, 24, 23, 24]","[""right"", ""right"", ""right"", ""right"", ""up"", ""down"", ""up"", ""down"", ""left"", ""right""]","[1.0, 1.0, -1.0, -1.0, 1.0, -1.0, 1.0, -1.0, 1.0, -1.0]",10,img327_d6_s20_g02_r0,6,4
GOMAA-Geo,/root/src/compare_baselines_bundle_20260505_v2/compare_baselines_bundle/gomaa_geo_official/gomaa_geo/checkpoint/formal_ppo_seed42_t480k/formal_ppo.pt,swissviewmonuments,328,4,11,3,3,True,0,"[11, 12, 13, 8, 3]","[""right"", ""right"", ""up"", ""up""]","[1.0, 1.0, 1.0, 1.0]",4,img328_d4_s11_g03_r0,4,0
GOMAA-Geo,/root/src/compare_baselines_bundle_20260505_v2/compare_baselines_bundle/gomaa_geo_official/gomaa_geo/checkpoint/formal_ppo_seed42_t480k/formal_ppo.pt,swissviewmonuments,328,6,21,3,3,True,0,"[21, 22, 23, 24, 19, 14, 9, 4, 9, 4, 3]","[""right"", ""right"", ""right"", ""up"", ""up"", ""up"", ""up"", ""down"", ""up"", ""left""]","[1.0, 1.0, -1.0, 1.0, 1.0, 1.0, 1.0, -1.0, 1.0, 1.0]",10,img328_d6_s21_g03_r0,6,4
GOMAA-Geo,/root/src/compare_baselines_bundle_20260505_v2/compare_baselines_bundle/gomaa_geo_official/gomaa_geo/checkpoint/formal_ppo_seed42_t480k/formal_ppo.pt,swissviewmonuments,329,4,18,4,0,False,4,"[18, 17, 16, 11, 6, 1, 0, 5, 0, 1, 0]","[""left"", ""left"", ""up"", ""up"", ""up"", ""left"", ""down"", ""up"", ""right"", ""left""]","[-1.0, -1.0, 1.0, 1.0, 1.0, -1.0, -1.0, 1.0, 1.0, -1.0]",10,img329_d4_s18_g04_r0,4,6
GOMAA-Geo,/root/src/compare_baselines_bundle_20260505_v2/compare_baselines_bundle/gomaa_geo_official/gomaa_geo/checkpoint/formal_ppo_seed42_t480k/formal_ppo.pt,swissviewmonuments,329,6,16,4,4,True,0,"[16, 17, 18, 13, 8, 3, 4]","[""right"", ""right"", ""up"", ""up"", ""up"", ""right""]","[1.0, 1.0, 1.0, 1.0, 1.0, 1.0]",6,img329_d6_s16_g04_r0,6,0
GOMAA-Geo,/root/src/compare_baselines_bundle_20260505_v2/compare_baselines_bundle/gomaa_geo_official/gomaa_geo/checkpoint/formal_ppo_seed42_t480k/formal_ppo.pt,swissviewmonuments,329,8,20,4,2,False,2,"[20, 21, 22, 23, 18, 13, 8, 3, 2, 3, 2]","[""right"", ""right"", ""right"", ""up"", ""up"", ""up"", ""up"", ""left"", ""right"", ""left""]","[1.0, 1.0, 1.0, 1.0, 1.0, 1.0, 1.0, -1.0, 1.0, -1.0]",10,img329_d8_s20_g04_r0,8,2
GOMAA-Geo,/root/src/compare_baselines_bundle_20260505_v2/compare_baselines_bundle/gomaa_geo_official/gomaa_geo/checkpoint/formal_ppo_seed42_t480k/formal_ppo.pt,swissviewmonuments,330,4,9,5,5,True,0,"[9, 14, 19, 18, 17, 16, 15, 10, 5]","[""down"", ""down"", ""left"", ""left"", ""left"", ""left"", ""up"", ""up""]","[-1.0, -1.0, 1.0, 1.0, 1.0, 1.0, 1.0, 1.0]",8,img330_d4_s09_g05_r0,4,4
GOMAA-Geo,/root/src/compare_baselines_bundle_20260505_v2/compare_baselines_bundle/gomaa_geo_official/gomaa_geo/checkpoint/formal_ppo_seed42_t480k/formal_ppo.pt,swissviewmonuments,330,6,19,5,5,True,0,"[19, 14, 9, 4, 3, 2, 1, 0, 5]","[""up"", ""up"", ""up"", ""left"", ""left"", ""left"", ""left"", ""down""]","[1.0, 1.0, -1.0, 1.0, 1.0, 1.0, 1.0, 1.0]",8,img330_d6_s19_g05_r0,6,2
GOMAA-Geo,/root/src/compare_baselines_bundle_20260505_v2/compare_baselines_bundle/gomaa_geo_official/gomaa_geo/checkpoint/formal_ppo_seed42_t480k/formal_ppo.pt,swissviewmonuments,331,4,22,6,6,True,0,"[22, 17, 16, 11, 6]","[""up"", ""left"", ""up"", ""up""]","[1.0, 1.0, 1.0, 1.0]",4,img331_d4_s22_g06_r0,4,0
GOMAA-Geo,/root/src/compare_baselines_bundle_20260505_v2/compare_baselines_bundle/gomaa_geo_official/gomaa_geo/checkpoint/formal_ppo_seed42_t480k/formal_ppo.pt,swissviewmonuments,331,6,24,6,10,False,2,"[24, 19, 14, 9, 4, 3, 2, 1, 0, 5, 10]","[""up"", ""up"", ""up"", ""up"", ""left"", ""left"", ""left"", ""left"", ""down"", ""down""]","[1.0, 1.0, 1.0, -1.0, 1.0, 1.0, 1.0, -1.0, 1.0, -1.0]",10,img331_d6_s24_g06_r0,6,4
GOMAA-Geo,/root/src/compare_baselines_bundle_20260505_v2/compare_baselines_bundle/gomaa_geo_official/gomaa_geo/checkpoint/formal_ppo_seed42_t480k/formal_ppo.pt,swissviewmonuments,332,4,23,7,5,False,2,"[23, 22, 21, 20, 15, 10, 5, 0, 1, 0, 5]","[""left"", ""left"", ""left"", ""up"", ""up"", ""up"", ""up"", ""right"", ""left"", ""down""]","[1.0, -1.0, -1.0, 1.0, 1.0, 1.0, -1.0, 1.0, -1.0, 1.0]",10,img332_d4_s23_g07_r0,4,6
GOMAA-Geo,/root/src/compare_baselines_bundle_20260505_v2/compare_baselines_bundle/gomaa_geo_official/gomaa_geo/checkpoint/formal_ppo_seed42_t480k/formal_ppo.pt,swissviewmonuments,333,4,10,8,24,False,4,"[10, 5, 0, 1, 2, 3, 4, 9, 14, 19, 24]","[""up"", ""up"", ""right"", ""right"", ""right"", ""right"", ""down"", ""down"", ""down"", ""down""]","[1.0, -1.0, 1.0, 1.0, 1.0, -1.0, 1.0, -1.0, -1.0, -1.0]",10,img333_d4_s10_g08_r0,4,6
GOMAA-Geo,/root/src/compare_baselines_bundle_20260505_v2/compare_baselines_bundle/gomaa_geo_official/gomaa_geo/checkpoint/formal_ppo_seed42_t480k/formal_ppo.pt,swissviewmonuments,333,6,20,8,14,False,2,"[20, 21, 22, 23, 24, 19, 14, 9, 4, 9, 14]","[""right"", ""right"", ""right"", ""right"", ""up"", ""up"", ""up"", ""up"", ""down"", ""down""]","[1.0, 1.0, 1.0, -1.0, 1.0, 1.0, 1.0, -1.0, 1.0, -1.0]",10,img333_d6_s20_g08_r0,6,4
GOMAA-Geo,/root/src/compare_baselines_bundle_20260505_v2/compare_baselines_bundle/gomaa_geo_official/gomaa_geo/checkpoint/formal_ppo_seed42_t480k/formal_ppo.pt,swissviewmonuments,334,4,17,9,5,False,4,"[17, 16, 11, 6, 1, 0, 5, 0, 5, 0, 5]","[""left"", ""up"", ""up"", ""up"", ""left"", ""down"", ""up"", ""down"", ""up"", ""down""]","[-1.0, 1.0, 1.0, -1.0, -1.0, 1.0, -1.0, 1.0, -1.0, 1.0]",10,img334_d4_s17_g09_r0,4,6
GOMAA-Geo,/root/src/compare_baselines_bundle_20260505_v2/compare_baselines_bundle/gomaa_geo_official/gomaa_geo/checkpoint/formal_ppo_seed42_t480k/formal_ppo.pt,swissviewmonuments,334,6,21,9,9,True,0,"[21, 22, 23, 24, 19, 14, 9]","[""right"", ""right"", ""right"", ""up"", ""up"", ""up""]","[1.0, 1.0, 1.0, 1.0, 1.0, 1.0]",6,img334_d6_s21_g09_r0,6,0
GOMAA-Geo,/root/src/compare_baselines_bundle_20260505_v2/compare_baselines_bundle/gomaa_geo_official/gomaa_geo/checkpoint/formal_ppo_seed42_t480k/formal_ppo.pt,swissviewmonuments,335,4,18,10,0,False,2,"[18, 13, 8, 7, 6, 5, 0, 5, 0, 5, 0]","[""up"", ""up"", ""left"", ""left"", ""left"", ""up"", ""down"", ""up"", ""down"", ""up""]","[1.0, -1.0, 1.0, 1.0, 1.0, -1.0, 1.0, -1.0, 1.0, -1.0]",10,img335_d4_s18_g10_r0,4,6
GOMAA-Geo,/root/src/compare_baselines_bundle_20260505_v2/compare_baselines_bundle/gomaa_geo_official/gomaa_geo/checkpoint/formal_ppo_seed42_t480k/formal_ppo.pt,swissviewmonuments,335,6,24,10,10,True,0,"[24, 23, 22, 21, 20, 15, 10]","[""left"", ""left"", ""left"", ""left"", ""up"", ""up""]","[1.0, 1.0, 1.0, 1.0, 1.0, 1.0]",6,img335_d6_s24_g10_r0,6,0
GOMAA-Geo,/root/src/compare_baselines_bundle_20260505_v2/compare_baselines_bundle/gomaa_geo_official/gomaa_geo/checkpoint/formal_ppo_seed42_t480k/formal_ppo.pt,swissviewmonuments,336,4,9,11,5,False,2,"[9, 4, 3, 2, 1, 0, 5, 10, 5, 10, 5]","[""up"", ""left"", ""left"", ""left"", ""left"", ""down"", ""down"", ""up"", ""down"", ""up""]","[-1.0, 1.0, 1.0, 1.0, -1.0, 1.0, 1.0, -1.0, 1.0, -1.0]",10,img336_d4_s09_g11_r0,4,6
GOMAA-Geo,/root/src/compare_baselines_bundle_20260505_v2/compare_baselines_bundle/gomaa_geo_official/gomaa_geo/checkpoint/formal_ppo_seed42_t480k/formal_ppo.pt,swissviewmonuments,337,4,0,12,24,False,4,"[0, 1, 6, 7, 8, 13, 18, 23, 24, 23, 24]","[""right"", ""down"", ""right"", ""right"", ""down"", ""down"", ""down"", ""right"", ""left"", ""right""]","[1.0, 1.0, 1.0, -1.0, 1.0, -1.0, -1.0, -1.0, 1.0, -1.0]",10,img337_d4_s00_g12_r0,4,6
GOMAA-Geo,/root/src/compare_baselines_bundle_20260505_v2/compare_baselines_bundle/gomaa_geo_official/gomaa_geo/checkpoint/formal_ppo_seed42_t480k/formal_ppo.pt,swissviewmonuments,338,4,1,13,13,True,0,"[1, 2, 3, 8, 13]","[""right"", ""right"", ""down"", ""down""]","[1.0, 1.0, 1.0, 1.0]",4,img338_d4_s01_g13_r0,4,0
GOMAA-Geo,/root/src/compare_baselines_bundle_20260505_v2/compare_baselines_bundle/gomaa_geo_official/gomaa_geo/checkpoint/formal_ppo_seed42_t480k/formal_ppo.pt,swissviewmonuments,339,4,6,14,24,False,2,"[6, 5, 10, 15, 20, 21, 22, 23, 24, 19, 24]","[""left"", ""down"", ""down"", ""down"", ""right"", ""right"", ""right"", ""right"", ""up"", ""down""]","[-1.0, 1.0, -1.0, -1.0, 1.0, 1.0, 1.0, 1.0, 1.0, -1.0]",10,img339_d4_s06_g14_r0,4,6
GOMAA-Geo,/root/src/compare_baselines_bundle_20260505_v2/compare_baselines_bundle/gomaa_geo_official/gomaa_geo/checkpoint/formal_ppo_seed42_t480k/formal_ppo.pt,swissviewmonuments,339,6,0,14,18,False,2,"[0, 5, 10, 15, 16, 17, 18, 17, 18, 17, 18]","[""down"", ""down"", ""down"", ""right"", ""right"", ""right"", ""left"", ""right"", ""left"", ""right""]","[1.0, 1.0, -1.0, 1.0, 1.0, 1.0, -1.0, 1.0, -1.0, 1.0]",10,img339_d6_s00_g14_r0,6,4
GOMAA-Geo,/root/src/compare_baselines_bundle_20260505_v2/compare_baselines_bundle/gomaa_geo_official/gomaa_geo/checkpoint/formal_ppo_seed42_t480k/formal_ppo.pt,swissviewmonuments,340,4,13,15,5,False,2,"[13, 8, 7, 6, 1, 0, 5, 10, 5, 10, 5]","[""up"", ""left"", ""left"", ""up"", ""left"", ""down"", ""down"", ""up"", ""down"", ""up""]","[-1.0, 1.0, 1.0, -1.0, 1.0, 1.0, 1.0, -1.0, 1.0, -1.0]",10,img340_d4_s13_g15_r0,4,6
GOMAA-Geo,/root/src/compare_baselines_bundle_20260505_v2/compare_baselines_bundle/gomaa_geo_official/gomaa_geo/checkpoint/formal_ppo_seed42_t480k/formal_ppo.pt,swissviewmonuments,340,6,9,15,15,True,0,"[9, 14, 19, 18, 17, 16, 15]","[""down"", ""down"", ""left"", ""left"", ""left"", ""left""]","[1.0, 1.0, 1.0, 1.0, 1.0, 1.0]",6,img340_d6_s09_g15_r0,6,0
GOMAA-Geo,/root/src/compare_baselines_bundle_20260505_v2/compare_baselines_bundle/gomaa_geo_official/gomaa_geo/checkpoint/formal_ppo_seed42_t480k/formal_ppo.pt,swissviewmonuments,341,4,14,16,0,False,4,"[14, 9, 4, 3, 2, 1, 0, 5, 0, 5, 0]","[""up"", ""up"", ""left"", ""left"", ""left"", ""left"", ""down"", ""up"", ""down"", ""up""]","[-1.0, -1.0, 1.0, 1.0, 1.0, -1.0, 1.0, -1.0, 1.0, -1.0]",10,img341_d4_s14_g16_r0,4,6
GOMAA-Geo,/root/src/compare_baselines_bundle_20260505_v2/compare_baselines_bundle/gomaa_geo_official/gomaa_geo/checkpoint/formal_ppo_seed42_t480k/formal_ppo.pt,swissviewmonuments,341,6,4,16,16,True,0,"[4, 9, 14, 13, 12, 11, 16]","[""down"", ""down"", ""left"", ""left"", ""left"", ""down""]","[1.0, 1.0, 1.0, 1.0, 1.0, 1.0]",6,img341_d6_s04_g16_r0,6,0
GOMAA-Geo,/root/src/compare_baselines_bundle_20260505_v2/compare_baselines_bundle/gomaa_geo_official/gomaa_geo/checkpoint/formal_ppo_seed42_t480k/formal_ppo.pt,swissviewmonuments,342,4,1,17,17,True,0,"[1, 2, 3, 8, 13, 18, 17]","[""right"", ""right"", ""down"", ""down"", ""down"", ""left""]","[1.0, -1.0, 1.0, 1.0, 1.0, 1.0]",6,img342_d4_s01_g17_r0,4,2
GOMAA-Geo,/root/src/compare_baselines_bundle_20260505_v2/compare_baselines_bundle/gomaa_geo_official/gomaa_geo/checkpoint/formal_ppo_seed42_t480k/formal_ppo.pt,swissviewmonuments,343,4,2,18,24,False,2,"[2, 1, 6, 11, 16, 21, 20, 21, 22, 23, 24]","[""left"", ""down"", ""down"", ""down"", ""down"", ""left"", ""right"", ""right"", ""right"", ""right""]","[-1.0, 1.0, 1.0, 1.0, -1.0, -1.0, 1.0, 1.0, 1.0, -1.0]",10,img343_d4_s02_g18_r0,4,6
GOMAA-Geo,/root/src/compare_baselines_bundle_20260505_v2/compare_baselines_bundle/gomaa_geo_official/gomaa_geo/checkpoint/formal_ppo_seed42_t480k/formal_ppo.pt,swissviewmonuments,343,6,0,18,18,True,0,"[0, 1, 6, 11, 16, 17, 18]","[""right"", ""down"", ""down"", ""down"", ""right"", ""right""]","[1.0, 1.0, 1.0, 1.0, 1.0, 1.0]",6,img343_d6_s00_g18_r0,6,0
GOMAA-Geo,/root/src/compare_baselines_bundle_20260505_v2/compare_baselines_bundle/gomaa_geo_official/gomaa_geo/checkpoint/formal_ppo_seed42_t480k/formal_ppo.pt,swissviewmonuments,344,4,3,19,5,False,6,"[3, 2, 1, 6, 11, 16, 21, 20, 15, 10, 5]","[""left"", ""left"", ""down"", ""down"", ""down"", ""down"", ""left"", ""up"", ""up"", ""up""]","[-1.0, -1.0, 1.0, 1.0, 1.0, -1.0, -1.0, 1.0, -1.0, -1.0]",10,img344_d4_s03_g19_r0,4,6
GOMAA-Geo,/root/src/compare_baselines_bundle_20260505_v2/compare_baselines_bundle/gomaa_geo_official/gomaa_geo/checkpoint/formal_ppo_seed42_t480k/formal_ppo.pt,swissviewmonuments,344,6,1,19,23,False,2,"[1, 2, 3, 8, 13, 18, 23, 24, 23, 24, 23]","[""right"", ""right"", ""down"", ""down"", ""down"", ""down"", ""right"", ""left"", ""right"", ""left""]","[1.0, 1.0, 1.0, 1.0, 1.0, -1.0, 1.0, -1.0, 1.0, -1.0]",10,img344_d6_s01_g19_r0,6,4
GOMAA-Geo,/root/src/compare_baselines_bundle_20260505_v2/compare_baselines_bundle/gomaa_geo_official/gomaa_geo/checkpoint/formal_ppo_seed42_t480k/formal_ppo.pt,swissviewmonuments,345,4,12,20,4,False,8,"[12, 7, 6, 11, 10, 5, 0, 1, 2, 3, 4]","[""up"", ""left"", ""down"", ""left"", ""up"", ""up"", ""right"", ""right"", ""right"", ""right""]","[-1.0, 1.0, 1.0, 1.0, -1.0, -1.0, -1.0, -1.0, -1.0, -1.0]",10,img345_d4_s12_g20_r0,4,6
GOMAA-Geo,/root/src/compare_baselines_bundle_20260505_v2/compare_baselines_bundle/gomaa_geo_official/gomaa_geo/checkpoint/formal_ppo_seed42_t480k/formal_ppo.pt,swissviewmonuments,345,6,14,20,0,False,4,"[14, 13, 12, 7, 6, 11, 6, 11, 10, 5, 0]","[""left"", ""left"", ""up"", ""left"", ""down"", ""up"", ""down"", ""left"", ""up"", ""up""]","[1.0, 1.0, -1.0, 1.0, 1.0, -1.0, 1.0, 1.0, -1.0, -1.0]",10,img345_d6_s14_g20_r0,6,4
GOMAA-Geo,/root/src/compare_baselines_bundle_20260505_v2/compare_baselines_bundle/gomaa_geo_official/gomaa_geo/checkpoint/formal_ppo_seed42_t480k/formal_ppo.pt,swissviewmonuments,345,8,4,20,10,False,2,"[4, 3, 2, 1, 0, 5, 10, 5, 10, 5, 10]","[""left"", ""left"", ""left"", ""left"", ""down"", ""down"", ""up"", ""down"", ""up"", ""down""]","[1.0, 1.0, 1.0, 1.0, 1.0, 1.0, -1.0, 1.0, -1.0, 1.0]",10,img345_d8_s04_g20_r0,8,2
GOMAA-Geo,/root/src/compare_baselines_bundle_20260505_v2/compare_baselines_bundle/gomaa_geo_official/gomaa_geo/checkpoint/formal_ppo_seed42_t480k/formal_ppo.pt,swissviewmonuments,346,4,19,21,1,False,4,"[19, 18, 13, 8, 7, 6, 5, 0, 1, 0, 1]","[""left"", ""up"", ""up"", ""left"", ""left"", ""left"", ""up"", ""right"", ""left"", ""right""]","[1.0, -1.0, -1.0, 1.0, 1.0, -1.0, -1.0, 1.0, -1.0, 1.0]",10,img346_d4_s19_g21_r0,4,6
GOMAA-Geo,/root/src/compare_baselines_bundle_20260505_v2/compare_baselines_bundle/gomaa_geo_official/gomaa_geo/checkpoint/formal_ppo_seed42_t480k/formal_ppo.pt,swissviewmonuments,346,6,9,21,1,False,4,"[9, 14, 19, 18, 17, 16, 15, 10, 5, 0, 1]","[""down"", ""down"", ""left"", ""left"", ""left"", ""left"", ""up"", ""up"", ""up"", ""right""]","[1.0, 1.0, 1.0, 1.0, 1.0, -1.0, -1.0, -1.0, -1.0, 1.0]",10,img346_d6_s09_g21_r0,6,4
GOMAA-Geo,/root/src/compare_baselines_bundle_20260505_v2/compare_baselines_bundle/gomaa_geo_official/gomaa_geo/checkpoint/formal_ppo_seed42_t480k/formal_ppo.pt,swissviewmonuments,347,4,10,22,16,False,2,"[10, 5, 6, 7, 8, 13, 8, 13, 12, 11, 16]","[""up"", ""right"", ""right"", ""right"", ""down"", ""up"", ""down"", ""left"", ""left"", ""down""]","[-1.0, 1.0, 1.0, -1.0, 1.0, -1.0, 1.0, 1.0, -1.0, 1.0]",10,img347_d4_s10_g22_r0,4,6
GOMAA-Geo,/root/src/compare_baselines_bundle_20260505_v2/compare_baselines_bundle/gomaa_geo_official/gomaa_geo/checkpoint/formal_ppo_seed42_t480k/formal_ppo.pt,swissviewmonuments,347,6,4,22,20,False,2,"[4, 3, 2, 1, 6, 11, 16, 21, 20, 15, 20]","[""left"", ""left"", ""left"", ""down"", ""down"", ""down"", ""down"", ""left"", ""up"", ""down""]","[1.0, 1.0, -1.0, 1.0, 1.0, 1.0, 1.0, -1.0, -1.0, 1.0]",10,img347_d6_s04_g22_r0,6,4
GOMAA-Geo,/root/src/compare_baselines_bundle_20260505_v2/compare_baselines_bundle/gomaa_geo_official/gomaa_geo/checkpoint/formal_ppo_seed42_t480k/formal_ppo.pt,swissviewmonuments,348,4,15,23,9,False,4,"[15, 10, 5, 0, 1, 2, 3, 4, 3, 4, 9]","[""up"", ""up"", ""up"", ""right"", ""right"", ""right"", ""right"", ""left"", ""right"", ""down""]","[-1.0, -1.0, -1.0, 1.0, 1.0, 1.0, -1.0, 1.0, -1.0, 1.0]",10,img348_d4_s15_g23_r0,4,6
GOMAA-Geo,/root/src/compare_baselines_bundle_20260505_v2/compare_baselines_bundle/gomaa_geo_official/gomaa_geo/checkpoint/formal_ppo_seed42_t480k/formal_ppo.pt,swissviewmonuments,348,6,1,23,9,False,4,"[1, 2, 3, 4, 9, 14, 9, 14, 9, 14, 9]","[""right"", ""right"", ""right"", ""down"", ""down"", ""up"", ""down"", ""up"", ""down"", ""up""]","[1.0, 1.0, -1.0, 1.0, 1.0, -1.0, 1.0, -1.0, 1.0, -1.0]",10,img348_d6_s01_g23_r0,6,4
GOMAA-Geo,/root/src/compare_baselines_bundle_20260505_v2/compare_baselines_bundle/gomaa_geo_official/gomaa_geo/checkpoint/formal_ppo_seed42_t480k/formal_ppo.pt,swissviewmonuments,349,4,20,24,4,False,4,"[20, 15, 10, 5, 0, 1, 0, 1, 2, 3, 4]","[""up"", ""up"", ""up"", ""up"", ""right"", ""left"", ""right"", ""right"", ""right"", ""right""]","[-1.0, -1.0, -1.0, -1.0, 1.0, -1.0, 1.0, 1.0, 1.0, 1.0]",10,img349_d4_s20_g24_r0,4,6
GOMAA-Geo,/root/src/compare_baselines_bundle_20260505_v2/compare_baselines_bundle/gomaa_geo_official/gomaa_geo/checkpoint/formal_ppo_seed42_t480k/formal_ppo.pt,swissviewmonuments,349,6,2,24,22,False,2,"[2, 1, 6, 11, 16, 21, 22, 23, 22, 21, 22]","[""left"", ""down"", ""down"", ""down"", ""down"", ""right"", ""right"", ""left"", ""left"", ""right""]","[-1.0, 1.0, 1.0, 1.0, 1.0, 1.0, 1.0, -1.0, -1.0, 1.0]",10,img349_d6_s02_g24_r0,6,4
GOMAA-Geo,/root/src/compare_baselines_bundle_20260505_v2/compare_baselines_bundle/gomaa_geo_official/gomaa_geo/checkpoint/formal_ppo_seed42_t480k/formal_ppo.pt,swissviewmonuments,349,8,0,24,22,False,2,"[0, 5, 10, 15, 20, 21, 22, 21, 22, 23, 22]","[""down"", ""down"", ""down"", ""down"", ""right"", ""right"", ""left"", ""right"", ""right"", ""left""]","[1.0, 1.0, 1.0, 1.0, 1.0, 1.0, -1.0, 1.0, 1.0, -1.0]",10,img349_d8_s00_g24_r0,8,2
GOMAA-Geo,/root/src/compare_baselines_bundle_20260505_v2/compare_baselines_bundle/gomaa_geo_official/gomaa_geo/checkpoint/formal_ppo_seed42_t480k/formal_ppo.pt,swissviewmonuments,350,4,12,0,0,True,0,"[12, 7, 6, 1, 0]","[""up"", ""left"", ""up"", ""left""]","[1.0, 1.0, 1.0, 1.0]",4,img350_d4_s12_g00_r0,4,0
GOMAA-Geo,/root/src/compare_baselines_bundle_20260505_v2/compare_baselines_bundle/gomaa_geo_official/gomaa_geo/checkpoint/formal_ppo_seed42_t480k/formal_ppo.pt,swissviewmonuments,350,6,18,0,0,True,0,"[18, 13, 8, 7, 6, 5, 0]","[""up"", ""up"", ""left"", ""left"", ""left"", ""up""]","[1.0, 1.0, 1.0, 1.0, 1.0, 1.0]",6,img350_d6_s18_g00_r0,6,0
GOMAA-Geo,/root/src/compare_baselines_bundle_20260505_v2/compare_baselines_bundle/gomaa_geo_official/gomaa_geo/checkpoint/formal_ppo_seed42_t480k/formal_ppo.pt,swissviewmonuments,350,8,24,0,0,True,0,"[24, 23, 22, 21, 16, 11, 6, 1, 0]","[""left"", ""left"", ""left"", ""up"", ""up"", ""up"", ""up"", ""left""]","[1.0, 1.0, 1.0, 1.0, 1.0, 1.0, 1.0, 1.0]",8,img350_d8_s24_g00_r0,8,0
GOMAA-Geo,/root/src/compare_baselines_bundle_20260505_v2/compare_baselines_bundle/gomaa_geo_official/gomaa_geo/checkpoint/formal_ppo_seed42_t480k/formal_ppo.pt,swissviewmonuments,351,4,13,1,1,True,0,"[13, 8, 7, 6, 1]","[""up"", ""left"", ""left"", ""up""]","[1.0, 1.0, 1.0, 1.0]",4,img351_d4_s13_g01_r0,4,0
GOMAA-Geo,/root/src/compare_baselines_bundle_20260505_v2/compare_baselines_bundle/gomaa_geo_official/gomaa_geo/checkpoint/formal_ppo_seed42_t480k/formal_ppo.pt,swissviewmonuments,351,6,23,1,1,True,0,"[23, 22, 21, 16, 11, 6, 1]","[""left"", ""left"", ""up"", ""up"", ""up"", ""up""]","[1.0, 1.0, 1.0, 1.0, 1.0, 1.0]",6,img351_d6_s23_g01_r0,6,0
GOMAA-Geo,/root/src/compare_baselines_bundle_20260505_v2/compare_baselines_bundle/gomaa_geo_official/gomaa_geo/checkpoint/formal_ppo_seed42_t480k/formal_ppo.pt,swissviewmonuments,352,4,16,2,2,True,0,"[16, 11, 6, 1, 2]","[""up"", ""up"", ""up"", ""right""]","[1.0, 1.0, 1.0, 1.0]",4,img352_d4_s16_g02_r0,4,0
GOMAA-Geo,/root/src/compare_baselines_bundle_20260505_v2/compare_baselines_bundle/gomaa_geo_official/gomaa_geo/checkpoint/formal_ppo_seed42_t480k/formal_ppo.pt,swissviewmonuments,352,6,20,2,2,True,0,"[20, 15, 10, 5, 0, 1, 0, 1, 2]","[""up"", ""up"", ""up"", ""up"", ""right"", ""left"", ""right"", ""right""]","[1.0, 1.0, 1.0, 1.0, 1.0, -1.0, 1.0, 1.0]",8,img352_d6_s20_g02_r0,6,2
GOMAA-Geo,/root/src/compare_baselines_bundle_20260505_v2/compare_baselines_bundle/gomaa_geo_official/gomaa_geo/checkpoint/formal_ppo_seed42_t480k/formal_ppo.pt,swissviewmonuments,353,4,5,3,19,False,4,"[5, 6, 7, 8, 13, 18, 19, 24, 19, 24, 19]","[""right"", ""right"", ""right"", ""down"", ""down"", ""right"", ""down"", ""up"", ""down"", ""up""]","[1.0, 1.0, 1.0, -1.0, -1.0, -1.0, -1.0, 1.0, -1.0, 1.0]",10,img353_d4_s05_g03_r0,4,6
GOMAA-Geo,/root/src/compare_baselines_bundle_20260505_v2/compare_baselines_bundle/gomaa_geo_official/gomaa_geo/checkpoint/formal_ppo_seed42_t480k/formal_ppo.pt,swissviewmonuments,353,6,15,3,23,False,4,"[15, 10, 5, 6, 7, 8, 9, 14, 19, 24, 23]","[""up"", ""up"", ""right"", ""right"", ""right"", ""right"", ""down"", ""down"", ""down"", ""left""]","[1.0, 1.0, 1.0, 1.0, 1.0, -1.0, -1.0, -1.0, -1.0, 1.0]",10,img353_d6_s15_g03_r0,6,4
GOMAA-Geo,/root/src/compare_baselines_bundle_20260505_v2/compare_baselines_bundle/gomaa_geo_official/gomaa_geo/checkpoint/formal_ppo_seed42_t480k/formal_ppo.pt,swissviewmonuments,354,4,6,4,4,True,0,"[6, 11, 16, 17, 18, 19, 14, 9, 4]","[""down"", ""down"", ""right"", ""right"", ""right"", ""up"", ""up"", ""up""]","[-1.0, -1.0, 1.0, 1.0, 1.0, 1.0, 1.0, 1.0]",8,img354_d4_s06_g04_r0,4,4
GOMAA-Geo,/root/src/compare_baselines_bundle_20260505_v2/compare_baselines_bundle/gomaa_geo_official/gomaa_geo/checkpoint/formal_ppo_seed42_t480k/formal_ppo.pt,swissviewmonuments,354,6,10,4,4,True,0,"[10, 5, 0, 1, 2, 3, 4]","[""up"", ""up"", ""right"", ""right"", ""right"", ""right""]","[1.0, 1.0, 1.0, 1.0, 1.0, 1.0]",6,img354_d6_s10_g04_r0,6,0
GOMAA-Geo,/root/src/compare_baselines_bundle_20260505_v2/compare_baselines_bundle/gomaa_geo_official/gomaa_geo/checkpoint/formal_ppo_seed42_t480k/formal_ppo.pt,swissviewmonuments,354,8,20,4,4,True,0,"[20, 15, 10, 5, 0, 1, 2, 3, 4]","[""up"", ""up"", ""up"", ""up"", ""right"", ""right"", ""right"", ""right""]","[1.0, 1.0, 1.0, 1.0, 1.0, 1.0, 1.0, 1.0]",8,img354_d8_s20_g04_r0,8,0
GOMAA-Geo,/root/src/compare_baselines_bundle_20260505_v2/compare_baselines_bundle/gomaa_geo_official/gomaa_geo/checkpoint/formal_ppo_seed42_t480k/formal_ppo.pt,swissviewmonuments,355,4,13,5,5,True,0,"[13, 8, 7, 6, 1, 0, 1, 0, 5]","[""up"", ""left"", ""left"", ""up"", ""left"", ""right"", ""left"", ""down""]","[1.0, 1.0, 1.0, -1.0, 1.0, -1.0, 1.0, 1.0]",8,img355_d4_s13_g05_r0,4,4
GOMAA-Geo,/root/src/compare_baselines_bundle_20260505_v2/compare_baselines_bundle/gomaa_geo_official/gomaa_geo/checkpoint/formal_ppo_seed42_t480k/formal_ppo.pt,swissviewmonuments,355,6,23,5,1,False,2,"[23, 22, 21, 16, 11, 6, 1, 0, 1, 2, 1]","[""left"", ""left"", ""up"", ""up"", ""up"", ""up"", ""left"", ""right"", ""right"", ""left""]","[1.0, 1.0, 1.0, 1.0, 1.0, -1.0, 1.0, -1.0, -1.0, 1.0]",10,img355_d6_s23_g05_r0,6,4
GOMAA-Geo,/root/src/compare_baselines_bundle_20260505_v2/compare_baselines_bundle/gomaa_geo_official/gomaa_geo/checkpoint/formal_ppo_seed42_t480k/formal_ppo.pt,swissviewmonuments,356,4,22,6,6,True,0,"[22, 21, 16, 11, 6]","[""left"", ""up"", ""up"", ""up""]","[1.0, 1.0, 1.0, 1.0]",4,img356_d4_s22_g06_r0,4,0
GOMAA-Geo,/root/src/compare_baselines_bundle_20260505_v2/compare_baselines_bundle/gomaa_geo_official/gomaa_geo/checkpoint/formal_ppo_seed42_t480k/formal_ppo.pt,swissviewmonuments,356,6,24,6,6,True,0,"[24, 23, 18, 13, 8, 7, 6]","[""left"", ""up"", ""up"", ""up"", ""left"", ""left""]","[1.0, 1.0, 1.0, 1.0, 1.0, 1.0]",6,img356_d6_s24_g06_r0,6,0
GOMAA-Geo,/root/src/compare_baselines_bundle_20260505_v2/compare_baselines_bundle/gomaa_geo_official/gomaa_geo/checkpoint/formal_ppo_seed42_t480k/formal_ppo.pt,swissviewmonuments,357,4,15,7,3,False,2,"[15, 10, 5, 0, 1, 2, 3, 4, 3, 4, 3]","[""up"", ""up"", ""up"", ""right"", ""right"", ""right"", ""right"", ""left"", ""right"", ""left""]","[1.0, 1.0, -1.0, 1.0, 1.0, -1.0, -1.0, 1.0, -1.0, 1.0]",10,img357_d4_s15_g07_r0,4,6
GOMAA-Geo,/root/src/compare_baselines_bundle_20260505_v2/compare_baselines_bundle/gomaa_geo_official/gomaa_geo/checkpoint/formal_ppo_seed42_t480k/formal_ppo.pt,swissviewmonuments,358,4,16,8,4,False,2,"[16, 11, 6, 5, 0, 1, 2, 3, 4, 9, 4]","[""up"", ""up"", ""left"", ""up"", ""right"", ""right"", ""right"", ""right"", ""down"", ""up""]","[1.0, 1.0, -1.0, -1.0, 1.0, 1.0, 1.0, -1.0, 1.0, -1.0]",10,img358_d4_s16_g08_r0,4,6
GOMAA-Geo,/root/src/compare_baselines_bundle_20260505_v2/compare_baselines_bundle/gomaa_geo_official/gomaa_geo/checkpoint/formal_ppo_seed42_t480k/formal_ppo.pt,swissviewmonuments,358,6,20,8,4,False,2,"[20, 15, 10, 5, 0, 1, 2, 3, 4, 3, 4]","[""up"", ""up"", ""up"", ""up"", ""right"", ""right"", ""right"", ""right"", ""left"", ""right""]","[1.0, 1.0, 1.0, -1.0, 1.0, 1.0, 1.0, -1.0, 1.0, -1.0]",10,img358_d6_s20_g08_r0,6,4
GOMAA-Geo,/root/src/compare_baselines_bundle_20260505_v2/compare_baselines_bundle/gomaa_geo_official/gomaa_geo/checkpoint/formal_ppo_seed42_t480k/formal_ppo.pt,swissviewmonuments,359,4,23,9,1,False,4,"[23, 22, 21, 16, 11, 6, 5, 0, 1, 0, 1]","[""left"", ""left"", ""up"", ""up"", ""up"", ""left"", ""up"", ""right"", ""left"", ""right""]","[-1.0, -1.0, 1.0, 1.0, 1.0, -1.0, -1.0, 1.0, -1.0, 1.0]",10,img359_d4_s23_g09_r0,4,6
GOMAA-Geo,/root/src/compare_baselines_bundle_20260505_v2/compare_baselines_bundle/gomaa_geo_official/gomaa_geo/checkpoint/formal_ppo_seed42_t480k/formal_ppo.pt,swissviewmonuments,359,6,15,9,3,False,2,"[15, 10, 5, 0, 1, 2, 3, 4, 3, 2, 3]","[""up"", ""up"", ""up"", ""right"", ""right"", ""right"", ""right"", ""left"", ""left"", ""right""]","[1.0, 1.0, -1.0, 1.0, 1.0, 1.0, 1.0, -1.0, -1.0, 1.0]",10,img359_d6_s15_g09_r0,6,4
GOMAA-Geo,/root/src/compare_baselines_bundle_20260505_v2/compare_baselines_bundle/gomaa_geo_official/gomaa_geo/checkpoint/formal_ppo_seed42_t480k/formal_ppo.pt,swissviewmonuments,360,4,22,10,10,True,0,"[22, 21, 20, 15, 10]","[""left"", ""left"", ""up"", ""up""]","[1.0, 1.0, 1.0, 1.0]",4,img360_d4_s22_g10_r0,4,0
GOMAA-Geo,/root/src/compare_baselines_bundle_20260505_v2/compare_baselines_bundle/gomaa_geo_official/gomaa_geo/checkpoint/formal_ppo_seed42_t480k/formal_ppo.pt,swissviewmonuments,360,6,24,10,0,False,2,"[24, 19, 14, 9, 4, 3, 2, 1, 0, 1, 0]","[""up"", ""up"", ""up"", ""up"", ""left"", ""left"", ""left"", ""left"", ""right"", ""left""]","[1.0, 1.0, -1.0, -1.0, 1.0, 1.0, 1.0, 1.0, -1.0, 1.0]",10,img360_d6_s24_g10_r0,6,4
GOMAA-Geo,/root/src/compare_baselines_bundle_20260505_v2/compare_baselines_bundle/gomaa_geo_official/gomaa_geo/checkpoint/formal_ppo_seed42_t480k/formal_ppo.pt,swissviewmonuments,361,4,3,11,15,False,2,"[3, 2, 1, 0, 5, 10, 15, 10, 5, 10, 15]","[""left"", ""left"", ""left"", ""down"", ""down"", ""down"", ""up"", ""up"", ""down"", ""down""]","[1.0, 1.0, -1.0, 1.0, 1.0, -1.0, 1.0, -1.0, 1.0, -1.0]",10,img361_d4_s03_g11_r0,4,6
GOMAA-Geo,/root/src/compare_baselines_bundle_20260505_v2/compare_baselines_bundle/gomaa_geo_official/gomaa_geo/checkpoint/formal_ppo_seed42_t480k/formal_ppo.pt,swissviewmonuments,362,4,0,12,24,False,4,"[0, 1, 2, 3, 4, 9, 14, 19, 24, 19, 24]","[""right"", ""right"", ""right"", ""right"", ""down"", ""down"", ""down"", ""down"", ""up"", ""down""]","[1.0, 1.0, -1.0, -1.0, 1.0, 1.0, -1.0, -1.0, 1.0, -1.0]",10,img362_d4_s00_g12_r0,4,6
GOMAA-Geo,/root/src/compare_baselines_bundle_20260505_v2/compare_baselines_bundle/gomaa_geo_official/gomaa_geo/checkpoint/formal_ppo_seed42_t480k/formal_ppo.pt,swissviewmonuments,363,4,5,13,23,False,2,"[5, 10, 15, 20, 21, 22, 23, 24, 23, 24, 23]","[""down"", ""down"", ""down"", ""right"", ""right"", ""right"", ""right"", ""left"", ""right"", ""left""]","[1.0, -1.0, -1.0, 1.0, 1.0, 1.0, -1.0, 1.0, -1.0, 1.0]",10,img363_d4_s05_g13_r0,4,6
GOMAA-Geo,/root/src/compare_baselines_bundle_20260505_v2/compare_baselines_bundle/gomaa_geo_official/gomaa_geo/checkpoint/formal_ppo_seed42_t480k/formal_ppo.pt,swissviewmonuments,364,4,16,14,8,False,2,"[16, 11, 6, 7, 8, 13, 8, 13, 8, 7, 8]","[""up"", ""up"", ""right"", ""right"", ""down"", ""up"", ""down"", ""up"", ""left"", ""right""]","[1.0, -1.0, 1.0, 1.0, 1.0, -1.0, 1.0, -1.0, -1.0, 1.0]",10,img364_d4_s16_g14_r0,4,6
GOMAA-Geo,/root/src/compare_baselines_bundle_20260505_v2/compare_baselines_bundle/gomaa_geo_official/gomaa_geo/checkpoint/formal_ppo_seed42_t480k/formal_ppo.pt,swissviewmonuments,364,6,20,14,4,False,2,"[20, 15, 10, 5, 0, 1, 0, 1, 2, 3, 4]","[""up"", ""up"", ""up"", ""up"", ""right"", ""left"", ""right"", ""right"", ""right"", ""right""]","[1.0, 1.0, -1.0, -1.0, 1.0, -1.0, 1.0, 1.0, 1.0, 1.0]",10,img364_d6_s20_g14_r0,6,4
GOMAA-Geo,/root/src/compare_baselines_bundle_20260505_v2/compare_baselines_bundle/gomaa_geo_official/gomaa_geo/checkpoint/formal_ppo_seed42_t480k/formal_ppo.pt,swissviewmonuments,365,4,7,15,23,False,4,"[7, 6, 11, 16, 17, 18, 17, 16, 21, 22, 23]","[""left"", ""down"", ""down"", ""right"", ""right"", ""left"", ""left"", ""down"", ""right"", ""right""]","[1.0, 1.0, 1.0, -1.0, -1.0, 1.0, 1.0, -1.0, -1.0, -1.0]",10,img365_d4_s07_g15_r0,4,6
GOMAA-Geo,/root/src/compare_baselines_bundle_20260505_v2/compare_baselines_bundle/gomaa_geo_official/gomaa_geo/checkpoint/formal_ppo_seed42_t480k/formal_ppo.pt,swissviewmonuments,365,6,9,15,15,True,0,"[9, 4, 3, 2, 1, 0, 5, 10, 15]","[""up"", ""left"", ""left"", ""left"", ""left"", ""down"", ""down"", ""down""]","[-1.0, 1.0, 1.0, 1.0, 1.0, 1.0, 1.0, 1.0]",8,img365_d6_s09_g15_r0,6,2
GOMAA-Geo,/root/src/compare_baselines_bundle_20260505_v2/compare_baselines_bundle/gomaa_geo_official/gomaa_geo/checkpoint/formal_ppo_seed42_t480k/formal_ppo.pt,swissviewmonuments,366,4,14,16,20,False,2,"[14, 9, 4, 3, 2, 1, 0, 5, 10, 15, 20]","[""up"", ""up"", ""left"", ""left"", ""left"", ""left"", ""down"", ""down"", ""down"", ""down""]","[-1.0, -1.0, 1.0, 1.0, 1.0, -1.0, 1.0, 1.0, 1.0, -1.0]",10,img366_d4_s14_g16_r0,4,6
GOMAA-Geo,/root/src/compare_baselines_bundle_20260505_v2/compare_baselines_bundle/gomaa_geo_official/gomaa_geo/checkpoint/formal_ppo_seed42_t480k/formal_ppo.pt,swissviewmonuments,366,6,4,16,16,True,0,"[4, 3, 2, 1, 6, 11, 16]","[""left"", ""left"", ""left"", ""down"", ""down"", ""down""]","[1.0, 1.0, 1.0, 1.0, 1.0, 1.0]",6,img366_d6_s04_g16_r0,6,0
GOMAA-Geo,/root/src/compare_baselines_bundle_20260505_v2/compare_baselines_bundle/gomaa_geo_official/gomaa_geo/checkpoint/formal_ppo_seed42_t480k/formal_ppo.pt,swissviewmonuments,367,4,5,17,23,False,2,"[5, 0, 1, 2, 3, 4, 9, 14, 19, 24, 23]","[""up"", ""right"", ""right"", ""right"", ""right"", ""down"", ""down"", ""down"", ""down"", ""left""]","[-1.0, 1.0, 1.0, -1.0, -1.0, 1.0, 1.0, 1.0, -1.0, 1.0]",10,img367_d4_s05_g17_r0,4,6
GOMAA-Geo,/root/src/compare_baselines_bundle_20260505_v2/compare_baselines_bundle/gomaa_geo_official/gomaa_geo/checkpoint/formal_ppo_seed42_t480k/formal_ppo.pt,swissviewmonuments,368,4,10,18,4,False,4,"[10, 5, 0, 1, 2, 3, 4, 3, 4, 3, 4]","[""up"", ""up"", ""right"", ""right"", ""right"", ""right"", ""left"", ""right"", ""left"", ""right""]","[-1.0, -1.0, 1.0, 1.0, 1.0, -1.0, 1.0, -1.0, 1.0, -1.0]",10,img368_d4_s10_g18_r0,4,6
GOMAA-Geo,/root/src/compare_baselines_bundle_20260505_v2/compare_baselines_bundle/gomaa_geo_official/gomaa_geo/checkpoint/formal_ppo_seed42_t480k/formal_ppo.pt,swissviewmonuments,368,6,0,18,24,False,2,"[0, 1, 2, 3, 4, 9, 14, 19, 24, 19, 24]","[""right"", ""right"", ""right"", ""right"", ""down"", ""down"", ""down"", ""down"", ""up"", ""down""]","[1.0, 1.0, 1.0, -1.0, 1.0, 1.0, 1.0, -1.0, 1.0, -1.0]",10,img368_d6_s00_g18_r0,6,4
GOMAA-Geo,/root/src/compare_baselines_bundle_20260505_v2/compare_baselines_bundle/gomaa_geo_official/gomaa_geo/checkpoint/formal_ppo_seed42_t480k/formal_ppo.pt,swissviewmonuments,369,4,21,19,1,False,6,"[21, 22, 23, 18, 13, 8, 3, 2, 1, 2, 1]","[""right"", ""right"", ""up"", ""up"", ""up"", ""up"", ""left"", ""left"", ""right"", ""left""]","[1.0, 1.0, 1.0, -1.0, -1.0, -1.0, -1.0, -1.0, 1.0, -1.0]",10,img369_d4_s21_g19_r0,4,6
GOMAA-Geo,/root/src/compare_baselines_bundle_20260505_v2/compare_baselines_bundle/gomaa_geo_official/gomaa_geo/checkpoint/formal_ppo_seed42_t480k/formal_ppo.pt,swissviewmonuments,369,6,5,19,19,True,0,"[5, 0, 1, 2, 3, 4, 9, 14, 19]","[""up"", ""right"", ""right"", ""right"", ""right"", ""down"", ""down"", ""down""]","[-1.0, 1.0, 1.0, 1.0, 1.0, 1.0, 1.0, 1.0]",8,img369_d6_s05_g19_r0,6,2
GOMAA-Geo,/root/src/compare_baselines_bundle_20260505_v2/compare_baselines_bundle/gomaa_geo_official/gomaa_geo/checkpoint/formal_ppo_seed42_t480k/formal_ppo.pt,swissviewmonuments,370,4,12,20,18,False,4,"[12, 7, 6, 7, 8, 13, 18, 17, 18, 17, 18]","[""up"", ""left"", ""right"", ""right"", ""down"", ""down"", ""left"", ""right"", ""left"", ""right""]","[-1.0, 1.0, -1.0, -1.0, 1.0, 1.0, 1.0, -1.0, 1.0, -1.0]",10,img370_d4_s12_g20_r0,4,6
GOMAA-Geo,/root/src/compare_baselines_bundle_20260505_v2/compare_baselines_bundle/gomaa_geo_official/gomaa_geo/checkpoint/formal_ppo_seed42_t480k/formal_ppo.pt,swissviewmonuments,370,6,2,20,20,True,0,"[2, 1, 0, 5, 10, 15, 20]","[""left"", ""left"", ""down"", ""down"", ""down"", ""down""]","[1.0, 1.0, 1.0, 1.0, 1.0, 1.0]",6,img370_d6_s02_g20_r0,6,0
GOMAA-Geo,/root/src/compare_baselines_bundle_20260505_v2/compare_baselines_bundle/gomaa_geo_official/gomaa_geo/checkpoint/formal_ppo_seed42_t480k/formal_ppo.pt,swissviewmonuments,370,8,4,20,20,True,0,"[4, 3, 2, 1, 0, 5, 10, 15, 20]","[""left"", ""left"", ""left"", ""left"", ""down"", ""down"", ""down"", ""down""]","[1.0, 1.0, 1.0, 1.0, 1.0, 1.0, 1.0, 1.0]",8,img370_d8_s04_g20_r0,8,0
GOMAA-Geo,/root/src/compare_baselines_bundle_20260505_v2/compare_baselines_bundle/gomaa_geo_official/gomaa_geo/checkpoint/formal_ppo_seed42_t480k/formal_ppo.pt,swissviewmonuments,371,4,1,21,23,False,2,"[1, 2, 3, 4, 9, 14, 19, 24, 23, 22, 23]","[""right"", ""right"", ""right"", ""down"", ""down"", ""down"", ""down"", ""left"", ""left"", ""right""]","[-1.0, -1.0, -1.0, 1.0, 1.0, 1.0, 1.0, 1.0, 1.0, -1.0]",10,img371_d4_s01_g21_r0,4,6
GOMAA-Geo,/root/src/compare_baselines_bundle_20260505_v2/compare_baselines_bundle/gomaa_geo_official/gomaa_geo/checkpoint/formal_ppo_seed42_t480k/formal_ppo.pt,swissviewmonuments,371,6,3,21,21,True,0,"[3, 2, 1, 0, 5, 10, 15, 20, 21]","[""left"", ""left"", ""left"", ""down"", ""down"", ""down"", ""down"", ""right""]","[1.0, 1.0, -1.0, 1.0, 1.0, 1.0, 1.0, 1.0]",8,img371_d6_s03_g21_r0,6,2
GOMAA-Geo,/root/src/compare_baselines_bundle_20260505_v2/compare_baselines_bundle/gomaa_geo_official/gomaa_geo/checkpoint/formal_ppo_seed42_t480k/formal_ppo.pt,swissviewmonuments,372,4,2,22,22,True,0,"[2, 1, 0, 5, 10, 15, 20, 21, 20, 21, 22]","[""left"", ""left"", ""down"", ""down"", ""down"", ""down"", ""right"", ""left"", ""right"", ""right""]","[-1.0, -1.0, 1.0, 1.0, 1.0, 1.0, 1.0, -1.0, 1.0, 1.0]",10,img372_d4_s02_g22_r0,4,6
GOMAA-Geo,/root/src/compare_baselines_bundle_20260505_v2/compare_baselines_bundle/gomaa_geo_official/gomaa_geo/checkpoint/formal_ppo_seed42_t480k/formal_ppo.pt,swissviewmonuments,372,6,4,22,10,False,4,"[4, 3, 2, 1, 6, 11, 16, 15, 20, 15, 10]","[""left"", ""left"", ""left"", ""down"", ""down"", ""down"", ""left"", ""down"", ""up"", ""up""]","[1.0, 1.0, -1.0, 1.0, 1.0, 1.0, -1.0, 1.0, -1.0, -1.0]",10,img372_d6_s04_g22_r0,6,4
GOMAA-Geo,/root/src/compare_baselines_bundle_20260505_v2/compare_baselines_bundle/gomaa_geo_official/gomaa_geo/checkpoint/formal_ppo_seed42_t480k/formal_ppo.pt,swissviewmonuments,373,4,3,23,15,False,4,"[3, 2, 1, 0, 5, 10, 15, 10, 5, 10, 15]","[""left"", ""left"", ""left"", ""down"", ""down"", ""down"", ""up"", ""up"", ""down"", ""down""]","[-1.0, -1.0, -1.0, 1.0, 1.0, 1.0, -1.0, -1.0, 1.0, 1.0]",10,img373_d4_s03_g23_r0,4,6
GOMAA-Geo,/root/src/compare_baselines_bundle_20260505_v2/compare_baselines_bundle/gomaa_geo_official/gomaa_geo/checkpoint/formal_ppo_seed42_t480k/formal_ppo.pt,swissviewmonuments,373,6,5,23,23,True,0,"[5, 0, 1, 2, 3, 4, 9, 14, 19, 24, 23]","[""up"", ""right"", ""right"", ""right"", ""right"", ""down"", ""down"", ""down"", ""down"", ""left""]","[-1.0, 1.0, 1.0, 1.0, -1.0, 1.0, 1.0, 1.0, 1.0, 1.0]",10,img373_d6_s05_g23_r0,6,4
GOMAA-Geo,/root/src/compare_baselines_bundle_20260505_v2/compare_baselines_bundle/gomaa_geo_official/gomaa_geo/checkpoint/formal_ppo_seed42_t480k/formal_ppo.pt,swissviewmonuments,374,4,12,24,2,False,6,"[12, 7, 6, 1, 2, 1, 2, 1, 2, 1, 2]","[""up"", ""left"", ""up"", ""right"", ""left"", ""right"", ""left"", ""right"", ""left"", ""right""]","[-1.0, -1.0, -1.0, 1.0, -1.0, 1.0, -1.0, 1.0, -1.0, 1.0]",10,img374_d4_s12_g24_r0,4,6
GOMAA-Geo,/root/src/compare_baselines_bundle_20260505_v2/compare_baselines_bundle/gomaa_geo_official/gomaa_geo/checkpoint/formal_ppo_seed42_t480k/formal_ppo.pt,swissviewmonuments,374,6,6,24,24,True,0,"[6, 7, 8, 13, 18, 19, 24]","[""right"", ""right"", ""down"", ""down"", ""right"", ""down""]","[1.0, 1.0, 1.0, 1.0, 1.0, 1.0]",6,img374_d6_s06_g24_r0,6,0
GOMAA-Geo,/root/src/compare_baselines_bundle_20260505_v2/compare_baselines_bundle/gomaa_geo_official/gomaa_geo/checkpoint/formal_ppo_seed42_t480k/formal_ppo.pt,swissviewmonuments,374,8,0,24,24,True,0,"[0, 1, 2, 3, 4, 9, 14, 19, 24]","[""right"", ""right"", ""right"", ""right"", ""down"", ""down"", ""down"", ""down""]","[1.0, 1.0, 1.0, 1.0, 1.0, 1.0, 1.0, 1.0]",8,img374_d8_s00_g24_r0,8,0
GeoExplorer-pristine,/root/geoexplorer/results/checkpoint/algo_dualseed480k_20260427/masa_plus_mmgag_arena_pristine_a040_a0405_sine0405_dualseed480k/wave2_seed321_4gpu/pristine_seed321_t480k/geoexplorer.pt,swissviewmonuments,0,4,8,0,22,False,6,"[8, 7, 6, 5, 10, 15, 20, 21, 22, 21, 22]","[""left"", ""left"", ""left"", ""down"", ""down"", ""down"", ""right"", ""right"", ""left"", ""right""]","[1.0, 1.0, 1.0, -1.0, -1.0, -1.0, -1.0, -1.0, 1.0, -1.0]",10,img000_d4_s08_g00_r0,4,6
GeoExplorer-pristine,/root/geoexplorer/results/checkpoint/algo_dualseed480k_20260427/masa_plus_mmgag_arena_pristine_a040_a0405_sine0405_dualseed480k/wave2_seed321_4gpu/pristine_seed321_t480k/geoexplorer.pt,swissviewmonuments,0,6,14,0,0,True,0,"[14, 13, 12, 11, 10, 5, 0]","[""left"", ""left"", ""left"", ""left"", ""up"", ""up""]","[1.0, 1.0, 1.0, 1.0, 1.0, 1.0]",6,img000_d6_s14_g00_r0,6,0
GeoExplorer-pristine,/root/geoexplorer/results/checkpoint/algo_dualseed480k_20260427/masa_plus_mmgag_arena_pristine_a040_a0405_sine0405_dualseed480k/wave2_seed321_4gpu/pristine_seed321_t480k/geoexplorer.pt,swissviewmonuments,0,8,24,0,0,True,0,"[24, 19, 14, 9, 4, 3, 2, 1, 0]","[""up"", ""up"", ""up"", ""up"", ""left"", ""left"", ""left"", ""left""]","[1.0, 1.0, 1.0, 1.0, 1.0, 1.0, 1.0, 1.0]",8,img000_d8_s24_g00_r0,8,0
GeoExplorer-pristine,/root/geoexplorer/results/checkpoint/algo_dualseed480k_20260427/masa_plus_mmgag_arena_pristine_a040_a0405_sine0405_dualseed480k/wave2_seed321_4gpu/pristine_seed321_t480k/geoexplorer.pt,swissviewmonuments,1,4,21,1,9,False,4,"[21, 22, 23, 24, 19, 14, 9, 4, 9, 4, 9]","[""right"", ""right"", ""right"", ""up"", ""up"", ""up"", ""up"", ""down"", ""up"", ""down""]","[-1.0, -1.0, -1.0, 1.0, 1.0, 1.0, 1.0, -1.0, 1.0, -1.0]",10,img001_d4_s21_g01_r0,4,6
GeoExplorer-pristine,/root/geoexplorer/results/checkpoint/algo_dualseed480k_20260427/masa_plus_mmgag_arena_pristine_a040_a0405_sine0405_dualseed480k/wave2_seed321_4gpu/pristine_seed321_t480k/geoexplorer.pt,swissviewmonuments,1,6,19,1,1,True,0,"[19, 14, 9, 4, 3, 2, 1]","[""up"", ""up"", ""up"", ""left"", ""left"", ""left""]","[1.0, 1.0, 1.0, 1.0, 1.0, 1.0]",6,img001_d6_s19_g01_r0,6,0
GeoExplorer-pristine,/root/geoexplorer/results/checkpoint/algo_dualseed480k_20260427/masa_plus_mmgag_arena_pristine_a040_a0405_sine0405_dualseed480k/wave2_seed321_4gpu/pristine_seed321_t480k/geoexplorer.pt,swissviewmonuments,2,4,14,2,20,False,6,"[14, 13, 12, 11, 10, 15, 20, 21, 20, 21, 20]","[""left"", ""left"", ""left"", ""left"", ""down"", ""down"", ""right"", ""left"", ""right"", ""left""]","[1.0, 1.0, -1.0, -1.0, -1.0, -1.0, 1.0, -1.0, 1.0, -1.0]",10,img002_d4_s14_g02_r0,4,6
GeoExplorer-pristine,/root/geoexplorer/results/checkpoint/algo_dualseed480k_20260427/masa_plus_mmgag_arena_pristine_a040_a0405_sine0405_dualseed480k/wave2_seed321_4gpu/pristine_seed321_t480k/geoexplorer.pt,swissviewmonuments,2,6,20,2,14,False,4,"[20, 15, 10, 5, 6, 7, 8, 9, 14, 9, 14]","[""up"", ""up"", ""up"", ""right"", ""right"", ""right"", ""right"", ""down"", ""up"", ""down""]","[1.0, 1.0, 1.0, 1.0, 1.0, -1.0, -1.0, -1.0, 1.0, -1.0]",10,img002_d6_s20_g02_r0,6,4
GeoExplorer-pristine,/root/geoexplorer/results/checkpoint/algo_dualseed480k_20260427/masa_plus_mmgag_arena_pristine_a040_a0405_sine0405_dualseed480k/wave2_seed321_4gpu/pristine_seed321_t480k/geoexplorer.pt,swissviewmonuments,3,4,23,3,3,True,0,"[23, 22, 21, 16, 11, 6, 1, 2, 3]","[""left"", ""left"", ""up"", ""up"", ""up"", ""up"", ""right"", ""right""]","[-1.0, -1.0, 1.0, 1.0, 1.0, 1.0, 1.0, 1.0]",8,img003_d4_s23_g03_r0,4,4
GeoExplorer-pristine,/root/geoexplorer/results/checkpoint/algo_dualseed480k_20260427/masa_plus_mmgag_arena_pristine_a040_a0405_sine0405_dualseed480k/wave2_seed321_4gpu/pristine_seed321_t480k/geoexplorer.pt,swissviewmonuments,3,6,21,3,3,True,0,"[21, 22, 23, 18, 13, 8, 7, 6, 1, 2, 3]","[""right"", ""right"", ""up"", ""up"", ""up"", ""left"", ""left"", ""up"", ""right"", ""right""]","[1.0, 1.0, 1.0, 1.0, 1.0, -1.0, -1.0, 1.0, 1.0, 1.0]",10,img003_d6_s21_g03_r0,6,4
GeoExplorer-pristine,/root/geoexplorer/results/checkpoint/algo_dualseed480k_20260427/masa_plus_mmgag_arena_pristine_a040_a0405_sine0405_dualseed480k/wave2_seed321_4gpu/pristine_seed321_t480k/geoexplorer.pt,swissviewmonuments,4,4,6,4,24,False,4,"[6, 7, 8, 13, 18, 23, 24, 19, 24, 19, 24]","[""right"", ""right"", ""down"", ""down"", ""down"", ""right"", ""up"", ""down"", ""up"", ""down""]","[1.0, 1.0, -1.0, -1.0, -1.0, 1.0, 1.0, -1.0, 1.0, -1.0]",10,img004_d4_s06_g04_r0,4,6
GeoExplorer-pristine,/root/geoexplorer/results/checkpoint/algo_dualseed480k_20260427/masa_plus_mmgag_arena_pristine_a040_a0405_sine0405_dualseed480k/wave2_seed321_4gpu/pristine_seed321_t480k/geoexplorer.pt,swissviewmonuments,4,6,10,4,6,False,4,"[10, 11, 12, 13, 18, 13, 18, 13, 12, 11, 6]","[""right"", ""right"", ""right"", ""down"", ""up"", ""down"", ""up"", ""left"", ""left"", ""up""]","[1.0, 1.0, 1.0, -1.0, 1.0, -1.0, 1.0, -1.0, -1.0, 1.0]",10,img004_d6_s10_g04_r0,6,4
GeoExplorer-pristine,/root/geoexplorer/results/checkpoint/algo_dualseed480k_20260427/masa_plus_mmgag_arena_pristine_a040_a0405_sine0405_dualseed480k/wave2_seed321_4gpu/pristine_seed321_t480k/geoexplorer.pt,swissviewmonuments,4,8,20,4,2,False,2,"[20, 15, 10, 5, 0, 1, 2, 1, 2, 1, 2]","[""up"", ""up"", ""up"", ""up"", ""right"", ""right"", ""left"", ""right"", ""left"", ""right""]","[1.0, 1.0, 1.0, 1.0, 1.0, 1.0, -1.0, 1.0, -1.0, 1.0]",10,img004_d8_s20_g04_r0,8,2
GeoExplorer-pristine,/root/geoexplorer/results/checkpoint/algo_dualseed480k_20260427/masa_plus_mmgag_arena_pristine_a040_a0405_sine0405_dualseed480k/wave2_seed321_4gpu/pristine_seed321_t480k/geoexplorer.pt,swissviewmonuments,5,4,21,5,5,True,0,"[21, 22, 23, 18, 13, 8, 3, 2, 1, 0, 5]","[""right"", ""right"", ""up"", ""up"", ""up"", ""up"", ""left"", ""left"", ""left"", ""down""]","[-1.0, -1.0, 1.0, 1.0, 1.0, -1.0, 1.0, 1.0, 1.0, 1.0]",10,img005_d4_s21_g05_r0,4,6
GeoExplorer-pristine,/root/geoexplorer/results/checkpoint/algo_dualseed480k_20260427/masa_plus_mmgag_arena_pristine_a040_a0405_sine0405_dualseed480k/wave2_seed321_4gpu/pristine_seed321_t480k/geoexplorer.pt,swissviewmonuments,5,6,19,5,1,False,2,"[19, 14, 9, 4, 3, 2, 1, 0, 1, 2, 1]","[""up"", ""up"", ""up"", ""left"", ""left"", ""left"", ""left"", ""right"", ""right"", ""left""]","[1.0, 1.0, -1.0, 1.0, 1.0, 1.0, 1.0, -1.0, -1.0, 1.0]",10,img005_d6_s19_g05_r0,6,4
GeoExplorer-pristine,/root/geoexplorer/results/checkpoint/algo_dualseed480k_20260427/masa_plus_mmgag_arena_pristine_a040_a0405_sine0405_dualseed480k/wave2_seed321_4gpu/pristine_seed321_t480k/geoexplorer.pt,swissviewmonuments,6,4,20,6,4,False,4,"[20, 21, 22, 23, 24, 19, 14, 9, 4, 9, 4]","[""right"", ""right"", ""right"", ""right"", ""up"", ""up"", ""up"", ""up"", ""down"", ""up""]","[1.0, -1.0, -1.0, -1.0, 1.0, 1.0, 1.0, -1.0, 1.0, -1.0]",10,img006_d4_s20_g06_r0,4,6
GeoExplorer-pristine,/root/geoexplorer/results/checkpoint/algo_dualseed480k_20260427/masa_plus_mmgag_arena_pristine_a040_a0405_sine0405_dualseed480k/wave2_seed321_4gpu/pristine_seed321_t480k/geoexplorer.pt,swissviewmonuments,6,6,24,6,2,False,2,"[24, 19, 14, 9, 4, 3, 2, 1, 2, 1, 2]","[""up"", ""up"", ""up"", ""up"", ""left"", ""left"", ""left"", ""right"", ""left"", ""right""]","[1.0, 1.0, 1.0, -1.0, 1.0, 1.0, 1.0, -1.0, 1.0, -1.0]",10,img006_d6_s24_g06_r0,6,4
GeoExplorer-pristine,/root/geoexplorer/results/checkpoint/algo_dualseed480k_20260427/masa_plus_mmgag_arena_pristine_a040_a0405_sine0405_dualseed480k/wave2_seed321_4gpu/pristine_seed321_t480k/geoexplorer.pt,swissviewmonuments,7,4,19,7,7,True,0,"[19, 14, 9, 8, 7]","[""up"", ""up"", ""left"", ""left""]","[1.0, 1.0, 1.0, 1.0]",4,img007_d4_s19_g07_r0,4,0
GeoExplorer-pristine,/root/geoexplorer/results/checkpoint/algo_dualseed480k_20260427/masa_plus_mmgag_arena_pristine_a040_a0405_sine0405_dualseed480k/wave2_seed321_4gpu/pristine_seed321_t480k/geoexplorer.pt,swissviewmonuments,8,4,24,8,2,False,2,"[24, 19, 14, 9, 4, 3, 2, 1, 2, 1, 2]","[""up"", ""up"", ""up"", ""up"", ""left"", ""left"", ""left"", ""right"", ""left"", ""right""]","[1.0, 1.0, 1.0, -1.0, 1.0, -1.0, -1.0, 1.0, -1.0, 1.0]",10,img008_d4_s24_g08_r0,4,6
GeoExplorer-pristine,/root/geoexplorer/results/checkpoint/algo_dualseed480k_20260427/masa_plus_mmgag_arena_pristine_a040_a0405_sine0405_dualseed480k/wave2_seed321_4gpu/pristine_seed321_t480k/geoexplorer.pt,swissviewmonuments,8,6,20,8,2,False,2,"[20, 15, 10, 5, 0, 1, 2, 1, 2, 1, 2]","[""up"", ""up"", ""up"", ""up"", ""right"", ""right"", ""left"", ""right"", ""left"", ""right""]","[1.0, 1.0, 1.0, -1.0, 1.0, 1.0, -1.0, 1.0, -1.0, 1.0]",10,img008_d6_s20_g08_r0,6,4
GeoExplorer-pristine,/root/geoexplorer/results/checkpoint/algo_dualseed480k_20260427/masa_plus_mmgag_arena_pristine_a040_a0405_sine0405_dualseed480k/wave2_seed321_4gpu/pristine_seed321_t480k/geoexplorer.pt,swissviewmonuments,9,4,23,9,5,False,4,"[23, 18, 13, 8, 7, 6, 5, 0, 5, 0, 5]","[""up"", ""up"", ""up"", ""left"", ""left"", ""left"", ""up"", ""down"", ""up"", ""down""]","[1.0, 1.0, 1.0, -1.0, -1.0, -1.0, -1.0, 1.0, -1.0, 1.0]",10,img009_d4_s23_g09_r0,4,6
GeoExplorer-pristine,/root/geoexplorer/results/checkpoint/algo_dualseed480k_20260427/masa_plus_mmgag_arena_pristine_a040_a0405_sine0405_dualseed480k/wave2_seed321_4gpu/pristine_seed321_t480k/geoexplorer.pt,swissviewmonuments,9,6,15,9,1,False,4,"[15, 10, 5, 0, 1, 2, 3, 2, 3, 2, 1]","[""up"", ""up"", ""up"", ""right"", ""right"", ""right"", ""left"", ""right"", ""left"", ""left""]","[1.0, 1.0, -1.0, 1.0, 1.0, 1.0, -1.0, 1.0, -1.0, -1.0]",10,img009_d6_s15_g09_r0,6,4
GeoExplorer-pristine,/root/geoexplorer/results/checkpoint/algo_dualseed480k_20260427/masa_plus_mmgag_arena_pristine_a040_a0405_sine0405_dualseed480k/wave2_seed321_4gpu/pristine_seed321_t480k/geoexplorer.pt,swissviewmonuments,10,4,18,10,2,False,4,"[18, 13, 8, 7, 6, 5, 0, 1, 2, 1, 2]","[""up"", ""up"", ""left"", ""left"", ""left"", ""up"", ""right"", ""right"", ""left"", ""right""]","[1.0, -1.0, 1.0, 1.0, 1.0, -1.0, -1.0, -1.0, 1.0, -1.0]",10,img010_d4_s18_g10_r0,4,6
GeoExplorer-pristine,/root/geoexplorer/results/checkpoint/algo_dualseed480k_20260427/masa_plus_mmgag_arena_pristine_a040_a0405_sine0405_dualseed480k/wave2_seed321_4gpu/pristine_seed321_t480k/geoexplorer.pt,swissviewmonuments,10,6,24,10,2,False,4,"[24, 19, 14, 9, 4, 3, 2, 1, 0, 1, 2]","[""up"", ""up"", ""up"", ""up"", ""left"", ""left"", ""left"", ""left"", ""right"", ""right""]","[1.0, 1.0, -1.0, -1.0, 1.0, 1.0, 1.0, 1.0, -1.0, -1.0]",10,img010_d6_s24_g10_r0,6,4
GeoExplorer-pristine,/root/geoexplorer/results/checkpoint/algo_dualseed480k_20260427/masa_plus_mmgag_arena_pristine_a040_a0405_sine0405_dualseed480k/wave2_seed321_4gpu/pristine_seed321_t480k/geoexplorer.pt,swissviewmonuments,11,4,3,11,21,False,2,"[3, 2, 1, 0, 5, 10, 15, 20, 21, 22, 21]","[""left"", ""left"", ""left"", ""down"", ""down"", ""down"", ""down"", ""right"", ""right"", ""left""]","[1.0, 1.0, -1.0, 1.0, 1.0, -1.0, -1.0, 1.0, -1.0, 1.0]",10,img011_d4_s03_g11_r0,4,6
GeoExplorer-pristine,/root/geoexplorer/results/checkpoint/algo_dualseed480k_20260427/masa_plus_mmgag_arena_pristine_a040_a0405_sine0405_dualseed480k/wave2_seed321_4gpu/pristine_seed321_t480k/geoexplorer.pt,swissviewmonuments,12,4,4,12,10,False,2,"[4, 3, 2, 1, 6, 11, 16, 15, 10, 15, 10]","[""left"", ""left"", ""left"", ""down"", ""down"", ""down"", ""left"", ""up"", ""down"", ""up""]","[1.0, 1.0, -1.0, 1.0, 1.0, -1.0, -1.0, 1.0, -1.0, 1.0]",10,img012_d4_s04_g12_r0,4,6
GeoExplorer-pristine,/root/geoexplorer/results/checkpoint/algo_dualseed480k_20260427/masa_plus_mmgag_arena_pristine_a040_a0405_sine0405_dualseed480k/wave2_seed321_4gpu/pristine_seed321_t480k/geoexplorer.pt,swissviewmonuments,13,4,1,13,13,True,0,"[1, 2, 3, 8, 13]","[""right"", ""right"", ""down"", ""down""]","[1.0, 1.0, 1.0, 1.0]",4,img013_d4_s01_g13_r0,4,0
GeoExplorer-pristine,/root/geoexplorer/results/checkpoint/algo_dualseed480k_20260427/masa_plus_mmgag_arena_pristine_a040_a0405_sine0405_dualseed480k/wave2_seed321_4gpu/pristine_seed321_t480k/geoexplorer.pt,swissviewmonuments,14,4,10,14,6,False,4,"[10, 5, 6, 7, 8, 7, 6, 7, 6, 7, 6]","[""up"", ""right"", ""right"", ""right"", ""left"", ""left"", ""right"", ""left"", ""right"", ""left""]","[-1.0, 1.0, 1.0, 1.0, -1.0, -1.0, 1.0, -1.0, 1.0, -1.0]",10,img014_d4_s10_g14_r0,4,6
GeoExplorer-pristine,/root/geoexplorer/results/checkpoint/algo_dualseed480k_20260427/masa_plus_mmgag_arena_pristine_a040_a0405_sine0405_dualseed480k/wave2_seed321_4gpu/pristine_seed321_t480k/geoexplorer.pt,swissviewmonuments,14,6,0,14,22,False,4,"[0, 5, 10, 15, 20, 21, 22, 23, 22, 21, 22]","[""down"", ""down"", ""down"", ""down"", ""right"", ""right"", ""right"", ""left"", ""left"", ""right""]","[1.0, 1.0, -1.0, -1.0, 1.0, 1.0, 1.0, -1.0, -1.0, 1.0]",10,img014_d6_s00_g14_r0,6,4
GeoExplorer-pristine,/root/geoexplorer/results/checkpoint/algo_dualseed480k_20260427/masa_plus_mmgag_arena_pristine_a040_a0405_sine0405_dualseed480k/wave2_seed321_4gpu/pristine_seed321_t480k/geoexplorer.pt,swissviewmonuments,15,4,1,15,21,False,2,"[1, 2, 3, 8, 13, 18, 23, 22, 21, 22, 21]","[""right"", ""right"", ""down"", ""down"", ""down"", ""down"", ""left"", ""left"", ""right"", ""left""]","[-1.0, -1.0, 1.0, 1.0, 1.0, -1.0, 1.0, 1.0, -1.0, 1.0]",10,img015_d4_s01_g15_r0,4,6
GeoExplorer-pristine,/root/geoexplorer/results/checkpoint/algo_dualseed480k_20260427/masa_plus_mmgag_arena_pristine_a040_a0405_sine0405_dualseed480k/wave2_seed321_4gpu/pristine_seed321_t480k/geoexplorer.pt,swissviewmonuments,15,6,9,15,21,False,2,"[9, 8, 7, 6, 11, 16, 21, 22, 23, 22, 21]","[""left"", ""left"", ""left"", ""down"", ""down"", ""down"", ""right"", ""right"", ""left"", ""left""]","[1.0, 1.0, 1.0, 1.0, 1.0, -1.0, -1.0, -1.0, 1.0, 1.0]",10,img015_d6_s09_g15_r0,6,4
GeoExplorer-pristine,/root/geoexplorer/results/checkpoint/algo_dualseed480k_20260427/masa_plus_mmgag_arena_pristine_a040_a0405_sine0405_dualseed480k/wave2_seed321_4gpu/pristine_seed321_t480k/geoexplorer.pt,swissviewmonuments,16,4,14,16,2,False,4,"[14, 9, 4, 3, 2, 1, 0, 5, 0, 1, 2]","[""up"", ""up"", ""left"", ""left"", ""left"", ""left"", ""down"", ""up"", ""right"", ""right""]","[-1.0, -1.0, 1.0, 1.0, 1.0, -1.0, 1.0, -1.0, 1.0, -1.0]",10,img016_d4_s14_g16_r0,4,6
GeoExplorer-pristine,/root/geoexplorer/results/checkpoint/algo_dualseed480k_20260427/masa_plus_mmgag_arena_pristine_a040_a0405_sine0405_dualseed480k/wave2_seed321_4gpu/pristine_seed321_t480k/geoexplorer.pt,swissviewmonuments,16,6,4,16,22,False,2,"[4, 3, 2, 1, 0, 5, 10, 15, 20, 21, 22]","[""left"", ""left"", ""left"", ""left"", ""down"", ""down"", ""down"", ""down"", ""right"", ""right""]","[1.0, 1.0, 1.0, -1.0, 1.0, 1.0, 1.0, -1.0, 1.0, -1.0]",10,img016_d6_s04_g16_r0,6,4
GeoExplorer-pristine,/root/geoexplorer/results/checkpoint/algo_dualseed480k_20260427/masa_plus_mmgag_arena_pristine_a040_a0405_sine0405_dualseed480k/wave2_seed321_4gpu/pristine_seed321_t480k/geoexplorer.pt,swissviewmonuments,17,4,9,17,21,False,2,"[9, 14, 19, 24, 23, 22, 21, 20, 21, 22, 21]","[""down"", ""down"", ""down"", ""left"", ""left"", ""left"", ""left"", ""right"", ""right"", ""left""]","[1.0, 1.0, -1.0, 1.0, 1.0, -1.0, -1.0, 1.0, 1.0, -1.0]",10,img017_d4_s09_g17_r0,4,6
GeoExplorer-pristine,/root/geoexplorer/results/checkpoint/algo_dualseed480k_20260427/masa_plus_mmgag_arena_pristine_a040_a0405_sine0405_dualseed480k/wave2_seed321_4gpu/pristine_seed321_t480k/geoexplorer.pt,swissviewmonuments,18,4,6,18,22,False,2,"[6, 7, 8, 9, 14, 19, 24, 19, 24, 23, 22]","[""right"", ""right"", ""right"", ""down"", ""down"", ""down"", ""up"", ""down"", ""left"", ""left""]","[1.0, 1.0, -1.0, 1.0, 1.0, -1.0, 1.0, -1.0, 1.0, -1.0]",10,img018_d4_s06_g18_r0,4,6
GeoExplorer-pristine,/root/geoexplorer/results/checkpoint/algo_dualseed480k_20260427/masa_plus_mmgag_arena_pristine_a040_a0405_sine0405_dualseed480k/wave2_seed321_4gpu/pristine_seed321_t480k/geoexplorer.pt,swissviewmonuments,18,6,0,18,16,False,2,"[0, 1, 2, 3, 8, 3, 8, 7, 6, 11, 16]","[""right"", ""right"", ""right"", ""down"", ""up"", ""down"", ""left"", ""left"", ""down"", ""down""]","[1.0, 1.0, 1.0, 1.0, -1.0, 1.0, -1.0, -1.0, 1.0, 1.0]",10,img018_d6_s00_g18_r0,6,4
GeoExplorer-pristine,/root/geoexplorer/results/checkpoint/algo_dualseed480k_20260427/masa_plus_mmgag_arena_pristine_a040_a0405_sine0405_dualseed480k/wave2_seed321_4gpu/pristine_seed321_t480k/geoexplorer.pt,swissviewmonuments,19,4,3,19,21,False,4,"[3, 2, 1, 0, 5, 10, 15, 20, 21, 22, 21]","[""left"", ""left"", ""left"", ""down"", ""down"", ""down"", ""down"", ""right"", ""right"", ""left""]","[-1.0, -1.0, -1.0, 1.0, 1.0, 1.0, -1.0, 1.0, 1.0, -1.0]",10,img019_d4_s03_g19_r0,4,6
GeoExplorer-pristine,/root/geoexplorer/results/checkpoint/algo_dualseed480k_20260427/masa_plus_mmgag_arena_pristine_a040_a0405_sine0405_dualseed480k/wave2_seed321_4gpu/pristine_seed321_t480k/geoexplorer.pt,swissviewmonuments,19,6,1,19,19,True,0,"[1, 2, 3, 4, 9, 14, 19]","[""right"", ""right"", ""right"", ""down"", ""down"", ""down""]","[1.0, 1.0, 1.0, 1.0, 1.0, 1.0]",6,img019_d6_s01_g19_r0,6,0
GeoExplorer-pristine,/root/geoexplorer/results/checkpoint/algo_dualseed480k_20260427/masa_plus_mmgag_arena_pristine_a040_a0405_sine0405_dualseed480k/wave2_seed321_4gpu/pristine_seed321_t480k/geoexplorer.pt,swissviewmonuments,20,4,18,20,2,False,6,"[18, 17, 12, 7, 6, 1, 2, 1, 2, 1, 2]","[""left"", ""up"", ""up"", ""left"", ""up"", ""right"", ""left"", ""right"", ""left"", ""right""]","[1.0, -1.0, -1.0, 1.0, -1.0, -1.0, 1.0, -1.0, 1.0, -1.0]",10,img020_d4_s18_g20_r0,4,6
GeoExplorer-pristine,/root/geoexplorer/results/checkpoint/algo_dualseed480k_20260427/masa_plus_mmgag_arena_pristine_a040_a0405_sine0405_dualseed480k/wave2_seed321_4gpu/pristine_seed321_t480k/geoexplorer.pt,swissviewmonuments,20,6,2,20,24,False,4,"[2, 1, 6, 11, 16, 21, 22, 23, 24, 19, 24]","[""left"", ""down"", ""down"", ""down"", ""down"", ""right"", ""right"", ""right"", ""up"", ""down""]","[1.0, 1.0, 1.0, 1.0, 1.0, -1.0, -1.0, -1.0, -1.0, 1.0]",10,img020_d6_s02_g20_r0,6,4
GeoExplorer-pristine,/root/geoexplorer/results/checkpoint/algo_dualseed480k_20260427/masa_plus_mmgag_arena_pristine_a040_a0405_sine0405_dualseed480k/wave2_seed321_4gpu/pristine_seed321_t480k/geoexplorer.pt,swissviewmonuments,20,8,4,20,18,False,4,"[4, 3, 2, 1, 6, 11, 16, 21, 22, 23, 18]","[""left"", ""left"", ""left"", ""down"", ""down"", ""down"", ""down"", ""right"", ""right"", ""up""]","[1.0, 1.0, 1.0, 1.0, 1.0, 1.0, 1.0, -1.0, -1.0, -1.0]",10,img020_d8_s04_g20_r0,8,2
GeoExplorer-pristine,/root/geoexplorer/results/checkpoint/algo_dualseed480k_20260427/masa_plus_mmgag_arena_pristine_a040_a0405_sine0405_dualseed480k/wave2_seed321_4gpu/pristine_seed321_t480k/geoexplorer.pt,swissviewmonuments,21,4,13,21,21,True,0,"[13, 8, 7, 6, 5, 10, 15, 20, 21]","[""up"", ""left"", ""left"", ""left"", ""down"", ""down"", ""down"", ""right""]","[-1.0, 1.0, 1.0, -1.0, 1.0, 1.0, 1.0, 1.0]",8,img021_d4_s13_g21_r0,4,4
GeoExplorer-pristine,/root/geoexplorer/results/checkpoint/algo_dualseed480k_20260427/masa_plus_mmgag_arena_pristine_a040_a0405_sine0405_dualseed480k/wave2_seed321_4gpu/pristine_seed321_t480k/geoexplorer.pt,swissviewmonuments,21,6,3,21,21,True,0,"[3, 2, 1, 6, 11, 16, 21]","[""left"", ""left"", ""down"", ""down"", ""down"", ""down""]","[1.0, 1.0, 1.0, 1.0, 1.0, 1.0]",6,img021_d6_s03_g21_r0,6,0
GeoExplorer-pristine,/root/geoexplorer/results/checkpoint/algo_dualseed480k_20260427/masa_plus_mmgag_arena_pristine_a040_a0405_sine0405_dualseed480k/wave2_seed321_4gpu/pristine_seed321_t480k/geoexplorer.pt,swissviewmonuments,22,4,8,22,22,True,0,"[8, 7, 6, 11, 16, 21, 20, 21, 22]","[""left"", ""left"", ""down"", ""down"", ""down"", ""left"", ""right"", ""right""]","[1.0, -1.0, 1.0, 1.0, 1.0, -1.0, 1.0, 1.0]",8,img022_d4_s08_g22_r0,4,4
GeoExplorer-pristine,/root/geoexplorer/results/checkpoint/algo_dualseed480k_20260427/masa_plus_mmgag_arena_pristine_a040_a0405_sine0405_dualseed480k/wave2_seed321_4gpu/pristine_seed321_t480k/geoexplorer.pt,swissviewmonuments,22,6,0,22,18,False,2,"[0, 1, 2, 3, 4, 9, 14, 19, 24, 23, 18]","[""right"", ""right"", ""right"", ""right"", ""down"", ""down"", ""down"", ""down"", ""left"", ""up""]","[1.0, 1.0, -1.0, -1.0, 1.0, 1.0, 1.0, 1.0, 1.0, -1.0]",10,img022_d6_s00_g22_r0,6,4
GeoExplorer-pristine,/root/geoexplorer/results/checkpoint/algo_dualseed480k_20260427/masa_plus_mmgag_arena_pristine_a040_a0405_sine0405_dualseed480k/wave2_seed321_4gpu/pristine_seed321_t480k/geoexplorer.pt,swissviewmonuments,23,4,15,23,3,False,4,"[15, 10, 5, 0, 1, 2, 3, 2, 3, 2, 3]","[""up"", ""up"", ""up"", ""right"", ""right"", ""right"", ""left"", ""right"", ""left"", ""right""]","[-1.0, -1.0, -1.0, 1.0, 1.0, 1.0, -1.0, 1.0, -1.0, 1.0]",10,img023_d4_s15_g23_r0,4,6
GeoExplorer-pristine,/root/geoexplorer/results/checkpoint/algo_dualseed480k_20260427/masa_plus_mmgag_arena_pristine_a040_a0405_sine0405_dualseed480k/wave2_seed321_4gpu/pristine_seed321_t480k/geoexplorer.pt,swissviewmonuments,23,6,1,23,23,True,0,"[1, 2, 3, 8, 13, 18, 23]","[""right"", ""right"", ""down"", ""down"", ""down"", ""down""]","[1.0, 1.0, 1.0, 1.0, 1.0, 1.0]",6,img023_d6_s01_g23_r0,6,0
GeoExplorer-pristine,/root/geoexplorer/results/checkpoint/algo_dualseed480k_20260427/masa_plus_mmgag_arena_pristine_a040_a0405_sine0405_dualseed480k/wave2_seed321_4gpu/pristine_seed321_t480k/geoexplorer.pt,swissviewmonuments,24,4,4,24,20,False,4,"[4, 3, 2, 1, 0, 5, 10, 15, 20, 21, 20]","[""left"", ""left"", ""left"", ""left"", ""down"", ""down"", ""down"", ""down"", ""right"", ""left""]","[-1.0, -1.0, -1.0, -1.0, 1.0, 1.0, 1.0, 1.0, 1.0, -1.0]",10,img024_d4_s04_g24_r0,4,6
GeoExplorer-pristine,/root/geoexplorer/results/checkpoint/algo_dualseed480k_20260427/masa_plus_mmgag_arena_pristine_a040_a0405_sine0405_dualseed480k/wave2_seed321_4gpu/pristine_seed321_t480k/geoexplorer.pt,swissviewmonuments,24,6,2,24,24,True,0,"[2, 1, 0, 5, 10, 15, 20, 21, 22, 23, 24]","[""left"", ""left"", ""down"", ""down"", ""down"", ""down"", ""right"", ""right"", ""right"", ""right""]","[-1.0, -1.0, 1.0, 1.0, 1.0, 1.0, 1.0, 1.0, 1.0, 1.0]",10,img024_d6_s02_g24_r0,6,4
GeoExplorer-pristine,/root/geoexplorer/results/checkpoint/algo_dualseed480k_20260427/masa_plus_mmgag_arena_pristine_a040_a0405_sine0405_dualseed480k/wave2_seed321_4gpu/pristine_seed321_t480k/geoexplorer.pt,swissviewmonuments,24,8,0,24,24,True,0,"[0, 1, 2, 3, 8, 13, 18, 23, 24]","[""right"", ""right"", ""right"", ""down"", ""down"", ""down"", ""down"", ""right""]","[1.0, 1.0, 1.0, 1.0, 1.0, 1.0, 1.0, 1.0]",8,img024_d8_s00_g24_r0,8,0
GeoExplorer-pristine,/root/geoexplorer/results/checkpoint/algo_dualseed480k_20260427/masa_plus_mmgag_arena_pristine_a040_a0405_sine0405_dualseed480k/wave2_seed321_4gpu/pristine_seed321_t480k/geoexplorer.pt,swissviewmonuments,25,4,12,0,6,False,2,"[12, 11, 16, 17, 18, 13, 8, 7, 6, 5, 6]","[""left"", ""down"", ""right"", ""right"", ""up"", ""up"", ""left"", ""left"", ""left"", ""right""]","[1.0, -1.0, -1.0, -1.0, 1.0, 1.0, 1.0, 1.0, 1.0, -1.0]",10,img025_d4_s12_g00_r0,4,6
GeoExplorer-pristine,/root/geoexplorer/results/checkpoint/algo_dualseed480k_20260427/masa_plus_mmgag_arena_pristine_a040_a0405_sine0405_dualseed480k/wave2_seed321_4gpu/pristine_seed321_t480k/geoexplorer.pt,swissviewmonuments,25,6,14,0,16,False,4,"[14, 13, 12, 11, 16, 17, 16, 17, 16, 17, 16]","[""left"", ""left"", ""left"", ""down"", ""right"", ""left"", ""right"", ""left"", ""right"", ""left""]","[1.0, 1.0, 1.0, -1.0, -1.0, 1.0, -1.0, 1.0, -1.0, 1.0]",10,img025_d6_s14_g00_r0,6,4
GeoExplorer-pristine,/root/geoexplorer/results/checkpoint/algo_dualseed480k_20260427/masa_plus_mmgag_arena_pristine_a040_a0405_sine0405_dualseed480k/wave2_seed321_4gpu/pristine_seed321_t480k/geoexplorer.pt,swissviewmonuments,25,8,24,0,6,False,2,"[24, 23, 22, 21, 20, 15, 10, 5, 6, 7, 6]","[""left"", ""left"", ""left"", ""left"", ""up"", ""up"", ""up"", ""right"", ""right"", ""left""]","[1.0, 1.0, 1.0, 1.0, 1.0, 1.0, 1.0, -1.0, -1.0, 1.0]",10,img025_d8_s24_g00_r0,8,2
GeoExplorer-pristine,/root/geoexplorer/results/checkpoint/algo_dualseed480k_20260427/masa_plus_mmgag_arena_pristine_a040_a0405_sine0405_dualseed480k/wave2_seed321_4gpu/pristine_seed321_t480k/geoexplorer.pt,swissviewmonuments,26,4,15,1,1,True,0,"[15, 10, 5, 0, 1]","[""up"", ""up"", ""up"", ""right""]","[1.0, 1.0, 1.0, 1.0]",4,img026_d4_s15_g01_r0,4,0
GeoExplorer-pristine,/root/geoexplorer/results/checkpoint/algo_dualseed480k_20260427/masa_plus_mmgag_arena_pristine_a040_a0405_sine0405_dualseed480k/wave2_seed321_4gpu/pristine_seed321_t480k/geoexplorer.pt,swissviewmonuments,26,6,19,1,7,False,2,"[19, 14, 9, 8, 7, 6, 7, 6, 7, 6, 7]","[""up"", ""up"", ""left"", ""left"", ""left"", ""right"", ""left"", ""right"", ""left"", ""right""]","[1.0, 1.0, 1.0, 1.0, 1.0, -1.0, 1.0, -1.0, 1.0, -1.0]",10,img026_d6_s19_g01_r0,6,4
GeoExplorer-pristine,/root/geoexplorer/results/checkpoint/algo_dualseed480k_20260427/masa_plus_mmgag_arena_pristine_a040_a0405_sine0405_dualseed480k/wave2_seed321_4gpu/pristine_seed321_t480k/geoexplorer.pt,swissviewmonuments,27,4,10,2,2,True,0,"[10, 5, 0, 1, 2]","[""up"", ""up"", ""right"", ""right""]","[1.0, 1.0, 1.0, 1.0]",4,img027_d4_s10_g02_r0,4,0
GeoExplorer-pristine,/root/geoexplorer/results/checkpoint/algo_dualseed480k_20260427/masa_plus_mmgag_arena_pristine_a040_a0405_sine0405_dualseed480k/wave2_seed321_4gpu/pristine_seed321_t480k/geoexplorer.pt,swissviewmonuments,27,6,20,2,2,True,0,"[20, 15, 10, 5, 0, 1, 2]","[""up"", ""up"", ""up"", ""up"", ""right"", ""right""]","[1.0, 1.0, 1.0, 1.0, 1.0, 1.0]",6,img027_d6_s20_g02_r0,6,0
GeoExplorer-pristine,/root/geoexplorer/results/checkpoint/algo_dualseed480k_20260427/masa_plus_mmgag_arena_pristine_a040_a0405_sine0405_dualseed480k/wave2_seed321_4gpu/pristine_seed321_t480k/geoexplorer.pt,swissviewmonuments,28,4,11,3,3,True,0,"[11, 12, 13, 8, 7, 2, 3]","[""right"", ""right"", ""up"", ""left"", ""up"", ""right""]","[1.0, 1.0, 1.0, -1.0, 1.0, 1.0]",6,img028_d4_s11_g03_r0,4,2
GeoExplorer-pristine,/root/geoexplorer/results/checkpoint/algo_dualseed480k_20260427/masa_plus_mmgag_arena_pristine_a040_a0405_sine0405_dualseed480k/wave2_seed321_4gpu/pristine_seed321_t480k/geoexplorer.pt,swissviewmonuments,28,6,15,3,5,False,4,"[15, 10, 5, 6, 7, 8, 7, 8, 7, 6, 5]","[""up"", ""up"", ""right"", ""right"", ""right"", ""left"", ""right"", ""left"", ""left"", ""left""]","[1.0, 1.0, 1.0, 1.0, 1.0, -1.0, 1.0, -1.0, -1.0, -1.0]",10,img028_d6_s15_g03_r0,6,4
GeoExplorer-pristine,/root/geoexplorer/results/checkpoint/algo_dualseed480k_20260427/masa_plus_mmgag_arena_pristine_a040_a0405_sine0405_dualseed480k/wave2_seed321_4gpu/pristine_seed321_t480k/geoexplorer.pt,swissviewmonuments,29,4,24,4,4,True,0,"[24, 19, 14, 9, 4]","[""up"", ""up"", ""up"", ""up""]","[1.0, 1.0, 1.0, 1.0]",4,img029_d4_s24_g04_r0,4,0
GeoExplorer-pristine,/root/geoexplorer/results/checkpoint/algo_dualseed480k_20260427/masa_plus_mmgag_arena_pristine_a040_a0405_sine0405_dualseed480k/wave2_seed321_4gpu/pristine_seed321_t480k/geoexplorer.pt,swissviewmonuments,29,6,22,4,2,False,2,"[22, 23, 18, 13, 8, 3, 2, 1, 2, 1, 2]","[""right"", ""up"", ""up"", ""up"", ""up"", ""left"", ""left"", ""right"", ""left"", ""right""]","[1.0, 1.0, 1.0, 1.0, 1.0, -1.0, -1.0, 1.0, -1.0, 1.0]",10,img029_d6_s22_g04_r0,6,4
GeoExplorer-pristine,/root/geoexplorer/results/checkpoint/algo_dualseed480k_20260427/masa_plus_mmgag_arena_pristine_a040_a0405_sine0405_dualseed480k/wave2_seed321_4gpu/pristine_seed321_t480k/geoexplorer.pt,swissviewmonuments,29,8,20,4,2,False,2,"[20, 21, 22, 23, 18, 13, 8, 3, 2, 3, 2]","[""right"", ""right"", ""right"", ""up"", ""up"", ""up"", ""up"", ""left"", ""right"", ""left""]","[1.0, 1.0, 1.0, 1.0, 1.0, 1.0, 1.0, -1.0, 1.0, -1.0]",10,img029_d8_s20_g04_r0,8,2
GeoExplorer-pristine,/root/geoexplorer/results/checkpoint/algo_dualseed480k_20260427/masa_plus_mmgag_arena_pristine_a040_a0405_sine0405_dualseed480k/wave2_seed321_4gpu/pristine_seed321_t480k/geoexplorer.pt,swissviewmonuments,30,4,17,5,19,False,6,"[17, 16, 11, 6, 7, 8, 9, 14, 19, 14, 19]","[""left"", ""up"", ""up"", ""right"", ""right"", ""right"", ""down"", ""down"", ""up"", ""down""]","[1.0, 1.0, 1.0, -1.0, -1.0, -1.0, -1.0, -1.0, 1.0, -1.0]",10,img030_d4_s17_g05_r0,4,6
GeoExplorer-pristine,/root/geoexplorer/results/checkpoint/algo_dualseed480k_20260427/masa_plus_mmgag_arena_pristine_a040_a0405_sine0405_dualseed480k/wave2_seed321_4gpu/pristine_seed321_t480k/geoexplorer.pt,swissviewmonuments,30,6,19,5,7,False,2,"[19, 14, 9, 8, 7, 6, 7, 6, 7, 6, 7]","[""up"", ""up"", ""left"", ""left"", ""left"", ""right"", ""left"", ""right"", ""left"", ""right""]","[1.0, 1.0, 1.0, 1.0, 1.0, -1.0, 1.0, -1.0, 1.0, -1.0]",10,img030_d6_s19_g05_r0,6,4
GeoExplorer-pristine,/root/geoexplorer/results/checkpoint/algo_dualseed480k_20260427/masa_plus_mmgag_arena_pristine_a040_a0405_sine0405_dualseed480k/wave2_seed321_4gpu/pristine_seed321_t480k/geoexplorer.pt,swissviewmonuments,31,4,20,6,4,False,4,"[20, 21, 22, 23, 24, 19, 14, 9, 4, 9, 4]","[""right"", ""right"", ""right"", ""right"", ""up"", ""up"", ""up"", ""up"", ""down"", ""up""]","[1.0, -1.0, -1.0, -1.0, 1.0, 1.0, 1.0, -1.0, 1.0, -1.0]",10,img031_d4_s20_g06_r0,4,6
GeoExplorer-pristine,/root/geoexplorer/results/checkpoint/algo_dualseed480k_20260427/masa_plus_mmgag_arena_pristine_a040_a0405_sine0405_dualseed480k/wave2_seed321_4gpu/pristine_seed321_t480k/geoexplorer.pt,swissviewmonuments,31,6,24,6,4,False,4,"[24, 19, 14, 9, 4, 3, 2, 1, 2, 3, 4]","[""up"", ""up"", ""up"", ""up"", ""left"", ""left"", ""left"", ""right"", ""right"", ""right""]","[1.0, 1.0, 1.0, -1.0, 1.0, 1.0, 1.0, -1.0, -1.0, -1.0]",10,img031_d6_s24_g06_r0,6,4
GeoExplorer-pristine,/root/geoexplorer/results/checkpoint/algo_dualseed480k_20260427/masa_plus_mmgag_arena_pristine_a040_a0405_sine0405_dualseed480k/wave2_seed321_4gpu/pristine_seed321_t480k/geoexplorer.pt,swissviewmonuments,32,4,23,7,7,True,0,"[23, 22, 21, 20, 15, 10, 5, 6, 7]","[""left"", ""left"", ""left"", ""up"", ""up"", ""up"", ""right"", ""right""]","[1.0, -1.0, -1.0, 1.0, 1.0, 1.0, 1.0, 1.0]",8,img032_d4_s23_g07_r0,4,4
GeoExplorer-pristine,/root/geoexplorer/results/checkpoint/algo_dualseed480k_20260427/masa_plus_mmgag_arena_pristine_a040_a0405_sine0405_dualseed480k/wave2_seed321_4gpu/pristine_seed321_t480k/geoexplorer.pt,swissviewmonuments,33,4,0,8,14,False,2,"[0, 1, 2, 3, 4, 9, 14, 19, 14, 19, 14]","[""right"", ""right"", ""right"", ""right"", ""down"", ""down"", ""down"", ""up"", ""down"", ""up""]","[1.0, 1.0, 1.0, -1.0, 1.0, -1.0, -1.0, 1.0, -1.0, 1.0]",10,img033_d4_s00_g08_r0,4,6
GeoExplorer-pristine,/root/geoexplorer/results/checkpoint/algo_dualseed480k_20260427/masa_plus_mmgag_arena_pristine_a040_a0405_sine0405_dualseed480k/wave2_seed321_4gpu/pristine_seed321_t480k/geoexplorer.pt,swissviewmonuments,33,6,20,8,8,True,0,"[20, 15, 10, 5, 6, 7, 8]","[""up"", ""up"", ""up"", ""right"", ""right"", ""right""]","[1.0, 1.0, 1.0, 1.0, 1.0, 1.0]",6,img033_d6_s20_g08_r0,6,0
GeoExplorer-pristine,/root/geoexplorer/results/checkpoint/algo_dualseed480k_20260427/masa_plus_mmgag_arena_pristine_a040_a0405_sine0405_dualseed480k/wave2_seed321_4gpu/pristine_seed321_t480k/geoexplorer.pt,swissviewmonuments,34,4,23,9,13,False,2,"[23, 22, 21, 20, 15, 10, 11, 12, 7, 8, 13]","[""left"", ""left"", ""left"", ""up"", ""up"", ""right"", ""right"", ""up"", ""right"", ""down""]","[-1.0, -1.0, -1.0, 1.0, 1.0, 1.0, 1.0, 1.0, 1.0, -1.0]",10,img034_d4_s23_g09_r0,4,6
GeoExplorer-pristine,/root/geoexplorer/results/checkpoint/algo_dualseed480k_20260427/masa_plus_mmgag_arena_pristine_a040_a0405_sine0405_dualseed480k/wave2_seed321_4gpu/pristine_seed321_t480k/geoexplorer.pt,swissviewmonuments,34,6,15,9,13,False,2,"[15, 10, 11, 12, 13, 8, 7, 8, 7, 8, 13]","[""up"", ""right"", ""right"", ""right"", ""up"", ""left"", ""right"", ""left"", ""right"", ""down""]","[1.0, 1.0, 1.0, 1.0, 1.0, -1.0, 1.0, -1.0, 1.0, -1.0]",10,img034_d6_s15_g09_r0,6,4
GeoExplorer-pristine,/root/geoexplorer/results/checkpoint/algo_dualseed480k_20260427/masa_plus_mmgag_arena_pristine_a040_a0405_sine0405_dualseed480k/wave2_seed321_4gpu/pristine_seed321_t480k/geoexplorer.pt,swissviewmonuments,35,4,2,10,10,True,0,"[2, 3, 8, 13, 18, 23, 22, 21, 20, 15, 10]","[""right"", ""down"", ""down"", ""down"", ""down"", ""left"", ""left"", ""left"", ""up"", ""up""]","[-1.0, 1.0, 1.0, -1.0, -1.0, 1.0, 1.0, 1.0, 1.0, 1.0]",10,img035_d4_s02_g10_r0,4,6
GeoExplorer-pristine,/root/geoexplorer/results/checkpoint/algo_dualseed480k_20260427/masa_plus_mmgag_arena_pristine_a040_a0405_sine0405_dualseed480k/wave2_seed321_4gpu/pristine_seed321_t480k/geoexplorer.pt,swissviewmonuments,35,6,4,10,22,False,4,"[4, 9, 14, 19, 24, 23, 22, 21, 20, 21, 22]","[""down"", ""down"", ""down"", ""down"", ""left"", ""left"", ""left"", ""left"", ""right"", ""right""]","[1.0, 1.0, -1.0, -1.0, 1.0, 1.0, 1.0, 1.0, -1.0, -1.0]",10,img035_d6_s04_g10_r0,6,4
GeoExplorer-pristine,/root/geoexplorer/results/checkpoint/algo_dualseed480k_20260427/masa_plus_mmgag_arena_pristine_a040_a0405_sine0405_dualseed480k/wave2_seed321_4gpu/pristine_seed321_t480k/geoexplorer.pt,swissviewmonuments,36,4,19,11,17,False,2,"[19, 14, 9, 8, 7, 6, 5, 10, 15, 16, 17]","[""up"", ""up"", ""left"", ""left"", ""left"", ""left"", ""down"", ""down"", ""right"", ""right""]","[1.0, -1.0, 1.0, 1.0, 1.0, -1.0, 1.0, -1.0, 1.0, -1.0]",10,img036_d4_s19_g11_r0,4,6
GeoExplorer-pristine,/root/geoexplorer/results/checkpoint/algo_dualseed480k_20260427/masa_plus_mmgag_arena_pristine_a040_a0405_sine0405_dualseed480k/wave2_seed321_4gpu/pristine_seed321_t480k/geoexplorer.pt,swissviewmonuments,37,4,24,12,12,True,0,"[24, 19, 14, 9, 4, 3, 4, 9, 14, 13, 12]","[""up"", ""up"", ""up"", ""up"", ""left"", ""right"", ""down"", ""down"", ""left"", ""left""]","[1.0, 1.0, -1.0, -1.0, 1.0, -1.0, 1.0, 1.0, 1.0, 1.0]",10,img037_d4_s24_g12_r0,4,6
GeoExplorer-pristine,/root/geoexplorer/results/checkpoint/algo_dualseed480k_20260427/masa_plus_mmgag_arena_pristine_a040_a0405_sine0405_dualseed480k/wave2_seed321_4gpu/pristine_seed321_t480k/geoexplorer.pt,swissviewmonuments,38,4,5,13,13,True,0,"[5, 6, 7, 8, 13]","[""right"", ""right"", ""right"", ""down""]","[1.0, 1.0, 1.0, 1.0]",4,img038_d4_s05_g13_r0,4,0
GeoExplorer-pristine,/root/geoexplorer/results/checkpoint/algo_dualseed480k_20260427/masa_plus_mmgag_arena_pristine_a040_a0405_sine0405_dualseed480k/wave2_seed321_4gpu/pristine_seed321_t480k/geoexplorer.pt,swissviewmonuments,39,4,6,14,14,True,0,"[6, 7, 8, 9, 14]","[""right"", ""right"", ""right"", ""down""]","[1.0, 1.0, 1.0, 1.0]",4,img039_d4_s06_g14_r0,4,0
GeoExplorer-pristine,/root/geoexplorer/results/checkpoint/algo_dualseed480k_20260427/masa_plus_mmgag_arena_pristine_a040_a0405_sine0405_dualseed480k/wave2_seed321_4gpu/pristine_seed321_t480k/geoexplorer.pt,swissviewmonuments,39,6,20,14,14,True,0,"[20, 21, 22, 23, 24, 19, 14]","[""right"", ""right"", ""right"", ""right"", ""up"", ""up""]","[1.0, 1.0, 1.0, 1.0, 1.0, 1.0]",6,img039_d6_s20_g14_r0,6,0
GeoExplorer-pristine,/root/geoexplorer/results/checkpoint/algo_dualseed480k_20260427/masa_plus_mmgag_arena_pristine_a040_a0405_sine0405_dualseed480k/wave2_seed321_4gpu/pristine_seed321_t480k/geoexplorer.pt,swissviewmonuments,40,4,23,15,15,True,0,"[23, 22, 21, 20, 15]","[""left"", ""left"", ""left"", ""up""]","[1.0, 1.0, 1.0, 1.0]",4,img040_d4_s23_g15_r0,4,0
GeoExplorer-pristine,/root/geoexplorer/results/checkpoint/algo_dualseed480k_20260427/masa_plus_mmgag_arena_pristine_a040_a0405_sine0405_dualseed480k/wave2_seed321_4gpu/pristine_seed321_t480k/geoexplorer.pt,swissviewmonuments,40,6,9,15,21,False,2,"[9, 14, 19, 24, 23, 22, 21, 20, 21, 20, 21]","[""down"", ""down"", ""down"", ""left"", ""left"", ""left"", ""left"", ""right"", ""left"", ""right""]","[1.0, 1.0, -1.0, 1.0, 1.0, 1.0, 1.0, -1.0, 1.0, -1.0]",10,img040_d6_s09_g15_r0,6,4
GeoExplorer-pristine,/root/geoexplorer/results/checkpoint/algo_dualseed480k_20260427/masa_plus_mmgag_arena_pristine_a040_a0405_sine0405_dualseed480k/wave2_seed321_4gpu/pristine_seed321_t480k/geoexplorer.pt,swissviewmonuments,41,4,14,16,22,False,2,"[14, 19, 24, 23, 22, 21, 20, 21, 22, 21, 22]","[""down"", ""down"", ""left"", ""left"", ""left"", ""left"", ""right"", ""right"", ""left"", ""right""]","[1.0, -1.0, 1.0, 1.0, 1.0, -1.0, 1.0, -1.0, 1.0, -1.0]",10,img041_d4_s14_g16_r0,4,6
GeoExplorer-pristine,/root/geoexplorer/results/checkpoint/algo_dualseed480k_20260427/masa_plus_mmgag_arena_pristine_a040_a0405_sine0405_dualseed480k/wave2_seed321_4gpu/pristine_seed321_t480k/geoexplorer.pt,swissviewmonuments,41,6,4,16,22,False,2,"[4, 9, 14, 19, 24, 23, 22, 21, 22, 21, 22]","[""down"", ""down"", ""down"", ""down"", ""left"", ""left"", ""left"", ""right"", ""left"", ""right""]","[1.0, 1.0, 1.0, -1.0, 1.0, 1.0, 1.0, -1.0, 1.0, -1.0]",10,img041_d6_s04_g16_r0,6,4
GeoExplorer-pristine,/root/geoexplorer/results/checkpoint/algo_dualseed480k_20260427/masa_plus_mmgag_arena_pristine_a040_a0405_sine0405_dualseed480k/wave2_seed321_4gpu/pristine_seed321_t480k/geoexplorer.pt,swissviewmonuments,42,4,5,17,23,False,2,"[5, 6, 7, 8, 13, 18, 19, 24, 23, 22, 23]","[""right"", ""right"", ""right"", ""down"", ""down"", ""right"", ""down"", ""left"", ""left"", ""right""]","[1.0, 1.0, -1.0, 1.0, 1.0, -1.0, -1.0, 1.0, 1.0, -1.0]",10,img042_d4_s05_g17_r0,4,6
GeoExplorer-pristine,/root/geoexplorer/results/checkpoint/algo_dualseed480k_20260427/masa_plus_mmgag_arena_pristine_a040_a0405_sine0405_dualseed480k/wave2_seed321_4gpu/pristine_seed321_t480k/geoexplorer.pt,swissviewmonuments,43,4,4,18,22,False,2,"[4, 9, 14, 19, 24, 23, 24, 23, 24, 23, 22]","[""down"", ""down"", ""down"", ""down"", ""left"", ""right"", ""left"", ""right"", ""left"", ""left""]","[1.0, 1.0, 1.0, -1.0, 1.0, -1.0, 1.0, -1.0, 1.0, -1.0]",10,img043_d4_s04_g18_r0,4,6
GeoExplorer-pristine,/root/geoexplorer/results/checkpoint/algo_dualseed480k_20260427/masa_plus_mmgag_arena_pristine_a040_a0405_sine0405_dualseed480k/wave2_seed321_4gpu/pristine_seed321_t480k/geoexplorer.pt,swissviewmonuments,43,6,0,18,24,False,2,"[0, 1, 2, 3, 4, 9, 14, 19, 24, 19, 24]","[""right"", ""right"", ""right"", ""right"", ""down"", ""down"", ""down"", ""down"", ""up"", ""down""]","[1.0, 1.0, 1.0, -1.0, 1.0, 1.0, 1.0, -1.0, 1.0, -1.0]",10,img043_d6_s00_g18_r0,6,4
GeoExplorer-pristine,/root/geoexplorer/results/checkpoint/algo_dualseed480k_20260427/masa_plus_mmgag_arena_pristine_a040_a0405_sine0405_dualseed480k/wave2_seed321_4gpu/pristine_seed321_t480k/geoexplorer.pt,swissviewmonuments,44,4,7,19,23,False,2,"[7, 8, 13, 18, 23, 22, 21, 22, 23, 18, 23]","[""right"", ""down"", ""down"", ""down"", ""left"", ""left"", ""right"", ""right"", ""up"", ""down""]","[1.0, 1.0, 1.0, -1.0, -1.0, -1.0, 1.0, 1.0, 1.0, -1.0]",10,img044_d4_s07_g19_r0,4,6
GeoExplorer-pristine,/root/geoexplorer/results/checkpoint/algo_dualseed480k_20260427/masa_plus_mmgag_arena_pristine_a040_a0405_sine0405_dualseed480k/wave2_seed321_4gpu/pristine_seed321_t480k/geoexplorer.pt,swissviewmonuments,44,6,1,19,19,True,0,"[1, 2, 3, 4, 9, 14, 19]","[""right"", ""right"", ""right"", ""down"", ""down"", ""down""]","[1.0, 1.0, 1.0, 1.0, 1.0, 1.0]",6,img044_d6_s01_g19_r0,6,0
GeoExplorer-pristine,/root/geoexplorer/results/checkpoint/algo_dualseed480k_20260427/masa_plus_mmgag_arena_pristine_a040_a0405_sine0405_dualseed480k/wave2_seed321_4gpu/pristine_seed321_t480k/geoexplorer.pt,swissviewmonuments,45,4,6,20,24,False,4,"[6, 7, 8, 13, 18, 23, 24, 19, 24, 19, 24]","[""right"", ""right"", ""down"", ""down"", ""down"", ""right"", ""up"", ""down"", ""up"", ""down""]","[-1.0, -1.0, 1.0, 1.0, 1.0, -1.0, -1.0, 1.0, -1.0, 1.0]",10,img045_d4_s06_g20_r0,4,6
GeoExplorer-pristine,/root/geoexplorer/results/checkpoint/algo_dualseed480k_20260427/masa_plus_mmgag_arena_pristine_a040_a0405_sine0405_dualseed480k/wave2_seed321_4gpu/pristine_seed321_t480k/geoexplorer.pt,swissviewmonuments,45,6,8,20,24,False,4,"[8, 7, 6, 11, 16, 21, 22, 23, 24, 19, 24]","[""left"", ""left"", ""down"", ""down"", ""down"", ""right"", ""right"", ""right"", ""up"", ""down""]","[1.0, 1.0, 1.0, 1.0, 1.0, -1.0, -1.0, -1.0, -1.0, 1.0]",10,img045_d6_s08_g20_r0,6,4
GeoExplorer-pristine,/root/geoexplorer/results/checkpoint/algo_dualseed480k_20260427/masa_plus_mmgag_arena_pristine_a040_a0405_sine0405_dualseed480k/wave2_seed321_4gpu/pristine_seed321_t480k/geoexplorer.pt,swissviewmonuments,45,8,4,20,16,False,2,"[4, 9, 14, 19, 18, 17, 16, 15, 16, 15, 16]","[""down"", ""down"", ""down"", ""left"", ""left"", ""left"", ""left"", ""right"", ""left"", ""right""]","[1.0, 1.0, 1.0, 1.0, 1.0, 1.0, 1.0, -1.0, 1.0, -1.0]",10,img045_d8_s04_g20_r0,8,2
GeoExplorer-pristine,/root/geoexplorer/results/checkpoint/algo_dualseed480k_20260427/masa_plus_mmgag_arena_pristine_a040_a0405_sine0405_dualseed480k/wave2_seed321_4gpu/pristine_seed321_t480k/geoexplorer.pt,swissviewmonuments,46,4,7,21,21,True,0,"[7, 12, 17, 18, 23, 22, 21]","[""down"", ""down"", ""right"", ""down"", ""left"", ""left""]","[1.0, 1.0, -1.0, 1.0, 1.0, 1.0]",6,img046_d4_s07_g21_r0,4,2
GeoExplorer-pristine,/root/geoexplorer/results/checkpoint/algo_dualseed480k_20260427/masa_plus_mmgag_arena_pristine_a040_a0405_sine0405_dualseed480k/wave2_seed321_4gpu/pristine_seed321_t480k/geoexplorer.pt,swissviewmonuments,46,6,9,21,21,True,0,"[9, 14, 19, 24, 23, 22, 21]","[""down"", ""down"", ""down"", ""left"", ""left"", ""left""]","[1.0, 1.0, 1.0, 1.0, 1.0, 1.0]",6,img046_d6_s09_g21_r0,6,0
GeoExplorer-pristine,/root/geoexplorer/results/checkpoint/algo_dualseed480k_20260427/masa_plus_mmgag_arena_pristine_a040_a0405_sine0405_dualseed480k/wave2_seed321_4gpu/pristine_seed321_t480k/geoexplorer.pt,swissviewmonuments,47,4,8,22,22,True,0,"[8, 9, 14, 19, 24, 23, 22]","[""right"", ""down"", ""down"", ""down"", ""left"", ""left""]","[-1.0, 1.0, 1.0, 1.0, 1.0, 1.0]",6,img047_d4_s08_g22_r0,4,2
GeoExplorer-pristine,/root/geoexplorer/results/checkpoint/algo_dualseed480k_20260427/masa_plus_mmgag_arena_pristine_a040_a0405_sine0405_dualseed480k/wave2_seed321_4gpu/pristine_seed321_t480k/geoexplorer.pt,swissviewmonuments,47,6,0,22,24,False,2,"[0, 1, 2, 3, 4, 9, 14, 19, 24, 19, 24]","[""right"", ""right"", ""right"", ""right"", ""down"", ""down"", ""down"", ""down"", ""up"", ""down""]","[1.0, 1.0, -1.0, -1.0, 1.0, 1.0, 1.0, 1.0, -1.0, 1.0]",10,img047_d6_s00_g22_r0,6,4
GeoExplorer-pristine,/root/geoexplorer/results/checkpoint/algo_dualseed480k_20260427/masa_plus_mmgag_arena_pristine_a040_a0405_sine0405_dualseed480k/wave2_seed321_4gpu/pristine_seed321_t480k/geoexplorer.pt,swissviewmonuments,48,4,9,23,23,True,0,"[9, 14, 19, 24, 23]","[""down"", ""down"", ""down"", ""left""]","[1.0, 1.0, 1.0, 1.0]",4,img048_d4_s09_g23_r0,4,0
GeoExplorer-pristine,/root/geoexplorer/results/checkpoint/algo_dualseed480k_20260427/masa_plus_mmgag_arena_pristine_a040_a0405_sine0405_dualseed480k/wave2_seed321_4gpu/pristine_seed321_t480k/geoexplorer.pt,swissviewmonuments,48,6,1,23,19,False,2,"[1, 2, 3, 4, 9, 14, 19, 24, 19, 14, 19]","[""right"", ""right"", ""right"", ""down"", ""down"", ""down"", ""down"", ""up"", ""up"", ""down""]","[1.0, 1.0, -1.0, 1.0, 1.0, 1.0, 1.0, -1.0, -1.0, 1.0]",10,img048_d6_s01_g23_r0,6,4
GeoExplorer-pristine,/root/geoexplorer/results/checkpoint/algo_dualseed480k_20260427/masa_plus_mmgag_arena_pristine_a040_a0405_sine0405_dualseed480k/wave2_seed321_4gpu/pristine_seed321_t480k/geoexplorer.pt,swissviewmonuments,49,4,12,24,24,True,0,"[12, 13, 14, 19, 24]","[""right"", ""right"", ""down"", ""down""]","[1.0, 1.0, 1.0, 1.0]",4,img049_d4_s12_g24_r0,4,0
GeoExplorer-pristine,/root/geoexplorer/results/checkpoint/algo_dualseed480k_20260427/masa_plus_mmgag_arena_pristine_a040_a0405_sine0405_dualseed480k/wave2_seed321_4gpu/pristine_seed321_t480k/geoexplorer.pt,swissviewmonuments,49,6,6,24,24,True,0,"[6, 7, 8, 9, 14, 19, 24]","[""right"", ""right"", ""right"", ""down"", ""down"", ""down""]","[1.0, 1.0, 1.0, 1.0, 1.0, 1.0]",6,img049_d6_s06_g24_r0,6,0
GeoExplorer-pristine,/root/geoexplorer/results/checkpoint/algo_dualseed480k_20260427/masa_plus_mmgag_arena_pristine_a040_a0405_sine0405_dualseed480k/wave2_seed321_4gpu/pristine_seed321_t480k/geoexplorer.pt,swissviewmonuments,49,8,0,24,24,True,0,"[0, 1, 2, 3, 4, 9, 14, 19, 24]","[""right"", ""right"", ""right"", ""right"", ""down"", ""down"", ""down"", ""down""]","[1.0, 1.0, 1.0, 1.0, 1.0, 1.0, 1.0, 1.0]",8,img049_d8_s00_g24_r0,8,0
GeoExplorer-pristine,/root/geoexplorer/results/checkpoint/algo_dualseed480k_20260427/masa_plus_mmgag_arena_pristine_a040_a0405_sine0405_dualseed480k/wave2_seed321_4gpu/pristine_seed321_t480k/geoexplorer.pt,swissviewmonuments,50,4,16,0,14,False,6,"[16, 17, 18, 19, 14, 9, 4, 3, 4, 9, 14]","[""right"", ""right"", ""right"", ""up"", ""up"", ""up"", ""left"", ""right"", ""down"", ""down""]","[-1.0, -1.0, -1.0, 1.0, 1.0, 1.0, 1.0, -1.0, -1.0, -1.0]",10,img050_d4_s16_g00_r0,4,6
GeoExplorer-pristine,/root/geoexplorer/results/checkpoint/algo_dualseed480k_20260427/masa_plus_mmgag_arena_pristine_a040_a0405_sine0405_dualseed480k/wave2_seed321_4gpu/pristine_seed321_t480k/geoexplorer.pt,swissviewmonuments,50,6,14,0,18,False,6,"[14, 19, 18, 17, 16, 17, 16, 17, 16, 17, 18]","[""down"", ""left"", ""left"", ""left"", ""right"", ""left"", ""right"", ""left"", ""right"", ""right""]","[-1.0, 1.0, 1.0, 1.0, -1.0, 1.0, -1.0, 1.0, -1.0, -1.0]",10,img050_d6_s14_g00_r0,6,4
GeoExplorer-pristine,/root/geoexplorer/results/checkpoint/algo_dualseed480k_20260427/masa_plus_mmgag_arena_pristine_a040_a0405_sine0405_dualseed480k/wave2_seed321_4gpu/pristine_seed321_t480k/geoexplorer.pt,swissviewmonuments,50,8,24,0,14,False,6,"[24, 19, 14, 9, 4, 3, 2, 3, 4, 9, 14]","[""up"", ""up"", ""up"", ""up"", ""left"", ""left"", ""right"", ""right"", ""down"", ""down""]","[1.0, 1.0, 1.0, 1.0, 1.0, 1.0, -1.0, -1.0, -1.0, -1.0]",10,img050_d8_s24_g00_r0,8,2
GeoExplorer-pristine,/root/geoexplorer/results/checkpoint/algo_dualseed480k_20260427/masa_plus_mmgag_arena_pristine_a040_a0405_sine0405_dualseed480k/wave2_seed321_4gpu/pristine_seed321_t480k/geoexplorer.pt,swissviewmonuments,51,4,17,1,9,False,4,"[17, 18, 13, 8, 9, 4, 3, 4, 9, 14, 9]","[""right"", ""up"", ""up"", ""right"", ""up"", ""left"", ""right"", ""down"", ""down"", ""up""]","[-1.0, 1.0, 1.0, -1.0, 1.0, 1.0, -1.0, -1.0, -1.0, 1.0]",10,img051_d4_s17_g01_r0,4,6
GeoExplorer-pristine,/root/geoexplorer/results/checkpoint/algo_dualseed480k_20260427/masa_plus_mmgag_arena_pristine_a040_a0405_sine0405_dualseed480k/wave2_seed321_4gpu/pristine_seed321_t480k/geoexplorer.pt,swissviewmonuments,51,6,19,1,9,False,4,"[19, 14, 9, 8, 7, 6, 5, 6, 7, 8, 9]","[""up"", ""up"", ""left"", ""left"", ""left"", ""left"", ""right"", ""right"", ""right"", ""right""]","[1.0, 1.0, 1.0, 1.0, 1.0, -1.0, 1.0, -1.0, -1.0, -1.0]",10,img051_d6_s19_g01_r0,6,4
GeoExplorer-pristine,/root/geoexplorer/results/checkpoint/algo_dualseed480k_20260427/masa_plus_mmgag_arena_pristine_a040_a0405_sine0405_dualseed480k/wave2_seed321_4gpu/pristine_seed321_t480k/geoexplorer.pt,swissviewmonuments,52,4,14,2,24,False,6,"[14, 19, 24, 23, 22, 21, 22, 21, 22, 23, 24]","[""down"", ""down"", ""left"", ""left"", ""left"", ""right"", ""left"", ""right"", ""right"", ""right""]","[-1.0, -1.0, 1.0, 1.0, -1.0, 1.0, -1.0, 1.0, -1.0, -1.0]",10,img052_d4_s14_g02_r0,4,6
GeoExplorer-pristine,/root/geoexplorer/results/checkpoint/algo_dualseed480k_20260427/masa_plus_mmgag_arena_pristine_a040_a0405_sine0405_dualseed480k/wave2_seed321_4gpu/pristine_seed321_t480k/geoexplorer.pt,swissviewmonuments,52,6,24,2,14,False,4,"[24, 23, 22, 21, 16, 11, 6, 7, 8, 9, 14]","[""left"", ""left"", ""left"", ""up"", ""up"", ""up"", ""right"", ""right"", ""right"", ""down""]","[1.0, 1.0, -1.0, 1.0, 1.0, 1.0, 1.0, -1.0, -1.0, -1.0]",10,img052_d6_s24_g02_r0,6,4
GeoExplorer-pristine,/root/geoexplorer/results/checkpoint/algo_dualseed480k_20260427/masa_plus_mmgag_arena_pristine_a040_a0405_sine0405_dualseed480k/wave2_seed321_4gpu/pristine_seed321_t480k/geoexplorer.pt,swissviewmonuments,53,4,23,3,9,False,2,"[23, 22, 21, 20, 15, 10, 5, 6, 7, 8, 9]","[""left"", ""left"", ""left"", ""up"", ""up"", ""up"", ""right"", ""right"", ""right"", ""right""]","[-1.0, -1.0, -1.0, 1.0, 1.0, 1.0, 1.0, 1.0, 1.0, -1.0]",10,img053_d4_s23_g03_r0,4,6
GeoExplorer-pristine,/root/geoexplorer/results/checkpoint/algo_dualseed480k_20260427/masa_plus_mmgag_arena_pristine_a040_a0405_sine0405_dualseed480k/wave2_seed321_4gpu/pristine_seed321_t480k/geoexplorer.pt,swissviewmonuments,53,6,15,3,9,False,2,"[15, 16, 17, 18, 19, 14, 9, 4, 9, 4, 9]","[""right"", ""right"", ""right"", ""right"", ""up"", ""up"", ""up"", ""down"", ""up"", ""down""]","[1.0, 1.0, 1.0, -1.0, 1.0, 1.0, 1.0, -1.0, 1.0, -1.0]",10,img053_d6_s15_g03_r0,6,4
GeoExplorer-pristine,/root/geoexplorer/results/checkpoint/algo_dualseed480k_20260427/masa_plus_mmgag_arena_pristine_a040_a0405_sine0405_dualseed480k/wave2_seed321_4gpu/pristine_seed321_t480k/geoexplorer.pt,swissviewmonuments,54,4,12,4,4,True,0,"[12, 11, 16, 17, 18, 19, 14, 9, 4]","[""left"", ""down"", ""right"", ""right"", ""right"", ""up"", ""up"", ""up""]","[-1.0, -1.0, 1.0, 1.0, 1.0, 1.0, 1.0, 1.0]",8,img054_d4_s12_g04_r0,4,4
GeoExplorer-pristine,/root/geoexplorer/results/checkpoint/algo_dualseed480k_20260427/masa_plus_mmgag_arena_pristine_a040_a0405_sine0405_dualseed480k/wave2_seed321_4gpu/pristine_seed321_t480k/geoexplorer.pt,swissviewmonuments,54,6,10,4,4,True,0,"[10, 15, 16, 17, 18, 19, 14, 9, 4]","[""down"", ""right"", ""right"", ""right"", ""right"", ""up"", ""up"", ""up""]","[-1.0, 1.0, 1.0, 1.0, 1.0, 1.0, 1.0, 1.0]",8,img054_d6_s10_g04_r0,6,2
GeoExplorer-pristine,/root/geoexplorer/results/checkpoint/algo_dualseed480k_20260427/masa_plus_mmgag_arena_pristine_a040_a0405_sine0405_dualseed480k/wave2_seed321_4gpu/pristine_seed321_t480k/geoexplorer.pt,swissviewmonuments,54,8,20,4,4,True,0,"[20, 21, 22, 23, 24, 19, 14, 9, 4]","[""right"", ""right"", ""right"", ""right"", ""up"", ""up"", ""up"", ""up""]","[1.0, 1.0, 1.0, 1.0, 1.0, 1.0, 1.0, 1.0]",8,img054_d8_s20_g04_r0,8,0
GeoExplorer-pristine,/root/geoexplorer/results/checkpoint/algo_dualseed480k_20260427/masa_plus_mmgag_arena_pristine_a040_a0405_sine0405_dualseed480k/wave2_seed321_4gpu/pristine_seed321_t480k/geoexplorer.pt,swissviewmonuments,55,4,21,5,9,False,4,"[21, 22, 23, 24, 19, 14, 9, 4, 9, 14, 9]","[""right"", ""right"", ""right"", ""up"", ""up"", ""up"", ""up"", ""down"", ""down"", ""up""]","[-1.0, -1.0, -1.0, 1.0, 1.0, 1.0, -1.0, 1.0, -1.0, 1.0]",10,img055_d4_s21_g05_r0,4,6
GeoExplorer-pristine,/root/geoexplorer/results/checkpoint/algo_dualseed480k_20260427/masa_plus_mmgag_arena_pristine_a040_a0405_sine0405_dualseed480k/wave2_seed321_4gpu/pristine_seed321_t480k/geoexplorer.pt,swissviewmonuments,55,6,19,5,19,False,6,"[19, 14, 9, 8, 7, 6, 7, 8, 9, 14, 19]","[""up"", ""up"", ""left"", ""left"", ""left"", ""right"", ""right"", ""right"", ""down"", ""down""]","[1.0, 1.0, 1.0, 1.0, 1.0, -1.0, -1.0, -1.0, -1.0, -1.0]",10,img055_d6_s19_g05_r0,6,4
GeoExplorer-pristine,/root/geoexplorer/results/checkpoint/algo_dualseed480k_20260427/masa_plus_mmgag_arena_pristine_a040_a0405_sine0405_dualseed480k/wave2_seed321_4gpu/pristine_seed321_t480k/geoexplorer.pt,swissviewmonuments,56,4,14,6,18,False,4,"[14, 13, 12, 11, 10, 15, 10, 15, 16, 17, 18]","[""left"", ""left"", ""left"", ""left"", ""down"", ""up"", ""down"", ""right"", ""right"", ""right""]","[1.0, 1.0, 1.0, -1.0, -1.0, 1.0, -1.0, 1.0, -1.0, -1.0]",10,img056_d4_s14_g06_r0,4,6
GeoExplorer-pristine,/root/geoexplorer/results/checkpoint/algo_dualseed480k_20260427/masa_plus_mmgag_arena_pristine_a040_a0405_sine0405_dualseed480k/wave2_seed321_4gpu/pristine_seed321_t480k/geoexplorer.pt,swissviewmonuments,56,6,24,6,6,True,0,"[24, 19, 14, 9, 8, 7, 6]","[""up"", ""up"", ""up"", ""left"", ""left"", ""left""]","[1.0, 1.0, 1.0, 1.0, 1.0, 1.0]",6,img056_d6_s24_g06_r0,6,0
GeoExplorer-pristine,/root/geoexplorer/results/checkpoint/algo_dualseed480k_20260427/masa_plus_mmgag_arena_pristine_a040_a0405_sine0405_dualseed480k/wave2_seed321_4gpu/pristine_seed321_t480k/geoexplorer.pt,swissviewmonuments,57,4,21,7,19,False,4,"[21, 22, 23, 24, 19, 14, 9, 4, 9, 14, 19]","[""right"", ""right"", ""right"", ""up"", ""up"", ""up"", ""up"", ""down"", ""down"", ""down""]","[1.0, -1.0, -1.0, 1.0, 1.0, 1.0, -1.0, 1.0, -1.0, -1.0]",10,img057_d4_s21_g07_r0,4,6
GeoExplorer-pristine,/root/geoexplorer/results/checkpoint/algo_dualseed480k_20260427/masa_plus_mmgag_arena_pristine_a040_a0405_sine0405_dualseed480k/wave2_seed321_4gpu/pristine_seed321_t480k/geoexplorer.pt,swissviewmonuments,58,4,16,8,8,True,0,"[16, 11, 12, 7, 8]","[""up"", ""right"", ""up"", ""right""]","[1.0, 1.0, 1.0, 1.0]",4,img058_d4_s16_g08_r0,4,0
GeoExplorer-pristine,/root/geoexplorer/results/checkpoint/algo_dualseed480k_20260427/masa_plus_mmgag_arena_pristine_a040_a0405_sine0405_dualseed480k/wave2_seed321_4gpu/pristine_seed321_t480k/geoexplorer.pt,swissviewmonuments,58,6,20,8,8,True,0,"[20, 15, 10, 5, 6, 7, 8]","[""up"", ""up"", ""up"", ""right"", ""right"", ""right""]","[1.0, 1.0, 1.0, 1.0, 1.0, 1.0]",6,img058_d6_s20_g08_r0,6,0
GeoExplorer-pristine,/root/geoexplorer/results/checkpoint/algo_dualseed480k_20260427/masa_plus_mmgag_arena_pristine_a040_a0405_sine0405_dualseed480k/wave2_seed321_4gpu/pristine_seed321_t480k/geoexplorer.pt,swissviewmonuments,59,4,5,9,9,True,0,"[5, 6, 7, 8, 9]","[""right"", ""right"", ""right"", ""right""]","[1.0, 1.0, 1.0, 1.0]",4,img059_d4_s05_g09_r0,4,0
GeoExplorer-pristine,/root/geoexplorer/results/checkpoint/algo_dualseed480k_20260427/masa_plus_mmgag_arena_pristine_a040_a0405_sine0405_dualseed480k/wave2_seed321_4gpu/pristine_seed321_t480k/geoexplorer.pt,swissviewmonuments,59,6,15,9,9,True,0,"[15, 10, 5, 6, 7, 8, 9]","[""up"", ""up"", ""right"", ""right"", ""right"", ""right""]","[1.0, 1.0, 1.0, 1.0, 1.0, 1.0]",6,img059_d6_s15_g09_r0,6,0
GeoExplorer-pristine,/root/geoexplorer/results/checkpoint/algo_dualseed480k_20260427/masa_plus_mmgag_arena_pristine_a040_a0405_sine0405_dualseed480k/wave2_seed321_4gpu/pristine_seed321_t480k/geoexplorer.pt,swissviewmonuments,60,4,8,10,10,True,0,"[8, 7, 6, 5, 10]","[""left"", ""left"", ""left"", ""down""]","[1.0, 1.0, 1.0, 1.0]",4,img060_d4_s08_g10_r0,4,0
GeoExplorer-pristine,/root/geoexplorer/results/checkpoint/algo_dualseed480k_20260427/masa_plus_mmgag_arena_pristine_a040_a0405_sine0405_dualseed480k/wave2_seed321_4gpu/pristine_seed321_t480k/geoexplorer.pt,swissviewmonuments,60,6,4,10,22,False,4,"[4, 3, 2, 1, 6, 11, 16, 21, 22, 21, 22]","[""left"", ""left"", ""left"", ""down"", ""down"", ""down"", ""down"", ""right"", ""left"", ""right""]","[1.0, 1.0, 1.0, 1.0, 1.0, -1.0, -1.0, -1.0, 1.0, -1.0]",10,img060_d6_s04_g10_r0,6,4
GeoExplorer-pristine,/root/geoexplorer/results/checkpoint/algo_dualseed480k_20260427/masa_plus_mmgag_arena_pristine_a040_a0405_sine0405_dualseed480k/wave2_seed321_4gpu/pristine_seed321_t480k/geoexplorer.pt,swissviewmonuments,61,4,9,11,23,False,4,"[9, 8, 7, 6, 5, 10, 15, 20, 21, 22, 23]","[""left"", ""left"", ""left"", ""left"", ""down"", ""down"", ""down"", ""right"", ""right"", ""right""]","[1.0, 1.0, 1.0, -1.0, 1.0, -1.0, -1.0, 1.0, -1.0, -1.0]",10,img061_d4_s09_g11_r0,4,6
GeoExplorer-pristine,/root/geoexplorer/results/checkpoint/algo_dualseed480k_20260427/masa_plus_mmgag_arena_pristine_a040_a0405_sine0405_dualseed480k/wave2_seed321_4gpu/pristine_seed321_t480k/geoexplorer.pt,swissviewmonuments,62,4,24,12,6,False,2,"[24, 23, 22, 21, 20, 15, 10, 5, 6, 7, 6]","[""left"", ""left"", ""left"", ""left"", ""up"", ""up"", ""up"", ""right"", ""right"", ""left""]","[1.0, 1.0, -1.0, -1.0, 1.0, 1.0, -1.0, 1.0, 1.0, -1.0]",10,img062_d4_s24_g12_r0,4,6
GeoExplorer-pristine,/root/geoexplorer/results/checkpoint/algo_dualseed480k_20260427/masa_plus_mmgag_arena_pristine_a040_a0405_sine0405_dualseed480k/wave2_seed321_4gpu/pristine_seed321_t480k/geoexplorer.pt,swissviewmonuments,63,4,5,13,13,True,0,"[5, 6, 7, 8, 13]","[""right"", ""right"", ""right"", ""down""]","[1.0, 1.0, 1.0, 1.0]",4,img063_d4_s05_g13_r0,4,0
GeoExplorer-pristine,/root/geoexplorer/results/checkpoint/algo_dualseed480k_20260427/masa_plus_mmgag_arena_pristine_a040_a0405_sine0405_dualseed480k/wave2_seed321_4gpu/pristine_seed321_t480k/geoexplorer.pt,swissviewmonuments,64,4,22,14,6,False,4,"[22, 17, 12, 7, 6, 5, 6, 7, 6, 7, 6]","[""up"", ""up"", ""up"", ""left"", ""left"", ""right"", ""right"", ""left"", ""right"", ""left""]","[1.0, 1.0, -1.0, -1.0, -1.0, 1.0, 1.0, -1.0, 1.0, -1.0]",10,img064_d4_s22_g14_r0,4,6
GeoExplorer-pristine,/root/geoexplorer/results/checkpoint/algo_dualseed480k_20260427/masa_plus_mmgag_arena_pristine_a040_a0405_sine0405_dualseed480k/wave2_seed321_4gpu/pristine_seed321_t480k/geoexplorer.pt,swissviewmonuments,64,6,0,14,14,True,0,"[0, 1, 2, 3, 4, 9, 14]","[""right"", ""right"", ""right"", ""right"", ""down"", ""down""]","[1.0, 1.0, 1.0, 1.0, 1.0, 1.0]",6,img064_d6_s00_g14_r0,6,0
GeoExplorer-pristine,/root/geoexplorer/results/checkpoint/algo_dualseed480k_20260427/masa_plus_mmgag_arena_pristine_a040_a0405_sine0405_dualseed480k/wave2_seed321_4gpu/pristine_seed321_t480k/geoexplorer.pt,swissviewmonuments,65,4,19,15,5,False,2,"[19, 18, 17, 16, 11, 6, 5, 10, 5, 10, 5]","[""left"", ""left"", ""left"", ""up"", ""up"", ""left"", ""down"", ""up"", ""down"", ""up""]","[1.0, 1.0, 1.0, -1.0, -1.0, 1.0, 1.0, -1.0, 1.0, -1.0]",10,img065_d4_s19_g15_r0,4,6
GeoExplorer-pristine,/root/geoexplorer/results/checkpoint/algo_dualseed480k_20260427/masa_plus_mmgag_arena_pristine_a040_a0405_sine0405_dualseed480k/wave2_seed321_4gpu/pristine_seed321_t480k/geoexplorer.pt,swissviewmonuments,65,6,3,15,15,True,0,"[3, 2, 1, 0, 5, 10, 15]","[""left"", ""left"", ""left"", ""down"", ""down"", ""down""]","[1.0, 1.0, 1.0, 1.0, 1.0, 1.0]",6,img065_d6_s03_g15_r0,6,0
GeoExplorer-pristine,/root/geoexplorer/results/checkpoint/algo_dualseed480k_20260427/masa_plus_mmgag_arena_pristine_a040_a0405_sine0405_dualseed480k/wave2_seed321_4gpu/pristine_seed321_t480k/geoexplorer.pt,swissviewmonuments,66,4,2,16,18,False,2,"[2, 1, 0, 5, 10, 15, 20, 21, 22, 23, 18]","[""left"", ""left"", ""down"", ""down"", ""down"", ""down"", ""right"", ""right"", ""right"", ""up""]","[1.0, -1.0, 1.0, 1.0, 1.0, -1.0, 1.0, -1.0, -1.0, 1.0]",10,img066_d4_s02_g16_r0,4,6
GeoExplorer-pristine,/root/geoexplorer/results/checkpoint/algo_dualseed480k_20260427/masa_plus_mmgag_arena_pristine_a040_a0405_sine0405_dualseed480k/wave2_seed321_4gpu/pristine_seed321_t480k/geoexplorer.pt,swissviewmonuments,66,6,4,16,22,False,2,"[4, 3, 2, 1, 0, 5, 10, 15, 20, 21, 22]","[""left"", ""left"", ""left"", ""left"", ""down"", ""down"", ""down"", ""down"", ""right"", ""right""]","[1.0, 1.0, 1.0, -1.0, 1.0, 1.0, 1.0, -1.0, 1.0, -1.0]",10,img066_d6_s04_g16_r0,6,4
GeoExplorer-pristine,/root/geoexplorer/results/checkpoint/algo_dualseed480k_20260427/masa_plus_mmgag_arena_pristine_a040_a0405_sine0405_dualseed480k/wave2_seed321_4gpu/pristine_seed321_t480k/geoexplorer.pt,swissviewmonuments,67,4,3,17,21,False,2,"[3, 2, 1, 0, 5, 10, 15, 20, 21, 22, 21]","[""left"", ""left"", ""left"", ""down"", ""down"", ""down"", ""down"", ""right"", ""right"", ""left""]","[1.0, -1.0, -1.0, 1.0, 1.0, 1.0, -1.0, 1.0, 1.0, -1.0]",10,img067_d4_s03_g17_r0,4,6
GeoExplorer-pristine,/root/geoexplorer/results/checkpoint/algo_dualseed480k_20260427/masa_plus_mmgag_arena_pristine_a040_a0405_sine0405_dualseed480k/wave2_seed321_4gpu/pristine_seed321_t480k/geoexplorer.pt,swissviewmonuments,68,4,4,18,20,False,4,"[4, 3, 2, 1, 0, 5, 10, 15, 20, 21, 20]","[""left"", ""left"", ""left"", ""left"", ""down"", ""down"", ""down"", ""down"", ""right"", ""left""]","[1.0, -1.0, -1.0, -1.0, 1.0, 1.0, 1.0, -1.0, 1.0, -1.0]",10,img068_d4_s04_g18_r0,4,6
GeoExplorer-pristine,/root/geoexplorer/results/checkpoint/algo_dualseed480k_20260427/masa_plus_mmgag_arena_pristine_a040_a0405_sine0405_dualseed480k/wave2_seed321_4gpu/pristine_seed321_t480k/geoexplorer.pt,swissviewmonuments,68,6,0,18,6,False,4,"[0, 1, 2, 3, 2, 3, 2, 3, 2, 7, 6]","[""right"", ""right"", ""right"", ""left"", ""right"", ""left"", ""right"", ""left"", ""down"", ""left""]","[1.0, 1.0, 1.0, -1.0, 1.0, -1.0, 1.0, -1.0, 1.0, -1.0]",10,img068_d6_s00_g18_r0,6,4
GeoExplorer-pristine,/root/geoexplorer/results/checkpoint/algo_dualseed480k_20260427/masa_plus_mmgag_arena_pristine_a040_a0405_sine0405_dualseed480k/wave2_seed321_4gpu/pristine_seed321_t480k/geoexplorer.pt,swissviewmonuments,69,4,21,19,7,False,4,"[21, 16, 11, 12, 7, 8, 7, 6, 7, 6, 7]","[""up"", ""up"", ""right"", ""up"", ""right"", ""left"", ""left"", ""right"", ""left"", ""right""]","[1.0, -1.0, 1.0, -1.0, 1.0, -1.0, -1.0, 1.0, -1.0, 1.0]",10,img069_d4_s21_g19_r0,4,6
GeoExplorer-pristine,/root/geoexplorer/results/checkpoint/algo_dualseed480k_20260427/masa_plus_mmgag_arena_pristine_a040_a0405_sine0405_dualseed480k/wave2_seed321_4gpu/pristine_seed321_t480k/geoexplorer.pt,swissviewmonuments,69,6,1,19,19,True,0,"[1, 2, 3, 4, 9, 14, 19]","[""right"", ""right"", ""right"", ""down"", ""down"", ""down""]","[1.0, 1.0, 1.0, 1.0, 1.0, 1.0]",6,img069_d6_s01_g19_r0,6,0
GeoExplorer-pristine,/root/geoexplorer/results/checkpoint/algo_dualseed480k_20260427/masa_plus_mmgag_arena_pristine_a040_a0405_sine0405_dualseed480k/wave2_seed321_4gpu/pristine_seed321_t480k/geoexplorer.pt,swissviewmonuments,70,4,12,20,20,True,0,"[12, 11, 10, 15, 20]","[""left"", ""left"", ""down"", ""down""]","[1.0, 1.0, 1.0, 1.0]",4,img070_d4_s12_g20_r0,4,0
GeoExplorer-pristine,/root/geoexplorer/results/checkpoint/algo_dualseed480k_20260427/masa_plus_mmgag_arena_pristine_a040_a0405_sine0405_dualseed480k/wave2_seed321_4gpu/pristine_seed321_t480k/geoexplorer.pt,swissviewmonuments,70,6,8,20,20,True,0,"[8, 7, 6, 5, 10, 15, 20]","[""left"", ""left"", ""left"", ""down"", ""down"", ""down""]","[1.0, 1.0, 1.0, 1.0, 1.0, 1.0]",6,img070_d6_s08_g20_r0,6,0
GeoExplorer-pristine,/root/geoexplorer/results/checkpoint/algo_dualseed480k_20260427/masa_plus_mmgag_arena_pristine_a040_a0405_sine0405_dualseed480k/wave2_seed321_4gpu/pristine_seed321_t480k/geoexplorer.pt,swissviewmonuments,70,8,4,20,20,True,0,"[4, 3, 2, 1, 6, 11, 16, 15, 20]","[""left"", ""left"", ""left"", ""down"", ""down"", ""down"", ""left"", ""down""]","[1.0, 1.0, 1.0, 1.0, 1.0, 1.0, 1.0, 1.0]",8,img070_d8_s04_g20_r0,8,0
GeoExplorer-pristine,/root/geoexplorer/results/checkpoint/algo_dualseed480k_20260427/masa_plus_mmgag_arena_pristine_a040_a0405_sine0405_dualseed480k/wave2_seed321_4gpu/pristine_seed321_t480k/geoexplorer.pt,swissviewmonuments,71,4,5,21,21,True,0,"[5, 10, 15, 20, 21]","[""down"", ""down"", ""down"", ""right""]","[1.0, 1.0, 1.0, 1.0]",4,img071_d4_s05_g21_r0,4,0
GeoExplorer-pristine,/root/geoexplorer/results/checkpoint/algo_dualseed480k_20260427/masa_plus_mmgag_arena_pristine_a040_a0405_sine0405_dualseed480k/wave2_seed321_4gpu/pristine_seed321_t480k/geoexplorer.pt,swissviewmonuments,71,6,3,21,21,True,0,"[3, 2, 1, 0, 5, 10, 15, 20, 21]","[""left"", ""left"", ""left"", ""down"", ""down"", ""down"", ""down"", ""right""]","[1.0, 1.0, -1.0, 1.0, 1.0, 1.0, 1.0, 1.0]",8,img071_d6_s03_g21_r0,6,2
GeoExplorer-pristine,/root/geoexplorer/results/checkpoint/algo_dualseed480k_20260427/masa_plus_mmgag_arena_pristine_a040_a0405_sine0405_dualseed480k/wave2_seed321_4gpu/pristine_seed321_t480k/geoexplorer.pt,swissviewmonuments,72,4,14,22,20,False,2,"[14, 13, 12, 11, 16, 15, 20, 21, 20, 21, 20]","[""left"", ""left"", ""left"", ""down"", ""left"", ""down"", ""right"", ""left"", ""right"", ""left""]","[1.0, 1.0, -1.0, 1.0, -1.0, 1.0, 1.0, -1.0, 1.0, -1.0]",10,img072_d4_s14_g22_r0,4,6
GeoExplorer-pristine,/root/geoexplorer/results/checkpoint/algo_dualseed480k_20260427/masa_plus_mmgag_arena_pristine_a040_a0405_sine0405_dualseed480k/wave2_seed321_4gpu/pristine_seed321_t480k/geoexplorer.pt,swissviewmonuments,72,6,0,22,22,True,0,"[0, 5, 10, 15, 20, 21, 22]","[""down"", ""down"", ""down"", ""down"", ""right"", ""right""]","[1.0, 1.0, 1.0, 1.0, 1.0, 1.0]",6,img072_d6_s00_g22_r0,6,0
GeoExplorer-pristine,/root/geoexplorer/results/checkpoint/algo_dualseed480k_20260427/masa_plus_mmgag_arena_pristine_a040_a0405_sine0405_dualseed480k/wave2_seed321_4gpu/pristine_seed321_t480k/geoexplorer.pt,swissviewmonuments,73,4,3,23,21,False,2,"[3, 2, 1, 0, 5, 10, 15, 20, 21, 22, 21]","[""left"", ""left"", ""left"", ""down"", ""down"", ""down"", ""down"", ""right"", ""right"", ""left""]","[-1.0, -1.0, -1.0, 1.0, 1.0, 1.0, 1.0, 1.0, 1.0, -1.0]",10,img073_d4_s03_g23_r0,4,6
GeoExplorer-pristine,/root/geoexplorer/results/checkpoint/algo_dualseed480k_20260427/masa_plus_mmgag_arena_pristine_a040_a0405_sine0405_dualseed480k/wave2_seed321_4gpu/pristine_seed321_t480k/geoexplorer.pt,swissviewmonuments,73,6,5,23,23,True,0,"[5, 10, 15, 20, 21, 22, 23]","[""down"", ""down"", ""down"", ""right"", ""right"", ""right""]","[1.0, 1.0, 1.0, 1.0, 1.0, 1.0]",6,img073_d6_s05_g23_r0,6,0
GeoExplorer-pristine,/root/geoexplorer/results/checkpoint/algo_dualseed480k_20260427/masa_plus_mmgag_arena_pristine_a040_a0405_sine0405_dualseed480k/wave2_seed321_4gpu/pristine_seed321_t480k/geoexplorer.pt,swissviewmonuments,74,4,8,24,24,True,0,"[8, 7, 6, 5, 10, 15, 20, 21, 22, 23, 24]","[""left"", ""left"", ""left"", ""down"", ""down"", ""down"", ""right"", ""right"", ""right"", ""right""]","[-1.0, -1.0, -1.0, 1.0, 1.0, 1.0, 1.0, 1.0, 1.0, 1.0]",10,img074_d4_s08_g24_r0,4,6
GeoExplorer-pristine,/root/geoexplorer/results/checkpoint/algo_dualseed480k_20260427/masa_plus_mmgag_arena_pristine_a040_a0405_sine0405_dualseed480k/wave2_seed321_4gpu/pristine_seed321_t480k/geoexplorer.pt,swissviewmonuments,74,6,10,24,24,True,0,"[10, 11, 12, 13, 8, 9, 14, 19, 24]","[""right"", ""right"", ""right"", ""up"", ""right"", ""down"", ""down"", ""down""]","[1.0, 1.0, 1.0, -1.0, 1.0, 1.0, 1.0, 1.0]",8,img074_d6_s10_g24_r0,6,2
GeoExplorer-pristine,/root/geoexplorer/results/checkpoint/algo_dualseed480k_20260427/masa_plus_mmgag_arena_pristine_a040_a0405_sine0405_dualseed480k/wave2_seed321_4gpu/pristine_seed321_t480k/geoexplorer.pt,swissviewmonuments,74,8,0,24,24,True,0,"[0, 5, 10, 15, 20, 21, 22, 23, 24]","[""down"", ""down"", ""down"", ""down"", ""right"", ""right"", ""right"", ""right""]","[1.0, 1.0, 1.0, 1.0, 1.0, 1.0, 1.0, 1.0]",8,img074_d8_s00_g24_r0,8,0
GeoExplorer-pristine,/root/geoexplorer/results/checkpoint/algo_dualseed480k_20260427/masa_plus_mmgag_arena_pristine_a040_a0405_sine0405_dualseed480k/wave2_seed321_4gpu/pristine_seed321_t480k/geoexplorer.pt,swissviewmonuments,75,4,12,0,12,False,4,"[12, 7, 6, 7, 8, 13, 18, 13, 18, 13, 12]","[""up"", ""left"", ""right"", ""right"", ""down"", ""down"", ""up"", ""down"", ""up"", ""left""]","[1.0, 1.0, -1.0, -1.0, -1.0, -1.0, 1.0, -1.0, 1.0, 1.0]",10,img075_d4_s12_g00_r0,4,6
GeoExplorer-pristine,/root/geoexplorer/results/checkpoint/algo_dualseed480k_20260427/masa_plus_mmgag_arena_pristine_a040_a0405_sine0405_dualseed480k/wave2_seed321_4gpu/pristine_seed321_t480k/geoexplorer.pt,swissviewmonuments,75,6,22,0,6,False,2,"[22, 17, 12, 7, 6, 7, 6, 7, 6, 7, 6]","[""up"", ""up"", ""up"", ""left"", ""right"", ""left"", ""right"", ""left"", ""right"", ""left""]","[1.0, 1.0, 1.0, 1.0, -1.0, 1.0, -1.0, 1.0, -1.0, 1.0]",10,img075_d6_s22_g00_r0,6,4
GeoExplorer-pristine,/root/geoexplorer/results/checkpoint/algo_dualseed480k_20260427/masa_plus_mmgag_arena_pristine_a040_a0405_sine0405_dualseed480k/wave2_seed321_4gpu/pristine_seed321_t480k/geoexplorer.pt,swissviewmonuments,75,8,24,0,0,True,0,"[24, 19, 14, 9, 4, 3, 2, 1, 0]","[""up"", ""up"", ""up"", ""up"", ""left"", ""left"", ""left"", ""left""]","[1.0, 1.0, 1.0, 1.0, 1.0, 1.0, 1.0, 1.0]",8,img075_d8_s24_g00_r0,8,0
GeoExplorer-pristine,/root/geoexplorer/results/checkpoint/algo_dualseed480k_20260427/masa_plus_mmgag_arena_pristine_a040_a0405_sine0405_dualseed480k/wave2_seed321_4gpu/pristine_seed321_t480k/geoexplorer.pt,swissviewmonuments,76,4,9,1,21,False,4,"[9, 14, 19, 24, 23, 22, 21, 22, 21, 22, 21]","[""down"", ""down"", ""down"", ""left"", ""left"", ""left"", ""right"", ""left"", ""right"", ""left""]","[-1.0, -1.0, -1.0, 1.0, 1.0, 1.0, -1.0, 1.0, -1.0, 1.0]",10,img076_d4_s09_g01_r0,4,6
GeoExplorer-pristine,/root/geoexplorer/results/checkpoint/algo_dualseed480k_20260427/masa_plus_mmgag_arena_pristine_a040_a0405_sine0405_dualseed480k/wave2_seed321_4gpu/pristine_seed321_t480k/geoexplorer.pt,swissviewmonuments,76,6,23,1,1,True,0,"[23, 18, 13, 8, 7, 6, 5, 0, 5, 0, 1]","[""up"", ""up"", ""up"", ""left"", ""left"", ""left"", ""up"", ""down"", ""up"", ""right""]","[1.0, 1.0, 1.0, 1.0, 1.0, -1.0, 1.0, -1.0, 1.0, 1.0]",10,img076_d6_s23_g01_r0,6,4
GeoExplorer-pristine,/root/geoexplorer/results/checkpoint/algo_dualseed480k_20260427/masa_plus_mmgag_arena_pristine_a040_a0405_sine0405_dualseed480k/wave2_seed321_4gpu/pristine_seed321_t480k/geoexplorer.pt,swissviewmonuments,77,4,22,2,2,True,0,"[22, 17, 12, 7, 2]","[""up"", ""up"", ""up"", ""up""]","[1.0, 1.0, 1.0, 1.0]",4,img077_d4_s22_g02_r0,4,0
GeoExplorer-pristine,/root/geoexplorer/results/checkpoint/algo_dualseed480k_20260427/masa_plus_mmgag_arena_pristine_a040_a0405_sine0405_dualseed480k/wave2_seed321_4gpu/pristine_seed321_t480k/geoexplorer.pt,swissviewmonuments,77,6,24,2,2,True,0,"[24, 19, 14, 9, 4, 3, 2]","[""up"", ""up"", ""up"", ""up"", ""left"", ""left""]","[1.0, 1.0, 1.0, 1.0, 1.0, 1.0]",6,img077_d6_s24_g02_r0,6,0
GeoExplorer-pristine,/root/geoexplorer/results/checkpoint/algo_dualseed480k_20260427/masa_plus_mmgag_arena_pristine_a040_a0405_sine0405_dualseed480k/wave2_seed321_4gpu/pristine_seed321_t480k/geoexplorer.pt,swissviewmonuments,78,4,19,3,7,False,2,"[19, 14, 9, 8, 7, 6, 5, 6, 7, 6, 7]","[""up"", ""up"", ""left"", ""left"", ""left"", ""left"", ""right"", ""right"", ""left"", ""right""]","[1.0, 1.0, 1.0, -1.0, -1.0, -1.0, 1.0, 1.0, -1.0, 1.0]",10,img078_d4_s19_g03_r0,4,6
GeoExplorer-pristine,/root/geoexplorer/results/checkpoint/algo_dualseed480k_20260427/masa_plus_mmgag_arena_pristine_a040_a0405_sine0405_dualseed480k/wave2_seed321_4gpu/pristine_seed321_t480k/geoexplorer.pt,swissviewmonuments,78,6,15,3,3,True,0,"[15, 10, 5, 0, 1, 2, 3]","[""up"", ""up"", ""up"", ""right"", ""right"", ""right""]","[1.0, 1.0, 1.0, 1.0, 1.0, 1.0]",6,img078_d6_s15_g03_r0,6,0
GeoExplorer-pristine,/root/geoexplorer/results/checkpoint/algo_dualseed480k_20260427/masa_plus_mmgag_arena_pristine_a040_a0405_sine0405_dualseed480k/wave2_seed321_4gpu/pristine_seed321_t480k/geoexplorer.pt,swissviewmonuments,79,4,6,4,24,False,4,"[6, 7, 8, 13, 18, 23, 24, 23, 24, 23, 24]","[""right"", ""right"", ""down"", ""down"", ""down"", ""right"", ""left"", ""right"", ""left"", ""right""]","[1.0, 1.0, -1.0, -1.0, -1.0, 1.0, -1.0, 1.0, -1.0, 1.0]",10,img079_d4_s06_g04_r0,4,6
GeoExplorer-pristine,/root/geoexplorer/results/checkpoint/algo_dualseed480k_20260427/masa_plus_mmgag_arena_pristine_a040_a0405_sine0405_dualseed480k/wave2_seed321_4gpu/pristine_seed321_t480k/geoexplorer.pt,swissviewmonuments,79,6,16,4,4,True,0,"[16, 17, 18, 13, 8, 3, 4]","[""right"", ""right"", ""up"", ""up"", ""up"", ""right""]","[1.0, 1.0, 1.0, 1.0, 1.0, 1.0]",6,img079_d6_s16_g04_r0,6,0
GeoExplorer-pristine,/root/geoexplorer/results/checkpoint/algo_dualseed480k_20260427/masa_plus_mmgag_arena_pristine_a040_a0405_sine0405_dualseed480k/wave2_seed321_4gpu/pristine_seed321_t480k/geoexplorer.pt,swissviewmonuments,79,8,20,4,4,True,0,"[20, 21, 22, 23, 24, 19, 14, 9, 4]","[""right"", ""right"", ""right"", ""right"", ""up"", ""up"", ""up"", ""up""]","[1.0, 1.0, 1.0, 1.0, 1.0, 1.0, 1.0, 1.0]",8,img079_d8_s20_g04_r0,8,0
GeoExplorer-pristine,/root/geoexplorer/results/checkpoint/algo_dualseed480k_20260427/masa_plus_mmgag_arena_pristine_a040_a0405_sine0405_dualseed480k/wave2_seed321_4gpu/pristine_seed321_t480k/geoexplorer.pt,swissviewmonuments,80,4,3,5,5,True,0,"[3, 2, 1, 0, 5]","[""left"", ""left"", ""left"", ""down""]","[1.0, 1.0, 1.0, 1.0]",4,img080_d4_s03_g05_r0,4,0
GeoExplorer-pristine,/root/geoexplorer/results/checkpoint/algo_dualseed480k_20260427/masa_plus_mmgag_arena_pristine_a040_a0405_sine0405_dualseed480k/wave2_seed321_4gpu/pristine_seed321_t480k/geoexplorer.pt,swissviewmonuments,80,6,23,5,5,True,0,"[23, 18, 13, 8, 7, 6, 5]","[""up"", ""up"", ""up"", ""left"", ""left"", ""left""]","[1.0, 1.0, 1.0, 1.0, 1.0, 1.0]",6,img080_d6_s23_g05_r0,6,0
GeoExplorer-pristine,/root/geoexplorer/results/checkpoint/algo_dualseed480k_20260427/masa_plus_mmgag_arena_pristine_a040_a0405_sine0405_dualseed480k/wave2_seed321_4gpu/pristine_seed321_t480k/geoexplorer.pt,swissviewmonuments,81,4,4,6,10,False,2,"[4, 9, 14, 19, 18, 17, 16, 15, 10, 15, 10]","[""down"", ""down"", ""down"", ""left"", ""left"", ""left"", ""left"", ""up"", ""down"", ""up""]","[1.0, -1.0, -1.0, 1.0, 1.0, 1.0, -1.0, 1.0, -1.0, 1.0]",10,img081_d4_s04_g06_r0,4,6
GeoExplorer-pristine,/root/geoexplorer/results/checkpoint/algo_dualseed480k_20260427/masa_plus_mmgag_arena_pristine_a040_a0405_sine0405_dualseed480k/wave2_seed321_4gpu/pristine_seed321_t480k/geoexplorer.pt,swissviewmonuments,81,6,24,6,6,True,0,"[24, 19, 14, 9, 4, 3, 2, 1, 0, 5, 6]","[""up"", ""up"", ""up"", ""up"", ""left"", ""left"", ""left"", ""left"", ""down"", ""right""]","[1.0, 1.0, 1.0, -1.0, 1.0, 1.0, 1.0, -1.0, 1.0, 1.0]",10,img081_d6_s24_g06_r0,6,4
GeoExplorer-pristine,/root/geoexplorer/results/checkpoint/algo_dualseed480k_20260427/masa_plus_mmgag_arena_pristine_a040_a0405_sine0405_dualseed480k/wave2_seed321_4gpu/pristine_seed321_t480k/geoexplorer.pt,swissviewmonuments,82,4,15,7,19,False,4,"[15, 10, 5, 0, 1, 2, 3, 4, 9, 14, 19]","[""up"", ""up"", ""up"", ""right"", ""right"", ""right"", ""right"", ""down"", ""down"", ""down""]","[1.0, 1.0, -1.0, 1.0, 1.0, -1.0, -1.0, 1.0, -1.0, -1.0]",10,img082_d4_s15_g07_r0,4,6
GeoExplorer-pristine,/root/geoexplorer/results/checkpoint/algo_dualseed480k_20260427/masa_plus_mmgag_arena_pristine_a040_a0405_sine0405_dualseed480k/wave2_seed321_4gpu/pristine_seed321_t480k/geoexplorer.pt,swissviewmonuments,83,4,16,8,8,True,0,"[16, 11, 6, 7, 8]","[""up"", ""up"", ""right"", ""right""]","[1.0, 1.0, 1.0, 1.0]",4,img083_d4_s16_g08_r0,4,0
GeoExplorer-pristine,/root/geoexplorer/results/checkpoint/algo_dualseed480k_20260427/masa_plus_mmgag_arena_pristine_a040_a0405_sine0405_dualseed480k/wave2_seed321_4gpu/pristine_seed321_t480k/geoexplorer.pt,swissviewmonuments,83,6,20,8,14,False,2,"[20, 15, 10, 5, 0, 1, 2, 3, 4, 9, 14]","[""up"", ""up"", ""up"", ""up"", ""right"", ""right"", ""right"", ""right"", ""down"", ""down""]","[1.0, 1.0, 1.0, -1.0, 1.0, 1.0, 1.0, -1.0, 1.0, -1.0]",10,img083_d6_s20_g08_r0,6,4
GeoExplorer-pristine,/root/geoexplorer/results/checkpoint/algo_dualseed480k_20260427/masa_plus_mmgag_arena_pristine_a040_a0405_sine0405_dualseed480k/wave2_seed321_4gpu/pristine_seed321_t480k/geoexplorer.pt,swissviewmonuments,84,4,17,9,13,False,2,"[17, 12, 7, 6, 5, 0, 1, 2, 3, 8, 13]","[""up"", ""up"", ""left"", ""left"", ""up"", ""right"", ""right"", ""right"", ""down"", ""down""]","[1.0, 1.0, -1.0, -1.0, -1.0, 1.0, 1.0, 1.0, 1.0, -1.0]",10,img084_d4_s17_g09_r0,4,6
GeoExplorer-pristine,/root/geoexplorer/results/checkpoint/algo_dualseed480k_20260427/masa_plus_mmgag_arena_pristine_a040_a0405_sine0405_dualseed480k/wave2_seed321_4gpu/pristine_seed321_t480k/geoexplorer.pt,swissviewmonuments,84,6,15,9,7,False,2,"[15, 10, 5, 6, 7, 8, 13, 18, 13, 8, 7]","[""up"", ""up"", ""right"", ""right"", ""right"", ""down"", ""down"", ""up"", ""up"", ""left""]","[1.0, 1.0, 1.0, 1.0, 1.0, -1.0, -1.0, 1.0, 1.0, -1.0]",10,img084_d6_s15_g09_r0,6,4
GeoExplorer-pristine,/root/geoexplorer/results/checkpoint/algo_dualseed480k_20260427/masa_plus_mmgag_arena_pristine_a040_a0405_sine0405_dualseed480k/wave2_seed321_4gpu/pristine_seed321_t480k/geoexplorer.pt,swissviewmonuments,85,4,8,10,20,False,2,"[8, 7, 6, 11, 16, 15, 20, 21, 20, 21, 20]","[""left"", ""left"", ""down"", ""down"", ""left"", ""down"", ""right"", ""left"", ""right"", ""left""]","[1.0, 1.0, 1.0, -1.0, 1.0, -1.0, -1.0, 1.0, -1.0, 1.0]",10,img085_d4_s08_g10_r0,4,6
GeoExplorer-pristine,/root/geoexplorer/results/checkpoint/algo_dualseed480k_20260427/masa_plus_mmgag_arena_pristine_a040_a0405_sine0405_dualseed480k/wave2_seed321_4gpu/pristine_seed321_t480k/geoexplorer.pt,swissviewmonuments,85,6,4,10,20,False,2,"[4, 3, 2, 1, 6, 11, 16, 15, 20, 21, 20]","[""left"", ""left"", ""left"", ""down"", ""down"", ""down"", ""left"", ""down"", ""right"", ""left""]","[1.0, 1.0, 1.0, 1.0, 1.0, -1.0, 1.0, -1.0, -1.0, 1.0]",10,img085_d6_s04_g10_r0,6,4
GeoExplorer-pristine,/root/geoexplorer/results/checkpoint/algo_dualseed480k_20260427/masa_plus_mmgag_arena_pristine_a040_a0405_sine0405_dualseed480k/wave2_seed321_4gpu/pristine_seed321_t480k/geoexplorer.pt,swissviewmonuments,86,4,9,11,21,False,2,"[9, 14, 19, 18, 17, 16, 15, 20, 21, 20, 21]","[""down"", ""down"", ""left"", ""left"", ""left"", ""left"", ""down"", ""right"", ""left"", ""right""]","[1.0, -1.0, 1.0, 1.0, 1.0, -1.0, -1.0, 1.0, -1.0, 1.0]",10,img086_d4_s09_g11_r0,4,6
GeoExplorer-pristine,/root/geoexplorer/results/checkpoint/algo_dualseed480k_20260427/masa_plus_mmgag_arena_pristine_a040_a0405_sine0405_dualseed480k/wave2_seed321_4gpu/pristine_seed321_t480k/geoexplorer.pt,swissviewmonuments,87,4,24,12,16,False,2,"[24, 23, 22, 21, 20, 15, 10, 5, 10, 15, 16]","[""left"", ""left"", ""left"", ""left"", ""up"", ""up"", ""up"", ""down"", ""down"", ""right""]","[1.0, 1.0, -1.0, -1.0, 1.0, 1.0, -1.0, 1.0, -1.0, 1.0]",10,img087_d4_s24_g12_r0,4,6
GeoExplorer-pristine,/root/geoexplorer/results/checkpoint/algo_dualseed480k_20260427/masa_plus_mmgag_arena_pristine_a040_a0405_sine0405_dualseed480k/wave2_seed321_4gpu/pristine_seed321_t480k/geoexplorer.pt,swissviewmonuments,88,4,5,13,9,False,2,"[5, 10, 15, 16, 17, 18, 19, 14, 9, 14, 9]","[""down"", ""down"", ""right"", ""right"", ""right"", ""right"", ""up"", ""up"", ""down"", ""up""]","[1.0, -1.0, 1.0, 1.0, 1.0, -1.0, 1.0, -1.0, 1.0, -1.0]",10,img088_d4_s05_g13_r0,4,6
GeoExplorer-pristine,/root/geoexplorer/results/checkpoint/algo_dualseed480k_20260427/masa_plus_mmgag_arena_pristine_a040_a0405_sine0405_dualseed480k/wave2_seed321_4gpu/pristine_seed321_t480k/geoexplorer.pt,swissviewmonuments,89,4,16,14,4,False,2,"[16, 17, 18, 13, 8, 9, 4, 9, 4, 9, 4]","[""right"", ""right"", ""up"", ""up"", ""right"", ""up"", ""down"", ""up"", ""down"", ""up""]","[1.0, 1.0, 1.0, -1.0, 1.0, -1.0, 1.0, -1.0, 1.0, -1.0]",10,img089_d4_s16_g14_r0,4,6
GeoExplorer-pristine,/root/geoexplorer/results/checkpoint/algo_dualseed480k_20260427/masa_plus_mmgag_arena_pristine_a040_a0405_sine0405_dualseed480k/wave2_seed321_4gpu/pristine_seed321_t480k/geoexplorer.pt,swissviewmonuments,89,6,20,14,14,True,0,"[20, 21, 22, 23, 24, 19, 14]","[""right"", ""right"", ""right"", ""right"", ""up"", ""up""]","[1.0, 1.0, 1.0, 1.0, 1.0, 1.0]",6,img089_d6_s20_g14_r0,6,0
GeoExplorer-pristine,/root/geoexplorer/results/checkpoint/algo_dualseed480k_20260427/masa_plus_mmgag_arena_pristine_a040_a0405_sine0405_dualseed480k/wave2_seed321_4gpu/pristine_seed321_t480k/geoexplorer.pt,swissviewmonuments,90,4,19,15,1,False,4,"[19, 14, 9, 4, 3, 2, 1, 0, 5, 0, 1]","[""up"", ""up"", ""up"", ""left"", ""left"", ""left"", ""left"", ""down"", ""up"", ""right""]","[-1.0, -1.0, -1.0, 1.0, 1.0, 1.0, 1.0, 1.0, -1.0, -1.0]",10,img090_d4_s19_g15_r0,4,6
GeoExplorer-pristine,/root/geoexplorer/results/checkpoint/algo_dualseed480k_20260427/masa_plus_mmgag_arena_pristine_a040_a0405_sine0405_dualseed480k/wave2_seed321_4gpu/pristine_seed321_t480k/geoexplorer.pt,swissviewmonuments,90,6,9,15,21,False,2,"[9, 14, 19, 24, 23, 22, 21, 22, 21, 22, 21]","[""down"", ""down"", ""down"", ""left"", ""left"", ""left"", ""right"", ""left"", ""right"", ""left""]","[1.0, 1.0, -1.0, 1.0, 1.0, 1.0, -1.0, 1.0, -1.0, 1.0]",10,img090_d6_s09_g15_r0,6,4
GeoExplorer-pristine,/root/geoexplorer/results/checkpoint/algo_dualseed480k_20260427/masa_plus_mmgag_arena_pristine_a040_a0405_sine0405_dualseed480k/wave2_seed321_4gpu/pristine_seed321_t480k/geoexplorer.pt,swissviewmonuments,91,4,14,16,10,False,2,"[14, 13, 12, 11, 10, 5, 10, 5, 10, 5, 10]","[""left"", ""left"", ""left"", ""left"", ""up"", ""down"", ""up"", ""down"", ""up"", ""down""]","[1.0, 1.0, 1.0, -1.0, -1.0, 1.0, -1.0, 1.0, -1.0, 1.0]",10,img091_d4_s14_g16_r0,4,6
GeoExplorer-pristine,/root/geoexplorer/results/checkpoint/algo_dualseed480k_20260427/masa_plus_mmgag_arena_pristine_a040_a0405_sine0405_dualseed480k/wave2_seed321_4gpu/pristine_seed321_t480k/geoexplorer.pt,swissviewmonuments,91,6,4,16,20,False,2,"[4, 9, 14, 19, 24, 23, 22, 21, 20, 21, 20]","[""down"", ""down"", ""down"", ""down"", ""left"", ""left"", ""left"", ""left"", ""right"", ""left""]","[1.0, 1.0, 1.0, -1.0, 1.0, 1.0, 1.0, -1.0, 1.0, -1.0]",10,img091_d6_s04_g16_r0,6,4
GeoExplorer-pristine,/root/geoexplorer/results/checkpoint/algo_dualseed480k_20260427/masa_plus_mmgag_arena_pristine_a040_a0405_sine0405_dualseed480k/wave2_seed321_4gpu/pristine_seed321_t480k/geoexplorer.pt,swissviewmonuments,92,4,9,17,21,False,2,"[9, 14, 19, 24, 23, 22, 21, 20, 21, 20, 21]","[""down"", ""down"", ""down"", ""left"", ""left"", ""left"", ""left"", ""right"", ""left"", ""right""]","[1.0, 1.0, -1.0, 1.0, 1.0, -1.0, -1.0, 1.0, -1.0, 1.0]",10,img092_d4_s09_g17_r0,4,6
GeoExplorer-pristine,/root/geoexplorer/results/checkpoint/algo_dualseed480k_20260427/masa_plus_mmgag_arena_pristine_a040_a0405_sine0405_dualseed480k/wave2_seed321_4gpu/pristine_seed321_t480k/geoexplorer.pt,swissviewmonuments,93,4,20,18,4,False,4,"[20, 21, 22, 23, 24, 19, 14, 9, 4, 9, 4]","[""right"", ""right"", ""right"", ""right"", ""up"", ""up"", ""up"", ""up"", ""down"", ""up""]","[1.0, 1.0, 1.0, -1.0, 1.0, -1.0, -1.0, -1.0, 1.0, -1.0]",10,img093_d4_s20_g18_r0,4,6
GeoExplorer-pristine,/root/geoexplorer/results/checkpoint/algo_dualseed480k_20260427/masa_plus_mmgag_arena_pristine_a040_a0405_sine0405_dualseed480k/wave2_seed321_4gpu/pristine_seed321_t480k/geoexplorer.pt,swissviewmonuments,93,6,0,18,24,False,2,"[0, 5, 10, 15, 20, 21, 22, 23, 24, 23, 24]","[""down"", ""down"", ""down"", ""down"", ""right"", ""right"", ""right"", ""right"", ""left"", ""right""]","[1.0, 1.0, 1.0, -1.0, 1.0, 1.0, 1.0, -1.0, 1.0, -1.0]",10,img093_d6_s00_g18_r0,6,4
GeoExplorer-pristine,/root/geoexplorer/results/checkpoint/algo_dualseed480k_20260427/masa_plus_mmgag_arena_pristine_a040_a0405_sine0405_dualseed480k/wave2_seed321_4gpu/pristine_seed321_t480k/geoexplorer.pt,swissviewmonuments,94,4,3,19,23,False,2,"[3, 2, 1, 0, 5, 10, 15, 20, 21, 22, 23]","[""left"", ""left"", ""left"", ""down"", ""down"", ""down"", ""down"", ""right"", ""right"", ""right""]","[-1.0, -1.0, -1.0, 1.0, 1.0, 1.0, -1.0, 1.0, 1.0, 1.0]",10,img094_d4_s03_g19_r0,4,6
GeoExplorer-pristine,/root/geoexplorer/results/checkpoint/algo_dualseed480k_20260427/masa_plus_mmgag_arena_pristine_a040_a0405_sine0405_dualseed480k/wave2_seed321_4gpu/pristine_seed321_t480k/geoexplorer.pt,swissviewmonuments,94,6,1,19,19,True,0,"[1, 6, 7, 8, 13, 18, 23, 24, 19]","[""down"", ""right"", ""right"", ""down"", ""down"", ""down"", ""right"", ""up""]","[1.0, 1.0, 1.0, 1.0, 1.0, -1.0, 1.0, 1.0]",8,img094_d6_s01_g19_r0,6,2
GeoExplorer-pristine,/root/geoexplorer/results/checkpoint/algo_dualseed480k_20260427/masa_plus_mmgag_arena_pristine_a040_a0405_sine0405_dualseed480k/wave2_seed321_4gpu/pristine_seed321_t480k/geoexplorer.pt,swissviewmonuments,95,4,24,20,10,False,2,"[24, 19, 14, 9, 8, 7, 6, 5, 10, 5, 10]","[""up"", ""up"", ""up"", ""left"", ""left"", ""left"", ""left"", ""down"", ""up"", ""down""]","[-1.0, -1.0, -1.0, 1.0, 1.0, 1.0, 1.0, 1.0, -1.0, 1.0]",10,img095_d4_s24_g20_r0,4,6
GeoExplorer-pristine,/root/geoexplorer/results/checkpoint/algo_dualseed480k_20260427/masa_plus_mmgag_arena_pristine_a040_a0405_sine0405_dualseed480k/wave2_seed321_4gpu/pristine_seed321_t480k/geoexplorer.pt,swissviewmonuments,95,6,14,20,20,True,0,"[14, 9, 8, 7, 6, 5, 10, 15, 20]","[""up"", ""left"", ""left"", ""left"", ""left"", ""down"", ""down"", ""down""]","[-1.0, 1.0, 1.0, 1.0, 1.0, 1.0, 1.0, 1.0]",8,img095_d6_s14_g20_r0,6,2
GeoExplorer-pristine,/root/geoexplorer/results/checkpoint/algo_dualseed480k_20260427/masa_plus_mmgag_arena_pristine_a040_a0405_sine0405_dualseed480k/wave2_seed321_4gpu/pristine_seed321_t480k/geoexplorer.pt,swissviewmonuments,95,8,4,20,20,True,0,"[4, 9, 14, 19, 24, 23, 22, 21, 20]","[""down"", ""down"", ""down"", ""down"", ""left"", ""left"", ""left"", ""left""]","[1.0, 1.0, 1.0, 1.0, 1.0, 1.0, 1.0, 1.0]",8,img095_d8_s04_g20_r0,8,0
GeoExplorer-pristine,/root/geoexplorer/results/checkpoint/algo_dualseed480k_20260427/masa_plus_mmgag_arena_pristine_a040_a0405_sine0405_dualseed480k/wave2_seed321_4gpu/pristine_seed321_t480k/geoexplorer.pt,swissviewmonuments,96,4,19,21,1,False,4,"[19, 14, 9, 8, 7, 6, 5, 0, 1, 0, 1]","[""up"", ""up"", ""left"", ""left"", ""left"", ""left"", ""up"", ""right"", ""left"", ""right""]","[-1.0, -1.0, 1.0, 1.0, 1.0, -1.0, -1.0, 1.0, -1.0, 1.0]",10,img096_d4_s19_g21_r0,4,6
GeoExplorer-pristine,/root/geoexplorer/results/checkpoint/algo_dualseed480k_20260427/masa_plus_mmgag_arena_pristine_a040_a0405_sine0405_dualseed480k/wave2_seed321_4gpu/pristine_seed321_t480k/geoexplorer.pt,swissviewmonuments,96,6,9,21,1,False,4,"[9, 14, 19, 18, 17, 16, 15, 10, 5, 0, 1]","[""down"", ""down"", ""left"", ""left"", ""left"", ""left"", ""up"", ""up"", ""up"", ""right""]","[1.0, 1.0, 1.0, 1.0, 1.0, -1.0, -1.0, -1.0, -1.0, 1.0]",10,img096_d6_s09_g21_r0,6,4
GeoExplorer-pristine,/root/geoexplorer/results/checkpoint/algo_dualseed480k_20260427/masa_plus_mmgag_arena_pristine_a040_a0405_sine0405_dualseed480k/wave2_seed321_4gpu/pristine_seed321_t480k/geoexplorer.pt,swissviewmonuments,97,4,6,22,24,False,2,"[6, 7, 8, 13, 18, 23, 24, 19, 24, 19, 24]","[""right"", ""right"", ""down"", ""down"", ""down"", ""right"", ""up"", ""down"", ""up"", ""down""]","[1.0, -1.0, 1.0, 1.0, 1.0, -1.0, -1.0, 1.0, -1.0, 1.0]",10,img097_d4_s06_g22_r0,4,6
GeoExplorer-pristine,/root/geoexplorer/results/checkpoint/algo_dualseed480k_20260427/masa_plus_mmgag_arena_pristine_a040_a0405_sine0405_dualseed480k/wave2_seed321_4gpu/pristine_seed321_t480k/geoexplorer.pt,swissviewmonuments,97,6,4,22,22,True,0,"[4, 9, 14, 19, 24, 23, 22]","[""down"", ""down"", ""down"", ""down"", ""left"", ""left""]","[1.0, 1.0, 1.0, 1.0, 1.0, 1.0]",6,img097_d6_s04_g22_r0,6,0
GeoExplorer-pristine,/root/geoexplorer/results/checkpoint/algo_dualseed480k_20260427/masa_plus_mmgag_arena_pristine_a040_a0405_sine0405_dualseed480k/wave2_seed321_4gpu/pristine_seed321_t480k/geoexplorer.pt,swissviewmonuments,98,4,9,23,23,True,0,"[9, 14, 19, 24, 23]","[""down"", ""down"", ""down"", ""left""]","[1.0, 1.0, 1.0, 1.0]",4,img098_d4_s09_g23_r0,4,0
GeoExplorer-pristine,/root/geoexplorer/results/checkpoint/algo_dualseed480k_20260427/masa_plus_mmgag_arena_pristine_a040_a0405_sine0405_dualseed480k/wave2_seed321_4gpu/pristine_seed321_t480k/geoexplorer.pt,swissviewmonuments,98,6,1,23,23,True,0,"[1, 2, 3, 8, 13, 18, 23]","[""right"", ""right"", ""down"", ""down"", ""down"", ""down""]","[1.0, 1.0, 1.0, 1.0, 1.0, 1.0]",6,img098_d6_s01_g23_r0,6,0
GeoExplorer-pristine,/root/geoexplorer/results/checkpoint/algo_dualseed480k_20260427/masa_plus_mmgag_arena_pristine_a040_a0405_sine0405_dualseed480k/wave2_seed321_4gpu/pristine_seed321_t480k/geoexplorer.pt,swissviewmonuments,99,4,20,24,4,False,4,"[20, 15, 10, 5, 0, 1, 2, 3, 4, 9, 4]","[""up"", ""up"", ""up"", ""up"", ""right"", ""right"", ""right"", ""right"", ""down"", ""up""]","[-1.0, -1.0, -1.0, -1.0, 1.0, 1.0, 1.0, 1.0, 1.0, -1.0]",10,img099_d4_s20_g24_r0,4,6
GeoExplorer-pristine,/root/geoexplorer/results/checkpoint/algo_dualseed480k_20260427/masa_plus_mmgag_arena_pristine_a040_a0405_sine0405_dualseed480k/wave2_seed321_4gpu/pristine_seed321_t480k/geoexplorer.pt,swissviewmonuments,99,6,2,24,20,False,4,"[2, 3, 8, 13, 18, 23, 22, 21, 20, 15, 20]","[""right"", ""down"", ""down"", ""down"", ""down"", ""left"", ""left"", ""left"", ""up"", ""down""]","[1.0, 1.0, 1.0, 1.0, 1.0, -1.0, -1.0, -1.0, -1.0, 1.0]",10,img099_d6_s02_g24_r0,6,4
GeoExplorer-pristine,/root/geoexplorer/results/checkpoint/algo_dualseed480k_20260427/masa_plus_mmgag_arena_pristine_a040_a0405_sine0405_dualseed480k/wave2_seed321_4gpu/pristine_seed321_t480k/geoexplorer.pt,swissviewmonuments,99,8,0,24,24,True,0,"[0, 5, 10, 15, 16, 17, 18, 19, 24]","[""down"", ""down"", ""down"", ""right"", ""right"", ""right"", ""right"", ""down""]","[1.0, 1.0, 1.0, 1.0, 1.0, 1.0, 1.0, 1.0]",8,img099_d8_s00_g24_r0,8,0
GeoExplorer-pristine,/root/geoexplorer/results/checkpoint/algo_dualseed480k_20260427/masa_plus_mmgag_arena_pristine_a040_a0405_sine0405_dualseed480k/wave2_seed321_4gpu/pristine_seed321_t480k/geoexplorer.pt,swissviewmonuments,100,4,16,0,4,False,4,"[16, 17, 18, 13, 8, 3, 4, 3, 4, 9, 4]","[""right"", ""right"", ""up"", ""up"", ""up"", ""right"", ""left"", ""right"", ""down"", ""up""]","[-1.0, -1.0, 1.0, 1.0, 1.0, -1.0, 1.0, -1.0, -1.0, 1.0]",10,img100_d4_s16_g00_r0,4,6
GeoExplorer-pristine,/root/geoexplorer/results/checkpoint/algo_dualseed480k_20260427/masa_plus_mmgag_arena_pristine_a040_a0405_sine0405_dualseed480k/wave2_seed321_4gpu/pristine_seed321_t480k/geoexplorer.pt,swissviewmonuments,100,6,14,0,0,True,0,"[14, 9, 4, 3, 2, 1, 0]","[""up"", ""up"", ""left"", ""left"", ""left"", ""left""]","[1.0, 1.0, 1.0, 1.0, 1.0, 1.0]",6,img100_d6_s14_g00_r0,6,0
GeoExplorer-pristine,/root/geoexplorer/results/checkpoint/algo_dualseed480k_20260427/masa_plus_mmgag_arena_pristine_a040_a0405_sine0405_dualseed480k/wave2_seed321_4gpu/pristine_seed321_t480k/geoexplorer.pt,swissviewmonuments,100,8,24,0,0,True,0,"[24, 19, 14, 9, 4, 3, 2, 1, 0]","[""up"", ""up"", ""up"", ""up"", ""left"", ""left"", ""left"", ""left""]","[1.0, 1.0, 1.0, 1.0, 1.0, 1.0, 1.0, 1.0]",8,img100_d8_s24_g00_r0,8,0
GeoExplorer-pristine,/root/geoexplorer/results/checkpoint/algo_dualseed480k_20260427/masa_plus_mmgag_arena_pristine_a040_a0405_sine0405_dualseed480k/wave2_seed321_4gpu/pristine_seed321_t480k/geoexplorer.pt,swissviewmonuments,101,4,15,1,5,False,2,"[15, 16, 17, 18, 13, 8, 7, 6, 5, 0, 5]","[""right"", ""right"", ""right"", ""up"", ""up"", ""left"", ""left"", ""left"", ""up"", ""down""]","[1.0, -1.0, -1.0, 1.0, 1.0, 1.0, 1.0, -1.0, 1.0, -1.0]",10,img101_d4_s15_g01_r0,4,6
GeoExplorer-pristine,/root/geoexplorer/results/checkpoint/algo_dualseed480k_20260427/masa_plus_mmgag_arena_pristine_a040_a0405_sine0405_dualseed480k/wave2_seed321_4gpu/pristine_seed321_t480k/geoexplorer.pt,swissviewmonuments,101,6,19,1,1,True,0,"[19, 18, 17, 16, 15, 10, 5, 0, 1]","[""left"", ""left"", ""left"", ""left"", ""up"", ""up"", ""up"", ""right""]","[1.0, 1.0, 1.0, -1.0, 1.0, 1.0, 1.0, 1.0]",8,img101_d6_s19_g01_r0,6,2
GeoExplorer-pristine,/root/geoexplorer/results/checkpoint/algo_dualseed480k_20260427/masa_plus_mmgag_arena_pristine_a040_a0405_sine0405_dualseed480k/wave2_seed321_4gpu/pristine_seed321_t480k/geoexplorer.pt,swissviewmonuments,102,4,18,2,2,True,0,"[18, 13, 8, 7, 6, 5, 0, 1, 0, 1, 2]","[""up"", ""up"", ""left"", ""left"", ""left"", ""up"", ""right"", ""left"", ""right"", ""right""]","[1.0, 1.0, 1.0, -1.0, -1.0, 1.0, 1.0, -1.0, 1.0, 1.0]",10,img102_d4_s18_g02_r0,4,6
GeoExplorer-pristine,/root/geoexplorer/results/checkpoint/algo_dualseed480k_20260427/masa_plus_mmgag_arena_pristine_a040_a0405_sine0405_dualseed480k/wave2_seed321_4gpu/pristine_seed321_t480k/geoexplorer.pt,swissviewmonuments,102,6,24,2,2,True,0,"[24, 23, 22, 21, 20, 15, 10, 5, 0, 1, 2]","[""left"", ""left"", ""left"", ""left"", ""up"", ""up"", ""up"", ""up"", ""right"", ""right""]","[1.0, 1.0, -1.0, -1.0, 1.0, 1.0, 1.0, 1.0, 1.0, 1.0]",10,img102_d6_s24_g02_r0,6,4
GeoExplorer-pristine,/root/geoexplorer/results/checkpoint/algo_dualseed480k_20260427/masa_plus_mmgag_arena_pristine_a040_a0405_sine0405_dualseed480k/wave2_seed321_4gpu/pristine_seed321_t480k/geoexplorer.pt,swissviewmonuments,103,4,5,3,23,False,4,"[5, 6, 7, 8, 9, 14, 19, 24, 19, 24, 23]","[""right"", ""right"", ""right"", ""right"", ""down"", ""down"", ""down"", ""up"", ""down"", ""left""]","[1.0, 1.0, 1.0, -1.0, -1.0, -1.0, -1.0, 1.0, -1.0, 1.0]",10,img103_d4_s05_g03_r0,4,6
GeoExplorer-pristine,/root/geoexplorer/results/checkpoint/algo_dualseed480k_20260427/masa_plus_mmgag_arena_pristine_a040_a0405_sine0405_dualseed480k/wave2_seed321_4gpu/pristine_seed321_t480k/geoexplorer.pt,swissviewmonuments,103,6,21,3,9,False,2,"[21, 22, 23, 24, 19, 14, 9, 4, 9, 14, 9]","[""right"", ""right"", ""right"", ""up"", ""up"", ""up"", ""up"", ""down"", ""down"", ""up""]","[1.0, 1.0, -1.0, 1.0, 1.0, 1.0, 1.0, -1.0, -1.0, 1.0]",10,img103_d6_s21_g03_r0,6,4
GeoExplorer-pristine,/root/geoexplorer/results/checkpoint/algo_dualseed480k_20260427/masa_plus_mmgag_arena_pristine_a040_a0405_sine0405_dualseed480k/wave2_seed321_4gpu/pristine_seed321_t480k/geoexplorer.pt,swissviewmonuments,104,4,24,4,4,True,0,"[24, 19, 14, 9, 4]","[""up"", ""up"", ""up"", ""up""]","[1.0, 1.0, 1.0, 1.0]",4,img104_d4_s24_g04_r0,4,0
GeoExplorer-pristine,/root/geoexplorer/results/checkpoint/algo_dualseed480k_20260427/masa_plus_mmgag_arena_pristine_a040_a0405_sine0405_dualseed480k/wave2_seed321_4gpu/pristine_seed321_t480k/geoexplorer.pt,swissviewmonuments,104,6,22,4,4,True,0,"[22, 23, 24, 19, 14, 9, 4]","[""right"", ""right"", ""up"", ""up"", ""up"", ""up""]","[1.0, 1.0, 1.0, 1.0, 1.0, 1.0]",6,img104_d6_s22_g04_r0,6,0
GeoExplorer-pristine,/root/geoexplorer/results/checkpoint/algo_dualseed480k_20260427/masa_plus_mmgag_arena_pristine_a040_a0405_sine0405_dualseed480k/wave2_seed321_4gpu/pristine_seed321_t480k/geoexplorer.pt,swissviewmonuments,104,8,20,4,4,True,0,"[20, 21, 22, 23, 24, 19, 14, 9, 4]","[""right"", ""right"", ""right"", ""right"", ""up"", ""up"", ""up"", ""up""]","[1.0, 1.0, 1.0, 1.0, 1.0, 1.0, 1.0, 1.0]",8,img104_d8_s20_g04_r0,8,0
GeoExplorer-pristine,/root/geoexplorer/results/checkpoint/algo_dualseed480k_20260427/masa_plus_mmgag_arena_pristine_a040_a0405_sine0405_dualseed480k/wave2_seed321_4gpu/pristine_seed321_t480k/geoexplorer.pt,swissviewmonuments,105,4,17,5,5,True,0,"[17, 16, 15, 10, 5]","[""left"", ""left"", ""up"", ""up""]","[1.0, 1.0, 1.0, 1.0]",4,img105_d4_s17_g05_r0,4,0
GeoExplorer-pristine,/root/geoexplorer/results/checkpoint/algo_dualseed480k_20260427/masa_plus_mmgag_arena_pristine_a040_a0405_sine0405_dualseed480k/wave2_seed321_4gpu/pristine_seed321_t480k/geoexplorer.pt,swissviewmonuments,105,6,19,5,5,True,0,"[19, 18, 17, 16, 15, 10, 5]","[""left"", ""left"", ""left"", ""left"", ""up"", ""up""]","[1.0, 1.0, 1.0, 1.0, 1.0, 1.0]",6,img105_d6_s19_g05_r0,6,0
GeoExplorer-pristine,/root/geoexplorer/results/checkpoint/algo_dualseed480k_20260427/masa_plus_mmgag_arena_pristine_a040_a0405_sine0405_dualseed480k/wave2_seed321_4gpu/pristine_seed321_t480k/geoexplorer.pt,swissviewmonuments,106,4,14,6,6,True,0,"[14, 9, 4, 3, 2, 1, 0, 5, 10, 5, 6]","[""up"", ""up"", ""left"", ""left"", ""left"", ""left"", ""down"", ""down"", ""up"", ""right""]","[1.0, -1.0, 1.0, 1.0, 1.0, -1.0, 1.0, -1.0, 1.0, 1.0]",10,img106_d4_s14_g06_r0,4,6
GeoExplorer-pristine,/root/geoexplorer/results/checkpoint/algo_dualseed480k_20260427/masa_plus_mmgag_arena_pristine_a040_a0405_sine0405_dualseed480k/wave2_seed321_4gpu/pristine_seed321_t480k/geoexplorer.pt,swissviewmonuments,106,6,24,6,2,False,2,"[24, 19, 14, 9, 4, 3, 2, 1, 0, 1, 2]","[""up"", ""up"", ""up"", ""up"", ""left"", ""left"", ""left"", ""left"", ""right"", ""right""]","[1.0, 1.0, 1.0, -1.0, 1.0, 1.0, 1.0, -1.0, 1.0, -1.0]",10,img106_d6_s24_g06_r0,6,4
GeoExplorer-pristine,/root/geoexplorer/results/checkpoint/algo_dualseed480k_20260427/masa_plus_mmgag_arena_pristine_a040_a0405_sine0405_dualseed480k/wave2_seed321_4gpu/pristine_seed321_t480k/geoexplorer.pt,swissviewmonuments,107,4,23,7,3,False,2,"[23, 22, 21, 20, 15, 10, 5, 0, 1, 2, 3]","[""left"", ""left"", ""left"", ""up"", ""up"", ""up"", ""up"", ""right"", ""right"", ""right""]","[1.0, -1.0, -1.0, 1.0, 1.0, 1.0, -1.0, 1.0, 1.0, -1.0]",10,img107_d4_s23_g07_r0,4,6
GeoExplorer-pristine,/root/geoexplorer/results/checkpoint/algo_dualseed480k_20260427/masa_plus_mmgag_arena_pristine_a040_a0405_sine0405_dualseed480k/wave2_seed321_4gpu/pristine_seed321_t480k/geoexplorer.pt,swissviewmonuments,108,4,0,8,24,False,4,"[0, 1, 2, 3, 4, 9, 14, 19, 24, 23, 24]","[""right"", ""right"", ""right"", ""right"", ""down"", ""down"", ""down"", ""down"", ""left"", ""right""]","[1.0, 1.0, 1.0, -1.0, 1.0, -1.0, -1.0, -1.0, 1.0, -1.0]",10,img108_d4_s00_g08_r0,4,6
GeoExplorer-pristine,/root/geoexplorer/results/checkpoint/algo_dualseed480k_20260427/masa_plus_mmgag_arena_pristine_a040_a0405_sine0405_dualseed480k/wave2_seed321_4gpu/pristine_seed321_t480k/geoexplorer.pt,swissviewmonuments,108,6,20,8,14,False,2,"[20, 21, 22, 23, 24, 19, 14, 9, 14, 9, 14]","[""right"", ""right"", ""right"", ""right"", ""up"", ""up"", ""up"", ""down"", ""up"", ""down""]","[1.0, 1.0, 1.0, -1.0, 1.0, 1.0, 1.0, -1.0, 1.0, -1.0]",10,img108_d6_s20_g08_r0,6,4
GeoExplorer-pristine,/root/geoexplorer/results/checkpoint/algo_dualseed480k_20260427/masa_plus_mmgag_arena_pristine_a040_a0405_sine0405_dualseed480k/wave2_seed321_4gpu/pristine_seed321_t480k/geoexplorer.pt,swissviewmonuments,109,4,1,9,19,False,2,"[1, 2, 3, 8, 13, 18, 23, 24, 19, 24, 19]","[""right"", ""right"", ""down"", ""down"", ""down"", ""down"", ""right"", ""up"", ""down"", ""up""]","[1.0, 1.0, 1.0, -1.0, -1.0, -1.0, 1.0, 1.0, -1.0, 1.0]",10,img109_d4_s01_g09_r0,4,6
GeoExplorer-pristine,/root/geoexplorer/results/checkpoint/algo_dualseed480k_20260427/masa_plus_mmgag_arena_pristine_a040_a0405_sine0405_dualseed480k/wave2_seed321_4gpu/pristine_seed321_t480k/geoexplorer.pt,swissviewmonuments,109,6,21,9,9,True,0,"[21, 22, 23, 24, 19, 14, 9]","[""right"", ""right"", ""right"", ""up"", ""up"", ""up""]","[1.0, 1.0, 1.0, 1.0, 1.0, 1.0]",6,img109_d6_s21_g09_r0,6,0
GeoExplorer-pristine,/root/geoexplorer/results/checkpoint/algo_dualseed480k_20260427/masa_plus_mmgag_arena_pristine_a040_a0405_sine0405_dualseed480k/wave2_seed321_4gpu/pristine_seed321_t480k/geoexplorer.pt,swissviewmonuments,110,4,18,10,10,True,0,"[18, 17, 16, 15, 10]","[""left"", ""left"", ""left"", ""up""]","[1.0, 1.0, 1.0, 1.0]",4,img110_d4_s18_g10_r0,4,0
GeoExplorer-pristine,/root/geoexplorer/results/checkpoint/algo_dualseed480k_20260427/masa_plus_mmgag_arena_pristine_a040_a0405_sine0405_dualseed480k/wave2_seed321_4gpu/pristine_seed321_t480k/geoexplorer.pt,swissviewmonuments,110,6,24,10,10,True,0,"[24, 23, 22, 21, 20, 15, 10]","[""left"", ""left"", ""left"", ""left"", ""up"", ""up""]","[1.0, 1.0, 1.0, 1.0, 1.0, 1.0]",6,img110_d6_s24_g10_r0,6,0
GeoExplorer-pristine,/root/geoexplorer/results/checkpoint/algo_dualseed480k_20260427/masa_plus_mmgag_arena_pristine_a040_a0405_sine0405_dualseed480k/wave2_seed321_4gpu/pristine_seed321_t480k/geoexplorer.pt,swissviewmonuments,111,4,9,11,11,True,0,"[9, 8, 7, 6, 11]","[""left"", ""left"", ""left"", ""down""]","[1.0, 1.0, 1.0, 1.0]",4,img111_d4_s09_g11_r0,4,0
GeoExplorer-pristine,/root/geoexplorer/results/checkpoint/algo_dualseed480k_20260427/masa_plus_mmgag_arena_pristine_a040_a0405_sine0405_dualseed480k/wave2_seed321_4gpu/pristine_seed321_t480k/geoexplorer.pt,swissviewmonuments,112,4,20,12,14,False,2,"[20, 21, 22, 23, 24, 19, 14, 9, 14, 9, 14]","[""right"", ""right"", ""right"", ""right"", ""up"", ""up"", ""up"", ""down"", ""up"", ""down""]","[1.0, 1.0, -1.0, -1.0, 1.0, 1.0, -1.0, 1.0, -1.0, 1.0]",10,img112_d4_s20_g12_r0,4,6
GeoExplorer-pristine,/root/geoexplorer/results/checkpoint/algo_dualseed480k_20260427/masa_plus_mmgag_arena_pristine_a040_a0405_sine0405_dualseed480k/wave2_seed321_4gpu/pristine_seed321_t480k/geoexplorer.pt,swissviewmonuments,113,4,21,13,9,False,2,"[21, 20, 21, 22, 23, 24, 19, 14, 9, 14, 9]","[""left"", ""right"", ""right"", ""right"", ""right"", ""up"", ""up"", ""up"", ""down"", ""up""]","[-1.0, 1.0, 1.0, 1.0, -1.0, 1.0, 1.0, -1.0, 1.0, -1.0]",10,img113_d4_s21_g13_r0,4,6
GeoExplorer-pristine,/root/geoexplorer/results/checkpoint/algo_dualseed480k_20260427/masa_plus_mmgag_arena_pristine_a040_a0405_sine0405_dualseed480k/wave2_seed321_4gpu/pristine_seed321_t480k/geoexplorer.pt,swissviewmonuments,114,4,16,14,14,True,0,"[16, 11, 12, 13, 8, 3, 4, 3, 4, 9, 14]","[""up"", ""right"", ""right"", ""up"", ""up"", ""right"", ""left"", ""right"", ""down"", ""down""]","[1.0, 1.0, 1.0, -1.0, -1.0, 1.0, -1.0, 1.0, 1.0, 1.0]",10,img114_d4_s16_g14_r0,4,6
GeoExplorer-pristine,/root/geoexplorer/results/checkpoint/algo_dualseed480k_20260427/masa_plus_mmgag_arena_pristine_a040_a0405_sine0405_dualseed480k/wave2_seed321_4gpu/pristine_seed321_t480k/geoexplorer.pt,swissviewmonuments,114,6,20,14,4,False,2,"[20, 15, 10, 5, 0, 1, 2, 3, 4, 3, 4]","[""up"", ""up"", ""up"", ""up"", ""right"", ""right"", ""right"", ""right"", ""left"", ""right""]","[1.0, 1.0, -1.0, -1.0, 1.0, 1.0, 1.0, 1.0, -1.0, 1.0]",10,img114_d6_s20_g14_r0,6,4
GeoExplorer-pristine,/root/geoexplorer/results/checkpoint/algo_dualseed480k_20260427/masa_plus_mmgag_arena_pristine_a040_a0405_sine0405_dualseed480k/wave2_seed321_4gpu/pristine_seed321_t480k/geoexplorer.pt,swissviewmonuments,115,4,23,15,15,True,0,"[23, 22, 21, 20, 15]","[""left"", ""left"", ""left"", ""up""]","[1.0, 1.0, 1.0, 1.0]",4,img115_d4_s23_g15_r0,4,0
GeoExplorer-pristine,/root/geoexplorer/results/checkpoint/algo_dualseed480k_20260427/masa_plus_mmgag_arena_pristine_a040_a0405_sine0405_dualseed480k/wave2_seed321_4gpu/pristine_seed321_t480k/geoexplorer.pt,swissviewmonuments,115,6,9,15,21,False,2,"[9, 8, 7, 6, 11, 16, 21, 22, 21, 22, 21]","[""left"", ""left"", ""left"", ""down"", ""down"", ""down"", ""right"", ""left"", ""right"", ""left""]","[1.0, 1.0, 1.0, 1.0, 1.0, -1.0, -1.0, 1.0, -1.0, 1.0]",10,img115_d6_s09_g15_r0,6,4
GeoExplorer-pristine,/root/geoexplorer/results/checkpoint/algo_dualseed480k_20260427/masa_plus_mmgag_arena_pristine_a040_a0405_sine0405_dualseed480k/wave2_seed321_4gpu/pristine_seed321_t480k/geoexplorer.pt,swissviewmonuments,116,4,2,16,24,False,4,"[2, 1, 0, 5, 10, 15, 20, 21, 22, 23, 24]","[""left"", ""left"", ""down"", ""down"", ""down"", ""down"", ""right"", ""right"", ""right"", ""right""]","[1.0, -1.0, 1.0, 1.0, 1.0, -1.0, 1.0, -1.0, -1.0, -1.0]",10,img116_d4_s02_g16_r0,4,6
GeoExplorer-pristine,/root/geoexplorer/results/checkpoint/algo_dualseed480k_20260427/masa_plus_mmgag_arena_pristine_a040_a0405_sine0405_dualseed480k/wave2_seed321_4gpu/pristine_seed321_t480k/geoexplorer.pt,swissviewmonuments,116,6,4,16,22,False,2,"[4, 9, 14, 19, 24, 23, 22, 21, 20, 21, 22]","[""down"", ""down"", ""down"", ""down"", ""left"", ""left"", ""left"", ""left"", ""right"", ""right""]","[1.0, 1.0, 1.0, -1.0, 1.0, 1.0, 1.0, -1.0, 1.0, -1.0]",10,img116_d6_s04_g16_r0,6,4
GeoExplorer-pristine,/root/geoexplorer/results/checkpoint/algo_dualseed480k_20260427/masa_plus_mmgag_arena_pristine_a040_a0405_sine0405_dualseed480k/wave2_seed321_4gpu/pristine_seed321_t480k/geoexplorer.pt,swissviewmonuments,117,4,3,17,23,False,2,"[3, 2, 1, 0, 5, 10, 15, 20, 21, 22, 23]","[""left"", ""left"", ""left"", ""down"", ""down"", ""down"", ""down"", ""right"", ""right"", ""right""]","[1.0, -1.0, -1.0, 1.0, 1.0, 1.0, -1.0, 1.0, 1.0, -1.0]",10,img117_d4_s03_g17_r0,4,6
GeoExplorer-pristine,/root/geoexplorer/results/checkpoint/algo_dualseed480k_20260427/masa_plus_mmgag_arena_pristine_a040_a0405_sine0405_dualseed480k/wave2_seed321_4gpu/pristine_seed321_t480k/geoexplorer.pt,swissviewmonuments,118,4,2,18,24,False,2,"[2, 1, 6, 11, 16, 21, 22, 23, 24, 19, 24]","[""left"", ""down"", ""down"", ""down"", ""down"", ""right"", ""right"", ""right"", ""up"", ""down""]","[-1.0, 1.0, 1.0, 1.0, -1.0, 1.0, 1.0, -1.0, 1.0, -1.0]",10,img118_d4_s02_g18_r0,4,6
GeoExplorer-pristine,/root/geoexplorer/results/checkpoint/algo_dualseed480k_20260427/masa_plus_mmgag_arena_pristine_a040_a0405_sine0405_dualseed480k/wave2_seed321_4gpu/pristine_seed321_t480k/geoexplorer.pt,swissviewmonuments,118,6,0,18,24,False,2,"[0, 5, 10, 15, 20, 21, 22, 23, 24, 19, 24]","[""down"", ""down"", ""down"", ""down"", ""right"", ""right"", ""right"", ""right"", ""up"", ""down""]","[1.0, 1.0, 1.0, -1.0, 1.0, 1.0, 1.0, -1.0, 1.0, -1.0]",10,img118_d6_s00_g18_r0,6,4
GeoExplorer-pristine,/root/geoexplorer/results/checkpoint/algo_dualseed480k_20260427/masa_plus_mmgag_arena_pristine_a040_a0405_sine0405_dualseed480k/wave2_seed321_4gpu/pristine_seed321_t480k/geoexplorer.pt,swissviewmonuments,119,4,21,19,9,False,2,"[21, 22, 23, 18, 13, 8, 3, 4, 9, 4, 9]","[""right"", ""right"", ""up"", ""up"", ""up"", ""up"", ""right"", ""down"", ""up"", ""down""]","[1.0, 1.0, 1.0, -1.0, -1.0, -1.0, 1.0, 1.0, -1.0, 1.0]",10,img119_d4_s21_g19_r0,4,6
GeoExplorer-pristine,/root/geoexplorer/results/checkpoint/algo_dualseed480k_20260427/masa_plus_mmgag_arena_pristine_a040_a0405_sine0405_dualseed480k/wave2_seed321_4gpu/pristine_seed321_t480k/geoexplorer.pt,swissviewmonuments,119,6,1,19,19,True,0,"[1, 2, 3, 4, 9, 14, 19]","[""right"", ""right"", ""right"", ""down"", ""down"", ""down""]","[1.0, 1.0, 1.0, 1.0, 1.0, 1.0]",6,img119_d6_s01_g19_r0,6,0
GeoExplorer-pristine,/root/geoexplorer/results/checkpoint/algo_dualseed480k_20260427/masa_plus_mmgag_arena_pristine_a040_a0405_sine0405_dualseed480k/wave2_seed321_4gpu/pristine_seed321_t480k/geoexplorer.pt,swissviewmonuments,120,4,12,20,16,False,2,"[12, 11, 16, 17, 18, 13, 8, 13, 18, 17, 16]","[""left"", ""down"", ""right"", ""right"", ""up"", ""up"", ""down"", ""down"", ""left"", ""left""]","[1.0, 1.0, -1.0, -1.0, -1.0, -1.0, 1.0, 1.0, 1.0, 1.0]",10,img120_d4_s12_g20_r0,4,6
GeoExplorer-pristine,/root/geoexplorer/results/checkpoint/algo_dualseed480k_20260427/masa_plus_mmgag_arena_pristine_a040_a0405_sine0405_dualseed480k/wave2_seed321_4gpu/pristine_seed321_t480k/geoexplorer.pt,swissviewmonuments,120,6,14,20,20,True,0,"[14, 13, 12, 11, 16, 15, 20]","[""left"", ""left"", ""left"", ""down"", ""left"", ""down""]","[1.0, 1.0, 1.0, 1.0, 1.0, 1.0]",6,img120_d6_s14_g20_r0,6,0
GeoExplorer-pristine,/root/geoexplorer/results/checkpoint/algo_dualseed480k_20260427/masa_plus_mmgag_arena_pristine_a040_a0405_sine0405_dualseed480k/wave2_seed321_4gpu/pristine_seed321_t480k/geoexplorer.pt,swissviewmonuments,120,8,4,20,20,True,0,"[4, 3, 2, 1, 0, 5, 10, 15, 20]","[""left"", ""left"", ""left"", ""left"", ""down"", ""down"", ""down"", ""down""]","[1.0, 1.0, 1.0, 1.0, 1.0, 1.0, 1.0, 1.0]",8,img120_d8_s04_g20_r0,8,0
GeoExplorer-pristine,/root/geoexplorer/results/checkpoint/algo_dualseed480k_20260427/masa_plus_mmgag_arena_pristine_a040_a0405_sine0405_dualseed480k/wave2_seed321_4gpu/pristine_seed321_t480k/geoexplorer.pt,swissviewmonuments,121,4,1,21,19,False,4,"[1, 2, 3, 4, 9, 14, 19, 24, 19, 24, 19]","[""right"", ""right"", ""right"", ""down"", ""down"", ""down"", ""down"", ""up"", ""down"", ""up""]","[-1.0, -1.0, -1.0, 1.0, 1.0, 1.0, 1.0, -1.0, 1.0, -1.0]",10,img121_d4_s01_g21_r0,4,6
GeoExplorer-pristine,/root/geoexplorer/results/checkpoint/algo_dualseed480k_20260427/masa_plus_mmgag_arena_pristine_a040_a0405_sine0405_dualseed480k/wave2_seed321_4gpu/pristine_seed321_t480k/geoexplorer.pt,swissviewmonuments,121,6,9,21,21,True,0,"[9, 14, 19, 24, 23, 22, 21]","[""down"", ""down"", ""down"", ""left"", ""left"", ""left""]","[1.0, 1.0, 1.0, 1.0, 1.0, 1.0]",6,img121_d6_s09_g21_r0,6,0
GeoExplorer-pristine,/root/geoexplorer/results/checkpoint/algo_dualseed480k_20260427/masa_plus_mmgag_arena_pristine_a040_a0405_sine0405_dualseed480k/wave2_seed321_4gpu/pristine_seed321_t480k/geoexplorer.pt,swissviewmonuments,122,4,10,22,24,False,2,"[10, 5, 10, 11, 12, 13, 18, 19, 24, 23, 24]","[""up"", ""down"", ""right"", ""right"", ""right"", ""down"", ""right"", ""down"", ""left"", ""right""]","[-1.0, 1.0, 1.0, 1.0, -1.0, 1.0, -1.0, 1.0, 1.0, -1.0]",10,img122_d4_s10_g22_r0,4,6
GeoExplorer-pristine,/root/geoexplorer/results/checkpoint/algo_dualseed480k_20260427/masa_plus_mmgag_arena_pristine_a040_a0405_sine0405_dualseed480k/wave2_seed321_4gpu/pristine_seed321_t480k/geoexplorer.pt,swissviewmonuments,122,6,0,22,22,True,0,"[0, 5, 10, 15, 20, 21, 22]","[""down"", ""down"", ""down"", ""down"", ""right"", ""right""]","[1.0, 1.0, 1.0, 1.0, 1.0, 1.0]",6,img122_d6_s00_g22_r0,6,0
GeoExplorer-pristine,/root/geoexplorer/results/checkpoint/algo_dualseed480k_20260427/masa_plus_mmgag_arena_pristine_a040_a0405_sine0405_dualseed480k/wave2_seed321_4gpu/pristine_seed321_t480k/geoexplorer.pt,swissviewmonuments,123,4,7,23,23,True,0,"[7, 6, 11, 16, 21, 22, 23]","[""left"", ""down"", ""down"", ""down"", ""right"", ""right""]","[-1.0, 1.0, 1.0, 1.0, 1.0, 1.0]",6,img123_d4_s07_g23_r0,4,2
GeoExplorer-pristine,/root/geoexplorer/results/checkpoint/algo_dualseed480k_20260427/masa_plus_mmgag_arena_pristine_a040_a0405_sine0405_dualseed480k/wave2_seed321_4gpu/pristine_seed321_t480k/geoexplorer.pt,swissviewmonuments,123,6,5,23,23,True,0,"[5, 10, 15, 20, 21, 22, 23]","[""down"", ""down"", ""down"", ""right"", ""right"", ""right""]","[1.0, 1.0, 1.0, 1.0, 1.0, 1.0]",6,img123_d6_s05_g23_r0,6,0
GeoExplorer-pristine,/root/geoexplorer/results/checkpoint/algo_dualseed480k_20260427/masa_plus_mmgag_arena_pristine_a040_a0405_sine0405_dualseed480k/wave2_seed321_4gpu/pristine_seed321_t480k/geoexplorer.pt,swissviewmonuments,124,4,16,24,2,False,6,"[16, 17, 18, 13, 8, 3, 4, 9, 4, 3, 2]","[""right"", ""right"", ""up"", ""up"", ""up"", ""right"", ""down"", ""up"", ""left"", ""left""]","[1.0, 1.0, -1.0, -1.0, -1.0, 1.0, 1.0, -1.0, -1.0, -1.0]",10,img124_d4_s16_g24_r0,4,6
GeoExplorer-pristine,/root/geoexplorer/results/checkpoint/algo_dualseed480k_20260427/masa_plus_mmgag_arena_pristine_a040_a0405_sine0405_dualseed480k/wave2_seed321_4gpu/pristine_seed321_t480k/geoexplorer.pt,swissviewmonuments,124,6,6,24,24,True,0,"[6, 5, 10, 15, 20, 21, 22, 23, 24]","[""left"", ""down"", ""down"", ""down"", ""right"", ""right"", ""right"", ""right""]","[-1.0, 1.0, 1.0, 1.0, 1.0, 1.0, 1.0, 1.0]",8,img124_d6_s06_g24_r0,6,2
GeoExplorer-pristine,/root/geoexplorer/results/checkpoint/algo_dualseed480k_20260427/masa_plus_mmgag_arena_pristine_a040_a0405_sine0405_dualseed480k/wave2_seed321_4gpu/pristine_seed321_t480k/geoexplorer.pt,swissviewmonuments,124,8,0,24,24,True,0,"[0, 5, 10, 15, 20, 21, 22, 23, 24]","[""down"", ""down"", ""down"", ""down"", ""right"", ""right"", ""right"", ""right""]","[1.0, 1.0, 1.0, 1.0, 1.0, 1.0, 1.0, 1.0]",8,img124_d8_s00_g24_r0,8,0
GeoExplorer-pristine,/root/geoexplorer/results/checkpoint/algo_dualseed480k_20260427/masa_plus_mmgag_arena_pristine_a040_a0405_sine0405_dualseed480k/wave2_seed321_4gpu/pristine_seed321_t480k/geoexplorer.pt,swissviewmonuments,125,4,8,0,22,False,6,"[8, 7, 6, 5, 10, 15, 20, 21, 22, 21, 22]","[""left"", ""left"", ""left"", ""down"", ""down"", ""down"", ""right"", ""right"", ""left"", ""right""]","[1.0, 1.0, 1.0, -1.0, -1.0, -1.0, -1.0, -1.0, 1.0, -1.0]",10,img125_d4_s08_g00_r0,4,6
GeoExplorer-pristine,/root/geoexplorer/results/checkpoint/algo_dualseed480k_20260427/masa_plus_mmgag_arena_pristine_a040_a0405_sine0405_dualseed480k/wave2_seed321_4gpu/pristine_seed321_t480k/geoexplorer.pt,swissviewmonuments,125,6,18,0,6,False,2,"[18, 17, 16, 15, 10, 5, 6, 5, 6, 7, 6]","[""left"", ""left"", ""left"", ""up"", ""up"", ""right"", ""left"", ""right"", ""right"", ""left""]","[1.0, 1.0, 1.0, 1.0, 1.0, -1.0, 1.0, -1.0, -1.0, 1.0]",10,img125_d6_s18_g00_r0,6,4
GeoExplorer-pristine,/root/geoexplorer/results/checkpoint/algo_dualseed480k_20260427/masa_plus_mmgag_arena_pristine_a040_a0405_sine0405_dualseed480k/wave2_seed321_4gpu/pristine_seed321_t480k/geoexplorer.pt,swissviewmonuments,125,8,24,0,20,False,4,"[24, 23, 22, 21, 20, 15, 20, 21, 20, 21, 20]","[""left"", ""left"", ""left"", ""left"", ""up"", ""down"", ""right"", ""left"", ""right"", ""left""]","[1.0, 1.0, 1.0, 1.0, 1.0, -1.0, -1.0, 1.0, -1.0, 1.0]",10,img125_d8_s24_g00_r0,8,2
GeoExplorer-pristine,/root/geoexplorer/results/checkpoint/algo_dualseed480k_20260427/masa_plus_mmgag_arena_pristine_a040_a0405_sine0405_dualseed480k/wave2_seed321_4gpu/pristine_seed321_t480k/geoexplorer.pt,swissviewmonuments,126,4,13,1,23,False,6,"[13, 12, 11, 10, 15, 20, 21, 22, 21, 22, 23]","[""left"", ""left"", ""left"", ""down"", ""down"", ""right"", ""right"", ""left"", ""right"", ""right""]","[1.0, 1.0, -1.0, -1.0, -1.0, 1.0, -1.0, 1.0, -1.0, -1.0]",10,img126_d4_s13_g01_r0,4,6
GeoExplorer-pristine,/root/geoexplorer/results/checkpoint/algo_dualseed480k_20260427/masa_plus_mmgag_arena_pristine_a040_a0405_sine0405_dualseed480k/wave2_seed321_4gpu/pristine_seed321_t480k/geoexplorer.pt,swissviewmonuments,126,6,19,1,21,False,4,"[19, 14, 9, 8, 7, 6, 5, 10, 15, 20, 21]","[""up"", ""up"", ""left"", ""left"", ""left"", ""left"", ""down"", ""down"", ""down"", ""right""]","[1.0, 1.0, 1.0, 1.0, 1.0, -1.0, -1.0, -1.0, -1.0, 1.0]",10,img126_d6_s19_g01_r0,6,4
GeoExplorer-pristine,/root/geoexplorer/results/checkpoint/algo_dualseed480k_20260427/masa_plus_mmgag_arena_pristine_a040_a0405_sine0405_dualseed480k/wave2_seed321_4gpu/pristine_seed321_t480k/geoexplorer.pt,swissviewmonuments,127,4,14,2,22,False,4,"[14, 13, 12, 11, 10, 15, 20, 21, 20, 21, 22]","[""left"", ""left"", ""left"", ""left"", ""down"", ""down"", ""right"", ""left"", ""right"", ""right""]","[1.0, 1.0, -1.0, -1.0, -1.0, -1.0, 1.0, -1.0, 1.0, 1.0]",10,img127_d4_s14_g02_r0,4,6
GeoExplorer-pristine,/root/geoexplorer/results/checkpoint/algo_dualseed480k_20260427/masa_plus_mmgag_arena_pristine_a040_a0405_sine0405_dualseed480k/wave2_seed321_4gpu/pristine_seed321_t480k/geoexplorer.pt,swissviewmonuments,127,6,24,2,0,False,2,"[24, 23, 22, 21, 20, 15, 10, 5, 0, 5, 0]","[""left"", ""left"", ""left"", ""left"", ""up"", ""up"", ""up"", ""up"", ""down"", ""up""]","[1.0, 1.0, -1.0, -1.0, 1.0, 1.0, 1.0, 1.0, -1.0, 1.0]",10,img127_d6_s24_g02_r0,6,4
GeoExplorer-pristine,/root/geoexplorer/results/checkpoint/algo_dualseed480k_20260427/masa_plus_mmgag_arena_pristine_a040_a0405_sine0405_dualseed480k/wave2_seed321_4gpu/pristine_seed321_t480k/geoexplorer.pt,swissviewmonuments,128,4,23,3,15,False,6,"[23, 22, 21, 20, 15, 10, 15, 10, 15, 10, 15]","[""left"", ""left"", ""left"", ""up"", ""up"", ""down"", ""up"", ""down"", ""up"", ""down""]","[-1.0, -1.0, -1.0, 1.0, 1.0, -1.0, 1.0, -1.0, 1.0, -1.0]",10,img128_d4_s23_g03_r0,4,6
GeoExplorer-pristine,/root/geoexplorer/results/checkpoint/algo_dualseed480k_20260427/masa_plus_mmgag_arena_pristine_a040_a0405_sine0405_dualseed480k/wave2_seed321_4gpu/pristine_seed321_t480k/geoexplorer.pt,swissviewmonuments,128,6,21,3,9,False,2,"[21, 22, 23, 24, 19, 14, 9, 4, 9, 4, 9]","[""right"", ""right"", ""right"", ""up"", ""up"", ""up"", ""up"", ""down"", ""up"", ""down""]","[1.0, 1.0, -1.0, 1.0, 1.0, 1.0, 1.0, -1.0, 1.0, -1.0]",10,img128_d6_s21_g03_r0,6,4
GeoExplorer-pristine,/root/geoexplorer/results/checkpoint/algo_dualseed480k_20260427/masa_plus_mmgag_arena_pristine_a040_a0405_sine0405_dualseed480k/wave2_seed321_4gpu/pristine_seed321_t480k/geoexplorer.pt,swissviewmonuments,129,4,0,4,24,False,4,"[0, 5, 10, 15, 20, 21, 22, 23, 24, 23, 24]","[""down"", ""down"", ""down"", ""down"", ""right"", ""right"", ""right"", ""right"", ""left"", ""right""]","[-1.0, -1.0, -1.0, -1.0, 1.0, 1.0, 1.0, 1.0, -1.0, 1.0]",10,img129_d4_s00_g04_r0,4,6
GeoExplorer-pristine,/root/geoexplorer/results/checkpoint/algo_dualseed480k_20260427/masa_plus_mmgag_arena_pristine_a040_a0405_sine0405_dualseed480k/wave2_seed321_4gpu/pristine_seed321_t480k/geoexplorer.pt,swissviewmonuments,129,6,22,4,0,False,4,"[22, 23, 24, 19, 14, 9, 8, 7, 6, 5, 0]","[""right"", ""right"", ""up"", ""up"", ""up"", ""left"", ""left"", ""left"", ""left"", ""up""]","[1.0, 1.0, 1.0, 1.0, 1.0, -1.0, -1.0, -1.0, -1.0, 1.0]",10,img129_d6_s22_g04_r0,6,4
GeoExplorer-pristine,/root/geoexplorer/results/checkpoint/algo_dualseed480k_20260427/masa_plus_mmgag_arena_pristine_a040_a0405_sine0405_dualseed480k/wave2_seed321_4gpu/pristine_seed321_t480k/geoexplorer.pt,swissviewmonuments,129,8,20,4,6,False,4,"[20, 15, 10, 5, 6, 5, 6, 5, 6, 5, 6]","[""up"", ""up"", ""up"", ""right"", ""left"", ""right"", ""left"", ""right"", ""left"", ""right""]","[1.0, 1.0, 1.0, 1.0, -1.0, 1.0, -1.0, 1.0, -1.0, 1.0]",10,img129_d8_s20_g04_r0,8,2
GeoExplorer-pristine,/root/geoexplorer/results/checkpoint/algo_dualseed480k_20260427/masa_plus_mmgag_arena_pristine_a040_a0405_sine0405_dualseed480k/wave2_seed321_4gpu/pristine_seed321_t480k/geoexplorer.pt,swissviewmonuments,130,4,3,5,5,True,0,"[3, 2, 1, 0, 5]","[""left"", ""left"", ""left"", ""down""]","[1.0, 1.0, 1.0, 1.0]",4,img130_d4_s03_g05_r0,4,0
GeoExplorer-pristine,/root/geoexplorer/results/checkpoint/algo_dualseed480k_20260427/masa_plus_mmgag_arena_pristine_a040_a0405_sine0405_dualseed480k/wave2_seed321_4gpu/pristine_seed321_t480k/geoexplorer.pt,swissviewmonuments,130,6,19,5,5,True,0,"[19, 14, 9, 8, 7, 6, 5]","[""up"", ""up"", ""left"", ""left"", ""left"", ""left""]","[1.0, 1.0, 1.0, 1.0, 1.0, 1.0]",6,img130_d6_s19_g05_r0,6,0
GeoExplorer-pristine,/root/geoexplorer/results/checkpoint/algo_dualseed480k_20260427/masa_plus_mmgag_arena_pristine_a040_a0405_sine0405_dualseed480k/wave2_seed321_4gpu/pristine_seed321_t480k/geoexplorer.pt,swissviewmonuments,131,4,4,6,22,False,4,"[4, 3, 2, 1, 0, 5, 10, 15, 20, 21, 22]","[""left"", ""left"", ""left"", ""left"", ""down"", ""down"", ""down"", ""down"", ""right"", ""right""]","[1.0, 1.0, 1.0, -1.0, 1.0, -1.0, -1.0, -1.0, 1.0, -1.0]",10,img131_d4_s04_g06_r0,4,6
GeoExplorer-pristine,/root/geoexplorer/results/checkpoint/algo_dualseed480k_20260427/masa_plus_mmgag_arena_pristine_a040_a0405_sine0405_dualseed480k/wave2_seed321_4gpu/pristine_seed321_t480k/geoexplorer.pt,swissviewmonuments,131,6,24,6,22,False,4,"[24, 23, 22, 21, 20, 21, 22, 21, 22, 21, 22]","[""left"", ""left"", ""left"", ""left"", ""right"", ""right"", ""left"", ""right"", ""left"", ""right""]","[1.0, 1.0, 1.0, -1.0, 1.0, -1.0, 1.0, -1.0, 1.0, -1.0]",10,img131_d6_s24_g06_r0,6,4
GeoExplorer-pristine,/root/geoexplorer/results/checkpoint/algo_dualseed480k_20260427/masa_plus_mmgag_arena_pristine_a040_a0405_sine0405_dualseed480k/wave2_seed321_4gpu/pristine_seed321_t480k/geoexplorer.pt,swissviewmonuments,132,4,23,7,23,False,4,"[23, 22, 21, 20, 15, 20, 21, 20, 21, 22, 23]","[""left"", ""left"", ""left"", ""up"", ""down"", ""right"", ""left"", ""right"", ""right"", ""right""]","[1.0, -1.0, -1.0, 1.0, -1.0, 1.0, -1.0, 1.0, 1.0, -1.0]",10,img132_d4_s23_g07_r0,4,6
GeoExplorer-pristine,/root/geoexplorer/results/checkpoint/algo_dualseed480k_20260427/masa_plus_mmgag_arena_pristine_a040_a0405_sine0405_dualseed480k/wave2_seed321_4gpu/pristine_seed321_t480k/geoexplorer.pt,swissviewmonuments,133,4,24,8,22,False,4,"[24, 23, 22, 21, 20, 15, 20, 15, 20, 21, 22]","[""left"", ""left"", ""left"", ""left"", ""up"", ""down"", ""up"", ""down"", ""right"", ""right""]","[1.0, -1.0, -1.0, -1.0, 1.0, -1.0, 1.0, -1.0, 1.0, 1.0]",10,img133_d4_s24_g08_r0,4,6
GeoExplorer-pristine,/root/geoexplorer/results/checkpoint/algo_dualseed480k_20260427/masa_plus_mmgag_arena_pristine_a040_a0405_sine0405_dualseed480k/wave2_seed321_4gpu/pristine_seed321_t480k/geoexplorer.pt,swissviewmonuments,133,6,20,8,14,False,2,"[20, 21, 22, 23, 24, 19, 14, 9, 14, 9, 14]","[""right"", ""right"", ""right"", ""right"", ""up"", ""up"", ""up"", ""down"", ""up"", ""down""]","[1.0, 1.0, 1.0, -1.0, 1.0, 1.0, 1.0, -1.0, 1.0, -1.0]",10,img133_d6_s20_g08_r0,6,4
GeoExplorer-pristine,/root/geoexplorer/results/checkpoint/algo_dualseed480k_20260427/masa_plus_mmgag_arena_pristine_a040_a0405_sine0405_dualseed480k/wave2_seed321_4gpu/pristine_seed321_t480k/geoexplorer.pt,swissviewmonuments,134,4,23,9,1,False,4,"[23, 22, 21, 20, 15, 10, 5, 0, 1, 2, 1]","[""left"", ""left"", ""left"", ""up"", ""up"", ""up"", ""up"", ""right"", ""right"", ""left""]","[-1.0, -1.0, -1.0, 1.0, 1.0, 1.0, -1.0, 1.0, 1.0, -1.0]",10,img134_d4_s23_g09_r0,4,6
GeoExplorer-pristine,/root/geoexplorer/results/checkpoint/algo_dualseed480k_20260427/masa_plus_mmgag_arena_pristine_a040_a0405_sine0405_dualseed480k/wave2_seed321_4gpu/pristine_seed321_t480k/geoexplorer.pt,swissviewmonuments,134,6,21,9,9,True,0,"[21, 22, 23, 24, 19, 14, 9]","[""right"", ""right"", ""right"", ""up"", ""up"", ""up""]","[1.0, 1.0, 1.0, 1.0, 1.0, 1.0]",6,img134_d6_s21_g09_r0,6,0
GeoExplorer-pristine,/root/geoexplorer/results/checkpoint/algo_dualseed480k_20260427/masa_plus_mmgag_arena_pristine_a040_a0405_sine0405_dualseed480k/wave2_seed321_4gpu/pristine_seed321_t480k/geoexplorer.pt,swissviewmonuments,135,4,22,10,10,True,0,"[22, 21, 20, 15, 10]","[""left"", ""left"", ""up"", ""up""]","[1.0, 1.0, 1.0, 1.0]",4,img135_d4_s22_g10_r0,4,0
GeoExplorer-pristine,/root/geoexplorer/results/checkpoint/algo_dualseed480k_20260427/masa_plus_mmgag_arena_pristine_a040_a0405_sine0405_dualseed480k/wave2_seed321_4gpu/pristine_seed321_t480k/geoexplorer.pt,swissviewmonuments,135,6,24,10,10,True,0,"[24, 23, 22, 21, 20, 15, 10]","[""left"", ""left"", ""left"", ""left"", ""up"", ""up""]","[1.0, 1.0, 1.0, 1.0, 1.0, 1.0]",6,img135_d6_s24_g10_r0,6,0
GeoExplorer-pristine,/root/geoexplorer/results/checkpoint/algo_dualseed480k_20260427/masa_plus_mmgag_arena_pristine_a040_a0405_sine0405_dualseed480k/wave2_seed321_4gpu/pristine_seed321_t480k/geoexplorer.pt,swissviewmonuments,136,4,23,11,7,False,2,"[23, 22, 21, 20, 15, 10, 5, 6, 5, 6, 7]","[""left"", ""left"", ""left"", ""up"", ""up"", ""up"", ""right"", ""left"", ""right"", ""right""]","[1.0, 1.0, -1.0, 1.0, 1.0, -1.0, 1.0, -1.0, 1.0, -1.0]",10,img136_d4_s23_g11_r0,4,6
GeoExplorer-pristine,/root/geoexplorer/results/checkpoint/algo_dualseed480k_20260427/masa_plus_mmgag_arena_pristine_a040_a0405_sine0405_dualseed480k/wave2_seed321_4gpu/pristine_seed321_t480k/geoexplorer.pt,swissviewmonuments,137,4,24,12,4,False,4,"[24, 19, 14, 9, 4, 3, 2, 1, 2, 3, 4]","[""up"", ""up"", ""up"", ""up"", ""left"", ""left"", ""left"", ""right"", ""right"", ""right""]","[1.0, 1.0, -1.0, -1.0, 1.0, 1.0, -1.0, 1.0, -1.0, -1.0]",10,img137_d4_s24_g12_r0,4,6
GeoExplorer-pristine,/root/geoexplorer/results/checkpoint/algo_dualseed480k_20260427/masa_plus_mmgag_arena_pristine_a040_a0405_sine0405_dualseed480k/wave2_seed321_4gpu/pristine_seed321_t480k/geoexplorer.pt,swissviewmonuments,138,4,1,13,13,True,0,"[1, 2, 3, 8, 13]","[""right"", ""right"", ""down"", ""down""]","[1.0, 1.0, 1.0, 1.0]",4,img138_d4_s01_g13_r0,4,0
GeoExplorer-pristine,/root/geoexplorer/results/checkpoint/algo_dualseed480k_20260427/masa_plus_mmgag_arena_pristine_a040_a0405_sine0405_dualseed480k/wave2_seed321_4gpu/pristine_seed321_t480k/geoexplorer.pt,swissviewmonuments,139,4,2,14,20,False,6,"[2, 3, 8, 13, 18, 23, 22, 21, 20, 21, 20]","[""right"", ""down"", ""down"", ""down"", ""down"", ""left"", ""left"", ""left"", ""right"", ""left""]","[1.0, 1.0, 1.0, -1.0, -1.0, -1.0, -1.0, -1.0, 1.0, -1.0]",10,img139_d4_s02_g14_r0,4,6
GeoExplorer-pristine,/root/geoexplorer/results/checkpoint/algo_dualseed480k_20260427/masa_plus_mmgag_arena_pristine_a040_a0405_sine0405_dualseed480k/wave2_seed321_4gpu/pristine_seed321_t480k/geoexplorer.pt,swissviewmonuments,139,6,20,14,14,True,0,"[20, 21, 22, 23, 24, 19, 14]","[""right"", ""right"", ""right"", ""right"", ""up"", ""up""]","[1.0, 1.0, 1.0, 1.0, 1.0, 1.0]",6,img139_d6_s20_g14_r0,6,0
GeoExplorer-pristine,/root/geoexplorer/results/checkpoint/algo_dualseed480k_20260427/masa_plus_mmgag_arena_pristine_a040_a0405_sine0405_dualseed480k/wave2_seed321_4gpu/pristine_seed321_t480k/geoexplorer.pt,swissviewmonuments,140,4,1,15,19,False,4,"[1, 2, 3, 8, 13, 18, 23, 24, 19, 24, 19]","[""right"", ""right"", ""down"", ""down"", ""down"", ""down"", ""right"", ""up"", ""down"", ""up""]","[-1.0, -1.0, 1.0, 1.0, 1.0, -1.0, -1.0, 1.0, -1.0, 1.0]",10,img140_d4_s01_g15_r0,4,6
GeoExplorer-pristine,/root/geoexplorer/results/checkpoint/algo_dualseed480k_20260427/masa_plus_mmgag_arena_pristine_a040_a0405_sine0405_dualseed480k/wave2_seed321_4gpu/pristine_seed321_t480k/geoexplorer.pt,swissviewmonuments,140,6,9,15,21,False,2,"[9, 14, 19, 24, 23, 22, 21, 20, 21, 20, 21]","[""down"", ""down"", ""down"", ""left"", ""left"", ""left"", ""left"", ""right"", ""left"", ""right""]","[1.0, 1.0, -1.0, 1.0, 1.0, 1.0, 1.0, -1.0, 1.0, -1.0]",10,img140_d6_s09_g15_r0,6,4
GeoExplorer-pristine,/root/geoexplorer/results/checkpoint/algo_dualseed480k_20260427/masa_plus_mmgag_arena_pristine_a040_a0405_sine0405_dualseed480k/wave2_seed321_4gpu/pristine_seed321_t480k/geoexplorer.pt,swissviewmonuments,141,4,14,16,16,True,0,"[14, 19, 18, 17, 16]","[""down"", ""left"", ""left"", ""left""]","[1.0, 1.0, 1.0, 1.0]",4,img141_d4_s14_g16_r0,4,0
GeoExplorer-pristine,/root/geoexplorer/results/checkpoint/algo_dualseed480k_20260427/masa_plus_mmgag_arena_pristine_a040_a0405_sine0405_dualseed480k/wave2_seed321_4gpu/pristine_seed321_t480k/geoexplorer.pt,swissviewmonuments,141,6,4,16,16,True,0,"[4, 3, 8, 7, 6, 11, 16]","[""left"", ""down"", ""left"", ""left"", ""down"", ""down""]","[1.0, 1.0, 1.0, 1.0, 1.0, 1.0]",6,img141_d6_s04_g16_r0,6,0
GeoExplorer-pristine,/root/geoexplorer/results/checkpoint/algo_dualseed480k_20260427/masa_plus_mmgag_arena_pristine_a040_a0405_sine0405_dualseed480k/wave2_seed321_4gpu/pristine_seed321_t480k/geoexplorer.pt,swissviewmonuments,142,4,3,17,17,True,0,"[3, 8, 13, 18, 17]","[""down"", ""down"", ""down"", ""left""]","[1.0, 1.0, 1.0, 1.0]",4,img142_d4_s03_g17_r0,4,0
GeoExplorer-pristine,/root/geoexplorer/results/checkpoint/algo_dualseed480k_20260427/masa_plus_mmgag_arena_pristine_a040_a0405_sine0405_dualseed480k/wave2_seed321_4gpu/pristine_seed321_t480k/geoexplorer.pt,swissviewmonuments,143,4,10,18,20,False,4,"[10, 15, 20, 21, 22, 23, 22, 23, 22, 21, 20]","[""down"", ""down"", ""right"", ""right"", ""right"", ""left"", ""right"", ""left"", ""left"", ""left""]","[1.0, -1.0, 1.0, 1.0, 1.0, -1.0, 1.0, -1.0, -1.0, -1.0]",10,img143_d4_s10_g18_r0,4,6
GeoExplorer-pristine,/root/geoexplorer/results/checkpoint/algo_dualseed480k_20260427/masa_plus_mmgag_arena_pristine_a040_a0405_sine0405_dualseed480k/wave2_seed321_4gpu/pristine_seed321_t480k/geoexplorer.pt,swissviewmonuments,143,6,0,18,18,True,0,"[0, 1, 2, 3, 8, 13, 18]","[""right"", ""right"", ""right"", ""down"", ""down"", ""down""]","[1.0, 1.0, 1.0, 1.0, 1.0, 1.0]",6,img143_d6_s00_g18_r0,6,0
GeoExplorer-pristine,/root/geoexplorer/results/checkpoint/algo_dualseed480k_20260427/masa_plus_mmgag_arena_pristine_a040_a0405_sine0405_dualseed480k/wave2_seed321_4gpu/pristine_seed321_t480k/geoexplorer.pt,swissviewmonuments,144,4,21,19,19,True,0,"[21, 22, 23, 24, 19]","[""right"", ""right"", ""right"", ""up""]","[1.0, 1.0, 1.0, 1.0]",4,img144_d4_s21_g19_r0,4,0
GeoExplorer-pristine,/root/geoexplorer/results/checkpoint/algo_dualseed480k_20260427/masa_plus_mmgag_arena_pristine_a040_a0405_sine0405_dualseed480k/wave2_seed321_4gpu/pristine_seed321_t480k/geoexplorer.pt,swissviewmonuments,144,6,5,19,21,False,4,"[5, 10, 15, 20, 21, 22, 23, 24, 23, 22, 21]","[""down"", ""down"", ""down"", ""right"", ""right"", ""right"", ""right"", ""left"", ""left"", ""left""]","[1.0, 1.0, -1.0, 1.0, 1.0, 1.0, 1.0, -1.0, -1.0, -1.0]",10,img144_d6_s05_g19_r0,6,4
GeoExplorer-pristine,/root/geoexplorer/results/checkpoint/algo_dualseed480k_20260427/masa_plus_mmgag_arena_pristine_a040_a0405_sine0405_dualseed480k/wave2_seed321_4gpu/pristine_seed321_t480k/geoexplorer.pt,swissviewmonuments,145,4,24,20,20,True,0,"[24, 23, 22, 21, 20]","[""left"", ""left"", ""left"", ""left""]","[1.0, 1.0, 1.0, 1.0]",4,img145_d4_s24_g20_r0,4,0
GeoExplorer-pristine,/root/geoexplorer/results/checkpoint/algo_dualseed480k_20260427/masa_plus_mmgag_arena_pristine_a040_a0405_sine0405_dualseed480k/wave2_seed321_4gpu/pristine_seed321_t480k/geoexplorer.pt,swissviewmonuments,145,6,8,20,22,False,2,"[8, 7, 6, 11, 16, 21, 22, 21, 22, 23, 22]","[""left"", ""left"", ""down"", ""down"", ""down"", ""right"", ""left"", ""right"", ""right"", ""left""]","[1.0, 1.0, 1.0, 1.0, 1.0, -1.0, 1.0, -1.0, -1.0, 1.0]",10,img145_d6_s08_g20_r0,6,4
GeoExplorer-pristine,/root/geoexplorer/results/checkpoint/algo_dualseed480k_20260427/masa_plus_mmgag_arena_pristine_a040_a0405_sine0405_dualseed480k/wave2_seed321_4gpu/pristine_seed321_t480k/geoexplorer.pt,swissviewmonuments,145,8,4,20,20,True,0,"[4, 3, 2, 1, 0, 5, 10, 15, 20]","[""left"", ""left"", ""left"", ""left"", ""down"", ""down"", ""down"", ""down""]","[1.0, 1.0, 1.0, 1.0, 1.0, 1.0, 1.0, 1.0]",8,img145_d8_s04_g20_r0,8,0
GeoExplorer-pristine,/root/geoexplorer/results/checkpoint/algo_dualseed480k_20260427/masa_plus_mmgag_arena_pristine_a040_a0405_sine0405_dualseed480k/wave2_seed321_4gpu/pristine_seed321_t480k/geoexplorer.pt,swissviewmonuments,146,4,13,21,17,False,2,"[13, 12, 11, 10, 15, 10, 5, 10, 15, 16, 17]","[""left"", ""left"", ""left"", ""down"", ""up"", ""up"", ""down"", ""down"", ""right"", ""right""]","[1.0, 1.0, -1.0, 1.0, -1.0, -1.0, 1.0, 1.0, 1.0, -1.0]",10,img146_d4_s13_g21_r0,4,6
GeoExplorer-pristine,/root/geoexplorer/results/checkpoint/algo_dualseed480k_20260427/masa_plus_mmgag_arena_pristine_a040_a0405_sine0405_dualseed480k/wave2_seed321_4gpu/pristine_seed321_t480k/geoexplorer.pt,swissviewmonuments,146,6,3,21,21,True,0,"[3, 2, 1, 0, 5, 10, 15, 20, 21]","[""left"", ""left"", ""left"", ""down"", ""down"", ""down"", ""down"", ""right""]","[1.0, 1.0, -1.0, 1.0, 1.0, 1.0, 1.0, 1.0]",8,img146_d6_s03_g21_r0,6,2
GeoExplorer-pristine,/root/geoexplorer/results/checkpoint/algo_dualseed480k_20260427/masa_plus_mmgag_arena_pristine_a040_a0405_sine0405_dualseed480k/wave2_seed321_4gpu/pristine_seed321_t480k/geoexplorer.pt,swissviewmonuments,147,4,14,22,22,True,0,"[14, 19, 24, 23, 22]","[""down"", ""down"", ""left"", ""left""]","[1.0, 1.0, 1.0, 1.0]",4,img147_d4_s14_g22_r0,4,0
GeoExplorer-pristine,/root/geoexplorer/results/checkpoint/algo_dualseed480k_20260427/masa_plus_mmgag_arena_pristine_a040_a0405_sine0405_dualseed480k/wave2_seed321_4gpu/pristine_seed321_t480k/geoexplorer.pt,swissviewmonuments,147,6,0,22,22,True,0,"[0, 5, 10, 15, 20, 21, 22]","[""down"", ""down"", ""down"", ""down"", ""right"", ""right""]","[1.0, 1.0, 1.0, 1.0, 1.0, 1.0]",6,img147_d6_s00_g22_r0,6,0
GeoExplorer-pristine,/root/geoexplorer/results/checkpoint/algo_dualseed480k_20260427/masa_plus_mmgag_arena_pristine_a040_a0405_sine0405_dualseed480k/wave2_seed321_4gpu/pristine_seed321_t480k/geoexplorer.pt,swissviewmonuments,148,4,7,23,15,False,4,"[7, 12, 17, 22, 21, 20, 15, 20, 15, 20, 15]","[""down"", ""down"", ""down"", ""left"", ""left"", ""up"", ""down"", ""up"", ""down"", ""up""]","[1.0, 1.0, 1.0, -1.0, -1.0, -1.0, 1.0, -1.0, 1.0, -1.0]",10,img148_d4_s07_g23_r0,4,6
GeoExplorer-pristine,/root/geoexplorer/results/checkpoint/algo_dualseed480k_20260427/masa_plus_mmgag_arena_pristine_a040_a0405_sine0405_dualseed480k/wave2_seed321_4gpu/pristine_seed321_t480k/geoexplorer.pt,swissviewmonuments,148,6,5,23,23,True,0,"[5, 10, 15, 20, 21, 22, 23]","[""down"", ""down"", ""down"", ""right"", ""right"", ""right""]","[1.0, 1.0, 1.0, 1.0, 1.0, 1.0]",6,img148_d6_s05_g23_r0,6,0
GeoExplorer-pristine,/root/geoexplorer/results/checkpoint/algo_dualseed480k_20260427/masa_plus_mmgag_arena_pristine_a040_a0405_sine0405_dualseed480k/wave2_seed321_4gpu/pristine_seed321_t480k/geoexplorer.pt,swissviewmonuments,149,4,12,24,22,False,2,"[12, 11, 10, 15, 20, 21, 22, 23, 22, 23, 22]","[""left"", ""left"", ""down"", ""down"", ""right"", ""right"", ""right"", ""left"", ""right"", ""left""]","[-1.0, -1.0, 1.0, 1.0, 1.0, 1.0, 1.0, -1.0, 1.0, -1.0]",10,img149_d4_s12_g24_r0,4,6
GeoExplorer-pristine,/root/geoexplorer/results/checkpoint/algo_dualseed480k_20260427/masa_plus_mmgag_arena_pristine_a040_a0405_sine0405_dualseed480k/wave2_seed321_4gpu/pristine_seed321_t480k/geoexplorer.pt,swissviewmonuments,149,6,6,24,16,False,4,"[6, 7, 8, 13, 18, 23, 22, 21, 16, 21, 16]","[""right"", ""right"", ""down"", ""down"", ""down"", ""left"", ""left"", ""up"", ""down"", ""up""]","[1.0, 1.0, 1.0, 1.0, 1.0, -1.0, -1.0, -1.0, 1.0, -1.0]",10,img149_d6_s06_g24_r0,6,4
GeoExplorer-pristine,/root/geoexplorer/results/checkpoint/algo_dualseed480k_20260427/masa_plus_mmgag_arena_pristine_a040_a0405_sine0405_dualseed480k/wave2_seed321_4gpu/pristine_seed321_t480k/geoexplorer.pt,swissviewmonuments,149,8,0,24,22,False,2,"[0, 1, 2, 3, 8, 13, 18, 23, 22, 23, 22]","[""right"", ""right"", ""right"", ""down"", ""down"", ""down"", ""down"", ""left"", ""right"", ""left""]","[1.0, 1.0, 1.0, 1.0, 1.0, 1.0, 1.0, -1.0, 1.0, -1.0]",10,img149_d8_s00_g24_r0,8,2
GeoExplorer-pristine,/root/geoexplorer/results/checkpoint/algo_dualseed480k_20260427/masa_plus_mmgag_arena_pristine_a040_a0405_sine0405_dualseed480k/wave2_seed321_4gpu/pristine_seed321_t480k/geoexplorer.pt,swissviewmonuments,150,4,8,0,24,False,8,"[8, 7, 6, 5, 10, 15, 20, 21, 22, 23, 24]","[""left"", ""left"", ""left"", ""down"", ""down"", ""down"", ""right"", ""right"", ""right"", ""right""]","[1.0, 1.0, 1.0, -1.0, -1.0, -1.0, -1.0, -1.0, -1.0, -1.0]",10,img150_d4_s08_g00_r0,4,6
GeoExplorer-pristine,/root/geoexplorer/results/checkpoint/algo_dualseed480k_20260427/masa_plus_mmgag_arena_pristine_a040_a0405_sine0405_dualseed480k/wave2_seed321_4gpu/pristine_seed321_t480k/geoexplorer.pt,swissviewmonuments,150,6,14,0,10,False,2,"[14, 19, 18, 17, 16, 15, 10, 15, 10, 15, 10]","[""down"", ""left"", ""left"", ""left"", ""left"", ""up"", ""down"", ""up"", ""down"", ""up""]","[-1.0, 1.0, 1.0, 1.0, 1.0, 1.0, -1.0, 1.0, -1.0, 1.0]",10,img150_d6_s14_g00_r0,6,4
GeoExplorer-pristine,/root/geoexplorer/results/checkpoint/algo_dualseed480k_20260427/masa_plus_mmgag_arena_pristine_a040_a0405_sine0405_dualseed480k/wave2_seed321_4gpu/pristine_seed321_t480k/geoexplorer.pt,swissviewmonuments,150,8,24,0,0,True,0,"[24, 19, 14, 9, 4, 3, 2, 1, 0]","[""up"", ""up"", ""up"", ""up"", ""left"", ""left"", ""left"", ""left""]","[1.0, 1.0, 1.0, 1.0, 1.0, 1.0, 1.0, 1.0]",8,img150_d8_s24_g00_r0,8,0
GeoExplorer-pristine,/root/geoexplorer/results/checkpoint/algo_dualseed480k_20260427/masa_plus_mmgag_arena_pristine_a040_a0405_sine0405_dualseed480k/wave2_seed321_4gpu/pristine_seed321_t480k/geoexplorer.pt,swissviewmonuments,151,4,15,1,19,False,6,"[15, 10, 5, 6, 7, 8, 9, 14, 19, 14, 19]","[""up"", ""up"", ""right"", ""right"", ""right"", ""right"", ""down"", ""down"", ""up"", ""down""]","[1.0, 1.0, 1.0, -1.0, -1.0, -1.0, -1.0, -1.0, 1.0, -1.0]",10,img151_d4_s15_g01_r0,4,6
GeoExplorer-pristine,/root/geoexplorer/results/checkpoint/algo_dualseed480k_20260427/masa_plus_mmgag_arena_pristine_a040_a0405_sine0405_dualseed480k/wave2_seed321_4gpu/pristine_seed321_t480k/geoexplorer.pt,swissviewmonuments,151,6,23,1,1,True,0,"[23, 18, 13, 12, 11, 6, 5, 0, 1]","[""up"", ""up"", ""left"", ""left"", ""up"", ""left"", ""up"", ""right""]","[1.0, 1.0, 1.0, 1.0, 1.0, -1.0, 1.0, 1.0]",8,img151_d6_s23_g01_r0,6,2
GeoExplorer-pristine,/root/geoexplorer/results/checkpoint/algo_dualseed480k_20260427/masa_plus_mmgag_arena_pristine_a040_a0405_sine0405_dualseed480k/wave2_seed321_4gpu/pristine_seed321_t480k/geoexplorer.pt,swissviewmonuments,152,4,18,2,2,True,0,"[18, 17, 16, 11, 6, 5, 0, 1, 2]","[""left"", ""left"", ""up"", ""up"", ""left"", ""up"", ""right"", ""right""]","[1.0, -1.0, 1.0, 1.0, -1.0, 1.0, 1.0, 1.0]",8,img152_d4_s18_g02_r0,4,4
GeoExplorer-pristine,/root/geoexplorer/results/checkpoint/algo_dualseed480k_20260427/masa_plus_mmgag_arena_pristine_a040_a0405_sine0405_dualseed480k/wave2_seed321_4gpu/pristine_seed321_t480k/geoexplorer.pt,swissviewmonuments,152,6,24,2,0,False,2,"[24, 23, 22, 21, 20, 15, 10, 5, 0, 1, 0]","[""left"", ""left"", ""left"", ""left"", ""up"", ""up"", ""up"", ""up"", ""right"", ""left""]","[1.0, 1.0, -1.0, -1.0, 1.0, 1.0, 1.0, 1.0, 1.0, -1.0]",10,img152_d6_s24_g02_r0,6,4
GeoExplorer-pristine,/root/geoexplorer/results/checkpoint/algo_dualseed480k_20260427/masa_plus_mmgag_arena_pristine_a040_a0405_sine0405_dualseed480k/wave2_seed321_4gpu/pristine_seed321_t480k/geoexplorer.pt,swissviewmonuments,153,4,11,3,5,False,4,"[11, 12, 13, 18, 23, 22, 21, 16, 11, 10, 5]","[""right"", ""right"", ""down"", ""down"", ""left"", ""left"", ""up"", ""up"", ""left"", ""up""]","[1.0, 1.0, -1.0, -1.0, -1.0, -1.0, 1.0, 1.0, -1.0, 1.0]",10,img153_d4_s11_g03_r0,4,6
GeoExplorer-pristine,/root/geoexplorer/results/checkpoint/algo_dualseed480k_20260427/masa_plus_mmgag_arena_pristine_a040_a0405_sine0405_dualseed480k/wave2_seed321_4gpu/pristine_seed321_t480k/geoexplorer.pt,swissviewmonuments,153,6,15,3,3,True,0,"[15, 10, 5, 0, 1, 2, 3]","[""up"", ""up"", ""up"", ""right"", ""right"", ""right""]","[1.0, 1.0, 1.0, 1.0, 1.0, 1.0]",6,img153_d6_s15_g03_r0,6,0
GeoExplorer-pristine,/root/geoexplorer/results/checkpoint/algo_dualseed480k_20260427/masa_plus_mmgag_arena_pristine_a040_a0405_sine0405_dualseed480k/wave2_seed321_4gpu/pristine_seed321_t480k/geoexplorer.pt,swissviewmonuments,154,4,6,4,20,False,8,"[6, 7, 8, 13, 18, 23, 22, 21, 20, 15, 20]","[""right"", ""right"", ""down"", ""down"", ""down"", ""left"", ""left"", ""left"", ""up"", ""down""]","[1.0, 1.0, -1.0, -1.0, -1.0, -1.0, -1.0, -1.0, 1.0, -1.0]",10,img154_d4_s06_g04_r0,4,6
GeoExplorer-pristine,/root/geoexplorer/results/checkpoint/algo_dualseed480k_20260427/masa_plus_mmgag_arena_pristine_a040_a0405_sine0405_dualseed480k/wave2_seed321_4gpu/pristine_seed321_t480k/geoexplorer.pt,swissviewmonuments,154,6,10,4,16,False,6,"[10, 5, 6, 7, 8, 13, 18, 23, 22, 21, 16]","[""up"", ""right"", ""right"", ""right"", ""down"", ""down"", ""down"", ""left"", ""left"", ""up""]","[1.0, 1.0, 1.0, 1.0, -1.0, -1.0, -1.0, -1.0, -1.0, 1.0]",10,img154_d6_s10_g04_r0,6,4
GeoExplorer-pristine,/root/geoexplorer/results/checkpoint/algo_dualseed480k_20260427/masa_plus_mmgag_arena_pristine_a040_a0405_sine0405_dualseed480k/wave2_seed321_4gpu/pristine_seed321_t480k/geoexplorer.pt,swissviewmonuments,154,8,20,4,8,False,2,"[20, 15, 10, 5, 6, 7, 8, 7, 8, 7, 8]","[""up"", ""up"", ""up"", ""right"", ""right"", ""right"", ""left"", ""right"", ""left"", ""right""]","[1.0, 1.0, 1.0, 1.0, 1.0, 1.0, -1.0, 1.0, -1.0, 1.0]",10,img154_d8_s20_g04_r0,8,2
GeoExplorer-pristine,/root/geoexplorer/results/checkpoint/algo_dualseed480k_20260427/masa_plus_mmgag_arena_pristine_a040_a0405_sine0405_dualseed480k/wave2_seed321_4gpu/pristine_seed321_t480k/geoexplorer.pt,swissviewmonuments,155,4,3,5,5,True,0,"[3, 2, 1, 0, 5]","[""left"", ""left"", ""left"", ""down""]","[1.0, 1.0, 1.0, 1.0]",4,img155_d4_s03_g05_r0,4,0
GeoExplorer-pristine,/root/geoexplorer/results/checkpoint/algo_dualseed480k_20260427/masa_plus_mmgag_arena_pristine_a040_a0405_sine0405_dualseed480k/wave2_seed321_4gpu/pristine_seed321_t480k/geoexplorer.pt,swissviewmonuments,155,6,19,5,5,True,0,"[19, 14, 9, 8, 7, 6, 5]","[""up"", ""up"", ""left"", ""left"", ""left"", ""left""]","[1.0, 1.0, 1.0, 1.0, 1.0, 1.0]",6,img155_d6_s19_g05_r0,6,0
GeoExplorer-pristine,/root/geoexplorer/results/checkpoint/algo_dualseed480k_20260427/masa_plus_mmgag_arena_pristine_a040_a0405_sine0405_dualseed480k/wave2_seed321_4gpu/pristine_seed321_t480k/geoexplorer.pt,swissviewmonuments,156,4,22,6,6,True,0,"[22, 21, 16, 11, 6]","[""left"", ""up"", ""up"", ""up""]","[1.0, 1.0, 1.0, 1.0]",4,img156_d4_s22_g06_r0,4,0
GeoExplorer-pristine,/root/geoexplorer/results/checkpoint/algo_dualseed480k_20260427/masa_plus_mmgag_arena_pristine_a040_a0405_sine0405_dualseed480k/wave2_seed321_4gpu/pristine_seed321_t480k/geoexplorer.pt,swissviewmonuments,156,6,24,6,0,False,2,"[24, 19, 14, 9, 4, 3, 2, 1, 0, 1, 0]","[""up"", ""up"", ""up"", ""up"", ""left"", ""left"", ""left"", ""left"", ""right"", ""left""]","[1.0, 1.0, 1.0, -1.0, 1.0, 1.0, 1.0, -1.0, 1.0, -1.0]",10,img156_d6_s24_g06_r0,6,4
GeoExplorer-pristine,/root/geoexplorer/results/checkpoint/algo_dualseed480k_20260427/masa_plus_mmgag_arena_pristine_a040_a0405_sine0405_dualseed480k/wave2_seed321_4gpu/pristine_seed321_t480k/geoexplorer.pt,swissviewmonuments,157,4,19,7,5,False,2,"[19, 14, 9, 4, 3, 2, 1, 0, 5, 10, 5]","[""up"", ""up"", ""up"", ""left"", ""left"", ""left"", ""left"", ""down"", ""down"", ""up""]","[1.0, 1.0, -1.0, 1.0, 1.0, -1.0, -1.0, 1.0, -1.0, 1.0]",10,img157_d4_s19_g07_r0,4,6
GeoExplorer-pristine,/root/geoexplorer/results/checkpoint/algo_dualseed480k_20260427/masa_plus_mmgag_arena_pristine_a040_a0405_sine0405_dualseed480k/wave2_seed321_4gpu/pristine_seed321_t480k/geoexplorer.pt,swissviewmonuments,158,4,16,8,8,True,0,"[16, 17, 18, 13, 8]","[""right"", ""right"", ""up"", ""up""]","[1.0, 1.0, 1.0, 1.0]",4,img158_d4_s16_g08_r0,4,0
GeoExplorer-pristine,/root/geoexplorer/results/checkpoint/algo_dualseed480k_20260427/masa_plus_mmgag_arena_pristine_a040_a0405_sine0405_dualseed480k/wave2_seed321_4gpu/pristine_seed321_t480k/geoexplorer.pt,swissviewmonuments,158,6,20,8,2,False,2,"[20, 15, 10, 5, 0, 1, 2, 3, 2, 3, 2]","[""up"", ""up"", ""up"", ""up"", ""right"", ""right"", ""right"", ""left"", ""right"", ""left""]","[1.0, 1.0, 1.0, -1.0, 1.0, 1.0, 1.0, -1.0, 1.0, -1.0]",10,img158_d6_s20_g08_r0,6,4
GeoExplorer-pristine,/root/geoexplorer/results/checkpoint/algo_dualseed480k_20260427/masa_plus_mmgag_arena_pristine_a040_a0405_sine0405_dualseed480k/wave2_seed321_4gpu/pristine_seed321_t480k/geoexplorer.pt,swissviewmonuments,159,4,11,9,5,False,4,"[11, 12, 13, 18, 23, 22, 21, 20, 15, 10, 5]","[""right"", ""right"", ""down"", ""down"", ""left"", ""left"", ""left"", ""up"", ""up"", ""up""]","[1.0, 1.0, -1.0, -1.0, -1.0, -1.0, -1.0, 1.0, 1.0, 1.0]",10,img159_d4_s11_g09_r0,4,6
GeoExplorer-pristine,/root/geoexplorer/results/checkpoint/algo_dualseed480k_20260427/masa_plus_mmgag_arena_pristine_a040_a0405_sine0405_dualseed480k/wave2_seed321_4gpu/pristine_seed321_t480k/geoexplorer.pt,swissviewmonuments,159,6,15,9,9,True,0,"[15, 10, 5, 6, 7, 8, 9]","[""up"", ""up"", ""right"", ""right"", ""right"", ""right""]","[1.0, 1.0, 1.0, 1.0, 1.0, 1.0]",6,img159_d6_s15_g09_r0,6,0
GeoExplorer-pristine,/root/geoexplorer/results/checkpoint/algo_dualseed480k_20260427/masa_plus_mmgag_arena_pristine_a040_a0405_sine0405_dualseed480k/wave2_seed321_4gpu/pristine_seed321_t480k/geoexplorer.pt,swissviewmonuments,160,4,2,10,20,False,2,"[2, 3, 4, 9, 14, 19, 24, 23, 22, 21, 20]","[""right"", ""right"", ""down"", ""down"", ""down"", ""down"", ""left"", ""left"", ""left"", ""left""]","[-1.0, -1.0, 1.0, 1.0, -1.0, -1.0, 1.0, 1.0, 1.0, 1.0]",10,img160_d4_s02_g10_r0,4,6
GeoExplorer-pristine,/root/geoexplorer/results/checkpoint/algo_dualseed480k_20260427/masa_plus_mmgag_arena_pristine_a040_a0405_sine0405_dualseed480k/wave2_seed321_4gpu/pristine_seed321_t480k/geoexplorer.pt,swissviewmonuments,160,6,24,10,10,True,0,"[24, 19, 14, 9, 8, 7, 6, 5, 10]","[""up"", ""up"", ""up"", ""left"", ""left"", ""left"", ""left"", ""down""]","[1.0, 1.0, -1.0, 1.0, 1.0, 1.0, 1.0, 1.0]",8,img160_d6_s24_g10_r0,6,2
GeoExplorer-pristine,/root/geoexplorer/results/checkpoint/algo_dualseed480k_20260427/masa_plus_mmgag_arena_pristine_a040_a0405_sine0405_dualseed480k/wave2_seed321_4gpu/pristine_seed321_t480k/geoexplorer.pt,swissviewmonuments,161,4,9,11,21,False,2,"[9, 14, 19, 24, 23, 22, 21, 20, 21, 20, 21]","[""down"", ""down"", ""down"", ""left"", ""left"", ""left"", ""left"", ""right"", ""left"", ""right""]","[1.0, -1.0, -1.0, 1.0, 1.0, 1.0, -1.0, 1.0, -1.0, 1.0]",10,img161_d4_s09_g11_r0,4,6
GeoExplorer-pristine,/root/geoexplorer/results/checkpoint/algo_dualseed480k_20260427/masa_plus_mmgag_arena_pristine_a040_a0405_sine0405_dualseed480k/wave2_seed321_4gpu/pristine_seed321_t480k/geoexplorer.pt,swissviewmonuments,162,4,20,12,4,False,4,"[20, 21, 22, 23, 24, 19, 14, 9, 4, 9, 4]","[""right"", ""right"", ""right"", ""right"", ""up"", ""up"", ""up"", ""up"", ""down"", ""up""]","[1.0, 1.0, -1.0, -1.0, 1.0, 1.0, -1.0, -1.0, 1.0, -1.0]",10,img162_d4_s20_g12_r0,4,6
GeoExplorer-pristine,/root/geoexplorer/results/checkpoint/algo_dualseed480k_20260427/masa_plus_mmgag_arena_pristine_a040_a0405_sine0405_dualseed480k/wave2_seed321_4gpu/pristine_seed321_t480k/geoexplorer.pt,swissviewmonuments,163,4,15,13,23,False,2,"[15, 10, 5, 6, 7, 8, 9, 14, 19, 24, 23]","[""up"", ""up"", ""right"", ""right"", ""right"", ""right"", ""down"", ""down"", ""down"", ""left""]","[1.0, -1.0, 1.0, 1.0, 1.0, -1.0, 1.0, -1.0, -1.0, 1.0]",10,img163_d4_s15_g13_r0,4,6
GeoExplorer-pristine,/root/geoexplorer/results/checkpoint/algo_dualseed480k_20260427/masa_plus_mmgag_arena_pristine_a040_a0405_sine0405_dualseed480k/wave2_seed321_4gpu/pristine_seed321_t480k/geoexplorer.pt,swissviewmonuments,164,4,22,14,18,False,2,"[22, 21, 20, 15, 10, 5, 10, 11, 12, 13, 18]","[""left"", ""left"", ""up"", ""up"", ""up"", ""down"", ""right"", ""right"", ""right"", ""down""]","[-1.0, -1.0, 1.0, 1.0, -1.0, 1.0, 1.0, 1.0, 1.0, -1.0]",10,img164_d4_s22_g14_r0,4,6
GeoExplorer-pristine,/root/geoexplorer/results/checkpoint/algo_dualseed480k_20260427/masa_plus_mmgag_arena_pristine_a040_a0405_sine0405_dualseed480k/wave2_seed321_4gpu/pristine_seed321_t480k/geoexplorer.pt,swissviewmonuments,164,6,20,14,12,False,2,"[20, 21, 22, 23, 18, 13, 18, 13, 18, 13, 12]","[""right"", ""right"", ""right"", ""up"", ""up"", ""down"", ""up"", ""down"", ""up"", ""left""]","[1.0, 1.0, 1.0, 1.0, 1.0, -1.0, 1.0, -1.0, 1.0, -1.0]",10,img164_d6_s20_g14_r0,6,4
GeoExplorer-pristine,/root/geoexplorer/results/checkpoint/algo_dualseed480k_20260427/masa_plus_mmgag_arena_pristine_a040_a0405_sine0405_dualseed480k/wave2_seed321_4gpu/pristine_seed321_t480k/geoexplorer.pt,swissviewmonuments,165,4,13,15,15,True,0,"[13, 12, 11, 10, 15]","[""left"", ""left"", ""left"", ""down""]","[1.0, 1.0, 1.0, 1.0]",4,img165_d4_s13_g15_r0,4,0
GeoExplorer-pristine,/root/geoexplorer/results/checkpoint/algo_dualseed480k_20260427/masa_plus_mmgag_arena_pristine_a040_a0405_sine0405_dualseed480k/wave2_seed321_4gpu/pristine_seed321_t480k/geoexplorer.pt,swissviewmonuments,165,6,9,15,15,True,0,"[9, 14, 19, 18, 17, 16, 15]","[""down"", ""down"", ""left"", ""left"", ""left"", ""left""]","[1.0, 1.0, 1.0, 1.0, 1.0, 1.0]",6,img165_d6_s09_g15_r0,6,0
GeoExplorer-pristine,/root/geoexplorer/results/checkpoint/algo_dualseed480k_20260427/masa_plus_mmgag_arena_pristine_a040_a0405_sine0405_dualseed480k/wave2_seed321_4gpu/pristine_seed321_t480k/geoexplorer.pt,swissviewmonuments,166,4,2,16,24,False,4,"[2, 3, 4, 9, 14, 19, 24, 19, 24, 19, 24]","[""right"", ""right"", ""down"", ""down"", ""down"", ""down"", ""up"", ""down"", ""up"", ""down""]","[-1.0, -1.0, 1.0, 1.0, 1.0, -1.0, 1.0, -1.0, 1.0, -1.0]",10,img166_d4_s02_g16_r0,4,6
GeoExplorer-pristine,/root/geoexplorer/results/checkpoint/algo_dualseed480k_20260427/masa_plus_mmgag_arena_pristine_a040_a0405_sine0405_dualseed480k/wave2_seed321_4gpu/pristine_seed321_t480k/geoexplorer.pt,swissviewmonuments,166,6,4,16,20,False,2,"[4, 3, 2, 1, 0, 5, 10, 15, 20, 21, 20]","[""left"", ""left"", ""left"", ""left"", ""down"", ""down"", ""down"", ""down"", ""right"", ""left""]","[1.0, 1.0, 1.0, -1.0, 1.0, 1.0, 1.0, -1.0, 1.0, -1.0]",10,img166_d6_s04_g16_r0,6,4
GeoExplorer-pristine,/root/geoexplorer/results/checkpoint/algo_dualseed480k_20260427/masa_plus_mmgag_arena_pristine_a040_a0405_sine0405_dualseed480k/wave2_seed321_4gpu/pristine_seed321_t480k/geoexplorer.pt,swissviewmonuments,167,4,3,17,21,False,2,"[3, 2, 1, 0, 5, 10, 15, 20, 21, 22, 21]","[""left"", ""left"", ""left"", ""down"", ""down"", ""down"", ""down"", ""right"", ""right"", ""left""]","[1.0, -1.0, -1.0, 1.0, 1.0, 1.0, -1.0, 1.0, 1.0, -1.0]",10,img167_d4_s03_g17_r0,4,6
GeoExplorer-pristine,/root/geoexplorer/results/checkpoint/algo_dualseed480k_20260427/masa_plus_mmgag_arena_pristine_a040_a0405_sine0405_dualseed480k/wave2_seed321_4gpu/pristine_seed321_t480k/geoexplorer.pt,swissviewmonuments,168,4,6,18,18,True,0,"[6, 7, 8, 13, 18]","[""right"", ""right"", ""down"", ""down""]","[1.0, 1.0, 1.0, 1.0]",4,img168_d4_s06_g18_r0,4,0
GeoExplorer-pristine,/root/geoexplorer/results/checkpoint/algo_dualseed480k_20260427/masa_plus_mmgag_arena_pristine_a040_a0405_sine0405_dualseed480k/wave2_seed321_4gpu/pristine_seed321_t480k/geoexplorer.pt,swissviewmonuments,168,6,0,18,14,False,2,"[0, 1, 2, 3, 4, 9, 14, 19, 14, 9, 14]","[""right"", ""right"", ""right"", ""right"", ""down"", ""down"", ""down"", ""up"", ""up"", ""down""]","[1.0, 1.0, 1.0, -1.0, 1.0, 1.0, 1.0, -1.0, -1.0, 1.0]",10,img168_d6_s00_g18_r0,6,4
GeoExplorer-pristine,/root/geoexplorer/results/checkpoint/algo_dualseed480k_20260427/masa_plus_mmgag_arena_pristine_a040_a0405_sine0405_dualseed480k/wave2_seed321_4gpu/pristine_seed321_t480k/geoexplorer.pt,swissviewmonuments,169,4,7,19,19,True,0,"[7, 6, 11, 16, 15, 20, 21, 22, 23, 24, 19]","[""left"", ""down"", ""down"", ""left"", ""down"", ""right"", ""right"", ""right"", ""right"", ""up""]","[-1.0, 1.0, 1.0, -1.0, -1.0, 1.0, 1.0, 1.0, 1.0, 1.0]",10,img169_d4_s07_g19_r0,4,6
GeoExplorer-pristine,/root/geoexplorer/results/checkpoint/algo_dualseed480k_20260427/masa_plus_mmgag_arena_pristine_a040_a0405_sine0405_dualseed480k/wave2_seed321_4gpu/pristine_seed321_t480k/geoexplorer.pt,swissviewmonuments,169,6,1,19,15,False,4,"[1, 2, 3, 8, 13, 18, 23, 18, 17, 16, 15]","[""right"", ""right"", ""down"", ""down"", ""down"", ""down"", ""up"", ""left"", ""left"", ""left""]","[1.0, 1.0, 1.0, 1.0, 1.0, -1.0, 1.0, -1.0, -1.0, -1.0]",10,img169_d6_s01_g19_r0,6,4
GeoExplorer-pristine,/root/geoexplorer/results/checkpoint/algo_dualseed480k_20260427/masa_plus_mmgag_arena_pristine_a040_a0405_sine0405_dualseed480k/wave2_seed321_4gpu/pristine_seed321_t480k/geoexplorer.pt,swissviewmonuments,170,4,0,20,4,False,8,"[0, 1, 2, 3, 4, 9, 4, 9, 4, 9, 4]","[""right"", ""right"", ""right"", ""right"", ""down"", ""up"", ""down"", ""up"", ""down"", ""up""]","[-1.0, -1.0, -1.0, -1.0, 1.0, -1.0, 1.0, -1.0, 1.0, -1.0]",10,img170_d4_s00_g20_r0,4,6
GeoExplorer-pristine,/root/geoexplorer/results/checkpoint/algo_dualseed480k_20260427/masa_plus_mmgag_arena_pristine_a040_a0405_sine0405_dualseed480k/wave2_seed321_4gpu/pristine_seed321_t480k/geoexplorer.pt,swissviewmonuments,170,6,2,20,8,False,6,"[2, 1, 0, 5, 10, 15, 16, 17, 18, 13, 8]","[""left"", ""left"", ""down"", ""down"", ""down"", ""right"", ""right"", ""right"", ""up"", ""up""]","[1.0, 1.0, 1.0, 1.0, 1.0, -1.0, -1.0, -1.0, -1.0, -1.0]",10,img170_d6_s02_g20_r0,6,4
GeoExplorer-pristine,/root/geoexplorer/results/checkpoint/algo_dualseed480k_20260427/masa_plus_mmgag_arena_pristine_a040_a0405_sine0405_dualseed480k/wave2_seed321_4gpu/pristine_seed321_t480k/geoexplorer.pt,swissviewmonuments,170,8,4,20,20,True,0,"[4, 9, 14, 19, 18, 17, 16, 15, 20]","[""down"", ""down"", ""down"", ""left"", ""left"", ""left"", ""left"", ""down""]","[1.0, 1.0, 1.0, 1.0, 1.0, 1.0, 1.0, 1.0]",8,img170_d8_s04_g20_r0,8,0
GeoExplorer-pristine,/root/geoexplorer/results/checkpoint/algo_dualseed480k_20260427/masa_plus_mmgag_arena_pristine_a040_a0405_sine0405_dualseed480k/wave2_seed321_4gpu/pristine_seed321_t480k/geoexplorer.pt,swissviewmonuments,171,4,1,21,9,False,6,"[1, 2, 3, 4, 9, 14, 19, 14, 19, 14, 9]","[""right"", ""right"", ""right"", ""down"", ""down"", ""down"", ""up"", ""down"", ""up"", ""up""]","[-1.0, -1.0, -1.0, 1.0, 1.0, 1.0, -1.0, 1.0, -1.0, -1.0]",10,img171_d4_s01_g21_r0,4,6
GeoExplorer-pristine,/root/geoexplorer/results/checkpoint/algo_dualseed480k_20260427/masa_plus_mmgag_arena_pristine_a040_a0405_sine0405_dualseed480k/wave2_seed321_4gpu/pristine_seed321_t480k/geoexplorer.pt,swissviewmonuments,171,6,3,21,21,True,0,"[3, 2, 1, 0, 5, 10, 15, 20, 21]","[""left"", ""left"", ""left"", ""down"", ""down"", ""down"", ""down"", ""right""]","[1.0, 1.0, -1.0, 1.0, 1.0, 1.0, 1.0, 1.0]",8,img171_d6_s03_g21_r0,6,2
GeoExplorer-pristine,/root/geoexplorer/results/checkpoint/algo_dualseed480k_20260427/masa_plus_mmgag_arena_pristine_a040_a0405_sine0405_dualseed480k/wave2_seed321_4gpu/pristine_seed321_t480k/geoexplorer.pt,swissviewmonuments,172,4,14,22,16,False,2,"[14, 13, 12, 11, 10, 15, 20, 21, 20, 21, 16]","[""left"", ""left"", ""left"", ""left"", ""down"", ""down"", ""right"", ""left"", ""right"", ""up""]","[1.0, 1.0, -1.0, -1.0, 1.0, 1.0, 1.0, -1.0, 1.0, -1.0]",10,img172_d4_s14_g22_r0,4,6
GeoExplorer-pristine,/root/geoexplorer/results/checkpoint/algo_dualseed480k_20260427/masa_plus_mmgag_arena_pristine_a040_a0405_sine0405_dualseed480k/wave2_seed321_4gpu/pristine_seed321_t480k/geoexplorer.pt,swissviewmonuments,172,6,0,22,22,True,0,"[0, 5, 10, 15, 20, 21, 22]","[""down"", ""down"", ""down"", ""down"", ""right"", ""right""]","[1.0, 1.0, 1.0, 1.0, 1.0, 1.0]",6,img172_d6_s00_g22_r0,6,0
GeoExplorer-pristine,/root/geoexplorer/results/checkpoint/algo_dualseed480k_20260427/masa_plus_mmgag_arena_pristine_a040_a0405_sine0405_dualseed480k/wave2_seed321_4gpu/pristine_seed321_t480k/geoexplorer.pt,swissviewmonuments,173,4,11,23,3,False,4,"[11, 12, 13, 14, 9, 4, 3, 2, 3, 2, 3]","[""right"", ""right"", ""right"", ""up"", ""up"", ""left"", ""left"", ""right"", ""left"", ""right""]","[1.0, 1.0, -1.0, -1.0, -1.0, 1.0, -1.0, 1.0, -1.0, 1.0]",10,img173_d4_s11_g23_r0,4,6
GeoExplorer-pristine,/root/geoexplorer/results/checkpoint/algo_dualseed480k_20260427/masa_plus_mmgag_arena_pristine_a040_a0405_sine0405_dualseed480k/wave2_seed321_4gpu/pristine_seed321_t480k/geoexplorer.pt,swissviewmonuments,173,6,5,23,23,True,0,"[5, 6, 7, 8, 9, 14, 19, 24, 23]","[""right"", ""right"", ""right"", ""right"", ""down"", ""down"", ""down"", ""left""]","[1.0, 1.0, 1.0, -1.0, 1.0, 1.0, 1.0, 1.0]",8,img173_d6_s05_g23_r0,6,2
GeoExplorer-pristine,/root/geoexplorer/results/checkpoint/algo_dualseed480k_20260427/masa_plus_mmgag_arena_pristine_a040_a0405_sine0405_dualseed480k/wave2_seed321_4gpu/pristine_seed321_t480k/geoexplorer.pt,swissviewmonuments,174,4,20,24,24,True,0,"[20, 21, 22, 23, 24]","[""right"", ""right"", ""right"", ""right""]","[1.0, 1.0, 1.0, 1.0]",4,img174_d4_s20_g24_r0,4,0
GeoExplorer-pristine,/root/geoexplorer/results/checkpoint/algo_dualseed480k_20260427/masa_plus_mmgag_arena_pristine_a040_a0405_sine0405_dualseed480k/wave2_seed321_4gpu/pristine_seed321_t480k/geoexplorer.pt,swissviewmonuments,174,6,2,24,12,False,4,"[2, 3, 4, 9, 14, 19, 14, 19, 14, 13, 12]","[""right"", ""right"", ""down"", ""down"", ""down"", ""up"", ""down"", ""up"", ""left"", ""left""]","[1.0, 1.0, 1.0, 1.0, 1.0, -1.0, 1.0, -1.0, -1.0, -1.0]",10,img174_d6_s02_g24_r0,6,4
GeoExplorer-pristine,/root/geoexplorer/results/checkpoint/algo_dualseed480k_20260427/masa_plus_mmgag_arena_pristine_a040_a0405_sine0405_dualseed480k/wave2_seed321_4gpu/pristine_seed321_t480k/geoexplorer.pt,swissviewmonuments,174,8,0,24,14,False,2,"[0, 1, 2, 3, 4, 9, 14, 19, 14, 9, 14]","[""right"", ""right"", ""right"", ""right"", ""down"", ""down"", ""down"", ""up"", ""up"", ""down""]","[1.0, 1.0, 1.0, 1.0, 1.0, 1.0, 1.0, -1.0, -1.0, 1.0]",10,img174_d8_s00_g24_r0,8,2
GeoExplorer-pristine,/root/geoexplorer/results/checkpoint/algo_dualseed480k_20260427/masa_plus_mmgag_arena_pristine_a040_a0405_sine0405_dualseed480k/wave2_seed321_4gpu/pristine_seed321_t480k/geoexplorer.pt,swissviewmonuments,175,4,16,0,4,False,4,"[16, 17, 12, 7, 6, 1, 2, 1, 2, 3, 4]","[""right"", ""up"", ""up"", ""left"", ""up"", ""right"", ""left"", ""right"", ""right"", ""right""]","[-1.0, 1.0, 1.0, 1.0, 1.0, -1.0, 1.0, -1.0, -1.0, -1.0]",10,img175_d4_s16_g00_r0,4,6
GeoExplorer-pristine,/root/geoexplorer/results/checkpoint/algo_dualseed480k_20260427/masa_plus_mmgag_arena_pristine_a040_a0405_sine0405_dualseed480k/wave2_seed321_4gpu/pristine_seed321_t480k/geoexplorer.pt,swissviewmonuments,175,6,22,0,0,True,0,"[22, 17, 12, 7, 6, 5, 0]","[""up"", ""up"", ""up"", ""left"", ""left"", ""up""]","[1.0, 1.0, 1.0, 1.0, 1.0, 1.0]",6,img175_d6_s22_g00_r0,6,0
GeoExplorer-pristine,/root/geoexplorer/results/checkpoint/algo_dualseed480k_20260427/masa_plus_mmgag_arena_pristine_a040_a0405_sine0405_dualseed480k/wave2_seed321_4gpu/pristine_seed321_t480k/geoexplorer.pt,swissviewmonuments,175,8,24,0,0,True,0,"[24, 19, 14, 9, 8, 7, 6, 5, 0]","[""up"", ""up"", ""up"", ""left"", ""left"", ""left"", ""left"", ""up""]","[1.0, 1.0, 1.0, 1.0, 1.0, 1.0, 1.0, 1.0]",8,img175_d8_s24_g00_r0,8,0
GeoExplorer-pristine,/root/geoexplorer/results/checkpoint/algo_dualseed480k_20260427/masa_plus_mmgag_arena_pristine_a040_a0405_sine0405_dualseed480k/wave2_seed321_4gpu/pristine_seed321_t480k/geoexplorer.pt,swissviewmonuments,176,4,15,1,1,True,0,"[15, 10, 5, 0, 1]","[""up"", ""up"", ""up"", ""right""]","[1.0, 1.0, 1.0, 1.0]",4,img176_d4_s15_g01_r0,4,0
GeoExplorer-pristine,/root/geoexplorer/results/checkpoint/algo_dualseed480k_20260427/masa_plus_mmgag_arena_pristine_a040_a0405_sine0405_dualseed480k/wave2_seed321_4gpu/pristine_seed321_t480k/geoexplorer.pt,swissviewmonuments,176,6,23,1,15,False,4,"[23, 18, 13, 12, 7, 6, 5, 0, 5, 10, 15]","[""up"", ""up"", ""left"", ""up"", ""left"", ""left"", ""up"", ""down"", ""down"", ""down""]","[1.0, 1.0, 1.0, 1.0, 1.0, -1.0, 1.0, -1.0, -1.0, -1.0]",10,img176_d6_s23_g01_r0,6,4
GeoExplorer-pristine,/root/geoexplorer/results/checkpoint/algo_dualseed480k_20260427/masa_plus_mmgag_arena_pristine_a040_a0405_sine0405_dualseed480k/wave2_seed321_4gpu/pristine_seed321_t480k/geoexplorer.pt,swissviewmonuments,177,4,16,2,2,True,0,"[16, 17, 18, 13, 8, 3, 2]","[""right"", ""right"", ""up"", ""up"", ""up"", ""left""]","[1.0, -1.0, 1.0, 1.0, 1.0, 1.0]",6,img177_d4_s16_g02_r0,4,2
GeoExplorer-pristine,/root/geoexplorer/results/checkpoint/algo_dualseed480k_20260427/masa_plus_mmgag_arena_pristine_a040_a0405_sine0405_dualseed480k/wave2_seed321_4gpu/pristine_seed321_t480k/geoexplorer.pt,swissviewmonuments,177,6,24,2,2,True,0,"[24, 19, 14, 9, 4, 3, 2]","[""up"", ""up"", ""up"", ""up"", ""left"", ""left""]","[1.0, 1.0, 1.0, 1.0, 1.0, 1.0]",6,img177_d6_s24_g02_r0,6,0
GeoExplorer-pristine,/root/geoexplorer/results/checkpoint/algo_dualseed480k_20260427/masa_plus_mmgag_arena_pristine_a040_a0405_sine0405_dualseed480k/wave2_seed321_4gpu/pristine_seed321_t480k/geoexplorer.pt,swissviewmonuments,178,4,19,3,3,True,0,"[19, 14, 9, 4, 3]","[""up"", ""up"", ""up"", ""left""]","[1.0, 1.0, 1.0, 1.0]",4,img178_d4_s19_g03_r0,4,0
GeoExplorer-pristine,/root/geoexplorer/results/checkpoint/algo_dualseed480k_20260427/masa_plus_mmgag_arena_pristine_a040_a0405_sine0405_dualseed480k/wave2_seed321_4gpu/pristine_seed321_t480k/geoexplorer.pt,swissviewmonuments,178,6,21,3,3,True,0,"[21, 22, 23, 18, 13, 8, 3]","[""right"", ""right"", ""up"", ""up"", ""up"", ""up""]","[1.0, 1.0, 1.0, 1.0, 1.0, 1.0]",6,img178_d6_s21_g03_r0,6,0
GeoExplorer-pristine,/root/geoexplorer/results/checkpoint/algo_dualseed480k_20260427/masa_plus_mmgag_arena_pristine_a040_a0405_sine0405_dualseed480k/wave2_seed321_4gpu/pristine_seed321_t480k/geoexplorer.pt,swissviewmonuments,179,4,6,4,20,False,8,"[6, 7, 8, 13, 18, 23, 22, 21, 20, 15, 20]","[""right"", ""right"", ""down"", ""down"", ""down"", ""left"", ""left"", ""left"", ""up"", ""down""]","[1.0, 1.0, -1.0, -1.0, -1.0, -1.0, -1.0, -1.0, 1.0, -1.0]",10,img179_d4_s06_g04_r0,4,6
GeoExplorer-pristine,/root/geoexplorer/results/checkpoint/algo_dualseed480k_20260427/masa_plus_mmgag_arena_pristine_a040_a0405_sine0405_dualseed480k/wave2_seed321_4gpu/pristine_seed321_t480k/geoexplorer.pt,swissviewmonuments,179,6,10,4,4,True,0,"[10, 5, 0, 1, 2, 3, 4]","[""up"", ""up"", ""right"", ""right"", ""right"", ""right""]","[1.0, 1.0, 1.0, 1.0, 1.0, 1.0]",6,img179_d6_s10_g04_r0,6,0
GeoExplorer-pristine,/root/geoexplorer/results/checkpoint/algo_dualseed480k_20260427/masa_plus_mmgag_arena_pristine_a040_a0405_sine0405_dualseed480k/wave2_seed321_4gpu/pristine_seed321_t480k/geoexplorer.pt,swissviewmonuments,179,8,20,4,4,True,0,"[20, 15, 10, 5, 0, 1, 2, 3, 4]","[""up"", ""up"", ""up"", ""up"", ""right"", ""right"", ""right"", ""right""]","[1.0, 1.0, 1.0, 1.0, 1.0, 1.0, 1.0, 1.0]",8,img179_d8_s20_g04_r0,8,0
GeoExplorer-pristine,/root/geoexplorer/results/checkpoint/algo_dualseed480k_20260427/masa_plus_mmgag_arena_pristine_a040_a0405_sine0405_dualseed480k/wave2_seed321_4gpu/pristine_seed321_t480k/geoexplorer.pt,swissviewmonuments,180,4,13,5,5,True,0,"[13, 12, 11, 10, 15, 10, 5]","[""left"", ""left"", ""left"", ""down"", ""up"", ""up""]","[1.0, 1.0, 1.0, -1.0, 1.0, 1.0]",6,img180_d4_s13_g05_r0,4,2
GeoExplorer-pristine,/root/geoexplorer/results/checkpoint/algo_dualseed480k_20260427/masa_plus_mmgag_arena_pristine_a040_a0405_sine0405_dualseed480k/wave2_seed321_4gpu/pristine_seed321_t480k/geoexplorer.pt,swissviewmonuments,180,6,23,5,5,True,0,"[23, 18, 13, 8, 7, 6, 5]","[""up"", ""up"", ""up"", ""left"", ""left"", ""left""]","[1.0, 1.0, 1.0, 1.0, 1.0, 1.0]",6,img180_d6_s23_g05_r0,6,0
GeoExplorer-pristine,/root/geoexplorer/results/checkpoint/algo_dualseed480k_20260427/masa_plus_mmgag_arena_pristine_a040_a0405_sine0405_dualseed480k/wave2_seed321_4gpu/pristine_seed321_t480k/geoexplorer.pt,swissviewmonuments,181,4,20,6,0,False,2,"[20, 21, 22, 23, 18, 13, 8, 3, 2, 1, 0]","[""right"", ""right"", ""right"", ""up"", ""up"", ""up"", ""up"", ""left"", ""left"", ""left""]","[1.0, -1.0, -1.0, 1.0, 1.0, 1.0, -1.0, 1.0, 1.0, -1.0]",10,img181_d4_s20_g06_r0,4,6
GeoExplorer-pristine,/root/geoexplorer/results/checkpoint/algo_dualseed480k_20260427/masa_plus_mmgag_arena_pristine_a040_a0405_sine0405_dualseed480k/wave2_seed321_4gpu/pristine_seed321_t480k/geoexplorer.pt,swissviewmonuments,181,6,24,6,6,True,0,"[24, 19, 14, 9, 8, 7, 6]","[""up"", ""up"", ""up"", ""left"", ""left"", ""left""]","[1.0, 1.0, 1.0, 1.0, 1.0, 1.0]",6,img181_d6_s24_g06_r0,6,0
GeoExplorer-pristine,/root/geoexplorer/results/checkpoint/algo_dualseed480k_20260427/masa_plus_mmgag_arena_pristine_a040_a0405_sine0405_dualseed480k/wave2_seed321_4gpu/pristine_seed321_t480k/geoexplorer.pt,swissviewmonuments,182,4,15,7,3,False,2,"[15, 10, 5, 0, 1, 2, 3, 4, 3, 4, 3]","[""up"", ""up"", ""up"", ""right"", ""right"", ""right"", ""right"", ""left"", ""right"", ""left""]","[1.0, 1.0, -1.0, 1.0, 1.0, -1.0, -1.0, 1.0, -1.0, 1.0]",10,img182_d4_s15_g07_r0,4,6
GeoExplorer-pristine,/root/geoexplorer/results/checkpoint/algo_dualseed480k_20260427/masa_plus_mmgag_arena_pristine_a040_a0405_sine0405_dualseed480k/wave2_seed321_4gpu/pristine_seed321_t480k/geoexplorer.pt,swissviewmonuments,183,4,24,8,8,True,0,"[24, 19, 14, 9, 8]","[""up"", ""up"", ""up"", ""left""]","[1.0, 1.0, 1.0, 1.0]",4,img183_d4_s24_g08_r0,4,0
GeoExplorer-pristine,/root/geoexplorer/results/checkpoint/algo_dualseed480k_20260427/masa_plus_mmgag_arena_pristine_a040_a0405_sine0405_dualseed480k/wave2_seed321_4gpu/pristine_seed321_t480k/geoexplorer.pt,swissviewmonuments,183,6,20,8,4,False,2,"[20, 15, 10, 5, 0, 1, 2, 3, 4, 9, 4]","[""up"", ""up"", ""up"", ""up"", ""right"", ""right"", ""right"", ""right"", ""down"", ""up""]","[1.0, 1.0, 1.0, -1.0, 1.0, 1.0, 1.0, -1.0, 1.0, -1.0]",10,img183_d6_s20_g08_r0,6,4
GeoExplorer-pristine,/root/geoexplorer/results/checkpoint/algo_dualseed480k_20260427/masa_plus_mmgag_arena_pristine_a040_a0405_sine0405_dualseed480k/wave2_seed321_4gpu/pristine_seed321_t480k/geoexplorer.pt,swissviewmonuments,184,4,11,9,9,True,0,"[11, 12, 13, 18, 19, 14, 9]","[""right"", ""right"", ""down"", ""right"", ""up"", ""up""]","[1.0, 1.0, -1.0, 1.0, 1.0, 1.0]",6,img184_d4_s11_g09_r0,4,2
GeoExplorer-pristine,/root/geoexplorer/results/checkpoint/algo_dualseed480k_20260427/masa_plus_mmgag_arena_pristine_a040_a0405_sine0405_dualseed480k/wave2_seed321_4gpu/pristine_seed321_t480k/geoexplorer.pt,swissviewmonuments,184,6,15,9,3,False,2,"[15, 10, 5, 0, 1, 2, 3, 2, 3, 2, 3]","[""up"", ""up"", ""up"", ""right"", ""right"", ""right"", ""left"", ""right"", ""left"", ""right""]","[1.0, 1.0, -1.0, 1.0, 1.0, 1.0, -1.0, 1.0, -1.0, 1.0]",10,img184_d6_s15_g09_r0,6,4
GeoExplorer-pristine,/root/geoexplorer/results/checkpoint/algo_dualseed480k_20260427/masa_plus_mmgag_arena_pristine_a040_a0405_sine0405_dualseed480k/wave2_seed321_4gpu/pristine_seed321_t480k/geoexplorer.pt,swissviewmonuments,185,4,22,10,2,False,4,"[22, 17, 12, 7, 6, 1, 2, 1, 2, 1, 2]","[""up"", ""up"", ""up"", ""left"", ""up"", ""right"", ""left"", ""right"", ""left"", ""right""]","[1.0, 1.0, -1.0, 1.0, -1.0, -1.0, 1.0, -1.0, 1.0, -1.0]",10,img185_d4_s22_g10_r0,4,6
GeoExplorer-pristine,/root/geoexplorer/results/checkpoint/algo_dualseed480k_20260427/masa_plus_mmgag_arena_pristine_a040_a0405_sine0405_dualseed480k/wave2_seed321_4gpu/pristine_seed321_t480k/geoexplorer.pt,swissviewmonuments,185,6,24,10,0,False,2,"[24, 19, 14, 9, 4, 3, 2, 1, 0, 1, 0]","[""up"", ""up"", ""up"", ""up"", ""left"", ""left"", ""left"", ""left"", ""right"", ""left""]","[1.0, 1.0, -1.0, -1.0, 1.0, 1.0, 1.0, 1.0, -1.0, 1.0]",10,img185_d6_s24_g10_r0,6,4
GeoExplorer-pristine,/root/geoexplorer/results/checkpoint/algo_dualseed480k_20260427/masa_plus_mmgag_arena_pristine_a040_a0405_sine0405_dualseed480k/wave2_seed321_4gpu/pristine_seed321_t480k/geoexplorer.pt,swissviewmonuments,186,4,9,11,15,False,2,"[9, 14, 19, 24, 23, 22, 21, 20, 15, 20, 15]","[""down"", ""down"", ""down"", ""left"", ""left"", ""left"", ""left"", ""up"", ""down"", ""up""]","[1.0, -1.0, -1.0, 1.0, 1.0, 1.0, -1.0, 1.0, -1.0, 1.0]",10,img186_d4_s09_g11_r0,4,6
GeoExplorer-pristine,/root/geoexplorer/results/checkpoint/algo_dualseed480k_20260427/masa_plus_mmgag_arena_pristine_a040_a0405_sine0405_dualseed480k/wave2_seed321_4gpu/pristine_seed321_t480k/geoexplorer.pt,swissviewmonuments,187,4,20,12,4,False,4,"[20, 15, 10, 5, 0, 1, 2, 3, 4, 3, 4]","[""up"", ""up"", ""up"", ""up"", ""right"", ""right"", ""right"", ""right"", ""left"", ""right""]","[1.0, 1.0, -1.0, -1.0, 1.0, 1.0, -1.0, -1.0, 1.0, -1.0]",10,img187_d4_s20_g12_r0,4,6
GeoExplorer-pristine,/root/geoexplorer/results/checkpoint/algo_dualseed480k_20260427/masa_plus_mmgag_arena_pristine_a040_a0405_sine0405_dualseed480k/wave2_seed321_4gpu/pristine_seed321_t480k/geoexplorer.pt,swissviewmonuments,188,4,21,13,13,True,0,"[21, 22, 23, 18, 13]","[""right"", ""right"", ""up"", ""up""]","[1.0, 1.0, 1.0, 1.0]",4,img188_d4_s21_g13_r0,4,0
GeoExplorer-pristine,/root/geoexplorer/results/checkpoint/algo_dualseed480k_20260427/masa_plus_mmgag_arena_pristine_a040_a0405_sine0405_dualseed480k/wave2_seed321_4gpu/pristine_seed321_t480k/geoexplorer.pt,swissviewmonuments,189,4,6,14,14,True,0,"[6, 7, 8, 13, 18, 23, 24, 19, 14]","[""right"", ""right"", ""down"", ""down"", ""down"", ""right"", ""up"", ""up""]","[1.0, 1.0, 1.0, -1.0, -1.0, 1.0, 1.0, 1.0]",8,img189_d4_s06_g14_r0,4,4
GeoExplorer-pristine,/root/geoexplorer/results/checkpoint/algo_dualseed480k_20260427/masa_plus_mmgag_arena_pristine_a040_a0405_sine0405_dualseed480k/wave2_seed321_4gpu/pristine_seed321_t480k/geoexplorer.pt,swissviewmonuments,189,6,20,14,0,False,6,"[20, 21, 22, 23, 18, 13, 8, 7, 6, 5, 0]","[""right"", ""right"", ""right"", ""up"", ""up"", ""up"", ""left"", ""left"", ""left"", ""up""]","[1.0, 1.0, 1.0, 1.0, 1.0, -1.0, -1.0, -1.0, -1.0, -1.0]",10,img189_d6_s20_g14_r0,6,4
GeoExplorer-pristine,/root/geoexplorer/results/checkpoint/algo_dualseed480k_20260427/masa_plus_mmgag_arena_pristine_a040_a0405_sine0405_dualseed480k/wave2_seed321_4gpu/pristine_seed321_t480k/geoexplorer.pt,swissviewmonuments,190,4,23,15,15,True,0,"[23, 22, 21, 20, 15]","[""left"", ""left"", ""left"", ""up""]","[1.0, 1.0, 1.0, 1.0]",4,img190_d4_s23_g15_r0,4,0
GeoExplorer-pristine,/root/geoexplorer/results/checkpoint/algo_dualseed480k_20260427/masa_plus_mmgag_arena_pristine_a040_a0405_sine0405_dualseed480k/wave2_seed321_4gpu/pristine_seed321_t480k/geoexplorer.pt,swissviewmonuments,190,6,3,15,15,True,0,"[3, 2, 1, 0, 5, 10, 15]","[""left"", ""left"", ""left"", ""down"", ""down"", ""down""]","[1.0, 1.0, 1.0, 1.0, 1.0, 1.0]",6,img190_d6_s03_g15_r0,6,0
GeoExplorer-pristine,/root/geoexplorer/results/checkpoint/algo_dualseed480k_20260427/masa_plus_mmgag_arena_pristine_a040_a0405_sine0405_dualseed480k/wave2_seed321_4gpu/pristine_seed321_t480k/geoexplorer.pt,swissviewmonuments,191,4,24,16,20,False,2,"[24, 23, 22, 21, 20, 15, 20, 15, 20, 15, 20]","[""left"", ""left"", ""left"", ""left"", ""up"", ""down"", ""up"", ""down"", ""up"", ""down""]","[1.0, 1.0, 1.0, -1.0, 1.0, -1.0, 1.0, -1.0, 1.0, -1.0]",10,img191_d4_s24_g16_r0,4,6
GeoExplorer-pristine,/root/geoexplorer/results/checkpoint/algo_dualseed480k_20260427/masa_plus_mmgag_arena_pristine_a040_a0405_sine0405_dualseed480k/wave2_seed321_4gpu/pristine_seed321_t480k/geoexplorer.pt,swissviewmonuments,191,6,4,16,16,True,0,"[4, 9, 14, 19, 18, 17, 16]","[""down"", ""down"", ""down"", ""left"", ""left"", ""left""]","[1.0, 1.0, 1.0, 1.0, 1.0, 1.0]",6,img191_d6_s04_g16_r0,6,0
GeoExplorer-pristine,/root/geoexplorer/results/checkpoint/algo_dualseed480k_20260427/masa_plus_mmgag_arena_pristine_a040_a0405_sine0405_dualseed480k/wave2_seed321_4gpu/pristine_seed321_t480k/geoexplorer.pt,swissviewmonuments,192,4,3,17,21,False,2,"[3, 2, 1, 0, 5, 10, 15, 20, 21, 22, 21]","[""left"", ""left"", ""left"", ""down"", ""down"", ""down"", ""down"", ""right"", ""right"", ""left""]","[1.0, -1.0, -1.0, 1.0, 1.0, 1.0, -1.0, 1.0, 1.0, -1.0]",10,img192_d4_s03_g17_r0,4,6
GeoExplorer-pristine,/root/geoexplorer/results/checkpoint/algo_dualseed480k_20260427/masa_plus_mmgag_arena_pristine_a040_a0405_sine0405_dualseed480k/wave2_seed321_4gpu/pristine_seed321_t480k/geoexplorer.pt,swissviewmonuments,193,4,20,18,8,False,2,"[20, 21, 22, 23, 24, 19, 14, 9, 4, 9, 8]","[""right"", ""right"", ""right"", ""right"", ""up"", ""up"", ""up"", ""up"", ""down"", ""left""]","[1.0, 1.0, 1.0, -1.0, 1.0, -1.0, -1.0, -1.0, 1.0, 1.0]",10,img193_d4_s20_g18_r0,4,6
GeoExplorer-pristine,/root/geoexplorer/results/checkpoint/algo_dualseed480k_20260427/masa_plus_mmgag_arena_pristine_a040_a0405_sine0405_dualseed480k/wave2_seed321_4gpu/pristine_seed321_t480k/geoexplorer.pt,swissviewmonuments,193,6,0,18,18,True,0,"[0, 5, 10, 15, 16, 17, 18]","[""down"", ""down"", ""down"", ""right"", ""right"", ""right""]","[1.0, 1.0, 1.0, 1.0, 1.0, 1.0]",6,img193_d6_s00_g18_r0,6,0
GeoExplorer-pristine,/root/geoexplorer/results/checkpoint/algo_dualseed480k_20260427/masa_plus_mmgag_arena_pristine_a040_a0405_sine0405_dualseed480k/wave2_seed321_4gpu/pristine_seed321_t480k/geoexplorer.pt,swissviewmonuments,194,4,3,19,21,False,4,"[3, 2, 1, 0, 5, 10, 15, 20, 21, 22, 21]","[""left"", ""left"", ""left"", ""down"", ""down"", ""down"", ""down"", ""right"", ""right"", ""left""]","[-1.0, -1.0, -1.0, 1.0, 1.0, 1.0, -1.0, 1.0, 1.0, -1.0]",10,img194_d4_s03_g19_r0,4,6
GeoExplorer-pristine,/root/geoexplorer/results/checkpoint/algo_dualseed480k_20260427/masa_plus_mmgag_arena_pristine_a040_a0405_sine0405_dualseed480k/wave2_seed321_4gpu/pristine_seed321_t480k/geoexplorer.pt,swissviewmonuments,194,6,5,19,23,False,2,"[5, 10, 15, 20, 21, 22, 23, 24, 23, 24, 23]","[""down"", ""down"", ""down"", ""right"", ""right"", ""right"", ""right"", ""left"", ""right"", ""left""]","[1.0, 1.0, -1.0, 1.0, 1.0, 1.0, 1.0, -1.0, 1.0, -1.0]",10,img194_d6_s05_g19_r0,6,4
GeoExplorer-pristine,/root/geoexplorer/results/checkpoint/algo_dualseed480k_20260427/masa_plus_mmgag_arena_pristine_a040_a0405_sine0405_dualseed480k/wave2_seed321_4gpu/pristine_seed321_t480k/geoexplorer.pt,swissviewmonuments,195,4,18,20,0,False,4,"[18, 17, 16, 15, 10, 5, 0, 1, 0, 1, 0]","[""left"", ""left"", ""left"", ""up"", ""up"", ""up"", ""right"", ""left"", ""right"", ""left""]","[1.0, 1.0, 1.0, -1.0, -1.0, -1.0, -1.0, 1.0, -1.0, 1.0]",10,img195_d4_s18_g20_r0,4,6
GeoExplorer-pristine,/root/geoexplorer/results/checkpoint/algo_dualseed480k_20260427/masa_plus_mmgag_arena_pristine_a040_a0405_sine0405_dualseed480k/wave2_seed321_4gpu/pristine_seed321_t480k/geoexplorer.pt,swissviewmonuments,195,6,8,20,20,True,0,"[8, 7, 6, 5, 10, 15, 20]","[""left"", ""left"", ""left"", ""down"", ""down"", ""down""]","[1.0, 1.0, 1.0, 1.0, 1.0, 1.0]",6,img195_d6_s08_g20_r0,6,0
GeoExplorer-pristine,/root/geoexplorer/results/checkpoint/algo_dualseed480k_20260427/masa_plus_mmgag_arena_pristine_a040_a0405_sine0405_dualseed480k/wave2_seed321_4gpu/pristine_seed321_t480k/geoexplorer.pt,swissviewmonuments,195,8,4,20,20,True,0,"[4, 3, 2, 1, 0, 5, 10, 15, 20]","[""left"", ""left"", ""left"", ""left"", ""down"", ""down"", ""down"", ""down""]","[1.0, 1.0, 1.0, 1.0, 1.0, 1.0, 1.0, 1.0]",8,img195_d8_s04_g20_r0,8,0
GeoExplorer-pristine,/root/geoexplorer/results/checkpoint/algo_dualseed480k_20260427/masa_plus_mmgag_arena_pristine_a040_a0405_sine0405_dualseed480k/wave2_seed321_4gpu/pristine_seed321_t480k/geoexplorer.pt,swissviewmonuments,196,4,1,21,23,False,2,"[1, 2, 3, 8, 13, 18, 23, 24, 23, 22, 23]","[""right"", ""right"", ""down"", ""down"", ""down"", ""down"", ""right"", ""left"", ""left"", ""right""]","[-1.0, -1.0, 1.0, 1.0, 1.0, 1.0, -1.0, 1.0, 1.0, -1.0]",10,img196_d4_s01_g21_r0,4,6
GeoExplorer-pristine,/root/geoexplorer/results/checkpoint/algo_dualseed480k_20260427/masa_plus_mmgag_arena_pristine_a040_a0405_sine0405_dualseed480k/wave2_seed321_4gpu/pristine_seed321_t480k/geoexplorer.pt,swissviewmonuments,196,6,9,21,21,True,0,"[9, 8, 7, 6, 5, 10, 15, 20, 21]","[""left"", ""left"", ""left"", ""left"", ""down"", ""down"", ""down"", ""right""]","[1.0, 1.0, 1.0, -1.0, 1.0, 1.0, 1.0, 1.0]",8,img196_d6_s09_g21_r0,6,2
GeoExplorer-pristine,/root/geoexplorer/results/checkpoint/algo_dualseed480k_20260427/masa_plus_mmgag_arena_pristine_a040_a0405_sine0405_dualseed480k/wave2_seed321_4gpu/pristine_seed321_t480k/geoexplorer.pt,swissviewmonuments,197,4,8,22,22,True,0,"[8, 7, 6, 5, 10, 15, 20, 21, 22]","[""left"", ""left"", ""left"", ""down"", ""down"", ""down"", ""right"", ""right""]","[1.0, -1.0, -1.0, 1.0, 1.0, 1.0, 1.0, 1.0]",8,img197_d4_s08_g22_r0,4,4
GeoExplorer-pristine,/root/geoexplorer/results/checkpoint/algo_dualseed480k_20260427/masa_plus_mmgag_arena_pristine_a040_a0405_sine0405_dualseed480k/wave2_seed321_4gpu/pristine_seed321_t480k/geoexplorer.pt,swissviewmonuments,197,6,0,22,14,False,4,"[0, 1, 2, 3, 4, 9, 14, 19, 14, 19, 14]","[""right"", ""right"", ""right"", ""right"", ""down"", ""down"", ""down"", ""up"", ""down"", ""up""]","[1.0, 1.0, -1.0, -1.0, 1.0, 1.0, 1.0, -1.0, 1.0, -1.0]",10,img197_d6_s00_g22_r0,6,4
GeoExplorer-pristine,/root/geoexplorer/results/checkpoint/algo_dualseed480k_20260427/masa_plus_mmgag_arena_pristine_a040_a0405_sine0405_dualseed480k/wave2_seed321_4gpu/pristine_seed321_t480k/geoexplorer.pt,swissviewmonuments,198,4,9,23,21,False,2,"[9, 14, 19, 18, 17, 16, 15, 20, 21, 20, 21]","[""down"", ""down"", ""left"", ""left"", ""left"", ""left"", ""down"", ""right"", ""left"", ""right""]","[1.0, 1.0, 1.0, -1.0, -1.0, -1.0, 1.0, 1.0, -1.0, 1.0]",10,img198_d4_s09_g23_r0,4,6
GeoExplorer-pristine,/root/geoexplorer/results/checkpoint/algo_dualseed480k_20260427/masa_plus_mmgag_arena_pristine_a040_a0405_sine0405_dualseed480k/wave2_seed321_4gpu/pristine_seed321_t480k/geoexplorer.pt,swissviewmonuments,198,6,5,23,13,False,2,"[5, 10, 15, 16, 17, 18, 19, 14, 19, 14, 13]","[""down"", ""down"", ""right"", ""right"", ""right"", ""right"", ""up"", ""down"", ""up"", ""left""]","[1.0, 1.0, 1.0, 1.0, 1.0, -1.0, -1.0, 1.0, -1.0, 1.0]",10,img198_d6_s05_g23_r0,6,4
GeoExplorer-pristine,/root/geoexplorer/results/checkpoint/algo_dualseed480k_20260427/masa_plus_mmgag_arena_pristine_a040_a0405_sine0405_dualseed480k/wave2_seed321_4gpu/pristine_seed321_t480k/geoexplorer.pt,swissviewmonuments,199,4,20,24,24,True,0,"[20, 21, 22, 23, 24]","[""right"", ""right"", ""right"", ""right""]","[1.0, 1.0, 1.0, 1.0]",4,img199_d4_s20_g24_r0,4,0
GeoExplorer-pristine,/root/geoexplorer/results/checkpoint/algo_dualseed480k_20260427/masa_plus_mmgag_arena_pristine_a040_a0405_sine0405_dualseed480k/wave2_seed321_4gpu/pristine_seed321_t480k/geoexplorer.pt,swissviewmonuments,199,6,6,24,24,True,0,"[6, 11, 16, 17, 18, 19, 24]","[""down"", ""down"", ""right"", ""right"", ""right"", ""down""]","[1.0, 1.0, 1.0, 1.0, 1.0, 1.0]",6,img199_d6_s06_g24_r0,6,0
GeoExplorer-pristine,/root/geoexplorer/results/checkpoint/algo_dualseed480k_20260427/masa_plus_mmgag_arena_pristine_a040_a0405_sine0405_dualseed480k/wave2_seed321_4gpu/pristine_seed321_t480k/geoexplorer.pt,swissviewmonuments,199,8,0,24,24,True,0,"[0, 1, 2, 3, 4, 9, 14, 19, 24]","[""right"", ""right"", ""right"", ""right"", ""down"", ""down"", ""down"", ""down""]","[1.0, 1.0, 1.0, 1.0, 1.0, 1.0, 1.0, 1.0]",8,img199_d8_s00_g24_r0,8,0
GeoExplorer-pristine,/root/geoexplorer/results/checkpoint/algo_dualseed480k_20260427/masa_plus_mmgag_arena_pristine_a040_a0405_sine0405_dualseed480k/wave2_seed321_4gpu/pristine_seed321_t480k/geoexplorer.pt,swissviewmonuments,200,4,16,0,4,False,4,"[16, 17, 12, 7, 8, 3, 4, 9, 4, 9, 4]","[""right"", ""up"", ""up"", ""right"", ""up"", ""right"", ""down"", ""up"", ""down"", ""up""]","[-1.0, 1.0, 1.0, -1.0, 1.0, -1.0, -1.0, 1.0, -1.0, 1.0]",10,img200_d4_s16_g00_r0,4,6
GeoExplorer-pristine,/root/geoexplorer/results/checkpoint/algo_dualseed480k_20260427/masa_plus_mmgag_arena_pristine_a040_a0405_sine0405_dualseed480k/wave2_seed321_4gpu/pristine_seed321_t480k/geoexplorer.pt,swissviewmonuments,200,6,22,0,4,False,4,"[22, 21, 16, 11, 6, 7, 8, 3, 4, 9, 4]","[""left"", ""up"", ""up"", ""up"", ""right"", ""right"", ""up"", ""right"", ""down"", ""up""]","[1.0, 1.0, 1.0, 1.0, -1.0, -1.0, 1.0, -1.0, -1.0, 1.0]",10,img200_d6_s22_g00_r0,6,4
GeoExplorer-pristine,/root/geoexplorer/results/checkpoint/algo_dualseed480k_20260427/masa_plus_mmgag_arena_pristine_a040_a0405_sine0405_dualseed480k/wave2_seed321_4gpu/pristine_seed321_t480k/geoexplorer.pt,swissviewmonuments,200,8,24,0,0,True,0,"[24, 19, 18, 13, 8, 7, 6, 5, 0]","[""up"", ""left"", ""up"", ""up"", ""left"", ""left"", ""left"", ""up""]","[1.0, 1.0, 1.0, 1.0, 1.0, 1.0, 1.0, 1.0]",8,img200_d8_s24_g00_r0,8,0
GeoExplorer-pristine,/root/geoexplorer/results/checkpoint/algo_dualseed480k_20260427/masa_plus_mmgag_arena_pristine_a040_a0405_sine0405_dualseed480k/wave2_seed321_4gpu/pristine_seed321_t480k/geoexplorer.pt,swissviewmonuments,201,4,13,1,1,True,0,"[13, 12, 11, 6, 5, 0, 1]","[""left"", ""left"", ""up"", ""left"", ""up"", ""right""]","[1.0, 1.0, 1.0, -1.0, 1.0, 1.0]",6,img201_d4_s13_g01_r0,4,2
GeoExplorer-pristine,/root/geoexplorer/results/checkpoint/algo_dualseed480k_20260427/masa_plus_mmgag_arena_pristine_a040_a0405_sine0405_dualseed480k/wave2_seed321_4gpu/pristine_seed321_t480k/geoexplorer.pt,swissviewmonuments,201,6,23,1,1,True,0,"[23, 22, 21, 16, 11, 6, 1]","[""left"", ""left"", ""up"", ""up"", ""up"", ""up""]","[1.0, 1.0, 1.0, 1.0, 1.0, 1.0]",6,img201_d6_s23_g01_r0,6,0
GeoExplorer-pristine,/root/geoexplorer/results/checkpoint/algo_dualseed480k_20260427/masa_plus_mmgag_arena_pristine_a040_a0405_sine0405_dualseed480k/wave2_seed321_4gpu/pristine_seed321_t480k/geoexplorer.pt,swissviewmonuments,202,4,18,2,6,False,2,"[18, 17, 16, 15, 10, 5, 6, 7, 6, 7, 6]","[""left"", ""left"", ""left"", ""up"", ""up"", ""right"", ""right"", ""left"", ""right"", ""left""]","[1.0, -1.0, -1.0, 1.0, 1.0, 1.0, 1.0, -1.0, 1.0, -1.0]",10,img202_d4_s18_g02_r0,4,6
GeoExplorer-pristine,/root/geoexplorer/results/checkpoint/algo_dualseed480k_20260427/masa_plus_mmgag_arena_pristine_a040_a0405_sine0405_dualseed480k/wave2_seed321_4gpu/pristine_seed321_t480k/geoexplorer.pt,swissviewmonuments,202,6,20,2,8,False,2,"[20, 21, 22, 23, 24, 19, 14, 9, 4, 9, 8]","[""right"", ""right"", ""right"", ""right"", ""up"", ""up"", ""up"", ""up"", ""down"", ""left""]","[1.0, 1.0, -1.0, -1.0, 1.0, 1.0, 1.0, 1.0, -1.0, 1.0]",10,img202_d6_s20_g02_r0,6,4
GeoExplorer-pristine,/root/geoexplorer/results/checkpoint/algo_dualseed480k_20260427/masa_plus_mmgag_arena_pristine_a040_a0405_sine0405_dualseed480k/wave2_seed321_4gpu/pristine_seed321_t480k/geoexplorer.pt,swissviewmonuments,203,4,23,3,3,True,0,"[23, 22, 21, 20, 15, 10, 5, 0, 1, 2, 3]","[""left"", ""left"", ""left"", ""up"", ""up"", ""up"", ""up"", ""right"", ""right"", ""right""]","[-1.0, -1.0, -1.0, 1.0, 1.0, 1.0, 1.0, 1.0, 1.0, 1.0]",10,img203_d4_s23_g03_r0,4,6
GeoExplorer-pristine,/root/geoexplorer/results/checkpoint/algo_dualseed480k_20260427/masa_plus_mmgag_arena_pristine_a040_a0405_sine0405_dualseed480k/wave2_seed321_4gpu/pristine_seed321_t480k/geoexplorer.pt,swissviewmonuments,203,6,15,3,3,True,0,"[15, 16, 17, 18, 13, 8, 3]","[""right"", ""right"", ""right"", ""up"", ""up"", ""up""]","[1.0, 1.0, 1.0, 1.0, 1.0, 1.0]",6,img203_d6_s15_g03_r0,6,0
GeoExplorer-pristine,/root/geoexplorer/results/checkpoint/algo_dualseed480k_20260427/masa_plus_mmgag_arena_pristine_a040_a0405_sine0405_dualseed480k/wave2_seed321_4gpu/pristine_seed321_t480k/geoexplorer.pt,swissviewmonuments,204,4,12,4,8,False,2,"[12, 11, 10, 15, 20, 15, 10, 11, 6, 7, 8]","[""left"", ""left"", ""down"", ""down"", ""up"", ""up"", ""right"", ""up"", ""right"", ""right""]","[-1.0, -1.0, -1.0, -1.0, 1.0, 1.0, 1.0, 1.0, 1.0, 1.0]",10,img204_d4_s12_g04_r0,4,6
GeoExplorer-pristine,/root/geoexplorer/results/checkpoint/algo_dualseed480k_20260427/masa_plus_mmgag_arena_pristine_a040_a0405_sine0405_dualseed480k/wave2_seed321_4gpu/pristine_seed321_t480k/geoexplorer.pt,swissviewmonuments,204,6,22,4,4,True,0,"[22, 21, 20, 15, 10, 5, 0, 1, 2, 3, 4]","[""left"", ""left"", ""up"", ""up"", ""up"", ""up"", ""right"", ""right"", ""right"", ""right""]","[-1.0, -1.0, 1.0, 1.0, 1.0, 1.0, 1.0, 1.0, 1.0, 1.0]",10,img204_d6_s22_g04_r0,6,4
GeoExplorer-pristine,/root/geoexplorer/results/checkpoint/algo_dualseed480k_20260427/masa_plus_mmgag_arena_pristine_a040_a0405_sine0405_dualseed480k/wave2_seed321_4gpu/pristine_seed321_t480k/geoexplorer.pt,swissviewmonuments,204,8,20,4,4,True,0,"[20, 15, 10, 5, 0, 1, 2, 3, 4]","[""up"", ""up"", ""up"", ""up"", ""right"", ""right"", ""right"", ""right""]","[1.0, 1.0, 1.0, 1.0, 1.0, 1.0, 1.0, 1.0]",8,img204_d8_s20_g04_r0,8,0
GeoExplorer-pristine,/root/geoexplorer/results/checkpoint/algo_dualseed480k_20260427/masa_plus_mmgag_arena_pristine_a040_a0405_sine0405_dualseed480k/wave2_seed321_4gpu/pristine_seed321_t480k/geoexplorer.pt,swissviewmonuments,205,4,21,5,19,False,6,"[21, 22, 23, 24, 19, 24, 19, 24, 19, 24, 19]","[""right"", ""right"", ""right"", ""up"", ""down"", ""up"", ""down"", ""up"", ""down"", ""up""]","[-1.0, -1.0, -1.0, 1.0, -1.0, 1.0, -1.0, 1.0, -1.0, 1.0]",10,img205_d4_s21_g05_r0,4,6
GeoExplorer-pristine,/root/geoexplorer/results/checkpoint/algo_dualseed480k_20260427/masa_plus_mmgag_arena_pristine_a040_a0405_sine0405_dualseed480k/wave2_seed321_4gpu/pristine_seed321_t480k/geoexplorer.pt,swissviewmonuments,205,6,23,5,7,False,2,"[23, 22, 21, 20, 15, 20, 21, 16, 11, 6, 7]","[""left"", ""left"", ""left"", ""up"", ""down"", ""right"", ""up"", ""up"", ""up"", ""right""]","[1.0, 1.0, 1.0, 1.0, -1.0, -1.0, 1.0, 1.0, 1.0, -1.0]",10,img205_d6_s23_g05_r0,6,4
GeoExplorer-pristine,/root/geoexplorer/results/checkpoint/algo_dualseed480k_20260427/masa_plus_mmgag_arena_pristine_a040_a0405_sine0405_dualseed480k/wave2_seed321_4gpu/pristine_seed321_t480k/geoexplorer.pt,swissviewmonuments,206,4,22,6,14,False,4,"[22, 23, 24, 19, 14, 9, 4, 9, 14, 9, 14]","[""right"", ""right"", ""up"", ""up"", ""up"", ""up"", ""down"", ""down"", ""up"", ""down""]","[-1.0, -1.0, 1.0, 1.0, 1.0, -1.0, 1.0, -1.0, 1.0, -1.0]",10,img206_d4_s22_g06_r0,4,6
GeoExplorer-pristine,/root/geoexplorer/results/checkpoint/algo_dualseed480k_20260427/masa_plus_mmgag_arena_pristine_a040_a0405_sine0405_dualseed480k/wave2_seed321_4gpu/pristine_seed321_t480k/geoexplorer.pt,swissviewmonuments,206,6,24,6,6,True,0,"[24, 23, 22, 21, 20, 15, 10, 5, 10, 5, 6]","[""left"", ""left"", ""left"", ""left"", ""up"", ""up"", ""up"", ""down"", ""up"", ""right""]","[1.0, 1.0, 1.0, -1.0, 1.0, 1.0, 1.0, -1.0, 1.0, 1.0]",10,img206_d6_s24_g06_r0,6,4
GeoExplorer-pristine,/root/geoexplorer/results/checkpoint/algo_dualseed480k_20260427/masa_plus_mmgag_arena_pristine_a040_a0405_sine0405_dualseed480k/wave2_seed321_4gpu/pristine_seed321_t480k/geoexplorer.pt,swissviewmonuments,207,4,23,7,1,False,2,"[23, 22, 21, 20, 15, 10, 5, 0, 1, 2, 1]","[""left"", ""left"", ""left"", ""up"", ""up"", ""up"", ""up"", ""right"", ""right"", ""left""]","[1.0, -1.0, -1.0, 1.0, 1.0, 1.0, -1.0, 1.0, 1.0, -1.0]",10,img207_d4_s23_g07_r0,4,6
GeoExplorer-pristine,/root/geoexplorer/results/checkpoint/algo_dualseed480k_20260427/masa_plus_mmgag_arena_pristine_a040_a0405_sine0405_dualseed480k/wave2_seed321_4gpu/pristine_seed321_t480k/geoexplorer.pt,swissviewmonuments,208,4,16,8,8,True,0,"[16, 11, 12, 13, 8]","[""up"", ""right"", ""right"", ""up""]","[1.0, 1.0, 1.0, 1.0]",4,img208_d4_s16_g08_r0,4,0
GeoExplorer-pristine,/root/geoexplorer/results/checkpoint/algo_dualseed480k_20260427/masa_plus_mmgag_arena_pristine_a040_a0405_sine0405_dualseed480k/wave2_seed321_4gpu/pristine_seed321_t480k/geoexplorer.pt,swissviewmonuments,208,6,20,8,4,False,2,"[20, 21, 22, 23, 24, 19, 14, 9, 4, 9, 4]","[""right"", ""right"", ""right"", ""right"", ""up"", ""up"", ""up"", ""up"", ""down"", ""up""]","[1.0, 1.0, 1.0, -1.0, 1.0, 1.0, 1.0, -1.0, 1.0, -1.0]",10,img208_d6_s20_g08_r0,6,4
GeoExplorer-pristine,/root/geoexplorer/results/checkpoint/algo_dualseed480k_20260427/masa_plus_mmgag_arena_pristine_a040_a0405_sine0405_dualseed480k/wave2_seed321_4gpu/pristine_seed321_t480k/geoexplorer.pt,swissviewmonuments,209,4,11,9,19,False,2,"[11, 12, 13, 18, 23, 22, 21, 22, 23, 24, 19]","[""right"", ""right"", ""down"", ""down"", ""left"", ""left"", ""right"", ""right"", ""right"", ""up""]","[1.0, 1.0, -1.0, -1.0, -1.0, -1.0, 1.0, 1.0, 1.0, 1.0]",10,img209_d4_s11_g09_r0,4,6
GeoExplorer-pristine,/root/geoexplorer/results/checkpoint/algo_dualseed480k_20260427/masa_plus_mmgag_arena_pristine_a040_a0405_sine0405_dualseed480k/wave2_seed321_4gpu/pristine_seed321_t480k/geoexplorer.pt,swissviewmonuments,209,6,21,9,9,True,0,"[21, 22, 23, 24, 19, 14, 9]","[""right"", ""right"", ""right"", ""up"", ""up"", ""up""]","[1.0, 1.0, 1.0, 1.0, 1.0, 1.0]",6,img209_d6_s21_g09_r0,6,0
GeoExplorer-pristine,/root/geoexplorer/results/checkpoint/algo_dualseed480k_20260427/masa_plus_mmgag_arena_pristine_a040_a0405_sine0405_dualseed480k/wave2_seed321_4gpu/pristine_seed321_t480k/geoexplorer.pt,swissviewmonuments,210,4,8,10,10,True,0,"[8, 7, 6, 5, 10]","[""left"", ""left"", ""left"", ""down""]","[1.0, 1.0, 1.0, 1.0]",4,img210_d4_s08_g10_r0,4,0
GeoExplorer-pristine,/root/geoexplorer/results/checkpoint/algo_dualseed480k_20260427/masa_plus_mmgag_arena_pristine_a040_a0405_sine0405_dualseed480k/wave2_seed321_4gpu/pristine_seed321_t480k/geoexplorer.pt,swissviewmonuments,210,6,4,10,22,False,4,"[4, 9, 14, 19, 24, 23, 22, 21, 20, 21, 22]","[""down"", ""down"", ""down"", ""down"", ""left"", ""left"", ""left"", ""left"", ""right"", ""right""]","[1.0, 1.0, -1.0, -1.0, 1.0, 1.0, 1.0, 1.0, -1.0, -1.0]",10,img210_d6_s04_g10_r0,6,4
GeoExplorer-pristine,/root/geoexplorer/results/checkpoint/algo_dualseed480k_20260427/masa_plus_mmgag_arena_pristine_a040_a0405_sine0405_dualseed480k/wave2_seed321_4gpu/pristine_seed321_t480k/geoexplorer.pt,swissviewmonuments,211,4,19,11,15,False,2,"[19, 14, 9, 4, 3, 2, 1, 0, 5, 10, 15]","[""up"", ""up"", ""up"", ""left"", ""left"", ""left"", ""left"", ""down"", ""down"", ""down""]","[1.0, -1.0, -1.0, 1.0, 1.0, 1.0, -1.0, 1.0, 1.0, -1.0]",10,img211_d4_s19_g11_r0,4,6
GeoExplorer-pristine,/root/geoexplorer/results/checkpoint/algo_dualseed480k_20260427/masa_plus_mmgag_arena_pristine_a040_a0405_sine0405_dualseed480k/wave2_seed321_4gpu/pristine_seed321_t480k/geoexplorer.pt,swissviewmonuments,212,4,24,12,2,False,2,"[24, 19, 14, 9, 8, 7, 6, 1, 0, 1, 2]","[""up"", ""up"", ""up"", ""left"", ""left"", ""left"", ""up"", ""left"", ""right"", ""right""]","[1.0, 1.0, -1.0, 1.0, 1.0, -1.0, -1.0, -1.0, 1.0, 1.0]",10,img212_d4_s24_g12_r0,4,6
GeoExplorer-pristine,/root/geoexplorer/results/checkpoint/algo_dualseed480k_20260427/masa_plus_mmgag_arena_pristine_a040_a0405_sine0405_dualseed480k/wave2_seed321_4gpu/pristine_seed321_t480k/geoexplorer.pt,swissviewmonuments,213,4,1,13,13,True,0,"[1, 2, 3, 8, 13]","[""right"", ""right"", ""down"", ""down""]","[1.0, 1.0, 1.0, 1.0]",4,img213_d4_s01_g13_r0,4,0
GeoExplorer-pristine,/root/geoexplorer/results/checkpoint/algo_dualseed480k_20260427/masa_plus_mmgag_arena_pristine_a040_a0405_sine0405_dualseed480k/wave2_seed321_4gpu/pristine_seed321_t480k/geoexplorer.pt,swissviewmonuments,214,4,6,14,24,False,2,"[6, 7, 8, 13, 18, 23, 24, 23, 24, 19, 24]","[""right"", ""right"", ""down"", ""down"", ""down"", ""right"", ""left"", ""right"", ""up"", ""down""]","[1.0, 1.0, 1.0, -1.0, -1.0, 1.0, -1.0, 1.0, 1.0, -1.0]",10,img214_d4_s06_g14_r0,4,6
GeoExplorer-pristine,/root/geoexplorer/results/checkpoint/algo_dualseed480k_20260427/masa_plus_mmgag_arena_pristine_a040_a0405_sine0405_dualseed480k/wave2_seed321_4gpu/pristine_seed321_t480k/geoexplorer.pt,swissviewmonuments,214,6,20,14,14,True,0,"[20, 21, 22, 23, 24, 19, 14]","[""right"", ""right"", ""right"", ""right"", ""up"", ""up""]","[1.0, 1.0, 1.0, 1.0, 1.0, 1.0]",6,img214_d6_s20_g14_r0,6,0
GeoExplorer-pristine,/root/geoexplorer/results/checkpoint/algo_dualseed480k_20260427/masa_plus_mmgag_arena_pristine_a040_a0405_sine0405_dualseed480k/wave2_seed321_4gpu/pristine_seed321_t480k/geoexplorer.pt,swissviewmonuments,215,4,1,15,23,False,4,"[1, 2, 3, 8, 13, 18, 23, 24, 23, 18, 23]","[""right"", ""right"", ""down"", ""down"", ""down"", ""down"", ""right"", ""left"", ""up"", ""down""]","[-1.0, -1.0, 1.0, 1.0, 1.0, -1.0, -1.0, 1.0, 1.0, -1.0]",10,img215_d4_s01_g15_r0,4,6
GeoExplorer-pristine,/root/geoexplorer/results/checkpoint/algo_dualseed480k_20260427/masa_plus_mmgag_arena_pristine_a040_a0405_sine0405_dualseed480k/wave2_seed321_4gpu/pristine_seed321_t480k/geoexplorer.pt,swissviewmonuments,215,6,9,15,15,True,0,"[9, 14, 19, 18, 17, 16, 15]","[""down"", ""down"", ""left"", ""left"", ""left"", ""left""]","[1.0, 1.0, 1.0, 1.0, 1.0, 1.0]",6,img215_d6_s09_g15_r0,6,0
GeoExplorer-pristine,/root/geoexplorer/results/checkpoint/algo_dualseed480k_20260427/masa_plus_mmgag_arena_pristine_a040_a0405_sine0405_dualseed480k/wave2_seed321_4gpu/pristine_seed321_t480k/geoexplorer.pt,swissviewmonuments,216,4,8,16,16,True,0,"[8, 7, 6, 11, 16]","[""left"", ""left"", ""down"", ""down""]","[1.0, 1.0, 1.0, 1.0]",4,img216_d4_s08_g16_r0,4,0
GeoExplorer-pristine,/root/geoexplorer/results/checkpoint/algo_dualseed480k_20260427/masa_plus_mmgag_arena_pristine_a040_a0405_sine0405_dualseed480k/wave2_seed321_4gpu/pristine_seed321_t480k/geoexplorer.pt,swissviewmonuments,216,6,4,16,22,False,2,"[4, 9, 14, 19, 24, 23, 22, 21, 22, 21, 22]","[""down"", ""down"", ""down"", ""down"", ""left"", ""left"", ""left"", ""right"", ""left"", ""right""]","[1.0, 1.0, 1.0, -1.0, 1.0, 1.0, 1.0, -1.0, 1.0, -1.0]",10,img216_d6_s04_g16_r0,6,4
GeoExplorer-pristine,/root/geoexplorer/results/checkpoint/algo_dualseed480k_20260427/masa_plus_mmgag_arena_pristine_a040_a0405_sine0405_dualseed480k/wave2_seed321_4gpu/pristine_seed321_t480k/geoexplorer.pt,swissviewmonuments,217,4,5,17,19,False,2,"[5, 10, 15, 20, 21, 22, 23, 24, 19, 24, 19]","[""down"", ""down"", ""down"", ""right"", ""right"", ""right"", ""right"", ""up"", ""down"", ""up""]","[1.0, 1.0, -1.0, 1.0, 1.0, -1.0, -1.0, 1.0, -1.0, 1.0]",10,img217_d4_s05_g17_r0,4,6
GeoExplorer-pristine,/root/geoexplorer/results/checkpoint/algo_dualseed480k_20260427/masa_plus_mmgag_arena_pristine_a040_a0405_sine0405_dualseed480k/wave2_seed321_4gpu/pristine_seed321_t480k/geoexplorer.pt,swissviewmonuments,218,4,20,18,4,False,4,"[20, 21, 22, 23, 24, 19, 14, 9, 4, 9, 4]","[""right"", ""right"", ""right"", ""right"", ""up"", ""up"", ""up"", ""up"", ""down"", ""up""]","[1.0, 1.0, 1.0, -1.0, 1.0, -1.0, -1.0, -1.0, 1.0, -1.0]",10,img218_d4_s20_g18_r0,4,6
GeoExplorer-pristine,/root/geoexplorer/results/checkpoint/algo_dualseed480k_20260427/masa_plus_mmgag_arena_pristine_a040_a0405_sine0405_dualseed480k/wave2_seed321_4gpu/pristine_seed321_t480k/geoexplorer.pt,swissviewmonuments,218,6,0,18,18,True,0,"[0, 1, 2, 3, 8, 13, 18]","[""right"", ""right"", ""right"", ""down"", ""down"", ""down""]","[1.0, 1.0, 1.0, 1.0, 1.0, 1.0]",6,img218_d6_s00_g18_r0,6,0
GeoExplorer-pristine,/root/geoexplorer/results/checkpoint/algo_dualseed480k_20260427/masa_plus_mmgag_arena_pristine_a040_a0405_sine0405_dualseed480k/wave2_seed321_4gpu/pristine_seed321_t480k/geoexplorer.pt,swissviewmonuments,219,4,11,19,19,True,0,"[11, 12, 13, 14, 19]","[""right"", ""right"", ""right"", ""down""]","[1.0, 1.0, 1.0, 1.0]",4,img219_d4_s11_g19_r0,4,0
GeoExplorer-pristine,/root/geoexplorer/results/checkpoint/algo_dualseed480k_20260427/masa_plus_mmgag_arena_pristine_a040_a0405_sine0405_dualseed480k/wave2_seed321_4gpu/pristine_seed321_t480k/geoexplorer.pt,swissviewmonuments,219,6,1,19,19,True,0,"[1, 2, 3, 4, 9, 14, 19]","[""right"", ""right"", ""right"", ""down"", ""down"", ""down""]","[1.0, 1.0, 1.0, 1.0, 1.0, 1.0]",6,img219_d6_s01_g19_r0,6,0
GeoExplorer-pristine,/root/geoexplorer/results/checkpoint/algo_dualseed480k_20260427/masa_plus_mmgag_arena_pristine_a040_a0405_sine0405_dualseed480k/wave2_seed321_4gpu/pristine_seed321_t480k/geoexplorer.pt,swissviewmonuments,220,4,6,20,24,False,4,"[6, 7, 8, 13, 18, 23, 24, 19, 24, 19, 24]","[""right"", ""right"", ""down"", ""down"", ""down"", ""right"", ""up"", ""down"", ""up"", ""down""]","[-1.0, -1.0, 1.0, 1.0, 1.0, -1.0, -1.0, 1.0, -1.0, 1.0]",10,img220_d4_s06_g20_r0,4,6
GeoExplorer-pristine,/root/geoexplorer/results/checkpoint/algo_dualseed480k_20260427/masa_plus_mmgag_arena_pristine_a040_a0405_sine0405_dualseed480k/wave2_seed321_4gpu/pristine_seed321_t480k/geoexplorer.pt,swissviewmonuments,220,6,8,20,20,True,0,"[8, 7, 6, 5, 10, 15, 20]","[""left"", ""left"", ""left"", ""down"", ""down"", ""down""]","[1.0, 1.0, 1.0, 1.0, 1.0, 1.0]",6,img220_d6_s08_g20_r0,6,0
GeoExplorer-pristine,/root/geoexplorer/results/checkpoint/algo_dualseed480k_20260427/masa_plus_mmgag_arena_pristine_a040_a0405_sine0405_dualseed480k/wave2_seed321_4gpu/pristine_seed321_t480k/geoexplorer.pt,swissviewmonuments,220,8,4,20,20,True,0,"[4, 9, 14, 19, 24, 23, 22, 21, 20]","[""down"", ""down"", ""down"", ""down"", ""left"", ""left"", ""left"", ""left""]","[1.0, 1.0, 1.0, 1.0, 1.0, 1.0, 1.0, 1.0]",8,img220_d8_s04_g20_r0,8,0
GeoExplorer-pristine,/root/geoexplorer/results/checkpoint/algo_dualseed480k_20260427/masa_plus_mmgag_arena_pristine_a040_a0405_sine0405_dualseed480k/wave2_seed321_4gpu/pristine_seed321_t480k/geoexplorer.pt,swissviewmonuments,221,4,19,21,15,False,2,"[19, 14, 9, 4, 3, 2, 1, 0, 5, 10, 15]","[""up"", ""up"", ""up"", ""left"", ""left"", ""left"", ""left"", ""down"", ""down"", ""down""]","[-1.0, -1.0, -1.0, 1.0, 1.0, 1.0, -1.0, 1.0, 1.0, 1.0]",10,img221_d4_s19_g21_r0,4,6
GeoExplorer-pristine,/root/geoexplorer/results/checkpoint/algo_dualseed480k_20260427/masa_plus_mmgag_arena_pristine_a040_a0405_sine0405_dualseed480k/wave2_seed321_4gpu/pristine_seed321_t480k/geoexplorer.pt,swissviewmonuments,221,6,3,21,21,True,0,"[3, 2, 1, 6, 11, 16, 21]","[""left"", ""left"", ""down"", ""down"", ""down"", ""down""]","[1.0, 1.0, 1.0, 1.0, 1.0, 1.0]",6,img221_d6_s03_g21_r0,6,0
GeoExplorer-pristine,/root/geoexplorer/results/checkpoint/algo_dualseed480k_20260427/masa_plus_mmgag_arena_pristine_a040_a0405_sine0405_dualseed480k/wave2_seed321_4gpu/pristine_seed321_t480k/geoexplorer.pt,swissviewmonuments,222,4,2,22,22,True,0,"[2, 3, 8, 13, 18, 17, 16, 21, 22]","[""right"", ""down"", ""down"", ""down"", ""left"", ""left"", ""down"", ""right""]","[-1.0, 1.0, 1.0, 1.0, 1.0, -1.0, 1.0, 1.0]",8,img222_d4_s02_g22_r0,4,4
GeoExplorer-pristine,/root/geoexplorer/results/checkpoint/algo_dualseed480k_20260427/masa_plus_mmgag_arena_pristine_a040_a0405_sine0405_dualseed480k/wave2_seed321_4gpu/pristine_seed321_t480k/geoexplorer.pt,swissviewmonuments,222,6,4,22,22,True,0,"[4, 9, 14, 19, 24, 23, 22]","[""down"", ""down"", ""down"", ""down"", ""left"", ""left""]","[1.0, 1.0, 1.0, 1.0, 1.0, 1.0]",6,img222_d6_s04_g22_r0,6,0
GeoExplorer-pristine,/root/geoexplorer/results/checkpoint/algo_dualseed480k_20260427/masa_plus_mmgag_arena_pristine_a040_a0405_sine0405_dualseed480k/wave2_seed321_4gpu/pristine_seed321_t480k/geoexplorer.pt,swissviewmonuments,223,4,11,23,23,True,0,"[11, 12, 11, 10, 15, 20, 21, 22, 23]","[""right"", ""left"", ""left"", ""down"", ""down"", ""right"", ""right"", ""right""]","[1.0, -1.0, -1.0, 1.0, 1.0, 1.0, 1.0, 1.0]",8,img223_d4_s11_g23_r0,4,4
GeoExplorer-pristine,/root/geoexplorer/results/checkpoint/algo_dualseed480k_20260427/masa_plus_mmgag_arena_pristine_a040_a0405_sine0405_dualseed480k/wave2_seed321_4gpu/pristine_seed321_t480k/geoexplorer.pt,swissviewmonuments,223,6,1,23,23,True,0,"[1, 6, 7, 12, 17, 18, 23]","[""down"", ""right"", ""down"", ""down"", ""right"", ""down""]","[1.0, 1.0, 1.0, 1.0, 1.0, 1.0]",6,img223_d6_s01_g23_r0,6,0
GeoExplorer-pristine,/root/geoexplorer/results/checkpoint/algo_dualseed480k_20260427/masa_plus_mmgag_arena_pristine_a040_a0405_sine0405_dualseed480k/wave2_seed321_4gpu/pristine_seed321_t480k/geoexplorer.pt,swissviewmonuments,224,4,12,24,24,True,0,"[12, 11, 10, 15, 20, 21, 22, 23, 24]","[""left"", ""left"", ""down"", ""down"", ""right"", ""right"", ""right"", ""right""]","[-1.0, -1.0, 1.0, 1.0, 1.0, 1.0, 1.0, 1.0]",8,img224_d4_s12_g24_r0,4,4
GeoExplorer-pristine,/root/geoexplorer/results/checkpoint/algo_dualseed480k_20260427/masa_plus_mmgag_arena_pristine_a040_a0405_sine0405_dualseed480k/wave2_seed321_4gpu/pristine_seed321_t480k/geoexplorer.pt,swissviewmonuments,224,6,6,24,8,False,4,"[6, 7, 8, 13, 18, 19, 14, 19, 14, 9, 8]","[""right"", ""right"", ""down"", ""down"", ""right"", ""up"", ""down"", ""up"", ""up"", ""left""]","[1.0, 1.0, 1.0, 1.0, 1.0, -1.0, 1.0, -1.0, -1.0, -1.0]",10,img224_d6_s06_g24_r0,6,4
GeoExplorer-pristine,/root/geoexplorer/results/checkpoint/algo_dualseed480k_20260427/masa_plus_mmgag_arena_pristine_a040_a0405_sine0405_dualseed480k/wave2_seed321_4gpu/pristine_seed321_t480k/geoexplorer.pt,swissviewmonuments,224,8,0,24,14,False,2,"[0, 1, 2, 3, 4, 9, 14, 19, 14, 19, 14]","[""right"", ""right"", ""right"", ""right"", ""down"", ""down"", ""down"", ""up"", ""down"", ""up""]","[1.0, 1.0, 1.0, 1.0, 1.0, 1.0, 1.0, -1.0, 1.0, -1.0]",10,img224_d8_s00_g24_r0,8,2
GeoExplorer-pristine,/root/geoexplorer/results/checkpoint/algo_dualseed480k_20260427/masa_plus_mmgag_arena_pristine_a040_a0405_sine0405_dualseed480k/wave2_seed321_4gpu/pristine_seed321_t480k/geoexplorer.pt,swissviewmonuments,225,4,4,0,22,False,6,"[4, 9, 14, 19, 24, 23, 22, 21, 22, 23, 22]","[""down"", ""down"", ""down"", ""down"", ""left"", ""left"", ""left"", ""right"", ""right"", ""left""]","[-1.0, -1.0, -1.0, -1.0, 1.0, 1.0, 1.0, -1.0, -1.0, 1.0]",10,img225_d4_s04_g00_r0,4,6
GeoExplorer-pristine,/root/geoexplorer/results/checkpoint/algo_dualseed480k_20260427/masa_plus_mmgag_arena_pristine_a040_a0405_sine0405_dualseed480k/wave2_seed321_4gpu/pristine_seed321_t480k/geoexplorer.pt,swissviewmonuments,225,6,18,0,4,False,4,"[18, 17, 16, 11, 6, 1, 2, 3, 4, 9, 4]","[""left"", ""left"", ""up"", ""up"", ""up"", ""right"", ""right"", ""right"", ""down"", ""up""]","[1.0, 1.0, 1.0, 1.0, 1.0, -1.0, -1.0, -1.0, -1.0, 1.0]",10,img225_d6_s18_g00_r0,6,4
GeoExplorer-pristine,/root/geoexplorer/results/checkpoint/algo_dualseed480k_20260427/masa_plus_mmgag_arena_pristine_a040_a0405_sine0405_dualseed480k/wave2_seed321_4gpu/pristine_seed321_t480k/geoexplorer.pt,swissviewmonuments,225,8,24,0,4,False,4,"[24, 23, 22, 21, 16, 11, 6, 7, 8, 9, 4]","[""left"", ""left"", ""left"", ""up"", ""up"", ""up"", ""right"", ""right"", ""right"", ""up""]","[1.0, 1.0, 1.0, 1.0, 1.0, 1.0, -1.0, -1.0, -1.0, 1.0]",10,img225_d8_s24_g00_r0,8,2
GeoExplorer-pristine,/root/geoexplorer/results/checkpoint/algo_dualseed480k_20260427/masa_plus_mmgag_arena_pristine_a040_a0405_sine0405_dualseed480k/wave2_seed321_4gpu/pristine_seed321_t480k/geoexplorer.pt,swissviewmonuments,226,4,13,1,9,False,4,"[13, 12, 11, 16, 21, 22, 23, 24, 19, 14, 9]","[""left"", ""left"", ""down"", ""down"", ""right"", ""right"", ""right"", ""up"", ""up"", ""up""]","[1.0, 1.0, -1.0, -1.0, -1.0, -1.0, -1.0, 1.0, 1.0, 1.0]",10,img226_d4_s13_g01_r0,4,6
GeoExplorer-pristine,/root/geoexplorer/results/checkpoint/algo_dualseed480k_20260427/masa_plus_mmgag_arena_pristine_a040_a0405_sine0405_dualseed480k/wave2_seed321_4gpu/pristine_seed321_t480k/geoexplorer.pt,swissviewmonuments,226,6,23,1,1,True,0,"[23, 22, 21, 20, 15, 10, 5, 0, 1]","[""left"", ""left"", ""left"", ""up"", ""up"", ""up"", ""up"", ""right""]","[1.0, 1.0, -1.0, 1.0, 1.0, 1.0, 1.0, 1.0]",8,img226_d6_s23_g01_r0,6,2
GeoExplorer-pristine,/root/geoexplorer/results/checkpoint/algo_dualseed480k_20260427/masa_plus_mmgag_arena_pristine_a040_a0405_sine0405_dualseed480k/wave2_seed321_4gpu/pristine_seed321_t480k/geoexplorer.pt,swissviewmonuments,227,4,10,2,4,False,2,"[10, 15, 16, 17, 18, 13, 8, 3, 4, 9, 4]","[""down"", ""right"", ""right"", ""right"", ""up"", ""up"", ""up"", ""right"", ""down"", ""up""]","[-1.0, 1.0, 1.0, -1.0, 1.0, 1.0, 1.0, -1.0, -1.0, 1.0]",10,img227_d4_s10_g02_r0,4,6
GeoExplorer-pristine,/root/geoexplorer/results/checkpoint/algo_dualseed480k_20260427/masa_plus_mmgag_arena_pristine_a040_a0405_sine0405_dualseed480k/wave2_seed321_4gpu/pristine_seed321_t480k/geoexplorer.pt,swissviewmonuments,227,6,20,2,4,False,2,"[20, 21, 22, 23, 24, 19, 14, 9, 4, 9, 4]","[""right"", ""right"", ""right"", ""right"", ""up"", ""up"", ""up"", ""up"", ""down"", ""up""]","[1.0, 1.0, -1.0, -1.0, 1.0, 1.0, 1.0, 1.0, -1.0, 1.0]",10,img227_d6_s20_g02_r0,6,4
GeoExplorer-pristine,/root/geoexplorer/results/checkpoint/algo_dualseed480k_20260427/masa_plus_mmgag_arena_pristine_a040_a0405_sine0405_dualseed480k/wave2_seed321_4gpu/pristine_seed321_t480k/geoexplorer.pt,swissviewmonuments,228,4,11,3,3,True,0,"[11, 12, 13, 8, 3]","[""right"", ""right"", ""up"", ""up""]","[1.0, 1.0, 1.0, 1.0]",4,img228_d4_s11_g03_r0,4,0
GeoExplorer-pristine,/root/geoexplorer/results/checkpoint/algo_dualseed480k_20260427/masa_plus_mmgag_arena_pristine_a040_a0405_sine0405_dualseed480k/wave2_seed321_4gpu/pristine_seed321_t480k/geoexplorer.pt,swissviewmonuments,228,6,21,3,9,False,2,"[21, 22, 23, 24, 19, 14, 9, 4, 9, 4, 9]","[""right"", ""right"", ""right"", ""up"", ""up"", ""up"", ""up"", ""down"", ""up"", ""down""]","[1.0, 1.0, -1.0, 1.0, 1.0, 1.0, 1.0, -1.0, 1.0, -1.0]",10,img228_d6_s21_g03_r0,6,4
GeoExplorer-pristine,/root/geoexplorer/results/checkpoint/algo_dualseed480k_20260427/masa_plus_mmgag_arena_pristine_a040_a0405_sine0405_dualseed480k/wave2_seed321_4gpu/pristine_seed321_t480k/geoexplorer.pt,swissviewmonuments,229,4,0,4,22,False,6,"[0, 5, 10, 15, 20, 21, 22, 23, 22, 23, 22]","[""down"", ""down"", ""down"", ""down"", ""right"", ""right"", ""right"", ""left"", ""right"", ""left""]","[-1.0, -1.0, -1.0, -1.0, 1.0, 1.0, 1.0, -1.0, 1.0, -1.0]",10,img229_d4_s00_g04_r0,4,6
GeoExplorer-pristine,/root/geoexplorer/results/checkpoint/algo_dualseed480k_20260427/masa_plus_mmgag_arena_pristine_a040_a0405_sine0405_dualseed480k/wave2_seed321_4gpu/pristine_seed321_t480k/geoexplorer.pt,swissviewmonuments,229,6,10,4,8,False,2,"[10, 15, 16, 17, 18, 13, 8, 7, 8, 7, 8]","[""down"", ""right"", ""right"", ""right"", ""up"", ""up"", ""left"", ""right"", ""left"", ""right""]","[-1.0, 1.0, 1.0, 1.0, 1.0, 1.0, -1.0, 1.0, -1.0, 1.0]",10,img229_d6_s10_g04_r0,6,4
GeoExplorer-pristine,/root/geoexplorer/results/checkpoint/algo_dualseed480k_20260427/masa_plus_mmgag_arena_pristine_a040_a0405_sine0405_dualseed480k/wave2_seed321_4gpu/pristine_seed321_t480k/geoexplorer.pt,swissviewmonuments,229,8,20,4,8,False,2,"[20, 15, 10, 5, 6, 7, 8, 7, 8, 7, 8]","[""up"", ""up"", ""up"", ""right"", ""right"", ""right"", ""left"", ""right"", ""left"", ""right""]","[1.0, 1.0, 1.0, 1.0, 1.0, 1.0, -1.0, 1.0, -1.0, 1.0]",10,img229_d8_s20_g04_r0,8,2
GeoExplorer-pristine,/root/geoexplorer/results/checkpoint/algo_dualseed480k_20260427/masa_plus_mmgag_arena_pristine_a040_a0405_sine0405_dualseed480k/wave2_seed321_4gpu/pristine_seed321_t480k/geoexplorer.pt,swissviewmonuments,230,4,21,5,13,False,4,"[21, 22, 23, 24, 19, 14, 9, 4, 9, 8, 13]","[""right"", ""right"", ""right"", ""up"", ""up"", ""up"", ""up"", ""down"", ""left"", ""down""]","[-1.0, -1.0, -1.0, 1.0, 1.0, 1.0, -1.0, 1.0, 1.0, -1.0]",10,img230_d4_s21_g05_r0,4,6
GeoExplorer-pristine,/root/geoexplorer/results/checkpoint/algo_dualseed480k_20260427/masa_plus_mmgag_arena_pristine_a040_a0405_sine0405_dualseed480k/wave2_seed321_4gpu/pristine_seed321_t480k/geoexplorer.pt,swissviewmonuments,230,6,23,5,5,True,0,"[23, 22, 21, 20, 15, 10, 5]","[""left"", ""left"", ""left"", ""up"", ""up"", ""up""]","[1.0, 1.0, 1.0, 1.0, 1.0, 1.0]",6,img230_d6_s23_g05_r0,6,0
GeoExplorer-pristine,/root/geoexplorer/results/checkpoint/algo_dualseed480k_20260427/masa_plus_mmgag_arena_pristine_a040_a0405_sine0405_dualseed480k/wave2_seed321_4gpu/pristine_seed321_t480k/geoexplorer.pt,swissviewmonuments,231,4,18,6,6,True,0,"[18, 13, 8, 7, 6]","[""up"", ""up"", ""left"", ""left""]","[1.0, 1.0, 1.0, 1.0]",4,img231_d4_s18_g06_r0,4,0
GeoExplorer-pristine,/root/geoexplorer/results/checkpoint/algo_dualseed480k_20260427/masa_plus_mmgag_arena_pristine_a040_a0405_sine0405_dualseed480k/wave2_seed321_4gpu/pristine_seed321_t480k/geoexplorer.pt,swissviewmonuments,231,6,24,6,2,False,2,"[24, 23, 22, 21, 20, 15, 10, 5, 0, 1, 2]","[""left"", ""left"", ""left"", ""left"", ""up"", ""up"", ""up"", ""up"", ""right"", ""right""]","[1.0, 1.0, 1.0, -1.0, 1.0, 1.0, 1.0, -1.0, 1.0, -1.0]",10,img231_d6_s24_g06_r0,6,4
GeoExplorer-pristine,/root/geoexplorer/results/checkpoint/algo_dualseed480k_20260427/masa_plus_mmgag_arena_pristine_a040_a0405_sine0405_dualseed480k/wave2_seed321_4gpu/pristine_seed321_t480k/geoexplorer.pt,swissviewmonuments,232,4,15,7,7,True,0,"[15, 10, 5, 6, 7]","[""up"", ""up"", ""right"", ""right""]","[1.0, 1.0, 1.0, 1.0]",4,img232_d4_s15_g07_r0,4,0
GeoExplorer-pristine,/root/geoexplorer/results/checkpoint/algo_dualseed480k_20260427/masa_plus_mmgag_arena_pristine_a040_a0405_sine0405_dualseed480k/wave2_seed321_4gpu/pristine_seed321_t480k/geoexplorer.pt,swissviewmonuments,233,4,24,8,10,False,4,"[24, 23, 22, 21, 20, 15, 10, 5, 10, 5, 10]","[""left"", ""left"", ""left"", ""left"", ""up"", ""up"", ""up"", ""down"", ""up"", ""down""]","[1.0, -1.0, -1.0, -1.0, 1.0, 1.0, 1.0, -1.0, 1.0, -1.0]",10,img233_d4_s24_g08_r0,4,6
GeoExplorer-pristine,/root/geoexplorer/results/checkpoint/algo_dualseed480k_20260427/masa_plus_mmgag_arena_pristine_a040_a0405_sine0405_dualseed480k/wave2_seed321_4gpu/pristine_seed321_t480k/geoexplorer.pt,swissviewmonuments,233,6,20,8,8,True,0,"[20, 15, 10, 5, 6, 7, 6, 7, 6, 7, 8]","[""up"", ""up"", ""up"", ""right"", ""right"", ""left"", ""right"", ""left"", ""right"", ""right""]","[1.0, 1.0, 1.0, 1.0, 1.0, -1.0, 1.0, -1.0, 1.0, 1.0]",10,img233_d6_s20_g08_r0,6,4
GeoExplorer-pristine,/root/geoexplorer/results/checkpoint/algo_dualseed480k_20260427/masa_plus_mmgag_arena_pristine_a040_a0405_sine0405_dualseed480k/wave2_seed321_4gpu/pristine_seed321_t480k/geoexplorer.pt,swissviewmonuments,234,4,11,9,11,False,4,"[11, 12, 13, 8, 7, 8, 7, 8, 7, 6, 11]","[""right"", ""right"", ""up"", ""left"", ""right"", ""left"", ""right"", ""left"", ""left"", ""down""]","[1.0, 1.0, 1.0, -1.0, 1.0, -1.0, 1.0, -1.0, -1.0, -1.0]",10,img234_d4_s11_g09_r0,4,6
GeoExplorer-pristine,/root/geoexplorer/results/checkpoint/algo_dualseed480k_20260427/masa_plus_mmgag_arena_pristine_a040_a0405_sine0405_dualseed480k/wave2_seed321_4gpu/pristine_seed321_t480k/geoexplorer.pt,swissviewmonuments,234,6,15,9,9,True,0,"[15, 10, 5, 0, 1, 2, 3, 4, 9]","[""up"", ""up"", ""up"", ""right"", ""right"", ""right"", ""right"", ""down""]","[1.0, 1.0, -1.0, 1.0, 1.0, 1.0, 1.0, 1.0]",8,img234_d6_s15_g09_r0,6,2
GeoExplorer-pristine,/root/geoexplorer/results/checkpoint/algo_dualseed480k_20260427/masa_plus_mmgag_arena_pristine_a040_a0405_sine0405_dualseed480k/wave2_seed321_4gpu/pristine_seed321_t480k/geoexplorer.pt,swissviewmonuments,235,4,18,10,10,True,0,"[18, 13, 8, 7, 6, 5, 10]","[""up"", ""up"", ""left"", ""left"", ""left"", ""down""]","[1.0, -1.0, 1.0, 1.0, 1.0, 1.0]",6,img235_d4_s18_g10_r0,4,2
GeoExplorer-pristine,/root/geoexplorer/results/checkpoint/algo_dualseed480k_20260427/masa_plus_mmgag_arena_pristine_a040_a0405_sine0405_dualseed480k/wave2_seed321_4gpu/pristine_seed321_t480k/geoexplorer.pt,swissviewmonuments,235,6,4,10,10,True,0,"[4, 3, 2, 1, 0, 5, 10]","[""left"", ""left"", ""left"", ""left"", ""down"", ""down""]","[1.0, 1.0, 1.0, 1.0, 1.0, 1.0]",6,img235_d6_s04_g10_r0,6,0
GeoExplorer-pristine,/root/geoexplorer/results/checkpoint/algo_dualseed480k_20260427/masa_plus_mmgag_arena_pristine_a040_a0405_sine0405_dualseed480k/wave2_seed321_4gpu/pristine_seed321_t480k/geoexplorer.pt,swissviewmonuments,236,4,23,11,3,False,4,"[23, 18, 13, 8, 7, 6, 7, 6, 7, 8, 3]","[""up"", ""up"", ""up"", ""left"", ""left"", ""right"", ""left"", ""right"", ""right"", ""up""]","[1.0, 1.0, -1.0, 1.0, 1.0, -1.0, 1.0, -1.0, -1.0, -1.0]",10,img236_d4_s23_g11_r0,4,6
GeoExplorer-pristine,/root/geoexplorer/results/checkpoint/algo_dualseed480k_20260427/masa_plus_mmgag_arena_pristine_a040_a0405_sine0405_dualseed480k/wave2_seed321_4gpu/pristine_seed321_t480k/geoexplorer.pt,swissviewmonuments,237,4,24,12,4,False,4,"[24, 19, 14, 9, 4, 3, 2, 1, 2, 3, 4]","[""up"", ""up"", ""up"", ""up"", ""left"", ""left"", ""left"", ""right"", ""right"", ""right""]","[1.0, 1.0, -1.0, -1.0, 1.0, 1.0, -1.0, 1.0, -1.0, -1.0]",10,img237_d4_s24_g12_r0,4,6
GeoExplorer-pristine,/root/geoexplorer/results/checkpoint/algo_dualseed480k_20260427/masa_plus_mmgag_arena_pristine_a040_a0405_sine0405_dualseed480k/wave2_seed321_4gpu/pristine_seed321_t480k/geoexplorer.pt,swissviewmonuments,238,4,5,13,3,False,2,"[5, 10, 15, 16, 17, 18, 19, 14, 9, 4, 3]","[""down"", ""down"", ""right"", ""right"", ""right"", ""right"", ""up"", ""up"", ""up"", ""left""]","[1.0, -1.0, 1.0, 1.0, 1.0, -1.0, 1.0, -1.0, -1.0, 1.0]",10,img238_d4_s05_g13_r0,4,6
GeoExplorer-pristine,/root/geoexplorer/results/checkpoint/algo_dualseed480k_20260427/masa_plus_mmgag_arena_pristine_a040_a0405_sine0405_dualseed480k/wave2_seed321_4gpu/pristine_seed321_t480k/geoexplorer.pt,swissviewmonuments,239,4,6,14,14,True,0,"[6, 7, 8, 13, 18, 23, 24, 19, 14]","[""right"", ""right"", ""down"", ""down"", ""down"", ""right"", ""up"", ""up""]","[1.0, 1.0, 1.0, -1.0, -1.0, 1.0, 1.0, 1.0]",8,img239_d4_s06_g14_r0,4,4
GeoExplorer-pristine,/root/geoexplorer/results/checkpoint/algo_dualseed480k_20260427/masa_plus_mmgag_arena_pristine_a040_a0405_sine0405_dualseed480k/wave2_seed321_4gpu/pristine_seed321_t480k/geoexplorer.pt,swissviewmonuments,239,6,20,14,4,False,2,"[20, 21, 22, 23, 18, 13, 8, 3, 4, 9, 4]","[""right"", ""right"", ""right"", ""up"", ""up"", ""up"", ""up"", ""right"", ""down"", ""up""]","[1.0, 1.0, 1.0, 1.0, 1.0, -1.0, -1.0, 1.0, 1.0, -1.0]",10,img239_d6_s20_g14_r0,6,4
GeoExplorer-pristine,/root/geoexplorer/results/checkpoint/algo_dualseed480k_20260427/masa_plus_mmgag_arena_pristine_a040_a0405_sine0405_dualseed480k/wave2_seed321_4gpu/pristine_seed321_t480k/geoexplorer.pt,swissviewmonuments,240,4,19,15,3,False,6,"[19, 14, 9, 4, 3, 2, 1, 0, 1, 2, 3]","[""up"", ""up"", ""up"", ""left"", ""left"", ""left"", ""left"", ""right"", ""right"", ""right""]","[-1.0, -1.0, -1.0, 1.0, 1.0, 1.0, 1.0, -1.0, -1.0, -1.0]",10,img240_d4_s19_g15_r0,4,6
GeoExplorer-pristine,/root/geoexplorer/results/checkpoint/algo_dualseed480k_20260427/masa_plus_mmgag_arena_pristine_a040_a0405_sine0405_dualseed480k/wave2_seed321_4gpu/pristine_seed321_t480k/geoexplorer.pt,swissviewmonuments,240,6,3,15,19,False,4,"[3, 2, 1, 6, 11, 16, 17, 18, 23, 24, 19]","[""left"", ""left"", ""down"", ""down"", ""down"", ""right"", ""right"", ""down"", ""right"", ""up""]","[1.0, 1.0, 1.0, 1.0, 1.0, -1.0, -1.0, -1.0, -1.0, 1.0]",10,img240_d6_s03_g15_r0,6,4
GeoExplorer-pristine,/root/geoexplorer/results/checkpoint/algo_dualseed480k_20260427/masa_plus_mmgag_arena_pristine_a040_a0405_sine0405_dualseed480k/wave2_seed321_4gpu/pristine_seed321_t480k/geoexplorer.pt,swissviewmonuments,241,4,0,16,8,False,4,"[0, 1, 2, 3, 8, 13, 18, 23, 18, 13, 8]","[""right"", ""right"", ""right"", ""down"", ""down"", ""down"", ""down"", ""up"", ""up"", ""up""]","[1.0, -1.0, -1.0, 1.0, 1.0, 1.0, -1.0, 1.0, -1.0, -1.0]",10,img241_d4_s00_g16_r0,4,6
GeoExplorer-pristine,/root/geoexplorer/results/checkpoint/algo_dualseed480k_20260427/masa_plus_mmgag_arena_pristine_a040_a0405_sine0405_dualseed480k/wave2_seed321_4gpu/pristine_seed321_t480k/geoexplorer.pt,swissviewmonuments,241,6,4,16,8,False,4,"[4, 3, 2, 1, 0, 5, 10, 5, 6, 7, 8]","[""left"", ""left"", ""left"", ""left"", ""down"", ""down"", ""up"", ""right"", ""right"", ""right""]","[1.0, 1.0, 1.0, -1.0, 1.0, 1.0, -1.0, 1.0, -1.0, -1.0]",10,img241_d6_s04_g16_r0,6,4
GeoExplorer-pristine,/root/geoexplorer/results/checkpoint/algo_dualseed480k_20260427/masa_plus_mmgag_arena_pristine_a040_a0405_sine0405_dualseed480k/wave2_seed321_4gpu/pristine_seed321_t480k/geoexplorer.pt,swissviewmonuments,242,4,5,17,17,True,0,"[5, 10, 15, 16, 17]","[""down"", ""down"", ""right"", ""right""]","[1.0, 1.0, 1.0, 1.0]",4,img242_d4_s05_g17_r0,4,0
GeoExplorer-pristine,/root/geoexplorer/results/checkpoint/algo_dualseed480k_20260427/masa_plus_mmgag_arena_pristine_a040_a0405_sine0405_dualseed480k/wave2_seed321_4gpu/pristine_seed321_t480k/geoexplorer.pt,swissviewmonuments,243,4,20,18,4,False,4,"[20, 15, 10, 5, 0, 1, 2, 3, 4, 9, 4]","[""up"", ""up"", ""up"", ""up"", ""right"", ""right"", ""right"", ""right"", ""down"", ""up""]","[1.0, -1.0, -1.0, -1.0, 1.0, 1.0, 1.0, -1.0, 1.0, -1.0]",10,img243_d4_s20_g18_r0,4,6
GeoExplorer-pristine,/root/geoexplorer/results/checkpoint/algo_dualseed480k_20260427/masa_plus_mmgag_arena_pristine_a040_a0405_sine0405_dualseed480k/wave2_seed321_4gpu/pristine_seed321_t480k/geoexplorer.pt,swissviewmonuments,243,6,0,18,18,True,0,"[0, 1, 2, 3, 8, 13, 18]","[""right"", ""right"", ""right"", ""down"", ""down"", ""down""]","[1.0, 1.0, 1.0, 1.0, 1.0, 1.0]",6,img243_d6_s00_g18_r0,6,0
GeoExplorer-pristine,/root/geoexplorer/results/checkpoint/algo_dualseed480k_20260427/masa_plus_mmgag_arena_pristine_a040_a0405_sine0405_dualseed480k/wave2_seed321_4gpu/pristine_seed321_t480k/geoexplorer.pt,swissviewmonuments,244,4,15,19,9,False,2,"[15, 10, 5, 0, 1, 2, 3, 4, 9, 4, 9]","[""up"", ""up"", ""up"", ""right"", ""right"", ""right"", ""right"", ""down"", ""up"", ""down""]","[-1.0, -1.0, -1.0, 1.0, 1.0, 1.0, 1.0, 1.0, -1.0, 1.0]",10,img244_d4_s15_g19_r0,4,6
GeoExplorer-pristine,/root/geoexplorer/results/checkpoint/algo_dualseed480k_20260427/masa_plus_mmgag_arena_pristine_a040_a0405_sine0405_dualseed480k/wave2_seed321_4gpu/pristine_seed321_t480k/geoexplorer.pt,swissviewmonuments,244,6,1,19,13,False,2,"[1, 2, 3, 8, 13, 18, 13, 18, 13, 8, 13]","[""right"", ""right"", ""down"", ""down"", ""down"", ""up"", ""down"", ""up"", ""up"", ""down""]","[1.0, 1.0, 1.0, 1.0, 1.0, -1.0, 1.0, -1.0, -1.0, 1.0]",10,img244_d6_s01_g19_r0,6,4
GeoExplorer-pristine,/root/geoexplorer/results/checkpoint/algo_dualseed480k_20260427/masa_plus_mmgag_arena_pristine_a040_a0405_sine0405_dualseed480k/wave2_seed321_4gpu/pristine_seed321_t480k/geoexplorer.pt,swissviewmonuments,245,4,24,20,2,False,6,"[24, 19, 14, 9, 4, 3, 2, 3, 2, 3, 2]","[""up"", ""up"", ""up"", ""up"", ""left"", ""left"", ""right"", ""left"", ""right"", ""left""]","[-1.0, -1.0, -1.0, -1.0, 1.0, 1.0, -1.0, 1.0, -1.0, 1.0]",10,img245_d4_s24_g20_r0,4,6
GeoExplorer-pristine,/root/geoexplorer/results/checkpoint/algo_dualseed480k_20260427/masa_plus_mmgag_arena_pristine_a040_a0405_sine0405_dualseed480k/wave2_seed321_4gpu/pristine_seed321_t480k/geoexplorer.pt,swissviewmonuments,245,6,2,20,14,False,6,"[2, 3, 4, 9, 14, 19, 14, 19, 14, 9, 14]","[""right"", ""right"", ""down"", ""down"", ""down"", ""up"", ""down"", ""up"", ""up"", ""down""]","[-1.0, -1.0, 1.0, 1.0, 1.0, -1.0, 1.0, -1.0, -1.0, 1.0]",10,img245_d6_s02_g20_r0,6,4
GeoExplorer-pristine,/root/geoexplorer/results/checkpoint/algo_dualseed480k_20260427/masa_plus_mmgag_arena_pristine_a040_a0405_sine0405_dualseed480k/wave2_seed321_4gpu/pristine_seed321_t480k/geoexplorer.pt,swissviewmonuments,245,8,4,20,20,True,0,"[4, 9, 14, 19, 18, 17, 16, 15, 20]","[""down"", ""down"", ""down"", ""left"", ""left"", ""left"", ""left"", ""down""]","[1.0, 1.0, 1.0, 1.0, 1.0, 1.0, 1.0, 1.0]",8,img245_d8_s04_g20_r0,8,0
GeoExplorer-pristine,/root/geoexplorer/results/checkpoint/algo_dualseed480k_20260427/masa_plus_mmgag_arena_pristine_a040_a0405_sine0405_dualseed480k/wave2_seed321_4gpu/pristine_seed321_t480k/geoexplorer.pt,swissviewmonuments,246,4,1,21,3,False,6,"[1, 2, 3, 4, 9, 4, 9, 4, 3, 4, 3]","[""right"", ""right"", ""right"", ""down"", ""up"", ""down"", ""up"", ""left"", ""right"", ""left""]","[-1.0, -1.0, -1.0, 1.0, -1.0, 1.0, -1.0, 1.0, -1.0, 1.0]",10,img246_d4_s01_g21_r0,4,6
GeoExplorer-pristine,/root/geoexplorer/results/checkpoint/algo_dualseed480k_20260427/masa_plus_mmgag_arena_pristine_a040_a0405_sine0405_dualseed480k/wave2_seed321_4gpu/pristine_seed321_t480k/geoexplorer.pt,swissviewmonuments,246,6,9,21,7,False,4,"[9, 8, 13, 12, 11, 16, 15, 10, 5, 6, 7]","[""left"", ""down"", ""left"", ""left"", ""down"", ""left"", ""up"", ""up"", ""right"", ""right""]","[1.0, 1.0, 1.0, 1.0, 1.0, -1.0, -1.0, -1.0, 1.0, -1.0]",10,img246_d6_s09_g21_r0,6,4
GeoExplorer-pristine,/root/geoexplorer/results/checkpoint/algo_dualseed480k_20260427/masa_plus_mmgag_arena_pristine_a040_a0405_sine0405_dualseed480k/wave2_seed321_4gpu/pristine_seed321_t480k/geoexplorer.pt,swissviewmonuments,247,4,10,22,8,False,4,"[10, 5, 6, 7, 8, 13, 18, 19, 14, 9, 8]","[""up"", ""right"", ""right"", ""right"", ""down"", ""down"", ""right"", ""up"", ""up"", ""left""]","[-1.0, 1.0, 1.0, -1.0, 1.0, 1.0, -1.0, -1.0, -1.0, 1.0]",10,img247_d4_s10_g22_r0,4,6
GeoExplorer-pristine,/root/geoexplorer/results/checkpoint/algo_dualseed480k_20260427/masa_plus_mmgag_arena_pristine_a040_a0405_sine0405_dualseed480k/wave2_seed321_4gpu/pristine_seed321_t480k/geoexplorer.pt,swissviewmonuments,247,6,0,22,8,False,4,"[0, 5, 10, 15, 16, 17, 18, 19, 14, 9, 8]","[""down"", ""down"", ""down"", ""right"", ""right"", ""right"", ""right"", ""up"", ""up"", ""left""]","[1.0, 1.0, 1.0, 1.0, 1.0, -1.0, -1.0, -1.0, -1.0, 1.0]",10,img247_d6_s00_g22_r0,6,4
GeoExplorer-pristine,/root/geoexplorer/results/checkpoint/algo_dualseed480k_20260427/masa_plus_mmgag_arena_pristine_a040_a0405_sine0405_dualseed480k/wave2_seed321_4gpu/pristine_seed321_t480k/geoexplorer.pt,swissviewmonuments,248,4,11,23,5,False,6,"[11, 12, 13, 18, 13, 18, 13, 12, 11, 6, 5]","[""right"", ""right"", ""down"", ""up"", ""down"", ""up"", ""left"", ""left"", ""up"", ""left""]","[1.0, 1.0, 1.0, -1.0, 1.0, -1.0, -1.0, -1.0, -1.0, -1.0]",10,img248_d4_s11_g23_r0,4,6
GeoExplorer-pristine,/root/geoexplorer/results/checkpoint/algo_dualseed480k_20260427/masa_plus_mmgag_arena_pristine_a040_a0405_sine0405_dualseed480k/wave2_seed321_4gpu/pristine_seed321_t480k/geoexplorer.pt,swissviewmonuments,248,6,5,23,3,False,4,"[5, 10, 15, 16, 17, 18, 19, 14, 9, 4, 3]","[""down"", ""down"", ""right"", ""right"", ""right"", ""right"", ""up"", ""up"", ""up"", ""left""]","[1.0, 1.0, 1.0, 1.0, 1.0, -1.0, -1.0, -1.0, -1.0, 1.0]",10,img248_d6_s05_g23_r0,6,4
GeoExplorer-pristine,/root/geoexplorer/results/checkpoint/algo_dualseed480k_20260427/masa_plus_mmgag_arena_pristine_a040_a0405_sine0405_dualseed480k/wave2_seed321_4gpu/pristine_seed321_t480k/geoexplorer.pt,swissviewmonuments,249,4,20,24,24,True,0,"[20, 21, 22, 23, 24]","[""right"", ""right"", ""right"", ""right""]","[1.0, 1.0, 1.0, 1.0]",4,img249_d4_s20_g24_r0,4,0
GeoExplorer-pristine,/root/geoexplorer/results/checkpoint/algo_dualseed480k_20260427/masa_plus_mmgag_arena_pristine_a040_a0405_sine0405_dualseed480k/wave2_seed321_4gpu/pristine_seed321_t480k/geoexplorer.pt,swissviewmonuments,249,6,6,24,10,False,6,"[6, 7, 8, 13, 18, 23, 22, 21, 20, 15, 10]","[""right"", ""right"", ""down"", ""down"", ""down"", ""left"", ""left"", ""left"", ""up"", ""up""]","[1.0, 1.0, 1.0, 1.0, 1.0, -1.0, -1.0, -1.0, -1.0, -1.0]",10,img249_d6_s06_g24_r0,6,4
GeoExplorer-pristine,/root/geoexplorer/results/checkpoint/algo_dualseed480k_20260427/masa_plus_mmgag_arena_pristine_a040_a0405_sine0405_dualseed480k/wave2_seed321_4gpu/pristine_seed321_t480k/geoexplorer.pt,swissviewmonuments,249,8,0,24,18,False,2,"[0, 1, 2, 3, 8, 13, 18, 13, 18, 13, 18]","[""right"", ""right"", ""right"", ""down"", ""down"", ""down"", ""up"", ""down"", ""up"", ""down""]","[1.0, 1.0, 1.0, 1.0, 1.0, 1.0, -1.0, 1.0, -1.0, 1.0]",10,img249_d8_s00_g24_r0,8,2
GeoExplorer-pristine,/root/geoexplorer/results/checkpoint/algo_dualseed480k_20260427/masa_plus_mmgag_arena_pristine_a040_a0405_sine0405_dualseed480k/wave2_seed321_4gpu/pristine_seed321_t480k/geoexplorer.pt,swissviewmonuments,250,4,20,0,8,False,4,"[20, 15, 10, 5, 6, 7, 8, 9, 4, 9, 8]","[""up"", ""up"", ""up"", ""right"", ""right"", ""right"", ""right"", ""up"", ""down"", ""left""]","[1.0, 1.0, 1.0, -1.0, -1.0, -1.0, -1.0, 1.0, -1.0, 1.0]",10,img250_d4_s20_g00_r0,4,6
GeoExplorer-pristine,/root/geoexplorer/results/checkpoint/algo_dualseed480k_20260427/masa_plus_mmgag_arena_pristine_a040_a0405_sine0405_dualseed480k/wave2_seed321_4gpu/pristine_seed321_t480k/geoexplorer.pt,swissviewmonuments,250,6,14,0,8,False,4,"[14, 9, 8, 7, 6, 5, 6, 7, 6, 7, 8]","[""up"", ""left"", ""left"", ""left"", ""left"", ""right"", ""right"", ""left"", ""right"", ""right""]","[1.0, 1.0, 1.0, 1.0, 1.0, -1.0, -1.0, 1.0, -1.0, -1.0]",10,img250_d6_s14_g00_r0,6,4
GeoExplorer-pristine,/root/geoexplorer/results/checkpoint/algo_dualseed480k_20260427/masa_plus_mmgag_arena_pristine_a040_a0405_sine0405_dualseed480k/wave2_seed321_4gpu/pristine_seed321_t480k/geoexplorer.pt,swissviewmonuments,250,8,24,0,6,False,2,"[24, 23, 18, 13, 8, 7, 6, 7, 6, 7, 6]","[""left"", ""up"", ""up"", ""up"", ""left"", ""left"", ""right"", ""left"", ""right"", ""left""]","[1.0, 1.0, 1.0, 1.0, 1.0, 1.0, -1.0, 1.0, -1.0, 1.0]",10,img250_d8_s24_g00_r0,8,2
GeoExplorer-pristine,/root/geoexplorer/results/checkpoint/algo_dualseed480k_20260427/masa_plus_mmgag_arena_pristine_a040_a0405_sine0405_dualseed480k/wave2_seed321_4gpu/pristine_seed321_t480k/geoexplorer.pt,swissviewmonuments,251,4,9,1,21,False,4,"[9, 8, 7, 6, 5, 10, 15, 20, 21, 20, 21]","[""left"", ""left"", ""left"", ""left"", ""down"", ""down"", ""down"", ""right"", ""left"", ""right""]","[1.0, 1.0, 1.0, -1.0, -1.0, -1.0, -1.0, 1.0, -1.0, 1.0]",10,img251_d4_s09_g01_r0,4,6
GeoExplorer-pristine,/root/geoexplorer/results/checkpoint/algo_dualseed480k_20260427/masa_plus_mmgag_arena_pristine_a040_a0405_sine0405_dualseed480k/wave2_seed321_4gpu/pristine_seed321_t480k/geoexplorer.pt,swissviewmonuments,251,6,19,1,7,False,2,"[19, 14, 9, 8, 7, 6, 7, 8, 7, 8, 7]","[""up"", ""up"", ""left"", ""left"", ""left"", ""right"", ""right"", ""left"", ""right"", ""left""]","[1.0, 1.0, 1.0, 1.0, 1.0, -1.0, -1.0, 1.0, -1.0, 1.0]",10,img251_d6_s19_g01_r0,6,4
GeoExplorer-pristine,/root/geoexplorer/results/checkpoint/algo_dualseed480k_20260427/masa_plus_mmgag_arena_pristine_a040_a0405_sine0405_dualseed480k/wave2_seed321_4gpu/pristine_seed321_t480k/geoexplorer.pt,swissviewmonuments,252,4,16,2,14,False,4,"[16, 11, 6, 7, 8, 9, 14, 9, 14, 9, 14]","[""up"", ""up"", ""right"", ""right"", ""right"", ""down"", ""up"", ""down"", ""up"", ""down""]","[1.0, 1.0, 1.0, -1.0, -1.0, -1.0, 1.0, -1.0, 1.0, -1.0]",10,img252_d4_s16_g02_r0,4,6
GeoExplorer-pristine,/root/geoexplorer/results/checkpoint/algo_dualseed480k_20260427/masa_plus_mmgag_arena_pristine_a040_a0405_sine0405_dualseed480k/wave2_seed321_4gpu/pristine_seed321_t480k/geoexplorer.pt,swissviewmonuments,252,6,24,2,2,True,0,"[24, 19, 14, 9, 4, 3, 2]","[""up"", ""up"", ""up"", ""up"", ""left"", ""left""]","[1.0, 1.0, 1.0, 1.0, 1.0, 1.0]",6,img252_d6_s24_g02_r0,6,0
GeoExplorer-pristine,/root/geoexplorer/results/checkpoint/algo_dualseed480k_20260427/masa_plus_mmgag_arena_pristine_a040_a0405_sine0405_dualseed480k/wave2_seed321_4gpu/pristine_seed321_t480k/geoexplorer.pt,swissviewmonuments,253,4,19,3,3,True,0,"[19, 14, 9, 4, 3]","[""up"", ""up"", ""up"", ""left""]","[1.0, 1.0, 1.0, 1.0]",4,img253_d4_s19_g03_r0,4,0
GeoExplorer-pristine,/root/geoexplorer/results/checkpoint/algo_dualseed480k_20260427/masa_plus_mmgag_arena_pristine_a040_a0405_sine0405_dualseed480k/wave2_seed321_4gpu/pristine_seed321_t480k/geoexplorer.pt,swissviewmonuments,253,6,15,3,3,True,0,"[15, 10, 5, 0, 1, 2, 3]","[""up"", ""up"", ""up"", ""right"", ""right"", ""right""]","[1.0, 1.0, 1.0, 1.0, 1.0, 1.0]",6,img253_d6_s15_g03_r0,6,0
GeoExplorer-pristine,/root/geoexplorer/results/checkpoint/algo_dualseed480k_20260427/masa_plus_mmgag_arena_pristine_a040_a0405_sine0405_dualseed480k/wave2_seed321_4gpu/pristine_seed321_t480k/geoexplorer.pt,swissviewmonuments,254,4,6,4,24,False,4,"[6, 7, 8, 13, 18, 23, 24, 19, 24, 19, 24]","[""right"", ""right"", ""down"", ""down"", ""down"", ""right"", ""up"", ""down"", ""up"", ""down""]","[1.0, 1.0, -1.0, -1.0, -1.0, 1.0, 1.0, -1.0, 1.0, -1.0]",10,img254_d4_s06_g04_r0,4,6
GeoExplorer-pristine,/root/geoexplorer/results/checkpoint/algo_dualseed480k_20260427/masa_plus_mmgag_arena_pristine_a040_a0405_sine0405_dualseed480k/wave2_seed321_4gpu/pristine_seed321_t480k/geoexplorer.pt,swissviewmonuments,254,6,16,4,4,True,0,"[16, 11, 12, 7, 8, 9, 4]","[""up"", ""right"", ""up"", ""right"", ""right"", ""up""]","[1.0, 1.0, 1.0, 1.0, 1.0, 1.0]",6,img254_d6_s16_g04_r0,6,0
GeoExplorer-pristine,/root/geoexplorer/results/checkpoint/algo_dualseed480k_20260427/masa_plus_mmgag_arena_pristine_a040_a0405_sine0405_dualseed480k/wave2_seed321_4gpu/pristine_seed321_t480k/geoexplorer.pt,swissviewmonuments,254,8,20,4,4,True,0,"[20, 15, 10, 5, 0, 1, 2, 3, 4]","[""up"", ""up"", ""up"", ""up"", ""right"", ""right"", ""right"", ""right""]","[1.0, 1.0, 1.0, 1.0, 1.0, 1.0, 1.0, 1.0]",8,img254_d8_s20_g04_r0,8,0
GeoExplorer-pristine,/root/geoexplorer/results/checkpoint/algo_dualseed480k_20260427/masa_plus_mmgag_arena_pristine_a040_a0405_sine0405_dualseed480k/wave2_seed321_4gpu/pristine_seed321_t480k/geoexplorer.pt,swissviewmonuments,255,4,21,5,7,False,2,"[21, 22, 23, 18, 13, 8, 7, 6, 7, 6, 7]","[""right"", ""right"", ""up"", ""up"", ""up"", ""left"", ""left"", ""right"", ""left"", ""right""]","[-1.0, -1.0, 1.0, 1.0, 1.0, 1.0, 1.0, -1.0, 1.0, -1.0]",10,img255_d4_s21_g05_r0,4,6
GeoExplorer-pristine,/root/geoexplorer/results/checkpoint/algo_dualseed480k_20260427/masa_plus_mmgag_arena_pristine_a040_a0405_sine0405_dualseed480k/wave2_seed321_4gpu/pristine_seed321_t480k/geoexplorer.pt,swissviewmonuments,255,6,19,5,3,False,4,"[19, 14, 9, 4, 3, 2, 1, 2, 3, 2, 3]","[""up"", ""up"", ""up"", ""left"", ""left"", ""left"", ""right"", ""right"", ""left"", ""right""]","[1.0, 1.0, -1.0, 1.0, 1.0, 1.0, -1.0, -1.0, 1.0, -1.0]",10,img255_d6_s19_g05_r0,6,4
GeoExplorer-pristine,/root/geoexplorer/results/checkpoint/algo_dualseed480k_20260427/masa_plus_mmgag_arena_pristine_a040_a0405_sine0405_dualseed480k/wave2_seed321_4gpu/pristine_seed321_t480k/geoexplorer.pt,swissviewmonuments,256,4,20,6,14,False,4,"[20, 21, 22, 23, 18, 13, 8, 3, 4, 9, 14]","[""right"", ""right"", ""right"", ""up"", ""up"", ""up"", ""up"", ""right"", ""down"", ""down""]","[1.0, -1.0, -1.0, 1.0, 1.0, 1.0, -1.0, -1.0, 1.0, -1.0]",10,img256_d4_s20_g06_r0,4,6
GeoExplorer-pristine,/root/geoexplorer/results/checkpoint/algo_dualseed480k_20260427/masa_plus_mmgag_arena_pristine_a040_a0405_sine0405_dualseed480k/wave2_seed321_4gpu/pristine_seed321_t480k/geoexplorer.pt,swissviewmonuments,256,6,24,6,6,True,0,"[24, 19, 14, 9, 8, 7, 6]","[""up"", ""up"", ""up"", ""left"", ""left"", ""left""]","[1.0, 1.0, 1.0, 1.0, 1.0, 1.0]",6,img256_d6_s24_g06_r0,6,0
GeoExplorer-pristine,/root/geoexplorer/results/checkpoint/algo_dualseed480k_20260427/masa_plus_mmgag_arena_pristine_a040_a0405_sine0405_dualseed480k/wave2_seed321_4gpu/pristine_seed321_t480k/geoexplorer.pt,swissviewmonuments,257,4,19,7,3,False,2,"[19, 14, 9, 4, 3, 4, 3, 4, 3, 4, 3]","[""up"", ""up"", ""up"", ""left"", ""right"", ""left"", ""right"", ""left"", ""right"", ""left""]","[1.0, 1.0, -1.0, 1.0, -1.0, 1.0, -1.0, 1.0, -1.0, 1.0]",10,img257_d4_s19_g07_r0,4,6
GeoExplorer-pristine,/root/geoexplorer/results/checkpoint/algo_dualseed480k_20260427/masa_plus_mmgag_arena_pristine_a040_a0405_sine0405_dualseed480k/wave2_seed321_4gpu/pristine_seed321_t480k/geoexplorer.pt,swissviewmonuments,258,4,10,8,14,False,2,"[10, 5, 0, 1, 2, 3, 4, 9, 14, 19, 14]","[""up"", ""up"", ""right"", ""right"", ""right"", ""right"", ""down"", ""down"", ""down"", ""up""]","[1.0, -1.0, 1.0, 1.0, 1.0, -1.0, 1.0, -1.0, -1.0, 1.0]",10,img258_d4_s10_g08_r0,4,6
GeoExplorer-pristine,/root/geoexplorer/results/checkpoint/algo_dualseed480k_20260427/masa_plus_mmgag_arena_pristine_a040_a0405_sine0405_dualseed480k/wave2_seed321_4gpu/pristine_seed321_t480k/geoexplorer.pt,swissviewmonuments,258,6,20,8,4,False,2,"[20, 15, 10, 5, 0, 1, 2, 3, 4, 3, 4]","[""up"", ""up"", ""up"", ""up"", ""right"", ""right"", ""right"", ""right"", ""left"", ""right""]","[1.0, 1.0, 1.0, -1.0, 1.0, 1.0, 1.0, -1.0, 1.0, -1.0]",10,img258_d6_s20_g08_r0,6,4
GeoExplorer-pristine,/root/geoexplorer/results/checkpoint/algo_dualseed480k_20260427/masa_plus_mmgag_arena_pristine_a040_a0405_sine0405_dualseed480k/wave2_seed321_4gpu/pristine_seed321_t480k/geoexplorer.pt,swissviewmonuments,259,4,1,9,19,False,2,"[1, 2, 3, 8, 13, 18, 23, 24, 19, 14, 19]","[""right"", ""right"", ""down"", ""down"", ""down"", ""down"", ""right"", ""up"", ""up"", ""down""]","[1.0, 1.0, 1.0, -1.0, -1.0, -1.0, 1.0, 1.0, 1.0, -1.0]",10,img259_d4_s01_g09_r0,4,6
GeoExplorer-pristine,/root/geoexplorer/results/checkpoint/algo_dualseed480k_20260427/masa_plus_mmgag_arena_pristine_a040_a0405_sine0405_dualseed480k/wave2_seed321_4gpu/pristine_seed321_t480k/geoexplorer.pt,swissviewmonuments,259,6,21,9,9,True,0,"[21, 16, 11, 6, 7, 8, 9]","[""up"", ""up"", ""up"", ""right"", ""right"", ""right""]","[1.0, 1.0, 1.0, 1.0, 1.0, 1.0]",6,img259_d6_s21_g09_r0,6,0
GeoExplorer-pristine,/root/geoexplorer/results/checkpoint/algo_dualseed480k_20260427/masa_plus_mmgag_arena_pristine_a040_a0405_sine0405_dualseed480k/wave2_seed321_4gpu/pristine_seed321_t480k/geoexplorer.pt,swissviewmonuments,260,4,22,10,6,False,2,"[22, 23, 18, 13, 8, 7, 6, 7, 6, 7, 6]","[""right"", ""up"", ""up"", ""up"", ""left"", ""left"", ""right"", ""left"", ""right"", ""left""]","[-1.0, 1.0, 1.0, -1.0, 1.0, 1.0, -1.0, 1.0, -1.0, 1.0]",10,img260_d4_s22_g10_r0,4,6
GeoExplorer-pristine,/root/geoexplorer/results/checkpoint/algo_dualseed480k_20260427/masa_plus_mmgag_arena_pristine_a040_a0405_sine0405_dualseed480k/wave2_seed321_4gpu/pristine_seed321_t480k/geoexplorer.pt,swissviewmonuments,260,6,4,10,24,False,6,"[4, 9, 14, 19, 24, 23, 24, 19, 24, 19, 24]","[""down"", ""down"", ""down"", ""down"", ""left"", ""right"", ""up"", ""down"", ""up"", ""down""]","[1.0, 1.0, -1.0, -1.0, 1.0, -1.0, 1.0, -1.0, 1.0, -1.0]",10,img260_d6_s04_g10_r0,6,4
GeoExplorer-pristine,/root/geoexplorer/results/checkpoint/algo_dualseed480k_20260427/masa_plus_mmgag_arena_pristine_a040_a0405_sine0405_dualseed480k/wave2_seed321_4gpu/pristine_seed321_t480k/geoexplorer.pt,swissviewmonuments,261,4,3,11,23,False,4,"[3, 8, 13, 18, 23, 22, 21, 20, 21, 22, 23]","[""down"", ""down"", ""down"", ""down"", ""left"", ""left"", ""left"", ""right"", ""right"", ""right""]","[1.0, 1.0, -1.0, -1.0, 1.0, 1.0, -1.0, 1.0, -1.0, -1.0]",10,img261_d4_s03_g11_r0,4,6
GeoExplorer-pristine,/root/geoexplorer/results/checkpoint/algo_dualseed480k_20260427/masa_plus_mmgag_arena_pristine_a040_a0405_sine0405_dualseed480k/wave2_seed321_4gpu/pristine_seed321_t480k/geoexplorer.pt,swissviewmonuments,262,4,20,12,14,False,2,"[20, 21, 22, 23, 24, 19, 14, 9, 4, 9, 14]","[""right"", ""right"", ""right"", ""right"", ""up"", ""up"", ""up"", ""up"", ""down"", ""down""]","[1.0, 1.0, -1.0, -1.0, 1.0, 1.0, -1.0, -1.0, 1.0, 1.0]",10,img262_d4_s20_g12_r0,4,6
GeoExplorer-pristine,/root/geoexplorer/results/checkpoint/algo_dualseed480k_20260427/masa_plus_mmgag_arena_pristine_a040_a0405_sine0405_dualseed480k/wave2_seed321_4gpu/pristine_seed321_t480k/geoexplorer.pt,swissviewmonuments,263,4,1,13,13,True,0,"[1, 2, 3, 8, 13]","[""right"", ""right"", ""down"", ""down""]","[1.0, 1.0, 1.0, 1.0]",4,img263_d4_s01_g13_r0,4,0
GeoExplorer-pristine,/root/geoexplorer/results/checkpoint/algo_dualseed480k_20260427/masa_plus_mmgag_arena_pristine_a040_a0405_sine0405_dualseed480k/wave2_seed321_4gpu/pristine_seed321_t480k/geoexplorer.pt,swissviewmonuments,264,4,22,14,4,False,2,"[22, 17, 12, 7, 2, 3, 4, 9, 4, 9, 4]","[""up"", ""up"", ""up"", ""up"", ""right"", ""right"", ""down"", ""up"", ""down"", ""up""]","[1.0, 1.0, -1.0, -1.0, 1.0, 1.0, 1.0, -1.0, 1.0, -1.0]",10,img264_d4_s22_g14_r0,4,6
GeoExplorer-pristine,/root/geoexplorer/results/checkpoint/algo_dualseed480k_20260427/masa_plus_mmgag_arena_pristine_a040_a0405_sine0405_dualseed480k/wave2_seed321_4gpu/pristine_seed321_t480k/geoexplorer.pt,swissviewmonuments,264,6,20,14,18,False,2,"[20, 15, 10, 5, 6, 7, 8, 7, 8, 13, 18]","[""up"", ""up"", ""up"", ""right"", ""right"", ""right"", ""left"", ""right"", ""down"", ""down""]","[1.0, 1.0, -1.0, 1.0, 1.0, 1.0, -1.0, 1.0, 1.0, -1.0]",10,img264_d6_s20_g14_r0,6,4
GeoExplorer-pristine,/root/geoexplorer/results/checkpoint/algo_dualseed480k_20260427/masa_plus_mmgag_arena_pristine_a040_a0405_sine0405_dualseed480k/wave2_seed321_4gpu/pristine_seed321_t480k/geoexplorer.pt,swissviewmonuments,265,4,1,15,19,False,4,"[1, 2, 3, 4, 9, 14, 19, 24, 19, 24, 19]","[""right"", ""right"", ""right"", ""down"", ""down"", ""down"", ""down"", ""up"", ""down"", ""up""]","[-1.0, -1.0, -1.0, 1.0, 1.0, 1.0, -1.0, 1.0, -1.0, 1.0]",10,img265_d4_s01_g15_r0,4,6
GeoExplorer-pristine,/root/geoexplorer/results/checkpoint/algo_dualseed480k_20260427/masa_plus_mmgag_arena_pristine_a040_a0405_sine0405_dualseed480k/wave2_seed321_4gpu/pristine_seed321_t480k/geoexplorer.pt,swissviewmonuments,265,6,9,15,19,False,4,"[9, 14, 19, 24, 19, 24, 19, 14, 19, 14, 19]","[""down"", ""down"", ""down"", ""up"", ""down"", ""up"", ""up"", ""down"", ""up"", ""down""]","[1.0, 1.0, -1.0, 1.0, -1.0, 1.0, -1.0, 1.0, -1.0, 1.0]",10,img265_d6_s09_g15_r0,6,4
GeoExplorer-pristine,/root/geoexplorer/results/checkpoint/algo_dualseed480k_20260427/masa_plus_mmgag_arena_pristine_a040_a0405_sine0405_dualseed480k/wave2_seed321_4gpu/pristine_seed321_t480k/geoexplorer.pt,swissviewmonuments,266,4,24,16,4,False,6,"[24, 19, 14, 9, 4, 3, 4, 3, 4, 9, 4]","[""up"", ""up"", ""up"", ""up"", ""left"", ""right"", ""left"", ""right"", ""down"", ""up""]","[1.0, -1.0, -1.0, -1.0, 1.0, -1.0, 1.0, -1.0, 1.0, -1.0]",10,img266_d4_s24_g16_r0,4,6
GeoExplorer-pristine,/root/geoexplorer/results/checkpoint/algo_dualseed480k_20260427/masa_plus_mmgag_arena_pristine_a040_a0405_sine0405_dualseed480k/wave2_seed321_4gpu/pristine_seed321_t480k/geoexplorer.pt,swissviewmonuments,266,6,4,16,24,False,4,"[4, 9, 14, 19, 24, 23, 24, 23, 24, 23, 24]","[""down"", ""down"", ""down"", ""down"", ""left"", ""right"", ""left"", ""right"", ""left"", ""right""]","[1.0, 1.0, 1.0, -1.0, 1.0, -1.0, 1.0, -1.0, 1.0, -1.0]",10,img266_d6_s04_g16_r0,6,4
GeoExplorer-pristine,/root/geoexplorer/results/checkpoint/algo_dualseed480k_20260427/masa_plus_mmgag_arena_pristine_a040_a0405_sine0405_dualseed480k/wave2_seed321_4gpu/pristine_seed321_t480k/geoexplorer.pt,swissviewmonuments,267,4,9,17,19,False,2,"[9, 14, 19, 24, 23, 24, 19, 24, 19, 24, 19]","[""down"", ""down"", ""down"", ""left"", ""right"", ""up"", ""down"", ""up"", ""down"", ""up""]","[1.0, 1.0, -1.0, 1.0, -1.0, 1.0, -1.0, 1.0, -1.0, 1.0]",10,img267_d4_s09_g17_r0,4,6
GeoExplorer-pristine,/root/geoexplorer/results/checkpoint/algo_dualseed480k_20260427/masa_plus_mmgag_arena_pristine_a040_a0405_sine0405_dualseed480k/wave2_seed321_4gpu/pristine_seed321_t480k/geoexplorer.pt,swissviewmonuments,268,4,4,18,22,False,2,"[4, 3, 2, 1, 0, 5, 10, 15, 20, 21, 22]","[""left"", ""left"", ""left"", ""left"", ""down"", ""down"", ""down"", ""down"", ""right"", ""right""]","[1.0, -1.0, -1.0, -1.0, 1.0, 1.0, 1.0, -1.0, 1.0, 1.0]",10,img268_d4_s04_g18_r0,4,6
GeoExplorer-pristine,/root/geoexplorer/results/checkpoint/algo_dualseed480k_20260427/masa_plus_mmgag_arena_pristine_a040_a0405_sine0405_dualseed480k/wave2_seed321_4gpu/pristine_seed321_t480k/geoexplorer.pt,swissviewmonuments,268,6,0,18,14,False,2,"[0, 1, 2, 3, 4, 9, 14, 19, 24, 19, 14]","[""right"", ""right"", ""right"", ""right"", ""down"", ""down"", ""down"", ""down"", ""up"", ""up""]","[1.0, 1.0, 1.0, -1.0, 1.0, 1.0, 1.0, -1.0, 1.0, -1.0]",10,img268_d6_s00_g18_r0,6,4
GeoExplorer-pristine,/root/geoexplorer/results/checkpoint/algo_dualseed480k_20260427/masa_plus_mmgag_arena_pristine_a040_a0405_sine0405_dualseed480k/wave2_seed321_4gpu/pristine_seed321_t480k/geoexplorer.pt,swissviewmonuments,269,4,21,19,9,False,2,"[21, 16, 11, 6, 7, 8, 9, 14, 9, 14, 9]","[""up"", ""up"", ""up"", ""right"", ""right"", ""right"", ""down"", ""up"", ""down"", ""up""]","[1.0, -1.0, -1.0, 1.0, 1.0, 1.0, 1.0, -1.0, 1.0, -1.0]",10,img269_d4_s21_g19_r0,4,6
GeoExplorer-pristine,/root/geoexplorer/results/checkpoint/algo_dualseed480k_20260427/masa_plus_mmgag_arena_pristine_a040_a0405_sine0405_dualseed480k/wave2_seed321_4gpu/pristine_seed321_t480k/geoexplorer.pt,swissviewmonuments,269,6,5,19,23,False,2,"[5, 10, 15, 20, 21, 22, 23, 22, 23, 22, 23]","[""down"", ""down"", ""down"", ""right"", ""right"", ""right"", ""left"", ""right"", ""left"", ""right""]","[1.0, 1.0, -1.0, 1.0, 1.0, 1.0, -1.0, 1.0, -1.0, 1.0]",10,img269_d6_s05_g19_r0,6,4
GeoExplorer-pristine,/root/geoexplorer/results/checkpoint/algo_dualseed480k_20260427/masa_plus_mmgag_arena_pristine_a040_a0405_sine0405_dualseed480k/wave2_seed321_4gpu/pristine_seed321_t480k/geoexplorer.pt,swissviewmonuments,270,4,12,20,20,True,0,"[12, 13, 18, 23, 24, 23, 22, 21, 20]","[""right"", ""down"", ""down"", ""right"", ""left"", ""left"", ""left"", ""left""]","[-1.0, 1.0, 1.0, -1.0, 1.0, 1.0, 1.0, 1.0]",8,img270_d4_s12_g20_r0,4,4
GeoExplorer-pristine,/root/geoexplorer/results/checkpoint/algo_dualseed480k_20260427/masa_plus_mmgag_arena_pristine_a040_a0405_sine0405_dualseed480k/wave2_seed321_4gpu/pristine_seed321_t480k/geoexplorer.pt,swissviewmonuments,270,6,14,20,16,False,2,"[14, 9, 8, 7, 6, 5, 10, 15, 16, 15, 16]","[""up"", ""left"", ""left"", ""left"", ""left"", ""down"", ""down"", ""right"", ""left"", ""right""]","[-1.0, 1.0, 1.0, 1.0, 1.0, 1.0, 1.0, -1.0, 1.0, -1.0]",10,img270_d6_s14_g20_r0,6,4
GeoExplorer-pristine,/root/geoexplorer/results/checkpoint/algo_dualseed480k_20260427/masa_plus_mmgag_arena_pristine_a040_a0405_sine0405_dualseed480k/wave2_seed321_4gpu/pristine_seed321_t480k/geoexplorer.pt,swissviewmonuments,270,8,4,20,20,True,0,"[4, 9, 14, 19, 24, 23, 22, 21, 20]","[""down"", ""down"", ""down"", ""down"", ""left"", ""left"", ""left"", ""left""]","[1.0, 1.0, 1.0, 1.0, 1.0, 1.0, 1.0, 1.0]",8,img270_d8_s04_g20_r0,8,0
GeoExplorer-pristine,/root/geoexplorer/results/checkpoint/algo_dualseed480k_20260427/masa_plus_mmgag_arena_pristine_a040_a0405_sine0405_dualseed480k/wave2_seed321_4gpu/pristine_seed321_t480k/geoexplorer.pt,swissviewmonuments,271,4,7,21,21,True,0,"[7, 8, 13, 18, 23, 22, 21]","[""right"", ""down"", ""down"", ""down"", ""left"", ""left""]","[-1.0, 1.0, 1.0, 1.0, 1.0, 1.0]",6,img271_d4_s07_g21_r0,4,2
GeoExplorer-pristine,/root/geoexplorer/results/checkpoint/algo_dualseed480k_20260427/masa_plus_mmgag_arena_pristine_a040_a0405_sine0405_dualseed480k/wave2_seed321_4gpu/pristine_seed321_t480k/geoexplorer.pt,swissviewmonuments,271,6,3,21,21,True,0,"[3, 2, 1, 0, 5, 10, 15, 20, 21]","[""left"", ""left"", ""left"", ""down"", ""down"", ""down"", ""down"", ""right""]","[1.0, 1.0, -1.0, 1.0, 1.0, 1.0, 1.0, 1.0]",8,img271_d6_s03_g21_r0,6,2
GeoExplorer-pristine,/root/geoexplorer/results/checkpoint/algo_dualseed480k_20260427/masa_plus_mmgag_arena_pristine_a040_a0405_sine0405_dualseed480k/wave2_seed321_4gpu/pristine_seed321_t480k/geoexplorer.pt,swissviewmonuments,272,4,8,22,22,True,0,"[8, 7, 12, 17, 16, 21, 22]","[""left"", ""down"", ""down"", ""left"", ""down"", ""right""]","[1.0, 1.0, 1.0, -1.0, 1.0, 1.0]",6,img272_d4_s08_g22_r0,4,2
GeoExplorer-pristine,/root/geoexplorer/results/checkpoint/algo_dualseed480k_20260427/masa_plus_mmgag_arena_pristine_a040_a0405_sine0405_dualseed480k/wave2_seed321_4gpu/pristine_seed321_t480k/geoexplorer.pt,swissviewmonuments,272,6,0,22,24,False,2,"[0, 1, 2, 3, 4, 9, 14, 19, 24, 19, 24]","[""right"", ""right"", ""right"", ""right"", ""down"", ""down"", ""down"", ""down"", ""up"", ""down""]","[1.0, 1.0, -1.0, -1.0, 1.0, 1.0, 1.0, 1.0, -1.0, 1.0]",10,img272_d6_s00_g22_r0,6,4
GeoExplorer-pristine,/root/geoexplorer/results/checkpoint/algo_dualseed480k_20260427/masa_plus_mmgag_arena_pristine_a040_a0405_sine0405_dualseed480k/wave2_seed321_4gpu/pristine_seed321_t480k/geoexplorer.pt,swissviewmonuments,273,4,7,23,23,True,0,"[7, 8, 13, 18, 19, 24, 23]","[""right"", ""down"", ""down"", ""right"", ""down"", ""left""]","[1.0, 1.0, 1.0, -1.0, 1.0, 1.0]",6,img273_d4_s07_g23_r0,4,2
GeoExplorer-pristine,/root/geoexplorer/results/checkpoint/algo_dualseed480k_20260427/masa_plus_mmgag_arena_pristine_a040_a0405_sine0405_dualseed480k/wave2_seed321_4gpu/pristine_seed321_t480k/geoexplorer.pt,swissviewmonuments,273,6,1,23,19,False,2,"[1, 2, 3, 4, 9, 14, 19, 24, 19, 24, 19]","[""right"", ""right"", ""right"", ""down"", ""down"", ""down"", ""down"", ""up"", ""down"", ""up""]","[1.0, 1.0, -1.0, 1.0, 1.0, 1.0, 1.0, -1.0, 1.0, -1.0]",10,img273_d6_s01_g23_r0,6,4
GeoExplorer-pristine,/root/geoexplorer/results/checkpoint/algo_dualseed480k_20260427/masa_plus_mmgag_arena_pristine_a040_a0405_sine0405_dualseed480k/wave2_seed321_4gpu/pristine_seed321_t480k/geoexplorer.pt,swissviewmonuments,274,4,12,24,16,False,4,"[12, 11, 10, 5, 10, 15, 16, 17, 16, 17, 16]","[""left"", ""left"", ""up"", ""down"", ""down"", ""right"", ""right"", ""left"", ""right"", ""left""]","[-1.0, -1.0, -1.0, 1.0, 1.0, 1.0, 1.0, -1.0, 1.0, -1.0]",10,img274_d4_s12_g24_r0,4,6
GeoExplorer-pristine,/root/geoexplorer/results/checkpoint/algo_dualseed480k_20260427/masa_plus_mmgag_arena_pristine_a040_a0405_sine0405_dualseed480k/wave2_seed321_4gpu/pristine_seed321_t480k/geoexplorer.pt,swissviewmonuments,274,6,10,24,20,False,4,"[10, 5, 6, 7, 8, 13, 18, 23, 22, 21, 20]","[""up"", ""right"", ""right"", ""right"", ""down"", ""down"", ""down"", ""left"", ""left"", ""left""]","[-1.0, 1.0, 1.0, 1.0, 1.0, 1.0, 1.0, -1.0, -1.0, -1.0]",10,img274_d6_s10_g24_r0,6,4
GeoExplorer-pristine,/root/geoexplorer/results/checkpoint/algo_dualseed480k_20260427/masa_plus_mmgag_arena_pristine_a040_a0405_sine0405_dualseed480k/wave2_seed321_4gpu/pristine_seed321_t480k/geoexplorer.pt,swissviewmonuments,274,8,0,24,18,False,2,"[0, 1, 2, 3, 8, 13, 18, 13, 18, 13, 18]","[""right"", ""right"", ""right"", ""down"", ""down"", ""down"", ""up"", ""down"", ""up"", ""down""]","[1.0, 1.0, 1.0, 1.0, 1.0, 1.0, -1.0, 1.0, -1.0, 1.0]",10,img274_d8_s00_g24_r0,8,2
GeoExplorer-pristine,/root/geoexplorer/results/checkpoint/algo_dualseed480k_20260427/masa_plus_mmgag_arena_pristine_a040_a0405_sine0405_dualseed480k/wave2_seed321_4gpu/pristine_seed321_t480k/geoexplorer.pt,swissviewmonuments,275,4,4,0,20,False,4,"[4, 9, 14, 19, 24, 23, 22, 21, 20, 21, 20]","[""down"", ""down"", ""down"", ""down"", ""left"", ""left"", ""left"", ""left"", ""right"", ""left""]","[-1.0, -1.0, -1.0, -1.0, 1.0, 1.0, 1.0, 1.0, -1.0, 1.0]",10,img275_d4_s04_g00_r0,4,6
GeoExplorer-pristine,/root/geoexplorer/results/checkpoint/algo_dualseed480k_20260427/masa_plus_mmgag_arena_pristine_a040_a0405_sine0405_dualseed480k/wave2_seed321_4gpu/pristine_seed321_t480k/geoexplorer.pt,swissviewmonuments,275,6,14,0,6,False,2,"[14, 19, 18, 17, 16, 15, 16, 17, 12, 11, 6]","[""down"", ""left"", ""left"", ""left"", ""left"", ""right"", ""right"", ""up"", ""left"", ""up""]","[-1.0, 1.0, 1.0, 1.0, 1.0, -1.0, -1.0, 1.0, 1.0, 1.0]",10,img275_d6_s14_g00_r0,6,4
GeoExplorer-pristine,/root/geoexplorer/results/checkpoint/algo_dualseed480k_20260427/masa_plus_mmgag_arena_pristine_a040_a0405_sine0405_dualseed480k/wave2_seed321_4gpu/pristine_seed321_t480k/geoexplorer.pt,swissviewmonuments,275,8,24,0,6,False,2,"[24, 23, 22, 21, 20, 15, 10, 5, 6, 7, 6]","[""left"", ""left"", ""left"", ""left"", ""up"", ""up"", ""up"", ""right"", ""right"", ""left""]","[1.0, 1.0, 1.0, 1.0, 1.0, 1.0, 1.0, -1.0, -1.0, 1.0]",10,img275_d8_s24_g00_r0,8,2
GeoExplorer-pristine,/root/geoexplorer/results/checkpoint/algo_dualseed480k_20260427/masa_plus_mmgag_arena_pristine_a040_a0405_sine0405_dualseed480k/wave2_seed321_4gpu/pristine_seed321_t480k/geoexplorer.pt,swissviewmonuments,276,4,9,1,21,False,4,"[9, 14, 19, 24, 23, 22, 21, 22, 21, 22, 21]","[""down"", ""down"", ""down"", ""left"", ""left"", ""left"", ""right"", ""left"", ""right"", ""left""]","[-1.0, -1.0, -1.0, 1.0, 1.0, 1.0, -1.0, 1.0, -1.0, 1.0]",10,img276_d4_s09_g01_r0,4,6
GeoExplorer-pristine,/root/geoexplorer/results/checkpoint/algo_dualseed480k_20260427/masa_plus_mmgag_arena_pristine_a040_a0405_sine0405_dualseed480k/wave2_seed321_4gpu/pristine_seed321_t480k/geoexplorer.pt,swissviewmonuments,276,6,23,1,21,False,4,"[23, 22, 21, 20, 21, 22, 21, 22, 21, 22, 21]","[""left"", ""left"", ""left"", ""right"", ""right"", ""left"", ""right"", ""left"", ""right"", ""left""]","[1.0, 1.0, -1.0, 1.0, -1.0, 1.0, -1.0, 1.0, -1.0, 1.0]",10,img276_d6_s23_g01_r0,6,4
GeoExplorer-pristine,/root/geoexplorer/results/checkpoint/algo_dualseed480k_20260427/masa_plus_mmgag_arena_pristine_a040_a0405_sine0405_dualseed480k/wave2_seed321_4gpu/pristine_seed321_t480k/geoexplorer.pt,swissviewmonuments,277,4,14,2,22,False,4,"[14, 19, 24, 23, 22, 21, 22, 23, 22, 23, 22]","[""down"", ""down"", ""left"", ""left"", ""left"", ""right"", ""right"", ""left"", ""right"", ""left""]","[-1.0, -1.0, 1.0, 1.0, -1.0, 1.0, -1.0, 1.0, -1.0, 1.0]",10,img277_d4_s14_g02_r0,4,6
GeoExplorer-pristine,/root/geoexplorer/results/checkpoint/algo_dualseed480k_20260427/masa_plus_mmgag_arena_pristine_a040_a0405_sine0405_dualseed480k/wave2_seed321_4gpu/pristine_seed321_t480k/geoexplorer.pt,swissviewmonuments,277,6,24,2,2,True,0,"[24, 19, 14, 9, 4, 3, 2]","[""up"", ""up"", ""up"", ""up"", ""left"", ""left""]","[1.0, 1.0, 1.0, 1.0, 1.0, 1.0]",6,img277_d6_s24_g02_r0,6,0
GeoExplorer-pristine,/root/geoexplorer/results/checkpoint/algo_dualseed480k_20260427/masa_plus_mmgag_arena_pristine_a040_a0405_sine0405_dualseed480k/wave2_seed321_4gpu/pristine_seed321_t480k/geoexplorer.pt,swissviewmonuments,278,4,11,3,9,False,2,"[11, 12, 13, 14, 19, 14, 19, 14, 9, 14, 9]","[""right"", ""right"", ""right"", ""down"", ""up"", ""down"", ""up"", ""up"", ""down"", ""up""]","[1.0, 1.0, -1.0, -1.0, 1.0, -1.0, 1.0, 1.0, -1.0, 1.0]",10,img278_d4_s11_g03_r0,4,6
GeoExplorer-pristine,/root/geoexplorer/results/checkpoint/algo_dualseed480k_20260427/masa_plus_mmgag_arena_pristine_a040_a0405_sine0405_dualseed480k/wave2_seed321_4gpu/pristine_seed321_t480k/geoexplorer.pt,swissviewmonuments,278,6,15,3,19,False,4,"[15, 10, 5, 6, 7, 8, 9, 14, 19, 14, 19]","[""up"", ""up"", ""right"", ""right"", ""right"", ""right"", ""down"", ""down"", ""up"", ""down""]","[1.0, 1.0, 1.0, 1.0, 1.0, -1.0, -1.0, -1.0, 1.0, -1.0]",10,img278_d6_s15_g03_r0,6,4
GeoExplorer-pristine,/root/geoexplorer/results/checkpoint/algo_dualseed480k_20260427/masa_plus_mmgag_arena_pristine_a040_a0405_sine0405_dualseed480k/wave2_seed321_4gpu/pristine_seed321_t480k/geoexplorer.pt,swissviewmonuments,279,4,0,4,24,False,4,"[0, 5, 10, 15, 20, 21, 22, 23, 24, 23, 24]","[""down"", ""down"", ""down"", ""down"", ""right"", ""right"", ""right"", ""right"", ""left"", ""right""]","[-1.0, -1.0, -1.0, -1.0, 1.0, 1.0, 1.0, 1.0, -1.0, 1.0]",10,img279_d4_s00_g04_r0,4,6
GeoExplorer-pristine,/root/geoexplorer/results/checkpoint/algo_dualseed480k_20260427/masa_plus_mmgag_arena_pristine_a040_a0405_sine0405_dualseed480k/wave2_seed321_4gpu/pristine_seed321_t480k/geoexplorer.pt,swissviewmonuments,279,6,16,4,4,True,0,"[16, 17, 18, 13, 8, 3, 4]","[""right"", ""right"", ""up"", ""up"", ""up"", ""right""]","[1.0, 1.0, 1.0, 1.0, 1.0, 1.0]",6,img279_d6_s16_g04_r0,6,0
GeoExplorer-pristine,/root/geoexplorer/results/checkpoint/algo_dualseed480k_20260427/masa_plus_mmgag_arena_pristine_a040_a0405_sine0405_dualseed480k/wave2_seed321_4gpu/pristine_seed321_t480k/geoexplorer.pt,swissviewmonuments,279,8,20,4,4,True,0,"[20, 21, 22, 23, 24, 19, 14, 9, 4]","[""right"", ""right"", ""right"", ""right"", ""up"", ""up"", ""up"", ""up""]","[1.0, 1.0, 1.0, 1.0, 1.0, 1.0, 1.0, 1.0]",8,img279_d8_s20_g04_r0,8,0
GeoExplorer-pristine,/root/geoexplorer/results/checkpoint/algo_dualseed480k_20260427/masa_plus_mmgag_arena_pristine_a040_a0405_sine0405_dualseed480k/wave2_seed321_4gpu/pristine_seed321_t480k/geoexplorer.pt,swissviewmonuments,280,4,21,5,19,False,6,"[21, 22, 23, 18, 13, 8, 3, 4, 9, 14, 19]","[""right"", ""right"", ""up"", ""up"", ""up"", ""up"", ""right"", ""down"", ""down"", ""down""]","[-1.0, -1.0, 1.0, 1.0, 1.0, -1.0, -1.0, 1.0, -1.0, -1.0]",10,img280_d4_s21_g05_r0,4,6
GeoExplorer-pristine,/root/geoexplorer/results/checkpoint/algo_dualseed480k_20260427/masa_plus_mmgag_arena_pristine_a040_a0405_sine0405_dualseed480k/wave2_seed321_4gpu/pristine_seed321_t480k/geoexplorer.pt,swissviewmonuments,280,6,19,5,5,True,0,"[19, 24, 23, 22, 21, 20, 15, 10, 5]","[""down"", ""left"", ""left"", ""left"", ""left"", ""up"", ""up"", ""up""]","[-1.0, 1.0, 1.0, 1.0, 1.0, 1.0, 1.0, 1.0]",8,img280_d6_s19_g05_r0,6,2
GeoExplorer-pristine,/root/geoexplorer/results/checkpoint/algo_dualseed480k_20260427/masa_plus_mmgag_arena_pristine_a040_a0405_sine0405_dualseed480k/wave2_seed321_4gpu/pristine_seed321_t480k/geoexplorer.pt,swissviewmonuments,281,4,22,6,6,True,0,"[22, 21, 20, 15, 10, 5, 0, 5, 10, 5, 6]","[""left"", ""left"", ""up"", ""up"", ""up"", ""up"", ""down"", ""down"", ""up"", ""right""]","[1.0, -1.0, 1.0, 1.0, 1.0, -1.0, 1.0, -1.0, 1.0, 1.0]",10,img281_d4_s22_g06_r0,4,6
GeoExplorer-pristine,/root/geoexplorer/results/checkpoint/algo_dualseed480k_20260427/masa_plus_mmgag_arena_pristine_a040_a0405_sine0405_dualseed480k/wave2_seed321_4gpu/pristine_seed321_t480k/geoexplorer.pt,swissviewmonuments,281,6,24,6,10,False,2,"[24, 19, 14, 9, 4, 3, 2, 1, 0, 5, 10]","[""up"", ""up"", ""up"", ""up"", ""left"", ""left"", ""left"", ""left"", ""down"", ""down""]","[1.0, 1.0, 1.0, -1.0, 1.0, 1.0, 1.0, -1.0, 1.0, -1.0]",10,img281_d6_s24_g06_r0,6,4
GeoExplorer-pristine,/root/geoexplorer/results/checkpoint/algo_dualseed480k_20260427/masa_plus_mmgag_arena_pristine_a040_a0405_sine0405_dualseed480k/wave2_seed321_4gpu/pristine_seed321_t480k/geoexplorer.pt,swissviewmonuments,282,4,15,7,7,True,0,"[15, 10, 5, 6, 7]","[""up"", ""up"", ""right"", ""right""]","[1.0, 1.0, 1.0, 1.0]",4,img282_d4_s15_g07_r0,4,0
GeoExplorer-pristine,/root/geoexplorer/results/checkpoint/algo_dualseed480k_20260427/masa_plus_mmgag_arena_pristine_a040_a0405_sine0405_dualseed480k/wave2_seed321_4gpu/pristine_seed321_t480k/geoexplorer.pt,swissviewmonuments,283,4,16,8,8,True,0,"[16, 11, 6, 7, 8]","[""up"", ""up"", ""right"", ""right""]","[1.0, 1.0, 1.0, 1.0]",4,img283_d4_s16_g08_r0,4,0
GeoExplorer-pristine,/root/geoexplorer/results/checkpoint/algo_dualseed480k_20260427/masa_plus_mmgag_arena_pristine_a040_a0405_sine0405_dualseed480k/wave2_seed321_4gpu/pristine_seed321_t480k/geoexplorer.pt,swissviewmonuments,283,6,20,8,4,False,2,"[20, 21, 22, 23, 24, 19, 14, 9, 4, 9, 4]","[""right"", ""right"", ""right"", ""right"", ""up"", ""up"", ""up"", ""up"", ""down"", ""up""]","[1.0, 1.0, 1.0, -1.0, 1.0, 1.0, 1.0, -1.0, 1.0, -1.0]",10,img283_d6_s20_g08_r0,6,4
GeoExplorer-pristine,/root/geoexplorer/results/checkpoint/algo_dualseed480k_20260427/masa_plus_mmgag_arena_pristine_a040_a0405_sine0405_dualseed480k/wave2_seed321_4gpu/pristine_seed321_t480k/geoexplorer.pt,swissviewmonuments,284,4,23,9,1,False,4,"[23, 22, 21, 20, 15, 20, 15, 10, 5, 0, 1]","[""left"", ""left"", ""left"", ""up"", ""down"", ""up"", ""up"", ""up"", ""up"", ""right""]","[-1.0, -1.0, -1.0, 1.0, -1.0, 1.0, 1.0, 1.0, -1.0, 1.0]",10,img284_d4_s23_g09_r0,4,6
GeoExplorer-pristine,/root/geoexplorer/results/checkpoint/algo_dualseed480k_20260427/masa_plus_mmgag_arena_pristine_a040_a0405_sine0405_dualseed480k/wave2_seed321_4gpu/pristine_seed321_t480k/geoexplorer.pt,swissviewmonuments,284,6,21,9,9,True,0,"[21, 22, 23, 24, 19, 14, 9]","[""right"", ""right"", ""right"", ""up"", ""up"", ""up""]","[1.0, 1.0, 1.0, 1.0, 1.0, 1.0]",6,img284_d6_s21_g09_r0,6,0
GeoExplorer-pristine,/root/geoexplorer/results/checkpoint/algo_dualseed480k_20260427/masa_plus_mmgag_arena_pristine_a040_a0405_sine0405_dualseed480k/wave2_seed321_4gpu/pristine_seed321_t480k/geoexplorer.pt,swissviewmonuments,285,4,18,10,10,True,0,"[18, 13, 12, 11, 10]","[""up"", ""left"", ""left"", ""left""]","[1.0, 1.0, 1.0, 1.0]",4,img285_d4_s18_g10_r0,4,0
GeoExplorer-pristine,/root/geoexplorer/results/checkpoint/algo_dualseed480k_20260427/masa_plus_mmgag_arena_pristine_a040_a0405_sine0405_dualseed480k/wave2_seed321_4gpu/pristine_seed321_t480k/geoexplorer.pt,swissviewmonuments,285,6,24,10,10,True,0,"[24, 23, 22, 21, 20, 15, 10]","[""left"", ""left"", ""left"", ""left"", ""up"", ""up""]","[1.0, 1.0, 1.0, 1.0, 1.0, 1.0]",6,img285_d6_s24_g10_r0,6,0
GeoExplorer-pristine,/root/geoexplorer/results/checkpoint/algo_dualseed480k_20260427/masa_plus_mmgag_arena_pristine_a040_a0405_sine0405_dualseed480k/wave2_seed321_4gpu/pristine_seed321_t480k/geoexplorer.pt,swissviewmonuments,286,4,19,11,15,False,2,"[19, 14, 9, 4, 3, 2, 1, 0, 5, 10, 15]","[""up"", ""up"", ""up"", ""left"", ""left"", ""left"", ""left"", ""down"", ""down"", ""down""]","[1.0, -1.0, -1.0, 1.0, 1.0, 1.0, -1.0, 1.0, 1.0, -1.0]",10,img286_d4_s19_g11_r0,4,6
GeoExplorer-pristine,/root/geoexplorer/results/checkpoint/algo_dualseed480k_20260427/masa_plus_mmgag_arena_pristine_a040_a0405_sine0405_dualseed480k/wave2_seed321_4gpu/pristine_seed321_t480k/geoexplorer.pt,swissviewmonuments,287,4,20,12,4,False,4,"[20, 21, 22, 23, 24, 19, 14, 9, 4, 9, 4]","[""right"", ""right"", ""right"", ""right"", ""up"", ""up"", ""up"", ""up"", ""down"", ""up""]","[1.0, 1.0, -1.0, -1.0, 1.0, 1.0, -1.0, -1.0, 1.0, -1.0]",10,img287_d4_s20_g12_r0,4,6
GeoExplorer-pristine,/root/geoexplorer/results/checkpoint/algo_dualseed480k_20260427/masa_plus_mmgag_arena_pristine_a040_a0405_sine0405_dualseed480k/wave2_seed321_4gpu/pristine_seed321_t480k/geoexplorer.pt,swissviewmonuments,288,4,1,13,19,False,2,"[1, 0, 5, 10, 15, 20, 21, 22, 23, 24, 19]","[""left"", ""down"", ""down"", ""down"", ""down"", ""right"", ""right"", ""right"", ""right"", ""up""]","[-1.0, 1.0, 1.0, -1.0, -1.0, 1.0, 1.0, 1.0, -1.0, 1.0]",10,img288_d4_s01_g13_r0,4,6
GeoExplorer-pristine,/root/geoexplorer/results/checkpoint/algo_dualseed480k_20260427/masa_plus_mmgag_arena_pristine_a040_a0405_sine0405_dualseed480k/wave2_seed321_4gpu/pristine_seed321_t480k/geoexplorer.pt,swissviewmonuments,289,4,22,14,24,False,2,"[22, 21, 20, 15, 20, 21, 20, 21, 22, 23, 24]","[""left"", ""left"", ""up"", ""down"", ""right"", ""left"", ""right"", ""right"", ""right"", ""right""]","[-1.0, -1.0, 1.0, -1.0, 1.0, -1.0, 1.0, 1.0, 1.0, 1.0]",10,img289_d4_s22_g14_r0,4,6
GeoExplorer-pristine,/root/geoexplorer/results/checkpoint/algo_dualseed480k_20260427/masa_plus_mmgag_arena_pristine_a040_a0405_sine0405_dualseed480k/wave2_seed321_4gpu/pristine_seed321_t480k/geoexplorer.pt,swissviewmonuments,289,6,20,14,14,True,0,"[20, 15, 10, 5, 6, 7, 8, 9, 14]","[""up"", ""up"", ""up"", ""right"", ""right"", ""right"", ""right"", ""down""]","[1.0, 1.0, -1.0, 1.0, 1.0, 1.0, 1.0, 1.0]",8,img289_d6_s20_g14_r0,6,2
GeoExplorer-pristine,/root/geoexplorer/results/checkpoint/algo_dualseed480k_20260427/masa_plus_mmgag_arena_pristine_a040_a0405_sine0405_dualseed480k/wave2_seed321_4gpu/pristine_seed321_t480k/geoexplorer.pt,swissviewmonuments,290,4,23,15,15,True,0,"[23, 22, 21, 20, 15]","[""left"", ""left"", ""left"", ""up""]","[1.0, 1.0, 1.0, 1.0]",4,img290_d4_s23_g15_r0,4,0
GeoExplorer-pristine,/root/geoexplorer/results/checkpoint/algo_dualseed480k_20260427/masa_plus_mmgag_arena_pristine_a040_a0405_sine0405_dualseed480k/wave2_seed321_4gpu/pristine_seed321_t480k/geoexplorer.pt,swissviewmonuments,290,6,3,15,15,True,0,"[3, 2, 1, 0, 5, 10, 15]","[""left"", ""left"", ""left"", ""down"", ""down"", ""down""]","[1.0, 1.0, 1.0, 1.0, 1.0, 1.0]",6,img290_d6_s03_g15_r0,6,0
GeoExplorer-pristine,/root/geoexplorer/results/checkpoint/algo_dualseed480k_20260427/masa_plus_mmgag_arena_pristine_a040_a0405_sine0405_dualseed480k/wave2_seed321_4gpu/pristine_seed321_t480k/geoexplorer.pt,swissviewmonuments,291,4,24,16,10,False,2,"[24, 23, 22, 21, 20, 15, 10, 5, 10, 15, 10]","[""left"", ""left"", ""left"", ""left"", ""up"", ""up"", ""up"", ""down"", ""down"", ""up""]","[1.0, 1.0, 1.0, -1.0, 1.0, -1.0, -1.0, 1.0, 1.0, -1.0]",10,img291_d4_s24_g16_r0,4,6
GeoExplorer-pristine,/root/geoexplorer/results/checkpoint/algo_dualseed480k_20260427/masa_plus_mmgag_arena_pristine_a040_a0405_sine0405_dualseed480k/wave2_seed321_4gpu/pristine_seed321_t480k/geoexplorer.pt,swissviewmonuments,291,6,4,16,22,False,2,"[4, 9, 14, 19, 24, 23, 22, 21, 20, 21, 22]","[""down"", ""down"", ""down"", ""down"", ""left"", ""left"", ""left"", ""left"", ""right"", ""right""]","[1.0, 1.0, 1.0, -1.0, 1.0, 1.0, 1.0, -1.0, 1.0, -1.0]",10,img291_d6_s04_g16_r0,6,4
GeoExplorer-pristine,/root/geoexplorer/results/checkpoint/algo_dualseed480k_20260427/masa_plus_mmgag_arena_pristine_a040_a0405_sine0405_dualseed480k/wave2_seed321_4gpu/pristine_seed321_t480k/geoexplorer.pt,swissviewmonuments,292,4,3,17,23,False,2,"[3, 2, 1, 0, 5, 10, 15, 20, 21, 22, 23]","[""left"", ""left"", ""left"", ""down"", ""down"", ""down"", ""down"", ""right"", ""right"", ""right""]","[1.0, -1.0, -1.0, 1.0, 1.0, 1.0, -1.0, 1.0, 1.0, -1.0]",10,img292_d4_s03_g17_r0,4,6
GeoExplorer-pristine,/root/geoexplorer/results/checkpoint/algo_dualseed480k_20260427/masa_plus_mmgag_arena_pristine_a040_a0405_sine0405_dualseed480k/wave2_seed321_4gpu/pristine_seed321_t480k/geoexplorer.pt,swissviewmonuments,293,4,6,18,18,True,0,"[6, 7, 8, 13, 18]","[""right"", ""right"", ""down"", ""down""]","[1.0, 1.0, 1.0, 1.0]",4,img293_d4_s06_g18_r0,4,0
GeoExplorer-pristine,/root/geoexplorer/results/checkpoint/algo_dualseed480k_20260427/masa_plus_mmgag_arena_pristine_a040_a0405_sine0405_dualseed480k/wave2_seed321_4gpu/pristine_seed321_t480k/geoexplorer.pt,swissviewmonuments,293,6,0,18,18,True,0,"[0, 1, 2, 3, 8, 13, 18]","[""right"", ""right"", ""right"", ""down"", ""down"", ""down""]","[1.0, 1.0, 1.0, 1.0, 1.0, 1.0]",6,img293_d6_s00_g18_r0,6,0
GeoExplorer-pristine,/root/geoexplorer/results/checkpoint/algo_dualseed480k_20260427/masa_plus_mmgag_arena_pristine_a040_a0405_sine0405_dualseed480k/wave2_seed321_4gpu/pristine_seed321_t480k/geoexplorer.pt,swissviewmonuments,294,4,21,19,5,False,6,"[21, 22, 23, 18, 13, 8, 3, 2, 1, 0, 5]","[""right"", ""right"", ""up"", ""up"", ""up"", ""up"", ""left"", ""left"", ""left"", ""down""]","[1.0, 1.0, 1.0, -1.0, -1.0, -1.0, -1.0, -1.0, -1.0, 1.0]",10,img294_d4_s21_g19_r0,4,6
GeoExplorer-pristine,/root/geoexplorer/results/checkpoint/algo_dualseed480k_20260427/masa_plus_mmgag_arena_pristine_a040_a0405_sine0405_dualseed480k/wave2_seed321_4gpu/pristine_seed321_t480k/geoexplorer.pt,swissviewmonuments,294,6,5,19,19,True,0,"[5, 10, 15, 16, 17, 18, 19]","[""down"", ""down"", ""right"", ""right"", ""right"", ""right""]","[1.0, 1.0, 1.0, 1.0, 1.0, 1.0]",6,img294_d6_s05_g19_r0,6,0
GeoExplorer-pristine,/root/geoexplorer/results/checkpoint/algo_dualseed480k_20260427/masa_plus_mmgag_arena_pristine_a040_a0405_sine0405_dualseed480k/wave2_seed321_4gpu/pristine_seed321_t480k/geoexplorer.pt,swissviewmonuments,295,4,0,20,22,False,2,"[0, 1, 2, 3, 8, 13, 18, 23, 22, 23, 22]","[""right"", ""right"", ""right"", ""down"", ""down"", ""down"", ""down"", ""left"", ""right"", ""left""]","[-1.0, -1.0, -1.0, 1.0, 1.0, 1.0, 1.0, 1.0, -1.0, 1.0]",10,img295_d4_s00_g20_r0,4,6
GeoExplorer-pristine,/root/geoexplorer/results/checkpoint/algo_dualseed480k_20260427/masa_plus_mmgag_arena_pristine_a040_a0405_sine0405_dualseed480k/wave2_seed321_4gpu/pristine_seed321_t480k/geoexplorer.pt,swissviewmonuments,295,6,14,20,16,False,2,"[14, 13, 12, 11, 10, 15, 16, 15, 16, 15, 16]","[""left"", ""left"", ""left"", ""left"", ""down"", ""right"", ""left"", ""right"", ""left"", ""right""]","[1.0, 1.0, 1.0, 1.0, 1.0, -1.0, 1.0, -1.0, 1.0, -1.0]",10,img295_d6_s14_g20_r0,6,4
GeoExplorer-pristine,/root/geoexplorer/results/checkpoint/algo_dualseed480k_20260427/masa_plus_mmgag_arena_pristine_a040_a0405_sine0405_dualseed480k/wave2_seed321_4gpu/pristine_seed321_t480k/geoexplorer.pt,swissviewmonuments,295,8,4,20,20,True,0,"[4, 3, 8, 7, 6, 11, 10, 15, 20]","[""left"", ""down"", ""left"", ""left"", ""down"", ""left"", ""down"", ""down""]","[1.0, 1.0, 1.0, 1.0, 1.0, 1.0, 1.0, 1.0]",8,img295_d8_s04_g20_r0,8,0
GeoExplorer-pristine,/root/geoexplorer/results/checkpoint/algo_dualseed480k_20260427/masa_plus_mmgag_arena_pristine_a040_a0405_sine0405_dualseed480k/wave2_seed321_4gpu/pristine_seed321_t480k/geoexplorer.pt,swissviewmonuments,296,4,5,21,23,False,2,"[5, 6, 7, 8, 13, 18, 19, 24, 19, 24, 23]","[""right"", ""right"", ""right"", ""down"", ""down"", ""right"", ""down"", ""up"", ""down"", ""left""]","[1.0, -1.0, -1.0, 1.0, 1.0, -1.0, 1.0, -1.0, 1.0, 1.0]",10,img296_d4_s05_g21_r0,4,6
GeoExplorer-pristine,/root/geoexplorer/results/checkpoint/algo_dualseed480k_20260427/masa_plus_mmgag_arena_pristine_a040_a0405_sine0405_dualseed480k/wave2_seed321_4gpu/pristine_seed321_t480k/geoexplorer.pt,swissviewmonuments,296,6,9,21,21,True,0,"[9, 8, 7, 6, 11, 16, 15, 20, 21]","[""left"", ""left"", ""left"", ""down"", ""down"", ""left"", ""down"", ""right""]","[1.0, 1.0, 1.0, 1.0, 1.0, -1.0, 1.0, 1.0]",8,img296_d6_s09_g21_r0,6,2
GeoExplorer-pristine,/root/geoexplorer/results/checkpoint/algo_dualseed480k_20260427/masa_plus_mmgag_arena_pristine_a040_a0405_sine0405_dualseed480k/wave2_seed321_4gpu/pristine_seed321_t480k/geoexplorer.pt,swissviewmonuments,297,4,10,22,8,False,4,"[10, 5, 6, 7, 8, 13, 8, 13, 8, 13, 8]","[""up"", ""right"", ""right"", ""right"", ""down"", ""up"", ""down"", ""up"", ""down"", ""up""]","[-1.0, 1.0, 1.0, -1.0, 1.0, -1.0, 1.0, -1.0, 1.0, -1.0]",10,img297_d4_s10_g22_r0,4,6
GeoExplorer-pristine,/root/geoexplorer/results/checkpoint/algo_dualseed480k_20260427/masa_plus_mmgag_arena_pristine_a040_a0405_sine0405_dualseed480k/wave2_seed321_4gpu/pristine_seed321_t480k/geoexplorer.pt,swissviewmonuments,297,6,0,22,18,False,2,"[0, 1, 2, 3, 8, 13, 18, 23, 18, 23, 18]","[""right"", ""right"", ""right"", ""down"", ""down"", ""down"", ""down"", ""up"", ""down"", ""up""]","[1.0, 1.0, -1.0, 1.0, 1.0, 1.0, 1.0, -1.0, 1.0, -1.0]",10,img297_d6_s00_g22_r0,6,4
GeoExplorer-pristine,/root/geoexplorer/results/checkpoint/algo_dualseed480k_20260427/masa_plus_mmgag_arena_pristine_a040_a0405_sine0405_dualseed480k/wave2_seed321_4gpu/pristine_seed321_t480k/geoexplorer.pt,swissviewmonuments,298,4,3,23,21,False,2,"[3, 2, 1, 0, 5, 10, 15, 20, 21, 20, 21]","[""left"", ""left"", ""left"", ""down"", ""down"", ""down"", ""down"", ""right"", ""left"", ""right""]","[-1.0, -1.0, -1.0, 1.0, 1.0, 1.0, 1.0, 1.0, -1.0, 1.0]",10,img298_d4_s03_g23_r0,4,6
GeoExplorer-pristine,/root/geoexplorer/results/checkpoint/algo_dualseed480k_20260427/masa_plus_mmgag_arena_pristine_a040_a0405_sine0405_dualseed480k/wave2_seed321_4gpu/pristine_seed321_t480k/geoexplorer.pt,swissviewmonuments,298,6,1,23,21,False,2,"[1, 2, 3, 8, 13, 18, 17, 16, 15, 20, 21]","[""right"", ""right"", ""down"", ""down"", ""down"", ""left"", ""left"", ""left"", ""down"", ""right""]","[1.0, 1.0, 1.0, 1.0, 1.0, -1.0, -1.0, -1.0, 1.0, 1.0]",10,img298_d6_s01_g23_r0,6,4
GeoExplorer-pristine,/root/geoexplorer/results/checkpoint/algo_dualseed480k_20260427/masa_plus_mmgag_arena_pristine_a040_a0405_sine0405_dualseed480k/wave2_seed321_4gpu/pristine_seed321_t480k/geoexplorer.pt,swissviewmonuments,299,4,12,24,14,False,2,"[12, 11, 10, 5, 0, 1, 2, 3, 4, 9, 14]","[""left"", ""left"", ""up"", ""up"", ""right"", ""right"", ""right"", ""right"", ""down"", ""down""]","[-1.0, -1.0, -1.0, -1.0, 1.0, 1.0, 1.0, 1.0, 1.0, 1.0]",10,img299_d4_s12_g24_r0,4,6
GeoExplorer-pristine,/root/geoexplorer/results/checkpoint/algo_dualseed480k_20260427/masa_plus_mmgag_arena_pristine_a040_a0405_sine0405_dualseed480k/wave2_seed321_4gpu/pristine_seed321_t480k/geoexplorer.pt,swissviewmonuments,299,6,6,24,24,True,0,"[6, 7, 8, 13, 18, 23, 24]","[""right"", ""right"", ""down"", ""down"", ""down"", ""right""]","[1.0, 1.0, 1.0, 1.0, 1.0, 1.0]",6,img299_d6_s06_g24_r0,6,0
GeoExplorer-pristine,/root/geoexplorer/results/checkpoint/algo_dualseed480k_20260427/masa_plus_mmgag_arena_pristine_a040_a0405_sine0405_dualseed480k/wave2_seed321_4gpu/pristine_seed321_t480k/geoexplorer.pt,swissviewmonuments,299,8,0,24,24,True,0,"[0, 1, 2, 3, 8, 13, 18, 23, 24]","[""right"", ""right"", ""right"", ""down"", ""down"", ""down"", ""down"", ""right""]","[1.0, 1.0, 1.0, 1.0, 1.0, 1.0, 1.0, 1.0]",8,img299_d8_s00_g24_r0,8,0
GeoExplorer-pristine,/root/geoexplorer/results/checkpoint/algo_dualseed480k_20260427/masa_plus_mmgag_arena_pristine_a040_a0405_sine0405_dualseed480k/wave2_seed321_4gpu/pristine_seed321_t480k/geoexplorer.pt,swissviewmonuments,300,4,16,0,2,False,2,"[16, 17, 18, 19, 14, 9, 4, 9, 4, 3, 2]","[""right"", ""right"", ""right"", ""up"", ""up"", ""up"", ""down"", ""up"", ""left"", ""left""]","[-1.0, -1.0, -1.0, 1.0, 1.0, 1.0, -1.0, 1.0, 1.0, 1.0]",10,img300_d4_s16_g00_r0,4,6
GeoExplorer-pristine,/root/geoexplorer/results/checkpoint/algo_dualseed480k_20260427/masa_plus_mmgag_arena_pristine_a040_a0405_sine0405_dualseed480k/wave2_seed321_4gpu/pristine_seed321_t480k/geoexplorer.pt,swissviewmonuments,300,6,18,0,0,True,0,"[18, 17, 16, 15, 10, 5, 0]","[""left"", ""left"", ""left"", ""up"", ""up"", ""up""]","[1.0, 1.0, 1.0, 1.0, 1.0, 1.0]",6,img300_d6_s18_g00_r0,6,0
GeoExplorer-pristine,/root/geoexplorer/results/checkpoint/algo_dualseed480k_20260427/masa_plus_mmgag_arena_pristine_a040_a0405_sine0405_dualseed480k/wave2_seed321_4gpu/pristine_seed321_t480k/geoexplorer.pt,swissviewmonuments,300,8,24,0,20,False,4,"[24, 23, 22, 21, 20, 15, 20, 21, 20, 21, 20]","[""left"", ""left"", ""left"", ""left"", ""up"", ""down"", ""right"", ""left"", ""right"", ""left""]","[1.0, 1.0, 1.0, 1.0, 1.0, -1.0, -1.0, 1.0, -1.0, 1.0]",10,img300_d8_s24_g00_r0,8,2
GeoExplorer-pristine,/root/geoexplorer/results/checkpoint/algo_dualseed480k_20260427/masa_plus_mmgag_arena_pristine_a040_a0405_sine0405_dualseed480k/wave2_seed321_4gpu/pristine_seed321_t480k/geoexplorer.pt,swissviewmonuments,301,4,21,1,3,False,2,"[21, 22, 23, 18, 13, 8, 7, 2, 3, 4, 3]","[""right"", ""right"", ""up"", ""up"", ""up"", ""left"", ""up"", ""right"", ""right"", ""left""]","[-1.0, -1.0, 1.0, 1.0, 1.0, 1.0, 1.0, -1.0, -1.0, 1.0]",10,img301_d4_s21_g01_r0,4,6
GeoExplorer-pristine,/root/geoexplorer/results/checkpoint/algo_dualseed480k_20260427/masa_plus_mmgag_arena_pristine_a040_a0405_sine0405_dualseed480k/wave2_seed321_4gpu/pristine_seed321_t480k/geoexplorer.pt,swissviewmonuments,301,6,23,1,3,False,2,"[23, 22, 21, 20, 15, 10, 5, 6, 7, 2, 3]","[""left"", ""left"", ""left"", ""up"", ""up"", ""up"", ""right"", ""right"", ""up"", ""right""]","[1.0, 1.0, -1.0, 1.0, 1.0, 1.0, 1.0, -1.0, 1.0, -1.0]",10,img301_d6_s23_g01_r0,6,4
GeoExplorer-pristine,/root/geoexplorer/results/checkpoint/algo_dualseed480k_20260427/masa_plus_mmgag_arena_pristine_a040_a0405_sine0405_dualseed480k/wave2_seed321_4gpu/pristine_seed321_t480k/geoexplorer.pt,swissviewmonuments,302,4,18,2,2,True,0,"[18, 17, 16, 11, 6, 5, 0, 1, 2]","[""left"", ""left"", ""up"", ""up"", ""left"", ""up"", ""right"", ""right""]","[1.0, -1.0, 1.0, 1.0, -1.0, 1.0, 1.0, 1.0]",8,img302_d4_s18_g02_r0,4,4
GeoExplorer-pristine,/root/geoexplorer/results/checkpoint/algo_dualseed480k_20260427/masa_plus_mmgag_arena_pristine_a040_a0405_sine0405_dualseed480k/wave2_seed321_4gpu/pristine_seed321_t480k/geoexplorer.pt,swissviewmonuments,302,6,20,2,14,False,4,"[20, 21, 22, 23, 24, 19, 14, 9, 14, 9, 14]","[""right"", ""right"", ""right"", ""right"", ""up"", ""up"", ""up"", ""down"", ""up"", ""down""]","[1.0, 1.0, -1.0, -1.0, 1.0, 1.0, 1.0, -1.0, 1.0, -1.0]",10,img302_d6_s20_g02_r0,6,4
GeoExplorer-pristine,/root/geoexplorer/results/checkpoint/algo_dualseed480k_20260427/masa_plus_mmgag_arena_pristine_a040_a0405_sine0405_dualseed480k/wave2_seed321_4gpu/pristine_seed321_t480k/geoexplorer.pt,swissviewmonuments,303,4,17,3,3,True,0,"[17, 16, 11, 6, 7, 8, 3]","[""left"", ""up"", ""up"", ""right"", ""right"", ""up""]","[-1.0, 1.0, 1.0, 1.0, 1.0, 1.0]",6,img303_d4_s17_g03_r0,4,2
GeoExplorer-pristine,/root/geoexplorer/results/checkpoint/algo_dualseed480k_20260427/masa_plus_mmgag_arena_pristine_a040_a0405_sine0405_dualseed480k/wave2_seed321_4gpu/pristine_seed321_t480k/geoexplorer.pt,swissviewmonuments,303,6,21,3,3,True,0,"[21, 22, 23, 18, 13, 8, 3]","[""right"", ""right"", ""up"", ""up"", ""up"", ""up""]","[1.0, 1.0, 1.0, 1.0, 1.0, 1.0]",6,img303_d6_s21_g03_r0,6,0
GeoExplorer-pristine,/root/geoexplorer/results/checkpoint/algo_dualseed480k_20260427/masa_plus_mmgag_arena_pristine_a040_a0405_sine0405_dualseed480k/wave2_seed321_4gpu/pristine_seed321_t480k/geoexplorer.pt,swissviewmonuments,304,4,6,4,20,False,8,"[6, 7, 8, 13, 18, 23, 22, 21, 20, 21, 20]","[""right"", ""right"", ""down"", ""down"", ""down"", ""left"", ""left"", ""left"", ""right"", ""left""]","[1.0, 1.0, -1.0, -1.0, -1.0, -1.0, -1.0, -1.0, 1.0, -1.0]",10,img304_d4_s06_g04_r0,4,6
GeoExplorer-pristine,/root/geoexplorer/results/checkpoint/algo_dualseed480k_20260427/masa_plus_mmgag_arena_pristine_a040_a0405_sine0405_dualseed480k/wave2_seed321_4gpu/pristine_seed321_t480k/geoexplorer.pt,swissviewmonuments,304,6,10,4,20,False,8,"[10, 11, 12, 13, 8, 13, 18, 23, 22, 21, 20]","[""right"", ""right"", ""right"", ""up"", ""down"", ""down"", ""down"", ""left"", ""left"", ""left""]","[1.0, 1.0, 1.0, 1.0, -1.0, -1.0, -1.0, -1.0, -1.0, -1.0]",10,img304_d6_s10_g04_r0,6,4
GeoExplorer-pristine,/root/geoexplorer/results/checkpoint/algo_dualseed480k_20260427/masa_plus_mmgag_arena_pristine_a040_a0405_sine0405_dualseed480k/wave2_seed321_4gpu/pristine_seed321_t480k/geoexplorer.pt,swissviewmonuments,304,8,20,4,4,True,0,"[20, 21, 22, 23, 24, 19, 14, 9, 4]","[""right"", ""right"", ""right"", ""right"", ""up"", ""up"", ""up"", ""up""]","[1.0, 1.0, 1.0, 1.0, 1.0, 1.0, 1.0, 1.0]",8,img304_d8_s20_g04_r0,8,0
GeoExplorer-pristine,/root/geoexplorer/results/checkpoint/algo_dualseed480k_20260427/masa_plus_mmgag_arena_pristine_a040_a0405_sine0405_dualseed480k/wave2_seed321_4gpu/pristine_seed321_t480k/geoexplorer.pt,swissviewmonuments,305,4,17,5,5,True,0,"[17, 16, 15, 10, 5]","[""left"", ""left"", ""up"", ""up""]","[1.0, 1.0, 1.0, 1.0]",4,img305_d4_s17_g05_r0,4,0
GeoExplorer-pristine,/root/geoexplorer/results/checkpoint/algo_dualseed480k_20260427/masa_plus_mmgag_arena_pristine_a040_a0405_sine0405_dualseed480k/wave2_seed321_4gpu/pristine_seed321_t480k/geoexplorer.pt,swissviewmonuments,305,6,19,5,5,True,0,"[19, 18, 17, 16, 15, 10, 5]","[""left"", ""left"", ""left"", ""left"", ""up"", ""up""]","[1.0, 1.0, 1.0, 1.0, 1.0, 1.0]",6,img305_d6_s19_g05_r0,6,0
GeoExplorer-pristine,/root/geoexplorer/results/checkpoint/algo_dualseed480k_20260427/masa_plus_mmgag_arena_pristine_a040_a0405_sine0405_dualseed480k/wave2_seed321_4gpu/pristine_seed321_t480k/geoexplorer.pt,swissviewmonuments,306,4,18,6,6,True,0,"[18, 17, 16, 15, 10, 5, 0, 5, 0, 5, 6]","[""left"", ""left"", ""left"", ""up"", ""up"", ""up"", ""down"", ""up"", ""down"", ""right""]","[1.0, 1.0, -1.0, 1.0, 1.0, -1.0, 1.0, -1.0, 1.0, 1.0]",10,img306_d4_s18_g06_r0,4,6
GeoExplorer-pristine,/root/geoexplorer/results/checkpoint/algo_dualseed480k_20260427/masa_plus_mmgag_arena_pristine_a040_a0405_sine0405_dualseed480k/wave2_seed321_4gpu/pristine_seed321_t480k/geoexplorer.pt,swissviewmonuments,306,6,24,6,20,False,4,"[24, 23, 22, 21, 20, 15, 20, 21, 20, 21, 20]","[""left"", ""left"", ""left"", ""left"", ""up"", ""down"", ""right"", ""left"", ""right"", ""left""]","[1.0, 1.0, 1.0, -1.0, 1.0, -1.0, 1.0, -1.0, 1.0, -1.0]",10,img306_d6_s24_g06_r0,6,4
GeoExplorer-pristine,/root/geoexplorer/results/checkpoint/algo_dualseed480k_20260427/masa_plus_mmgag_arena_pristine_a040_a0405_sine0405_dualseed480k/wave2_seed321_4gpu/pristine_seed321_t480k/geoexplorer.pt,swissviewmonuments,307,4,21,7,3,False,2,"[21, 22, 23, 24, 19, 14, 9, 4, 3, 4, 3]","[""right"", ""right"", ""right"", ""up"", ""up"", ""up"", ""up"", ""left"", ""right"", ""left""]","[1.0, -1.0, -1.0, 1.0, 1.0, 1.0, -1.0, 1.0, -1.0, 1.0]",10,img307_d4_s21_g07_r0,4,6
GeoExplorer-pristine,/root/geoexplorer/results/checkpoint/algo_dualseed480k_20260427/masa_plus_mmgag_arena_pristine_a040_a0405_sine0405_dualseed480k/wave2_seed321_4gpu/pristine_seed321_t480k/geoexplorer.pt,swissviewmonuments,308,4,16,8,8,True,0,"[16, 11, 6, 7, 8]","[""up"", ""up"", ""right"", ""right""]","[1.0, 1.0, 1.0, 1.0]",4,img308_d4_s16_g08_r0,4,0
GeoExplorer-pristine,/root/geoexplorer/results/checkpoint/algo_dualseed480k_20260427/masa_plus_mmgag_arena_pristine_a040_a0405_sine0405_dualseed480k/wave2_seed321_4gpu/pristine_seed321_t480k/geoexplorer.pt,swissviewmonuments,308,6,20,8,4,False,2,"[20, 21, 22, 23, 24, 19, 14, 9, 4, 9, 4]","[""right"", ""right"", ""right"", ""right"", ""up"", ""up"", ""up"", ""up"", ""down"", ""up""]","[1.0, 1.0, 1.0, -1.0, 1.0, 1.0, 1.0, -1.0, 1.0, -1.0]",10,img308_d6_s20_g08_r0,6,4
GeoExplorer-pristine,/root/geoexplorer/results/checkpoint/algo_dualseed480k_20260427/masa_plus_mmgag_arena_pristine_a040_a0405_sine0405_dualseed480k/wave2_seed321_4gpu/pristine_seed321_t480k/geoexplorer.pt,swissviewmonuments,309,4,5,9,17,False,4,"[5, 6, 7, 8, 13, 18, 17, 18, 17, 18, 17]","[""right"", ""right"", ""right"", ""down"", ""down"", ""left"", ""right"", ""left"", ""right"", ""left""]","[1.0, 1.0, 1.0, -1.0, -1.0, -1.0, 1.0, -1.0, 1.0, -1.0]",10,img309_d4_s05_g09_r0,4,6
GeoExplorer-pristine,/root/geoexplorer/results/checkpoint/algo_dualseed480k_20260427/masa_plus_mmgag_arena_pristine_a040_a0405_sine0405_dualseed480k/wave2_seed321_4gpu/pristine_seed321_t480k/geoexplorer.pt,swissviewmonuments,309,6,21,9,9,True,0,"[21, 22, 23, 24, 19, 14, 9]","[""right"", ""right"", ""right"", ""up"", ""up"", ""up""]","[1.0, 1.0, 1.0, 1.0, 1.0, 1.0]",6,img309_d6_s21_g09_r0,6,0
GeoExplorer-pristine,/root/geoexplorer/results/checkpoint/algo_dualseed480k_20260427/masa_plus_mmgag_arena_pristine_a040_a0405_sine0405_dualseed480k/wave2_seed321_4gpu/pristine_seed321_t480k/geoexplorer.pt,swissviewmonuments,310,4,14,10,10,True,0,"[14, 13, 12, 11, 10]","[""left"", ""left"", ""left"", ""left""]","[1.0, 1.0, 1.0, 1.0]",4,img310_d4_s14_g10_r0,4,0
GeoExplorer-pristine,/root/geoexplorer/results/checkpoint/algo_dualseed480k_20260427/masa_plus_mmgag_arena_pristine_a040_a0405_sine0405_dualseed480k/wave2_seed321_4gpu/pristine_seed321_t480k/geoexplorer.pt,swissviewmonuments,310,6,24,10,10,True,0,"[24, 23, 22, 21, 20, 15, 10]","[""left"", ""left"", ""left"", ""left"", ""up"", ""up""]","[1.0, 1.0, 1.0, 1.0, 1.0, 1.0]",6,img310_d6_s24_g10_r0,6,0
GeoExplorer-pristine,/root/geoexplorer/results/checkpoint/algo_dualseed480k_20260427/masa_plus_mmgag_arena_pristine_a040_a0405_sine0405_dualseed480k/wave2_seed321_4gpu/pristine_seed321_t480k/geoexplorer.pt,swissviewmonuments,311,4,23,11,21,False,2,"[23, 22, 21, 20, 15, 20, 21, 20, 15, 20, 21]","[""left"", ""left"", ""left"", ""up"", ""down"", ""right"", ""left"", ""up"", ""down"", ""right""]","[1.0, 1.0, -1.0, 1.0, -1.0, 1.0, -1.0, 1.0, -1.0, 1.0]",10,img311_d4_s23_g11_r0,4,6
GeoExplorer-pristine,/root/geoexplorer/results/checkpoint/algo_dualseed480k_20260427/masa_plus_mmgag_arena_pristine_a040_a0405_sine0405_dualseed480k/wave2_seed321_4gpu/pristine_seed321_t480k/geoexplorer.pt,swissviewmonuments,312,4,0,12,24,False,4,"[0, 5, 10, 15, 20, 21, 22, 23, 24, 23, 24]","[""down"", ""down"", ""down"", ""down"", ""right"", ""right"", ""right"", ""right"", ""left"", ""right""]","[1.0, 1.0, -1.0, -1.0, 1.0, 1.0, -1.0, -1.0, 1.0, -1.0]",10,img312_d4_s00_g12_r0,4,6
GeoExplorer-pristine,/root/geoexplorer/results/checkpoint/algo_dualseed480k_20260427/masa_plus_mmgag_arena_pristine_a040_a0405_sine0405_dualseed480k/wave2_seed321_4gpu/pristine_seed321_t480k/geoexplorer.pt,swissviewmonuments,313,4,1,13,13,True,0,"[1, 2, 3, 8, 13]","[""right"", ""right"", ""down"", ""down""]","[1.0, 1.0, 1.0, 1.0]",4,img313_d4_s01_g13_r0,4,0
GeoExplorer-pristine,/root/geoexplorer/results/checkpoint/algo_dualseed480k_20260427/masa_plus_mmgag_arena_pristine_a040_a0405_sine0405_dualseed480k/wave2_seed321_4gpu/pristine_seed321_t480k/geoexplorer.pt,swissviewmonuments,314,4,16,14,14,True,0,"[16, 17, 18, 19, 14]","[""right"", ""right"", ""right"", ""up""]","[1.0, 1.0, 1.0, 1.0]",4,img314_d4_s16_g14_r0,4,0
GeoExplorer-pristine,/root/geoexplorer/results/checkpoint/algo_dualseed480k_20260427/masa_plus_mmgag_arena_pristine_a040_a0405_sine0405_dualseed480k/wave2_seed321_4gpu/pristine_seed321_t480k/geoexplorer.pt,swissviewmonuments,314,6,0,14,24,False,2,"[0, 1, 2, 3, 8, 13, 18, 23, 24, 23, 24]","[""right"", ""right"", ""right"", ""down"", ""down"", ""down"", ""down"", ""right"", ""left"", ""right""]","[1.0, 1.0, 1.0, 1.0, 1.0, -1.0, -1.0, 1.0, -1.0, 1.0]",10,img314_d6_s00_g14_r0,6,4
GeoExplorer-pristine,/root/geoexplorer/results/checkpoint/algo_dualseed480k_20260427/masa_plus_mmgag_arena_pristine_a040_a0405_sine0405_dualseed480k/wave2_seed321_4gpu/pristine_seed321_t480k/geoexplorer.pt,swissviewmonuments,315,4,19,15,15,True,0,"[19, 18, 17, 16, 15]","[""left"", ""left"", ""left"", ""left""]","[1.0, 1.0, 1.0, 1.0]",4,img315_d4_s19_g15_r0,4,0
GeoExplorer-pristine,/root/geoexplorer/results/checkpoint/algo_dualseed480k_20260427/masa_plus_mmgag_arena_pristine_a040_a0405_sine0405_dualseed480k/wave2_seed321_4gpu/pristine_seed321_t480k/geoexplorer.pt,swissviewmonuments,315,6,9,15,15,True,0,"[9, 14, 19, 18, 17, 16, 15]","[""down"", ""down"", ""left"", ""left"", ""left"", ""left""]","[1.0, 1.0, 1.0, 1.0, 1.0, 1.0]",6,img315_d6_s09_g15_r0,6,0
GeoExplorer-pristine,/root/geoexplorer/results/checkpoint/algo_dualseed480k_20260427/masa_plus_mmgag_arena_pristine_a040_a0405_sine0405_dualseed480k/wave2_seed321_4gpu/pristine_seed321_t480k/geoexplorer.pt,swissviewmonuments,316,4,14,16,20,False,2,"[14, 13, 12, 11, 10, 15, 20, 21, 20, 21, 20]","[""left"", ""left"", ""left"", ""left"", ""down"", ""down"", ""right"", ""left"", ""right"", ""left""]","[1.0, 1.0, 1.0, -1.0, 1.0, -1.0, 1.0, -1.0, 1.0, -1.0]",10,img316_d4_s14_g16_r0,4,6
GeoExplorer-pristine,/root/geoexplorer/results/checkpoint/algo_dualseed480k_20260427/masa_plus_mmgag_arena_pristine_a040_a0405_sine0405_dualseed480k/wave2_seed321_4gpu/pristine_seed321_t480k/geoexplorer.pt,swissviewmonuments,316,6,4,16,16,True,0,"[4, 3, 2, 1, 6, 11, 16]","[""left"", ""left"", ""left"", ""down"", ""down"", ""down""]","[1.0, 1.0, 1.0, 1.0, 1.0, 1.0]",6,img316_d6_s04_g16_r0,6,0
GeoExplorer-pristine,/root/geoexplorer/results/checkpoint/algo_dualseed480k_20260427/masa_plus_mmgag_arena_pristine_a040_a0405_sine0405_dualseed480k/wave2_seed321_4gpu/pristine_seed321_t480k/geoexplorer.pt,swissviewmonuments,317,4,3,17,17,True,0,"[3, 2, 1, 6, 11, 16, 17]","[""left"", ""left"", ""down"", ""down"", ""down"", ""right""]","[1.0, -1.0, 1.0, 1.0, 1.0, 1.0]",6,img317_d4_s03_g17_r0,4,2
GeoExplorer-pristine,/root/geoexplorer/results/checkpoint/algo_dualseed480k_20260427/masa_plus_mmgag_arena_pristine_a040_a0405_sine0405_dualseed480k/wave2_seed321_4gpu/pristine_seed321_t480k/geoexplorer.pt,swissviewmonuments,318,4,10,18,18,True,0,"[10, 15, 16, 17, 18]","[""down"", ""right"", ""right"", ""right""]","[1.0, 1.0, 1.0, 1.0]",4,img318_d4_s10_g18_r0,4,0
GeoExplorer-pristine,/root/geoexplorer/results/checkpoint/algo_dualseed480k_20260427/masa_plus_mmgag_arena_pristine_a040_a0405_sine0405_dualseed480k/wave2_seed321_4gpu/pristine_seed321_t480k/geoexplorer.pt,swissviewmonuments,318,6,0,18,18,True,0,"[0, 1, 2, 3, 8, 13, 18]","[""right"", ""right"", ""right"", ""down"", ""down"", ""down""]","[1.0, 1.0, 1.0, 1.0, 1.0, 1.0]",6,img318_d6_s00_g18_r0,6,0
GeoExplorer-pristine,/root/geoexplorer/results/checkpoint/algo_dualseed480k_20260427/masa_plus_mmgag_arena_pristine_a040_a0405_sine0405_dualseed480k/wave2_seed321_4gpu/pristine_seed321_t480k/geoexplorer.pt,swissviewmonuments,319,4,11,19,19,True,0,"[11, 12, 13, 18, 19]","[""right"", ""right"", ""down"", ""right""]","[1.0, 1.0, 1.0, 1.0]",4,img319_d4_s11_g19_r0,4,0
GeoExplorer-pristine,/root/geoexplorer/results/checkpoint/algo_dualseed480k_20260427/masa_plus_mmgag_arena_pristine_a040_a0405_sine0405_dualseed480k/wave2_seed321_4gpu/pristine_seed321_t480k/geoexplorer.pt,swissviewmonuments,319,6,5,19,23,False,2,"[5, 10, 15, 20, 21, 22, 23, 24, 23, 24, 23]","[""down"", ""down"", ""down"", ""right"", ""right"", ""right"", ""right"", ""left"", ""right"", ""left""]","[1.0, 1.0, -1.0, 1.0, 1.0, 1.0, 1.0, -1.0, 1.0, -1.0]",10,img319_d6_s05_g19_r0,6,4
GeoExplorer-pristine,/root/geoexplorer/results/checkpoint/algo_dualseed480k_20260427/masa_plus_mmgag_arena_pristine_a040_a0405_sine0405_dualseed480k/wave2_seed321_4gpu/pristine_seed321_t480k/geoexplorer.pt,swissviewmonuments,320,4,18,20,4,False,8,"[18, 17, 16, 15, 10, 5, 0, 1, 2, 3, 4]","[""left"", ""left"", ""left"", ""up"", ""up"", ""up"", ""right"", ""right"", ""right"", ""right""]","[1.0, 1.0, 1.0, -1.0, -1.0, -1.0, -1.0, -1.0, -1.0, -1.0]",10,img320_d4_s18_g20_r0,4,6
GeoExplorer-pristine,/root/geoexplorer/results/checkpoint/algo_dualseed480k_20260427/masa_plus_mmgag_arena_pristine_a040_a0405_sine0405_dualseed480k/wave2_seed321_4gpu/pristine_seed321_t480k/geoexplorer.pt,swissviewmonuments,320,6,8,20,20,True,0,"[8, 7, 6, 5, 10, 15, 20]","[""left"", ""left"", ""left"", ""down"", ""down"", ""down""]","[1.0, 1.0, 1.0, 1.0, 1.0, 1.0]",6,img320_d6_s08_g20_r0,6,0
GeoExplorer-pristine,/root/geoexplorer/results/checkpoint/algo_dualseed480k_20260427/masa_plus_mmgag_arena_pristine_a040_a0405_sine0405_dualseed480k/wave2_seed321_4gpu/pristine_seed321_t480k/geoexplorer.pt,swissviewmonuments,320,8,4,20,20,True,0,"[4, 9, 14, 19, 18, 17, 16, 15, 20]","[""down"", ""down"", ""down"", ""left"", ""left"", ""left"", ""left"", ""down""]","[1.0, 1.0, 1.0, 1.0, 1.0, 1.0, 1.0, 1.0]",8,img320_d8_s04_g20_r0,8,0
GeoExplorer-pristine,/root/geoexplorer/results/checkpoint/algo_dualseed480k_20260427/masa_plus_mmgag_arena_pristine_a040_a0405_sine0405_dualseed480k/wave2_seed321_4gpu/pristine_seed321_t480k/geoexplorer.pt,swissviewmonuments,321,4,7,21,21,True,0,"[7, 6, 11, 16, 21]","[""left"", ""down"", ""down"", ""down""]","[1.0, 1.0, 1.0, 1.0]",4,img321_d4_s07_g21_r0,4,0
GeoExplorer-pristine,/root/geoexplorer/results/checkpoint/algo_dualseed480k_20260427/masa_plus_mmgag_arena_pristine_a040_a0405_sine0405_dualseed480k/wave2_seed321_4gpu/pristine_seed321_t480k/geoexplorer.pt,swissviewmonuments,321,6,9,21,21,True,0,"[9, 8, 7, 6, 5, 10, 15, 20, 21]","[""left"", ""left"", ""left"", ""left"", ""down"", ""down"", ""down"", ""right""]","[1.0, 1.0, 1.0, -1.0, 1.0, 1.0, 1.0, 1.0]",8,img321_d6_s09_g21_r0,6,2
GeoExplorer-pristine,/root/geoexplorer/results/checkpoint/algo_dualseed480k_20260427/masa_plus_mmgag_arena_pristine_a040_a0405_sine0405_dualseed480k/wave2_seed321_4gpu/pristine_seed321_t480k/geoexplorer.pt,swissviewmonuments,322,4,14,22,6,False,4,"[14, 13, 12, 11, 10, 5, 6, 7, 6, 7, 6]","[""left"", ""left"", ""left"", ""left"", ""up"", ""right"", ""right"", ""left"", ""right"", ""left""]","[1.0, 1.0, -1.0, -1.0, -1.0, 1.0, 1.0, -1.0, 1.0, -1.0]",10,img322_d4_s14_g22_r0,4,6
GeoExplorer-pristine,/root/geoexplorer/results/checkpoint/algo_dualseed480k_20260427/masa_plus_mmgag_arena_pristine_a040_a0405_sine0405_dualseed480k/wave2_seed321_4gpu/pristine_seed321_t480k/geoexplorer.pt,swissviewmonuments,322,6,0,22,24,False,2,"[0, 1, 2, 3, 4, 9, 14, 19, 24, 19, 24]","[""right"", ""right"", ""right"", ""right"", ""down"", ""down"", ""down"", ""down"", ""up"", ""down""]","[1.0, 1.0, -1.0, -1.0, 1.0, 1.0, 1.0, 1.0, -1.0, 1.0]",10,img322_d6_s00_g22_r0,6,4
GeoExplorer-pristine,/root/geoexplorer/results/checkpoint/algo_dualseed480k_20260427/masa_plus_mmgag_arena_pristine_a040_a0405_sine0405_dualseed480k/wave2_seed321_4gpu/pristine_seed321_t480k/geoexplorer.pt,swissviewmonuments,323,4,9,23,21,False,2,"[9, 8, 7, 6, 5, 10, 15, 20, 21, 22, 21]","[""left"", ""left"", ""left"", ""left"", ""down"", ""down"", ""down"", ""right"", ""right"", ""left""]","[1.0, -1.0, -1.0, -1.0, 1.0, 1.0, 1.0, 1.0, 1.0, -1.0]",10,img323_d4_s09_g23_r0,4,6
GeoExplorer-pristine,/root/geoexplorer/results/checkpoint/algo_dualseed480k_20260427/masa_plus_mmgag_arena_pristine_a040_a0405_sine0405_dualseed480k/wave2_seed321_4gpu/pristine_seed321_t480k/geoexplorer.pt,swissviewmonuments,323,6,1,23,23,True,0,"[1, 2, 3, 4, 9, 14, 19, 24, 23]","[""right"", ""right"", ""right"", ""down"", ""down"", ""down"", ""down"", ""left""]","[1.0, 1.0, -1.0, 1.0, 1.0, 1.0, 1.0, 1.0]",8,img323_d6_s01_g23_r0,6,2
GeoExplorer-pristine,/root/geoexplorer/results/checkpoint/algo_dualseed480k_20260427/masa_plus_mmgag_arena_pristine_a040_a0405_sine0405_dualseed480k/wave2_seed321_4gpu/pristine_seed321_t480k/geoexplorer.pt,swissviewmonuments,324,4,20,24,4,False,4,"[20, 21, 22, 23, 18, 13, 8, 3, 4, 3, 4]","[""right"", ""right"", ""right"", ""up"", ""up"", ""up"", ""up"", ""right"", ""left"", ""right""]","[1.0, 1.0, 1.0, -1.0, -1.0, -1.0, -1.0, 1.0, -1.0, 1.0]",10,img324_d4_s20_g24_r0,4,6
GeoExplorer-pristine,/root/geoexplorer/results/checkpoint/algo_dualseed480k_20260427/masa_plus_mmgag_arena_pristine_a040_a0405_sine0405_dualseed480k/wave2_seed321_4gpu/pristine_seed321_t480k/geoexplorer.pt,swissviewmonuments,324,6,6,24,22,False,2,"[6, 7, 8, 13, 18, 23, 22, 23, 22, 23, 22]","[""right"", ""right"", ""down"", ""down"", ""down"", ""left"", ""right"", ""left"", ""right"", ""left""]","[1.0, 1.0, 1.0, 1.0, 1.0, -1.0, 1.0, -1.0, 1.0, -1.0]",10,img324_d6_s06_g24_r0,6,4
GeoExplorer-pristine,/root/geoexplorer/results/checkpoint/algo_dualseed480k_20260427/masa_plus_mmgag_arena_pristine_a040_a0405_sine0405_dualseed480k/wave2_seed321_4gpu/pristine_seed321_t480k/geoexplorer.pt,swissviewmonuments,324,8,0,24,24,True,0,"[0, 1, 2, 3, 4, 9, 14, 19, 24]","[""right"", ""right"", ""right"", ""right"", ""down"", ""down"", ""down"", ""down""]","[1.0, 1.0, 1.0, 1.0, 1.0, 1.0, 1.0, 1.0]",8,img324_d8_s00_g24_r0,8,0
GeoExplorer-pristine,/root/geoexplorer/results/checkpoint/algo_dualseed480k_20260427/masa_plus_mmgag_arena_pristine_a040_a0405_sine0405_dualseed480k/wave2_seed321_4gpu/pristine_seed321_t480k/geoexplorer.pt,swissviewmonuments,325,4,20,0,14,False,6,"[20, 21, 22, 23, 24, 19, 14, 9, 14, 19, 14]","[""right"", ""right"", ""right"", ""right"", ""up"", ""up"", ""up"", ""down"", ""down"", ""up""]","[-1.0, -1.0, -1.0, -1.0, 1.0, 1.0, 1.0, -1.0, -1.0, 1.0]",10,img325_d4_s20_g00_r0,4,6
GeoExplorer-pristine,/root/geoexplorer/results/checkpoint/algo_dualseed480k_20260427/masa_plus_mmgag_arena_pristine_a040_a0405_sine0405_dualseed480k/wave2_seed321_4gpu/pristine_seed321_t480k/geoexplorer.pt,swissviewmonuments,325,6,14,0,16,False,4,"[14, 19, 18, 17, 16, 15, 20, 15, 16, 15, 16]","[""down"", ""left"", ""left"", ""left"", ""left"", ""down"", ""up"", ""right"", ""left"", ""right""]","[-1.0, 1.0, 1.0, 1.0, 1.0, -1.0, 1.0, -1.0, 1.0, -1.0]",10,img325_d6_s14_g00_r0,6,4
GeoExplorer-pristine,/root/geoexplorer/results/checkpoint/algo_dualseed480k_20260427/masa_plus_mmgag_arena_pristine_a040_a0405_sine0405_dualseed480k/wave2_seed321_4gpu/pristine_seed321_t480k/geoexplorer.pt,swissviewmonuments,325,8,24,0,24,False,8,"[24, 23, 22, 21, 20, 15, 20, 21, 22, 23, 24]","[""left"", ""left"", ""left"", ""left"", ""up"", ""down"", ""right"", ""right"", ""right"", ""right""]","[1.0, 1.0, 1.0, 1.0, 1.0, -1.0, -1.0, -1.0, -1.0, -1.0]",10,img325_d8_s24_g00_r0,8,2
GeoExplorer-pristine,/root/geoexplorer/results/checkpoint/algo_dualseed480k_20260427/masa_plus_mmgag_arena_pristine_a040_a0405_sine0405_dualseed480k/wave2_seed321_4gpu/pristine_seed321_t480k/geoexplorer.pt,swissviewmonuments,326,4,17,1,1,True,0,"[17, 16, 11, 6, 5, 0, 1]","[""left"", ""up"", ""up"", ""left"", ""up"", ""right""]","[1.0, 1.0, 1.0, -1.0, 1.0, 1.0]",6,img326_d4_s17_g01_r0,4,2
GeoExplorer-pristine,/root/geoexplorer/results/checkpoint/algo_dualseed480k_20260427/masa_plus_mmgag_arena_pristine_a040_a0405_sine0405_dualseed480k/wave2_seed321_4gpu/pristine_seed321_t480k/geoexplorer.pt,swissviewmonuments,326,6,23,1,1,True,0,"[23, 22, 21, 20, 15, 10, 5, 0, 1]","[""left"", ""left"", ""left"", ""up"", ""up"", ""up"", ""up"", ""right""]","[1.0, 1.0, -1.0, 1.0, 1.0, 1.0, 1.0, 1.0]",8,img326_d6_s23_g01_r0,6,2
GeoExplorer-pristine,/root/geoexplorer/results/checkpoint/algo_dualseed480k_20260427/masa_plus_mmgag_arena_pristine_a040_a0405_sine0405_dualseed480k/wave2_seed321_4gpu/pristine_seed321_t480k/geoexplorer.pt,swissviewmonuments,327,4,14,2,0,False,2,"[14, 13, 12, 11, 10, 5, 0, 1, 0, 1, 0]","[""left"", ""left"", ""left"", ""left"", ""up"", ""up"", ""right"", ""left"", ""right"", ""left""]","[1.0, 1.0, -1.0, -1.0, 1.0, 1.0, 1.0, -1.0, 1.0, -1.0]",10,img327_d4_s14_g02_r0,4,6
GeoExplorer-pristine,/root/geoexplorer/results/checkpoint/algo_dualseed480k_20260427/masa_plus_mmgag_arena_pristine_a040_a0405_sine0405_dualseed480k/wave2_seed321_4gpu/pristine_seed321_t480k/geoexplorer.pt,swissviewmonuments,327,6,20,2,2,True,0,"[20, 15, 10, 5, 0, 1, 2]","[""up"", ""up"", ""up"", ""up"", ""right"", ""right""]","[1.0, 1.0, 1.0, 1.0, 1.0, 1.0]",6,img327_d6_s20_g02_r0,6,0
GeoExplorer-pristine,/root/geoexplorer/results/checkpoint/algo_dualseed480k_20260427/masa_plus_mmgag_arena_pristine_a040_a0405_sine0405_dualseed480k/wave2_seed321_4gpu/pristine_seed321_t480k/geoexplorer.pt,swissviewmonuments,328,4,11,3,23,False,4,"[11, 6, 7, 8, 13, 18, 19, 24, 23, 24, 23]","[""up"", ""right"", ""right"", ""down"", ""down"", ""right"", ""down"", ""left"", ""right"", ""left""]","[1.0, 1.0, 1.0, -1.0, -1.0, -1.0, -1.0, 1.0, -1.0, 1.0]",10,img328_d4_s11_g03_r0,4,6
GeoExplorer-pristine,/root/geoexplorer/results/checkpoint/algo_dualseed480k_20260427/masa_plus_mmgag_arena_pristine_a040_a0405_sine0405_dualseed480k/wave2_seed321_4gpu/pristine_seed321_t480k/geoexplorer.pt,swissviewmonuments,328,6,21,3,9,False,2,"[21, 22, 23, 24, 19, 14, 9, 4, 9, 14, 9]","[""right"", ""right"", ""right"", ""up"", ""up"", ""up"", ""up"", ""down"", ""down"", ""up""]","[1.0, 1.0, -1.0, 1.0, 1.0, 1.0, 1.0, -1.0, -1.0, 1.0]",10,img328_d6_s21_g03_r0,6,4
GeoExplorer-pristine,/root/geoexplorer/results/checkpoint/algo_dualseed480k_20260427/masa_plus_mmgag_arena_pristine_a040_a0405_sine0405_dualseed480k/wave2_seed321_4gpu/pristine_seed321_t480k/geoexplorer.pt,swissviewmonuments,329,4,18,4,0,False,4,"[18, 13, 8, 7, 6, 5, 0, 1, 0, 1, 0]","[""up"", ""up"", ""left"", ""left"", ""left"", ""up"", ""right"", ""left"", ""right"", ""left""]","[1.0, 1.0, -1.0, -1.0, -1.0, 1.0, 1.0, -1.0, 1.0, -1.0]",10,img329_d4_s18_g04_r0,4,6
GeoExplorer-pristine,/root/geoexplorer/results/checkpoint/algo_dualseed480k_20260427/masa_plus_mmgag_arena_pristine_a040_a0405_sine0405_dualseed480k/wave2_seed321_4gpu/pristine_seed321_t480k/geoexplorer.pt,swissviewmonuments,329,6,16,4,4,True,0,"[16, 17, 18, 13, 8, 3, 4]","[""right"", ""right"", ""up"", ""up"", ""up"", ""right""]","[1.0, 1.0, 1.0, 1.0, 1.0, 1.0]",6,img329_d6_s16_g04_r0,6,0
GeoExplorer-pristine,/root/geoexplorer/results/checkpoint/algo_dualseed480k_20260427/masa_plus_mmgag_arena_pristine_a040_a0405_sine0405_dualseed480k/wave2_seed321_4gpu/pristine_seed321_t480k/geoexplorer.pt,swissviewmonuments,329,8,20,4,8,False,2,"[20, 15, 10, 5, 6, 7, 8, 9, 8, 9, 8]","[""up"", ""up"", ""up"", ""right"", ""right"", ""right"", ""right"", ""left"", ""right"", ""left""]","[1.0, 1.0, 1.0, 1.0, 1.0, 1.0, 1.0, -1.0, 1.0, -1.0]",10,img329_d8_s20_g04_r0,8,2
GeoExplorer-pristine,/root/geoexplorer/results/checkpoint/algo_dualseed480k_20260427/masa_plus_mmgag_arena_pristine_a040_a0405_sine0405_dualseed480k/wave2_seed321_4gpu/pristine_seed321_t480k/geoexplorer.pt,swissviewmonuments,330,4,9,5,21,False,4,"[9, 14, 19, 24, 23, 22, 21, 20, 21, 20, 21]","[""down"", ""down"", ""down"", ""left"", ""left"", ""left"", ""left"", ""right"", ""left"", ""right""]","[-1.0, -1.0, -1.0, 1.0, 1.0, 1.0, 1.0, -1.0, 1.0, -1.0]",10,img330_d4_s09_g05_r0,4,6
GeoExplorer-pristine,/root/geoexplorer/results/checkpoint/algo_dualseed480k_20260427/masa_plus_mmgag_arena_pristine_a040_a0405_sine0405_dualseed480k/wave2_seed321_4gpu/pristine_seed321_t480k/geoexplorer.pt,swissviewmonuments,330,6,19,5,5,True,0,"[19, 14, 9, 8, 7, 6, 5]","[""up"", ""up"", ""left"", ""left"", ""left"", ""left""]","[1.0, 1.0, 1.0, 1.0, 1.0, 1.0]",6,img330_d6_s19_g05_r0,6,0
GeoExplorer-pristine,/root/geoexplorer/results/checkpoint/algo_dualseed480k_20260427/masa_plus_mmgag_arena_pristine_a040_a0405_sine0405_dualseed480k/wave2_seed321_4gpu/pristine_seed321_t480k/geoexplorer.pt,swissviewmonuments,331,4,22,6,2,False,2,"[22, 23, 24, 19, 14, 9, 4, 9, 4, 3, 2]","[""right"", ""right"", ""up"", ""up"", ""up"", ""up"", ""down"", ""up"", ""left"", ""left""]","[-1.0, -1.0, 1.0, 1.0, 1.0, -1.0, 1.0, -1.0, 1.0, 1.0]",10,img331_d4_s22_g06_r0,4,6
GeoExplorer-pristine,/root/geoexplorer/results/checkpoint/algo_dualseed480k_20260427/masa_plus_mmgag_arena_pristine_a040_a0405_sine0405_dualseed480k/wave2_seed321_4gpu/pristine_seed321_t480k/geoexplorer.pt,swissviewmonuments,331,6,24,6,2,False,2,"[24, 19, 14, 9, 4, 3, 2, 1, 2, 1, 2]","[""up"", ""up"", ""up"", ""up"", ""left"", ""left"", ""left"", ""right"", ""left"", ""right""]","[1.0, 1.0, 1.0, -1.0, 1.0, 1.0, 1.0, -1.0, 1.0, -1.0]",10,img331_d6_s24_g06_r0,6,4
GeoExplorer-pristine,/root/geoexplorer/results/checkpoint/algo_dualseed480k_20260427/masa_plus_mmgag_arena_pristine_a040_a0405_sine0405_dualseed480k/wave2_seed321_4gpu/pristine_seed321_t480k/geoexplorer.pt,swissviewmonuments,332,4,23,7,5,False,2,"[23, 22, 21, 20, 15, 10, 5, 0, 5, 10, 5]","[""left"", ""left"", ""left"", ""up"", ""up"", ""up"", ""up"", ""down"", ""down"", ""up""]","[1.0, -1.0, -1.0, 1.0, 1.0, 1.0, -1.0, 1.0, -1.0, 1.0]",10,img332_d4_s23_g07_r0,4,6
GeoExplorer-pristine,/root/geoexplorer/results/checkpoint/algo_dualseed480k_20260427/masa_plus_mmgag_arena_pristine_a040_a0405_sine0405_dualseed480k/wave2_seed321_4gpu/pristine_seed321_t480k/geoexplorer.pt,swissviewmonuments,333,4,10,8,22,False,4,"[10, 15, 20, 21, 22, 23, 22, 23, 22, 23, 22]","[""down"", ""down"", ""right"", ""right"", ""right"", ""left"", ""right"", ""left"", ""right"", ""left""]","[-1.0, -1.0, 1.0, 1.0, 1.0, -1.0, 1.0, -1.0, 1.0, -1.0]",10,img333_d4_s10_g08_r0,4,6
GeoExplorer-pristine,/root/geoexplorer/results/checkpoint/algo_dualseed480k_20260427/masa_plus_mmgag_arena_pristine_a040_a0405_sine0405_dualseed480k/wave2_seed321_4gpu/pristine_seed321_t480k/geoexplorer.pt,swissviewmonuments,333,6,20,8,14,False,2,"[20, 21, 22, 23, 24, 19, 14, 9, 4, 9, 14]","[""right"", ""right"", ""right"", ""right"", ""up"", ""up"", ""up"", ""up"", ""down"", ""down""]","[1.0, 1.0, 1.0, -1.0, 1.0, 1.0, 1.0, -1.0, 1.0, -1.0]",10,img333_d6_s20_g08_r0,6,4
GeoExplorer-pristine,/root/geoexplorer/results/checkpoint/algo_dualseed480k_20260427/masa_plus_mmgag_arena_pristine_a040_a0405_sine0405_dualseed480k/wave2_seed321_4gpu/pristine_seed321_t480k/geoexplorer.pt,swissviewmonuments,334,4,17,9,5,False,4,"[17, 12, 11, 6, 5, 0, 1, 0, 5, 10, 5]","[""up"", ""left"", ""up"", ""left"", ""up"", ""right"", ""left"", ""down"", ""down"", ""up""]","[1.0, -1.0, 1.0, -1.0, -1.0, 1.0, -1.0, 1.0, -1.0, 1.0]",10,img334_d4_s17_g09_r0,4,6
GeoExplorer-pristine,/root/geoexplorer/results/checkpoint/algo_dualseed480k_20260427/masa_plus_mmgag_arena_pristine_a040_a0405_sine0405_dualseed480k/wave2_seed321_4gpu/pristine_seed321_t480k/geoexplorer.pt,swissviewmonuments,334,6,21,9,9,True,0,"[21, 22, 23, 24, 19, 14, 9]","[""right"", ""right"", ""right"", ""up"", ""up"", ""up""]","[1.0, 1.0, 1.0, 1.0, 1.0, 1.0]",6,img334_d6_s21_g09_r0,6,0
GeoExplorer-pristine,/root/geoexplorer/results/checkpoint/algo_dualseed480k_20260427/masa_plus_mmgag_arena_pristine_a040_a0405_sine0405_dualseed480k/wave2_seed321_4gpu/pristine_seed321_t480k/geoexplorer.pt,swissviewmonuments,335,4,18,10,2,False,4,"[18, 17, 16, 11, 6, 5, 0, 1, 0, 1, 2]","[""left"", ""left"", ""up"", ""up"", ""left"", ""up"", ""right"", ""left"", ""right"", ""right""]","[1.0, 1.0, 1.0, -1.0, 1.0, -1.0, -1.0, 1.0, -1.0, -1.0]",10,img335_d4_s18_g10_r0,4,6
GeoExplorer-pristine,/root/geoexplorer/results/checkpoint/algo_dualseed480k_20260427/masa_plus_mmgag_arena_pristine_a040_a0405_sine0405_dualseed480k/wave2_seed321_4gpu/pristine_seed321_t480k/geoexplorer.pt,swissviewmonuments,335,6,24,10,0,False,2,"[24, 19, 14, 13, 12, 11, 6, 5, 0, 1, 0]","[""up"", ""up"", ""left"", ""left"", ""left"", ""up"", ""left"", ""up"", ""right"", ""left""]","[1.0, 1.0, 1.0, 1.0, 1.0, -1.0, 1.0, -1.0, -1.0, 1.0]",10,img335_d6_s24_g10_r0,6,4
GeoExplorer-pristine,/root/geoexplorer/results/checkpoint/algo_dualseed480k_20260427/masa_plus_mmgag_arena_pristine_a040_a0405_sine0405_dualseed480k/wave2_seed321_4gpu/pristine_seed321_t480k/geoexplorer.pt,swissviewmonuments,336,4,9,11,23,False,4,"[9, 14, 19, 24, 23, 22, 21, 20, 21, 22, 23]","[""down"", ""down"", ""down"", ""left"", ""left"", ""left"", ""left"", ""right"", ""right"", ""right""]","[1.0, -1.0, -1.0, 1.0, 1.0, 1.0, -1.0, 1.0, -1.0, -1.0]",10,img336_d4_s09_g11_r0,4,6
GeoExplorer-pristine,/root/geoexplorer/results/checkpoint/algo_dualseed480k_20260427/masa_plus_mmgag_arena_pristine_a040_a0405_sine0405_dualseed480k/wave2_seed321_4gpu/pristine_seed321_t480k/geoexplorer.pt,swissviewmonuments,337,4,0,12,24,False,4,"[0, 5, 10, 15, 16, 17, 18, 19, 24, 19, 24]","[""down"", ""down"", ""down"", ""right"", ""right"", ""right"", ""right"", ""down"", ""up"", ""down""]","[1.0, 1.0, -1.0, 1.0, 1.0, -1.0, -1.0, -1.0, 1.0, -1.0]",10,img337_d4_s00_g12_r0,4,6
GeoExplorer-pristine,/root/geoexplorer/results/checkpoint/algo_dualseed480k_20260427/masa_plus_mmgag_arena_pristine_a040_a0405_sine0405_dualseed480k/wave2_seed321_4gpu/pristine_seed321_t480k/geoexplorer.pt,swissviewmonuments,338,4,1,13,13,True,0,"[1, 2, 3, 8, 13]","[""right"", ""right"", ""down"", ""down""]","[1.0, 1.0, 1.0, 1.0]",4,img338_d4_s01_g13_r0,4,0
GeoExplorer-pristine,/root/geoexplorer/results/checkpoint/algo_dualseed480k_20260427/masa_plus_mmgag_arena_pristine_a040_a0405_sine0405_dualseed480k/wave2_seed321_4gpu/pristine_seed321_t480k/geoexplorer.pt,swissviewmonuments,339,4,6,14,14,True,0,"[6, 11, 16, 17, 18, 19, 14]","[""down"", ""down"", ""right"", ""right"", ""right"", ""up""]","[1.0, -1.0, 1.0, 1.0, 1.0, 1.0]",6,img339_d4_s06_g14_r0,4,2
GeoExplorer-pristine,/root/geoexplorer/results/checkpoint/algo_dualseed480k_20260427/masa_plus_mmgag_arena_pristine_a040_a0405_sine0405_dualseed480k/wave2_seed321_4gpu/pristine_seed321_t480k/geoexplorer.pt,swissviewmonuments,339,6,0,14,18,False,2,"[0, 5, 10, 15, 16, 17, 18, 17, 18, 17, 18]","[""down"", ""down"", ""down"", ""right"", ""right"", ""right"", ""left"", ""right"", ""left"", ""right""]","[1.0, 1.0, -1.0, 1.0, 1.0, 1.0, -1.0, 1.0, -1.0, 1.0]",10,img339_d6_s00_g14_r0,6,4
GeoExplorer-pristine,/root/geoexplorer/results/checkpoint/algo_dualseed480k_20260427/masa_plus_mmgag_arena_pristine_a040_a0405_sine0405_dualseed480k/wave2_seed321_4gpu/pristine_seed321_t480k/geoexplorer.pt,swissviewmonuments,340,4,13,15,5,False,2,"[13, 12, 11, 10, 5, 0, 5, 10, 5, 10, 5]","[""left"", ""left"", ""left"", ""up"", ""up"", ""down"", ""down"", ""up"", ""down"", ""up""]","[1.0, 1.0, 1.0, -1.0, -1.0, 1.0, 1.0, -1.0, 1.0, -1.0]",10,img340_d4_s13_g15_r0,4,6
GeoExplorer-pristine,/root/geoexplorer/results/checkpoint/algo_dualseed480k_20260427/masa_plus_mmgag_arena_pristine_a040_a0405_sine0405_dualseed480k/wave2_seed321_4gpu/pristine_seed321_t480k/geoexplorer.pt,swissviewmonuments,340,6,9,15,15,True,0,"[9, 14, 19, 18, 17, 16, 15]","[""down"", ""down"", ""left"", ""left"", ""left"", ""left""]","[1.0, 1.0, 1.0, 1.0, 1.0, 1.0]",6,img340_d6_s09_g15_r0,6,0
GeoExplorer-pristine,/root/geoexplorer/results/checkpoint/algo_dualseed480k_20260427/masa_plus_mmgag_arena_pristine_a040_a0405_sine0405_dualseed480k/wave2_seed321_4gpu/pristine_seed321_t480k/geoexplorer.pt,swissviewmonuments,341,4,14,16,22,False,2,"[14, 13, 12, 11, 10, 5, 10, 15, 20, 21, 22]","[""left"", ""left"", ""left"", ""left"", ""up"", ""down"", ""down"", ""down"", ""right"", ""right""]","[1.0, 1.0, 1.0, -1.0, -1.0, 1.0, 1.0, -1.0, 1.0, -1.0]",10,img341_d4_s14_g16_r0,4,6
GeoExplorer-pristine,/root/geoexplorer/results/checkpoint/algo_dualseed480k_20260427/masa_plus_mmgag_arena_pristine_a040_a0405_sine0405_dualseed480k/wave2_seed321_4gpu/pristine_seed321_t480k/geoexplorer.pt,swissviewmonuments,341,6,4,16,22,False,2,"[4, 9, 14, 19, 24, 23, 22, 21, 22, 21, 22]","[""down"", ""down"", ""down"", ""down"", ""left"", ""left"", ""left"", ""right"", ""left"", ""right""]","[1.0, 1.0, 1.0, -1.0, 1.0, 1.0, 1.0, -1.0, 1.0, -1.0]",10,img341_d6_s04_g16_r0,6,4
GeoExplorer-pristine,/root/geoexplorer/results/checkpoint/algo_dualseed480k_20260427/masa_plus_mmgag_arena_pristine_a040_a0405_sine0405_dualseed480k/wave2_seed321_4gpu/pristine_seed321_t480k/geoexplorer.pt,swissviewmonuments,342,4,1,17,19,False,2,"[1, 2, 3, 8, 13, 18, 23, 24, 19, 24, 19]","[""right"", ""right"", ""down"", ""down"", ""down"", ""down"", ""right"", ""up"", ""down"", ""up""]","[1.0, -1.0, 1.0, 1.0, 1.0, -1.0, -1.0, 1.0, -1.0, 1.0]",10,img342_d4_s01_g17_r0,4,6
GeoExplorer-pristine,/root/geoexplorer/results/checkpoint/algo_dualseed480k_20260427/masa_plus_mmgag_arena_pristine_a040_a0405_sine0405_dualseed480k/wave2_seed321_4gpu/pristine_seed321_t480k/geoexplorer.pt,swissviewmonuments,343,4,2,18,18,True,0,"[2, 7, 12, 17, 18]","[""down"", ""down"", ""down"", ""right""]","[1.0, 1.0, 1.0, 1.0]",4,img343_d4_s02_g18_r0,4,0
GeoExplorer-pristine,/root/geoexplorer/results/checkpoint/algo_dualseed480k_20260427/masa_plus_mmgag_arena_pristine_a040_a0405_sine0405_dualseed480k/wave2_seed321_4gpu/pristine_seed321_t480k/geoexplorer.pt,swissviewmonuments,343,6,0,18,24,False,2,"[0, 5, 10, 15, 20, 21, 22, 23, 24, 23, 24]","[""down"", ""down"", ""down"", ""down"", ""right"", ""right"", ""right"", ""right"", ""left"", ""right""]","[1.0, 1.0, 1.0, -1.0, 1.0, 1.0, 1.0, -1.0, 1.0, -1.0]",10,img343_d6_s00_g18_r0,6,4
GeoExplorer-pristine,/root/geoexplorer/results/checkpoint/algo_dualseed480k_20260427/masa_plus_mmgag_arena_pristine_a040_a0405_sine0405_dualseed480k/wave2_seed321_4gpu/pristine_seed321_t480k/geoexplorer.pt,swissviewmonuments,344,4,3,19,21,False,4,"[3, 8, 13, 18, 23, 22, 21, 20, 21, 22, 21]","[""down"", ""down"", ""down"", ""down"", ""left"", ""left"", ""left"", ""right"", ""right"", ""left""]","[1.0, 1.0, 1.0, -1.0, -1.0, -1.0, -1.0, 1.0, 1.0, -1.0]",10,img344_d4_s03_g19_r0,4,6
GeoExplorer-pristine,/root/geoexplorer/results/checkpoint/algo_dualseed480k_20260427/masa_plus_mmgag_arena_pristine_a040_a0405_sine0405_dualseed480k/wave2_seed321_4gpu/pristine_seed321_t480k/geoexplorer.pt,swissviewmonuments,344,6,1,19,19,True,0,"[1, 6, 11, 16, 21, 22, 23, 24, 19]","[""down"", ""down"", ""down"", ""down"", ""right"", ""right"", ""right"", ""up""]","[1.0, 1.0, 1.0, -1.0, 1.0, 1.0, 1.0, 1.0]",8,img344_d6_s01_g19_r0,6,2
GeoExplorer-pristine,/root/geoexplorer/results/checkpoint/algo_dualseed480k_20260427/masa_plus_mmgag_arena_pristine_a040_a0405_sine0405_dualseed480k/wave2_seed321_4gpu/pristine_seed321_t480k/geoexplorer.pt,swissviewmonuments,345,4,12,20,20,True,0,"[12, 11, 16, 15, 20]","[""left"", ""down"", ""left"", ""down""]","[1.0, 1.0, 1.0, 1.0]",4,img345_d4_s12_g20_r0,4,0
GeoExplorer-pristine,/root/geoexplorer/results/checkpoint/algo_dualseed480k_20260427/masa_plus_mmgag_arena_pristine_a040_a0405_sine0405_dualseed480k/wave2_seed321_4gpu/pristine_seed321_t480k/geoexplorer.pt,swissviewmonuments,345,6,14,20,20,True,0,"[14, 13, 12, 11, 10, 15, 20]","[""left"", ""left"", ""left"", ""left"", ""down"", ""down""]","[1.0, 1.0, 1.0, 1.0, 1.0, 1.0]",6,img345_d6_s14_g20_r0,6,0
GeoExplorer-pristine,/root/geoexplorer/results/checkpoint/algo_dualseed480k_20260427/masa_plus_mmgag_arena_pristine_a040_a0405_sine0405_dualseed480k/wave2_seed321_4gpu/pristine_seed321_t480k/geoexplorer.pt,swissviewmonuments,345,8,4,20,22,False,2,"[4, 9, 14, 19, 24, 23, 22, 21, 22, 23, 22]","[""down"", ""down"", ""down"", ""down"", ""left"", ""left"", ""left"", ""right"", ""right"", ""left""]","[1.0, 1.0, 1.0, 1.0, 1.0, 1.0, 1.0, -1.0, -1.0, 1.0]",10,img345_d8_s04_g20_r0,8,2
GeoExplorer-pristine,/root/geoexplorer/results/checkpoint/algo_dualseed480k_20260427/masa_plus_mmgag_arena_pristine_a040_a0405_sine0405_dualseed480k/wave2_seed321_4gpu/pristine_seed321_t480k/geoexplorer.pt,swissviewmonuments,346,4,19,21,5,False,4,"[19, 18, 17, 16, 15, 10, 5, 0, 5, 0, 5]","[""left"", ""left"", ""left"", ""left"", ""up"", ""up"", ""up"", ""down"", ""up"", ""down""]","[1.0, 1.0, 1.0, -1.0, -1.0, -1.0, -1.0, 1.0, -1.0, 1.0]",10,img346_d4_s19_g21_r0,4,6
GeoExplorer-pristine,/root/geoexplorer/results/checkpoint/algo_dualseed480k_20260427/masa_plus_mmgag_arena_pristine_a040_a0405_sine0405_dualseed480k/wave2_seed321_4gpu/pristine_seed321_t480k/geoexplorer.pt,swissviewmonuments,346,6,9,21,23,False,2,"[9, 14, 19, 24, 23, 24, 23, 24, 23, 24, 23]","[""down"", ""down"", ""down"", ""left"", ""right"", ""left"", ""right"", ""left"", ""right"", ""left""]","[1.0, 1.0, 1.0, 1.0, -1.0, 1.0, -1.0, 1.0, -1.0, 1.0]",10,img346_d6_s09_g21_r0,6,4
GeoExplorer-pristine,/root/geoexplorer/results/checkpoint/algo_dualseed480k_20260427/masa_plus_mmgag_arena_pristine_a040_a0405_sine0405_dualseed480k/wave2_seed321_4gpu/pristine_seed321_t480k/geoexplorer.pt,swissviewmonuments,347,4,10,22,22,True,0,"[10, 15, 20, 21, 22]","[""down"", ""down"", ""right"", ""right""]","[1.0, 1.0, 1.0, 1.0]",4,img347_d4_s10_g22_r0,4,0
GeoExplorer-pristine,/root/geoexplorer/results/checkpoint/algo_dualseed480k_20260427/masa_plus_mmgag_arena_pristine_a040_a0405_sine0405_dualseed480k/wave2_seed321_4gpu/pristine_seed321_t480k/geoexplorer.pt,swissviewmonuments,347,6,4,22,22,True,0,"[4, 9, 14, 19, 24, 23, 22]","[""down"", ""down"", ""down"", ""down"", ""left"", ""left""]","[1.0, 1.0, 1.0, 1.0, 1.0, 1.0]",6,img347_d6_s04_g22_r0,6,0
GeoExplorer-pristine,/root/geoexplorer/results/checkpoint/algo_dualseed480k_20260427/masa_plus_mmgag_arena_pristine_a040_a0405_sine0405_dualseed480k/wave2_seed321_4gpu/pristine_seed321_t480k/geoexplorer.pt,swissviewmonuments,348,4,15,23,19,False,2,"[15, 10, 5, 0, 1, 2, 3, 4, 9, 14, 19]","[""up"", ""up"", ""up"", ""right"", ""right"", ""right"", ""right"", ""down"", ""down"", ""down""]","[-1.0, -1.0, -1.0, 1.0, 1.0, 1.0, -1.0, 1.0, 1.0, 1.0]",10,img348_d4_s15_g23_r0,4,6
GeoExplorer-pristine,/root/geoexplorer/results/checkpoint/algo_dualseed480k_20260427/masa_plus_mmgag_arena_pristine_a040_a0405_sine0405_dualseed480k/wave2_seed321_4gpu/pristine_seed321_t480k/geoexplorer.pt,swissviewmonuments,348,6,1,23,23,True,0,"[1, 2, 3, 8, 13, 18, 23]","[""right"", ""right"", ""down"", ""down"", ""down"", ""down""]","[1.0, 1.0, 1.0, 1.0, 1.0, 1.0]",6,img348_d6_s01_g23_r0,6,0
GeoExplorer-pristine,/root/geoexplorer/results/checkpoint/algo_dualseed480k_20260427/masa_plus_mmgag_arena_pristine_a040_a0405_sine0405_dualseed480k/wave2_seed321_4gpu/pristine_seed321_t480k/geoexplorer.pt,swissviewmonuments,349,4,20,24,8,False,4,"[20, 21, 22, 23, 18, 13, 8, 3, 8, 3, 8]","[""right"", ""right"", ""right"", ""up"", ""up"", ""up"", ""up"", ""down"", ""up"", ""down""]","[1.0, 1.0, 1.0, -1.0, -1.0, -1.0, -1.0, 1.0, -1.0, 1.0]",10,img349_d4_s20_g24_r0,4,6
GeoExplorer-pristine,/root/geoexplorer/results/checkpoint/algo_dualseed480k_20260427/masa_plus_mmgag_arena_pristine_a040_a0405_sine0405_dualseed480k/wave2_seed321_4gpu/pristine_seed321_t480k/geoexplorer.pt,swissviewmonuments,349,6,2,24,22,False,2,"[2, 3, 8, 13, 18, 23, 22, 23, 22, 23, 22]","[""right"", ""down"", ""down"", ""down"", ""down"", ""left"", ""right"", ""left"", ""right"", ""left""]","[1.0, 1.0, 1.0, 1.0, 1.0, -1.0, 1.0, -1.0, 1.0, -1.0]",10,img349_d6_s02_g24_r0,6,4
GeoExplorer-pristine,/root/geoexplorer/results/checkpoint/algo_dualseed480k_20260427/masa_plus_mmgag_arena_pristine_a040_a0405_sine0405_dualseed480k/wave2_seed321_4gpu/pristine_seed321_t480k/geoexplorer.pt,swissviewmonuments,349,8,0,24,18,False,2,"[0, 5, 10, 15, 16, 17, 18, 17, 18, 17, 18]","[""down"", ""down"", ""down"", ""right"", ""right"", ""right"", ""left"", ""right"", ""left"", ""right""]","[1.0, 1.0, 1.0, 1.0, 1.0, 1.0, -1.0, 1.0, -1.0, 1.0]",10,img349_d8_s00_g24_r0,8,2
GeoExplorer-pristine,/root/geoexplorer/results/checkpoint/algo_dualseed480k_20260427/masa_plus_mmgag_arena_pristine_a040_a0405_sine0405_dualseed480k/wave2_seed321_4gpu/pristine_seed321_t480k/geoexplorer.pt,swissviewmonuments,350,4,12,0,8,False,4,"[12, 11, 16, 15, 20, 21, 22, 23, 18, 13, 8]","[""left"", ""down"", ""left"", ""down"", ""right"", ""right"", ""right"", ""up"", ""up"", ""up""]","[1.0, -1.0, 1.0, -1.0, -1.0, -1.0, -1.0, 1.0, 1.0, 1.0]",10,img350_d4_s12_g00_r0,4,6
GeoExplorer-pristine,/root/geoexplorer/results/checkpoint/algo_dualseed480k_20260427/masa_plus_mmgag_arena_pristine_a040_a0405_sine0405_dualseed480k/wave2_seed321_4gpu/pristine_seed321_t480k/geoexplorer.pt,swissviewmonuments,350,6,18,0,20,False,4,"[18, 13, 8, 7, 6, 5, 10, 15, 20, 21, 20]","[""up"", ""up"", ""left"", ""left"", ""left"", ""down"", ""down"", ""down"", ""right"", ""left""]","[1.0, 1.0, 1.0, 1.0, 1.0, -1.0, -1.0, -1.0, -1.0, 1.0]",10,img350_d6_s18_g00_r0,6,4
GeoExplorer-pristine,/root/geoexplorer/results/checkpoint/algo_dualseed480k_20260427/masa_plus_mmgag_arena_pristine_a040_a0405_sine0405_dualseed480k/wave2_seed321_4gpu/pristine_seed321_t480k/geoexplorer.pt,swissviewmonuments,350,8,24,0,0,True,0,"[24, 19, 14, 9, 4, 3, 2, 1, 0]","[""up"", ""up"", ""up"", ""up"", ""left"", ""left"", ""left"", ""left""]","[1.0, 1.0, 1.0, 1.0, 1.0, 1.0, 1.0, 1.0]",8,img350_d8_s24_g00_r0,8,0
GeoExplorer-pristine,/root/geoexplorer/results/checkpoint/algo_dualseed480k_20260427/masa_plus_mmgag_arena_pristine_a040_a0405_sine0405_dualseed480k/wave2_seed321_4gpu/pristine_seed321_t480k/geoexplorer.pt,swissviewmonuments,351,4,13,1,21,False,4,"[13, 12, 11, 16, 15, 20, 21, 20, 15, 20, 21]","[""left"", ""left"", ""down"", ""left"", ""down"", ""right"", ""left"", ""up"", ""down"", ""right""]","[1.0, 1.0, -1.0, -1.0, -1.0, 1.0, -1.0, 1.0, -1.0, 1.0]",10,img351_d4_s13_g01_r0,4,6
GeoExplorer-pristine,/root/geoexplorer/results/checkpoint/algo_dualseed480k_20260427/masa_plus_mmgag_arena_pristine_a040_a0405_sine0405_dualseed480k/wave2_seed321_4gpu/pristine_seed321_t480k/geoexplorer.pt,swissviewmonuments,351,6,23,1,21,False,4,"[23, 22, 21, 20, 15, 10, 5, 10, 15, 20, 21]","[""left"", ""left"", ""left"", ""up"", ""up"", ""up"", ""down"", ""down"", ""down"", ""right""]","[1.0, 1.0, -1.0, 1.0, 1.0, 1.0, -1.0, -1.0, -1.0, 1.0]",10,img351_d6_s23_g01_r0,6,4
GeoExplorer-pristine,/root/geoexplorer/results/checkpoint/algo_dualseed480k_20260427/masa_plus_mmgag_arena_pristine_a040_a0405_sine0405_dualseed480k/wave2_seed321_4gpu/pristine_seed321_t480k/geoexplorer.pt,swissviewmonuments,352,4,16,2,6,False,2,"[16, 17, 18, 13, 8, 7, 6, 7, 6, 7, 6]","[""right"", ""right"", ""up"", ""up"", ""left"", ""left"", ""right"", ""left"", ""right"", ""left""]","[1.0, -1.0, 1.0, 1.0, 1.0, -1.0, 1.0, -1.0, 1.0, -1.0]",10,img352_d4_s16_g02_r0,4,6
GeoExplorer-pristine,/root/geoexplorer/results/checkpoint/algo_dualseed480k_20260427/masa_plus_mmgag_arena_pristine_a040_a0405_sine0405_dualseed480k/wave2_seed321_4gpu/pristine_seed321_t480k/geoexplorer.pt,swissviewmonuments,352,6,20,2,4,False,2,"[20, 21, 22, 23, 24, 19, 14, 9, 4, 9, 4]","[""right"", ""right"", ""right"", ""right"", ""up"", ""up"", ""up"", ""up"", ""down"", ""up""]","[1.0, 1.0, -1.0, -1.0, 1.0, 1.0, 1.0, 1.0, -1.0, 1.0]",10,img352_d6_s20_g02_r0,6,4
GeoExplorer-pristine,/root/geoexplorer/results/checkpoint/algo_dualseed480k_20260427/masa_plus_mmgag_arena_pristine_a040_a0405_sine0405_dualseed480k/wave2_seed321_4gpu/pristine_seed321_t480k/geoexplorer.pt,swissviewmonuments,353,4,5,3,9,False,2,"[5, 10, 15, 20, 21, 22, 23, 24, 19, 14, 9]","[""down"", ""down"", ""down"", ""right"", ""right"", ""right"", ""right"", ""up"", ""up"", ""up""]","[-1.0, -1.0, -1.0, 1.0, 1.0, 1.0, -1.0, 1.0, 1.0, 1.0]",10,img353_d4_s05_g03_r0,4,6
GeoExplorer-pristine,/root/geoexplorer/results/checkpoint/algo_dualseed480k_20260427/masa_plus_mmgag_arena_pristine_a040_a0405_sine0405_dualseed480k/wave2_seed321_4gpu/pristine_seed321_t480k/geoexplorer.pt,swissviewmonuments,353,6,15,3,3,True,0,"[15, 10, 5, 0, 1, 2, 3]","[""up"", ""up"", ""up"", ""right"", ""right"", ""right""]","[1.0, 1.0, 1.0, 1.0, 1.0, 1.0]",6,img353_d6_s15_g03_r0,6,0
GeoExplorer-pristine,/root/geoexplorer/results/checkpoint/algo_dualseed480k_20260427/masa_plus_mmgag_arena_pristine_a040_a0405_sine0405_dualseed480k/wave2_seed321_4gpu/pristine_seed321_t480k/geoexplorer.pt,swissviewmonuments,354,4,6,4,22,False,6,"[6, 11, 16, 17, 18, 23, 22, 23, 22, 21, 22]","[""down"", ""down"", ""right"", ""right"", ""down"", ""left"", ""right"", ""left"", ""left"", ""right""]","[-1.0, -1.0, 1.0, 1.0, -1.0, -1.0, 1.0, -1.0, -1.0, 1.0]",10,img354_d4_s06_g04_r0,4,6
GeoExplorer-pristine,/root/geoexplorer/results/checkpoint/algo_dualseed480k_20260427/masa_plus_mmgag_arena_pristine_a040_a0405_sine0405_dualseed480k/wave2_seed321_4gpu/pristine_seed321_t480k/geoexplorer.pt,swissviewmonuments,354,6,10,4,22,False,6,"[10, 11, 12, 13, 18, 23, 22, 23, 22, 21, 22]","[""right"", ""right"", ""right"", ""down"", ""down"", ""left"", ""right"", ""left"", ""left"", ""right""]","[1.0, 1.0, 1.0, -1.0, -1.0, -1.0, 1.0, -1.0, -1.0, 1.0]",10,img354_d6_s10_g04_r0,6,4
GeoExplorer-pristine,/root/geoexplorer/results/checkpoint/algo_dualseed480k_20260427/masa_plus_mmgag_arena_pristine_a040_a0405_sine0405_dualseed480k/wave2_seed321_4gpu/pristine_seed321_t480k/geoexplorer.pt,swissviewmonuments,354,8,20,4,4,True,0,"[20, 15, 10, 5, 0, 1, 2, 3, 4]","[""up"", ""up"", ""up"", ""up"", ""right"", ""right"", ""right"", ""right""]","[1.0, 1.0, 1.0, 1.0, 1.0, 1.0, 1.0, 1.0]",8,img354_d8_s20_g04_r0,8,0
GeoExplorer-pristine,/root/geoexplorer/results/checkpoint/algo_dualseed480k_20260427/masa_plus_mmgag_arena_pristine_a040_a0405_sine0405_dualseed480k/wave2_seed321_4gpu/pristine_seed321_t480k/geoexplorer.pt,swissviewmonuments,355,4,13,5,13,False,4,"[13, 12, 11, 10, 15, 20, 21, 22, 23, 18, 13]","[""left"", ""left"", ""left"", ""down"", ""down"", ""right"", ""right"", ""right"", ""up"", ""up""]","[1.0, 1.0, 1.0, -1.0, -1.0, -1.0, -1.0, -1.0, 1.0, 1.0]",10,img355_d4_s13_g05_r0,4,6
GeoExplorer-pristine,/root/geoexplorer/results/checkpoint/algo_dualseed480k_20260427/masa_plus_mmgag_arena_pristine_a040_a0405_sine0405_dualseed480k/wave2_seed321_4gpu/pristine_seed321_t480k/geoexplorer.pt,swissviewmonuments,355,6,23,5,5,True,0,"[23, 22, 21, 16, 11, 6, 5]","[""left"", ""left"", ""up"", ""up"", ""up"", ""left""]","[1.0, 1.0, 1.0, 1.0, 1.0, 1.0]",6,img355_d6_s23_g05_r0,6,0
GeoExplorer-pristine,/root/geoexplorer/results/checkpoint/algo_dualseed480k_20260427/masa_plus_mmgag_arena_pristine_a040_a0405_sine0405_dualseed480k/wave2_seed321_4gpu/pristine_seed321_t480k/geoexplorer.pt,swissviewmonuments,356,4,22,6,6,True,0,"[22, 23, 18, 13, 8, 7, 6]","[""right"", ""up"", ""up"", ""up"", ""left"", ""left""]","[-1.0, 1.0, 1.0, 1.0, 1.0, 1.0]",6,img356_d4_s22_g06_r0,4,2
GeoExplorer-pristine,/root/geoexplorer/results/checkpoint/algo_dualseed480k_20260427/masa_plus_mmgag_arena_pristine_a040_a0405_sine0405_dualseed480k/wave2_seed321_4gpu/pristine_seed321_t480k/geoexplorer.pt,swissviewmonuments,356,6,24,6,2,False,2,"[24, 19, 14, 9, 4, 3, 2, 1, 0, 1, 2]","[""up"", ""up"", ""up"", ""up"", ""left"", ""left"", ""left"", ""left"", ""right"", ""right""]","[1.0, 1.0, 1.0, -1.0, 1.0, 1.0, 1.0, -1.0, 1.0, -1.0]",10,img356_d6_s24_g06_r0,6,4
GeoExplorer-pristine,/root/geoexplorer/results/checkpoint/algo_dualseed480k_20260427/masa_plus_mmgag_arena_pristine_a040_a0405_sine0405_dualseed480k/wave2_seed321_4gpu/pristine_seed321_t480k/geoexplorer.pt,swissviewmonuments,357,4,15,7,7,True,0,"[15, 10, 5, 6, 7]","[""up"", ""up"", ""right"", ""right""]","[1.0, 1.0, 1.0, 1.0]",4,img357_d4_s15_g07_r0,4,0
GeoExplorer-pristine,/root/geoexplorer/results/checkpoint/algo_dualseed480k_20260427/masa_plus_mmgag_arena_pristine_a040_a0405_sine0405_dualseed480k/wave2_seed321_4gpu/pristine_seed321_t480k/geoexplorer.pt,swissviewmonuments,358,4,16,8,8,True,0,"[16, 17, 18, 13, 8]","[""right"", ""right"", ""up"", ""up""]","[1.0, 1.0, 1.0, 1.0]",4,img358_d4_s16_g08_r0,4,0
GeoExplorer-pristine,/root/geoexplorer/results/checkpoint/algo_dualseed480k_20260427/masa_plus_mmgag_arena_pristine_a040_a0405_sine0405_dualseed480k/wave2_seed321_4gpu/pristine_seed321_t480k/geoexplorer.pt,swissviewmonuments,358,6,20,8,2,False,2,"[20, 21, 22, 23, 24, 19, 14, 9, 4, 3, 2]","[""right"", ""right"", ""right"", ""right"", ""up"", ""up"", ""up"", ""up"", ""left"", ""left""]","[1.0, 1.0, 1.0, -1.0, 1.0, 1.0, 1.0, -1.0, 1.0, -1.0]",10,img358_d6_s20_g08_r0,6,4
GeoExplorer-pristine,/root/geoexplorer/results/checkpoint/algo_dualseed480k_20260427/masa_plus_mmgag_arena_pristine_a040_a0405_sine0405_dualseed480k/wave2_seed321_4gpu/pristine_seed321_t480k/geoexplorer.pt,swissviewmonuments,359,4,23,9,7,False,2,"[23, 22, 21, 16, 11, 6, 7, 6, 11, 6, 7]","[""left"", ""left"", ""up"", ""up"", ""up"", ""right"", ""left"", ""down"", ""up"", ""right""]","[-1.0, -1.0, 1.0, 1.0, 1.0, 1.0, -1.0, -1.0, 1.0, 1.0]",10,img359_d4_s23_g09_r0,4,6
GeoExplorer-pristine,/root/geoexplorer/results/checkpoint/algo_dualseed480k_20260427/masa_plus_mmgag_arena_pristine_a040_a0405_sine0405_dualseed480k/wave2_seed321_4gpu/pristine_seed321_t480k/geoexplorer.pt,swissviewmonuments,359,6,15,9,23,False,4,"[15, 10, 5, 6, 7, 8, 13, 18, 23, 22, 23]","[""up"", ""up"", ""right"", ""right"", ""right"", ""down"", ""down"", ""down"", ""left"", ""right""]","[1.0, 1.0, 1.0, 1.0, 1.0, -1.0, -1.0, -1.0, -1.0, 1.0]",10,img359_d6_s15_g09_r0,6,4
GeoExplorer-pristine,/root/geoexplorer/results/checkpoint/algo_dualseed480k_20260427/masa_plus_mmgag_arena_pristine_a040_a0405_sine0405_dualseed480k/wave2_seed321_4gpu/pristine_seed321_t480k/geoexplorer.pt,swissviewmonuments,360,4,22,10,6,False,2,"[22, 23, 18, 13, 8, 7, 6, 5, 0, 5, 6]","[""right"", ""up"", ""up"", ""up"", ""left"", ""left"", ""left"", ""up"", ""down"", ""right""]","[-1.0, 1.0, 1.0, -1.0, 1.0, 1.0, 1.0, -1.0, 1.0, -1.0]",10,img360_d4_s22_g10_r0,4,6
GeoExplorer-pristine,/root/geoexplorer/results/checkpoint/algo_dualseed480k_20260427/masa_plus_mmgag_arena_pristine_a040_a0405_sine0405_dualseed480k/wave2_seed321_4gpu/pristine_seed321_t480k/geoexplorer.pt,swissviewmonuments,360,6,24,10,2,False,4,"[24, 19, 14, 9, 4, 3, 2, 1, 0, 1, 2]","[""up"", ""up"", ""up"", ""up"", ""left"", ""left"", ""left"", ""left"", ""right"", ""right""]","[1.0, 1.0, -1.0, -1.0, 1.0, 1.0, 1.0, 1.0, -1.0, -1.0]",10,img360_d6_s24_g10_r0,6,4
GeoExplorer-pristine,/root/geoexplorer/results/checkpoint/algo_dualseed480k_20260427/masa_plus_mmgag_arena_pristine_a040_a0405_sine0405_dualseed480k/wave2_seed321_4gpu/pristine_seed321_t480k/geoexplorer.pt,swissviewmonuments,361,4,3,11,21,False,2,"[3, 2, 1, 0, 5, 10, 15, 20, 15, 20, 21]","[""left"", ""left"", ""left"", ""down"", ""down"", ""down"", ""down"", ""up"", ""down"", ""right""]","[1.0, 1.0, -1.0, 1.0, 1.0, -1.0, -1.0, 1.0, -1.0, 1.0]",10,img361_d4_s03_g11_r0,4,6
GeoExplorer-pristine,/root/geoexplorer/results/checkpoint/algo_dualseed480k_20260427/masa_plus_mmgag_arena_pristine_a040_a0405_sine0405_dualseed480k/wave2_seed321_4gpu/pristine_seed321_t480k/geoexplorer.pt,swissviewmonuments,362,4,0,12,14,False,2,"[0, 1, 2, 3, 4, 9, 14, 19, 14, 19, 14]","[""right"", ""right"", ""right"", ""right"", ""down"", ""down"", ""down"", ""up"", ""down"", ""up""]","[1.0, 1.0, -1.0, -1.0, 1.0, 1.0, -1.0, 1.0, -1.0, 1.0]",10,img362_d4_s00_g12_r0,4,6
GeoExplorer-pristine,/root/geoexplorer/results/checkpoint/algo_dualseed480k_20260427/masa_plus_mmgag_arena_pristine_a040_a0405_sine0405_dualseed480k/wave2_seed321_4gpu/pristine_seed321_t480k/geoexplorer.pt,swissviewmonuments,363,4,5,13,19,False,2,"[5, 10, 15, 20, 21, 22, 23, 24, 19, 14, 19]","[""down"", ""down"", ""down"", ""right"", ""right"", ""right"", ""right"", ""up"", ""up"", ""down""]","[1.0, -1.0, -1.0, 1.0, 1.0, 1.0, -1.0, 1.0, 1.0, -1.0]",10,img363_d4_s05_g13_r0,4,6
GeoExplorer-pristine,/root/geoexplorer/results/checkpoint/algo_dualseed480k_20260427/masa_plus_mmgag_arena_pristine_a040_a0405_sine0405_dualseed480k/wave2_seed321_4gpu/pristine_seed321_t480k/geoexplorer.pt,swissviewmonuments,364,4,16,14,6,False,4,"[16, 17, 18, 13, 8, 7, 6, 5, 0, 5, 6]","[""right"", ""right"", ""up"", ""up"", ""left"", ""left"", ""left"", ""up"", ""down"", ""right""]","[1.0, 1.0, 1.0, -1.0, -1.0, -1.0, -1.0, -1.0, 1.0, 1.0]",10,img364_d4_s16_g14_r0,4,6
GeoExplorer-pristine,/root/geoexplorer/results/checkpoint/algo_dualseed480k_20260427/masa_plus_mmgag_arena_pristine_a040_a0405_sine0405_dualseed480k/wave2_seed321_4gpu/pristine_seed321_t480k/geoexplorer.pt,swissviewmonuments,364,6,20,14,8,False,2,"[20, 15, 10, 5, 6, 7, 8, 7, 8, 7, 8]","[""up"", ""up"", ""up"", ""right"", ""right"", ""right"", ""left"", ""right"", ""left"", ""right""]","[1.0, 1.0, -1.0, 1.0, 1.0, 1.0, -1.0, 1.0, -1.0, 1.0]",10,img364_d6_s20_g14_r0,6,4
GeoExplorer-pristine,/root/geoexplorer/results/checkpoint/algo_dualseed480k_20260427/masa_plus_mmgag_arena_pristine_a040_a0405_sine0405_dualseed480k/wave2_seed321_4gpu/pristine_seed321_t480k/geoexplorer.pt,swissviewmonuments,365,4,7,15,15,True,0,"[7, 6, 5, 10, 15]","[""left"", ""left"", ""down"", ""down""]","[1.0, 1.0, 1.0, 1.0]",4,img365_d4_s07_g15_r0,4,0
GeoExplorer-pristine,/root/geoexplorer/results/checkpoint/algo_dualseed480k_20260427/masa_plus_mmgag_arena_pristine_a040_a0405_sine0405_dualseed480k/wave2_seed321_4gpu/pristine_seed321_t480k/geoexplorer.pt,swissviewmonuments,365,6,9,15,23,False,4,"[9, 14, 19, 24, 23, 22, 23, 22, 23, 22, 23]","[""down"", ""down"", ""down"", ""left"", ""left"", ""right"", ""left"", ""right"", ""left"", ""right""]","[1.0, 1.0, -1.0, 1.0, 1.0, -1.0, 1.0, -1.0, 1.0, -1.0]",10,img365_d6_s09_g15_r0,6,4
GeoExplorer-pristine,/root/geoexplorer/results/checkpoint/algo_dualseed480k_20260427/masa_plus_mmgag_arena_pristine_a040_a0405_sine0405_dualseed480k/wave2_seed321_4gpu/pristine_seed321_t480k/geoexplorer.pt,swissviewmonuments,366,4,14,16,16,True,0,"[14, 19, 18, 17, 16]","[""down"", ""left"", ""left"", ""left""]","[1.0, 1.0, 1.0, 1.0]",4,img366_d4_s14_g16_r0,4,0
GeoExplorer-pristine,/root/geoexplorer/results/checkpoint/algo_dualseed480k_20260427/masa_plus_mmgag_arena_pristine_a040_a0405_sine0405_dualseed480k/wave2_seed321_4gpu/pristine_seed321_t480k/geoexplorer.pt,swissviewmonuments,366,6,4,16,18,False,2,"[4, 9, 14, 19, 24, 23, 22, 23, 24, 19, 18]","[""down"", ""down"", ""down"", ""down"", ""left"", ""left"", ""right"", ""right"", ""up"", ""left""]","[1.0, 1.0, 1.0, -1.0, 1.0, 1.0, -1.0, -1.0, 1.0, 1.0]",10,img366_d6_s04_g16_r0,6,4
GeoExplorer-pristine,/root/geoexplorer/results/checkpoint/algo_dualseed480k_20260427/masa_plus_mmgag_arena_pristine_a040_a0405_sine0405_dualseed480k/wave2_seed321_4gpu/pristine_seed321_t480k/geoexplorer.pt,swissviewmonuments,367,4,5,17,19,False,2,"[5, 6, 7, 8, 13, 18, 23, 24, 19, 24, 19]","[""right"", ""right"", ""right"", ""down"", ""down"", ""down"", ""right"", ""up"", ""down"", ""up""]","[1.0, 1.0, -1.0, 1.0, 1.0, -1.0, -1.0, 1.0, -1.0, 1.0]",10,img367_d4_s05_g17_r0,4,6
GeoExplorer-pristine,/root/geoexplorer/results/checkpoint/algo_dualseed480k_20260427/masa_plus_mmgag_arena_pristine_a040_a0405_sine0405_dualseed480k/wave2_seed321_4gpu/pristine_seed321_t480k/geoexplorer.pt,swissviewmonuments,368,4,10,18,14,False,2,"[10, 11, 12, 13, 14, 19, 14, 19, 14, 19, 14]","[""right"", ""right"", ""right"", ""right"", ""down"", ""up"", ""down"", ""up"", ""down"", ""up""]","[1.0, 1.0, 1.0, -1.0, 1.0, -1.0, 1.0, -1.0, 1.0, -1.0]",10,img368_d4_s10_g18_r0,4,6
GeoExplorer-pristine,/root/geoexplorer/results/checkpoint/algo_dualseed480k_20260427/masa_plus_mmgag_arena_pristine_a040_a0405_sine0405_dualseed480k/wave2_seed321_4gpu/pristine_seed321_t480k/geoexplorer.pt,swissviewmonuments,368,6,0,18,18,True,0,"[0, 1, 2, 3, 8, 13, 18]","[""right"", ""right"", ""right"", ""down"", ""down"", ""down""]","[1.0, 1.0, 1.0, 1.0, 1.0, 1.0]",6,img368_d6_s00_g18_r0,6,0
GeoExplorer-pristine,/root/geoexplorer/results/checkpoint/algo_dualseed480k_20260427/masa_plus_mmgag_arena_pristine_a040_a0405_sine0405_dualseed480k/wave2_seed321_4gpu/pristine_seed321_t480k/geoexplorer.pt,swissviewmonuments,369,4,21,19,19,True,0,"[21, 22, 23, 24, 19]","[""right"", ""right"", ""right"", ""up""]","[1.0, 1.0, 1.0, 1.0]",4,img369_d4_s21_g19_r0,4,0
GeoExplorer-pristine,/root/geoexplorer/results/checkpoint/algo_dualseed480k_20260427/masa_plus_mmgag_arena_pristine_a040_a0405_sine0405_dualseed480k/wave2_seed321_4gpu/pristine_seed321_t480k/geoexplorer.pt,swissviewmonuments,369,6,5,19,21,False,4,"[5, 6, 7, 8, 13, 18, 23, 22, 23, 22, 21]","[""right"", ""right"", ""right"", ""down"", ""down"", ""down"", ""left"", ""right"", ""left"", ""left""]","[1.0, 1.0, 1.0, 1.0, 1.0, -1.0, -1.0, 1.0, -1.0, -1.0]",10,img369_d6_s05_g19_r0,6,4
GeoExplorer-pristine,/root/geoexplorer/results/checkpoint/algo_dualseed480k_20260427/masa_plus_mmgag_arena_pristine_a040_a0405_sine0405_dualseed480k/wave2_seed321_4gpu/pristine_seed321_t480k/geoexplorer.pt,swissviewmonuments,370,4,12,20,20,True,0,"[12, 11, 16, 15, 20]","[""left"", ""down"", ""left"", ""down""]","[1.0, 1.0, 1.0, 1.0]",4,img370_d4_s12_g20_r0,4,0
GeoExplorer-pristine,/root/geoexplorer/results/checkpoint/algo_dualseed480k_20260427/masa_plus_mmgag_arena_pristine_a040_a0405_sine0405_dualseed480k/wave2_seed321_4gpu/pristine_seed321_t480k/geoexplorer.pt,swissviewmonuments,370,6,2,20,20,True,0,"[2, 1, 0, 5, 10, 15, 20]","[""left"", ""left"", ""down"", ""down"", ""down"", ""down""]","[1.0, 1.0, 1.0, 1.0, 1.0, 1.0]",6,img370_d6_s02_g20_r0,6,0
GeoExplorer-pristine,/root/geoexplorer/results/checkpoint/algo_dualseed480k_20260427/masa_plus_mmgag_arena_pristine_a040_a0405_sine0405_dualseed480k/wave2_seed321_4gpu/pristine_seed321_t480k/geoexplorer.pt,swissviewmonuments,370,8,4,20,20,True,0,"[4, 9, 14, 19, 18, 17, 16, 15, 20]","[""down"", ""down"", ""down"", ""left"", ""left"", ""left"", ""left"", ""down""]","[1.0, 1.0, 1.0, 1.0, 1.0, 1.0, 1.0, 1.0]",8,img370_d8_s04_g20_r0,8,0
GeoExplorer-pristine,/root/geoexplorer/results/checkpoint/algo_dualseed480k_20260427/masa_plus_mmgag_arena_pristine_a040_a0405_sine0405_dualseed480k/wave2_seed321_4gpu/pristine_seed321_t480k/geoexplorer.pt,swissviewmonuments,371,4,1,21,21,True,0,"[1, 6, 11, 16, 17, 18, 17, 16, 21]","[""down"", ""down"", ""down"", ""right"", ""right"", ""left"", ""left"", ""down""]","[1.0, 1.0, 1.0, -1.0, -1.0, 1.0, 1.0, 1.0]",8,img371_d4_s01_g21_r0,4,4
GeoExplorer-pristine,/root/geoexplorer/results/checkpoint/algo_dualseed480k_20260427/masa_plus_mmgag_arena_pristine_a040_a0405_sine0405_dualseed480k/wave2_seed321_4gpu/pristine_seed321_t480k/geoexplorer.pt,swissviewmonuments,371,6,3,21,21,True,0,"[3, 2, 1, 0, 5, 10, 15, 20, 21]","[""left"", ""left"", ""left"", ""down"", ""down"", ""down"", ""down"", ""right""]","[1.0, 1.0, -1.0, 1.0, 1.0, 1.0, 1.0, 1.0]",8,img371_d6_s03_g21_r0,6,2
GeoExplorer-pristine,/root/geoexplorer/results/checkpoint/algo_dualseed480k_20260427/masa_plus_mmgag_arena_pristine_a040_a0405_sine0405_dualseed480k/wave2_seed321_4gpu/pristine_seed321_t480k/geoexplorer.pt,swissviewmonuments,372,4,2,22,22,True,0,"[2, 1, 6, 11, 16, 21, 22]","[""left"", ""down"", ""down"", ""down"", ""down"", ""right""]","[-1.0, 1.0, 1.0, 1.0, 1.0, 1.0]",6,img372_d4_s02_g22_r0,4,2
GeoExplorer-pristine,/root/geoexplorer/results/checkpoint/algo_dualseed480k_20260427/masa_plus_mmgag_arena_pristine_a040_a0405_sine0405_dualseed480k/wave2_seed321_4gpu/pristine_seed321_t480k/geoexplorer.pt,swissviewmonuments,372,6,4,22,20,False,2,"[4, 9, 14, 19, 18, 17, 16, 15, 20, 21, 20]","[""down"", ""down"", ""down"", ""left"", ""left"", ""left"", ""left"", ""down"", ""right"", ""left""]","[1.0, 1.0, 1.0, 1.0, 1.0, -1.0, -1.0, 1.0, 1.0, -1.0]",10,img372_d6_s04_g22_r0,6,4
GeoExplorer-pristine,/root/geoexplorer/results/checkpoint/algo_dualseed480k_20260427/masa_plus_mmgag_arena_pristine_a040_a0405_sine0405_dualseed480k/wave2_seed321_4gpu/pristine_seed321_t480k/geoexplorer.pt,swissviewmonuments,373,4,3,23,15,False,4,"[3, 2, 1, 0, 5, 10, 15, 20, 15, 20, 15]","[""left"", ""left"", ""left"", ""down"", ""down"", ""down"", ""down"", ""up"", ""down"", ""up""]","[-1.0, -1.0, -1.0, 1.0, 1.0, 1.0, 1.0, -1.0, 1.0, -1.0]",10,img373_d4_s03_g23_r0,4,6
GeoExplorer-pristine,/root/geoexplorer/results/checkpoint/algo_dualseed480k_20260427/masa_plus_mmgag_arena_pristine_a040_a0405_sine0405_dualseed480k/wave2_seed321_4gpu/pristine_seed321_t480k/geoexplorer.pt,swissviewmonuments,373,6,5,23,23,True,0,"[5, 10, 15, 20, 21, 22, 23]","[""down"", ""down"", ""down"", ""right"", ""right"", ""right""]","[1.0, 1.0, 1.0, 1.0, 1.0, 1.0]",6,img373_d6_s05_g23_r0,6,0
GeoExplorer-pristine,/root/geoexplorer/results/checkpoint/algo_dualseed480k_20260427/masa_plus_mmgag_arena_pristine_a040_a0405_sine0405_dualseed480k/wave2_seed321_4gpu/pristine_seed321_t480k/geoexplorer.pt,swissviewmonuments,374,4,12,24,20,False,4,"[12, 11, 6, 7, 8, 13, 18, 23, 22, 21, 20]","[""left"", ""up"", ""right"", ""right"", ""down"", ""down"", ""down"", ""left"", ""left"", ""left""]","[-1.0, -1.0, 1.0, 1.0, 1.0, 1.0, 1.0, -1.0, -1.0, -1.0]",10,img374_d4_s12_g24_r0,4,6
GeoExplorer-pristine,/root/geoexplorer/results/checkpoint/algo_dualseed480k_20260427/masa_plus_mmgag_arena_pristine_a040_a0405_sine0405_dualseed480k/wave2_seed321_4gpu/pristine_seed321_t480k/geoexplorer.pt,swissviewmonuments,374,6,6,24,20,False,4,"[6, 7, 8, 13, 18, 23, 22, 21, 20, 15, 20]","[""right"", ""right"", ""down"", ""down"", ""down"", ""left"", ""left"", ""left"", ""up"", ""down""]","[1.0, 1.0, 1.0, 1.0, 1.0, -1.0, -1.0, -1.0, -1.0, 1.0]",10,img374_d6_s06_g24_r0,6,4
GeoExplorer-pristine,/root/geoexplorer/results/checkpoint/algo_dualseed480k_20260427/masa_plus_mmgag_arena_pristine_a040_a0405_sine0405_dualseed480k/wave2_seed321_4gpu/pristine_seed321_t480k/geoexplorer.pt,swissviewmonuments,374,8,0,24,22,False,2,"[0, 5, 10, 15, 20, 21, 22, 23, 22, 23, 22]","[""down"", ""down"", ""down"", ""down"", ""right"", ""right"", ""right"", ""left"", ""right"", ""left""]","[1.0, 1.0, 1.0, 1.0, 1.0, 1.0, 1.0, -1.0, 1.0, -1.0]",10,img374_d8_s00_g24_r0,8,2
