timestamp,episode,time_step,current_ep_reward,rolling_avg_reward,episode_successes,rolling_success_ratio,avg_steps_recent,avg_deviation_recent,val_success,best_val_success,policy_loss,value_loss,entropy,approx_kl,clip_fraction,oracle_bc_loss,sil_loss,update_epochs_ran,actor_lr,critic_lr,reward_factor,reward_mode,progress_metric,elapsed_sec
2026-05-19T14:32:02.807778,0,1090,-406.24691139655164,-406.24691139655164,16,0.08695652173913043,2.625,1.125,1,1,-0.005372494633775204,1.0203463584184647,1.1397114098072052,0.0010621654044371091,0.0,0.0,0.0,4,9.999000000000001e-05,9.999000000000001e-05,1.0,in,l2sq,28.28965950012207
2026-05-19T14:32:24.552752,1,2196,-450.7777608992805,-428.5123361479161,21,0.10054347826086957,2.72972972972973,1.0810810810810811,1,1,-0.002508789367857367,0.9969073385000229,1.1558735072612762,7.426134543493668e-05,0.0,0.0,0.0,4,9.997500199995001e-05,9.997500199995001e-05,1.0,in,l2sq,50.034613370895386
2026-05-19T14:32:56.861652,2,3355,-441.02811834230124,-441.02811834230124,19,0.10144927536231885,2.9642857142857144,1.1071428571428572,5,5,-0.0022856958647025916,0.9750214666128159,1.1317252665758133,-0.00020735816287925646,0.0,0.0,0.0,4,9.995500799930005e-05,9.995500799930005e-05,1.0,in,l2sq,82.34334063529968
2026-05-19T14:33:20.666950,3,4489,-396.9939539063243,-419.0110361243128,20,0.10326086956521739,2.8684210526315788,1.0,5,5,-0.0012934238038724288,1.0103842318058014,1.1239182502031326,0.0007227964604680955,0.0,0.0,0.0,4,9.993501799725028e-05,9.993501799725028e-05,1.0,in,l2sq,106.14884066581726
2026-05-19T14:33:52.486484,4,5559,-385.78243799607674,-385.78243799607674,21,0.10543478260869565,3.0,1.0721649484536082,5,5,-0.0016789138666354342,1.0186430215835571,1.1102825701236725,-3.655561085907921e-05,0.0,0.0,0.0,4,9.992002799440073e-05,9.992002799440073e-05,1.0,in,l2sq,137.968177318573
2026-05-19T14:34:16.093769,5,6690,-452.7974584004876,-419.28994819828216,15,0.10144927536231885,3.2589285714285716,1.2678571428571428,5,5,-0.0015223480884742346,0.9768096134066582,1.1010550558567047,-0.0008001949561730927,0.0,0.0,0.0,4,9.990504048980171e-05,9.990504048980171e-05,1.0,in,l2sq,161.57565212249756
2026-05-19T14:34:49.162070,6,7842,-421.710850587432,-421.710850587432,22,0.10403726708074534,3.3656716417910446,1.3134328358208955,6,6,-0.002032215197687093,0.9598833248019218,1.089365467429161,0.0002948770350485186,0.0,0.0,0.0,4,9.988506048075416e-05,9.988506048075416e-05,1.0,in,l2sq,194.6438057422638
2026-05-19T14:35:10.596880,7,8918,-383.2842568454751,-402.4975537164536,20,0.10461956521739131,3.357142857142857,1.2727272727272727,6,6,-0.001658499985933315,0.9743937700986862,1.0795220136642456,0.0006442203928600232,0.0,0.0,0.0,4,9.987007797140718e-05,9.987007797140718e-05,1.0,in,l2sq,216.07878518104553
2026-05-19T14:35:48.529342,8,10011,-394.4378871327286,-394.4378871327286,19,0.10446859903381643,3.3815028901734103,1.2485549132947977,7,7,-0.0018932465754915029,1.0041820779442787,1.0491914749145508,0.0007097242574673063,0.0,0.0,0.0,4,9.985509795906185e-05,9.985509795906185e-05,1.0,in,l2sq,254.01101446151733
2026-05-19T14:36:09.804087,9,11073,-392.1065898850922,-393.2722385089104,19,0.10434782608695652,3.40625,1.2916666666666667,7,7,-0.0018003523720836467,0.9651801958680153,1.0299010872840881,0.0008398168843996232,0.0,0.0,0.0,4,9.983512793802104e-05,9.983512793802104e-05,1.0,in,l2sq,275.2860152721405
2026-05-19T14:36:34.210504,10,12145,-343.02782705550527,-343.02782705550527,25,0.10721343873517787,3.49,1.27,6,7,-0.0012111842937883033,0.9444866925477982,1.001755103468895,-0.00025086061395995785,0.0,0.0,0.0,4,9.982015291843063e-05,9.982015291843063e-05,1.0,in,l2sq,299.69241428375244
2026-05-19T14:36:56.344603,11,13272,-389.5201200033458,-366.2739735294256,20,0.10733695652173914,3.595,1.29,7,7,-0.0009374409908559644,0.9865579456090927,0.983957402408123,0.00022298145468084563,0.0,0.0,0.0,4,9.980518039459364e-05,9.980518039459364e-05,1.0,in,l2sq,321.82650089263916
2026-05-19T14:37:20.451535,12,14323,-295.1888282837284,-295.1888282837284,32,0.1124581939799331,3.645,1.24,6,7,-0.0012173742252343245,0.9992087483406067,0.9873465299606323,-0.00040463868537016223,0.0,0.0,0.0,4,9.978522035656652e-05,9.978522035656652e-05,1.0,in,l2sq,345.93347549438477
2026-05-19T14:37:42.392326,13,15439,-315.88944182462916,-305.5391350541788,25,0.11413043478260869,3.77,1.27,7,7,-0.0011960298259509061,0.9957941770553589,0.9892978444695473,-0.00040341528597307406,0.0,0.0,0.0,4,9.976526431034742e-05,9.976526431034742e-05,1.0,in,l2sq,367.8742370605469
2026-05-19T14:38:07.118767,14,16521,-398.1560625353724,-398.1560625353724,18,0.11304347826086956,3.66,1.17,6,7,-0.0014701694686664046,0.9673746526241302,0.9778052121400833,0.0008413085291976985,0.0,0.0,0.0,4,9.97502997701265e-05,9.97502997701265e-05,1.0,in,l2sq,392.60068583488464
2026-05-19T14:38:28.293466,15,17598,-378.95889905611193,-388.5574807957422,27,0.11514945652173914,3.625,1.1,7,7,-0.002328595586004678,0.9672793000936508,0.9615438207983971,0.0005690661597328173,0.0,0.0,0.0,4,9.973533772391248e-05,9.973533772391248e-05,1.0,in,l2sq,413.77536249160767
2026-05-19T14:38:52.675002,16,18654,-356.35920403289657,-356.35920403289657,21,0.11508951406649616,3.69,1.07,3,7,-0.0012224547790538054,0.9756171852350235,0.9551758840680122,0.0022877244409755734,0.0,0.0,0.0,4,9.971539165372108e-05,9.971539165372108e-05,1.0,in,l2sq,438.1569299697876
2026-05-19T14:39:13.702493,17,19726,-345.4139733251812,-350.8865886790389,24,0.11594202898550725,3.68,1.0,7,7,-0.0010996148397680594,1.0060493350028992,0.9208364337682724,0.0017515673884190563,0.0,0.0,0.0,4,9.970043459427396e-05,9.970043459427396e-05,1.0,in,l2sq,459.18438148498535
2026-05-19T14:39:39.591736,18,20857,-372.0601516485217,-372.0601516485217,25,0.1169908466819222,3.715,0.92,3,7,-0.0019210957383620775,0.940338559448719,0.9114671051502228,0.00030405968755076174,0.0,0.0,0.0,4,9.968548002758701e-05,9.968548002758701e-05,1.0,in,l2sq,485.07367300987244
2026-05-19T14:40:02.020720,19,21995,-396.7597145854076,-384.4099331169647,20,0.11657608695652173,3.69,0.81,7,7,-0.0013587922039731692,0.9821580871939659,0.8573116213083267,0.00014614814172091845,0.0,0.0,0.0,4,9.966554392843628e-05,9.966554392843628e-05,1.0,in,l2sq,507.50261402130127
2026-05-19T14:40:26.488912,20,23054,-324.72126462489797,-324.72126462489797,31,0.12065217391304348,3.71,0.78,3,7,-0.002004774542001597,0.9744878187775612,0.8576525375247002,-0.00013748354450627285,0.0,0.0,0.0,4,9.964561181630603e-05,9.964561181630603e-05,1.0,in,l2sq,531.970822095871
2026-05-19T14:40:47.475965,21,24123,-317.4778171986097,-321.0995409117538,29,0.12282608695652174,3.625,0.68,7,7,-0.001041737210471183,1.0182275176048279,0.869645893573761,0.0021440977754537127,0.0,0.0,0.0,4,9.963066522366007e-05,9.963066522366007e-05,1.0,in,l2sq,552.9578478336334
2026-05-19T14:41:12.175093,22,25186,-242.49955020896385,-242.49955020896385,33,0.1266304347826087,3.61,0.6,2,7,-0.0014128242019069148,0.9553370326757431,0.8988175988197327,0.0006011615705574375,0.0,0.0,0.0,4,9.961572112202985e-05,9.961572112202985e-05,1.0,in,l2sq,577.6570417881012
2026-05-19T14:41:32.680500,23,26232,-305.6889930667241,-274.094271637844,27,0.12853260869565217,3.58,0.59,7,7,-0.002873335842741631,0.94510318338871,0.9069662690162659,0.00018536403567853688,0.0,0.0,0.0,4,9.960077901291331e-05,9.960077901291331e-05,1.0,in,l2sq,598.1623692512512
2026-05-19T14:41:57.742822,24,27317,-305.20149424102874,-305.20149424102874,34,0.13206521739130433,3.555,0.61,1,7,-0.0013652562705829263,0.9826569333672523,0.9035941064357758,0.00046459889854302827,0.0,0.0,0.0,4,9.958583939406527e-05,9.958583939406527e-05,1.0,in,l2sq,623.2247722148895
2026-05-19T14:42:18.885643,25,28392,-330.8005331052023,-318.0010136731155,27,0.13532608695652174,3.615,0.67,7,7,-0.0010082312204757748,0.9742400497198105,0.8853276744484901,0.00011950763338294812,0.0,0.0,0.0,4,9.956592322204485e-05,9.956592322204485e-05,1.0,in,l2sq,644.3675301074982
2026-05-19T14:42:44.651664,26,29493,-315.35537277173455,-315.35537277173455,24,0.1358695652173913,3.71,0.7,0,7,-0.0014607548830099515,0.9440709874033928,0.8966637030243874,-7.168433330662083e-05,0.0,0.0,0.0,4,9.954601103305968e-05,9.954601103305968e-05,1.0,in,l2sq,670.1336171627045
2026-05-19T14:43:05.642930,27,30563,-315.53033435261887,-315.4428535621767,24,0.13695652173913042,3.65,0.69,7,7,-0.0010288417790434434,1.0001238286495209,0.8868716061115265,-0.00013832810036545906,0.0,0.0,0.0,4,9.95310793802822e-05,9.95310793802822e-05,1.0,in,l2sq,691.1248099803925
2026-05-19T14:43:30.979562,28,31610,-338.4187785023496,-338.4187785023496,25,0.13858695652173914,3.66,0.72,2,7,-0.0011904020473593735,0.9535033404827118,0.8817011937499046,0.0003277549472954777,0.0,0.0,0.0,4,9.951615021603055e-05,9.951615021603055e-05,1.0,in,l2sq,716.4614951610565
2026-05-19T14:43:52.229628,29,32696,-327.1038840826254,-332.7613312924875,25,0.14021739130434782,3.685,0.72,7,7,-0.0021529697245568635,0.9847046285867691,0.891373410820961,-0.00017707570477792922,0.0,0.0,0.0,4,9.949624798114885e-05,9.949624798114885e-05,1.0,in,l2sq,737.7115514278412
2026-05-19T14:44:16.727701,30,33763,-307.7286143739202,-307.7286143739202,28,0.14103260869565218,3.565,0.71,3,7,-0.0017710820276988226,1.0189815163612366,0.8632920533418655,0.00021362066945584957,0.0,0.0,0.0,4,9.948132379270474e-05,9.948132379270474e-05,1.0,in,l2sq,762.2096321582794
2026-05-19T14:44:38.114339,31,34857,-366.24004825136166,-336.98433131264096,21,0.14130434782608695,3.515,0.64,7,7,-0.0009565811578795547,0.9568495750427246,0.8665138781070709,3.4299152139261047e-05,0.0,0.0,0.0,4,9.946640209154246e-05,9.946640209154246e-05,1.0,in,l2sq,783.5962510108948
2026-05-19T14:45:03.294565,32,35961,-352.7566073754833,-352.7566073754833,19,0.13777173913043478,3.65,0.64,4,7,-0.0015229434167849942,0.9894969686865807,0.8482387810945511,0.00135393766031483,0.0,0.0,0.0,4,9.944650980578818e-05,9.944650980578818e-05,1.0,in,l2sq,808.7765145301819
2026-05-19T14:45:24.641121,33,37054,-357.2001515455616,-354.97837946052243,30,0.1391304347826087,3.61,0.58,7,7,-0.0009073153400094291,1.0004931390285492,0.8365563005208969,0.00026356441776442807,0.0,0.0,0.0,4,9.943159307794602e-05,9.943159307794602e-05,1.0,in,l2sq,830.1230447292328
2026-05-19T14:45:49.408890,34,38131,-313.56708050512424,-313.56708050512424,29,0.1421195652173913,3.535,0.6,3,7,-0.0023152162146289346,0.9644982814788818,0.8285365924239159,0.0006473595984061858,0.0,0.0,0.0,4,9.94166788361423e-05,9.94166788361423e-05,1.0,in,l2sq,854.8908083438873
2026-05-19T14:46:09.973406,35,39179,-292.9767583389818,-303.27191942205303,27,0.1421195652173913,3.555,0.54,7,7,-0.000969176759963386,0.9545500800013542,0.8006063029170036,0.0013162639355869046,0.0,0.0,0.0,4,9.939679649454187e-05,9.939679649454187e-05,1.0,in,l2sq,875.4553191661835
2026-05-19T14:46:35.279126,36,40279,-346.0148451884486,-346.0148451884486,24,0.14293478260869566,3.535,0.56,3,7,-0.0028439246350899783,0.961659237742424,0.8034525960683823,8.49085476147815e-05,0.0,0.0,0.0,4,9.938188722357209e-05,9.938188722357209e-05,1.0,in,l2sq,900.7610492706299
2026-05-19T14:46:56.357706,37,41355,-312.0479820294178,-329.03141360893324,31,0.14483695652173914,3.58,0.59,7,7,-0.0017438814407796377,0.9522915929555893,0.825871929526329,0.0006215908957528937,0.0,0.0,0.0,4,9.9366980437398e-05,9.9366980437398e-05,1.0,in,l2sq,921.8396053314209
2026-05-19T14:47:21.387651,38,42446,-322.6185727820416,-322.6185727820416,24,0.14456521739130435,3.57,0.54,3,7,-0.002196636641747296,0.9343068301677704,0.8388644084334373,7.919436975498129e-05,0.0003906250058207661,0.0,0.0,4,9.934710803498032e-05,9.934710803498032e-05,1.0,in,l2sq,946.8696007728577
2026-05-19T14:47:43.221856,39,43559,-366.0666247519972,-344.3425987670194,20,0.14456521739130435,3.565,0.55,7,7,-0.0026669413358830774,0.9511959403753281,0.9009687528014183,-0.0001369783247355573,0.0003906250058207661,0.0,0.0,4,9.932723960684441e-05,9.932723960684441e-05,1.0,in,l2sq,968.7037460803986
2026-05-19T14:48:07.105996,40,44600,-286.3745332909512,-286.3745332909512,27,0.14347826086956522,3.58,0.66,4,7,-0.0010308876589988358,1.013088881969452,0.9033978134393692,-0.00035355565923966825,0.0,0.0,0.0,4,9.93123407692339e-05,9.93123407692339e-05,1.0,in,l2sq,992.5879511833191
2026-05-19T14:48:28.136388,41,45660,-263.744391785008,-275.0594625379796,35,0.1451086956521739,3.615,0.65,7,7,-0.001136983202741193,0.9660905003547668,0.9142240732908249,0.0006463035329943578,0.0,0.0,0.0,4,9.929744441468022e-05,9.929744441468022e-05,1.0,in,l2sq,1013.6182804107666
2026-05-19T14:48:53.112187,42,46746,-314.5457396927447,-314.5457396927447,22,0.1421195652173913,3.61,0.7,3,7,-0.0021115618132170333,0.9392402023077011,0.9251155629754066,-0.0003396360679289445,0.0,0.0,0.0,4,9.927758591877174e-05,9.927758591877174e-05,1.0,in,l2sq,1038.5941407680511
2026-05-19T14:49:14.500363,43,47831,-260.02566165903687,-287.2857006758908,29,0.14266304347826086,3.675,0.73,7,7,-0.0024772212665993276,0.9354938417673111,0.8848363161087036,0.0009714198546134645,0.0,0.0,0.0,4,9.92626945290903e-05,9.92626945290903e-05,1.0,in,l2sq,1059.9822261333466
2026-05-19T14:49:38.448132,44,48865,-276.0258479474727,-276.0258479474727,27,0.14076086956521738,3.785,0.76,2,7,-0.002465757065510832,0.9577246457338333,0.864183321595192,0.0012442619693502077,0.0,0.0,0.0,4,9.924780562122441e-05,9.924780562122441e-05,1.0,in,l2sq,1083.9300801753998
2026-05-19T14:49:59.761719,45,49954,-296.91058440743535,-286.468216177454,22,0.13940217391304346,3.785,0.76,7,7,-0.0018728517198268735,0.9373700618743896,0.8745458126068115,0.0009142999937466652,0.0,0.0,0.0,4,9.922795705257824e-05,9.922795705257824e-05,1.0,in,l2sq,1105.243644952774
2026-05-19T14:50:24.731992,46,51048,-391.50134628204677,-391.50134628204677,18,0.13777173913043478,3.785,0.83,4,7,-0.0009712885883343958,0.9447096139192581,0.8514840453863144,-0.0004398035671329126,0.0,0.0,0.0,4,9.921307310710265e-05,9.921307310710265e-05,1.0,in,l2sq,1130.2139282226562
2026-05-19T14:50:45.874843,47,52129,-250.81373964653335,-321.1575429642901,34,0.14048913043478262,3.83,0.8,7,7,-0.0018932651917566712,0.9792593270540237,0.8439672291278839,0.001125655182113404,0.0,0.0,0.0,4,9.919819164220195e-05,9.919819164220195e-05,1.0,in,l2sq,1151.3567571640015
2026-05-19T14:51:09.987937,48,53175,-274.847136414532,-274.847136414532,28,0.14130434782608695,3.88,0.83,2,7,-0.0021335942641598216,0.9828342869877815,0.8181483969092369,0.00035174928125344604,0.0,0.0,0.0,4,9.917835299585544e-05,9.917835299585544e-05,1.0,in,l2sq,1175.4698767662048
2026-05-19T14:51:31.081917,49,54241,-294.4871422515081,-284.66713933302003,17,0.1391304347826087,3.82,0.8,7,7,-0.0016661047906382231,0.9747598469257355,0.8028744161128998,0.0021977051888825427,0.0,0.0,0.0,4,9.916347649086434e-05,9.916347649086434e-05,1.0,in,l2sq,1196.563847541809
2026-05-19T14:51:57.652075,50,55350,-352.7117129878501,-352.7117129878501,20,0.13695652173913042,3.915,0.82,2,7,-0.001935794224846188,0.9614653214812279,0.8356286063790321,1.9082806829717747e-06,0.0,0.0,0.0,4,9.91486024652081e-05,9.91486024652081e-05,1.0,in,l2sq,1223.1339843273163
2026-05-19T14:52:19.103839,51,56444,-312.17632781619966,-332.4440204020249,27,0.13858695652173914,3.775,0.74,7,7,-0.0016176418030227069,0.9635360762476921,0.7912552803754807,0.0006361616185131536,0.0,0.0,0.0,4,9.912877373620108e-05,9.912877373620108e-05,1.0,in,l2sq,1244.5857644081116
2026-05-19T14:52:42.496857,52,57457,-262.7109259551184,-262.7109259551184,25,0.14021739130434782,3.78,0.74,3,7,-0.0013048887427431488,0.9917838424444199,0.7949801385402679,0.0005460960499477086,0.0,0.0,0.0,4,9.911390466797497e-05,9.911390466797497e-05,1.0,in,l2sq,1267.9787685871124
2026-05-19T14:53:04.796190,53,58593,-328.7171395140391,-295.7140327345787,30,0.14021739130434782,3.745,0.72,7,7,-0.001925905841926645,0.9551427960395813,0.7566765546798706,0.0005408662254921953,0.0,0.0,0.0,4,9.90990380778443e-05,9.90990380778443e-05,1.0,in,l2sq,1290.2781076431274
2026-05-19T14:53:30.247019,54,59688,-269.60755742153003,-269.60755742153003,34,0.14157608695652174,3.76,0.64,1,7,-0.002709357102867127,0.9941776767373085,0.7784174308180809,0.0007648073989912491,0.0037109375989530236,0.0,0.0,4,9.907921926121912e-05,9.907921926121912e-05,1.0,in,l2sq,1315.72895693779
2026-05-19T14:53:51.128120,55,60758,-302.63122378808646,-286.11939060480825,25,0.14103260869565218,3.63,0.6,7,7,-0.0022855788236484376,0.9562650173902512,0.7922824025154114,0.0017583697204827334,0.0007812500116415322,0.0,0.0,4,9.906435762604037e-05,9.906435762604037e-05,1.0,in,l2sq,1336.6100475788116
2026-05-19T14:54:14.901246,56,61784,-256.10087325889685,-256.10087325889685,29,0.1423913043478261,3.64,0.61,1,7,-0.001366601927293265,0.9448382332921028,0.7611584290862083,0.0006891096075833311,0.0,0.0,0.0,4,9.904949846771825e-05,9.904949846771825e-05,1.0,in,l2sq,1360.3831806182861
2026-05-19T14:54:35.487724,57,62835,-291.4351743669056,-273.7680238129012,15,0.13804347826086957,3.56,0.58,7,7,-0.0030147616489556994,0.9023702964186668,0.7854990661144257,0.0007392059022095082,0.0023437500931322575,0.0,0.0,4,9.902968955851969e-05,9.902968955851969e-05,1.0,in,l2sq,1380.969589471817
2026-05-19T14:55:00.803290,58,63937,-260.90536379145516,-260.90536379145516,29,0.13940217391304346,3.73,0.67,0,7,-0.00246228732285092,1.0211133062839508,0.7999959588050842,0.0028325072475127167,0.012109375005820766,0.0,0.0,4,9.901483535267252e-05,9.901483535267252e-05,1.0,in,l2sq,1406.2852504253387
2026-05-19T14:55:20.856073,59,64962,-240.16720710677433,-250.53628544911476,30,0.1421195652173913,3.75,0.69,7,7,-0.0013520028638595583,0.9523484036326408,0.759164959192276,0.001051614577590987,0.00019531250291038305,0.0,0.0,4,9.899998362244381e-05,9.899998362244381e-05,1.0,in,l2sq,1426.3379633426666
2026-05-19T14:55:46.111213,60,66061,-267.84081976912177,-267.84081976912177,29,0.14266304347826086,3.75,0.67,0,7,-0.0016449727700091898,0.8977828025817871,0.799340158700943,0.00043233390642852254,0.0,0.0,0.0,4,9.898018461571916e-05,9.898018461571916e-05,1.0,in,l2sq,1451.5931708812714
2026-05-19T14:56:06.391984,61,67100,-238.67353291246178,-253.25717634079177,26,0.14021739130434782,3.77,0.69,7,7,-0.001693074434297115,0.9157955795526505,0.8039693236351013,-0.0008328502881340683,0.0,0.0,0.0,4,9.896533783548964e-05,9.896533783548964e-05,1.0,in,l2sq,1471.8739137649536
2026-05-19T14:56:30.677430,62,68149,-261.9220378096836,-261.9220378096836,27,0.14157608695652174,3.78,0.71,1,7,-0.0006258129972593895,1.001148670911789,0.7890781238675117,0.0002187668896113052,0.0,0.0,0.0,4,9.8950493529641e-05,9.8950493529641e-05,1.0,in,l2sq,1496.1593742370605
2026-05-19T14:56:52.867173,63,69281,-329.71833914292114,-295.8201884763024,27,0.14103260869565218,3.9,0.69,7,7,-0.0020595401831088322,0.9412384331226349,0.783426932990551,0.0006254177102619444,0.0,0.0,0.0,4,9.893070442044003e-05,9.893070442044003e-05,1.0,in,l2sq,1518.349066734314
2026-05-19T14:57:17.765820,64,70363,-267.0570332025603,-267.0570332025603,29,0.14157608695652174,4.03,0.74,2,7,-0.0013687506347195288,0.8737755864858627,0.7905615866184235,0.0012599874622537532,0.0,0.0,0.0,4,9.89158650621161e-05,9.89158650621161e-05,1.0,in,l2sq,1543.2477769851685
2026-05-19T14:57:39.028376,65,71448,-274.9924189298103,-271.0247260661853,31,0.14402173913043478,3.86,0.68,7,7,-0.0017560273932757942,0.9202171787619591,0.8280769884586334,0.001724060906963165,0.0,0.0,0.0,4,9.89010281769361e-05,9.89010281769361e-05,1.0,in,l2sq,1564.510278224945
2026-05-19T14:58:03.583942,66,72514,-293.5227264563586,-293.5227264563586,15,0.14320652173913043,3.82,0.65,2,7,-0.001348911993409141,0.9384512230753899,0.7967896983027458,-0.00022939163918636596,0.0,0.0,0.0,4,9.8881248960311e-05,9.8881248960311e-05,1.0,in,l2sq,1589.0658671855927
2026-05-19T14:58:24.311193,67,73575,-237.3346453350739,-265.4286858957163,31,0.1423913043478261,3.86,0.65,7,7,-0.002006726004765369,0.9166749864816666,0.8173796534538269,0.00036533283928292387,0.0,0.0,0.0,4,9.886641702018244e-05,9.886641702018244e-05,1.0,in,l2sq,1609.793120622635
2026-05-19T14:58:49.410468,68,74667,-280.5091163976101,-280.5091163976101,23,0.14103260869565218,3.865,0.59,1,7,-0.0024026513405261407,0.9630330726504326,0.813038133084774,0.0008816869138172506,0.0003906250058207661,0.0,0.0,4,9.885158755196149e-05,9.885158755196149e-05,1.0,in,l2sq,1634.8923864364624
2026-05-19T14:59:09.826227,69,75710,-264.7864366216107,-272.64777650961037,28,0.14402173913043478,3.975,0.63,7,7,-0.0034437728434568438,0.9357262998819351,0.8086166083812714,-0.0003753433338715695,0.012304687756113708,0.0,0.0,4,9.883181822296698e-05,9.883181822296698e-05,1.0,in,l2sq,1655.3081526756287
2026-05-19T14:59:33.527697,70,76736,-197.88983580672192,-197.88983580672192,32,0.14728260869565218,3.8,0.62,2,7,-0.0022471934440546626,0.9997626394033432,0.8219598084688187,0.0015529659867752343,0.0,0.0,0.0,4,9.881699369732543e-05,9.881699369732543e-05,1.0,in,l2sq,1679.009640455246
2026-05-19T14:59:54.689653,71,77819,-212.29807430759186,-205.0939550571569,30,0.1480978260869565,3.765,0.67,7,7,-0.002916883755824662,0.9671539813280106,0.8031794875860214,0.0013188590015488638,0.0017578125116415322,0.0,0.0,4,9.880217164235581e-05,9.880217164235581e-05,1.0,in,l2sq,1700.1715731620789
2026-05-19T15:00:19.009258,72,78875,-229.64107994415477,-229.64107994415477,30,0.14945652173913043,3.81,0.62,1,7,-0.0020551351963149223,0.9309322535991669,0.8280527666211128,0.0017630761609325474,0.0021484375465661287,0.0,0.0,4,9.878241219604905e-05,9.878241219604905e-05,1.0,in,l2sq,1724.4911761283875
2026-05-19T15:00:39.861883,73,79945,-252.88858748240636,-241.26483371328055,21,0.1470108695652174,3.925,0.68,7,7,-0.002050969735137187,0.963831901550293,0.7979070693254471,0.0005232069437625109,0.0011718750465661287,0.0,0.0,4,9.876759508118803e-05,9.876759508118803e-05,1.0,in,l2sq,1745.3437767028809
2026-05-19T15:01:05.835467,74,81081,-277.06805813926707,-277.06805813926707,18,0.14266304347826086,3.95,0.72,1,7,-0.0038052336545661425,0.9634176045656204,0.7973480001091957,0.0014051254809601121,0.008593750186264515,0.0,0.0,4,9.875278043576383e-05,9.875278043576383e-05,1.0,in,l2sq,1771.3174061775208
2026-05-19T15:01:26.508996,75,82137,-257.396365523406,-267.23221183133654,30,0.14402173913043478,4.015,0.74,7,7,-0.0017265766902710977,0.9285293146967888,0.7932494655251503,0.0005229230006989494,0.0,0.0,0.0,4,9.87330308672045e-05,9.87330308672045e-05,1.0,in,l2sq,1791.9908821582794
2026-05-19T15:01:51.491566,76,83222,-217.71107687284592,-217.71107687284592,32,0.14483695652173914,3.85,0.7,1,7,-0.0023369170870864986,1.0128007307648659,0.7585288137197495,0.0006610838318010792,0.0005859375232830644,0.0,0.0,4,9.871328524836136e-05,9.871328524836136e-05,1.0,in,l2sq,1816.9735178947449
2026-05-19T15:02:13.139277,77,84279,-276.13702575560393,-246.92405131422493,26,0.14782608695652175,3.835,0.66,7,7,-0.0033795535739045146,0.961445540189743,0.7990094125270844,4.325386471465409e-05,0.008984374813735485,0.0,0.0,4,9.869847850236967e-05,9.869847850236967e-05,1.0,in,l2sq,1838.621194601059
2026-05-19T15:02:39.157840,78,85361,-251.51415193340318,-251.51415193340318,37,0.15,3.84,0.6,0,7,-0.001758277414774051,0.9805899783968925,0.7551922127604485,0.0017171596746265866,0.0005859375232830644,0.0,0.0,4,9.868367422408671e-05,9.868367422408671e-05,1.0,in,l2sq,1864.6397762298584
2026-05-19T15:03:00.826361,79,86424,-245.9075635764906,-248.7108577549469,19,0.1470108695652174,3.865,0.61,7,7,-0.002039168444753159,0.9420681670308113,0.7625321000814438,0.0004818115088710273,0.0,0.0,0.0,4,9.866393847607864e-05,9.866393847607864e-05,1.0,in,l2sq,1886.3082740306854
2026-05-19T15:03:26.545814,80,87496,-225.0906992838285,-225.0906992838285,27,0.14646739130434783,3.725,0.53,0,7,-0.001217651383194629,1.002140998840332,0.7526049911975861,0.0011076128226704673,0.0,0.0,0.0,4,9.864913913197941e-05,9.864913913197941e-05,1.0,in,l2sq,1912.0277335643768
2026-05-19T15:03:48.699038,81,88583,-186.24176994053457,-205.66623461218154,33,0.1483695652173913,3.795,0.52,7,7,-0.002395270807028227,0.9801222309470177,0.7658520117402077,0.0004830303869312047,0.00019531250291038305,0.0,0.0,4,9.863434225435531e-05,9.863434225435531e-05,1.0,in,l2sq,1934.1809394359589
2026-05-19T15:04:14.843530,82,89654,-213.1620114074148,-213.1620114074148,29,0.14891304347826087,3.825,0.53,0,7,-0.0025089597504120986,0.9564402028918266,0.714519165456295,-0.00013984376982992264,0.0009765625,0.0,0.0,4,9.861461637224785e-05,9.861461637224785e-05,1.0,in,l2sq,1960.3254697322845
2026-05-19T15:04:36.378110,83,90713,-193.65161759636342,-203.40681450188913,28,0.14918478260869567,3.905,0.59,7,7,-0.002526933007175103,0.9856203645467758,0.7355286926031113,0.0018759910788503364,0.004687500186264515,0.0,0.0,4,9.85998244263409e-05,9.85998244263409e-05,1.0,in,l2sq,1981.85999751091
2026-05-19T15:05:03.867274,84,91874,-210.36509474769198,-210.36509474769198,32,0.15,4.12,0.66,2,7,-0.0029231750304461457,0.9874478206038475,0.7040987834334373,0.0011718446233317248,0.007812500232830644,0.0,0.0,4,9.858503494567607e-05,9.858503494567607e-05,1.0,in,l2sq,2009.3492019176483
2026-05-19T15:05:26.310295,85,92975,-182.16433993887466,-196.26471734328334,35,0.15108695652173912,4.38,0.75,7,7,-0.003136379735951794,0.987443745136261,0.6992188543081284,0.0014326134281872904,0.004101562502910383,0.0,0.0,4,9.85653189245373e-05,9.85653189245373e-05,1.0,in,l2sq,2031.7922110557556
2026-05-19T15:05:51.506224,86,94027,-156.59715668718587,-156.59715668718587,38,0.15733695652173912,4.265,0.76,2,7,-0.002388864796375678,0.9827766567468643,0.727278009057045,0.0018861416472646386,0.012109375384170562,0.0,0.0,4,9.855053437312424e-05,9.855053437312424e-05,1.0,in,l2sq,2056.9881694316864
2026-05-19T15:06:13.112016,87,95087,-155.51026114988085,-156.05370891853335,35,0.15842391304347825,4.34,0.75,7,7,-0.00213282784243346,0.9713123068213463,0.7151992246508598,0.0005760428667599682,0.00019531250291038305,0.0,0.0,4,9.853575228572095e-05,9.853575228572095e-05,1.0,in,l2sq,2078.5938794612885
2026-05-19T15:06:36.856970,88,96070,-139.1180352261326,-139.1180352261326,31,0.16059782608695652,4.295,0.7,2,7,-0.0026956638961564416,0.9762401357293129,0.6957326084375381,0.0006513253894809279,0.0007812500116415322,0.0,0.0,4,9.851604612062134e-05,9.851604612062134e-05,1.0,in,l2sq,2102.338921546936
2026-05-19T15:06:57.657761,89,97096,-76.28310639165038,-107.70057080889148,43,0.16467391304347825,4.235,0.67,7,7,-0.0034743205178529024,0.9791750013828278,0.6869474351406097,0.001126546369778228,0.0027343749534338713,0.0,0.0,4,9.850126896000567e-05,9.850126896000567e-05,1.0,in,l2sq,2123.1396412849426
2026-05-19T15:07:23.308708,90,98171,-171.0080689532883,-171.0080689532883,36,0.16576086956521738,4.045,0.58,2,7,-0.003105473294272132,0.9540040045976639,0.691016361117363,0.0007195619096819345,0.0005859375087311491,0.0,0.0,4,9.848649426216802e-05,9.848649426216802e-05,1.0,in,l2sq,2148.79065990448
2026-05-19T15:07:44.926240,91,99232,-187.76289494147034,-179.38548194737933,27,0.16494565217391305,4.07,0.61,7,7,-0.003081536345416691,0.9795051962137222,0.6802713200449944,0.002043256431352336,0.0054687502852175385,0.0,0.0,4,9.846679794818054e-05,9.846679794818054e-05,1.0,in,l2sq,2170.408125400543
2026-05-19T15:08:11.472750,92,100348,-161.8300336887582,-161.8300336887582,37,0.16684782608695653,4.03,0.56,2,7,-0.0033092186495196074,0.9700247645378113,0.662364587187767,0.001888674293877568,0.001953125,0.0,0.0,4,9.845202817466762e-05,9.845202817466762e-05,1.0,in,l2sq,2196.954701900482
2026-05-19T15:08:33.627894,93,101437,-186.33910352544004,-174.08456860709913,37,0.17119565217391305,4.125,0.62,7,7,-0.003078848510267518,0.9961637184023857,0.6383911892771721,0.0017222840444446885,0.00683593780559022,0.0,0.0,4,9.843726086270156e-05,9.843726086270156e-05,1.0,in,l2sq,2219.1097598075867
2026-05-19T15:08:59.697615,94,102530,-197.14852116151377,-197.14852116151377,32,0.175,4.235,0.65,2,7,-0.0020168874980299734,1.0019393116235733,0.648044764995575,0.0012295327102038178,0.0005859375232830644,0.0,0.0,4,9.841757439490163e-05,9.841757439490163e-05,1.0,in,l2sq,2245.17954993248
2026-05-19T15:09:23.302376,95,103687,-126.88985264821889,-162.01918690486633,40,0.17771739130434783,4.55,0.64,7,7,-0.002773350695497334,0.9670963883399963,0.6201006025075912,-0.00015525241642533327,0.004101562546566129,0.0,0.0,4,9.83978918641984e-05,9.83978918641984e-05,1.0,in,l2sq,2268.7842757701874
2026-05-19T15:09:48.933207,96,104763,-118.13686429884856,-118.13686429884856,43,0.18070652173913043,4.585,0.63,3,7,-0.0019667759654111716,1.000921443104744,0.5965583920478821,-0.00031360417488032755,0.0003906250058207661,0.0,0.0,4,9.83831324264258e-05,9.83831324264258e-05,1.0,in,l2sq,2294.415137529373
2026-05-19T15:10:11.085955,97,105851,-187.6535659561283,-152.89521512748843,27,0.18097826086956523,4.705,0.65,7,7,-0.001890973750414554,0.9855689033865929,0.6150676980614662,0.0009444623428862542,0.0,0.0,0.0,4,9.83683754484775e-05,9.83683754484775e-05,1.0,in,l2sq,2316.5678703784943
2026-05-19T15:10:37.412015,98,106963,-168.81060398558665,-168.81060398558665,35,0.18043478260869567,4.765,0.57,4,7,-0.0021862470093763076,0.9697129800915718,0.5970840603113174,0.00020977638204160154,0.00019531250291038305,0.0,0.0,4,9.834870275707157e-05,9.834870275707157e-05,1.0,in,l2sq,2342.89395070076
2026-05-19T15:10:57.372596,99,107948,-135.0527820191768,-151.93169300238173,37,0.18532608695652175,4.87,0.62,7,7,-0.003037142776884494,1.0108454823493958,0.6012132316827774,0.0006719484023051392,0.0003906250058207661,0.0,0.0,4,9.833395069754206e-05,9.833395069754206e-05,1.0,in,l2sq,2362.854517221451
2026-05-19T15:11:23.626876,100,108990,-125.12841815133325,-125.12841815133325,42,0.18940217391304348,4.69,0.56,3,7,-0.0015900075501121824,0.9859037175774574,0.5680943951010704,0.0007714405797742165,0.0017578124825377017,0.0,0.0,4,9.831920109660717e-05,9.831920109660717e-05,1.0,in,l2sq,2389.1087992191315
2026-05-19T15:11:46.055260,101,110090,-148.24912613496133,-136.68877214314728,32,0.1891304347826087,4.475,0.52,7,7,-0.002098403543573088,0.9717605859041214,0.5830259621143341,0.0007403366438666209,0.002343750005820766,0.0,0.0,4,9.829953823957986e-05,9.829953823957986e-05,1.0,in,l2sq,2411.537177324295
2026-05-19T15:12:12.259960,102,111212,-87.55522870487722,-87.55522870487722,40,0.1921195652173913,4.6,0.57,3,7,-0.002299125574063421,0.9566957503557205,0.5538551062345505,0.000788982235098934,0.0,0.0,0.0,4,9.828479355460505e-05,9.828479355460505e-05,1.0,in,l2sq,2437.741893053055
2026-05-19T15:12:32.430988,103,112250,-109.37183767491601,-98.46353318989662,35,0.19402173913043477,4.555,0.57,7,7,-0.0027901540248421453,0.9836168736219406,0.5463984906673431,0.0010800181000377163,0.001757812569849193,0.0,0.0,4,9.827005132699583e-05,9.827005132699583e-05,1.0,in,l2sq,2457.912905931473
2026-05-19T15:12:56.543324,104,113306,-155.90487613446882,-155.90487613446882,36,0.19510869565217392,4.425,0.42,4,7,-0.002897622545424361,0.9496193006634712,0.590320311486721,0.002053506332958921,0.007812500203726813,0.0,0.0,4,9.825039829943096e-05,9.825039829943096e-05,1.0,in,l2sq,2482.0252368450165
2026-05-19T15:13:17.336995,105,114355,-105.06651803002768,-130.48569708224824,38,0.19592391304347825,4.575,0.45,7,7,-0.001960445972508773,0.9927479922771454,0.5108939856290817,0.00045033659334875464,0.0003906250058207661,0.0,0.0,4,9.823566098532432e-05,9.823566098532432e-05,1.0,in,l2sq,2502.818918466568
2026-05-19T15:13:41.914974,106,115391,-168.71242009702075,-168.71242009702075,33,0.19456521739130433,4.545,0.47,4,7,-0.0025822315670667173,0.9709516540169716,0.57483921200037,0.001507976252833037,0.0009765625145519152,0.0,0.0,4,9.822092612735484e-05,9.822092612735484e-05,1.0,in,l2sq,2527.396901369095
2026-05-19T15:14:03.880999,107,116456,-121.0708671649969,-144.89164363100883,45,0.19728260869565217,4.5,0.39,7,7,-0.0015062422025948763,0.982326328754425,0.5374164879322052,0.0014809524232987092,0.0007812500116415322,0.0,0.0,4,9.820619323400032e-05,9.820619323400032e-05,1.0,in,l2sq,2549.3629212379456
2026-05-19T15:14:30.139538,108,117545,-120.3307953786472,-120.3307953786472,37,0.19891304347826086,4.685,0.42,4,7,-0.002805778400215786,0.9783771634101868,0.5465846285223961,0.0005216844269056997,0.0029296874563442543,0.0,0.0,4,9.819146279604619e-05,9.819146279604619e-05,1.0,in,l2sq,2575.621429681778
2026-05-19T15:14:51.622339,109,118587,-86.07101871435607,-103.20090704650164,47,0.2,4.705,0.44,7,7,-0.001969851928151911,0.9805048108100891,0.5375416055321693,0.0010781598160065076,0.0003906250058207661,0.0,0.0,4,9.817182548540161e-05,9.817182548540161e-05,1.0,in,l2sq,2597.1042156219482
2026-05-19T15:15:18.001483,110,119679,-173.45142753900572,-173.45142753900572,33,0.19918478260869565,4.63,0.47,5,7,-0.0024836077995131767,0.9074946045875549,0.5538156628608704,0.0011560937754438866,0.0,0.0,0.0,4,9.815709995702064e-05,9.815709995702064e-05,1.0,in,l2sq,2623.483424425125
2026-05-19T15:15:40.390086,111,120764,-90.04256222039749,-131.74699487970162,41,0.20298913043478262,4.87,0.46,7,7,-0.0028782914159818374,0.9967610538005829,0.5314801260828972,0.0018184016445957213,0.0005859375232830644,0.0,0.0,4,9.814237688281258e-05,9.814237688281258e-05,1.0,in,l2sq,2645.871947288513
2026-05-19T15:16:11.790009,112,121827,-116.7973886759059,-116.7973886759059,39,0.20353260869565218,4.915,0.45,8,8,-0.002747119600826381,0.988915279507637,0.5025222450494766,0.000489949905204401,0.0025390625960426405,0.0,0.0,4,9.81227493888598e-05,9.81227493888598e-05,1.0,in,l2sq,2677.2717707157135
2026-05-19T15:16:32.883710,113,122852,-113.48387307287757,-115.14063087439175,37,0.20353260869565218,4.73,0.43,8,8,-0.001523199674557052,0.9631002992391586,0.5077597498893738,5.9481806602007525e-06,0.0003906250058207661,0.0,0.0,4,9.81080312217706e-05,9.81080312217706e-05,1.0,in,l2sq,2698.3655989170074
2026-05-19T15:16:59.140066,114,123947,-106.06385627369328,-106.06385627369328,41,0.20597826086956522,5.02,0.49,5,8,-0.0018864341298467369,0.9819176346063614,0.5133706852793694,0.00011296088505333146,0.0,0.0,0.0,4,9.80933155076275e-05,9.80933155076275e-05,1.0,in,l2sq,2724.621988296509
2026-05-19T15:17:21.366837,115,125023,-125.20548982480574,-115.6346730492495,37,0.20516304347826086,5.085,0.43,8,8,-0.0027478039613926253,0.9859466776251793,0.5203639268875122,0.001838781565857095,0.0021484375465661287,0.0,0.0,4,9.807369782545913e-05,9.807369782545913e-05,1.0,in,l2sq,2746.848706007004
2026-05-19T15:17:48.419295,116,126156,-109.10349133821688,-109.10349133821688,44,0.20543478260869566,5.005,0.49,6,8,-0.0021103170147398487,0.9383276402950287,0.497378583997488,0.0006445293728575049,0.001757812569849193,0.0,0.0,4,9.805408406663101e-05,9.805408406663101e-05,1.0,in,l2sq,2773.9012322425842
2026-05-19T15:18:11.029533,117,127253,-80.91073772012939,-95.00711452917314,41,0.20923913043478262,4.995,0.47,8,8,-0.001682832880760543,0.9622946530580521,0.49404435604810715,0.0008759096999710891,0.0007812500116415322,0.0,0.0,4,9.803937619916848e-05,9.803937619916848e-05,1.0,in,l2sq,2796.511412382126
2026-05-19T15:18:36.218127,118,128294,-109.51562273197693,-109.51562273197693,40,0.2105978260869565,4.935,0.56,5,8,-0.0027493500027049728,0.9710348770022392,0.47481948509812355,0.001249596255365748,0.0011718750465661287,0.0,0.0,4,9.802467078293549e-05,9.802467078293549e-05,1.0,in,l2sq,2821.7000494003296
2026-05-19T15:18:58.059674,119,129353,-84.80830222908521,-97.16196248053107,47,0.21331521739130435,4.715,0.54,8,8,-0.001940248754544932,0.9621672928333282,0.4645645171403885,0.0010835042282451302,0.0005859375232830644,0.0,0.0,4,9.800506682902561e-05,9.800506682902561e-05,1.0,in,l2sq,2843.5415608882904
2026-05-19T15:19:24.242683,120,130441,-101.45890285726024,-101.45890285726024,37,0.21195652173913043,4.675,0.55,5,8,-0.0025270783284213616,0.9439117759466171,0.44474974274635315,0.0022177052112964946,0.007812500232830644,0.0,0.0,4,9.799036631402618e-05,9.799036631402618e-05,1.0,in,l2sq,2869.7246339321136
2026-05-19T15:19:46.144890,121,131502,-23.486875387533406,-62.47288912239682,52,0.21739130434782608,4.755,0.51,8,8,-0.0017585833105840665,0.9828443452715874,0.45279495790600777,0.00027671670541165594,0.0,0.0,0.0,4,9.797566824903091e-05,9.797566824903091e-05,1.0,in,l2sq,2891.6267948150635
2026-05-19T15:20:11.042170,122,132532,-66.40151800433054,-66.40151800433054,49,0.21983695652173912,4.855,0.44,6,8,-0.0030943859834224458,0.9495814517140388,0.45917920395731926,0.000611861080142273,0.006250000355066732,0.0,0.0,4,9.79560740951378e-05,9.79560740951378e-05,1.0,in,l2sq,2916.5240864753723
2026-05-19T15:20:33.326211,123,133614,-162.18933482235187,-114.2954264133412,46,0.22282608695652173,4.93,0.37,8,8,-0.0009996235792641972,0.9538331478834152,0.4562971815466881,0.0002746728721831418,0.0003906250058207661,0.0,0.0,4,9.794138092892595e-05,9.794138092892595e-05,1.0,in,l2sq,2938.808119058609
2026-05-19T15:20:57.656910,124,134620,-40.980692785164926,-40.980692785164926,51,0.2269021739130435,4.855,0.33,7,8,-0.0019099377379462323,0.959461160004139,0.46441199257969856,0.00030746877100681913,0.00019531250291038305,0.0,0.0,4,9.79266902114935e-05,9.79266902114935e-05,1.0,in,l2sq,2963.1388347148895
2026-05-19T15:21:18.929192,125,135683,-97.2581404759653,-69.11941663056511,47,0.22934782608695653,4.72,0.3,8,8,-0.002156936406390808,0.9687139391899109,0.4744756706058979,0.002062808651498922,0.00019531250291038305,0.0,0.0,4,9.790710585271812e-05,9.790710585271812e-05,1.0,in,l2sq,2984.411109685898
2026-05-19T15:21:50.639724,126,136761,-83.26658247607878,-83.26658247607878,50,0.23396739130434782,4.795,0.3,8,8,-0.0020046443183673324,0.9830903261899948,0.45582884550094604,0.0006246398537768927,0.0011718750465661287,0.0,0.0,4,9.789242003162022e-05,9.789242003162022e-05,1.0,in,l2sq,3016.1214594841003
2026-05-19T15:22:12.993026,127,137841,-51.392176424386875,-67.32937945023284,55,0.23668478260869566,5.015,0.38,8,8,-0.0015016104945970998,0.9144013300538063,0.44144533947110176,0.000482639577694538,0.00019531250291038305,0.0,0.0,4,9.787773665807757e-05,9.787773665807757e-05,1.0,in,l2sq,3038.4749393463135
2026-05-19T15:22:44.178864,128,138833,-66.37516602877338,-66.37516602877338,49,0.23994565217391303,5.07,0.36,8,8,-0.0021016218612203152,0.9246505051851273,0.4600333720445633,0.0018317657764782558,0.0015625000232830644,0.0,0.0,4,9.786305524228544e-05,9.786305524228544e-05,1.0,in,l2sq,3069.6606302261353
2026-05-19T15:23:05.950338,129,139887,-95.22623155726849,-80.80069879302093,42,0.23858695652173914,5.22,0.39,8,8,-0.0028586205298779532,0.9361420497298241,0.42991021275520325,0.00026499901157422956,0.009570312569849193,0.0,0.0,4,9.784837627331439e-05,9.784837627331439e-05,1.0,in,l2sq,3091.432226419449
2026-05-19T15:23:31.426838,130,140949,-56.02771265713321,-56.02771265713321,52,0.24375,5.42,0.45,7,8,-0.002838450489798694,0.9545741230249405,0.4148775674402714,0.0011633812012405848,0.00429687493306119,0.0,0.0,4,9.782880757654349e-05,9.782880757654349e-05,1.0,in,l2sq,3116.908784866333
2026-05-19T15:23:53.284915,131,142012,-105.60014107422695,-80.81392686568009,36,0.24239130434782608,5.365,0.43,8,8,-0.0004152089422859717,0.9920582622289658,0.3995497450232506,0.0012414851837093122,0.0003906250058207661,0.0,0.0,4,9.781413349999126e-05,9.781413349999126e-05,1.0,in,l2sq,3138.766791343689
2026-05-19T15:24:27.350254,132,143023,-29.032811259695485,-29.032811259695485,55,0.2467391304347826,5.445,0.48,8,8,-0.0017272509605391062,0.9070601761341095,0.4154708608984947,0.0005571646327552915,0.0,0.0,0.0,4,9.779946186903694e-05,9.779946186903694e-05,1.0,in,l2sq,3172.8319733142853
2026-05-19T15:24:49.416813,133,144090,-135.97077690411516,-82.50179408190532,35,0.24619565217391304,5.31,0.48,8,8,-0.0014147140485874787,0.9597349539399147,0.42425505071878433,0.00034228311196783656,0.00019531250291038305,0.0,0.0,4,9.777990295465775e-05,9.777990295465775e-05,1.0,in,l2sq,3194.8986937999725
2026-05-19T15:25:14.966336,134,145155,-47.99852373702124,-47.99852373702124,47,0.24782608695652175,5.125,0.46,7,8,-0.0030462228634860478,0.9661120772361755,0.41594815254211426,0.0012694844050201715,0.0031250000465661287,0.0,0.0,4,9.776523621367653e-05,9.776523621367653e-05,1.0,in,l2sq,3220.4482793807983
2026-05-19T15:25:36.812794,135,146197,-34.737967477794555,-41.3682456074079,45,0.25,5.165,0.48,8,8,-0.0011556521318199786,0.9952588081359863,0.41396092250943184,0.0005314353508765676,0.0003906250058207661,0.0,0.0,4,9.775057191707066e-05,9.775057191707066e-05,1.0,in,l2sq,3242.294647216797
2026-05-19T15:26:10.978360,136,147309,-127.59176422283694,-127.59176422283694,46,0.2505434782608696,5.185,0.48,8,8,-0.002958739588211745,0.9969097971916199,0.4313334859907627,0.0003832068130577432,0.00429687496216502,0.0,0.0,4,9.773102278019298e-05,9.773102278019298e-05,1.0,in,l2sq,3276.4600834846497
2026-05-19T15:26:32.850667,137,148369,-59.74059047463911,-93.66617734873803,44,0.2513586956521739,5.31,0.46,8,8,-0.0006982415987295543,1.0195394456386566,0.4161243140697479,0.0020714576636237103,0.003906250145519152,0.0,0.0,4,9.771636337111572e-05,9.771636337111572e-05,1.0,in,l2sq,3298.332535982132
2026-05-19T15:27:06.005032,138,149446,-30.359163164270758,-30.359163164270758,51,0.2543478260869565,5.4,0.54,8,8,-0.0022952906809221574,0.9508067592978477,0.40694020316004753,0.0009844881122262339,0.0013671875494765118,0.0,0.0,4,9.770170640519187e-05,9.770170640519187e-05,1.0,in,l2sq,3331.486788034439
2026-05-19T15:27:28.695982,139,150542,-87.91296587866992,-59.13606452147034,43,0.2532608695652174,5.455,0.61,8,8,-0.0017364157582050455,0.9341042935848236,0.4060741402208805,0.0005056453145698275,0.001367187505820766,0.0,0.0,4,9.76821670409279e-05,9.76821670409279e-05,1.0,in,l2sq,3354.1778795719147
2026-05-19T15:28:01.957200,140,151603,-107.3240802530591,-107.3240802530591,52,0.25733695652173916,5.36,0.6,8,8,-0.0025723741215187834,0.9964140802621841,0.38521505147218704,0.0010541782396103205,0.0023437500931322575,0.0,0.0,4,9.76675149600894e-05,9.76675149600894e-05,1.0,in,l2sq,3387.4389617443085
2026-05-19T15:28:24.293993,141,152679,-57.23921851395515,-82.28164938350713,48,0.25625,5.355,0.51,8,8,-0.002387215541966775,0.9771446362137794,0.39802177250385284,0.0008874505117091869,0.0052734375931322575,0.0,0.0,4,9.765286532118295e-05,9.765286532118295e-05,1.0,in,l2sq,3409.7758553028107
2026-05-19T15:28:58.229632,142,153780,-94.74115922758315,-94.74115922758315,43,0.2546195652173913,5.54,0.54,8,8,-0.0023305279071792473,0.9766551330685616,0.4122513458132744,0.00035652855503941205,0.0005859375087311491,0.0,0.0,4,9.763333572464737e-05,9.763333572464737e-05,1.0,in,l2sq,3443.7113358974457
2026-05-19T15:29:19.893520,143,154834,-69.05724522535806,-81.8992022264706,44,0.25407608695652173,5.25,0.42,8,8,-0.0014193564828020033,0.9344166070222855,0.39694028347730637,0.0005334844721802678,0.00507812510477379,0.0,0.0,4,9.761869096838422e-05,9.761869096838422e-05,1.0,in,l2sq,3465.3754031658173
2026-05-19T15:29:51.812091,144,155895,-66.49903379167574,-66.49903379167574,46,0.25271739130434784,5.12,0.38,8,8,-0.002342816101736367,0.9872938543558121,0.3868464268743992,0.000995016765273249,0.002734375069849193,0.0,0.0,4,9.760404865283241e-05,9.760404865283241e-05,1.0,in,l2sq,3497.293827533722
2026-05-19T15:30:12.623472,145,156948,-102.19040028358603,-84.34471703763089,45,0.25217391304347825,5.06,0.4,8,8,-0.0017856352111266238,0.9916813895106316,0.3739554286003113,0.0008712874827324635,0.0007812500116415322,0.0,0.0,4,9.758452881914234e-05,9.758452881914234e-05,1.0,in,l2sq,3518.105352640152
2026-05-19T15:30:44.342278,146,158008,-85.3871624630095,-85.3871624630095,51,0.25244565217391307,5.02,0.42,9,9,-0.002071088596130699,0.9902221858501434,0.3866068199276924,-0.00027927548467232555,0.0,0.0,0.0,4,9.756989138379299e-05,9.756989138379299e-05,1.0,in,l2sq,3549.824206829071
2026-05-19T15:31:05.494780,147,159072,-80.02217921981595,-82.70467084141274,42,0.24891304347826088,5.135,0.43,9,9,-0.0021133073183591256,0.9745229706168175,0.3816177248954773,0.0023527505218225997,0.0033203125931322575,0.0,0.0,4,9.755525638793487e-05,9.755525638793487e-05,1.0,in,l2sq,3570.9767034053802
2026-05-19T15:31:29.759651,148,160124,-11.631856029247759,-11.631856029247759,53,0.25,5.305,0.49,8,9,-0.0033127032627817132,0.9771549999713898,0.36285196989774704,0.0007136590505069929,0.010156250122236088,0.0,0.0,4,9.753574631220985e-05,9.753574631220985e-05,1.0,in,l2sq,3595.2415585517883
2026-05-19T15:31:50.320005,149,161160,-93.94703552924675,-52.78944577924725,39,0.24918478260869564,5.395,0.51,9,9,-0.0019599288818425986,0.9347741454839706,0.399875745177269,0.0010771536177344165,0.004687500186264515,0.0,0.0,4,9.752111619411458e-05,9.752111619411458e-05,1.0,in,l2sq,3615.801933526993
2026-05-19T15:32:23.144831,150,162226,-43.45909273115131,-43.45909273115131,50,0.24864130434782608,5.435,0.5,9,9,-0.0014345464434881716,0.9828976690769196,0.38124241307377815,0.0004260788986357386,0.0005859375232830644,0.0,0.0,4,9.750648851429106e-05,9.750648851429106e-05,1.0,in,l2sq,3648.6267313957214
2026-05-19T15:32:44.232165,151,163302,-77.47016053180657,-60.464626631478936,52,0.2529891304347826,5.365,0.53,9,9,-0.003212551120668705,0.9711475223302841,0.3666114807128906,-0.00012153909101472737,0.004492187581490725,0.0,0.0,4,9.748698819165308e-05,9.748698819165308e-05,1.0,in,l2sq,3669.71409034729
2026-05-19T15:33:19.897401,152,164380,-72.63312772813146,-72.63312772813146,47,0.25081521739130436,5.175,0.49,10,10,-0.002443853777367666,0.9696353822946548,0.36371638625860214,0.0008470286280498895,0.0023437500931322575,0.0,0.0,4,9.7472365387154e-05,9.7472365387154e-05,1.0,in,l2sq,3705.3793127536774
2026-05-19T15:33:41.043502,153,165444,-61.58436420006485,-67.10874596409815,46,0.25380434782608696,4.96,0.47,10,10,-0.0019031368152354622,0.977343238890171,0.37000611796975136,9.90253173767993e-05,0.002148437575669959,0.0,0.0,4,9.745774501970775e-05,9.745774501970775e-05,1.0,in,l2sq,3726.525409221649
2026-05-19T15:34:13.751009,154,166479,-114.97722991975203,-114.97722991975203,34,0.25027173913043477,4.8,0.39,10,10,-0.002045609678316407,0.9487674832344055,0.393165722489357,-1.886586301223011e-05,0.00019531250291038305,0.0,0.0,4,9.743825444528126e-05,9.743825444528126e-05,1.0,in,l2sq,3759.2327144145966
2026-05-19T15:34:34.657638,155,167547,0.425985712417678,-57.275622103667175,64,0.2554347826086957,4.845,0.34,10,10,-0.0027469732507597877,0.9495151340961456,0.3432409167289734,0.0017460757807384597,0.0027343749534338713,0.0,0.0,4,9.742363895072229e-05,9.742363895072229e-05,1.0,in,l2sq,3780.139536857605
2026-05-19T15:35:05.523936,156,168580,-105.94634698247087,-105.94634698247087,33,0.2519021739130435,4.845,0.35,10,10,-0.0017645431842538417,0.9410794153809547,0.4082515873014927,-0.00030928044361644424,0.0013671875349245965,0.0,0.0,4,9.740902589199788e-05,9.740902589199788e-05,1.0,in,l2sq,3811.0056915283203
2026-05-19T15:35:26.498712,157,169636,-103.95558351539957,-104.95096524893522,36,0.2497282608695652,4.935,0.34,10,10,-0.0016530586854059948,0.985045313835144,0.3957679606974125,0.0009233833483904118,0.0037109375989530236,0.0,0.0,4,9.738954506090975e-05,9.738954506090975e-05,1.0,in,l2sq,3831.9805948734283
2026-05-19T15:35:51.401577,158,170742,-81.31747189388037,-81.31747189388037,42,0.24728260869565216,5.02,0.32,9,10,-0.0015821442502783611,0.9675915986299515,0.38676781207323074,0.002106712964814461,0.0027343749534338713,0.0,0.0,4,9.737493687263666e-05,9.737493687263666e-05,1.0,in,l2sq,3856.8835368156433
2026-05-19T15:36:11.794192,159,171782,-95.54680534870482,-88.4321386212926,42,0.2470108695652174,5.015,0.33,10,10,-0.0019652452130685116,0.9381899610161781,0.41741515323519707,0.0009650502072873213,0.004101562619325705,0.0,0.0,4,9.736033111898045e-05,9.736033111898045e-05,1.0,in,l2sq,3877.2760951519012
2026-05-19T15:36:43.613768,160,172863,-118.00527278857084,-118.00527278857084,43,0.24456521739130435,5.01,0.31,10,10,-0.0026495796468224975,0.9045846313238144,0.39573169499635696,4.1027416591510324e-05,0.0033203125931322575,0.0,0.0,4,9.734086002635996e-05,9.734086002635996e-05,1.0,in,l2sq,3909.095531463623
2026-05-19T15:37:04.984169,161,173955,-103.2291379696144,-110.61720537909261,48,0.24456521739130435,5.045,0.34,10,10,-0.002237387435161331,0.9630985856056213,0.40743058919906616,0.0009515316407487269,0.0035156249650754035,0.0,0.0,4,9.732625914072033e-05,9.732625914072033e-05,1.0,in,l2sq,3930.4660563468933
2026-05-19T15:37:29.264478,162,175026,-54.53232756378032,-54.53232756378032,47,0.24565217391304348,5.05,0.29,9,10,-0.0021054938493761943,0.9784248322248459,0.40136441588401794,0.0014425838486204212,0.0009765625,0.0,0.0,4,9.731166068848052e-05,9.731166068848052e-05,1.0,in,l2sq,3954.7464213371277
2026-05-19T15:37:50.604648,163,176115,-52.16095143323463,-53.34663949850747,51,0.24755434782608696,5.29,0.28,10,10,-0.0035336151457159293,0.9227112308144569,0.39367393031716347,0.002785454630884504,0.012890625002910383,0.0,0.0,4,9.729219932945944e-05,9.729219932945944e-05,1.0,in,l2sq,3976.086537837982
2026-05-19T15:38:22.317214,164,177188,-73.63907238747365,-73.63907238747365,45,0.24728260869565216,5.375,0.36,10,10,-0.0008988439978565577,0.9398741573095322,0.40335360169410706,0.00012572728674059563,0.0011718750465661287,0.0,0.0,4,9.727760574280268e-05,9.727760574280268e-05,1.0,in,l2sq,4007.7989478111267
2026-05-19T15:38:42.490912,165,178217,-126.96975227593754,-100.30441233170559,43,0.2467391304347826,5.41,0.33,10,10,-0.0015955273411236703,0.9802589267492294,0.40847789496183395,7.426946922350908e-06,0.0,0.0,0.0,4,9.726301458832929e-05,9.726301458832929e-05,1.0,in,l2sq,4027.9728307724
2026-05-19T15:39:18.818722,166,179286,-59.10041724399762,-59.10041724399762,50,0.24646739130434783,5.41,0.34,10,10,-0.002163161084172402,0.9281681254506111,0.3816872127354145,0.000610181207775895,0.0015625000523868948,0.0,0.0,4,9.724356295804179e-05,9.724356295804179e-05,1.0,in,l2sq,4064.3004353046417
2026-05-19T15:39:40.121104,167,180354,-80.6456233174169,-69.87302028070727,48,0.24809782608695652,5.255,0.38,10,10,-0.001036375781404808,0.9444022178649902,0.3725831210613251,0.00023153265110522486,0.0,0.0,0.0,4,9.722897666671914e-05,9.722897666671914e-05,1.0,in,l2sq,4085.6030282974243
2026-05-19T15:40:11.535422,168,181424,-90.34869638544188,-90.34869638544188,40,0.24456521739130435,5.165,0.36,11,11,-0.0024528519017621986,0.9641993641853333,0.3849688917398453,0.0010145774667762175,0.0013671875349245965,0.0,0.0,4,9.721439280636401e-05,9.721439280636401e-05,1.0,in,l2sq,4117.017177820206
2026-05-19T15:40:32.463062,169,182493,-21.721381481008446,-56.03503893322517,53,0.2483695652173913,5.215,0.39,11,11,-0.002444213490525815,0.9869624748826027,0.38114485144615173,0.0007010597169938015,0.0056640627881279215,0.0,0.0,4,9.719495089994667e-05,9.719495089994667e-05,1.0,in,l2sq,4137.944991350174
2026-05-19T15:41:04.725707,170,183593,-105.15199565011741,-105.15199565011741,50,0.2483695652173913,5.34,0.45,12,12,-0.0011390403207769406,0.9708837121725082,0.3825942873954773,0.0007204919322247871,0.0003906250058207661,0.0,0.0,4,9.718037190031121e-05,9.718037190031121e-05,1.0,in,l2sq,4170.207626342773
2026-05-19T15:41:25.887326,171,184675,-62.62562578948425,-83.88881071980083,52,0.2483695652173913,5.475,0.49,12,12,-0.002680058800615337,0.9075040444731712,0.3544163927435875,0.000504801215856783,0.0019531250291038305,0.0,0.0,4,9.716579533042803e-05,9.716579533042803e-05,1.0,in,l2sq,4191.369238376617
2026-05-19T15:41:49.857336,172,185737,-77.68711383350016,-77.68711383350016,58,0.2513586956521739,5.27,0.41,11,12,-0.002048915055638645,0.9750401079654694,0.35452651232481003,0.0018033952524547092,0.0078125,0.0,0.0,4,9.71463631430199e-05,9.71463631430199e-05,1.0,in,l2sq,4215.339249134064
2026-05-19T15:42:09.464178,173,186742,-44.22007011307219,-60.95359197328618,53,0.2532608695652174,5.22,0.39,12,12,-0.0022731065982952714,0.9899632483720779,0.35471776127815247,0.0010264049678880838,0.0007812500116415322,0.0,0.0,4,9.71317914314265e-05,9.71317914314265e-05,1.0,in,l2sq,4234.946082353592
2026-05-19T15:42:33.212022,174,187787,10.620205723409967,10.620205723409967,62,0.2608695652173913,5.05,0.32,9,12,-0.0009523060346964818,0.9521200135350227,0.3358936905860901,0.0014583156524622665,0.001953125072759576,0.0,0.0,4,9.711722214837074e-05,9.711722214837074e-05,1.0,in,l2sq,4258.693972349167
2026-05-19T15:42:52.991681,175,188799,-23.387080403272435,-6.383437339931234,51,0.25733695652173916,4.935,0.31,12,12,-0.0027034863538574205,0.9325534850358963,0.37012867629528046,-7.204459625426152e-05,0.0023437500931322575,0.0,0.0,4,9.710265480785367e-05,9.710265480785367e-05,1.0,in,l2sq,4278.473563909531
2026-05-19T15:43:16.998421,176,189857,-31.460005261590076,-31.460005261590076,52,0.2625,5.01,0.34,9,12,-0.0022103358336608148,0.935495100915432,0.34487879276275635,0.0018379567938609405,0.004882812616415322,0.0,0.0,4,9.708808989514577e-05,9.708808989514577e-05,1.0,in,l2sq,4302.4803586006165
2026-05-19T15:43:36.667548,177,190864,-38.938018176915044,-35.19901171925256,54,0.2673913043478261,5.195,0.37,12,12,-0.0022111006677732747,0.9136291444301605,0.3480585142970085,0.0012765392809342187,0.002734375011641532,0.0,0.0,4,9.706867324804766e-05,9.706867324804766e-05,1.0,in,l2sq,4322.149433135986
2026-05-19T15:43:59.980245,178,191888,-63.31978829781059,-63.31978829781059,49,0.2692934782608696,5.15,0.42,9,12,-0.0015097897761734147,0.924714595079422,0.3426884636282921,0.0017035949927958205,0.0,0.0,0.0,4,9.705411318974426e-05,9.705411318974426e-05,1.0,in,l2sq,4345.462201833725
2026-05-19T15:44:20.020016,179,192912,-63.743659936123585,-63.531724116967084,43,0.26956521739130435,5.17,0.41,12,12,-0.0015717679823865072,0.9571486860513687,0.3300687037408352,0.0010323740097419598,0.0,0.0,0.0,4,9.703955555803636e-05,9.703955555803636e-05,1.0,in,l2sq,4365.501924991608
2026-05-19T15:44:43.757834,180,193958,-92.28824014745067,-92.28824014745067,44,0.2698369565217391,5.125,0.34,9,12,-0.002195015941106271,1.0013551786541939,0.360796183347702,0.0008373199806101239,0.00019531250291038305,0.0,0.0,4,9.702014861732032e-05,9.702014861732032e-05,1.0,in,l2sq,4389.2397537231445
2026-05-19T15:45:05.325316,181,195061,-42.85636966985432,-67.57230490865248,53,0.27119565217391306,5.16,0.33,12,12,-0.0016944468225119635,0.9518512785434723,0.3344448655843735,0.0022648251298960087,0.0003906250058207661,0.0,0.0,4,9.700559583759022e-05,9.700559583759022e-05,1.0,in,l2sq,4410.807236671448
2026-05-19T15:45:29.537485,182,196107,-42.44704736352096,-42.44704736352096,50,0.2720108695652174,5.17,0.3,7,12,-0.0019563764712072773,0.9367618188261986,0.3425307720899582,-0.00030389224434665407,0.0023437500931322575,0.0,0.0,4,9.699104548324257e-05,9.699104548324257e-05,1.0,in,l2sq,4435.019410133362
2026-05-19T15:45:49.540906,183,197131,-30.248962287270288,-36.34800482539562,49,0.2714673913043478,5.215,0.28,12,12,-0.0025619561158237714,0.8963712379336357,0.34767434000968933,0.001061926571492261,0.0037109375989530236,0.0,0.0,4,9.697164824405638e-05,9.697164824405638e-05,1.0,in,l2sq,4455.022825717926
2026-05-19T15:46:14.055007,184,198210,-54.35635750225905,-54.35635750225905,50,0.2728260869565217,5.325,0.37,9,12,-0.0027467177133075893,0.9271426647901535,0.34543418139219284,0.001940863505478757,0.008203124918509275,0.0,0.0,4,9.695710273926101e-05,9.695710273926101e-05,1.0,in,l2sq,4479.536950588226
2026-05-19T15:46:35.787519,185,199320,-52.96868475894405,-53.66252113060155,50,0.2747282608695652,5.24,0.38,12,12,-0.002656841371208335,0.9187068194150925,0.34472447633743286,0.0004954037662628086,0.009570312686264515,0.0,0.0,4,9.694255965863563e-05,9.694255965863563e-05,1.0,in,l2sq,4501.26943230629
2026-05-19T15:47:00.823122,186,200428,-88.01076064010722,-88.01076064010722,51,0.275,5.365,0.34,8,12,-0.0022096283995779453,0.9012203365564346,0.34017299115657806,0.0009656724554588381,0.00390625,0.0,0.0,4,9.692317211612952e-05,9.692317211612952e-05,1.0,in,l2sq,4526.305037498474
2026-05-19T15:47:21.931529,187,201507,-35.790383466689995,-61.900572053398605,54,0.2766304347826087,5.455,0.4,12,12,-0.003895721014123499,1.005224347114563,0.3599257543683052,0.003318007152302016,0.0074218752852175385,0.0,0.0,4,9.690863388263215e-05,9.690863388263215e-05,1.0,in,l2sq,4547.413432598114
2026-05-19T15:47:46.108130,188,202577,-39.81510497135933,-39.81510497135933,54,0.28043478260869564,5.235,0.38,10,12,-0.001338942739675969,0.9203339219093323,0.3484109565615654,-1.9303841008871947e-05,0.004101562546566129,0.0,0.0,4,9.689409807209292e-05,9.689409807209292e-05,1.0,in,l2sq,4571.590073347092
2026-05-19T15:48:06.926432,189,203631,-18.138418435459563,-28.976761703409448,46,0.27853260869565216,5.225,0.38,12,12,-0.003787008722429097,0.9089989811182022,0.3403983414173126,0.0017177190160055193,0.009765625072759576,0.0,0.0,4,9.68747202214195e-05,9.68747202214195e-05,1.0,in,l2sq,4592.408308267593
2026-05-19T15:48:30.584473,190,204676,-11.08833125284587,-11.08833125284587,52,0.27907608695652175,5.125,0.3,9,12,-0.0013384849386057773,0.991087406873703,0.3354479819536209,0.0011140790492390473,0.009375000139698386,0.0,0.0,4,9.68601892555852e-05,9.68601892555852e-05,1.0,in,l2sq,4616.066417217255
2026-05-19T15:48:52.521546,191,205773,-43.79308054852501,-27.44070590068544,50,0.27853260869565216,5.21,0.29,12,12,-0.002050281137780968,0.9624041318893433,0.3707824870944023,0.0008034347651573598,0.0009765625291038305,0.0,0.0,4,9.68456607114978e-05,9.68456607114978e-05,1.0,in,l2sq,4638.003419876099
2026-05-19T15:49:17.479254,192,206816,4.926384560104664,4.926384560104664,59,0.27880434782608693,5.08,0.28,8,12,-0.0015597776087815651,0.936618834733963,0.3669433407485485,0.0007053360444842782,0.004492187639698386,0.0,0.0,4,9.682629254781212e-05,9.682629254781212e-05,1.0,in,l2sq,4662.961205244064
2026-05-19T15:49:39.035006,193,207872,-73.66105549476995,-34.367335467332644,47,0.27717391304347827,4.935,0.35,12,12,-0.0015692828601459041,0.9716496020555496,0.3424450531601906,0.0008412149030846208,0.0,0.0,0.0,4,9.681176884600778e-05,9.681176884600778e-05,1.0,in,l2sq,4684.516885519028
2026-05-19T15:50:04.566614,194,208926,2.0688242219152944,2.0688242219152944,51,0.27418478260869567,4.85,0.39,9,12,-0.0016568567807553891,0.979253001511097,0.36157410964369774,0.00025984383437391637,0.0005859375087311491,0.0,0.0,4,9.679724756473973e-05,9.679724756473973e-05,1.0,in,l2sq,4710.048548936844
2026-05-19T15:50:26.680502,195,209990,-29.073126462101232,-13.502151120092968,52,0.27445652173913043,4.825,0.38,12,12,-0.0021365363383665237,0.9386071711778641,0.3632708974182606,0.0005777761339231732,0.0005859375087311491,0.0,0.0,4,9.677788908319925e-05,9.677788908319925e-05,1.0,in,l2sq,4732.1624121665955
2026-05-19T15:50:52.349644,196,211076,-51.0944298987865,-51.0944298987865,53,0.2747282608695652,5.05,0.34,9,12,-0.0015149653161641297,0.9078354239463806,0.3433806002140045,0.0006936803556527593,0.0,0.0,0.0,4,9.67633726417936e-05,9.67633726417936e-05,1.0,in,l2sq,4757.83157491684
2026-05-19T15:51:13.889205,197,212134,-19.773867762268075,-35.43414883052729,48,0.27309782608695654,5.235,0.31,12,12,-0.003064818543498382,0.9715059846639633,0.3590291850268841,0.0008908945046982447,0.002539062508731149,0.0,0.0,4,9.674885861971419e-05,9.674885861971419e-05,1.0,in,l2sq,4779.371127843857
2026-05-19T15:51:38.121127,198,213157,-0.9603967010033156,-0.9603967010033156,53,0.27418478260869567,5.16,0.35,9,12,-0.0029472061200067345,0.9226306602358818,0.39386923983693123,0.0006655113651504382,0.00937500043073669,0.0,0.0,4,9.672950981547883e-05,9.672950981547883e-05,1.0,in,l2sq,4803.6030349731445
2026-05-19T15:51:59.999076,199,214234,38.40686706376494,18.72323518138081,53,0.2769021739130435,5.23,0.38,12,12,-0.002049754626932576,1.002241387963295,0.3665596544742584,-0.0004788509955687692,0.0003906250058207661,0.0,0.0,4,9.671500063084238e-05,9.671500063084238e-05,1.0,in,l2sq,4825.481004238129
2026-05-19T15:52:26.265040,200,215293,-42.51887671740378,-42.51887671740378,54,0.2796195652173913,5.15,0.43,7,12,-0.0021074163138110613,0.9308003783226013,0.3621768541634083,0.0005632200840182677,0.0005859375232830644,0.0,0.0,4,9.670049386432276e-05,9.670049386432276e-05,1.0,in,l2sq,4851.746947288513
2026-05-19T15:52:47.516142,201,216339,-40.84352870135804,-41.68120270938091,46,0.2777173913043478,5.085,0.41,12,12,-0.0024667274803505945,0.9241721034049988,0.378997266292572,0.0008823692759961019,0.006640624982537702,0.0,0.0,4,9.668115473255483e-05,9.668115473255483e-05,1.0,in,l2sq,4872.998063802719
2026-05-19T15:53:11.785538,202,217370,-38.4896078379246,-38.4896078379246,48,0.27717391304347827,5.2,0.37,7,12,-0.003595362615305908,0.9818726927042007,0.3731061965227127,0.0007497610107748184,0.010937499813735485,0.0,0.0,4,9.666665280105993e-05,9.666665280105993e-05,1.0,in,l2sq,4897.267429590225
2026-05-19T15:53:33.828880,203,218465,-89.86904546120971,-64.17932664956716,43,0.27554347826086956,5.12,0.33,12,12,-0.002486705839692127,1.0105413049459457,0.37519046664237976,0.0011477187973582825,0.006835937572759576,0.0,0.0,4,9.665215328647303e-05,9.665215328647303e-05,1.0,in,l2sq,4919.310801267624
2026-05-19T15:53:57.820362,204,219516,-64.57762659184979,-64.57762659184979,42,0.2733695652173913,5.065,0.33,8,12,-0.0019761205854593733,0.9586272686719894,0.39855071902275085,-0.0007498916227632324,0.005859375232830644,0.0,0.0,4,9.663765570512253e-05,9.663765570512253e-05,1.0,in,l2sq,4943.302152395248
2026-05-19T15:54:17.844724,205,220511,26.66590377249462,-18.95586140967759,54,0.27445652173913043,5.025,0.29,12,12,-0.002785690534801738,0.9450855925679207,0.3565155565738678,0.0023891009280760135,0.005859375101863407,0.0,0.0,4,9.662316053995504e-05,9.662316053995504e-05,1.0,in,l2sq,4963.326645374298
2026-05-19T15:54:42.267806,206,221557,-6.133682884551547,-6.133682884551547,49,0.27391304347826084,5.07,0.29,9,12,-0.0027004293973732496,0.9532932788133621,0.37674374878406525,0.0012378929033275005,0.00781250002910383,0.0,0.0,4,9.660383687407864e-05,9.660383687407864e-05,1.0,in,l2sq,4987.749759435654
2026-05-19T15:55:02.705727,207,222603,-70.06186017405128,-38.09777152930141,47,0.2720108695652174,5.02,0.32,12,12,-0.0031903807423077635,0.9463419169187546,0.348513126373291,0.0021976482943500963,0.0023437500931322575,0.0,0.0,4,9.65893465400692e-05,9.65893465400692e-05,1.0,in,l2sq,5008.187572956085
2026-05-19T15:55:25.702637,208,223612,-1.7559667052076775,-1.7559667052076775,56,0.27255434782608695,5.035,0.3,9,12,-0.002442221401725009,0.9220642820000648,0.3496016599237919,0.0017996386080994659,0.0033203126658918336,0.0,0.0,4,9.657485862103492e-05,9.657485862103492e-05,1.0,in,l2sq,5031.184544801712
2026-05-19T15:55:46.527708,209,224677,-54.86559144080131,-28.310779073004493,49,0.2733695652173913,5.125,0.36,12,12,-0.002357066707918354,0.9248519837856293,0.36260756850242615,0.0009407144131728107,0.0044921875960426405,0.0,0.0,4,9.655554461505931e-05,9.655554461505931e-05,1.0,in,l2sq,5052.009561538696
2026-05-19T15:56:10.179140,210,225723,-32.862383189446405,-32.862383189446405,53,0.2736413043478261,5.035,0.34,9,12,-0.002029874938307308,0.8956218510866165,0.3700687140226364,-0.00023649657996427376,0.01640624995343387,0.0,0.0,4,9.654106152476798e-05,9.654106152476798e-05,1.0,in,l2sq,5075.661049365997
2026-05-19T15:56:30.978196,211,226788,-32.87443242519417,-32.86840780732029,46,0.27255434782608695,5.145,0.45,12,12,-0.0019562691726605075,0.9495758637785912,0.3636716827750206,-0.0005807016974813534,0.0011718750174622983,0.0,0.0,4,9.652658084824457e-05,9.652658084824457e-05,1.0,in,l2sq,5096.460029363632
2026-05-19T15:56:54.398513,212,227823,-29.007139686448095,-29.007139686448095,52,0.27065217391304347,5.075,0.47,9,12,-0.00240665383753369,0.932489663362503,0.341973640024662,0.001097430387017151,0.0031250000465661287,0.0,0.0,4,9.651210210244586e-05,9.651210210244586e-05,1.0,in,l2sq,5119.880413532257
2026-05-19T15:57:14.705381,213,228866,-49.246945033186094,-39.127042359817096,41,0.26902173913043476,5.095,0.4,12,12,-0.002166374816442773,0.9577807858586311,0.3529733829200268,-0.0002017396950065864,0.005078125075669959,0.0,0.0,4,9.6497625769691e-05,9.6497625769691e-05,1.0,in,l2sq,5140.187259674072
2026-05-19T15:57:39.039161,214,229943,-57.08564019554898,-57.08564019554898,50,0.26875,4.99,0.44,8,12,-0.0016951575795246254,1.002487875521183,0.36981983482837677,0.00028289444157962584,0.00019531250291038305,0.0,0.0,4,9.647832720951333e-05,9.647832720951333e-05,1.0,in,l2sq,5164.521103382111
2026-05-19T15:57:59.477671,215,230992,-45.89813692163309,-51.491888558591036,51,0.2684782608695652,4.97,0.37,12,12,-0.0017061054881196691,0.9400534778833389,0.3622118756175041,0.0010244192408208619,0.0,0.0,0.0,4,9.646385570163978e-05,9.646385570163978e-05,1.0,in,l2sq,5184.959535360336
2026-05-19T15:58:22.407530,216,231998,-3.410898347299849,-3.410898347299849,57,0.26956521739130435,4.94,0.4,8,12,-0.001942227905828986,0.9541100636124611,0.3757299333810806,-0.00023741341983624098,0.0007812500116415322,0.0,0.0,4,9.644938660560382e-05,9.644938660560382e-05,1.0,in,l2sq,5207.889458656311
2026-05-19T15:58:42.703949,217,233042,-46.65942291705338,-25.035160632176613,43,0.26820652173913045,5.03,0.43,12,12,-0.0018932477047201024,0.9207537770271301,0.3697340153157711,0.00017023509262800718,0.0017578125116415322,0.0,0.0,4,9.643009769277657e-05,9.643009769277657e-05,1.0,in,l2sq,5228.185844182968
2026-05-19T15:59:07.731123,218,234129,-34.485284180320306,-34.485284180320306,50,0.2673913043478261,5.085,0.32,9,12,-0.004637564765289426,0.9648433476686478,0.3543659895658493,0.0054701064439995895,0.014843750046566129,0.0,0.0,4,9.641563341920995e-05,9.641563341920995e-05,1.0,in,l2sq,5253.213020801544
2026-05-19T15:59:29.074532,219,235171,-19.79930652945539,-27.14229535488785,49,0.266304347826087,5.155,0.35,12,12,-0.0017230356388608925,0.9803279340267181,0.35045263543725014,-0.00033311549286736686,0.003710937628056854,0.0,0.0,4,9.640117155627524e-05,9.640117155627524e-05,1.0,in,l2sq,5274.556380033493
2026-05-19T15:59:55.439603,220,236292,-33.96250947348039,-33.96250947348039,57,0.26711956521739133,5.345,0.26,9,12,-0.0023419049823132365,0.9601594507694244,0.3580857254564762,0.000566107478425705,0.0017578125116415322,0.0,0.0,4,9.638189228597571e-05,9.638189228597571e-05,1.0,in,l2sq,5300.92151093483
2026-05-19T16:00:17.159222,221,237359,-28.586654895336288,-31.274582184408338,56,0.2698369565217391,5.32,0.29,12,12,-0.0016741895989977884,0.9203179031610489,0.34873076528310776,0.00047364998481502774,0.0,0.0,0.0,4,9.636743524309958e-05,9.636743524309958e-05,1.0,in,l2sq,5322.641065120697
2026-05-19T16:00:41.933905,222,238409,-10.163278153223361,-10.163278153223361,55,0.2717391304347826,5.285,0.33,10,12,-0.001341163391862188,0.9126220569014549,0.34590499848127365,-0.0005621001761028227,0.0,0.0,0.0,4,9.63529806096503e-05,9.63529806096503e-05,1.0,in,l2sq,5347.415824651718
2026-05-19T16:01:03.475446,223,239467,-81.39985976754252,-45.78156896038294,40,0.27092391304347824,5.37,0.35,12,12,-0.0030967541417339373,0.8932518810033798,0.34725410118699074,0.0016611214902241267,0.0039062501600710675,0.0,0.0,4,9.633371097705817e-05,9.633371097705817e-05,1.0,in,l2sq,5368.957320213318
2026-05-19T16:01:28.329196,224,240527,33.6910796987194,33.6910796987194,54,0.27418478260869567,5.23,0.34,11,12,-0.0009637881361412859,0.9116895198822021,0.3163197264075279,0.0003227422923600676,0.0,0.0,0.0,4,9.631926116125794e-05,9.631926116125794e-05,1.0,in,l2sq,5393.811088323593
2026-05-19T16:01:49.654185,225,241573,-32.23114356524682,0.7299680667362907,57,0.275,5.06,0.27,12,12,-0.002014310289814622,0.9297167435288429,0.34917164593935013,0.00013209002604527842,0.0007812500116415322,0.0,0.0,4,9.630481375368006e-05,9.630481375368006e-05,1.0,in,l2sq,5415.136071443558
2026-05-19T16:02:15.168746,226,242659,-98.89751125035599,-98.89751125035599,40,0.27255434782608695,5.055,0.27,11,12,-0.002409689911291979,0.8571014702320099,0.3508998975157738,0.0009853093129550293,0.0041015626629814506,0.0,0.0,4,9.628555375397746e-05,9.628555375397746e-05,1.0,in,l2sq,5440.650665283203
2026-05-19T16:02:36.946477,227,243730,-13.656485033936828,-56.27699814214641,56,0.275,5.18,0.23,12,12,-0.0017495834355940598,0.9307562708854675,0.3292528986930847,-0.0007928622669168828,0.0031250000465661287,0.0,0.0,4,9.627111116164029e-05,9.627111116164029e-05,1.0,in,l2sq,5462.428386211395
2026-05-19T16:03:01.576941,228,244776,16.758684274282253,16.758684274282253,64,0.27717391304347827,5.23,0.27,11,12,-0.002555447316262782,0.9614055082201958,0.3437558598816395,9.474601379225178e-05,0.002734375069849193,0.0,0.0,4,9.62566709763216e-05,9.62566709763216e-05,1.0,in,l2sq,5487.058871984482
2026-05-19T16:03:23.634765,229,245857,-5.82340528531334,5.467639494484456,55,0.27880434782608693,5.36,0.35,12,12,-0.0016487255747051899,0.9900778084993362,0.3428138792514801,0.001255901092144962,0.0011718750465661287,0.0,0.0,4,9.623742060469305e-05,9.623742060469305e-05,1.0,in,l2sq,5509.116646051407
2026-05-19T16:03:49.012178,230,246944,-63.707565153110984,-63.707565153110984,40,0.2752717391304348,5.45,0.41,11,12,-0.0026034132344648353,1.0013160109519958,0.3501766249537468,0.000858666740168712,0.0011718750465661287,0.0,0.0,4,9.622298523220793e-05,9.622298523220793e-05,1.0,in,l2sq,5534.494093179703
2026-05-19T16:04:09.658655,231,247946,-31.51393919119371,-47.610752172152345,47,0.27554347826086956,5.305,0.39,12,12,-0.0016678657675583963,0.9335680902004242,0.32516810670495033,0.000958854977125112,0.0011718750465661287,0.0,0.0,4,9.620855226553801e-05,9.620855226553801e-05,1.0,in,l2sq,5555.140571832657
2026-05-19T16:04:41.543363,232,248969,-0.8379265560530076,-0.8379265560530076,63,0.27853260869565216,5.21,0.41,12,12,-0.003055094933370084,0.9629131630063057,0.3291759826242924,0.0020015229505134014,0.010351562828873284,0.0,0.0,4,9.618931151717044e-05,9.618931151717044e-05,1.0,in,l2sq,5587.025256872177
2026-05-19T16:05:02.056421,233,249968,-1.4412993399914695,-1.1396129480222386,59,0.28342391304347825,4.94,0.37,12,12,-0.001304985606111586,0.9474576115608215,0.3306278586387634,0.000752268770065713,0.0003906250058207661,0.0,0.0,4,9.617488336092817e-05,9.617488336092817e-05,1.0,in,l2sq,5607.538329124451
2026-05-19T16:05:27.345286,234,251040,-9.079000255051767,-9.079000255051767,52,0.28396739130434784,4.835,0.34,11,12,-0.0020250425150152296,0.9622286856174469,0.3369768224656582,0.001144612216739914,0.003320312505820766,0.0,0.0,4,9.616045760929844e-05,9.616045760929844e-05,1.0,in,l2sq,5632.8271651268005
2026-05-19T16:05:49.113154,235,252105,-91.0140841251174,-50.04654219008459,44,0.28206521739130436,4.95,0.36,12,12,-0.0016396314356825759,0.9361104220151901,0.3491475582122803,0.0011097625598268102,0.0,0.0,0.0,4,9.614603378107021e-05,9.614603378107021e-05,1.0,in,l2sq,5654.595005273819
2026-05-19T16:06:14.919336,236,253192,-29.37368949519535,-29.37368949519535,53,0.28097826086956523,5.1,0.39,8,12,-0.0024905559213947437,0.9573124796152115,0.3410283178091049,0.0017361569459353882,0.005468750052386895,0.0,0.0,4,9.613161235673322e-05,9.613161235673322e-05,1.0,in,l2sq,5680.4012043476105
2026-05-19T16:06:37.635648,237,254301,-59.359634704096734,-44.36666209964604,52,0.28342391304347825,5.295,0.41,12,12,-0.0024269610948978726,0.951793797314167,0.32761482894420624,0.00036777759369216456,0.005859375218278728,0.0,0.0,4,9.6112386995578e-05,9.6112386995578e-05,1.0,in,l2sq,5703.11750459671
2026-05-19T16:07:02.804399,238,255345,-32.53497401067832,-32.53497401067832,51,0.28369565217391307,5.235,0.37,7,12,-0.003520779445534583,0.9223123490810394,0.33885400742292404,0.002939846924891753,0.003515625139698386,0.0,0.0,4,9.609797037782165e-05,9.609797037782165e-05,1.0,in,l2sq,5728.286310911179
2026-05-19T16:07:23.682791,239,256368,-33.54945937221594,-33.04221669144713,44,0.2823369565217391,5.16,0.35,12,12,-0.0019279629355878347,0.9222625494003296,0.31585510820150375,0.0003771927125399144,0.0023437500494765118,0.0,0.0,4,9.608355616275483e-05,9.608355616275483e-05,1.0,in,l2sq,5749.164634943008
2026-05-19T16:07:48.145840,240,257384,-16.37853427279397,-16.37853427279397,45,0.27907608695652175,4.985,0.32,3,12,-0.001642443629680218,0.9285705164074898,0.3219993896782398,0.0011011832438725944,0.0009765625,0.0,0.0,4,9.606434041235784e-05,9.606434041235784e-05,1.0,in,l2sq,5773.627774953842
2026-05-19T16:08:10.328458,241,258473,-105.62449823289155,-61.00151625284276,34,0.27309782608695654,5.0,0.31,12,12,-0.0014709144888911396,0.9414159059524536,0.33599698543548584,0.0012983152669221454,0.0003906250058207661,0.0,0.0,4,9.604993100146886e-05,9.604993100146886e-05,1.0,in,l2sq,5795.810308456421
2026-05-19T16:08:35.622784,242,259534,-2.8531623692458514,-2.8531623692458514,51,0.2720108695652174,5.15,0.29,5,12,-0.0017567038517881661,0.911328598856926,0.3151538521051407,0.0017223455063685583,0.0015624999796273187,0.0,0.0,4,9.603552399206828e-05,9.603552399206828e-05,1.0,in,l2sq,5821.104711294174
2026-05-19T16:08:56.882896,243,260577,-38.49787744832817,-20.67551990878701,49,0.27445652173913043,5.16,0.23,12,12,-0.0022580266944713934,0.8554765209555626,0.30695924162864685,-0.00017963486480992996,0.0033203126658918336,0.0,0.0,4,9.601631784762512e-05,9.601631784762512e-05,1.0,in,l2sq,5842.364787578583
2026-05-19T16:09:21.903785,244,261632,-67.86857009711336,-67.86857009711336,48,0.2728260869565217,5.22,0.3,7,12,-0.0029035270796156087,0.9875592291355133,0.31812725961208344,0.0008300306715682826,0.0011718750465661287,0.0,0.0,4,9.600191564000077e-05,9.600191564000077e-05,1.0,in,l2sq,5867.385700464249
2026-05-19T16:09:44.395243,245,262734,31.476230528578718,-18.196169784267322,53,0.2717391304347826,5.185,0.28,12,12,-0.0024057787813944187,0.9410020560026169,0.3354020528495312,0.00042712111849148304,0.002539062552386895,0.0,0.0,4,9.598751583266434e-05,9.598751583266434e-05,1.0,in,l2sq,5889.877159118652
2026-05-19T16:10:09.558933,246,263795,-61.61056251889508,-61.61056251889508,43,0.27255434782608695,5.105,0.29,7,12,-0.0026312612273614033,0.9002329930663109,0.3365647494792938,6.320262561985979e-05,0.004101562619325705,0.0,0.0,4,9.596831928937298e-05,9.596831928937298e-05,1.0,in,l2sq,5915.040860176086
2026-05-19T16:10:32.360746,247,264914,-11.85429550016654,-36.73242900953081,51,0.27119565217391306,5.165,0.28,12,12,-0.001676157105248377,0.9870347827672958,0.34094948321580887,0.002031275299668789,0.002343750005820766,0.0,0.0,4,9.595392428141236e-05,9.595392428141236e-05,1.0,in,l2sq,5937.842639684677
2026-05-19T16:10:58.921576,248,266025,-17.33282853307328,-17.33282853307328,54,0.2684782608695652,5.36,0.3,6,12,-0.0024252780392998163,0.9575083628296852,0.33698031306266785,0.001425248665213992,0.001953125,0.0,0.0,4,9.593953167253978e-05,9.593953167253978e-05,1.0,in,l2sq,5964.403434276581
2026-05-19T16:11:20.309967,249,267074,-61.48547877663654,-39.40915365485491,43,0.26521739130434785,5.34,0.4,12,12,-0.0018269423850142408,0.9243484511971474,0.33128978684544563,0.00029365880370732164,0.0005859375232830644,0.0,0.0,4,9.59203447256006e-05,9.59203447256006e-05,1.0,in,l2sq,5985.791857719421
2026-05-19T16:11:46.590494,250,268127,15.867858520017283,15.867858520017283,60,0.27065217391304347,5.445,0.44,8,12,-0.0015107810431800317,0.9968016892671585,0.35042331367731094,0.00010372463548263822,0.0007812500116415322,0.0,0.0,4,9.59059569137046e-05,9.59059569137046e-05,1.0,in,l2sq,6012.072411298752
2026-05-19T16:12:06.911738,251,269167,16.665667082371336,16.26676280119431,60,0.27418478260869567,5.345,0.42,12,12,-0.002018200277234372,0.9715933352708817,0.305222749710083,0.001529518867209853,0.0031250001047737896,0.0,0.0,4,9.589157149969733e-05,9.589157149969733e-05,1.0,in,l2sq,6032.393625020981
2026-05-19T16:12:31.101399,252,270220,-7.750050098678152,-7.750050098678152,55,0.2720108695652174,5.12,0.28,8,12,-0.002251231681293653,0.9239096194505692,0.32108621299266815,0.0016628731515993533,0.004101562619325705,0.0,0.0,4,9.587239414431311e-05,9.587239414431311e-05,1.0,in,l2sq,6056.583340644836
2026-05-19T16:12:52.893120,253,271335,-30.417727005633015,-19.083888552155585,60,0.2722826086956522,5.25,0.3,12,12,-0.004177037707995601,0.8910056352615356,0.3261389508843422,0.00282430571505754,0.016406250186264515,0.0,0.0,4,9.585801352488444e-05,9.585801352488444e-05,1.0,in,l2sq,6078.375020742416
2026-05-19T16:13:16.129826,254,272357,-35.77474588657534,-35.77474588657534,46,0.27065217391304347,5.1,0.32,9,12,-0.0017050445214409349,0.9156448990106583,0.33450455963611603,0.002222422798240575,0.0019531249854480848,0.0,0.0,4,9.584363530214577e-05,9.584363530214577e-05,1.0,in,l2sq,6101.611778974533
2026-05-19T16:13:36.581906,255,273405,-19.502463895541855,-27.6386048910586,53,0.27309782608695654,5.24,0.38,12,12,-0.0024910584339522535,0.9189581423997879,0.3158785030245781,0.0009003477505302726,0.004687500128056854,0.0,0.0,4,9.58244675335217e-05,9.58244675335217e-05,1.0,in,l2sq,6122.063786029816
2026-05-19T16:14:01.468558,256,274507,7.251698789722058,7.251698789722058,61,0.2752717391304348,5.185,0.39,9,12,-0.002692876063520089,0.9446812570095062,0.3196418061852455,0.0005152523140623533,0.006250000325962901,0.0,0.0,4,9.581009410296482e-05,9.581009410296482e-05,1.0,in,l2sq,6146.950501918793
2026-05-19T16:14:21.188830,257,275518,40.91617364484599,24.083936217284023,56,0.2763586956521739,5.25,0.37,12,12,-0.0018059652735246678,0.8757826238870621,0.27987735345959663,0.0010671514879504705,0.0035156250378349796,0.0,0.0,4,9.579572306789985e-05,9.579572306789985e-05,1.0,in,l2sq,6166.670747518539
2026-05-19T16:14:45.915041,258,276610,-17.947679728932314,-17.947679728932314,48,0.27554347826086956,5.115,0.33,9,12,-0.0022857286610815097,0.9552357792854309,0.3205823563039303,0.000525327482864657,0.0021484375465661287,0.0,0.0,4,9.577656488124349e-05,9.577656488124349e-05,1.0,in,l2sq,6191.396978139877
2026-05-19T16:15:05.885557,259,277636,3.8438908055033494,-7.0518944617144825,48,0.2766304347826087,5.075,0.4,12,12,-0.0033824891434051096,0.9463692158460617,0.3201289102435112,0.0012153151939855444,0.004296875005820766,0.0,0.0,4,9.576219863596469e-05,9.576219863596469e-05,1.0,in,l2sq,6211.367487192154
2026-05-19T16:15:28.162705,260,278603,-10.22069759460638,-10.22069759460638,52,0.27853260869565216,4.96,0.34,7,12,-0.0022492517207864937,0.914792574942112,0.3022681586444378,0.0014239134864965225,0.003710937555297278,0.0,0.0,4,9.57478347849803e-05,9.57478347849803e-05,1.0,in,l2sq,6233.644649267197
2026-05-19T16:15:49.291862,261,279685,-12.707740515539784,-11.464219055073082,55,0.2842391304347826,5.2,0.35,12,12,-0.0016421657157480035,0.8947023302316666,0.2928566634654999,0.00017035870441758916,0.0021484375465661287,0.0,0.0,4,9.572868617550165e-05,9.572868617550165e-05,1.0,in,l2sq,6254.773783922195
2026-05-19T16:16:13.879823,262,280770,-47.07384300285378,-47.07384300285378,44,0.2823369565217391,5.465,0.39,9,12,-0.002900210081133947,0.9077673107385635,0.3021722733974457,0.002349544217895516,0.003515625139698386,0.0,0.0,4,9.571432711190901e-05,9.571432711190901e-05,1.0,in,l2sq,6279.361755609512
2026-05-19T16:16:33.765668,263,281788,-40.153345113871026,-43.6135940583624,47,0.2817934782608696,5.375,0.32,12,12,-0.0024380293834838085,0.9642433524131775,0.28806009143590927,0.00013766525216854508,0.004101562488358468,0.0,0.0,4,9.569997044141387e-05,9.569997044141387e-05,1.0,in,l2sq,6299.247589111328
2026-05-19T16:16:57.825610,264,282854,25.965726204498488,25.965726204498488,64,0.2861413043478261,5.57,0.35,10,12,-0.0008521832671248841,0.9629998207092285,0.28342829644680023,0.001342717742591093,0.0007812500116415322,0.0,0.0,4,9.568561568510955e-05,9.568561568510955e-05,1.0,in,l2sq,6323.307503700256
2026-05-19T16:17:18.640857,265,283920,44.81250607881479,35.38911614165664,59,0.2877717391304348,5.41,0.4,12,12,-0.002390874599222992,0.9250532016158104,0.303621057420969,0.0011353326661719954,0.0015625000232830644,0.0,0.0,4,9.567126332118487e-05,9.567126332118487e-05,1.0,in,l2sq,6344.122761249542
2026-05-19T16:17:43.689785,266,285000,-28.076686221778832,-28.076686221778832,53,0.2904891304347826,5.315,0.38,9,12,-0.0022651548002613486,0.8643246218562126,0.32132119685411453,0.0009113335315305282,0.008007812895812094,0.0,0.0,4,9.565213002523325e-05,9.565213002523325e-05,1.0,in,l2sq,6369.171722650528
2026-05-19T16:18:04.708765,267,286056,20.244740449211456,-3.9159728862836882,56,0.29184782608695653,5.465,0.34,12,12,-0.002826283907052307,0.9159041792154312,0.3160145580768585,0.0008501881854499627,0.0019531250291038305,0.0,0.0,4,9.563778244487176e-05,9.563778244487176e-05,1.0,in,l2sq,6390.1906933784485
2026-05-19T16:18:28.542197,268,287107,3.761583751445689,3.761583751445689,58,0.29293478260869565,5.37,0.39,9,12,-0.0017583713452041239,0.9027523249387741,0.3274809196591377,0.0011471132522274247,0.0033203125494765118,0.0,0.0,4,9.562343725569395e-05,9.562343725569395e-05,1.0,in,l2sq,6414.024099588394
2026-05-19T16:18:49.459937,269,288157,-111.30177417756389,-53.7700952130591,37,0.29130434782608694,5.325,0.26,12,12,-0.002681485960783936,0.9334679767489433,0.31311312317848206,0.00033403691876973673,0.0064453127270098776,0.0,0.0,4,9.560431352447719e-05,9.560431352447719e-05,1.0,in,l2sq,6434.941833257675
2026-05-19T16:19:14.184478,270,289220,-55.43098605346222,-55.43098605346222,47,0.2877717391304348,5.335,0.33,8,12,-0.004004883894231259,0.9707525074481964,0.3094128742814064,0.002206970020870447,0.006250000005820766,0.0,0.0,4,9.558997311647124e-05,9.558997311647124e-05,1.0,in,l2sq,6459.666426420212
2026-05-19T16:19:34.936753,271,290271,-60.7554762158981,-58.09323113468016,50,0.28505434782608696,5.255,0.36,12,12,-0.0025346726630232075,0.9561963006854057,0.2967907376587391,0.00041215871656277714,0.012109375093132257,0.0,0.0,4,9.557563509845364e-05,9.557563509845364e-05,1.0,in,l2sq,6480.418644666672
2026-05-19T16:19:58.048477,272,291282,-29.063133601183228,-29.063133601183228,44,0.28206521739130436,5.305,0.41,7,12,-0.0009781748314708905,0.8640930205583572,0.2937912233173847,0.00035394635023067167,0.0007812500116415322,0.0,0.0,4,9.555652092719029e-05,9.555652092719029e-05,1.0,in,l2sq,6503.530417919159
2026-05-19T16:20:17.217646,273,292266,32.95056408544733,1.9437152421320523,58,0.28152173913043477,5.05,0.39,12,12,-0.001429625615128327,0.9947716295719147,0.27013371139764786,0.00035489424344636866,0.0007812500116415322,0.0,0.0,4,9.554218768795445e-05,9.554218768795445e-05,1.0,in,l2sq,6522.699574708939
2026-05-19T16:20:40.881903,274,293304,-100.4737958909357,-100.4737958909357,41,0.2801630434782609,4.89,0.35,7,12,-0.0011551954325114133,0.9114646464586258,0.29248151555657387,-2.551255074648151e-05,0.0,0.0,0.0,4,9.552785683751219e-05,9.552785683751219e-05,1.0,in,l2sq,6546.363857269287
2026-05-19T16:21:01.199078,275,294343,34.009634108513445,-33.232080891211126,63,0.2828804347826087,4.82,0.35,12,12,-0.002128133203950666,0.9960888624191284,0.3013725206255913,0.00031876420830478924,0.0,0.0,0.0,4,9.551352789781816e-05,9.551352789781816e-05,1.0,in,l2sq,6566.680975198746
2026-05-19T16:21:25.974892,276,295374,-46.443852664181044,-46.443852664181044,45,0.27853260869565216,4.82,0.29,7,12,-0.0015116633883736075,0.966443195939064,0.2904924377799034,0.00040214385026041133,0.0003906250058207661,0.0,0.0,4,9.549920134620113e-05,9.549920134620113e-05,1.0,in,l2sq,6591.456835746765
2026-05-19T16:21:46.616024,277,296388,22.132401589593808,-12.155725537293618,59,0.2793478260869565,4.89,0.35,12,12,-0.003079265667474851,0.9565316364169121,0.2816702239215374,0.0007304098210170334,0.003125000002910383,0.0,0.0,4,9.548010246092391e-05,9.548010246092391e-05,1.0,in,l2sq,6612.097907304764
2026-05-19T16:22:12.367713,278,297480,-0.30595441679853913,-0.30595441679853913,56,0.28152173913043477,5.005,0.36,8,12,-0.0018750936287688091,0.9380176514387131,0.278797447681427,-0.00014934165556042267,0.0042968750931322575,0.0,0.0,4,9.546578068426696e-05,9.546578068426696e-05,1.0,in,l2sq,6637.849653959274
2026-05-19T16:22:33.362427,279,298509,-8.449662052969462,-4.377808234884,48,0.28152173913043477,5.085,0.32,12,12,-0.0023842027090722473,0.9387331232428551,0.30319708585739136,0.0005026029148694905,0.00507812510477379,0.0,0.0,4,9.545146129449322e-05,9.545146129449322e-05,1.0,in,l2sq,6658.84432721138
2026-05-19T16:22:58.059503,280,299555,13.27558209920251,13.27558209920251,54,0.28206521739130436,5.125,0.31,10,12,-0.0016278486677037685,0.9671142175793648,0.2865935377776623,5.0433841670416424e-05,0.0019531250291038305,0.0,0.0,4,9.543237195674893e-05,9.543237195674893e-05,1.0,in,l2sq,6683.541417121887
2026-05-19T16:23:18.972849,281,300586,-17.931543523080673,-2.327980711939082,43,0.27880434782608693,5.275,0.28,12,12,-0.0015969455431332769,0.913119450211525,0.3087354898452759,0.0007340798394580017,0.0015625000523868948,0.0,0.0,4,9.541805733954827e-05,9.541805733954827e-05,1.0,in,l2sq,6704.454768657684
2026-05-19T16:23:44.771039,282,301669,-41.413797130566984,-41.413797130566984,45,0.27907608695652175,5.245,0.26,8,12,-0.0016520472332557934,0.9391141086816788,0.30394652858376503,0.00014528540257285893,0.00019531250291038305,0.0,0.0,4,9.540374510803763e-05,9.540374510803763e-05,1.0,in,l2sq,6730.2529928684235
2026-05-19T16:24:05.895545,283,302708,10.151952441974649,-15.630922344296167,56,0.28152173913043477,5.26,0.29,12,12,-0.004348670027684243,0.9640050083398819,0.2859088182449341,0.0011146583661684473,0.004296875005820766,0.0,0.0,4,9.538943478479271e-05,9.538943478479271e-05,1.0,in,l2sq,6751.377436161041
2026-05-19T16:24:31.053844,284,303768,-15.302947957691593,-15.302947957691593,58,0.2798913043478261,5.295,0.27,7,12,-0.0019030973497137504,0.9136284589767456,0.31298553198575974,0.0014309637105725526,0.002148437561118044,0.0,0.0,4,9.537512684652216e-05,9.537512684652216e-05,1.0,in,l2sq,6776.5357801914215
2026-05-19T16:24:53.345090,285,304874,-0.7386202172931904,-8.020784087492391,56,0.27907608695652175,5.185,0.29,12,12,-0.0024527658795704954,0.9526790976524353,0.3030560351908207,0.0011168404953877942,0.011523437569849193,0.0,0.0,4,9.535605277490413e-05,9.535605277490413e-05,1.0,in,l2sq,6798.827012062073
2026-05-19T16:25:17.875155,286,305954,-19.167838284006258,-19.167838284006258,48,0.2777173913043478,5.145,0.38,9,12,-0.0018760841092443914,0.8741469606757164,0.2925109528005123,0.0006288851559020231,0.0013671875494765118,0.0,0.0,4,9.533698251790968e-05,9.533698251790968e-05,1.0,in,l2sq,6823.357058048248
2026-05-19T16:25:38.639424,287,307016,21.556196100003255,1.1941789079984986,53,0.2769021739130435,5.125,0.42,12,12,-0.0019035816192627397,0.9171828627586365,0.30179401487112045,0.00045136213302621186,0.0,0.0,0.0,4,9.532268220888637e-05,9.532268220888637e-05,1.0,in,l2sq,6844.121349811554
2026-05-19T16:26:02.817353,288,308079,-17.59517651574837,-17.59517651574837,51,0.275,5.155,0.42,9,12,-0.0021878239727811943,0.9458837807178497,0.3021090589463711,0.00037857014081052465,0.004101562619325705,0.0,0.0,4,9.530838428316844e-05,9.530838428316844e-05,1.0,in,l2sq,6868.299286365509
2026-05-19T16:26:25.124520,289,309218,3.7448634484817784,-6.925156533633296,50,0.27853260869565216,5.45,0.42,12,12,-0.0020295307229389603,0.8639093041419983,0.2986510843038559,-0.0006083964699428231,0.0033203125494765118,0.0,0.0,4,9.528932355939565e-05,9.528932355939565e-05,1.0,in,l2sq,6890.60641503334
2026-05-19T16:26:49.270615,290,310279,-60.77160199849468,-60.77160199849468,44,0.2777173913043478,5.43,0.37,7,12,-0.0019526967080309987,0.9215610176324844,0.29540860652923584,0.0006639916391577572,0.0023437500931322575,0.0,0.0,4,9.527503039909696e-05,9.527503039909696e-05,1.0,in,l2sq,6914.75256061554
2026-05-19T16:27:08.769970,291,311275,-41.21102000807832,-50.9913110032865,40,0.275,5.285,0.32,12,12,-0.0025268964847782738,0.9423343911767006,0.31029317155480385,0.0007964648540110253,0.003906250116415322,0.0,0.0,4,9.526073962091224e-05,9.526073962091224e-05,1.0,in,l2sq,6934.251887083054
2026-05-19T16:27:31.789213,292,312280,-22.87214538121743,-22.87214538121743,47,0.2758152173913043,5.045,0.3,8,12,-0.0023320020001846853,0.924704983830452,0.3226224035024643,0.001168200921529139,0.0031249999592546374,0.0,0.0,4,9.524645074813286e-05,9.524645074813286e-05,1.0,in,l2sq,6957.271136760712
2026-05-19T16:27:54.085606,293,313416,-82.48598568367436,-52.67906553244589,42,0.2714673913043478,4.925,0.25,12,12,-0.002251435131984225,0.9344815313816071,0.3246573433279991,-0.0005740737321957845,0.0017578125261934474,0.0,0.0,4,9.523216425675289e-05,9.523216425675289e-05,1.0,in,l2sq,6979.567507982254
2026-05-19T16:28:19.076724,294,314515,3.6104710558906903,3.6104710558906903,46,0.2728260869565217,4.82,0.19,8,12,-0.0016856465812451482,0.9260293915867805,0.30452190339565277,0.0010891682585224827,0.0005859375232830644,0.0,0.0,4,9.521311877622318e-05,9.521311877622318e-05,1.0,in,l2sq,7004.558680057526
2026-05-19T16:28:39.726177,295,315569,-2.0939572060131857,0.7582569249387523,46,0.26820652173913045,5.08,0.26,12,12,-0.0027337704428646026,0.9356058910489082,0.30305758863687515,0.001746331539311547,0.00996093760477379,0.0,0.0,4,9.519407710459912e-05,9.519407710459912e-05,1.0,in,l2sq,7025.208073377609
2026-05-19T16:29:03.065026,296,316592,54.01442383490186,54.01442383490186,55,0.27092391304347824,5.24,0.25,9,12,-0.0018347502074902433,0.979538232088089,0.28629355877637863,-0.001756793354616093,0.0019531250291038305,0.0,0.0,4,9.517979823103053e-05,9.517979823103053e-05,1.0,in,l2sq,7048.546969175339
2026-05-19T16:29:24.526813,297,317685,-20.802473890487445,16.605974972207207,54,0.26956521739130435,5.46,0.25,12,12,-0.003125512687256582,0.9255373850464821,0.30220213532447815,-0.00032585163389743654,0.00917968770954758,0.0,0.0,4,9.516552173719487e-05,9.516552173719487e-05,1.0,in,l2sq,7070.0087015628815
2026-05-19T16:29:48.837731,298,318757,14.090729720891876,14.090729720891876,57,0.2698369565217391,5.42,0.26,10,12,-0.0025444691913434347,0.9353978410363197,0.3085007071495056,0.001892980083584933,0.00800781257566996,0.0,0.0,4,9.514648958450263e-05,9.514648958450263e-05,1.0,in,l2sq,7094.319667816162
2026-05-19T16:30:09.471183,299,319780,-13.11649859065224,0.4871155651198178,54,0.2714673913043478,5.285,0.25,12,12,-0.0017999865624007683,1.0282359719276428,0.2946057394146919,0.00024948119635155586,0.0007812500116415322,0.0,0.0,4,9.513221784894308e-05,9.513221784894308e-05,1.0,in,l2sq,7114.953057765961
2026-05-19T16:30:34.666856,300,320801,-23.22969813488026,-23.22969813488026,54,0.2714673913043478,5.14,0.27,9,12,-0.002081382304095311,0.9552918523550034,0.3112015165388584,0.0003980316338129397,0.004882812630967237,0.0,0.0,4,9.511794849192684e-05,9.511794849192684e-05,1.0,in,l2sq,7140.148778676987
2026-05-19T16:30:56.843572,301,321890,-22.654340271768184,-22.94201920332422,47,0.27255434782608695,4.935,0.27,12,12,-0.001501310618186813,0.8916788399219513,0.30929287523031235,-0.00012214014022338127,0.0003906250058207661,0.0,0.0,4,9.510368103745981e-05,9.510368103745981e-05,1.0,in,l2sq,7162.325454235077
2026-05-19T16:31:28.455188,302,322949,-39.29886312420397,-39.29886312420397,46,0.2728260869565217,4.975,0.34,12,12,-0.0014972075692639975,0.9290412217378616,0.2890011928975582,-7.291691124466926e-05,0.001171875002910383,0.0,0.0,4,9.50894159608226e-05,9.50894159608226e-05,1.0,in,l2sq,7193.937116622925
2026-05-19T16:31:49.191948,303,323998,1.548583314962088,-18.87513990462094,50,0.27119565217391306,5.145,0.38,12,12,-0.0028243080363608564,0.9277255609631538,0.3219156265258789,0.0014667381643448246,0.007226562694995664,0.0,0.0,4,9.50703990285246e-05,9.50703990285246e-05,1.0,in,l2sq,7214.673844575882
2026-05-19T16:32:11.513314,304,324961,23.872075700604505,23.872075700604505,56,0.27065217391304347,5.13,0.34,10,12,-0.002638131409185007,0.8926435858011246,0.27966204285621643,0.0014409662398975343,0.007812500232830644,0.0,0.0,4,9.50561387063582e-05,9.50561387063582e-05,1.0,in,l2sq,7236.995264291763
2026-05-19T16:32:31.337051,305,325964,18.99457576753337,21.433325734068937,50,0.26902173913043476,5.065,0.32,12,12,-0.002958069762098614,0.9256662428379059,0.30476512759923935,0.0011778010581338372,0.004882812616415322,0.0,0.0,4,9.504188076083295e-05,9.504188076083295e-05,1.0,in,l2sq,7256.818930864334
2026-05-19T16:32:55.769721,306,327030,8.320622696024452,8.320622696024452,52,0.27010869565217394,5.105,0.31,9,12,-0.0018479109829057094,0.9077968895435333,0.2909303307533264,-0.00023250887888935645,0.0015625000232830644,0.0,0.0,4,9.502762471633541e-05,9.502762471633541e-05,1.0,in,l2sq,7281.251656532288
2026-05-19T16:33:17.334908,307,328122,33.74362547453629,21.03212408528037,61,0.2722826086956522,5.13,0.26,12,12,-0.002661142210126921,0.9453794658184052,0.30560147017240524,0.0013104667707011675,0.00800781257566996,0.0,0.0,4,9.501337104776607e-05,9.501337104776607e-05,1.0,in,l2sq,7302.816829919815
2026-05-19T16:33:41.077509,308,329156,80.52534018166706,80.52534018166706,60,0.2747282608695652,5.455,0.3,8,12,-0.0016774889518273994,0.8911906778812408,0.2669771686196327,0.0010194225459827122,0.0003906250058207661,0.0,0.0,4,9.499436932369023e-05,9.499436932369023e-05,1.0,in,l2sq,7326.559435844421
2026-05-19T16:34:01.963299,309,330215,-39.23500626526115,20.645166958202957,37,0.27119565217391306,5.57,0.3,12,12,-0.002192896691849633,0.8712420910596848,0.29886797815561295,0.00043487243110573726,0.0011718750465661287,0.0,0.0,4,9.498012040578948e-05,9.498012040578948e-05,1.0,in,l2sq,7347.445230960846
2026-05-19T16:34:26.833464,310,331297,-67.34486733048881,-67.34486733048881,40,0.27010869565217394,5.575,0.29,6,12,-0.0020380895919515085,0.9423771575093269,0.2661283537745476,0.0009306459231993025,0.003515625008731149,0.0,0.0,4,9.496587386262923e-05,9.496587386262923e-05,1.0,in,l2sq,7372.31539273262
2026-05-19T16:34:48.518217,311,332393,-54.03607286232351,-60.69047009640616,38,0.26956521739130435,5.565,0.24,12,12,-0.00316778202686685,0.9384464472532272,0.28612346202135086,0.0023155346012572464,0.008789062412688509,0.0,0.0,4,9.494688163751543e-05,9.494688163751543e-05,1.0,in,l2sq,7394.000129699707
2026-05-19T16:35:12.915064,312,333458,2.5593714313312317,2.5593714313312317,54,0.2714673913043478,5.495,0.29,10,12,-0.003251699617248943,0.9138178676366806,0.30227288231253624,0.002477869599641719,0.015234375488944352,0.0,0.0,4,9.492789321065675e-05,9.492789321065675e-05,1.0,in,l2sq,7418.396991491318
2026-05-19T16:35:33.434256,313,334497,-8.650807170120054,-3.045717869394411,54,0.2747282608695652,5.445,0.3,12,12,-0.0013601459664642768,1.0094362199306488,0.2986092045903206,0.0006675932928374984,0.0003906250058207661,0.0,0.0,4,9.491365426400675e-05,9.491365426400675e-05,1.0,in,l2sq,7438.9161722660065
2026-05-19T16:35:58.045369,314,335569,-90.55717316987533,-90.55717316987533,36,0.2720108695652174,5.355,0.34,10,12,-0.001956076943315649,0.9129939377307892,0.3030122183263302,-9.321794977948383e-05,0.0003906250058207661,0.0,0.0,4,9.489941769043542e-05,9.489941769043542e-05,1.0,in,l2sq,7463.527276277542
2026-05-19T16:36:20.133800,315,336686,-49.41917168939196,-69.98817242963364,47,0.2722826086956522,5.475,0.44,12,12,-0.003424707498925317,0.9303708076477051,0.29915110394358635,0.00072885743657021,0.005078124930150807,0.0,0.0,4,9.488043875589151e-05,9.488043875589151e-05,1.0,in,l2sq,7485.61572265625
2026-05-19T16:36:44.154899,316,337738,16.165757223721766,16.165757223721766,60,0.2736413043478261,5.385,0.43,10,12,-0.0018550593347754774,0.9194216281175613,0.24550143629312515,0.0006579548031368232,0.00937500037252903,0.0,0.0,4,9.486620692729108e-05,9.486620692729108e-05,1.0,in,l2sq,7509.636845827103
2026-05-19T16:37:05.417863,317,338813,-82.77330920018818,-33.303775988233205,48,0.2720108695652174,5.45,0.48,12,12,-0.0016101466542750992,0.9214171469211578,0.284688301384449,0.0005769597737525778,0.0011718750465661287,0.0,0.0,4,9.485197747058303e-05,9.485197747058303e-05,1.0,in,l2sq,7530.8997848033905
2026-05-19T16:37:29.923257,318,339889,-10.338262091328865,-10.338262091328865,50,0.27010869565217394,5.48,0.47,11,12,-0.002272531071503159,0.9194543734192848,0.28748223558068275,0.000918867577456628,0.00585937533469405,0.0,0.0,4,9.483300802360869e-05,9.483300802360869e-05,1.0,in,l2sq,7555.405193567276
2026-05-19T16:37:51.159253,319,340966,-0.2675321998808253,-5.302897145604845,56,0.27065217391304347,5.295,0.38,12,12,-0.002068675312330015,1.003758653998375,0.2554003745317459,0.0009230597696842091,0.0011718750465661287,0.0,0.0,4,9.481878330949951e-05,9.481878330949951e-05,1.0,in,l2sq,7576.641156673431
2026-05-19T16:38:14.958214,320,342003,-49.86604985725868,-49.86604985725868,47,0.26875,5.445,0.31,10,12,-0.0018738535261946243,0.8796639889478683,0.2925150506198406,0.0005596863721620826,0.0003906250058207661,0.0,0.0,4,9.480456096609702e-05,9.480456096609702e-05,1.0,in,l2sq,7600.440160751343
2026-05-19T16:38:35.758060,321,343057,-26.408239102204977,-38.13714447973183,49,0.2692934782608696,5.34,0.24,12,12,-0.001849028874130354,0.9313400685787201,0.28926844894886017,0.0004499666288722906,0.0011718750465661287,0.0,0.0,4,9.478560100194941e-05,9.478560100194941e-05,1.0,in,l2sq,7621.239950895309
2026-05-19T16:38:59.161377,322,344069,-9.645410162357729,-9.645410162357729,54,0.2714673913043478,5.32,0.23,8,12,-0.002273196796886645,0.9566089063882828,0.27660494297742844,0.00010909257725866262,0.0015625000232830644,0.0,0.0,4,9.477138339877497e-05,9.477138339877497e-05,1.0,in,l2sq,7644.643327951431
2026-05-19T16:39:20.520595,323,345147,-52.357197100747044,-31.001303631552386,53,0.2722826086956522,5.205,0.22,12,12,-0.002600455489300768,0.8992207124829292,0.26989104971289635,0.0014027166869936825,0.0017578125552972779,0.0,0.0,4,9.475716816512207e-05,9.475716816512207e-05,1.0,in,l2sq,7666.002501487732
2026-05-19T16:39:43.745539,324,346158,-16.621661025647036,-16.621661025647036,51,0.27092391304347824,5.23,0.23,10,12,-0.0028504387533757614,0.8971984535455704,0.2588002309203148,0.0006461913467319391,0.006250000209547579,0.0,0.0,4,9.474295482680208e-05,9.474295482680208e-05,1.0,in,l2sq,7689.227499961853
2026-05-19T16:40:04.208199,325,347193,-55.68616067926656,-36.1539108524568,53,0.2717391304347826,5.2,0.25,12,12,-0.0019659564004541052,0.9589707851409912,0.30019544437527657,0.0010313375488976706,0.0029296875291038305,0.0,0.0,4,9.472874385729282e-05,9.472874385729282e-05,1.0,in,l2sq,7709.690083265305
2026-05-19T16:40:28.711811,326,348266,-40.24305006972943,-40.24305006972943,45,0.2698369565217391,5.29,0.27,11,12,-0.001974438161414571,0.9179623275995255,0.27492518723011017,0.0007038277696892713,0.0027343750261934474,0.0,0.0,4,9.470979905580882e-05,9.470979905580882e-05,1.0,in,l2sq,7734.193763256073
2026-05-19T16:40:48.977223,327,349295,74.34378251010233,17.05036622018645,63,0.2703804347826087,5.345,0.32,12,12,-0.001854971802094929,0.9185227900743484,0.25427664816379547,0.0009664758240888194,0.0011718750465661287,0.0,0.0,4,9.469559282273678e-05,9.469559282273678e-05,1.0,in,l2sq,7754.459102392197
2026-05-19T16:41:13.554339,328,350370,-21.59126130253109,-21.59126130253109,50,0.26766304347826086,5.295,0.32,10,12,-0.002531373532838277,0.9078594967722893,0.2724192701280117,0.00023676682121731574,0.0060546876629814506,0.0,0.0,4,9.468138895729134e-05,9.468138895729134e-05,1.0,in,l2sq,7779.036271572113
2026-05-19T16:41:34.447578,329,351425,1.3884603303157532,-10.10140048610767,46,0.27010869565217394,5.425,0.31,12,12,-0.0016691588156392267,0.942059300839901,0.2781841717660427,0.00027752343806922153,0.0042968750931322575,0.0,0.0,4,9.466245362631375e-05,9.466245362631375e-05,1.0,in,l2sq,7799.929504156113
2026-05-19T16:41:58.383215,330,352462,58.18928998957576,58.18928998957576,67,0.27744565217391304,5.41,0.32,9,12,-0.0018574640678707954,0.955526202917099,0.24507486820220947,0.00102352273765971,0.0007812500116415322,0.0,0.0,4,9.464825449493778e-05,9.464825449493778e-05,1.0,in,l2sq,7823.865153551102
2026-05-19T16:42:18.895245,331,353501,70.09117688039528,64.14023343498552,55,0.28206521739130436,5.275,0.34,12,12,-0.0022127435266156015,0.9377482086420059,0.2756269834935665,0.0007171883949240732,0.0019531249854480848,0.0,0.0,4,9.463405773000482e-05,9.463405773000482e-05,1.0,in,l2sq,7844.377170801163
2026-05-19T16:42:42.866557,332,354545,5.8457351642803514,5.8457351642803514,60,0.28369565217391307,5.27,0.34,9,12,-0.001972509887854912,0.8906443417072296,0.2822197824716568,0.0004210845293073362,0.0003906250058207661,0.0,0.0,4,9.461986285794229e-05,9.461986285794229e-05,1.0,in,l2sq,7868.348515510559
2026-05-19T16:43:04.271767,333,355626,-81.95642369026676,-38.0553442629932,39,0.2796195652173913,5.255,0.33,12,12,-0.0014238950258005367,0.9054965376853943,0.2787896730005741,0.0013500039205382453,0.0003906250058207661,0.0,0.0,4,9.460567035161292e-05,9.460567035161292e-05,1.0,in,l2sq,7889.753688335419
2026-05-19T16:43:28.659769,334,356691,-38.92960275015026,-38.92960275015026,57,0.28532608695652173,5.245,0.28,10,12,-0.0025201410229781507,0.8998645395040512,0.2737264893949032,0.00012322288406493506,0.001367187505820766,0.0,0.0,4,9.458675016359931e-05,9.458675016359931e-05,1.0,in,l2sq,7914.141711950302
2026-05-19T16:43:48.083450,335,357678,-30.28212658469308,-34.60586466742167,38,0.2828804347826087,5.2,0.27,12,12,-0.001336284021090428,0.9218883514404297,0.26052823662757874,0.0002531060744787039,0.0007812500116415322,0.0,0.0,4,9.457256238755347e-05,9.457256238755347e-05,1.0,in,l2sq,7933.565365076065
2026-05-19T16:44:12.236029,336,358728,26.19461922459711,26.19461922459711,60,0.2828804347826087,5.24,0.23,9,12,-0.0016407214636273704,0.8821501433849335,0.26954999193549156,0.00021473776662330954,0.0011718750465661287,0.0,0.0,4,9.455837697605816e-05,9.455837697605816e-05,1.0,in,l2sq,7957.71794128418
2026-05-19T16:44:34.191866,337,359824,-31.02515802971294,-2.4152694025579162,45,0.28206521739130436,5.21,0.24,12,12,-0.0021562505979091373,0.8882181718945503,0.2809128910303116,0.00020179449234092317,0.0,0.0,0.0,4,9.45394662462467e-05,9.45394662462467e-05,1.0,in,l2sq,7979.673770666122
2026-05-19T16:44:58.705274,338,360897,4.074445300071825,4.074445300071825,62,0.28532608695652173,5.19,0.24,10,12,-0.0010638401072355919,1.038528949022293,0.29454705119132996,-8.216612905015408e-05,0.0007812500116415322,0.0,0.0,4,9.452528556267025e-05,9.452528556267025e-05,1.0,in,l2sq,8004.187232017517
2026-05-19T16:45:19.007480,339,361925,46.000571161743856,25.03750823090784,51,0.28396739130434784,5.23,0.24,12,12,-0.002304171072319061,0.9484071880578995,0.27489567548036575,0.00028721927164952754,0.0017578125261934474,0.0,0.0,4,9.451110724246228e-05,9.451110724246228e-05,1.0,in,l2sq,8024.4893498420715
2026-05-19T16:45:43.553085,340,363001,8.39663504614688,8.39663504614688,49,0.2845108695652174,5.17,0.28,11,12,-0.0016044574163969205,0.9416763558983803,0.2654060572385788,0.0011701409543093122,0.003710937686264515,0.0,0.0,4,9.449220596612488e-05,9.449220596612488e-05,1.0,in,l2sq,8049.0350387096405
2026-05-19T16:46:04.758265,341,364075,-60.07920912342264,-25.84128703863788,48,0.2842391304347826,4.96,0.3,12,12,-0.0024094448395772794,0.9623228013515472,0.28904426097869873,0.0006519986402282463,0.0011718750465661287,0.0,0.0,4,9.447803237147228e-05,9.447803237147228e-05,1.0,in,l2sq,8070.240163564682
2026-05-19T16:46:37.111105,342,365158,-96.92472020652251,-96.92472020652251,44,0.28152173913043477,4.97,0.27,12,12,-0.0014958531173762113,0.9296059161424637,0.28309765085577965,0.0007980561916156037,0.0005859375087311491,0.0,0.0,4,9.446386113900672e-05,9.446386113900672e-05,1.0,in,l2sq,8102.593021631241
2026-05-19T16:46:59.203602,343,366272,-27.538913640653487,-62.231816923588,57,0.2826086956521739,5.085,0.37,12,12,-0.0016477935220791107,0.8923031538724899,0.2861250415444374,-9.076093087398429e-05,0.0023437500349245965,0.0,0.0,4,9.444496931141754e-05,9.444496931141754e-05,1.0,in,l2sq,8124.685464859009
2026-05-19T16:47:23.576095,344,367340,43.870191862039185,43.870191862039185,55,0.28369565217391307,5.245,0.36,11,12,-0.0025039237865712716,0.8879786431789398,0.26419777423143387,0.0005987958750665046,0.0003906250058207661,0.0,0.0,4,9.443080280214505e-05,9.443080280214505e-05,1.0,in,l2sq,8149.058048725128
2026-05-19T16:47:45.232017,345,368434,29.48811213554992,36.67915199879455,58,0.28505434782608696,5.315,0.41,12,12,-0.0013461971720971494,0.9280297309160233,0.2649898827075958,0.0003366553442106235,0.0005859375087311491,0.0,0.0,4,9.441663865387875e-05,9.441663865387875e-05,1.0,in,l2sq,8170.7139108181
2026-05-19T16:48:08.663454,346,369450,-4.542975487456352,-4.542975487456352,53,0.2872282608695652,5.225,0.4,10,12,-0.0033249431115109362,0.9122042581439018,0.26212651655077934,0.00034257452899738583,0.012304687639698386,0.0,0.0,4,9.439775627031436e-05,9.439775627031436e-05,1.0,in,l2sq,8194.145375728607
2026-05-19T16:48:30.255686,347,370543,-14.015175475794386,-9.27907548162537,49,0.28342391304347825,5.28,0.35,12,12,-0.002002178886323258,0.8952377438545227,0.27130216360092163,0.0009985110393244956,0.003515625139698386,0.0,0.0,4,9.438359684288e-05,9.438359684288e-05,1.0,in,l2sq,8215.737621545792
2026-05-19T16:49:01.676875,348,371599,-0.9449873244692506,-0.9449873244692506,45,0.28206521739130436,5.315,0.35,12,12,-0.0032101035380037723,0.918504111468792,0.2701968066394329,0.0010055529399778662,0.004882812645519152,0.0,0.0,4,9.436943977527156e-05,9.436943977527156e-05,1.0,in,l2sq,8247.15859746933
2026-05-19T16:49:22.978928,349,372660,-8.5711407877483,-4.7580640561087755,47,0.2823369565217391,5.475,0.31,12,12,-0.00263752477185325,0.8656167685985565,0.27786262705922127,0.00259526803870358,0.010351562828873284,0.0,0.0,4,9.435056683101091e-05,9.435056683101091e-05,1.0,in,l2sq,8268.460856437683
2026-05-19T16:49:55.172630,350,373698,4.683437035246688,4.683437035246688,44,0.27608695652173915,5.45,0.33,14,14,-0.0022643506817985326,0.9066168814897537,0.2733123078942299,0.0009705041876940657,0.0011718750465661287,0.0,0.0,4,9.433641448187447e-05,9.433641448187447e-05,1.0,in,l2sq,8300.654541015625
2026-05-19T16:50:16.221297,351,374760,-44.35058751007593,-19.83357523741462,42,0.27255434782608695,5.555,0.33,14,14,-0.00159701845259419,0.9185020998120308,0.270355436950922,0.00030267474351150514,0.00019531250291038305,0.0,0.0,4,9.432226449138426e-05,9.432226449138426e-05,1.0,in,l2sq,8321.703211307526
2026-05-19T16:50:40.817908,352,375832,1.356729152222261,1.356729152222261,52,0.2703804347826087,5.53,0.41,10,14,-0.0026711345126386177,0.9502186849713326,0.26385629549622536,-0.0003786997873703596,0.008593750186264515,0.0,0.0,4,9.430340098170862e-05,9.430340098170862e-05,1.0,in,l2sq,8346.29982972145
2026-05-19T16:51:02.628186,353,376935,-88.23015537470187,-43.436713111239804,42,0.27119565217391306,5.415,0.38,14,14,-0.001965907216072038,0.9188812971115112,0.2946298345923424,0.0009277474601729896,0.0,0.0,0.0,4,9.428925570733166e-05,9.428925570733166e-05,1.0,in,l2sq,8368.110093832016
2026-05-19T16:51:27.401633,354,378022,-65.54693994327269,-65.54693994327269,39,0.266304347826087,5.345,0.38,11,14,-0.0018706575450777585,0.9256675392389297,0.28606996685266495,0.0004049239897540302,0.00019531250291038305,0.0,0.0,4,9.427511279042183e-05,9.427511279042183e-05,1.0,in,l2sq,8392.883574485779
2026-05-19T16:51:47.351150,355,379032,24.648691559271075,-20.44912419200081,54,0.27065217391304347,5.21,0.35,14,14,-0.002373436890775321,0.9123448729515076,0.2867238037288189,0.0006850667146864331,0.005859375,0.0,0.0,4,9.425625871061489e-05,9.425625871061489e-05,1.0,in,l2sq,8412.833072662354
2026-05-19T16:52:10.532957,356,380036,7.310683939864868,7.310683939864868,52,0.2684782608695652,5.19,0.36,10,14,-0.0032942682562862036,0.951401099562645,0.25142843648791313,0.0022594623565964783,0.008593750302679837,0.0,0.0,4,9.424212050746072e-05,9.424212050746072e-05,1.0,in,l2sq,8436.014863014221
2026-05-19T16:52:32.016588,357,381122,31.717527138264415,19.51410553906464,57,0.2717391304347826,5.28,0.29,14,14,-0.0016596734320044604,0.885819211602211,0.25118474662303925,0.00024117138564179181,0.004687500026193447,0.0,0.0,4,9.42279846605952e-05,9.42279846605952e-05,1.0,in,l2sq,8457.498485088348
2026-05-19T16:52:55.321311,358,382133,62.48468518307259,62.48468518307259,61,0.2714673913043478,5.245,0.21,10,14,-0.0028222885433935585,0.8660363554954529,0.2619431149214506,0.0008947511758833626,0.002148437502910383,0.0,0.0,4,9.420914000594295e-05,9.420914000594295e-05,1.0,in,l2sq,8480.803255796432
2026-05-19T16:53:16.561399,359,383209,61.927348488132424,62.20601683560251,63,0.2747282608695652,5.585,0.24,14,14,-0.0019703999161722052,0.9542953968048096,0.2752480059862137,0.0024311718698299956,0.0019531250291038305,0.0,0.0,4,9.419500887047667e-05,9.419500887047667e-05,1.0,in,l2sq,8502.043261528015
2026-05-19T16:53:47.898354,360,384259,-7.9376795867931556,-7.9376795867931556,60,0.2777173913043478,5.525,0.31,14,14,-0.0018136058213713002,0.9235301837325096,0.2590861916542053,0.00037146454875482127,0.0005859375087311491,0.0,0.0,4,9.418088009012114e-05,9.418088009012114e-05,1.0,in,l2sq,8533.380275726318
2026-05-19T16:54:08.592399,361,385305,49.87793079548612,20.970125604346485,55,0.2796195652173913,5.315,0.32,14,14,-0.002327976434207818,0.8851284310221672,0.2598670907318592,0.0013163928130779726,0.0017578125261934474,0.0,0.0,4,9.416204485591192e-05,9.416204485591192e-05,1.0,in,l2sq,8554.074286699295
2026-05-19T16:54:32.880696,362,386367,44.090453912121745,44.090453912121745,47,0.28043478260869564,5.345,0.31,10,14,-0.002433031820692211,0.8844341188669205,0.2688145488500595,0.0022639376566075953,0.0003906250058207661,0.0,0.0,4,9.414792078460041e-05,9.414792078460041e-05,1.0,in,l2sq,8578.362654924393
2026-05-19T16:54:54.840196,363,387464,-6.602825195516546,18.7438143583026,47,0.2777173913043478,5.275,0.25,14,14,-0.0031454459676751867,0.8852640986442566,0.25943325087428093,0.0025699384321342666,0.007617187802679837,0.0,0.0,4,9.413379906722233e-05,9.413379906722233e-05,1.0,in,l2sq,8600.322030544281
2026-05-19T16:55:21.056570,364,388571,28.297707097018726,28.297707097018726,53,0.27717391304347827,5.47,0.34,10,14,-0.0026003398335887606,0.9389016181230545,0.2549164518713951,0.0013925502082429292,0.002929687572759576,0.0,0.0,4,9.411497324874688e-05,9.411497324874688e-05,1.0,in,l2sq,8626.538479089737
2026-05-19T16:55:42.436634,365,389619,59.506773770412444,43.90224043371558,56,0.2766304347826087,5.425,0.4,14,14,-0.002385377907194286,0.9354018270969391,0.2716536596417427,0.0009943267062681171,0.00859375056461431,0.0,0.0,4,9.410085623805876e-05,9.410085623805876e-05,1.0,in,l2sq,8647.91849565506
2026-05-19T16:56:08.180720,366,390707,57.95707381195485,57.95707381195485,65,0.2798913043478261,5.355,0.42,10,14,-0.002599886636016957,0.8942118138074875,0.2746048681437969,0.0003583001378729411,0.0029296875291038305,0.0,0.0,4,9.408674158012734e-05,9.408674158012734e-05,1.0,in,l2sq,8673.662637472153
2026-05-19T16:56:29.308634,367,391740,39.77237718399164,48.86472549797324,55,0.28152173913043477,5.425,0.3,14,14,-0.003273126852582242,0.8836599141359329,0.2602538336068392,0.0011674966334112163,0.009570312686264515,0.0,0.0,4,9.406792517267872e-05,9.406792517267872e-05,1.0,in,l2sq,8694.790487527847
2026-05-19T16:56:54.176313,368,392794,52.14756656547594,52.14756656547594,62,0.2861413043478261,5.175,0.19,12,14,-0.001571422818233248,0.9089788496494293,0.2629714533686638,0.001403241759908247,0.0031250000465661287,0.0,0.0,4,9.405381521908439e-05,9.405381521908439e-05,1.0,in,l2sq,8719.65822339058
2026-05-19T16:57:16.064034,369,393866,30.74402393352432,41.44579524950013,59,0.28940217391304346,5.14,0.18,14,14,-0.0026690975442761333,0.8922941461205482,0.26427938789129257,0.0006562918019426545,0.007421875052386895,0.0,0.0,4,9.40397076170706e-05,9.40397076170706e-05,1.0,in,l2sq,8741.545919656754
2026-05-19T16:57:41.505797,370,394946,-19.03395053429629,-19.03395053429629,47,0.2902173913043478,5.165,0.21,12,14,-0.0021709480075514653,0.8670992851257324,0.26687225326895714,0.0009685475160268187,0.0017578125261934474,0.0,0.0,4,9.402090061594426e-05,9.402090061594426e-05,1.0,in,l2sq,8766.987691164017
2026-05-19T16:58:02.789774,371,395985,-6.052969088273059,-12.543459811284675,48,0.29184782608695653,5.21,0.22,14,14,-0.0017973125621209007,0.9292713552713394,0.246349036693573,-0.002143164962581068,0.009374999906867743,0.0,0.0,4,9.400679771591589e-05,9.400679771591589e-05,1.0,in,l2sq,8788.271678686142
2026-05-19T16:58:27.312629,372,397025,-22.82283781990608,-22.82283781990608,49,0.2910326086956522,5.325,0.26,13,14,-0.0026153777856960936,0.9035922065377235,0.2610751986503601,-0.0005534796019674021,0.005664062482537702,0.0,0.0,4,9.399269716629249e-05,9.399269716629249e-05,1.0,in,l2sq,8812.794551610947
2026-05-19T16:58:48.098689,373,398047,77.81279357197297,27.494977876033445,58,0.29538043478260867,5.285,0.28,14,14,-0.0039340168121270724,0.9513451308012009,0.2755987346172333,0.0016303263905683707,0.009375000605359674,0.0,0.0,4,9.397859849671104e-05,9.397859849671104e-05,1.0,in,l2sq,8833.580552101135
2026-05-19T16:59:13.482198,374,399122,12.512675546243756,12.512675546243756,57,0.30027173913043476,5.205,0.29,10,14,-0.001715787911234612,0.8849848136305809,0.2458259668201208,0.0011267786157532211,0.0021484375465661287,0.0,0.0,4,9.396450217682952e-05,9.396450217682952e-05,1.0,in,l2sq,8858.964134216309
2026-05-19T16:59:34.553227,375,400156,-37.271032364663,-12.379178409209622,46,0.2980978260869565,5.09,0.27,14,14,-0.0017133852892584622,0.9016131162643433,0.26688187196850777,-0.0002207709078845682,0.0015625000232830644,0.0,0.0,4,9.394571021603917e-05,9.394571021603917e-05,1.0,in,l2sq,8880.035147190094
2026-05-19T16:59:59.805729,376,401232,14.6366527014027,14.6366527014027,55,0.29891304347826086,5.115,0.31,11,14,-0.0021267638250721532,0.8887910395860672,0.24550240486860275,0.0001794801702544313,0.0007812500116415322,0.0,0.0,4,9.393161859438278e-05,9.393161859438278e-05,1.0,in,l2sq,8905.28765630722
2026-05-19T17:00:21.023506,377,402275,16.75162834255314,15.69414052197792,54,0.2980978260869565,5.205,0.25,14,14,-0.001886620753066337,0.9030247926712036,0.257782643660903,0.0017322344437616308,0.002148437502910383,0.0,0.0,4,9.391752932125171e-05,9.391752932125171e-05,1.0,in,l2sq,8926.505415439606
2026-05-19T17:00:46.701899,378,403367,58.64608775187942,58.64608775187942,56,0.2967391304347826,5.325,0.24,11,14,-0.002114793720829844,0.9546456038951874,0.26690313778817654,-7.827674380705973e-06,0.004882812630967237,0.0,0.0,4,9.389874675456276e-05,9.389874675456276e-05,1.0,in,l2sq,8952.18383550644
2026-05-19T17:01:08.335814,379,404430,48.83658419789591,53.74133597488766,51,0.29347826086956524,5.59,0.29,14,14,-0.0019897714548278156,0.8883448988199234,0.2297988310456276,-0.0006392378417103828,0.0031249999592546374,0.0,0.0,4,9.388466217730817e-05,9.388466217730817e-05,1.0,in,l2sq,8973.817715644836
2026-05-19T17:01:32.669663,380,405461,23.074335335526442,23.074335335526442,57,0.2926630434782609,5.46,0.26,13,14,-0.0010957285834138353,0.9202410578727722,0.24789241142570972,-0.0002982163162869311,0.001171875002910383,0.0,0.0,4,9.387057994740487e-05,9.387057994740487e-05,1.0,in,l2sq,8998.151599884033
2026-05-19T17:01:54.159696,381,406516,11.894840692525284,17.484588014025864,52,0.29184782608695653,5.45,0.32,14,14,-0.0032081175711936583,0.8862418234348297,0.27265777066349983,0.0017180984396873156,0.008593749953433871,0.0,0.0,4,9.38518067701212e-05,9.38518067701212e-05,1.0,in,l2sq,9019.64161658287
2026-05-19T17:02:26.432675,382,407578,33.139275661837715,33.139275661837715,56,0.29429347826086955,5.4,0.35,14,14,-0.003875891899224382,0.9287190288305283,0.2581285834312439,0.002827857101874609,0.008593749953433871,0.0,0.0,4,9.383772923374693e-05,9.383772923374693e-05,1.0,in,l2sq,9051.914373397827
2026-05-19T17:02:48.267524,383,408647,17.174952452239786,25.15711405703875,51,0.29538043478260867,5.315,0.39,14,14,-0.0014888144889483035,0.8624911308288574,0.26473096013069153,0.0015093139559667068,0.0015625000523868948,0.0,0.0,4,9.382365404355052e-05,9.382365404355052e-05,1.0,in,l2sq,9073.749430179596
2026-05-19T17:03:11.921950,384,409645,29.103787290035662,29.103787290035662,51,0.29483695652173914,5.3,0.38,12,14,-0.0022222668034373727,0.9272310584783554,0.2764549180865288,0.0009190290967978909,0.0007812500261934474,0.0,0.0,4,9.380489025097836e-05,9.380489025097836e-05,1.0,in,l2sq,9097.403868198395
2026-05-19T17:03:33.246385,385,410697,1.8335127676889573,15.46865002886231,51,0.29347826086956524,5.17,0.3,14,14,-0.0005966424970210715,0.9201368093490601,0.2480228841304779,-0.00014252342552922848,0.0003906250058207661,0.0,0.0,4,9.379081975196467e-05,9.379081975196467e-05,1.0,in,l2sq,9118.728300333023
2026-05-19T17:03:58.548713,386,411771,15.028715392261569,15.028715392261569,50,0.28940217391304346,5.15,0.3,10,14,-0.0022817697361460776,0.884049229323864,0.26230305805802345,0.0005376737867663905,0.0005859375232830644,0.0,0.0,4,9.377675159795597e-05,9.377675159795597e-05,1.0,in,l2sq,9144.030652284622
2026-05-19T17:04:19.271049,387,412789,14.995026279414695,15.011870835838131,49,0.2877717391304348,4.935,0.25,14,14,-0.0018110466364305577,0.989308163523674,0.2570388913154602,-0.0011547985935976834,0.003906250058207661,0.0,0.0,4,9.376268531966988e-05,9.376268531966988e-05,1.0,in,l2sq,9164.752978563309
2026-05-19T17:04:44.161067,388,413839,31.757407188611158,31.757407188611158,54,0.2855978260869565,4.9,0.2,9,14,-0.0036234934290405585,0.9513537511229515,0.24243075214326382,0.0018356538979333037,0.013281250023283064,0.0,0.0,4,9.374862138568536e-05,9.374862138568536e-05,1.0,in,l2sq,9189.642969369888
2026-05-19T17:05:05.355076,389,414881,41.398981879508206,36.57819453405968,56,0.2847826086956522,4.74,0.2,14,14,-0.0022469859846752094,0.9615477100014687,0.2679242007434368,0.00030934907637175657,0.005468750008731149,0.0,0.0,4,9.372987259889444e-05,9.372987259889444e-05,1.0,in,l2sq,9210.83695936203
2026-05-19T17:05:30.272419,390,415935,40.57323530853906,40.57323530853906,55,0.28695652173913044,4.835,0.22,11,14,-0.002079279735335171,0.8919619917869568,0.2641897350549698,-0.00012261525698709086,0.0007812500116415322,0.0,0.0,4,9.3715813352341e-05,9.3715813352341e-05,1.0,in,l2sq,9235.754359483719
2026-05-19T17:05:51.888399,391,416982,-8.880817698610837,15.846208804964112,49,0.2872282608695652,5.025,0.22,14,14,-0.00255600122327454,0.9012647941708565,0.25960887409746647,0.0016418454240124947,0.01132812509604264,0.0,0.0,4,9.370175644891722e-05,9.370175644891722e-05,1.0,in,l2sq,9257.37028336525
2026-05-19T17:06:15.841430,392,417988,64.57684352371923,64.57684352371923,53,0.28831521739130433,4.985,0.29,10,14,-0.00207232237753488,0.9457013607025146,0.26569897308945656,0.0005899949648665026,0.003906250058207661,0.0,0.0,4,9.368301703464499e-05,9.368301703464499e-05,1.0,in,l2sq,9281.32334446907
2026-05-19T17:06:36.942690,393,419028,18.517074358491875,41.54695894110556,51,0.28641304347826085,5.07,0.37,14,14,-0.0024939135357273656,0.9204488396644592,0.23801704496145248,0.0007333902907702972,0.006640624953433871,0.0,0.0,4,9.366896481630907e-05,9.366896481630907e-05,1.0,in,l2sq,9302.424617052078
2026-05-19T17:07:01.586264,394,420073,24.981173003090127,24.981173003090127,47,0.28369565217391307,5.125,0.41,12,14,-0.002295566443717756,0.9169655963778496,0.2772416025400162,0.00011399596289719816,0.002734375069849193,0.0,0.0,4,9.365491493993144e-05,9.365491493993144e-05,1.0,in,l2sq,9327.068217515945
2026-05-19T17:07:23.597208,395,421154,12.438712633071459,18.709942818080794,47,0.28396739130434784,5.24,0.42,14,14,-0.0023053370488924085,0.8740578219294548,0.25599756836891174,0.00120712680118229,0.0037109374825377017,0.0,0.0,4,9.363618489349262e-05,9.363618489349262e-05,1.0,in,l2sq,9349.079095363617
2026-05-19T17:07:48.164235,396,422196,84.43126168969718,84.43126168969718,62,0.2858695652173913,5.34,0.37,11,14,-0.0016659230488584864,0.9409227669239044,0.24874995648860931,0.00030199464035834955,0.001953125058207661,0.0,0.0,4,9.362213969986076e-05,9.362213969986076e-05,1.0,in,l2sq,9373.646188497543
2026-05-19T17:08:10.412450,397,423288,-25.28620449698903,29.572528596354076,45,0.28342391304347825,5.3,0.29,14,14,-0.0030582513893023244,0.8887487798929214,0.272869560867548,0.0003158918109193165,0.004296875165891834,0.0,0.0,4,9.360809684701649e-05,9.360809684701649e-05,1.0,in,l2sq,9395.894309282303
2026-05-19T17:08:34.958303,398,424362,113.94048395837518,113.94048395837518,62,0.28505434782608696,5.285,0.26,13,14,-0.002007565691019425,0.9309355765581131,0.2757515385746956,0.0011936882838426647,0.003906250058207661,0.0,0.0,4,9.358937616372806e-05,9.358937616372806e-05,1.0,in,l2sq,9420.44023180008
2026-05-19T17:08:55.842428,399,425430,41.95100734134507,77.94574564986013,55,0.2861413043478261,5.265,0.26,14,14,-0.0019198194320779183,0.9489222913980484,0.24806689471006393,7.201532298495295e-05,0.010156249860301614,0.0,0.0,4,9.357533799128864e-05,9.357533799128864e-05,1.0,in,l2sq,9441.324321746826
2026-05-19T17:09:27.589269,400,426446,-8.970529997079126,-8.970529997079126,49,0.28396739130434784,5.13,0.25,14,14,-0.0017692201203318714,0.8954037874937057,0.276640921831131,-0.00011910434163836525,0.0015624999796273187,0.0,0.0,4,9.356130215846664e-05,9.356130215846664e-05,1.0,in,l2sq,9473.071190595627
2026-05-19T17:09:47.719521,401,427480,45.731717872731366,18.38059393782612,58,0.2855978260869565,5.06,0.23,14,14,-0.0029745735228061676,0.9414253681898117,0.2733555734157562,0.00013193666175070895,0.001953125,0.0,0.0,4,9.354726819705783e-05,9.354726819705783e-05,1.0,in,l2sq,9493.201447725296
2026-05-19T17:10:12.099815,402,428564,65.44806749447002,65.44806749447002,60,0.2866847826086957,5.075,0.18,13,14,-0.003932015667669542,0.9875100255012512,0.25267824716866016,0.0017591084738569178,0.01875000016298145,0.0,0.0,4,9.353323657456461e-05,9.353323657456461e-05,1.0,in,l2sq,9517.581771612167
2026-05-19T17:10:32.706863,403,429620,1.4491637972625708,33.4486156458663,55,0.2877717391304348,5.13,0.19,14,14,-0.0027428011031588873,0.9196185693144798,0.2783721722662449,0.00242095938812098,0.009960937895812094,0.0,0.0,4,9.351453086258206e-05,9.351453086258206e-05,1.0,in,l2sq,9538.188769578934
2026-05-19T17:10:57.553264,404,430727,-50.925209463672324,-50.925209463672324,43,0.2855978260869565,5.38,0.21,13,14,-0.0020287906751492724,0.8664537742733955,0.2765015847980976,0.0015810424422170316,0.0009765625291038305,0.0,0.0,4,9.349582889155487e-05,9.349582889155487e-05,1.0,in,l2sq,9563.035206317902
2026-05-19T17:11:17.673213,405,431757,4.340883635672483,-23.29216291399992,52,0.2858695652173913,5.345,0.25,14,14,-0.0019588441646192223,0.9275611490011215,0.26309797167778015,0.0013505596327377245,0.004687500186264515,0.0,0.0,4,9.34818047509724e-05,9.34818047509724e-05,1.0,in,l2sq,9583.155145168304
2026-05-19T17:11:42.026028,406,432833,-34.83528023006088,-34.83528023006088,45,0.2845108695652174,5.22,0.34,12,14,-0.0024728000862523913,0.853406272828579,0.2724648788571358,0.0013489779875385521,0.0039062499563442543,0.0,0.0,4,9.346778294766877e-05,9.346778294766877e-05,1.0,in,l2sq,9607.50795173645
2026-05-19T17:12:03.200050,407,433916,-65.52923848194261,-50.18225935600175,44,0.2831521739130435,5.105,0.29,14,14,-0.002898517996072769,0.9766844511032104,0.2709423899650574,0.0008763736289437718,0.006250000325962901,0.0,0.0,4,9.345376301390777e-05,9.345376301390777e-05,1.0,in,l2sq,9628.681980371475
2026-05-19T17:12:26.944572,408,434958,15.06010618704035,15.06010618704035,48,0.28152173913043477,5.14,0.33,11,14,-0.0031010235470602943,0.8885645568370819,0.2793289013206959,0.0007554081934358636,0.008593750419095159,0.0,0.0,4,9.34397454167245e-05,9.34397454167245e-05,1.0,in,l2sq,9652.426524877548
2026-05-19T17:12:46.640279,409,435964,27.801445239472315,21.43077571325633,50,0.2798913043478261,5.165,0.27,14,14,-0.0024776586214556584,0.8514223247766495,0.24345695786178112,0.0006543617187844462,0.007812500116415322,0.0,0.0,4,9.34210584020386e-05,9.34210584020386e-05,1.0,in,l2sq,9672.122164964676
2026-05-19T17:13:10.778323,410,436986,46.57207970558815,46.57207970558815,53,0.2793478260869565,5.085,0.27,13,14,-0.0030065957689657807,1.0101210176944733,0.26840708404779434,0.002191740447506141,0.016406250651925802,0.0,0.0,4,9.340704547684264e-05,9.340704547684264e-05,1.0,in,l2sq,9696.260271549225
2026-05-19T17:13:31.139025,411,437987,68.29572144106183,57.43390057332499,61,0.2826086956521739,5.16,0.23,14,14,-0.0025455914714256345,0.9201780781149864,0.2411131002008915,-0.0002070516649723686,0.009375000328873284,0.0,0.0,4,9.339303488705634e-05,9.339303488705634e-05,1.0,in,l2sq,9716.62089085579
2026-05-19T17:13:56.700157,412,439072,-10.08719294509219,-10.08719294509219,48,0.28125,5.0,0.27,11,14,-0.0014611125028750616,0.8937561959028244,0.2615085653960705,-1.1733469614222392e-05,0.0003906250058207661,0.0,0.0,4,9.337435721400929e-05,9.337435721400929e-05,1.0,in,l2sq,9742.182105064392
2026-05-19T17:14:17.856016,413,440114,44.80124942202415,17.35702823846598,56,0.2826086956521739,4.98,0.35,14,14,-0.0013425097131403163,0.9894761443138123,0.25517380237579346,0.0008767408533457699,0.0,0.0,0.0,4,9.336035129387475e-05,9.336035129387475e-05,1.0,in,l2sq,9763.33787059784
2026-05-19T17:14:42.059527,414,441136,85.68379565065015,85.68379565065015,63,0.28695652173913044,5.095,0.25,11,14,-0.001634742169699166,0.9122166112065315,0.24887975864112377,0.0006982919649544568,0.00019531250291038305,0.0,0.0,4,9.334634770798243e-05,9.334634770798243e-05,1.0,in,l2sq,9787.541474580765
2026-05-19T17:15:03.531081,415,442193,39.81024216189873,62.74701890627444,55,0.2891304347826087,5.16,0.26,14,14,-0.0027429171488619897,0.9116136729717255,0.26257481426000595,0.0015999299812392564,0.004296875151339918,0.0,0.0,4,9.333234598920377e-05,9.333234598920377e-05,1.0,in,l2sq,9809.012956142426
2026-05-19T17:15:27.755772,416,443215,-5.55477314602706,-5.55477314602706,43,0.28396739130434784,5.18,0.21,11,14,-0.0018926866549009436,0.8972520157694817,0.2528661508113146,0.001419079120864794,0.0015624999796273187,0.0,0.0,4,9.33183466039671e-05,9.33183466039671e-05,1.0,in,l2sq,9833.237723588943
2026-05-19T17:15:49.668600,417,444291,57.60239280706111,26.023809830517024,59,0.2877717391304348,5.295,0.25,14,14,-0.00218603298126252,0.9175902903079987,0.2581579405814409,0.0003705096508156286,0.0005859375087311491,0.0,0.0,4,9.329968386782979e-05,9.329968386782979e-05,1.0,in,l2sq,9855.150522470474
2026-05-19T17:16:13.760635,418,445310,1.4953811184962202,1.4953811184962202,60,0.2872282608695652,5.165,0.26,12,14,-0.002840585284866304,0.8851781934499741,0.27201349288225174,0.002833516295640992,0.0031249999592546374,0.0,0.0,4,9.328568914851049e-05,9.328568914851049e-05,1.0,in,l2sq,9879.242574214935
2026-05-19T17:16:35.862242,419,446395,101.35593571291372,51.42565841570497,62,0.2891304347826087,5.195,0.3,14,14,-0.0015461689152288793,0.8888085931539536,0.2445964813232422,0.0006883622688405866,0.0,0.0,0.0,4,9.327169676156665e-05,9.327169676156665e-05,1.0,in,l2sq,9901.344156265259
2026-05-19T17:17:02.211096,420,447522,11.288773398710818,11.288773398710818,50,0.28940217391304346,5.14,0.19,13,14,-0.0033599161251913756,0.93198561668396,0.23827791027724743,0.0010386528780031547,0.009570312686264515,0.0,0.0,4,9.325304335493132e-05,9.325304335493132e-05,1.0,in,l2sq,9927.693019151688
2026-05-19T17:17:22.770489,421,448535,88.92072041158691,50.104746905148865,64,0.2910326086956522,5.31,0.2,14,14,-0.001685885025653977,0.8874250799417496,0.2575451359152794,0.0015497552424221794,0.003515625139698386,0.0,0.0,4,9.323905563157235e-05,9.323905563157235e-05,1.0,in,l2sq,9948.252399921417
2026-05-19T17:17:47.396706,422,449583,38.91633928972168,38.91633928972168,53,0.2891304347826087,5.395,0.19,13,14,-0.001684782863594525,0.9407670050859451,0.24488033540546894,2.032388327961876e-05,0.0003906250058207661,0.0,0.0,4,9.32250702394229e-05,9.32250702394229e-05,1.0,in,l2sq,9972.87863445282
2026-05-19T17:18:07.776611,423,450586,69.26482495759107,54.090582123656375,63,0.29130434782608694,5.28,0.15,14,14,-0.0029054781713057642,0.8989037349820137,0.2501016426831484,0.001340811057298219,0.0070312501629814506,0.0,0.0,4,9.320642615762571e-05,9.320642615762571e-05,1.0,in,l2sq,9993.258511304855
2026-05-19T17:18:32.769656,424,451642,-15.979328173428023,-15.979328173428023,51,0.29347826086956524,5.3,0.21,12,14,-0.003898517112247646,0.8528816550970078,0.24098645523190498,0.000685579349965354,0.014843749813735485,0.0,0.0,4,9.319244542672979e-05,9.319244542672979e-05,1.0,in,l2sq,10018.251595497131
2026-05-19T17:18:54.438787,425,452706,93.72714965924418,38.87391074290808,67,0.297554347826087,5.305,0.25,14,14,-0.00197959472425302,0.8528759628534317,0.2409849353134632,0.0016504888262488752,0.005273437665891834,0.0,0.0,4,9.317846702587801e-05,9.317846702587801e-05,1.0,in,l2sq,10039.92070364952
2026-05-19T17:19:26.203354,426,453725,57.792153977426466,57.792153977426466,56,0.3005434782608696,5.405,0.25,14,14,-0.004518979741260143,0.8428691774606705,0.2575637325644493,0.001341646430410015,0.009765625232830644,0.0,0.0,4,9.316449048878195e-05,9.316449048878195e-05,1.0,in,l2sq,10071.685198783875
2026-05-19T17:19:46.687376,427,454732,41.87833262182119,49.835243299623826,52,0.3027173913043478,5.415,0.26,14,14,-0.0013409883218628016,0.8533765897154808,0.23378692008554935,0.000371543785661288,0.0003906250058207661,0.0,0.0,4,9.315051628103107e-05,9.315051628103107e-05,1.0,in,l2sq,10092.169261217117
2026-05-19T17:20:18.120110,428,455750,32.92107454177176,32.92107454177176,57,0.30516304347826084,5.435,0.21,14,14,-0.0030725546559551287,0.9206205382943153,0.24579855240881443,0.0006197954850904394,0.007226562476716936,0.0,0.0,4,9.313188710928004e-05,9.313188710928004e-05,1.0,in,l2sq,10123.602038383484
2026-05-19T17:20:37.853258,429,456722,-7.277799538106281,12.82163750183274,50,0.30516304347826084,5.165,0.22,14,14,-0.0007992625614861026,0.942306637763977,0.24855156987905502,0.0010580961457208084,0.0003906250058207661,0.0,0.0,4,9.3117917559055e-05,9.3117917559055e-05,1.0,in,l2sq,10143.335142374039
2026-05-19T17:21:01.379944,430,457714,96.4544336166329,96.4544336166329,67,0.3089673913043478,5.19,0.22,13,14,-0.0019458684975688367,0.8942223191261292,0.24998236075043678,0.0002766608494995104,0.0023437499767169356,0.0,0.0,4,9.310395033701074e-05,9.310395033701074e-05,1.0,in,l2sq,10166.86189365387
2026-05-19T17:21:22.682723,431,458760,-7.370037056589593,44.54219828002165,51,0.30625,5.09,0.29,14,14,-0.0011312000806356082,0.9369149059057236,0.24827507138252258,0.0004154974924858168,0.0003906250058207661,0.0,0.0,4,9.30899849772317e-05,9.30899849772317e-05,1.0,in,l2sq,10188.164630889893
2026-05-19T17:21:47.619001,432,459820,50.210814084151615,50.210814084151615,59,0.3092391304347826,5.055,0.27,13,14,-0.002366250033082773,0.8783103004097939,0.24760617315769196,0.0009580066481759963,0.0025390625960426405,0.0,0.0,4,9.307602194493503e-05,9.307602194493503e-05,1.0,in,l2sq,10213.100952863693
2026-05-19T17:22:09.233249,433,460872,32.00364849893036,41.107231291540984,54,0.30869565217391304,5.17,0.3,14,14,-0.0031015195738292034,0.9448362439870834,0.24277659505605698,-0.00017173685373565728,0.005273437709547579,0.0,0.0,4,9.305740767130627e-05,9.305740767130627e-05,1.0,in,l2sq,10234.71513724327
2026-05-19T17:22:34.110216,434,461929,67.93433109926758,67.93433109926758,66,0.3095108695652174,5.27,0.27,13,14,-0.0013066843675915152,0.9597923010587692,0.230375524610281,0.0005137806386301125,0.002734375011641532,0.0,0.0,4,9.304344929281073e-05,9.304344929281073e-05,1.0,in,l2sq,10259.59216928482
2026-05-19T17:22:54.909955,435,462950,38.216430662009905,53.07538088063875,56,0.30978260869565216,5.255,0.25,14,14,-0.0029554539185483453,0.8605515211820602,0.26878758519887924,0.001774462243133712,0.004296874976716936,0.0,0.0,4,9.302949324063405e-05,9.302949324063405e-05,1.0,in,l2sq,10280.391833305359
2026-05-19T17:23:19.870722,436,464011,7.88658764069954,7.88658764069954,54,0.31277173913043477,5.325,0.27,13,14,-0.002614621465909406,0.846509113907814,0.2608712203800678,-0.0005120883718405106,0.010156250122236088,0.0,0.0,4,9.301088827228086e-05,9.301088827228086e-05,1.0,in,l2sq,10305.352643013
2026-05-19T17:23:41.725538,437,465083,81.57705938176933,44.73182351123444,53,0.3111413043478261,5.35,0.24,14,14,-0.0013229340504039566,0.8707749992609024,0.2507699355483055,-8.969041437012493e-05,0.0003906250058207661,0.0,0.0,4,9.299693687157887e-05,9.299693687157887e-05,1.0,in,l2sq,10327.207465648651
2026-05-19T17:24:14.824351,438,466172,18.819962599645244,18.819962599645244,58,0.3105978260869565,5.53,0.25,14,14,-0.002296457464399271,0.90898597240448,0.2400629110634327,0.0007148532054429835,0.001757812569849193,0.0,0.0,4,9.298298779603282e-05,9.298298779603282e-05,1.0,in,l2sq,10360.306061267853
2026-05-19T17:24:36.886864,439,467244,-31.80194426926304,-6.490990834808898,46,0.30625,5.685,0.23,14,14,-0.0014112852484686744,0.8777422979474068,0.25203478895127773,-0.0005485710242737821,0.0015624999796273187,0.0,0.0,4,9.29643921283035e-05,9.29643921283035e-05,1.0,in,l2sq,10382.368766784668
2026-05-19T17:25:08.126341,440,468244,20.029363669354,20.029363669354,54,0.30733695652173915,5.615,0.23,14,14,-0.002180336386663928,0.9585304856300354,0.2639361023902893,0.0009535404171401793,0.0023437500349245965,0.0,0.0,4,9.295044770190686e-05,9.295044770190686e-05,1.0,in,l2sq,10413.60808968544
2026-05-19T17:25:29.570547,441,469266,36.53249393771297,28.280928803533484,57,0.30543478260869567,5.35,0.25,14,14,-0.0020821914673431197,0.8800990208983421,0.2588262762874365,0.0011203264813048038,0.0007812500116415322,0.0,0.0,4,9.293650559950381e-05,9.293650559950381e-05,1.0,in,l2sq,10435.052417755127
2026-05-19T17:26:01.914646,442,470315,-4.758145662301528,-4.758145662301528,55,0.3059782608695652,5.29,0.26,15,15,-0.0031282335577997866,0.8745207041501999,0.22879260033369064,0.0010975499824099066,0.003906250145519152,0.0,0.0,4,9.292256535601678e-05,9.292256535601678e-05,1.0,in,l2sq,10467.396387338638
2026-05-19T17:26:22.951373,443,471346,45.006929848618164,20.124392093158317,61,0.30543478260869567,5.295,0.24,15,15,-0.0029752515867585427,0.8745182752609253,0.24142253957688808,0.0033524011439567403,0.015429687919095159,0.0,0.0,4,9.29086274358262e-05,9.29086274358262e-05,1.0,in,l2sq,10488.433220386505
2026-05-19T17:26:47.488320,444,472388,13.784806148375534,13.784806148375534,53,0.3059782608695652,5.67,0.27,14,15,-0.003467896985239305,0.8709000125527382,0.24542289972305298,0.002307843152527758,0.016796874930150807,0.0,0.0,4,9.28900466394253e-05,9.28900466394253e-05,1.0,in,l2sq,10512.97025847435
2026-05-19T17:27:08.433287,445,473417,42.01975223973644,27.902279194055986,62,0.3046195652173913,5.515,0.25,15,15,-0.001743504861952072,0.9817785918712616,0.23673425614833832,-0.0008310011340654233,0.002734375011641532,0.0,0.0,4,9.287611336466612e-05,9.287611336466612e-05,1.0,in,l2sq,10533.915199518204
2026-05-19T17:27:32.540688,446,474433,43.80454056083715,43.80454056083715,52,0.3035326086956522,5.415,0.24,12,15,-0.0023741705896100362,0.8825462237000465,0.2559391390532255,0.0005116380832078382,0.005078124988358468,0.0,0.0,4,9.2862182412042e-05,9.2862182412042e-05,1.0,in,l2sq,10558.02261018753
2026-05-19T17:27:53.997980,447,475479,22.832356285008515,33.31844842292283,56,0.3046195652173913,5.245,0.24,15,15,-0.002014114815392487,0.9046309143304825,0.25582075864076614,0.00016989324581118126,0.001953125,0.0,0.0,4,9.284825331684725e-05,9.284825331684725e-05,1.0,in,l2sq,10579.479902029037
2026-05-19T17:28:19.470908,448,476543,89.30329622382834,89.30329622382834,65,0.30679347826086956,5.205,0.22,12,15,-0.0027652245815261434,0.8872566893696785,0.2465461753308773,0.0015125833366710084,0.006054687488358468,0.0,0.0,4,9.283432654309099e-05,9.283432654309099e-05,1.0,in,l2sq,10604.952826738358
2026-05-19T17:28:40.553595,449,477565,46.61032077519976,67.95680849951405,51,0.3070652173913043,5.295,0.27,15,15,-0.0022628042883298116,0.8781174719333649,0.2513467650860548,-0.00037351985010897204,0.0031250001047737896,0.0,0.0,4,9.281576060612563e-05,9.281576060612563e-05,1.0,in,l2sq,10626.035517692566
2026-05-19T17:29:07.328470,450,478633,94.22734851754886,94.22734851754886,63,0.3059782608695652,5.375,0.29,12,15,-0.0015616282966220973,0.8744917511940002,0.22142525762319565,0.00018094680017377573,0.0023437500931322575,0.0,0.0,4,9.280183847408573e-05,9.280183847408573e-05,1.0,in,l2sq,10652.810357570648
2026-05-19T17:29:30.006763,451,479729,57.20727463390146,75.71731157572516,56,0.30733695652173915,5.505,0.34,15,15,-0.002072718776435112,0.9010008573532104,0.24745825864374638,0.00027755111275380717,0.0009765625145519152,0.0,0.0,4,9.278791866232382e-05,9.278791866232382e-05,1.0,in,l2sq,10675.488698482513
2026-05-19T17:29:38.851576,452,480001,33.129194222758414,33.129194222758414,20,0.2967391304347826,5.425,0.32,12,15,-0.0033837184775620255,0.8617488145828247,0.2407776676118374,0.0038343018877640134,0.008593750302679837,0.0,0.0,4,9.277400070650586e-05,9.277400070650586e-05,1.0,in,l2sq,10684.333531856537
