timestamp,episode,time_step,current_ep_reward,rolling_avg_reward,episode_successes,rolling_success_ratio,avg_steps_recent,avg_deviation_recent,val_success,best_val_success,policy_loss,value_loss,entropy,approx_kl,clip_fraction,oracle_bc_loss,sil_loss,update_epochs_ran,actor_lr,critic_lr,reward_factor,reward_mode,progress_metric,elapsed_sec
2026-05-19T11:31:01.948019,0,1090,-877.8039999999992,-877.8039999999992,16,0.08695652173913043,2.375,1.0,3,3,-0.0057214290718548,1.0140760987997055,1.1393852233886719,0.0017967552819754921,0.0,0.0,0.0,4,9.999000000000001e-05,9.999000000000001e-05,1.0,ex,l2sq,50.467156171798706
2026-05-19T11:31:23.906285,1,2196,-886.2661249999994,-882.0350624999993,21,0.10054347826086957,2.6216216216216215,1.027027027027027,3,3,-0.0024951238752691784,1.0118868499994278,1.153515785932541,0.0003144330386930976,0.0,0.0,0.0,4,9.997500199995001e-05,9.997500199995001e-05,1.0,ex,l2sq,72.42554759979248
2026-05-19T11:32:01.750950,2,3360,-917.3023749999987,-917.3023749999987,17,0.09782608695652174,2.888888888888889,1.0740740740740742,5,5,-0.002378654884523712,0.9746271073818207,1.1289915442466736,-0.00015811774501339748,0.0,0.0,0.0,4,9.995500799930005e-05,9.995500799930005e-05,1.0,ex,l2sq,110.27002239227295
2026-05-19T11:32:25.386453,3,4489,-860.5482499999999,-888.9253124999993,21,0.10190217391304347,3.013333333333333,1.1466666666666667,5,5,-0.0010722359635110534,1.0298026949167252,1.11540088057518,0.000408522383031594,0.0,0.0,0.0,4,9.993501799725028e-05,9.993501799725028e-05,1.0,ex,l2sq,133.90573406219482
2026-05-19T11:32:51.123322,4,5559,-851.412999999999,-851.412999999999,20,0.10326086956521739,3.0105263157894737,1.1789473684210525,4,5,-0.001054751891933936,0.9911989569664001,1.1047700643539429,-2.7822004608379913e-05,0.0,0.0,0.0,4,9.992002799440073e-05,9.992002799440073e-05,1.0,ex,l2sq,159.64265751838684
2026-05-19T11:33:14.445846,5,6690,-891.0773750000003,-871.2451874999997,17,0.10144927536231885,3.2410714285714284,1.3392857142857142,5,5,-0.0010672696385882752,1.018453724682331,1.1002082526683807,-0.00032609592585687575,0.0,0.0,0.0,4,9.990504048980171e-05,9.990504048980171e-05,1.0,ex,l2sq,182.9651198387146
2026-05-19T11:33:41.933226,6,7842,-870.4629999999983,-870.4629999999983,24,0.10559006211180125,3.375,1.3529411764705883,4,5,-0.0015001610372564755,0.999852828681469,1.1106791347265244,-3.017731796718659e-05,0.0,0.0,0.0,4,9.988506048075416e-05,9.988506048075416e-05,1.0,ex,l2sq,210.45255994796753
2026-05-19T11:34:04.037980,7,8918,-811.2623749999997,-840.862687499999,22,0.10733695652173914,3.4430379746835444,1.3544303797468353,5,5,-0.0010431409100419842,1.0299159586429596,1.1051127016544342,-1.0087726332097535e-05,0.0,0.0,0.0,4,9.987007797140718e-05,9.987007797140718e-05,1.0,ex,l2sq,232.55726861953735
2026-05-19T11:34:38.138838,8,10016,-835.6772499999993,-835.6772499999993,20,0.10748792270531402,3.5,1.3932584269662922,5,5,-0.001822360295045733,0.9955554977059364,1.0619534850120544,0.0007804893095454055,0.0,0.0,0.0,4,9.985509795906185e-05,9.985509795906185e-05,1.0,ex,l2sq,266.6581289768219
2026-05-19T11:35:00.095702,9,11079,-821.2821249999981,-828.4796874999987,23,0.1092391304347826,3.56,1.41,5,5,-0.0014081575187447903,0.9812993034720421,1.0765895247459412,0.00034548468793219045,0.0,0.0,0.0,4,9.983512793802104e-05,9.983512793802104e-05,1.0,ex,l2sq,288.61501455307007
2026-05-19T11:35:25.458337,10,12155,-779.4029999999985,-779.4029999999985,18,0.10820158102766798,3.62,1.41,3,5,-0.0022485167020931396,1.0090174973011017,1.085794448852539,3.131939529341099e-05,0.0,0.0,0.0,4,9.982015291843063e-05,9.982015291843063e-05,1.0,ex,l2sq,313.97764253616333
2026-05-19T11:35:48.354884,11,13300,-862.742624999999,-821.0728124999987,19,0.10778985507246377,3.695,1.41,5,5,-0.001765877024445195,1.008822500705719,1.0945789366960526,0.00038827992539151174,0.0,0.0,0.0,4,9.980518039459364e-05,9.980518039459364e-05,1.0,ex,l2sq,336.87418961524963
2026-05-19T11:36:13.053681,12,14363,-762.4746249999989,-762.4746249999989,28,0.11120401337792642,3.59,1.29,2,5,-0.0015479296802367593,0.9945590421557426,1.086421862244606,0.00014895632812112446,0.0,0.0,0.0,4,9.978522035656652e-05,9.978522035656652e-05,1.0,ex,l2sq,361.57297253608704
2026-05-19T11:36:35.255193,13,15487,-805.2422499999991,-783.858437499999,23,0.11218944099378882,3.73,1.41,5,5,-0.0016089216231193193,0.9977486729621887,1.073393315076828,0.0006882911460707047,0.0,0.0,0.0,4,9.976526431034742e-05,9.976526431034742e-05,1.0,ex,l2sq,383.77449917793274
2026-05-19T11:37:00.262037,14,16573,-806.2301249999995,-806.2301249999995,21,0.11231884057971014,3.67,1.34,3,5,-0.0018966809526318462,1.0074866116046906,1.055359661579132,0.00028607414933503467,0.0,0.0,0.0,4,9.97502997701265e-05,9.97502997701265e-05,1.0,ex,l2sq,408.7813699245453
2026-05-19T11:37:21.607195,15,17656,-859.2683750000001,-832.7492499999998,21,0.11243206521739131,3.645,1.35,5,5,-0.0010661140264346392,0.9995006769895554,1.0379459112882614,-0.00011707649714474272,0.0,0.0,0.0,4,9.973533772391248e-05,9.973533772391248e-05,1.0,ex,l2sq,430.1264998912811
2026-05-19T11:37:45.954362,16,18707,-760.1379999999992,-760.1379999999992,24,0.11349104859335038,3.55,1.3,3,5,-0.001628744992194675,0.9913246184587479,1.0469416826963425,7.092265991560237e-05,0.0,0.0,0.0,4,9.971539165372108e-05,9.971539165372108e-05,1.0,ex,l2sq,454.47369289398193
2026-05-19T11:38:07.168077,17,19785,-778.9819999999992,-769.5599999999993,22,0.11382850241545894,3.52,1.21,5,5,-0.002273020223947264,0.974581778049469,1.0642897486686707,0.0011683160701068118,0.0,0.0,0.0,4,9.970043459427396e-05,9.970043459427396e-05,1.0,ex,l2sq,475.68733501434326
2026-05-19T11:38:33.356716,18,20924,-855.6274999999999,-855.6274999999999,22,0.11413043478260869,3.53,1.2,1,5,-0.0022293873509625084,0.9853728711605072,1.0513674765825272,0.0004901276199234424,0.0,0.0,0.0,4,9.968548002758701e-05,9.968548002758701e-05,1.0,ex,l2sq,501.87604999542236
2026-05-19T11:38:55.621555,19,22051,-812.4237500000006,-834.0256250000002,24,0.11494565217391305,3.56,1.15,5,5,-0.0015156895507970058,1.023354858160019,1.0511123687028885,-0.0007629807805642416,0.0,0.0,0.0,4,9.966554392843628e-05,9.966554392843628e-05,1.0,ex,l2sq,524.1408445835114
2026-05-19T11:39:20.163214,20,23107,-727.2593749999997,-727.2593749999997,30,0.11875,3.6,1.18,1,5,-0.0016129181101859347,0.9947298094630241,1.0193553566932678,0.0014097527353442718,0.0,0.0,0.0,4,9.964561181630603e-05,9.964561181630603e-05,1.0,ex,l2sq,548.6825335025787
2026-05-19T11:39:41.552420,21,24195,-756.0316249999984,-741.6454999999991,25,0.11983695652173913,3.705,1.12,5,5,-0.0008665636603835125,0.989746704697609,1.0007386803627014,0.00043844587708008476,0.0,0.0,0.0,4,9.963066522366007e-05,9.963066522366007e-05,1.0,ex,l2sq,570.0717244148254
2026-05-19T11:40:06.392904,22,25264,-748.8961250000001,-748.8961250000001,26,0.12228260869565218,3.665,1.05,3,5,-0.0013560138802859167,0.9883329570293427,1.0009383037686348,1.9601095846158434e-05,0.0,0.0,0.0,4,9.961572112202985e-05,9.961572112202985e-05,1.0,ex,l2sq,594.9122331142426
2026-05-19T11:40:27.103912,23,26315,-729.3846250000001,-739.1403750000002,23,0.12282608695652174,3.645,0.9,5,5,-0.002734299772419041,1.0026745274662971,0.9987474903464317,0.0010018656827014694,0.0,0.0,0.0,4,9.959579897396266e-05,9.959579897396266e-05,1.0,ex,l2sq,615.6232249736786
2026-05-19T11:40:51.774385,24,27386,-730.1126249999996,-730.1126249999996,34,0.1266304347826087,3.515,0.81,3,5,-0.0013482600377756615,0.9927932173013687,0.9863057136535645,0.0014420448685996123,0.0,0.0,0.0,4,9.958085985311852e-05,9.958085985311852e-05,1.0,ex,l2sq,640.2937178611755
2026-05-19T11:41:12.661755,25,28446,-707.1156249999989,-718.6141249999993,28,0.1296195652173913,3.49,0.81,5,5,-0.0019166313533787727,0.9839818254113197,0.9400704130530357,0.0015407881943246826,0.0,0.0,0.0,4,9.956592322204485e-05,9.956592322204485e-05,1.0,ex,l2sq,661.181010723114
2026-05-19T11:41:37.437475,26,29527,-731.0086249999994,-731.0086249999994,29,0.1309782608695652,3.455,0.72,4,5,-0.001603204608545683,0.977532833814621,0.9195296242833138,-0.001278786320472139,0.0,0.0,0.0,4,9.954601103305968e-05,9.954601103305968e-05,1.0,ex,l2sq,685.9568090438843
2026-05-19T11:41:59.021152,27,30607,-718.7193749999993,-724.8639999999994,30,0.1331521739130435,3.515,0.64,5,5,-0.0017299413651926665,0.9800074249505997,0.8753069192171097,0.0013326748943654765,0.0,0.0,0.0,4,9.95310793802822e-05,9.95310793802822e-05,1.0,ex,l2sq,707.5404806137085
2026-05-19T11:42:33.765265,28,31650,-716.3296249999992,-716.3296249999992,30,0.1358695652173913,3.495,0.59,5,5,-0.0016601901708782618,1.0066787749528885,0.858935572206974,0.0001397620046191179,0.0,0.0,0.0,4,9.951615021603055e-05,9.951615021603055e-05,1.0,ex,l2sq,742.284373998642
2026-05-19T11:42:55.751029,29,32742,-741.093124999999,-728.7113749999991,25,0.13641304347826086,3.55,0.56,5,5,-0.00230165921675507,0.9650693982839584,0.8664965704083443,0.00031686362635809096,0.0,0.0,0.0,4,9.949624798114885e-05,9.949624798114885e-05,1.0,ex,l2sq,764.2703187465668
2026-05-19T11:43:20.004810,30,33783,-662.0258749999986,-662.0258749999986,38,0.14184782608695654,3.615,0.61,2,5,-0.0026399612776000225,0.9856389909982681,0.8740081936120987,0.00043626283513731323,0.0,0.0,0.0,4,9.948132379270474e-05,9.948132379270474e-05,1.0,ex,l2sq,788.524158000946
2026-05-19T11:43:41.170508,31,34852,-721.4648749999993,-691.745374999999,26,0.14375,3.735,0.56,5,5,-0.0021164603698706763,0.9863710030913353,0.8874717503786087,0.00016217534212045748,0.0007812500116415322,0.0,0.0,4,9.946640209154246e-05,9.946640209154246e-05,1.0,ex,l2sq,809.6897628307343
2026-05-19T11:44:06.267301,32,35936,-724.3653749999999,-724.3653749999999,28,0.14375,3.755,0.51,3,5,-0.0008010227382328483,0.9872146025300026,0.923303633928299,-0.00010327593845577132,0.0,0.0,0.0,4,9.944650980578818e-05,9.944650980578818e-05,1.0,ex,l2sq,834.7866334915161
2026-05-19T11:44:27.903539,33,37030,-770.6754999999987,-747.5204374999993,32,0.14619565217391303,3.76,0.61,5,5,-0.0014468223147559023,0.9719078689813614,0.9248147457838058,0.0004004485366749799,0.0,0.0,0.0,4,9.943159307794602e-05,9.943159307794602e-05,1.0,ex,l2sq,856.4228594303131
2026-05-19T11:44:53.736300,34,38151,-808.1852499999987,-808.1852499999987,26,0.14755434782608695,3.73,0.6,3,5,-0.0017725976606015603,0.9755541384220123,0.9041942209005356,0.0009864735053270075,0.0,0.0,0.0,4,9.94166788361423e-05,9.94166788361423e-05,1.0,ex,l2sq,882.2556047439575
2026-05-19T11:45:14.730054,35,39204,-720.2417499999998,-764.2134999999993,26,0.14891304347826087,3.835,0.72,5,5,-0.0010935582597992877,0.9883217290043831,0.9183284193277359,0.0010345996619434694,0.0,0.0,0.0,4,9.939679649454187e-05,9.939679649454187e-05,1.0,ex,l2sq,903.2493731975555
2026-05-19T11:45:39.622241,36,40279,-634.7573749999992,-634.7573749999992,39,0.1529891304347826,3.975,0.77,3,5,-0.00219588437757956,1.010433316230774,0.930942103266716,0.0002774690448859446,0.0,0.0,0.0,4,9.938188722357209e-05,9.938188722357209e-05,1.0,ex,l2sq,928.1415772438049
2026-05-19T11:46:00.939482,37,41355,-719.8964999999984,-677.3269374999988,31,0.15543478260869564,3.98,0.79,5,5,-0.002587983800913074,1.0036577731370926,0.9173678383231163,0.001861621215357434,0.0,0.0,0.0,4,9.9366980437398e-05,9.9366980437398e-05,1.0,ex,l2sq,949.4587876796722
2026-05-19T11:46:26.612617,38,42462,-768.0217499999993,-768.0217499999993,24,0.1559782608695652,4.08,0.81,2,5,-0.0013203699567385652,0.9754416644573212,0.8891264870762825,0.0006122379269072886,0.0,0.0,0.0,4,9.934710803498032e-05,9.934710803498032e-05,1.0,ex,l2sq,975.1319389343262
2026-05-19T11:46:48.568685,39,43570,-774.6457500000006,-771.33375,22,0.15543478260869564,4.1,0.8,5,5,-0.002475442360446334,0.9704252406954765,0.8829650804400444,-0.0003479113966022851,0.0,0.0,0.0,4,9.932723960684441e-05,9.932723960684441e-05,1.0,ex,l2sq,997.0879831314087
2026-05-19T11:47:12.600468,40,44603,-724.8246249999992,-724.8246249999992,26,0.15434782608695652,4.105,0.77,4,5,-0.0009517744598270816,0.9959550201892853,0.8534083962440491,0.0007262756422278249,0.0,0.0,0.0,4,9.93123407692339e-05,9.93123407692339e-05,1.0,ex,l2sq,1021.1198003292084
2026-05-19T11:47:33.390513,41,45641,-649.0923749999989,-686.958499999999,42,0.15896739130434784,4.065,0.72,5,5,-0.002303791450685877,0.9835174977779388,0.8505379408597946,0.0011106285935966187,0.0003906250058207661,0.0,0.0,4,9.929744441468022e-05,9.929744441468022e-05,1.0,ex,l2sq,1041.9097802639008
2026-05-19T11:47:57.758937,42,46695,-725.0576249999996,-725.0576249999996,30,0.16005434782608696,3.98,0.65,4,5,-0.002644032333046109,0.9850743412971497,0.8811636865139008,0.0011944034718908147,0.0011718750465661287,0.0,0.0,4,9.928255004627405e-05,9.928255004627405e-05,1.0,ex,l2sq,1066.2782838344574
2026-05-19T11:48:19.404563,43,47772,-651.3893749999992,-688.2234999999994,38,0.1641304347826087,3.98,0.58,5,5,-0.0011940995601888993,0.9777304530143738,0.8828985169529915,0.0003366076147358066,0.0,0.0,0.0,4,9.926765816017986e-05,9.926765816017986e-05,1.0,ex,l2sq,1087.9238412380219
2026-05-19T11:48:43.748421,44,48822,-727.592874999999,-727.592874999999,26,0.16195652173913044,3.87,0.54,4,5,-0.002408354396175122,1.0154581516981125,0.8915841430425644,3.9595891212207456e-05,0.0,0.0,0.0,4,9.924780562122441e-05,9.924780562122441e-05,1.0,ex,l2sq,1112.2677569389343
2026-05-19T11:49:05.226669,45,49909,-703.7584999999985,-715.6756874999987,24,0.1608695652173913,3.875,0.55,5,5,-0.0010843649449272519,1.0141350328922272,0.8712861388921738,0.0004018033301689261,0.0,0.0,0.0,4,9.923291869851315e-05,9.923291869851315e-05,1.0,ex,l2sq,1133.7459321022034
2026-05-19T11:49:30.446168,46,51001,-753.0712499999994,-753.0712499999994,22,0.15896739130434784,3.88,0.58,4,5,-0.0012988712708646988,0.9988000318408012,0.8598999530076981,0.00048154887081180986,0.0,0.0,0.0,4,9.921803425687298e-05,9.921803425687298e-05,1.0,ex,l2sq,1158.9654893875122
2026-05-19T11:49:52.570828,47,52119,-742.7684999999998,-747.9198749999996,24,0.15733695652173912,4.015,0.63,5,5,-0.002125456584326446,0.971966840326786,0.8647805899381638,0.0009651182037487271,0.0,0.0,0.0,4,9.919819164220195e-05,9.919819164220195e-05,1.0,ex,l2sq,1181.0901486873627
2026-05-19T11:50:16.879221,48,53163,-696.1981249999991,-696.1981249999991,23,0.15543478260869564,3.965,0.56,3,5,-0.0015078775512392673,0.982270635664463,0.8293129950761795,0.00019666350376609798,0.0,0.0,0.0,4,9.917835299585544e-05,9.917835299585544e-05,1.0,ex,l2sq,1205.3985447883606
2026-05-19T11:50:37.752051,49,54220,-645.3807499999983,-670.7894374999987,24,0.15516304347826088,4.055,0.57,5,5,-0.0017896987817946908,0.9815006852149963,0.8331058919429779,-0.00044029623095409587,0.0,0.0,0.0,4,9.916347649086434e-05,9.916347649086434e-05,1.0,ex,l2sq,1226.2713432312012
2026-05-19T11:51:13.158512,50,55351,-798.0658750000001,-798.0658750000001,20,0.1502717391304348,4.21,0.64,7,7,-0.0026047733117593036,0.9727430045604706,0.8399298712611198,0.0015756250781123748,0.0,0.0,0.0,4,9.91486024652081e-05,9.91486024652081e-05,1.0,ex,l2sq,1261.6778185367584
2026-05-19T11:51:34.928696,51,56444,-688.7896249999985,-743.4277499999994,33,0.15217391304347827,4.225,0.63,7,7,-0.0015009664566605352,0.9908577725291252,0.8255088850855827,0.000542945772031081,0.0015625000232830644,0.0,0.0,4,9.912877373620108e-05,9.912877373620108e-05,1.0,ex,l2sq,1283.4479675292969
2026-05-19T11:51:58.774603,52,57472,-690.4983749999992,-690.4983749999992,21,0.1502717391304348,4.165,0.65,4,7,-0.0019854485959514,1.0277154445648193,0.7958770841360092,0.00016428690323663786,0.0,0.0,0.0,4,9.911390466797497e-05,9.911390466797497e-05,1.0,ex,l2sq,1307.293942451477
2026-05-19T11:52:21.403299,53,58611,-795.5261249999993,-743.0122499999993,28,0.14918478260869567,4.295,0.67,7,7,-0.0016126893446199442,0.9842629879713058,0.7918354272842407,0.0005786564375739878,0.00019531250291038305,0.0,0.0,4,9.90990380778443e-05,9.90990380778443e-05,1.0,ex,l2sq,1329.9226157665253
2026-05-19T11:52:46.473515,54,59697,-671.7339999999988,-671.7339999999988,37,0.15217391304347827,4.29,0.66,4,7,-0.003007845624233507,0.9879726618528366,0.7800422832369804,0.0023932393727591275,0.0013671874767169356,0.0,0.0,4,9.907921926121912e-05,9.907921926121912e-05,1.0,ex,l2sq,1354.9928305149078
2026-05-19T11:53:07.753301,55,60775,-763.3893749999994,-717.5616874999992,22,0.15108695652173912,4.23,0.64,7,7,-0.0010352828066970687,1.0005993247032166,0.762668564915657,-3.282464749645303e-05,0.0,0.0,0.0,4,9.906435762604037e-05,9.906435762604037e-05,1.0,ex,l2sq,1376.2725970745087
2026-05-19T11:53:31.590204,56,61797,-702.6549999999992,-702.6549999999992,33,0.14945652173913043,4.09,0.64,6,7,-0.002208970904757801,0.9740849509835243,0.7585131749510765,0.00044292035381657616,0.0,0.0,0.0,4,9.904949846771825e-05,9.904949846771825e-05,1.0,ex,l2sq,1400.1095433235168
2026-05-19T11:53:52.050605,57,62831,-685.8093749999997,-694.2321874999994,22,0.1470108695652174,4.045,0.63,7,7,-0.0018310435440070938,0.9718284606933594,0.7582610845565796,0.00018492739327488628,0.00019531250291038305,0.0,0.0,4,9.902968955851969e-05,9.902968955851969e-05,1.0,ex,l2sq,1420.5699257850647
2026-05-19T11:54:16.743207,58,63903,-638.8256249999984,-638.8256249999984,32,0.14918478260869567,4.005,0.63,6,7,-0.0017526343901410613,0.9884845614433289,0.7716728001832962,0.0003567717067198828,0.0,0.0,0.0,4,9.901483535267252e-05,9.901483535267252e-05,1.0,ex,l2sq,1445.2625257968903
2026-05-19T11:54:37.484445,59,64937,-687.4019999999989,-663.1138124999986,34,0.15244565217391304,4.04,0.65,7,7,-0.0021395631236373613,0.9845866784453392,0.7430046796798706,0.0006996698088698947,0.0,0.0,0.0,4,9.899998362244381e-05,9.899998362244381e-05,1.0,ex,l2sq,1466.003739118576
2026-05-19T11:55:02.393409,60,66018,-662.3522499999988,-662.3522499999988,37,0.15543478260869564,3.9,0.62,6,7,-0.001963283550867334,0.9642543494701385,0.7402516156435013,0.00028447932181731306,0.0,0.0,0.0,4,9.898018461571916e-05,9.898018461571916e-05,1.0,ex,l2sq,1490.912706375122
2026-05-19T11:55:22.786869,61,67052,-638.7397499999981,-650.5459999999985,35,0.15353260869565216,3.765,0.54,7,7,-0.001555311723495878,1.001760557293892,0.7176880836486816,-0.0008632691809906667,0.0,0.0,0.0,4,9.896533783548964e-05,9.896533783548964e-05,1.0,ex,l2sq,1511.306186914444
2026-05-19T11:55:54.948455,62,68124,-685.6573749999998,-685.6573749999998,26,0.15244565217391304,3.97,0.55,8,8,-0.0016904039875953458,0.991732619702816,0.7085450068116188,-0.0004265900217433269,0.0,0.0,0.0,4,9.8950493529641e-05,9.8950493529641e-05,1.0,ex,l2sq,1543.4676043987274
2026-05-19T11:56:17.489363,63,69261,-703.055374999999,-694.3563749999994,30,0.1502717391304348,4.18,0.6,8,8,-0.0014392037133802993,0.9800838977098465,0.7255407348275185,0.000348172785834322,0.0,0.0,0.0,4,9.893070442044003e-05,9.893070442044003e-05,1.0,ex,l2sq,1566.0086433887482
2026-05-19T11:56:49.844422,64,70334,-636.4714999999989,-636.4714999999989,31,0.1516304347826087,4.17,0.53,8,8,-0.0021268934768157166,0.960592970252037,0.7143551260232925,-0.00022445019349107143,0.0,0.0,0.0,4,9.89158650621161e-05,9.89158650621161e-05,1.0,ex,l2sq,1598.3637311458588
2026-05-19T11:57:11.393933,65,71421,-665.3439999999986,-650.9077499999987,32,0.15380434782608696,4.245,0.52,8,8,-0.002160682191606589,0.9757106602191925,0.7416950613260269,0.0005472160188219229,0.0,0.0,0.0,4,9.89010281769361e-05,9.89010281769361e-05,1.0,ex,l2sq,1619.913254737854
2026-05-19T11:57:43.284977,66,72464,-707.2332499999985,-707.2332499999985,27,0.15516304347826088,4.27,0.56,8,8,-0.00286307937349195,0.9618561938405037,0.737128771841526,8.333544237756896e-05,0.001953125,0.0,0.0,4,9.8881248960311e-05,9.8881248960311e-05,1.0,ex,l2sq,1651.8042602539062
2026-05-19T11:58:04.862713,67,73523,-645.0328749999987,-676.1330624999987,33,0.15760869565217392,4.355,0.55,8,8,-0.004400608071591705,0.9462545812129974,0.7653496414422989,0.0040171000975534055,0.021093750139698386,0.0,0.0,4,9.886641702018244e-05,9.886641702018244e-05,1.0,ex,l2sq,1673.3820316791534
2026-05-19T11:58:30.600423,68,74610,-665.5269999999992,-665.5269999999992,28,0.15896739130434784,4.5,0.64,6,8,-0.0013613105053082442,0.9979699924588203,0.7794159650802612,0.00048289703354385816,0.0015625000232830644,0.0,0.0,4,9.885158755196149e-05,9.885158755196149e-05,1.0,ex,l2sq,1699.1196994781494
2026-05-19T11:58:52.012188,69,75664,-682.7403749999982,-674.1336874999987,20,0.1578804347826087,4.46,0.67,8,8,-0.0023548432392999086,0.9890555068850517,0.7968005612492561,0.000717052835534554,0.0,0.0,0.0,4,9.883181822296698e-05,9.883181822296698e-05,1.0,ex,l2sq,1720.5315022468567
2026-05-19T11:59:16.427808,70,76694,-580.8421249999993,-580.8421249999993,36,0.1622282608695652,4.2,0.62,7,8,-0.002398750174325004,0.9890972673892975,0.7669824957847595,0.00133465854996756,0.0,0.0,0.0,4,9.881699369732543e-05,9.881699369732543e-05,1.0,ex,l2sq,1744.9471445083618
2026-05-19T11:59:38.164569,71,77764,-628.7487499999995,-604.7954374999995,34,0.1625,4.205,0.64,8,8,-0.0019415248756559644,0.9595222249627113,0.7492116466164589,0.00012082837201890864,0.0003906250058207661,0.0,0.0,4,9.880217164235581e-05,9.880217164235581e-05,1.0,ex,l2sq,1766.6838834285736
2026-05-19T12:00:10.514141,72,78831,-620.9088749999981,-620.9088749999981,35,0.16630434782608697,4.43,0.61,9,9,-0.001799755190586394,0.9818336442112923,0.7328592985868454,0.0008892806654330482,0.0,0.0,0.0,4,9.878241219604905e-05,9.878241219604905e-05,1.0,ex,l2sq,1799.033215522766
2026-05-19T12:00:31.742072,73,79876,-548.8821249999982,-584.8954999999982,38,0.16902173913043478,4.53,0.62,9,9,-0.0023435414594132897,0.9855718463659286,0.7193847894668579,-0.001210852549411362,0.0,0.0,0.0,4,9.876759508118803e-05,9.876759508118803e-05,1.0,ex,l2sq,1820.2613842487335
2026-05-19T12:00:58.176574,74,81001,-653.7798749999998,-653.7798749999998,33,0.16793478260869565,4.575,0.6,8,9,-0.0021370798582210915,0.9935930669307709,0.7213279008865356,0.0010288041616149657,0.0,0.0,0.0,4,9.875278043576383e-05,9.875278043576383e-05,1.0,ex,l2sq,1846.6959156990051
2026-05-19T12:01:19.679161,75,82052,-584.909624999999,-619.3447499999994,35,0.17146739130434782,4.605,0.58,9,9,-0.002023224523873046,0.9559973403811455,0.7235445529222488,-0.0003078483878198035,0.0003906250058207661,0.0,0.0,4,9.87330308672045e-05,9.87330308672045e-05,1.0,ex,l2sq,1868.1984405517578
2026-05-19T12:01:44.768635,76,83110,-542.0234999999986,-542.0234999999986,46,0.175,4.65,0.58,6,9,-0.00330891614430584,0.9860882312059402,0.7295582890510559,0.0003524496201862404,0.0003906250058207661,0.0,0.0,4,9.871822115941934e-05,9.871822115941934e-05,1.0,ex,l2sq,1893.2879691123962
2026-05-19T12:02:06.755773,77,84182,-650.8076249999984,-596.4155624999985,32,0.17771739130434783,4.46,0.58,9,9,-0.00170545569271785,0.9853542819619179,0.7612758353352547,-0.000707384806082699,0.0015625000232830644,0.0,0.0,4,9.870341391983654e-05,9.870341391983654e-05,1.0,ex,l2sq,1915.2750146389008
2026-05-19T12:02:32.166730,78,85252,-600.3898749999989,-600.3898749999989,38,0.1793478260869565,4.345,0.54,7,9,-0.0037277517345501443,0.9731280282139778,0.7544326260685921,0.0014476386617388814,0.010156250005820766,0.0,0.0,4,9.868367422408671e-05,9.868367422408671e-05,1.0,ex,l2sq,1940.686033964157
2026-05-19T12:02:53.261603,79,86288,-585.9363749999985,-593.1631249999987,30,0.1782608695652174,4.34,0.62,9,9,-0.0022316872898955342,0.9548500180244446,0.720867931842804,0.002152399851911485,0.0062500000931322575,0.0,0.0,4,9.866887191967462e-05,9.866887191967462e-05,1.0,ex,l2sq,1961.7808783054352
2026-05-19T12:03:18.829611,80,87361,-601.2338749999981,-601.2338749999981,36,0.17798913043478262,4.34,0.6,5,9,-0.0025270157275373295,0.9780929088592529,0.7443064749240875,0.0006157763717055675,0.0009765625,0.0,0.0,4,9.865407208223103e-05,9.865407208223103e-05,1.0,ex,l2sq,1987.3489241600037
2026-05-19T12:03:41.111686,81,88451,-586.7459999999982,-593.9899374999982,29,0.1763586956521739,4.245,0.64,9,9,-0.0035444693028694463,1.006324402987957,0.7670513838529587,0.002212127157690695,0.009375000241561793,0.0,0.0,4,9.863434225435531e-05,9.863434225435531e-05,1.0,ex,l2sq,2009.630955696106
2026-05-19T12:04:06.877245,82,89532,-675.4987499999991,-675.4987499999991,26,0.1763586956521739,4.26,0.66,3,9,-0.0018718809151323512,1.0039849281311035,0.7456644177436829,-0.0008447516847809311,0.0011718750465661287,0.0,0.0,4,9.861954734961534e-05,9.861954734961534e-05,1.0,ex,l2sq,2035.3965756893158
2026-05-19T12:04:28.009391,83,90570,-560.8118749999992,-618.1553124999991,32,0.17690217391304347,4.165,0.65,9,9,-0.0034383498539682367,1.0075781866908073,0.7445273920893669,0.0002764019372989354,0.001367187505820766,0.0,0.0,4,9.860475491061063e-05,9.860475491061063e-05,1.0,ex,l2sq,2056.5286931991577
2026-05-19T12:04:55.402666,84,91727,-686.6657499999997,-686.6657499999997,26,0.17554347826086958,4.185,0.62,4,9,-0.0036544870759825376,1.009526550769806,0.7463911548256874,0.0016656783882353977,0.015039063058793545,0.0,0.0,4,9.858503494567607e-05,9.858503494567607e-05,1.0,ex,l2sq,2083.921949863434
2026-05-19T12:05:17.763837,85,92824,-634.7348749999999,-660.7003124999998,30,0.175,4.225,0.71,9,9,-0.0035433949524304176,0.9882919639348984,0.7559749335050583,0.00030381097640203025,0.016015625471482053,0.0,0.0,4,9.85653189245373e-05,9.85653189245373e-05,1.0,ex,l2sq,2106.2831230163574
2026-05-19T12:05:42.420194,86,93851,-526.1393749999982,-526.1393749999982,47,0.18043478260869567,4.07,0.71,4,9,-0.0022018019924871512,0.9904081076383591,0.7593570649623871,-5.08680161146885e-05,0.0,0.0,0.0,4,9.855053437312424e-05,9.855053437312424e-05,1.0,ex,l2sq,2130.9395389556885
2026-05-19T12:06:05.310369,87,94968,-662.999999999999,-594.5696874999985,28,0.17907608695652175,4.14,0.62,9,9,-0.002366639685351446,0.9963800460100174,0.7149976789951324,9.771594341145828e-05,0.0005859375087311491,0.0,0.0,4,9.853575228572095e-05,9.853575228572095e-05,1.0,ex,l2sq,2153.8296461105347
2026-05-19T12:06:28.377923,88,95923,-451.0254999999983,-451.0254999999983,41,0.1826086956521739,4.065,0.6,4,9,-0.0028013975301290905,1.006146788597107,0.7283387333154678,-0.0003163533212500458,0.0,0.0,0.0,4,9.852097216922979e-05,9.852097216922979e-05,1.0,ex,l2sq,2176.897257566452
2026-05-19T12:06:49.283473,89,96949,-559.5211249999982,-505.27331249999827,31,0.18559782608695652,4.095,0.58,9,9,-0.003362197382375587,0.9974537268280983,0.7150607109069824,0.001097373742959479,0.0007812500116415322,0.0,0.0,4,9.850619451600928e-05,9.850619451600928e-05,1.0,ex,l2sq,2197.8027679920197
2026-05-19T12:07:14.987928,90,98033,-595.2019999999989,-595.2019999999989,35,0.18532608695652175,4.065,0.51,6,9,-0.0018547412299085575,0.9786370545625687,0.690557636320591,0.00012962595610588323,0.0,0.0,0.0,4,9.848649426216802e-05,9.848649426216802e-05,1.0,ex,l2sq,2223.5072326660156
2026-05-19T12:07:36.150175,91,99072,-556.6038749999988,-575.9029374999989,35,0.18559782608695652,4.15,0.43,9,9,-0.002379909146111414,0.9934907108545303,0.719518169760704,0.0008269934998680339,0.0,0.0,0.0,4,9.847172153425725e-05,9.847172153425725e-05,1.0,ex,l2sq,2244.6694674491882
2026-05-19T12:08:02.630876,92,100184,-567.2206249999986,-567.2206249999986,38,0.18641304347826088,4.125,0.42,3,9,-0.0025879946289932843,0.9741364344954491,0.6763207614421844,0.0006805049876675157,0.0,0.0,0.0,4,9.845695126838573e-05,9.845695126838573e-05,1.0,ex,l2sq,2271.15021443367
2026-05-19T12:08:25.018529,93,101282,-661.6644999999992,-614.4425624999989,27,0.18342391304347827,4.075,0.48,9,9,-0.002184221961942956,1.0071208626031876,0.6593782156705856,0.0010259969040362013,0.0003906250058207661,0.0,0.0,4,9.843726086270156e-05,9.843726086270156e-05,1.0,ex,l2sq,2293.5377876758575
2026-05-19T12:08:51.205517,94,102387,-612.8504999999985,-612.8504999999985,30,0.1826086956521739,4.36,0.58,4,9,-0.0023014613310806675,0.9798296689987183,0.6679059416055679,0.0014037408385774996,0.0,0.0,0.0,4,9.842249551967762e-05,9.842249551967762e-05,1.0,ex,l2sq,2319.724848508835
2026-05-19T12:09:14.329110,95,103518,-570.8471249999989,-591.8488124999988,37,0.18315217391304348,4.535,0.55,9,9,-0.002151414257241413,1.0088611394166946,0.6753755435347557,0.0006209520853190046,0.0,0.0,0.0,4,9.840773263746215e-05,9.840773263746215e-05,1.0,ex,l2sq,2342.8484165668488
2026-05-19T12:09:40.385885,96,104609,-546.8564999999978,-546.8564999999978,41,0.18179347826086956,4.5,0.56,3,9,-0.0019681092853715554,0.9793002679944038,0.6419913172721863,0.00036435012352739604,0.0007812500116415322,0.0,0.0,4,9.838805207501198e-05,9.838805207501198e-05,1.0,ex,l2sq,2368.9051837921143
2026-05-19T12:10:01.756229,97,105656,-543.0428749999984,-544.9496874999982,42,0.1845108695652174,4.66,0.55,9,9,-0.0024997134009027144,0.991162084043026,0.6719806417822838,0.0006353315424348707,0.0009765625,0.0,0.0,4,9.83683754484775e-05,9.83683754484775e-05,1.0,ex,l2sq,2390.2754957675934
2026-05-19T12:10:27.780726,98,106753,-516.9238749999975,-516.9238749999975,39,0.18478260869565216,4.615,0.51,5,9,-0.0015697867085691097,1.0055313110351562,0.6652471870183945,0.0031726037421321296,0.0023437500931322575,0.0,0.0,4,9.835362043809348e-05,9.835362043809348e-05,1.0,ex,l2sq,2416.300068616867
2026-05-19T12:10:48.112747,99,107751,-599.0102499999994,-557.9670624999984,29,0.1845108695652174,4.45,0.42,9,9,-0.0027945338450081625,0.9966049715876579,0.6524155363440514,0.000632514069911827,0.00019531250291038305,0.0,0.0,4,9.833886788679586e-05,9.833886788679586e-05,1.0,ex,l2sq,2436.632019996643
2026-05-19T12:11:13.805864,100,108775,-543.888374999999,-543.888374999999,41,0.1858695652173913,4.27,0.42,5,9,-0.002224236793699763,0.9956482350826263,0.6488076150417328,0.000705221309908674,0.0,0.0,0.0,4,9.83241173024723e-05,9.83241173024723e-05,1.0,ex,l2sq,2462.3251819610596
2026-05-19T12:11:35.907363,101,109858,-569.6241249999983,-556.7562499999987,41,0.1891304347826087,4.405,0.44,9,9,-0.003706770826829686,0.9986585006117821,0.6490655764937401,0.0011489339682157068,0.006445312508731149,0.0,0.0,4,9.830936917649752e-05,9.830936917649752e-05,1.0,ex,l2sq,2484.426662683487
2026-05-19T12:12:02.168505,102,110967,-594.8372499999989,-594.8372499999989,32,0.1907608695652174,4.3,0.41,6,9,-0.0018458798702341017,0.9872565865516663,0.6293541118502617,0.0001292846105570844,0.00019531250291038305,0.0,0.0,4,9.82897082857559e-05,9.82897082857559e-05,1.0,ex,l2sq,2510.6878283023834
2026-05-19T12:12:23.425380,103,112010,-569.4207499999985,-582.1289999999988,32,0.1907608695652174,4.165,0.33,9,9,-0.00351563692966006,0.9983862340450287,0.6252244189381599,0.0031429022843440617,0.0037109376426087692,0.0,0.0,4,9.827005132699583e-05,9.827005132699583e-05,1.0,ex,l2sq,2531.9446239471436
2026-05-19T12:12:47.972245,104,113037,-515.9892499999983,-515.9892499999983,47,0.19646739130434782,4.255,0.24,8,9,-0.0021665454987669364,0.9874599725008011,0.6066215187311172,-9.306883766839469e-05,0.0027343749534338713,0.0,0.0,4,9.82553110649842e-05,9.82553110649842e-05,1.0,ex,l2sq,2556.4915902614594
2026-05-19T12:13:09.563488,105,114094,-555.4057499999984,-535.6974999999984,38,0.1986413043478261,4.38,0.25,9,9,-0.0028651331580477057,0.9683749452233315,0.5684187486767769,0.00306874883444834,0.004296875122236088,0.0,0.0,4,9.824057325960101e-05,9.824057325960101e-05,1.0,ex,l2sq,2578.082758665085
2026-05-19T12:13:33.241320,106,115089,-463.56112499999796,-463.56112499999796,50,0.19945652173913042,4.335,0.3,8,9,-0.0016289681596390881,0.9530478268861771,0.5877787470817566,0.0010464953998962079,0.0,0.0,0.0,4,9.822583741922579e-05,9.822583741922579e-05,1.0,ex,l2sq,2601.7606575489044
2026-05-19T12:13:55.601678,107,116184,-648.7782499999992,-556.1696874999985,33,0.20081521739130434,4.48,0.28,9,9,-0.003162933549901936,0.9947252571582794,0.576388992369175,0.001310029341402702,0.004296875165891834,0.0,0.0,4,9.82111040347421e-05,9.82111040347421e-05,1.0,ex,l2sq,2624.1209688186646
2026-05-19T12:14:21.522354,108,117273,-647.1741249999984,-647.1741249999984,32,0.1983695652173913,4.635,0.36,7,9,-0.0019713400899490363,0.9802199453115463,0.6127712205052376,0.0010992608033120604,0.0015624999796273187,0.0,0.0,4,9.819146279604619e-05,9.819146279604619e-05,1.0,ex,l2sq,2650.04168844223
2026-05-19T12:14:42.679535,109,118313,-581.2604999999998,-614.217312499999,44,0.20190217391304346,4.615,0.41,9,9,-0.002942656056256987,0.9659111648797989,0.5771220326423645,0.0013944491598522624,0.001953125,0.0,0.0,4,9.817673432211771e-05,9.817673432211771e-05,1.0,ex,l2sq,2671.1988520622253
2026-05-19T12:15:07.818469,110,119366,-496.436999999998,-496.436999999998,50,0.20597826086956522,4.445,0.39,5,9,-0.0026445180497833842,0.9750561490654945,0.5896218866109848,0.0013371219390136968,0.0005859375087311491,0.0,0.0,4,9.816200830285306e-05,9.816200830285306e-05,1.0,ex,l2sq,2696.337772130966
2026-05-19T12:15:29.429524,111,120426,-547.4493749999988,-521.9431874999984,38,0.20679347826086958,4.52,0.38,9,9,-0.002270677337946836,0.9743886590003967,0.5665347427129745,0.0010277114989548919,0.0011718750465661287,0.0,0.0,4,9.814237688281258e-05,9.814237688281258e-05,1.0,ex,l2sq,2717.948825597763
2026-05-19T12:15:54.588973,112,121484,-617.0721249999988,-617.0721249999988,31,0.2048913043478261,4.475,0.39,6,9,-0.002746416645823091,0.9980172961950302,0.5847856998443604,0.001428105929153406,0.003515625139698386,0.0,0.0,4,9.812765577164837e-05,9.812765577164837e-05,1.0,ex,l2sq,2743.1082875728607
2026-05-19T12:16:15.555436,113,122514,-499.1543749999983,-558.1132499999985,39,0.20815217391304347,4.375,0.36,9,9,-0.0025340456675622125,0.9613349139690399,0.5528811737895012,0.0014339978326461285,0.0031250000465661287,0.0,0.0,4,9.811293711392091e-05,9.811293711392091e-05,1.0,ex,l2sq,2764.07470536232
2026-05-19T12:16:40.843166,114,123577,-541.726249999999,-541.726249999999,43,0.21168478260869567,4.46,0.41,6,9,-0.002040881719039822,0.9617534577846527,0.5554477572441101,0.0006170753013066133,0.002148437502910383,0.0,0.0,4,9.80933155076275e-05,9.80933155076275e-05,1.0,ex,l2sq,2789.362506389618
2026-05-19T12:17:02.453195,115,124637,-549.0021249999984,-545.3641874999987,41,0.2127717391304348,4.58,0.48,9,9,-0.0035640389833133668,1.0009582191705704,0.5654876232147217,-8.645881171104319e-05,0.001953125,0.0,0.0,4,9.80786017555469e-05,9.80786017555469e-05,1.0,ex,l2sq,2810.972508907318
2026-05-19T12:17:28.182576,116,125724,-504.23624999999834,-504.23624999999834,52,0.2157608695652174,4.625,0.45,7,9,-0.0033846012986032403,0.9486868306994438,0.5688741877675056,0.001149242852170565,0.004882812616415322,0.0,0.0,4,9.806389045567657e-05,9.806389045567657e-05,1.0,ex,l2sq,2836.7018904685974
2026-05-19T12:17:50.444614,117,126816,-519.9731249999983,-512.1046874999984,45,0.21657608695652175,4.705,0.45,9,9,-0.0030528411385601917,0.9951130822300911,0.5668564140796661,-0.0005398893181336462,0.00996093760477379,0.0,0.0,4,9.804427865822436e-05,9.804427865822436e-05,1.0,ex,l2sq,2858.9639303684235
2026-05-19T12:18:14.781049,118,127839,-542.3187499999983,-542.3187499999983,40,0.21684782608695652,4.65,0.46,7,9,-0.0026102237345182466,0.9730726927518845,0.5814650356769562,0.0002668357454240211,0.0007812500116415322,0.0,0.0,4,9.802957226154857e-05,9.802957226154857e-05,1.0,ex,l2sq,2883.300352334976
2026-05-19T12:18:37.322552,119,128944,-597.1182499999993,-569.7184999999988,32,0.21766304347826088,4.66,0.41,9,9,-0.002935678939684383,1.0017329901456833,0.5801736041903496,0.0008901571024580116,0.002539062552386895,0.0,0.0,4,9.801486831585719e-05,9.801486831585719e-05,1.0,ex,l2sq,2905.841865301132
2026-05-19T12:19:10.038001,120,130015,-525.3327499999987,-525.3327499999987,41,0.21766304347826088,4.54,0.38,10,10,-0.003658645262476057,0.9680299237370491,0.6157406345009804,0.002090030561157627,0.010351562756113708,0.0,0.0,4,9.79952663223427e-05,9.79952663223427e-05,1.0,ex,l2sq,2938.557131290436
2026-05-19T12:19:31.709940,121,131078,-483.4578749999976,-504.3953124999981,45,0.21875,4.62,0.41,10,10,-0.004687611025292415,0.9883657246828079,0.6497389078140259,0.0017690182303340407,0.010546875186264515,0.0,0.0,4,9.798056727739478e-05,9.798056727739478e-05,1.0,ex,l2sq,2960.229254245758
2026-05-19T12:19:56.475869,122,132112,-505.129874999998,-505.129874999998,39,0.22065217391304348,4.56,0.4,9,10,-0.0017615782489883713,0.9975893571972847,0.6087354645133018,-6.953271513332471e-05,0.00019531250291038305,0.0,0.0,4,9.796587068220601e-05,9.796587068220601e-05,1.0,ex,l2sq,2984.995169401169
2026-05-19T12:20:18.566312,123,133194,-534.0393749999981,-519.584624999998,46,0.22445652173913044,4.77,0.44,10,10,-0.002772394109342713,0.9717007949948311,0.6231132224202156,0.001512942269255288,0.00019531250291038305,0.0,0.0,4,9.794627848772828e-05,9.794627848772828e-05,1.0,ex,l2sq,3007.0856218338013
2026-05-19T12:20:42.739659,124,134212,-460.2718749999984,-460.2718749999984,48,0.2247282608695652,4.635,0.36,8,10,-0.0016907863231608866,0.9927915930747986,0.5600915551185608,-1.1525858107576392e-05,0.0,0.0,0.0,4,9.793158679083305e-05,9.793158679083305e-05,1.0,ex,l2sq,3031.2589569091797
2026-05-19T12:21:04.289447,125,135267,-495.7316249999978,-478.0017499999981,47,0.22717391304347825,4.64,0.38,10,10,-0.0032520351000129843,0.9574050754308701,0.5981629341840744,0.0005501523840848871,0.0009765625145519152,0.0,0.0,4,9.791689754247237e-05,9.791689754247237e-05,1.0,ex,l2sq,3052.808732032776
2026-05-19T12:21:37.214659,126,136358,-513.5158749999981,-513.5158749999981,43,0.22527173913043477,4.765,0.27,11,11,-0.003241222439100966,0.9823556765913963,0.5955708473920822,0.0010680339072678194,0.004492187668802217,0.0,0.0,4,9.789731514213285e-05,9.789731514213285e-05,1.0,ex,l2sq,3085.7337715625763
2026-05-19T12:21:59.665586,127,137431,-491.8662499999973,-502.6910624999977,43,0.2279891304347826,4.655,0.25,11,11,-0.0030499160755426136,0.9782194048166275,0.5842403918504715,0.002595861355803225,0.007421875197906047,0.0,0.0,4,9.788263078961706e-05,9.788263078961706e-05,1.0,ex,l2sq,3108.184898853302
2026-05-19T12:22:24.284627,128,138453,-556.8318749999991,-556.8318749999991,36,0.22907608695652174,4.535,0.19,10,11,-0.0023226742137922862,0.9788903370499611,0.5924959182739258,0.0009673179127275954,0.0,0.0,0.0,4,9.786794888441176e-05,9.786794888441176e-05,1.0,ex,l2sq,3132.80393910408
2026-05-19T12:22:45.023442,129,139463,-434.511124999998,-495.67149999999856,49,0.23043478260869565,4.73,0.28,11,11,-0.00283614369691354,0.9957474172115326,0.5999084711074829,0.0005890608452319146,0.0007812500116415322,0.0,0.0,4,9.785326893676122e-05,9.785326893676122e-05,1.0,ex,l2sq,3153.542736053467
2026-05-19T12:23:10.095417,130,140507,-454.23174999999827,-454.23174999999827,51,0.23070652173913042,4.74,0.28,8,11,-0.002719042898388535,0.9851882010698318,0.57949498295784,0.0005287906096782397,0.0015625000523868948,0.0,0.0,4,9.783859143568705e-05,9.783859143568705e-05,1.0,ex,l2sq,3178.614745616913
2026-05-19T12:23:31.645083,131,141554,-474.39999999999793,-464.3158749999981,36,0.23016304347826086,4.715,0.29,11,11,-0.0024800906641755383,0.991887629032135,0.5590836852788925,0.0011528906534294947,0.002343750064028427,0.0,0.0,4,9.781902469578584e-05,9.781902469578584e-05,1.0,ex,l2sq,3200.1643631458282
2026-05-19T12:23:56.846314,132,142604,-501.25199999999813,-501.25199999999813,45,0.23396739130434782,4.585,0.33,10,11,-0.003732322982978098,0.9669418632984161,0.5586528182029724,-0.0005146467781742547,0.004687500186264515,0.0,0.0,4,9.780435208664127e-05,9.780435208664127e-05,1.0,ex,l2sq,3225.3656420707703
2026-05-19T12:24:19.219824,133,143688,-588.8551249999986,-545.0535624999984,41,0.23451086956521738,4.615,0.32,11,11,-0.0029748454515357015,1.0111892595887184,0.5534639656543732,0.0022287246220912445,0.0035156250960426405,0.0,0.0,4,9.778968192285004e-05,9.778968192285004e-05,1.0,ex,l2sq,3247.739126443863
2026-05-19T12:24:45.231853,134,144757,-531.1862499999983,-531.1862499999983,33,0.23179347826086957,4.63,0.3,5,11,-0.0015399165568055206,0.996515616774559,0.5458215922117233,0.0004197119036689484,0.0,0.0,0.0,4,9.777012496436228e-05,9.777012496436228e-05,1.0,ex,l2sq,3273.7511751651764
2026-05-19T12:25:07.099905,135,145818,-527.4467499999985,-529.3164999999983,35,0.23016304347826086,4.705,0.28,11,11,-0.00664809041190928,0.9778054356575012,0.554617315530777,0.0009889046670650825,0.00703125010477379,0.0,0.0,4,9.775545969005516e-05,9.775545969005516e-05,1.0,ex,l2sq,3295.6191976070404
2026-05-19T12:25:34.355530,136,146963,-632.5549999999989,-632.5549999999989,30,0.22418478260869565,4.72,0.28,6,11,-0.002789780167222533,0.9824845343828201,0.5570377185940742,0.0028912711424709386,0.008593750069849193,0.0,0.0,4,9.774079685987895e-05,9.774079685987895e-05,1.0,ex,l2sq,3322.8748655319214
2026-05-19T12:25:55.911616,137,148008,-457.3873749999979,-544.9711874999985,45,0.22418478260869565,4.895,0.33,11,11,-0.004929243179503828,0.9818275794386864,0.5985915213823318,0.0019081423708485062,0.01230468787252903,0.0,0.0,4,9.772124967791495e-05,9.772124967791495e-05,1.0,ex,l2sq,3344.4308943748474
2026-05-19T12:26:21.823390,138,149093,-496.08537499999767,-496.08537499999767,42,0.2247282608695652,5.075,0.28,9,11,-0.003547683439683258,0.9975790232419968,0.5489915162324905,0.001172107395541383,0.006640624953433871,0.0,0.0,4,9.770659173477861e-05,9.770659173477861e-05,1.0,ex,l2sq,3370.3427135944366
2026-05-19T12:26:43.843671,139,150161,-509.9706249999981,-503.02799999999786,50,0.2296195652173913,5.185,0.32,11,11,-0.002208969024286467,1.006514772772789,0.5264519676566124,0.0005125540187236773,0.0037109375989530236,0.0,0.0,4,9.769193623455135e-05,9.769193623455135e-05,1.0,ex,l2sq,3392.362985610962
2026-05-19T12:27:09.536653,140,151234,-522.8324999999986,-522.8324999999986,42,0.2298913043478261,5.02,0.38,8,11,-0.003910997600178212,1.007656067609787,0.5515211522579193,0.0007820114644346149,0.009179687651339918,0.0,0.0,4,9.767239882422382e-05,9.767239882422382e-05,1.0,ex,l2sq,3418.0559797286987
2026-05-19T12:27:31.992899,141,152322,-527.7896249999986,-525.3110624999986,44,0.2296195652173913,5.095,0.37,11,11,-0.002209518886229389,0.9969103410840034,0.5633306950330734,0.0012357678331682137,0.0027343750989530236,0.0,0.0,4,9.765286532118295e-05,9.765286532118295e-05,1.0,ex,l2sq,3440.5122299194336
2026-05-19T12:27:58.300354,142,153428,-530.9507499999977,-530.9507499999977,36,0.22880434782608697,5.155,0.37,8,11,-0.001989419833989814,0.9859150052070618,0.5208638608455658,0.00184835809886863,0.00703125010477379,0.0,0.0,4,9.763821763552915e-05,9.763821763552915e-05,1.0,ex,l2sq,3466.819663286209
2026-05-19T12:28:20.315375,143,154495,-468.2603749999986,-499.60556249999814,48,0.22934782608695653,5.095,0.33,11,11,-0.0027232084874412865,0.9684446603059769,0.5113070793449879,-0.001067206806055765,0.0027343749534338713,0.0,0.0,4,9.762357239107491e-05,9.762357239107491e-05,1.0,ex,l2sq,3488.834673166275
2026-05-19T12:28:46.380049,144,155591,-540.7146249999979,-540.7146249999979,43,0.2279891304347826,5.175,0.42,10,11,-0.00193817578256128,1.0036510080099106,0.5341492220759392,0.0005395706364652308,0.0,0.0,0.0,4,9.760404865283241e-05,9.760404865283241e-05,1.0,ex,l2sq,3514.899370908737
2026-05-19T12:29:08.398943,145,156661,-595.3427499999993,-568.0286874999986,29,0.22309782608695652,5.17,0.4,11,11,-0.002907306043198332,0.9866745173931122,0.5064128190279007,0.00022339746410593442,0.0027343749534338713,0.0,0.0,4,9.758940828955682e-05,9.758940828955682e-05,1.0,ex,l2sq,3536.918236017227
2026-05-19T12:29:34.197289,146,157743,-527.5597499999984,-527.5597499999984,40,0.22228260869565217,5.23,0.37,10,11,-0.0027744382081437147,0.9909159019589424,0.5008184015750885,0.0006390893233401557,0.0029296875,0.0,0.0,4,9.757477036626043e-05,9.757477036626043e-05,1.0,ex,l2sq,3562.716620206833
2026-05-19T12:29:56.315196,147,158815,-491.3886249999974,-509.4741874999979,40,0.22146739130434784,5.19,0.41,11,11,-0.0023949854585225694,0.9843377098441124,0.5073774121701717,0.0013988965233693862,0.006835937645519152,0.0,0.0,4,9.755525638793487e-05,9.755525638793487e-05,1.0,ex,l2sq,3584.8344445228577
2026-05-19T12:30:21.324634,148,159864,-433.6926249999985,-433.6926249999985,54,0.22635869565217392,5.485,0.44,10,11,-0.003639760776422918,0.9890699088573456,0.47806964814662933,0.0019328738311742422,0.0046875000989530236,0.0,0.0,4,9.754062334337701e-05,9.754062334337701e-05,1.0,ex,l2sq,3609.84396982193
2026-05-19T12:30:42.639285,149,160898,-492.8058749999983,-463.24924999999837,39,0.2236413043478261,5.47,0.36,11,11,-0.002424597044591803,0.9765466153621674,0.4946819767355919,-5.265143481664181e-05,0.0017578124825377017,0.0,0.0,4,9.752599273757864e-05,9.752599273757864e-05,1.0,ex,l2sq,3631.1585977077484
2026-05-19T12:31:08.757703,150,161940,-456.6552499999985,-456.6552499999985,53,0.22418478260869565,5.415,0.36,10,11,-0.0025490038971840434,0.9911721423268318,0.5303799584507942,0.00048366116980098905,0.001367187505820766,0.0,0.0,4,9.750648851429106e-05,9.750648851429106e-05,1.0,ex,l2sq,3657.2770092487335
2026-05-19T12:31:31.098621,151,163025,-565.7696249999995,-511.21243749999894,40,0.22527173913043477,5.2,0.29,11,11,-0.0030797914077993482,1.0081981420516968,0.4910663962364197,0.001436783899407601,0.0023437500931322575,0.0,0.0,4,9.749186278479232e-05,9.749186278479232e-05,1.0,ex,l2sq,3679.6179361343384
2026-05-19T12:32:05.385148,152,164077,-447.9031249999984,-447.9031249999984,51,0.2269021739130435,5.015,0.26,12,12,-0.004070831491844673,0.9856094047427177,0.4866645336151123,0.0007949454255139765,0.015429687919095159,0.0,0.0,4,9.747723949283392e-05,9.747723949283392e-05,1.0,ex,l2sq,3713.904303073883
2026-05-19T12:32:27.027288,153,165125,-484.16649999999873,-466.03481249999857,50,0.22934782608695653,4.845,0.21,12,12,-0.0021925129447481484,0.9654055163264275,0.49663572758436203,0.0007787579961586744,0.006054687546566129,0.0,0.0,4,9.745774501970775e-05,9.745774501970775e-05,1.0,ex,l2sq,3735.546574831009
2026-05-19T12:32:59.008875,154,166163,-507.81374999999804,-507.81374999999804,38,0.23070652173913042,4.915,0.26,13,13,-0.0008882179827196524,1.02328822016716,0.46403756737709045,0.00028372232791298857,0.0,0.0,0.0,4,9.744312660161135e-05,9.744312660161135e-05,1.0,ex,l2sq,3767.5282020568848
2026-05-19T12:33:21.089413,155,167273,-553.0422499999983,-530.4279999999982,46,0.23369565217391305,5.07,0.26,13,13,-0.0026232659889501853,0.9675980061292648,0.49643079936504364,0.002305023059579983,0.0007812500261934474,0.0,0.0,4,9.742851061983674e-05,9.742851061983674e-05,1.0,ex,l2sq,3789.60867023468
2026-05-19T12:33:51.136737,156,168261,-440.5927499999988,-440.5927499999988,48,0.23858695652173914,5.14,0.29,13,13,-0.0018438026338118974,1.0384467244148254,0.4745514988899231,-0.00011662895112751759,0.0,0.0,0.0,4,9.741389658682723e-05,9.741389658682723e-05,1.0,ex,l2sq,3819.655908346176
2026-05-19T12:34:12.589070,157,169345,-623.3583749999985,-531.9755624999987,31,0.23478260869565218,5.21,0.27,13,13,-0.0020112302408960836,0.9893357679247856,0.4911733381450176,0.00011685225254043363,0.0,0.0,0.0,4,9.73992849894087e-05,9.73992849894087e-05,1.0,ex,l2sq,3841.1083941459656
2026-05-19T12:34:44.851441,158,170444,-524.345999999998,-524.345999999998,48,0.23641304347826086,5.315,0.27,13,13,-0.002159421803662548,0.986284963786602,0.4681303910911083,0.0001739969769914973,0.0,0.0,0.0,4,9.737980610640366e-05,9.737980610640366e-05,1.0,ex,l2sq,3873.370549917221
2026-05-19T12:35:05.565875,159,171490,-520.3413749999985,-522.3436874999982,44,0.23478260869565218,5.26,0.22,13,13,-0.0026940517302138645,0.993087649345398,0.4951702207326889,0.00214254397742486,0.0015625000232830644,0.0,0.0,4,9.73651993789494e-05,9.73651993789494e-05,1.0,ex,l2sq,3894.08518576622
2026-05-19T12:35:30.100067,160,172564,-460.04312499999816,-460.04312499999816,53,0.23777173913043478,5.31,0.2,12,13,-0.0031526759543338834,0.9835120514035225,0.4784984923899174,0.0008360743158846301,0.0015624999796273187,0.0,0.0,4,9.735059508586856e-05,9.735059508586856e-05,1.0,ex,l2sq,3918.6193907260895
2026-05-19T12:35:51.999440,161,173669,-588.9517499999994,-524.4974374999988,36,0.23559782608695654,5.24,0.15,13,13,-0.0029085457776090173,0.9814874976873398,0.4813040681183338,1.0736854073906121e-05,0.0009765625145519152,0.0,0.0,4,9.733112594035733e-05,9.733112594035733e-05,1.0,ex,l2sq,3940.5187079906464
2026-05-19T12:36:23.596271,162,174730,-442.73437499999847,-442.73437499999847,53,0.24021739130434783,5.175,0.15,13,13,-0.0026651197025785167,0.9969163835048676,0.4905976988375187,0.00018259667967868154,0.0017578125261934474,0.0,0.0,4,9.731166068848052e-05,9.731166068848052e-05,1.0,ex,l2sq,3972.1154136657715
2026-05-19T12:36:44.677155,163,175794,-465.8269999999983,-454.2806874999984,51,0.24103260869565218,5.175,0.12,13,13,-0.0033778496144805104,0.9547326862812042,0.4454387053847313,0.003924142461073643,0.005078125046566129,0.0,0.0,4,9.729706418266857e-05,9.729706418266857e-05,1.0,ex,l2sq,3993.1964769363403
2026-05-19T12:37:16.304658,164,176858,-456.05599999999856,-456.05599999999856,57,0.24483695652173912,5.29,0.16,14,14,-0.003129393234848954,0.9590190798044205,0.45459137111902237,0.0016046989330788797,0.009179687549476512,0.0,0.0,4,9.72824701095265e-05,9.72824701095265e-05,1.0,ex,l2sq,4024.8237521648407
2026-05-19T12:37:36.004590,165,177859,-418.05787499999843,-437.0569374999985,53,0.2513586956521739,5.225,0.19,14,14,-0.002680076350225158,0.9998471289873123,0.4268793985247612,-0.0012383768835206865,0.013281250139698386,0.0,0.0,4,9.72678779822284e-05,9.72678779822284e-05,1.0,ex,l2sq,4044.52388381958
2026-05-19T12:38:10.895029,166,178959,-551.8258749999983,-551.8258749999983,38,0.25081521739130436,5.34,0.21,15,15,-0.0017261848041016936,0.9703384190797806,0.4222852513194084,-0.000760482331361334,0.0009765625291038305,0.0,0.0,4,9.725328828687046e-05,9.725328828687046e-05,1.0,ex,l2sq,4079.414345741272
2026-05-19T12:38:32.376525,167,180029,-554.9189999999985,-553.3724374999983,43,0.2516304347826087,5.27,0.23,15,15,-0.0022540986843523347,0.9669841304421425,0.44235167279839516,0.0003837659947748852,0.0009765625291038305,0.0,0.0,4,9.723383860174597e-05,9.723383860174597e-05,1.0,ex,l2sq,4100.895836830139
2026-05-19T12:39:03.119833,168,181066,-471.79374999999806,-471.79374999999806,55,0.2519021739130435,5.15,0.21,16,16,-0.002014105074340522,0.9908998757600784,0.46330228447914124,0.0010194024922384193,0.0007812500116415322,0.0,0.0,4,9.721925376905246e-05,9.721925376905246e-05,1.0,ex,l2sq,4131.638944864273
2026-05-19T12:39:24.328056,169,182142,-497.39737499999836,-484.5955624999982,46,0.25380434782608696,5.23,0.18,16,16,-0.002192212312365882,0.9783170521259308,0.42862533032894135,0.0006831728853285424,0.0003906250058207661,0.0,0.0,4,9.720467136708337e-05,9.720467136708337e-05,1.0,ex,l2sq,4152.847372770309
2026-05-19T12:39:48.130970,170,183196,-456.5406249999982,-456.5406249999982,65,0.25706521739130433,5.06,0.15,14,16,-0.0028570819922605906,0.9738447815179825,0.4414619468152523,0.0025553054219927124,0.0039062499708961695,0.0,0.0,4,9.718523140485667e-05,9.718523140485667e-05,1.0,ex,l2sq,4176.650293827057
2026-05-19T12:40:09.184466,171,184273,-463.3852499999986,-459.9629374999984,55,0.26114130434782606,5.155,0.22,16,16,-0.0013071835142910437,0.9705942273139954,0.4635288417339325,0.001002797819228296,0.0,0.0,0.0,4,9.717065386312118e-05,9.717065386312118e-05,1.0,ex,l2sq,4197.703775644302
2026-05-19T12:40:33.807879,172,185372,-545.2981249999987,-545.2981249999987,48,0.26032608695652176,5.1,0.19,13,16,-0.003165691229514711,0.9500781670212746,0.4476262144744396,0.0017312253083218362,0.002343750005820766,0.0,0.0,4,9.715607875089498e-05,9.715607875089498e-05,1.0,ex,l2sq,4222.327211856842
2026-05-19T12:40:54.226774,173,186402,-498.4254999999983,-521.8618124999985,48,0.2597826086956522,5.085,0.18,16,16,-0.0037226877495414312,1.0075449794530869,0.455323725938797,0.0011817445812994133,0.007617187686264515,0.0,0.0,4,9.71366485067056e-05,9.71366485067056e-05,1.0,ex,l2sq,4242.746067285538
2026-05-19T12:41:17.857338,174,187455,-531.4759999999985,-531.4759999999985,44,0.2614130434782609,5.03,0.23,14,16,-0.002767695958027616,0.9801553785800934,0.43816909939050674,0.0009897001086756063,0.00390625,0.0,0.0,4,9.712207825228335e-05,9.712207825228335e-05,1.0,ex,l2sq,4266.37668132782
2026-05-19T12:41:37.721112,175,188469,-397.3546249999983,-464.41531249999844,56,0.26413043478260867,5.2,0.24,16,16,-0.002016183557861928,0.9691633433103561,0.43868541717529297,0.0013038908982707653,0.004101562575669959,0.0,0.0,4,9.71075104261559e-05,9.71075104261559e-05,1.0,ex,l2sq,4286.240416049957
2026-05-19T12:42:01.715509,176,189540,-453.1544999999989,-453.1544999999989,67,0.2692934782608696,5.3,0.32,15,16,-0.0033262840239332014,0.9618972539901733,0.42658575624227524,0.001036887913460266,0.0035156250232830644,0.0,0.0,4,9.708808989514577e-05,9.708808989514577e-05,1.0,ex,l2sq,4310.234822034836
2026-05-19T12:42:20.965429,177,190527,-420.78249999999855,-436.9684999999987,58,0.2766304347826087,5.525,0.33,16,16,-0.0030423813033850777,0.9882741272449493,0.4211549013853073,0.000917887900686809,0.0027343750989530236,0.0,0.0,4,9.707352692439387e-05,9.707352692439387e-05,1.0,ex,l2sq,4329.484739542007
2026-05-19T12:42:51.222436,178,191546,-434.2018749999987,-434.2018749999987,53,0.2779891304347826,5.44,0.34,16,16,-0.002513914581504628,0.9773537144064903,0.4391365945339203,0.00041694373403515506,0.0011718750174622983,0.0,0.0,4,9.705896638072285e-05,9.705896638072285e-05,1.0,ex,l2sq,4359.741565465927
2026-05-19T12:43:11.107849,179,192564,-452.8571249999986,-443.5294999999986,53,0.28043478260869564,5.295,0.29,16,16,-0.003734943387098788,1.0435113310813904,0.42902740091085434,0.003427966283561547,0.0015625000232830644,0.0,0.0,4,9.704440777842529e-05,9.704440777842529e-05,1.0,ex,l2sq,4379.62713766098
2026-05-19T12:43:34.630135,180,193610,-483.68162499999863,-483.68162499999863,48,0.27907608695652175,5.135,0.35,15,16,-0.002301503064518373,0.980930395424366,0.412088256329298,0.0019476484284496123,0.0035156250232830644,0.0,0.0,4,9.702985160248056e-05,9.702985160248056e-05,1.0,ex,l2sq,4403.149484157562
2026-05-19T12:43:56.458154,181,194722,-500.67087499999786,-492.1762499999983,53,0.28369565217391307,5.22,0.29,16,16,-0.0022694059072819184,0.9796365275979042,0.4307776391506195,0.0006481950786337287,0.003320312564028427,0.0,0.0,4,9.701044660245858e-05,9.701044660245858e-05,1.0,ex,l2sq,4424.977441072464
2026-05-19T12:44:26.719997,182,195753,-447.4494999999981,-447.4494999999981,53,0.28369565217391307,5.31,0.31,17,17,-0.0038688884058502016,0.9790418744087219,0.397220715880394,0.0019757519570703375,0.00390625,0.0,0.0,4,9.699589527800646e-05,9.699589527800646e-05,1.0,ex,l2sq,4455.239163160324
2026-05-19T12:44:47.073674,183,196773,-440.62137499999847,-444.0354374999983,53,0.2842391304347826,5.335,0.36,17,17,-0.002476772351655887,0.9671076834201813,0.415479876101017,0.0037380948831014504,0.006835937398136593,0.0,0.0,4,9.698134637869425e-05,9.698134637869425e-05,1.0,ex,l2sq,4475.592941522598
2026-05-19T12:45:11.209699,184,197848,-512.3062499999979,-512.3062499999979,54,0.28342391304347825,5.465,0.3,14,17,-0.0026250757829984206,0.9964122325181961,0.41330811753869057,0.001522759180306782,0.0023437500494765118,0.0,0.0,4,9.696195107923198e-05,9.696195107923198e-05,1.0,ex,l2sq,4499.729035615921
2026-05-19T12:45:32.784541,185,198943,-509.270999999998,-510.788624999998,55,0.28396739130434784,5.42,0.26,17,17,-0.002243524833466015,0.9750647395849228,0.41214464604854584,0.00015489370398427682,0.0003906250058207661,0.0,0.0,4,9.694740702898709e-05,9.694740702898709e-05,1.0,ex,l2sq,4521.303839445114
2026-05-19T12:45:57.752508,186,200060,-523.6644999999979,-523.6644999999979,45,0.2858695652173913,5.435,0.21,13,17,-0.0015626333864929287,0.9776404872536659,0.39222602918744087,0.0002185089461818196,0.0007812500261934474,0.0,0.0,4,9.693286540266979e-05,9.693286540266979e-05,1.0,ex,l2sq,4546.271824359894
2026-05-19T12:46:18.210165,187,201104,-435.559749999998,-479.61212499999795,58,0.28994565217391305,5.41,0.19,17,17,-0.0038281158485916067,0.9716865047812462,0.42389147728681564,0.002343645667951949,0.006054687648429535,0.0,0.0,4,9.691347979891791e-05,9.691347979891791e-05,1.0,ex,l2sq,4566.72945857048
2026-05-19T12:46:42.335439,188,202180,-481.513624999998,-481.513624999998,56,0.2902173913043478,5.245,0.22,16,17,-0.003676711022853829,0.9821121245622635,0.4164763018488884,0.003663002582925401,0.0078125,0.0,0.0,4,9.689894301924389e-05,9.689894301924389e-05,1.0,ex,l2sq,4590.854779243469
2026-05-19T12:47:03.768262,189,203272,-553.8898749999984,-517.7017499999981,34,0.28695652173913044,5.35,0.22,17,17,-0.002917385892942659,0.961090512573719,0.44734635204076767,-0.0003646879114967416,0.005078125192085281,0.0,0.0,4,9.688440866228572e-05,9.688440866228572e-05,1.0,ex,l2sq,4612.287539958954
2026-05-19T12:47:26.972030,190,204290,-384.58074999999866,-384.58074999999866,54,0.28396739130434784,5.195,0.22,15,17,-0.0031575245957355946,0.9964616149663925,0.42299834638834,8.498021161360003e-05,0.0039062500291038305,0.0,0.0,4,9.686503274939735e-05,9.686503274939735e-05,1.0,ex,l2sq,4635.491365432739
2026-05-19T12:47:48.128208,191,205372,-388.384499999999,-386.48262499999885,58,0.2847826086956522,5.305,0.23,17,17,-0.0029135741293430106,0.9491845220327377,0.4197899028658867,0.002332286070668488,0.006250000209547579,0.0,0.0,4,9.685050323665964e-05,9.685050323665964e-05,1.0,ex,l2sq,4656.647529602051
2026-05-19T12:48:11.903191,192,206429,-441.6608749999987,-441.6608749999987,51,0.2855978260869565,5.285,0.22,13,17,-0.00313703505671592,0.9292550310492516,0.41808509081602097,0.0012188088386211327,0.004492187639698386,0.0,0.0,4,9.683597614542665e-05,9.683597614542665e-05,1.0,ex,l2sq,4680.422520160675
2026-05-19T12:48:31.855291,193,207450,-420.39924999999886,-431.0300624999988,55,0.2875,5.05,0.2,17,17,-0.004387024932657413,0.9530178755521774,0.42456455156207085,0.0011436741197031197,0.010546875302679837,0.0,0.0,4,9.681660991855734e-05,9.681660991855734e-05,1.0,ex,l2sq,4700.374611854553
2026-05-19T12:48:55.312557,194,208492,-389.9338749999989,-389.9338749999989,57,0.2910326086956522,5.12,0.27,13,17,-0.0021059662511104804,0.9237008690834045,0.429586261510849,0.0024834626739902443,0.008984375279396772,0.0,0.0,4,9.680208766912318e-05,9.680208766912318e-05,1.0,ex,l2sq,4723.831891298294
2026-05-19T12:49:15.738807,195,209534,-397.0968749999983,-393.5153749999986,62,0.2926630434782609,5.195,0.27,17,17,-0.0026034168942714597,0.9602907001972198,0.4105902947485447,0.000740215398400329,0.00019531250291038305,0.0,0.0,4,9.678756783998325e-05,9.678756783998325e-05,1.0,ex,l2sq,4744.258120059967
2026-05-19T12:49:40.136905,196,210613,-465.60374999999874,-465.60374999999874,59,0.2904891304347826,5.23,0.22,15,17,-0.0029485576291335414,0.9691804349422455,0.4193497523665428,0.0002616823371681676,0.0029296876455191523,0.0,0.0,4,9.676821129429093e-05,9.676821129429093e-05,1.0,ex,l2sq,4768.656213998795
2026-05-19T12:50:01.352870,197,211684,-443.65299999999735,-454.6283749999981,50,0.28831521739130433,5.48,0.24,17,17,-0.0021759093186117795,1.0057830512523651,0.39238644391298294,0.00016129953874044478,0.002343750005820766,0.0,0.0,4,9.675369630452942e-05,9.675369630452942e-05,1.0,ex,l2sq,4789.87215256691
2026-05-19T12:50:25.002093,198,212726,-486.4548749999984,-486.4548749999984,44,0.2858695652173913,5.27,0.17,16,17,-0.0018948056087538245,0.9630021005868912,0.3818584606051445,0.0008340369003235759,0.00019531250291038305,0.0,0.0,4,9.673918373385223e-05,9.673918373385223e-05,1.0,ex,l2sq,4813.52143740654
2026-05-19T12:50:46.549145,199,213815,-517.1996249999976,-501.827249999998,45,0.28369565217391307,5.52,0.23,17,17,-0.002174371873115921,0.9470561668276787,0.3706659637391567,0.002637915997365778,0.004687500215368345,0.0,0.0,4,9.671983686449729e-05,9.671983686449729e-05,1.0,ex,l2sq,4835.068422794342
2026-05-19T12:51:11.629487,200,214870,-441.14487499999876,-441.14487499999876,59,0.2866847826086957,5.53,0.22,15,17,-0.002258206222904846,0.9848807752132416,0.37746069580316544,-2.710614098759556e-05,0.0,0.0,0.0,4,9.67053291307793e-05,9.67053291307793e-05,1.0,ex,l2sq,4860.148790359497
2026-05-19T12:51:33.308735,201,215936,-523.6487499999977,-482.3968124999982,44,0.2842391304347826,5.445,0.27,17,17,-0.002595539095636923,0.9944838881492615,0.3727623522281647,0.0001620768051907029,0.002929687572759576,0.0,0.0,4,9.669082381493632e-05,9.669082381493632e-05,1.0,ex,l2sq,4881.828045606613
2026-05-19T12:51:57.436165,202,216952,-313.64062499999915,-313.64062499999915,63,0.28695652173913044,5.465,0.25,14,17,-0.0031337150547186,0.9712142050266266,0.37610480189323425,0.0017736294326823557,0.008203125558793545,0.0,0.0,4,9.667632043310324e-05,9.667632043310324e-05,1.0,ex,l2sq,4905.955513477325
2026-05-19T12:52:19.586095,203,218026,-450.5422499999981,-382.0914374999986,54,0.2872282608695652,5.32,0.25,17,17,-0.0021334984659916456,1.006295569241047,0.3845933713018894,-0.000809385675256652,0.007617187453433871,0.0,0.0,4,9.666181946841988e-05,9.666181946841988e-05,1.0,ex,l2sq,4928.105347156525
2026-05-19T12:52:44.315244,204,219068,-451.4279999999986,-451.4279999999986,54,0.2872282608695652,5.315,0.28,14,17,-0.002523963920248229,0.9798350483179092,0.3988149091601372,4.264136441632649e-06,0.0035156251542503014,0.0,0.0,4,9.664248807114439e-05,9.664248807114439e-05,1.0,ex,l2sq,4952.834587097168
2026-05-19T12:53:04.544132,205,220053,-350.09387499999906,-400.7609374999988,53,0.2866847826086957,5.29,0.22,17,17,-0.0033558844239451047,0.968298926949501,0.396193265914917,0.001469073562475387,0.0015625000232830644,0.0,0.0,4,9.662799193955202e-05,9.662799193955202e-05,1.0,ex,l2sq,4973.063436031342
2026-05-19T12:53:29.494549,206,221107,-405.5048749999987,-405.5048749999987,55,0.28940217391304346,5.44,0.21,14,17,-0.0033476771030109542,0.9700154364109039,0.3900895304977894,0.001449321863583472,0.006250000049476512,0.0,0.0,4,9.661349822390105e-05,9.661349822390105e-05,1.0,ex,l2sq,4998.013871908188
2026-05-19T12:53:50.668337,207,222137,-386.6687499999987,-396.0868124999987,59,0.2896739130434783,5.41,0.25,17,17,-0.002408018421556246,0.9921707883477211,0.39744656905531883,0.00022559941080543822,0.004101562648429535,0.0,0.0,4,9.659417649039123e-05,9.659417649039123e-05,1.0,ex,l2sq,5019.187653541565
2026-05-19T12:54:14.562383,208,223143,-414.7911249999982,-414.7911249999982,55,0.28940217391304346,5.31,0.21,14,17,-0.0023945541295689043,0.9649040549993515,0.3511102795600891,0.0005215988612690126,0.001953125,0.0,0.0,4,9.657968760541519e-05,9.657968760541519e-05,1.0,ex,l2sq,5043.081702232361
2026-05-19T12:54:36.315468,209,224197,-348.9754999999987,-381.88331249999845,59,0.296195652173913,5.33,0.2,17,17,-0.00240082126256308,0.9565149173140526,0.3935561217367649,0.0006581407457815682,0.0029296876455191523,0.0,0.0,4,9.656520113517282e-05,9.656520113517282e-05,1.0,ex,l2sq,5064.834767103195
2026-05-19T12:55:00.860608,210,225235,-384.8143749999989,-384.8143749999989,63,0.2986413043478261,5.335,0.16,14,17,-0.0032073547423351334,0.9736107736825943,0.39281972497701645,-0.0010371372103691323,0.003515625052386895,0.0,0.0,4,9.655071659642763e-05,9.655071659642763e-05,1.0,ex,l2sq,5089.379937410355
2026-05-19T12:55:22.476514,211,226284,-458.86737499999856,-421.84087499999873,54,0.297554347826087,5.37,0.12,17,17,-0.002232800811179936,0.9550243243575096,0.3812576234340668,0.0002541484139328559,0.004101562648429535,0.0,0.0,4,9.653623447169175e-05,9.653623447169175e-05,1.0,ex,l2sq,5110.995770215988
2026-05-19T12:55:46.731858,212,227305,-408.13224999999903,-408.13224999999903,57,0.29918478260869563,5.265,0.19,15,17,-0.004383046351722458,0.9571478441357613,0.3877490572631359,0.0023985619516224826,0.015429687919095159,0.0,0.0,4,9.651692819015975e-05,9.651692819015975e-05,1.0,ex,l2sq,5135.251199245453
2026-05-19T12:56:08.533519,213,228357,-453.5611249999979,-430.84668749999844,46,0.2967391304347826,5.185,0.23,17,17,-0.0032515868719200647,0.9826340526342392,0.40001003444194794,0.0016817110608826624,0.004687500011641532,0.0,0.0,4,9.650245089223561e-05,9.650245089223561e-05,1.0,ex,l2sq,5157.052812576294
2026-05-19T12:56:34.234256,214,229440,-469.62524999999766,-469.62524999999766,48,0.29429347826086955,5.28,0.27,12,17,-0.00255077224137501,0.963838018476963,0.350148219615221,0.0008537190375136477,0.006054687561118044,0.0,0.0,4,9.648797600711402e-05,9.648797600711402e-05,1.0,ex,l2sq,5182.753578662872
2026-05-19T12:56:55.564316,215,230476,-379.7609999999988,-424.6931249999982,60,0.29375,5.165,0.32,17,17,-0.0038193863758352042,0.9871537536382675,0.38408687710762024,0.002313231016069034,0.01835937520081643,0.0,0.0,4,9.646867937679237e-05,9.646867937679237e-05,1.0,ex,l2sq,5204.083594799042
2026-05-19T12:57:19.932007,216,231499,-439.66774999999876,-439.66774999999876,49,0.2910326086956522,5.18,0.3,12,17,-0.0030161887581925395,0.9331706017255783,0.3901596888899803,0.0019004652856892679,0.005078125046566129,0.0,0.0,4,9.645420931606963e-05,9.645420931606963e-05,1.0,ex,l2sq,5228.451351881027
2026-05-19T12:57:41.652384,217,232554,-472.802749999998,-456.23524999999836,46,0.28994565217391305,5.23,0.3,17,17,-0.002309686734952243,0.9691198542714119,0.3824872709810734,0.00027666299865813926,0.0007812500261934474,0.0,0.0,4,9.643974166694326e-05,9.643974166694326e-05,1.0,ex,l2sq,5250.171647071838
2026-05-19T12:58:07.598815,218,233654,-440.71737499999887,-440.71737499999887,60,0.29429347826086955,5.315,0.29,14,17,-0.003178657291573489,0.9366721138358116,0.37323934957385063,0.0010903018398494401,0.005468749979627319,0.0,0.0,4,9.642045468300728e-05,9.642045468300728e-05,1.0,ex,l2sq,5276.118142127991
2026-05-19T12:58:29.435887,219,234714,-396.6699999999984,-418.69368749999865,62,0.29891304347826086,5.63,0.28,17,17,-0.0024477333761752096,0.9360997527837753,0.37008698284626007,0.0003309629083560195,0.0011718750465661287,0.0,0.0,4,9.640599185586804e-05,9.640599185586804e-05,1.0,ex,l2sq,5297.955201864243
2026-05-19T12:59:03.428219,220,235859,-500.5688749999987,-500.5688749999987,57,0.29836956521739133,5.925,0.28,18,18,-0.00223476332976133,0.9503406435251236,0.3745550140738487,0.0011803776798387892,0.005078125192085281,0.0,0.0,4,9.639153143911962e-05,9.639153143911962e-05,1.0,ex,l2sq,5331.947345256805
2026-05-19T12:59:25.513417,221,236942,-522.4634999999984,-511.5161874999985,49,0.2997282608695652,5.845,0.3,18,18,-0.003230820657336042,0.9536724910140038,0.3743240348994732,0.000601678057228161,0.0029296875145519152,0.0,0.0,4,9.637225409674711e-05,9.637225409674711e-05,1.0,ex,l2sq,5354.0327231884
2026-05-19T12:59:48.929258,222,237981,-416.05237499999856,-416.05237499999856,56,0.29782608695652174,5.875,0.23,17,18,-0.0012659899944993391,0.9107855409383774,0.39115462452173233,0.0014076369090617047,0.0003906250058207661,0.0,0.0,4,9.635779849957527e-05,9.635779849957527e-05,1.0,ex,l2sq,5377.448581695557
2026-05-19T13:00:08.968330,223,239000,-422.1926249999982,-419.12249999999835,45,0.29538043478260867,5.535,0.22,18,18,-0.0034215004125144333,0.9618786871433258,0.3900443948805332,0.0010272510037793864,0.004296874976716936,0.0,0.0,4,9.634334531158934e-05,9.634334531158934e-05,1.0,ex,l2sq,5397.487637758255
2026-05-19T13:00:41.932990,224,240113,-489.98374999999737,-489.98374999999737,50,0.29429347826086955,5.34,0.23,18,18,-0.0021221589748166014,0.9807321578264236,0.36502230539917946,0.0012914584641294247,0.005664062759024091,0.0,0.0,4,9.632407760596047e-05,9.632407760596047e-05,1.0,ex,l2sq,5430.452103376389
2026-05-19T13:01:02.992133,225,241170,-411.6068749999983,-450.79531249999786,55,0.29483695652173914,5.335,0.18,18,18,-0.0030015856900718063,0.9804768115282059,0.37092916667461395,0.0021918181553701316,0.008984374930150807,0.0,0.0,4,9.630962923514182e-05,9.630962923514182e-05,1.0,ex,l2sq,5451.511403560638
2026-05-19T13:01:33.914416,226,242208,-423.9658749999987,-423.9658749999987,56,0.2951086956521739,5.335,0.19,19,19,-0.0028622869838727527,0.9653044119477272,0.36533347889781,0.0005204858989373007,0.005859375101863407,0.0,0.0,4,9.62951832723047e-05,9.62951832723047e-05,1.0,ex,l2sq,5482.4335107803345
2026-05-19T13:01:54.994481,227,243274,-444.29549999999836,-434.13068749999854,49,0.29239130434782606,5.485,0.16,19,19,-0.00224862025334005,0.9670380428433418,0.3760665990412235,9.342088096675472e-05,0.002539062552386895,0.0,0.0,4,9.627592519860207e-05,9.627592519860207e-05,1.0,ex,l2sq,5503.513791561127
2026-05-19T13:02:26.902601,228,244363,-438.3688749999985,-438.3688749999985,50,0.2910326086956522,5.51,0.12,19,19,-0.0019108818058155563,0.9475504904985428,0.35402006655931473,-0.00039346960697905775,0.005078125192085281,0.0,0.0,4,9.626148405052413e-05,9.626148405052413e-05,1.0,ex,l2sq,5535.4217138290405
2026-05-19T13:02:47.899860,229,245429,-402.44537499999865,-420.4071249999986,66,0.29293478260869565,5.515,0.16,19,19,-0.0021452590885020495,0.9197131097316742,0.35903238877654076,0.0004049858278903917,0.0017578125552972779,0.0,0.0,4,9.624704530922397e-05,9.624704530922397e-05,1.0,ex,l2sq,5556.41915345192
2026-05-19T13:03:11.451504,230,246481,-382.45574999999843,-382.45574999999843,66,0.29375,5.61,0.21,17,19,-0.0029938933177617866,0.9319034218788147,0.35893845185637474,0.0006332599324650884,0.003125000075669959,0.0,0.0,4,9.622779686263257e-05,9.622779686263257e-05,1.0,ex,l2sq,5579.970841884613
2026-05-19T13:03:31.029650,231,247481,-377.9516249999988,-380.20368749999864,58,0.29483695652173914,5.38,0.26,19,19,-0.003351820266107086,1.0062558054924011,0.38723835349082947,0.0005935511861024922,0.0015625000232830644,0.0,0.0,4,9.62133629336847e-05,9.62133629336847e-05,1.0,ex,l2sq,5599.548928022385
2026-05-19T13:04:01.926469,232,248510,-463.37437499999845,-463.37437499999845,56,0.29456521739130437,5.335,0.26,19,19,-0.002860161490389146,0.9981438592076302,0.360201183706522,0.0014447968405647757,0.0029296876455191523,0.0,0.0,4,9.619893141031147e-05,9.619893141031147e-05,1.0,ex,l2sq,5630.445677280426
2026-05-19T13:04:21.889341,233,249530,-418.3212499999984,-440.84781249999844,54,0.2967391304347826,5.155,0.29,19,19,-0.0002662159444297707,0.9680311530828476,0.36482010781764984,0.0010118954738572716,0.0007812500116415322,0.0,0.0,4,9.618450181110928e-05,9.618450181110928e-05,1.0,ex,l2sq,5650.408658981323
2026-05-19T13:04:45.782807,234,250595,-379.504999999999,-379.504999999999,66,0.3016304347826087,5.2,0.25,17,19,-0.0028792434211936946,0.9627146124839783,0.3693564385175705,0.001176436153309618,0.005078125148429535,0.0,0.0,4,9.617007461676011e-05,9.617007461676011e-05,1.0,ex,l2sq,5674.302135705948
2026-05-19T13:05:06.430475,235,251647,-432.56712499999793,-406.0360624999985,57,0.30081521739130435,5.45,0.35,19,19,-0.0023730725210043824,0.9559928998351097,0.37548213452100754,0.0011696165577177453,0.001953125072759576,0.0,0.0,4,9.61508415635375e-05,9.61508415635375e-05,1.0,ex,l2sq,5694.949769496918
2026-05-19T13:05:30.672319,236,252727,-484.23612499999786,-484.23612499999786,53,0.30190217391304347,5.54,0.36,15,19,-0.0027048036805354947,0.9735442250967026,0.3817482069134712,-0.00018904938506239533,0.0027343749534338713,0.0,0.0,4,9.61364191776921e-05,9.61364191776921e-05,1.0,ex,l2sq,5719.191649675369
2026-05-19T13:05:52.039572,237,253813,-398.78574999999825,-441.510937499998,64,0.30679347826086956,5.495,0.36,19,19,-0.0020360451802845514,0.9617075696587563,0.3872688077390194,0.0012172913412996532,0.0005859375087311491,0.0,0.0,4,9.612199919549754e-05,9.612199919549754e-05,1.0,ex,l2sq,5740.558885097504
2026-05-19T13:06:15.648892,238,254858,-426.8967499999986,-426.8967499999986,60,0.30679347826086956,5.405,0.35,15,19,-0.004802087898133245,0.9725279808044434,0.390001755207777,0.002343003873920696,0.006249999976716936,0.0,0.0,4,9.610277575687845e-05,9.610277575687845e-05,1.0,ex,l2sq,5764.168219804764
2026-05-19T13:06:35.340424,239,255864,-330.7869999999991,-378.8418749999988,64,0.30733695652173915,5.335,0.32,19,19,-0.0021385558677138317,0.9148252606391907,0.3851417973637581,0.0018736941216047631,0.003906250145519152,0.0,0.0,4,9.608836058078386e-05,9.608836058078386e-05,1.0,ex,l2sq,5783.859721422195
2026-05-19T13:06:58.152359,240,256874,-355.30599999999896,-355.30599999999896,60,0.3081521739130435,5.36,0.32,16,19,-0.002126792133640254,0.9346353486180305,0.3774048201739788,0.00020900614754282287,0.001367187505820766,0.0,0.0,4,9.607394780713856e-05,9.607394780713856e-05,1.0,ex,l2sq,5806.6716911792755
2026-05-19T13:07:18.439423,241,257911,-393.9791249999977,-374.64256249999835,56,0.31005434782608693,5.365,0.22,19,19,-0.002239775733323679,1.0356040000915527,0.38508961349725723,0.0007059671370370779,0.0011718750174622983,0.0,0.0,4,9.605953695516437e-05,9.605953695516437e-05,1.0,ex,l2sq,5826.958688020706
2026-05-19T13:07:42.095344,242,258962,-427.76724999999846,-427.76724999999846,57,0.31032608695652175,5.395,0.26,15,19,-0.002471121684357036,1.0030954852700233,0.3837912119925022,0.0015556287983599995,0.002929687572759576,0.0,0.0,4,9.604512850491879e-05,9.604512850491879e-05,1.0,ex,l2sq,5850.614685535431
2026-05-19T13:08:02.876328,243,260021,-455.1278749999981,-441.4475624999983,42,0.3095108695652174,5.315,0.24,19,19,-0.0026377589194453432,0.9603390172123909,0.4088314212858677,0.0025143371797185232,0.0062500000349245965,0.0,0.0,4,9.602592043966908e-05,9.602592043966908e-05,1.0,ex,l2sq,5871.395610570908
2026-05-19T13:08:26.850457,244,261093,-446.6641249999988,-446.6641249999988,52,0.31005434782608693,5.37,0.24,17,19,-0.0022460051375673973,0.9710700809955597,0.41232623159885406,0.0013567037965913353,0.0015625000232830644,0.0,0.0,4,9.601151679167994e-05,9.601151679167994e-05,1.0,ex,l2sq,5895.369795084
2026-05-19T13:08:48.610850,245,262200,-373.89649999999887,-410.28031249999884,61,0.31168478260869564,5.49,0.21,19,19,-0.0022705447241605503,0.9640588462352753,0.38605381175875664,4.2653567749073584e-05,0.0011718750465661287,0.0,0.0,4,9.599711554421876e-05,9.599711554421876e-05,1.0,ex,l2sq,5917.1301527023315
2026-05-19T13:09:12.153707,246,263248,-388.17749999999876,-388.17749999999876,53,0.3108695652173913,5.345,0.18,18,19,-0.003045681910589404,0.9551631808280945,0.374923724681139,0.0025828237636005696,0.008789062849245965,0.0,0.0,4,9.597791708108107e-05,9.597791708108107e-05,1.0,ex,l2sq,5940.673025846481
2026-05-19T13:09:34.383931,247,264377,-389.98424999999855,-389.0808749999986,65,0.31521739130434784,5.66,0.21,19,19,-0.002650298911612392,0.934579998254776,0.3686351962387562,0.00028964487623853044,0.007812500116415322,0.0,0.0,4,9.595872245744404e-05,9.595872245744404e-05,1.0,ex,l2sq,5962.903201580048
2026-05-19T13:09:58.829221,248,265471,-372.9773749999984,-372.9773749999984,65,0.31929347826086957,5.595,0.25,18,19,-0.0023963756713782924,0.9647541046142578,0.38399548828601837,0.00182142255043799,0.0023437500931322575,0.0,0.0,4,9.594432888898422e-05,9.594432888898422e-05,1.0,ex,l2sq,5987.34853887558
2026-05-19T13:10:19.197893,249,266508,-401.5693749999986,-387.2733749999985,53,0.3157608695652174,5.68,0.22,19,19,-0.001881023726309633,0.9477217048406601,0.37080054357647896,7.676992618142753e-05,0.0003906250058207661,0.0,0.0,4,9.592993771937252e-05,9.592993771937252e-05,1.0,ex,l2sq,6007.717217206955
2026-05-19T13:10:44.141630,250,267566,-363.5711249999987,-363.5711249999987,63,0.31494565217391307,5.675,0.21,18,19,-0.0019076239437708642,0.9545883014798164,0.35688720270991325,0.0008145257133947148,0.0011718750174622983,0.0,0.0,4,9.591075269112803e-05,9.591075269112803e-05,1.0,ex,l2sq,6032.660936355591
2026-05-19T13:11:04.805850,251,268621,-454.12337499999836,-408.84724999999855,59,0.31521739130434784,5.61,0.17,19,19,-0.0023250579833984375,0.9531926512718201,0.3652247413992882,-0.000758694211253852,0.0007812500116415322,0.0,0.0,4,9.589636631801324e-05,9.589636631801324e-05,1.0,ex,l2sq,6053.325171709061
2026-05-19T13:11:28.061853,252,269659,-403.2787499999987,-403.2787499999987,60,0.31630434782608696,5.37,0.21,18,19,-0.0027264126372757436,0.9248180538415909,0.38578344509005547,0.00028200771380394035,0.003515625052386895,0.0,0.0,4,9.588198234254737e-05,9.588198234254737e-05,1.0,ex,l2sq,6076.581200361252
2026-05-19T13:11:50.148388,253,270782,-419.0629999999986,-411.17087499999866,67,0.31983695652173916,5.515,0.28,19,19,-0.003407765462179718,0.9606735706329346,0.3837665691971779,-0.0007611012988263388,0.0023437500785803422,0.0,0.0,4,9.586280690489869e-05,9.586280690489869e-05,1.0,ex,l2sq,6098.6676416397095
2026-05-19T13:12:13.149100,254,271803,-458.5221249999984,-458.5221249999984,49,0.31521739130434784,5.365,0.27,15,19,-0.0036332253715956053,0.9777537882328033,0.38998663425445557,0.0005364506765545007,0.0011718750465661287,0.0,0.0,4,9.584842772353195e-05,9.584842772353195e-05,1.0,ex,l2sq,6121.668447256088
2026-05-19T13:12:33.169153,255,272828,-398.79574999999824,-428.65893749999833,56,0.31494565217391307,5.415,0.28,19,19,-0.0026861491060117815,0.9972745031118393,0.3534821681678295,0.0029203881973672297,0.010351562523283064,0.0,0.0,4,9.583405093861557e-05,9.583405093861557e-05,1.0,ex,l2sq,6141.68847489357
2026-05-19T13:12:58.058542,256,273941,-457.7363749999978,-457.7363749999978,66,0.3184782608695652,5.375,0.26,14,19,-0.002789388611563526,0.9815491884946823,0.36952149868011475,0.0004408876422530728,0.007617187948198989,0.0,0.0,4,9.581488508676835e-05,9.581488508676835e-05,1.0,ex,l2sq,6166.577871084213
2026-05-19T13:13:17.104089,257,274919,-254.81074999999964,-356.2735624999987,70,0.3201086956521739,5.165,0.18,19,19,-0.004204534157179307,0.9707929491996765,0.33385787159204483,0.003220063279877672,0.013671875,0.0,0.0,4,9.580051309355453e-05,9.580051309355453e-05,1.0,ex,l2sq,6185.623413801193
2026-05-19T13:13:41.165303,258,275998,-425.9646249999992,-425.9646249999992,60,0.3201086956521739,5.165,0.22,16,19,-0.0022168991941725613,0.9664147570729256,0.3493167832493782,-0.0004735338026875813,0.002343750005820766,0.0,0.0,4,9.578614349559306e-05,9.578614349559306e-05,1.0,ex,l2sq,6209.684638500214
2026-05-19T13:14:01.254203,259,277028,-423.8462499999984,-424.9054374999988,54,0.3173913043478261,5.105,0.26,19,19,-0.0019198015390429202,0.9931411594152451,0.40783466398715973,0.000980959889193396,0.0015625000232830644,0.0,0.0,4,9.577177581354604e-05,9.577177581354604e-05,1.0,ex,l2sq,6229.77352142334
2026-05-19T13:14:23.823174,260,278032,-424.5449999999988,-424.5449999999988,46,0.3135869565217391,5.095,0.31,15,19,-0.003214995533926457,0.976831890642643,0.36522557213902473,0.0009257600995170034,0.005468750139698386,0.0,0.0,4,9.57574105260329e-05,9.57574105260329e-05,1.0,ex,l2sq,6252.34250164032
2026-05-19T13:14:44.986209,261,279110,-334.3781249999985,-379.46156249999865,66,0.31630434782608696,5.48,0.35,19,19,-0.002257022294725186,0.9513494595885277,0.37382111698389053,0.0009641364527624317,0.008984375279396772,0.0,0.0,4,9.57382600015018e-05,9.57382600015018e-05,1.0,ex,l2sq,6273.50550031662
2026-05-19T13:15:08.702585,262,280167,-430.2886249999986,-430.2886249999986,52,0.31494565217391307,5.535,0.3,15,19,-0.0035489887290167665,0.975514829158783,0.36041436344385147,0.0014440630746321848,0.003515625139698386,0.0,0.0,4,9.572389950185919e-05,9.572389950185919e-05,1.0,ex,l2sq,6297.2219207286835
2026-05-19T13:15:28.677407,263,281185,-437.01687499999883,-433.6527499999987,49,0.3168478260869565,5.635,0.25,19,19,-0.0032017037476180232,0.9342703968286514,0.3744504824280739,0.00016752027941044356,0.002343750064028427,0.0,0.0,4,9.570954139555342e-05,9.570954139555342e-05,1.0,ex,l2sq,6317.1966824531555
2026-05-19T13:15:53.631656,264,282299,-426.0201249999981,-426.0201249999981,59,0.31875,5.745,0.22,14,19,-0.0020062349700311066,0.934681810438633,0.36982934549450874,0.0021962614738641056,0.0011718750465661287,0.0,0.0,4,9.569040044436972e-05,9.569040044436972e-05,1.0,ex,l2sq,6342.150998592377
2026-05-19T13:16:14.843147,265,283371,-445.22112499999815,-435.6206249999981,50,0.3157608695652174,5.575,0.13,19,19,-0.004250544449314497,0.9928127974271774,0.3619100749492645,0.0014409969212465512,0.003906250145519152,0.0,0.0,4,9.567604712354104e-05,9.567604712354104e-05,1.0,ex,l2sq,6363.362435102463
2026-05-19T13:16:39.500782,266,284465,-414.1638749999982,-414.1638749999982,61,0.3179347826086957,5.63,0.15,15,19,-0.002272397694468964,0.9681735336780548,0.38942014425992966,0.00022980362681437883,0.0033203125494765118,0.0,0.0,4,9.566169619485275e-05,9.566169619485275e-05,1.0,ex,l2sq,6388.020123720169
2026-05-19T13:17:00.128778,267,285516,-388.77087499999857,-401.46737499999836,53,0.31467391304347825,5.65,0.17,19,19,-0.002595906022179406,0.9586308300495148,0.3962310142815113,0.0010044268025922176,0.0011718750320142135,0.0,0.0,4,9.564256481223073e-05,9.564256481223073e-05,1.0,ex,l2sq,6408.648035764694
2026-05-19T13:17:24.272932,268,286581,-378.3197499999986,-378.3197499999986,64,0.3144021739130435,5.49,0.2,17,19,-0.0024224818393121517,0.9796376377344131,0.3712611272931099,0.0007212417041045915,0.001953125,0.0,0.0,4,9.562821866662727e-05,9.562821866662727e-05,1.0,ex,l2sq,6432.7922105789185
2026-05-19T13:17:44.185774,269,287576,-382.09274999999843,-380.2062499999985,55,0.31494565217391307,5.235,0.2,19,19,-0.003661407978506781,0.9632181078195572,0.39599911123514175,0.002996836911370329,0.011132812782307155,0.0,0.0,4,9.561387491196838e-05,9.561387491196838e-05,1.0,ex,l2sq,6452.705007314682
2026-05-19T13:18:07.646650,270,288622,-447.68812499999785,-447.68812499999785,49,0.3111413043478261,5.155,0.19,17,19,-0.003545913135167389,0.9927148967981339,0.4091423451900482,0.0037900850167716382,0.010156249860301614,0.0,0.0,4,9.559953306977822e-05,9.559953306977822e-05,1.0,ex,l2sq,6476.165962934494
2026-05-19T13:18:28.206985,271,289668,-431.5747499999987,-439.63143749999824,60,0.3114130434782609,5.09,0.18,19,19,-0.003100784121488731,0.9649103805422783,0.3967414163053036,0.0010500318455342467,0.014453125186264515,0.0,0.0,4,9.558519361781541e-05,9.558519361781541e-05,1.0,ex,l2sq,6496.726268768311
2026-05-19T13:18:51.599631,272,290707,-459.2693749999982,-459.2693749999982,42,0.3065217391304348,4.97,0.15,16,19,-0.0026531167372013664,0.973498597741127,0.4103945940732956,0.0017883949038605268,0.00625000023865141,0.0,0.0,4,9.55660775349438e-05,9.55660775349438e-05,1.0,ex,l2sq,6520.118906497955
2026-05-19T13:19:11.181713,273,291706,-423.587124999999,-441.42824999999857,52,0.30244565217391306,4.935,0.14,19,19,-0.001983141986420467,0.9273013472557068,0.40885545313358307,0.0007405231357552056,0.0027343750989530236,0.0,0.0,4,9.555174286224068e-05,9.555174286224068e-05,1.0,ex,l2sq,6539.701006650925
2026-05-19T13:19:34.412771,274,292733,-475.00312499999825,-475.00312499999825,47,0.30190217391304347,4.88,0.19,14,19,-0.004572567762807012,0.9664848148822784,0.412309255450964,0.001677858412995184,0.010546875128056854,0.0,0.0,4,9.553741057857006e-05,9.553741057857006e-05,1.0,ex,l2sq,6562.9321138858795
2026-05-19T13:19:55.471593,275,293804,-419.6938749999984,-447.34849999999835,57,0.30217391304347824,4.905,0.22,19,19,-0.002752406525541984,0.9536429196596146,0.39846570789813995,0.001971730963850865,0.014062500049476512,0.0,0.0,4,9.551830405182845e-05,9.551830405182845e-05,1.0,ex,l2sq,6583.990878343582
2026-05-19T13:20:19.044108,276,294847,-414.0311249999989,-414.0311249999989,51,0.2980978260869565,5.07,0.22,13,19,-0.0026687473466153744,1.005733162164688,0.41857460886240005,0.0013778936721791646,0.001953125,0.0,0.0,4,9.550397654502838e-05,9.550397654502838e-05,1.0,ex,l2sq,6607.563445568085
2026-05-19T13:20:38.811767,277,295847,-331.113374999999,-372.5722499999989,63,0.296195652173913,5.07,0.21,19,19,-0.0025041915781912616,0.9917550086975098,0.3986748084425926,-0.00025191988422647305,0.004492187625146471,0.0,0.0,4,9.548965142606651e-05,9.548965142606651e-05,1.0,ex,l2sq,6627.3310804367065
2026-05-19T13:21:03.627492,278,296951,-406.64687499999815,-406.64687499999815,54,0.29456521739130437,5.4,0.23,13,19,-0.0010203987756540744,0.9400164037942886,0.375430591404438,-0.000560776631300608,0.0023437500931322575,0.0,0.0,4,9.547532821708867e-05,9.547532821708867e-05,1.0,ex,l2sq,6652.146829843521
2026-05-19T13:21:23.683638,279,297970,-420.1288749999986,-413.38787499999836,49,0.2932065217391304,5.26,0.15,19,19,-0.002660244455910288,0.9794928729534149,0.3867395743727684,-0.00012299689633436806,0.0005859375087311491,0.0,0.0,4,9.546100739523274e-05,9.546100739523274e-05,1.0,ex,l2sq,6672.2028975486755
2026-05-19T13:21:46.769893,280,298986,-347.86362499999825,-347.86362499999825,69,0.29945652173913045,5.355,0.19,13,19,-0.002973953654873185,0.9702800959348679,0.3884851895272732,0.0015338393991101151,0.0058593750291038305,0.0,0.0,4,9.544191614836377e-05,9.544191614836377e-05,1.0,ex,l2sq,6695.289240837097
2026-05-19T13:22:06.562797,281,299997,-384.946499999999,-366.4050624999986,56,0.2967391304347826,5.24,0.21,19,19,-0.0033897222368978186,0.9898004084825516,0.4080861583352089,0.0010551679060881725,0.005859374912688509,0.0,0.0,4,9.542760009955823e-05,9.542760009955823e-05,1.0,ex,l2sq,6715.082066059113
2026-05-19T13:22:30.590846,282,301067,-442.06699999999825,-442.06699999999825,49,0.29592391304347826,5.17,0.19,17,19,-0.00364999215235004,0.9866313636302948,0.38671763986349106,0.002607521875552299,0.015625000538420863,0.0,0.0,4,9.541328643668129e-05,9.541328643668129e-05,1.0,ex,l2sq,6739.110192775726
2026-05-19T13:22:51.070514,283,302110,-386.09424999999845,-414.08062499999835,54,0.29728260869565215,5.19,0.22,19,19,-0.0032876175449927936,0.9733342379331589,0.3660847060382366,0.0026848079636693223,0.014062500005820766,0.0,0.0,4,9.539420473352682e-05,9.539420473352682e-05,1.0,ex,l2sq,6759.589793682098
2026-05-19T13:23:22.254285,284,303172,-380.77812499999817,-380.77812499999817,64,0.2986413043478261,5.33,0.24,20,20,-0.002841596270445723,0.9429513514041901,0.40595104545354843,-0.000602678055213357,0.0003906250058207661,0.0,0.0,4,9.537989584131424e-05,9.537989584131424e-05,1.0,ex,l2sq,6790.773598432541
2026-05-19T13:23:44.669694,285,304310,-491.6741249999981,-436.22612499999815,53,0.29945652173913045,5.495,0.25,20,20,-0.0038635857868938306,0.9419293254613876,0.37400952354073524,0.0025940665511143407,0.006835937732830644,0.0,0.0,4,9.536558933383751e-05,9.536558933383751e-05,1.0,ex,l2sq,6813.188951253891
2026-05-19T13:24:08.588957,286,305369,-440.9347499999982,-440.9347499999982,52,0.2970108695652174,5.425,0.23,15,20,-0.0034475658962036526,1.011100448668003,0.3907257467508316,0.0025488682343166036,0.02070312488649506,0.0,0.0,4,9.534651716962664e-05,9.534651716962664e-05,1.0,ex,l2sq,6837.108303785324
2026-05-19T13:24:29.267805,287,306424,-369.9721249999988,-405.4534374999985,58,0.29836956521739133,5.545,0.26,20,20,-0.001838392067293193,0.9870099425315857,0.39235720038414,0.000883300776536089,0.0,0.0,0.0,4,9.533221543042941e-05,9.533221543042941e-05,1.0,ex,l2sq,6857.787145137787
2026-05-19T13:24:52.557008,288,307457,-360.2933749999988,-360.2933749999988,62,0.29782608695652174,5.295,0.21,16,20,-0.0024938967369962928,0.9635006189346313,0.38067709654569626,0.0018957971967893394,0.003515625139698386,0.0,0.0,4,9.531791607477591e-05,9.531791607477591e-05,1.0,ex,l2sq,6881.076337099075
2026-05-19T13:25:14.742527,289,308584,-388.2101249999979,-374.2517499999983,61,0.29945652173913045,5.535,0.19,20,20,-0.003236239883699449,0.9591941088438034,0.3880431354045868,0.0004903344673493903,0.0017578125261934474,0.0,0.0,4,9.529885344474013e-05,9.529885344474013e-05,1.0,ex,l2sq,6903.26179766655
2026-05-19T13:25:38.140532,290,309634,-412.5561249999989,-412.5561249999989,55,0.3010869565217391,5.455,0.18,18,20,-0.0024494261422660646,0.9625082463026047,0.37731462717056274,0.000366493605997692,0.007031249930150807,0.0,0.0,4,9.528455885498246e-05,9.528455885498246e-05,1.0,ex,l2sq,6926.659878730774
2026-05-19T13:25:57.473644,291,310613,-371.5771249999989,-392.0666249999989,52,0.29891304347826086,5.385,0.11,20,20,-0.0025690014270366435,0.9676186665892601,0.3703335151076317,0.0012981103997390386,0.00019531250291038305,0.0,0.0,4,9.527026664757701e-05,9.527026664757701e-05,1.0,ex,l2sq,6945.9929022789
2026-05-19T13:26:20.516649,292,311631,-429.47137499999855,-429.47137499999855,49,0.30081521739130435,5.21,0.12,17,20,-0.0027464479382617313,0.9677848219871521,0.3651280775666237,0.001075375530581374,0.0027343749534338713,0.0,0.0,4,9.525597634576744e-05,9.525597634576744e-05,1.0,ex,l2sq,6969.035983085632
2026-05-19T13:26:42.999466,293,312766,-497.27149999999824,-463.37143749999836,51,0.3005434782608696,5.11,0.16,20,20,-0.0034077433214406982,0.9843987375497818,0.37753505259752274,0.002018467297420945,0.004296875005820766,0.0,0.0,4,9.524168842559545e-05,9.524168842559545e-05,1.0,ex,l2sq,6991.51876950264
2026-05-19T13:27:07.761221,294,313859,-419.6836249999986,-419.6836249999986,52,0.30190217391304347,5.29,0.18,15,20,-0.0026385408229543383,0.9276924654841423,0.3743838854134083,0.00238671314946258,0.010156250325962901,0.0,0.0,4,9.522264104032722e-05,9.522264104032722e-05,1.0,ex,l2sq,7016.280529022217
2026-05-19T13:27:28.577904,295,314912,-410.1599999999981,-414.92181249999834,50,0.3,5.43,0.22,20,20,-0.0033504963124869613,0.9737014025449753,0.39565423130989075,0.00025794612020035856,0.0031250001047737896,0.0,0.0,4,9.520359746434555e-05,9.520359746434555e-05,1.0,ex,l2sq,7037.09722328186
2026-05-19T13:27:52.159626,296,315946,-355.16987499999834,-355.16987499999834,50,0.2997282608695652,5.665,0.27,13,20,-0.003908021975075782,0.9988470375537872,0.3934631049633026,0.0002636563466694164,0.009765625232830644,0.0,0.0,4,9.51893171627468e-05,9.51893171627468e-05,1.0,ex,l2sq,7060.678961277008
2026-05-19T13:28:13.576183,297,317027,-394.4899999999984,-374.8299374999984,55,0.297554347826087,5.695,0.22,20,20,-0.0035684766597113837,0.9621925428509712,0.3805454708635807,0.0027452267806438724,0.024023437639698386,0.0,0.0,4,9.517503924111898e-05,9.517503924111898e-05,1.0,ex,l2sq,7082.095466375351
2026-05-19T13:28:37.227574,298,318078,-309.61124999999913,-309.61124999999913,70,0.30190217391304347,5.625,0.26,17,20,-0.004561742430087168,0.979141429066658,0.3607664704322815,-0.0008014552378881323,0.018359374720603228,0.0,0.0,4,9.51607632231823e-05,9.51607632231823e-05,1.0,ex,l2sq,7105.746924638748
2026-05-19T13:28:56.755238,299,319067,-276.79524999999956,-293.20324999999934,72,0.3081521739130435,5.44,0.31,20,20,-0.0029456571355694905,0.9431896582245827,0.3608020022511482,0.0012950053247322846,0.0058593750291038305,0.0,0.0,4,9.514648958450263e-05,9.514648958450263e-05,1.0,ex,l2sq,7125.274493217468
2026-05-19T13:29:20.733893,300,320075,-380.47287499999857,-380.47287499999857,60,0.30570652173913043,5.24,0.32,19,20,-0.0031985979963792266,0.9987589716911316,0.39485057815909386,0.0024268778763598675,0.008593750244472176,0.0,0.0,4,9.512746123805063e-05,9.512746123805063e-05,1.0,ex,l2sq,7149.253222227097
2026-05-19T13:29:41.907344,301,321156,-406.69574999999804,-393.5843124999983,59,0.3065217391304348,5.26,0.28,20,20,-0.002868684468558036,0.8960744291543961,0.36024031043052673,0.0005871187882803275,0.0050781251629814506,0.0,0.0,4,9.511319235669548e-05,9.511319235669548e-05,1.0,ex,l2sq,7170.426607370377
2026-05-19T13:30:04.859433,302,322181,-431.7492499999986,-431.7492499999986,53,0.3076086956521739,5.315,0.3,18,20,-0.004076372063718692,0.9713682234287262,0.3581140674650669,0.001438989599478191,0.016796875395812094,0.0,0.0,4,9.509892585340794e-05,9.509892585340794e-05,1.0,ex,l2sq,7193.378747463226
2026-05-19T13:30:25.548575,303,323237,-427.3107499999984,-429.5299999999985,47,0.30570652173913043,5.41,0.25,20,20,-0.002072660678095417,0.9550272673368454,0.3565291278064251,0.001206014916760978,0.0027343750261934474,0.0,0.0,4,9.507990701922652e-05,9.507990701922652e-05,1.0,ex,l2sq,7214.067898035049
2026-05-19T13:30:47.820038,304,324210,-324.7142499999987,-324.7142499999987,58,0.3040760869565217,5.22,0.23,17,20,-0.0021616816695315677,0.9522455781698227,0.3596619740128517,0.0019283592051579923,0.001953125,0.0,0.0,4,9.50656452708853e-05,9.50656452708853e-05,1.0,ex,l2sq,7236.339379787445
2026-05-19T13:31:08.791764,305,325228,-373.94474999999886,-349.3294999999988,56,0.3048913043478261,5.1,0.25,20,20,-0.0029219968855613843,0.9424974620342255,0.36701518297195435,0.0009741697333083485,0.006640625186264515,0.0,0.0,4,9.505138589942289e-05,9.505138589942289e-05,1.0,ex,l2sq,7257.31102514267
2026-05-19T13:31:34.063268,306,326310,-436.1032499999987,-436.1032499999987,51,0.3046195652173913,5.19,0.22,18,20,-0.0021413467504318717,0.9605868756771088,0.35170314460992813,1.0565607863111115e-05,0.0011718750465661287,0.0,0.0,4,9.503712842917832e-05,9.503712842917832e-05,1.0,ex,l2sq,7282.582612276077
2026-05-19T13:31:56.556350,307,327401,-390.73287499999816,-413.4180624999984,59,0.3048913043478261,5.33,0.19,20,20,-0.0028851624738308046,0.9783335700631142,0.3664337247610092,-0.00033248645599996685,0.003515625052386895,0.0,0.0,4,9.502287333509959e-05,9.502287333509959e-05,1.0,ex,l2sq,7305.075611829758
2026-05-19T13:32:20.519287,308,328422,-330.0227499999989,-330.0227499999989,66,0.3059782608695652,5.405,0.14,18,20,-0.00176046235437749,0.952931359410286,0.37629929184913635,-7.735771941951713e-05,0.0005859375232830644,0.0,0.0,4,9.50038697106613e-05,9.50038697106613e-05,1.0,ex,l2sq,7329.038628816605
2026-05-19T13:32:41.537977,309,329456,-394.22374999999846,-362.1232499999987,49,0.3027173913043478,5.41,0.13,20,20,-0.0038688125263434126,0.9481915086507797,0.3586857542395592,0.003023310149683378,0.004687500186264515,0.0,0.0,4,9.498961936772625e-05,9.498961936772625e-05,1.0,ex,l2sq,7350.057296991348
2026-05-19T13:33:05.627168,310,330527,-455.388124999998,-455.388124999998,49,0.3010869565217391,5.43,0.12,18,20,-0.003244924228056556,0.9527870789170265,0.36151912063360214,0.0015257959750897667,0.0166015625,0.0,0.0,4,9.497537139976919e-05,9.497537139976919e-05,1.0,ex,l2sq,7374.146502256393
2026-05-19T13:33:26.810898,311,331598,-475.71887499999855,-465.5534999999983,51,0.30081521739130435,5.52,0.11,20,20,-0.003432372331735656,0.9643377065658569,0.3488227650523186,0.0001861572592816163,0.001171875002910383,0.0,0.0,4,9.495637727524296e-05,9.495637727524296e-05,1.0,ex,l2sq,7395.330216407776
2026-05-19T13:33:50.577759,312,332654,-378.5739999999987,-378.5739999999987,55,0.30244565217391306,5.67,0.24,18,20,-0.0031071604054884183,0.9207260012626648,0.33712222427129745,0.0012983582906599608,0.006640625302679837,0.0,0.0,4,9.494213405605448e-05,9.494213405605448e-05,1.0,ex,l2sq,7419.097074985504
2026-05-19T13:34:11.178632,313,333695,-411.6703749999983,-395.1221874999985,49,0.30190217391304347,5.605,0.28,20,20,-0.002439286635490201,0.9542438387870789,0.3527814671397209,0.0005921102371757858,0.002148437502910383,0.0,0.0,4,9.492789321065675e-05,9.492789321065675e-05,1.0,ex,l2sq,7439.697941541672
2026-05-19T13:34:42.077878,314,334733,-400.40137499999844,-400.40137499999844,55,0.3027173913043478,5.54,0.33,20,20,-0.0020967972151993974,0.9498199447989464,0.34376129508018494,0.0002602202366688289,0.0029296875,0.0,0.0,4,9.490890858129356e-05,9.490890858129356e-05,1.0,ex,l2sq,7470.597198963165
2026-05-19T13:35:03.888900,315,335835,-454.0414999999984,-427.2214374999984,53,0.3035326086956522,5.585,0.39,20,20,-0.0028514087840449953,0.9859052300453186,0.3566201850771904,0.0022722898172105044,0.007421875197906047,0.0,0.0,4,9.489467248229049e-05,9.489467248229049e-05,1.0,ex,l2sq,7492.40819144249
2026-05-19T13:35:35.016642,316,336894,-358.43837499999853,-358.43837499999853,67,0.3081521739130435,5.355,0.27,20,20,-0.0028297953424044064,0.9255145862698555,0.3391667455434799,0.0016750819106846615,0.008984375046566129,0.0,0.0,4,9.488043875589151e-05,9.488043875589151e-05,1.0,ex,l2sq,7523.535948038101
2026-05-19T13:35:56.661418,317,337970,-461.2467499999983,-409.8425624999984,50,0.30679347826086956,5.45,0.28,20,20,-0.002451667240529809,0.9502539336681366,0.3478415869176388,0.0011679518288019441,0.003125000119325705,0.0,0.0,4,9.486146361694472e-05,9.486146361694472e-05,1.0,ex,l2sq,7545.180733919144
2026-05-19T13:36:20.655608,318,339035,-354.00849999999866,-354.00849999999866,60,0.3040760869565217,5.415,0.18,19,20,-0.003018640773370773,0.924974724650383,0.33112243562936783,0.001559499936229225,0.010937500279396772,0.0,0.0,4,9.48472346345677e-05,9.48472346345677e-05,1.0,ex,l2sq,7569.17492389679
2026-05-19T13:36:42.244641,319,340125,-411.2441249999986,-382.6263124999986,47,0.29728260869565215,5.365,0.15,20,20,-0.002821273395966273,1.0077612400054932,0.34990567713975906,0.0009261833977234346,0.011328125212457962,0.0,0.0,4,9.483300802360869e-05,9.483300802360869e-05,1.0,ex,l2sq,7590.7639067173
2026-05-19T13:37:05.090578,320,341134,-367.63762499999876,-367.63762499999876,65,0.2986413043478261,5.36,0.19,19,20,-0.003269799126428552,0.9758446514606476,0.34462643787264824,0.002277197070748121,0.005859375,0.0,0.0,4,9.481404237033404e-05,9.481404237033404e-05,1.0,ex,l2sq,7613.609922885895
2026-05-19T13:37:26.115585,321,342200,-460.8759999999981,-414.25681249999843,47,0.29538043478260867,5.395,0.28,20,20,-0.0031325124378782654,0.9379154443740845,0.3630475401878357,-0.0011709844739471453,0.008984374930150807,0.0,0.0,4,9.479982050102545e-05,9.479982050102545e-05,1.0,ex,l2sq,7634.6348605155945
2026-05-19T13:37:49.102416,322,343220,-388.027374999999,-388.027374999999,62,0.29782608695652174,5.375,0.33,19,20,-0.0019061713224801102,0.961664117872715,0.34515173360705376,-0.00047547598155690124,0.001953125072759576,0.0,0.0,4,9.478560100194941e-05,9.478560100194941e-05,1.0,ex,l2sq,7657.621736526489
2026-05-19T13:38:10.086124,323,344283,-389.97612499999883,-389.0017499999989,62,0.30190217391304347,5.325,0.29,20,20,-0.0021876879676709926,0.9259237200021744,0.3520181328058243,0.0006802611054808894,0.005859375232830644,0.0,0.0,4,9.477138339877497e-05,9.477138339877497e-05,1.0,ex,l2sq,7678.6054475307465
2026-05-19T13:38:33.745520,324,345335,-412.4446249999983,-412.4446249999983,50,0.2997282608695652,5.395,0.25,19,20,-0.0038288265670417543,0.9804804250597954,0.3494314178824425,0.0022193385102127344,0.010156249918509275,0.0,0.0,4,9.475716816512207e-05,9.475716816512207e-05,1.0,ex,l2sq,7702.264851093292
2026-05-19T13:38:54.438507,325,346381,-374.40512499999943,-393.4248749999989,59,0.3005434782608696,5.44,0.2,20,20,-0.002203447748615861,0.9563128277659416,0.3556927554309368,0.000821344988207795,0.006054687692085281,0.0,0.0,4,9.473821767906073e-05,9.473821767906073e-05,1.0,ex,l2sq,7722.957818746567
2026-05-19T13:39:18.448432,326,347450,-404.11812499999843,-404.11812499999843,48,0.2997282608695652,5.455,0.17,18,20,-0.0025149792840238883,0.955473005771637,0.3576959818601608,0.0008404631764278858,0.003515625052386895,0.0,0.0,4,9.472400718326627e-05,9.472400718326627e-05,1.0,ex,l2sq,7746.9677357673645
2026-05-19T13:39:39.463952,327,348513,-350.9079999999984,-377.51306249999845,57,0.29918478260869563,5.57,0.24,20,20,-0.0029818747512763144,0.939993180334568,0.3624356724321842,0.001896982684866072,0.007812500174622983,0.0,0.0,4,9.470979905580882e-05,9.470979905580882e-05,1.0,ex,l2sq,7767.983260154724
2026-05-19T13:40:03.662097,328,349585,-432.0842499999982,-432.0842499999982,54,0.29592391304347826,5.53,0.22,18,20,-0.0027376804791856557,0.9796411916613579,0.37192075699567795,-0.0003641266725708525,0.0033203125931322575,0.0,0.0,4,9.469085804309564e-05,9.469085804309564e-05,1.0,ex,l2sq,7792.181442975998
2026-05-19T13:40:24.302452,329,350630,-447.5509999999986,-439.81762499999843,47,0.29538043478260867,5.495,0.27,20,20,-0.0027836263179779053,0.9409849643707275,0.358210526406765,0.001413217446042836,0.0027343749534338713,0.0,0.0,4,9.467665465112816e-05,9.467665465112816e-05,1.0,ex,l2sq,7812.821727514267
2026-05-19T13:41:01.069545,330,351666,-350.6152499999988,-350.6152499999988,60,0.29836956521739133,5.38,0.27,20,20,-0.002798173646442581,1.0063939541578293,0.35152531042695045,0.001150484863342155,0.0035156250960426405,0.0,0.0,4,9.466245362631375e-05,9.466245362631375e-05,1.0,ex,l2sq,7849.588852882385
2026-05-19T13:41:21.328798,331,352691,-337.5032499999989,-344.0592499999989,51,0.29836956521739133,5.165,0.25,20,20,-0.0023132697257096657,1.0095470547676086,0.3417128063738346,0.002037106703892233,0.005664062569849193,0.0,0.0,4,9.464352208221304e-05,9.464352208221304e-05,1.0,ex,l2sq,7869.848117351532
2026-05-19T13:41:52.134247,332,353736,-357.4019999999991,-357.4019999999991,63,0.3005434782608696,5.175,0.25,20,20,-0.002375835212296451,0.9185042977333069,0.3614156097173691,0.00088953059139385,0.0027343749534338713,0.0,0.0,4,9.462932579052134e-05,9.462932579052134e-05,1.0,ex,l2sq,7900.653544425964
2026-05-19T13:42:13.146349,333,354796,-412.3951249999987,-384.8985624999989,51,0.3010869565217391,5.175,0.17,20,20,-0.002881699085992298,0.9543514922261238,0.36192381009459496,0.00024320018424077786,0.005664062569849193,0.0,0.0,4,9.46151318647994e-05,9.46151318647994e-05,1.0,ex,l2sq,7921.665640830994
2026-05-19T13:42:36.882884,334,355836,-415.693499999998,-415.693499999998,52,0.30027173913043476,5.22,0.15,16,20,-0.0028294813237152994,0.9768052399158478,0.36974671483039856,0.0021281362054651255,0.01718750037252903,0.0,0.0,4,9.460093983156934e-05,9.460093983156934e-05,1.0,ex,l2sq,7945.402218818665
2026-05-19T13:42:55.748257,335,356800,-373.60937499999864,-394.65143749999834,49,0.29918478260869563,4.97,0.12,20,20,-0.0027891129720958308,0.9920337274670601,0.3585200496017933,1.4328866768692494e-05,0.0056640626717126,0.0,0.0,4,9.458675016359931e-05,9.458675016359931e-05,1.0,ex,l2sq,7964.267541408539
2026-05-19T13:43:19.537064,336,357856,-362.65812499999885,-362.65812499999885,59,0.2970108695652174,5.005,0.2,15,20,-0.0031478353250348756,0.94160046428442,0.35374924167990685,0.0013696591185179963,0.008789062616415322,0.0,0.0,4,9.45678337594341e-05,9.45678337594341e-05,1.0,ex,l2sq,7988.056411266327
2026-05-19T13:43:41.005725,337,358954,-424.2278749999983,-393.44299999999856,51,0.29728260869565215,5.28,0.23,20,20,-0.0045605169725604355,0.9206031858921051,0.3753436207771301,0.0017754081723978798,0.013281250139698386,0.0,0.0,4,9.455364882080158e-05,9.455364882080158e-05,1.0,ex,l2sq,8009.525025367737
2026-05-19T13:44:05.610063,338,360059,-445.40549999999814,-445.40549999999814,53,0.29538043478260867,5.36,0.21,19,20,-0.002817176314420161,0.942801758646965,0.37242164835333824,0.0013962708063445682,0.010546875011641532,0.0,0.0,4,9.45394662462467e-05,9.45394662462467e-05,1.0,ex,l2sq,8034.129402637482
2026-05-19T13:44:25.587741,339,361082,-390.48524999999887,-417.94537499999853,52,0.2967391304347826,5.45,0.2,20,20,-0.0021350995535613926,0.9787866696715355,0.3717472739517689,0.0011556481834304466,0.0025390625232830644,0.0,0.0,4,9.452055929839211e-05,9.452055929839211e-05,1.0,ex,l2sq,8054.107007741928
2026-05-19T13:44:49.924662,340,362179,-460.89924999999744,-460.89924999999744,49,0.29239130434782606,5.46,0.13,18,20,-0.002476026077056326,0.9533784091472626,0.3765218108892441,1.9570878703190075e-05,0.0007812500116415322,0.0,0.0,4,9.450638145081059e-05,9.450638145081059e-05,1.0,ex,l2sq,8078.444012641907
2026-05-19T13:45:11.138800,341,363261,-475.0332499999979,-467.9662499999977,53,0.2940217391304348,5.325,0.12,20,20,-0.0028139438712968534,0.9834290444850922,0.3490716628730297,0.0009982583728287975,0.002343750005820766,0.0,0.0,4,9.449220596612488e-05,9.449220596612488e-05,1.0,ex,l2sq,8099.658121585846
2026-05-19T13:45:35.359069,342,364346,-475.2612499999982,-475.2612499999982,44,0.2891304347826087,5.36,0.24,17,20,-0.0020270448061637802,0.9722488150000572,0.36223747208714485,0.0013544079240091211,0.004296875107684173,0.0,0.0,4,9.44733084698537e-05,9.44733084698537e-05,1.0,ex,l2sq,8123.878400087357
2026-05-19T13:45:57.298772,343,365464,-413.14187499999855,-444.2015624999984,62,0.2891304347826087,5.455,0.27,20,20,-0.0028716863089357503,0.9653600081801414,0.35893820598721504,-0.000269631688638583,0.0025390625232830644,0.0,0.0,4,9.445441475289282e-05,9.445441475289282e-05,1.0,ex,l2sq,8145.818063735962
2026-05-19T13:46:21.823802,344,366560,-434.79937499999846,-434.79937499999846,45,0.2877717391304348,5.435,0.31,14,20,-0.003124235657742336,0.9615347683429718,0.35414836555719376,0.0006568811786564765,0.0015625000523868948,0.0,0.0,4,9.444024682682773e-05,9.444024682682773e-05,1.0,ex,l2sq,8170.343150377274
2026-05-19T13:46:42.704737,345,367625,-320.7448749999991,-377.7721249999988,71,0.2910326086956522,5.59,0.34,20,20,-0.003312693143379869,0.9427338242530823,0.3548838086426258,0.0012232403770212827,0.008007812808500603,0.0,0.0,4,9.442608126200494e-05,9.442608126200494e-05,1.0,ex,l2sq,8191.224001169205
2026-05-19T13:47:05.617589,346,368646,-370.6493749999982,-370.6493749999982,54,0.2926630434782609,5.58,0.38,17,20,-0.002249142236541879,0.977347195148468,0.3620934337377548,0.0001445618560865225,0.0009765625291038305,0.0,0.0,4,9.440719699001336e-05,9.440719699001336e-05,1.0,ex,l2sq,8214.136940717697
2026-05-19T13:47:26.274047,347,369702,-366.6864999999985,-368.66793749999835,64,0.29456521739130437,5.505,0.29,20,20,-0.0018743224092758748,0.9430474191904068,0.341722309589386,0.0011438421061029658,0.0015625000232830644,0.0,0.0,4,9.439303614649465e-05,9.439303614649465e-05,1.0,ex,l2sq,8234.793346881866
2026-05-19T13:47:50.048784,348,370754,-382.0739999999983,-382.0739999999983,49,0.2932065217391304,5.57,0.25,12,20,-0.003397537118871752,0.9377879872918129,0.346355427056551,0.0008366569495592557,0.018164063338190317,0.0,0.0,4,9.437887766303786e-05,9.437887766303786e-05,1.0,ex,l2sq,8258.568116903305
2026-05-19T13:48:10.102633,349,371779,-347.9968749999985,-365.0354374999984,58,0.296195652173913,5.565,0.16,20,20,-0.0018364638741332762,0.9605894833803177,0.36705488711595535,0.000448397914442511,0.0011718750465661287,0.0,0.0,4,9.43647210673474e-05,9.43647210673474e-05,1.0,ex,l2sq,8278.62195968628
2026-05-19T13:48:35.169398,350,372839,-393.45624999999785,-393.45624999999785,53,0.29429347826086955,5.73,0.19,14,20,-0.002253036777255968,0.9277742430567741,0.33874601125717163,0.0003599619447868241,0.0060546876629814506,0.0,0.0,4,9.435056683101091e-05,9.435056683101091e-05,1.0,ex,l2sq,8303.68870806694
2026-05-19T13:48:56.056505,351,373904,-409.7017499999985,-401.5789999999982,53,0.29483695652173914,5.635,0.21,20,20,-0.0029163252649595517,0.9789224341511726,0.34918737038969994,0.0009014249672418262,0.006250000325962901,0.0,0.0,4,9.433169766115038e-05,9.433169766115038e-05,1.0,ex,l2sq,8324.57580780983
2026-05-19T13:49:20.082631,352,374982,-414.9079999999978,-414.9079999999978,55,0.2926630434782609,5.625,0.21,17,20,-0.0012791276341885816,0.9646894186735153,0.3365236073732376,0.00041291919342256733,0.0,0.0,0.0,4,9.431754814234224e-05,9.431754814234224e-05,1.0,ex,l2sq,8348.601953268051
2026-05-19T13:49:41.535954,353,376068,-387.91649999999856,-401.41224999999815,61,0.29538043478260867,5.74,0.22,20,20,-0.0024189028707040094,0.9256511107087135,0.33539655804634094,0.00021718660082115093,0.0031250000465661287,0.0,0.0,4,9.430340098170862e-05,9.430340098170862e-05,1.0,ex,l2sq,8370.055269241333
2026-05-19T13:50:05.397264,354,377136,-426.2997499999983,-426.2997499999983,52,0.29538043478260867,5.59,0.17,17,20,-0.0030225025024264718,0.9450320228934288,0.3577777035534382,0.000528324666629487,0.0013671875494765118,0.0,0.0,4,9.428454124454629e-05,9.428454124454629e-05,1.0,ex,l2sq,8393.91658616066
2026-05-19T13:50:25.563974,355,378164,-377.51587499999823,-401.9078124999983,52,0.296195652173913,5.635,0.16,20,20,-0.0018899441609390166,0.8851751387119293,0.3428719490766525,-0.0011585679510063285,0.007031250279396772,0.0,0.0,4,9.427039879908275e-05,9.427039879908275e-05,1.0,ex,l2sq,8414.083288431168
2026-05-19T13:50:48.238295,356,379171,-367.6537499999995,-367.6537499999995,55,0.2951086956521739,5.555,0.17,17,20,-0.002601689854054734,0.9762577041983604,0.340246956795454,0.0011177882630591385,0.002148437488358468,0.0,0.0,4,9.425625871061489e-05,9.425625871061489e-05,1.0,ex,l2sq,8436.757627725601
2026-05-19T13:51:09.386332,357,380248,-356.63537499999916,-362.1445624999993,61,0.29782608695652174,5.535,0.21,20,20,-0.002774403843795875,0.9322120994329453,0.35068919137120247,0.0013691888882930991,0.004296875005820766,0.0,0.0,4,9.423740840143535e-05,9.423740840143535e-05,1.0,ex,l2sq,8457.905648946762
2026-05-19T13:51:39.773729,358,381271,-376.80999999999875,-376.80999999999875,56,0.2986413043478261,5.47,0.22,20,20,-0.002235899909282857,1.023536056280136,0.370200477540493,0.0009146181891992455,0.0003906250058207661,0.0,0.0,4,9.422327302578043e-05,9.422327302578043e-05,1.0,ex,l2sq,8488.292845010757
2026-05-19T13:52:01.087472,359,382355,-350.79987499999834,-363.8049374999986,63,0.3016304347826087,5.635,0.18,20,20,-0.0037009616498835385,0.9247541576623917,0.34076325967907906,-0.000767712651258981,0.012500000186264515,0.0,0.0,4,9.420914000594295e-05,9.420914000594295e-05,1.0,ex,l2sq,8509.606760263443
2026-05-19T13:52:23.766173,360,383362,-338.81862499999863,-338.81862499999863,58,0.3040760869565217,5.4,0.14,17,20,-0.0027011856698664904,0.9505951032042503,0.37874021753668785,0.00040056876866850083,0.0025390625814907253,0.0,0.0,4,9.419029912003315e-05,9.419029912003315e-05,1.0,ex,l2sq,8532.285475730896
2026-05-19T13:52:44.174792,361,384405,-375.0138749999989,-356.91624999999874,55,0.3046195652173913,5.295,0.15,20,20,-0.002826558053493522,0.9016518890857697,0.334412656724453,0.0007549725214630598,0.0003906250058207661,0.0,0.0,4,9.417617081065266e-05,9.417617081065266e-05,1.0,ex,l2sq,8552.694114685059
2026-05-19T13:53:07.788142,362,385459,-260.72574999999915,-260.72574999999915,61,0.3092391304347826,5.405,0.17,18,20,-0.0027074516197900245,0.9373658373951912,0.337481964379549,-0.0002572401109318667,0.0029296875291038305,0.0,0.0,4,9.416204485591192e-05,9.416204485591192e-05,1.0,ex,l2sq,8576.307476997375
2026-05-19T13:53:29.043265,363,386544,-377.75687499999844,-319.2413124999988,60,0.30869565217391304,5.495,0.28,20,20,-0.0019834459308185615,1.0620532035827637,0.3356393948197365,3.6095887912757085e-05,0.0,0.0,0.0,4,9.414792078460041e-05,9.414792078460041e-05,1.0,ex,l2sq,8597.56258058548
2026-05-19T13:53:53.527813,364,387638,-390.84499999999815,-390.84499999999815,58,0.31222826086956523,5.555,0.33,17,20,-0.002897410927107602,0.9902144446969032,0.34101972728967667,-0.0005528783182853422,0.01074218752910383,0.0,0.0,4,9.413379906722233e-05,9.413379906722233e-05,1.0,ex,l2sq,8622.047131299973
2026-05-19T13:54:13.760866,365,388678,-285.8549999999991,-338.34999999999866,67,0.3111413043478261,5.525,0.38,20,20,-0.0031374011916340816,0.9305335879325867,0.33598214015364647,0.0006670384846529098,0.006054687575669959,0.0,0.0,4,9.411497324874688e-05,9.411497324874688e-05,1.0,ex,l2sq,8642.280181407928
2026-05-19T13:54:37.891823,366,389766,-401.7151249999982,-401.7151249999982,59,0.3125,5.615,0.3,18,20,-0.0026636977301677522,0.9823445379734039,0.33131441846489906,0.0008485556682444502,0.003125000075669959,0.0,0.0,4,9.409615119524686e-05,9.409615119524686e-05,1.0,ex,l2sq,8666.411174297333
2026-05-19T13:54:57.673538,367,390786,-352.1013749999987,-376.9082499999985,61,0.31168478260869564,5.285,0.22,20,20,-0.003368352353573023,0.9544325619935989,0.3521737977862358,0.00019520004177593642,0.004687500011641532,0.0,0.0,4,9.408203700781971e-05,9.408203700781971e-05,1.0,ex,l2sq,8686.192823171616
2026-05-19T13:55:22.150183,368,391885,-451.54024999999854,-451.54024999999854,57,0.3138586956521739,5.325,0.18,18,20,-0.003537065623095137,0.9316658228635788,0.35348376259207726,0.0031958670770336484,0.021484375189174898,0.0,0.0,4,9.406792517267872e-05,9.406792517267872e-05,1.0,ex,l2sq,8710.669493675232
2026-05-19T13:55:43.403281,369,392959,-336.7419999999985,-394.1411249999985,66,0.3160326086956522,5.455,0.24,20,20,-0.0023287326417626986,0.9182701706886292,0.35100913792848587,0.0011137168744426162,0.0027343750989530236,0.0,0.0,4,9.405381521908439e-05,9.405381521908439e-05,1.0,ex,l2sq,8731.922600984573
2026-05-19T13:56:14.748909,370,394025,-408.92999999999853,-408.92999999999853,55,0.31657608695652173,5.48,0.24,20,20,-0.003730498146614969,0.9518337920308113,0.33973756432533264,0.0032351409886814397,0.009570312919095159,0.0,0.0,4,9.40397076170706e-05,9.40397076170706e-05,1.0,ex,l2sq,8763.26804280281
2026-05-19T13:56:34.536792,371,395019,-314.93087499999854,-361.93043749999856,61,0.31875,5.565,0.21,20,20,-0.002255931573745318,0.9540879726409912,0.34437529370188713,6.843610829038171e-05,0.001367187505820766,0.0,0.0,4,9.402090061594426e-05,9.402090061594426e-05,1.0,ex,l2sq,8783.056103229523
2026-05-19T13:57:05.083526,372,396040,-410.49949999999933,-410.49949999999933,59,0.31983695652173916,5.285,0.13,20,20,-0.003635118732927378,0.9132396429777145,0.33012573421001434,-0.00011644245514619289,0.0019531250291038305,0.0,0.0,4,9.400679771591589e-05,9.400679771591589e-05,1.0,ex,l2sq,8813.60261464119
2026-05-19T13:57:25.303880,373,397068,-350.0228749999982,-380.26118749999875,61,0.31983695652173916,5.24,0.12,20,20,-0.002088303180062201,0.9347481653094292,0.3195560500025749,-0.00013107630729791708,0.0029296876018634066,0.0,0.0,4,9.399269716629249e-05,9.399269716629249e-05,1.0,ex,l2sq,8833.823198318481
2026-05-19T13:57:57.438200,374,398180,-446.2069999999978,-446.2069999999978,59,0.3217391304347826,5.255,0.15,20,20,-0.0028717492765283348,0.9780385941267014,0.3480193428695202,0.0005327182533619648,0.0035156249796273187,0.0,0.0,4,9.39738995667862e-05,9.39738995667862e-05,1.0,ex,l2sq,8865.957447767258
2026-05-19T13:58:17.709056,375,399216,-403.46237499999904,-424.8346874999984,57,0.32309782608695653,5.215,0.21,20,20,-0.0019269853932201153,0.9852848947048187,0.3203432485461235,0.0007909324760476677,0.0031250000465661287,0.0,0.0,4,9.395980371679768e-05,9.395980371679768e-05,1.0,ex,l2sq,8886.228390932083
2026-05-19T13:58:49.081726,376,400280,-345.59287499999914,-345.59287499999914,61,0.32472826086956524,5.37,0.22,20,20,-0.0033543751080287176,0.9676754921674728,0.3321569636464119,-5.777905657844418e-05,0.011718750349245965,0.0,0.0,4,9.394571021603917e-05,9.394571021603917e-05,1.0,ex,l2sq,8917.601034164429
2026-05-19T13:59:10.250923,377,401349,-431.9686249999986,-388.7807499999989,51,0.3220108695652174,5.545,0.27,20,20,-0.0027730927022275864,0.9812035635113716,0.33473699539899826,0.000832285679371117,0.012695312878349796,0.0,0.0,4,9.392692201345306e-05,9.392692201345306e-05,1.0,ex,l2sq,8938.770240306854
2026-05-19T13:59:34.388218,378,402421,-321.0284999999989,-321.0284999999989,67,0.325,5.595,0.25,19,20,-0.0025794596469495,0.9561783969402313,0.32115309685468674,0.00031381466069435593,0.00507812510477379,0.0,0.0,4,9.391283320998009e-05,9.391283320998009e-05,1.0,ex,l2sq,8962.9075152874
2026-05-19T13:59:55.105853,379,403470,-361.92487499999925,-341.4766874999991,52,0.3220108695652174,5.725,0.2,20,20,-0.002483369489345952,0.9547952637076378,0.339610043913126,0.0017911117935227455,0.005664062511641532,0.0,0.0,4,9.389874675456276e-05,9.389874675456276e-05,1.0,ex,l2sq,8983.625141859055
2026-05-19T14:00:18.890414,380,404525,-454.8662499999989,-454.8662499999989,54,0.3209239130434783,5.63,0.16,17,20,-0.0022772938318668112,0.9488275796175003,0.3180035278201103,0.0010255878114548839,0.0009765625145519152,0.0,0.0,4,9.38799679441993e-05,9.38799679441993e-05,1.0,ex,l2sq,9007.409749507904
2026-05-19T14:00:39.259563,381,405566,-387.6306249999984,-421.24843749999866,53,0.3203804347826087,5.56,0.11,20,20,-0.003049533482408162,0.9200271964073181,0.33583914488554,0.0016661435309288652,0.007421875197906047,0.0,0.0,4,9.386588618371933e-05,9.386588618371933e-05,1.0,ex,l2sq,9027.77881860733
2026-05-19T14:01:02.793399,382,406615,-330.4042499999989,-330.4042499999989,65,0.3214673913043478,5.6,0.12,18,20,-0.002938604807423001,0.9244806170463562,0.33398909121751785,0.001209008475200328,0.010937499930150807,0.0,0.0,4,9.38518067701212e-05,9.38518067701212e-05,1.0,ex,l2sq,9051.31273150444
2026-05-19T14:01:23.977186,383,407691,-359.75437499999845,-345.07931249999865,65,0.32282608695652176,5.76,0.17,20,20,-0.003079929208615828,0.9066709727048874,0.3341175690293312,0.0009024799290955066,0.0064453125960426405,0.0,0.0,4,9.383303734728524e-05,9.383303734728524e-05,1.0,ex,l2sq,9072.496510744095
2026-05-19T14:01:46.561647,384,408693,-376.3033749999988,-376.3033749999988,54,0.3217391304347826,5.64,0.16,18,20,-0.0033564343582836997,0.9034731090068817,0.3224886804819107,0.0012649588240492005,0.004687500186264515,0.0,0.0,4,9.381896262627748e-05,9.381896262627748e-05,1.0,ex,l2sq,9095.080967664719
2026-05-19T14:02:06.931678,385,409732,-386.7666249999982,-381.5349999999985,56,0.31875,5.58,0.18,20,20,-0.0030503198911901452,0.9666915386915207,0.3245188258588314,0.0006470393926065396,0.005273437665891834,0.0,0.0,4,9.380489025097836e-05,9.380489025097836e-05,1.0,ex,l2sq,9115.450995445251
2026-05-19T14:02:31.069451,386,410811,-310.0494999999984,-310.0494999999984,66,0.32065217391304346,5.635,0.22,18,20,-0.002109006067621433,0.940738633275032,0.3501136153936386,0.0017193644544135633,0.0031249999592546374,0.0,0.0,4,9.379081975196467e-05,9.379081975196467e-05,1.0,ex,l2sq,9139.588788509369
2026-05-19T14:02:50.735756,387,411812,-333.85674999999867,-321.9531249999985,59,0.3201086956521739,5.46,0.21,20,20,-0.004669360036496095,0.9927503541111946,0.3223723992705345,0.0003867172768877991,0.013867187502910383,0.0,0.0,4,9.377675159795597e-05,9.377675159795597e-05,1.0,ex,l2sq,9159.255036830902
2026-05-19T14:03:14.493249,388,412864,-367.59824999999864,-367.59824999999864,60,0.3209239130434783,5.35,0.26,17,20,-0.0027073078439571185,0.963282473385334,0.340900044888258,0.001454621532866407,0.012500000302679837,0.0,0.0,4,9.37579971854039e-05,9.37579971854039e-05,1.0,ex,l2sq,9183.012595176697
2026-05-19T14:03:35.330192,389,413924,-388.10762499999856,-377.8529374999986,56,0.31820652173913044,5.19,0.3,20,20,-0.003311380790546714,0.9461181163787842,0.3747962787747383,0.0005985968089589622,0.010937500046566129,0.0,0.0,4,9.37439337202328e-05,9.37439337202328e-05,1.0,ex,l2sq,9203.849462032318
2026-05-19T14:03:59.862494,390,415011,-467.85674999999856,-467.85674999999856,51,0.3171195652173913,5.245,0.3,16,20,-0.002406546715064878,0.9472326934337616,0.34403014183044434,0.00040511910319766115,0.003710937686264515,0.0,0.0,4,9.372987259889444e-05,9.372987259889444e-05,1.0,ex,l2sq,9228.381838083267
2026-05-19T14:04:20.441849,391,416059,-397.6133749999985,-432.73506249999855,52,0.31467391304347825,5.415,0.26,20,20,-0.003324681596131973,0.8950468525290489,0.33441977202892303,0.0014210530504669971,0.005859374912688509,0.0,0.0,4,9.371112756167338e-05,9.371112756167338e-05,1.0,ex,l2sq,9248.961139440536
2026-05-19T14:04:43.589575,392,417088,-360.59924999999896,-360.59924999999896,54,0.31331521739130436,5.445,0.19,16,20,-0.002740809385431975,0.9376603662967682,0.3405730649828911,0.0015476425420274387,0.012109375325962901,0.0,0.0,4,9.369707112682866e-05,9.369707112682866e-05,1.0,ex,l2sq,9272.108925104141
2026-05-19T14:05:04.240211,393,418137,-427.88424999999876,-394.2417499999989,47,0.3095108695652174,5.45,0.15,20,20,-0.0018465024164470156,0.9206546097993851,0.3224528655409813,0.0003808609016687087,0.0037109374679857865,0.0,0.0,4,9.368301703464499e-05,9.368301703464499e-05,1.0,ex,l2sq,9292.759485006332
2026-05-19T14:05:27.928528,394,419183,-373.49624999999867,-373.49624999999867,56,0.30869565217391304,5.62,0.22,12,20,-0.0022253968578298533,0.8998351693153381,0.3530455753207207,0.00037482623629328526,0.0003906250058207661,0.0,0.0,4,9.366896481630907e-05,9.366896481630907e-05,1.0,ex,l2sq,9316.447870016098
2026-05-19T14:05:48.627398,395,420236,-379.1737499999992,-376.3349999999989,59,0.3092391304347826,5.585,0.27,20,20,-0.003754596598446347,0.9286881610751152,0.3363732434809208,0.0019561269973337528,0.013281250168802217,0.0,0.0,4,9.365491493993144e-05,9.365491493993144e-05,1.0,ex,l2sq,9337.146698713303
2026-05-19T14:06:12.365832,396,421286,-292.3209999999988,-292.3209999999988,66,0.3105978260869565,5.56,0.23,15,20,-0.0033328377117868846,0.9663409292697906,0.3286129832267761,-0.0006310735679107976,0.006250000005820766,0.0,0.0,4,9.363618489349262e-05,9.363618489349262e-05,1.0,ex,l2sq,9360.885137319565
2026-05-19T14:06:33.228620,397,422349,-361.18874999999866,-326.7548749999987,61,0.31331521739130436,5.45,0.16,20,20,-0.0001354396314128259,0.9289973676204681,0.3285616710782051,0.00023976894426594453,0.0015625000232830644,0.0,0.0,4,9.362213969986076e-05,9.362213969986076e-05,1.0,ex,l2sq,9381.747918367386
2026-05-19T14:06:57.438148,398,423423,-344.62087499999825,-344.62087499999825,68,0.3135869565217391,5.48,0.17,14,20,-0.003102129010949334,0.9417832940816879,0.3287649042904377,0.002511512111323083,0.007031250119325705,0.0,0.0,4,9.360809684701649e-05,9.360809684701649e-05,1.0,ex,l2sq,9405.957487106323
2026-05-19T14:07:18.626504,399,424493,-398.1313749999982,-371.3761249999982,59,0.3154891304347826,5.58,0.15,20,20,-0.0034007199137705557,0.9502123221755028,0.336465522646904,0.00041457078832535244,0.005273437651339918,0.0,0.0,4,9.358937616372806e-05,9.358937616372806e-05,1.0,ex,l2sq,9427.145818948746
2026-05-19T14:07:43.414630,400,425533,-414.9183749999988,-414.9183749999988,47,0.3135869565217391,5.57,0.15,15,20,-0.002709414082346484,0.9554436206817627,0.3265730291604996,0.002275040137465101,0.008593750302679837,0.0,0.0,4,9.357533799128864e-05,9.357533799128864e-05,1.0,ex,l2sq,9451.93393087387
2026-05-19T14:08:03.597605,401,426560,-356.8147499999991,-385.86656249999896,64,0.31657608695652173,5.37,0.12,20,20,-0.0035404586029470497,0.9523473754525185,0.310039259493351,0.0003130549710022128,0.011523437831783667,0.0,0.0,4,9.356130215846664e-05,9.356130215846664e-05,1.0,ex,l2sq,9472.116914749146
2026-05-19T14:08:28.566626,402,427667,-426.6577499999983,-426.6577499999983,59,0.31494565217391307,5.495,0.16,12,20,-0.002449615663499549,0.9820360839366913,0.32683590054512024,0.0010071197075603722,0.004687499982537702,0.0,0.0,4,9.354259083364798e-05,9.354259083364798e-05,1.0,ex,l2sq,9497.0859375
2026-05-19T14:08:49.720020,403,428739,-432.8422499999981,-429.7499999999982,49,0.3105978260869565,5.48,0.22,20,20,-0.003091976168798194,0.9251327365636826,0.31807393580675125,0.002130114804299421,0.015625000232830644,0.0,0.0,4,9.35285596788911e-05,9.35285596788911e-05,1.0,ex,l2sq,9518.239335298538
2026-05-19T14:09:15.327597,404,429835,-416.72212499999847,-416.72212499999847,54,0.3105978260869565,5.805,0.26,12,20,-0.002409651162633919,0.901653841137886,0.3048393279314041,-0.0003168007906197562,0.002734375011641532,0.0,0.0,4,9.351453086258206e-05,9.351453086258206e-05,1.0,ex,l2sq,9543.846940994263
2026-05-19T14:09:36.510257,405,430875,-420.166249999998,-418.44418749999824,48,0.30842391304347827,5.74,0.26,20,20,-0.00430902253719978,0.93510602414608,0.3326994851231575,0.0026756818988360465,0.020898437593132257,0.0,0.0,4,9.349582889155487e-05,9.349582889155487e-05,1.0,ex,l2sq,9565.029542446136
2026-05-19T14:10:00.940869,406,431918,-365.7713749999987,-365.7713749999987,61,0.3070652173913043,5.56,0.23,14,20,-0.004247864068020135,0.9537423402070999,0.31166964024305344,0.00468416448520656,0.018750000279396772,0.0,0.0,4,9.34818047509724e-05,9.34818047509724e-05,1.0,ex,l2sq,9589.460214138031
2026-05-19T14:10:22.602248,407,432980,-395.9908749999989,-380.8811249999988,62,0.3078804347826087,5.335,0.25,20,20,-0.002552160453342389,0.948120504617691,0.3190214931964874,0.00033740537346602095,0.0037109376426087692,0.0,0.0,4,9.346778294766877e-05,9.346778294766877e-05,1.0,ex,l2sq,9611.12149977684
2026-05-19T14:10:47.062572,408,434026,-348.15587499999873,-348.15587499999873,55,0.3065217391304348,5.49,0.29,15,20,-0.0024031610038946494,0.9832103922963142,0.32014675810933113,-0.0002349981053157424,0.0048828125291038305,0.0,0.0,4,9.344909032575708e-05,9.344909032575708e-05,1.0,ex,l2sq,9635.581899881363
2026-05-19T14:11:07.160173,409,435016,-324.217999999999,-336.18693749999886,65,0.3089673913043478,5.595,0.32,20,20,-0.0025207274185961026,0.9225448668003082,0.3103684261441231,0.0018803330044420141,0.0015625000232830644,0.0,0.0,4,9.343507319584262e-05,9.343507319584262e-05,1.0,ex,l2sq,9655.679473638535
2026-05-19T14:11:31.183824,410,436034,-372.6083749999985,-372.6083749999985,53,0.3095108695652174,5.49,0.25,13,20,-0.0034856644677345727,0.9608340263366699,0.3092084489762783,0.002844459889649903,0.007031249988358468,0.0,0.0,4,9.34210584020386e-05,9.34210584020386e-05,1.0,ex,l2sq,9679.703145980835
2026-05-19T14:11:51.669756,411,437043,-306.99612499999915,-339.8022499999988,61,0.3119565217391304,5.42,0.22,20,20,-0.0023255002161022276,0.9399429112672806,0.28771350532770157,-0.00036372676295286514,0.008203125093132257,0.0,0.0,4,9.340704547684264e-05,9.340704547684264e-05,1.0,ex,l2sq,9700.189051151276
2026-05-19T14:12:17.106668,412,438132,-395.8921249999984,-395.8921249999984,52,0.3114130434782609,5.395,0.27,15,20,-0.00249376821739139,0.9637117981910706,0.32006314024329185,-0.0006092945372074346,0.0035156250960426405,0.0,0.0,4,9.339303488705634e-05,9.339303488705634e-05,1.0,ex,l2sq,9725.626005411148
2026-05-19T14:12:38.268549,413,439170,-338.9022499999986,-367.3971874999985,64,0.3160326086956522,5.24,0.27,20,20,-0.0022105269010352924,0.9733831360936165,0.32004938647150993,0.0004817434241886076,0.0007812500116415322,0.0,0.0,4,9.337435721400929e-05,9.337435721400929e-05,1.0,ex,l2sq,9746.787860631943
2026-05-19T14:13:02.844264,414,440213,-359.14199999999863,-359.14199999999863,55,0.3157608695652174,5.315,0.27,12,20,-0.0033249647240154445,0.9310361742973328,0.30534861981868744,0.0018376813353825072,0.008203125325962901,0.0,0.0,4,9.336035129387475e-05,9.336035129387475e-05,1.0,ex,l2sq,9771.363580703735
2026-05-19T14:13:24.468992,415,441274,-426.0046249999984,-392.5733124999985,53,0.3141304347826087,5.315,0.23,20,20,-0.002466811241174538,0.9387501552700996,0.3097463883459568,0.0014398365743545916,0.0060546876629814506,0.0,0.0,4,9.334634770798243e-05,9.334634770798243e-05,1.0,ex,l2sq,9792.988295793533
2026-05-19T14:13:48.204553,416,442271,-362.0226249999993,-362.0226249999993,51,0.31005434782608693,5.32,0.14,10,20,-0.0023068338894518536,0.914491668343544,0.28233524039387703,0.00024812990841385774,0.007421875110594556,0.0,0.0,4,9.332767937190431e-05,9.332767937190431e-05,1.0,ex,l2sq,9816.723873853683
2026-05-19T14:14:09.484460,417,443315,-254.49149999999932,-308.25706249999934,71,0.31277173913043477,5.325,0.11,20,20,-0.0025919989682734457,0.9245680570602417,0.30015596747398376,0.00016569292565687954,0.004296875151339918,0.0,0.0,4,9.331368045332938e-05,9.331368045332938e-05,1.0,ex,l2sq,9838.003750562668
2026-05-19T14:14:33.779197,418,444348,-301.63699999999903,-301.63699999999903,69,0.3130434782608696,5.325,0.12,13,20,-0.0018200036352937765,0.9141891747713089,0.295477069914341,0.0008373635353109421,0.0005859375087311491,0.0,0.0,4,9.329968386782979e-05,9.329968386782979e-05,1.0,ex,l2sq,9862.29853963852
2026-05-19T14:14:55.932633,419,445437,-281.9322499999991,-291.7846249999991,67,0.31521739130434784,5.575,0.21,20,20,-0.0024065837904343468,0.9539513438940048,0.30312591791152954,0.001427939350469365,0.0007812500116415322,0.0,0.0,4,9.328568914851049e-05,9.328568914851049e-05,1.0,ex,l2sq,9884.451923370361
2026-05-19T14:15:21.659213,420,446557,-389.4264999999986,-389.4264999999986,67,0.32065217391304346,5.655,0.22,13,20,-0.002658570975472674,0.9359769821166992,0.28158463537693024,5.351528964187002e-05,0.005273437825962901,0.0,0.0,4,9.327169676156665e-05,9.327169676156665e-05,1.0,ex,l2sq,9910.178554058075
2026-05-19T14:15:42.112601,421,447596,-335.84449999999913,-362.63549999999884,60,0.31956521739130433,5.69,0.19,20,20,-0.0026102187403012067,0.9138773009181023,0.2862560600042343,0.0011041028558679278,0.005273437505820766,0.0,0.0,4,9.325304335493132e-05,9.325304335493132e-05,1.0,ex,l2sq,9930.631865739822
2026-05-19T14:16:05.679822,422,448633,-314.9564999999987,-314.9564999999987,63,0.32065217391304346,5.47,0.18,13,20,-0.00267753898515366,0.9817612022161484,0.30265258997678757,1.2332519872870762e-05,0.0003906250058207661,0.0,0.0,4,9.323905563157235e-05,9.323905563157235e-05,1.0,ex,l2sq,9954.199160337448
2026-05-19T14:16:26.308037,423,449682,-352.0793749999987,-333.5179374999987,54,0.3220108695652174,5.575,0.25,20,20,-0.0030373742221854183,0.9642980098724365,0.2870021387934685,0.001394045079860018,0.008593749953433871,0.0,0.0,4,9.32250702394229e-05,9.32250702394229e-05,1.0,ex,l2sq,9974.827336549759
2026-05-19T14:16:50.393654,424,450740,-461.8098749999984,-461.8098749999984,48,0.3203804347826087,5.54,0.25,10,20,-0.0023567025215016635,0.9831144735217094,0.2772562764585018,0.0009006260884007397,0.008203125282307155,0.0,0.0,4,9.320642615762571e-05,9.320642615762571e-05,1.0,ex,l2sq,9998.91297698021
2026-05-19T14:17:11.334197,425,451806,-350.6302499999992,-406.2200624999988,66,0.3252717391304348,5.53,0.23,20,20,-0.00275138919823803,0.9883828610181808,0.29339930415153503,0.0016013906195439798,0.003515625052386895,0.0,0.0,4,9.319244542672979e-05,9.319244542672979e-05,1.0,ex,l2sq,10019.853513479233
2026-05-19T14:17:34.888370,426,452841,-379.9102499999987,-379.9102499999987,58,0.3244565217391304,5.615,0.19,12,20,-0.0025349286253913417,0.9543493837118149,0.3039478361606598,0.0008789394331870093,0.0037109375989530236,0.0,0.0,4,9.317846702587801e-05,9.317846702587801e-05,1.0,ex,l2sq,10043.407696723938
2026-05-19T14:17:54.690089,427,453848,-338.3882499999989,-359.1492499999988,58,0.3233695652173913,5.57,0.13,20,20,-0.0026286341686500014,0.888964980840683,0.29491885006427765,0.0010954307460451437,0.002343749991268851,0.0,0.0,4,9.31598322642575e-05,9.31598322642575e-05,1.0,ex,l2sq,10063.209404230118
2026-05-19T14:18:17.282322,428,454836,-299.187499999999,-299.187499999999,64,0.32581521739130437,5.58,0.18,13,20,-0.0035224273917267013,0.9469805657863617,0.29486945271492004,-0.00015261151638701342,0.007812499912688509,0.0,0.0,4,9.314585852232909e-05,9.314585852232909e-05,1.0,ex,l2sq,10085.801627635956
2026-05-19T14:18:36.789457,429,455828,-435.6692499999984,-367.4283749999987,39,0.31875,5.43,0.23,20,20,-0.0024350583800697018,0.9694515839219093,0.3063204288482666,-0.0005976682062054928,0.001953125058207661,0.0,0.0,4,9.313188710928004e-05,9.313188710928004e-05,1.0,ex,l2sq,10105.30874967575
2026-05-19T14:18:59.468695,430,456823,-275.75624999999945,-275.75624999999945,66,0.3222826086956522,5.135,0.19,14,20,-0.002531958487816177,0.9215554594993591,0.28374335914850235,0.0003873513871440193,0.003515625052386895,0.0,0.0,4,9.3117917559055e-05,9.3117917559055e-05,1.0,ex,l2sq,10127.988043308258
2026-05-19T14:19:20.203084,431,457878,-431.26699999999875,-353.51162499999907,50,0.31929347826086957,5.15,0.16,20,20,-0.0035880159615770957,0.9150657504796982,0.29700255393981934,0.00017441865738870854,0.015429687802679837,0.0,0.0,4,9.310395033701074e-05,9.310395033701074e-05,1.0,ex,l2sq,10148.722363710403
2026-05-19T14:19:44.024297,432,458927,-372.17437499999835,-372.17437499999835,64,0.32255434782608694,5.045,0.06,12,20,-0.0022279688921116314,0.9252704977989197,0.2917739935219288,-0.0002741410848784709,0.004687500142608769,0.0,0.0,4,9.308533047798284e-05,9.308533047798284e-05,1.0,ex,l2sq,10172.543628454208
2026-05-19T14:20:04.659588,433,459983,-408.9103749999982,-390.5423749999983,57,0.32065217391304346,5.165,0.1,20,20,-0.0026972436520735776,0.9570013582706451,0.32344574481248856,0.001393993967576529,0.005468750139698386,0.0,0.0,4,9.30713679111361e-05,9.30713679111361e-05,1.0,ex,l2sq,10193.178906440735
2026-05-19T14:20:28.648382,434,461047,-372.2387499999984,-372.2387499999984,63,0.32282608695652176,5.33,0.14,14,20,-0.002173425261571549,0.9306330606341362,0.3013853691518307,0.0008598696496392028,0.002734375011641532,0.0,0.0,4,9.305740767130627e-05,9.305740767130627e-05,1.0,ex,l2sq,10217.16768336296
2026-05-19T14:20:49.108831,435,462090,-347.02699999999925,-359.6328749999988,65,0.32608695652173914,5.44,0.14,20,20,-0.0020730303771415715,0.93829645216465,0.2838052287697792,0.0010216140427701352,0.0009765625,0.0,0.0,4,9.303879712034609e-05,9.303879712034609e-05,1.0,ex,l2sq,10237.628133773804
2026-05-19T14:21:14.064448,436,463154,-435.3603749999982,-435.3603749999982,49,0.32554347826086955,5.415,0.17,14,20,-0.0022222787811188027,1.0326542258262634,0.3320663049817085,0.0017016838972267467,0.001953125,0.0,0.0,4,9.302484153338666e-05,9.302484153338666e-05,1.0,ex,l2sq,10262.583779335022
2026-05-19T14:21:35.867203,437,464213,-331.3447499999992,-383.3525624999987,56,0.3214673913043478,5.5,0.12,20,20,-0.0025955252887797653,0.9063836708664894,0.28617170453071594,0.0008548823314754317,0.0009765625145519152,0.0,0.0,4,9.301088827228086e-05,9.301088827228086e-05,1.0,ex,l2sq,10284.386474847794
2026-05-19T14:22:01.627145,438,465300,-363.05562499999854,-363.05562499999854,65,0.3203804347826087,5.585,0.1,13,20,-0.002528197366336804,0.9336686953902245,0.28902480751276016,0.0014862091607710758,0.005468749921419658,0.0,0.0,4,9.29922870247353e-05,9.29922870247353e-05,1.0,ex,l2sq,10310.14646410942
2026-05-19T14:22:22.772455,439,466329,-366.8122499999989,-364.9339374999987,60,0.3184782608695652,5.59,0.13,20,20,-0.001627301887492827,0.9389593452215195,0.2914040610194206,0.0013296289846039117,0.001953125,0.0,0.0,4,9.297833841417392e-05,9.297833841417392e-05,1.0,ex,l2sq,10331.29175567627
2026-05-19T14:22:46.894123,440,467341,-360.9227499999993,-360.9227499999993,57,0.3157608695652174,5.475,0.09,15,20,-0.00237342494801851,0.9366561472415924,0.287409245967865,0.0009312502938883527,0.0013671875494765118,0.0,0.0,4,9.29643921283035e-05,9.29643921283035e-05,1.0,ex,l2sq,10355.413459777832
2026-05-19T14:23:07.688892,441,468354,-290.41324999999864,-325.667999999999,72,0.3190217391304348,5.215,0.15,20,20,-0.0028034523129463196,0.933673620223999,0.2910851985216141,5.2441943080294706e-05,0.01171875,0.0,0.0,4,9.295044770190686e-05,9.295044770190686e-05,1.0,ex,l2sq,10376.208143234253
2026-05-19T14:23:32.992378,442,469418,-359.63574999999935,-359.63574999999935,57,0.3173913043478261,5.24,0.2,13,20,-0.002455072147131393,0.9291733130812645,0.2814844697713852,0.0009724911717057527,0.0015625000087311491,0.0,0.0,4,9.293650559950381e-05,9.293650559950381e-05,1.0,ex,l2sq,10401.511704921722
2026-05-19T14:23:54.498303,443,470461,-362.6857499999991,-361.1607499999992,57,0.31820652173913044,5.425,0.21,20,20,-0.0032923646911513504,0.9196993857622147,0.30216744542121887,0.00035583041217251976,0.004882812572759576,0.0,0.0,4,9.291791922774898e-05,9.291791922774898e-05,1.0,ex,l2sq,10423.017569541931
2026-05-19T14:24:19.040951,444,471490,-364.44899999999933,-364.44899999999933,58,0.3209239130434783,5.66,0.27,12,20,-0.00340003527235222,1.0036472976207733,0.30013449490070343,0.0025623315584198253,0.015625,0.0,0.0,4,9.290398177217122e-05,9.290398177217122e-05,1.0,ex,l2sq,10447.560281515121
2026-05-19T14:24:39.991135,445,472508,-355.3173749999993,-359.8831874999993,64,0.3203804347826087,5.505,0.29,20,20,-0.0032259226049064504,0.9183006882667542,0.2810094468295574,0.0013417872955869825,0.0087890625,0.0,0.0,4,9.28900466394253e-05,9.28900466394253e-05,1.0,ex,l2sq,10468.510438680649
2026-05-19T14:25:04.444999,446,473543,-392.6304999999983,-392.6304999999983,54,0.31929347826086957,5.52,0.27,16,20,-0.0033495918847620265,0.957357183098793,0.30123671889305115,0.0020344527320048655,0.01875000019208528,0.0,0.0,4,9.287611336466612e-05,9.287611336466612e-05,1.0,ex,l2sq,10492.964279651642
2026-05-19T14:25:26.312616,447,474606,-391.7182499999986,-392.17437499999846,53,0.3179347826086957,5.335,0.23,20,20,-0.0029671271127881538,0.9266579747200012,0.30327092483639717,-0.0002612826907806842,0.007812500116415322,0.0,0.0,4,9.2862182412042e-05,9.2862182412042e-05,1.0,ex,l2sq,10514.831901788712
2026-05-19T14:25:51.343851,448,475660,-350.03049999999865,-350.03049999999865,67,0.31875,5.31,0.14,13,20,-0.002638590364949789,0.9214210882782936,0.3048432543873787,0.001361482731405822,0.008203124976716936,0.0,0.0,4,9.284361090418141e-05,9.284361090418141e-05,1.0,ex,l2sq,10539.863194942474
2026-05-19T14:26:12.552683,449,476692,-388.2712499999982,-369.15087499999845,53,0.32255434782608694,5.37,0.17,20,20,-0.003222101985011161,0.9446525722742081,0.30363132059574127,0.0001369361658362378,0.008203125325962901,0.0,0.0,4,9.282968459466641e-05,9.282968459466641e-05,1.0,ex,l2sq,10561.071953296661
2026-05-19T14:26:39.365759,450,477772,-398.553374999998,-398.553374999998,58,0.3203804347826087,5.45,0.2,14,20,-0.0019245051531470436,0.9154090732336044,0.29795417189598083,0.0005928143461005064,0.00019531250291038305,0.0,0.0,4,9.281576060612563e-05,9.281576060612563e-05,1.0,ex,l2sq,10587.88508272171
2026-05-19T14:27:01.718667,451,478857,-381.01174999999853,-389.7825624999983,59,0.32282608695652176,5.515,0.19,20,20,-0.002519107653642938,0.9664478600025177,0.3077755719423294,0.0004479704030928011,0.0037109376426087692,0.0,0.0,4,9.279719838216203e-05,9.279719838216203e-05,1.0,ex,l2sq,10610.237977981567
2026-05-19T14:27:27.106553,452,479937,-361.60587499999855,-361.60587499999855,63,0.32255434782608694,5.63,0.24,16,20,-0.002973508898867272,0.9449301064014435,0.3044341206550598,0.0015277597514852942,0.007421875139698386,0.0,0.0,4,9.27832790344093e-05,9.27832790344093e-05,1.0,ex,l2sq,10635.625885725021
2026-05-19T14:27:28.457215,453,480001,-17.439499999999995,-189.52268749999928,4,0.3081521739130435,5.61,0.23,20,20,-0.002071042457828298,0.9623631238937378,0.29156210273504257,0.001984486203036817,0.003906250058207661,0.0,0.0,4,9.277400070650586e-05,9.277400070650586e-05,1.0,ex,l2sq,10636.97654247284
