timestamp,episode,time_step,current_ep_reward,rolling_avg_reward,episode_successes,rolling_success_ratio,avg_steps_recent,avg_deviation_recent,val_success,best_val_success,policy_loss,value_loss,entropy,approx_kl,clip_fraction,oracle_bc_loss,sil_loss,update_epochs_ran,actor_lr,critic_lr,reward_factor,reward_mode,progress_metric,elapsed_sec
2026-05-20T06:52:27.108347,0,1090,-305.8746554255486,-305.8746554255486,16,0.08695652173913043,2.625,1.125,0,0,-0.005462157656438649,1.019527018070221,1.1400252282619476,0.001244360854616388,0.0,0.0,0.0,4,9.999000000000001e-05,9.999000000000001e-05,1.0,in,l2sq,63.31136465072632
2026-05-20T06:53:00.824751,1,2196,-353.8770169615746,-329.8758361935616,19,0.09510869565217392,2.5714285714285716,1.0285714285714285,0,0,-0.0031348001415608673,1.0002949610352516,1.1469144076108932,-0.00036913479415261186,0.0,0.0,0.0,4,9.997500199995001e-05,9.997500199995001e-05,1.0,in,l2sq,97.2219066619873
2026-05-20T06:54:01.238925,2,3355,-288.9467628598214,-288.9467628598214,20,0.09963768115942029,2.672727272727273,0.9818181818181818,0,0,-0.0018954947867314553,0.9520283341407776,1.1473220437765121,0.0007406810396787672,0.0,0.0,0.0,4,9.995500799930005e-05,9.995500799930005e-05,1.0,in,l2sq,157.63589215278625
2026-05-20T06:54:35.600035,3,4512,-307.6121912002564,-298.2794770300389,15,0.09510869565217392,2.657142857142857,0.9714285714285714,0,0,-0.0025543808849759486,0.9450424984097481,1.1284174025058746,0.000724121923121851,0.0,0.0,0.0,4,9.993501799725028e-05,9.993501799725028e-05,1.0,in,l2sq,191.99721670150757
2026-05-20T06:55:27.343104,4,5593,-299.360829114914,-299.360829114914,17,0.09456521739130434,2.8045977011494254,1.0804597701149425,0,0,-0.0016713396034901962,0.9455689787864685,1.1146363019943237,0.0002779933529382106,0.0,0.0,0.0,4,9.992002799440073e-05,9.992002799440073e-05,1.0,in,l2sq,243.74008679389954
2026-05-20T06:56:01.325947,5,6697,-340.84021848440176,-320.1005237996579,18,0.09510869565217392,3.038095238095238,1.2,0,0,-0.0015729389837360053,0.9835306033492088,1.116513878107071,0.0004864207297941986,0.0,0.0,0.0,4,9.990504048980171e-05,9.990504048980171e-05,1.0,in,l2sq,277.7231442928314
2026-05-20T06:56:50.825519,6,7864,-314.522707104683,-314.522707104683,23,0.09937888198757763,3.1015625,1.21875,0,0,-0.0013664782149135635,0.9193361103534698,1.1032743453979492,7.96075000835117e-05,0.0,0.0,0.0,4,9.988506048075416e-05,9.988506048075416e-05,1.0,in,l2sq,327.2224793434143
2026-05-20T06:57:23.444090,7,8933,-248.02738726139071,-281.27504718303686,26,0.10461956521739131,3.1103896103896105,1.1688311688311688,0,0,-0.001675556690315716,0.9687719494104385,1.0915584564208984,0.0011036537151085102,0.0,0.0,0.0,4,9.987007797140718e-05,9.987007797140718e-05,1.0,in,l2sq,359.8412232398987
2026-05-20T06:58:10.967204,8,10041,-288.09631717205053,-288.09631717205053,19,0.10446859903381643,3.132947976878613,1.1560693641618498,2,2,-0.0015041120466776636,0.9837951585650444,1.1089265942573547,0.000877648332971187,0.0,0.0,0.0,4,9.985509795906185e-05,9.985509795906185e-05,1.0,in,l2sq,407.36419677734375
2026-05-20T06:58:43.744953,9,11116,-258.2375793457032,-273.16694825887686,18,0.10380434782608695,3.0785340314136125,1.162303664921466,2,2,-0.002198126933944833,0.9090782478451729,1.104167714715004,0.0007895791450209522,0.0,0.0,0.0,4,9.983512793802104e-05,9.983512793802104e-05,1.0,in,l2sq,440.1420726776123
2026-05-20T06:59:28.569072,10,12166,-252.11209082603457,-252.11209082603457,24,0.10622529644268774,3.065,1.13,5,5,-0.0012821421260015287,0.9986493140459061,1.0868089199066162,5.9615190548367725e-05,0.0,0.0,0.0,4,9.981516191078471e-05,9.981516191078471e-05,1.0,in,l2sq,484.96607279777527
2026-05-20T07:00:03.542024,11,13309,-228.77882343530658,-240.44545713067058,19,0.10597826086956522,3.285,1.17,5,5,-0.0020529121975414455,0.9821321964263916,1.0550618767738342,-0.00012163382343715473,0.0,0.0,0.0,4,9.980018988604848e-05,9.980018988604848e-05,1.0,in,l2sq,519.939159154892
2026-05-20T07:00:48.684325,12,14392,-189.50543940067294,-189.50543940067294,29,0.10994983277591973,3.455,1.25,5,5,-0.0012310493993936134,0.9291530773043633,1.0324377194046974,-0.0001490094668042674,0.0,0.0,0.0,4,9.978522035656652e-05,9.978522035656652e-05,1.0,in,l2sq,565.0814752578735
2026-05-20T07:01:21.870497,13,15510,-260.8378692269326,-225.17165431380278,19,0.10947204968944099,3.43,1.16,5,5,-0.002056342411378864,0.934988297522068,1.0086996331810951,5.23085191155015e-07,0.0,0.0,0.0,4,9.976526431034742e-05,9.976526431034742e-05,1.0,in,l2sq,598.2676448822021
2026-05-20T07:02:00.046280,14,16583,-196.83046567440036,-196.83046567440036,32,0.11376811594202899,3.455,1.1,4,5,-0.0008117884819511811,1.0364943146705627,1.0220092833042145,0.00014703404858668057,0.0,0.0,0.0,4,9.97502997701265e-05,9.97502997701265e-05,1.0,in,l2sq,636.4434628486633
2026-05-20T07:02:32.693132,15,17666,-266.43962228298193,-231.63504397869116,19,0.11311141304347826,3.425,1.06,5,5,-0.0017731137631926686,0.9233624562621117,1.018538311123848,0.0006110914437158707,0.0,0.0,0.0,4,9.973533772391248e-05,9.973533772391248e-05,1.0,in,l2sq,669.0903205871582
2026-05-20T07:03:18.203011,16,18737,-231.7983041405678,-231.7983041405678,19,0.11253196930946291,3.53,1.13,5,5,-0.001551594215561669,0.9169275313615799,1.0446225851774216,2.120586141245162e-05,0.0,0.0,0.0,4,9.971539165372108e-05,9.971539165372108e-05,1.0,in,l2sq,714.600019454956
2026-05-20T07:03:49.719299,17,19811,-228.45848453044894,-230.12839433550837,21,0.1126207729468599,3.62,1.15,5,5,-0.0013404116441959602,0.9423540383577347,1.0272733569145203,-0.00011813102282759447,0.0,0.0,0.0,4,9.970043459427396e-05,9.970043459427396e-05,1.0,in,l2sq,746.116427898407
2026-05-20T07:04:30.329816,18,20949,-224.94402402639392,-224.94402402639392,27,0.11441647597254005,3.78,1.17,3,5,-0.0014763702180061733,1.0184802114963531,1.0213241130113602,-0.00018015799250864495,0.0,0.0,0.0,4,9.968548002758701e-05,9.968548002758701e-05,1.0,in,l2sq,786.7270269393921
2026-05-20T07:05:04.898284,19,22087,-220.2530184388161,-222.598521232605,24,0.11521739130434783,3.915,1.24,5,5,-0.0024920948402722964,0.9914260655641556,1.0385207831859589,0.0005967054814391345,0.0,0.0,0.0,4,9.966554392843628e-05,9.966554392843628e-05,1.0,in,l2sq,821.2954103946686
2026-05-20T07:05:42.696594,20,23135,-156.92103099823,-156.92103099823,29,0.11875,3.715,1.2,1,5,-0.001578241299284855,0.9830080047249794,1.036222591996193,0.0001530008623376461,0.0015625000232830644,0.0,0.0,4,9.964561181630603e-05,9.964561181630603e-05,1.0,in,l2sq,859.093761920929
2026-05-20T07:06:15.383265,21,24214,-190.57598131895068,-173.74850615859035,27,0.12092391304347826,3.79,1.23,5,5,-0.002063602261478059,0.9378002732992172,1.04017835855484,0.00041626217862356096,0.0,0.0,0.0,4,9.963066522366007e-05,9.963066522366007e-05,1.0,in,l2sq,891.7804448604584
2026-05-20T07:06:54.506275,22,25297,-165.96702480316165,-165.96702480316165,25,0.12228260869565218,3.775,1.2,1,5,-0.0015342049307947025,0.9632295146584511,1.0452775210142136,-2.312341530347206e-05,0.0,0.0,0.0,4,9.961572112202985e-05,9.961572112202985e-05,1.0,in,l2sq,930.9034419059753
2026-05-20T07:07:26.812035,23,26356,-184.35332733392718,-175.16017606854442,25,0.125,3.84,1.19,5,5,-0.0035640311107275058,0.9064048081636429,1.0493499040603638,0.0012287777289657076,0.0009765625,0.0,0.0,4,9.959579897396266e-05,9.959579897396266e-05,1.0,in,l2sq,963.209234714508
2026-05-20T07:08:06.635098,24,27464,-177.4973176121712,-177.4973176121712,23,0.1266304347826087,3.725,1.1,0,5,-0.0023016385617666835,0.9536977410316467,1.0276961028575897,0.001336951577104617,0.0,0.0,0.0,4,9.958085985311852e-05,9.958085985311852e-05,1.0,in,l2sq,1003.0322775840759
2026-05-20T07:08:39.049493,25,28533,-178.96697819232944,-178.23214790225032,22,0.12771739130434784,3.58,1.02,5,5,-0.002207209188054643,0.9242358952760696,1.0015254840254784,-7.256536810024139e-06,0.0,0.0,0.0,4,9.956592322204485e-05,9.956592322204485e-05,1.0,in,l2sq,1035.4466018676758
2026-05-20T07:09:18.249392,26,29622,-145.5247504115105,-145.5247504115105,29,0.12934782608695652,3.6,0.94,0,5,-0.0030131943902233504,0.9599473997950554,1.0105460211634636,-0.0007329392783503863,0.0,0.0,0.0,4,9.954601103305968e-05,9.954601103305968e-05,1.0,in,l2sq,1074.6465780735016
2026-05-20T07:09:51.220555,27,30700,-146.9297333955765,-146.2272419035435,24,0.12880434782608696,3.505,0.86,5,5,-0.002818253653822489,0.9310345500707626,0.99860979616642,3.0407405574792157e-06,0.0,0.0,0.0,4,9.95310793802822e-05,9.95310793802822e-05,1.0,in,l2sq,1107.6176726818085
2026-05-20T07:10:28.932584,28,31742,-106.093758225441,-106.093758225441,33,0.13260869565217392,3.445,0.76,0,5,-0.0019076515283814321,0.8949603587388992,0.9790903553366661,3.673439314297311e-05,0.0,0.0,0.0,4,9.951615021603055e-05,9.951615021603055e-05,1.0,in,l2sq,1145.3297853469849
2026-05-20T07:11:02.488497,29,32849,-161.43893623352054,-133.76634722948077,22,0.13369565217391305,3.405,0.68,5,5,-0.0029730677764746027,0.9179201126098633,0.9796021282672882,0.0005857434370909465,0.001757812569849193,0.0,0.0,4,9.949624798114885e-05,9.949624798114885e-05,1.0,in,l2sq,1178.885612487793
2026-05-20T07:11:41.331986,30,33924,-184.9433504343033,-184.9433504343033,22,0.1331521739130435,3.31,0.68,0,5,-0.0013907305990869534,1.0613598972558975,0.9776494726538658,0.00027471865450934274,0.0,0.0,0.0,4,9.947634972651512e-05,9.947634972651512e-05,1.0,in,l2sq,1217.7291719913483
2026-05-20T07:12:12.512492,31,35013,-181.16571599245074,-183.05453321337703,21,0.13369565217391305,3.27,0.67,5,5,-0.0025460050324909167,0.9433993250131607,0.958086222410202,0.0002962357189062459,0.0,0.0,0.0,4,9.946142852275945e-05,9.946142852275945e-05,1.0,in,l2sq,1248.909639596939
2026-05-20T07:12:51.652682,32,36107,-91.61600410938264,-91.61600410938264,24,0.13233695652173913,3.345,0.68,1,5,-0.002375878858583702,0.9554600119590759,0.9474154487252235,0.0013951178960269484,0.0,0.0,0.0,4,9.944650980578818e-05,9.944650980578818e-05,1.0,in,l2sq,1288.0498671531677
2026-05-20T07:13:25.456815,33,37241,-145.920220553875,-118.76811233162883,17,0.13179347826086957,3.39,0.7,5,5,-0.002846254504402179,0.8806402534246445,0.9537220522761345,0.0015557998638541931,0.0,0.0,0.0,4,9.942662149829213e-05,9.942662149829213e-05,1.0,in,l2sq,1321.8540043830872
2026-05-20T07:14:05.089107,34,38379,-189.2456662654877,-189.2456662654877,17,0.12771739130434784,3.395,0.75,2,5,-0.0013831034564646405,0.9017070531845093,0.9169004857540131,0.002158950184821151,0.0,0.0,0.0,4,9.941170775364637e-05,9.941170775364637e-05,1.0,in,l2sq,1361.4863021373749
2026-05-20T07:14:34.671070,35,39403,-90.12624454498292,-139.68595540523532,31,0.1309782608695652,3.38,0.78,5,5,-0.002836229893728115,0.9475548639893532,0.9186091050505638,0.0012274395451641051,0.00019531250291038305,0.0,0.0,4,9.939679649454187e-05,9.939679649454187e-05,1.0,in,l2sq,1391.0682513713837
2026-05-20T07:15:07.894249,36,40477,-151.39558118581775,-151.39558118581775,27,0.1331521739130435,3.47,0.83,3,5,-0.002093014139973093,0.8786264955997467,0.8998642042279243,-0.0006253267627471318,0.0,0.0,0.0,4,9.937691812921092e-05,9.937691812921092e-05,1.0,in,l2sq,1424.2914416790009
2026-05-20T07:15:39.041092,37,41528,-62.25605273246768,-106.82581695914271,30,0.13559782608695653,3.34,0.79,5,5,-0.0009424202082302102,1.0720537900924683,0.880649745464325,0.00030602490005549043,0.0,0.0,0.0,4,9.936201183994625e-05,9.936201183994625e-05,1.0,in,l2sq,1455.4382927417755
2026-05-20T07:16:17.480019,38,42629,-98.31353121995927,-98.31353121995927,24,0.13478260869565217,3.485,0.82,3,5,-0.0021703798498492466,0.9334620833396912,0.8887635618448257,0.0005890008749702552,0.0,0.0,0.0,4,9.934710803498032e-05,9.934710803498032e-05,1.0,in,l2sq,1493.8772094249725
2026-05-20T07:16:49.686153,39,43718,-126.07753908634189,-112.19553515315059,28,0.1358695652173913,3.605,0.81,5,5,-0.0018744766872260676,0.9600890427827835,0.8952314481139183,0.00043312133202561,0.0,0.0,0.0,4,9.932723960684441e-05,9.932723960684441e-05,1.0,in,l2sq,1526.0833415985107
2026-05-20T07:17:24.964634,40,44722,-48.65726554393769,-48.65726554393769,37,0.13804347826086957,3.57,0.81,2,5,-0.0018178805621573702,0.961661696434021,0.8979250192642212,-0.0007001412188401279,0.0,0.0,0.0,4,9.93123407692339e-05,9.93123407692339e-05,1.0,in,l2sq,1561.3618290424347
2026-05-20T07:17:57.536413,41,45823,-123.83239364624026,-86.24482959508897,24,0.13722826086956522,3.605,0.77,5,5,-0.0016407629518651046,0.9597572535276413,0.8738523125648499,0.00034003941836998567,0.0,0.0,0.0,4,9.929744441468022e-05,9.929744441468022e-05,1.0,in,l2sq,1593.933586359024
2026-05-20T07:18:34.794333,42,46890,-110.96691858768465,-110.96691858768465,29,0.13831521739130434,3.6,0.74,3,5,-0.0023539304937003624,0.9091099798679352,0.8829256147146225,0.00022885634753037898,0.0,0.0,0.0,4,9.927758591877174e-05,9.927758591877174e-05,1.0,in,l2sq,1631.1915156841278
2026-05-20T07:19:06.987100,43,47980,-129.79054003953937,-120.37872931361201,26,0.13858695652173914,3.595,0.72,5,5,-0.002944421005667941,0.8796704113483429,0.8564261645078659,0.0002342766410947661,0.0,0.0,0.0,4,9.92626945290903e-05,9.92626945290903e-05,1.0,in,l2sq,1663.3842859268188
2026-05-20T07:19:41.099336,44,48996,-69.16165179014209,-69.16165179014209,32,0.14103260869565218,3.815,0.8,3,5,-0.002483648846100639,1.0250357314944267,0.8647366985678673,0.0011271704992396325,0.0015624999796273187,0.0,0.0,4,9.924780562122441e-05,9.924780562122441e-05,1.0,in,l2sq,1697.4965205192566
2026-05-20T07:20:13.346648,45,50083,-69.68737953901292,-69.42451566457751,24,0.14157608695652174,3.745,0.76,5,5,-0.0020806804649511346,0.9951844811439514,0.8821480199694633,1.780991306075952e-05,0.0,0.0,0.0,4,9.922795705257824e-05,9.922795705257824e-05,1.0,in,l2sq,1729.7438395023346
2026-05-20T07:20:49.220354,46,51145,-85.94079065322877,-85.94079065322877,27,0.14103260869565218,3.655,0.78,2,5,-0.002703991584712684,0.9358604550361633,0.8526583313941956,-0.0005713764505344554,0.0,0.0,0.0,4,9.921307310710265e-05,9.921307310710265e-05,1.0,in,l2sq,1765.6175472736359
2026-05-20T07:21:22.226095,47,52250,-40.54584044218065,-63.24331554770471,29,0.1423913043478261,3.78,0.75,5,5,-0.0019194159936887778,0.958495207130909,0.8592148572206497,0.000990972781437437,0.0,0.0,0.0,4,9.919819164220195e-05,9.919819164220195e-05,1.0,in,l2sq,1798.6232225894928
2026-05-20T07:21:57.963929,48,53308,-103.2624125480652,-103.2624125480652,22,0.13940217391304346,3.845,0.77,1,5,-0.002326831452955966,0.9285564422607422,0.8267936706542969,0.0009651521577324906,0.0,0.0,0.0,4,9.917835299585544e-05,9.917835299585544e-05,1.0,in,l2sq,1834.3611278533936
2026-05-20T07:22:29.681854,49,54368,-115.70445561409,-109.4834340810776,13,0.13695652173913042,3.855,0.78,5,5,-0.0035940409405157414,0.8793092370033264,0.8192585557699203,0.0008540986083972468,0.001953125,0.0,0.0,4,9.916347649086434e-05,9.916347649086434e-05,1.0,in,l2sq,1866.0790209770203
2026-05-20T07:23:09.472122,50,55489,-140.5251067876816,-140.5251067876816,20,0.13641304347826086,3.965,0.75,1,5,-0.001983439238756546,0.9502117782831192,0.8256753757596016,0.0011656113962089862,0.00019531250291038305,0.0,0.0,4,9.91486024652081e-05,9.91486024652081e-05,1.0,in,l2sq,1905.8691222667694
2026-05-20T07:23:47.172545,51,56584,-73.25878423452379,-106.8919455111027,26,0.13777173913043478,3.995,0.78,5,5,-0.0020888895174493993,0.9106731414794922,0.8168079033493996,0.0009358701441669892,0.0033203125931322575,0.0,0.0,4,9.912877373620108e-05,9.912877373620108e-05,1.0,in,l2sq,1943.5696501731873
2026-05-20T07:24:23.402851,52,57585,-28.308233916759505,-28.308233916759505,34,0.14048913043478262,4.065,0.77,1,5,-0.0023702130070888394,0.8916837126016617,0.8085682392120361,0.0005183110755750953,0.0,0.0,0.0,4,9.911390466797497e-05,9.911390466797497e-05,1.0,in,l2sq,1979.8000438213348
2026-05-20T07:24:55.041760,53,58690,-63.68612599372865,-45.99717995524408,33,0.14483695652173914,4.045,0.73,5,5,-0.002092145429924086,0.9822885096073151,0.7822342589497566,0.0003511395454552646,0.0,0.0,0.0,4,9.90990380778443e-05,9.90990380778443e-05,1.0,in,l2sq,2011.4388704299927
2026-05-20T07:25:34.696081,54,59793,-74.94577676057817,-74.94577676057817,30,0.1483695652173913,4.115,0.66,1,5,-0.0017405882834281572,0.9093507826328278,0.8049318641424179,0.0012711093035250032,0.0,0.0,0.0,4,9.907921926121912e-05,9.907921926121912e-05,1.0,in,l2sq,2051.093292236328
2026-05-20T07:26:06.755183,55,60848,-107.923432469368,-91.43460461497308,25,0.14673913043478262,3.92,0.62,5,5,-0.0018841252262064012,0.8442763984203339,0.787726528942585,0.0014071519104618402,0.0,0.0,0.0,4,9.905940440815906e-05,9.905940440815906e-05,1.0,in,l2sq,2083.1523056030273
2026-05-20T07:26:44.991677,56,61882,-114.74698281288148,-114.74698281288148,32,0.1480978260869565,3.94,0.6,0,5,-0.000676529093470879,0.9290014505386353,0.767288938164711,0.0018119542379281262,0.0003906250058207661,0.0,0.0,4,9.904454574515874e-05,9.904454574515874e-05,1.0,in,l2sq,2121.3888444900513
2026-05-20T07:27:17.188446,57,62928,-100.72696727514268,-107.73697504401208,20,0.1453804347826087,3.86,0.6,5,5,-0.0018457625497604324,0.944995328783989,0.7727286294102669,-0.00020307606027927805,0.00019531250291038305,0.0,0.0,4,9.902968955851969e-05,9.902968955851969e-05,1.0,in,l2sq,2153.5856029987335
2026-05-20T07:27:55.918179,58,63995,-117.23294365406038,-117.23294365406038,28,0.14646739130434783,3.93,0.56,0,5,-0.0018379897956037894,0.8684389740228653,0.7685610502958298,7.37851642043097e-05,0.0,0.0,0.0,4,9.901483535267252e-05,9.901483535267252e-05,1.0,in,l2sq,2192.3153665065765
2026-05-20T07:28:27.234540,59,65041,-88.57560515403749,-102.90427440404893,33,0.14782608695652175,3.81,0.45,5,5,-0.0016428612478193994,0.9878668934106827,0.744823232293129,0.00010167853251915465,0.0,0.0,0.0,4,9.899998362244381e-05,9.899998362244381e-05,1.0,in,l2sq,2223.631720304489
2026-05-20T07:29:07.362192,60,66162,-3.1662766337395016,-3.1662766337395016,33,0.14673913043478262,3.93,0.5,1,5,-0.002551748673431553,0.9040748924016953,0.755662813782692,-0.0001983052514333561,0.0,0.0,0.0,4,9.898018461571916e-05,9.898018461571916e-05,1.0,in,l2sq,2263.7593896389008
2026-05-20T07:29:37.621020,61,67210,-36.8912504911423,-20.0287635624409,32,0.14891304347826087,3.965,0.53,5,5,-0.0019800152826064954,0.8585115969181061,0.7482975125312805,0.00038999501957732215,0.0,0.0,0.0,4,9.896038956859787e-05,9.896038956859787e-05,1.0,in,l2sq,2294.0181624889374
2026-05-20T07:30:14.366855,62,68257,-44.68351578712465,-44.68351578712465,32,0.14972826086956523,4.065,0.52,3,5,-0.001753517281031236,1.0334698259830475,0.7660161107778549,0.0005293991227517877,0.0,0.0,0.0,4,9.894554575757593e-05,9.894554575757593e-05,1.0,in,l2sq,2330.7640821933746
2026-05-20T07:30:48.272079,63,69396,-71.71482247114183,-58.19916912913324,18,0.14755434782608695,4.01,0.52,5,5,-0.0027989216381683057,0.9403556659817696,0.7801487371325493,-0.0004570122815494293,0.0009765625,0.0,0.0,4,9.893070442044003e-05,9.893070442044003e-05,1.0,in,l2sq,2364.6692113876343
2026-05-20T07:31:26.192919,64,70477,-32.966240286827116,-32.966240286827116,32,0.14755434782608695,4.18,0.53,4,5,-0.002167334103433005,0.8342604413628578,0.7602352425456047,0.0006226372745004455,0.0007812500116415322,0.0,0.0,4,9.891091926886299e-05,9.891091926886299e-05,1.0,in,l2sq,2402.5901436805725
2026-05-20T07:31:59.106812,65,71586,-20.53080236911775,-26.748521327972433,23,0.14728260869565218,4.2,0.52,5,5,-0.0037264742946718776,0.9197431057691574,0.7934402525424957,-0.000944874327979045,0.008593750186264515,0.0,0.0,4,9.889608287826233e-05,9.889608287826233e-05,1.0,in,l2sq,2435.5039615631104
2026-05-20T07:32:43.026857,66,72625,-54.097329378128066,-54.097329378128066,25,0.14673913043478262,4.235,0.53,5,5,-0.000988578343458335,0.8794953748583794,0.7610230669379234,-0.000926495102794439,0.0003906250058207661,0.0,0.0,4,9.8881248960311e-05,9.8881248960311e-05,1.0,in,l2sq,2479.4238801002502
2026-05-20T07:33:15.306297,67,73718,-76.467890560627,-65.28260996937753,27,0.14619565217391303,4.28,0.52,5,5,-0.0018175915494793582,0.9597020596265793,0.7713364362716675,0.00014243712903407903,0.0,0.0,0.0,4,9.886147369933143e-05,9.886147369933143e-05,1.0,in,l2sq,2511.7034282684326
2026-05-20T07:33:52.568890,68,74789,-47.50062000751497,-47.50062000751497,28,0.14782608695652175,4.23,0.5,4,5,-0.0034131906635593845,0.9661480337381363,0.7461086213588715,-0.00021817642627869338,0.0003906250058207661,0.0,0.0,4,9.884664472544257e-05,9.884664472544257e-05,1.0,in,l2sq,2548.9661073684692
2026-05-20T07:34:23.724380,69,75846,-78.05545943975453,-62.77803972363475,20,0.14972826086956523,4.305,0.51,5,5,-0.00181367360200968,0.8915224522352219,0.7398053780198097,-0.000497046117197919,0.0011718750465661287,0.0,0.0,4,9.883181822296698e-05,9.883181822296698e-05,1.0,in,l2sq,2580.121497154236
2026-05-20T07:35:18.662949,70,76881,-8.6749959588051,-8.6749959588051,35,0.15380434782608696,4.245,0.49,7,7,-0.0028729811740049738,0.9074245020747185,0.7194213345646858,0.0004628552946087383,0.0003906250058207661,0.0,0.0,4,9.881205284764056e-05,9.881205284764056e-05,1.0,in,l2sq,2635.059892654419
2026-05-20T07:35:49.744208,71,77968,-52.54288542270662,-30.60894069075586,28,0.15434782608695652,4.27,0.47,7,7,-0.002661567187169589,0.9888601750135422,0.7663716822862625,0.0013419256276392816,0.003515625139698386,0.0,0.0,4,9.879723128675591e-05,9.879723128675591e-05,1.0,in,l2sq,2666.1413497924805
2026-05-20T07:36:26.540063,72,79030,25.728189349174457,25.728189349174457,35,0.1546195652173913,4.29,0.53,4,7,-0.002869862742954865,0.9442075043916702,0.7145907133817673,0.00013856403129467246,0.0015625000232830644,0.0,0.0,4,9.878241219604905e-05,9.878241219604905e-05,1.0,in,l2sq,2702.937277317047
2026-05-20T07:36:54.992204,73,80072,31.345411360263796,28.536800354719126,35,0.15516304347826088,4.345,0.56,7,7,-0.002994413003034435,0.8787308484315872,0.7073894813656807,-0.0004999351582228029,0.004296875151339918,0.0,0.0,4,9.876265670143397e-05,9.876265670143397e-05,1.0,in,l2sq,2731.3893225193024
2026-05-20T07:37:35.264802,74,81200,-43.9737904071808,-43.9737904071808,27,0.15434782608695652,4.46,0.58,5,7,-0.0025599405576940404,0.9456578493118286,0.6987015306949615,0.001273269873490801,0.0,0.0,0.0,4,9.874784254984776e-05,9.874784254984776e-05,1.0,in,l2sq,2771.6619803905487
2026-05-20T07:38:05.735347,75,82233,19.628382146358472,-12.172704130411164,48,0.16059782608695652,4.635,0.62,7,7,-0.0017111808614572732,0.8884044140577316,0.6844322830438614,0.0017110024717112704,0.0,0.0,0.0,4,9.87330308672045e-05,9.87330308672045e-05,1.0,in,l2sq,2802.1325035095215
2026-05-20T07:38:43.745523,76,83330,17.097836017608603,17.097836017608603,39,0.1625,4.65,0.62,4,7,-0.0026295211748220276,0.8969283699989319,0.6994257047772408,0.001124108674321167,0.00019531250291038305,0.0,0.0,4,9.871328524836136e-05,9.871328524836136e-05,1.0,in,l2sq,2840.1426899433136
2026-05-20T07:39:14.365739,77,84366,1.19974249601363,9.148789256811117,43,0.16875,4.58,0.59,7,7,-0.0038598642451688203,0.9647142738103867,0.7043240964412689,0.0023943120533658213,0.0003906250058207661,0.0,0.0,4,9.869847850236967e-05,9.869847850236967e-05,1.0,in,l2sq,2870.7629222869873
2026-05-20T07:40:05.028698,78,85456,-61.07427525520326,-61.07427525520326,28,0.16875,4.43,0.51,7,7,-0.001135788508145219,0.9005908295512199,0.6850528419017792,-0.00013940536518924906,0.0003906250058207661,0.0,0.0,4,9.868367422408671e-05,9.868367422408671e-05,1.0,in,l2sq,2921.4256768226624
2026-05-20T07:40:36.867969,79,86525,-0.14745765924458087,-30.61086645722392,31,0.16820652173913042,4.445,0.51,7,7,-0.0024718448985368013,0.9535471275448799,0.6530150100588799,0.002850079731797489,0.0011718750465661287,0.0,0.0,4,9.866393847607864e-05,9.866393847607864e-05,1.0,in,l2sq,2953.2651550769806
2026-05-20T07:41:21.477407,80,87597,-5.9910243153572385,-5.9910243153572385,42,0.17065217391304346,4.48,0.48,7,7,-0.002490593562833987,1.062713772058487,0.6697534918785095,0.0010021718568168358,0.0003906250058207661,0.0,0.0,4,9.864913913197941e-05,9.864913913197941e-05,1.0,in,l2sq,2997.8743727207184
2026-05-20T07:41:52.673004,81,88674,1.96884834766384,-2.011087983846699,42,0.1733695652173913,4.44,0.43,7,7,-0.0025236603163648064,0.9042712301015854,0.6529879495501518,0.0013410213607130406,0.0015624999796273187,0.0,0.0,4,9.863434225435531e-05,9.863434225435531e-05,1.0,in,l2sq,3029.070180416107
2026-05-20T07:42:37.694062,82,89754,-30.17541486024858,-30.17541486024858,35,0.17418478260869566,4.615,0.44,7,7,-0.0024677869238076133,0.9542976319789886,0.667358972132206,0.00024131274931279978,0.00019531250291038305,0.0,0.0,4,9.861461637224785e-05,9.861461637224785e-05,1.0,in,l2sq,3074.09099316597
2026-05-20T07:43:07.900642,83,90779,15.91601997613905,-7.1296974420547645,38,0.1796195652173913,4.585,0.43,7,7,-0.002914227527798907,0.9572660177946091,0.64738330245018,0.0008093172595181608,0.0003906250058207661,0.0,0.0,4,9.85998244263409e-05,9.85998244263409e-05,1.0,in,l2sq,3104.2978217601776
2026-05-20T07:43:54.140523,84,91905,6.494629144668546,6.494629144668546,38,0.18125,4.565,0.47,7,7,-0.00346908349310987,0.9313366264104843,0.6352808699011803,0.001501038599599297,0.0056640625989530236,0.0,0.0,4,9.858503494567607e-05,9.858503494567607e-05,1.0,in,l2sq,3150.5374796390533
2026-05-20T07:44:26.981030,85,93001,44.038972139358464,25.266800642013504,39,0.18559782608695652,4.605,0.45,7,7,-0.0031150238384725637,0.9602165594696999,0.6325849741697311,0.001802504014631303,0.009375000052386895,0.0,0.0,4,9.85653189245373e-05,9.85653189245373e-05,1.0,in,l2sq,3183.378215074539
2026-05-20T07:45:14.018366,86,94056,1.8759896159171985,1.8759896159171985,42,0.19021739130434784,4.645,0.49,9,9,-0.0020760685147251934,0.8493043929338455,0.6377418637275696,0.002335691916232452,0.0007812500116415322,0.0,0.0,4,9.855053437312424e-05,9.855053437312424e-05,1.0,in,l2sq,3230.415331363678
2026-05-20T07:45:45.364951,87,95128,-1.5623369812965748,0.15682631731031182,37,0.19293478260869565,4.52,0.46,9,9,-0.0024686841570655815,0.9322988092899323,0.6093619242310524,0.0008217404114475302,0.003710937569849193,0.0,0.0,4,9.853575228572095e-05,9.853575228572095e-05,1.0,in,l2sq,3261.7621388435364
2026-05-20T07:46:29.355610,88,96112,69.02426409721372,69.02426409721372,41,0.19646739130434782,4.5,0.46,10,10,-0.0018586460908409652,0.9652462527155876,0.6291158273816109,0.0005547582970393747,0.00019531250291038305,0.0,0.0,4,9.851604612062134e-05,9.851604612062134e-05,1.0,in,l2sq,3305.7525758743286
2026-05-20T07:46:59.220368,89,97127,29.48362684249875,49.253945469856234,43,0.20271739130434782,4.385,0.39,10,10,-0.0028303332685026827,0.9971453696489334,0.6007708460092545,0.000641561548400206,0.0,0.0,0.0,4,9.850126896000567e-05,9.850126896000567e-05,1.0,in,l2sq,3335.617567539215
2026-05-20T07:47:55.012049,90,98200,38.54030418395992,38.54030418395992,43,0.2048913043478261,4.32,0.32,10,10,-0.0025788847997318953,0.9367541745305061,0.6312384903430939,0.0005163754671230134,0.0039062499563442543,0.0,0.0,4,9.848649426216802e-05,9.848649426216802e-05,1.0,in,l2sq,3391.4090197086334
2026-05-20T07:48:23.537738,91,99213,2.72497797012325,20.632641077041583,42,0.20869565217391303,4.255,0.32,10,10,-0.002280970719584774,0.9176565632224083,0.6194616928696632,0.0005218656691794998,0.0005859375087311491,0.0,0.0,4,9.846679794818054e-05,9.846679794818054e-05,1.0,in,l2sq,3419.9349298477173
2026-05-20T07:49:00.389052,92,100328,-40.267720758914976,-40.267720758914976,36,0.20896739130434783,4.405,0.35,9,10,-0.002956040948629335,0.9232996553182602,0.6079481691122055,0.0009153778410109226,0.0,0.0,0.0,4,9.845202817466762e-05,9.845202817466762e-05,1.0,in,l2sq,3456.7862536907196
2026-05-20T07:49:30.690349,93,101414,-3.0874797105789575,-21.67760023474697,40,0.21032608695652175,4.445,0.35,10,10,-0.00238143806636798,0.9713683575391769,0.6024184003472328,1.0509017920434793e-05,0.001367187505820766,0.0,0.0,4,9.843726086270156e-05,9.843726086270156e-05,1.0,in,l2sq,3487.0875363349915
2026-05-20T07:50:07.127479,94,102479,21.955601692199693,21.955601692199693,43,0.21467391304347827,4.655,0.38,9,10,-0.0022097625100287177,0.9437036365270615,0.6088917776942253,0.00011142075709358323,0.00019531250291038305,0.0,0.0,4,9.841757439490163e-05,9.841757439490163e-05,1.0,in,l2sq,3523.5246634483337
2026-05-20T07:50:41.305676,95,103631,-7.9681860208511495,6.993707835674272,31,0.21005434782608695,4.665,0.37,10,10,-0.003508533531567104,1.009405642747879,0.616142213344574,0.0009739772096508947,0.00390625,0.0,0.0,4,9.840281200479864e-05,9.840281200479864e-05,1.0,in,l2sq,3557.7028737068176
2026-05-20T07:51:28.575444,96,104722,4.878620684146846,4.878620684146846,41,0.2105978260869565,4.87,0.33,10,10,-0.002132985551770661,0.9242939651012421,0.610444463789463,0.0017891136652906647,0.0003906250058207661,0.0,0.0,4,9.838805207501198e-05,9.838805207501198e-05,1.0,in,l2sq,3604.9724023342133
2026-05-20T07:51:59.443293,97,105793,12.880216181278172,8.879418432712509,34,0.20815217391304347,4.91,0.29,10,10,-0.0015709892307541606,0.9615705981850624,0.5974077433347702,0.00034244741418662517,0.0,0.0,0.0,4,9.83683754484775e-05,9.83683754484775e-05,1.0,in,l2sq,3635.8405001163483
2026-05-20T07:52:36.556602,98,106882,27.32116925716396,27.32116925716396,45,0.2127717391304348,4.925,0.24,9,10,-0.003416983108036231,0.9834990873932838,0.5986826717853546,0.00025796787258514087,0.005468750110594556,0.0,0.0,4,9.834870275707157e-05,9.834870275707157e-05,1.0,in,l2sq,3672.953788995743
2026-05-20T07:53:05.354204,99,107868,3.180917501449554,15.251043379306756,39,0.21494565217391304,4.87,0.33,10,10,-0.0029545365541707724,0.9059247672557831,0.6089047193527222,0.0003784604512475087,0.0011718750465661287,0.0,0.0,4,9.833395069754206e-05,9.833395069754206e-05,1.0,in,l2sq,3701.751394033432
2026-05-20T07:53:47.673750,100,108926,-61.62289315462114,-61.62289315462114,35,0.21304347826086956,4.715,0.44,8,10,-0.002190200323821112,0.9138356298208237,0.5959422290325165,-0.0001693431725471109,0.0,0.0,0.0,4,9.831920109660717e-05,9.831920109660717e-05,1.0,in,l2sq,3744.070925474167
2026-05-20T07:54:19.491105,101,110005,52.68860518932341,-4.467143982648864,47,0.21440217391304348,4.79,0.49,10,10,-0.004018557257950306,0.8992212414741516,0.6148703545331955,0.0014868885373289231,0.0023437500931322575,0.0,0.0,4,9.830445346225298e-05,9.830445346225298e-05,1.0,in,l2sq,3775.8883004188538
2026-05-20T07:54:57.601760,102,111121,-15.734064579010024,-15.734064579010024,33,0.2138586956521739,4.8,0.53,8,10,-0.002947624062653642,0.9060897380113602,0.5885171964764595,0.0021705127502173044,0.0029296875,0.0,0.0,4,9.82897082857559e-05,9.82897082857559e-05,1.0,in,l2sq,3813.9989490509033
2026-05-20T07:55:26.446635,103,112156,12.421367466449706,-1.6563485562801592,34,0.2127717391304348,4.765,0.61,10,10,-0.003277128265835927,0.9014987349510193,0.5949994772672653,0.0014580271808882078,0.009960937735741027,0.0,0.0,4,9.827005132699583e-05,9.827005132699583e-05,1.0,in,l2sq,3842.8438279628754
2026-05-20T07:56:02.019394,104,113182,39.22916042804716,39.22916042804716,44,0.21440217391304348,4.605,0.52,7,10,-0.0035788935376332986,0.9031763076782227,0.6048524379730225,0.001142356927084618,0.0015625000232830644,0.0,0.0,4,9.82553110649842e-05,9.82553110649842e-05,1.0,in,l2sq,3878.4165828227997
2026-05-20T07:56:32.677349,105,114207,88.29120784997939,63.760184139013276,44,0.2157608695652174,4.65,0.4,10,10,-0.0012352064412198271,0.9330438748002052,0.5765472054481506,0.00019363694314053492,0.001953125072759576,0.0,0.0,4,9.824057325960101e-05,9.824057325960101e-05,1.0,in,l2sq,3909.074529647827
2026-05-20T07:57:08.042327,106,115234,21.269713401794412,21.269713401794412,44,0.21630434782608696,4.485,0.36,9,10,-0.003125958226155537,0.8902812898159027,0.5709343031048775,0.001632489735584386,0.010351562697906047,0.0,0.0,4,9.822092612735484e-05,9.822092612735484e-05,1.0,in,l2sq,3944.439509868622
2026-05-20T07:57:39.311941,107,116296,66.16891306638715,43.71931323409078,46,0.21875,4.445,0.34,10,10,-0.0023693494789768232,0.9740279763936996,0.5646252483129501,-0.0007621840999490759,0.0042968750931322575,0.0,0.0,4,9.820619323400032e-05,9.820619323400032e-05,1.0,in,l2sq,3975.709138393402
2026-05-20T07:58:14.677708,108,117315,93.21021747589108,93.21021747589108,51,0.22146739130434784,4.5,0.34,9,10,-0.002101254853187129,0.9515378177165985,0.5707113072276115,0.0007851763091821173,0.0,0.0,0.0,4,9.819146279604619e-05,9.819146279604619e-05,1.0,in,l2sq,4011.0748975276947
2026-05-20T07:58:46.559509,109,118381,7.077566742896994,50.14389210939404,40,0.22065217391304348,4.585,0.39,10,10,-0.0032683574536349624,1.0069409906864166,0.5599156618118286,0.0008151438036293479,0.0,0.0,0.0,4,9.817673432211771e-05,9.817673432211771e-05,1.0,in,l2sq,4042.9567041397095
2026-05-20T07:59:24.588428,110,119448,40.78394240140913,40.78394240140913,50,0.22255434782608696,4.705,0.4,8,10,-0.0031162251165369748,0.9040163457393646,0.5627554059028625,0.0019059067446505484,0.0046875000989530236,0.0,0.0,4,9.816200830285306e-05,9.816200830285306e-05,1.0,in,l2sq,4080.9855999946594
2026-05-20T07:59:56.349753,111,120495,66.72945070266722,53.75669655203818,47,0.22391304347826088,4.845,0.37,10,10,-0.0028121799899963884,0.9769841954112053,0.547476164996624,0.0010153022249142496,0.0,0.0,0.0,4,9.814237688281258e-05,9.814237688281258e-05,1.0,in,l2sq,4112.746876239777
2026-05-20T08:00:46.180715,112,121570,56.300988972187035,56.300988972187035,38,0.22445652173913044,4.915,0.37,10,10,-0.0021466792095452547,0.9429257065057755,0.5230601131916046,8.772845831117593e-06,0.0,0.0,0.0,4,9.812765577164837e-05,9.812765577164837e-05,1.0,in,l2sq,4162.577707529068
2026-05-20T08:01:17.252044,113,122610,38.275915563106494,47.28845226764676,37,0.2236413043478261,4.86,0.37,10,10,-0.0025772683286049425,0.9619805663824081,0.5071997009217739,0.0017150307649898833,0.0021484375465661287,0.0,0.0,4,9.811293711392091e-05,9.811293711392091e-05,1.0,in,l2sq,4193.649177312851
2026-05-20T08:01:53.616332,114,123669,109.74900788068771,109.74900788068771,49,0.22527173913043477,4.855,0.35,9,10,-0.004071057779947207,0.9551841914653778,0.5310934856534004,0.0017842115004896297,0.017578125116415322,0.0,0.0,4,9.80933155076275e-05,9.80933155076275e-05,1.0,in,l2sq,4230.013534069061
2026-05-20T08:02:25.215556,115,124734,87.27020442485806,98.50960615277289,45,0.22907608695652174,4.93,0.37,10,10,-0.003056193975498722,0.9193669855594635,0.5223825722932816,-9.662094489615303e-05,0.00390625,0.0,0.0,4,9.80786017555469e-05,9.80786017555469e-05,1.0,in,l2sq,4261.612680435181
2026-05-20T08:03:11.138409,116,125839,31.529424726963015,31.529424726963015,47,0.23070652173913042,4.875,0.39,10,10,-0.0021521812686841613,0.9390969201922417,0.5124218761920929,0.0016885487084437184,0.0015625000232830644,0.0,0.0,4,9.806389045567657e-05,9.806389045567657e-05,1.0,in,l2sq,4307.535399675369
2026-05-20T08:03:45.319356,117,126959,39.449035048484774,35.489229887723894,35,0.23097826086956522,4.94,0.44,10,10,-0.002463199034536956,0.9164180904626846,0.5353033989667892,0.0009474994840274974,0.0019531250291038305,0.0,0.0,4,9.804427865822436e-05,9.804427865822436e-05,1.0,in,l2sq,4341.716491937637
2026-05-20T08:04:29.210981,118,127994,9.094513595104182,9.094513595104182,39,0.22934782608695653,4.89,0.5,10,10,-0.001698350928200032,0.9032377004623413,0.5277706533670425,0.0007368782542471336,0.0003906250058207661,0.0,0.0,4,9.802957226154857e-05,9.802957226154857e-05,1.0,in,l2sq,4385.608008384705
2026-05-20T08:05:01.606849,119,129069,34.14277559518812,21.61864459514615,43,0.23043478260869565,4.77,0.51,10,10,-0.002766197992605246,0.9234858676791191,0.530559241771698,0.0010007178934756528,0.0007812500116415322,0.0,0.0,4,9.801486831585719e-05,9.801486831585719e-05,1.0,in,l2sq,4418.003992319107
2026-05-20T08:05:46.082078,120,130157,88.34803897142407,88.34803897142407,47,0.23369565217391305,4.905,0.53,10,10,-0.003818067535758085,0.9735536426305771,0.5266990438103676,0.00019045950521101584,0.0035156251542503014,0.0,0.0,4,9.79952663223427e-05,9.79952663223427e-05,1.0,in,l2sq,4462.47910284996
2026-05-20T08:06:19.035050,121,131240,68.72064769268032,78.5343433320522,40,0.23179347826086957,5.03,0.5,10,10,-0.002258186053404665,0.904638946056366,0.5458126440644264,0.00048146788476513547,0.0042968750931322575,0.0,0.0,4,9.797566824903091e-05,9.797566824903091e-05,1.0,in,l2sq,4495.432189702988
2026-05-20T08:07:02.785087,122,132264,113.76745724678038,113.76745724678038,52,0.23695652173913043,4.99,0.43,10,10,-0.004543248016852908,0.9426577687263489,0.5855762511491776,0.002804769045542388,0.008984374813735485,0.0,0.0,4,9.796097214374498e-05,9.796097214374498e-05,1.0,in,l2sq,4539.182049751282
2026-05-20T08:07:36.709404,123,133363,6.152084529399834,59.959770888090105,39,0.23831521739130435,4.98,0.39,10,10,-0.0022339264403853365,0.852912075817585,0.5635649338364601,-0.00035067707449346064,0.002734375011641532,0.0,0.0,4,9.794627848772828e-05,9.794627848772828e-05,1.0,in,l2sq,4573.106518983841
2026-05-20T08:08:28.461900,124,134369,107.2843354940414,107.2843354940414,55,0.24130434782608695,4.77,0.31,10,10,-0.002303025143919557,0.8650497049093246,0.5722325444221497,-0.00017359312732878607,0.0015625000232830644,0.0,0.0,4,9.793158679083305e-05,9.793158679083305e-05,1.0,in,l2sq,4624.858961343765
2026-05-20T08:09:00.746397,125,135444,57.21494257450098,82.24963903427118,43,0.24103260869565218,4.56,0.32,10,10,-0.0021190695508266355,0.9309110194444656,0.5453767403960228,0.001495404951037926,0.0003906250058207661,0.0,0.0,4,9.791689754247237e-05,9.791689754247237e-05,1.0,in,l2sq,4657.1435306072235
2026-05-20T08:09:37.811638,126,136520,77.42008256912231,77.42008256912231,40,0.23994565217391303,4.6,0.3,9,10,-0.002398049143084835,0.8548489063978195,0.5563541650772095,0.0005531283259642694,0.0003906250058207661,0.0,0.0,4,9.789731514213285e-05,9.789731514213285e-05,1.0,in,l2sq,4694.208846569061
2026-05-20T08:10:09.832877,127,137602,50.91612285375593,64.16810271143912,42,0.2388586956521739,4.685,0.31,10,10,-0.0027315528204781003,0.8918469622731209,0.5440026968717575,0.0022891590384460925,0.0041015626629814506,0.0,0.0,4,9.787773665807757e-05,9.787773665807757e-05,1.0,in,l2sq,4726.229999065399
2026-05-20T08:10:43.587193,128,138620,53.88059377670285,53.88059377670285,46,0.2375,4.71,0.31,7,10,-0.0014771998481591941,0.9451738744974136,0.5486281365156174,-0.00031309597034123726,0.0003906250058207661,0.0,0.0,4,9.786305524228544e-05,9.786305524228544e-05,1.0,in,l2sq,4759.984417676926
2026-05-20T08:11:13.777414,129,139642,138.10683888196945,95.99371632933615,51,0.24048913043478262,4.735,0.31,10,10,-0.0025259238325816002,0.8531399518251419,0.5343515947461128,0.001117002238970594,0.0021484375465661287,0.0,0.0,4,9.784837627331439e-05,9.784837627331439e-05,1.0,in,l2sq,4790.17453956604
2026-05-20T08:11:47.946315,130,140673,71.56466311216352,71.56466311216352,51,0.2407608695652174,4.75,0.28,8,10,-0.0028284758504014684,0.8581204861402512,0.520976111292839,0.0006709469751512431,0.0007812500116415322,0.0,0.0,4,9.783369926150656e-05,9.783369926150656e-05,1.0,in,l2sq,4824.34352684021
2026-05-20T08:12:18.537055,131,141715,93.27005285024642,82.41735798120496,44,0.23994565217391303,4.73,0.3,10,10,-0.0034345211490292016,0.9103615805506706,0.5595327019691467,0.0012285998976494569,0.0009765625291038305,0.0,0.0,4,9.781902469578584e-05,9.781902469578584e-05,1.0,in,l2sq,4854.934193134308
2026-05-20T08:13:02.345283,132,142755,80.99054056406017,80.99054056406017,50,0.24320652173913043,4.72,0.29,10,10,-0.002299679849966374,0.8667793869972229,0.5502382665872574,0.0008244975388606718,0.00019531250291038305,0.0,0.0,4,9.779946186903694e-05,9.779946186903694e-05,1.0,in,l2sq,4898.742334842682
2026-05-20T08:13:34.353353,133,143811,105.97510659694666,93.4828235805034,43,0.24483695652173912,4.805,0.29,10,10,-0.0033345149015076014,0.9108928889036179,0.537188857793808,0.0053219843935949085,0.007812500291038305,0.0,0.0,4,9.778479219426746e-05,9.778479219426746e-05,1.0,in,l2sq,4930.750488758087
2026-05-20T08:14:20.553049,134,144877,142.18896478414533,142.18896478414533,50,0.2451086956521739,4.865,0.31,11,11,-0.00288328295355314,0.8518659844994545,0.5204054713249207,0.0017936583923073846,0.007226562825962901,0.0,0.0,4,9.777012496436228e-05,9.777012496436228e-05,1.0,in,l2sq,4976.950057506561
2026-05-20T08:14:52.690782,135,145935,89.15286684036249,115.67091581225391,42,0.24429347826086956,5.025,0.33,11,11,-0.0028789073156076372,0.8564343228936195,0.5186411738395691,0.0005300753417940701,0.001171875002910383,0.0,0.0,4,9.775057191707066e-05,9.775057191707066e-05,1.0,in,l2sq,5009.087944984436
2026-05-20T08:15:30.276148,136,147033,137.7160479426384,137.7160479426384,56,0.2467391304347826,5.07,0.25,9,11,-0.0011854365744511375,0.9454281181097031,0.5026041716337204,0.0006773018874810521,0.0,0.0,0.0,4,9.773590957567175e-05,9.773590957567175e-05,1.0,in,l2sq,5046.673355817795
2026-05-20T08:16:02.669098,137,148101,79.79614871740338,108.75609833002089,45,0.24945652173913044,5.125,0.32,11,11,-0.0036621490202378704,0.9074826464056969,0.4815025217831135,0.0012136108380217947,0.007226562825962901,0.0,0.0,4,9.772124967791495e-05,9.772124967791495e-05,1.0,in,l2sq,5079.066251993179
2026-05-20T08:16:40.764801,138,149180,81.41241967678069,81.41241967678069,45,0.2510869565217391,5.115,0.31,10,11,-0.0019831031851936243,0.9466355666518211,0.47659287229180336,0.001442004415457665,0.0023437500494765118,0.0,0.0,4,9.770170640519187e-05,9.770170640519187e-05,1.0,in,l2sq,5117.162018537521
2026-05-20T08:17:11.725385,139,150203,154.31731623411176,117.86486795544621,60,0.25570652173913044,4.95,0.27,11,11,-0.001977887828252367,0.9474277347326279,0.4784720465540886,-0.00044693358468061994,0.003515625139698386,0.0,0.0,4,9.768705139349757e-05,9.768705139349757e-05,1.0,in,l2sq,5148.12251996994
2026-05-20T08:17:53.513034,140,151239,89.74954491853713,89.74954491853713,50,0.2565217391304348,4.765,0.31,12,12,-0.0013774443737929881,0.8794232979416847,0.5008883513510227,8.462087896532727e-05,0.0003906250058207661,0.0,0.0,4,9.767239882422382e-05,9.767239882422382e-05,1.0,in,l2sq,5189.910056591034
2026-05-20T08:18:26.461899,141,152322,87.73545980453488,88.742502361536,45,0.2578804347826087,4.74,0.27,12,12,-0.002298336403691814,0.9019630402326584,0.5090224370360374,0.0009599972408977919,0.0017578125116415322,0.0,0.0,4,9.765286532118295e-05,9.765286532118295e-05,1.0,in,l2sq,5222.859037876129
2026-05-20T08:19:04.801116,142,153416,53.73947542905806,53.73947542905806,33,0.25271739130434784,4.815,0.31,11,12,-0.0024814875039738116,0.9385234862565994,0.5115995556116104,0.0013746420258030634,0.0,0.0,0.0,4,9.763821763552915e-05,9.763821763552915e-05,1.0,in,l2sq,5261.19833779335
2026-05-20T08:19:37.717730,143,154501,134.6153711080551,94.17742326855657,39,0.25271739130434784,4.865,0.32,12,12,-0.0021901578278630263,0.8798748105764389,0.5226017385721207,0.0016572318947510323,0.0007812500261934474,0.0,0.0,4,9.762357239107491e-05,9.762357239107491e-05,1.0,in,l2sq,5294.114862203598
2026-05-20T08:20:23.074796,144,155576,128.001434803009,128.001434803009,52,0.2519021739130435,4.925,0.27,12,12,-0.0027690855122273206,0.9958178102970123,0.5254794135689735,0.0009142832777797594,0.006640625302679837,0.0,0.0,4,9.760404865283241e-05,9.760404865283241e-05,1.0,in,l2sq,5339.471954107285
2026-05-20T08:20:55.179472,145,156636,70.74229842424388,99.37186661362645,42,0.2516304347826087,5.13,0.35,12,12,-0.0020034805085744622,0.9666711688041687,0.5031948685646057,-0.0003065472312301365,0.0003906250058207661,0.0,0.0,4,9.758940828955682e-05,9.758940828955682e-05,1.0,in,l2sq,5371.576628923416
2026-05-20T08:21:32.690678,146,157697,95.55231863260268,95.55231863260268,50,0.2543478260869565,5.15,0.41,10,12,-0.0024852395334162836,0.9711117446422577,0.49571118876338005,0.0006978255726153293,0.00019531250291038305,0.0,0.0,4,9.757477036626043e-05,9.757477036626043e-05,1.0,in,l2sq,5409.087834596634
2026-05-20T08:22:04.841859,147,158751,124.7769379019737,110.16462826728818,51,0.25679347826086957,5.325,0.38,12,12,-0.003282445666263789,0.8812268003821373,0.5109336376190186,0.0003362643430591117,0.0,0.0,0.0,4,9.755525638793487e-05,9.755525638793487e-05,1.0,in,l2sq,5441.239056587219
2026-05-20T08:22:55.943754,148,159824,107.41766774654387,107.41766774654387,45,0.2565217391304348,5.365,0.44,13,13,-0.0021870949130970985,0.9837326407432556,0.5247288197278976,0.0012994387740036528,0.0007812500116415322,0.0,0.0,4,9.754062334337701e-05,9.754062334337701e-05,1.0,in,l2sq,5492.340930700302
2026-05-20T08:23:26.654225,149,160856,129.73165303468704,118.57466039061546,44,0.2546195652173913,5.405,0.44,13,13,-0.003355081437621199,0.9245898202061653,0.49975381419062614,0.0002761930876630514,0.006835937558207661,0.0,0.0,4,9.752599273757864e-05,9.752599273757864e-05,1.0,in,l2sq,5523.0514125823975
2026-05-20T08:24:12.412124,150,161941,53.79043835401531,53.79043835401531,43,0.25244565217391307,5.33,0.46,13,13,-0.0025467847575782743,0.9264331310987473,0.504131618887186,-6.269001767122973e-05,0.0013671874767169356,0.0,0.0,4,9.750648851429106e-05,9.750648851429106e-05,1.0,in,l2sq,5568.809299468994
2026-05-20T08:24:44.111079,151,163019,79.11555725336072,66.45299780368802,45,0.25271739130434784,5.36,0.43,13,13,-0.0019944579020374498,0.9698365330696106,0.49649932235479355,-2.4997516629876593e-05,0.0027343749534338713,0.0,0.0,4,9.749186278479232e-05,9.749186278479232e-05,1.0,in,l2sq,5600.500246524811
2026-05-20T08:25:32.621271,152,164131,11.646706402301747,11.646706402301747,39,0.2497282608695652,5.285,0.41,14,14,-0.003027568657853405,0.9283458888530731,0.5059342496097088,0.0020284451993574926,0.008398437756113708,0.0,0.0,4,9.747723949283392e-05,9.747723949283392e-05,1.0,in,l2sq,5649.0182428359985
2026-05-20T08:26:03.105188,153,165194,115.08147871494293,63.36409255862234,58,0.25380434782608696,5.07,0.48,14,14,-0.0030090428976109473,0.8443306982517242,0.5100869201123714,0.0004683527333327296,0.006250000194995664,0.0,0.0,4,9.745774501970775e-05,9.745774501970775e-05,1.0,in,l2sq,5679.502116918564
2026-05-20T08:26:39.011594,154,166225,78.09943038225171,78.09943038225171,44,0.25217391304347825,5.07,0.42,13,14,-0.002005609511979811,0.9035287946462631,0.49271493405103683,0.0025925536541763217,0.001953125,0.0,0.0,4,9.744312660161135e-05,9.744312660161135e-05,1.0,in,l2sq,5715.408780813217
2026-05-20T08:27:10.175365,155,167312,139.5599408149719,108.8296855986118,53,0.25516304347826085,5.225,0.4,14,14,-0.0026519902967265807,0.95863938331604,0.5196266584098339,0.0013155100518815743,0.0005859375232830644,0.0,0.0,4,9.742851061983674e-05,9.742851061983674e-05,1.0,in,l2sq,5746.572489261627
2026-05-20T08:27:43.682171,156,168288,144.77957385778424,144.77957385778424,53,0.2543478260869565,4.97,0.35,11,14,-0.002011056276387535,0.9041870683431625,0.5138075202703476,0.0016727696493035182,0.0027343750989530236,0.0,0.0,4,9.741389658682723e-05,9.741389658682723e-05,1.0,in,l2sq,5780.079383850098
2026-05-20T08:28:15.435410,157,169363,21.937681019306147,83.3586274385452,34,0.2513586956521739,5.14,0.29,14,14,-0.0030608252302045114,0.9674342349171638,0.5149231441318989,0.0007125431475287873,0.0046875001571606845,0.0,0.0,4,9.73992849894087e-05,9.73992849894087e-05,1.0,in,l2sq,5811.832540273666
2026-05-20T08:28:52.590477,158,170443,66.75775963068003,66.75775963068003,45,0.2513586956521739,5.03,0.3,13,14,-0.0021446673636091873,0.8249001204967499,0.518047571182251,0.0011258936611739032,0.0007812500116415322,0.0,0.0,4,9.737980610640366e-05,9.737980610640366e-05,1.0,in,l2sq,5848.987571716309
2026-05-20T08:29:22.841611,159,171468,103.35191112756728,85.05483537912366,45,0.24728260869565216,5.025,0.36,14,14,-0.002690290700411435,0.8663462996482849,0.5125625282526016,0.0053033221927762456,0.009375000197906047,0.0,0.0,4,9.73651993789494e-05,9.73651993789494e-05,1.0,in,l2sq,5879.238745927811
2026-05-20T08:30:07.406105,160,172540,91.8602097034454,91.8602097034454,50,0.24728260869565216,5.035,0.29,14,14,-0.0020368457167933007,0.9178846701979637,0.5035129860043526,0.0009952659931513688,0.0005859375232830644,0.0,0.0,4,9.735059508586856e-05,9.735059508586856e-05,1.0,in,l2sq,5923.803023576736
2026-05-20T08:30:39.799552,161,173632,80.72689980268478,86.2935547530651,42,0.24646739130434783,5.175,0.35,14,14,-0.0026011147681629376,0.9056477546691895,0.5040556415915489,0.00159028242524073,0.0029296876455191523,0.0,0.0,4,9.733112594035733e-05,9.733112594035733e-05,1.0,in,l2sq,5956.196714639664
2026-05-20T08:31:15.938684,162,174692,129.67592412233353,129.67592412233353,48,0.2505434782608696,5.175,0.29,12,14,-0.0034456983557902277,0.9319801032543182,0.48382091522216797,0.0005223435404332344,0.0007812500116415322,0.0,0.0,4,9.731652651480626e-05,9.731652651480626e-05,1.0,in,l2sq,5992.335882902145
2026-05-20T08:31:48.259505,163,175781,62.112053394317606,95.89398875832556,40,0.25081521739130436,5.125,0.24,14,14,-0.002216986197163373,0.9241514503955841,0.47647031396627426,0.0001800993588403632,0.0023437500785803422,0.0,0.0,4,9.730192952241167e-05,9.730192952241167e-05,1.0,in,l2sq,6024.6566734313965
2026-05-20T08:32:32.089459,164,176843,118.61154329776762,118.61154329776762,53,0.2510869565217391,5.315,0.29,15,15,-0.003073944551579222,0.9124218225479126,0.4745619371533394,0.0009527447029540788,0.003906250116415322,0.0,0.0,4,9.72824701095265e-05,9.72824701095265e-05,1.0,in,l2sq,6068.475620269775
2026-05-20T08:33:02.607459,165,177871,58.132214903831475,88.37187910079955,40,0.2505434782608696,5.1,0.27,15,15,-0.0034670190012549007,0.9039862155914307,0.4565661624073982,0.0006968988662265363,0.01249999983701855,0.0,0.0,4,9.72678779822284e-05,9.72678779822284e-05,1.0,in,l2sq,6099.004604101181
2026-05-20T08:33:38.956421,166,178920,135.93295454978943,135.93295454978943,48,0.25,5.135,0.28,11,15,-0.003694503800943494,0.9351633191108704,0.4936635158956051,0.0015177371607819762,0.008593749953433871,0.0,0.0,4,9.725328828687046e-05,9.725328828687046e-05,1.0,in,l2sq,6135.353621959686
2026-05-20T08:34:10.866333,167,179980,82.8318029642105,109.38237875699997,39,0.2467391304347826,5.025,0.28,15,15,-0.0036368475208292117,0.8907006978988647,0.46205826103687286,0.0021687246478904743,0.013671875422005542,0.0,0.0,4,9.723383860174597e-05,9.723383860174597e-05,1.0,in,l2sq,6167.263457298279
2026-05-20T08:34:44.691847,168,181029,107.615576505661,107.615576505661,45,0.2467391304347826,4.98,0.25,11,15,-0.0029429927933961597,0.910145178437233,0.48529182374477386,-0.0002703405326429653,0.0046875000989530236,0.0,0.0,4,9.721925376905246e-05,9.721925376905246e-05,1.0,in,l2sq,6201.089066743851
2026-05-20T08:35:15.882118,169,182097,104.95147532224654,106.28352591395377,46,0.24728260869565216,5.11,0.26,15,15,-0.0020075120693945903,0.9496933296322823,0.5013478249311447,-0.00010764048367944978,0.001953125,0.0,0.0,4,9.720467136708337e-05,9.720467136708337e-05,1.0,in,l2sq,6232.279268026352
2026-05-20T08:36:00.199144,170,183173,104.33204388618465,104.33204388618465,53,0.25,5.17,0.24,15,15,-0.004054747449117713,0.8544881269335747,0.49285565316677094,0.0020079071221061895,0.005859375145519152,0.0,0.0,4,9.718523140485667e-05,9.718523140485667e-05,1.0,in,l2sq,6276.596169710159
2026-05-20T08:36:32.127401,171,184251,146.6820870041847,125.50706544518468,58,0.2535326086956522,5.26,0.28,15,15,-0.002732637603184873,0.919406995177269,0.48707758635282516,0.001549210960729408,0.0007812500116415322,0.0,0.0,4,9.717065386312118e-05,9.717065386312118e-05,1.0,in,l2sq,6308.5245270729065
2026-05-20T08:37:10.084961,172,185341,94.17055535316467,94.17055535316467,52,0.25706521739130433,5.23,0.3,13,15,-0.003277067895396557,0.9231572076678276,0.48610271513462067,0.002348695436381776,0.009375000154250301,0.0,0.0,4,9.715607875089498e-05,9.715607875089498e-05,1.0,in,l2sq,6346.482177972794
2026-05-20T08:37:40.191974,173,186370,91.09886687994003,92.63471111655235,48,0.2543478260869565,5.07,0.31,15,15,-0.0032976493617752345,0.9256269410252571,0.48819588497281075,0.0006737001159990361,0.0070312501629814506,0.0,0.0,4,9.71366485067056e-05,9.71366485067056e-05,1.0,in,l2sq,6376.589114904404
2026-05-20T08:38:23.095481,174,187414,125.7458536624908,125.7458536624908,56,0.2576086956521739,4.975,0.34,15,15,-0.002874123369110748,0.8670047223567963,0.46441076695919037,0.0028726098989864113,0.01054687483701855,0.0,0.0,4,9.712207825228335e-05,9.712207825228335e-05,1.0,in,l2sq,6419.492482662201
2026-05-20T08:38:52.923132,175,188431,101.0797043442726,113.4127790033817,47,0.2559782608695652,4.925,0.31,15,15,-0.003645488824986387,0.8462808653712273,0.4785098247230053,0.0010792158855111034,0.00839843753783498,0.0,0.0,4,9.71075104261559e-05,9.71075104261559e-05,1.0,in,l2sq,6449.3202085494995
2026-05-20T08:39:29.359672,176,189500,158.93112647533417,158.93112647533417,58,0.25733695652173916,4.95,0.3,12,15,-0.0022903830045834656,0.8946765959262848,0.47002631425857544,0.0023183244672054237,0.008203125005820766,0.0,0.0,4,9.708808989514577e-05,9.708808989514577e-05,1.0,in,l2sq,6485.756878614426
2026-05-20T08:39:59.364830,177,190516,92.89527368545531,125.91320008039474,44,0.26005434782608694,5.035,0.33,15,15,-0.004634410073049322,0.8726985305547714,0.4714079052209854,-0.0005117703043651944,0.014843750046566129,0.0,0.0,4,9.707352692439387e-05,9.707352692439387e-05,1.0,in,l2sq,6515.761991739273
2026-05-20T08:40:43.479839,178,191538,82.24472117424008,82.24472117424008,47,0.26059782608695653,4.9,0.36,16,16,-0.003230647009331622,0.8873436748981476,0.47495049238204956,0.0006748158795744502,0.009765625349245965,0.0,0.0,4,9.705896638072285e-05,9.705896638072285e-05,1.0,in,l2sq,6559.876854896545
2026-05-20T08:41:13.642886,179,192568,115.72131478786467,98.98301798105237,50,0.2619565217391304,5.015,0.36,16,16,-0.0032613129587844014,0.9432729929685593,0.4622274488210678,0.0009844019368756562,0.015625000232830644,0.0,0.0,4,9.704440777842529e-05,9.704440777842529e-05,1.0,in,l2sq,6590.040032148361
2026-05-20T08:41:49.823480,180,193640,67.21018505096431,67.21018505096431,43,0.26005434782608694,4.93,0.31,15,16,-0.003467358776833962,0.9454635754227638,0.457920640707016,0.0005894959762600127,0.012695312849245965,0.0,0.0,4,9.702985160248056e-05,9.702985160248056e-05,1.0,in,l2sq,6626.220679998398
2026-05-20T08:42:22.620905,181,194750,93.29948329925534,80.25483417510983,44,0.26059782608695653,5.04,0.32,16,16,-0.003394940882571973,0.8992983028292656,0.46318430081009865,0.0010426598583762716,0.006250000049476512,0.0,0.0,4,9.701044660245858e-05,9.701044660245858e-05,1.0,in,l2sq,6659.018072605133
2026-05-20T08:42:58.891743,182,195816,110.61373829841614,110.61373829841614,40,0.2584239130434783,5.34,0.3,13,16,-0.0014883935917168745,0.8882916569709778,0.43807996809482574,0.00018862354918382923,0.0031250000465661287,0.0,0.0,4,9.699589527800646e-05,9.699589527800646e-05,1.0,in,l2sq,6695.288959026337
2026-05-20T08:43:29.822934,183,196864,99.33656728267665,104.97515279054639,44,0.2595108695652174,5.345,0.23,16,16,-0.00373440388793822,0.8830036967992783,0.46780211478471756,0.0021003235800890335,0.01367187561118044,0.0,0.0,4,9.698134637869425e-05,9.698134637869425e-05,1.0,in,l2sq,6726.220062255859
2026-05-20T08:44:06.321938,184,197925,96.42370414733884,96.42370414733884,46,0.2576086956521739,5.265,0.25,12,16,-0.003296833526110182,0.8245457261800766,0.48154154792428017,0.0038769749569837753,0.010546875186264515,0.0,0.0,4,9.696195107923198e-05,9.696195107923198e-05,1.0,in,l2sq,6762.71916103363
2026-05-20T08:44:38.494864,185,199017,135.49160945415494,115.95765680074689,53,0.26114130434782606,5.12,0.29,16,16,-0.0029106960573699325,0.9845212250947952,0.4697784334421158,0.0017405073820555006,0.0031250000465661287,0.0,0.0,4,9.694740702898709e-05,9.694740702898709e-05,1.0,in,l2sq,6794.892023324966
2026-05-20T08:45:16.745258,186,200134,65.584520637989,65.584520637989,44,0.26005434782608694,5.22,0.32,10,16,-0.0028661624208327074,0.9077809751033783,0.47957926988601685,0.0007600994956192125,0.011718750189174898,0.0,0.0,4,9.693286540266979e-05,9.693286540266979e-05,1.0,in,l2sq,6833.142459869385
2026-05-20T08:45:48.704775,187,201214,39.47115665674205,52.52783864736553,41,0.26059782608695653,5.175,0.36,16,16,-0.0024350354626222204,0.8544962480664253,0.49138278141617775,0.0008466322278309207,0.005468750212457962,0.0,0.0,4,9.691347979891791e-05,9.691347979891791e-05,1.0,in,l2sq,6865.1019105911255
2026-05-20T08:46:26.023738,188,202303,89.25982683897017,89.25982683897017,46,0.2608695652173913,4.985,0.33,10,16,-0.0023547877222881985,0.848379410803318,0.5029036439955235,-0.0003122849437204589,0.0013671875494765118,0.0,0.0,4,9.689409807209292e-05,9.689409807209292e-05,1.0,in,l2sq,6902.420959949493
2026-05-20T08:46:58.374880,189,203405,-3.1822779178620157,43.03877446055408,27,0.25570652173913044,5.005,0.39,16,16,-0.0029229553299954247,0.9417306035757065,0.4901248812675476,0.00019875274192604486,0.005859374912688509,0.0,0.0,4,9.687956419962947e-05,9.687956419962947e-05,1.0,in,l2sq,6934.772039651871
2026-05-20T08:47:34.046074,190,204442,146.92733561992645,146.92733561992645,49,0.2546195652173913,5.01,0.35,11,16,-0.002607690612785485,0.9793371930718422,0.47912951186299324,0.001585148136200587,0.002148437488358468,0.0,0.0,4,9.686503274939735e-05,9.686503274939735e-05,1.0,in,l2sq,6970.443295240402
2026-05-20T08:48:06.378357,191,205538,166.2262692451477,156.57680243253708,52,0.2529891304347826,4.93,0.32,16,16,-0.003602236014557947,0.8967862874269485,0.4727979749441147,0.0005298821450196445,0.009960937808500603,0.0,0.0,4,9.68456607114978e-05,9.68456607114978e-05,1.0,in,l2sq,7002.775505065918
2026-05-20T08:48:43.139594,192,206614,91.20171910524367,91.20171910524367,43,0.2505434782608696,4.9,0.32,12,16,-0.0036021008971147683,0.9525654762983322,0.44768135994672775,0.0031881509959020837,0.009374999819556251,0.0,0.0,4,9.683113410451734e-05,9.683113410451734e-05,1.0,in,l2sq,7039.536782503128
2026-05-20T08:49:13.565714,193,207644,103.45654189586638,97.32913050055502,52,0.2516304347826087,4.865,0.28,16,16,-0.0027751259913202375,0.9318360611796379,0.46288202330470085,0.001514823642719397,0.009374999979627319,0.0,0.0,4,9.681660991855734e-05,9.681660991855734e-05,1.0,in,l2sq,7069.962867259979
2026-05-20T08:49:49.763231,194,208742,59.801336586475365,59.801336586475365,44,0.2483695652173913,5.1,0.32,12,16,-0.00440310497651808,0.8172971233725548,0.4429459422826767,0.0030313004718891864,0.023437500116415322,0.0,0.0,4,9.679724756473973e-05,9.679724756473973e-05,1.0,in,l2sq,7106.160409927368
2026-05-20T08:50:21.300291,195,209806,131.96982753276825,95.88558205962181,50,0.24918478260869564,4.995,0.28,16,16,-0.002491815396933772,0.8816961348056793,0.43818429112434387,0.0005375456172259652,0.0,0.0,0.0,4,9.678272821961023e-05,9.678272821961023e-05,1.0,in,l2sq,7137.697477579117
2026-05-20T08:50:57.846142,196,210867,158.0526864528656,158.0526864528656,61,0.25,5.175,0.36,14,16,-0.003415255103027426,0.9240250289440155,0.4362310990691185,0.0020294609817938236,0.011132812593132257,0.0,0.0,4,9.676821129429093e-05,9.676821129429093e-05,1.0,in,l2sq,7174.243349313736
2026-05-20T08:51:29.334101,197,211930,115.08793812990187,136.57031229138374,42,0.24945652173913044,5.25,0.33,16,16,-0.004496826994000058,0.9153725728392601,0.459930881857872,0.0022909679225449064,0.01250000014260877,0.0,0.0,4,9.674885861971419e-05,9.674885861971419e-05,1.0,in,l2sq,7205.731290340424
2026-05-20T08:52:05.244135,198,212969,135.11102354526517,135.11102354526517,53,0.2510869565217391,5.005,0.38,10,16,-0.0026098743430340576,0.8971796929836273,0.4327734410762787,0.0020503843310507586,0.020703124813735485,0.0,0.0,4,9.673434653280547e-05,9.673434653280547e-05,1.0,in,l2sq,7241.641329288483
2026-05-20T08:52:38.814480,199,214082,102.64327228069303,118.8771479129791,44,0.24945652173913044,5.21,0.4,16,16,-0.0021908984461332937,0.9331350699067116,0.47756466642022133,0.0006955044636470231,0.0011718750174622983,0.0,0.0,4,9.671983686449729e-05,9.671983686449729e-05,1.0,in,l2sq,7275.2115750312805
2026-05-20T08:53:17.362472,200,215145,138.12676537036893,138.12676537036893,49,0.2510869565217391,5.085,0.42,11,16,-0.0023250766025740277,0.8821897283196449,0.43599553033709526,0.002396001547367632,0.0007812500261934474,0.0,0.0,4,9.670049386432276e-05,9.670049386432276e-05,1.0,in,l2sq,7313.75963640213
2026-05-20T08:53:47.434753,201,216163,166.94328665733337,152.53502601385117,54,0.25380434782608696,5.125,0.49,16,16,-0.005376626562792808,0.8732302486896515,0.46279965341091156,0.0020511474103841465,0.012109374860301614,0.0,0.0,4,9.668598903200644e-05,9.668598903200644e-05,1.0,in,l2sq,7343.831894636154
2026-05-20T08:54:23.612118,202,217210,136.48388427495954,136.48388427495954,44,0.2548913043478261,5.205,0.47,11,16,-0.002685908679268323,0.830970786511898,0.43240807950496674,0.002041033453588137,0.01132812543073669,0.0,0.0,4,9.667148661708159e-05,9.667148661708159e-05,1.0,in,l2sq,7380.009321451187
2026-05-20T08:54:56.307719,203,218312,87.58886992931365,112.03637710213658,39,0.2535326086956522,5.175,0.45,16,16,-0.003165700483077627,0.9881464242935181,0.4499533735215664,0.0022401586167688503,0.004687500026193447,0.0,0.0,4,9.665215328647303e-05,9.665215328647303e-05,1.0,in,l2sq,7412.704864263535
2026-05-20T08:55:31.717372,204,219334,116.67911750078198,116.67911750078198,43,0.25271739130434784,5.015,0.41,12,16,-0.005179220205172808,0.9527861773967743,0.4559972658753395,0.002184506647063267,0.03125,0.0,0.0,4,9.663765570512253e-05,9.663765570512253e-05,1.0,in,l2sq,7448.114574670792
2026-05-20T08:56:00.893801,205,220323,164.06650882959363,140.3728131651878,49,0.2516304347826087,5.165,0.38,16,16,-0.0028317605072515906,0.9409284368157387,0.43855196982622147,0.00016508155786140039,0.0029296876018634066,0.0,0.0,4,9.662316053995504e-05,9.662316053995504e-05,1.0,in,l2sq,7477.290940284729
2026-05-20T08:56:37.019154,206,221373,117.32924741506575,117.32924741506575,48,0.25271739130434784,5.3,0.34,14,16,-0.002487117060809396,0.9206534177064896,0.4562349170446396,-0.0002878676081308762,0.001953125,0.0,0.0,4,9.660866730744402e-05,9.660866730744402e-05,1.0,in,l2sq,7513.416367053986
2026-05-20T08:57:07.502406,207,222398,152.6814541220665,135.00535076856613,55,0.2565217391304348,5.115,0.31,16,16,-0.0029518414798076487,0.9294060692191124,0.45103270560503006,0.0009395837540978405,0.005664062569849193,0.0,0.0,4,9.659417649039123e-05,9.659417649039123e-05,1.0,in,l2sq,7543.899528264999
2026-05-20T08:57:42.684315,208,223414,108.78335464000699,108.78335464000699,46,0.2565217391304348,5.18,0.33,12,16,-0.003636144527990798,0.8651919439435005,0.4603101648390293,0.0023335234249089454,0.005078125308500603,0.0,0.0,4,9.657485862103492e-05,9.657485862103492e-05,1.0,in,l2sq,7579.081511974335
2026-05-20T08:58:14.677993,209,224495,176.52312558889386,142.65324011445043,43,0.2608695652173913,5.285,0.3,16,16,-0.004372382827568799,0.8835814446210861,0.43250756710767746,8.828647805786405e-05,0.019531250465661287,0.0,0.0,4,9.656037263369099e-05,9.656037263369099e-05,1.0,in,l2sq,7611.075126886368
2026-05-20T08:58:51.130988,210,225559,104.40117204189298,104.40117204189298,46,0.26005434782608694,5.22,0.33,15,16,-0.004482008371269441,0.8958522379398346,0.4380745477974415,0.002341245604748146,0.0220703121740371,0.0,0.0,4,9.654588906059781e-05,9.654588906059781e-05,1.0,in,l2sq,7647.528189897537
2026-05-20T08:59:22.270827,211,226605,120.48724788427351,112.44420996308324,49,0.2592391304347826,5.185,0.29,16,16,-0.0028665434962023006,0.8599381595849991,0.4290678836405277,0.0023154203064223305,0.006445312712457962,0.0,0.0,4,9.652658084824457e-05,9.652658084824457e-05,1.0,in,l2sq,7678.667927742004
2026-05-20T08:59:57.978618,212,227627,170.21665263175964,170.21665263175964,58,0.26331521739130437,5.07,0.31,12,16,-0.001489116282027636,0.9041838645935059,0.41865257918834686,-0.0007688224928642517,0.0011718750465661287,0.0,0.0,4,9.651210210244586e-05,9.651210210244586e-05,1.0,in,l2sq,7714.375831604004
2026-05-20T09:00:29.611975,213,228693,89.6547071933746,129.93567991256714,34,0.2584239130434783,4.915,0.34,16,16,-0.003543342341436051,0.8141497671604156,0.43552859872579575,0.001988771769356412,0.010546875302679837,0.0,0.0,4,9.6497625769691e-05,9.6497625769691e-05,1.0,in,l2sq,7746.00910949707
2026-05-20T09:01:07.371131,214,229777,121.07927918434143,121.07927918434143,52,0.26059782608695653,4.81,0.3,14,16,-0.004848850023700058,0.8658911287784576,0.44746342673897743,0.001395064451935435,0.015039062884170562,0.0,0.0,4,9.647832720951333e-05,9.647832720951333e-05,1.0,in,l2sq,7783.768291711807
2026-05-20T09:01:38.883665,215,230824,131.24470329284668,126.16199123859406,50,0.26059782608695653,4.74,0.26,16,16,-0.004299935861490578,0.8618627190589905,0.4380972534418106,0.003492464464943612,0.023046875838190317,0.0,0.0,4,9.646385570163978e-05,9.646385570163978e-05,1.0,in,l2sq,7815.280787706375
2026-05-20T09:02:21.075443,216,231819,168.35503458976743,168.35503458976743,54,0.25869565217391305,4.75,0.22,16,16,-0.0018580722444312414,0.8344521448016167,0.4410509802401066,-0.0004635897497337338,0.0015625000232830644,0.0,0.0,4,9.644938660560382e-05,9.644938660560382e-05,1.0,in,l2sq,7857.472349643707
2026-05-20T09:02:52.153303,217,232851,108.41109001636504,138.38306230306623,44,0.2592391304347826,4.845,0.14,16,16,-0.0030897134391125736,0.9189740121364594,0.44603341817855835,-0.0002728375902734115,0.0046875000989530236,0.0,0.0,4,9.64349194387485e-05,9.64349194387485e-05,1.0,in,l2sq,7888.550458908081
2026-05-20T09:03:30.375842,218,233940,146.36297065019608,146.36297065019608,58,0.26059782608695653,4.965,0.18,12,16,-0.002224515786474368,0.867737777531147,0.43267686292529106,0.0012751140634009118,0.001953125,0.0,0.0,4,9.642045468300728e-05,9.642045468300728e-05,1.0,in,l2sq,7926.773014545441
2026-05-20T09:04:03.192878,219,235023,108.09778118133544,127.23037591576576,37,0.25869565217391305,5.07,0.2,16,16,-0.003656993483309612,0.9289950579404831,0.44572389870882034,0.0027566241586782503,0.013476562715368345,0.0,0.0,4,9.640117155627524e-05,9.640117155627524e-05,1.0,in,l2sq,7959.590038776398
2026-05-20T09:04:42.841203,220,236156,123.19551640748975,123.19551640748975,53,0.2597826086956522,5.31,0.2,10,16,-0.003052504418883495,0.8644636422395706,0.4631984457373619,0.003747053097686137,0.014843749813735485,0.0,0.0,4,9.638671162155679e-05,9.638671162155679e-05,1.0,in,l2sq,7999.238410234451
2026-05-20T09:05:16.214964,221,237255,47.185105741023975,85.19031107425687,37,0.25516304347826085,5.44,0.24,16,16,-0.0026500843596295454,0.8273484781384468,0.4453766867518425,0.001282415779769508,0.002929687616415322,0.0,0.0,4,9.637225409674711e-05,9.637225409674711e-05,1.0,in,l2sq,8032.6120800971985
2026-05-20T09:05:53.673802,222,238314,162.25174498558044,162.25174498558044,50,0.25679347826086957,5.525,0.26,9,16,-0.004252935349359166,0.83863565325737,0.4436321184039116,0.002244727438483085,0.008789062616415322,0.0,0.0,4,9.63529806096503e-05,9.63529806096503e-05,1.0,in,l2sq,8070.071002960205
2026-05-20T09:06:24.098213,223,239332,137.99240881204605,150.12207689881325,49,0.2595108695652174,5.245,0.24,16,16,-0.0023062498192303327,0.8374718129634857,0.46880969405174255,0.0013406802292593046,0.00937500037252903,0.0,0.0,4,9.633852790345334e-05,9.633852790345334e-05,1.0,in,l2sq,8100.495331287384
2026-05-20T09:07:01.737993,224,240398,135.00515818595886,135.00515818595886,53,0.26222826086956524,5.13,0.27,9,16,-0.002920109420665562,0.8692022636532784,0.4468415901064873,0.0016272481586383503,0.0029296874563442543,0.0,0.0,4,9.632407760596047e-05,9.632407760596047e-05,1.0,in,l2sq,8138.135189533234
2026-05-20T09:07:34.395257,225,241473,173.99318325519562,154.49917072057724,56,0.26413043478260867,5.06,0.27,16,16,-0.003492394753266126,0.9135110527276993,0.4352448545396328,0.0021268706033879814,0.020117187639698386,0.0,0.0,4,9.630481375368006e-05,9.630481375368006e-05,1.0,in,l2sq,8170.792375087738
2026-05-20T09:08:12.230251,226,242542,115.16766303777693,115.16766303777693,45,0.26331521739130437,5.06,0.23,10,16,-0.0039457756909541675,0.8892657309770584,0.4626655578613281,0.0015368175720141264,0.012109375384170562,0.0,0.0,4,9.629036827239109e-05,9.629036827239109e-05,1.0,in,l2sq,8208.627434015274
2026-05-20T09:08:44.689066,227,243614,123.03049051761627,119.09907677769661,43,0.26005434782608694,4.95,0.21,16,16,-0.001866298957611423,0.8738047555088997,0.41935859248042107,0.0007182171958447052,0.0009765625,0.0,0.0,4,9.627592519860207e-05,9.627592519860207e-05,1.0,in,l2sq,8241.086170434952
2026-05-20T09:09:23.482410,228,244713,101.60200983285903,101.60200983285903,40,0.2584239130434783,5.145,0.21,10,16,-0.0024152068770490476,0.8895958140492439,0.4240598864853382,0.0010094256505908603,0.00410156260477379,0.0,0.0,4,9.62566709763216e-05,9.62566709763216e-05,1.0,in,l2sq,8279.879616498947
2026-05-20T09:09:56.147851,229,245777,147.250647842884,124.42632883787152,58,0.2625,4.955,0.24,16,16,-0.0033510133333037873,0.8502254337072372,0.4375414438545704,0.0016037719696214425,0.005664062642608769,0.0,0.0,4,9.623742060469305e-05,9.623742060469305e-05,1.0,in,l2sq,8312.5449821949
2026-05-20T09:10:34.098811,230,246854,89.63066387176512,89.63066387176512,43,0.26168478260869565,5.055,0.27,9,16,-0.004043115780222983,0.901846170425415,0.40174244344234467,0.0019506179660311318,0.015234375139698386,0.0,0.0,4,9.622298523220793e-05,9.622298523220793e-05,1.0,in,l2sq,8350.495980978012
2026-05-20T09:11:04.800412,231,247866,129.0873660445213,109.3590149581432,52,0.2625,5.18,0.31,16,16,-0.0022160820752105126,0.8504486456513405,0.42825302481651306,0.0006267212419970858,0.001953125,0.0,0.0,4,9.620855226553801e-05,9.620855226553801e-05,1.0,in,l2sq,8381.197561979294
2026-05-20T09:11:41.811158,232,248912,97.89263850450514,97.89263850450514,51,0.26059782608695653,5.175,0.34,10,16,-0.0028654441819526144,0.751356765627861,0.4318384751677513,0.0017648494886088884,0.0011718750465661287,0.0,0.0,4,9.61941212232316e-05,9.61941212232316e-05,1.0,in,l2sq,8418.208327531815
2026-05-20T09:12:13.017253,233,249943,155.2579053044319,126.57527190446851,51,0.26521739130434785,5.125,0.32,16,16,-0.0030265333538409545,0.8342251777648926,0.41430430114269257,0.001086037458753658,0.0074218749650754035,0.0,0.0,4,9.617969258601873e-05,9.617969258601873e-05,1.0,in,l2sq,8449.414429187775
2026-05-20T09:12:51.095783,234,251023,150.92260777950287,150.92260777950287,56,0.266304347826087,5.18,0.3,11,16,-0.002943452075123809,0.9709836095571518,0.42254724726080894,0.0018366996322583956,0.0074218750960426405,0.0,0.0,4,9.616045760929844e-05,9.616045760929844e-05,1.0,in,l2sq,8487.492980241776
2026-05-20T09:13:22.378902,235,252054,122.71095788478848,136.8167828321457,54,0.2673913043478261,5.055,0.25,16,16,-0.0026514143741224183,0.9515578746795654,0.4278489127755165,-0.0004707954118203239,0.0035156249650754035,0.0,0.0,4,9.614603378107021e-05,9.614603378107021e-05,1.0,in,l2sq,8518.776094436646
2026-05-20T09:14:00.263037,236,253134,168.73738425970078,168.73738425970078,56,0.26793478260869563,5.13,0.24,13,16,-0.0024306960614921547,0.875780813395977,0.41129836812615395,0.0008653406689518237,0.0013671875494765118,0.0,0.0,4,9.613161235673322e-05,9.613161235673322e-05,1.0,in,l2sq,8556.660200357437
2026-05-20T09:14:33.184679,237,254213,148.88151919841764,158.80945172905922,63,0.27309782608695654,5.245,0.27,16,16,-0.0035889846200007347,0.9051679968833923,0.4160320870578289,0.0018636232031895017,0.008593750011641532,0.0,0.0,4,9.6112386995578e-05,9.6112386995578e-05,1.0,in,l2sq,8589.581801176071
2026-05-20T09:15:18.129200,238,255282,116.2874857187271,116.2874857187271,56,0.27255434782608695,5.26,0.27,16,16,-0.002427392522804439,0.910563200712204,0.41243040561676025,0.0014525020436849667,0.013281250605359674,0.0,0.0,4,9.609797037782165e-05,9.609797037782165e-05,1.0,in,l2sq,8634.526204824448
2026-05-20T09:15:49.607986,239,256316,147.5895675420761,131.9385266304016,49,0.2758152173913043,5.385,0.28,16,16,-0.0034037635050481185,0.8836635947227478,0.41079922392964363,0.000876380272711752,0.007421875110594556,0.0,0.0,4,9.608355616275483e-05,9.608355616275483e-05,1.0,in,l2sq,8666.00511431694
2026-05-20T09:16:34.023138,240,257363,156.03656697273252,156.03656697273252,49,0.2747282608695652,5.28,0.26,18,18,-0.002996925677871326,0.8147407323122025,0.41248688101768494,0.0013655212993626265,0.0033203125494765118,0.0,0.0,4,9.606434041235784e-05,9.606434041235784e-05,1.0,in,l2sq,8710.420115470886
2026-05-20T09:17:05.707494,241,258407,170.95958119630814,163.49807408452034,58,0.28043478260869564,5.46,0.18,18,18,-0.0022303800797089934,0.8627850860357285,0.4031214565038681,0.00025935955709427416,0.001953125,0.0,0.0,4,9.604993100146886e-05,9.604993100146886e-05,1.0,in,l2sq,8742.104603528976
2026-05-20T09:17:41.981141,242,259436,150.11134845018384,150.11134845018384,58,0.2826086956521739,5.385,0.23,16,18,-0.002106023972737625,0.8337169960141182,0.4108077101409435,0.00146684693722815,0.00019531250291038305,0.0,0.0,4,9.603552399206828e-05,9.603552399206828e-05,1.0,in,l2sq,8778.3783390522
2026-05-20T09:18:13.512893,243,260474,90.35505843162535,120.23320344090459,41,0.28043478260869564,5.215,0.26,18,18,-0.002584911166923165,0.9045371413230896,0.4182436019182205,0.0011956562429986661,0.0031250000465661287,0.0,0.0,4,9.602111890357029e-05,9.602111890357029e-05,1.0,in,l2sq,8809.910011291504
2026-05-20T09:18:49.398558,244,261490,177.82796961069104,177.82796961069104,59,0.28206521739130436,5.06,0.31,16,18,-0.002432409801622293,0.9134025052189827,0.4068833254277706,-0.000637071436449338,0.0035156250232830644,0.0,0.0,4,9.600671621584035e-05,9.600671621584035e-05,1.0,in,l2sq,8845.795761108398
2026-05-20T09:19:22.583787,245,262573,213.2719710469246,195.54997032880783,59,0.2828804347826087,5.005,0.3,18,18,-0.00386322890408336,0.8509548828005791,0.40748048201203346,0.0019323163476655802,0.01445312514260877,0.0,0.0,4,9.598751583266434e-05,9.598751583266434e-05,1.0,in,l2sq,8878.980908155441
2026-05-20T09:19:59.918295,246,263634,153.7321199774742,153.7321199774742,42,0.28206521739130436,4.985,0.28,13,18,-0.002536296902690083,0.9028094261884689,0.3982367441058159,0.0014229905027605128,0.012499999953433871,0.0,0.0,4,9.597311794527023e-05,9.597311794527023e-05,1.0,in,l2sq,8916.315511703491
2026-05-20T09:20:33.076392,247,264728,194.2578552365303,173.99498760700226,61,0.28695652173913044,5.23,0.25,18,18,-0.0027793355868197533,0.8457495123147964,0.4144280478358269,0.0012887850461083955,0.001953125072759576,0.0,0.0,4,9.595872245744404e-05,9.595872245744404e-05,1.0,in,l2sq,8949.47350859642
2026-05-20T09:21:11.611830,248,265853,159.93907117843622,159.93907117843622,54,0.2907608695652174,5.51,0.3,15,18,-0.0035095625469694913,0.8490897044539452,0.43292558938264847,0.0019996607516986897,0.018554687965661287,0.0,0.0,4,9.593953167253978e-05,9.593953167253978e-05,1.0,in,l2sq,8988.009044408798
2026-05-20T09:21:42.725919,249,266879,159.5932722687721,159.76617172360415,50,0.28858695652173916,5.49,0.35,18,18,-0.0020693495869636425,0.7706459909677505,0.40457919985055923,0.0012318909222812924,0.0,0.0,0.0,4,9.592514098264972e-05,9.592514098264972e-05,1.0,in,l2sq,9019.12302684784
2026-05-20T09:22:25.306236,250,267979,166.71670389175412,166.71670389175412,44,0.2888586956521739,5.525,0.36,14,18,-0.002920835131953986,0.9423847198486328,0.44227656722068787,0.0005403209177529886,0.0023437500931322575,0.0,0.0,4,9.591075269112803e-05,9.591075269112803e-05,1.0,in,l2sq,9061.703256607056
2026-05-20T09:22:57.957966,251,269062,121.57183772325516,144.14427080750465,49,0.28804347826086957,5.44,0.38,18,18,-0.0024850449437508193,0.8880438432097435,0.41446902975440025,0.0010118143472482577,0.0068359375,0.0,0.0,4,9.589157149969733e-05,9.589157149969733e-05,1.0,in,l2sq,9094.355092048645
2026-05-20T09:23:32.393855,252,270129,124.93887150287628,124.93887150287628,45,0.28641304347826085,5.185,0.26,12,18,-0.005408909916877591,0.8028154894709587,0.4237261153757572,0.0025548506031326974,0.02167968754656613,0.0,0.0,4,9.587239414431311e-05,9.587239414431311e-05,1.0,in,l2sq,9128.791079759598
2026-05-20T09:24:06.038798,253,271249,97.79419952630994,111.36653551459311,46,0.28505434782608696,5.115,0.23,18,18,-0.0012240309501065916,1.0165902376174927,0.4210134819149971,0.0006648124939601652,0.0066406250989530236,0.0,0.0,4,9.585801352488444e-05,9.585801352488444e-05,1.0,in,l2sq,9162.435928106308
2026-05-20T09:24:37.732524,254,272237,176.0205036997795,176.0205036997795,59,0.2858695652173913,4.83,0.23,12,18,-0.003526420195703428,0.8787399232387543,0.4137173406779766,0.0014408031124275855,0.003515625139698386,0.0,0.0,4,9.584363530214577e-05,9.584363530214577e-05,1.0,in,l2sq,9194.129702329636
2026-05-20T09:25:08.432801,255,273274,142.5940641760826,159.30728393793106,48,0.2842391304347826,4.795,0.23,18,18,-0.0034606638364493847,0.9046888053417206,0.41843748837709427,0.004285940127738308,0.01718750037252903,0.0,0.0,4,9.582925899647152e-05,9.582925899647152e-05,1.0,in,l2sq,9224.829930305481
2026-05-20T09:25:47.451926,256,274418,133.97927129268643,133.97927129268643,58,0.2847826086956522,5.02,0.32,11,18,-0.0020569794949551468,0.9281591027975082,0.41053077951073647,0.001006551932931643,0.0007812500116415322,0.0,0.0,4,9.581488508676835e-05,9.581488508676835e-05,1.0,in,l2sq,9263.849125623703
2026-05-20T09:26:15.417254,257,275420,223.96168631315228,178.97047880291936,53,0.28206521739130436,4.975,0.26,18,18,-0.0031716690282337368,0.8733273893594742,0.4004943370819092,0.001512727789668128,0.0027343749825377017,0.0,0.0,4,9.579572306789985e-05,9.579572306789985e-05,1.0,in,l2sq,9291.8143825531
2026-05-20T09:26:52.950878,258,276506,181.61112827062607,181.61112827062607,56,0.28206521739130436,5.08,0.33,10,18,-0.00345544967422029,0.8333115503191948,0.41756825521588326,0.0005323132282683343,0.0033203125494765118,0.0,0.0,4,9.577656488124349e-05,9.577656488124349e-05,1.0,in,l2sq,9329.348101139069
2026-05-20T09:27:22.767105,259,277551,91.63955050706862,136.62533938884735,42,0.2801630434782609,5.005,0.36,18,18,-0.004245154571253629,0.9526172876358032,0.41393880546092987,0.0006382563976330968,0.0023437500931322575,0.0,0.0,4,9.576219863596469e-05,9.576219863596469e-05,1.0,in,l2sq,9359.164229869843
2026-05-20T09:27:57.231526,260,278547,106.95498889684676,106.95498889684676,42,0.2782608695652174,4.94,0.31,13,18,-0.004512216665898433,0.8574577122926712,0.39881617203354836,0.0003620647809839256,0.007617187744472176,0.0,0.0,4,9.57478347849803e-05,9.57478347849803e-05,1.0,in,l2sq,9393.628724813461
2026-05-20T09:28:28.710985,261,279618,222.5592060089111,164.75709745287892,57,0.2779891304347826,5.135,0.38,18,18,-0.003155568253714547,0.8490066528320312,0.38019848614931107,0.0007661673556412785,0.04492187430150807,0.0,0.0,4,9.57334728491441e-05,9.57334728491441e-05,1.0,in,l2sq,9425.10809803009
2026-05-20T09:29:04.226920,262,280672,130.0472026467323,130.0472026467323,46,0.2747282608695652,5.065,0.31,13,18,-0.002453599864384093,0.8200161308050156,0.38345953822135925,0.000542287543612463,0.006835937616415322,0.0,0.0,4,9.571911330688411e-05,9.571911330688411e-05,1.0,in,l2sq,9460.624090194702
2026-05-20T09:29:34.161701,263,281682,123.38044339418408,126.7138230204582,48,0.2766304347826087,5.105,0.25,18,18,-0.003944130110903735,0.9011171013116837,0.39873579144477844,0.0012864947265825294,0.015820312779396772,0.0,0.0,4,9.569997044141387e-05,9.569997044141387e-05,1.0,in,l2sq,9490.558867692947
2026-05-20T09:30:10.906062,264,282762,180.16774618625638,180.16774618625638,56,0.2758152173913043,5.19,0.22,17,18,-0.0024409786390606203,0.9027278423309326,0.3968649283051491,0.00038433600729992357,0.00820312520954758,0.0,0.0,4,9.568561568510955e-05,9.568561568510955e-05,1.0,in,l2sq,9527.303258895874
2026-05-20T09:30:43.035541,265,283841,119.5210797190666,149.8444129526615,43,0.2714673913043478,5.075,0.17,18,18,-0.0027010601232177467,0.8743559941649437,0.39625708386301994,0.0009907261420266655,0.003320312505820766,0.0,0.0,4,9.567126332118487e-05,9.567126332118487e-05,1.0,in,l2sq,9559.432732343674
2026-05-20T09:31:20.018247,266,284919,139.2359028458595,139.2359028458595,47,0.2728260869565217,5.01,0.18,14,18,-0.002698382154630974,0.7976781278848648,0.38756895810365677,0.0004848143684284545,0.0007812500116415322,0.0,0.0,4,9.565213002523325e-05,9.565213002523325e-05,1.0,in,l2sq,9596.41545534134
2026-05-20T09:31:51.595757,267,285983,150.88908636569977,145.06249460577965,53,0.27065217391304347,5.12,0.2,18,18,-0.0036619395832531154,0.8201403915882111,0.40602558106184006,0.0006509050629573965,0.016796875395812094,0.0,0.0,4,9.563778244487176e-05,9.563778244487176e-05,1.0,in,l2sq,9627.992886304855
2026-05-20T09:32:34.993099,268,287043,153.8884463906288,153.8884463906288,57,0.2714673913043478,5.125,0.16,18,18,-0.0027472943751492562,0.8484691753983498,0.3967539668083191,0.0010983139885866189,0.00937500037252903,0.0,0.0,4,9.562343725569395e-05,9.562343725569395e-05,1.0,in,l2sq,9671.39009642601
2026-05-20T09:33:04.975219,269,288055,156.5761325955391,155.23228949308395,49,0.27119565217391306,5.115,0.24,18,18,-0.004096783380373392,0.821014903485775,0.40587183833122253,-0.0010859689706649023,0.012109375005820766,0.0,0.0,4,9.560431352447719e-05,9.560431352447719e-05,1.0,in,l2sq,9701.372347593307
2026-05-20T09:33:47.674249,270,289105,138.9357142448425,138.9357142448425,51,0.27309782608695654,5.2,0.33,18,18,-0.004762107273563743,1.0691919922828674,0.40943173319101334,0.003244723972966268,0.028125000011641532,0.0,0.0,4,9.558997311647124e-05,9.558997311647124e-05,1.0,in,l2sq,9744.071203708649
2026-05-20T09:34:18.547689,271,290151,159.0204565525055,148.978085398674,56,0.275,5.185,0.29,18,18,-0.0024659648901432796,0.9161080718040466,0.3963514603674412,0.0018388896545275119,0.007812499883584678,0.0,0.0,4,9.557563509845364e-05,9.557563509845364e-05,1.0,in,l2sq,9774.944861650467
2026-05-20T09:34:51.637352,272,291175,149.8084535598755,149.8084535598755,51,0.2766304347826087,5.12,0.33,16,18,-0.0031547904538455906,0.8436694294214249,0.41694898903369904,0.0020649253209740204,0.0011718750465661287,0.0,0.0,4,9.55612989921399e-05,9.55612989921399e-05,1.0,in,l2sq,9808.034530639648
2026-05-20T09:35:21.747216,273,292198,108.07285755872724,128.94065555930138,45,0.2763586956521739,5.155,0.32,18,18,-0.0024207309208578165,0.9032573997974396,0.4067431092262268,0.0009587491318143321,0.003320312622236088,0.0,0.0,4,9.554696527509757e-05,9.554696527509757e-05,1.0,in,l2sq,9838.1443400383
2026-05-20T09:36:02.825704,274,293212,119.16735833883284,119.16735833883284,52,0.27445652173913043,5.07,0.23,18,18,-0.0023459125812223536,0.874850757420063,0.38925720378756523,0.0014307900267340502,0.002343750005820766,0.0,0.0,4,9.552785683751219e-05,9.552785683751219e-05,1.0,in,l2sq,9879.222677230835
2026-05-20T09:36:34.512030,275,294285,185.1041688323021,152.13576358556747,60,0.2777173913043478,4.99,0.23,18,18,-0.0027099632075987534,0.9401474744081497,0.377654492855072,0.0012428308820745526,0.004296875005820766,0.0,0.0,4,9.551352789781816e-05,9.551352789781816e-05,1.0,in,l2sq,9910.909161806107
2026-05-20T09:37:09.698174,276,295323,183.5867262482643,183.5867262482643,51,0.2758152173913043,5.11,0.25,14,18,-0.003945977718103677,0.9422780349850655,0.3698785603046417,0.0005389877062043358,0.012109375384170562,0.0,0.0,4,9.549920134620113e-05,9.549920134620113e-05,1.0,in,l2sq,9946.095381498337
2026-05-20T09:37:40.592853,277,296367,92.94427162408827,138.2654989361763,45,0.2736413043478261,5.16,0.25,18,18,-0.0030216407642001952,0.8788760304450989,0.3926343619823456,8.360928704859161e-05,0.011132812898722477,0.0,0.0,4,9.548010246092391e-05,9.548010246092391e-05,1.0,in,l2sq,9976.990000009537
2026-05-20T09:38:18.214233,278,297465,166.80086159706116,166.80086159706116,59,0.27445652173913043,5.275,0.31,11,18,-0.004352792468853284,0.8286629617214203,0.3874922841787338,0.002479529094853203,0.010546875011641532,0.0,0.0,4,9.546578068426696e-05,9.546578068426696e-05,1.0,in,l2sq,10014.611447811127
2026-05-20T09:38:48.005165,279,298473,164.14029479026794,165.47057819366455,53,0.27744565217391304,5.335,0.27,18,18,-0.002727831940865122,0.893409252166748,0.38686105981469154,0.0012456396349989352,0.011132812942378223,0.0,0.0,4,9.545146129449322e-05,9.545146129449322e-05,1.0,in,l2sq,10044.40230512619
2026-05-20T09:39:23.954764,280,299517,164.89542722702026,164.89542722702026,58,0.2817934782608696,5.31,0.26,10,18,-0.0034204296302049464,0.8653405755758286,0.3672058954834938,0.000990015499337471,0.005078125279396772,0.0,0.0,4,9.543714381393963e-05,9.543714381393963e-05,1.0,in,l2sq,10080.351976156235
2026-05-20T09:39:53.484426,281,300520,122.72715252637862,143.81128987669945,54,0.28097826086956523,5.245,0.22,18,18,-0.0020959333101927546,0.8881256282329559,0.38226671889424324,0.0007307082704983703,0.0027343750844011083,0.0,0.0,4,9.542282871955325e-05,9.542282871955325e-05,1.0,in,l2sq,10109.881544351578
2026-05-20T09:40:31.145491,282,301626,179.47481477260587,179.47481477260587,49,0.2817934782608696,5.28,0.2,12,18,-0.004223273217212442,0.8575667068362236,0.39122961834073067,0.00015263116156349898,0.015039062360301614,0.0,0.0,4,9.540374510803763e-05,9.540374510803763e-05,1.0,in,l2sq,10147.542687654495
2026-05-20T09:41:02.229532,283,302679,153.11751973628995,166.2961672544479,49,0.28206521739130436,5.365,0.22,18,18,-0.0029812037711962613,0.8201703876256943,0.3865150883793831,0.0007100803301000047,0.007421875023283064,0.0,0.0,4,9.538943478479271e-05,9.538943478479271e-05,1.0,in,l2sq,10178.626643896103
2026-05-20T09:41:38.720577,284,303750,162.23148638010022,162.23148638010022,62,0.28369565217391307,5.525,0.22,14,18,-0.0024044013392994223,0.8079610839486122,0.3787539638578892,0.0013842414842656497,0.001953125072759576,0.0,0.0,4,9.537512684652216e-05,9.537512684652216e-05,1.0,in,l2sq,10215.11778140068
2026-05-20T09:42:11.590151,285,304854,147.45970261096954,154.8455944955349,63,0.2891304347826087,5.345,0.26,18,18,-0.0034197577275335844,0.8997092321515083,0.38044145703315735,0.0015679435198535652,0.008593750098953024,0.0,0.0,4,9.535605277490413e-05,9.535605277490413e-05,1.0,in,l2sq,10247.98727440834
2026-05-20T09:42:48.524060,286,305934,122.8478661179542,122.8478661179542,50,0.28994565217391305,5.395,0.26,14,18,-0.002793710962578161,0.8266283050179482,0.399033110588789,-0.00028628286615912935,0.0048828125,0.0,0.0,4,9.533698251790968e-05,9.533698251790968e-05,1.0,in,l2sq,10284.921252250671
2026-05-20T09:43:19.281174,287,306976,198.51485157012937,160.68135884404177,57,0.2910326086956522,5.27,0.23,18,18,-0.0019846976400004213,0.9584616273641586,0.3601531460881233,0.0008813139040285689,0.0,0.0,0.0,4,9.532268220888637e-05,9.532268220888637e-05,1.0,in,l2sq,10315.678317308426
2026-05-20T09:43:54.943791,288,308021,159.88512229919434,159.88512229919434,49,0.2888586956521739,5.14,0.23,15,18,-0.0029140267688489985,0.8704613670706749,0.39501430094242096,0.0011130444803711392,0.015039062942378223,0.0,0.0,4,9.530838428316844e-05,9.530838428316844e-05,1.0,in,l2sq,10351.341000556946
2026-05-20T09:44:29.139163,289,309155,194.97020775079727,177.4276650249958,51,0.28940217391304346,5.26,0.28,18,18,-0.00434443178819488,0.8431815430521965,0.3912878930568695,0.0008753935603181273,0.008593750157160684,0.0,0.0,4,9.528932355939565e-05,9.528932355939565e-05,1.0,in,l2sq,10385.536288261414
2026-05-20T09:45:06.470138,290,310233,85.1508079767227,85.1508079767227,45,0.2877717391304348,5.245,0.31,14,18,-0.004789584560785487,0.8532366454601288,0.36736316978931427,0.0068579836908611025,0.02421875111758709,0.0,0.0,4,9.527503039909696e-05,9.527503039909696e-05,1.0,in,l2sq,10422.867357492447
2026-05-20T09:45:36.343356,291,311226,151.42237269878387,118.2865903377533,53,0.28695652173913044,5.24,0.33,18,18,-0.002019326105801078,0.9146971851587296,0.3936031833291054,-0.0008248428863225632,0.0035156249796273187,0.0,0.0,4,9.526073962091224e-05,9.526073962091224e-05,1.0,in,l2sq,10452.740474700928
2026-05-20T09:46:12.924317,292,312274,90.65468531846999,90.65468531846999,40,0.28396739130434784,5.215,0.33,13,18,-0.0027873605489731057,0.8977224081754684,0.37016189098358154,0.0015939534398967115,0.007812500291038305,0.0,0.0,4,9.524645074813286e-05,9.524645074813286e-05,1.0,in,l2sq,10489.32152056694
2026-05-20T09:46:47.713713,293,313413,69.85544157028195,80.25506344437596,43,0.28342391304347825,5.225,0.32,18,18,-0.003403139892179774,0.9255215749144554,0.3917833976447582,0.001974831939332955,0.008398437639698386,0.0,0.0,4,9.523216425675289e-05,9.523216425675289e-05,1.0,in,l2sq,10524.110816001892
2026-05-20T09:47:31.264991,294,314469,199.49975955486295,199.49975955486295,55,0.2842391304347826,5.175,0.29,19,19,-0.003635443287203055,0.9036634862422943,0.38322509452700615,0.0031865374876360805,0.008398437435971573,0.0,0.0,4,9.521311877622318e-05,9.521311877622318e-05,1.0,in,l2sq,10567.662014007568
2026-05-20T09:48:01.856053,295,315530,110.48250156641005,154.9911305606365,44,0.2798913043478261,5.255,0.27,19,19,-0.0028523974557173593,0.8482474833726883,0.3796982765197754,-0.00019934369247495698,0.0017578124825377017,0.0,0.0,4,9.519407710459912e-05,9.519407710459912e-05,1.0,in,l2sq,10598.253158092499
2026-05-20T09:48:37.687327,296,316568,187.3419043421745,187.3419043421745,56,0.28125,5.295,0.24,16,19,-0.0016912922787014617,0.9606761634349823,0.3686590865254402,0.00019597990318520608,0.008593749953433871,0.0,0.0,4,9.517979823103053e-05,9.517979823103053e-05,1.0,in,l2sq,10634.08453989029
2026-05-20T09:49:11.484825,297,317681,113.73182010650632,150.5368622243404,48,0.28206521739130436,5.34,0.19,19,19,-0.004561531974468375,0.8172827288508415,0.3922848142683506,0.0032094430040160334,0.01621093798894435,0.0,0.0,4,9.516552173719487e-05,9.516552173719487e-05,1.0,in,l2sq,10667.881941318512
2026-05-20T09:49:48.841398,298,318747,223.56926727294922,223.56926727294922,61,0.2826086956521739,5.43,0.23,11,19,-0.0033829957887065998,0.8114601671695709,0.38366805389523506,0.0003585352274512732,0.00605468760477379,0.0,0.0,4,9.514648958450263e-05,9.514648958450263e-05,1.0,in,l2sq,10705.238603830338
2026-05-20T09:50:19.731646,299,319772,180.42707878351212,201.99817302823067,56,0.28342391304347825,5.41,0.3,19,19,-0.00248083292390211,0.9127593040466309,0.3584475889801979,0.0014082052155572344,0.010937500046566129,0.0,0.0,4,9.513221784894308e-05,9.513221784894308e-05,1.0,in,l2sq,10736.128767251968
2026-05-20T09:50:57.140147,300,320825,94.86154043674466,94.86154043674466,47,0.28043478260869564,5.335,0.32,12,19,-0.002530930971261003,0.8666312843561172,0.3961857110261917,0.0013716261338231617,0.004687500026193447,0.0,0.0,4,9.511794849192684e-05,9.511794849192684e-05,1.0,in,l2sq,10773.537329435349
2026-05-20T09:51:30.193698,301,321937,104.34535664319988,99.60344853997228,49,0.27907608695652175,5.33,0.35,19,19,-0.0037281532451745036,0.8769823536276817,0.39829226955771446,0.0028614940273200794,0.010351562523283064,0.0,0.0,4,9.509892585340794e-05,9.509892585340794e-05,1.0,in,l2sq,10806.59083032608
2026-05-20T09:52:05.463582,302,322961,148.9277466535568,148.9277466535568,51,0.2796195652173913,5.21,0.34,11,19,-0.0019858927058521436,0.9358417987823486,0.3807696998119354,0.0011649559983197832,0.006640625011641532,0.0,0.0,4,9.508466125228913e-05,9.508466125228913e-05,1.0,in,l2sq,10841.860794067383
2026-05-20T09:52:36.786981,303,324018,61.67711895704266,105.30243280529973,39,0.2769021739130435,5.235,0.31,19,19,-0.0032390069245593622,0.8359313979744911,0.3949998617172241,-0.0009407916163581831,0.008007812444702722,0.0,0.0,4,9.50703990285246e-05,9.50703990285246e-05,1.0,in,l2sq,10873.184093952179
2026-05-20T09:53:10.478162,304,324995,184.90367984771726,184.90367984771726,58,0.2758152173913043,5.165,0.27,12,19,-0.0028910276188982564,0.7527752965688705,0.39256513118743896,0.0010263405827117822,0.0027343749534338713,0.0,0.0,4,9.50561387063582e-05,9.50561387063582e-05,1.0,in,l2sq,10906.87537240982
2026-05-20T09:53:40.661680,305,326017,138.31566274166107,161.60967129468918,50,0.2722826086956522,4.995,0.24,19,19,-0.0023903582456114014,0.9350473582744598,0.3713345602154732,0.0018308124471332066,0.004882812616415322,0.0,0.0,4,9.504188076083295e-05,9.504188076083295e-05,1.0,in,l2sq,10937.058807849884
2026-05-20T09:54:17.052820,306,327075,206.128910779953,206.128910779953,58,0.27445652173913043,5.165,0.23,11,19,-0.00254886134352994,0.843580886721611,0.3726351894438267,0.0009934655697179523,0.004492187639698386,0.0,0.0,4,9.502287333509959e-05,9.502287333509959e-05,1.0,in,l2sq,10973.450040102005
2026-05-20T09:54:48.373316,307,328172,169.33971190452576,187.73431134223938,52,0.27309782608695654,5.21,0.22,19,19,-0.0016350664198399034,0.9261347502470016,0.35132821649312973,-0.000259630201662725,0.0,0.0,0.0,4,9.500862014166839e-05,9.500862014166839e-05,1.0,in,l2sq,11004.77044558525
2026-05-20T09:55:24.053563,308,329219,193.79938006401062,193.79938006401062,51,0.2736413043478261,5.445,0.25,12,19,-0.0032536916660320103,0.8683105707168579,0.38026539236307144,0.002144595716299602,0.00800781266298145,0.0,0.0,4,9.499436932369023e-05,9.499436932369023e-05,1.0,in,l2sq,11040.450767993927
2026-05-20T09:55:55.386627,309,330263,140.1507645845413,166.97507232427597,45,0.2720108695652174,5.465,0.21,19,19,-0.002590165861329319,0.8824041485786438,0.3776875473558903,0.0013296608195560028,0.0035156251688022166,0.0,0.0,4,9.497537139976919e-05,9.497537139976919e-05,1.0,in,l2sq,11071.783736944199
2026-05-20T09:56:31.472508,310,331347,147.63776159286496,147.63776159286496,51,0.2736413043478261,5.485,0.23,14,19,-0.0023863157926826695,0.807872399687767,0.402559794485569,-0.0003833904713246572,0.0023437500931322575,0.0,0.0,4,9.496112533150954e-05,9.496112533150954e-05,1.0,in,l2sq,11107.869682312012
2026-05-20T09:57:04.083884,311,332426,127.13774424791333,137.38775292038915,49,0.27255434782608695,5.5,0.24,19,19,-0.0041742295899893644,0.9013277739286423,0.3780096024274826,0.0017532499620642739,0.021874999860301614,0.0,0.0,4,9.494688163751543e-05,9.494688163751543e-05,1.0,in,l2sq,11140.481016874313
2026-05-20T09:57:41.058850,312,333489,180.81296920776367,180.81296920776367,59,0.2777173913043478,5.645,0.25,14,19,-0.003703106642933607,0.8764399886131287,0.38398437201976776,0.001499179428219588,0.013671874956344254,0.0,0.0,4,9.492789321065675e-05,9.492789321065675e-05,1.0,in,l2sq,11177.45603108406
2026-05-20T09:58:11.981606,313,334516,172.03934562206268,176.42615741491318,56,0.28125,5.525,0.33,19,19,-0.002166380773997112,0.9263263195753098,0.375568225979805,0.0005332023152732346,0.00703125010477379,0.0,0.0,4,9.491365426400675e-05,9.491365426400675e-05,1.0,in,l2sq,11208.37872171402
2026-05-20T09:58:48.613171,314,335557,153.13207596540445,153.13207596540445,49,0.2796195652173913,5.425,0.37,13,19,-0.00261088500847112,0.8153193593025208,0.3871631473302841,-3.69206185496275e-05,0.005273437651339918,0.0,0.0,4,9.489941769043542e-05,9.489941769043542e-05,1.0,in,l2sq,11245.010369062424
2026-05-20T09:59:21.619930,315,336648,159.19568353891373,156.1638797521591,55,0.2826086956521739,5.44,0.38,19,19,-0.0027735374998883455,0.8255149573087692,0.3774428702890873,0.0005706518391775661,0.005273437622236088,0.0,0.0,4,9.488043875589151e-05,9.488043875589151e-05,1.0,in,l2sq,11278.017050027847
2026-05-20T09:59:58.548570,316,337715,202.80986922979352,202.80986922979352,58,0.2831521739130435,5.18,0.32,16,19,-0.002306419645901725,0.9086128026247025,0.36860354989767075,0.0009095136921132493,0.0,0.0,0.0,4,9.486620692729108e-05,9.486620692729108e-05,1.0,in,l2sq,11314.945790529251
2026-05-20T10:00:30.068208,317,338761,188.5597853064537,195.68482726812363,54,0.2847826086956522,5.105,0.29,19,19,-0.002871815371327094,0.839898906648159,0.3808831050992012,0.0010431575279653549,0.005468750139698386,0.0,0.0,4,9.485197747058303e-05,9.485197747058303e-05,1.0,in,l2sq,11346.465335845947
2026-05-20T10:01:08.235579,318,339866,142.7282467484474,142.7282467484474,52,0.2823369565217391,5.345,0.3,16,19,-0.002257536417164363,0.8645093217492104,0.3886491283774376,0.001892041717405847,0.0056640627881279215,0.0,0.0,4,9.483300802360869e-05,9.483300802360869e-05,1.0,in,l2sq,11384.63277554512
2026-05-20T10:01:40.676933,319,340950,177.05107790231705,159.88966232538223,52,0.28125,5.37,0.26,19,19,-0.0031033992709126323,0.8982867747545242,0.37352101504802704,0.0028656635258812457,0.006249999918509275,0.0,0.0,4,9.481878330949951e-05,9.481878330949951e-05,1.0,in,l2sq,11417.07406282425
2026-05-20T10:02:16.301620,320,341992,115.34996771812439,115.34996771812439,53,0.2828804347826087,5.475,0.29,16,19,-0.0022505026558065078,0.8928084224462509,0.3805646449327469,0.00048356096840502724,0.0023437500931322575,0.0,0.0,4,9.480456096609702e-05,9.480456096609702e-05,1.0,in,l2sq,11452.698829174042
2026-05-20T10:02:48.278294,321,343054,126.13113784790036,120.74055278301238,47,0.2823369565217391,5.47,0.3,19,19,-0.0030327637679875563,0.9888712093234062,0.40059732645750046,-0.0008697049240254297,0.003906250072759576,0.0,0.0,4,9.478560100194941e-05,9.478560100194941e-05,1.0,in,l2sq,11484.675468921661
2026-05-20T10:03:22.352111,322,344088,170.90380156040192,170.90380156040192,52,0.2826086956521739,5.325,0.3,15,19,-0.0038612053846007743,0.9013830721378326,0.34766414016485214,0.004023478611998144,0.014453125651925802,0.0,0.0,4,9.477138339877497e-05,9.477138339877497e-05,1.0,in,l2sq,11518.749334573746
2026-05-20T10:03:53.487015,323,345135,166.62615662813187,168.7649790942669,56,0.2872282608695652,5.175,0.3,19,19,-0.0036114890244789977,0.8732350170612335,0.38688085228204727,0.0009190294858854309,0.011523437802679837,0.0,0.0,4,9.475716816512207e-05,9.475716816512207e-05,1.0,in,l2sq,11549.884138345718
2026-05-20T10:04:29.539393,324,346187,129.9218964576721,129.9218964576721,51,0.28532608695652173,5.25,0.31,15,19,-0.00204187121125865,0.9186233282089233,0.3582634776830673,0.0003281396010607063,0.0,0.0,0.0,4,9.474295482680208e-05,9.474295482680208e-05,1.0,in,l2sq,11585.936588287354
2026-05-20T10:05:00.570659,325,347234,170.3065211176872,150.11420878767964,51,0.2855978260869565,5.175,0.27,19,19,-0.0032683815254131443,0.9077624902129173,0.38693636655807495,0.0027766493064746434,0.012500000098953024,0.0,0.0,4,9.472874385729282e-05,9.472874385729282e-05,1.0,in,l2sq,11616.967782735825
2026-05-20T10:05:36.877779,326,348297,165.12175059318542,165.12175059318542,52,0.28396739130434784,5.36,0.34,15,19,-0.0034953468217281403,0.906426876783371,0.36970411613583565,0.0001939195820341577,0.0033203126076841727,0.0,0.0,4,9.470979905580882e-05,9.470979905580882e-05,1.0,in,l2sq,11653.275002241135
2026-05-20T10:06:07.854847,327,349346,206.32652246952057,185.724136531353,53,0.2842391304347826,5.24,0.3,19,19,-0.0046015480882488635,0.896856039762497,0.39778150618076324,0.0038636736888292833,0.0179687503259629,0.0,0.0,4,9.469559282273678e-05,9.469559282273678e-05,1.0,in,l2sq,11684.251981258392
2026-05-20T10:06:42.680836,328,350376,205.57986038923264,205.57986038923264,63,0.2875,5.155,0.24,15,19,-0.0016961097977400974,0.857254147529602,0.3958613984286785,3.748632670977359e-05,0.00820312493306119,0.0,0.0,4,9.468138895729134e-05,9.468138895729134e-05,1.0,in,l2sq,11719.078036546707
2026-05-20T10:07:14.239484,329,351431,119.28991860151288,162.43488949537277,43,0.28695652173913044,5.105,0.27,19,19,-0.003255907971470101,0.8734637349843979,0.4000055231153965,0.00044456158439060145,0.004492187479627319,0.0,0.0,4,9.466245362631375e-05,9.466245362631375e-05,1.0,in,l2sq,11750.63661289215
2026-05-20T10:07:49.978789,330,352479,212.45247346162796,212.45247346162796,64,0.2904891304347826,5.09,0.27,16,19,-0.0027900227636563635,0.8761449605226517,0.3705288991332054,0.0017473060095653803,0.0031250000465661287,0.0,0.0,4,9.464825449493778e-05,9.464825449493778e-05,1.0,in,l2sq,11786.376012802124
2026-05-20T10:08:20.719609,331,353517,214.37694025039673,213.41470685601234,50,0.2907608695652174,5.01,0.36,19,19,-0.0022599742165765324,0.908113993704319,0.3947891369462013,-0.0006599364323846453,0.0023437500494765118,0.0,0.0,4,9.463405773000482e-05,9.463405773000482e-05,1.0,in,l2sq,11817.116722345352
2026-05-20T10:08:55.789110,332,354542,210.10709607601163,210.10709607601163,64,0.2921195652173913,5.2,0.35,14,19,-0.003872346272692173,0.7511108368635178,0.40650519728660583,0.0030381352582480757,0.01718750037252903,0.0,0.0,4,9.461986285794229e-05,9.461986285794229e-05,1.0,in,l2sq,11852.186333656311
2026-05-20T10:09:27.436936,333,355582,188.53123933076856,199.3191677033901,57,0.29239130434782606,5.3,0.35,19,19,-0.002498114362970205,0.8644910529255867,0.37095896899700165,-0.0005413728878920637,0.009570312759024091,0.0,0.0,4,9.460567035161292e-05,9.460567035161292e-05,1.0,in,l2sq,11883.834055185318
2026-05-20T10:10:04.943515,334,356651,120.77701687812804,120.77701687812804,46,0.29157608695652176,5.305,0.34,15,19,-0.002418343600561479,0.8476769328117371,0.3982973247766495,0.0007402778653158859,0.002148437502910383,0.0,0.0,4,9.458675016359931e-05,9.458675016359931e-05,1.0,in,l2sq,11921.34066581726
2026-05-20T10:10:34.960195,335,357646,89.48409610986708,105.13055649399756,44,0.28858695652173916,5.17,0.25,19,19,-0.002345211850479423,0.9051780700683594,0.3851543888449669,0.0011863772133438033,0.0007812500116415322,0.0,0.0,4,9.457256238755347e-05,9.457256238755347e-05,1.0,in,l2sq,11951.357350349426
2026-05-20T10:11:11.960096,336,358706,165.1576066017151,165.1576066017151,52,0.28695652173913044,5.31,0.28,16,19,-0.0021787718389534305,0.8473119512200356,0.37585702911019325,0.0008938855228734777,0.0037109376426087692,0.0,0.0,4,9.455837697605816e-05,9.455837697605816e-05,1.0,in,l2sq,11988.357234477997
2026-05-20T10:11:45.126187,337,359797,152.20273280143735,158.68016970157623,49,0.2855978260869565,5.3,0.27,19,19,-0.002128063159034438,0.8488064333796501,0.37780992314219475,0.00013048018844302733,0.0005859375232830644,0.0,0.0,4,9.45394662462467e-05,9.45394662462467e-05,1.0,in,l2sq,12021.523365736008
2026-05-20T10:12:22.264171,338,360872,175.14561712741852,175.14561712741852,59,0.2875,5.245,0.22,17,19,-0.0018843427737009755,1.0585856437683105,0.4000660926103592,8.989161233374787e-06,0.0,0.0,0.0,4,9.452528556267025e-05,9.452528556267025e-05,1.0,in,l2sq,12058.661383628845
2026-05-20T10:12:52.985503,339,361904,124.34438610076904,149.74500161409378,42,0.2847826086956522,5.245,0.22,19,19,-0.002009781094966495,0.9066290035843849,0.3867618963122368,0.0011505472284170544,0.00019531250291038305,0.0,0.0,4,9.451110724246228e-05,9.451110724246228e-05,1.0,in,l2sq,12089.382668733597
2026-05-20T10:13:30.256451,340,362984,165.9524447917938,165.9524447917938,52,0.2845108695652174,5.065,0.18,15,19,-0.002870398788945794,0.9247549325227737,0.39370935410261154,0.000569397184176524,0.005664062686264515,0.0,0.0,4,9.449220596612488e-05,9.449220596612488e-05,1.0,in,l2sq,12126.653625249863
2026-05-20T10:14:03.733042,341,364091,101.70266652107235,133.82755565643308,50,0.28532608695652173,5.045,0.2,19,19,-0.0023597225837874714,0.9734813868999481,0.3644600138068199,-0.0005771000696768169,0.0027343749534338713,0.0,0.0,4,9.447803237147228e-05,9.447803237147228e-05,1.0,in,l2sq,12160.13016819954
2026-05-20T10:14:39.910245,342,365141,154.5110739469528,154.5110739469528,50,0.2847826086956522,5.115,0.24,18,19,-0.0030122324780677556,0.9301333948969841,0.3907245248556137,0.0007065341414886281,0.011328125285217538,0.0,0.0,4,9.446386113900672e-05,9.446386113900672e-05,1.0,in,l2sq,12196.307451725006
2026-05-20T10:15:14.753877,343,366285,142.9136481285095,148.71236103773114,57,0.28505434782608696,5.45,0.39,19,19,-0.0031417247198987086,0.8591140657663345,0.3715736046433449,0.0009738063552503992,0.001953125058207661,0.0,0.0,4,9.444496931141754e-05,9.444496931141754e-05,1.0,in,l2sq,12231.151011705399
2026-05-20T10:15:50.196805,344,367320,237.82244819402695,237.82244819402695,62,0.28804347826086957,5.385,0.35,17,19,-0.0024138614971889183,0.7906069606542587,0.37609583884477615,5.7911412864153355e-05,0.0007812500116415322,0.0,0.0,4,9.443080280214505e-05,9.443080280214505e-05,1.0,in,l2sq,12266.594012260437
2026-05-20T10:16:22.672201,345,368411,173.23857283592218,205.53051051497457,50,0.2877717391304348,5.355,0.3,19,19,-0.003443538854480621,0.9011005163192749,0.3700222074985504,0.002744617831831414,0.00820312529685907,0.0,0.0,4,9.441663865387875e-05,9.441663865387875e-05,1.0,in,l2sq,12299.069326877594
2026-05-20T10:16:56.416421,346,369397,202.91936874389648,202.91936874389648,51,0.2875,5.195,0.25,16,19,-0.002889533519192078,0.8909608498215675,0.3556543067097664,0.0029043644597436247,0.010546875098953024,0.0,0.0,4,9.439775627031436e-05,9.439775627031436e-05,1.0,in,l2sq,12332.813601732254
2026-05-20T10:17:27.046521,347,370478,144.30963617563248,173.61450245976448,53,0.2875,5.16,0.23,19,19,-0.003937870351364836,0.8581705242395401,0.37129776179790497,0.002254250457281115,0.011328125023283064,0.0,0.0,4,9.438359684288e-05,9.438359684288e-05,1.0,in,l2sq,12363.44363451004
2026-05-20T10:18:03.573085,348,371547,153.760423541069,153.760423541069,46,0.2828804347826087,5.365,0.27,14,19,-0.0025774949142942094,0.8774018436670303,0.35257674008607864,0.00022053754591966346,0.00976562530559022,0.0,0.0,4,9.436943977527156e-05,9.436943977527156e-05,1.0,in,l2sq,12399.970305681229
2026-05-20T10:18:32.855125,349,372571,187.6947277188301,170.72757562994957,59,0.2872282608695652,5.45,0.25,19,19,-0.002754070423543503,0.7830024436116219,0.381073035299778,0.000994163958830535,0.003320312505820766,0.0,0.0,4,9.435056683101091e-05,9.435056683101091e-05,1.0,in,l2sq,12429.252243995667
2026-05-20T10:19:10.115213,350,373632,220.8229505419731,220.8229505419731,47,0.2826086956521739,5.755,0.22,17,19,-0.0024029042659094446,0.8142594546079636,0.35117973387241364,0.0009232796026481249,0.0015625000523868948,0.0,0.0,4,9.433641448187447e-05,9.433641448187447e-05,1.0,in,l2sq,12466.512407541275
2026-05-20T10:19:40.976252,351,374672,159.08058232069013,189.95176643133163,50,0.2826086956521739,5.49,0.23,19,19,-0.0030570609305868857,0.8830083608627319,0.3723592609167099,0.0008076211789557197,0.008203125151339918,0.0,0.0,4,9.432226449138426e-05,9.432226449138426e-05,1.0,in,l2sq,12497.373394727707
2026-05-20T10:20:17.564559,352,375759,127.26779532432552,127.26779532432552,53,0.2796195652173913,5.46,0.17,18,19,-0.0018411748017115037,0.8448731005191803,0.37555285170674324,0.0009374394606538328,0.0035156250814907253,0.0,0.0,4,9.430340098170862e-05,9.430340098170862e-05,1.0,in,l2sq,12533.96176481247
2026-05-20T10:20:49.925203,353,376847,159.5974263548851,143.4326108396053,54,0.27880434782608693,5.555,0.17,19,19,-0.002569756010780133,0.8366820365190506,0.3515324592590332,0.0009973780564905554,0.0031249999592546374,0.0,0.0,4,9.428925570733166e-05,9.428925570733166e-05,1.0,in,l2sq,12566.322345972061
2026-05-20T10:21:26.802106,354,377937,97.66872310638428,97.66872310638428,41,0.27744565217391304,5.48,0.19,17,19,-0.0025311932389740777,0.9071143195033073,0.3716919533908367,0.0010128043568784217,0.0013671875349245965,0.0,0.0,4,9.427511279042183e-05,9.427511279042183e-05,1.0,in,l2sq,12603.199311256409
2026-05-20T10:21:57.499862,355,378976,162.00417172908783,129.83644741773605,53,0.2798913043478261,5.61,0.15,19,19,-0.003988530542119395,0.905426137149334,0.38166699558496475,0.001818404074583696,0.011132812476716936,0.0,0.0,4,9.425625871061489e-05,9.425625871061489e-05,1.0,in,l2sq,12633.89699792862
2026-05-20T10:22:31.664090,356,379981,168.14286726713178,168.14286726713178,52,0.2798913043478261,5.52,0.14,17,19,-0.0036507756332866403,0.8633410334587097,0.37691694498062134,0.002373801418616539,0.01640624995343387,0.0,0.0,4,9.424212050746072e-05,9.424212050746072e-05,1.0,in,l2sq,12668.061301231384
2026-05-20T10:23:04.036938,357,381066,194.6987075805664,181.4207874238491,51,0.28043478260869564,5.52,0.19,19,19,-0.0029835112887667548,0.8465169966220856,0.36112652346491814,0.0013282671083743036,0.010937500046566129,0.0,0.0,4,9.42279846605952e-05,9.42279846605952e-05,1.0,in,l2sq,12700.43408370018
2026-05-20T10:23:39.110903,358,382095,185.67662411928174,185.67662411928174,55,0.2793478260869565,5.495,0.2,18,19,-0.0040999124204973425,0.8865000754594803,0.37896882742643356,0.0014450082786424678,0.008789062572759576,0.0,0.0,4,9.420914000594295e-05,9.420914000594295e-05,1.0,in,l2sq,12735.508112192154
2026-05-20T10:24:11.942087,359,383198,211.1760312318802,198.42632767558098,55,0.2828804347826087,5.565,0.24,19,19,-0.002559763222234279,0.888071283698082,0.35277827829122543,0.0005709457720513011,0.007812499912688509,0.0,0.0,4,9.419500887047667e-05,9.419500887047667e-05,1.0,in,l2sq,12768.33924293518
2026-05-20T10:24:47.396511,360,384234,179.42009955644605,179.42009955644605,58,0.2845108695652174,5.32,0.18,15,19,-0.0035874042849172727,0.844935916364193,0.3827973045408726,0.0013887300861825103,0.009765625116415322,0.0,0.0,4,9.418088009012114e-05,9.418088009012114e-05,1.0,in,l2sq,12803.79370188713
2026-05-20T10:25:19.737423,361,385317,136.09328109025955,157.7566903233528,50,0.2845108695652174,5.5,0.22,19,19,-0.0020539272838505096,0.7941065952181816,0.38352202624082565,0.0017540006609124414,0.009179687549476512,0.0,0.0,4,9.416204485591192e-05,9.416204485591192e-05,1.0,in,l2sq,12836.13453745842
2026-05-20T10:25:56.163480,362,386391,210.56848651170728,210.56848651170728,50,0.2845108695652174,5.53,0.21,17,19,-0.0036478378227911,0.9407202452421188,0.3732510805130005,0.0013884738114939288,0.0,0.0,0.0,4,9.414792078460041e-05,9.414792078460041e-05,1.0,in,l2sq,12872.560678005219
2026-05-20T10:26:28.613734,363,387481,170.54662120342255,190.55755385756493,48,0.28206521739130436,5.43,0.2,19,19,-0.0026157834628975363,0.8933371230959892,0.3726459629833698,0.002378903855048964,0.003906250116415322,0.0,0.0,4,9.413379906722233e-05,9.413379906722233e-05,1.0,in,l2sq,12905.010843276978
2026-05-20T10:27:05.343569,364,388565,195.65107172727585,195.65107172727585,61,0.2817934782608696,5.63,0.2,18,19,-0.003366833877226083,0.8872149139642715,0.36154036223888397,0.00141721689371933,0.008007812721189111,0.0,0.0,4,9.411497324874688e-05,9.411497324874688e-05,1.0,in,l2sq,12941.740787506104
2026-05-20T10:27:36.310424,365,389613,251.17504459619522,223.41305816173553,60,0.2845108695652174,5.445,0.17,19,19,-0.0014647751762821848,0.8545742332935333,0.3629259988665581,0.0010445786436321103,0.0023437500931322575,0.0,0.0,4,9.410085623805876e-05,9.410085623805876e-05,1.0,in,l2sq,12972.707543611526
2026-05-20T10:28:11.485425,366,390699,232.2790720462799,232.2790720462799,62,0.2875,5.545,0.16,17,19,-0.0029074437916279394,0.8830814063549042,0.359436247497797,9.498385011280641e-05,0.006054687546566129,0.0,0.0,4,9.408674158012734e-05,9.408674158012734e-05,1.0,in,l2sq,13007.882629156113
2026-05-20T10:28:42.563054,367,391752,212.44442486763,222.36174845695496,52,0.2872282608695652,5.405,0.14,19,19,-0.0033424717054004738,0.8071520179510117,0.37972939386963844,0.0014827552035058152,0.008984374988358468,0.0,0.0,4,9.406792517267872e-05,9.406792517267872e-05,1.0,in,l2sq,13038.960183143616
2026-05-20T10:29:19.912805,368,392861,127.87398779392242,127.87398779392242,54,0.28940217391304346,5.395,0.17,17,19,-0.0016561120952246489,0.9288535118103027,0.38215938210487366,0.001963997458278688,0.0031250000465661287,0.0,0.0,4,9.405381521908439e-05,9.405381521908439e-05,1.0,in,l2sq,13076.310030221939
2026-05-20T10:29:51.014063,369,393918,219.84157478809357,173.857781291008,59,0.28940217391304346,5.395,0.18,19,19,-0.0035512332047801243,0.9446186348795891,0.35994522273540497,-0.00022897725584699116,0.009570312598953024,0.0,0.0,4,9.40397076170706e-05,9.40397076170706e-05,1.0,in,l2sq,13107.411197423935
2026-05-20T10:30:27.126606,370,394991,174.00857734680176,174.00857734680176,61,0.2932065217391304,5.435,0.19,18,19,-0.003441481391200707,0.8837096840143204,0.36638034507632256,0.0016913865667902567,0.01074218752910383,0.0,0.0,4,9.402090061594426e-05,9.402090061594426e-05,1.0,in,l2sq,13143.523822069168
2026-05-20T10:30:57.230629,371,396015,153.772853910923,163.89071562886238,52,0.29375,5.295,0.19,19,19,-0.0027861685433889782,1.0198539197444916,0.36118797212839127,-0.0007635505333383197,0.01249999983701855,0.0,0.0,4,9.400679771591589e-05,9.400679771591589e-05,1.0,in,l2sq,13173.627768278122
2026-05-20T10:31:32.185909,372,397040,142.66337466239926,142.66337466239926,51,0.2932065217391304,5.275,0.14,16,19,-0.004300252438406482,0.8972544372081757,0.3615630976855755,0.0009078594028324172,0.012304687756113708,0.0,0.0,4,9.399269716629249e-05,9.399269716629249e-05,1.0,in,l2sq,13208.583117246628
2026-05-20T10:32:02.836130,373,398074,190.66546434164047,166.66441950201988,60,0.29483695652173914,5.275,0.15,19,19,-0.003013014828320504,0.8864496499300003,0.34851180762052536,0.002778391286301484,0.016015625093132257,0.0,0.0,4,9.397859849671104e-05,9.397859849671104e-05,1.0,in,l2sq,13239.233262300491
2026-05-20T10:32:40.143973,374,399179,132.38084548711774,132.38084548711774,54,0.29836956521739133,5.145,0.17,17,19,-0.0027231310406934384,0.8777748569846153,0.3597620017826557,0.0009347156981447599,0.006250000049476512,0.0,0.0,4,9.396450217682952e-05,9.396450217682952e-05,1.0,in,l2sq,13276.541171073914
2026-05-20T10:33:11.672864,375,400246,77.1771582961082,104.77900189161298,49,0.29728260869565215,5.07,0.21,19,19,-0.003254155474132825,0.856650821864605,0.35958223789930344,-0.0006200383569648638,0.005078125119325705,0.0,0.0,4,9.394571021603917e-05,9.394571021603917e-05,1.0,in,l2sq,13308.069994688034
2026-05-20T10:33:48.006215,376,401327,222.7776252031326,222.7776252031326,57,0.2986413043478261,5.29,0.3,18,19,-0.004171144275460503,0.8831737414002419,0.34625932946801186,0.003863285792363065,0.015820312779396772,0.0,0.0,4,9.392692201345306e-05,9.392692201345306e-05,1.0,in,l2sq,13344.403438806534
2026-05-20T10:34:19.063769,377,402383,193.41913259029386,208.09837889671323,49,0.2980978260869565,5.425,0.31,19,19,-0.00495584746822697,0.91358782351017,0.3734268918633461,0.001409318380865443,0.022656250279396772,0.0,0.0,4,9.391283320998009e-05,9.391283320998009e-05,1.0,in,l2sq,13375.460898637772
2026-05-20T10:34:55.173128,378,403465,260.83535289764404,260.83535289764404,60,0.29945652173913045,5.47,0.26,18,19,-0.0032713157183024977,0.8936653807759285,0.35473067685961723,0.0014728824780150113,0.007617187831783667,0.0,0.0,4,9.389874675456276e-05,9.389874675456276e-05,1.0,in,l2sq,13411.570341348648
2026-05-20T10:35:25.882175,379,404509,198.14592826366422,229.49064058065414,55,0.29945652173913045,5.545,0.18,19,19,-0.003377488339901924,0.8650893196463585,0.35927196964621544,0.0010825660690443328,0.004687500215368345,0.0,0.0,4,9.38799679441993e-05,9.38799679441993e-05,1.0,in,l2sq,13442.279319524765
2026-05-20T10:35:59.848456,380,405516,207.5813192129135,207.5813192129135,57,0.29918478260869563,5.325,0.12,18,19,-0.0030931097338906532,0.9119887501001358,0.3407885208725929,-0.0013669121236489223,0.007812500116415322,0.0,0.0,4,9.386588618371933e-05,9.386588618371933e-05,1.0,in,l2sq,13476.245665311813
2026-05-20T10:36:30.485548,381,406557,176.17667865753174,191.87899893522263,52,0.2997282608695652,5.27,0.15,19,19,-0.003628820614540118,0.819353349506855,0.3503885082900524,0.002396247793285518,0.010351562988944352,0.0,0.0,4,9.38518067701212e-05,9.38518067701212e-05,1.0,in,l2sq,13506.882639408112
2026-05-20T10:37:13.955156,382,407625,198.51508593559265,198.51508593559265,52,0.30027173913043476,5.33,0.17,19,19,-0.004868392483331263,0.8406784385442734,0.3588619902729988,0.0027791390410129013,0.025781251024454832,0.0,0.0,4,9.383772923374693e-05,9.383772923374693e-05,1.0,in,l2sq,13550.35207772255
2026-05-20T10:37:46.111481,383,408708,190.0888156890869,194.30195081233978,60,0.3035326086956522,5.54,0.23,19,19,-0.0032347318367101363,0.8393082022666931,0.3582810312509537,0.0023707305199877904,0.006445312828873284,0.0,0.0,4,9.382365404355052e-05,9.382365404355052e-05,1.0,in,l2sq,13582.508635520935
2026-05-20T10:38:27.255111,384,409704,197.28328526020047,197.28328526020047,58,0.3027173913043478,5.585,0.31,19,19,-0.0033187806664500275,0.8785642012953758,0.3466002680361271,0.0006869959973300754,0.0167968748282874,0.0,0.0,4,9.380489025097836e-05,9.380489025097836e-05,1.0,in,l2sq,13623.652220487595
2026-05-20T10:38:58.640316,385,410758,137.5249219536781,167.4041036069393,48,0.29945652173913045,5.51,0.26,19,19,-0.0035573869652580914,0.9282660186290741,0.3703242540359497,0.00217400485857977,0.007421875197906047,0.0,0.0,4,9.379081975196467e-05,9.379081975196467e-05,1.0,in,l2sq,13655.037481069565
2026-05-20T10:39:34.460500,386,411819,192.62309449911118,192.62309449911118,56,0.29782608695652174,5.38,0.25,18,19,-0.0024215043202275577,0.8693770840764046,0.3522581718862057,0.0018779979384817014,0.007031250075669959,0.0,0.0,4,9.377675159795597e-05,9.377675159795597e-05,1.0,in,l2sq,13690.85767865181
2026-05-20T10:40:04.435551,387,412834,185.9256831407547,189.27438881993294,59,0.2997282608695652,5.265,0.22,19,19,-0.00336321603972467,0.861187256872654,0.36138012632727623,0.0007558244750498558,0.011914062546566129,0.0,0.0,4,9.37579971854039e-05,9.37579971854039e-05,1.0,in,l2sq,13720.832739830017
2026-05-20T10:40:46.229365,388,413900,165.7257674336433,165.7257674336433,49,0.29836956521739133,5.31,0.17,20,20,-0.0021173700544749874,0.8475066423416138,0.3619651347398758,0.0008843553461702625,0.0003906250058207661,0.0,0.0,4,9.37439337202328e-05,9.37439337202328e-05,1.0,in,l2sq,13762.626341819763
2026-05-20T10:41:17.236786,389,414945,176.3284351825714,171.02710130810738,57,0.29782608695652174,5.085,0.16,20,20,-0.0025197322049280713,0.9395259320735931,0.36285439133644104,0.0009680400238721021,0.005664062409778126,0.0,0.0,4,9.372987259889444e-05,9.372987259889444e-05,1.0,in,l2sq,13793.633968114853
2026-05-20T10:41:51.428063,390,416001,167.25960737466812,167.25960737466812,58,0.2970108695652174,5.085,0.18,19,20,-0.003139716526493419,0.8882850408554077,0.3670957647264004,0.0005863333567503945,0.0009765625145519152,0.0,0.0,4,9.371112756167338e-05,9.371112756167338e-05,1.0,in,l2sq,13827.825251817703
2026-05-20T10:42:22.067333,391,417038,173.34084802865982,170.30022770166397,55,0.29782608695652174,5.195,0.22,20,20,-0.0031398177554364803,0.9464738816022873,0.36128638684749603,0.002496100032953974,0.0042968750931322575,0.0,0.0,4,9.369707112682866e-05,9.369707112682866e-05,1.0,in,l2sq,13858.464520692825
2026-05-20T10:43:12.507673,392,418062,192.96760261058805,192.96760261058805,58,0.2997282608695652,5.165,0.19,20,20,-0.003123802671325282,0.8000452816486359,0.3445094898343086,0.0033731140966210688,0.004492187668802217,0.0,0.0,4,9.368301703464499e-05,9.368301703464499e-05,1.0,in,l2sq,13908.904606342316
2026-05-20T10:43:43.694022,393,419106,147.56129008531568,170.26444634795186,47,0.296195652173913,5.315,0.24,20,20,-0.0030875093827489875,0.9415691196918488,0.36607028543949127,0.0012037075082844267,0.003906250058207661,0.0,0.0,4,9.366896481630907e-05,9.366896481630907e-05,1.0,in,l2sq,13940.091210365295
2026-05-20T10:44:18.875052,394,420146,167.47600203752518,167.47600203752518,52,0.2956521739130435,5.425,0.2,19,20,-0.003248284864094231,0.9387909099459648,0.3676980622112751,0.002769394232905162,0.015234375139698386,0.0,0.0,4,9.365491493993144e-05,9.365491493993144e-05,1.0,in,l2sq,13975.272201538086
2026-05-20T10:44:50.922270,395,421195,226.61220234632492,197.04410219192505,56,0.297554347826087,5.39,0.18,20,20,-0.0030320469755679147,0.9335222318768501,0.376166470348835,0.000973779165178712,0.005273437607684173,0.0,0.0,4,9.363618489349262e-05,9.363618489349262e-05,1.0,in,l2sq,14007.3193962574
2026-05-20T10:45:26.525560,396,422228,274.7108392715454,274.7108392715454,68,0.3005434782608696,5.37,0.16,18,20,-0.0048130849259905295,0.8463536649942398,0.35258904844522476,0.00513786202918709,0.020703125279396772,0.0,0.0,4,9.362213969986076e-05,9.362213969986076e-05,1.0,in,l2sq,14042.922742843628
2026-05-20T10:45:59.684032,397,423314,201.03971713781354,237.8752782046795,49,0.3005434782608696,5.275,0.17,20,20,-0.003407003058237046,0.8979995846748352,0.36047739535570145,0.0019414648171846294,0.004492187552386895,0.0,0.0,4,9.360809684701649e-05,9.360809684701649e-05,1.0,in,l2sq,14076.081139564514
2026-05-20T10:46:32.741969,398,424394,223.62138068675995,223.62138068675995,60,0.3005434782608696,5.315,0.22,18,20,-0.0018249393135192915,0.7878096699714661,0.3665720485150814,0.0010371875659984653,0.002148437561118044,0.0,0.0,4,9.358937616372806e-05,9.358937616372806e-05,1.0,in,l2sq,14109.139186143875
2026-05-20T10:47:06.265233,399,425504,142.63647931814194,183.12893000245094,47,0.29836956521739133,5.51,0.2,20,20,-0.002382637638947971,0.9397580027580261,0.342501662671566,0.0021438560397655237,0.0023437500931322575,0.0,0.0,4,9.357533799128864e-05,9.357533799128864e-05,1.0,in,l2sq,14142.662341117859
2026-05-20T10:47:42.405865,400,426512,189.16970098018646,189.16970098018646,59,0.29891304347826086,5.485,0.22,17,20,-0.003149341879179701,0.84945148229599,0.36665915325284004,9.25770508729217e-05,0.005078125046566129,0.0,0.0,4,9.356130215846664e-05,9.356130215846664e-05,1.0,in,l2sq,14178.803053855896
2026-05-20T10:48:14.724920,401,427577,158.8683145046234,174.01900774240494,60,0.3010869565217391,5.575,0.27,20,20,-0.0027129616988532113,0.8737409636378288,0.35237478092312813,0.0011695668198853718,0.009960937619325705,0.0,0.0,4,9.354259083364798e-05,9.354259083364798e-05,1.0,in,l2sq,14210.963514089584
2026-05-20T10:48:52.324065,402,428668,182.18824189901352,182.18824189901352,53,0.30135869565217394,5.435,0.26,15,20,-0.0024436668085399127,0.9498126059770584,0.3862489089369774,-0.0005846814963661462,0.0054687502852175385,0.0,0.0,4,9.35285596788911e-05,9.35285596788911e-05,1.0,in,l2sq,14248.721284151077
2026-05-20T10:49:24.313144,403,429727,170.99450463056561,176.59137326478958,49,0.29836956521739133,5.35,0.24,20,20,-0.002765297173755177,0.9374880194664001,0.3578612133860588,0.00024988162288084106,0.002148437502910383,0.0,0.0,4,9.351453086258206e-05,9.351453086258206e-05,1.0,in,l2sq,14280.710263729095
2026-05-20T10:50:01.739061,404,430813,177.1173331141472,177.1173331141472,56,0.29782608695652174,5.47,0.28,17,20,-0.0038281642482616007,0.766919419169426,0.3607711233198643,0.0036516349794965264,0.029296875814907253,0.0,0.0,4,9.349582889155487e-05,9.349582889155487e-05,1.0,in,l2sq,14318.136277198792
2026-05-20T10:50:33.582159,405,431867,166.9575732350349,172.03745317459106,46,0.29728260869565215,5.51,0.29,20,20,-0.0028789699950720893,0.925973653793335,0.36526690423488617,0.0004118866108456798,0.004687500186264515,0.0,0.0,4,9.34818047509724e-05,9.34818047509724e-05,1.0,in,l2sq,14349.97928905487
2026-05-20T10:51:10.781146,406,432940,114.34396672248836,114.34396672248836,49,0.29538043478260867,5.485,0.31,16,20,-0.003354308492271141,0.8527627140283585,0.36673644557595253,0.0013510731844462442,0.002929687558207661,0.0,0.0,4,9.346778294766877e-05,9.346778294766877e-05,1.0,in,l2sq,14387.17835187912
2026-05-20T10:51:43.819964,407,434030,125.59081262350082,119.96738967299459,51,0.2932065217391304,5.42,0.4,20,20,-0.0032807973359013087,0.8398241251707077,0.35437487810850143,0.0008577175011794114,0.007812500116415322,0.0,0.0,4,9.344909032575708e-05,9.344909032575708e-05,1.0,in,l2sq,14420.217092037201
2026-05-20T10:52:20.430842,408,435088,181.38580644130707,181.38580644130707,47,0.2926630434782609,5.575,0.38,17,20,-0.003823176020523511,0.9805465489625931,0.37819482386112213,0.000799718782218406,0.0023437500931322575,0.0,0.0,4,9.343507319584262e-05,9.343507319584262e-05,1.0,in,l2sq,14456.828001737595
2026-05-20T10:52:50.150812,409,436077,220.48828244209287,200.93704444169998,61,0.29375,5.485,0.24,20,20,-0.0019819960522909352,0.8185550197958946,0.3368263430893421,0.0010337150053374017,0.0042968750349245965,0.0,0.0,4,9.34210584020386e-05,9.34210584020386e-05,1.0,in,l2sq,14486.547961711884
2026-05-20T10:53:25.393993,410,437097,230.04826754331586,230.04826754331586,58,0.29375,5.485,0.23,18,20,-0.0027955368626861876,0.9217685908079147,0.3781449422240257,0.0006947660991499793,0.0007812500116415322,0.0,0.0,4,9.340704547684264e-05,9.340704547684264e-05,1.0,in,l2sq,14521.791209936142
2026-05-20T10:53:56.318688,411,438123,223.3336923122406,226.69097992777824,59,0.29483695652173914,5.415,0.14,20,20,-0.0024029909516685155,0.8907138928771019,0.35259852558374405,-0.0005222147029598778,0.004687500026193447,0.0,0.0,4,9.339303488705634e-05,9.339303488705634e-05,1.0,in,l2sq,14552.715813159943
2026-05-20T10:54:34.634680,412,439239,119.59870970249173,119.59870970249173,46,0.29157608695652176,5.505,0.17,19,20,-0.003034034075244385,0.9111190810799599,0.3670247457921505,0.000228838978227959,0.006250000282307155,0.0,0.0,4,9.337435721400929e-05,9.337435721400929e-05,1.0,in,l2sq,14591.031883478165
2026-05-20T10:55:05.408130,413,440262,211.5761150717735,165.58741238713262,60,0.2951086956521739,5.45,0.17,20,20,-0.0032557756523603487,0.8767714202404022,0.351271316409111,0.0007312341251235754,0.0023437500931322575,0.0,0.0,4,9.336035129387475e-05,9.336035129387475e-05,1.0,in,l2sq,14621.805309057236
2026-05-20T10:55:40.729943,414,441284,228.49401319026944,228.49401319026944,65,0.2986413043478261,5.4,0.19,18,20,-0.003160090879828159,0.8600211143493652,0.3382228687405586,0.0003596772256741765,0.009570312759024091,0.0,0.0,4,9.334634770798243e-05,9.334634770798243e-05,1.0,in,l2sq,14657.127129554749
2026-05-20T10:56:12.989696,415,442351,178.38809806108472,203.44105562567708,61,0.3,5.385,0.22,20,20,-0.0027918271629460145,0.9027309194207191,0.3602549880743027,0.0017629753254368025,0.008398437668802217,0.0,0.0,4,9.332767937190431e-05,9.332767937190431e-05,1.0,in,l2sq,14689.386871814728
2026-05-20T10:56:47.213061,416,443335,201.1484643816948,201.1484643816948,58,0.29728260869565215,5.225,0.2,17,20,-0.0027640145737677924,0.8803203999996185,0.36037952452898026,-0.00031406376383524837,0.004296875005820766,0.0,0.0,4,9.331368045332938e-05,9.331368045332938e-05,1.0,in,l2sq,14723.61024928093
2026-05-20T10:57:18.984160,417,444386,249.00048172473905,225.07447305321693,66,0.30190217391304347,5.365,0.18,20,20,-0.003828043129760761,0.8701641485095024,0.348750714212656,0.0011374307621509483,0.010742188154836185,0.0,0.0,4,9.329968386782979e-05,9.329968386782979e-05,1.0,in,l2sq,14755.381335020065
2026-05-20T10:57:55.706034,418,445446,162.22272449731824,162.22272449731824,54,0.30027173913043476,5.345,0.11,16,20,-0.0037922166084171927,0.819552518427372,0.37061672657728195,0.00043081772359983284,0.01035156293073669,0.0,0.0,4,9.328102486405305e-05,9.328102486405305e-05,1.0,in,l2sq,14792.103221654892
2026-05-20T10:58:27.956792,419,446514,330.52755427360535,246.3751393854618,78,0.30869565217391304,5.485,0.14,20,20,-0.004728779278230011,0.8680770248174667,0.3798736333847046,0.0015015695061266765,0.028906251303851604,0.0,0.0,4,9.326703294353768e-05,9.326703294353768e-05,1.0,in,l2sq,14824.353928565979
2026-05-20T10:59:06.144624,420,447620,220.9158754348755,220.9158754348755,64,0.31005434782608693,5.595,0.13,17,20,-0.0028413981373888175,0.8544573187828064,0.36899222433567047,0.0025818407401402843,0.0042968750931322575,0.0,0.0,4,9.325304335493132e-05,9.325304335493132e-05,1.0,in,l2sq,14862.541824102402
2026-05-20T10:59:37.576613,421,448658,259.8347501754761,240.37531280517578,60,0.31005434782608693,5.615,0.16,20,20,-0.0030233666824642236,0.8662752211093903,0.36369363591074944,0.001730790477813604,0.004101562517462298,0.0,0.0,4,9.323439367879077e-05,9.323439367879077e-05,1.0,in,l2sq,14893.973751783371
2026-05-20T11:00:13.657593,422,449707,202.64239251613617,202.64239251613617,54,0.31032608695652175,5.53,0.18,19,20,-0.00380300729302685,0.8290507793426514,0.3583395704627037,0.00048380739100373216,0.01953125,0.0,0.0,4,9.32204087528366e-05,9.32204087528366e-05,1.0,in,l2sq,14930.054801225662
2026-05-20T11:00:45.368365,423,450757,222.36163252592087,212.50201252102852,53,0.3114130434782609,5.64,0.29,20,20,-0.0027338549960405634,0.9520565867424011,0.3321189172565937,0.00031062599468895113,0.0072265625931322575,0.0,0.0,4,9.320642615762571e-05,9.320642615762571e-05,1.0,in,l2sq,14961.765491008759
2026-05-20T11:01:21.158442,424,451801,180.9683165550232,180.9683165550232,55,0.3111413043478261,5.665,0.3,19,20,-0.0026011764944995353,0.8293342888355255,0.37973228842020035,-0.0006648161102930095,0.014062500558793545,0.0,0.0,4,9.319244542672979e-05,9.319244542672979e-05,1.0,in,l2sq,14997.555623054504
2026-05-20T11:01:52.622853,425,452865,297.0597869157791,239.01405173540115,75,0.3190217391304348,5.68,0.27,20,20,-0.0038662836828734504,0.9009360447525978,0.35748570412397385,0.003472080895289764,0.0263671875,0.0,0.0,4,9.317846702587801e-05,9.317846702587801e-05,1.0,in,l2sq,15029.019984722137
2026-05-20T11:02:27.265241,426,453888,242.38464802503586,242.38464802503586,65,0.3233695652173913,5.6,0.18,17,20,-0.003162556953611756,0.9305777624249458,0.3394831456243992,0.001984726410273585,0.010156250355066732,0.0,0.0,4,9.31598322642575e-05,9.31598322642575e-05,1.0,in,l2sq,15063.662447929382
2026-05-20T11:02:56.482752,427,454880,209.63465631008145,226.00965216755867,58,0.3252717391304348,5.49,0.19,20,20,-0.0023629219329450724,0.7864110916852951,0.3702942952513695,0.001181070247048388,0.0027343750989530236,0.0,0.0,4,9.314585852232909e-05,9.314585852232909e-05,1.0,in,l2sq,15092.87990450859
2026-05-20T11:03:31.397776,428,455912,197.31998944282532,197.31998944282532,51,0.3263586956521739,5.585,0.27,18,20,-0.003857050562510178,0.8917827531695366,0.3495032377541065,0.0014497506413590731,0.009179687476716936,0.0,0.0,4,9.313188710928004e-05,9.313188710928004e-05,1.0,in,l2sq,15127.794974088669
2026-05-20T11:04:00.007895,429,456889,149.87390387058255,173.59694665670395,48,0.32282608695652176,5.31,0.21,20,20,-0.002464534770115323,0.7761671394109726,0.344366617500782,0.0006361497196848975,0.00390625,0.0,0.0,4,9.3117917559055e-05,9.3117917559055e-05,1.0,in,l2sq,15156.405043125153
2026-05-20T11:04:32.686471,430,457893,213.59927576780316,213.59927576780316,60,0.3233695652173913,5.115,0.19,18,20,-0.0034695892798480843,0.8493456393480301,0.363910797983408,0.002188946526939621,0.008984375002910383,0.0,0.0,4,9.310395033701074e-05,9.310395033701074e-05,1.0,in,l2sq,15189.083667755127
2026-05-20T11:04:59.105861,431,458964,121.4387908577919,167.51903331279755,47,0.3201086956521739,5.235,0.25,20,20,-0.003341157472459666,0.8138448596000671,0.3571883551776409,0.0014478917916335042,0.01113281243306119,0.0,0.0,4,9.308533047798284e-05,9.308533047798284e-05,1.0,in,l2sq,15215.503066539764
2026-05-20T11:05:25.462558,432,460061,161.56602400541303,161.56602400541303,53,0.3220108695652174,5.12,0.23,17,20,-0.0014869719947455673,0.7993481457233429,0.37505797296762466,0.00481170821185517,0.017968750005820766,0.0,0.0,4,9.30713679111361e-05,9.30713679111361e-05,1.0,in,l2sq,15241.859748840332
2026-05-20T11:05:51.749974,433,461130,111.43058091402051,136.49830245971677,44,0.31766304347826085,5.41,0.29,20,20,-0.0022208456481167538,0.8459696620702744,0.350024726241827,0.0007172763921062253,0.0017578125261934474,0.0,0.0,4,9.305740767130627e-05,9.305740767130627e-05,1.0,in,l2sq,15268.147176265717
2026-05-20T11:06:21.476821,434,462180,182.96426284313202,182.96426284313202,62,0.3168478260869565,5.385,0.27,17,20,-0.003471013570378989,0.8608000874519348,0.3522663488984108,0.0012439900280014626,0.008984375235741027,0.0,0.0,4,9.303879712034609e-05,9.303879712034609e-05,1.0,in,l2sq,15297.874014139175
2026-05-20T11:06:47.378510,435,463229,200.05639415979385,191.51032850146294,58,0.3160326086956522,5.28,0.19,20,20,-0.0028782487788703293,0.8470298647880554,0.3588966801762581,0.00029043035301579145,0.00976562558207661,0.0,0.0,4,9.302484153338666e-05,9.302484153338666e-05,1.0,in,l2sq,15323.775699853897
2026-05-20T11:07:17.454871,436,464304,157.3858557343483,157.3858557343483,51,0.3141304347826087,5.315,0.2,19,20,-0.003019242042501258,0.9206636697053909,0.37048790603876114,0.001745320269083129,0.010351562406867743,0.0,0.0,4,9.301088827228086e-05,9.301088827228086e-05,1.0,in,l2sq,15353.852046966553
2026-05-20T11:07:43.117256,437,465348,233.53778553009033,195.46182063221931,59,0.31222826086956523,5.355,0.16,20,20,-0.0036729440937051105,0.8654835149645805,0.3646528534591198,0.0008351821488304517,0.008984375119325705,0.0,0.0,4,9.29922870247353e-05,9.29922870247353e-05,1.0,in,l2sq,15379.51443195343
2026-05-20T11:08:13.692914,438,466444,199.8443222641945,199.8443222641945,62,0.3144021739130435,5.585,0.18,19,20,-0.002800646511605054,0.8128930032253265,0.3573920354247093,0.0014033287443453446,0.005859375291038305,0.0,0.0,4,9.297833841417392e-05,9.297833841417392e-05,1.0,in,l2sq,15410.090143918991
2026-05-20T11:08:40.142775,439,467507,141.53946793079373,170.69189509749413,48,0.30625,5.69,0.2,20,20,-0.003325589786982164,0.9470033273100853,0.34170879796147346,0.002117669515928378,0.0041015625320142135,0.0,0.0,4,9.29643921283035e-05,9.29643921283035e-05,1.0,in,l2sq,15436.539930582047
2026-05-20T11:09:18.635838,440,468529,208.83516830205917,208.83516830205917,59,0.3048913043478261,5.715,0.23,20,20,-0.004216496116714485,0.8406523764133453,0.34315457195043564,0.00034188733577592,0.01367187558207661,0.0,0.0,4,9.294580017952178e-05,9.294580017952178e-05,1.0,in,l2sq,15475.032876968384
2026-05-20T11:09:44.215877,441,469544,261.63814997673035,235.23665913939476,74,0.30869565217391304,5.635,0.26,20,20,-0.002429537504212931,0.8821645528078079,0.34907495230436325,0.0016887319154193503,0.0031249999592546374,0.0,0.0,4,9.293185854187096e-05,9.293185854187096e-05,1.0,in,l2sq,15500.612963438034
2026-05-20T11:10:26.599405,442,470585,234.72046554088593,234.72046554088593,61,0.3105978260869565,5.435,0.24,20,20,-0.003319775787531412,0.8309154361486435,0.3330620639026165,0.001881800569026315,0.0078125,0.0,0.0,4,9.291791922774898e-05,9.291791922774898e-05,1.0,in,l2sq,15542.996238708496
2026-05-20T11:10:52.248034,443,471605,233.33070838451385,234.0255869626999,61,0.31277173913043477,5.4,0.15,20,20,-0.0031816330214495814,0.8313176333904266,0.33053092658519745,0.0004827562383071804,0.003906250058207661,0.0,0.0,4,9.290398177217122e-05,9.290398177217122e-05,1.0,in,l2sq,15568.64521932602
2026-05-20T11:11:21.928864,444,472648,151.0350480675697,151.0350480675697,52,0.3119565217391304,5.56,0.19,19,20,-0.0031062617985298524,0.8724391087889671,0.3377009220421314,0.0007176655662988196,0.011914062779396772,0.0,0.0,4,9.28900466394253e-05,9.28900466394253e-05,1.0,in,l2sq,15598.325877189636
2026-05-20T11:11:48.088445,445,473684,202.97749787569046,177.0062729716301,69,0.31032608695652175,5.42,0.16,20,20,-0.004063011374091707,0.7538733184337616,0.32717428356409073,-0.00034972912271773356,0.012695312849245965,0.0,0.0,4,9.28714695589979e-05,9.28714695589979e-05,1.0,in,l2sq,15624.485527992249
2026-05-20T11:12:17.139963,446,474692,217.65658301115036,217.65658301115036,59,0.30869565217391304,5.475,0.14,19,20,-0.002043573619448402,0.9471033811569214,0.34400422871112823,0.001837172649129637,0.012500000186264515,0.0,0.0,4,9.285753907075433e-05,9.285753907075433e-05,1.0,in,l2sq,15653.537034273148
2026-05-20T11:12:44.566126,447,475775,143.1530865430832,180.40483477711678,53,0.30733695652173915,5.38,0.13,20,20,-0.0031171238137176482,0.8916438743472099,0.3389883413910866,0.0003689211349410526,0.009179687855066732,0.0,0.0,4,9.284361090418141e-05,9.284361090418141e-05,1.0,in,l2sq,15680.963234424591
2026-05-20T11:13:12.905224,448,476831,235.4156225323677,235.4156225323677,66,0.3114130434782609,5.27,0.14,19,20,-0.0033707958325976672,0.8988392427563667,0.34638598188757896,0.0013418886013027986,0.011523437759024091,0.0,0.0,4,9.282504311043668e-05,9.282504311043668e-05,1.0,in,l2sq,15709.302409172058
2026-05-20T11:13:37.291166,449,477825,213.21431058645248,224.3149665594101,64,0.3157608695652174,5.17,0.15,20,20,-0.0020313721295678877,0.8870170414447784,0.3468811884522438,-0.0004189676605166337,0.001953125,0.0,0.0,4,9.281111958604433e-05,9.281111958604433e-05,1.0,in,l2sq,15733.6883456707
2026-05-20T11:14:08.624494,450,478893,185.75697493553162,185.75697493553162,56,0.31467391304347825,5.17,0.18,18,20,-0.0024953924628789564,0.7968120351433754,0.3337680920958519,0.0014288753158325576,0.0037109374825377017,0.0,0.0,4,9.279719838216203e-05,9.279719838216203e-05,1.0,in,l2sq,15765.02164554596
2026-05-20T11:14:33.386081,451,479977,230.10252064466476,207.9297477900982,61,0.3184782608695652,5.28,0.16,20,20,-0.0033107989118434933,0.8522581309080124,0.3399391174316406,0.00140193324386928,0.003906250145519152,0.0,0.0,4,9.27832790344093e-05,9.27832790344093e-05,1.0,in,l2sq,15789.783250808716
2026-05-20T11:14:37.636039,452,480001,7.859945535659788,7.859945535659788,2,0.3046195652173913,5.25,0.15,19,20,-0.0021601926244327885,0.7878930866718292,0.32198774069547653,-0.0006454124546508289,0.002734375011641532,0.0,0.0,4,9.277400070650586e-05,9.277400070650586e-05,1.0,in,l2sq,15794.033258914948
