timestamp,episode,time_step,current_ep_reward,rolling_avg_reward,episode_successes,rolling_success_ratio,avg_steps_recent,avg_deviation_recent,val_success,best_val_success,policy_loss,value_loss,entropy,approx_kl,clip_fraction,oracle_bc_loss,sil_loss,update_epochs_ran,actor_lr,critic_lr,reward_factor,reward_mode,progress_metric,elapsed_sec
2026-05-15T21:52:33.211409,0,1090,-301.829038053988,-301.829038053988,16,0.08695652173913043,2.625,1.125,0,0,-0.0054742544540205,1.019480362534523,1.1400357782840729,0.0012685206136666231,0.0,0.0,0.0,4,9.999000000000001e-05,9.999000000000001e-05,1.0,in,l2sq,29.845311880111694
2026-05-15T21:52:57.188397,1,2194,-342.1320387482631,-321.9805384011255,19,0.09510869565217392,2.5142857142857142,0.9714285714285714,0,0,-0.003154551328043542,0.9991436451673508,1.1460686475038528,-0.00036377357937453225,0.0,0.0,0.0,4,9.997500199995001e-05,9.997500199995001e-05,1.0,in,l2sq,53.82227802276611
2026-05-15T21:53:32.700450,2,3355,-287.299212799071,-287.299212799071,20,0.09963768115942029,2.672727272727273,0.9818181818181818,0,0,-0.0017315208853688202,0.9464493542909622,1.145985096693039,0.0005415504849224859,0.0,0.0,0.0,4,9.995500799930005e-05,9.995500799930005e-05,1.0,in,l2sq,89.3341236114502
2026-05-15T21:53:57.132180,3,4512,-304.20139886951284,-295.7503058342919,15,0.09510869565217392,2.657142857142857,0.9714285714285714,0,0,-0.0023086429049726243,0.942845843732357,1.1329614371061325,0.000528834136275684,0.0,0.0,0.0,4,9.993501799725028e-05,9.993501799725028e-05,1.0,in,l2sq,113.7660539150238
2026-05-15T21:54:30.621965,4,5593,-289.1198719701752,-289.1198719701752,20,0.09782608695652174,2.888888888888889,1.0666666666666667,0,0,-0.002133156330091923,0.9355602264404297,1.1190626919269562,0.0007498835504520796,0.0,0.0,0.0,4,9.992002799440073e-05,9.992002799440073e-05,1.0,in,l2sq,147.25572514533997
2026-05-15T21:54:52.911921,5,6673,-252.31721434307042,-270.7185431566228,28,0.1068840579710145,3.0677966101694913,1.0847457627118644,0,0,-0.001700271729714542,0.9223722666501999,1.121211290359497,3.805661435762886e-05,0.0,0.0,0.0,4,9.990504048980171e-05,9.990504048980171e-05,1.0,in,l2sq,169.54582524299622
2026-05-15T21:55:28.278511,6,7829,-251.1757119750969,-251.1757119750969,21,0.10791925465838509,3.158273381294964,1.0503597122302157,0,0,-0.0016187295812414848,0.9634144604206085,1.107654869556427,-0.0007449691485817422,0.0,0.0,0.0,4,9.988506048075416e-05,9.988506048075416e-05,1.0,in,l2sq,204.91221022605896
2026-05-15T21:55:51.640435,7,8897,-245.7375754814139,-248.45664372825541,28,0.11345108695652174,3.1497005988023954,1.0419161676646707,0,0,-0.0016843855701154098,0.9665553569793701,1.1093115210533142,-0.00015413616929435547,0.0,0.0,0.0,4,9.987007797140718e-05,9.987007797140718e-05,1.0,in,l2sq,228.27433037757874
2026-05-15T21:56:26.740289,8,9992,-247.87840478324873,-247.87840478324873,20,0.11292270531400966,3.1336898395721926,1.0481283422459893,4,4,-0.0022021601347660402,0.9658566862344742,1.0869633555412292,0.00032056406598712783,0.0,0.0,0.0,4,9.985509795906185e-05,9.985509795906185e-05,1.0,in,l2sq,263.373952627182
2026-05-15T21:56:49.639869,9,11032,-205.73290911340683,-226.8056569483278,29,0.11739130434782609,3.215,1.03,4,4,-0.0018153064214858072,0.9178117737174034,1.0595842748880386,0.001338268836116166,0.0,0.0,0.0,4,9.983512793802104e-05,9.983512793802104e-05,1.0,in,l2sq,286.2737753391266
2026-05-15T21:57:24.509118,10,12108,-237.6240176439274,-237.6240176439274,21,0.11709486166007906,3.33,1.06,4,4,-0.00025279821929868884,0.8814758807420731,1.052177220582962,0.00019991005246988713,0.0,0.0,0.0,4,9.982015291843063e-05,9.982015291843063e-05,1.0,in,l2sq,321.14264726638794
2026-05-15T21:57:48.623668,11,13235,-226.68454230260713,-232.15427997326725,23,0.11775362318840579,3.51,1.06,4,4,-0.003108664057799526,1.0376682877540588,1.0271111279726028,0.0017190169310197234,0.0,0.0,0.0,4,9.980518039459364e-05,9.980518039459364e-05,1.0,in,l2sq,345.25752878189087
2026-05-15T21:58:22.051888,12,14310,-230.26349830627322,-230.26349830627322,26,0.11956521739130435,3.5,1.0,4,4,-0.0008948225782888231,0.8990416377782822,1.004204511642456,0.0004625059335922055,0.0,0.0,0.0,4,9.978522035656652e-05,9.978522035656652e-05,1.0,in,l2sq,378.68571376800537
2026-05-15T21:58:45.474224,13,15447,-259.7489179797164,-245.0062081429948,19,0.11840062111801242,3.555,1.03,4,4,-0.0012126699570215171,0.9378195703029633,0.9908491745591164,0.0003210637295978924,0.0,0.0,0.0,4,9.976526431034742e-05,9.976526431034742e-05,1.0,in,l2sq,402.10809230804443
2026-05-15T21:59:18.197761,14,16491,-217.80930268859854,-217.80930268859854,31,0.12173913043478261,3.39,0.88,4,4,-0.0018223501887405513,1.000580906867981,0.9668053090572357,0.001219001799472652,0.0,0.0,0.0,4,9.97502997701265e-05,9.97502997701265e-05,1.0,in,l2sq,434.8313412666321
2026-05-15T21:59:41.209005,15,17560,-257.7355692009915,-237.772435944795,24,0.12228260869565218,3.495,0.87,4,4,-0.0018886525729612802,0.9767446666955948,0.9425453469157219,0.00042204352139378273,0.0,0.0,0.0,4,9.973533772391248e-05,9.973533772391248e-05,1.0,in,l2sq,457.842866897583
2026-05-15T22:00:14.581411,16,18596,-152.90829626607842,-152.90829626607842,30,0.12468030690537084,3.645,0.84,5,5,-0.0022247374501603023,0.9214399456977844,0.9519394263625145,0.0008438515775196637,0.0,0.0,0.0,4,9.971539165372108e-05,9.971539165372108e-05,1.0,in,l2sq,491.21505999565125
2026-05-15T22:00:36.926453,17,19693,-233.61408749866453,-193.26119188237146,21,0.12409420289855072,3.77,0.89,5,5,-0.0017837792634964877,0.9647789895534515,0.9073145389556885,-0.0007286571664735786,0.0,0.0,0.0,4,9.970043459427396e-05,9.970043459427396e-05,1.0,in,l2sq,513.5603225231171
2026-05-15T22:01:04.474209,18,20807,-223.2192864460941,-223.2192864460941,27,0.12528604118993136,3.765,0.8,4,5,-0.0009421542446944042,0.8894722387194633,0.8748157471418381,-8.798105627646352e-05,0.0,0.0,0.0,4,9.968548002758701e-05,9.968548002758701e-05,1.0,in,l2sq,541.1081330776215
2026-05-15T22:01:28.181362,19,21920,-218.0126523628223,-220.6159694044582,32,0.12771739130434784,3.85,0.81,5,5,-0.0007729940080025699,0.9221116304397583,0.8554294034838676,7.334855636145776e-05,0.0,0.0,0.0,4,9.966554392843628e-05,9.966554392843628e-05,1.0,in,l2sq,564.8152141571045
2026-05-15T22:01:54.173273,20,22958,-170.43303621816582,-170.43303621816582,30,0.13152173913043477,3.775,0.72,4,5,-0.0017588317394257036,0.9323562681674957,0.8342041224241257,0.0004811846782104001,0.0,0.0,0.0,4,9.965059434602333e-05,9.965059434602333e-05,1.0,in,l2sq,590.807168006897
2026-05-15T22:02:17.285312,21,24043,-215.22333990240062,-192.82818806028322,24,0.1328804347826087,3.805,0.74,5,5,-0.0017011565243592597,0.9848188981413841,0.8515019565820694,-6.933656022739543e-05,0.0,0.0,0.0,4,9.96356472551244e-05,9.96356472551244e-05,1.0,in,l2sq,613.9191634654999
2026-05-15T22:02:51.167923,22,25125,-246.12433543777374,-246.12433543777374,25,0.1342391304347826,3.83,0.77,5,5,-0.0023945413391630588,0.9158851802349091,0.8626720905303955,0.00046632131270599175,0.0,0.0,0.0,4,9.961572112202985e-05,9.961572112202985e-05,1.0,in,l2sq,647.8016211986542
2026-05-15T22:03:13.915774,23,26179,-199.61230209493564,-222.8683187663547,24,0.13668478260869565,3.945,0.79,5,5,-0.0015303029009373914,0.851504847407341,0.8679633289575577,0.002336330484831728,0.0,0.0,0.0,4,9.960077901291331e-05,9.960077901291331e-05,1.0,in,l2sq,670.5497050285339
2026-05-15T22:03:41.402812,24,27282,-227.65996841478247,-227.65996841478247,24,0.13777173913043478,3.81,0.65,2,5,-0.0013223374808150057,0.9393956661224365,0.8766657710075378,0.0019052202478633262,0.0003906250058207661,0.0,0.0,4,9.958583939406527e-05,9.958583939406527e-05,1.0,in,l2sq,698.036731004715
2026-05-15T22:04:04.811120,25,28382,-240.53877182435917,-234.09937011957084,20,0.13559782608695653,3.76,0.64,5,5,-0.0012091379845513978,0.9519051909446716,0.8774785846471786,0.0001812452576814283,0.0,0.0,0.0,4,9.956592322204485e-05,9.956592322204485e-05,1.0,in,l2sq,721.4450535774231
2026-05-15T22:04:31.733928,26,29460,-230.59579652214,-230.59579652214,27,0.13722826086956522,3.645,0.59,2,5,-0.0013289356684254017,0.8730666935443878,0.8918508738279343,0.0009539220802253501,0.0,0.0,0.0,4,9.954601103305968e-05,9.954601103305968e-05,1.0,in,l2sq,748.3678607940674
2026-05-15T22:04:54.232542,27,30545,-177.87343773889498,-204.2346171305175,27,0.13695652173913042,3.65,0.6,5,5,-0.0013234166748589127,0.9718789607286453,0.8867058753967285,0.00032187476608669385,0.0,0.0,0.0,4,9.95310793802822e-05,9.95310793802822e-05,1.0,in,l2sq,770.8664939403534
2026-05-15T22:05:19.799921,28,31606,-198.17502721595713,-198.17502721595713,25,0.13831521739130434,3.665,0.61,3,5,-0.0016710698735551421,0.9306094199419022,0.8913894295692444,-0.00045661546027986333,0.0,0.0,0.0,4,9.951615021603055e-05,9.951615021603055e-05,1.0,in,l2sq,796.4338660240173
2026-05-15T22:05:42.500675,29,32706,-196.13236807918477,-197.15369764757094,23,0.13668478260869565,3.675,0.63,5,5,-0.001632266044907682,0.9207054376602173,0.9013614878058434,0.0005449635427794419,0.0,0.0,0.0,4,9.949624798114885e-05,9.949624798114885e-05,1.0,in,l2sq,819.1345624923706
2026-05-15T22:06:07.713645,30,33748,-142.0409459786416,-142.0409459786416,32,0.13967391304347826,3.63,0.64,1,5,-0.003506478708004579,0.9703276306390762,0.9246108382940292,0.0006149875342089384,0.0,0.0,0.0,4,9.948132379270474e-05,9.948132379270474e-05,1.0,in,l2sq,844.347580909729
2026-05-15T22:06:30.149279,31,34842,-175.77858797836302,-158.90976697850232,27,0.14076086956521738,3.615,0.67,5,5,-0.002175012290536016,0.9081448316574097,0.9407901912927628,-0.0007155280851293341,0.0,0.0,0.0,4,9.946640209154246e-05,9.946640209154246e-05,1.0,in,l2sq,866.7831680774689
2026-05-15T22:06:56.705578,32,35943,-176.80856902074754,-176.80856902074754,20,0.1391304347826087,3.655,0.75,0,5,-0.0034646214466192704,0.8898606300354004,0.9481748938560486,0.0014314619264041706,0.0,0.0,0.0,4,9.944650980578818e-05,9.944650980578818e-05,1.0,in,l2sq,893.3395328521729
2026-05-15T22:07:19.836428,33,37069,-182.7699191732395,-179.7892440969935,23,0.14021739130434782,3.635,0.79,5,5,-0.002445736597292081,0.9657144844532013,0.9644954055547714,0.0026959565875586122,0.0003906250058207661,0.0,0.0,4,9.943159307794602e-05,9.943159307794602e-05,1.0,in,l2sq,916.4703440666199
2026-05-15T22:07:47.457013,34,38180,-202.4296661915771,-202.4296661915771,18,0.13668478260869565,3.685,0.87,0,5,-0.003057752567110661,0.926783062517643,0.9543840140104294,0.0019136161123242401,0.0009765625,0.0,0.0,4,9.94166788361423e-05,9.94166788361423e-05,1.0,in,l2sq,944.0908982753754
2026-05-15T22:08:10.040636,35,39237,-176.39166873931867,-189.4106674654479,22,0.1361413043478261,3.575,0.85,5,5,-0.0008607789859524928,0.9369398206472397,0.9624606296420097,0.0005814824072786079,0.0,0.0,0.0,4,9.939679649454187e-05,9.939679649454187e-05,1.0,in,l2sq,966.6744501590729
2026-05-15T22:08:37.570463,36,40333,-154.31467267274806,-154.31467267274806,23,0.1342391304347826,3.445,0.85,0,5,-0.0013027772532949733,0.9543557241559029,0.9622824192047119,2.6167715577687933e-05,0.0,0.0,0.0,4,9.937691812921092e-05,9.937691812921092e-05,1.0,in,l2sq,994.204342842102
2026-05-15T22:09:00.100039,37,41392,-101.55778017234788,-127.93622642254797,34,0.13777173913043478,3.53,0.9,5,5,-0.0015686288737923881,0.9097713828086853,0.9285966753959656,0.0004559506822261472,0.0,0.0,0.0,4,9.936201183994625e-05,9.936201183994625e-05,1.0,in,l2sq,1016.733891248703
2026-05-15T22:09:28.192314,38,42504,-165.19724099254475,-165.19724099254475,17,0.13505434782608697,3.495,0.86,0,5,-0.0018316716392291488,0.8637268394231796,0.9560410305857658,0.000270015251589914,0.0,0.0,0.0,4,9.934710803498032e-05,9.934710803498032e-05,1.0,in,l2sq,1044.826220035553
2026-05-15T22:09:52.662612,39,43621,-168.17095228099762,-166.6840966367712,22,0.13233695652173913,3.555,0.87,5,5,-0.0023284011083888334,0.8682359009981155,0.9570139646530151,0.0001762999920174868,0.0,0.0,0.0,4,9.932723960684441e-05,9.932723960684441e-05,1.0,in,l2sq,1069.296442747116
2026-05-15T22:10:19.222883,40,44649,-181.70664834070158,-181.70664834070158,22,0.13016304347826088,3.42,0.83,0,5,-0.003349731146590873,0.9677678197622299,0.9462461918592453,0.0002253023624007259,0.0,0.0,0.0,4,9.93123407692339e-05,9.93123407692339e-05,1.0,in,l2sq,1095.856829881668
2026-05-15T22:10:42.207368,41,45703,-72.5303002753258,-127.11847430801369,36,0.13342391304347825,3.375,0.79,5,5,-0.0034656358009670374,0.9032876864075661,0.931502602994442,0.0008137609883306033,0.0023437500931322575,0.0,0.0,4,9.929744441468022e-05,9.929744441468022e-05,1.0,in,l2sq,1118.8412263393402
2026-05-15T22:11:08.836257,42,46777,-117.9116022715568,-117.9116022715568,27,0.13396739130434782,3.41,0.74,0,5,-0.002377624474320328,0.9267469048500061,0.9364061057567596,0.0011373069668479743,0.0023437500931322575,0.0,0.0,4,9.927758591877174e-05,9.927758591877174e-05,1.0,in,l2sq,1145.470211982727
2026-05-15T22:11:31.728322,43,47882,-103.22084815168367,-110.56622521162024,26,0.13451086956521738,3.55,0.82,5,5,-0.003369586204644115,0.9412002116441727,0.9220141023397446,0.0006395757336576935,0.001953125,0.0,0.0,4,9.92626945290903e-05,9.92626945290903e-05,1.0,in,l2sq,1168.3621850013733
2026-05-15T22:11:57.326901,44,48910,-93.51640515375158,-93.51640515375158,31,0.13641304347826086,3.735,0.91,0,5,-0.0029873017861973827,0.9355412870645523,0.9303063526749611,0.0010228669098069076,0.0013671875349245965,0.0,0.0,4,9.924780562122441e-05,9.924780562122441e-05,1.0,in,l2sq,1193.9608502388
2026-05-15T22:12:21.039262,45,49995,-93.74236779594351,-93.62938647484754,26,0.13804347826086957,3.675,0.89,5,5,-0.0017421000309695844,0.8878348171710968,0.916619062423706,0.0009392512787599061,0.0,0.0,0.0,4,9.922795705257824e-05,9.922795705257824e-05,1.0,in,l2sq,1217.6731538772583
2026-05-15T22:12:48.072940,46,51045,-82.9617798624036,-82.9617798624036,25,0.1375,3.54,0.91,0,5,-0.002246107161045119,1.012823760509491,0.9212948679924011,0.0006813506755861676,0.0,0.0,0.0,4,9.921307310710265e-05,9.921307310710265e-05,1.0,in,l2sq,1244.7068643569946
2026-05-15T22:13:12.122649,47,52151,-117.48531858539518,-100.2235492238994,30,0.13831521739130434,3.645,0.91,5,5,-0.0028088264614779535,0.9596498310565948,0.9000783637166023,0.0002999375334184137,0.0013671874767169356,0.0,0.0,4,9.919819164220195e-05,9.919819164220195e-05,1.0,in,l2sq,1268.7565913200378
2026-05-15T22:13:37.860642,48,53206,-119.59326801061614,-119.59326801061614,18,0.13641304347826086,3.66,0.93,0,5,-0.002508496695372675,0.8352740928530693,0.8939190059900284,0.0011051257883082088,0.0,0.0,0.0,4,9.917835299585544e-05,9.917835299585544e-05,1.0,in,l2sq,1294.4945707321167
2026-05-15T22:13:59.533022,49,54256,-54.21738179779132,-86.90532490420372,26,0.13722826086956522,3.78,0.96,5,5,-0.005977466935291886,1.0053818672895432,0.8744616806507111,0.005377476860303432,0.0078125,0.0,0.0,4,9.916347649086434e-05,9.916347649086434e-05,1.0,in,l2sq,1316.1669516563416
2026-05-15T22:14:28.126592,50,55376,-85.79843743753423,-85.79843743753423,22,0.13451086956521738,3.795,0.99,1,5,-0.0014178522125803672,0.9292121008038521,0.8971621617674828,-9.719739978207922e-05,0.00019531250291038305,0.0,0.0,4,9.91486024652081e-05,9.91486024652081e-05,1.0,in,l2sq,1344.7604546546936
2026-05-15T22:14:52.025265,51,56456,-96.2878340387346,-91.04313573813442,26,0.1342391304347826,3.69,0.91,5,5,-0.002231020924227778,0.9544883146882057,0.8861556649208069,0.00027462675461717434,0.0,0.0,0.0,4,9.912877373620108e-05,9.912877373620108e-05,1.0,in,l2sq,1368.6591098308563
2026-05-15T22:15:18.449719,52,57482,-106.0481680703161,-106.0481680703161,25,0.13559782608695653,3.58,0.85,2,5,-0.0054546728846617265,0.9292099326848984,0.8765316605567932,0.0008485613378070855,0.004687500186264515,0.0,0.0,4,9.911390466797497e-05,9.911390466797497e-05,1.0,in,l2sq,1395.0836117267609
2026-05-15T22:15:42.146758,53,58588,-48.06695701932993,-77.05756254482301,31,0.13777173913043478,3.605,0.78,5,5,-0.00232363197865193,0.9540391117334366,0.8746946379542351,0.0007318932315683703,0.0015624999796273187,0.0,0.0,4,9.90990380778443e-05,9.90990380778443e-05,1.0,in,l2sq,1418.7805981636047
2026-05-15T22:16:16.597359,54,59679,-42.88814382076305,-42.88814382076305,34,0.1421195652173913,3.76,0.79,7,7,-0.0024577889911601147,0.9381183460354805,0.8533426597714424,0.0003397813294213903,0.0007812500261934474,0.0,0.0,4,9.907921926121912e-05,9.907921926121912e-05,1.0,in,l2sq,1453.2310333251953
2026-05-15T22:16:38.536546,55,60745,-93.82180888080579,-68.35497635078443,25,0.14293478260869566,3.83,0.82,7,7,-0.000663133700436469,0.9821579456329346,0.8745955377817154,0.00017238653672393967,0.0,0.0,0.0,4,9.906435762604037e-05,9.906435762604037e-05,1.0,in,l2sq,1475.1704576015472
2026-05-15T22:17:03.671450,56,61785,-59.26513156747939,-59.26513156747939,27,0.14402173913043478,3.645,0.7,5,7,-0.002922630371176571,0.95246971398592,0.839270144701004,0.0015606874338572885,0.0048828125,0.0,0.0,4,9.904949846771825e-05,9.904949846771825e-05,1.0,in,l2sq,1500.3053719997406
2026-05-15T22:17:25.283482,57,62834,-132.40443987607895,-95.83478572177917,17,0.13940217391304346,3.63,0.65,7,7,-0.0023903291791612102,0.9197125434875488,0.853753037750721,0.0006753121186192923,0.0,0.0,0.0,4,9.902968955851969e-05,9.902968955851969e-05,1.0,in,l2sq,1521.9173755645752
2026-05-15T22:17:50.901054,58,63900,-35.05657800340746,-35.05657800340746,33,0.14375,3.68,0.62,4,7,-0.002353334453073508,0.9862443953752518,0.8153522610664368,0.0002799661517201568,0.0003906250058207661,0.0,0.0,4,9.901483535267252e-05,9.901483535267252e-05,1.0,in,l2sq,1547.5350196361542
2026-05-15T22:18:12.384568,59,64932,-11.936076830387691,-23.496327416897575,37,0.14782608695652175,3.68,0.55,7,7,-0.0038350910879672018,1.0014803931117058,0.7983973547816277,0.0022938556645385397,0.01074218752910383,0.0,0.0,4,9.899998362244381e-05,9.899998362244381e-05,1.0,in,l2sq,1569.0184652805328
2026-05-15T22:18:40.454279,60,66044,-57.37695184087797,-57.37695184087797,28,0.14945652173913043,3.89,0.6,4,7,-0.003216580734442781,0.8785635083913803,0.8223652765154839,0.0001425046999429247,0.0029296875,0.0,0.0,4,9.898018461571916e-05,9.898018461571916e-05,1.0,in,l2sq,1597.0881946086884
2026-05-15T22:19:02.341634,61,67054,-27.474600194931785,-42.42577601790488,39,0.1502717391304348,3.93,0.54,7,7,-0.0021640688413754328,0.8795294910669327,0.749372810125351,0.0005412848155174066,0.0027343749534338713,0.0,0.0,4,9.896533783548964e-05,9.896533783548964e-05,1.0,in,l2sq,1618.9755454063416
2026-05-15T22:19:28.825393,62,68108,-86.3639522886278,-86.3639522886278,26,0.15,3.91,0.57,5,7,-0.0019789775628851203,0.9403994083404541,0.7610118165612221,0.002277731731010174,0.0,0.0,0.0,4,9.8950493529641e-05,9.8950493529641e-05,1.0,in,l2sq,1645.4593255519867
2026-05-15T22:19:52.064868,63,69237,-62.506261521815844,-74.43510690522183,30,0.15108695652173912,4.165,0.6,7,7,-0.002546472488029583,0.8969936966896057,0.7414733469486237,0.0001170429983176624,0.0,0.0,0.0,4,9.893070442044003e-05,9.893070442044003e-05,1.0,in,l2sq,1668.6987426280975
2026-05-15T22:20:18.007506,64,70313,-45.501726859570596,-45.501726859570596,34,0.15190217391304348,4.25,0.61,3,7,-0.003643426293274743,0.9765814244747162,0.7258542329072952,-0.0007744259804894349,0.0007812500116415322,0.0,0.0,4,9.89158650621161e-05,9.89158650621161e-05,1.0,in,l2sq,1694.6414613723755
2026-05-15T22:20:40.660320,65,71412,-85.99072455024714,-65.74622570490887,27,0.15217391304347827,4.285,0.57,7,7,-0.0027192363821085808,0.9732029363512993,0.737994834780693,0.0007539671556059668,0.0017578124825377017,0.0,0.0,4,9.89010281769361e-05,9.89010281769361e-05,1.0,in,l2sq,1717.2941846847534
2026-05-15T22:21:05.810980,66,72451,-9.505866503715758,-9.505866503715758,35,0.15489130434782608,4.44,0.63,4,7,-0.0013528524272259923,0.9534379616379738,0.7308950275182724,0.00045541627696368825,0.0,0.0,0.0,4,9.8881248960311e-05,9.8881248960311e-05,1.0,in,l2sq,1742.4449429512024
2026-05-15T22:21:28.326080,67,73523,-59.37200367593883,-34.4389350898273,34,0.1559782608695652,4.47,0.6,7,7,-0.003370903490576893,1.0560716688632965,0.7555592060089111,0.0006360889849020279,0.0,0.0,0.0,4,9.886641702018244e-05,9.886641702018244e-05,1.0,in,l2sq,1764.959985256195
2026-05-15T22:21:55.584122,68,74619,-69.76486904239732,-69.76486904239732,26,0.15815217391304348,4.48,0.51,5,7,-0.003650385231594444,0.982078917324543,0.7141711041331291,0.0013591986644314324,0.0003906250058207661,0.0,0.0,4,9.885158755196149e-05,9.885158755196149e-05,1.0,in,l2sq,1792.218052148819
2026-05-15T22:22:17.723327,69,75654,-14.689601629734282,-42.2272353360658,30,0.1592391304347826,4.49,0.49,7,7,-0.001016866422651197,0.9482768401503563,0.6967200413346291,0.0010699588274292182,0.0,0.0,0.0,4,9.883181822296698e-05,9.883181822296698e-05,1.0,in,l2sq,1814.3572533130646
2026-05-15T22:22:43.320841,70,76692,26.077824264526136,26.077824264526136,39,0.16385869565217392,4.29,0.46,5,7,-0.0023423962702509016,0.9932229816913605,0.6934516131877899,0.0006196881819050763,0.0,0.0,0.0,4,9.881699369732543e-05,9.881699369732543e-05,1.0,in,l2sq,1839.9547669887543
2026-05-15T22:23:05.081606,71,77750,22.383382719516213,24.230603492021174,38,0.1671195652173913,4.31,0.53,7,7,-0.003880062785174221,0.9393643736839294,0.6762552559375763,0.0009575310534273851,0.00390625,0.0,0.0,4,9.880217164235581e-05,9.880217164235581e-05,1.0,in,l2sq,1861.7155394554138
2026-05-15T22:23:30.158524,72,78792,4.30458041429496,4.30458041429496,36,0.1701086956521739,4.11,0.41,6,7,-0.0028609417640837465,0.9061645865440369,0.6932560876011848,0.0022806557095464003,0.0031249999592546374,0.0,0.0,4,9.878241219604905e-05,9.878241219604905e-05,1.0,in,l2sq,1886.7924511432648
2026-05-15T22:23:51.811910,73,79839,58.38674889945946,31.34566465687721,40,0.17255434782608695,4.25,0.46,7,7,-0.0040332862758077626,1.0405382812023163,0.656185582280159,0.0008243071599280949,0.0007812500116415322,0.0,0.0,4,9.876759508118803e-05,9.876759508118803e-05,1.0,in,l2sq,1908.445809841156
2026-05-15T22:24:27.322636,74,80972,-36.33929208374096,-36.33929208374096,29,0.17119565217391305,4.345,0.57,9,9,-0.0022881050106662304,0.9375772848725319,0.6179778277873993,-0.0001998856685304501,0.0023437500494765118,0.0,0.0,4,9.875278043576383e-05,9.875278043576383e-05,1.0,in,l2sq,1943.9563534259796
2026-05-15T22:24:50.568344,75,82037,-29.52285981130707,-32.931075947524015,33,0.1733695652173913,4.45,0.56,9,9,-0.0031174531992291254,0.891949862241745,0.6388046592473984,0.001011955289868638,0.0042968750931322575,0.0,0.0,4,9.87330308672045e-05,9.87330308672045e-05,1.0,in,l2sq,1967.20219039917
2026-05-15T22:25:18.352468,76,83143,-26.425444421768717,-26.425444421768717,35,0.17554347826086958,4.625,0.56,7,9,-0.0020080595859326422,0.9373727887868881,0.637089267373085,5.9287811836838955e-05,0.0,0.0,0.0,4,9.871822115941934e-05,9.871822115941934e-05,1.0,in,l2sq,1994.9864153862
2026-05-15T22:25:41.076888,77,84227,-27.365730754852756,-26.895587588310736,30,0.17907608695652175,4.605,0.49,9,9,-0.0020528588378511403,0.974425308406353,0.670990064740181,0.002002310903844756,0.0025390625232830644,0.0,0.0,4,9.870341391983654e-05,9.870341391983654e-05,1.0,in,l2sq,2017.7107882499695
2026-05-15T22:26:06.510417,78,85284,7.3620246324535294,7.3620246324535294,38,0.18043478260869567,4.495,0.5,7,9,-0.0022988513213931805,0.8655731678009033,0.6374974846839905,0.0006477919729150072,0.0005859375232830644,0.0,0.0,4,9.868367422408671e-05,9.868367422408671e-05,1.0,in,l2sq,2043.144371509552
2026-05-15T22:26:28.114991,79,86332,-1.9057790308002653,2.728122800826632,32,0.17907608695652175,4.465,0.5,9,9,-0.0035091191413811895,1.0672233402729034,0.6234931796789169,0.0033367345575243124,0.008984374813735485,0.0,0.0,4,9.866887191967462e-05,9.866887191967462e-05,1.0,in,l2sq,2064.748911857605
2026-05-15T22:27:00.578361,80,87400,111.60271229839277,111.60271229839277,49,0.18478260869565216,4.615,0.41,14,14,-0.002396506151126243,0.9007635787129402,0.6116508021950722,0.0006217725400347041,0.0,0.0,0.0,4,9.865407208223103e-05,9.865407208223103e-05,1.0,in,l2sq,2097.2120158672333
2026-05-15T22:27:22.755486,81,88465,43.12303700113259,77.36287464976269,43,0.1858695652173913,4.6,0.4,14,14,-0.0021018272469519594,0.98459193110466,0.6108935326337814,-0.0006577934289452858,0.0011718750465661287,0.0,0.0,4,9.863434225435531e-05,9.863434225435531e-05,1.0,in,l2sq,2119.3893806934357
2026-05-15T22:27:48.405614,82,89540,-12.723319458961852,-12.723319458961852,37,0.18885869565217392,4.61,0.4,12,14,-0.0020471588184591827,1.0196613669395447,0.5990572422742844,0.0005016515249280928,0.0031250000465661287,0.0,0.0,4,9.861954734961534e-05,9.861954734961534e-05,1.0,in,l2sq,2145.039573431015
2026-05-15T22:28:10.495448,83,90576,58.654995990752596,22.96583826589537,37,0.1907608695652174,4.71,0.38,14,14,-0.002165068535396053,0.9608905836939812,0.5409986525774002,0.0015996694644854967,0.0023437500931322575,0.0,0.0,4,9.860475491061063e-05,9.860475491061063e-05,1.0,in,l2sq,2167.1293289661407
2026-05-15T22:28:39.143910,84,91744,36.35230912494629,36.35230912494629,37,0.19157608695652173,4.865,0.4,9,14,-0.0019944042309362198,0.9302571415901184,0.5525275841355324,0.0011650608359559944,0.0007812500261934474,0.0,0.0,4,9.858503494567607e-05,9.858503494567607e-05,1.0,in,l2sq,2195.777855157852
2026-05-15T22:29:02.639787,85,92844,68.31977240562398,52.336040765285134,42,0.1956521739130435,4.92,0.44,14,14,-0.0027102660606032614,0.8655423298478127,0.5510205253958702,0.0007429492243318236,0.002148437575669959,0.0,0.0,4,9.85653189245373e-05,9.85653189245373e-05,1.0,in,l2sq,2219.2736871242523
2026-05-15T22:29:28.553491,86,93894,92.27541073751364,92.27541073751364,45,0.1983695652173913,4.725,0.39,12,14,-0.0023605503782164194,0.991854801774025,0.5839397758245468,0.0028794307385396622,0.004296875151339918,0.0,0.0,4,9.855053437312424e-05,9.855053437312424e-05,1.0,in,l2sq,2245.1874091625214
2026-05-15T22:29:51.623854,87,94973,36.70757903480498,64.4914948861593,37,0.19918478260869565,4.875,0.47,14,14,-0.002764404640765772,0.8861968293786049,0.5700573176145554,0.0001676909072557478,0.0003906250058207661,0.0,0.0,4,9.853575228572095e-05,9.853575228572095e-05,1.0,in,l2sq,2268.2577328681946
2026-05-15T22:30:15.509785,88,95944,85.98082226991625,85.98082226991625,47,0.2048913043478261,4.85,0.57,11,14,-0.002313636295730226,0.9600591957569122,0.57832470536232,-0.00018572756234791488,0.00390625,0.0,0.0,4,9.852097216922979e-05,9.852097216922979e-05,1.0,in,l2sq,2292.143732070923
2026-05-15T22:30:37.621530,89,96976,34.84438964271503,60.41260595631564,35,0.20625,4.645,0.52,14,14,-0.0015155792862061312,0.8924651741981506,0.5747526586055756,0.0006816800526848743,0.005468750139698386,0.0,0.0,4,9.850619451600928e-05,9.850619451600928e-05,1.0,in,l2sq,2314.2554230690002
2026-05-15T22:31:04.177075,90,98058,-11.616245110512487,-11.616245110512487,35,0.20516304347826086,4.445,0.44,11,14,-0.0023797445886884483,0.913478434085846,0.5618171095848083,0.002602950661912462,0.007226562782307155,0.0,0.0,4,9.848649426216802e-05,9.848649426216802e-05,1.0,in,l2sq,2340.8110315799713
2026-05-15T22:31:25.778739,91,99099,17.00422094774227,2.6939879186148907,39,0.20543478260869566,4.47,0.46,14,14,-0.002746882312931298,0.853906586766243,0.5400491952896118,0.0004695871228250336,0.001953125,0.0,0.0,4,9.847172153425725e-05,9.847172153425725e-05,1.0,in,l2sq,2362.4126164913177
2026-05-15T22:31:52.174625,92,100227,21.18246751785244,21.18246751785244,38,0.20597826086956522,4.34,0.4,11,14,-0.0028257765574380977,0.9456146284937859,0.5586412101984024,0.0017975501365071894,0.0005859375232830644,0.0,0.0,4,9.845695126838573e-05,9.845695126838573e-05,1.0,in,l2sq,2388.808582544327
2026-05-15T22:32:14.668024,93,101328,28.458511317252825,24.820489417552633,38,0.20543478260869566,4.54,0.38,14,14,-0.0019323973712743747,0.8900264874100685,0.5406479015946388,-8.504403758707868e-05,0.0031250001484295353,0.0,0.0,4,9.843726086270156e-05,9.843726086270156e-05,1.0,in,l2sq,2411.3019239902496
2026-05-15T22:32:39.858538,94,102393,80.27176359224266,80.27176359224266,40,0.20842391304347826,4.54,0.38,8,14,-0.0007113188657967839,1.063469648361206,0.5333753675222397,-0.0008142350685375055,0.0023437500931322575,0.0,0.0,4,9.842249551967762e-05,9.842249551967762e-05,1.0,in,l2sq,2436.4925043582916
2026-05-15T22:33:02.701430,95,103510,76.91730193281066,78.59453276252665,46,0.21195652173913043,4.69,0.42,14,14,-0.0025687996574560723,0.9227128028869629,0.5225658193230629,0.0007146846892282857,0.0,0.0,0.0,4,9.840773263746215e-05,9.840773263746215e-05,1.0,in,l2sq,2459.3353333473206
2026-05-15T22:33:29.048334,96,104612,50.697436634063095,50.697436634063095,44,0.21440217391304348,4.845,0.46,8,14,-0.0019423034522333682,0.8927691429853439,0.4990381821990013,0.000382027613886754,0.0007812500116415322,0.0,0.0,4,9.838805207501198e-05,9.838805207501198e-05,1.0,in,l2sq,2485.6822588443756
2026-05-15T22:33:50.077773,97,105644,66.87267365503251,58.785055144547805,44,0.21820652173913044,4.81,0.44,14,14,-0.001790993729809981,0.8901532515883446,0.5157168731093407,0.00017462219257140255,0.0,0.0,0.0,4,9.83683754484775e-05,9.83683754484775e-05,1.0,in,l2sq,2506.7116956710815
2026-05-15T22:34:16.078419,98,106745,50.528129950999414,50.528129950999414,32,0.21657608695652175,4.81,0.41,8,14,-0.001086242539167781,1.0466791987419128,0.512016624212265,-0.0003699977009091471,0.0,0.0,0.0,4,9.835362043809348e-05,9.835362043809348e-05,1.0,in,l2sq,2532.7123425006866
2026-05-15T22:34:36.842982,99,107731,37.66944815444922,44.098789052724314,39,0.2184782608695652,4.8,0.45,14,14,-0.0020776835226570395,0.8872034326195717,0.5488371402025223,0.0001782982678378009,0.0,0.0,0.0,4,9.833886788679586e-05,9.833886788679586e-05,1.0,in,l2sq,2553.4768917560577
2026-05-15T22:35:03.873368,100,108755,43.75991995429934,43.75991995429934,46,0.21766304347826088,4.585,0.46,9,14,-0.001729959677322812,0.8785410523414612,0.532672256231308,0.0005310799937433552,0.0,0.0,0.0,4,9.83241173024723e-05,9.83241173024723e-05,1.0,in,l2sq,2580.5072836875916
2026-05-15T22:35:27.632605,101,109842,44.50208197307548,44.13100096368741,41,0.2171195652173913,4.57,0.47,14,14,-0.002397714224934955,0.936766043305397,0.5427316352725029,0.0008327247557645065,0.0,0.0,0.0,4,9.830936917649752e-05,9.830936917649752e-05,1.0,in,l2sq,2604.266494035721
2026-05-15T22:35:55.912089,102,110972,62.49880152225385,62.49880152225385,45,0.21929347826086956,4.78,0.53,9,14,-0.0020753882934513856,0.9754408076405525,0.5175809040665627,0.000501973787504606,0.0005859375232830644,0.0,0.0,4,9.82897082857559e-05,9.82897082857559e-05,1.0,in,l2sq,2632.54603266716
2026-05-15T22:36:18.288927,103,112012,44.58791295480667,53.54335723853026,47,0.2220108695652174,4.8,0.51,14,14,-0.00250672347901848,0.8717308938503265,0.5069433450698853,0.0011425381177104996,0.001171875002910383,0.0,0.0,4,9.827005132699583e-05,9.827005132699583e-05,1.0,in,l2sq,2654.9228222370148
2026-05-15T22:36:44.479770,104,113070,35.77852214765525,35.77852214765525,47,0.2247282608695652,4.97,0.52,11,14,-0.0018065173790091649,0.9893161207437515,0.5078502893447876,-0.0002206269969974306,0.0015625000232830644,0.0,0.0,4,9.82553110649842e-05,9.82553110649842e-05,1.0,in,l2sq,2681.113715648651
2026-05-15T22:37:06.613567,105,114133,45.203709234714104,40.491115691184675,41,0.22445652173913044,5.18,0.51,14,14,-0.0018217657212517557,0.8852871134877205,0.47139551490545273,0.00027698439844237033,0.0021484375465661287,0.0,0.0,4,9.824057325960101e-05,9.824057325960101e-05,1.0,in,l2sq,2703.2475039958954
2026-05-15T22:37:31.364546,106,115171,50.640411346434966,50.640411346434966,39,0.22282608695652173,5.135,0.48,9,14,-0.002533848659368232,0.8735000491142273,0.4746028110384941,0.0005570242650719814,0.0,0.0,0.0,4,9.822583741922579e-05,9.822583741922579e-05,1.0,in,l2sq,2727.998462677002
2026-05-15T22:37:52.891533,107,116221,95.80355310487704,73.221982225656,50,0.22635869565217392,4.85,0.39,14,14,-0.002096525990418735,0.9391783401370049,0.46253638714551926,0.001188560627633728,0.0015624999796273187,0.0,0.0,4,9.82111040347421e-05,9.82111040347421e-05,1.0,in,l2sq,2749.5254645347595
2026-05-15T22:38:18.673279,108,117301,90.74000079297991,90.74000079297991,43,0.22527173913043477,4.915,0.46,10,14,-0.00377286715956876,0.8727494031190872,0.4886150658130646,0.0022297022752354526,0.0044921874068677425,0.0,0.0,4,9.819146279604619e-05,9.819146279604619e-05,1.0,in,l2sq,2775.307217359543
2026-05-15T22:38:40.110624,109,118343,65.54935576677285,78.14467827987639,48,0.22880434782608697,4.83,0.38,14,14,-0.0018498115357941103,0.9161401391029358,0.46354881674051285,-0.0007727365838945954,0.005859374912688509,0.0,0.0,4,9.817673432211771e-05,9.817673432211771e-05,1.0,in,l2sq,2796.7445607185364
2026-05-15T22:39:05.619194,110,119410,58.160800932883824,58.160800932883824,45,0.23152173913043478,4.815,0.4,9,14,-0.0023700703182839566,0.9876395612955093,0.5030221194028854,0.0011992997612196438,0.0019531250291038305,0.0,0.0,4,9.816200830285306e-05,9.816200830285306e-05,1.0,in,l2sq,2822.2531423568726
2026-05-15T22:39:27.775940,111,120486,80.51067790365167,69.33573941826775,36,0.23070652173913042,4.915,0.35,14,14,-0.0020560406424920963,0.9015718325972557,0.5046580173075199,0.0006920763980815259,0.009765625116415322,0.0,0.0,4,9.814237688281258e-05,9.814237688281258e-05,1.0,in,l2sq,2844.4098885059357
2026-05-15T22:39:52.851116,112,121537,101.0488061032293,101.0488061032293,45,0.2326086956521739,4.86,0.34,8,14,-0.0032410161104052815,1.0643689334392548,0.4655826687812805,0.000949919498089008,0.001953125,0.0,0.0,4,9.812765577164837e-05,9.812765577164837e-05,1.0,in,l2sq,2869.485053062439
2026-05-15T22:40:14.732500,113,122590,29.818993670940156,65.43389988708472,36,0.23206521739130434,4.87,0.36,14,14,-0.003706349148706073,0.921930193901062,0.46165647730231285,0.0016490220847117931,0.012695313198491931,0.0,0.0,4,9.811293711392091e-05,9.811293711392091e-05,1.0,in,l2sq,2891.3664343357086
2026-05-15T22:40:40.668521,114,123674,70.14286254405917,70.14286254405917,42,0.2326086956521739,4.87,0.42,9,14,-0.0035525738800061823,0.9462506547570229,0.4529943987727165,0.005049948772784751,0.022265625884756446,0.0,0.0,4,9.80933155076275e-05,9.80933155076275e-05,1.0,in,l2sq,2917.302452325821
2026-05-15T22:41:02.952879,115,124761,51.910979516028966,61.026921030044065,49,0.23342391304347826,5.155,0.45,14,14,-0.002443090168526396,0.9182399064302444,0.44308697432279587,0.000429867121965799,0.001953125,0.0,0.0,4,9.80786017555469e-05,9.80786017555469e-05,1.0,in,l2sq,2939.5867969989777
2026-05-15T22:41:29.089106,116,125856,73.22306864833786,73.22306864833786,48,0.23451086956521738,4.995,0.49,9,14,-0.0019892063075530597,0.9155502021312714,0.449196420609951,0.0008887049677014147,0.0031249999592546374,0.0,0.0,4,9.806389045567657e-05,9.806389045567657e-05,1.0,in,l2sq,2965.7230281829834
2026-05-15T22:41:53.203611,117,126983,59.94900316381383,66.58603590607584,38,0.2328804347826087,5.135,0.45,14,14,-0.002268470873605155,0.9158965498209,0.45542648062109947,0.0014011503485562016,0.006249999918509275,0.0,0.0,4,9.804427865822436e-05,9.804427865822436e-05,1.0,in,l2sq,2989.837519645691
2026-05-15T22:42:16.909270,118,127976,97.26106135463685,97.26106135463685,45,0.23641304347826086,4.87,0.46,9,14,-0.0036948085471522063,0.9243852943181992,0.4672570675611496,0.00015831690579942714,0.0027343749534338713,0.0,0.0,4,9.802957226154857e-05,9.802957226154857e-05,1.0,in,l2sq,3013.5431859493256
2026-05-15T22:42:38.956017,119,129023,76.3658055386536,86.81343344664523,55,0.2407608695652174,4.615,0.45,14,14,-0.002703308709897323,0.8974882960319519,0.45840805396437645,0.0005700242706553338,0.0005859375087311491,0.0,0.0,4,9.801486831585719e-05,9.801486831585719e-05,1.0,in,l2sq,3035.5899572372437
2026-05-15T22:43:05.056316,120,130081,107.61489010763128,107.61489010763128,50,0.2418478260869565,4.76,0.42,10,14,-0.001982052685343655,0.9271533563733101,0.4430662989616394,0.0010010136983510049,0.0005859375087311491,0.0,0.0,4,9.79952663223427e-05,9.79952663223427e-05,1.0,in,l2sq,3061.690252304077
2026-05-15T22:43:27.750374,121,131153,131.86695828962328,119.74092419862728,50,0.24429347826086956,4.835,0.42,14,14,-0.002497106103692026,0.9803540706634521,0.44349244236946106,0.0018073483344778762,0.006249999918509275,0.0,0.0,4,9.798056727739478e-05,9.798056727739478e-05,1.0,in,l2sq,3084.3843133449554
2026-05-15T22:43:52.845655,122,132189,103.46831520938841,103.46831520938841,51,0.24592391304347827,4.985,0.37,9,14,-0.0014457971134107517,0.9367372542619705,0.45077037811279297,0.0012038822611429969,0.003515625008731149,0.0,0.0,4,9.796587068220601e-05,9.796587068220601e-05,1.0,in,l2sq,3109.4795463085175
2026-05-15T22:44:15.679110,123,133293,42.92030982971163,73.19431251955001,43,0.24483695652173912,5.11,0.43,14,14,-0.00302960350236392,0.8623582497239113,0.42812246084213257,0.0018250662860737205,0.004296875049476512,0.0,0.0,4,9.794627848772828e-05,9.794627848772828e-05,1.0,in,l2sq,3132.3129785060883
2026-05-15T22:44:39.852421,124,134304,97.28029952096887,97.28029952096887,47,0.24483695652173912,4.87,0.45,10,14,-0.0037318795803003013,0.910925418138504,0.43861401081085205,0.0010019933369221912,0.007812500232830644,0.0,0.0,4,9.793158679083305e-05,9.793158679083305e-05,1.0,in,l2sq,3156.486307144165
2026-05-15T22:45:01.196094,125,135342,95.50004150772044,96.39017051434465,50,0.24728260869565216,4.625,0.41,14,14,-0.0016436590711236265,0.9256375208497047,0.4564456343650818,0.0008505937174504985,0.007812499956344254,0.0,0.0,4,9.791689754247237e-05,9.791689754247237e-05,1.0,in,l2sq,3177.8299503326416
2026-05-15T22:45:27.371657,126,136435,102.97866174411719,102.97866174411719,49,0.25,4.76,0.43,5,14,-0.0020132705918511906,0.8247712925076485,0.4478179030120373,0.0003497149651593562,0.0015625000232830644,0.0,0.0,4,9.789731514213285e-05,9.789731514213285e-05,1.0,in,l2sq,3204.005595445633
2026-05-15T22:45:49.792645,127,137500,135.8223152627943,119.40048850345573,53,0.25081521739130436,4.725,0.35,14,14,-0.0042252548155374825,1.0159550309181213,0.4340338408946991,0.0007917334673948062,0.01054687483701855,0.0,0.0,4,9.788263078961706e-05,9.788263078961706e-05,1.0,in,l2sq,3226.4265038967133
2026-05-15T22:46:15.326915,128,138517,31.725839417457266,31.725839417457266,37,0.24918478260869564,4.825,0.35,10,14,-0.0011681290598062055,0.8938024118542671,0.4172859862446785,0.0012387654478516197,0.0023437500931322575,0.0,0.0,4,9.786794888441176e-05,9.786794888441176e-05,1.0,in,l2sq,3251.960813522339
2026-05-15T22:46:36.886849,129,139555,138.17424276971806,84.95004109358766,55,0.2510869565217391,5.04,0.4,14,14,-0.002277249522739888,0.9135057181119919,0.4326050952076912,0.0008969082418843755,0.0015624999796273187,0.0,0.0,4,9.784837627331439e-05,9.784837627331439e-05,1.0,in,l2sq,3273.5207290649414
2026-05-15T22:47:02.574756,130,140638,16.31552449893927,16.31552449893927,39,0.24945652173913044,5.2,0.42,10,14,-0.002124698448460527,0.9263874292373657,0.41956600546836853,0.002877161805918127,0.006250000325962901,0.0,0.0,4,9.783369926150656e-05,9.783369926150656e-05,1.0,in,l2sq,3299.2086873054504
2026-05-15T22:47:24.027967,131,141681,105.97644585847797,61.14598517870862,47,0.25244565217391307,5.26,0.5,14,14,-0.001934036613965906,0.9895942732691765,0.41565847024321556,0.00018980696268047076,0.0003906250058207661,0.0,0.0,4,9.781902469578584e-05,9.781902469578584e-05,1.0,in,l2sq,3320.661843061447
2026-05-15T22:47:48.159171,132,142688,120.9306056222917,120.9306056222917,52,0.2543478260869565,5.225,0.52,10,14,-0.003658130089752465,0.8892865180969238,0.3928082510828972,0.0023734704731396272,0.003515625139698386,0.0,0.0,4,9.780435208664127e-05,9.780435208664127e-05,1.0,in,l2sq,3344.7931020259857
2026-05-15T22:48:09.663288,133,143725,140.44119456672658,130.68590009450912,51,0.2584239130434783,5.065,0.59,14,14,-0.0011466410047433762,0.9460216537117958,0.4211612306535244,0.0012644288644878543,0.0017578124825377017,0.0,0.0,4,9.778968192285004e-05,9.778968192285004e-05,1.0,in,l2sq,3366.297158718109
2026-05-15T22:48:35.832327,134,144812,104.5228461179731,104.5228461179731,43,0.25869565217391305,4.955,0.57,7,14,-0.0017937470664038946,0.9471075758337975,0.40199731662869453,0.00010021536127166608,0.0011718750465661287,0.0,0.0,4,9.777012496436228e-05,9.777012496436228e-05,1.0,in,l2sq,3392.4662277698517
2026-05-15T22:48:57.682061,135,145866,156.73723833799303,130.63004222798307,43,0.25706521739130433,4.885,0.52,14,14,-0.002446180174592971,0.9063865691423416,0.4273453801870346,0.00044281525024414403,0.0015625000232830644,0.0,0.0,4,9.775545969005516e-05,9.775545969005516e-05,1.0,in,l2sq,3414.31600522995
2026-05-15T22:49:24.647485,136,146987,15.371500991820472,15.371500991820472,41,0.25516304347826085,5.035,0.51,9,14,-0.0015364788887381464,0.8966122046113014,0.38208843395113945,0.0006462343742441867,0.0013671874767169356,0.0,0.0,4,9.774079685987895e-05,9.774079685987895e-05,1.0,in,l2sq,3441.281418323517
2026-05-15T22:49:47.146785,137,148043,79.15573451661982,47.26361775422014,50,0.2584239130434783,5.235,0.5,14,14,-0.002489727840293221,0.9192210510373116,0.40913916379213333,0.00016494339704420727,0.0005859375087311491,0.0,0.0,4,9.772124967791495e-05,9.772124967791495e-05,1.0,in,l2sq,3463.780647277832
2026-05-15T22:50:13.968253,138,149120,118.4791935472486,118.4791935472486,51,0.26005434782608694,5.25,0.5,7,14,-0.002481745980912775,0.8811027780175209,0.39923714846372604,0.0013738876293246244,0.0019531249854480848,0.0,0.0,4,9.770170640519187e-05,9.770170640519187e-05,1.0,in,l2sq,3490.602210998535
2026-05-15T22:50:36.031544,139,150188,109.25882668590542,113.86901011657702,47,0.2578804347826087,5.155,0.47,14,14,-0.0017618436570046025,1.062644600868225,0.3994704633951187,0.004282292834977858,0.0011718750465661287,0.0,0.0,4,9.768705139349757e-05,9.768705139349757e-05,1.0,in,l2sq,3512.665410041809
2026-05-15T22:51:01.478834,140,151256,67.50096749687135,67.50096749687135,44,0.25625,5.03,0.52,10,14,-0.0022280827382927804,0.969997763633728,0.42322541773319244,0.0005812693616462639,0.0011718750465661287,0.0,0.0,4,9.767239882422382e-05,9.767239882422382e-05,1.0,in,l2sq,3538.1127774715424
2026-05-15T22:51:23.586404,141,152332,58.195563731670084,62.848265614270716,44,0.2546195652173913,4.95,0.48,14,14,-0.0018425236827170066,0.8662862181663513,0.40828775614500046,-0.00024040942171271729,0.0025390625814907253,0.0,0.0,4,9.765286532118295e-05,9.765286532118295e-05,1.0,in,l2sq,3560.220315217972
2026-05-15T22:51:49.671582,142,153434,95.1420233068458,95.1420233068458,38,0.2510869565217391,4.94,0.58,4,14,-0.0010762565085314924,0.9205895364284515,0.3618511036038399,-1.67831004546648e-05,0.0003906250058207661,0.0,0.0,4,9.763821763552915e-05,9.763821763552915e-05,1.0,in,l2sq,3586.3055489063263
2026-05-15T22:52:11.123436,143,154489,98.83032755565608,96.98617543125094,42,0.25081521739130436,4.745,0.49,14,14,-0.002610145427752175,0.8716601133346558,0.41587764397263527,0.0011402599865505125,0.008203125325962901,0.0,0.0,4,9.762357239107491e-05,9.762357239107491e-05,1.0,in,l2sq,3607.757307291031
2026-05-15T22:52:36.115755,144,155543,122.55884391689261,122.55884391689261,49,0.2513586956521739,4.78,0.54,6,14,-0.002667449301225089,0.9320853054523468,0.4053279347717762,0.0010931100127891114,0.004101562546566129,0.0,0.0,4,9.760404865283241e-05,9.760404865283241e-05,1.0,in,l2sq,3632.7497160434723
2026-05-15T22:52:57.348127,145,156591,106.19938724994576,114.37911558341918,48,0.25081521739130436,4.845,0.48,14,14,-0.0024129756726325446,0.9992952197790146,0.3853791579604149,0.00032671745775586514,0.006249999918509275,0.0,0.0,4,9.758940828955682e-05,9.758940828955682e-05,1.0,in,l2sq,3653.9820194244385
2026-05-15T22:53:22.725927,146,157661,79.35701578140244,79.35701578140244,43,0.24918478260869564,4.855,0.39,5,14,-0.0028455647465306932,0.8570711985230446,0.4041310101747513,0.003068838942454022,0.009179687549476512,0.0,0.0,4,9.757477036626043e-05,9.757477036626043e-05,1.0,in,l2sq,3679.359876871109
2026-05-15T22:53:44.699258,147,158741,84.81113213586761,82.08407395863503,39,0.2453804347826087,5.065,0.45,14,14,-0.0021021984724939324,0.8989821597933769,0.4228808209300041,0.001171967383197664,0.0025390625232830644,0.0,0.0,4,9.755525638793487e-05,9.755525638793487e-05,1.0,in,l2sq,3701.333179950714
2026-05-15T22:54:11.616449,148,159810,127.90213158655138,127.90213158655138,46,0.24782608695652175,5.295,0.38,8,14,-0.0024512031173800075,0.9417313486337662,0.3954240307211876,0.0011458035409304956,0.00976562558207661,0.0,0.0,4,9.754062334337701e-05,9.754062334337701e-05,1.0,in,l2sq,3728.250347137451
2026-05-15T22:54:34.206446,149,160850,95.20285597753457,111.55249378204297,34,0.2421195652173913,5.37,0.37,14,14,-0.002214596518751888,0.9386437758803368,0.40597186237573624,0.0012119255134734903,0.0011718750465661287,0.0,0.0,4,9.752599273757864e-05,9.752599273757864e-05,1.0,in,l2sq,3750.840361595154
2026-05-15T22:55:01.775706,150,161926,96.75060128164256,96.75060128164256,37,0.24157608695652175,5.28,0.38,7,14,-0.0020121932771871576,0.9349381178617477,0.3984697163105011,0.0008155588022418572,0.0009765625291038305,0.0,0.0,4,9.750648851429106e-05,9.750648851429106e-05,1.0,in,l2sq,3778.4095919132233
2026-05-15T22:55:24.412911,151,163028,41.26479453945127,69.00769791054691,42,0.24021739130434783,5.305,0.52,14,14,-0.0011678375383779027,0.9552414268255234,0.3877710998058319,0.00038549243199670347,0.0,0.0,0.0,4,9.749186278479232e-05,9.749186278479232e-05,1.0,in,l2sq,3801.0468533039093
2026-05-15T22:55:49.646465,152,164100,66.62249644994684,66.62249644994684,43,0.23777173913043478,5.17,0.45,9,14,-0.002313423181476648,0.9794977530837059,0.40731654316186905,0.0006146715806608083,0.0015624999796273187,0.0,0.0,4,9.747723949283392e-05,9.747723949283392e-05,1.0,in,l2sq,3826.280419588089
2026-05-15T22:56:10.983078,153,165149,119.79874425983407,93.21062035489045,47,0.23668478260869566,4.91,0.43,14,14,-0.002836001719697334,0.937996007502079,0.3823980689048767,0.001193325676786136,0.004687500011641532,0.0,0.0,4,9.745774501970775e-05,9.745774501970775e-05,1.0,in,l2sq,3847.616950750351
2026-05-15T22:56:35.651281,154,166196,86.05294077110216,86.05294077110216,39,0.23559782608695654,5.04,0.41,10,14,-0.0034533285652287304,0.8928280472755432,0.3725065439939499,-0.0006608510264413114,0.012500000186264515,0.0,0.0,4,9.744312660161135e-05,9.744312660161135e-05,1.0,in,l2sq,3872.285245656967
2026-05-15T22:56:58.669963,155,167318,96.10028683185497,91.07661380147857,44,0.2358695652173913,5.205,0.41,14,14,-0.001521967326698348,0.8993006497621536,0.36630523577332497,0.0019832830756968626,0.0005859375087311491,0.0,0.0,4,9.742851061983674e-05,9.742851061983674e-05,1.0,in,l2sq,3895.3038597106934
2026-05-15T22:57:22.935206,156,168321,76.57264179468123,76.57264179468123,44,0.23668478260869566,5.18,0.34,8,14,-0.0022705998286255413,0.8604379668831825,0.3873690068721771,0.0012741878367705517,0.0017578125116415322,0.0,0.0,4,9.740902589199788e-05,9.740902589199788e-05,1.0,in,l2sq,3919.5691545009613
2026-05-15T22:57:44.350782,157,169358,86.17644610452639,81.3745439496038,49,0.23641304347826086,5.23,0.44,14,14,-0.002328382548876462,0.9652308821678162,0.3706241622567177,-0.0007642445803867637,0.0015625000232830644,0.0,0.0,4,9.739441478164883e-05,9.739441478164883e-05,1.0,in,l2sq,3940.9846596717834
2026-05-15T22:58:10.969270,158,170474,30.872033154010094,30.872033154010094,33,0.23152173913043478,5.315,0.48,8,14,-0.0028953876724698846,0.8576223030686378,0.40043027698993683,0.0020980365761261045,0.005078125017462298,0.0,0.0,4,9.737980610640366e-05,9.737980610640366e-05,1.0,in,l2sq,3967.603217124939
2026-05-15T22:58:32.790056,159,171531,18.50426662826515,24.68814989113762,30,0.2269021739130435,5.12,0.42,14,14,-0.0017756447872671055,0.8524575009942055,0.3771691396832466,0.0008359881749128717,0.0062500000349245965,0.0,0.0,4,9.736033111898045e-05,9.736033111898045e-05,1.0,in,l2sq,3989.4239585399628
2026-05-15T22:58:58.542100,160,172613,86.86671516084621,86.86671516084621,45,0.22717391304347825,5.065,0.39,8,14,-0.0020741835702210443,0.9091740995645523,0.3862740248441696,0.0020475716755754547,0.0007812500116415322,0.0,0.0,4,9.73457273127256e-05,9.73457273127256e-05,1.0,in,l2sq,4015.176064968109
2026-05-15T22:59:21.354725,161,173719,36.2962956590648,61.58150540995551,42,0.2266304347826087,5.03,0.39,14,14,-0.002076015681086618,0.8587630912661552,0.3788990043103695,0.0007426066845027182,0.00019531250291038305,0.0,0.0,4,9.733112594035733e-05,9.733112594035733e-05,1.0,in,l2sq,4037.988635778427
2026-05-15T22:59:47.239952,162,174806,127.27544293451285,127.27544293451285,37,0.22635869565217392,5.06,0.34,8,14,-0.0023212772532133497,0.9177075400948524,0.3472713716328144,0.00013155042770451875,0.004101562561118044,0.0,0.0,4,9.731166068848052e-05,9.731166068848052e-05,1.0,in,l2sq,4063.873900413513
2026-05-15T23:00:09.630642,163,175894,116.32823171186418,121.80183732318852,42,0.22635869565217392,5.075,0.36,14,14,-0.0021846086572623324,0.8811372667551041,0.3407293036580086,0.0014801563105720783,0.0007812500116415322,0.0,0.0,4,9.729706418266857e-05,9.729706418266857e-05,1.0,in,l2sq,4086.264525413513
2026-05-15T23:00:34.656080,164,176938,143.91540720033612,143.91540720033612,44,0.225,5.065,0.38,8,14,-0.0018826045561582405,0.9429352134466171,0.3602346442639828,9.784007711463594e-05,0.0035156249796273187,0.0,0.0,4,9.72824701095265e-05,9.72824701095265e-05,1.0,in,l2sq,4111.2900421619415
2026-05-15T23:00:55.288332,165,177940,98.21823524904227,121.06682122468919,55,0.2269021739130435,4.845,0.35,14,14,-0.0024159674154362043,0.865332342684269,0.3624655529856682,1.9905039152945392e-05,0.0005859375232830644,0.0,0.0,4,9.726301458832929e-05,9.726301458832929e-05,1.0,in,l2sq,4131.922232866287
2026-05-15T23:01:20.744912,166,179004,174.99976664590844,174.99976664590844,56,0.23043478260869565,4.845,0.36,8,14,-0.001655751859652832,0.9142318367958069,0.3475900664925575,0.0007006847445154563,0.0046875000989530236,0.0,0.0,4,9.724842537931074e-05,9.724842537931074e-05,1.0,in,l2sq,4157.378876686096
2026-05-15T23:01:42.355013,167,180049,117.08334813117928,146.04155738854385,50,0.23342391304347826,4.705,0.41,14,14,-0.0037468826805705513,0.9157724305987358,0.36015182361006737,-0.00013020117244194607,0.013867187924915925,0.0,0.0,4,9.723383860174597e-05,9.723383860174597e-05,1.0,in,l2sq,4178.988925933838
2026-05-15T23:02:07.376236,168,181086,102.91312563705387,102.91312563705387,48,0.23396739130434782,4.825,0.48,7,14,-0.0014005452700076582,0.9352614730596542,0.3662841320037842,0.0010250018915030634,0.0042968750931322575,0.0,0.0,4,9.721925376905246e-05,9.721925376905246e-05,1.0,in,l2sq,4204.010198831558
2026-05-15T23:02:30.086870,169,182163,93.38619462394692,98.1496601305004,45,0.23695652173913043,4.975,0.47,14,14,-0.003005368381855056,0.8994699865579605,0.38094769418239594,0.004331444016042952,0.01738281303551048,0.0,0.0,4,9.720467136708337e-05,9.720467136708337e-05,1.0,in,l2sq,4226.720744848251
2026-05-15T23:02:56.710137,170,183255,100.01210546350444,100.01210546350444,52,0.24103260869565218,4.915,0.48,4,14,-0.0028384134231600466,0.9085040539503098,0.3819109685719013,0.002256631827731309,0.007617187555297278,0.0,0.0,4,9.718523140485667e-05,9.718523140485667e-05,1.0,in,l2sq,4253.344098567963
2026-05-15T23:03:19.485499,171,184371,19.53348268842639,59.772794075965415,36,0.23940217391304347,4.93,0.44,14,14,-0.00251282753306431,0.8414751067757607,0.3889336660504341,-0.0002652002270678751,0.00429687493306119,0.0,0.0,4,9.716579533042803e-05,9.716579533042803e-05,1.0,in,l2sq,4276.119385480881
2026-05-15T23:03:46.327028,172,185480,37.29328645944569,37.29328645944569,35,0.23722826086956522,5.0,0.45,4,14,-0.0024775035621131813,0.9431127905845642,0.3829970732331276,0.00028088869385101134,0.007421875023283064,0.0,0.0,4,9.71512207040551e-05,9.71512207040551e-05,1.0,in,l2sq,4302.96094083786
2026-05-15T23:04:08.145478,173,186496,88.34756894254652,62.820427700996106,44,0.23641304347826086,4.825,0.41,14,14,-0.0021589972515357603,0.9294558167457581,0.3965236656367779,0.0027463373364753456,0.003906250072759576,0.0,0.0,4,9.71366485067056e-05,9.71366485067056e-05,1.0,in,l2sq,4324.779326438904
2026-05-15T23:04:34.638928,174,187562,73.98905430746045,73.98905430746045,46,0.23831521739130435,4.805,0.49,8,14,-0.0029150138696422134,0.8604196161031723,0.3762943483889103,0.0024548602876166116,0.003906250116415322,0.0,0.0,4,9.711722214837074e-05,9.711722214837074e-05,1.0,in,l2sq,4351.272826194763
2026-05-15T23:04:56.076532,175,188569,123.05280528545354,98.520929796457,49,0.23967391304347826,4.835,0.49,14,14,-0.0017434202571166568,0.9197176098823547,0.352699838578701,0.0014830032623649458,0.005078125192085281,0.0,0.0,4,9.710265480785367e-05,9.710265480785367e-05,1.0,in,l2sq,4372.710399866104
2026-05-15T23:05:21.771450,176,189625,167.11169436121048,167.11169436121048,52,0.2418478260869565,4.795,0.48,8,14,-0.002172917386633333,0.9241733327507973,0.35061487928032875,0.0002499303554486798,0.0025390625814907253,0.0,0.0,4,9.708808989514577e-05,9.708808989514577e-05,1.0,in,l2sq,4398.405367851257
2026-05-15T23:05:43.018190,177,190652,95.67647643661485,131.39408539891267,44,0.24048913043478262,4.865,0.5,14,14,-0.0026550829294137435,0.8998624235391617,0.3566644638776779,0.0001874052270068316,0.0003906250058207661,0.0,0.0,4,9.707352692439387e-05,9.707352692439387e-05,1.0,in,l2sq,4419.652067899704
2026-05-15T23:06:07.695352,178,191674,107.5712844934462,107.5712844934462,49,0.24483695652173912,4.865,0.4,8,14,-0.0032653462869348115,0.9049377515912056,0.34468919038772583,0.0011299117549242732,0.008398437479627319,0.0,0.0,4,9.705896638072285e-05,9.705896638072285e-05,1.0,in,l2sq,4444.329285860062
2026-05-15T23:06:28.503918,179,192683,142.8289594349862,125.2001219642162,50,0.25027173913043477,4.855,0.42,14,14,-0.002439568575937301,0.9572389274835587,0.3496311120688915,0.0019575958257519316,0.008398437945288606,0.0,0.0,4,9.703955555803636e-05,9.703955555803636e-05,1.0,in,l2sq,4465.137837409973
2026-05-15T23:06:53.165238,180,193716,115.15431743097272,115.15431743097272,50,0.2516304347826087,4.755,0.41,10,14,-0.002398916363017811,0.9480105191469193,0.3421787992119789,0.0008065939970947622,0.003515625052386895,0.0,0.0,4,9.702499986731368e-05,9.702499986731368e-05,1.0,in,l2sq,4489.799159288406
2026-05-15T23:07:16.161707,181,194820,85.19494214725466,100.1746297891137,45,0.25244565217391307,4.75,0.36,14,14,-0.002256223974109073,0.9321298524737358,0.3546912297606468,-1.504888477938185e-05,0.002539062552386895,0.0,0.0,4,9.701044660245858e-05,9.701044660245858e-05,1.0,in,l2sq,4512.795635938644
2026-05-15T23:07:41.312870,182,195857,131.26607810735692,131.26607810735692,48,0.2554347826086957,4.775,0.39,10,14,-0.0017962617654120328,0.8716484531760216,0.3508116602897644,0.0005011712511077959,0.0003906250058207661,0.0,0.0,4,9.699104548324257e-05,9.699104548324257e-05,1.0,in,l2sq,4537.946805477142
2026-05-15T23:08:02.823783,183,196899,87.41824750375704,109.34216280555698,43,0.25570652173913044,4.9,0.37,14,14,-0.0017981395649258047,0.9135034084320068,0.35868651419878006,-5.9691397655159406e-05,0.0003906250058207661,0.0,0.0,4,9.697649706890982e-05,9.697649706890982e-05,1.0,in,l2sq,4559.457696199417
2026-05-15T23:08:27.875462,184,197942,169.0551206536291,169.0551206536291,59,0.2597826086956522,5.105,0.34,8,14,-0.0015557974824331744,0.8707053884863853,0.33497677743434906,0.00044162433393918343,0.00019531250291038305,0.0,0.0,4,9.696195107923198e-05,9.696195107923198e-05,1.0,in,l2sq,4584.50941157341
2026-05-15T23:08:50.811942,185,199053,101.45224803972165,135.25368434667539,46,0.25733695652173916,5.12,0.3,14,14,-0.0018372195350366272,0.8182731792330742,0.34372441843152046,-0.0007724840806986322,0.0013671875349245965,0.0,0.0,4,9.694255965863563e-05,9.694255965863563e-05,1.0,in,l2sq,4607.445834636688
2026-05-15T23:09:16.883174,186,200152,135.46309569835645,135.46309569835645,52,0.25625,5.27,0.27,10,14,-0.002893599122762769,0.9208474457263947,0.34102940559387207,0.0004415537629938737,0.0,0.0,0.0,4,9.692801851705537e-05,9.692801851705537e-05,1.0,in,l2sq,4633.517124414444
2026-05-15T23:09:39.172065,187,201231,77.99569533824865,106.72939551830255,48,0.25570652173913044,5.275,0.37,14,14,-0.0016008936072466617,0.8517943248152733,0.3365616574883461,0.0005545479576085643,0.0003906250058207661,0.0,0.0,4,9.691347979891791e-05,9.691347979891791e-05,1.0,in,l2sq,4655.80598282814
2026-05-15T23:10:04.697109,188,202306,146.8295925340652,146.8295925340652,48,0.25570652173913044,5.09,0.32,10,14,-0.0022132803525892197,0.8636449873447418,0.33265864104032516,0.0008294366140944309,0.0007812500116415322,0.0,0.0,4,9.689409807209292e-05,9.689409807209292e-05,1.0,in,l2sq,4681.331052780151
2026-05-15T23:10:26.693459,189,203380,84.93885336875881,115.884222951412,40,0.2543478260869565,5.145,0.33,14,14,-0.0029328734555746916,1.0184751451015472,0.34617453068494797,0.002919417291741444,0.006249999918509275,0.0,0.0,4,9.687956419962947e-05,9.687956419962947e-05,1.0,in,l2sq,4703.327349901199
2026-05-15T23:10:51.377533,190,204416,148.36946539020545,148.36946539020545,43,0.2519021739130435,5.14,0.32,10,14,-0.002173004741052864,0.902456022799015,0.34553444012999535,0.00034499277062424033,0.0023437500931322575,0.0,0.0,4,9.686503274939735e-05,9.686503274939735e-05,1.0,in,l2sq,4728.011476993561
2026-05-15T23:11:13.834121,191,205510,170.91266855573662,159.64106697297103,45,0.2543478260869565,5.125,0.36,14,14,-0.0022343166352585264,0.8441888317465782,0.3354831710457802,0.001306449724461355,0.008203124918509275,0.0,0.0,4,9.68456607114978e-05,9.68456607114978e-05,1.0,in,l2sq,4750.468022584915
2026-05-15T23:11:39.191670,192,206582,155.5419102950095,155.5419102950095,52,0.2589673913043478,5.06,0.29,9,14,-0.001966667926171617,0.8999769687652588,0.3292146176099777,0.0006050471372873178,0.0003906250058207661,0.0,0.0,4,9.683113410451734e-05,9.683113410451734e-05,1.0,in,l2sq,4775.825619935989
2026-05-15T23:12:01.369381,193,207664,57.971595935821156,106.75675311541534,40,0.2578804347826087,5.115,0.36,14,14,-0.0020724729110952467,0.9585418030619621,0.3504534289240837,-5.38563921054086e-05,0.003125000002910383,0.0,0.0,4,9.681660991855734e-05,9.681660991855734e-05,1.0,in,l2sq,4798.003263235092
2026-05-15T23:12:26.813135,194,208726,140.9369347982406,140.9369347982406,38,0.25570652173913044,4.91,0.35,7,14,-0.0012837663274695432,0.8400091752409935,0.3704534284770489,0.000790935740360499,0.0005859375087311491,0.0,0.0,4,9.679724756473973e-05,9.679724756473973e-05,1.0,in,l2sq,4823.447099208832
2026-05-15T23:12:48.792721,195,209790,111.8994665632243,126.41820068073244,50,0.2559782608695652,4.855,0.36,14,14,-0.0010209009531536584,0.9678435921669006,0.34339042007923126,0.0004438648373252807,0.0,0.0,0.0,4,9.678272821961023e-05,9.678272821961023e-05,1.0,in,l2sq,4845.426628112793
2026-05-15T23:13:16.507163,196,210879,60.04066400194106,60.04066400194106,42,0.2532608695652174,4.67,0.31,7,14,-0.0017873034645162766,0.9210012331604958,0.343117892742157,-0.00031744628076919856,0.001953125072759576,0.0,0.0,4,9.676821129429093e-05,9.676821129429093e-05,1.0,in,l2sq,4873.141072511673
2026-05-15T23:13:39.796664,197,211953,86.86953265905358,73.45509833049732,39,0.2519021739130435,4.615,0.22,14,14,-0.002349879649409553,0.876350499689579,0.3517996408045292,-4.0896655991669306e-05,0.003515625052386895,0.0,0.0,4,9.674885861971419e-05,9.674885861971419e-05,1.0,in,l2sq,4896.430518388748
2026-05-15T23:14:05.871401,198,212989,113.71530344390841,113.71530344390841,48,0.2516304347826087,4.56,0.23,8,14,-0.0023013591853668913,0.9667921662330627,0.34252913296222687,0.0007976348900229357,0.0023437500931322575,0.0,0.0,4,9.673434653280547e-05,9.673434653280547e-05,1.0,in,l2sq,4922.505314826965
2026-05-15T23:14:29.402607,199,214075,142.95782976484244,128.33656660437543,46,0.2505434782608696,4.835,0.24,14,14,-0.0021486052140061718,0.9013795554637909,0.36384956911206245,0.0005076216189991156,0.0019531250291038305,0.0,0.0,4,9.671983686449729e-05,9.671983686449729e-05,1.0,in,l2sq,4946.036461353302
2026-05-15T23:14:56.729428,200,215161,118.84276987457258,118.84276987457258,46,0.24945652173913044,4.94,0.32,9,14,-0.003308601345634099,0.8151248171925545,0.34602733328938484,0.0008642072160910189,0.015624999883584678,0.0,0.0,4,9.670049386432276e-05,9.670049386432276e-05,1.0,in,l2sq,4973.36333489418
2026-05-15T23:15:18.432439,201,216208,131.37796318483342,125.110366529703,45,0.24945652173913044,5.25,0.38,14,14,-0.0010619267959555145,0.8481283038854599,0.34256211668252945,-0.0002241248776044813,0.0,0.0,0.0,4,9.668598903200644e-05,9.668598903200644e-05,1.0,in,l2sq,4995.066291332245
2026-05-15T23:15:43.675156,202,217244,149.58907242202739,149.58907242202739,51,0.25027173913043477,5.415,0.38,10,14,-0.002270480233710237,0.8431543260812759,0.3445810005068779,0.0012309149964948585,0.0037109374825377017,0.0,0.0,4,9.667148661708159e-05,9.667148661708159e-05,1.0,in,l2sq,5020.30912232399
2026-05-15T23:16:05.989464,203,218331,101.71004903221088,125.64956072711914,42,0.25,5.335,0.36,14,14,-0.002727037778822883,0.8905609250068665,0.34852663427591324,3.254002083395366e-05,0.0031249999592546374,0.0,0.0,4,9.665215328647303e-05,9.665215328647303e-05,1.0,in,l2sq,5042.623337268829
2026-05-15T23:16:31.804553,204,219388,109.84044653463333,109.84044653463333,34,0.24320652173913043,5.18,0.36,7,14,-0.002108684249105819,0.8779477924108505,0.3521745875477791,0.001469888365500105,0.008593749953433871,0.0,0.0,4,9.663765570512253e-05,9.663765570512253e-05,1.0,in,l2sq,5068.438394546509
2026-05-15T23:16:53.402579,205,220383,122.21890171909294,116.02967412686314,45,0.24293478260869567,4.99,0.32,14,14,-0.0017331787108558205,0.9380379542708397,0.33513715490698814,0.0010023818810168672,0.008203125093132257,0.0,0.0,4,9.662316053995504e-05,9.662316053995504e-05,1.0,in,l2sq,5090.036444425583
2026-05-15T23:17:19.421632,206,221415,199.49507060670888,199.49507060670888,53,0.24320652173913043,5.045,0.37,8,14,-0.003700481826672375,0.8604164123535156,0.35894954949617386,0.0018524586430430645,0.004296875005820766,0.0,0.0,4,9.660866730744402e-05,9.660866730744402e-05,1.0,in,l2sq,5116.055523395538
2026-05-15T23:17:42.020697,207,222474,114.00892357826186,156.75199709248537,45,0.24239130434782608,4.955,0.37,14,14,-0.0019244350965890722,0.9059072509407997,0.34091851860284805,0.0007025614506346589,0.003710937511641532,0.0,0.0,4,9.659417649039123e-05,9.659417649039123e-05,1.0,in,l2sq,5138.654551029205
2026-05-15T23:18:06.452778,208,223478,184.08729717874542,184.08729717874542,48,0.24239130434782608,4.885,0.4,9,14,-0.0016096948213092377,0.8469958901405334,0.34809350594878197,0.0007227215132161267,0.00019531250291038305,0.0,0.0,4,9.657485862103492e-05,9.657485862103492e-05,1.0,in,l2sq,5163.086701393127
2026-05-15T23:18:28.177800,209,224527,168.25651694917693,176.17190706396116,48,0.24456521739130435,4.995,0.43,14,14,-0.0034199417103080165,0.882716953754425,0.35297534614801407,0.0021822381811944097,0.009765624825377017,0.0,0.0,4,9.656037263369099e-05,9.656037263369099e-05,1.0,in,l2sq,5184.811654090881
2026-05-15T23:18:53.414873,210,225578,136.97040634489034,136.97040634489034,43,0.24456521739130435,4.92,0.37,8,14,-0.0017839495259976967,0.8489697650074959,0.3498885929584503,0.0013744688190854837,0.002148437561118044,0.0,0.0,4,9.654588906059781e-05,9.654588906059781e-05,1.0,in,l2sq,5210.048769712448
2026-05-15T23:19:15.573620,211,226646,76.68225988483385,106.8263331148621,38,0.24266304347826087,4.86,0.33,14,14,-0.0026139452966162935,0.8886334672570229,0.3377583883702755,0.0001821198885863795,0.0021484375465661287,0.0,0.0,4,9.652658084824457e-05,9.652658084824457e-05,1.0,in,l2sq,5232.207508325577
2026-05-15T23:19:40.608829,212,227690,95.89924466514522,95.89924466514522,48,0.24157608695652175,4.835,0.38,8,14,-0.0021370426489738525,0.9343243986368179,0.3379006013274193,0.0004454783302207943,0.0003906250058207661,0.0,0.0,4,9.651210210244586e-05,9.651210210244586e-05,1.0,in,l2sq,5257.24273276329
2026-05-15T23:20:02.600711,213,228763,110.3867423758503,103.14299352049775,39,0.24130434782608695,5.01,0.4,14,14,-0.0020561402823658925,0.8535602241754532,0.3416970558464527,0.0003324501582596673,0.0013671875494765118,0.0,0.0,4,9.6497625769691e-05,9.6497625769691e-05,1.0,in,l2sq,5279.234574317932
2026-05-15T23:20:28.449828,214,229846,148.9643669576643,148.9643669576643,47,0.24375,5.055,0.43,8,14,-0.0033587083627937275,0.869723953306675,0.367820855230093,0.0010457366383889444,0.007812500058207661,0.0,0.0,4,9.647832720951333e-05,9.647832720951333e-05,1.0,in,l2sq,5305.08372092247
2026-05-15T23:20:51.029208,215,230927,84.75362599992707,116.85899647879569,40,0.24103260869565218,5.115,0.46,14,14,-0.0012739747588055295,0.9774848073720932,0.3502331078052521,0.0011384942699805833,0.005078125046566129,0.0,0.0,4,9.646385570163978e-05,9.646385570163978e-05,1.0,in,l2sq,5327.66307425499
2026-05-15T23:21:16.177512,216,231956,107.05861006736701,107.05861006736701,44,0.24157608695652175,5.02,0.39,3,14,-0.0023445200626156237,0.9290807321667671,0.37145762518048286,0.002095335517515201,0.005664062526193447,0.0,0.0,4,9.644938660560382e-05,9.644938660560382e-05,1.0,in,l2sq,5352.811421632767
2026-05-15T23:21:37.584031,217,232995,90.37006313371634,98.71433660054169,48,0.2440217391304348,5.11,0.39,14,14,-0.0028360799391521085,0.8502851203083992,0.37060122191905975,0.00032724957700336343,0.007031250235741027,0.0,0.0,4,9.643009769277657e-05,9.643009769277657e-05,1.0,in,l2sq,5374.217920541763
2026-05-15T23:22:04.383505,218,234081,127.49580165529235,127.49580165529235,47,0.24375,5.06,0.31,6,14,-0.001556332423933604,1.0762933194637299,0.34648115932941437,0.0006432343542428498,0.0007812500116415322,0.0,0.0,4,9.641563341920995e-05,9.641563341920995e-05,1.0,in,l2sq,5401.017439842224
2026-05-15T23:22:26.395199,219,235119,147.91330242729134,137.70455204129183,48,0.24429347826086956,4.98,0.37,14,14,-0.0022737541075912027,0.9339577555656433,0.34990454837679863,0.0014107844646787937,0.004687500128056854,0.0,0.0,4,9.640117155627524e-05,9.640117155627524e-05,1.0,in,l2sq,5423.029103517532
2026-05-15T23:22:53.372275,220,236260,132.19037042140965,132.19037042140965,55,0.2467391304347826,5.22,0.35,9,14,-0.0012358076080090652,0.8646720498800278,0.338766735047102,0.0009373898064097969,0.0,0.0,0.0,4,9.638189228597571e-05,9.638189228597571e-05,1.0,in,l2sq,5450.00622010231
2026-05-15T23:23:15.915465,221,237346,114.66396851539571,123.42716946840268,48,0.24755434782608696,5.215,0.33,14,14,-0.0016545165533898287,0.9203903824090958,0.33568350970745087,-0.00031039588830028553,0.0019531250291038305,0.0,0.0,4,9.636743524309958e-05,9.636743524309958e-05,1.0,in,l2sq,5472.549397945404
2026-05-15T23:23:41.994380,222,238394,167.04985782003402,167.04985782003402,53,0.24809782608695652,5.28,0.34,10,14,-0.0022037267626728863,0.8458874225616455,0.3246045894920826,0.00017447931944616912,0.0,0.0,0.0,4,9.63529806096503e-05,9.63529806096503e-05,1.0,in,l2sq,5498.628294229507
2026-05-15T23:24:04.309578,223,239419,145.50248779582964,156.27617280793183,49,0.25,5.35,0.34,14,14,-0.002893345300981315,0.7917709946632385,0.33456625416874886,0.00047199581968013216,0.002734375069849193,0.0,0.0,4,9.633371097705817e-05,9.633371097705817e-05,1.0,in,l2sq,5520.943509817123
2026-05-15T23:24:32.098698,224,240521,138.9211810550687,138.9211810550687,43,0.25244565217391307,5.31,0.36,9,14,-0.00134863109851735,0.9212635159492493,0.3142511248588562,0.0016537228839297313,0.001953125,0.0,0.0,4,9.631926116125794e-05,9.631926116125794e-05,1.0,in,l2sq,5548.732615709305
2026-05-15T23:24:54.697351,225,241572,147.6931475977895,143.3071643264291,55,0.25516304347826085,5.095,0.36,14,14,-0.0018275719572556914,0.8894296586513519,0.3465266674757004,0.00032154802340755243,0.0,0.0,0.0,4,9.630481375368006e-05,9.630481375368006e-05,1.0,in,l2sq,5571.331249713898
2026-05-15T23:25:21.545221,226,242649,132.32669618272755,132.32669618272755,42,0.25217391304347825,5.11,0.43,10,14,-0.0028134198597400406,0.8536889478564262,0.3475666828453541,0.0005494765935282198,0.002539062552386895,0.0,0.0,4,9.628555375397746e-05,9.628555375397746e-05,1.0,in,l2sq,5598.179140090942
2026-05-15T23:25:44.715154,227,243720,105.49948159360852,118.91308888816803,45,0.25217391304347825,5.02,0.38,14,14,-0.001255255957221424,0.8580330461263657,0.34259360283613205,-0.0007682737202230755,0.00390625,0.0,0.0,4,9.627111116164029e-05,9.627111116164029e-05,1.0,in,l2sq,5621.349089622498
2026-05-15T23:26:11.348188,228,244782,174.7391349821086,174.7391349821086,50,0.25271739130434784,5.03,0.34,10,14,-0.002109891205327674,0.9938714057207108,0.34111176431179047,0.0015217031357224187,0.002148437502910383,0.0,0.0,4,9.62566709763216e-05,9.62566709763216e-05,1.0,in,l2sq,5647.98212480545
2026-05-15T23:26:34.500346,229,245851,173.14656972408312,173.94285235309587,43,0.2513586956521739,4.875,0.39,14,14,-0.0018339209636906162,0.8078507110476494,0.3512413613498211,0.0015752098712823598,0.001367187505820766,0.0,0.0,4,9.623742060469305e-05,9.623742060469305e-05,1.0,in,l2sq,5671.13423705101
2026-05-15T23:27:01.305030,230,246922,127.46596518325755,127.46596518325755,46,0.25217391304347825,4.85,0.41,9,14,-0.0030427143909037557,1.0334447622299194,0.36322348564863205,-0.0007915127094748065,0.003515625139698386,0.0,0.0,4,9.622298523220793e-05,9.622298523220793e-05,1.0,in,l2sq,5697.938982963562
2026-05-15T23:27:23.469108,231,247947,82.73265545177404,105.0993103175158,43,0.2535326086956522,4.87,0.38,14,14,-0.00287940939888362,0.8822298049926758,0.3446861729025841,0.000443249542422558,0.01152343797730282,0.0,0.0,4,9.620855226553801e-05,9.620855226553801e-05,1.0,in,l2sq,5720.102969884872
2026-05-15T23:27:49.803634,232,248997,99.95604545116387,99.95604545116387,50,0.25407608695652173,4.885,0.43,9,14,-0.002617615254712269,0.8694915249943733,0.33649662882089615,0.0010847545270735275,0.005468750139698386,0.0,0.0,4,9.618931151717044e-05,9.618931151717044e-05,1.0,in,l2sq,5746.437595367432
2026-05-15T23:28:11.077728,233,250035,125.52627171182557,112.74115858149472,48,0.2565217391304348,5.01,0.51,14,14,-0.001602795772487342,0.9052182137966156,0.33211344480514526,-0.0011776384463700884,0.0023437500931322575,0.0,0.0,4,9.617488336092817e-05,9.617488336092817e-05,1.0,in,l2sq,5767.711649417877
2026-05-15T23:28:36.610050,234,251114,190.33621850872032,190.33621850872032,58,0.2595108695652174,5.125,0.5,10,14,-0.0015976302325271252,0.9298079609870911,0.31853586435317993,0.0005307655642298181,0.0005859375232830644,0.0,0.0,4,9.616045760929844e-05,9.616045760929844e-05,1.0,in,l2sq,5793.243989229202
2026-05-15T23:28:59.415562,235,252191,64.07689723396271,127.20655787134152,32,0.25733695652173916,4.995,0.54,14,14,-0.0016470148548251018,0.8421056941151619,0.34175001829862595,0.0007413175852889198,0.0005859375232830644,0.0,0.0,4,9.614122647938115e-05,9.614122647938115e-05,1.0,in,l2sq,5816.049520254135
2026-05-15T23:29:25.171982,236,253270,139.39925466060635,139.39925466060635,50,0.2589673913043478,5.03,0.43,10,14,-0.0030921042198315263,0.9274870008230209,0.3062315583229065,0.0012748677253513474,0.002343750005820766,0.0,0.0,4,9.612680553577434e-05,9.612680553577434e-05,1.0,in,l2sq,5841.805903673172
2026-05-15T23:29:47.622291,237,254364,140.24711792707424,139.8231862938403,59,0.2619565217391304,5.125,0.46,14,14,-0.0013161320428481393,0.8962743654847145,0.3257548101246357,-0.0004614033735379024,0.0007812500261934474,0.0,0.0,4,9.6112386995578e-05,9.6112386995578e-05,1.0,in,l2sq,5864.25621509552
2026-05-15T23:30:12.245055,238,255403,148.6306096744535,148.6306096744535,56,0.2644021739130435,5.025,0.44,9,14,-0.0028742451875587993,0.8545006364583969,0.33141160011291504,0.0003080425176904267,0.0052734375931322575,0.0,0.0,4,9.609316547930276e-05,9.609316547930276e-05,1.0,in,l2sq,5888.878993988037
2026-05-15T23:30:33.284781,239,256432,132.916311034679,140.77346035456625,45,0.26358695652173914,5.215,0.41,14,14,-0.0027314418111927807,0.9084525108337402,0.32031406462192535,0.0017273459352509235,0.0054687499068677425,0.0,0.0,4,9.607875174472579e-05,9.607875174472579e-05,1.0,in,l2sq,5909.918689727783
2026-05-15T23:30:57.675259,240,257450,151.08420973253288,151.08420973253288,43,0.26032608695652176,5.09,0.47,10,14,-0.0019933654133637985,0.8419333025813103,0.3469835892319679,0.0012367969854949704,0.0003906250058207661,0.0,0.0,4,9.606434041235784e-05,9.606434041235784e-05,1.0,in,l2sq,5934.309220314026
2026-05-15T23:31:19.809102,241,258530,112.1823273735044,131.63326855301864,39,0.2578804347826087,5.04,0.39,14,14,-0.002441744884708885,0.8554738909006119,0.32863251864910126,0.0032508372475603675,0.008984375279396772,0.0,0.0,4,9.604993100146886e-05,9.604993100146886e-05,1.0,in,l2sq,5956.442981481552
2026-05-15T23:31:45.295385,242,259604,102.74890588760347,102.74890588760347,46,0.2559782608695652,5.055,0.42,11,14,-0.0015855484351050553,0.8405182361602783,0.33482450246810913,0.000463852407210634,0.0033203126658918336,0.0,0.0,4,9.603552399206828e-05,9.603552399206828e-05,1.0,in,l2sq,5981.92933678627
2026-05-15T23:32:06.646365,243,260643,81.97782246112767,92.36336417436557,38,0.2529891304347826,5.07,0.43,14,14,-0.002745109124225542,0.8277211338281631,0.3405204825103283,-0.00013744839920946939,0.0011718750465661287,0.0,0.0,4,9.601631784762512e-05,9.601631784762512e-05,1.0,in,l2sq,6003.280262470245
2026-05-15T23:32:31.742336,244,261702,59.30542479801137,59.30542479801137,39,0.2519021739130435,4.835,0.44,11,14,-0.002149538701633036,0.8007995039224625,0.3722084015607834,-0.0005930973516115046,0.0011718750174622983,0.0,0.0,4,9.600191564000077e-05,9.600191564000077e-05,1.0,in,l2sq,6028.376287698746
2026-05-15T23:32:54.227028,245,262796,253.73633797216448,156.52088138508793,65,0.2546195652173913,4.97,0.37,14,14,-0.00200183301494683,0.8942936137318611,0.34665070846676826,0.0007933049532766467,0.002343750005820766,0.0,0.0,4,9.598751583266434e-05,9.598751583266434e-05,1.0,in,l2sq,6050.860939025879
2026-05-15T23:33:18.973063,246,263838,143.74590106487258,143.74590106487258,44,0.25516304347826085,4.865,0.31,9,14,-0.0029235847829113815,0.8311826810240746,0.35344398021698,0.0009918206518250428,0.004101562619325705,0.0,0.0,4,9.596831928937298e-05,9.596831928937298e-05,1.0,in,l2sq,6075.6070284843445
2026-05-15T23:33:41.320974,247,264938,200.77272161865284,172.25931134176273,59,0.2589673913043478,5.0,0.3,14,14,-0.003145767463138327,0.9017118811607361,0.3338026627898216,0.00022476969570561778,0.010156249860301614,0.0,0.0,4,9.595392428141236e-05,9.595392428141236e-05,1.0,in,l2sq,6097.954855442047
2026-05-15T23:34:07.307204,248,266048,149.1065782046317,149.1065782046317,54,0.26005434782608694,5.16,0.33,10,14,-0.0026486199932150845,0.9233973920345306,0.3386359103024006,0.0002609921199564491,0.010742187616415322,0.0,0.0,4,9.593953167253978e-05,9.593953167253978e-05,1.0,in,l2sq,6123.941166400909
2026-05-15T23:34:29.009830,249,267116,98.40460662651037,123.75559241557103,44,0.26032608695652176,5.21,0.34,14,14,-0.0028319958913926024,0.9159945249557495,0.333084799349308,0.0012458533822609502,0.007226562476716936,0.0,0.0,4,9.59203447256006e-05,9.59203447256006e-05,1.0,in,l2sq,6145.643739461899
2026-05-15T23:34:55.730842,250,268209,135.70713525724392,135.70713525724392,41,0.2589673913043478,5.44,0.38,12,14,-0.0015674964230129595,0.8864544108510017,0.3453546278178692,0.000949068111026477,0.003906250014551915,0.0,0.0,4,9.590116161585892e-05,9.590116161585892e-05,1.0,in,l2sq,6172.364761829376
2026-05-15T23:35:18.903782,251,269275,99.72323187875725,117.71518356800058,44,0.2592391304347826,5.25,0.28,14,14,-0.003886459895875327,0.9246556311845779,0.33456800132989883,-0.00026622959494482235,0.008984375192085281,0.0,0.0,4,9.588677668138144e-05,9.588677668138144e-05,1.0,in,l2sq,6195.537712574005
2026-05-15T23:35:45.507923,252,270333,182.83094645881653,182.83094645881653,59,0.26168478260869565,5.17,0.3,10,14,-0.0018158285311073996,0.9061269015073776,0.3268437460064888,-0.00045750995328716626,0.003515625139698386,0.0,0.0,4,9.587239414431311e-05,9.587239414431311e-05,1.0,in,l2sq,6222.141842842102
2026-05-15T23:36:09.792176,253,271446,144.09812780284858,163.46453713083255,51,0.2625,5.165,0.36,14,14,-0.001935910864267476,0.8006768077611923,0.3380904011428356,0.0013419052040262724,0.0025390625232830644,0.0,0.0,4,9.585322062420818e-05,9.585322062420818e-05,1.0,in,l2sq,6246.426105976105
2026-05-15T23:36:35.590722,254,272478,136.3545357003216,136.3545357003216,47,0.2595108695652174,5.025,0.36,10,14,-0.001649135371553756,0.9368818551301956,0.3219178318977356,0.0003765177420064214,0.0054687502852175385,0.0,0.0,4,9.58388428807596e-05,9.58388428807596e-05,1.0,in,l2sq,6272.224667549133
2026-05-15T23:36:57.446922,255,273538,158.27485250997537,147.31469410514848,47,0.26358695652173914,5.205,0.45,14,14,-0.0026312761154258513,0.868780292570591,0.30673347413539886,-9.962400852148168e-05,0.0029296875873114914,0.0,0.0,4,9.58244675335217e-05,9.58244675335217e-05,1.0,in,l2sq,6294.080823421478
2026-05-15T23:37:25.093152,256,274675,143.51509265756553,143.51509265756553,56,0.26521739130434785,5.255,0.47,11,14,-0.002341135778988257,0.9065535664558411,0.32535165920853615,-0.00025467843688598,0.0017578125552972779,0.0,0.0,4,9.580530359825967e-05,9.580530359825967e-05,1.0,in,l2sq,6321.727103233337
2026-05-15T23:37:45.299751,257,275670,234.47909516191459,188.99709390974004,57,0.26467391304347826,5.115,0.38,14,14,-0.002661663282196969,0.874885305762291,0.31743502616882324,0.0019809315253951354,0.016406250651925802,0.0,0.0,4,9.579093304224517e-05,9.579093304224517e-05,1.0,in,l2sq,6341.933620691299
2026-05-15T23:38:10.810437,258,276761,156.0442774567605,156.0442774567605,47,0.26222826086956524,5.0,0.36,13,14,-0.002321440244850259,0.894694410264492,0.30304839834570885,0.0008003128591553485,0.005859375072759576,0.0,0.0,4,9.577656488124349e-05,9.577656488124349e-05,1.0,in,l2sq,6367.444386482239
2026-05-15T23:38:32.127942,259,277794,129.82846393251398,142.93637069463725,43,0.26168478260869565,4.845,0.35,14,14,-0.003160793785355054,0.8939573168754578,0.32535114139318466,0.0005593325657173298,0.004296875005820766,0.0,0.0,4,9.57574105260329e-05,9.57574105260329e-05,1.0,in,l2sq,6388.761850833893
2026-05-15T23:38:56.119128,260,278782,139.31882996892935,139.31882996892935,46,0.2625,4.855,0.33,10,14,-0.0019267258321633562,0.9390683025121689,0.3239602670073509,0.0005470617485571205,0.003906250058207661,0.0,0.0,4,9.574304715385949e-05,9.574304715385949e-05,1.0,in,l2sq,6412.7530863285065
2026-05-15T23:39:19.659984,261,279865,162.0409826397895,150.6799063043594,46,0.2644021739130435,5.125,0.38,14,14,-0.0016173981421161443,0.8767224624752998,0.3153466135263443,3.808639953606363e-05,0.0009765625,0.0,0.0,4,9.572868617550165e-05,9.572868617550165e-05,1.0,in,l2sq,6436.293888568878
2026-05-15T23:39:46.474181,262,280930,152.94672486257568,152.94672486257568,49,0.26521739130434785,5.205,0.32,9,14,-0.003914576838724315,0.8046615421772003,0.2842278555035591,0.003550303938391154,0.015234375139698386,0.0,0.0,4,9.571432711190901e-05,9.571432711190901e-05,1.0,in,l2sq,6463.108066082001
2026-05-15T23:40:08.954519,263,281962,111.71735601901976,132.33204044079773,46,0.2673913043478261,5.29,0.28,14,14,-0.001318803802132562,0.9323422834277153,0.3141603320837021,0.0005537859540823004,0.001757812569849193,0.0,0.0,4,9.569997044141387e-05,9.569997044141387e-05,1.0,in,l2sq,6485.5884029865265
2026-05-15T23:40:35.621472,264,283044,150.05216234302517,150.05216234302517,53,0.27119565217391306,5.365,0.29,10,14,-0.0035611507133580522,0.8808125630021095,0.32758259028196335,0.0007652628796336047,0.007617187715368345,0.0,0.0,4,9.56808314043253e-05,9.56808314043253e-05,1.0,in,l2sq,6512.255370140076
2026-05-15T23:40:57.390978,265,284115,197.2023367376333,173.62724954032922,59,0.26956521739130435,5.125,0.25,14,14,-0.0018817358592060351,1.0395368337631226,0.31016094237565994,0.000427545554066433,0.007421875197906047,0.0,0.0,4,9.566647951882869e-05,9.566647951882869e-05,1.0,in,l2sq,6534.024920701981
2026-05-15T23:41:23.173234,266,285212,116.69381818485256,116.69381818485256,49,0.27092391304347824,5.095,0.26,10,14,-0.002054968506854493,0.8816410526633263,0.33970267325639725,0.00015291854008413208,0.002148437502910383,0.0,0.0,4,9.565213002523325e-05,9.565213002523325e-05,1.0,in,l2sq,6559.807184934616
2026-05-15T23:41:45.105870,267,286291,149.335304837704,133.0145615112783,49,0.26820652173913045,5.265,0.34,14,14,-0.0026937343907775524,0.8696440309286118,0.33315199613571167,-0.0001201434052006678,0.00410156260477379,0.0,0.0,4,9.563300055574951e-05,9.563300055574951e-05,1.0,in,l2sq,6581.739808320999
2026-05-15T23:42:10.241998,268,287361,142.45583747816076,142.45583747816076,54,0.26820652173913045,5.275,0.3,10,14,-0.0020102109847357497,0.8084278255701065,0.3214612081646919,0.001043348629264057,0.0013671874767169356,0.0,0.0,4,9.561387491196838e-05,9.561387491196838e-05,1.0,in,l2sq,6606.875927686691
2026-05-15T23:42:30.767234,269,288375,105.18922286176617,123.82253016996347,50,0.2698369565217391,5.24,0.37,14,14,-0.0017266303504586133,0.9703413844108582,0.33738891035318375,-0.0013475764510531008,0.0031250000465661287,0.0,0.0,4,9.559953306977822e-05,9.559953306977822e-05,1.0,in,l2sq,6627.401179790497
2026-05-15T23:42:55.354334,270,289416,124.09676771974529,124.09676771974529,52,0.2728260869565217,5.08,0.39,9,14,-0.0028121967130574355,0.9505785554647446,0.3371446020901203,0.001305039319686313,0.0031250000174622983,0.0,0.0,4,9.558519361781541e-05,9.558519361781541e-05,1.0,in,l2sq,6651.988267421722
2026-05-15T23:43:16.894186,271,290477,140.92722750902186,132.51199761438357,51,0.2747282608695652,4.895,0.35,14,14,-0.0033542375953402315,0.8615848869085312,0.3159324452280998,0.0011748874083650218,0.0023437500931322575,0.0,0.0,4,9.557085607774768e-05,9.557085607774768e-05,1.0,in,l2sq,6673.528100728989
2026-05-15T23:43:41.452731,272,291510,144.82573023462277,144.82573023462277,46,0.27119565217391306,4.93,0.51,7,14,-0.002485626166890187,0.8893199935555458,0.3272863067686558,0.0021848947437092814,0.0037109375261934474,0.0,0.0,4,9.555652092719029e-05,9.555652092719029e-05,1.0,in,l2sq,6698.0866940021515
2026-05-15T23:44:02.027715,273,292516,174.05068844556806,159.4382093400954,47,0.27010869565217394,4.89,0.54,14,14,-0.00266808204469271,0.8513693585991859,0.33819931000471115,0.0010119687158748891,0.008398437639698386,0.0,0.0,4,9.553741057857006e-05,9.553741057857006e-05,1.0,in,l2sq,6718.661591053009
2026-05-15T23:44:27.016896,274,293553,83.82173275423021,83.82173275423021,44,0.2692934782608696,4.95,0.59,5,14,-0.0010003045375697184,0.9620473086833954,0.3084578216075897,-0.0007994173345650946,0.0015625000232830644,0.0,0.0,4,9.552308020583874e-05,9.552308020583874e-05,1.0,in,l2sq,6743.650859117508
2026-05-15T23:44:48.863057,275,294613,148.071850139141,115.94679144668561,52,0.27065217391304347,4.915,0.55,14,14,-0.00199995862785729,0.9651613086462021,0.3264360837638378,0.0015684252066875959,0.0017578125116415322,0.0,0.0,4,9.550875222142326e-05,9.550875222142326e-05,1.0,in,l2sq,6765.496939659119
2026-05-15T23:45:13.589574,276,295639,160.24710819101378,160.24710819101378,43,0.26711956521739133,4.635,0.44,10,14,-0.0017881275067339608,0.9153406023979187,0.29722703993320465,0.0003437528064779427,0.0011718750465661287,0.0,0.0,4,9.549442614737388e-05,9.549442614737388e-05,1.0,in,l2sq,6790.223521947861
2026-05-15T23:45:34.707164,277,296668,171.05753594112383,165.6523220660688,53,0.26603260869565215,4.59,0.41,14,14,-0.0029433262185193654,0.9976092800498009,0.30239350721240044,0.0011508188319055389,0.0021484375465661287,0.0,0.0,4,9.548010246092391e-05,9.548010246092391e-05,1.0,in,l2sq,6811.34108710289
2026-05-15T23:46:01.331376,278,297796,102.3967194347376,102.3967194347376,38,0.26358695652173914,4.71,0.36,10,14,-0.0013388306269915828,0.83824323117733,0.28722719103097916,0.001177813798176497,0.0019531250291038305,0.0,0.0,4,9.546100739523274e-05,9.546100739523274e-05,1.0,in,l2sq,6837.96530175209
2026-05-15T23:46:23.450208,279,298845,121.5249406056408,111.9608300201892,36,0.26168478260869565,4.74,0.35,14,14,-0.0021633611293507826,0.9495519250631332,0.3105884790420532,-0.00040683809465913434,0.0007812500116415322,0.0,0.0,4,9.54466884827879e-05,9.54466884827879e-05,1.0,in,l2sq,6860.084137916565
2026-05-15T23:46:50.172171,280,299896,185.6596893506051,185.6596893506051,48,0.26222826086956524,4.74,0.32,9,14,-0.0024918996627092405,0.8867475166916847,0.3027383051812649,0.0011167946867317174,0.004687500128056854,0.0,0.0,4,9.543237195674893e-05,9.543237195674893e-05,1.0,in,l2sq,6886.806101322174
2026-05-15T23:47:11.911318,281,300902,203.71041010808946,194.68504972934727,47,0.2625,4.9,0.27,14,14,-0.002140676812996456,0.8918003290891647,0.30577364563941956,0.0005336381883353086,0.001171875002910383,0.0,0.0,4,9.541328643668129e-05,9.541328643668129e-05,1.0,in,l2sq,6908.545222520828
2026-05-15T23:47:37.328205,282,301976,213.2434993686681,213.2434993686681,53,0.26358695652173914,4.92,0.27,10,14,-0.00172490924014701,0.9143716543912888,0.26881175488233566,0.0011191090463398834,0.0,0.0,0.0,4,9.539897468226094e-05,9.539897468226094e-05,1.0,in,l2sq,6933.9621069431305
2026-05-15T23:47:58.265342,283,302999,196.57969330406218,204.91159633636514,54,0.2657608695652174,4.73,0.29,14,14,-0.002045118095338583,0.8861989751458168,0.30389130860567093,0.0004221912306093256,0.0009765625145519152,0.0,0.0,4,9.538466531305348e-05,9.538466531305348e-05,1.0,in,l2sq,6954.899243354797
2026-05-15T23:48:23.657523,284,304072,147.52156016254415,147.52156016254415,51,0.26521739130434785,4.88,0.32,10,14,-0.002709055034210761,0.8426689729094505,0.31063757836818695,0.001336105564723758,0.0023437500931322575,0.0,0.0,4,9.536558933383751e-05,9.536558933383751e-05,1.0,in,l2sq,6980.291481733322
2026-05-15T23:48:46.293078,285,305180,201.71210243797321,174.6168313002587,60,0.2654891304347826,5.035,0.38,14,14,-0.0025777615490369943,0.8612511903047562,0.31366580724716187,-0.0008452554266342727,0.010546874953433871,0.0,0.0,4,9.535128473386333e-05,9.535128473386333e-05,1.0,in,l2sq,7002.926982164383
2026-05-15T23:49:11.817104,286,306263,151.7244444613456,151.7244444613456,53,0.26657608695652174,5.235,0.46,11,14,-0.0014662243709609446,0.9014492407441139,0.30016152933239937,0.0005271399594221071,0.0,0.0,0.0,4,9.533698251790968e-05,9.533698251790968e-05,1.0,in,l2sq,7028.451046943665
2026-05-15T23:49:33.357732,287,307315,200.25377052450193,175.98910749292378,52,0.2673913043478261,5.285,0.41,14,14,-0.001970552706916373,0.8564896658062935,0.2929725833237171,0.0004178739357030281,0.0003906250058207661,0.0,0.0,4,9.531791607477591e-05,9.531791607477591e-05,1.0,in,l2sq,7049.991656303406
2026-05-15T23:49:57.921762,288,308353,203.1705721302034,203.1705721302034,56,0.26793478260869563,5.155,0.36,11,14,-0.002852762542898013,0.8996165096759796,0.2868994250893593,0.0006811665376517256,0.011328125023283064,0.0,0.0,4,9.53036186256714e-05,9.53036186256714e-05,1.0,in,l2sq,7074.555679798126
2026-05-15T23:50:21.304570,289,309477,163.36778929138185,183.26918071079263,45,0.26657608695652174,5.125,0.3,14,14,-0.0017391152970958612,0.8587271571159363,0.30357667431235313,0.0012288659101159227,0.004492187508731149,0.0,0.0,4,9.528932355939565e-05,9.528932355939565e-05,1.0,in,l2sq,7097.93850684166
2026-05-15T23:50:46.800805,290,310542,92.40296432876566,92.40296432876566,38,0.2627717391304348,4.96,0.2,12,14,-0.002138601607293844,0.9060466587543488,0.3046490475535393,0.0011445538146290443,0.002148437561118044,0.0,0.0,4,9.527026664757701e-05,9.527026664757701e-05,1.0,in,l2sq,7123.434744358063
2026-05-15T23:51:07.355521,291,311544,137.27105953502658,114.83701193189611,47,0.26168478260869565,4.92,0.26,14,14,-0.001680820423644036,0.901072084903717,0.28660332411527634,0.001606076971620518,0.0027343749534338713,0.0,0.0,4,9.525597634576744e-05,9.525597634576744e-05,1.0,in,l2sq,7143.989423751831
2026-05-15T23:51:31.309545,292,312539,181.07330496835698,181.07330496835698,54,0.2638586956521739,4.86,0.27,12,14,-0.002356227369455177,0.9240508005023003,0.31237490475177765,0.0018262795518239894,0.008789062645519152,0.0,0.0,4,9.524168842559545e-05,9.524168842559545e-05,1.0,in,l2sq,7167.943467378616
2026-05-15T23:51:54.434503,293,313657,107.07846574211088,144.07588535523394,45,0.26331521739130437,4.89,0.32,14,14,-0.002799476296058867,0.8289855197072029,0.2973424978554249,0.0017328006924231046,0.008203125093132257,0.0,0.0,4,9.522264104032722e-05,9.522264104032722e-05,1.0,in,l2sq,7191.06836438179
2026-05-15T23:52:20.730834,294,314748,167.33220317125313,167.33220317125313,49,0.26467391304347826,4.91,0.37,6,14,-0.0018997878592927897,0.9002607315778732,0.3235679790377617,0.001778469579858194,0.003515625139698386,0.0,0.0,4,9.520835788223967e-05,9.520835788223967e-05,1.0,in,l2sq,7217.364798069
2026-05-15T23:52:43.054754,295,315826,127.67360796022363,147.5029055657384,38,0.2608695652173913,5.025,0.38,14,14,-0.002692042323178656,0.8472068980336189,0.3343494385480881,0.0010711779072607452,0.002343750005820766,0.0,0.0,4,9.519407710459912e-05,9.519407710459912e-05,1.0,in,l2sq,7239.68864107132
2026-05-15T23:53:08.240124,296,316866,180.64828334331528,180.64828334331528,40,0.26005434782608694,5.07,0.34,5,14,-0.0025789767998504187,0.8513597920536995,0.30164335295557976,-0.002064704754866381,0.01210937526775524,0.0,0.0,4,9.517503924111898e-05,9.517503924111898e-05,1.0,in,l2sq,7264.874084949493
2026-05-15T23:53:30.882384,297,317963,139.75674849653234,160.20251591992383,44,0.2576086956521739,5.27,0.38,14,14,-0.0018038943380815908,0.9708840698003769,0.2997375950217247,0.0007428743745550026,0.0023437500931322575,0.0,0.0,4,9.51607632231823e-05,9.51607632231823e-05,1.0,in,l2sq,7287.51628613472
2026-05-15T23:53:56.868265,298,319056,128.8579139056204,128.8579139056204,40,0.25815217391304346,5.245,0.29,10,14,-0.0026117399887879422,0.869174987077713,0.29555558413267136,0.0013307570193319268,0.001757812569849193,0.0,0.0,4,9.514648958450263e-05,9.514648958450263e-05,1.0,in,l2sq,7313.502178192139
2026-05-15T23:54:17.667675,299,320074,178.72406703472143,153.79099047017093,57,0.2638586956521739,5.15,0.33,14,14,-0.0014767554237550828,0.8550431653857231,0.3027699701488018,0.0016690810994077765,0.0035156250232830644,0.0,0.0,4,9.512746123805063e-05,9.512746123805063e-05,1.0,in,l2sq,7334.301584720612
2026-05-15T23:54:44.452519,300,321110,111.23804504203778,111.23804504203778,48,0.2638586956521739,5.035,0.3,9,14,-0.00053068102315601,0.962897926568985,0.28915560990571976,0.00018181448904208697,0.0011718750465661287,0.0,0.0,4,9.511319235669548e-05,9.511319235669548e-05,1.0,in,l2sq,7361.086357593536
2026-05-15T23:55:07.956991,301,322200,163.5914530220029,137.41474903202032,44,0.26304347826086955,4.99,0.34,14,14,-0.002374865525052894,0.8395689651370049,0.31117720901966095,0.0005155923885468046,0.0027343750261934474,0.0,0.0,4,9.509892585340794e-05,9.509892585340794e-05,1.0,in,l2sq,7384.590893030167
2026-05-15T23:55:33.993589,302,323240,144.37682404708846,144.37682404708846,48,0.26168478260869565,4.92,0.37,10,14,-0.002215648228593728,0.9030267000198364,0.2858755774796009,0.0006249114207548812,0.0037109375989530236,0.0,0.0,4,9.507990701922652e-05,9.507990701922652e-05,1.0,in,l2sq,7410.627538442612
2026-05-15T23:55:56.570105,303,324288,169.65801471710202,157.01741938209523,45,0.2592391304347826,4.935,0.39,14,14,-0.0010118052734471306,0.9394469410181046,0.3069402202963829,0.00045691943901146614,0.0011718750465661287,0.0,0.0,4,9.50656452708853e-05,9.50656452708853e-05,1.0,in,l2sq,7433.203985214233
2026-05-15T23:56:20.731666,304,325243,181.74626464700725,181.74626464700725,55,0.26032608695652176,4.785,0.29,10,14,-0.00212610891321674,0.8225421011447906,0.28448420763015747,0.0007397142225272491,0.0,0.0,0.0,4,9.505138589942289e-05,9.505138589942289e-05,1.0,in,l2sq,7457.365608930588
2026-05-15T23:56:43.326601,305,326288,154.48096956014643,168.11361710357684,36,0.25380434782608696,4.81,0.28,14,14,-0.0025190463929902762,0.8365689218044281,0.2851186543703079,0.00027736470842684713,0.0023437500931322575,0.0,0.0,4,9.503712842917832e-05,9.503712842917832e-05,1.0,in,l2sq,7479.96054148674
2026-05-15T23:57:09.940425,306,327332,180.86704673290316,180.86704673290316,56,0.2546195652173913,4.72,0.24,4,14,-0.0016768740664701576,0.8669995367527008,0.2722318209707737,0.0017343697572869132,0.005664062409778126,0.0,0.0,4,9.502287333509959e-05,9.502287333509959e-05,1.0,in,l2sq,7506.5743272304535
2026-05-15T23:57:33.931405,307,328445,158.8279185872075,169.84748266005533,42,0.2519021739130435,4.775,0.2,14,14,-0.0037388984201243147,0.8831694945693016,0.301387183368206,0.0011729222967915287,0.011718750116415322,0.0,0.0,4,9.50038697106613e-05,9.50038697106613e-05,1.0,in,l2sq,7530.565330028534
2026-05-15T23:57:59.443407,308,329501,187.17322510862383,187.17322510862383,49,0.25,4.865,0.29,4,14,-0.0009639054616855103,0.8944619596004486,0.3028780519962311,0.0015302967621209917,0.0011718750465661287,0.0,0.0,4,9.498961936772625e-05,9.498961936772625e-05,1.0,in,l2sq,7556.077317714691
2026-05-15T23:58:21.455861,309,330577,89.086699357986,138.12996223330492,34,0.2470108695652174,5.145,0.41,14,14,-0.0023089468944818003,0.8597878068685532,0.29446470737457275,0.0013050956708184624,0.005468750052386895,0.0,0.0,4,9.497537139976919e-05,9.497537139976919e-05,1.0,in,l2sq,7578.089798688889
2026-05-15T23:58:48.304079,310,331666,115.13540335082975,115.13540335082975,44,0.24864130434782608,5.19,0.47,5,14,-0.002780789542885076,0.8796994164586067,0.3012904189527035,0.002513268459460982,0.011718749883584678,0.0,0.0,4,9.495637727524296e-05,9.495637727524296e-05,1.0,in,l2sq,7604.938004732132
2026-05-15T23:59:12.162044,311,332765,67.45135263729009,91.29337799405991,33,0.24483695652173912,5.285,0.54,14,14,-0.001847115263808874,0.8141698241233826,0.3245268687605858,0.0017741922477398364,0.001953125,0.0,0.0,4,9.494213405605448e-05,9.494213405605448e-05,1.0,in,l2sq,7628.795962810516
2026-05-15T23:59:39.062333,312,333831,167.2233999881741,167.2233999881741,49,0.24347826086956523,5.4,0.61,4,14,-0.0018875509951612468,0.9531665220856667,0.3216695785522461,-5.422744196720286e-05,0.004101562546566129,0.0,0.0,4,9.492789321065675e-05,9.492789321065675e-05,1.0,in,l2sq,7655.696198940277
2026-05-16T00:00:00.689387,313,334842,166.14515421152132,166.6842770998477,45,0.24347826086956523,5.24,0.54,14,14,-0.0024281217105455166,0.8838608637452126,0.29928355291485786,0.0018077286787501756,0.008398437639698386,0.0,0.0,4,9.490890858129356e-05,9.490890858129356e-05,1.0,in,l2sq,7677.323244571686
2026-05-16T00:00:27.081661,314,335893,181.8681164445879,181.8681164445879,46,0.24266304347826087,5.055,0.46,3,14,-0.001726509633590445,0.9456374794244766,0.2992553040385246,0.000553841899363805,0.0003906250058207661,0.0,0.0,4,9.489467248229049e-05,9.489467248229049e-05,1.0,in,l2sq,7703.715584039688
2026-05-16T00:00:51.203091,315,336997,163.07296329450642,172.47053986954717,42,0.24375,5.16,0.45,14,14,-0.0025267566525144503,0.8228369057178497,0.3013454042375088,0.0013537324461139998,0.005664062482537702,0.0,0.0,4,9.488043875589151e-05,9.488043875589151e-05,1.0,in,l2sq,7727.8369517326355
2026-05-16T00:01:17.883893,316,338056,239.5406933240891,239.5406933240891,57,0.2483695652173913,4.96,0.35,2,14,-0.0024714101818973377,0.8137380331754684,0.32789069414138794,0.0013432406727360846,0.006835937383584678,0.0,0.0,4,9.486146361694472e-05,9.486146361694472e-05,1.0,in,l2sq,7754.517817020416
2026-05-16T00:01:39.738130,317,339116,165.53456679964077,202.53763006186495,49,0.2497282608695652,4.97,0.39,14,14,-0.003264203708385871,0.8347729444503784,0.2979934960603714,0.0005415901963715386,0.0054687502852175385,0.0,0.0,4,9.48472346345677e-05,9.48472346345677e-05,1.0,in,l2sq,7776.372017383575
2026-05-16T00:02:05.242681,318,340164,206.98762397480027,206.98762397480027,53,0.2532608695652174,4.85,0.36,3,14,-0.0011993669508229554,0.8390552401542664,0.3037901781499386,0.0003060599128729552,0.004101562619325705,0.0,0.0,4,9.483300802360869e-05,9.483300802360869e-05,1.0,in,l2sq,7801.8766276836395
2026-05-16T00:02:27.822433,319,341258,153.159059423924,180.07334169936212,37,0.24782608695652175,4.77,0.35,14,14,-0.001743762393016407,0.8130759224295616,0.2963775508105755,0.0005382518886563256,0.00019531250291038305,0.0,0.0,4,9.481404237033404e-05,9.481404237033404e-05,1.0,in,l2sq,7824.456352710724
2026-05-16T00:02:53.085320,320,342300,140.88468490982106,140.88468490982106,43,0.24646739130434783,4.735,0.31,3,14,-0.0024353877262910384,0.8492060601711273,0.31218817830085754,0.0008451344233890261,0.001953125,0.0,0.0,4,9.479982050102545e-05,9.479982050102545e-05,1.0,in,l2sq,7849.719245672226
2026-05-16T00:03:14.558472,321,343342,153.94720087814324,147.41594289398216,42,0.24592391304347827,4.83,0.37,14,14,-0.001424774203133028,0.9388284236192703,0.2931278124451637,0.00017534870603413966,0.007031249930150807,0.0,0.0,4,9.478560100194941e-05,9.478560100194941e-05,1.0,in,l2sq,7871.192328453064
2026-05-16T00:03:39.250942,322,344362,126.39290861129763,126.39290861129763,42,0.24429347826086956,4.775,0.35,5,14,-0.002365821653802447,0.8474129140377045,0.3019535169005394,-0.00025557745320841513,0.002734375069849193,0.0,0.0,4,9.476664482960503e-05,9.476664482960503e-05,1.0,in,l2sq,7895.884881734848
2026-05-16T00:04:01.177567,323,345428,151.8236499609946,139.10827928614611,44,0.2440217391304348,4.68,0.35,14,14,-0.003831195982638702,0.9057528078556061,0.3186105117201805,0.003938183719401467,0.02578124962747097,0.0,0.0,4,9.475243006980906e-05,9.475243006980906e-05,1.0,in,l2sq,7917.811495304108
2026-05-16T00:04:26.613228,324,346444,127.99894637489278,127.99894637489278,45,0.24130434782608695,4.69,0.37,5,14,-0.0023984311541425662,0.9040457755327225,0.2800696790218353,0.0008031150845112731,0.006054687779396772,0.0,0.0,4,9.473821767906073e-05,9.473821767906073e-05,1.0,in,l2sq,7943.247140884399
2026-05-16T00:04:49.410099,325,347495,134.15274060726102,131.0758434910769,42,0.24293478260869567,4.695,0.39,14,14,-0.0032663912163117814,0.8917012065649033,0.288519024848938,0.0007940003022667841,0.00507812510477379,0.0,0.0,4,9.472400718326627e-05,9.472400718326627e-05,1.0,in,l2sq,7966.0440039634705
2026-05-16T00:05:16.781760,326,348573,130.89948127269741,130.89948127269741,40,0.23858695652173914,4.775,0.42,3,14,-0.002075958304339931,0.9342575296759605,0.2912435308098793,0.0034363781553565925,0.013281250256113708,0.0,0.0,4,9.470979905580882e-05,9.470979905580882e-05,1.0,in,l2sq,7993.4156935215
2026-05-16T00:05:39.087774,327,349604,239.56147836637552,185.23047981953647,57,0.24266304347826087,4.88,0.4,14,14,-0.002085352939320634,0.8790806606411934,0.292349498718977,0.0006755290820933402,0.00019531250291038305,0.0,0.0,4,9.469085804309564e-05,9.469085804309564e-05,1.0,in,l2sq,8015.721701383591
2026-05-16T00:06:06.279222,328,350680,118.48196772384631,118.48196772384631,47,0.2421195652173913,5.015,0.45,4,14,-0.0023785075580236015,0.8865330964326859,0.28204044699668884,0.0013767028293841244,0.003906250058207661,0.0,0.0,4,9.467665465112816e-05,9.467665465112816e-05,1.0,in,l2sq,8042.9131627082825
2026-05-16T00:06:29.072712,329,351743,107.45632569074608,112.9691467072962,38,0.24320652173913043,5.06,0.47,14,14,-0.0021769523860712126,0.9159521907567978,0.2819777950644493,1.8283854572587188e-05,0.004101562648429535,0.0,0.0,4,9.466245362631375e-05,9.466245362631375e-05,1.0,in,l2sq,8065.706605911255
2026-05-16T00:06:54.373912,330,352788,181.58393537712098,181.58393537712098,51,0.2451086956521739,5.085,0.39,4,14,-0.0019523445997038369,0.8618377670645714,0.2762160077691078,0.0015128672349874195,0.006250000282307155,0.0,0.0,4,9.464352208221304e-05,9.464352208221304e-05,1.0,in,l2sq,8091.007862091064
2026-05-16T00:07:15.975041,331,353837,212.67505040693322,197.1294928920271,49,0.24945652173913044,5.07,0.42,14,14,-0.002192029391881123,0.9166886955499649,0.3030121922492981,-0.0008828609006741317,0.003906250145519152,0.0,0.0,4,9.462932579052134e-05,9.462932579052134e-05,1.0,in,l2sq,8112.6089379787445
2026-05-16T00:07:40.758058,332,354863,174.95782156085963,174.95782156085963,52,0.25027173913043477,4.93,0.33,5,14,-0.0021361087114200594,0.8687050640583038,0.2691901884973049,-0.0004642703106128576,0.0015625000378349796,0.0,0.0,4,9.46151318647994e-05,9.46151318647994e-05,1.0,in,l2sq,8137.392023563385
2026-05-16T00:08:02.508983,333,355920,125.65412761354435,150.305974587202,41,0.24918478260869564,4.825,0.27,14,14,-0.0023605619557202084,0.88047706335783,0.27145373821258545,0.001748363927526947,0.004492187523283064,0.0,0.0,4,9.459620978457776e-05,9.459620978457776e-05,1.0,in,l2sq,8159.142896413803
2026-05-16T00:08:28.544845,334,357004,80.7583139700885,80.7583139700885,44,0.24864130434782608,4.925,0.33,4,14,-0.0012174785122625043,0.8763502985239029,0.2866438254714012,9.405893979352875e-06,0.0011718750465661287,0.0,0.0,4,9.458202058961242e-05,9.458202058961242e-05,1.0,in,l2sq,8185.178779602051
2026-05-16T00:08:48.283360,335,357972,132.33644106721843,106.54737751865346,42,0.24864130434782608,4.71,0.23,14,14,-0.0025280865200328906,0.8639356046915054,0.2897227928042412,0.0004806663089767238,0.002148437575669959,0.0,0.0,4,9.45678337594341e-05,9.45678337594341e-05,1.0,in,l2sq,8204.917269468307
2026-05-16T00:09:12.912799,336,359001,189.37865931224832,189.37865931224832,54,0.24782608695652175,4.62,0.26,5,14,-0.000983779149828501,0.8127321749925613,0.2806885987520218,-0.0005340023666576266,0.0003906250058207661,0.0,0.0,4,9.455364882080158e-05,9.455364882080158e-05,1.0,in,l2sq,8229.546713113785
2026-05-16T00:09:35.525797,337,360109,94.13038143682448,141.7545203745364,32,0.24320652173913043,4.72,0.33,14,14,-0.002663228728488287,0.8252624571323395,0.28448769450187683,0.0001899439592762675,0.0027343750261934474,0.0,0.0,4,9.45394662462467e-05,9.45394662462467e-05,1.0,in,l2sq,8252.159717321396
2026-05-16T00:10:01.329969,338,361190,169.34510289812042,169.34510289812042,54,0.24347826086956523,4.815,0.35,4,14,-0.002848690372775353,0.9105429872870445,0.29648156464099884,0.00040997893847818934,0.00917968773865141,0.0,0.0,4,9.452055929839211e-05,9.452055929839211e-05,1.0,in,l2sq,8277.963905096054
2026-05-16T00:10:22.315325,339,362221,221.26087380981508,195.30298835396775,47,0.24619565217391304,4.865,0.34,14,14,-0.0029361256049014184,0.7813026160001755,0.30215493589639664,0.0021607062712973857,0.005078125192085281,0.0,0.0,4,9.450638145081059e-05,9.450638145081059e-05,1.0,in,l2sq,8298.949260234833
2026-05-16T00:10:48.351571,340,363308,115.62997286224335,115.62997286224335,39,0.2451086956521739,4.825,0.39,2,14,-0.0034062175429426383,0.9139802753925323,0.301896084100008,0.00024807567306196765,0.005859375087311491,0.0,0.0,4,9.449220596612488e-05,9.449220596612488e-05,1.0,in,l2sq,8324.985497951508
2026-05-16T00:11:10.922516,341,364411,69.92729007816271,92.77863147020304,43,0.2453804347826087,4.78,0.42,14,14,-0.0029575771273813167,0.8508627340197563,0.2777930274605751,0.0021024958447014783,0.006445312479627319,0.0,0.0,4,9.44733084698537e-05,9.44733084698537e-05,1.0,in,l2sq,8347.556451320648
2026-05-16T00:11:36.668010,342,365486,57.4179916820523,57.4179916820523,29,0.2418478260869565,4.545,0.33,3,14,-0.0023854077300712317,0.9344252794981003,0.29384795576334,8.70492792728883e-06,0.008398437523283064,0.0,0.0,4,9.445441475289282e-05,9.445441475289282e-05,1.0,in,l2sq,8373.301945924759
2026-05-16T00:11:59.280063,343,366593,138.83647593784315,98.12723380994773,53,0.24429347826086956,4.515,0.42,14,14,-0.0020203933003357655,0.9337689727544785,0.29382073879241943,4.714720960230512e-05,0.0003906250058207661,0.0,0.0,4,9.444024682682773e-05,9.444024682682773e-05,1.0,in,l2sq,8395.91399359703
2026-05-16T00:12:24.940950,344,367667,149.06465686178214,149.06465686178214,48,0.2451086956521739,4.64,0.45,4,14,-0.0032295503726344765,0.8321168944239616,0.27729323878884315,0.0009985780174474324,0.008007812459254637,0.0,0.0,4,9.442608126200494e-05,9.442608126200494e-05,1.0,in,l2sq,8421.574897766113
2026-05-16T00:12:46.851382,345,368738,206.88316221046458,177.97390953612336,49,0.2470108695652174,4.6,0.34,14,14,-0.002542948361224262,0.8220128118991852,0.27752354368567467,0.0005331836790900962,0.0031250000465661287,0.0,0.0,4,9.440719699001336e-05,9.440719699001336e-05,1.0,in,l2sq,8443.485277891159
2026-05-16T00:13:11.447417,346,369764,133.35569157981854,133.35569157981854,45,0.2483695652173913,4.685,0.34,4,14,-0.002892266295384527,0.9022903591394424,0.2840474396944046,-0.0012476044188588498,0.0078125,0.0,0.0,4,9.439303614649465e-05,9.439303614649465e-05,1.0,in,l2sq,8468.081358909607
2026-05-16T00:13:33.759784,347,370856,192.007774041653,162.68173281073575,46,0.2453804347826087,4.75,0.28,14,14,-0.0016571574338740958,0.8799068629741669,0.28385985642671585,0.000689568552820638,0.00019531250291038305,0.0,0.0,4,9.437887766303786e-05,9.437887766303786e-05,1.0,in,l2sq,8490.39367723465
2026-05-16T00:13:59.032354,348,371914,164.02059077072155,164.02059077072155,39,0.24320652173913043,4.8,0.24,4,14,-0.0020890660918667092,0.7857108563184738,0.2924112565815449,0.00028369592223498894,0.007617187802679837,0.0,0.0,4,9.436000283129403e-05,9.436000283129403e-05,1.0,in,l2sq,8515.666301250458
2026-05-16T00:14:20.509456,349,372967,141.7532814502713,152.88693611049644,37,0.24293478260869567,4.93,0.32,14,14,-0.0013938077070636545,0.8838802576065063,0.2926943302154541,-0.0005392761128404922,0.0003906250058207661,0.0,0.0,4,9.434584906678115e-05,9.434584906678115e-05,1.0,in,l2sq,8537.143347978592
2026-05-16T00:14:47.225041,350,374022,143.95164494752885,143.95164494752885,37,0.2391304347826087,5.1,0.37,4,14,-0.002447199061862082,0.8001478910446167,0.2769795097410679,0.0014266491362576877,0.0015625000523868948,0.0,0.0,4,9.433169766115038e-05,9.433169766115038e-05,1.0,in,l2sq,8563.858981847763
2026-05-16T00:15:09.743458,351,375074,141.1302984623908,142.54097170495982,42,0.23722826086956522,5.06,0.37,14,14,-0.004037335596513036,0.8945081606507301,0.2817520685493946,-0.0002839305582711116,0.016210937465075403,0.0,0.0,4,9.431283226493512e-05,9.431283226493512e-05,1.0,in,l2sq,8586.377320051193
2026-05-16T00:15:35.993603,352,376141,154.14638098049153,154.14638098049153,45,0.23532608695652174,4.995,0.39,5,14,-0.001406577997840941,0.863143652677536,0.28214258700609207,0.0010282794989961985,0.00390625,0.0,0.0,4,9.429868557588924e-05,9.429868557588924e-05,1.0,in,l2sq,8612.627561569214
2026-05-16T00:15:59.542251,353,377240,97.25622201967178,125.70130150008166,38,0.23451086956521738,4.995,0.45,14,14,-0.0024955291677541958,0.8484571948647499,0.28607963770627975,0.0008978401840295108,0.0074218749068677425,0.0,0.0,4,9.428454124454629e-05,9.428454124454629e-05,1.0,in,l2sq,8636.176140785217
2026-05-16T00:16:26.049268,354,378328,97.60691919517495,97.60691919517495,40,0.23342391304347826,5.015,0.44,5,14,-0.0026586682186461597,0.9057181552052498,0.28862083703279495,0.0005604765081102178,0.006445312639698386,0.0,0.0,4,9.426568527914279e-05,9.426568527914279e-05,1.0,in,l2sq,8662.683220148087
2026-05-16T00:16:48.234134,355,379352,162.61855621719354,130.11273770618425,42,0.23342391304347826,4.855,0.43,14,14,-0.0018707268842264035,0.9542755335569382,0.2798510491847992,0.00018095574430387895,0.0003906250058207661,0.0,0.0,4,9.425154566202693e-05,9.425154566202693e-05,1.0,in,l2sq,8684.868040323257
2026-05-16T00:17:14.067938,356,380357,171.3410907144546,171.3410907144546,43,0.23043478260869565,4.815,0.45,2,14,-0.0021988444466843338,0.9083546698093414,0.274674903601408,0.00034096900049004203,0.0039062499708961695,0.0,0.0,4,9.423740840143535e-05,9.423740840143535e-05,1.0,in,l2sq,8710.70183300972
2026-05-16T00:17:36.954952,357,381438,198.7120820646292,185.02658638954188,52,0.2358695652173913,4.98,0.42,14,14,-0.0027748249820434,0.8453240245580673,0.25619734078645706,0.0006512256253699555,0.0031250000465661287,0.0,0.0,4,9.422327302578043e-05,9.422327302578043e-05,1.0,in,l2sq,8733.588865041733
2026-05-16T00:18:01.538749,358,382453,199.75833888340048,199.75833888340048,52,0.23532608695652174,4.975,0.41,4,14,-0.0016751431248847454,0.8492169380187988,0.26748406514525414,-0.0001713099414701047,0.005273437665891834,0.0,0.0,4,9.420914000594295e-05,9.420914000594295e-05,1.0,in,l2sq,8758.172710895538
2026-05-16T00:18:23.517784,359,383536,217.59191015911128,208.6751245212559,52,0.23668478260869566,5.115,0.47,14,14,-0.002957795964903198,0.8969418630003929,0.2703881599009037,0.0014380552303009386,0.0074218752852175385,0.0,0.0,4,9.419029912003315e-05,9.419029912003315e-05,1.0,in,l2sq,8780.151672363281
2026-05-16T00:18:47.959397,360,384563,169.31451725292197,169.31451725292197,50,0.23967391304347826,5.12,0.52,5,14,-0.0024162516405340506,0.8220056742429733,0.2728208303451538,-0.0007456960724994133,0.007812500232830644,0.0,0.0,4,9.417617081065266e-05,9.417617081065266e-05,1.0,in,l2sq,8804.59333372116
2026-05-16T00:19:09.866958,361,385629,186.05800729894597,177.68626227593398,45,0.24021739130434783,5.03,0.52,14,14,-0.0021466456411871615,0.8894480839371681,0.24769606813788414,0.002104513537960862,0.008789062791038305,0.0,0.0,4,9.416204485591192e-05,9.416204485591192e-05,1.0,in,l2sq,8826.500841617584
2026-05-16T00:19:35.170073,362,386681,227.82694737434443,227.82694737434443,48,0.2453804347826087,5.06,0.45,4,14,-0.0015536376442468747,0.8234696388244629,0.2467539869248867,0.0006428243223126654,0.0003906250058207661,0.0,0.0,4,9.414321338856118e-05,9.414321338856118e-05,1.0,in,l2sq,8851.80400276184
2026-05-16T00:19:57.441584,363,387771,183.29022141456582,205.55858439445512,48,0.2440217391304348,5.07,0.43,14,14,-0.0017702359793475009,0.836745023727417,0.2574503570795059,0.0005736546570915824,0.0,0.0,0.0,4,9.41290921419227e-05,9.41290921419227e-05,1.0,in,l2sq,8874.075464963913
2026-05-16T00:20:24.218790,364,388896,184.16882016229619,184.16882016229619,49,0.24429347826086956,5.385,0.43,6,14,-0.0025813011860008617,0.8855696395039558,0.2553190030157566,0.001334047376030878,0.003906250072759576,0.0,0.0,4,9.411497324874688e-05,9.411497324874688e-05,1.0,in,l2sq,8900.85272526741
2026-05-16T00:20:46.421952,365,389963,219.75202132749612,201.96042074489617,53,0.2453804347826087,5.34,0.49,14,14,-0.001903346936887873,0.9139238446950912,0.25271160155534744,0.0010913552488546058,0.002148437502910383,0.0,0.0,4,9.409615119524686e-05,9.409615119524686e-05,1.0,in,l2sq,8923.055881500244
2026-05-16T00:21:12.483311,366,391057,212.07454379701628,212.07454379701628,56,0.2483695652173913,5.26,0.5,6,14,-0.0013218544467236137,0.8237026929855347,0.2734745740890503,-0.0002746034017036131,0.0015625000523868948,0.0,0.0,4,9.407733290596931e-05,9.407733290596931e-05,1.0,in,l2sq,8949.117233037949
2026-05-16T00:21:33.441526,367,392079,187.29769559240341,199.68611969470984,50,0.24945652173913044,5.14,0.46,14,14,-0.0016587652586168566,0.8543839454650879,0.25077956169843674,0.0006532272223693791,0.0,0.0,0.0,4,9.406322154123852e-05,9.406322154123852e-05,1.0,in,l2sq,8970.075382709503
2026-05-16T00:22:00.073707,368,393171,161.65400345325466,161.65400345325466,54,0.2535326086956522,4.885,0.35,6,14,-0.0021128407090145185,0.8473455607891083,0.26820624619722366,0.0004889349662619141,0.0013671875494765118,0.0,0.0,4,9.404911252832343e-05,9.404911252832343e-05,1.0,in,l2sq,8996.707617044449
2026-05-16T00:22:22.588677,369,394254,163.68842458486532,162.67121401906,50,0.25706521739130433,4.965,0.26,14,14,-0.002317669682088297,0.8896835967898369,0.28385886922478676,0.00022614696626988007,0.003125000075669959,0.0,0.0,4,9.40303036463089e-05,9.40303036463089e-05,1.0,in,l2sq,9019.222551822662
2026-05-16T00:22:48.621981,370,395340,107.57554875469187,107.57554875469187,41,0.25815217391304346,4.99,0.31,9,14,-0.0029467322863636625,0.9154651761054993,0.2926793396472931,-0.00018825852594089865,0.007031250046566129,0.0,0.0,4,9.401619933584946e-05,9.401619933584946e-05,1.0,in,l2sq,9045.25590634346
2026-05-16T00:23:10.227915,371,396382,123.94077770900658,115.75816323184922,39,0.25733695652173916,4.955,0.33,14,14,-0.0019274026839411484,0.9015451818704605,0.28833140805363655,-3.551471275213547e-05,0.002734375011641532,0.0,0.0,4,9.400209737603009e-05,9.400209737603009e-05,1.0,in,l2sq,9066.861791849136
2026-05-16T00:23:35.158540,372,397415,96.72381418275774,96.72381418275774,42,0.2565217391304348,4.91,0.27,8,14,-0.003784199047368042,0.7830788642168045,0.297818586230278,0.002644618058002368,0.017187500139698386,0.0,0.0,4,9.398799729644068e-05,9.398799729644068e-05,1.0,in,l2sq,9091.792459487915
2026-05-16T00:23:56.912562,373,398464,144.11850453805909,120.42115936040841,38,0.2565217391304348,4.875,0.33,14,14,-0.0025497586029813446,0.9871592968702316,0.2805400565266609,0.0005695098674778042,0.011523437628056854,0.0,0.0,4,9.39738995667862e-05,9.39738995667862e-05,1.0,in,l2sq,9113.546419143677
2026-05-16T00:24:23.430051,374,399576,118.18863903427103,118.18863903427103,50,0.2592391304347826,5.015,0.35,10,14,-0.0014563884989911569,0.8157382383942604,0.26311803236603737,-0.00029370728025242265,0.0029296875291038305,0.0,0.0,4,9.395510572661184e-05,9.395510572661184e-05,1.0,in,l2sq,9140.064012527466
2026-05-16T00:24:44.899199,375,400616,125.86762634420391,122.02813268923748,48,0.2608695652173913,4.88,0.31,14,14,-0.0021193661057622992,0.8589476943016052,0.27175381034612656,-0.0007461588471414649,0.0003906250058207661,0.0,0.0,4,9.394101269565235e-05,9.394101269565235e-05,1.0,in,l2sq,9161.533087730408
2026-05-16T00:25:10.815545,376,401690,190.11475316953664,190.11475316953664,53,0.26358695652173914,4.99,0.29,6,14,-0.00465200386825021,0.8864130899310112,0.2776651233434677,0.002134824396091514,0.014648437674622983,0.0,0.0,4,9.392692201345306e-05,9.392692201345306e-05,1.0,in,l2sq,9187.449492692947
2026-05-16T00:25:32.699543,377,402743,161.21477557754534,175.664764373541,47,0.26222826086956524,5.32,0.27,14,14,-0.0037877057620789856,0.9271702766418457,0.26310054771602154,0.0012945490544097604,0.023242188108270057,0.0,0.0,4,9.390813756831958e-05,9.390813756831958e-05,1.0,in,l2sq,9209.333401203156
2026-05-16T00:25:58.794192,378,403815,258.7966841735844,258.7966841735844,60,0.2644021739130435,5.41,0.27,4,14,-0.001807498242123895,0.8630864322185516,0.2532987892627716,-0.00017729253177094229,0.003906250145519152,0.0,0.0,4,9.389405158246641e-05,9.389405158246641e-05,1.0,in,l2sq,9235.428135871887
2026-05-16T00:26:20.343339,379,404858,226.742809184075,242.76974667882973,51,0.26413043478260867,5.54,0.31,14,14,-0.0015868020578637676,0.8875744566321373,0.27383628487586975,0.0006996905108281049,0.004492187523283064,0.0,0.0,4,9.38799679441993e-05,9.38799679441993e-05,1.0,in,l2sq,9256.977257490158
2026-05-16T00:26:45.633389,380,405901,145.66904857540146,145.66904857540146,50,0.26413043478260867,5.39,0.33,4,14,-0.003414156351936981,0.8634849488735199,0.26363004744052887,0.0018134918226223595,0.004101562619325705,0.0,0.0,4,9.386119288941013e-05,9.386119288941013e-05,1.0,in,l2sq,9282.267317533493
2026-05-16T00:27:07.319251,381,406954,119.45034432649597,132.5596964509487,48,0.264945652173913,5.375,0.33,14,14,-0.0016414884332334179,0.8897697627544403,0.28325649350881577,0.002688908920026767,0.004687500011641532,0.0,0.0,4,9.384711394514145e-05,9.384711394514145e-05,1.0,in,l2sq,9303.953165054321
2026-05-16T00:27:32.854493,382,408007,213.58973394393965,213.58973394393965,50,0.2654891304347826,5.29,0.29,4,14,-0.0013353967226976682,0.9043387174606323,0.26041129976511,0.0003636367170202024,0.0023437500494765118,0.0,0.0,4,9.383303734728524e-05,9.383303734728524e-05,1.0,in,l2sq,9329.48839378357
2026-05-16T00:27:54.888885,383,409072,184.46138635778442,199.02556015086202,56,0.26766304347826086,5.23,0.36,14,14,-0.002407513895013827,0.7858042120933533,0.26826465874910355,0.0009141013112184612,0.002343750005820766,0.0,0.0,4,9.381427167814616e-05,9.381427167814616e-05,1.0,in,l2sq,9351.522800207138
2026-05-16T00:28:20.068403,384,410084,157.51273740100862,157.51273740100862,52,0.2684782608695652,5.32,0.44,6,14,-0.0031286039273254462,0.9492887705564499,0.2804180160164833,0.0011269771587194555,0.01171875,0.0,0.0,4,9.380019977194186e-05,9.380019977194186e-05,1.0,in,l2sq,9376.7023062706
2026-05-16T00:28:42.130406,385,411125,157.25775230073899,157.3852448508738,49,0.2673913043478261,5.16,0.42,14,14,-0.0021702092230043435,0.9284566938877106,0.28122181817889214,0.0002663862608187628,0.0007812500116415322,0.0,0.0,4,9.378613021097706e-05,9.378613021097706e-05,1.0,in,l2sq,9398.764299154282
2026-05-16T00:29:08.509171,386,412202,195.77405219316458,195.77405219316458,49,0.2654891304347826,5.185,0.47,3,14,-0.0019475795561447462,0.8286880180239677,0.27106600999832153,0.0020138899922471643,0.004687499982537702,0.0,0.0,4,9.376737392279618e-05,9.376737392279618e-05,1.0,in,l2sq,9425.143127918243
2026-05-16T00:29:30.467804,387,413233,145.25307708311092,170.51356463813775,51,0.2657608695652174,4.98,0.36,14,14,-0.0021915815508695147,1.0259977877140045,0.2730887159705162,0.0008193805000701326,0.0,0.0,0.0,4,9.375330905113792e-05,9.375330905113792e-05,1.0,in,l2sq,9447.101651191711
2026-05-16T00:29:57.024625,388,414307,168.1684357347487,168.1684357347487,47,0.2638586956521739,4.925,0.32,3,14,-0.002675246934813913,0.8641199246048927,0.27906472235918045,0.0003643636872311673,0.005078124930150807,0.0,0.0,4,9.37392465235468e-05,9.37392465235468e-05,1.0,in,l2sq,9473.658588409424
2026-05-16T00:30:18.656044,389,415364,157.70070973730122,162.93457273602496,52,0.2644021739130435,4.92,0.43,14,14,-0.002345373108983001,0.9037679880857468,0.3053000308573246,0.0005675166835089757,0.012500000259024091,0.0,0.0,4,9.372049961163455e-05,9.372049961163455e-05,1.0,in,l2sq,9495.28994512558
2026-05-16T00:30:44.153253,390,416427,153.22061521720877,153.22061521720877,48,0.266304347826087,4.695,0.39,3,14,-0.0031260743795428203,0.9353225976228714,0.2703839987516403,0.0020877051792013157,0.014062500325962901,0.0,0.0,4,9.370644177100576e-05,9.370644177100576e-05,1.0,in,l2sq,9520.787222146988
2026-05-16T00:31:05.881922,391,417489,138.71357614040394,145.96709567880634,49,0.26902173913043476,4.88,0.39,14,14,-0.002424015139695257,0.8415716513991356,0.27266284823417664,0.00015130633672698346,0.0025390625960426405,0.0,0.0,4,9.369238627327233e-05,9.369238627327233e-05,1.0,in,l2sq,9542.515833854675
2026-05-16T00:31:30.185336,392,418496,161.12128818178184,161.12128818178184,48,0.27065217391304347,4.81,0.36,3,14,-0.0017366975574987231,0.81014484167099,0.2508414536714554,-0.0006544052199387584,0.006249999918509275,0.0,0.0,4,9.367833264957402e-05,9.367833264957402e-05,1.0,in,l2sq,9566.819291591644
2026-05-16T00:31:51.464286,393,419537,131.24349619340856,146.1823921875952,43,0.2720108695652174,4.88,0.27,14,14,-0.002176500618952526,0.865434318780899,0.2738683372735977,0.000662181224242886,0.007031250235741027,0.0,0.0,4,9.366428136806825e-05,9.366428136806825e-05,1.0,in,l2sq,9588.098160743713
2026-05-16T00:32:17.144492,394,420608,152.1642408180233,152.1642408180233,44,0.2703804347826087,5.08,0.32,3,14,-0.0034630232265043803,0.8374141603708267,0.2951838821172714,0.0013080641449050717,0.008593750069849193,0.0,0.0,4,9.364554944843746e-05,9.364554944843746e-05,1.0,in,l2sq,9613.778444051743
2026-05-16T00:32:38.490791,395,421655,196.77023234128978,174.46723657965654,55,0.2722826086956522,5.085,0.28,14,14,-0.00257621861528623,0.8293603658676147,0.29579780995845795,0.0021025513888162095,0.02578125093714334,0.0,0.0,4,9.363150285014577e-05,9.363150285014577e-05,1.0,in,l2sq,9635.124692201614
2026-05-16T00:33:04.039191,396,422711,198.91576302289957,198.91576302289957,54,0.27255434782608695,5.195,0.27,6,14,-0.002104279457125824,0.8710903897881508,0.25422883965075016,0.0008694763158473839,0.0017578124825377017,0.0,0.0,4,9.361745859287577e-05,9.361745859287577e-05,1.0,in,l2sq,9660.673128604889
2026-05-16T00:33:26.366026,397,423790,190.53395844411875,194.72486073350916,45,0.2720108695652174,5.09,0.27,14,14,-0.0024136353560606505,0.850788488984108,0.2747950293123722,0.0009326230465603325,0.0037109374534338713,0.0,0.0,4,9.35987360373318e-05,9.35987360373318e-05,1.0,in,l2sq,9682.999965190887
2026-05-16T00:33:52.308704,398,424866,230.83229960394016,230.83229960394016,58,0.2714673913043478,5.125,0.26,4,14,-0.005233739630784662,0.8903070837259293,0.24823275953531265,0.0018385939862127984,0.012500000419095159,0.0,0.0,4,9.358469646093473e-05,9.358469646093473e-05,1.0,in,l2sq,9708.942625284195
2026-05-16T00:34:14.607703,399,425948,170.47137981748597,200.65183971071306,50,0.27119565217391306,5.21,0.33,14,14,-0.0016021216692024554,0.915172353386879,0.24674460850656033,0.0025598503803451024,0.012499999909778126,0.0,0.0,4,9.357065922438908e-05,9.357065922438908e-05,1.0,in,l2sq,9731.241640090942
2026-05-16T00:34:40.151071,400,426953,177.6196529035566,177.6196529035566,58,0.2733695652173913,5.11,0.35,9,14,-0.002169761860568442,0.7798835560679436,0.25282446295022964,0.0011612419515586309,0.0011718750174622983,0.0,0.0,4,9.35519460282508e-05,9.35519460282508e-05,1.0,in,l2sq,9756.784985303879
2026-05-16T00:35:01.257940,401,427988,185.07050286531458,181.3450778844356,52,0.27445652173913043,4.975,0.37,14,14,-0.001768154668388977,0.8062568753957748,0.24906624481081963,-5.69931602513174e-05,0.0042968750931322575,0.0,0.0,4,9.353791347023813e-05,9.353791347023813e-05,1.0,in,l2sq,9777.89185333252
2026-05-16T00:35:26.375554,402,429051,258.52130829858834,258.52130829858834,57,0.2763586956521739,4.78,0.31,11,14,-0.0016322307586960627,0.9236191585659981,0.23933378420770168,-0.00017401919112672304,0.0007812500261934474,0.0,0.0,4,9.352388325090715e-05,9.352388325090715e-05,1.0,in,l2sq,9803.009512662888
2026-05-16T00:35:47.986371,403,430102,151.50478608512898,205.01304719185867,49,0.27445652173913043,4.625,0.25,14,14,-0.0022429300690418597,0.8484656289219856,0.2589489258825779,0.001729165781625852,0.005468750241561793,0.0,0.0,4,9.350517940949581e-05,9.350517940949581e-05,1.0,in,l2sq,9824.620240211487
2026-05-16T00:36:14.073406,404,431192,157.24697103357303,157.24697103357303,47,0.27309782608695654,4.775,0.26,8,14,-0.0009502828354015502,0.8997320979833603,0.2546048015356064,0.0004111176383958526,0.003515625139698386,0.0,0.0,4,9.349115386635903e-05,9.349115386635903e-05,1.0,in,l2sq,9850.707348585129
2026-05-16T00:36:35.808115,405,432227,174.01931299352665,165.63314201354984,49,0.27309782608695654,4.915,0.3,14,14,-0.001662875028341726,0.8338819593191147,0.2551417760550976,1.3007162181111198e-05,0.0007812500116415322,0.0,0.0,4,9.347713066073485e-05,9.347713066073485e-05,1.0,in,l2sq,9872.44202208519
2026-05-16T00:37:02.521205,406,433316,110.80819155216189,110.80819155216189,44,0.2717391304347826,4.945,0.35,10,14,-0.0023012584599201302,0.8561511039733887,0.25714172795414925,6.796700836309011e-06,0.006835937674622983,0.0,0.0,4,9.345843616937401e-05,9.345843616937401e-05,1.0,in,l2sq,9899.155125141144
2026-05-16T00:37:24.479595,407,434372,133.82501312780335,122.31660233998261,48,0.27092391304347824,4.93,0.43,14,14,-0.001830733657698147,0.8793380111455917,0.23645202070474625,-0.0013982589754960029,0.003515625052386895,0.0,0.0,4,9.344441763760638e-05,9.344441763760638e-05,1.0,in,l2sq,9921.11353111267
2026-05-16T00:37:50.658054,408,435432,182.12138562250172,182.12138562250172,40,0.26902173913043476,4.89,0.4,12,14,-0.0028381005104165524,0.8307011500000954,0.252245107665658,-0.00013637375795957918,0.0037109375989530236,0.0,0.0,4,9.343040144218283e-05,9.343040144218283e-05,1.0,in,l2sq,9947.291987895966
2026-05-16T00:38:11.806770,409,436423,222.31152428483983,202.2164549536708,59,0.27092391304347824,4.985,0.39,14,14,-0.004089292103890418,0.8058585971593857,0.23850632458925247,0.0034325088884543664,0.014453124953433871,0.0,0.0,4,9.341638711555419e-05,9.341638711555419e-05,1.0,in,l2sq,9968.440694570541
2026-05-16T00:38:36.221650,410,437435,238.88040982341792,238.88040982341792,63,0.275,4.995,0.37,10,14,-0.0024912362408941457,0.9171445742249489,0.25600842759013176,0.000219397394630505,0.015429687904543243,0.0,0.0,4,9.34023751245688e-05,9.34023751245688e-05,1.0,in,l2sq,9992.855582237244
2026-05-16T00:38:56.932924,411,438437,209.81014323854475,224.34527653098132,52,0.2758152173913043,5.03,0.39,14,14,-0.0020583879333571087,0.8749520778656006,0.23966100625693798,-0.0008488543651992697,0.004882812558207661,0.0,0.0,4,9.338369558356764e-05,9.338369558356764e-05,1.0,in,l2sq,10013.566859960556
2026-05-16T00:39:23.238828,412,439503,189.67124853563323,189.67124853563323,52,0.2769021739130435,5.0,0.47,8,14,-0.001897869317326606,0.9307386875152588,0.2538440376520157,0.000315453411349198,0.005859375232830644,0.0,0.0,4,9.336968826270103e-05,9.336968826270103e-05,1.0,in,l2sq,10039.872741222382
2026-05-16T00:39:45.630680,413,440534,206.79203518486037,198.23164186024678,54,0.2798913043478261,4.765,0.37,14,14,-0.002156430496688677,0.8665324226021767,0.2470423113554716,0.00015405017755938666,0.00019531250291038305,0.0,0.0,4,9.335568327631006e-05,9.335568327631006e-05,1.0,in,l2sq,10062.264608860016
2026-05-16T00:40:11.895038,414,441572,194.92662490558624,194.92662490558624,47,0.2807065217391304,4.81,0.37,9,14,-0.003482214332325373,0.807754784822464,0.2558002322912216,0.0003956611632020268,0.007421875139698386,0.0,0.0,4,9.334168015721949e-05,9.334168015721949e-05,1.0,in,l2sq,10088.528979063034
2026-05-16T00:40:33.773400,415,442631,203.34876377820962,199.13769434189794,53,0.2801630434782609,4.785,0.27,14,14,-0.0031396583384775134,0.9166646599769592,0.2534643020480871,-0.00022274049179027422,0.01035156259604264,0.0,0.0,4,9.332767937190431e-05,9.332767937190431e-05,1.0,in,l2sq,10110.407263040543
2026-05-16T00:40:58.861636,416,443669,76.91034360122636,76.91034360122636,37,0.27554347826086956,4.95,0.26,6,14,-0.0017305672452493925,0.814986914396286,0.25082293152809143,0.0019544823380726745,0.009179687825962901,0.0,0.0,4,9.33090147693067e-05,9.33090147693067e-05,1.0,in,l2sq,10135.495584964752
2026-05-16T00:41:21.053295,417,444745,203.54800229930888,140.2291729502676,48,0.2763586956521739,5.0,0.24,14,14,-0.0018719136918662338,1.0007621496915817,0.23974773660302162,0.0015682622670283308,0.0011718750465661287,0.0,0.0,4,9.329501865037552e-05,9.329501865037552e-05,1.0,in,l2sq,10157.687184095383
2026-05-16T00:41:46.037639,418,445782,222.07923059082037,222.07923059082037,54,0.2752717391304348,4.93,0.27,6,14,-0.0029396290337900255,0.8345385044813156,0.2506168857216835,0.0015776035769249908,0.005664062453433871,0.0,0.0,4,9.328102486405305e-05,9.328102486405305e-05,1.0,in,l2sq,10182.671598672867
2026-05-16T00:42:08.800493,419,446876,250.0569279203419,236.06807925558115,51,0.27554347826086956,4.855,0.3,14,14,-0.0022170290380017776,0.7835629358887672,0.24427251517772675,0.0019284185704009499,0.0064453127852175385,0.0,0.0,4,9.32623695918905e-05,9.32623695918905e-05,1.0,in,l2sq,10205.434394598007
2026-05-16T00:42:35.953088,420,448000,212.48177530431778,212.48177530431778,48,0.2728260869565217,4.915,0.29,4,14,-0.002036836401384773,0.793512299656868,0.24860791489481926,0.0014056782784791742,0.006250000064028427,0.0,0.0,4,9.324371805059583e-05,9.324371805059583e-05,1.0,in,l2sq,10232.58701634407
2026-05-16T00:42:58.381674,421,449055,198.12262782669129,205.30220156550453,47,0.2714673913043478,4.965,0.35,14,14,-0.0011885680578416213,0.8206138908863068,0.2502967640757561,5.2589026927313265e-05,0.0003906250058207661,0.0,0.0,4,9.32297317260092e-05,9.32297317260092e-05,1.0,in,l2sq,10255.015513658524
2026-05-16T00:43:25.490870,422,450122,190.42043762016303,190.42043762016303,48,0.26902173913043476,5.065,0.32,8,14,-0.002615294267889201,0.8967699036002159,0.273995041847229,0.0012502915255936387,0.0033203125494765118,0.0,0.0,4,9.321574773239896e-05,9.321574773239896e-05,1.0,in,l2sq,10282.124752521515
2026-05-16T00:43:47.516292,423,451138,230.3036896705632,210.3620636453631,52,0.2698369565217391,5.205,0.3,14,14,-0.0018202022125478612,0.991371750831604,0.2536374628543854,0.0006992788509705972,0.0027343749534338713,0.0,0.0,4,9.320176560329012e-05,9.320176560329012e-05,1.0,in,l2sq,10304.150164604187
2026-05-16T00:44:14.701831,424,452209,119.40112582349764,119.40112582349764,49,0.2703804347826087,5.33,0.35,7,14,-0.0013940669792645854,0.9209587872028351,0.25565850734710693,0.0003225561104954755,0.001757812569849193,0.0,0.0,4,9.318778580445845e-05,9.318778580445845e-05,1.0,in,l2sq,10331.335733890533
2026-05-16T00:44:38.290656,425,453295,226.64544617509947,173.02328599929854,53,0.2714673913043478,5.33,0.36,14,14,-0.0021144649435882457,0.8684294670820236,0.24665441177785397,0.0005432127303038603,0.001757812569849193,0.0,0.0,4,9.316914917917543e-05,9.316914917917543e-05,1.0,in,l2sq,10354.924508094788
2026-05-16T00:45:04.576108,426,454342,159.37784243154528,159.37784243154528,40,0.2703804347826087,5.345,0.43,9,14,-0.000973989797057595,0.8491403311491013,0.25565246492624283,0.00014264221867960059,0.0,0.0,0.0,4,9.315517403973306e-05,9.315517403973306e-05,1.0,in,l2sq,10381.210040569305
2026-05-16T00:45:26.248482,427,455347,167.4550723996164,163.41645741558085,43,0.26902173913043476,5.26,0.45,14,14,-0.003611003395053547,0.8095039054751396,0.24500956572592258,0.0011918628696548916,0.014453125419095159,0.0,0.0,4,9.314120122940297e-05,9.314120122940297e-05,1.0,in,l2sq,10402.882367610931
2026-05-16T00:45:52.172507,428,456377,171.07980006837886,171.07980006837886,42,0.26956521739130435,5.33,0.47,9,14,-0.0020560145363560656,0.8154702559113503,0.24750298634171486,0.00010526916458386548,0.0033203125785803422,0.0,0.0,4,9.312257392056912e-05,9.312257392056912e-05,1.0,in,l2sq,10428.806411743164
2026-05-16T00:46:13.750464,429,457376,128.17265276861173,149.6262264184953,43,0.26521739130434785,5.19,0.45,14,14,-0.0012271881456400457,0.9521118700504303,0.26592130959033966,0.0015800741146449748,0.0003906250058207661,0.0,0.0,4,9.31086057672991e-05,9.31086057672991e-05,1.0,in,l2sq,10450.38437628746
2026-05-16T00:46:38.697760,430,458351,265.1691582508089,265.1691582508089,62,0.264945652173913,4.99,0.37,10,14,-0.0018959567583806125,0.8751955181360245,0.25865311920642853,0.0009570401279916027,0.0023437500931322575,0.0,0.0,4,9.309463994197704e-05,9.309463994197704e-05,1.0,in,l2sq,10475.331701278687
2026-05-16T00:47:00.487208,431,459408,122.83880259275404,194.00398042178148,45,0.26304347826086955,5.015,0.4,14,14,-0.00339273814461194,0.859977975487709,0.258403979241848,0.0021829825724125757,0.005859375291038305,0.0,0.0,4,9.308067597873398e-05,9.308067597873398e-05,1.0,in,l2sq,10497.121105909348
2026-05-16T00:47:26.549813,432,460494,179.78110882139217,179.78110882139217,52,0.26304347826086955,4.925,0.37,10,14,-0.001811799440474715,0.8665682300925255,0.2268601879477501,0.0006634958759377529,0.005859375232830644,0.0,0.0,4,9.306671434274055e-05,9.306671434274055e-05,1.0,in,l2sq,10523.183775424957
2026-05-16T00:47:48.406303,433,461555,174.49310494041433,177.13710688090325,49,0.26168478260869565,5.055,0.36,14,14,-0.002398404310224589,0.8890488296747208,0.24058455973863602,0.000778864169524246,0.002343749991268851,0.0,0.0,4,9.304810193053914e-05,9.304810193053914e-05,1.0,in,l2sq,10545.040172576904
2026-05-16T00:48:14.420604,434,462643,189.6367472176554,189.6367472176554,56,0.26413043478260867,5.205,0.38,11,14,-0.0009943589913745665,0.9018270671367645,0.23716632276773453,0.0009503423173555237,0.0,0.0,0.0,4,9.303414494788145e-05,9.303414494788145e-05,1.0,in,l2sq,10571.054568767548
2026-05-16T00:48:36.270843,435,463680,147.9535494351385,168.79514832639694,46,0.26222826086956524,4.92,0.28,14,14,-0.002547850867267748,0.8578125685453415,0.25112301483750343,0.0006609504928064835,0.0023437500494765118,0.0,0.0,4,9.302019029131e-05,9.302019029131e-05,1.0,in,l2sq,10592.90136885643
2026-05-16T00:49:02.088320,436,464741,138.84263291501946,138.84263291501946,42,0.26358695652173914,4.8,0.28,11,14,-0.002679699694272175,0.8587257117033005,0.26929156109690666,0.001306363842559288,0.006445312581490725,0.0,0.0,4,9.300158718345363e-05,9.300158718345363e-05,1.0,in,l2sq,10618.722217798233
2026-05-16T00:49:24.132253,437,465806,186.99071930551594,162.9166761102677,49,0.2638586956521739,4.935,0.28,14,14,-0.0014922857502823739,0.8515283316373825,0.25639887154102325,-0.00029632074663366037,0.0011718750465661287,0.0,0.0,4,9.298763717789172e-05,9.298763717789172e-05,1.0,in,l2sq,10640.766116380692
2026-05-16T00:49:50.660349,438,466914,183.8847680435179,183.8847680435179,52,0.26331521739130437,5.09,0.28,11,14,-0.0023669158908887766,0.9317590296268463,0.23600535467267036,0.001022078179812532,0.002343750005820766,0.0,0.0,4,9.297368949725322e-05,9.297368949725322e-05,1.0,in,l2sq,10667.294228553772
2026-05-16T00:50:12.667976,439,467977,136.25772810602174,160.0712480747698,47,0.26222826086956524,5.14,0.31,14,14,-0.003047646407503657,0.8637323975563049,0.25346245616674423,0.0011293436919913788,0.005859375232830644,0.0,0.0,4,9.295509568909066e-05,9.295509568909066e-05,1.0,in,l2sq,10689.301656723022
2026-05-16T00:50:37.306945,440,468999,159.90581879997228,159.90581879997228,52,0.26331521739130437,5.495,0.34,13,14,-0.002083914758986838,0.8940850496292114,0.2322065643966198,0.0006291162885645463,0.0023437500931322575,0.0,0.0,4,9.294115265713668e-05,9.294115265713668e-05,1.0,in,l2sq,10713.940875053406
2026-05-16T00:50:58.829652,441,470032,213.69827095556226,186.8020448777673,56,0.2657608695652174,5.355,0.35,14,14,-0.0019177753115400265,0.8115473985671997,0.2420976497232914,0.0009058390994823931,0.010546874953433871,0.0,0.0,4,9.292721194894387e-05,9.292721194894387e-05,1.0,in,l2sq,10735.463516712189
2026-05-16T00:51:26.283655,442,471133,158.12508599758098,158.12508599758098,40,0.26358695652173914,5.455,0.37,11,14,-0.00250245266070126,0.7399165779352188,0.24301313795149326,0.001230243737609299,0.0031250000465661287,0.0,0.0,4,9.29086274358262e-05,9.29086274358262e-05,1.0,in,l2sq,10762.91754937172
2026-05-16T00:51:48.362771,443,472159,219.79624576091834,188.96066587924966,59,0.2654891304347826,5.605,0.34,14,14,-0.003533309698104947,0.891590341925621,0.21673418581485748,0.002251879971117865,0.003906250145519152,0.0,0.0,4,9.289469137399401e-05,9.289469137399401e-05,1.0,in,l2sq,10784.9966776371
2026-05-16T00:52:13.868773,444,473173,226.075901771069,226.075901771069,54,0.2668478260869565,5.48,0.31,10,14,-0.002356779997353453,0.8889172449707985,0.2364232838153839,0.0012236315038876566,0.00527343743306119,0.0,0.0,4,9.288075763476137e-05,9.288075763476137e-05,1.0,in,l2sq,10810.502685546875
2026-05-16T00:52:36.404371,445,474222,138.20958703470237,182.14274440288568,45,0.26467391304347826,5.39,0.3,14,14,-0.0033899352594744525,0.7610220462083817,0.23256108164787292,0.001820367761683886,0.010546875419095159,0.0,0.0,4,9.286682575332966e-05,9.286682575332966e-05,1.0,in,l2sq,10833.038261651993
2026-05-16T00:53:01.908255,446,475238,244.01391753006016,244.01391753006016,53,0.26820652173913045,5.13,0.27,11,14,-0.0018116207771526893,0.8604597225785255,0.23901252076029778,2.8179469131861534e-05,0.001953125,0.0,0.0,4,9.28528961938008e-05,9.28528961938008e-05,1.0,in,l2sq,10858.542209386826
2026-05-16T00:53:24.447826,447,476283,160.87013783407207,202.4420276820661,52,0.27065217391304347,4.905,0.34,14,14,-0.002703838636079925,0.872662253677845,0.25937342271208763,0.0015555030191081176,0.012304687697906047,0.0,0.0,4,9.283432654309099e-05,9.283432654309099e-05,1.0,in,l2sq,10881.081705331802
2026-05-16T00:53:51.066302,448,477352,232.67448909664182,232.67448909664182,60,0.27554347826086956,4.94,0.29,8,14,-0.0018066585442284566,0.8271912336349487,0.2339216135442257,0.0011613593165748226,0.007421875139698386,0.0,0.0,4,9.282040162620695e-05,9.282040162620695e-05,1.0,in,l2sq,10907.700251340866
2026-05-16T00:54:12.300834,449,478377,227.64575548362737,230.1601222901346,56,0.27907608695652175,5.19,0.34,14,14,-0.0018549906089902063,0.8687000572681427,0.2380407452583313,0.0007801308966122744,0.0015625000232830644,0.0,0.0,4,9.280647903006504e-05,9.280647903006504e-05,1.0,in,l2sq,10928.934727191925
2026-05-16T00:54:39.455430,450,479449,247.20330254697808,247.20330254697808,52,0.2763586956521739,5.245,0.36,6,14,-0.0014829065978119726,0.8045197129249573,0.21814185194671154,0.0007129763426519248,0.0003906250058207661,0.0,0.0,4,9.278791866232382e-05,9.278791866232382e-05,1.0,in,l2sq,10956.089342594147
2026-05-16T00:54:50.825690,451,480001,65.66650673866232,156.4349046428202,21,0.2698369565217391,5.305,0.36,14,14,-0.00012379736072043457,0.9237392246723175,0.253610223531723,-0.00051968060288346,0.0,0.0,0.0,4,9.277400070650586e-05,9.277400070650586e-05,1.0,in,l2sq,10967.459636688232
