timestamp,episode,time_step,current_ep_reward,rolling_avg_reward,episode_successes,rolling_success_ratio,avg_steps_recent,avg_deviation_recent,val_success,best_val_success,policy_loss,value_loss,entropy,approx_kl,clip_fraction,oracle_bc_loss,sil_loss,update_epochs_ran,actor_lr,critic_lr,reward_factor,reward_mode,progress_metric,elapsed_sec
2026-05-20T06:52:26.457359,0,1090,-884.0,-884.0,16,0.08695652173913043,2.375,1.0,3,3,-0.00571596027584742,1.014062076807022,1.1393778920173645,0.0017868784605525427,0.0,0.0,0.0,4,9.999000000000001e-05,9.999000000000001e-05,1.0,ex,l2sq,62.93327069282532
2026-05-20T06:53:00.074270,1,2196,-893.0,-888.5,21,0.10054347826086957,2.6216216216216215,1.027027027027027,3,3,-0.002414064176264219,1.0102546215057373,1.1537213176488876,0.0003541631060215867,0.0,0.0,0.0,4,9.997500199995001e-05,9.997500199995001e-05,1.0,ex,l2sq,96.61116933822632
2026-05-20T06:53:55.425263,2,3360,-927.0,-927.0,17,0.09782608695652174,2.888888888888889,1.0740740740740742,5,5,-0.0024262763705337753,0.9757404252886772,1.12710502743721,-0.000256486291186775,0.0,0.0,0.0,4,9.995500799930005e-05,9.995500799930005e-05,1.0,ex,l2sq,151.96189260482788
2026-05-20T06:54:29.552532,3,4489,-872.0,-899.5,21,0.10190217391304347,3.013333333333333,1.1466666666666667,5,5,-0.0010546418030571991,1.026825100183487,1.1155758947134018,0.0003317902406024635,0.0,0.0,0.0,4,9.993501799725028e-05,9.993501799725028e-05,1.0,ex,l2sq,186.0894513130188
2026-05-20T06:55:05.878011,4,5559,-859.0,-859.0,21,0.10434782608695652,3.0729166666666665,1.1875,4,5,-0.0010535970446654552,0.9818417876958847,1.1042424440383911,2.418958683858552e-06,0.0,0.0,0.0,4,9.992002799440073e-05,9.992002799440073e-05,1.0,ex,l2sq,222.4150002002716
2026-05-20T06:55:39.600607,5,6685,-900.0,-879.5,16,0.10144927536231885,3.3035714285714284,1.25,5,5,-0.0011596136180742067,1.0267926305532455,1.0933569818735123,-0.00011408282443881035,0.0,0.0,0.0,4,9.990504048980171e-05,9.990504048980171e-05,1.0,ex,l2sq,256.13750648498535
2026-05-20T06:56:25.357777,6,7839,-908.0,-908.0,22,0.10403726708074534,3.3955223880597014,1.328358208955224,5,5,-0.0016569169718422955,1.01827272772789,1.1023441404104233,0.0005470640924613752,0.0,0.0,0.0,4,9.988506048075416e-05,9.988506048075416e-05,1.0,ex,l2sq,301.8945095539093
2026-05-20T06:56:57.374581,7,8918,-821.0,-864.5,22,0.10597826086956522,3.467948717948718,1.3333333333333333,5,5,-0.0011893704737303556,0.971720889210701,1.0987798273563385,0.0010321379959350452,0.0,0.0,0.0,4,9.987007797140718e-05,9.987007797140718e-05,1.0,ex,l2sq,333.91154623031616
2026-05-20T06:57:46.759709,8,10016,-848.0,-848.0,24,0.10869565217391304,3.466666666666667,1.3333333333333333,5,5,-0.0018320272371055157,1.005756862461567,1.0713515728712082,0.000781089132942725,0.0,0.0,0.0,4,9.985509795906185e-05,9.985509795906185e-05,1.0,ex,l2sq,383.29641795158386
2026-05-20T06:58:17.751034,9,11052,-794.0,-821.0,22,0.10978260869565218,3.41,1.32,5,5,-0.0013458319168421218,1.0002706497907639,1.0885083228349686,0.0002099903919998286,0.0,0.0,0.0,4,9.983512793802104e-05,9.983512793802104e-05,1.0,ex,l2sq,414.2879853248596
2026-05-20T06:59:00.323876,10,12118,-761.0,-761.0,27,0.11314229249011858,3.66,1.39,5,5,-0.0019866704824380577,1.0129337310791016,1.0970176756381989,0.00017571378939465476,0.0,0.0,0.0,4,9.982015291843063e-05,9.982015291843063e-05,1.0,ex,l2sq,456.8606700897217
2026-05-20T06:59:33.487362,11,13233,-816.0,-788.5,23,0.11413043478260869,3.6,1.27,5,5,-0.001496139582013667,1.000485546886921,1.0761415511369705,0.0006181484037369928,0.0,0.0,0.0,4,9.980518039459364e-05,9.980518039459364e-05,1.0,ex,l2sq,490.0243148803711
2026-05-20T07:00:16.230968,12,14282,-738.0,-738.0,29,0.11747491638795987,3.57,1.17,6,6,-0.0018826723317033611,0.9737177714705467,1.0472367852926254,-0.00016386395727753175,0.0,0.0,0.0,4,9.978522035656652e-05,9.978522035656652e-05,1.0,ex,l2sq,532.7677178382874
2026-05-20T07:00:49.378761,13,15396,-837.0,-787.5,21,0.1172360248447205,3.625,1.14,6,6,-0.0019352268776856585,0.9763122871518135,1.0191205888986588,-1.937991760311321e-05,0.0,0.0,0.0,4,9.976526431034742e-05,9.976526431034742e-05,1.0,ex,l2sq,565.915688753128
2026-05-20T07:01:25.724519,14,16483,-814.0,-814.0,19,0.11630434782608695,3.585,1.06,5,6,-0.001659423168166585,0.991531103849411,0.9991631656885147,-0.00011339114826114383,0.0,0.0,0.0,4,9.97502997701265e-05,9.97502997701265e-05,1.0,ex,l2sq,602.2615087032318
2026-05-20T07:01:56.943929,15,17538,-765.0,-789.5,24,0.1171875,3.415,0.92,6,6,-0.001981341707869455,0.995734304189682,0.9840791150927544,-0.0005517601988685866,0.0,0.0,0.0,4,9.973533772391248e-05,9.973533772391248e-05,1.0,ex,l2sq,633.4808466434479
2026-05-20T07:02:32.319179,16,18606,-754.0,-754.0,24,0.11796675191815857,3.495,0.9,4,6,-0.002116688390378818,0.9738047942519188,0.9954961240291595,0.00017567877838470247,0.0,0.0,0.0,4,9.971539165372108e-05,9.971539165372108e-05,1.0,ex,l2sq,668.8561742305756
2026-05-20T07:03:04.045843,17,19678,-799.0,-776.5,21,0.11775362318840579,3.58,0.91,6,6,-0.0006664067761448234,0.9783375114202499,0.9663257151842117,0.00013166342914702756,0.0,0.0,0.0,4,9.970043459427396e-05,9.970043459427396e-05,1.0,ex,l2sq,700.5827436447144
2026-05-20T07:03:42.463877,18,20792,-803.0,-803.0,29,0.1198512585812357,3.535,0.8,5,6,-0.0012900408582936507,1.017068088054657,0.962379589676857,-0.00036368572610856464,0.0,0.0,0.0,4,9.968548002758701e-05,9.968548002758701e-05,1.0,ex,l2sq,739.0008358955383
2026-05-20T07:04:17.251207,19,21922,-811.0,-807.0,27,0.12119565217391304,3.7,0.96,6,6,-0.00272672906430671,1.0017745271325111,0.981842577457428,0.0005382224502682234,0.0,0.0,0.0,4,9.966554392843628e-05,9.966554392843628e-05,1.0,ex,l2sq,773.7881410121918
2026-05-20T07:04:54.204487,20,22957,-665.0,-665.0,36,0.1266304347826087,3.82,0.96,4,6,-0.00020891129861411173,0.9577445834875107,0.9525700360536575,0.001262959855375806,0.0,0.0,0.0,4,9.965059434602333e-05,9.965059434602333e-05,1.0,ex,l2sq,810.7414305210114
2026-05-20T07:05:26.703678,21,24043,-763.0,-714.0,27,0.1282608695652174,3.79,0.99,6,6,-0.0011263169413723573,0.999447226524353,0.9344486594200134,-0.00016021197825466515,0.0,0.0,0.0,4,9.96356472551244e-05,9.96356472551244e-05,1.0,ex,l2sq,843.2406256198883
2026-05-20T07:06:05.345577,22,25110,-783.0,-783.0,28,0.13125,3.855,1.02,5,6,-0.0016015885574234279,1.0281909108161926,0.917559303343296,0.0007944075994601105,0.0,0.0,0.0,4,9.961572112202985e-05,9.961572112202985e-05,1.0,ex,l2sq,881.8825619220734
2026-05-20T07:06:37.033881,23,26184,-793.0,-788.0,19,0.13070652173913044,3.885,1.0,6,6,-0.0021243214781860864,0.9996040016412735,0.8904754519462585,0.0005276632931782155,0.0,0.0,0.0,4,9.960077901291331e-05,9.960077901291331e-05,1.0,ex,l2sq,913.5708284378052
2026-05-20T07:07:17.335539,24,27305,-797.0,-797.0,30,0.1331521739130435,4.04,0.98,4,6,-0.0015519004744418696,0.998695395886898,0.8665582612156868,3.5156937519820186e-05,0.0,0.0,0.0,4,9.958583939406527e-05,9.958583939406527e-05,1.0,ex,l2sq,953.8724875450134
2026-05-20T07:07:48.676695,25,28378,-756.0,-776.5,29,0.13668478260869565,4.045,0.92,6,6,-0.0017060563550330698,0.9900820776820183,0.8383871912956238,-0.00048690755002098185,0.0,0.0,0.0,4,9.956592322204485e-05,9.956592322204485e-05,1.0,ex,l2sq,985.2135927677155
2026-05-20T07:08:29.148791,26,29504,-877.0,-877.0,21,0.13641304347826086,4.105,0.83,4,6,-0.0015722852534963694,0.9733758866786957,0.8106627091765404,-0.00038950056577958733,0.0,0.0,0.0,4,9.954601103305968e-05,9.954601103305968e-05,1.0,ex,l2sq,1025.6857550144196
2026-05-20T07:09:00.782122,27,30576,-724.0,-800.5,32,0.1391304347826087,4.25,0.85,6,6,-0.0003648729922133276,0.9317809492349625,0.7985574156045914,-0.0001785038686648449,0.0,0.0,0.0,4,9.95310793802822e-05,9.95310793802822e-05,1.0,ex,l2sq,1057.3190093040466
2026-05-20T07:09:46.269441,28,31633,-777.0,-777.0,28,0.14021739130434782,4.135,0.76,6,6,-0.0009647052800573763,0.9725246429443359,0.8044635355472565,-0.00038787367266197024,0.0,0.0,0.0,4,9.951615021603055e-05,9.951615021603055e-05,1.0,ex,l2sq,1102.8061480522156
2026-05-20T07:10:19.121784,29,32745,-767.0,-772.0,25,0.14103260869565218,4.265,0.74,6,6,-0.0021884817950195146,0.9515164941549301,0.8297210335731506,0.0002599009567347821,0.0,0.0,0.0,4,9.949624798114885e-05,9.949624798114885e-05,1.0,ex,l2sq,1135.658711194992
2026-05-20T07:11:04.194456,30,33782,-737.0,-737.0,30,0.14184782608695654,4.19,0.69,6,6,-0.0015566647198284045,0.9626483917236328,0.8693036139011383,0.0009282060287660321,0.0003906250058207661,0.0,0.0,4,9.948132379270474e-05,9.948132379270474e-05,1.0,ex,l2sq,1180.7311656475067
2026-05-20T07:11:35.533474,31,34857,-741.0,-739.0,32,0.14429347826086958,4.025,0.59,6,6,-0.0019929967151255945,0.9510051906108856,0.890404999256134,-0.00017161811756516432,0.0,0.0,0.0,4,9.946640209154246e-05,9.946640209154246e-05,1.0,ex,l2sq,1212.0703794956207
2026-05-20T07:12:28.380723,32,35947,-743.0,-743.0,25,0.14320652173913043,4.055,0.55,6,6,-0.0010273590960423462,0.940437912940979,0.9190695062279701,0.0020508749526925163,0.0,0.0,0.0,4,9.944650980578818e-05,9.944650980578818e-05,1.0,ex,l2sq,1264.9175012111664
2026-05-20T07:13:03.095916,33,37070,-853.0,-798.0,24,0.14402173913043478,3.915,0.59,6,6,-0.0010782711149658897,1.0265430212020874,0.9025871306657791,-0.00018348111334490214,0.0,0.0,0.0,4,9.943159307794602e-05,9.943159307794602e-05,1.0,ex,l2sq,1299.6328585147858
2026-05-20T07:13:49.908123,34,38174,-812.0,-812.0,26,0.14592391304347826,3.825,0.59,7,7,-0.002068994246656075,0.9456272646784782,0.9057842716574669,0.0006371569415932719,0.0,0.0,0.0,4,9.94166788361423e-05,9.94166788361423e-05,1.0,ex,l2sq,1346.4448544979095
2026-05-20T07:14:20.891518,35,39190,-703.0,-757.5,33,0.1483695652173913,3.725,0.61,7,7,-0.0014766764972591606,0.9983740970492363,0.9177337363362312,0.0009320977209426873,0.0,0.0,0.0,4,9.939679649454187e-05,9.939679649454187e-05,1.0,ex,l2sq,1377.4284036159515
2026-05-20T07:15:07.219222,36,40280,-719.0,-719.0,31,0.1502717391304348,3.74,0.59,7,7,-0.0012722120227408595,1.0028215497732162,0.9267964363098145,0.0009270225156797762,0.0,0.0,0.0,4,9.938188722357209e-05,9.938188722357209e-05,1.0,ex,l2sq,1423.7559881210327
2026-05-20T07:15:39.738403,37,41365,-749.0,-734.0,28,0.15217391304347827,3.835,0.6,7,7,-0.0027495473681483085,0.9906230941414833,0.9095214232802391,-0.0006280704168602769,0.0,0.0,0.0,4,9.9366980437398e-05,9.9366980437398e-05,1.0,ex,l2sq,1456.2752904891968
2026-05-20T07:16:26.066951,38,42473,-793.0,-793.0,17,0.14891304347826087,3.83,0.6,7,7,-0.0018122609995771255,1.0073624700307846,0.8612127229571342,2.3503988814121968e-06,0.0,0.0,0.0,4,9.934710803498032e-05,9.934710803498032e-05,1.0,ex,l2sq,1502.6037483215332
2026-05-20T07:16:59.028322,39,43574,-767.0,-780.0,28,0.14918478260869567,3.785,0.59,7,7,-0.0015797976859175389,0.9603398218750954,0.8417665883898735,3.182448326696785e-05,0.0,0.0,0.0,4,9.932723960684441e-05,9.932723960684441e-05,1.0,ex,l2sq,1535.5652086734772
2026-05-20T07:17:34.642385,40,44590,-714.0,-714.0,28,0.1470108695652174,3.83,0.61,6,7,-0.0015551127406070453,1.0189993381500244,0.8146674633026123,0.000438512918481071,0.0,0.0,0.0,4,9.93123407692339e-05,9.93123407692339e-05,1.0,ex,l2sq,1571.1793596744537
2026-05-20T07:18:06.797840,41,45670,-727.0,-720.5,31,0.1480978260869565,3.78,0.61,7,7,-0.0020934749547449893,0.9555795714259148,0.8089622855186462,9.059457806874505e-06,0.0,0.0,0.0,4,9.929744441468022e-05,9.929744441468022e-05,1.0,ex,l2sq,1603.3347325325012
2026-05-20T07:18:50.004551,42,46730,-738.0,-738.0,28,0.1480978260869565,3.795,0.6,7,7,-0.0015280522704415045,1.0047402903437614,0.8342154696583748,-0.00012664075802604202,0.0,0.0,0.0,4,9.927758591877174e-05,9.927758591877174e-05,1.0,ex,l2sq,1646.5413355827332
2026-05-20T07:19:22.335631,43,47814,-671.0,-704.5,33,0.15190217391304348,3.77,0.55,7,7,-0.005859871266875372,0.995052769780159,0.814202606678009,0.0009228434275427855,0.003515625139698386,0.0,0.0,4,9.92626945290903e-05,9.92626945290903e-05,1.0,ex,l2sq,1678.8725426197052
2026-05-20T07:19:56.942240,44,48843,-729.0,-729.0,24,0.1502717391304348,3.7,0.57,3,7,-0.0021909885290369857,0.9702568724751472,0.7975351586937904,0.000573976390842279,0.012304687523283064,0.0,0.0,4,9.924780562122441e-05,9.924780562122441e-05,1.0,ex,l2sq,1713.479216337204
2026-05-20T07:20:29.428413,45,49934,-766.0,-747.5,21,0.1480978260869565,3.655,0.59,7,7,-0.002767342378501736,1.0078112483024597,0.784346267580986,0.0005755474126999671,0.0,0.0,0.0,4,9.922795705257824e-05,9.922795705257824e-05,1.0,ex,l2sq,1745.9653079509735
2026-05-20T07:21:14.753105,46,51018,-778.0,-778.0,24,0.14891304347826087,3.575,0.66,7,7,-0.0015085414052009583,0.9679880887269974,0.7752574384212494,0.001159964691032655,0.0,0.0,0.0,4,9.921307310710265e-05,9.921307310710265e-05,1.0,ex,l2sq,1791.289734363556
2026-05-20T07:21:48.424921,47,52120,-716.0,-747.0,34,0.14945652173913043,3.68,0.64,7,7,-0.0024152733327355014,0.9893262088298798,0.7545558735728264,0.0006458111096435577,0.0005859375232830644,0.0,0.0,4,9.919819164220195e-05,9.919819164220195e-05,1.0,ex,l2sq,1824.9618108272552
2026-05-20T07:22:33.646093,48,53170,-722.0,-722.0,24,0.1483695652173913,3.68,0.55,7,7,-0.0011176336585778657,0.9793994799256325,0.7173438370227814,0.00026829357088897776,0.0,0.0,0.0,4,9.917835299585544e-05,9.917835299585544e-05,1.0,ex,l2sq,1870.1828932762146
2026-05-20T07:23:05.139549,49,54209,-675.0,-698.5,26,0.14864130434782608,3.84,0.56,7,7,-0.001415176724549383,0.9778001010417938,0.6965902745723724,-0.0001163602638371234,0.0,0.0,0.0,4,9.916347649086434e-05,9.916347649086434e-05,1.0,ex,l2sq,1901.6764407157898
2026-05-20T07:24:01.429637,50,55323,-803.0,-803.0,23,0.14673913043478262,3.86,0.55,7,7,-0.0017806626710809015,0.9290461614727974,0.7205714881420135,7.581026848129963e-05,0.0,0.0,0.0,4,9.91486024652081e-05,9.91486024652081e-05,1.0,ex,l2sq,1957.9665994644165
2026-05-20T07:24:31.816336,51,56398,-729.0,-766.0,28,0.14565217391304347,3.8,0.56,7,7,-0.00103058669083117,0.9700454920530319,0.7268247529864311,0.0015021118328150118,0.0,0.0,0.0,4,9.912877373620108e-05,9.912877373620108e-05,1.0,ex,l2sq,1988.3532364368439
2026-05-20T07:25:14.531119,52,57431,-703.0,-703.0,24,0.1453804347826087,3.82,0.54,7,7,-0.0022245523519814903,1.0248394310474396,0.6932604759931564,0.0004537969132798192,0.0,0.0,0.0,4,9.911390466797497e-05,9.911390466797497e-05,1.0,ex,l2sq,2031.067931652069
2026-05-20T07:25:48.088543,53,58567,-778.0,-740.5,26,0.14592391304347826,3.895,0.52,7,7,-0.0013484783412422985,0.9995149821043015,0.7083756178617477,0.0002839215653239104,0.0007812500116415322,0.0,0.0,4,9.90990380778443e-05,9.90990380778443e-05,1.0,ex,l2sq,2064.625448703766
2026-05-20T07:26:34.375243,54,59678,-734.0,-734.0,29,0.14673913043478262,3.965,0.52,7,7,-0.0020672306462073964,0.9695963710546494,0.7210774272680283,0.0001712346922431579,0.0,0.0,0.0,4,9.907921926121912e-05,9.907921926121912e-05,1.0,ex,l2sq,2110.9120337963104
2026-05-20T07:27:04.081809,55,60730,-678.0,-706.0,34,0.1470108695652174,3.88,0.52,7,7,-0.0008646078364108467,1.0072961449623108,0.7405473291873932,8.478214531350975e-05,0.0,0.0,0.0,4,9.906435762604037e-05,9.906435762604037e-05,1.0,ex,l2sq,2140.61870098114
2026-05-20T07:27:40.675204,56,61771,-691.0,-691.0,28,0.14619565217391303,3.86,0.55,3,7,-0.0015931606452795344,0.9626436531543732,0.7261611148715019,-0.0003146727045077735,0.0,0.0,0.0,4,9.904949846771825e-05,9.904949846771825e-05,1.0,ex,l2sq,2177.212189435959
2026-05-20T07:28:11.048215,57,62796,-660.0,-675.5,25,0.1453804347826087,3.76,0.56,7,7,-0.001785687755909815,0.9839483499526978,0.7593697160482407,-8.605716648162065e-05,0.0,0.0,0.0,4,9.902968955851969e-05,9.902968955851969e-05,1.0,ex,l2sq,2207.585111618042
2026-05-20T07:28:48.490768,58,63872,-669.0,-669.0,33,0.14972826086956523,3.95,0.57,4,7,-0.0024598747608255422,0.9494558721780777,0.7192604541778564,-0.0004970080219209305,0.0,0.0,0.0,4,9.901483535267252e-05,9.901483535267252e-05,1.0,ex,l2sq,2245.027763605118
2026-05-20T07:29:19.682264,59,64922,-690.0,-679.5,30,0.1502717391304348,4.065,0.62,7,7,-0.0013385113532422,0.975934699177742,0.7093978822231293,0.000995554706605603,0.0,0.0,0.0,4,9.899998362244381e-05,9.899998362244381e-05,1.0,ex,l2sq,2276.21914768219
2026-05-20T07:30:05.471071,60,66029,-711.0,-711.0,34,0.15190217391304348,4.05,0.61,7,7,-0.002413850696757258,0.9600953757762909,0.7444932237267494,0.00028898390810350866,0.0,0.0,0.0,4,9.898018461571916e-05,9.898018461571916e-05,1.0,ex,l2sq,2322.0078678131104
2026-05-20T07:30:36.989750,61,67070,-682.0,-696.5,31,0.15190217391304348,4.085,0.56,7,7,-0.0034038838231935653,1.013603389263153,0.7321024388074875,0.0014426314330194812,0.003515625139698386,0.0,0.0,4,9.896533783548964e-05,9.896533783548964e-05,1.0,ex,l2sq,2353.526645898819
2026-05-20T07:31:14.438210,62,68117,-705.0,-705.0,26,0.1513586956521739,4.045,0.55,6,7,-0.0019184026936272525,0.9863610863685608,0.7095028460025787,0.0006885067499751985,0.0,0.0,0.0,4,9.8950493529641e-05,9.8950493529641e-05,1.0,ex,l2sq,2390.9751925468445
2026-05-20T07:31:49.349129,63,69254,-770.0,-737.5,23,0.14864130434782608,4.075,0.53,7,7,-0.001204844562607832,0.962164118885994,0.6707886904478073,0.00020928317462676769,0.0,0.0,0.0,4,9.893070442044003e-05,9.893070442044003e-05,1.0,ex,l2sq,2425.88600730896
2026-05-20T07:32:27.780732,64,70326,-671.0,-671.0,37,0.15217391304347827,4.09,0.52,5,7,-0.0011869684254635082,0.954166442155838,0.6570096164941788,-0.0007135956388083509,0.0,0.0,0.0,4,9.89158650621161e-05,9.89158650621161e-05,1.0,ex,l2sq,2464.317676305771
2026-05-20T07:33:01.053840,65,71415,-698.0,-684.5,33,0.15543478260869564,4.075,0.56,7,7,-0.0017466793316999185,0.9818588271737099,0.6495351567864418,0.0003025906238861009,0.0,0.0,0.0,4,9.89010281769361e-05,9.89010281769361e-05,1.0,ex,l2sq,2497.5907452106476
2026-05-20T07:33:45.214031,66,72433,-636.0,-636.0,34,0.15815217391304348,4.13,0.54,7,7,-0.0016566049438551667,0.9659963920712471,0.6432565525174141,-8.11202531622035e-05,0.0,0.0,0.0,4,9.8881248960311e-05,9.8881248960311e-05,1.0,ex,l2sq,2541.7507452964783
2026-05-20T07:34:18.357445,67,73514,-742.0,-689.0,27,0.15625,4.155,0.5,7,7,-0.001179254049202605,0.9702245593070984,0.6472112238407135,-0.0009533956952508804,0.0,0.0,0.0,4,9.886641702018244e-05,9.886641702018244e-05,1.0,ex,l2sq,2574.894374370575
2026-05-20T07:35:13.211316,68,74577,-681.0,-681.0,38,0.16005434782608696,4.24,0.46,8,8,-0.001979152159765185,0.9595565721392632,0.6296943500638008,0.00038678705495842625,0.0003906250058207661,0.0,0.0,4,9.885158755196149e-05,9.885158755196149e-05,1.0,ex,l2sq,2629.7479507923126
2026-05-20T07:35:43.198579,69,75622,-722.0,-701.5,27,0.16032608695652173,4.33,0.5,8,8,-0.002605520260112848,0.9525874704122543,0.6372698545455933,0.00043650763022923256,0.0005859375232830644,0.0,0.0,4,9.883181822296698e-05,9.883181822296698e-05,1.0,ex,l2sq,2659.735447406769
2026-05-20T07:36:20.511925,70,76672,-664.0,-664.0,32,0.16277173913043477,4.285,0.45,5,8,-0.001675938125117682,0.9493286162614822,0.6555622518062592,0.00013416422598311328,0.0066406250989530236,0.0,0.0,4,9.881699369732543e-05,9.881699369732543e-05,1.0,ex,l2sq,2697.048862218857
2026-05-20T07:36:52.723710,71,77738,-637.0,-650.5,35,0.16467391304347825,4.39,0.49,8,8,-0.0015901014166956884,0.9979168102145195,0.6456171497702599,-0.00046530538311344294,0.002539062552386895,0.0,0.0,4,9.880217164235581e-05,9.880217164235581e-05,1.0,ex,l2sq,2729.2605912685394
2026-05-20T07:37:30.419958,72,78800,-641.0,-641.0,39,0.16875,4.25,0.45,7,8,-0.0028754846178344895,0.9761355891823769,0.6398370414972305,8.740106477489462e-05,0.0044921874068677425,0.0,0.0,4,9.878241219604905e-05,9.878241219604905e-05,1.0,ex,l2sq,2766.9568943977356
2026-05-20T07:38:02.811917,73,79868,-697.0,-669.0,27,0.16902173913043478,4.33,0.51,8,8,-0.0015128746483241695,0.9890010207891464,0.6294341087341309,0.0011393584238249543,0.0011718750465661287,0.0,0.0,4,9.876759508118803e-05,9.876759508118803e-05,1.0,ex,l2sq,2799.3488233089447
2026-05-20T07:38:56.168069,74,80978,-654.0,-654.0,36,0.17092391304347826,4.54,0.5,8,8,-0.0026815266042831687,0.9190262109041214,0.6260162368416786,0.0005037898168666344,0.006054687779396772,0.0,0.0,4,9.875278043576383e-05,9.875278043576383e-05,1.0,ex,l2sq,2852.7048001289368
2026-05-20T07:39:28.363224,75,82021,-670.0,-662.0,31,0.1701086956521739,4.47,0.48,8,8,-0.0017634913674555719,0.9001430496573448,0.6099683716893196,-0.00017304393459198486,0.0003906250058207661,0.0,0.0,4,9.87330308672045e-05,9.87330308672045e-05,1.0,ex,l2sq,2884.9001879692078
2026-05-20T07:40:18.683432,76,83088,-618.0,-618.0,45,0.17472826086956522,4.49,0.48,8,8,-0.0018783991195960859,0.9488581269979477,0.5730296671390533,0.0002401843223197031,0.0,0.0,0.0,4,9.871822115941934e-05,9.871822115941934e-05,1.0,ex,l2sq,2935.220174074173
2026-05-20T07:40:50.969012,77,84142,-713.0,-665.5,31,0.1763586956521739,4.27,0.35,8,8,-0.0013154522312119887,0.9478850215673447,0.5792070850729942,0.0004386439046356605,0.0,0.0,0.0,4,9.870341391983654e-05,9.870341391983654e-05,1.0,ex,l2sq,2967.424942970276
2026-05-20T07:41:44.341560,78,85231,-658.0,-658.0,35,0.17690217391304347,4.315,0.31,8,8,-0.0018436611266224867,0.9321827590465546,0.5642329007387161,9.668132402108898e-05,0.0,0.0,0.0,4,9.868367422408671e-05,9.868367422408671e-05,1.0,ex,l2sq,3020.878270149231
2026-05-20T07:42:15.524582,79,86253,-622.0,-640.0,36,0.17853260869565218,4.34,0.31,8,8,-0.0017112822242779657,0.9657088965177536,0.5633194446563721,-0.00020996714520152282,0.0,0.0,0.0,4,9.866887191967462e-05,9.866887191967462e-05,1.0,ex,l2sq,3052.061463356018
2026-05-20T07:43:01.416250,80,87326,-694.0,-694.0,39,0.17989130434782608,4.305,0.31,8,8,-0.0026495218655328,0.9338465332984924,0.5785604417324066,0.0006745751943640303,0.003710937511641532,0.0,0.0,4,9.865407208223103e-05,9.865407208223103e-05,1.0,ex,l2sq,3097.9530289173126
2026-05-20T07:43:35.565910,81,88433,-651.0,-672.5,36,0.18125,4.395,0.27,8,8,-0.0031096697959583364,0.9667490422725677,0.5678844600915909,0.0004838548320549446,0.004882812732830644,0.0,0.0,4,9.863434225435531e-05,9.863434225435531e-05,1.0,ex,l2sq,3132.102796792984
2026-05-20T07:44:21.321895,82,89498,-677.0,-677.0,32,0.1828804347826087,4.425,0.27,8,8,-0.0008661896325063978,0.9818068891763687,0.5883025079965591,-0.0001216802338603884,0.0011718750465661287,0.0,0.0,4,9.861954734961534e-05,9.861954734961534e-05,1.0,ex,l2sq,3177.8586905002594
2026-05-20T07:44:53.492256,83,90549,-665.0,-671.0,32,0.18532608695652175,4.67,0.28,8,8,-0.0025061390566406966,0.9210976734757423,0.5581672117114067,0.0014664922095107835,0.0023437500349245965,0.0,0.0,4,9.860475491061063e-05,9.860475491061063e-05,1.0,ex,l2sq,3210.0291333198547
2026-05-20T07:45:34.457746,84,91698,-666.0,-666.0,45,0.1875,4.715,0.33,7,8,-0.0023559255510917643,0.9351772218942642,0.5425388664007187,0.0016191696478927058,0.0005859375232830644,0.0,0.0,4,9.858503494567607e-05,9.858503494567607e-05,1.0,ex,l2sq,3250.99471449852
2026-05-20T07:46:07.768649,85,92788,-642.0,-654.0,36,0.18831521739130436,4.94,0.31,8,8,-0.0007872223948650614,0.9408799707889557,0.5360855162143707,0.0003865908587613598,0.0,0.0,0.0,4,9.857024743690914e-05,9.857024743690914e-05,1.0,ex,l2sq,3284.3055465221405
2026-05-20T07:46:53.842615,86,93855,-627.0,-627.0,44,0.19103260869565217,4.835,0.4,8,8,-0.0020376820801177864,0.9374045431613922,0.5472144857048988,0.000771826647019247,0.0007812500261934474,0.0,0.0,4,9.855546239264485e-05,9.855546239264485e-05,1.0,ex,l2sq,3330.3793852329254
2026-05-20T07:47:26.319804,87,94926,-640.0,-633.5,43,0.1953804347826087,4.875,0.4,8,8,-0.003604954929323889,0.9222357049584389,0.5308583825826645,0.0010234232890070421,0.007421875256113708,0.0,0.0,4,9.853575228572095e-05,9.853575228572095e-05,1.0,ex,l2sq,3362.856687068939
2026-05-20T07:48:01.605865,88,95918,-583.0,-583.0,37,0.19510869565217392,4.625,0.4,5,8,0.0006339699306407987,0.9687855988740921,0.5320371985435486,0.0011730653284757891,0.0,0.0,0.0,4,9.852097216922979e-05,9.852097216922979e-05,1.0,ex,l2sq,3398.1428577899933
2026-05-20T07:48:33.891593,89,96990,-680.0,-631.5,32,0.19646739130434782,4.505,0.39,8,8,-0.0018172353913539219,0.9605332016944885,0.5202644094824791,-0.00032373457033829656,0.0,0.0,0.0,4,9.850619451600928e-05,9.850619451600928e-05,1.0,ex,l2sq,3430.4284720420837
2026-05-20T07:49:11.692621,90,98060,-652.0,-652.0,38,0.19809782608695653,4.295,0.35,6,8,-0.0012955926431460485,0.9725914746522903,0.5176656991243362,1.5397026254471147e-05,0.0,0.0,0.0,4,9.848649426216802e-05,9.848649426216802e-05,1.0,ex,l2sq,3468.229606628418
2026-05-20T07:49:43.360142,91,99104,-646.0,-649.0,40,0.19945652173913042,4.36,0.33,8,8,-0.0023846746596973833,0.9928299784660339,0.49885036051273346,-0.000290228704761919,0.0,0.0,0.0,4,9.847172153425725e-05,9.847172153425725e-05,1.0,ex,l2sq,3499.8970510959625
2026-05-20T07:50:32.288378,92,100231,-658.0,-658.0,43,0.20054347826086957,4.395,0.39,8,8,-0.001561280362511741,0.96666669100523,0.5214338079094887,0.000953319413110866,0.0,0.0,0.0,4,9.845695126838573e-05,9.845695126838573e-05,1.0,ex,l2sq,3548.7752220630646
2026-05-20T07:51:05.117405,93,101295,-649.0,-653.5,43,0.2048913043478261,4.425,0.39,8,8,-0.001055096658092225,0.9671067744493484,0.5260972306132317,0.0009065569251106367,0.00019531250291038305,0.0,0.0,4,9.843726086270156e-05,9.843726086270156e-05,1.0,ex,l2sq,3581.6543052196503
2026-05-20T07:51:55.261762,94,102391,-707.0,-707.0,31,0.20353260869565218,4.505,0.43,8,8,-0.003187224309658676,0.9544624388217926,0.5368822515010834,0.0009215515408868696,0.0015625000232830644,0.0,0.0,4,9.842249551967762e-05,9.842249551967762e-05,1.0,ex,l2sq,3631.7984902858734
2026-05-20T07:52:28.734722,95,103521,-665.0,-686.0,39,0.20570652173913043,4.75,0.49,8,8,-0.000772881489501609,0.9628992229700089,0.5084107518196106,0.0013500900109647551,0.0003906250058207661,0.0,0.0,4,9.840773263746215e-05,9.840773263746215e-05,1.0,ex,l2sq,3665.2716414928436
2026-05-20T07:53:22.677300,96,104640,-693.0,-693.0,38,0.20380434782608695,4.855,0.43,10,10,-0.002267223656235773,0.972410686314106,0.485881682485342,-4.108987623113736e-05,0.0011718750465661287,0.0,0.0,4,9.838805207501198e-05,9.838805207501198e-05,1.0,ex,l2sq,3719.214022397995
2026-05-20T07:53:53.886787,97,105706,-689.0,-691.0,33,0.20434782608695654,4.95,0.43,10,10,-0.00110979844102993,0.9101658165454865,0.5170231088995934,0.0008554510477551611,0.0,0.0,0.0,4,9.83683754484775e-05,9.83683754484775e-05,1.0,ex,l2sq,3750.4237101078033
2026-05-20T07:54:51.745682,98,106785,-648.0,-648.0,43,0.20652173913043478,4.885,0.36,10,10,-0.0029247392958495766,0.9027603715658188,0.5282203406095505,-0.0017188569298014489,0.001953125,0.0,0.0,4,9.835362043809348e-05,9.835362043809348e-05,1.0,ex,l2sq,3808.282400369644
2026-05-20T07:55:18.177988,99,107751,-570.0,-609.0,38,0.20706521739130435,4.83,0.37,10,10,-0.0025719754979945386,0.9703356102108955,0.5387553572654724,0.0022839667857624257,0.003906250058207661,0.0,0.0,4,9.833886788679586e-05,9.833886788679586e-05,1.0,ex,l2sq,3834.7149364948273
2026-05-20T07:55:54.510701,100,108794,-647.0,-647.0,38,0.20679347826086958,4.59,0.32,9,10,-0.002290427772095427,0.9644072502851486,0.5405751168727875,1.9055613120141923e-05,0.0003906250058207661,0.0,0.0,4,9.83241173024723e-05,9.83241173024723e-05,1.0,ex,l2sq,3871.0476598739624
2026-05-20T07:56:26.426727,101,109888,-631.0,-639.0,41,0.20815217391304347,4.585,0.39,10,10,-0.0025265474643674235,0.9239972233772278,0.5331150442361832,6.441483310470897e-06,0.0005859375232830644,0.0,0.0,4,9.830936917649752e-05,9.830936917649752e-05,1.0,ex,l2sq,3902.9636805057526
2026-05-20T07:57:05.613124,102,111019,-724.0,-724.0,33,0.20842391304347826,4.59,0.43,7,10,-0.0016166568457264274,0.9205006659030914,0.5272513926029205,0.00018040823288172775,0.0003906250058207661,0.0,0.0,4,9.82897082857559e-05,9.82897082857559e-05,1.0,ex,l2sq,3942.150084733963
2026-05-20T07:57:34.333108,103,112048,-625.0,-674.5,38,0.21005434782608695,4.63,0.46,10,10,-0.002900105700246014,1.019060641527176,0.5174729377031326,0.0007315880866371818,0.0037109375261934474,0.0,0.0,4,9.827005132699583e-05,9.827005132699583e-05,1.0,ex,l2sq,3970.870076417923
2026-05-20T07:58:12.130583,104,113115,-634.0,-634.0,39,0.20842391304347826,4.805,0.5,7,10,-0.002951741305878386,0.9412822872400284,0.5268325954675674,0.0007896746399637944,0.0003906250058207661,0.0,0.0,4,9.82553110649842e-05,9.82553110649842e-05,1.0,ex,l2sq,4008.667536020279
2026-05-20T07:58:38.296335,105,114168,-586.0,-610.0,39,0.20923913043478262,4.905,0.54,10,10,-0.0019176200665242948,0.9475459158420563,0.5127207860350609,-0.0001335808708972791,0.005078125046566129,0.0,0.0,4,9.824057325960101e-05,9.824057325960101e-05,1.0,ex,l2sq,4034.833296060562
2026-05-20T07:59:11.668695,106,115152,-496.0,-496.0,48,0.21032608695652175,4.61,0.43,9,10,-0.00189739618217577,0.9334842711687088,0.5090371817350388,0.00045515618003266756,0.0007812500116415322,0.0,0.0,4,9.822583741922579e-05,9.822583741922579e-05,1.0,ex,l2sq,4068.2056596279144
2026-05-20T07:59:44.294290,107,116250,-713.0,-604.5,25,0.20543478260869566,4.5,0.43,10,10,-0.0011940874297579063,0.9718864783644676,0.5204452946782112,-0.00026662942791517985,0.0003906250058207661,0.0,0.0,4,9.82111040347421e-05,9.82111040347421e-05,1.0,ex,l2sq,4100.831257581711
2026-05-20T08:00:19.621642,108,117332,-675.0,-675.0,31,0.20380434782608695,4.44,0.37,9,10,-0.0012348800846666563,0.9191049188375473,0.512717992067337,-0.00017919986339620664,0.0,0.0,0.0,4,9.819146279604619e-05,9.819146279604619e-05,1.0,ex,l2sq,4136.158602714539
2026-05-20T08:00:51.183106,109,118388,-663.0,-669.0,39,0.20570652173913043,4.47,0.4,10,10,-0.001683893863810182,0.9112893640995026,0.5143139958381653,-0.0007036870914816917,0.0,0.0,0.0,4,9.817673432211771e-05,9.817673432211771e-05,1.0,ex,l2sq,4167.720067977905
2026-05-20T08:01:28.636785,110,119453,-592.0,-592.0,43,0.20706521739130435,4.45,0.38,9,10,-0.001866180858632993,0.9233722761273384,0.5257754698395729,-0.00017318507743198375,0.00019531250291038305,0.0,0.0,4,9.816200830285306e-05,9.816200830285306e-05,1.0,ex,l2sq,4205.173618555069
2026-05-20T08:02:00.619343,111,120509,-594.0,-593.0,34,0.20543478260869566,4.565,0.42,10,10,-0.0009686738390996541,0.9381933882832527,0.5086203999817371,0.000581633059528075,0.0,0.0,0.0,4,9.814237688281258e-05,9.814237688281258e-05,1.0,ex,l2sq,4237.156201601028
2026-05-20T08:02:36.627759,112,121574,-632.0,-632.0,35,0.20326086956521738,4.59,0.47,9,10,-0.0029830381274225104,0.9177264422178268,0.49083516001701355,0.0002686402771359987,0.0,0.0,0.0,4,9.812765577164837e-05,9.812765577164837e-05,1.0,ex,l2sq,4273.164638519287
2026-05-20T08:03:07.517486,113,122614,-543.0,-587.5,37,0.2016304347826087,4.49,0.43,10,10,-0.002304079057830699,0.9587088823318481,0.5051521211862564,0.00186985797799933,0.0015625000232830644,0.0,0.0,4,9.811293711392091e-05,9.811293711392091e-05,1.0,ex,l2sq,4304.0543377399445
2026-05-20T08:03:44.458428,114,123671,-587.0,-587.0,42,0.2046195652173913,4.42,0.32,6,10,-0.001273175174719643,0.9405291378498077,0.49928396567702293,-0.0006907648418746255,0.0003906250058207661,0.0,0.0,4,9.80933155076275e-05,9.80933155076275e-05,1.0,ex,l2sq,4340.995374441147
2026-05-20T08:04:15.251882,115,124752,-650.0,-618.5,35,0.20353260869565218,4.395,0.27,10,10,-0.0013099759962642565,1.0077666938304901,0.4946485459804535,0.00018546826358945,0.0,0.0,0.0,4,9.80786017555469e-05,9.80786017555469e-05,1.0,ex,l2sq,4371.788845062256
2026-05-20T08:04:54.150610,116,125875,-624.0,-624.0,39,0.20380434782608695,4.35,0.3,7,10,-0.0013830989777489644,0.9663637951016426,0.5222242474555969,0.0005320944728737335,0.0,0.0,0.0,4,9.806389045567657e-05,9.806389045567657e-05,1.0,ex,l2sq,4410.687574386597
2026-05-20T08:05:27.827970,117,127007,-712.0,-668.0,26,0.20190217391304346,4.395,0.35,10,10,-0.0019720137759577927,0.9893331527709961,0.4839762859046459,0.0006230978405028509,0.0,0.0,0.0,4,9.804427865822436e-05,9.804427865822436e-05,1.0,ex,l2sq,4444.364918708801
2026-05-20T08:06:03.418443,118,128030,-549.0,-549.0,44,0.20217391304347826,4.6,0.42,7,10,-0.00188880696587157,0.9937214031815529,0.48196763545274734,-0.000201784335877149,0.0015625000523868948,0.0,0.0,4,9.802467078293549e-05,9.802467078293549e-05,1.0,ex,l2sq,4479.955426454544
2026-05-20T08:06:35.609980,119,129115,-652.0,-600.5,31,0.20027173913043478,4.535,0.47,10,10,-0.0021153431473066586,1.0133543014526367,0.49782831966876984,0.0002964665538457423,0.0,0.0,0.0,4,9.800996732739198e-05,9.800996732739198e-05,1.0,ex,l2sq,4512.1468868255615
2026-05-20T08:07:13.501651,120,130208,-610.0,-610.0,35,0.19945652173913042,4.585,0.6,6,10,-0.0030055065668421754,0.9790913760662079,0.4966849349439144,-5.281135963742384e-05,0.005078125235741027,0.0,0.0,4,9.79952663223427e-05,9.79952663223427e-05,1.0,ex,l2sq,4550.038635492325
2026-05-20T08:07:45.327433,121,131279,-567.0,-588.5,46,0.20081521739130434,4.685,0.71,10,10,-0.0021872688535949925,0.9708744585514069,0.4993406571447849,0.00039117476117095373,0.002929687572759576,0.0,0.0,4,9.797566824903091e-05,9.797566824903091e-05,1.0,ex,l2sq,4581.8643226623535
2026-05-20T08:08:22.341082,122,132326,-580.0,-580.0,37,0.20190217391304346,4.615,0.6,5,10,-0.0017771959508536828,0.9698378294706345,0.4925190880894661,0.0007474985708540438,0.0,0.0,0.0,4,9.796097214374498e-05,9.796097214374498e-05,1.0,ex,l2sq,4618.8779900074005
2026-05-20T08:08:57.150249,123,133452,-663.0,-621.5,35,0.20108695652173914,4.555,0.59,10,10,-0.00149251296170394,0.9553087651729584,0.4951840750873089,-1.612541786924493e-05,0.0,0.0,0.0,4,9.794627848772828e-05,9.794627848772828e-05,1.0,ex,l2sq,4653.687126874924
2026-05-20T08:09:34.784813,124,134500,-610.0,-610.0,36,0.20027173913043478,4.505,0.58,5,10,-0.0025601217668736187,1.0095008686184883,0.49317101389169693,-0.000226159957674138,0.002539062639698386,0.0,0.0,4,9.79266902114935e-05,9.79266902114935e-05,1.0,ex,l2sq,4691.321771144867
2026-05-20T08:10:07.745897,125,135578,-625.0,-617.5,33,0.1986413043478261,4.515,0.52,10,10,-0.0010545581571932416,1.0112396478652954,0.46449141949415207,0.0015425936133396934,0.0,0.0,0.0,4,9.791200145279076e-05,9.791200145279076e-05,1.0,ex,l2sq,4724.282773733139
2026-05-20T08:10:46.555096,126,136662,-570.0,-570.0,42,0.19701086956521738,4.53,0.42,5,10,-0.0018388510201475805,0.9412132650613785,0.47088030353188515,0.0010749614761153131,0.0,0.0,0.0,4,9.789731514213285e-05,9.789731514213285e-05,1.0,ex,l2sq,4763.0920650959015
2026-05-20T08:11:18.754162,127,137725,-524.0,-547.0,43,0.20190217391304346,4.485,0.39,10,10,-0.002101414703065574,0.9804389476776123,0.48631497099995613,-0.0003277517482274672,0.0005859375232830644,0.0,0.0,4,9.787773665807757e-05,9.787773665807757e-05,1.0,ex,l2sq,4795.291059494019
2026-05-20T08:11:55.556721,128,138751,-574.0,-574.0,32,0.20217391304347826,4.46,0.43,4,10,-0.0020328074635473925,0.9899479150772095,0.48926347494125366,0.0006297785357674002,0.005078125192085281,0.0,0.0,4,9.786305524228544e-05,9.786305524228544e-05,1.0,ex,l2sq,4832.093680858612
2026-05-20T08:12:26.339661,129,139765,-452.0,-513.0,52,0.20570652173913043,4.575,0.39,10,10,-0.00201564286035133,0.9737868085503578,0.48166482150554657,0.0004358815205705441,0.00019531250291038305,0.0,0.0,4,9.784837627331439e-05,9.784837627331439e-05,1.0,ex,l2sq,4862.876561164856
2026-05-20T08:13:03.834927,130,140810,-524.0,-524.0,43,0.20570652173913043,4.495,0.38,6,10,-0.002964505398995232,0.9524412006139755,0.47736988216638565,0.001973950064552806,0.0035156251542503014,0.0,0.0,4,9.782880757654349e-05,9.782880757654349e-05,1.0,ex,l2sq,4900.371917009354
2026-05-20T08:13:35.630288,131,141860,-512.0,-518.0,42,0.2078804347826087,4.62,0.41,10,10,-0.00219369471888059,0.9887693077325821,0.44514475017786026,0.0010681199542886821,0.0015625000523868948,0.0,0.0,4,9.781413349999126e-05,9.781413349999126e-05,1.0,ex,l2sq,4932.167197942734
2026-05-20T08:14:14.023484,132,142931,-566.0,-566.0,43,0.21005434782608695,4.74,0.44,6,10,-0.0016990769974652986,1.0060422271490097,0.4833251088857651,-0.0003852401983749504,0.0009765625145519152,0.0,0.0,4,9.779946186903694e-05,9.779946186903694e-05,1.0,ex,l2sq,4970.560455322266
2026-05-20T08:14:46.210076,133,143985,-572.0,-569.0,42,0.21141304347826087,4.68,0.43,10,10,-0.0012245968493516113,1.0351499617099762,0.48218531906604767,-0.0005790684466774332,0.0,0.0,0.0,4,9.778479219426746e-05,9.778479219426746e-05,1.0,ex,l2sq,5002.746980905533
2026-05-20T08:15:24.790739,134,145068,-571.0,-571.0,44,0.21195652173913043,4.92,0.46,7,10,-0.0024716739455472037,0.958499051630497,0.47572922706604004,0.0006190523694272199,0.002148437488358468,0.0,0.0,4,9.777012496436228e-05,9.777012496436228e-05,1.0,ex,l2sq,5041.327717781067
2026-05-20T08:15:56.378983,135,146104,-463.0,-517.0,43,0.2141304347826087,4.885,0.46,10,10,-0.0035908817953894667,0.98564513027668,0.4689365476369858,0.0017208579917678477,0.004882812718278728,0.0,0.0,4,9.775057191707066e-05,9.775057191707066e-05,1.0,ex,l2sq,5072.915865182877
2026-05-20T08:16:35.922554,136,147223,-575.0,-575.0,48,0.21657608695652175,4.885,0.43,9,10,-0.0023959154452313225,0.9730672463774681,0.4508996494114399,0.0018287969130142412,0.005859375101863407,0.0,0.0,4,9.773102278019298e-05,9.773102278019298e-05,1.0,ex,l2sq,5112.4595448970795
2026-05-20T08:17:08.084683,137,148283,-535.0,-555.0,43,0.22119565217391304,4.945,0.41,10,10,-0.0023111209913622144,1.0159784257411957,0.42174500972032547,0.001658701760788972,0.00390625,0.0,0.0,4,9.771636337111572e-05,9.771636337111572e-05,1.0,ex,l2sq,5144.621602296829
2026-05-20T08:17:46.352159,138,149357,-559.0,-559.0,45,0.22146739130434784,4.96,0.43,8,10,-0.003008399327518424,0.9716629683971405,0.4226908050477505,-0.0005778749442015285,0.007812500174622983,0.0,0.0,4,9.770170640519187e-05,9.770170640519187e-05,1.0,ex,l2sq,5182.889137506485
2026-05-20T08:18:19.468816,139,150445,-540.0,-549.5,40,0.22391304347826088,5.09,0.49,10,10,-0.003916849615052342,0.9470773786306381,0.44726773351430893,0.0010265590388371798,0.005859375189174898,0.0,0.0,4,9.76821670409279e-05,9.76821670409279e-05,1.0,ex,l2sq,5216.005712509155
2026-05-20T08:18:56.375919,140,151484,-515.0,-515.0,50,0.2279891304347826,5.04,0.46,9,10,-0.002691592671908438,0.9741129130125046,0.4416133761405945,0.003287455750978552,0.010546875011641532,0.0,0.0,4,9.76675149600894e-05,9.76675149600894e-05,1.0,ex,l2sq,5252.912914991379
2026-05-20T08:19:27.988039,141,152522,-469.0,-492.0,53,0.2298913043478261,5.03,0.43,10,10,-0.002590286039048817,0.9454376474022865,0.4308648146688938,0.00017353257926513987,0.0037109376426087692,0.0,0.0,4,9.765286532118295e-05,9.765286532118295e-05,1.0,ex,l2sq,5284.524960756302
2026-05-20T08:20:13.412253,142,153599,-493.0,-493.0,52,0.23396739130434782,4.975,0.47,11,11,-0.0029681810527111274,0.9302904903888702,0.45051290839910507,0.003536142064149317,0.009765625,0.0,0.0,4,9.763821763552915e-05,9.763821763552915e-05,1.0,ex,l2sq,5329.94905090332
2026-05-20T08:20:46.877693,143,154695,-580.0,-536.5,36,0.23423913043478262,4.91,0.38,11,11,-0.0029114232107531057,1.0037980154156685,0.41699208691716194,0.0005108570128868894,0.005664062482537702,0.0,0.0,4,9.762357239107491e-05,9.762357239107491e-05,1.0,ex,l2sq,5363.414588212967
2026-05-20T08:21:33.546438,144,155806,-579.0,-579.0,46,0.23695652173913043,5.235,0.55,13,13,-0.0022714004226145335,0.9597373381257057,0.40007125586271286,0.0010509956431633272,0.0013671875494765118,0.0,0.0,4,9.760404865283241e-05,9.760404865283241e-05,1.0,ex,l2sq,5410.083185195923
2026-05-20T08:22:05.114144,145,156844,-502.0,-540.5,50,0.24157608695652175,5.315,0.57,13,13,-0.002657129312865436,0.9861324355006218,0.40291180461645126,0.0007243286122502468,0.005273437622236088,0.0,0.0,4,9.758452881914234e-05,9.758452881914234e-05,1.0,ex,l2sq,5441.651063680649
2026-05-20T08:22:57.691989,146,157919,-479.0,-479.0,56,0.2453804347826087,5.335,0.58,13,13,-0.0021796323271701112,0.9908419996500015,0.3833746463060379,0.0001595567546246457,0.0,0.0,0.0,4,9.756989138379299e-05,9.756989138379299e-05,1.0,ex,l2sq,5494.228789806366
2026-05-20T08:23:26.717104,147,158998,-538.0,-508.5,43,0.2453804347826087,5.44,0.65,13,13,-0.001243212100234703,0.9578998684883118,0.40396011248230934,0.00026124499026991543,0.00019531250291038305,0.0,0.0,4,9.755525638793487e-05,9.755525638793487e-05,1.0,ex,l2sq,5523.254008769989
2026-05-20T08:23:59.130479,148,160064,-461.0,-461.0,57,0.25217391304347825,5.4,0.55,11,13,-0.001902313372556752,0.9437003135681152,0.4172109253704548,0.00014911098996889943,0.00019531250291038305,0.0,0.0,4,9.753574631220985e-05,9.753574631220985e-05,1.0,ex,l2sq,5555.667455673218
2026-05-20T08:24:27.291631,149,161089,-448.0,-454.5,49,0.2513586956521739,5.58,0.56,13,13,-0.0030927509244065288,0.9264025688171387,0.3972383663058281,0.0008881338206265348,0.001953125,0.0,0.0,4,9.752111619411458e-05,9.752111619411458e-05,1.0,ex,l2sq,5583.828520774841
2026-05-20T08:25:05.645810,150,162176,-606.0,-606.0,45,0.2519021739130435,5.635,0.61,10,13,-0.002675408875802643,0.9834817722439766,0.4164847657084465,0.0010353457392852927,0.004296875078580342,0.0,0.0,4,9.750648851429106e-05,9.750648851429106e-05,1.0,ex,l2sq,5622.182720184326
2026-05-20T08:25:36.889701,151,163228,-536.0,-571.0,50,0.25407608695652173,5.36,0.57,13,13,-0.0017147222621133884,0.9787935614585876,0.43937111645936966,0.0017527664840599685,0.0015625000232830644,0.0,0.0,4,9.748698819165308e-05,9.748698819165308e-05,1.0,ex,l2sq,5653.426586389542
2026-05-20T08:26:14.214497,152,164320,-547.0,-547.0,43,0.25407608695652173,5.405,0.54,11,13,-0.002531382493907608,0.9964903742074966,0.4318511411547661,-0.00027407695379227937,0.0,0.0,0.0,4,9.7472365387154e-05,9.7472365387154e-05,1.0,ex,l2sq,5690.751446723938
2026-05-20T08:26:42.851958,153,165365,-435.0,-491.0,62,0.2595108695652174,5.11,0.55,13,13,-0.0027266930061159433,0.9800059422850609,0.4235752932727337,0.00020112782904108117,0.002734375055297278,0.0,0.0,4,9.745774501970775e-05,9.745774501970775e-05,1.0,ex,l2sq,5719.388872385025
2026-05-20T08:27:18.651185,154,166397,-474.0,-474.0,44,0.2595108695652174,5.01,0.52,9,13,-0.0015231937533826123,1.0048028826713562,0.45000967383384705,0.0002917493298810192,0.0011718750465661287,0.0,0.0,4,9.744312660161135e-05,9.744312660161135e-05,1.0,ex,l2sq,5755.18815279007
2026-05-20T08:27:49.261967,155,167476,-456.0,-465.0,61,0.2644021739130435,5.315,0.56,13,13,-0.001958787484909408,0.9670549631118774,0.4182748906314373,-0.00023015718452370354,0.001171875002910383,0.0,0.0,4,9.742851061983674e-05,9.742851061983674e-05,1.0,ex,l2sq,5785.79892373085
2026-05-20T08:28:31.313642,156,168481,-457.0,-457.0,48,0.2644021739130435,5.245,0.63,14,14,-0.002631051512435034,0.9480854719877243,0.4286711737513542,0.0007662127479306918,0.002734375069849193,0.0,0.0,4,9.740902589199788e-05,9.740902589199788e-05,1.0,ex,l2sq,5827.8503510952
2026-05-20T08:29:01.535830,157,169544,-568.0,-512.5,37,0.2627717391304348,5.265,0.56,14,14,-0.0007506266680138429,1.0004946291446686,0.4068743735551834,-0.00016133854187494467,0.0003906250058207661,0.0,0.0,4,9.739441478164883e-05,9.739441478164883e-05,1.0,ex,l2sq,5858.072772979736
2026-05-20T08:29:39.006468,158,170629,-589.0,-589.0,38,0.2608695652173913,5.24,0.51,10,14,-0.0029420297752948965,0.9725707918405533,0.44162051752209663,0.0007226189344009815,0.004101562459254637,0.0,0.0,4,9.737980610640366e-05,9.737980610640366e-05,1.0,ex,l2sq,5895.5434448719025
2026-05-20T08:30:11.352721,159,171693,-595.0,-592.0,37,0.26005434782608694,5.2,0.48,14,14,-0.0017447099318815273,0.9508043602108955,0.4164368510246277,0.0002276868826811551,0.0007812500116415322,0.0,0.0,4,9.736033111898045e-05,9.736033111898045e-05,1.0,ex,l2sq,5927.889626026154
2026-05-20T08:30:46.742767,160,172758,-472.0,-472.0,53,0.2608695652173913,5.24,0.41,11,14,-0.003829722083173781,0.9783526211977005,0.41435062885284424,0.002425521015538834,0.003515625139698386,0.0,0.0,4,9.73457273127256e-05,9.73457273127256e-05,1.0,ex,l2sq,5963.279759883881
2026-05-20T08:31:19.818686,161,173847,-542.0,-507.0,43,0.25815217391304346,5.305,0.35,14,14,-0.001976582470706395,0.9621187001466751,0.4137449264526367,-0.00023043952783156213,0.0029296875,0.0,0.0,4,9.733112594035733e-05,9.733112594035733e-05,1.0,ex,l2sq,5996.355612516403
2026-05-20T08:31:55.053850,162,174900,-465.0,-465.0,54,0.25869565217391305,5.305,0.34,12,14,-0.0025403660562005603,0.9126099348068237,0.3921051174402237,0.0006784125444028073,0.006250000209547579,0.0,0.0,4,9.731166068848052e-05,9.731166068848052e-05,1.0,ex,l2sq,6031.5908217430115
2026-05-20T08:32:25.485713,163,175957,-491.0,-478.0,58,0.26467391304347826,5.42,0.31,14,14,-0.002558606927050233,0.9013037383556366,0.37709322571754456,-0.00044625340196944446,0.003515625139698386,0.0,0.0,4,9.729706418266857e-05,9.729706418266857e-05,1.0,ex,l2sq,6062.022617101669
2026-05-20T08:33:01.720988,164,177007,-482.0,-482.0,52,0.266304347826087,5.41,0.33,11,14,-0.001717266457853861,0.9554153457283974,0.40973690152168274,0.0003512222307335833,0.00019531250291038305,0.0,0.0,4,9.72824701095265e-05,9.72824701095265e-05,1.0,ex,l2sq,6098.257967710495
2026-05-20T08:33:32.190849,165,178025,-519.0,-500.5,47,0.2654891304347826,5.295,0.41,14,14,-0.0012683999702858273,0.98121078312397,0.39695556089282036,0.000664990892073546,0.0007812500261934474,0.0,0.0,4,9.726301458832929e-05,9.726301458832929e-05,1.0,ex,l2sq,6128.727769851685
2026-05-20T08:34:09.031569,166,179074,-466.0,-466.0,57,0.2657608695652174,5.295,0.45,12,14,-0.0045184315531514585,0.9668899923563004,0.4091830924153328,-4.259489687683665e-05,0.00390625,0.0,0.0,4,9.724842537931074e-05,9.724842537931074e-05,1.0,ex,l2sq,6165.568536996841
2026-05-20T08:34:39.172672,167,180138,-505.0,-485.5,49,0.2673913043478261,5.175,0.43,14,14,-0.00237337984144681,0.9637230113148689,0.3866816312074661,-0.0008494774760492846,0.008984374886495061,0.0,0.0,4,9.723383860174597e-05,9.723383860174597e-05,1.0,ex,l2sq,6195.709574460983
2026-05-20T08:35:15.731988,168,181178,-548.0,-548.0,44,0.2638586956521739,5.145,0.4,12,14,-0.002163473554537665,0.9904400259256363,0.40261629596352577,0.00030728231090505764,0.003515625052386895,0.0,0.0,4,9.721439280636401e-05,9.721439280636401e-05,1.0,ex,l2sq,6232.2689640522
2026-05-20T08:35:46.898826,169,182251,-461.0,-504.5,56,0.2657608695652174,5.475,0.38,14,14,-0.0020667941076680796,0.943141832947731,0.3934202641248703,0.0006917425888787188,0.0003906250058207661,0.0,0.0,4,9.719981089049119e-05,9.719981089049119e-05,1.0,ex,l2sq,6263.435745239258
2026-05-20T08:36:23.783277,170,183325,-452.0,-452.0,58,0.2692934782608696,5.545,0.39,12,14,-0.001944381387875116,0.9647619724273682,0.3774116598069668,-0.00027302619109834114,0.0,0.0,0.0,4,9.718523140485667e-05,9.718523140485667e-05,1.0,ex,l2sq,6300.320256948471
2026-05-20T08:36:56.157364,171,184418,-532.0,-492.0,49,0.26902173913043476,5.54,0.4,14,14,-0.002589342024293728,0.9476202502846718,0.4020392931997776,0.0018815158163306145,0.0037109374534338713,0.0,0.0,4,9.716579533042803e-05,9.716579533042803e-05,1.0,ex,l2sq,6332.694280862808
2026-05-20T08:37:34.012530,172,185518,-547.0,-547.0,45,0.26956521739130435,5.395,0.44,11,14,-0.0026210204930976477,0.975199431180954,0.35903140902519226,0.0033457588519468125,0.019921875558793545,0.0,0.0,4,9.71512207040551e-05,9.71512207040551e-05,1.0,ex,l2sq,6370.549504518509
2026-05-20T08:38:05.029812,173,186553,-484.0,-515.5,53,0.26711956521739133,5.15,0.38,14,14,-0.001632254656578902,0.9762653112411499,0.41436509415507317,0.0004818264751520335,0.0015625000232830644,0.0,0.0,4,9.71366485067056e-05,9.71366485067056e-05,1.0,ex,l2sq,6401.566727876663
2026-05-20T08:38:41.442240,174,187630,-537.0,-537.0,46,0.26766304347826086,5.09,0.4,12,14,-0.0020996492785343435,0.9946716502308846,0.3893616050481796,-0.0007303737208531058,0.0019531250291038305,0.0,0.0,4,9.711722214837074e-05,9.711722214837074e-05,1.0,ex,l2sq,6437.979206323624
2026-05-20T08:39:11.301553,175,188633,-428.0,-482.5,55,0.26603260869565215,5.035,0.39,14,14,-0.002411291043972419,0.9982761591672897,0.3757123425602913,0.002545125733922765,0.0007812500116415322,0.0,0.0,4,9.710265480785367e-05,9.710265480785367e-05,1.0,ex,l2sq,6467.838465452194
2026-05-20T08:39:47.621720,176,189692,-453.0,-453.0,58,0.26875,5.07,0.33,12,14,-0.0015882320709351139,0.9482968375086784,0.3583279624581337,0.00045690518099941735,0.00019531250291038305,0.0,0.0,4,9.708808989514577e-05,9.708808989514577e-05,1.0,ex,l2sq,6504.158699512482
2026-05-20T08:40:18.660665,177,190714,-482.0,-467.5,44,0.27065217391304347,5.115,0.32,14,14,-0.002134890118031807,0.9714681655168533,0.3713652938604355,0.0003004460082592919,0.0,0.0,0.0,4,9.707352692439387e-05,9.707352692439387e-05,1.0,ex,l2sq,6535.197619438171
2026-05-20T08:40:53.449538,178,191756,-499.0,-499.0,49,0.2736413043478261,5.265,0.41,13,14,-0.0022638124035438967,0.9712132662534714,0.3811941221356392,0.0006165561896523397,0.0037109375261934474,0.0,0.0,4,9.705896638072285e-05,9.705896638072285e-05,1.0,ex,l2sq,6569.9865074157715
2026-05-20T08:41:24.060384,179,192802,-539.0,-519.0,41,0.2747282608695652,5.34,0.45,14,14,-0.0019764654554818573,0.9891991466283798,0.36862313002347946,0.0008159317634635621,0.001171875002910383,0.0,0.0,4,9.703955555803636e-05,9.703955555803636e-05,1.0,ex,l2sq,6600.59734416008
2026-05-20T08:41:59.761150,180,193840,-476.0,-476.0,46,0.2728260869565217,5.255,0.46,12,14,-0.002798595110653057,0.9371804147958755,0.3681160435080528,0.0007791735561113455,0.0031250000465661287,0.0,0.0,4,9.702499986731368e-05,9.702499986731368e-05,1.0,ex,l2sq,6636.29811835289
2026-05-20T08:42:30.779679,181,194931,-496.0,-486.0,61,0.2777173913043478,5.385,0.5,14,14,-0.00201818646964963,0.9756953865289688,0.3444017805159092,-0.0005932795635999258,0.0005859375087311491,0.0,0.0,4,9.701044660245858e-05,9.701044660245858e-05,1.0,ex,l2sq,6667.316650152206
2026-05-20T08:43:06.751421,182,195980,-426.0,-426.0,53,0.27744565217391304,5.495,0.39,13,14,-0.0026294738752767888,0.9672752842307091,0.3586912751197815,0.0007856088094285799,0.001757812569849193,0.0,0.0,4,9.699104548324257e-05,9.699104548324257e-05,1.0,ex,l2sq,6703.288378477097
2026-05-20T08:43:35.370510,183,196996,-434.0,-430.0,52,0.2758152173913043,5.365,0.39,14,14,-0.00232289362465965,1.0244532823562622,0.3418596386909485,0.002344623196404494,0.00703125010477379,0.0,0.0,4,9.697649706890982e-05,9.697649706890982e-05,1.0,ex,l2sq,6731.907476186752
2026-05-20T08:44:19.338419,184,198064,-502.0,-502.0,54,0.2763586956521739,5.39,0.33,15,15,-0.001932105416199148,0.9730004519224167,0.32979824766516685,0.001355250238157149,0.001757812569849193,0.0,0.0,4,9.696195107923198e-05,9.696195107923198e-05,1.0,ex,l2sq,6775.875136375427
2026-05-20T08:44:51.218265,185,199140,-458.0,-480.0,64,0.28097826086956523,5.395,0.37,15,15,-0.0021202951800660674,0.9474224895238876,0.3318808488547802,0.0015541776224381465,0.0015625000232830644,0.0,0.0,4,9.694255965863563e-05,9.694255965863563e-05,1.0,ex,l2sq,6807.755237340927
2026-05-20T08:45:28.970525,186,200247,-513.0,-513.0,50,0.27907608695652175,5.475,0.38,14,15,-0.0038638971745967865,0.9836182296276093,0.3448779955506325,0.001878436879087536,0.005859375232830644,0.0,0.0,4,9.692801851705537e-05,9.692801851705537e-05,1.0,ex,l2sq,6845.507487773895
2026-05-20T08:45:58.907176,187,201302,-469.0,-491.0,56,0.28097826086956523,5.485,0.39,15,15,-0.001138143617208709,0.9596840143203735,0.3073299378156662,0.0002693604625250163,0.00019531250291038305,0.0,0.0,4,9.691347979891791e-05,9.691347979891791e-05,1.0,ex,l2sq,6875.444140195847
2026-05-20T08:46:36.140265,188,202387,-504.0,-504.0,53,0.28342391304347825,5.47,0.47,12,15,-0.0014654349506599829,0.967838816344738,0.30338603630661964,0.0002494661382001829,0.00019531250291038305,0.0,0.0,4,9.689409807209292e-05,9.689409807209292e-05,1.0,ex,l2sq,6912.677227973938
2026-05-20T08:47:07.606371,189,203456,-517.0,-510.5,44,0.2801630434782609,5.435,0.49,15,15,-0.0015099212963832764,0.9350425899028778,0.3334198296070099,0.00035659185341502253,0.0003906250058207661,0.0,0.0,4,9.687956419962947e-05,9.687956419962947e-05,1.0,ex,l2sq,6944.143353462219
2026-05-20T08:47:43.524855,190,204503,-425.0,-425.0,58,0.2801630434782609,5.31,0.41,13,15,-0.001699414693211998,0.9603289514780045,0.3081391714513302,0.0007464952472446273,0.0017578125261934474,0.0,0.0,4,9.686503274939735e-05,9.686503274939735e-05,1.0,ex,l2sq,6980.0618216991425
2026-05-20T08:48:15.472085,191,205576,-410.0,-417.5,63,0.28396739130434784,5.27,0.33,15,15,-0.003801438197842788,0.9374492764472961,0.3205072842538357,0.0019535009718310986,0.009375000445288606,0.0,0.0,4,9.68456607114978e-05,9.68456607114978e-05,1.0,ex,l2sq,7012.009055137634
2026-05-20T08:48:52.680775,192,206639,-507.0,-507.0,50,0.28532608695652173,5.11,0.25,12,15,-0.002284413599409174,0.9693493843078613,0.34511549025774,0.0015072423731907758,0.009765625145519152,0.0,0.0,4,9.683113410451734e-05,9.683113410451734e-05,1.0,ex,l2sq,7049.217739105225
2026-05-20T08:49:23.268114,193,207655,-434.0,-470.5,56,0.2861413043478261,4.995,0.24,15,15,-0.00153856015986098,0.9598487168550491,0.3511860631406307,-0.00021433682345560826,0.0013671874767169356,0.0,0.0,4,9.681660991855734e-05,9.681660991855734e-05,1.0,ex,l2sq,7079.805073976517
2026-05-20T08:50:02.571260,194,208760,-527.0,-527.0,46,0.2861413043478261,5.09,0.32,12,15,-0.0025461376048042106,1.004568636417389,0.3273839056491852,0.0008291124205015874,0.0023437500785803422,0.0,0.0,4,9.679724756473973e-05,9.679724756473973e-05,1.0,ex,l2sq,7119.108216524124
2026-05-20T08:50:34.373456,195,209806,-396.0,-461.5,54,0.2858695652173913,5.07,0.34,15,15,-0.003552087052958064,0.9566408693790436,0.31563303619623184,-0.0001831652129567346,0.005078125279396772,0.0,0.0,4,9.678272821961023e-05,9.678272821961023e-05,1.0,ex,l2sq,7150.9104108810425
2026-05-20T08:51:10.858888,196,210854,-469.0,-469.0,57,0.2855978260869565,5.345,0.4,13,15,-0.0011105314348242024,0.9469704404473305,0.2998439706861973,0.0008255725345407,0.0031250001629814506,0.0,0.0,4,9.676821129429093e-05,9.676821129429093e-05,1.0,ex,l2sq,7187.395813703537
2026-05-20T08:51:40.492748,197,211908,-444.0,-456.5,54,0.28831521739130433,5.525,0.38,15,15,-0.0012184284823889557,0.9538756981492043,0.30956293642520905,1.513867082393594e-05,0.0,0.0,0.0,4,9.674885861971419e-05,9.674885861971419e-05,1.0,ex,l2sq,7217.029587984085
2026-05-20T08:52:16.787830,198,212958,-498.0,-498.0,46,0.2875,5.41,0.36,13,15,-0.0022874355956445935,1.0183633267879486,0.2865084558725357,0.0011210268879949803,0.0,0.0,0.0,4,9.673434653280547e-05,9.673434653280547e-05,1.0,ex,l2sq,7253.324788093567
2026-05-20T08:52:50.179452,199,214052,-468.0,-483.0,50,0.28994565217391305,5.6,0.36,15,15,-0.002352116859401565,0.9774220883846283,0.31499887630343437,0.0014868446372190702,0.006640625142608769,0.0,0.0,4,9.671983686449729e-05,9.671983686449729e-05,1.0,ex,l2sq,7286.716331005096
2026-05-20T08:53:29.536618,200,215124,-476.0,-476.0,56,0.2926630434782609,5.59,0.4,13,15,-0.0012905899696306067,0.9278130382299423,0.30286598578095436,0.000598852432767652,0.0,0.0,0.0,4,9.670049386432276e-05,9.670049386432276e-05,1.0,ex,l2sq,7326.0735812187195
2026-05-20T08:53:59.457198,201,216159,-448.0,-462.0,57,0.29157608695652176,5.58,0.42,15,15,-0.001286254857404856,0.9421894252300262,0.318388469517231,0.0005339315084711416,0.0,0.0,0.0,4,9.668598903200644e-05,9.668598903200644e-05,1.0,ex,l2sq,7355.994087934494
2026-05-20T08:54:36.877619,202,217216,-475.0,-475.0,50,0.2907608695652174,5.63,0.46,13,15,-0.0019173313285136828,1.0024844110012054,0.32974254339933395,0.0004893348482255533,0.001953125072759576,0.0,0.0,4,9.667148661708159e-05,9.667148661708159e-05,1.0,ex,l2sq,7393.41459274292
2026-05-20T08:55:07.975776,203,218307,-489.0,-482.0,46,0.2891304347826087,5.465,0.44,15,15,-0.0020301871263656013,0.979828231036663,0.3122752085328102,0.0010582979811260898,0.0003906250058207661,0.0,0.0,4,9.665215328647303e-05,9.665215328647303e-05,1.0,ex,l2sq,7424.51270365715
2026-05-20T08:55:44.331219,204,219334,-467.0,-467.0,54,0.2891304347826087,5.56,0.36,13,15,-0.001214964692189735,1.0024712085723877,0.3193700760602951,0.0008533717854219969,0.0,0.0,0.0,4,9.663765570512253e-05,9.663765570512253e-05,1.0,ex,l2sq,7460.868195295334
2026-05-20T08:56:13.198061,205,220327,-465.0,-466.0,52,0.2858695652173913,5.565,0.32,15,15,-0.002911324481829125,0.9709619879722595,0.3113454058766365,0.0020479920602383683,0.002734375069849193,0.0,0.0,4,9.662316053995504e-05,9.662316053995504e-05,1.0,ex,l2sq,7489.7349588871
2026-05-20T08:56:48.700641,206,221375,-460.0,-460.0,60,0.28858695652173916,5.66,0.3,14,15,-0.002317836164729692,0.9933541119098663,0.2888401299715042,0.0007918429135315985,0.003906250116415322,0.0,0.0,4,9.660866730744402e-05,9.660866730744402e-05,1.0,ex,l2sq,7525.237620592117
2026-05-20T08:57:19.541614,207,222395,-474.0,-467.0,54,0.28804347826086957,5.48,0.35,15,15,-0.0018913462903582534,0.9398399218916893,0.31758444011211395,0.0009981424283068696,0.0005859375232830644,0.0,0.0,4,9.659417649039123e-05,9.659417649039123e-05,1.0,ex,l2sq,7556.078512430191
2026-05-20T08:57:55.824448,208,223427,-475.0,-475.0,55,0.28858695652173916,5.605,0.37,13,15,-0.001078163097918139,0.9688925668597221,0.3093860000371933,7.142849362937187e-05,0.0,0.0,0.0,4,9.657485862103492e-05,9.657485862103492e-05,1.0,ex,l2sq,7592.361407279968
2026-05-20T08:58:27.837912,209,224489,-460.0,-467.5,54,0.29130434782608694,5.685,0.4,15,15,-0.0015495367493714163,0.94626784324646,0.296159528195858,0.0004656158045690528,0.0,0.0,0.0,4,9.656037263369099e-05,9.656037263369099e-05,1.0,ex,l2sq,7624.374830245972
2026-05-20T08:59:02.359703,210,225493,-390.0,-390.0,64,0.29293478260869565,5.445,0.34,13,15,-0.0017688401552731214,0.9506572633981705,0.30752671509981155,0.0008203655390388973,0.0,0.0,0.0,4,9.654588906059781e-05,9.654588906059781e-05,1.0,ex,l2sq,7658.896687030792
2026-05-20T08:59:32.973150,211,226529,-460.0,-425.0,64,0.2932065217391304,5.395,0.38,15,15,-0.0031152487790677696,0.9763322919607162,0.31220412999391556,-0.0004624730622708739,0.005859374912688509,0.0,0.0,4,9.65314074186155e-05,9.65314074186155e-05,1.0,ex,l2sq,7689.510104894638
2026-05-20T09:00:20.470496,212,227561,-452.0,-452.0,58,0.29538043478260867,5.175,0.41,18,18,-0.002620986902911654,0.9539909735321999,0.29369744658470154,0.0005332820409875982,0.0035156250960426405,0.0,0.0,4,9.651692819015975e-05,9.651692819015975e-05,1.0,ex,l2sq,7737.007189512253
2026-05-20T09:00:51.518084,213,228601,-417.0,-434.5,61,0.2967391304347826,5.215,0.55,18,18,-0.002288460423005928,0.9697666019201279,0.2979573495686054,0.0003777007196276161,0.004101562546566129,0.0,0.0,4,9.6497625769691e-05,9.6497625769691e-05,1.0,ex,l2sq,7768.055036783218
2026-05-20T09:01:28.687236,214,229693,-476.0,-476.0,50,0.29782608695652174,5.36,0.49,17,18,-0.0016132451943121628,0.9846508502960205,0.29759032279253006,0.0001323510765359956,0.007031250279396772,0.0,0.0,4,9.648315136708167e-05,9.648315136708167e-05,1.0,ex,l2sq,7805.224191665649
2026-05-20T09:02:00.509647,215,230769,-492.0,-484.0,52,0.29728260869565215,5.405,0.49,18,18,-0.003026661320473134,0.9779625907540321,0.3028913028538227,0.0006727386877173544,0.009179687971482053,0.0,0.0,4,9.646867937679237e-05,9.646867937679237e-05,1.0,ex,l2sq,7837.046600103378
2026-05-20T09:02:43.713262,216,231782,-420.0,-420.0,47,0.29456521739130437,5.27,0.42,19,19,-0.0012878755376732887,0.9635888636112213,0.27278468385338783,0.0007557394912055329,0.0003906250058207661,0.0,0.0,4,9.644938660560382e-05,9.644938660560382e-05,1.0,ex,l2sq,7880.250034332275
2026-05-20T09:03:13.737550,217,232800,-440.0,-430.0,52,0.2940217391304348,5.185,0.31,19,19,-0.0020729500538436696,0.9384939074516296,0.2745010405778885,0.0002079011743262582,0.0011718750465661287,0.0,0.0,4,9.64349194387485e-05,9.64349194387485e-05,1.0,ex,l2sq,7910.274507284164
2026-05-20T09:03:51.432700,218,233906,-529.0,-529.0,57,0.2970108695652174,5.385,0.34,17,19,-0.001459034265280934,0.972413457930088,0.27891166135668755,0.0006492365439043912,0.00019531250291038305,0.0,0.0,4,9.642045468300728e-05,9.642045468300728e-05,1.0,ex,l2sq,7947.9696707725525
2026-05-20T09:04:22.037985,219,234939,-393.0,-461.0,64,0.30081521739130435,5.365,0.36,19,19,-0.002143284699559489,0.965138390660286,0.2988285645842552,-0.00017968819688576887,0.001953125,0.0,0.0,4,9.640117155627524e-05,9.640117155627524e-05,1.0,ex,l2sq,7978.5749225616455
2026-05-20T09:04:59.974997,220,236054,-506.0,-506.0,53,0.3,5.56,0.39,17,19,-0.0021388039749581367,0.9665019065141678,0.27817700803279877,0.0005923556262131813,0.00390625,0.0,0.0,4,9.638671162155679e-05,9.638671162155679e-05,1.0,ex,l2sq,8016.511961698532
2026-05-20T09:05:31.746257,221,237125,-478.0,-492.0,57,0.3,5.525,0.41,19,19,-0.001509767788229588,0.9800195917487144,0.27508873492479324,-0.0003304985502836366,0.003906250072759576,0.0,0.0,4,9.637225409674711e-05,9.637225409674711e-05,1.0,ex,l2sq,8048.283196210861
2026-05-20T09:06:07.436803,222,238164,-403.0,-403.0,58,0.30217391304347824,5.33,0.32,16,19,-0.0014857284259051085,0.9739988222718239,0.2921248823404312,0.0004907992696643881,0.0003906250058207661,0.0,0.0,4,9.63529806096503e-05,9.63529806096503e-05,1.0,ex,l2sq,8083.973749876022
2026-05-20T09:06:36.428514,223,239149,-431.0,-417.0,54,0.30434782608695654,5.095,0.28,19,19,-0.002129061598679982,0.9619873762130737,0.2956497594714165,0.00015426488671438365,0.0003906250058207661,0.0,0.0,4,9.633852790345334e-05,9.633852790345334e-05,1.0,ex,l2sq,8112.965453624725
2026-05-20T09:07:13.416287,224,240232,-460.0,-460.0,51,0.3035326086956522,5.075,0.29,16,19,-0.001536168185703013,0.9538445994257927,0.304950263351202,0.00071210723290277,0.0,0.0,0.0,4,9.632407760596047e-05,9.632407760596047e-05,1.0,ex,l2sq,8149.953239679337
2026-05-20T09:07:44.852124,225,241295,-438.0,-449.0,55,0.30434782608695654,5.08,0.27,19,19,-0.001440640189684872,0.9609184116125107,0.3011636286973953,8.127803312164839e-05,0.0,0.0,0.0,4,9.630481375368006e-05,9.630481375368006e-05,1.0,ex,l2sq,8181.38907623291
2026-05-20T09:08:21.055908,226,242348,-487.0,-487.0,48,0.3010869565217391,5.15,0.32,14,19,-0.001468569040298462,0.9721032232046127,0.2748647853732109,-4.425114530021146e-05,0.0007812500116415322,0.0,0.0,4,9.629036827239109e-05,9.629036827239109e-05,1.0,ex,l2sq,8217.592903852463
2026-05-20T09:08:52.033988,227,243395,-418.0,-452.5,59,0.30244565217391306,5.235,0.39,19,19,-0.0017679751705145796,0.9546166956424713,0.2856420502066612,0.0003909922064394694,0.004492187435971573,0.0,0.0,4,9.627592519860207e-05,9.627592519860207e-05,1.0,ex,l2sq,8248.570913553238
2026-05-20T09:09:28.170313,228,244450,-405.0,-405.0,62,0.30434782608695654,5.37,0.4,16,19,-0.0033787399937864615,0.9837778061628342,0.3271882086992264,0.001299963116480285,0.0062500000931322575,0.0,0.0,4,9.626148405052413e-05,9.626148405052413e-05,1.0,ex,l2sq,8284.707290410995
2026-05-20T09:10:00.133137,229,245525,-498.0,-451.5,55,0.3046195652173913,5.34,0.37,19,19,-0.0012070697084709536,0.8921680599451065,0.29155491292476654,-9.213678003983788e-06,0.0015624999796273187,0.0,0.0,4,9.624704530922397e-05,9.624704530922397e-05,1.0,ex,l2sq,8316.670095205307
2026-05-20T09:10:35.331357,230,246552,-393.0,-393.0,60,0.3035326086956522,5.41,0.4,14,19,-0.002974212175468005,0.917966865003109,0.31194715946912766,0.0010446838379721268,0.003906250101863407,0.0,0.0,4,9.622779686263257e-05,9.622779686263257e-05,1.0,ex,l2sq,8351.86831355095
2026-05-20T09:11:05.506019,231,247573,-427.0,-410.0,50,0.2997282608695652,5.285,0.38,19,19,-0.002274344864417799,0.9847192168235779,0.314065158367157,0.0010297811545569857,0.0027343750989530236,0.0,0.0,4,9.62133629336847e-05,9.62133629336847e-05,1.0,ex,l2sq,8382.042991399765
2026-05-20T09:11:41.455056,232,248614,-487.0,-487.0,52,0.2980978260869565,5.28,0.47,14,19,-0.0012102578046325752,1.0045958012342453,0.3032878674566746,0.0009882423615749925,0.001367187505820766,0.0,0.0,4,9.619893141031147e-05,9.619893141031147e-05,1.0,ex,l2sq,8417.992021799088
2026-05-20T09:12:12.148145,233,249654,-477.0,-482.0,51,0.29538043478260867,5.05,0.39,19,19,-0.0018467095374944398,0.9773589596152306,0.31051644310355186,-0.00015199260624285116,0.0023437500494765118,0.0,0.0,4,9.617969258601873e-05,9.617969258601873e-05,1.0,ex,l2sq,8448.685102939606
2026-05-20T09:12:50.257042,234,250760,-522.0,-522.0,52,0.29592391304347826,5.235,0.34,12,19,-0.0009694800122814762,0.9521503448486328,0.3005135580897331,-0.00034672997098822433,0.0,0.0,0.0,4,9.616526587259207e-05,9.616526587259207e-05,1.0,ex,l2sq,8486.793989419937
2026-05-20T09:13:20.966512,235,251799,-469.0,-495.5,50,0.29538043478260867,5.165,0.31,19,19,-0.002551060610130662,0.9599945545196533,0.3010343685746193,0.001005490461915337,0.0003906250058207661,0.0,0.0,4,9.61508415635375e-05,9.61508415635375e-05,1.0,ex,l2sq,8517.503458499908
2026-05-20T09:13:58.368960,236,252889,-488.0,-488.0,50,0.296195652173913,5.26,0.26,12,19,-0.0011771084984502078,0.9627234041690826,0.28967801108956337,0.0009676209695499045,0.00019531250291038305,0.0,0.0,4,9.613161235673322e-05,9.613161235673322e-05,1.0,ex,l2sq,8554.90592265129
2026-05-20T09:14:30.309934,237,253968,-433.0,-460.5,68,0.3005434782608696,5.36,0.41,19,19,-0.0015894770549493842,0.9212088584899902,0.28243376314640045,-0.00034385407952869373,0.0,0.0,0.0,4,9.611719285522075e-05,9.611719285522075e-05,1.0,ex,l2sq,8586.846893072128
2026-05-20T09:15:06.044764,238,255004,-440.0,-440.0,56,0.30027173913043476,5.235,0.44,14,19,-0.0015916793103316618,0.966030515730381,0.29020965099334717,0.0009874235442708101,0.0011718750465661287,0.0,0.0,4,9.610277575687845e-05,9.610277575687845e-05,1.0,ex,l2sq,8622.58172750473
2026-05-20T09:15:37.155527,239,256057,-436.0,-438.0,49,0.296195652173913,5.39,0.47,19,19,-0.0023904830581159275,0.9366291612386703,0.2953556850552559,0.0003774405860667643,0.0019531250291038305,0.0,0.0,4,9.608355616275483e-05,9.608355616275483e-05,1.0,ex,l2sq,8653.692500114441
2026-05-20T09:16:12.935884,240,257126,-546.0,-546.0,39,0.29239130434782606,5.37,0.49,15,19,-0.0011288196328678168,0.9079318791627884,0.26757314801216125,0.0010124507741238742,0.0003906250058207661,0.0,0.0,4,9.606914386955133e-05,9.606914386955133e-05,1.0,ex,l2sq,8689.472835063934
2026-05-20T09:16:44.885885,241,258175,-426.0,-486.0,57,0.29239130434782606,5.37,0.39,19,19,-0.0020490840021011314,0.9520131126046181,0.2954271696507931,0.00025292306454499647,0.0023437500494765118,0.0,0.0,4,9.605473397831661e-05,9.605473397831661e-05,1.0,ex,l2sq,8721.422832489014
2026-05-20T09:17:21.348514,242,259194,-379.0,-379.0,66,0.29456521739130437,5.485,0.31,12,19,-0.0028653130284510553,0.9474902749061584,0.30553508549928665,0.0004994052833353635,0.0035156249650754035,0.0,0.0,4,9.60403260083687e-05,9.60403260083687e-05,1.0,ex,l2sq,8757.885466575623
2026-05-20T09:17:51.550858,243,260215,-387.0,-383.0,66,0.29782608695652174,5.385,0.26,19,19,-0.0016352713944797863,0.9360689520835876,0.29221484810113907,0.0003596492636916068,0.0011718750465661287,0.0,0.0,4,9.602592043966908e-05,9.602592043966908e-05,1.0,ex,l2sq,8788.08780837059
2026-05-20T09:18:27.096978,244,261253,-449.0,-449.0,59,0.3,5.255,0.27,15,19,-0.0023576190695165644,0.9747157990932465,0.30001167207956314,0.0002683709420580188,0.0025390625378349796,0.0,0.0,4,9.600671621584035e-05,9.600671621584035e-05,1.0,ex,l2sq,8823.63394665718
2026-05-20T09:18:58.427379,245,262387,-509.0,-479.0,45,0.29728260869565215,5.455,0.32,19,19,-0.0016399257554442492,0.951805055141449,0.3044682741165161,-5.878058145753623e-05,0.0,0.0,0.0,4,9.599231544843677e-05,9.599231544843677e-05,1.0,ex,l2sq,8854.964304685593
2026-05-20T09:19:34.172264,246,263439,-434.0,-434.0,54,0.29891304347826086,5.39,0.33,17,19,-0.0027699240439688078,0.9915956780314445,0.29766254127025604,0.0005415479673388079,0.008593750011641532,0.0,0.0,4,9.597791708108107e-05,9.597791708108107e-05,1.0,ex,l2sq,8890.709212303162
2026-05-20T09:20:07.917370,247,264571,-467.0,-450.5,59,0.29891304347826086,5.73,0.43,19,19,-0.001570890846778611,0.9431045949459076,0.3143884465098381,8.101268691689542e-05,0.0019531249854480848,0.0,0.0,4,9.595872245744404e-05,9.595872245744404e-05,1.0,ex,l2sq,8924.454290390015
2026-05-20T09:20:45.474085,248,265670,-424.0,-424.0,65,0.2997282608695652,5.895,0.44,18,19,-0.002065010021033209,0.9436970725655556,0.30737007036805153,0.0012040553321867181,0.0013671875203726813,0.0,0.0,4,9.593953167253978e-05,9.593953167253978e-05,1.0,ex,l2sq,8962.011051893234
2026-05-20T09:21:15.025901,249,266677,-391.0,-407.5,52,0.29891304347826086,5.715,0.36,19,19,-0.0015930071851473215,0.9458468109369278,0.27914250642061234,0.00018098701184499077,0.0011718750465661287,0.0,0.0,4,9.592514098264972e-05,9.592514098264972e-05,1.0,ex,l2sq,8991.562866210938
2026-05-20T09:21:52.564225,250,267743,-376.0,-376.0,66,0.3005434782608696,5.635,0.29,17,19,-0.0019406192266614442,0.9433896839618683,0.2975522540509701,0.0012151187574318111,0.0013671875349245965,0.0,0.0,4,9.591075269112803e-05,9.591075269112803e-05,1.0,ex,l2sq,9029.101166009903
2026-05-20T09:22:23.156296,251,268823,-561.0,-468.5,45,0.29918478260869563,5.605,0.26,19,19,-0.001562545818160288,0.9520966708660126,0.29183200746774673,0.000571038679117908,0.0007812500116415322,0.0,0.0,4,9.589157149969733e-05,9.589157149969733e-05,1.0,ex,l2sq,9059.693252801895
2026-05-20T09:22:58.975186,252,269870,-422.0,-422.0,63,0.30217391304347824,5.375,0.32,18,19,-0.0024228214984760577,0.9484625160694122,0.31219756603240967,0.001020145539587236,0.0015625000232830644,0.0,0.0,4,9.58771880037133e-05,9.58771880037133e-05,1.0,ex,l2sq,9095.512124538422
2026-05-20T09:23:30.900104,253,270977,-483.0,-452.5,56,0.3035326086956522,5.585,0.38,19,19,-0.0025370104616740385,0.9918703809380531,0.30680711939930916,0.0002553645325520104,0.0013671875494765118,0.0,0.0,4,9.586280690489869e-05,9.586280690489869e-05,1.0,ex,l2sq,9127.437042713165
2026-05-20T09:24:05.267109,254,271991,-437.0,-437.0,51,0.3032608695652174,5.275,0.34,17,19,-0.002065916567516979,0.9835298657417297,0.3089873716235161,-0.0001447316222766004,0.0003906250058207661,0.0,0.0,4,9.584842772353195e-05,9.584842772353195e-05,1.0,ex,l2sq,9161.804059505463
2026-05-20T09:24:36.406972,255,273034,-464.0,-450.5,51,0.3035326086956522,5.19,0.32,19,19,-0.0025504887827992317,0.9732934236526489,0.28681568428874016,0.0008790487226633392,0.0031249999592546374,0.0,0.0,4,9.583405093861557e-05,9.583405093861557e-05,1.0,ex,l2sq,9192.943888187408
2026-05-20T09:25:12.773832,256,274143,-430.0,-430.0,69,0.30869565217391304,5.28,0.33,14,19,-0.0010762062185676324,0.9832812324166298,0.296597708016634,0.0002453986943919684,0.0029296874563442543,0.0,0.0,4,9.581488508676835e-05,9.581488508676835e-05,1.0,ex,l2sq,9229.310817718506
2026-05-20T09:25:43.095328,257,275149,-373.0,-401.5,59,0.30625,5.21,0.32,19,19,-0.0027141153695993125,0.9314568638801575,0.3042735084891319,-2.1620077586659292e-05,0.0,0.0,0.0,4,9.580051309355453e-05,9.580051309355453e-05,1.0,ex,l2sq,9259.632218122482
2026-05-20T09:26:20.508202,258,276227,-426.0,-426.0,58,0.30679347826086956,5.18,0.32,14,19,-0.0017516434350908217,0.9675812721252441,0.2799438610672951,0.0007173887895533249,0.0005859375087311491,0.0,0.0,4,9.578614349559306e-05,9.578614349559306e-05,1.0,ex,l2sq,9297.045182704926
2026-05-20T09:26:49.157431,259,277247,-425.0,-425.5,53,0.3078804347826087,5.115,0.35,19,19,-0.0021962471524603067,0.9785318896174431,0.2954675890505314,0.0006275571244941658,0.0037109376426087692,0.0,0.0,4,9.576698722475537e-05,9.576698722475537e-05,1.0,ex,l2sq,9325.694341897964
2026-05-20T09:27:23.084846,260,278239,-466.0,-466.0,46,0.30978260869565216,5.05,0.28,17,19,-0.0017158508620922497,0.9870941936969757,0.3038385808467865,7.601477936991508e-05,0.0007812500116415322,0.0,0.0,4,9.57526224161011e-05,9.57526224161011e-05,1.0,ex,l2sq,9359.621829271317
2026-05-20T09:27:54.498568,261,279302,-349.0,-407.5,56,0.3095108695652174,5.265,0.34,19,19,-0.003473619729629729,0.9704870656132698,0.3046904392540455,0.001041569595622599,0.007421875008731149,0.0,0.0,4,9.57382600015018e-05,9.57382600015018e-05,1.0,ex,l2sq,9391.035510063171
2026-05-20T09:28:30.381675,262,280356,-474.0,-474.0,50,0.30516304347826084,5.335,0.41,16,19,-0.002052626067597818,0.9677105620503426,0.30406923219561577,-7.516219427543616e-05,0.005468750008731149,0.0,0.0,4,9.571911330688411e-05,9.571911330688411e-05,1.0,ex,l2sq,9426.918635129929
2026-05-20T09:28:59.685023,263,281353,-424.0,-449.0,51,0.3010869565217391,5.38,0.32,19,19,-0.0036928833345881706,0.9506116509437561,0.2990170270204544,0.003893124363094108,0.012109374860301614,0.0,0.0,4,9.570475567919782e-05,9.570475567919782e-05,1.0,ex,l2sq,9456.221959590912
2026-05-20T09:29:36.828670,264,282439,-428.0,-428.0,60,0.30135869565217394,5.605,0.41,14,19,-0.0023040920510538354,0.933840848505497,0.28388164192438126,0.0010937151100279194,0.0035156250960426405,0.0,0.0,4,9.569040044436972e-05,9.569040044436972e-05,1.0,ex,l2sq,9493.365630626678
2026-05-20T09:30:08.399292,265,283507,-463.0,-445.5,55,0.3040760869565217,5.435,0.33,19,19,-0.0028093114669900388,0.9540899842977524,0.2984275370836258,0.001637142613753896,0.0015625000232830644,0.0,0.0,4,9.567604712354104e-05,9.567604712354104e-05,1.0,ex,l2sq,9524.936242580414
2026-05-20T09:30:44.978720,266,284570,-420.0,-420.0,63,0.3065217391304348,5.305,0.26,13,19,-0.0028490271797636524,0.9433239996433258,0.2955912686884403,2.240443164961553e-05,0.0052734375931322575,0.0,0.0,4,9.566169619485275e-05,9.566169619485275e-05,1.0,ex,l2sq,9561.515686035156
2026-05-20T09:31:14.826607,267,285628,-411.0,-415.5,59,0.3065217391304348,5.435,0.31,19,19,-0.0016076691594206771,0.9102065041661263,0.29064562171697617,0.0006397788873982596,0.0015625000087311491,0.0,0.0,4,9.564256481223073e-05,9.564256481223073e-05,1.0,ex,l2sq,9591.363571166992
2026-05-20T09:31:50.274941,268,286666,-382.0,-382.0,68,0.30733695652173915,5.425,0.33,13,19,-0.0030343652178999037,0.9391941875219345,0.3191543519496918,0.0001460949701140718,0.003515625139698386,0.0,0.0,4,9.562821866662727e-05,9.562821866662727e-05,1.0,ex,l2sq,9626.811914682388
2026-05-20T09:32:20.568052,269,287695,-398.0,-390.0,55,0.3081521739130435,5.335,0.36,19,19,-0.0024503778724465908,0.963219590485096,0.28627119213342667,-3.6790196679702125e-05,0.004296875165891834,0.0,0.0,4,9.561387491196838e-05,9.561387491196838e-05,1.0,ex,l2sq,9657.105006217957
2026-05-20T09:32:55.100658,270,288744,-468.0,-468.0,49,0.3035326086956522,5.16,0.32,14,19,-0.0018231509675388224,1.0216959491372108,0.30487820878624916,-0.0001262295601122676,0.0019531250291038305,0.0,0.0,4,9.559475309312473e-05,9.559475309312473e-05,1.0,ex,l2sq,9691.63761973381
2026-05-20T09:33:26.582550,271,289813,-461.0,-464.5,50,0.3048913043478261,5.165,0.26,19,19,-0.002395486895693466,0.9209314286708832,0.3000156283378601,0.0013979419535644633,0.005078125046566129,0.0,0.0,4,9.55804141191596e-05,9.55804141191596e-05,1.0,ex,l2sq,9723.119506597519
2026-05-20T09:34:00.727797,272,290841,-395.0,-395.0,53,0.30217391304347824,5.27,0.4,16,19,-0.002199133508838713,0.9767043963074684,0.30222056806087494,0.00027132542088567635,0.0029296875145519152,0.0,0.0,4,9.55660775349438e-05,9.55660775349438e-05,1.0,ex,l2sq,9757.264762878418
2026-05-20T09:34:30.317360,273,291852,-465.0,-430.0,50,0.3005434782608696,5.235,0.4,19,19,-0.0020701625064248885,0.9738981276750565,0.30608558282256126,0.00042062580246242376,0.0005859375087311491,0.0,0.0,4,9.554696527509757e-05,9.554696527509757e-05,1.0,ex,l2sq,9786.854308605194
2026-05-20T09:35:05.100533,274,292870,-411.0,-411.0,53,0.3010869565217391,5.175,0.42,14,19,-0.0022633098182267553,0.9503303021192551,0.30847907066345215,0.0013710615623494515,0.0050781251629814506,0.0,0.0,4,9.553263346918566e-05,9.553263346918566e-05,1.0,ex,l2sq,9821.637506723404
2026-05-20T09:35:34.926649,275,293923,-394.0,-402.5,61,0.30380434782608695,4.87,0.33,19,19,-0.002049181307666015,0.972593404352665,0.31771209090948105,0.0007784733929383832,0.008007812430150807,0.0,0.0,4,9.551830405182845e-05,9.551830405182845e-05,1.0,ex,l2sq,9851.463576078415
2026-05-20T09:36:09.145136,276,294919,-349.0,-349.0,65,0.3027173913043478,4.8,0.33,13,19,-0.0020471424068091437,0.9830204099416733,0.2977413460612297,0.0008830176748233498,0.0007812500116415322,0.0,0.0,4,9.550397654502838e-05,9.550397654502838e-05,1.0,ex,l2sq,9885.682087421417
2026-05-20T09:36:38.774790,277,295975,-469.0,-409.0,47,0.29945652173913045,4.98,0.32,19,19,-0.0024142198817571625,0.9734762907028198,0.30170517787337303,0.0007330481931603627,0.004296875049476512,0.0,0.0,4,9.548965142606651e-05,9.548965142606651e-05,1.0,ex,l2sq,9915.311718702316
2026-05-20T09:37:15.958251,278,297062,-447.0,-447.0,54,0.29836956521739133,5.135,0.31,13,19,-0.00265065957646593,0.9380230382084846,0.3071027658879757,0.0004692249524850811,0.003710937569849193,0.0,0.0,4,9.547055445067781e-05,9.547055445067781e-05,1.0,ex,l2sq,9952.49520277977
2026-05-20T09:37:44.502146,279,298053,-366.0,-406.5,61,0.3005434782608696,5.26,0.32,19,19,-0.0008909940959711538,1.0238211750984192,0.3087793216109276,0.0003248991130931078,0.0,0.0,0.0,4,9.545623410619853e-05,9.545623410619853e-05,1.0,ex,l2sq,9981.039086818695
2026-05-20T09:38:19.203662,280,299121,-455.0,-455.0,47,0.30081521739130435,5.36,0.28,13,19,-0.0027794435998660383,0.9643481522798538,0.2938860207796097,0.0007930338155347216,0.005273437578580342,0.0,0.0,4,9.544191614836377e-05,9.544191614836377e-05,1.0,ex,l2sq,10015.74065208435
2026-05-20T09:38:48.592470,281,300121,-380.0,-417.5,54,0.30027173913043476,5.3,0.25,19,19,-0.0006488383019587207,0.9434796869754791,0.289041630923748,0.0017195781007785516,0.0031249999592546374,0.0,0.0,4,9.542760009955823e-05,9.542760009955823e-05,1.0,ex,l2sq,10045.129400968552
2026-05-20T09:39:22.878905,282,301187,-402.0,-402.0,58,0.30244565217391306,5.155,0.24,13,19,-0.0021655105243552977,0.9381612092256546,0.28638703003525734,0.0001464011921598063,0.0005859375232830644,0.0,0.0,4,9.541328643668129e-05,9.541328643668129e-05,1.0,ex,l2sq,10079.415881156921
2026-05-20T09:39:54.054533,283,302241,-439.0,-420.5,53,0.3029891304347826,5.19,0.29,19,19,-0.002005289874796312,0.9676516279578209,0.3075551949441433,0.0006218133881929905,0.002343750005820766,0.0,0.0,4,9.539420473352682e-05,9.539420473352682e-05,1.0,ex,l2sq,10110.591490983963
2026-05-20T09:40:30.107134,284,303333,-496.0,-496.0,52,0.30081521739130435,5.195,0.31,13,19,-0.003834262595046267,0.9458744525909424,0.28516457974910736,-0.00016665389866829527,0.005468750197906047,0.0,0.0,4,9.537989584131424e-05,9.537989584131424e-05,1.0,ex,l2sq,10146.64407324791
2026-05-20T09:41:02.929915,285,304438,-451.0,-473.5,60,0.30217391304347824,5.305,0.37,19,19,-0.002004958724137307,0.9587128236889839,0.2997390292584896,0.0015091706290377427,0.0029296875,0.0,0.0,4,9.536558933383751e-05,9.536558933383751e-05,1.0,ex,l2sq,10179.46687245369
2026-05-20T09:41:39.565895,286,305514,-477.0,-477.0,51,0.29891304347826086,5.365,0.36,14,19,-0.002643903376883805,0.956022135913372,0.2988545261323452,0.0023672918615147767,0.006445312392315827,0.0,0.0,4,9.534651716962664e-05,9.534651716962664e-05,1.0,ex,l2sq,10216.102860450745
2026-05-20T09:42:10.225386,287,306555,-369.0,-423.0,60,0.29918478260869563,5.5,0.31,19,19,-0.0011081988122896291,0.9391494542360306,0.2835235446691513,0.001274107077006259,0.0035156249650754035,0.0,0.0,4,9.533221543042941e-05,9.533221543042941e-05,1.0,ex,l2sq,10246.762338161469
2026-05-20T09:42:46.641698,288,307621,-486.0,-486.0,42,0.2921195652173913,5.405,0.28,13,19,-0.0018101342144292154,0.9503458961844444,0.282226026058197,9.786757955223754e-05,0.0015625000523868948,0.0,0.0,4,9.531791607477591e-05,9.531791607477591e-05,1.0,ex,l2sq,10283.178661346436
2026-05-20T09:43:19.391821,289,308723,-415.0,-450.5,63,0.29429347826086955,5.34,0.19,19,19,-0.0036066573607967944,0.9429226815700531,0.29825644567608833,0.0014426221120629745,0.003515625008731149,0.0,0.0,4,9.529885344474013e-05,9.529885344474013e-05,1.0,ex,l2sq,10315.92874789238
2026-05-20T09:43:55.410034,290,309778,-494.0,-494.0,43,0.2926630434782609,5.175,0.25,16,19,-0.0031872732768534195,0.9562985375523567,0.2970276512205601,0.0023237814891217887,0.010742187645519152,0.0,0.0,4,9.527979462703971e-05,9.527979462703971e-05,1.0,ex,l2sq,10351.947009325027
2026-05-20T09:44:24.379991,291,310764,-450.0,-472.0,44,0.2910326086956522,4.99,0.28,19,19,-0.002859851712128103,0.957535445690155,0.30585822463035583,0.00040312883947990485,0.003515625139698386,0.0,0.0,4,9.526550289605705e-05,9.526550289605705e-05,1.0,ex,l2sq,10380.916914701462
2026-05-20T09:44:59.562469,292,311794,-469.0,-469.0,51,0.2904891304347826,5.07,0.38,13,19,-0.0019307414644572363,0.9743922427296638,0.3023310713469982,0.0007765118263023396,0.0033203125931322575,0.0,0.0,4,9.525121354695014e-05,9.525121354695014e-05,1.0,ex,l2sq,10416.099434375763
2026-05-20T09:45:33.974112,293,312950,-568.0,-518.5,44,0.2888586956521739,5.05,0.42,19,19,-0.003153963474323951,0.9987347573041916,0.3150719776749611,0.0039339007182206814,0.009765624825377017,0.0,0.0,4,9.523692610305805e-05,9.523692610305805e-05,1.0,ex,l2sq,10450.51101732254
2026-05-20T09:46:10.141189,294,314031,-461.0,-461.0,48,0.2875,5.18,0.44,13,19,-0.002003239509212995,0.9622883424162865,0.33082038536667824,0.0002309129226205145,0.0015625000523868948,0.0,0.0,4,9.522264104032722e-05,9.522264104032722e-05,1.0,ex,l2sq,10486.678168296814
2026-05-20T09:46:40.789516,295,315083,-475.0,-468.0,47,0.28369565217391307,5.25,0.41,19,19,-0.0016718208863494288,0.9664465487003326,0.30266762524843216,0.00036080518511880447,0.00019531250291038305,0.0,0.0,4,9.520359746434555e-05,9.520359746434555e-05,1.0,ex,l2sq,10517.326417684555
2026-05-20T09:47:16.453156,296,316129,-376.0,-376.0,52,0.2801630434782609,5.41,0.39,12,19,-0.0014922142378051007,0.9602171033620834,0.31161200255155563,-0.0005029689767980031,0.0007812500116415322,0.0,0.0,4,9.51893171627468e-05,9.51893171627468e-05,1.0,ex,l2sq,10552.990124225616
2026-05-20T09:47:48.936289,297,317222,-391.0,-383.5,58,0.2831521739130435,5.445,0.36,19,19,-0.002374241173674796,0.9598131850361824,0.30535515025258064,0.0010305774215794497,0.0042968750931322575,0.0,0.0,4,9.517503924111898e-05,9.517503924111898e-05,1.0,ex,l2sq,10585.473190546036
2026-05-20T09:48:24.718258,298,318271,-398.0,-398.0,57,0.28396739130434784,5.33,0.31,15,19,-0.0022195641427968926,0.9544466435909271,0.3177129700779915,0.002015271574953202,0.004882812456344254,0.0,0.0,4,9.515600518502114e-05,9.515600518502114e-05,1.0,ex,l2sq,10621.255235910416
2026-05-20T09:48:53.717951,299,319299,-412.0,-405.0,54,0.28206521739130436,5.345,0.33,19,19,-0.0005042009270255221,1.0407518446445465,0.28778642416000366,0.0011339286565998918,0.003515625139698386,0.0,0.0,4,9.51417320221453e-05,9.51417320221453e-05,1.0,ex,l2sq,10650.254856586456
2026-05-20T09:49:29.485303,300,320297,-394.0,-394.0,54,0.28396739130434784,5.1,0.3,14,19,-0.0018370181111094785,0.9582415074110031,0.3369554840028286,0.000861772193002236,0.0027343750989530236,0.0,0.0,4,9.512746123805063e-05,9.512746123805063e-05,1.0,ex,l2sq,10686.022262334824
2026-05-20T09:50:00.672877,301,321395,-461.0,-427.5,47,0.28206521739130436,4.945,0.33,19,19,-0.002121087544946998,0.9732687547802925,0.31113632768392563,0.000329701096961843,0.0011718750465661287,0.0,0.0,4,9.510843669707764e-05,9.510843669707764e-05,1.0,ex,l2sq,10717.209780693054
2026-05-20T09:50:36.078542,302,322437,-464.0,-464.0,52,0.28043478260869564,5.015,0.32,16,19,-0.0017966851853998822,0.9927174299955368,0.2834354564547539,0.0014525727162436053,0.0019531250291038305,0.0,0.0,4,9.509417066935607e-05,9.509417066935607e-05,1.0,ex,l2sq,10752.61552453041
2026-05-20T09:51:06.798880,303,323496,-495.0,-479.5,46,0.27853260869565216,5.105,0.38,19,19,-0.002505745808593862,0.9617770090699196,0.3044855333864689,-0.0015439295027135091,0.005273437694995664,0.0,0.0,4,9.507990701922652e-05,9.507990701922652e-05,1.0,ex,l2sq,10783.335777282715
2026-05-20T09:51:41.344753,304,324523,-464.0,-464.0,47,0.27717391304347827,5.22,0.39,15,19,-0.0033761192724338918,0.9642179310321808,0.3117402121424675,0.001798480868865221,0.010351562406867743,0.0,0.0,4,9.506089198862175e-05,9.506089198862175e-05,1.0,ex,l2sq,10817.881732702255
2026-05-20T09:52:11.584409,305,325549,-453.0,-458.5,51,0.2747282608695652,5.34,0.36,19,19,-0.0019432768851399551,0.9521734565496445,0.3036016672849655,0.0008340292793946047,0.001953125058207661,0.0,0.0,4,9.504663309248757e-05,9.504663309248757e-05,1.0,ex,l2sq,10848.121361017227
2026-05-20T09:52:48.071160,306,326602,-427.0,-427.0,58,0.2766304347826087,5.44,0.38,13,19,-0.0015800677774677752,0.9661792814731598,0.2797265239059925,-3.4066284342770814e-05,0.0005859375232830644,0.0,0.0,4,9.503237657275686e-05,9.503237657275686e-05,1.0,ex,l2sq,10884.608122348785
2026-05-20T09:53:20.086101,307,327684,-397.0,-412.0,61,0.2769021739130435,5.345,0.24,19,19,-0.001866836873523403,0.9763301908969879,0.286562692373991,0.0003661060169648095,0.0005859375087311491,0.0,0.0,4,9.501337104776607e-05,9.501337104776607e-05,1.0,ex,l2sq,10916.623034000397
2026-05-20T09:53:56.133451,308,328720,-374.0,-374.0,62,0.2823369565217391,5.5,0.21,14,19,-0.0027313649537972218,0.9665281921625137,0.2896922007203102,0.0014311037160951168,0.0011718750465661287,0.0,0.0,4,9.499911927965422e-05,9.499911927965422e-05,1.0,ex,l2sq,10952.67040348053
2026-05-20T09:54:27.150499,309,329746,-419.0,-396.5,53,0.2796195652173913,5.425,0.15,19,19,-0.00282269759336487,0.946416549384594,0.2863325700163841,0.000576521604034496,0.0015624999796273187,0.0,0.0,4,9.498486988675787e-05,9.498486988675787e-05,1.0,ex,l2sq,10983.687387943268
2026-05-20T09:55:03.563995,310,330789,-410.0,-410.0,63,0.28505434782608696,5.42,0.17,13,19,-0.0016731649724534003,0.9964388310909271,0.2935720980167389,0.0005682980638994223,0.0015625000232830644,0.0,0.0,4,9.49706223937489e-05,9.49706223937489e-05,1.0,ex,l2sq,11020.100974798203
2026-05-20T09:55:35.637823,311,331851,-457.0,-433.5,55,0.28804347826086957,5.435,0.24,19,19,-0.0018093746366502628,0.9831443205475807,0.2746092565357685,-0.0007656694503566486,0.0007812500116415322,0.0,0.0,4,9.495637727524296e-05,9.495637727524296e-05,1.0,ex,l2sq,11052.17472243309
2026-05-20T09:56:10.911058,312,332920,-431.0,-431.0,62,0.2910326086956522,5.47,0.36,15,19,-0.00226341047819012,0.9409806951880455,0.31063345447182655,0.000484159290806474,0.0007812500116415322,0.0,0.0,4,9.493738694935167e-05,9.493738694935167e-05,1.0,ex,l2sq,11087.4480509758
2026-05-20T09:56:41.884117,313,333954,-418.0,-424.5,50,0.2926630434782609,5.395,0.38,19,19,-0.002330005570548188,0.9535641670227051,0.295021191239357,0.0011874023846757953,0.003906250145519152,0.0,0.0,4,9.492314657866461e-05,9.492314657866461e-05,1.0,ex,l2sq,11118.421004772186
2026-05-20T09:57:18.361441,314,335004,-428.0,-428.0,52,0.29375,5.515,0.4,13,19,-0.00144313167184007,0.9667531326413155,0.2955991066992283,0.0004692913032386045,0.0007812500261934474,0.0,0.0,4,9.490890858129356e-05,9.490890858129356e-05,1.0,ex,l2sq,11154.898405075073
2026-05-20T09:57:51.037285,315,336089,-435.0,-431.5,58,0.2967391304347826,5.41,0.32,19,19,-0.0020380038811709245,0.9426873624324799,0.2968604788184166,0.000383665224944707,0.00019531250291038305,0.0,0.0,4,9.488992774866638e-05,9.488992774866638e-05,1.0,ex,l2sq,11187.574182510376
2026-05-20T09:58:27.868719,316,337151,-389.0,-389.0,61,0.29918478260869563,5.34,0.27,13,19,-0.0018110081524360666,0.8770796656608582,0.2931787148118019,0.001320136867161592,0.0011718750465661287,0.0,0.0,4,9.487569449674076e-05,9.487569449674076e-05,1.0,ex,l2sq,11224.405692100525
2026-05-20T09:58:59.694675,317,338209,-405.0,-397.0,55,0.29836956521739133,5.27,0.24,19,19,-0.002255024816258888,0.9484725520014763,0.28849203884601593,3.666894358500539e-05,0.0033203126658918336,0.0,0.0,4,9.486146361694472e-05,9.486146361694472e-05,1.0,ex,l2sq,11256.231568098068
2026-05-20T09:59:37.140147,318,339295,-487.0,-487.0,57,0.29836956521739133,5.43,0.26,17,19,-0.002856385734048672,0.9358121156692505,0.29505356401205063,8.489603060299333e-05,0.003906250101863407,0.0,0.0,4,9.484249227283598e-05,9.484249227283598e-05,1.0,ex,l2sq,11293.67713189125
2026-05-20T10:00:10.108209,319,340391,-485.0,-486.0,47,0.29646739130434785,5.365,0.28,19,19,-0.001267486851338706,1.0001652836799622,0.29380661994218826,-0.0006637031964601414,0.0,0.0,0.0,4,9.482826613611313e-05,9.482826613611313e-05,1.0,ex,l2sq,11326.645082473755
2026-05-20T10:00:44.755195,320,341428,-462.0,-462.0,55,0.2967391304347826,5.37,0.26,16,19,-0.0031638574058888425,0.9878361970186234,0.29575540870428085,0.0007933697506814497,0.010937499930150807,0.0,0.0,4,9.481404237033404e-05,9.481404237033404e-05,1.0,ex,l2sq,11361.292169332504
2026-05-20T10:01:16.263370,321,342479,-446.0,-454.0,43,0.2956521739130435,5.45,0.34,19,19,-0.003456424962496374,0.9612772539258003,0.30028626695275307,0.0004094167066341567,0.01269531280559022,0.0,0.0,4,9.47950805100004e-05,9.47950805100004e-05,1.0,ex,l2sq,11392.8002576828
2026-05-20T10:01:50.916545,322,343497,-405.0,-405.0,59,0.297554347826087,5.355,0.3,17,19,-0.002890499698696647,0.9992207884788513,0.2970091477036476,-0.0011736453908268718,0.011328125139698386,0.0,0.0,4,9.478086148492346e-05,9.478086148492346e-05,1.0,ex,l2sq,11427.4534740448
2026-05-20T10:02:22.286527,323,344555,-445.0,-425.0,57,0.3005434782608696,5.2,0.33,19,19,-0.0009120248112595153,0.9309428632259369,0.26671329513192177,-0.0008826310045606071,0.0013671875494765118,0.0,0.0,4,9.476664482960503e-05,9.476664482960503e-05,1.0,ex,l2sq,11458.823449373245
2026-05-20T10:02:57.234794,324,345586,-416.0,-416.0,53,0.30217391304347824,5.245,0.3,17,19,-0.001303152745822489,0.9387504905462265,0.26043010503053665,0.0009085146180950743,0.0011718750174622983,0.0,0.0,4,9.475243006980906e-05,9.475243006980906e-05,1.0,ex,l2sq,11493.771758556366
2026-05-20T10:03:27.621166,325,346619,-394.0,-405.0,57,0.30380434782608695,5.235,0.21,19,19,-0.0025815342160058208,0.9424984157085419,0.29097432270646095,0.000174059219898476,0.0025390625960426405,0.0,0.0,4,9.473821767906073e-05,9.473821767906073e-05,1.0,ex,l2sq,11524.158104896545
2026-05-20T10:04:02.009951,326,347674,-413.0,-413.0,52,0.30217391304347824,5.2,0.23,15,19,-0.0027870674151927732,0.9548706859350204,0.3033023998141289,0.00025955006467481834,0.003906250014551915,0.0,0.0,4,9.47192709829071e-05,9.47192709829071e-05,1.0,ex,l2sq,11558.5469455719
2026-05-20T10:04:33.513178,327,348743,-399.0,-406.0,58,0.30135869565217394,5.34,0.31,19,19,-0.002188368950737596,0.927226185798645,0.3002742603421211,0.0010957231651445576,0.007812500116415322,0.0,0.0,4,9.470506332906969e-05,9.470506332906969e-05,1.0,ex,l2sq,11590.05013370514
2026-05-20T10:05:09.414574,328,349805,-434.0,-434.0,56,0.2997282608695652,5.35,0.33,13,19,-0.0019458611277514137,0.92874975502491,0.29251716658473015,0.00036459716779971285,0.003125000119325705,0.0,0.0,4,9.469085804309564e-05,9.469085804309564e-05,1.0,ex,l2sq,11625.95154953003
2026-05-20T10:05:40.377514,329,350853,-441.0,-437.5,51,0.29918478260869563,5.39,0.32,19,19,-0.0020123076013988106,0.9366350173950195,0.2943030335009098,-0.00011194359258297204,0.0005859375087311491,0.0,0.0,4,9.46719208183956e-05,9.46719208183956e-05,1.0,ex,l2sq,11656.914418458939
2026-05-20T10:06:16.210905,330,351883,-361.0,-361.0,57,0.297554347826087,5.335,0.34,13,19,-0.00257251560688021,0.9276907444000244,0.2691591680049896,0.0001887878539491572,0.0023437500931322575,0.0,0.0,4,9.465772026696448e-05,9.465772026696448e-05,1.0,ex,l2sq,11692.747889518738
2026-05-20T10:06:47.208815,331,352927,-394.0,-377.5,52,0.2967391304347826,5.295,0.33,19,19,-0.0023393649840727226,0.9880778789520264,0.31538286060094833,0.002794305948782494,0.003906250116415322,0.0,0.0,4,9.464352208221304e-05,9.464352208221304e-05,1.0,ex,l2sq,11723.745732069016
2026-05-20T10:07:24.737256,332,353993,-449.0,-449.0,57,0.29538043478260867,5.35,0.39,14,19,-0.002082520426483825,0.9233290106058121,0.29425786808133125,0.0021090699093747056,0.0027343750261934474,0.0,0.0,4,9.462459432423182e-05,9.462459432423182e-05,1.0,ex,l2sq,11761.274220466614
2026-05-20T10:07:56.677811,333,355044,-414.0,-431.5,57,0.29728260869565215,5.305,0.43,19,19,-0.0014516502997139469,0.9529391676187515,0.2650076225399971,0.0008949083361585591,0.0027343749534338713,0.0,0.0,4,9.46104008716565e-05,9.46104008716565e-05,1.0,ex,l2sq,11793.21471118927
2026-05-20T10:08:33.895738,334,356103,-449.0,-449.0,56,0.29836956521739133,5.42,0.37,14,19,-0.0019250981727964023,0.9491242170333862,0.307263795286417,0.0011184619317191613,0.002148437575669959,0.0,0.0,4,9.459620978457776e-05,9.459620978457776e-05,1.0,ex,l2sq,11830.43268609047
2026-05-20T10:09:02.609974,335,357082,-427.0,-438.0,50,0.296195652173913,5.265,0.28,19,19,-0.002223014878108831,1.0091939270496368,0.31551215797662735,0.0014783466310291926,0.0050781251629814506,0.0,0.0,4,9.458202058961242e-05,9.458202058961242e-05,1.0,ex,l2sq,11859.146856546402
2026-05-20T10:09:38.630334,336,358142,-451.0,-451.0,53,0.2940217391304348,5.265,0.19,14,19,-0.0032483205664902703,0.9636466726660728,0.2933453433215618,0.0009762149799599495,0.0169921878259629,0.0,0.0,4,9.45678337594341e-05,9.45678337594341e-05,1.0,ex,l2sq,11895.167309999466
2026-05-20T10:10:10.652311,337,359229,-453.0,-452.0,50,0.2926630434782609,5.355,0.2,19,19,-0.002779734584328286,0.9453640505671501,0.30415280163288116,0.000611833163111461,0.006835937791038305,0.0,0.0,4,9.454892113836054e-05,9.454892113836054e-05,1.0,ex,l2sq,11927.189203500748
2026-05-20T10:10:47.658623,338,360317,-478.0,-478.0,52,0.29130434782608694,5.32,0.16,14,19,-0.002088421571534105,0.9496607333421707,0.30657126754522324,0.00019301897882539887,0.0027343749534338713,0.0,0.0,4,9.453473903657391e-05,9.453473903657391e-05,1.0,ex,l2sq,11964.195617437363
2026-05-20T10:11:18.027036,339,361353,-418.0,-448.0,52,0.2926630434782609,5.315,0.18,19,19,-0.0018416307953884603,0.9410560950636864,0.30922727286815643,0.0006328873604843632,0.0005859375087311491,0.0,0.0,4,9.452055929839211e-05,9.452055929839211e-05,1.0,ex,l2sq,11994.563938617706
2026-05-20T10:11:54.512431,340,362426,-430.0,-430.0,51,0.29157608695652176,5.31,0.19,14,19,-0.002804242909769661,0.9605033248662949,0.29165856912732124,0.0014265168660585748,0.005664062715368345,0.0,0.0,4,9.450165613173805e-05,9.450165613173805e-05,1.0,ex,l2sq,12031.049414157867
2026-05-20T10:12:27.118395,341,363527,-495.0,-462.5,52,0.2940217391304348,5.205,0.21,19,19,-0.0033557289367309173,0.9627278372645378,0.29543735831975937,0.0016532767684566407,0.0068359375291038305,0.0,0.0,4,9.448275674552826e-05,9.448275674552826e-05,1.0,ex,l2sq,12063.65529704094
2026-05-20T10:13:03.125329,342,364598,-478.0,-478.0,49,0.29130434782608694,5.255,0.25,14,19,-0.001319548519677527,0.9589340686798096,0.25993169844150543,0.0032256462071018066,0.007031250046566129,0.0,0.0,4,9.446858456823513e-05,9.446858456823513e-05,1.0,ex,l2sq,12099.662314414978
2026-05-20T10:13:35.682018,343,365712,-491.0,-484.5,59,0.29184782608695653,5.36,0.31,19,19,-0.0019783441341131858,0.974454753100872,0.2740412652492523,0.00039597328382114105,0.0013671874767169356,0.0,0.0,4,9.445441475289282e-05,9.445441475289282e-05,1.0,ex,l2sq,12132.218924760818
2026-05-20T10:14:12.393808,344,366786,-393.0,-393.0,57,0.29293478260869565,5.385,0.35,14,19,-0.0021255002531689327,0.9501553177833557,0.2765890881419182,0.0011741798626872801,0.007031250119325705,0.0,0.0,4,9.443552481448638e-05,9.443552481448638e-05,1.0,ex,l2sq,12168.93079829216
2026-05-20T10:14:43.494228,345,367880,-479.0,-436.0,57,0.29293478260869565,5.54,0.35,19,19,-0.0012707639936704318,0.9449199885129929,0.2595449239015579,-0.0006589041034658349,0.0007812500116415322,0.0,0.0,4,9.442135972186484e-05,9.442135972186484e-05,1.0,ex,l2sq,12200.03113913536
2026-05-20T10:15:17.515620,346,368874,-392.0,-392.0,50,0.29239130434782606,5.47,0.28,15,19,-0.002226142254949104,1.0050763636827469,0.27054449543356895,0.0003033486147387826,0.0013671875494765118,0.0,0.0,4,9.440719699001336e-05,9.440719699001336e-05,1.0,ex,l2sq,12234.052588224411
2026-05-20T10:15:50.272258,347,369976,-458.0,-425.0,54,0.29130434782608694,5.48,0.24,19,19,-0.00210757784152521,0.9777749851346016,0.2664836309850216,0.0004365386705785512,0.0015625000232830644,0.0,0.0,4,9.438831649468733e-05,9.438831649468733e-05,1.0,ex,l2sq,12266.809183835983
2026-05-20T10:16:26.609365,348,371039,-437.0,-437.0,52,0.2902173913043478,5.575,0.24,13,19,-0.0020008094812511423,0.9260621070861816,0.2765873670578003,0.00027978901362080144,0.0031249999592546374,0.0,0.0,4,9.437415848319571e-05,9.437415848319571e-05,1.0,ex,l2sq,12303.146305561066
2026-05-20T10:16:56.630071,349,372056,-379.0,-408.0,60,0.2926630434782609,5.65,0.24,19,19,-0.0035996993945445616,0.944672018289566,0.27589818462729454,0.0005425821169410382,0.008789062674622983,0.0,0.0,4,9.436000283129403e-05,9.436000283129403e-05,1.0,ex,l2sq,12333.167001724243
2026-05-20T10:17:33.252623,350,373094,-342.0,-342.0,58,0.29293478260869565,5.655,0.23,15,19,-0.0013090804510285103,0.9498818218708038,0.29060082882642746,0.002346374973376475,0.007031250279396772,0.0,0.0,4,9.434584906678115e-05,9.434584906678115e-05,1.0,ex,l2sq,12369.78957748413
2026-05-20T10:18:03.415595,351,374117,-378.0,-360.0,57,0.29429347826086955,5.46,0.22,19,19,-0.0016313607004122266,0.9382754266262054,0.26619381830096245,0.0005207336900184684,0.002148437502910383,0.0,0.0,4,9.433169766115038e-05,9.433169766115038e-05,1.0,ex,l2sq,12399.952553987503
2026-05-20T10:18:40.742438,352,375205,-441.0,-441.0,53,0.2932065217391304,5.405,0.2,12,19,-0.001955385323890238,0.9874863475561142,0.2827967330813408,0.000380214877532134,0.001367187505820766,0.0,0.0,4,9.431283226493512e-05,9.431283226493512e-05,1.0,ex,l2sq,12437.2794110775
2026-05-20T10:19:13.698370,353,376281,-473.0,-457.0,57,0.2932065217391304,5.545,0.21,19,19,-0.002338853463879742,0.9404752552509308,0.2678205519914627,0.0008485492833642666,0.0003906250058207661,0.0,0.0,4,9.429868557588924e-05,9.429868557588924e-05,1.0,ex,l2sq,12470.235323190689
2026-05-20T10:19:51.380405,354,377347,-461.0,-461.0,59,0.2940217391304348,5.46,0.23,12,19,-0.001162388009470272,0.9145456030964851,0.26361488550901413,0.00017922662582350868,0.0005859375087311491,0.0,0.0,4,9.428454124454629e-05,9.428454124454629e-05,1.0,ex,l2sq,12507.91736650467
2026-05-20T10:20:23.866614,355,378406,-488.0,-474.5,43,0.2921195652173913,5.595,0.25,19,19,-0.0011629089720372465,0.9232949465513229,0.2800547517836094,0.0008429394896211084,0.00019531250291038305,0.0,0.0,4,9.426568527914279e-05,9.426568527914279e-05,1.0,ex,l2sq,12540.403511285782
2026-05-20T10:20:58.911884,356,379390,-351.0,-351.0,55,0.2926630434782609,5.615,0.21,12,19,-0.0029818937240634336,0.9244499951601028,0.2667940855026245,0.001279072089573674,0.0027343750989530236,0.0,0.0,4,9.425154566202693e-05,9.425154566202693e-05,1.0,ex,l2sq,12575.448860406876
2026-05-20T10:21:31.142892,357,380445,-351.0,-351.0,64,0.29646739130434785,5.55,0.28,19,19,-0.0017396263996488082,0.915541835129261,0.27902356907725334,0.0006171305024281482,0.0035156250960426405,0.0,0.0,4,9.423740840143535e-05,9.423740840143535e-05,1.0,ex,l2sq,12607.67978310585
2026-05-20T10:22:06.461101,358,381462,-393.0,-393.0,60,0.2986413043478261,5.445,0.31,13,19,-0.002359351540508259,0.9567369893193245,0.26875729113817215,0.0013548353212172737,0.001953125072759576,0.0,0.0,4,9.421856186212914e-05,9.421856186212914e-05,1.0,ex,l2sq,12642.998092412949
2026-05-20T10:22:39.814996,359,382561,-406.0,-399.5,65,0.30217391304347824,5.615,0.33,19,19,-0.0022712543664966667,0.9079947769641876,0.26486366987228394,0.0013134578455719637,0.002343750005820766,0.0,0.0,4,9.420442931340802e-05,9.420442931340802e-05,1.0,ex,l2sq,12676.351856708527
2026-05-20T10:23:16.547766,360,383594,-435.0,-435.0,52,0.30244565217391306,5.495,0.28,13,19,-0.0015221950082377755,0.9584453627467155,0.26594132371246815,0.000370669819358245,0.0029296876018634066,0.0,0.0,4,9.419029912003315e-05,9.419029912003315e-05,1.0,ex,l2sq,12713.084742546082
2026-05-20T10:23:48.156916,361,384639,-393.0,-414.0,62,0.30516304347826084,5.44,0.28,19,19,-0.0025993995775934198,0.8399728089570999,0.28425586968660355,0.0010238036828013608,0.0027343749534338713,0.0,0.0,4,9.417617081065266e-05,9.417617081065266e-05,1.0,ex,l2sq,12744.693819522858
2026-05-20T10:24:26.261492,362,385709,-391.0,-391.0,57,0.30733695652173915,5.505,0.24,13,19,-0.0031074174738023874,0.9398424252867699,0.2617015540599823,0.0015808094027761413,0.005859375291038305,0.0,0.0,4,9.416204485591192e-05,9.416204485591192e-05,1.0,ex,l2sq,12782.79846072197
2026-05-20T10:25:00.199378,363,386818,-449.0,-420.0,54,0.3059782608695652,5.6,0.22,19,19,-0.0015352904334577921,0.9937576726078987,0.27031007409095764,0.0012345444602147593,0.0011718750174622983,0.0,0.0,4,9.414321338856118e-05,9.414321338856118e-05,1.0,ex,l2sq,12816.736269712448
2026-05-20T10:25:38.677243,364,387905,-425.0,-425.0,60,0.30679347826086956,5.6,0.28,12,19,-0.002353639541252117,0.9556342884898186,0.27043284103274345,0.0012797071075965616,0.002148437502910383,0.0,0.0,4,9.412438568731562e-05,9.412438568731562e-05,1.0,ex,l2sq,12855.214177846909
2026-05-20T10:26:10.032100,365,388940,-317.0,-371.0,64,0.30869565217391304,5.495,0.29,19,19,-0.001275900038308464,0.9242035299539566,0.2604237496852875,-0.0002754016743892196,0.0023437500349245965,0.0,0.0,4,9.411026726478525e-05,9.411026726478525e-05,1.0,ex,l2sq,12886.5690305233
2026-05-20T10:26:48.794563,366,390041,-374.0,-374.0,65,0.31277173913043477,5.415,0.42,13,19,-0.001975525212765339,0.9291248396039009,0.2658259943127632,0.00020316339164309222,0.0007812500116415322,0.0,0.0,4,9.409615119524686e-05,9.409615119524686e-05,1.0,ex,l2sq,12925.331498384476
2026-05-20T10:27:20.873127,367,391094,-480.0,-427.0,51,0.3119565217391304,5.44,0.45,19,19,-0.002639960875967573,0.9054363295435905,0.28102005645632744,0.0007340742055930646,0.0033203125931322575,0.0,0.0,4,9.407733290596931e-05,9.407733290596931e-05,1.0,ex,l2sq,12957.410052776337
2026-05-20T10:28:00.439380,368,392221,-566.0,-566.0,45,0.31005434782608693,5.58,0.42,13,19,-0.002596975927008305,0.9383368939161301,0.28002285957336426,0.0004076823945524666,0.005078125046566129,0.0,0.0,4,9.406322154123852e-05,9.406322154123852e-05,1.0,ex,l2sq,12996.976334571838
2026-05-20T10:28:32.859196,369,393289,-418.0,-492.0,56,0.3089673913043478,5.725,0.35,19,19,-0.002412633605126724,0.938049666583538,0.25194257870316505,-0.0004661523087975128,0.005664062759024091,0.0,0.0,4,9.404911252832343e-05,9.404911252832343e-05,1.0,ex,l2sq,13029.396157503128
2026-05-20T10:29:11.224227,370,394382,-465.0,-465.0,56,0.30842391304347827,5.765,0.33,16,19,-0.002248278312617813,0.9955634996294975,0.2650349773466587,0.00012251573098183421,0.007812500349245965,0.0,0.0,4,9.40303036463089e-05,9.40303036463089e-05,1.0,ex,l2sq,13067.761199235916
2026-05-20T10:29:42.828746,371,395422,-444.0,-454.5,50,0.3065217391304348,5.565,0.26,19,19,-0.002439121168572478,0.9296709299087524,0.2786974087357521,-0.0009837204886935513,0.003906250145519152,0.0,0.0,4,9.401619933584946e-05,9.401619933584946e-05,1.0,ex,l2sq,13099.36563706398
2026-05-20T10:30:18.292492,372,396423,-401.0,-401.0,58,0.3078804347826087,5.155,0.27,14,19,-0.001938010400044765,0.9246385395526886,0.25747112929821014,0.0009813463476234519,0.0017578125261934474,0.0,0.0,4,9.400209737603009e-05,9.400209737603009e-05,1.0,ex,l2sq,13134.829449653625
2026-05-20T10:30:49.666874,373,397453,-424.0,-412.5,52,0.3065217391304348,5.065,0.31,19,19,-0.001996196086838653,0.9508690536022186,0.2658560127019882,0.00042589128719328073,0.001953125,0.0,0.0,4,9.398329789657585e-05,9.398329789657585e-05,1.0,ex,l2sq,13166.203768968582
2026-05-20T10:31:28.039527,374,398537,-440.0,-440.0,60,0.30679347826086956,4.855,0.3,11,19,-0.0014817297589617695,1.0054330825805664,0.26407908648252487,0.0011385958335267815,0.0,0.0,0.0,4,9.396920063686137e-05,9.396920063686137e-05,1.0,ex,l2sq,13204.576516389847
2026-05-20T10:32:00.115700,375,399589,-470.0,-455.0,48,0.3081521739130435,4.755,0.36,19,19,-0.0023969442554515608,0.955443985760212,0.28398026153445244,-0.000701421593521441,0.0027343750989530236,0.0,0.0,4,9.395510572661184e-05,9.395510572661184e-05,1.0,ex,l2sq,13236.652585983276
2026-05-20T10:32:37.175349,376,400649,-305.0,-305.0,67,0.3114130434782609,5.06,0.37,12,19,-0.0019312806911329639,0.9262121692299843,0.28017791733145714,-0.00028260230009209686,0.00624999996216502,0.0,0.0,4,9.393631564501756e-05,9.393631564501756e-05,1.0,ex,l2sq,13273.712326288223
2026-05-20T10:33:08.536983,377,401701,-374.0,-339.5,60,0.31032608695652175,5.285,0.5,19,19,-0.0017018225102219953,0.9718278348445892,0.27530068159103394,0.0002743879170338803,0.0007812500116415322,0.0,0.0,4,9.392222543252334e-05,9.392222543252334e-05,1.0,ex,l2sq,13305.073887109756
2026-05-20T10:33:46.221497,378,402773,-405.0,-405.0,59,0.31005434782608693,5.45,0.47,13,19,-0.0022044722776625725,0.9667297825217247,0.2833654619753361,0.0006601154733288928,0.00019531250291038305,0.0,0.0,4,9.390813756831958e-05,9.390813756831958e-05,1.0,ex,l2sq,13342.758449792862
2026-05-20T10:34:18.644960,379,403836,-432.0,-418.5,51,0.30625,5.58,0.44,19,19,-0.00278324863174928,0.9000206589698792,0.287829264998436,0.001464164177548355,0.007812499912688509,0.0,0.0,4,9.389405158246641e-05,9.389405158246641e-05,1.0,ex,l2sq,13375.181867837906
2026-05-20T10:34:53.720700,380,404860,-404.0,-404.0,60,0.30842391304347827,5.465,0.26,13,19,-0.00233088143286303,0.9412217512726784,0.2639029584825039,0.0001808348142276761,0.0017578124825377017,0.0,0.0,4,9.38799679441993e-05,9.38799679441993e-05,1.0,ex,l2sq,13410.257671117783
2026-05-20T10:35:24.742846,381,405912,-448.0,-426.0,52,0.30570652173913043,5.335,0.18,19,19,-0.0028005561034659676,0.923387736082077,0.28016990050673485,0.001771753074899643,0.011914062546566129,0.0,0.0,4,9.386119288941013e-05,9.386119288941013e-05,1.0,ex,l2sq,13441.279781341553
2026-05-20T10:35:59.900056,382,406983,-452.0,-452.0,47,0.3029891304347826,5.45,0.21,13,19,-0.003514570830156938,0.9208229333162308,0.2832902520895004,0.001104264985724468,0.0054687502852175385,0.0,0.0,4,9.384711394514145e-05,9.384711394514145e-05,1.0,ex,l2sq,13476.437013864517
2026-05-20T10:36:31.903064,383,408061,-423.0,-437.5,55,0.3032608695652174,5.37,0.22,19,19,-0.0011741195896319834,0.9126677364110947,0.27921611443161964,0.0007088510553785177,0.0035156249796273187,0.0,0.0,4,9.383303734728524e-05,9.383303734728524e-05,1.0,ex,l2sq,13508.439991235733
2026-05-20T10:37:04.205635,384,409070,-395.0,-395.0,56,0.30217391304347824,5.555,0.26,14,19,-0.002500897699792448,0.9213442355394363,0.29934483394026756,0.00022698254251735106,0.004101562561118044,0.0,0.0,4,9.381427167814616e-05,9.381427167814616e-05,1.0,ex,l2sq,13540.742628574371
2026-05-20T10:37:34.463714,385,410101,-420.0,-407.5,55,0.2997282608695652,5.415,0.24,19,19,-0.0013139188478816788,0.9786707013845444,0.26657097041606903,0.0008837105662678479,0.0,0.0,0.0,4,9.380019977194186e-05,9.380019977194186e-05,1.0,ex,l2sq,13571.000604629517
2026-05-20T10:38:10.522129,386,411185,-417.0,-417.0,51,0.29592391304347826,5.43,0.28,14,19,-0.0018054466912874045,0.9777046293020248,0.2727287486195564,0.00047450969541385987,0.0017578125261934474,0.0,0.0,4,9.378613021097706e-05,9.378613021097706e-05,1.0,ex,l2sq,13607.059117555618
2026-05-20T10:38:41.095527,387,412216,-388.0,-402.5,57,0.297554347826087,5.47,0.28,19,19,-0.001612393955292668,1.0045759230852127,0.2842954322695732,0.0007324635874624841,0.001171875002910383,0.0,0.0,4,9.376737392279618e-05,9.376737392279618e-05,1.0,ex,l2sq,13637.632426738739
2026-05-20T10:39:16.891702,388,413260,-429.0,-429.0,59,0.30135869565217394,5.33,0.33,14,19,-0.002557726245140668,0.9190827906131744,0.27497807145118713,0.0007589480870137666,0.004296875005820766,0.0,0.0,4,9.375330905113792e-05,9.375330905113792e-05,1.0,ex,l2sq,13673.428682804108
2026-05-20T10:39:47.744747,389,414301,-380.0,-404.5,65,0.30380434782608695,5.135,0.26,19,19,-0.0021745175108662806,0.9221798405051231,0.300908125936985,0.000490639725273953,0.0033203125931322575,0.0,0.0,4,9.37392465235468e-05,9.37392465235468e-05,1.0,ex,l2sq,13704.281673192978
2026-05-20T10:40:25.182282,390,415386,-503.0,-503.0,46,0.3010869565217391,5.22,0.34,12,19,-0.0018617075242218784,0.967547595500946,0.28297093138098717,0.001040226866871316,0.005664062802679837,0.0,0.0,4,9.372049961163455e-05,9.372049961163455e-05,1.0,ex,l2sq,13741.719261169434
2026-05-20T10:40:56.319999,391,416437,-413.0,-458.0,52,0.3016304347826087,5.215,0.32,19,19,-0.0029123277170583495,0.950672522187233,0.27610666304826736,0.0006779932866265888,0.0054687502852175385,0.0,0.0,4,9.370644177100576e-05,9.370644177100576e-05,1.0,ex,l2sq,13772.8568983078
2026-05-20T10:41:32.461732,392,417481,-443.0,-443.0,53,0.30027173913043476,5.41,0.28,11,19,-0.003491063418914475,0.9106995165348053,0.2853737249970436,0.001049068773249895,0.010351562465075403,0.0,0.0,4,9.369238627327233e-05,9.369238627327233e-05,1.0,ex,l2sq,13808.998700380325
2026-05-20T10:42:03.142724,393,418516,-414.0,-428.5,51,0.3,5.46,0.34,19,19,-0.0009052433453689557,0.9000918567180634,0.31050997227430344,0.0009718269674976465,0.003515625139698386,0.0,0.0,4,9.367833264957402e-05,9.367833264957402e-05,1.0,ex,l2sq,13839.67963719368
2026-05-20T10:42:38.398025,394,419540,-348.0,-348.0,60,0.3,5.42,0.28,14,19,-0.0023623921151736393,0.9619423225522041,0.3074214719235897,0.00011980592917097688,0.00507812510477379,0.0,0.0,4,9.366428136806825e-05,9.366428136806825e-05,1.0,ex,l2sq,13874.935005664825
2026-05-20T10:43:07.001958,395,420581,-368.0,-358.0,57,0.30244565217391306,5.31,0.32,19,19,-0.002868936260347177,0.9338798522949219,0.31791887804865837,0.0012475471114726244,0.0037109376426087692,0.0,0.0,4,9.364554944843746e-05,9.364554944843746e-05,1.0,ex,l2sq,13903.538888216019
2026-05-20T10:43:41.893840,396,421636,-347.0,-347.0,62,0.3010869565217391,5.295,0.36,17,19,-0.0018264726764755101,0.9430660903453827,0.2694221958518028,0.0005910023813158194,0.0015625000232830644,0.0,0.0,4,9.363150285014577e-05,9.363150285014577e-05,1.0,ex,l2sq,13938.430804491043
2026-05-20T10:44:14.951172,397,422744,-456.0,-401.5,50,0.29836956521739133,5.43,0.32,19,19,-0.0026293613773304414,0.9747768267989159,0.2910299301147461,0.0008580767818102582,0.006835937616415322,0.0,0.0,4,9.361745859287577e-05,9.361745859287577e-05,1.0,ex,l2sq,13971.48808312416
2026-05-20T10:44:51.703537,398,423838,-384.0,-384.0,56,0.297554347826087,5.49,0.39,16,19,-0.0027378008555387634,0.923187181353569,0.30224283412098885,0.0007595887224397246,0.003515625139698386,0.0,0.0,4,9.35987360373318e-05,9.35987360373318e-05,1.0,ex,l2sq,14008.240497112274
2026-05-20T10:45:23.695970,399,424934,-490.0,-437.0,50,0.29728260869565215,5.54,0.41,19,19,-0.0007217407604912518,0.9872983992099762,0.28842678666114807,0.001181204595741281,0.001953125,0.0,0.0,4,9.358469646093473e-05,9.358469646093473e-05,1.0,ex,l2sq,14040.232863426208
2026-05-20T10:46:00.711945,400,425966,-407.0,-407.0,57,0.29646739130434785,5.48,0.45,16,19,-0.0021600055464659484,0.9193684086203575,0.2891830801963806,0.0013179870138629313,0.003906250189174898,0.0,0.0,4,9.357065922438908e-05,9.357065922438908e-05,1.0,ex,l2sq,14077.248901605606
2026-05-20T10:46:29.763347,401,427000,-467.0,-437.0,51,0.296195652173913,5.335,0.39,19,19,-0.0019606259476858956,0.9774763882160187,0.3095742240548134,-0.00011763838353999467,0.0027343750844011083,0.0,0.0,4,9.35519460282508e-05,9.35519460282508e-05,1.0,ex,l2sq,14106.300249099731
2026-05-20T10:47:04.664775,402,428087,-437.0,-437.0,56,0.2986413043478261,5.19,0.27,14,19,-0.0017615296150323978,0.9774657934904099,0.2836838811635971,0.0008018139189516771,0.0003906250058207661,0.0,0.0,4,9.353791347023813e-05,9.353791347023813e-05,1.0,ex,l2sq,14141.201750516891
2026-05-20T10:47:35.804644,403,429137,-406.0,-421.5,60,0.3,5.145,0.25,19,19,-0.0024880964672774897,0.9283301457762718,0.2979171611368656,0.00046770596832172717,0.0015625000232830644,0.0,0.0,4,9.352388325090715e-05,9.352388325090715e-05,1.0,ex,l2sq,14172.341564893723
2026-05-20T10:48:11.851573,404,430225,-436.0,-436.0,48,0.29782608695652174,5.29,0.28,12,19,-0.0017687358202237713,0.981114111840725,0.2751772105693817,0.0017874752553098117,0.002148437502910383,0.0,0.0,4,9.350517940949581e-05,9.350517940949581e-05,1.0,ex,l2sq,14208.388550519943
2026-05-20T10:48:41.842562,405,431241,-372.0,-404.0,54,0.297554347826087,5.225,0.35,19,19,-0.0029617109103128314,0.9966924488544464,0.29134874045848846,0.0005222371099080081,0.0011718750465661287,0.0,0.0,4,9.349115386635903e-05,9.349115386635903e-05,1.0,ex,l2sq,14238.379462003708
2026-05-20T10:49:15.121186,406,432241,-314.0,-314.0,72,0.3032608695652174,5.01,0.37,13,19,-0.0025521770381601305,0.9533516317605972,0.27935875579714775,0.00030450697203149996,0.004296875107684173,0.0,0.0,4,9.347713066073485e-05,9.347713066073485e-05,1.0,ex,l2sq,14271.658159017563
2026-05-20T10:49:46.937506,407,433318,-444.0,-379.0,53,0.30217391304347824,4.935,0.35,19,19,-0.002394552245095799,0.9812895059585571,0.2988050617277622,0.0016549931469398982,0.0025390625960426405,0.0,0.0,4,9.345843616937401e-05,9.345843616937401e-05,1.0,ex,l2sq,14303.47441148758
2026-05-20T10:50:22.699767,408,434358,-363.0,-363.0,59,0.30217391304347824,5.285,0.41,12,19,-0.002503602276556105,0.9559427052736282,0.24349193274974823,0.0013612844442832325,0.008203124918509275,0.0,0.0,4,9.344441763760638e-05,9.344441763760638e-05,1.0,ex,l2sq,14339.236731767654
2026-05-20T10:50:52.320558,409,435362,-366.0,-364.5,52,0.2986413043478261,5.415,0.31,19,19,-0.0026722153634182177,0.9426511153578758,0.26827689073979855,0.001780671102096676,0.006250000151339918,0.0,0.0,4,9.343040144218283e-05,9.343040144218283e-05,1.0,ex,l2sq,14368.85744214058
2026-05-20T10:51:27.244238,410,436374,-396.0,-396.0,54,0.30081521739130435,5.235,0.29,11,19,-0.0019204464158974477,0.9363333284854889,0.29012756794691086,0.0010073516891679901,0.0031250001047737896,0.0,0.0,4,9.341638711555419e-05,9.341638711555419e-05,1.0,ex,l2sq,14403.781233787537
2026-05-20T10:51:56.619551,411,437376,-352.0,-374.0,58,0.30244565217391306,5.285,0.29,19,19,-0.003877952761831671,0.9497825354337692,0.271706972271204,0.0006686676826347824,0.007812499956344254,0.0,0.0,4,9.34023751245688e-05,9.34023751245688e-05,1.0,ex,l2sq,14433.156447410583
2026-05-20T10:52:33.859286,412,438477,-537.0,-537.0,44,0.3,5.14,0.25,15,19,-0.0016707670314646261,0.9601648673415184,0.2861732318997383,0.0016729057448628092,0.0041015626629814506,0.0,0.0,4,9.338369558356764e-05,9.338369558356764e-05,1.0,ex,l2sq,14470.39626955986
2026-05-20T10:53:04.147245,413,439520,-405.0,-471.0,60,0.30244565217391306,5.175,0.29,19,19,-0.0030086920072784906,0.9554031044244766,0.28961392492055893,0.0013477708556820234,0.010156250093132257,0.0,0.0,4,9.336968826270103e-05,9.336968826270103e-05,1.0,ex,l2sq,14500.684151172638
2026-05-20T10:53:38.925500,414,440577,-445.0,-445.0,52,0.30027173913043476,5.26,0.28,14,19,-0.0020044358578162336,0.9519450590014458,0.2615293189883232,0.001151675117716855,0.006640625069849193,0.0,0.0,4,9.335568327631006e-05,9.335568327631006e-05,1.0,ex,l2sq,14535.46246957779
2026-05-20T10:54:10.096890,415,441636,-450.0,-447.5,51,0.2986413043478261,5.19,0.23,19,19,-0.001876329284277778,0.9463253170251846,0.2642996534705162,0.0005107632262252165,0.0013671875349245965,0.0,0.0,4,9.333701307321163e-05,9.333701307321163e-05,1.0,ex,l2sq,14566.633794307709
2026-05-20T10:54:43.630734,416,442634,-390.0,-390.0,62,0.2986413043478261,5.205,0.26,15,19,-0.0012452274546377318,0.9402042925357819,0.23362750187516212,0.0008116348504245141,0.0003906250058207661,0.0,0.0,4,9.332301275460484e-05,9.332301275460484e-05,1.0,ex,l2sq,14600.167730808258
2026-05-20T10:55:14.525151,417,443700,-369.0,-379.5,59,0.3010869565217391,5.375,0.31,19,19,-0.0029296942404470894,0.8943602293729782,0.28579143062233925,0.00023825067337382433,0.004492187639698386,0.0,0.0,4,9.33090147693067e-05,9.33090147693067e-05,1.0,ex,l2sq,14631.062053442001
2026-05-20T10:55:50.644244,418,444763,-433.0,-433.0,54,0.3005434782608696,5.42,0.3,16,19,-0.0013804469286697874,0.9199527353048325,0.25462963432073593,0.001405088992396497,0.0019531250291038305,0.0,0.0,4,9.329501865037552e-05,9.329501865037552e-05,1.0,ex,l2sq,14667.181236505508
2026-05-20T10:56:21.220912,419,445852,-388.0,-410.5,61,0.3035326086956522,5.495,0.24,19,19,-0.0026802730746566805,0.9384040236473083,0.27762646973133087,0.0009402982975643404,0.006445312552386895,0.0,0.0,4,9.328102486405305e-05,9.328102486405305e-05,1.0,ex,l2sq,14697.757820129395
2026-05-20T10:56:59.084138,420,446974,-456.0,-456.0,60,0.30434782608695654,5.845,0.24,16,19,-0.002154360926942961,0.8565401509404182,0.2586049120873213,0.0015798185328265019,0.00820312520954758,0.0,0.0,4,9.32623695918905e-05,9.32623695918905e-05,1.0,ex,l2sq,14735.621129751205
2026-05-20T10:57:27.473586,421,447991,-315.0,-385.5,64,0.3078804347826087,5.7,0.19,19,19,-0.001763112872140482,0.9335643798112869,0.2626461759209633,0.0008912381170375072,0.0023437500931322575,0.0,0.0,4,9.324838046961931e-05,9.324838046961931e-05,1.0,ex,l2sq,14764.010466098785
2026-05-20T10:58:03.665060,422,449060,-441.0,-441.0,48,0.30570652173913043,5.835,0.23,16,19,-0.0032776650710729105,0.9476069062948227,0.2833007946610451,0.00024308122092971118,0.007031250250292942,0.0,0.0,4,9.323439367879077e-05,9.323439367879077e-05,1.0,ex,l2sq,14800.202049016953
2026-05-20T10:58:34.746957,423,450115,-389.0,-415.0,48,0.30244565217391306,5.76,0.28,19,19,-0.003077808028319917,0.9181108251214027,0.27723608165979385,0.0005239876534688381,0.010351562552386895,0.0,0.0,4,9.321574773239896e-05,9.321574773239896e-05,1.0,ex,l2sq,14831.283874034882
2026-05-20T10:59:10.352901,424,451170,-447.0,-447.0,52,0.3035326086956522,5.555,0.33,15,19,-0.0036933691124432233,0.9716667085886002,0.27658019214868546,0.0009275645510569697,0.014062499860301614,0.0,0.0,4,9.320176560329012e-05,9.320176560329012e-05,1.0,ex,l2sq,14866.889897584915
2026-05-20T10:59:41.668014,425,452231,-381.0,-414.0,60,0.30516304347826084,5.47,0.32,19,19,-0.0017347429253278257,0.973424606025219,0.2763782702386379,-4.891963931184795e-06,0.005664062569849193,0.0,0.0,4,9.318778580445845e-05,9.318778580445845e-05,1.0,ex,l2sq,14898.204914331436
2026-05-20T11:00:16.672085,426,453264,-402.0,-402.0,55,0.3005434782608696,5.335,0.29,17,19,-0.0021985225830574995,0.9403330013155937,0.27504635974764824,0.0005031422359934451,0.0017578125261934474,0.0,0.0,4,9.316914917917543e-05,9.316914917917543e-05,1.0,ex,l2sq,14933.20907664299
2026-05-20T11:00:45.089877,427,454281,-415.0,-408.5,48,0.29918478260869563,5.325,0.24,19,19,-0.0025781438045668903,1.01174995303154,0.2894073724746704,-0.00014276360680015587,0.0011718750465661287,0.0,0.0,4,9.315517403973306e-05,9.315517403973306e-05,1.0,ex,l2sq,14961.626775741577
2026-05-20T11:01:19.370219,428,455289,-359.0,-359.0,57,0.2986413043478261,5.395,0.3,18,19,-0.0031043303228216468,0.9373565837740898,0.2642303742468357,-0.0006566031807778809,0.015039062942378223,0.0,0.0,4,9.314120122940297e-05,9.314120122940297e-05,1.0,ex,l2sq,14995.907203674316
2026-05-20T11:01:47.870764,429,456262,-427.0,-393.0,50,0.2980978260869565,5.095,0.33,19,19,-0.004054164921399206,0.9513245820999146,0.2728332653641701,0.0026207419155526157,0.017187499906867743,0.0,0.0,4,9.312723028208322e-05,9.312723028208322e-05,1.0,ex,l2sq,15024.407682180405
2026-05-20T11:02:21.947262,430,457260,-349.0,-349.0,57,0.29891304347826086,5.04,0.32,17,19,-0.0025435492687393424,0.9571269899606705,0.28163788095116615,0.00013691678991561984,0.005468750052386895,0.0,0.0,4,9.311326166317705e-05,9.311326166317705e-05,1.0,ex,l2sq,15058.484237670898
2026-05-20T11:02:52.534668,431,458298,-433.0,-391.0,53,0.297554347826087,5.01,0.32,19,19,-0.00204257468540181,0.9492655247449875,0.25731070525944233,0.0011530827503520302,0.00527343746216502,0.0,0.0,4,9.309463994197704e-05,9.309463994197704e-05,1.0,ex,l2sq,15089.071587562561
2026-05-20T11:03:24.089012,432,459386,-438.0,-438.0,56,0.30081521739130435,5.045,0.24,17,19,-0.002270583860809028,0.9354450553655624,0.25041889026761055,-0.0003850594468531197,0.001953125,0.0,0.0,4,9.308067597873398e-05,9.308067597873398e-05,1.0,ex,l2sq,15120.626005649567
2026-05-20T11:03:50.216289,433,460421,-393.0,-415.5,58,0.30027173913043476,5.205,0.27,19,19,-0.0017672073583525627,0.9597090482711792,0.2551076412200928,0.0005731035315420657,0.0,0.0,0.0,4,9.306671434274055e-05,9.306671434274055e-05,1.0,ex,l2sq,15146.753190279007
2026-05-20T11:04:20.576488,434,461469,-409.0,-409.0,65,0.30380434782608695,5.205,0.23,17,19,-0.0018761206767521632,0.959479920566082,0.26706672459840775,0.0005721997571981772,0.0015625000087311491,0.0,0.0,4,9.304810193053914e-05,9.304810193053914e-05,1.0,ex,l2sq,15177.113460063934
2026-05-20T11:04:46.816561,435,462516,-397.0,-403.0,56,0.30516304347826084,5.165,0.2,19,19,-0.0016001576004782692,0.88370481133461,0.25953343510627747,0.000310780300424085,0.0,0.0,0.0,4,9.303414494788145e-05,9.303414494788145e-05,1.0,ex,l2sq,15203.353452920914
2026-05-20T11:05:17.321669,436,463571,-408.0,-408.0,55,0.3032608695652174,5.24,0.23,16,19,-0.0021200798641075602,0.9589437022805214,0.2559739351272583,0.000705021588646576,0.0037109376426087692,0.0,0.0,4,9.302019029131e-05,9.302019029131e-05,1.0,ex,l2sq,15233.858654022217
2026-05-20T11:05:44.175068,437,464631,-344.0,-376.0,68,0.30570652173913043,5.51,0.3,19,19,-0.0022533252893481848,0.8711733371019363,0.2788636237382889,0.0011360448201230833,0.002734375011641532,0.0,0.0,4,9.30062374953284e-05,9.30062374953284e-05,1.0,ex,l2sq,15260.712049722672
2026-05-20T11:06:15.279302,438,465696,-355.0,-355.0,72,0.3105978260869565,5.545,0.31,15,19,-0.002956999337766164,0.9675283059477806,0.2534463405609131,0.001738546967413851,0.00429687496216502,0.0,0.0,4,9.29922870247353e-05,9.29922870247353e-05,1.0,ex,l2sq,15291.81626200676
2026-05-20T11:06:41.043317,439,466718,-416.0,-385.5,58,0.30978260869565216,5.465,0.28,19,19,-0.0035174886957974882,0.9453728273510933,0.2562544271349907,0.0013891998939243241,0.011132812593132257,0.0,0.0,4,9.297368949725322e-05,9.297368949725322e-05,1.0,ex,l2sq,15317.580283880234
2026-05-20T11:07:10.610034,440,467726,-361.0,-361.0,65,0.3111413043478261,5.38,0.25,16,19,-0.004188782884739339,0.9069682508707047,0.26088641583919525,0.0016236832538197854,0.018359375651925802,0.0,0.0,4,9.295974367627448e-05,9.295974367627448e-05,1.0,ex,l2sq,15347.147007226944
2026-05-20T11:07:37.056148,441,468770,-414.0,-387.5,58,0.3095108695652174,5.4,0.26,19,19,-0.0021533779770833705,0.9108489081263542,0.25956995971500874,0.00010880110228866924,0.006445312697906047,0.0,0.0,4,9.294580017952178e-05,9.294580017952178e-05,1.0,ex,l2sq,15373.593103647232
2026-05-20T11:08:08.226276,442,469842,-454.0,-454.0,46,0.3089673913043478,5.575,0.3,16,19,-0.0019287822789920694,0.929635763168335,0.2556256912648678,6.112866353757962e-05,0.002539062552386895,0.0,0.0,4,9.292721194894387e-05,9.292721194894387e-05,1.0,ex,l2sq,15404.763223409653
2026-05-20T11:08:34.739879,443,470877,-396.0,-425.0,59,0.3119565217391304,5.74,0.23,19,19,-0.003490555321332023,0.9291632920503616,0.25099969655275345,0.0009641628304962041,0.0078125,0.0,0.0,4,9.291327309948118e-05,9.291327309948118e-05,1.0,ex,l2sq,15431.276829242706
2026-05-20T11:09:13.536427,444,471895,-351.0,-351.0,65,0.3154891304347826,5.905,0.3,19,19,-0.0021421786892460992,0.9367162212729454,0.2585635483264923,0.0008550039123975256,0.006445312712457962,0.0,0.0,4,9.289933657308262e-05,9.289933657308262e-05,1.0,ex,l2sq,15470.073219299316
2026-05-20T11:09:39.967283,445,472937,-409.0,-380.0,61,0.3157608695652174,5.825,0.27,19,19,-0.0030190752004273236,0.8883269429206848,0.2511046975851059,0.0013184233521315036,0.008593749953433871,0.0,0.0,4,9.28854019048566e-05,9.28854019048566e-05,1.0,ex,l2sq,15496.504225969315
2026-05-20T11:10:09.564340,446,473960,-425.0,-425.0,52,0.31494565217391307,5.605,0.27,17,19,-0.0019966427596955216,0.9532547816634178,0.26676735281944275,0.0004990971657434784,0.0015625000087311491,0.0,0.0,4,9.28714695589979e-05,9.28714695589979e-05,1.0,ex,l2sq,15526.101310968399
2026-05-20T11:10:33.526030,447,475036,-431.0,-428.0,57,0.3173913043478261,5.61,0.24,19,19,-0.002769656546297572,0.9129586815834045,0.2516177650541067,0.0009813836064495249,0.0019531250145519152,0.0,0.0,4,9.28528961938008e-05,9.28528961938008e-05,1.0,ex,l2sq,15550.063010931015
2026-05-20T11:11:11.151609,448,476088,-372.0,-372.0,66,0.31983695652173916,5.58,0.23,19,19,-0.0027590730227529114,0.8990882039070129,0.2784714177250862,0.0005353739659995638,0.0015625000232830644,0.0,0.0,4,9.283896849151556e-05,9.283896849151556e-05,1.0,ex,l2sq,15587.688396453857
2026-05-20T11:11:36.405547,449,477098,-392.0,-382.0,60,0.32255434782608694,5.5,0.21,19,19,-0.001777139330806643,0.8917098864912987,0.24671914614737034,0.0001754922136342485,0.0021484375320142135,0.0,0.0,4,9.282504311043668e-05,9.282504311043668e-05,1.0,ex,l2sq,15612.942491054535
2026-05-20T11:12:08.223573,450,478160,-368.0,-368.0,60,0.3233695652173913,5.435,0.22,18,19,-0.002247571253974623,0.9831187129020691,0.24532673694193363,0.0003862438525630077,0.001171875002910383,0.0,0.0,4,9.280647903006504e-05,9.280647903006504e-05,1.0,ex,l2sq,15644.760545253754
2026-05-20T11:12:35.688978,451,479253,-398.0,-383.0,59,0.325,5.56,0.2,19,19,-0.0016543090605409816,0.9246158301830292,0.2414826713502407,0.0004025003421702436,0.0011718750174622983,0.0,0.0,4,9.279255829023833e-05,9.279255829023833e-05,1.0,ex,l2sq,15672.22588968277
2026-05-20T11:12:58.646448,452,480001,-268.0,-268.0,42,0.32119565217391305,5.565,0.2,17,19,-0.003520145759102866,0.930945947766304,0.24283582717180252,0.0021244921153311114,0.006445312523283064,0.0,0.0,4,9.277863987045758e-05,9.277863987045758e-05,1.0,ex,l2sq,15695.183435201645
